tree
version=v4
num_class=1
num_tree_per_iteration=1
label_index=0
max_feature_idx=38
objective=tweedie
feature_names=LiaisonId Annee Mois JourSemaine EstWeekend EstFerie EstRamadan EstVacances jour_semaine_sin jour_semaine_cos mois_sin mois_cos NbCirculations log_offset_circulations liaison_frequence liaison_cible_encodage_ventes interaction_jour_liaison_ventes lag_1_ventes lag_7_ventes lag_14_ventes lag_30_ventes lag_365_ventes lag_1_circulations lag_7_circulations lag_14_circulations lag_30_circulations lag_365_circulations rolling_mean_7_ventes rolling_mean_14_ventes rolling_mean_30_ventes rolling_std_7_ventes rolling_std_14_ventes rolling_std_30_ventes rolling_mean_7_circulations rolling_mean_14_circulations rolling_mean_30_circulations rolling_std_7_circulations rolling_std_14_circulations rolling_std_30_circulations
feature_infos=[0:2381] [2024:2025] [1:12] [0:6] [0:1] [0:1] [0:1] none [-0.97492791218182362:0.97492791218182362] [-0.90096886790241903:1] [-1:1] [-1:1] [10:34846] [2.3978952727983707:10.458722329269523] [84:737] [0.0017211703958691911:5318.7277580071177] [0:6159.5897435897432] [0:16578] [0:16578] [0:16578] [0:16578] [0:14844] [0:34846] [0:34846] [0:34846] [0:34846] [0:32416] [0:7700.14306640625] [0:7460.0712890625] [0:6401.93310546875] [0:4776.994140625] [0:3924.78173828125] [0:3541.629638671875] [0:18929.572265625] [0:17382.642578125] [0:15545.8662109375] [0:10701.7890625] [0:8412.375] [0:7645.91796875]
tree_sizes=6656 6925 6936 6911 6910 6931 6925 6930 6912 6922 6954 6931 6947 6934 6951

Tree=0
num_leaves=63
num_cat=0
split_feature=16 16 12 32 12 12 32 0 15 32 12 0 32 16 12 12 0 12 12 32 38 12 15 32 12 12 15 14 38 15 34 32 12 12 12 12 15 3 22 0 35 22 0 22 0 12 12 32 38 12 32 12 0 0 12 0 0 35 0 22 12 11
split_gain=11699.1 701.605 463.281 390.089 301.064 244.257 190.498 152.683 103.597 100.071 186.734 68.6425 68.3954 61.038 50.5648 41.5709 41.0626 40.6526 35.4456 32.3881 31.5579 30.4694 28.189 28.0171 26.9803 24.2872 35.2046 23.6026 22.5228 22.2462 19.0073 18.652 18.5902 44.0156 19.0659 18.2808 17.6527 17.2408 15.6324 14.9587 14.7938 13.6964 13.4111 13.2549 12.128 10.8468 10.261 10.1518 9.90306 10.8153 9.89228 9.64249 9.64226 9.40543 9.26295 8.33998 21.2769 8.12928 8.04714 7.98682 7.63718 7.51102
threshold=1.4183932346723047 6.0535885167464123 104.50000000000001 2.2186512947082524 45.500000000000007 21.500000000000004 10.336632728576662 2248.5000000000005 0.1996340845108007 27.28731727600098 158.50000000000003 2220.5000000000005 15.32792901992798 2.9636350279165447 14.500000000000002 44.500000000000007 1975.5000000000002 14.500000000000002 11.500000000000002 4.5828893184661874 28.419122695922855 236.50000000000003 1.0701904590242732 5.5937671661376962 14.500000000000002 14.500000000000002 404.19685382534141 708.00000000000011 16.561986923217777 0.41002512576419692 4.6785714626312265 14.338377952575685 14.500000000000002 19.500000000000004 12.500000000000002 20.500000000000004 3.0973381864658731 4.5000000000000009 54.500000000000007 365.50000000000006 18.35000038146973 33.500000000000007 486.50000000000006 1.0000000180025095e-35 259.50000000000006 47.500000000000007 94.500000000000014 6.6843445301055917 35.382776260375984 32.500000000000007 11.945302009582521 14.500000000000002 92.500000000000014 1684.5000000000002 140.50000000000003 985.50000000000011 1082.5000000000002 20.816666603088382 1501.5000000000002 94.500000000000014 34.500000000000007 1.0000000180025095e-35
decision_type=2 2 2 2 2 2 2 2 2 2 2 2 2 2 2 2 2 2 2 2 2 2 2 2 2 2 2 2 2 2 2 2 2 2 2 2 2 2 2 2 2 2 2 2 2 2 2 2 2 2 2 2 2 2 2 2 2 2 2 2 2 2
left_child=3 2 7 5 11 8 20 13 18 10 14 22 21 15 42 17 27 41 -1 58 36 40 53 28 59 26 39 -10 -6 -7 45 57 34 -34 -29 -19 -4 43 51 -11 -12 -2 44 -14 -3 -31 -25 -22 49 -26 -42 -24 -45 60 -49 -41 -57 -8 -17 -15 -5 -28
right_child=1 9 6 4 23 29 31 -9 16 25 12 -13 37 24 -16 19 -18 35 -20 -21 47 -23 38 46 48 -27 61 32 -30 30 -32 -33 33 -35 -36 -37 -38 -39 -40 55 50 -43 -44 52 -46 -47 -48 54 -50 -51 -52 -53 -54 -55 -56 56 -58 -59 -60 -61 -62 -63
leaf_value=-1.3027228592922804 -1.2674254410809791 -1.2612250013132091 -1.3026415080143334 -1.2801041180471937 -1.2933030144953939 -1.3208192810302986 -1.2698591385331495 -1.3194970983320204 -1.2710543340607219 -1.2841451685367213 -1.2740415724918621 -1.3152934937790435 -1.2602472772753666 -1.262702970270223 -1.251051391262737 -1.2851542799627866 -1.3114564143727119 -1.2490159221414285 -1.3112560947613259 -1.2683238590212074 -1.3169122829151982 -1.2491875527470455 -1.2697673473847479 -1.2731121024203071 -1.2522153153902664 -1.2491493816560468 -1.2646682120425379 -1.2911241326052021 -1.3169047462822827 -1.2963200537403314 -1.317503556910236 -1.2608633736867525 -1.24773761962089 -1.3002678066838476 -1.3023531023530561 -1.2609307420665969 -1.27428800834925 -1.2560400994138057 -1.285557658782267 -1.2492700924826281 -1.3068142467443549 -1.2821241570190753 -1.2606215701486156 -1.2959638685018968 -1.285704394101592 -1.3129537716896673 -1.3007653911986197 -1.2898309045407537 -1.2516648837895108 -1.2615271147227443 -1.289008514695124 -1.2586799205846075 -1.2718244100335616 -1.2629792661323953 -1.3095698227187242 -1.2884196131357559 -1.2513144410527377 -1.2887320205034289 -1.305012507188092 -1.2774131649519718 -1.2966500014762379 -1.2342133783125711
leaf_weight=2057.0274972319603 1033.1105739474297 83.343857556581497 119.43430066108704 536.64035379886627 119.02677351236343 3293.1224201023579 111.6492073237896 111.48410460352898 124.55824387073517 110.26729381084442 98.940932512283325 100.73907431960106 264.94118493795395 586.78375831246376 7475.3502640128136 145.94242668151855 322.77276116609573 449.7105025947094 3028.4821712374687 379.61887097358704 376.62346014380455 48.08714285492897 408.68496209383011 58.071634918451309 554.0099989771843 26954.903832167387 24.865359723567963 1050.8884808123112 725.86469617486 221.16066113114357 720.533805757761 314.27579447627068 70.443022191524506 91.444918483495712 597.52074730396271 1140.5284451842308 102.64613473415375 409.79624596238136 98.726333439350128 84.487762212753296 132.12672352790833 187.33016720414162 430.96441584825516 46.596437901258469 127.49278977513313 181.96165892481804 81.239519208669662 80.703290432691574 1760.8460399210453 718.83740881085396 197.57825681567192 376.26523265242577 374.57241249084473 69.756433695554733 245.52849861979485 72.945612668991089 81.831021904945374 118.27087491750717 80.280499756336212 109.30933400988579 80.956495463848114 118.06551560759544
leaf_count=5288 1969 149 307 1151 285 9588 218 322 246 245 201 283 469 1066 11941 327 883 701 8272 730 1069 75 797 117 897 42092 46 2472 2060 542 2053 560 108 231 1532 2034 209 693 222 132 350 409 766 114 287 503 206 188 2833 1290 457 655 745 127 663 168 131 273 210 229 199 151
internal_value=-1.26624 -1.25389 -1.26665 -1.30553 -1.28822 -1.30944 -1.29225 -1.26146 -1.30385 -1.25089 -1.25526 -1.2753 -1.27103 -1.26056 -1.25221 -1.26539 -1.29492 -1.26283 -1.30781 -1.27726 -1.30606 -1.28684 -1.27273 -1.31016 -1.25614 -1.24935 -1.26037 -1.29216 -1.31359 -1.31873 -1.31261 -1.26877 -1.29361 -1.27738 -1.2952 -1.25756 -1.28957 -1.26416 -1.26681 -1.26891 -1.29108 -1.26969 -1.26568 -1.269 -1.27601 -1.30385 -1.28929 -1.31126 -1.2541 -1.25747 -1.29617 -1.26446 -1.27451 -1.28032 -1.30471 -1.2619 -1.26877 -1.27959 -1.29224 -1.26502 -1.28229 -1.23947
internal_weight=60280 45864.1 8726.92 14415.9 2655.97 11759.9 1469.13 7257.79 7343.14 37137.2 9689.79 1671.77 1572.64 7146.31 8117.15 3416.52 2257.63 2810.68 5085.51 605.842 924.936 476.733 1571.03 984.203 3729.79 27447.4 492.463 1934.86 844.891 4416.78 1123.66 544.196 1810.3 161.888 1648.41 1590.24 222.08 1095.91 883.677 349.532 428.646 1220.44 641.801 686.11 210.837 403.122 139.311 702.855 3033.69 1272.85 329.705 784.95 421.169 687.353 326.232 239.264 154.777 229.92 226.223 696.093 617.597 142.931
internal_count=113536 75716 16504 37820 6102 31718 3487 13017 19032 59212 16247 3434 3104 12695 13143 6380 5472 5113 13560 1267 2436 1083 3151 2668 6315 42965 873 4589 2345 12686 3098 1051 4343 339 4004 2735 516 2021 1674 676 1008 2378 1202 1328 436 1045 323 1920 5020 2187 807 1452 859 1477 851 431 299 491 537 1295 1350 197
is_linear=0
shrinkage=1


Tree=1
num_leaves=63
num_cat=0
split_feature=16 16 12 32 12 12 32 0 32 12 0 15 32 32 12 12 12 15 0 12 12 32 35 12 15 34 15 15 12 16 15 12 35 32 34 35 14 32 0 0 32 35 17 32 0 16 0 12 12 12 14 0 0 12 32 12 32 12 16 0 17 14
split_gain=10638.1 597.576 407.069 399.291 323.267 220.168 170.26 129.203 90.5857 168.726 80.8188 80.8052 62.16 52.047 45.717 45.1553 37.7671 35.5485 33.7503 33.5282 31.743 30.8292 22.6505 21.9027 31.9277 21.618 20.4814 20.2747 18.2684 19.832 17.6883 14.8255 14.7893 15.974 14.6293 14.2063 14.0163 12.3594 12.1125 11.9204 11.8667 13.5961 11.6659 11.2306 11.2121 12.2877 10.9732 10.9021 10.8031 9.85077 9.34599 8.94534 8.6168 8.45648 8.09384 7.5633 7.55386 7.43087 7.17878 7.06082 7.05594 6.99285
threshold=1.4784921369102684 6.0535885167464123 104.50000000000001 1.9746960401535036 45.500000000000007 21.500000000000004 11.109305381774904 2248.5000000000005 27.28731727600098 158.50000000000003 2096.5000000000005 0.1996340845108007 17.575518608093265 4.0838904380798349 14.500000000000002 14.500000000000002 44.500000000000007 1.0701904590242732 1975.5000000000002 11.500000000000002 236.50000000000003 5.5937671661376962 13.916666507720949 14.500000000000002 404.19685382534141 2.3928571939468388 3.0973381864658731 0.37195264709237064 44.500000000000007 2.4056012534273408 0.41002512576419692 14.500000000000002 18.35000038146973 12.261635303497316 4.6785714626312265 6.0166666507720956 736.50000000000011 8.5010142326354998 486.50000000000006 1420.5000000000002 1.1051080226898196 4.5499999523162851 1.0000000180025095e-35 16.458184242248539 71.500000000000014 0.37756813417190782 259.50000000000006 20.500000000000004 236.50000000000003 100.50000000000001 735.50000000000011 1302.5000000000002 92.500000000000014 33.500000000000007 3.2530268430709843 160.50000000000003 3.6329431533813481 14.500000000000002 0.26975209559479224 1693.5000000000002 1.0000000180025095e-35 735.50000000000011
decision_type=2 2 2 2 2 2 2 2 2 2 2 2 2 2 2 2 2 2 2 2 2 2 2 2 2 2 2 2 2 2 2 2 2 2 2 2 2 2 2 2 2 2 2 2 2 2 2 2 2 2 2 2 2 2 2 2 2 2 2 2 2 2
left_child=3 2 7 5 10 11 22 13 9 14 17 19 20 16 38 -15 42 44 25 -1 32 35 26 24 36 27 -4 -13 -17 -30 -7 60 -11 -34 53 54 -10 -24 46 -18 -27 -42 57 -8 -5 -46 -3 -33 52 -23 -44 -28 -14 61 -6 -39 -49 -2 -21 -41 -19 -32
right_child=1 8 6 4 21 30 43 -9 23 12 -12 18 48 15 -16 28 39 31 -20 58 -22 49 37 -25 -26 40 51 -29 29 -31 34 47 33 -35 -36 -37 -38 55 -40 59 41 -43 50 -45 45 -47 -48 56 -50 -51 -52 -53 -54 -55 -56 -57 -58 -59 -60 -61 -62 -63
leaf_value=-0.034885881985225457 -0.00044123019760399163 0.0047653685135774729 -0.037323031469016048 -0.041319845139651167 -0.040693535623542804 -0.052681660400748481 -0.0072999048699095848 -0.051387247605985412 0.0095209031493668668 -0.004315378151756046 -0.047487657985395816 -0.025726211399284743 -0.016129307288447619 -0.0006682822580429573 0.014446079125715966 0.012844569694470859 -0.011826641467169286 -0.0022455317502471594 -0.043557508286298445 -0.043516214286781763 0.016654122072051539 -0.0073482460106257409 -0.04741826076144981 0.016260070604787045 0.025542014925953996 -0.034910450512437477 -0.018440894338390749 -0.0073573538998605434 -0.007020976697160836 0.008545683761274285 -0.013909012568059606 0.016258827449726881 -0.038072032558839008 -0.017926279255892876 -0.049752470255563508 -0.048863614671146749 -0.010858377833300816 -0.019057270043727582 0.0053386308665479519 -0.039679934716870702 -0.011892225818342721 -0.029010019694621626 0.0030387451861910563 0.0080358020944686272 -0.025645184945655965 -0.010358233976480646 -0.018526922703787151 -0.010446174262433256 0.015581957193963884 -0.033031605646857198 -0.0098616961596357869 0.014162384988405725 0.0029003997185500056 -0.04201995729621754 -0.018170539438877111 -0.040847041172119958 0.00554196983508884 0.0090694733494091056 -0.022449614783726122 0.01003338688073388 -0.013944161634812642 -0.0392105764250366
leaf_weight=2042.9823370277882 378.86404293775558 83.333501756191254 205.1796181499958 37.810532480478287 124.91224414110184 3204.7015098631382 256.74867191910744 100.67433235049248 142.21866449713707 118.16658616065979 132.71771141886711 354.17373418807983 64.872074902057648 1169.0142505168915 7466.9424074292183 2738.0814437866211 138.22943937778473 353.83409571647644 304.73433065414429 2952.593109279871 64.88490629196167 66.938817054033279 420.11982876062393 26916.519792288542 142.33882465958595 548.05035430192947 133.84291753172874 262.60305243730545 246.37685796618462 1196.4048918783665 61.944825172424316 156.66311898827553 143.6055321097374 319.56524577736855 588.14492285251617 819.98224902153015 206.75580564141273 73.914222061634064 430.8979372382164 81.49184849858284 155.56637221574783 471.82189273834229 237.50432986021042 222.93173480033875 165.08299675583839 659.57788890600204 127.25664278864861 110.04192242026329 159.70127815008163 86.239245742559433 341.50970977544785 24.705900073051453 699.66924992203712 250.4894660115242 60.390940129756927 90.23153480887413 224.18442916870117 445.9191929101944 42.335081040859222 7.6167514622211447 203.87311518192291 50.2790507376194
leaf_count=5286 717 149 542 102 338 9471 521 295 242 233 378 850 143 2219 11941 4469 293 683 843 8163 101 136 1194 42092 197 1413 302 537 498 2052 135 246 381 715 1702 2357 434 168 766 218 332 1163 433 385 395 1383 287 229 253 220 706 40 1278 684 137 244 398 760 100 13 440 134
internal_value=-2.4666e-06 0.0118583 -9.09672e-05 -0.0373185 -0.0217305 -0.0417389 -0.0244468 0.00481876 0.0146002 0.0104402 -0.00976606 -0.0364067 -0.00455759 0.00563075 0.0133456 0.00801478 -0.00218545 -0.00714145 -0.0281479 -0.0398426 -0.0164541 -0.0428315 -0.0367282 0.016069 0.00559012 -0.0255227 -0.0268818 -0.0179159 0.0104438 0.00588367 -0.0508918 -0.000951471 -0.0201603 -0.0241901 -0.0448493 -0.0460207 -0.00253847 -0.0428437 0.000528382 -0.0210875 -0.0295081 -0.0247761 0.000873366 -0.000162016 -0.0146605 -0.0134272 -0.00928821 0.00537934 0.00375583 -0.0218527 -0.00456185 -0.0133232 0.00127727 -0.0368733 -0.0333939 -0.0310832 0.000261469 0.00469515 -0.0432209 -0.035368 -0.00653273 -0.0253141
internal_weight=60088.8 45596.1 8509.36 14492.7 3202.25 11290.4 1427.67 7081.69 37086.7 9678.9 2043.79 7134.86 1570.46 6981.01 8108.43 5349.88 1631.14 1911.07 2096.95 5037.91 646.222 1158.46 947.994 27407.8 491.313 1792.22 363.728 616.777 4180.86 1442.78 4155.56 1048.6 581.337 463.171 950.858 1005.29 348.974 584.266 641.488 227.338 1175.44 627.388 1403.8 479.68 862.471 824.661 210.59 490.889 924.243 153.178 579.014 158.549 764.541 362.713 185.303 164.146 334.226 824.783 2994.93 89.1086 557.707 112.224
internal_count=113536 75281 16069 38255 7442 30813 3396 12673 59212 16247 4254 18687 3104 12378 13143 9238 3140 3876 5138 13549 1430 3188 2490 42965 873 4295 884 1387 7019 2550 12126 1996 1329 1096 2655 2832 676 1606 1202 524 2908 1495 2616 906 1880 1778 436 873 1674 356 1139 342 1421 953 475 412 627 1477 8263 231 1123 269
is_linear=0
shrinkage=0.05


Tree=2
num_leaves=63
num_cat=0
split_feature=16 16 12 32 12 12 32 15 32 12 32 32 12 12 12 12 38 12 35 15 31 15 35 15 12 15 34 38 12 16 34 32 32 3 22 15 22 12 35 15 17 35 17 12 32 12 12 38 17 12 32 35 16 35 36 35 32 31 31 16 12 35
split_gain=9668.15 573.215 379.315 334.17 254.272 219.074 151.495 89.1179 86.0459 159.179 81.9409 61.9385 47.4464 42.1302 41.2616 31.3124 27.9051 25.7441 25.7289 34.6954 24.7454 22.8975 20.7653 20.1605 19.7742 28.8458 19.5445 18.3025 17.495 19.3494 17.1578 15.8445 15.1485 14.9745 14.8398 14.604 14.4669 14.4002 13.8051 13.7454 11.3011 10.6451 10.0674 9.7281 9.66246 9.6587 9.40647 9.40533 9.06513 8.8695 8.66089 10.6916 8.60755 8.44056 8.40275 8.30491 7.96479 7.94905 7.77974 7.70292 7.6799 7.62213
threshold=1.4183932346723047 5.8192032686414716 104.50000000000001 2.2186512947082524 45.500000000000007 21.500000000000004 10.048188209533693 0.1996340845108007 27.28731727600098 158.50000000000003 4.0838904380798349 15.32792901992798 33.500000000000007 14.500000000000002 14.500000000000002 11.500000000000002 28.419122695922855 236.50000000000003 4.5499999523162851 0.37195264709237064 5.2701730728149423 1.1736368039392433 24.94999980926514 0.41002512576419692 14.500000000000002 404.19685382534141 4.0357143878936776 16.561986923217777 44.500000000000007 2.4056012534273408 4.6785714626312265 1.6548430323600771 14.338377952575685 4.5000000000000009 114.50000000000001 3.0973381864658731 90.500000000000014 82.500000000000014 19.816666603088382 14.622749155209926 1.0000000180025095e-35 18.35000038146973 1.0000000180025095e-35 47.500000000000007 1.1051080226898196 14.500000000000002 14.500000000000002 39.237743377685554 3.5000000000000004 34.500000000000007 4.0838904380798349 26.616666793823246 2.5026315789473688 8.5500001907348651 102.11361694335939 20.816666603088382 6.5018122196197519 22.929718017578129 3.7114313840866093 0.75352392297002202 140.50000000000003 108.85000228881837
decision_type=2 2 2 2 2 2 2 2 2 2 2 2 2 2 2 2 2 2 2 2 2 2 2 2 2 2 2 2 2 2 2 2 2 2 2 2 2 2 2 2 2 2 2 2 2 2 2 2 2 2 2 2 2 2 2 2 2 2 2 2 2 2
left_child=3 2 10 5 21 7 16 15 9 14 12 17 22 34 -3 -1 35 39 19 44 27 38 42 -7 25 54 -14 -6 -15 -30 43 -20 55 40 -12 -4 50 -22 49 41 -13 -11 45 -25 -9 -2 59 -31 -44 -5 51 -23 58 -33 61 -8 -18 -42 -28 -21 -58 -10
right_child=1 8 6 4 20 23 32 18 24 11 13 33 26 28 -16 -17 56 -19 31 46 37 36 -24 30 -26 -27 52 -29 29 47 -32 53 -34 -35 -36 -37 -38 -39 -40 -41 57 -43 48 -45 -46 -47 -48 -49 -50 -51 -52 -53 -54 -55 -56 -57 60 -59 -60 -61 -62 -63
leaf_value=-0.033350044618861686 -0.0011782159307175783 0.00066604823434800089 -0.033166042534564961 -0.0097226014920924163 -0.025059173675904867 -0.050711565047094856 -0.002784124277900606 -0.030404965381067107 -5.0127964543215118e-05 -0.010819019086899978 0.0013097322302572302 0.0055152726366540401 -0.0013711256030251957 0.012082687826090857 0.013666993533737709 -0.041431720485997428 -0.047386782380276216 0.01541557558325481 -0.035131547779629103 -0.016523098415641011 -0.0043418769598149009 -0.0030949314216688409 -0.036872144367125388 -0.027295378834224511 0.015467146216613999 0.024345403140223376 -0.036832591930589687 -0.04741093655247558 -0.007131932841918192 0.0035822854503615251 -0.047529635464356242 -0.012583531531845188 0.0046878342360385352 0.0095603551583757652 -0.014503471053026962 -0.0069050358993090998 -0.022767346805039772 -0.033910471426014235 -0.032474627810218613 0.0035814268978322013 -0.012589036011022139 -0.030343413039083712 -0.012378686170884994 -0.043168580219654445 -0.015183634951756071 0.0099182266132259791 0.010319835749126332 0.012717635868209965 0.00052444403758322581 -0.02648850865035713 0.0060981196392218733 -0.042786805499759065 -0.012676957148271965 -0.029984356942095447 -0.010465658309277563 -0.021779290045965689 -0.022339428198953622 0.0016809789901240909 -0.015694108171351029 -6.1081221960895715e-05 -0.04074405360959605 0.025412432864688805
leaf_weight=2031.5505194664001 407.98087093234062 664.17086970806122 117.90278545022011 675.53963634371758 107.64260759949684 3201.5321125984192 113.66813236474991 579.46249213814735 146.10951000452042 91.293827623128891 1003.3406814336777 269.75235551595688 108.92348688840866 2672.7621853351593 7639.4190846383572 2971.1804186403751 349.40833175182343 47.95463553071022 817.90500402450562 280.70527973771095 62.784482657909393 392.31611916422844 38.185294270515442 219.06127327680588 26893.754179060459 141.8851492702961 165.32762870192528 672.49221208691597 259.80574089288712 586.99761816859245 703.00443708896637 140.85668697953224 287.6074275970459 410.00783312320709 173.95127201080322 97.158207893371582 76.953275948762894 122.0637072622776 89.650291383266449 43.373503237962723 276.12618553638458 311.53770926594734 225.64821696281433 178.35353183746338 129.3021591603756 376.23847791552544 51.797835439443588 545.45751839876175 341.08166539669037 89.806768238544464 325.144690066576 17.667680680751801 88.671146720647812 141.1182609796524 167.31630799174309 117.93522015213966 76.998614519834518 149.98551815748215 60.66691467165947 95.954574406147003 236.31519103050232 36.569752126932144
leaf_count=5288 779 1243 307 1415 262 9588 222 1467 276 192 1866 478 210 4373 12241 8272 1017 75 2153 630 126 764 103 542 42111 197 438 1960 528 1059 2053 306 514 694 378 198 181 320 231 80 590 788 481 503 287 633 88 887 640 219 574 50 190 357 351 276 183 278 135 184 654 51
internal_value=-4.65669e-06 0.0111758 -0.000580326 -0.036086 -0.0200043 -0.0397528 -0.0243834 -0.0344393 0.0138406 0.00984501 0.00413258 -0.00459306 -0.00502919 0.00730159 0.0126277 -0.0381516 -0.0370461 -0.0193086 -0.0261341 -0.0208441 -0.0404305 -0.00817592 -0.000558145 -0.0486928 0.0152853 0.00533375 -0.0196763 -0.0443369 0.00971387 0.00516226 -0.0428107 -0.0315968 -0.00296305 0.00197921 -0.00102354 -0.0213341 -0.00215548 -0.0239022 -0.0138874 -0.0230543 -0.00248119 -0.0259348 0.000467242 -0.0344407 -0.0276377 0.00413964 -0.00959046 0.00798756 -0.0046055 -0.0116997 0 -0.00482761 -0.0259944 -0.0213173 -0.00236388 -0.0124835 -0.0421334 -0.00755524 -0.0311897 -0.0123438 -0.0362455 0.00503087
internal_weight=59915.1 45741.3 8452.03 14173.8 2632.06 11541.8 1396.99 7239.83 37289.3 9903.62 7055.04 1600.03 1812.72 5242.32 8303.59 5002.73 877.783 494.16 2237.1 1137.22 964.983 1667.08 1389.13 4301.95 27385.6 491.881 423.589 780.135 4065.02 1392.26 1100.42 1099.88 519.211 1105.87 1177.29 215.061 812.082 184.848 854.997 446.205 695.864 402.832 1350.95 397.415 708.765 784.219 428.458 1132.46 566.73 765.346 735.128 409.984 314.666 281.975 349.996 231.603 662.722 426.112 225.995 376.66 313.314 182.679
internal_count=113536 75716 16071 37820 6102 31718 3371 19032 59645 16659 12700 3175 3609 9091 13484 13560 2359 1135 5472 2656 2668 3434 2636 12686 42986 875 973 2222 6847 2474 3098 2816 1012 2040 2244 505 1569 446 1865 1060 1346 980 2533 1045 1754 1412 902 1946 1121 1634 1388 814 763 663 678 498 1854 868 573 814 837 327
is_linear=0
shrinkage=0.05


Tree=3
num_leaves=63
num_cat=0
split_feature=16 16 32 12 12 12 32 12 0 32 32 15 0 12 12 0 12 32 35 15 32 12 3 12 12 15 33 15 32 12 22 15 35 0 12 22 0 0 0 35 35 32 35 32 0 16 12 30 12 32 0 0 12 35 12 12 12 32 11 28 12 32
split_gain=8781.01 518.123 309.034 292.679 255.671 196.374 119.675 221.708 110.339 98.5638 76.8611 67.7629 67.6781 44.4473 30.2047 30.098 29.9621 31.7887 28.5603 27.9556 24.4952 22.8849 20.3783 19.5054 18.46 25.9376 17.4565 18.9656 16.2623 15.513 15.1253 14.9286 14.3226 13.839 13.1369 12.4738 12.2912 12.1084 17.5385 11.8087 11.3608 11.2977 10.9384 10.1528 10.0093 11.2966 9.97152 9.51413 8.75733 8.73121 8.25213 15.8329 7.99552 7.65466 7.47723 7.36685 7.31042 11.7527 6.94064 6.86762 6.80653 6.76831
threshold=1.4183932346723047 4.0890873015873028 1.9746960401535036 90.500000000000014 46.500000000000007 21.500000000000004 26.680247306823734 152.50000000000003 2248.5000000000005 13.407945156097414 8.7210936546325701 0.1996340845108007 2096.5000000000005 14.500000000000002 12.500000000000002 1975.5000000000002 14.500000000000002 3.0592801570892338 15.016666889190676 1.0701904590242732 4.5828893184661874 20.500000000000004 4.5000000000000009 44.500000000000007 14.500000000000002 404.19685382534141 3.0714285373687749 0.37195264709237064 17.940594673156742 94.500000000000014 31.500000000000004 0.41002512576419692 11.650000095367433 365.50000000000006 236.50000000000003 49.500000000000007 1373.5000000000002 344.50000000000006 263.50000000000006 2.5499999523162846 5.0499999523162851 5.5937671661376962 24.416666030883793 14.338377952575685 71.500000000000014 0.37756813417190782 45.500000000000007 1.8771384358406069 20.500000000000004 9.4785299301147479 1363.5000000000002 1028.5000000000002 10.500000000000002 34.31666564941407 14.500000000000002 20.500000000000004 134.50000000000003 11.945302009582521 1.0000000180025095e-35 0.25000000745058065 14.500000000000002 6.111276626586915
decision_type=2 2 2 2 2 2 2 2 2 2 2 2 2 2 2 2 2 2 2 2 2 2 2 2 2 2 2 2 2 2 2 2 2 2 2 2 2 2 2 2 2 2 2 2 2 2 2 2 2 2 2 2 2 2 2 2 2 2 2 2 2 2
left_child=2 3 5 8 12 11 7 13 16 18 32 14 19 37 52 26 30 21 -9 44 40 -18 28 48 25 33 27 -13 42 -22 -2 -7 41 -8 49 54 -25 38 -3 -33 -6 59 -11 -12 -4 -46 -23 -28 -19 -20 51 -35 -1 -30 -21 -56 -15 -58 -27 -5 -29 -34
right_child=1 6 4 10 20 31 24 9 -10 22 43 15 -14 56 -16 -17 17 23 34 35 29 46 -24 36 -26 58 47 60 53 -31 -32 39 61 50 -36 -37 -38 -39 -40 -41 -42 -43 -44 -45 45 -47 -48 -49 -50 -51 -52 -53 -54 -55 55 -57 57 -59 -60 -61 -62 -63
leaf_value=-0.029725104405395022 -0.00035592490010483857 0.0034187460598560171 -0.0386223052072006 -0.012590259185588318 -0.028831885546987499 -0.048845920731927311 -0.016738401786497357 -0.0054411821031648214 -0.048463637622046307 0.0014934534323128813 -0.013466832223134152 -0.024499066871721199 -0.044551650593965514 0.012913743143065282 -0.041317756570722237 -0.04044843118400418 0.014608147932215302 0.01566121649673087 -0.043411938383119714 -0.0033284617678475802 -0.0096634523680482268 -0.0078201339284647009 0.0083271278607023776 0.0041509621204912075 0.014684622391222544 -0.00058987016817800401 -0.030367176358045558 -0.011633012028634216 0.0079108579531087814 -0.035997455868457193 -0.013383152369856205 -0.03086872928007154 -0.047088636340023304 0.015213389500364206 0.017140063304540199 -0.017009655846396073 -0.011336372222071936 0.0049133789966929135 -0.021876181885515846 -0.044590903141153049 -0.046317999717511708 -0.0114500301778205 -0.019566605966040821 0.0050266124920383543 -0.023748143864922841 -0.0092516212291362063 -0.027371624341364066 -0.017431232591072942 0.0082735421388384026 -0.027689538299567263 0.023779151110917898 -0.01242339766918097 -0.035228536100610351 -0.003865607226979192 0.015958939373421577 0.0013434584660615718 -0.013288834333049365 0.0097344067853857505 0.028308554016438531 -0.037970256088282382 0.01043572153420479 -0.034518834386684558
leaf_weight=1031.5214139223099 1279.3903656601906 160.19766306877136 37.65893280506134 32.874138027429581 109.31768214702606 3121.6617560386658 110.94877171516418 140.87662935256958 105.90486815571785 84.892922013998032 198.86807581782341 474.84839630126953 127.9536926150322 8682.9677990078926 1981.5929736793041 298.53388440608978 95.293838411569595 544.82673737406731 138.97495311498642 435.23304107785225 92.766791075468063 240.19707617163658 490.40482896566391 609.65204107761383 27160.968755096197 24.862205475568771 762.70958152413368 317.25255677103996 218.94024932384491 143.4624108672142 269.92756861448288 205.73842403292656 254.22348552942276 95.416301786899567 13.182621300220488 106.38756349682808 162.02485454082489 712.14350974559784 119.27459678053856 716.46217808127403 718.67457517981529 82.383807390928268 220.94923815131187 117.80758264660835 169.61425140500069 660.8661624789238 90.140768945217133 177.82535964250565 1550.1554101109505 255.7161593735218 45.13338765501976 113.17691174149513 1949.4474112093449 372.538360029459 129.2622038424015 261.19601073861122 65.426719695329666 355.10322743654251 116.61206471920013 160.34205797314644 38.944908380508423 196.313696205616
leaf_count=2656 2422 291 103 73 280 9471 248 283 316 158 436 1161 371 13959 5628 839 151 849 398 853 198 488 840 1098 42596 46 1959 687 378 390 583 537 754 151 20 240 344 1272 278 2093 2129 179 507 209 409 1390 225 408 2640 640 64 242 5265 730 202 485 141 592 151 438 66 526
internal_value=-6.44497e-06 0.0106292 -0.0345462 -0.00307707 -0.0202843 -0.0383984 0.0126976 0.00853347 0.00199615 -0.00696166 -0.0271491 -0.0333466 -0.00942218 0.0115063 -0.0365195 -0.0257366 0.00310192 0.00580059 -0.0248982 -0.00692018 -0.0399571 -0.00694255 0.000128668 0.00769457 0.0145082 0.00503092 -0.0232525 -0.0179512 -0.00434682 -0.0256858 -0.00262952 -0.0471818 -0.036114 -0.0020076 -0.0316032 -0.000900881 0.000891644 0.00144808 -0.00736283 -0.0415387 -0.0440192 -0.0270643 -0.013706 -0.00657182 -0.0133762 -0.0122209 -0.013177 -0.0279288 0.0101978 -0.0332478 0.00441819 0.000195706 -0.0333269 0.000485688 0.00117043 0.0061976 0.0126014 0.00613822 0.0231979 -0.0336867 -0.00920384 -0.0416315
internal_weight=59758 45689 14068.9 5990.33 2992.39 11076.5 39698.7 12031.6 4947.51 1936.48 1042.81 7032.68 1928.17 10095.1 4962.56 2070.11 4841.61 3292.29 548.75 1800.22 1064.22 425.632 1387.73 2866.66 27667.1 506.15 1771.58 831.046 897.321 236.229 1549.32 4043.86 726.137 364.675 407.874 932.079 771.677 991.616 279.472 922.201 827.992 275.6 305.842 316.676 868.139 830.48 330.338 940.535 2094.98 394.691 253.727 208.593 2980.97 591.479 825.691 390.458 9103.5 420.53 141.474 193.216 356.197 450.537
internal_count=113536 75716 37820 11731 7050 30770 63985 20487 9116 3954 2615 18669 4053 16533 13549 5120 8800 5795 1341 3682 2997 864 2613 4931 43498 902 4281 1914 1773 588 3005 12101 1970 705 1058 1780 1442 1841 569 2630 2409 690 665 645 1902 1799 713 2367 3489 1038 457 393 7921 1108 1540 687 14692 733 197 511 753 1280
is_linear=0
shrinkage=0.05


Tree=4
num_leaves=63
num_cat=0
split_feature=16 16 32 12 12 12 32 0 15 32 12 32 0 15 12 12 12 12 14 12 32 12 12 15 34 15 37 15 32 12 37 12 12 11 29 32 0 16 12 15 15 12 0 12 0 12 0 0 32 15 32 17 12 0 12 15 12 37 30 32 3 12
split_gain=7971.97 442.809 313.051 307.019 220.756 199.862 131.317 102.388 84.5749 67.4447 103.73 66.7556 49.5828 40.4234 37.3658 33.7325 32.5373 31.3978 29.1584 24.9534 23.5389 21.5016 20.9921 18.5287 18.4746 18.3845 16.6697 16.0581 15.4128 15.094 13.7788 13.5363 13.0359 25.3834 22.5825 12.7792 12.4959 12.1849 11.9868 11.4633 11.2587 11.2278 10.5898 10.5704 9.95846 9.41218 9.0928 8.78649 8.14062 8.1092 7.88088 7.69539 7.62556 7.24154 7.19023 7.17589 7.1502 7.82993 7.05404 6.99138 6.57599 6.5074
threshold=1.4784921369102684 6.0535885167464123 2.3095254898071294 104.50000000000001 45.500000000000007 20.500000000000004 10.336632728576662 2248.5000000000005 0.3064671765259947 31.715400695800785 158.50000000000003 17.575518608093265 2220.5000000000005 2.659999833329167 14.500000000000002 14.500000000000002 45.500000000000007 11.500000000000002 735.50000000000011 236.50000000000003 5.5937671661376962 14.500000000000002 14.500000000000002 0.41002512576419692 5.1071429252624521 1.0701904590242732 36.820472717285163 0.46347319508183532 4.2119834423065194 19.500000000000004 23.520741462707523 21.500000000000004 14.500000000000002 -0.5 57.916667938232429 14.605639934539797 486.50000000000006 14.614983974358976 14.500000000000002 0.12057474823432272 3.0973381864658731 46.500000000000007 234.50000000000003 236.50000000000003 1302.5000000000002 12.500000000000002 517.50000000000011 1363.5000000000002 3.8465539216995244 0.085032115592387256 13.407945156097414 1.5000000000000002 100.50000000000001 1684.5000000000002 20.500000000000004 1.1162243405730381 20.500000000000004 43.302095413208015 9.6806125640869158 1.3731831908226015 4.5000000000000009 11.500000000000002
decision_type=2 2 2 2 2 2 2 2 2 2 2 2 2 2 2 2 2 2 2 2 2 2 2 2 2 2 2 2 2 2 2 2 2 2 2 2 2 2 2 2 2 2 2 2 2 2 2 2 2 2 2 2 2 2 2 2 2 2 2 2 2 2
left_child=2 3 5 7 12 8 26 13 17 10 14 19 25 16 36 18 22 49 27 37 30 -15 61 -7 41 53 40 45 -18 -17 48 -24 33 -11 47 -8 42 50 -27 -19 -5 55 -3 46 -42 -10 51 -35 -6 -1 -12 -13 -22 -4 -40 59 -23 -58 -28 -25 -30 -2
right_child=1 9 4 6 20 23 35 -9 15 32 11 43 -14 21 -16 29 28 39 -20 -21 52 56 31 24 -26 38 58 -29 60 -31 -32 -33 -34 34 -36 -37 -38 -39 54 -41 44 -43 -44 -45 -46 -47 -48 -49 -50 -51 -52 -53 -54 -55 -56 -57 57 -59 -60 -61 -62 -63
leaf_value=-0.031963654583507341 0.0015501779972882047 0.0050778927456109155 -0.012957561190955419 -0.033025679210739171 -0.036385806414432668 -0.046522238140188021 -0.010508887576340907 -0.046671125020137594 -0.017355687512734582 -0.017057545469909115 -0.026971354885154394 0.006028505962316192 -0.042656585564010016 0.00075446209213460346 0.012516992886213316 0.018985684835234315 -0.024481444707167132 -0.039095119756051032 -0.030566620169317715 0.015118214843268356 -0.0056488572319116845 0.015158219205162108 0.0138733114732984 -0.034634340998659613 -0.044135879571859285 -0.0055026246532812774 -0.041505192734977346 -0.0088058349248982017 -0.011703825480740721 -0.024973192033319522 -0.044473744451292402 0.0030688103882896838 0.014111095828934821 -0.0049997994657257515 0.025236593374173878 0.0048949785683833824 0.0050574461150094761 -0.0027021008916006369 0.014659744732068783 -0.032438904914578959 -0.019729524128602884 -0.039746196708932008 -0.017525089741379573 0.01342240695889872 0.016493069333958013 -0.033322877149637907 0.0067936269745713131 0.029513722202096877 -0.01711498052288182 -0.025871158093041958 -0.013787994362082704 -0.0075628888772031784 -0.028343812674675079 0.0046409564367971782 0.0013123080656903677 0.00038363912900128022 0.0065306162539194709 0.01184800349923063 -0.025883219977592232 -0.016336323628063431 0.0045383294775961647 -0.0065340565766665547
leaf_weight=1370.7535827159882 443.45164543390274 81.08850109577179 570.97824794054031 178.52909842133522 177.71720850467682 3296.5840593576431 247.24851930141449 97.642011314630508 259.91660413146019 97.689012378454208 258.59461441636086 164.7102167904377 89.970639079809189 837.98868185281754 8352.040368527174 73.835780680179596 166.40529465675354 2271.336732596159 638.49270793795586 64.718925297260284 66.826320022344589 513.02841758728027 431.43871438503265 124.40212097764015 724.73346993327141 516.60081008076668 449.58731067180634 383.34059253334999 148.44244158267975 26.37123316526413 546.27529519796371 888.65623047947884 25459.167535245419 150.43861249089241 162.60390743613243 294.97072857618332 475.44774493575096 111.90434372425079 147.8974731862545 926.93060487508774 126.207933396101 208.59181421995163 141.89926597476006 307.99883154034615 22.09973332285881 145.67994037270546 626.09151554107666 20.906753361225128 81.36079877614975 936.57458880543709 206.39509773254395 281.85162642598152 84.853161036968231 64.623073220252991 320.21633115410805 26.811805456876755 1682.7830069065094 1185.7897902429104 89.160709470510483 92.852401733398438 106.73473826050758 564.91134610772133
leaf_count=3649 826 144 1250 483 496 10075 527 295 605 217 653 287 263 1570 13378 113 408 6476 1672 101 136 798 684 337 2160 1038 1304 815 315 66 1633 1605 39898 302 220 523 843 221 233 2490 298 597 322 490 35 388 1084 27 192 2370 455 570 220 118 594 53 2917 1924 226 216 192 1139
internal_value=-7.94712e-06 0.0102043 -0.032745 -0.000103292 -0.0173067 -0.0363229 -0.0214254 0.00414362 -0.031064 0.0125677 0.00930032 -0.000935275 -0.00654224 0.00485689 0.0115879 -0.0206443 0.000138215 -0.0339538 -0.0226137 -0.0142621 -0.0365357 0.00793094 0.00245434 -0.044588 -0.0391647 -0.00453134 -0.0335109 -0.0161679 -0.0126397 0.00735392 -0.0399447 0.00660455 0.0139649 0.00532817 0.0118947 -0.00212051 0.000470661 -0.0175689 -0.000247003 -0.0371686 -0.0245466 -0.0311865 -0.00928461 0.00525491 -0.0142907 -0.0231098 0.00290402 -0.0007447 -0.0303622 -0.029494 -0.0211346 -0.00253841 -0.0183882 -0.01116 0.00554225 -0.0238371 0.00970778 0.00873076 -0.0389344 -0.0268481 -0.0048914 -0.00297406
internal_weight=59613.2 45438.6 14174.5 8475.08 2667.32 11507.2 1407.8 7067.27 7033.23 36963.5 11072.7 2022.27 1710.29 6969.63 9050.48 1527.64 2750.04 5505.6 1427.43 641.613 957.033 4219.59 2328.46 4473.98 1177.39 1620.32 865.585 788.937 421.582 100.207 805.353 1320.09 25890.8 431.638 333.949 542.219 698.436 576.894 984.715 3198.27 326.837 452.658 222.988 1380.65 148.308 405.597 1072.65 171.345 259.078 2307.33 464.99 446.562 151.679 635.601 468.114 244.066 3381.6 2868.57 538.748 217.255 255.177 1008.36
internal_count=113536 75281 38255 16069 6173 32082 3396 12673 18644 59212 18548 3861 3496 12378 14687 3659 5169 14985 3480 1430 2677 7209 4254 13438 3363 3233 2346 1808 915 179 2321 2289 40664 766 549 1050 1309 1329 1865 8966 816 1203 466 2431 333 993 1941 329 688 6019 1108 857 356 1368 827 606 5639 4841 1530 553 507 1965
is_linear=0
shrinkage=0.05


Tree=5
num_leaves=63
num_cat=0
split_feature=15 15 32 12 12 12 32 12 31 32 15 32 15 12 38 12 12 38 12 15 12 32 12 12 32 3 34 35 35 34 12 38 38 12 35 12 15 34 35 32 35 12 32 38 12 12 3 15 12 17 38 12 12 6 32 3 17 29 33 32 12 3
split_gain=7221.17 407.141 274.704 269.419 264.167 161.693 98.7488 225.243 54.0673 53.3153 47.972 35.103 34.3451 33.2132 32.025 29.3708 24.9535 24.8488 22.2601 23.3495 20.782 20.3802 19.229 30.7528 18.3986 17.8775 16.8608 16.5112 16.1361 14.8582 13.9365 16.473 13.7847 13.6469 12.3834 12.0454 10.8915 10.735 10.1707 10.1875 9.05713 9.01991 10.1367 8.95912 8.69063 9.52857 7.72266 7.48878 7.11189 7.05486 6.99603 6.87705 6.78534 6.76022 6.55865 6.49086 6.44898 6.40106 6.23439 6.18238 6.08424 6.07438
threshold=1.5534963777003714 4.3574575048933761 1.6548430323600771 92.500000000000014 45.500000000000007 21.500000000000004 22.136384963989261 150.50000000000003 8.7787203788757342 13.407945156097414 0.12604173900965346 4.0838904380798349 1.1162243405730381 14.500000000000002 34.781625747680671 33.500000000000007 12.500000000000002 4.9235534667968759 14.500000000000002 404.19685382534141 14.500000000000002 0.69685250520706188 21.500000000000004 14.500000000000002 4.341989517211915 4.5000000000000009 0.89285713434219371 24.94999980926514 21.783332824707035 4.3214285373687753 33.500000000000007 29.065206527709964 16.561986923217777 11.500000000000002 33.016666412353523 98.500000000000014 0.41002512576419692 1.6785714626312258 5.616666555404664 3.9709433317184453 7.1833331584930429 134.50000000000003 5.2585999965667733 133.54751586914065 14.500000000000002 21.500000000000004 4.5000000000000009 0.35544521837349402 236.50000000000003 3.5000000000000004 136.55227661132815 10.500000000000002 130.50000000000003 1.0000000180025095e-35 10.846949577331545 4.5000000000000009 2.5000000000000004 44.31666564941407 27.214285850524906 11.945302009582521 19.500000000000004 4.5000000000000009
decision_type=2 2 2 2 2 2 2 2 2 2 2 2 2 2 2 2 2 2 2 2 2 2 2 2 2 2 2 2 2 2 2 2 2 2 2 2 2 2 2 2 2 2 2 2 2 2 2 2 2 2 2 2 2 2 2 2 2 2 2 2 2 2
left_child=2 3 5 11 12 10 7 13 26 14 16 15 22 -3 56 27 51 21 19 49 58 47 23 40 32 34 -5 44 -14 -17 -22 55 53 -19 -11 -26 -7 -38 -24 61 -4 42 -28 -20 -2 -46 -31 -12 -16 -8 57 -1 -15 -6 -10 -32 -9 -51 -13 -54 -25 -40
right_child=1 6 4 8 24 36 18 9 54 25 17 20 28 52 48 29 -18 33 43 -21 30 -23 38 60 35 -27 41 -29 -30 46 31 -33 -34 -35 -36 -37 37 -39 39 -41 -42 -43 -44 -45 45 -47 -48 -49 -50 50 -52 -53 59 -55 -56 -57 -58 -59 -60 -61 -62 -63
leaf_value=-0.02749429627899589 -0.0035152090189922909 0.00088365930548603389 -0.00810789560406441 -0.0062440522927600939 -0.030670376871543999 -0.045262412032190003 -0.0094607457712888379 0.005326795496700335 -0.015081781362382418 -0.00036718942229234971 -0.026109671308063756 0.0010692438240160558 -0.00014867686293420048 0.01172167455865113 -0.030512814643677746 0.0016292329939600675 -0.039220736852901006 -0.023503101843235584 0.011845756926101951 0.021087674025528039 0.010799333188333956 -0.0053514125478079065 -0.013190935973786795 0.019930174206097773 -0.011620859449779638 0.0062834262127120337 -0.038770737370282832 -0.033331797133241393 -0.01944714260854763 -0.028279450499757764 -0.0065205048215853023 0.0090566306724705319 -0.04405624059042066 -0.032041229747126324 -0.014618775502328147 -0.035816754531930374 -0.026419369287664821 -0.041487754437900204 -0.03780769639349979 -0.0041697532528567113 -0.018911532606276496 -0.040618121527114942 -0.017362847316831756 0.013741575482670895 0.012526170656322458 -0.00068613518021611985 -0.0095065185306568 -0.0093030103906387544 0.0165650827718106 0.003659139667758487 -0.011067012521097378 -0.033112173494673429 -0.0083118235781189237 0.0090737237425194059 0.0011355282678295762 0.0045923290514081712 -0.015779048020437277 0.02748489255726453 -0.008041165984330698 0.0080117597315784231 -0.0025345571117693613 -0.020469924599631775
leaf_weight=856.42333742976189 611.6980145573616 833.86766812205315 336.99247312545776 50.781716674566269 146.2983421087265 2964.7121627926826 193.34937864542007 93.168095111846924 123.6350733935833 278.00318452715874 420.59234577417374 662.14108282327652 862.39741492271423 7313.5669970810413 415.3452080488205 81.575803250074387 1592.9768793880939 788.0493657886982 9191.2980687320232 140.57384327054024 1320.7061954438686 227.41805225610733 159.07656279206276 83.197075486183167 93.680939972400665 324.18327748775482 111.8728863298893 36.92099592089653 123.86572408676147 186.33201357722282 381.10340851545334 612.93865180015564 825.32056728005409 1183.1625238358974 339.33379879593849 116.47854766249657 151.85966098308563 582.81009390950203 174.48395764827728 36.357606410980225 464.78598669171333 424.01567867398262 112.24726629257202 19757.883832812309 243.61918342113495 308.54098677635193 79.07322695851326 80.023119747638702 7.9823527336120597 156.70096129179001 64.057139724493027 1598.4209277927876 73.453301578760147 11.295160055160521 124.5640461742878 199.92288079857826 58.879370898008347 34.495164692401886 261.65754055976868 270.71268770098686 46.623452812433243 73.878512352705002
leaf_count=2234 1204 1557 713 108 395 9207 405 169 285 528 1089 1237 1640 11779 1098 154 4641 1971 14724 197 2159 481 360 127 206 566 322 103 291 476 763 1034 2513 3195 746 330 395 1732 492 74 1093 1242 262 30878 392 585 170 171 12 284 137 4401 152 21 234 354 133 46 538 456 94 181
internal_value=-9.11363e-06 0.00965698 -0.0314078 -0.00255571 -0.0193977 -0.0354939 0.0114894 0.00719589 -0.0270012 -0.0105491 -0.0308842 0.00208707 -0.00970624 0.0103664 -0.0225402 -0.00416398 -0.0343316 -0.0257115 0.012944 0.00331064 0.00490235 -0.0177949 -0.0148127 -0.0107203 -0.0385752 -0.00321426 -0.0341214 -0.000456728 -0.00257918 -0.0169753 0.00725864 0.00333734 -0.0414558 -0.0286318 -0.00821011 -0.0250656 -0.0438988 -0.0383839 -0.0233876 -0.0290603 -0.0143785 -0.0362965 -0.0280837 0.0131399 0.000584644 0.00513544 -0.0227109 -0.0234355 -0.0296096 -0.00225228 0.00318999 -0.0311555 0.0113984 -0.0277862 -0.00692546 -0.002688 -0.00281844 0.00799599 -0.00150638 0.00451199 0.011828 -0.0326808
internal_weight=59481.4 45480.2 14001.2 5933.35 3554.73 10446.4 39546.9 10008.5 947.117 1516.9 6747.07 4986.23 2361.66 8491.6 575.375 1547.76 4047.82 2699.25 29538.4 589.176 3438.47 728.034 1375.4 931.599 1193.07 941.52 698.918 1200.78 986.263 346.981 2514.67 1193.96 982.914 1971.21 617.337 210.159 3699.38 734.67 443.797 284.72 801.778 648.136 224.12 28949.2 1163.86 552.16 265.405 500.615 423.328 448.603 255.253 2454.84 7657.73 157.594 248.199 581.026 152.047 191.196 923.799 344.166 129.821 248.362
internal_count=113536 75489 38047 11622 8530 29517 63867 17196 2453 3252 18183 9169 5065 13944 1412 3084 11276 6907 46671 1069 6085 1741 3134 2027 3465 1840 1934 2284 1931 800 4310 2151 2929 5166 1274 536 11334 2127 1107 747 1806 1826 584 45602 2181 977 646 1260 1110 872 467 6635 12387 416 519 1117 302 330 1775 608 221 673
is_linear=0
shrinkage=0.05


Tree=6
num_leaves=63
num_cat=0
split_feature=16 16 13 32 13 13 0 31 13 32 32 15 0 13 38 0 13 32 13 32 13 15 38 13 13 14 13 15 13 38 0 22 15 13 13 13 35 17 22 38 32 32 32 0 16 14 0 0 0 31 0 0 13 13 35 14 13 13 13 32 13 13
split_gain=6567.84 409.604 229.552 217.982 186.864 161.195 99.5678 89.7716 176.585 62.0889 54.6451 52.2811 48.2448 29.6068 27.1167 26.382 25.1472 24.1975 25.5757 18.9764 19.3075 18.7111 18.6029 17.9984 17.3763 16.9371 15.8624 17.7781 15.6084 15.1748 14.9418 14.6852 12.4102 11.6184 30.7232 15.7375 11.3829 10.7253 10.2245 9.23932 8.9171 8.84734 8.75479 8.70518 9.47205 8.02738 7.8874 7.66232 13.7338 7.65553 7.35562 15.7124 7.29033 7.21873 7.13237 7.10125 7.05099 8.931 6.97564 6.71288 7.60808 6.5138
threshold=1.3609679266895764 4.0890873015873028 4.516324041782946 1.9746960401535036 3.8393944990995772 3.1132683346437333 2248.5000000000005 20.205605506896976 5.0205801788306017 8.7210936546325701 13.407945156097414 0.1996340845108007 2096.5000000000005 2.740319461670996 32.733379364013679 1975.5000000000002 2.602003343538398 3.0592801570892338 2.740319461670996 3.8465539216995244 4.4248287033199567 1.0701904590242732 27.017118453979496 5.4531797844617023 3.5114340430413216 691.50000000000011 2.740319461670996 404.19685382534141 3.8176519431297078 29.065206527709964 486.50000000000006 31.500000000000004 0.29299807239634501 2.740319461670996 3.0201273556387074 2.524928003624769 1.8833333253860476 1.0000000180025095e-35 90.500000000000014 17.931942939758304 46.433422088623054 5.5937671661376962 10.048188209533693 71.500000000000014 0.37756813417190782 735.50000000000011 1501.5000000000002 344.50000000000006 223.50000000000003 12.545412063598635 1363.5000000000002 985.50000000000011 4.863673427408628 3.0677824455408698 19.35000038146973 710.50000000000011 5.1089666311285624 5.4701654074033046 5.1445790166580574 6.111276626586915 4.9089648320872419 2.4414009612931857
decision_type=2 2 2 2 2 2 2 2 2 2 2 2 2 2 2 2 2 2 2 2 2 2 2 2 2 2 2 2 2 2 2 2 2 2 2 2 2 2 2 2 2 2 2 2 2 2 2 2 2 2 2 2 2 2 2 2 2 2 2 2 2 2
left_child=3 2 6 5 12 11 17 8 13 22 14 16 21 47 -10 25 61 24 31 39 -21 43 41 37 45 -13 27 30 53 -30 -9 -19 -7 35 -35 -27 55 -12 -23 -6 56 -4 -16 -5 -45 -2 -26 48 -3 -11 51 -32 -15 -20 -44 -34 -28 -58 -39 -24 -61 -1
right_child=1 7 9 4 19 32 -8 26 10 49 23 15 -14 52 42 -17 -18 18 28 20 -22 38 59 -25 46 33 40 -29 29 -31 50 -33 36 34 -36 -37 -38 58 -40 -41 -42 -43 54 44 -46 -47 -48 -49 -50 -51 -52 -53 -54 -55 -56 -57 57 -59 -60 60 -62 -63
leaf_value=-0.025737293046412497 0.0048299232962621024 0.0047293456027518166 -0.025781732403196502 -0.035160691233835306 -0.027529180345118837 -0.043928279908625328 -0.044220656891189029 -0.012691301877899373 -0.0014727801817194244 -0.013281127715770598 0.0022254214645169449 -0.00026128048823503212 -0.039562614010208053 0.010999981950736031 -0.035838294075245213 -0.036287121815920718 -0.03637062408697999 0.00081914289564119849 0.013759916601111023 -0.0088881240939169878 -0.034097266501155042 0.0010119238048865874 -0.041260548189075742 0.012909572400091758 -0.010531301862473464 -0.016859048271319017 0.012075222773477022 0.020078799269555345 -0.0065042902748090187 0.007413211503876891 0.016978084963048073 -0.012799689938767109 0.012241922178141013 0.019549007168981003 -0.027057916599401127 -0.027210959439355253 -0.040059196482281588 0.0011532201988613646 -0.0187831434947494 -0.042959564715367937 0.012977588796919758 -0.002824517737024045 -0.0036591567283021913 -0.02101594144035919 -0.0074929419292564334 -0.0061566188624222222 -0.032555076664605664 0.0038662657844075014 -0.018746802420296794 0.0022014331862634942 0.019327999494509755 -0.0085889662849443198 0.0035329160901276333 0.0071341036126346489 -0.025516493414588004 -0.029770291747796541 0.0065368648936884755 0.012570741245663618 -0.013264644902756365 -0.014922501402584247 -0.035832695372080302 -0.030740610959369297
leaf_weight=1019.1509107649326 286.56845507025719 129.52033272385597 139.95013579726219 36.724587738513947 121.44422802329063 2529.6062691807747 116.36461263895035 158.99785348773003 129.83113369345665 159.58667087554932 307.6603130698204 102.40068137645721 115.17454397678375 7027.8980312645435 185.08485075831413 292.95635885000229 1936.8507960736752 957.7147353887558 559.54301381111145 115.46017417311668 225.87183845043182 747.3820127248764 331.15708893537521 171.77248686552048 103.12774103879929 668.94733518362045 5068.9605062901974 140.2683432996273 382.42408046126366 401.1256331205368 100.89698311686516 249.23953849077225 10.299454033374785 60.219691216945648 85.159033596515656 826.31704446673393 1146.6577862501144 109.45207816362381 71.348766356706619 544.75273343920708 21558.772812187672 60.695207059383392 47.040290176868439 162.91548818349838 644.39454835653305 395.03183037042618 68.267292827367783 619.13660573959351 119.43842282891273 158.70708394050598 78.487239360809326 148.1134095788002 345.05012631416321 1580.0805595517159 192.26377913355827 227.07679259777069 1599.8072229921818 1001.3323832154274 350.42723608016968 62.743064969778061 150.98349818587303 1917.0850767493248
leaf_count=2656 513 231 363 102 325 7961 357 347 254 357 563 203 340 11344 526 839 5628 1794 874 253 642 1399 1001 272 224 1585 8049 197 778 691 155 541 19 92 223 2152 3471 204 166 1686 33761 123 95 395 1358 795 183 1114 275 293 117 307 614 2698 491 627 2727 1580 762 145 434 5265
internal_value=-1.00959e-05 0.00906001 -0.00292952 -0.0305058 -0.0180271 -0.0337169 0.00147702 0.0109266 0.00675573 -0.0240553 -0.00906086 -0.029121 -0.00827375 0.00962287 -0.0215111 -0.0223814 -0.0319352 0.00254601 0.0041301 -0.035231 -0.0255897 -0.00610122 -0.0319486 -0.00170807 -0.00511773 -0.0200394 0.0122864 0.00440277 0.00665868 0.000614207 -0.000109926 -0.00198987 -0.0418282 -0.0212708 -0.00771757 -0.0225845 -0.0379833 -0.00498722 -0.000709106 -0.0401587 0.0124553 -0.0188669 -0.0276277 -0.011325 -0.0102303 -0.00153013 -0.0193465 0.000882508 -0.00651631 -0.00554727 0.00598499 0.00175318 0.0106513 0.00886975 -0.0212442 -0.027922 0.0109863 0.00886198 -0.00982279 -0.0367522 -0.0297274 -0.0290066
internal_weight=59361.7 45753.5 6163.31 13608.2 2785.47 10822.7 5099.49 39590.2 9734.58 1063.82 1493.53 6909.09 1777.94 8241.04 554.22 2036 4873.09 4983.12 4130.13 1007.53 341.332 1662.77 745.529 939.312 852.995 1743.04 29855.6 626.764 2923.17 783.55 486.495 1206.95 3913.64 1640.64 145.379 1495.26 1384.03 767.54 818.731 666.197 29228.9 200.645 424.389 844.035 807.31 681.6 171.395 868.095 248.959 318.294 327.498 249.01 7372.95 2139.62 239.304 237.376 7670.1 2601.14 459.879 544.884 213.727 2936.24
internal_count=113536 76149 12164 37387 6666 30721 9448 63985 16745 2716 3167 18643 3760 13578 1366 5094 13549 9091 7376 2906 895 3420 2066 1801 1715 4255 47240 1123 5041 1469 926 2335 12078 4052 315 3737 4117 1529 1565 2011 46117 486 1112 1855 1753 1308 407 1620 506 650 579 462 11958 3572 586 646 12356 4307 966 1580 579 7921
is_linear=0
shrinkage=0.05


Tree=7
num_leaves=63
num_cat=0
split_feature=16 16 32 13 13 13 32 0 0 32 13 32 15 16 13 13 15 31 38 0 13 13 13 32 37 0 13 31 13 38 15 13 32 17 0 32 17 13 15 34 16 13 16 15 35 35 8 38 13 15 13 0 13 11 29 0 3 13 13 32 13 16
split_gain=5955.54 328.733 242.557 236.287 212.044 138.854 116.09 85.0022 69.1921 40.9593 54.0819 47.7549 39.2598 37.828 29.757 24.5239 24.3294 23.6119 22.0409 21.8503 21.6481 19.81 19.4201 19.1983 15.9072 15.2793 15.1136 14.7872 13.2919 12.4074 12.3751 11.4078 10.9638 10.7437 10.4906 10.1984 9.62238 9.32247 9.13693 10.4511 8.59903 8.46119 7.93252 7.91635 11.4688 7.60614 7.48758 7.43226 8.64408 7.28524 7.27159 7.24655 7.05301 23.9033 15.2064 6.7911 6.29879 6.23852 6.15193 6.01157 5.89221 7.65247
threshold=1.4784921369102684 6.9813067784765908 1.6548430323600771 4.7140145363037149 3.8393944990995772 3.1132683346437333 11.109305381774904 2248.5000000000005 1953.5000000000002 35.928512573242195 5.0968083143154814 18.77421855926514 0.12604173900965346 2.9636350279165447 2.740319461670996 3.8393944990995772 1.1162243405730381 5.2701730728149423 29.065206527709964 1883.5000000000002 2.602003343538398 5.4701654074033046 2.740319461670996 6.111276626586915 5.8930487632751474 71.500000000000014 3.5408542930527882 0.92282876372337352 2.740319461670996 16.561986923217777 3.0973381864658731 3.0677824455408698 16.458184242248539 1.0000000180025095e-35 492.50000000000006 8.7210936546325701 1.0000000180025095e-35 4.5379471377116305 0.41002512576419692 1.6785714626312258 0.39715954875100729 5.4868673298236716 0.37756813417190782 0.33645673323092684 4.5499999523162851 20.816666603088382 -0.8783796973249266 35.382776260375984 3.5114340430413216 0.54914373536299788 2.524928003624769 223.50000000000003 2.740319461670996 -0.5 72.750000000000014 1540.5000000000002 1.0000000180025095e-35 2.740319461670996 4.9801701820644562 23.707145690917972 2.4414009612931857 0.16489180922170615
decision_type=2 2 2 2 2 2 2 2 2 2 2 2 2 2 2 2 2 2 2 2 2 2 2 2 2 2 2 2 2 2 2 2 2 2 2 2 2 2 2 2 2 2 2 2 2 2 2 2 2 2 2 2 2 2 2 2 2 2 2 2 2 2
left_child=2 3 5 7 8 12 18 13 16 10 14 21 20 15 34 22 25 29 30 24 60 36 50 55 27 -4 42 40 -15 -6 -5 -24 45 57 51 -20 -12 -19 -7 -40 -14 59 -27 -26 -45 -8 -38 48 -30 -28 -2 -3 53 -11 -55 -17 -32 -18 -47 -13 61 -1
right_child=1 9 4 6 17 38 32 -9 -10 52 11 41 19 28 -16 23 33 37 35 -21 -22 -23 31 -25 43 26 49 -29 47 -31 56 -33 -34 -35 -36 -37 46 -39 39 -41 -42 -43 -44 44 -46 58 -48 -49 -50 -51 -52 -53 -54 54 -56 -57 -58 -59 -60 -61 -62 -63
leaf_value=-0.025780834293456279 0.0019738273098101906 0.0041669037169517874 -0.035820698225697369 -0.027721410779928225 -0.024857147415471376 -0.04168673263526345 0.0021499023416614318 -0.042199046635473997 -0.03881265567488678 -0.018064120068768248 -0.0042978789679602733 -0.0013732914312163773 -0.022423390268758989 0.001656643112322474 0.010967377456486219 -0.013029800132252379 -0.0016122203055074147 -0.0044171248581644472 -0.036794233186410945 -0.034198944315494272 -0.03597630351737964 0.014268380458538805 0.013062817239381828 0.00082167114602103072 -0.028841412223064668 -0.016426849791659547 -0.036364350260508514 -0.004003760235473019 0.010448597997253901 -0.03950173638392513 -0.019643190910378243 0.0034345586568778003 0.006436891780870287 -0.0076025411510311572 0.0040142308138179233 -0.022872744997709481 0.0029652222135335992 -0.026767778514406218 -0.023325239348418556 -0.038414518461903323 -0.0097503326896567748 0.012065868321972135 -0.0053640572523361227 -0.0093032725108596597 -0.025412989063903765 -0.0014233107788859149 -0.020578248867148388 0.01052716446607505 0.0027257093484504297 -0.014111333132936211 -0.0060262029407755604 -0.016522638581431326 0.012213380703327906 0.00040073098641416928 0.023101538023629079 -0.03017990718754044 0.0044297043290846575 0.0081172795200167187 -0.021346144450595694 0.0063199901944551336 -0.030240428790530356 0.0042369872121901424
leaf_weight=828.98630768060684 507.87217000126839 61.483456015586853 60.164829581975937 102.83696842193604 176.05156645178795 2908.2656966894865 124.19583946466446 98.536442190408707 177.86844193935394 84.646701872348785 192.27983167767525 371.89612817764282 639.77723807096481 815.15957352519035 8415.5654618144035 235.97628083825111 341.22877722978592 76.091414391994476 514.5783554315567 407.8315589427948 1570.491898804903 73.025723189115524 425.37613120675087 273.0639243721962 710.07717978954315 205.59387704730034 71.259733378887177 183.70480570197105 625.40047410130501 888.26126036047935 41.654616832733154 1119.8698004484177 295.76146250963211 367.2992008626461 432.63919347524643 180.76416712999344 37.219748258590698 123.16123622655869 147.715167760849 557.65725281834602 171.52003878355026 431.89435192942619 778.64947670698166 156.94983804225922 383.68387797474861 61.530847460031509 327.44588229060173 2251.430148512125 867.06747516989708 78.498894035816193 642.29340025782585 133.09624594449997 24223.471333295107 144.57642623782158 151.51488855481148 77.516355454921722 77.171446412801743 317.21202924847603 107.25352001190186 793.71982398629189 1582.3323594927788 21.470412015914917
leaf_count=2191 944 110 171 278 466 9207 231 305 532 192 392 708 1642 1512 13483 526 661 157 1524 1168 4641 114 667 513 1925 488 204 389 1015 2727 98 2002 509 759 772 455 71 333 387 1691 380 683 1619 349 1001 118 791 3643 1556 181 1296 304 38028 276 204 208 143 542 258 1352 4401 43
internal_value=-1.08749e-05 0.00877807 -0.0286013 0.000478379 -0.0175479 -0.032541 -0.0176799 0.00392292 -0.00880953 0.0109631 0.00846522 0.00148383 -0.0282541 0.00450369 0.0101843 0.000408872 -0.00640166 -0.0341241 -0.0288031 -0.023528 -0.0313849 -0.0101704 0.00242662 -0.00885361 -0.0215865 -0.0112529 -0.009942 -0.01685 0.0074503 -0.0370866 -0.0150226 0.00608894 -0.000344153 -0.000748415 -0.000314076 -0.0331861 -0.0133858 -0.018264 -0.0404357 -0.0352654 -0.0197518 0.00608312 -0.00768142 -0.0253489 -0.0207481 -0.00720649 -0.0181614 0.00871033 0.00596572 -0.0247506 -0.00248946 -0.00996067 0.0121071 0.0053294 0.0120379 -0.0172947 -0.00397646 0.00306802 -0.014118 0.00386121 -0.0284175 -0.0250167
internal_weight=59251.6 45319.8 13931.8 9445.31 3661.34 10270.5 1505.75 7939.56 2397.78 35874.5 11270.3 2227.48 6656.83 7841.03 9042.78 3281.97 2219.91 1263.57 917.006 2653.54 4003.28 629.971 2695.41 586.557 2245.71 1194.17 1134 995.002 4559.06 1064.31 221.663 1545.25 588.742 1025.74 627.219 695.343 556.945 199.253 3613.64 705.372 811.297 1597.51 984.243 1250.71 540.634 292.98 364.666 3743.9 1492.47 149.759 1150.17 194.58 24604.2 380.738 296.091 313.493 118.826 658.441 168.784 1165.62 2432.79 850.457
internal_count=113536 75281 38255 17801 8840 29415 3614 14187 5157 57480 18780 4111 18130 13882 14669 6156 4625 3683 2498 6854 11276 1368 4909 1247 5686 2663 2492 2411 7726 3193 519 2669 1116 1962 1186 1979 1254 490 11285 2078 2022 2743 2107 3275 1350 607 862 6214 2571 385 2240 414 38700 672 480 734 241 1203 376 2060 6635 2234
is_linear=0
shrinkage=0.05


Tree=8
num_leaves=63
num_cat=0
split_feature=16 16 32 0 31 0 14 22 16 37 16 22 22 35 32 22 16 14 15 32 8 31 0 11 37 2 3 0 2 31 37 10 2 0 25 15 3 0 0 11 16 23 3 5 10 22 3 1 38 37 31 20 22 2 32 20 3 16 0 10 10 10
split_gain=5398.4 334.572 183.976 79.8995 73.7531 44.8433 30.8673 30.0052 27.9316 24.7098 45.5586 20.7906 17.4589 16.5731 16.3781 14.1119 11.682 11.4718 11.3862 11.2006 10.7967 10.7862 10.7617 10.4997 10.258 7.9906 7.21528 7.17764 6.90538 6.89289 8.02534 6.60849 6.47723 6.46578 6.32338 6.23347 7.21636 5.78523 5.74489 5.73523 5.64916 5.29887 5.00596 5.69878 4.58636 4.5 4.39935 5.19284 4.16052 4.89558 4.10486 4.04494 3.94288 3.78917 3.7435 3.73262 3.52953 3.38713 3.26723 4.57907 3.12466 3.07922
threshold=1.3609679266895764 4.0890873015873028 1.6548430323600771 2248.5000000000005 20.205605506896976 1953.5000000000002 710.50000000000011 1.0000000180025095e-35 0.71892556179775291 5.8930487632751474 0.29805897723030988 1.0000000180025095e-35 1.0000000180025095e-35 5.4166667461395273 6.3051247596740732 34.500000000000007 2.3081014729950904 710.50000000000011 0.3064671765259947 8.9708981513977069 -0.8783796973249266 1.0599735975265505 1814.5000000000002 -0.9330127018922193 172.60310363769534 8.5000000000000018 4.5000000000000009 71.500000000000014 11.500000000000002 2.216321706771851 14.570876598358156 -0.5 5.5000000000000009 209.50000000000003 146.50000000000003 1.7953254253160609 4.5000000000000009 1883.5000000000002 1701.5000000000002 -0.9330127018922193 11.98900966183575 13.500000000000002 3.5000000000000004 1.0000000180025095e-35 -0.5 11.500000000000002 1.5000000000000002 2024.5000000000002 67.785820007324233 42.564914703369148 27.932316780090336 1.0000000180025095e-35 153.50000000000003 11.500000000000002 3.2530268430709843 48.500000000000007 2.5000000000000004 8.7214052287581705 110.50000000000001 0.68301270189221941 0.68301270189221941 0.93301270189221952
decision_type=2 2 2 2 2 2 2 2 2 2 2 2 2 2 2 2 2 2 2 2 2 2 2 2 2 2 2 2 2 2 2 2 2 2 2 2 2 2 2 2 2 2 2 2 2 2 2 2 2 2 2 2 2 2 2 2 2 2 2 2 2 2
left_child=2 3 9 7 11 6 -4 16 13 10 21 57 27 53 15 29 31 -12 -11 32 34 33 26 48 -6 40 45 -10 -27 -9 -31 41 -15 58 -13 36 -14 46 -29 56 -25 54 43 -17 -18 -20 -19 -48 49 -22 52 60 -16 61 -2 -36 -33 -3 -1 -60 -28 -8
right_child=1 4 5 -5 24 -7 8 14 12 18 17 20 35 19 50 42 44 37 22 -21 23 -23 -24 25 -26 28 51 38 -30 30 -32 39 -34 -35 55 -37 -38 -39 -40 -41 -42 -43 -44 -45 -46 -47 47 -49 -50 -51 -52 -53 -54 -55 -56 -57 -58 -59 59 -61 -62 -63
leaf_value=-0.029071742172127157 -0.02137915757152116 0.0073226390876728184 0.0041124426198096272 -0.040746208129546158 0.010044846171667073 -0.038326885586150473 -0.016556595553118864 -0.014805626661424652 -0.034023268665110289 -0.036020761778052017 0.0013873787654074827 0.010039065567584932 -0.024850062909105033 -0.020397080857774849 8.6152504466034387e-05 -0.022107907355910415 -0.00036795617678758334 -0.024902340804003279 -0.028003772856316042 0.017467499389412233 -1.1294866185534591e-05 -0.015146167776457687 -0.038016262909540098 0.0036602615990633386 0.011921743757764973 -0.0023948539035283812 -0.020704355095652636 -0.0090516766383000897 0.0077385217131173177 0.0011907428098461973 -0.0083040575907598457 0.0027968077868838442 -0.030506763051941988 -0.031456075769261377 -0.014907922602410167 -0.0075279509889858362 -0.010065303813220166 -0.035445294491538236 0.017676888781839088 0.0013051343649390665 0.0082845468121064327 0.002788046859320794 -0.0097068694597881935 0.00088423642461191881 0.0054295161763072003 -0.035673444259104466 -0.0019145249764971535 -0.017331560108357832 0.0032295621323458986 -0.01120520637728846 0.026559625878417654 -0.030618401303499417 -0.0092839681010842487 0.011368253481826136 -0.0076981036911387942 0.011459312298840077 -0.013769806257421352 0.010146836401974099 -0.024373854929377749 -0.0061493652807594369 -0.0055240503568253808 -0.00049656480651129775
leaf_weight=203.57548043131828 63.30179089307785 2213.979212731123 181.21842727065086 134.58986061811447 12876.896248519421 240.31760627031326 292.778264939785 177.1996528506279 28.41745400428772 2712.1482318788767 76.97212415933609 868.76407927274704 416.99592846632004 223.64588698744774 825.22193902730942 279.84702980518341 452.38119903206825 149.05225852131844 614.51533421874046 13.748754292726515 179.20638680458069 111.94607424736023 379.35465011000633 1986.5055514574051 16934.784798890352 730.47448095679283 159.21674141287804 1032.6895546019077 218.26184323430061 406.06267637014389 490.12520092725754 44.627840459346771 585.61728799343109 4739.5652986466885 42.069318145513535 89.743273913860321 104.69755700230598 49.990343481302261 20.28892782330513 1075.0250387191772 995.00441566109657 98.251780778169632 201.35539439320564 29.352152407169342 1367.6201694607735 292.02196060121059 66.636601120233536 323.57148073613644 167.36168256402016 216.97273254394531 13.41288650035858 84.067951619625092 129.66835275292397 14.038694918155668 250.95826968550682 19.400676012039185 110.55326333642006 2083.7556046247482 135.97039085626602 47.340610057115555 44.402024775743484 33.957422316074371
leaf_count=572 153 3767 338 421 20730 737 708 395 82 8218 155 1415 1082 569 1565 680 865 398 1710 22 326 277 1163 3535 26510 1394 416 2283 368 759 1045 81 1647 13677 94 194 235 148 32 2030 1659 181 426 55 2431 868 140 803 300 468 18 239 274 25 533 31 252 3388 370 110 99 70
internal_value=-1.14795e-05 0.00819011 -0.0278302 -0.00265842 0.00987776 -0.0175226 -0.015874 -0.00180468 -0.0171437 -0.0311453 -0.02904 0.00609472 -0.0130362 -0.0231126 -0.00591829 -0.00905011 0.00122595 -0.016704 -0.034044 -0.0269589 0.00403467 -0.0306076 -0.0306317 0.0030179 0.0111112 0.00393366 -0.0282788 -0.00920791 -5.77774e-05 -0.00578698 -0.00399673 -0.00182877 -0.0277219 -0.0309439 0.00894022 -0.0197961 -0.021895 -0.0190756 -0.00853029 3.742e-06 0.0052054 -0.00730454 -0.0158982 -0.0199095 0.0039858 -0.0304836 -0.0175425 -0.0147127 -0.00335948 -0.00615569 -0.000789717 -0.0213056 -0.00118186 -0.0138035 -0.0104757 -0.0064998 -0.00897456 0.00869332 -0.0246507 -0.0197005 -0.0174229 -0.0149034
internal_weight=59151.5 45683 13468.5 6149.55 39533.4 3278.16 3037.84 6014.96 2856.62 10190.3 5904.62 9721.76 1692.83 1163.79 2552.25 1583.94 3462.72 666.223 4285.73 823.012 5424.02 5238.4 1573.58 4493.79 29811.7 3930.25 1194.22 1081.4 948.736 1073.39 896.188 1642.72 809.263 5126.45 930.234 611.437 521.693 589.251 1052.98 1230.21 2981.51 412.512 510.555 309.199 1820 906.537 539.26 390.208 563.541 396.179 968.303 287.687 954.89 340.774 314.26 61.47 155.181 4297.73 386.886 183.311 203.619 326.736
internal_count=113536 76149 37387 12164 63985 8024 7287 11743 6949 29363 16650 16745 3908 3041 5217 3360 6526 1644 12713 2238 9590 15006 4495 8050 47240 6956 3332 2397 1762 2199 1804 3230 2216 14729 1540 1511 1317 1489 2315 2363 5194 867 1161 735 3296 2578 1341 943 1094 794 1857 754 1839 803 686 125 333 7155 1052 480 515 778
is_linear=0
shrinkage=0.05


Tree=9
num_leaves=63
num_cat=0
split_feature=16 16 12 32 12 12 32 0 15 32 12 32 15 0 12 14 12 12 38 12 12 15 31 12 12 15 34 12 12 12 3 31 0 12 12 0 12 12 15 32 15 12 11 29 38 3 0 0 15 14 12 12 15 30 38 12 0 30 0 3 12 16
split_gain=4889.93 302.203 223.471 168.922 151.509 136.934 88.703 82.6512 55.3236 43.166 74.5236 44.1153 29.9073 29.7984 26.9827 26.2173 25.2838 24.4688 19.3196 16.9917 16.5535 14.5685 14.0308 12.8708 12.5055 12.505 12.8606 11.9963 11.8204 11.3869 10.8797 10.518 9.78836 9.64406 30.6919 9.61929 9.59721 9.11716 8.89323 8.78673 8.66931 8.61091 19.812 15.7949 8.06862 7.99185 7.71788 7.3439 7.18986 7.18402 7.00331 6.84471 7.27472 6.82037 6.47984 6.91148 6.4484 6.33733 6.25992 6.23305 6.22061 6.72631
threshold=1.3609679266895764 5.8192032686414716 104.50000000000001 2.3095254898071294 20.500000000000004 60.500000000000007 10.048188209533693 2248.5000000000005 0.33645673323092684 31.715400695800785 162.50000000000003 15.32792901992798 2.659999833329167 2220.5000000000005 45.500000000000007 735.50000000000011 11.500000000000002 14.500000000000002 27.689959526062015 14.500000000000002 236.50000000000003 1.0701904590242732 5.7035269737243661 14.500000000000002 14.500000000000002 0.29299807239634501 1.6071428656578066 34.500000000000007 21.500000000000004 236.50000000000003 4.5000000000000009 6.6985728740692148 486.50000000000006 14.500000000000002 19.500000000000004 154.50000000000003 12.500000000000002 14.500000000000002 14.622749155209926 22.136384963989261 3.0973381864658731 14.500000000000002 -0.5 57.916667938232429 21.587566375732425 4.5000000000000009 234.50000000000003 1363.5000000000002 0.085032115592387256 734.50000000000011 19.500000000000004 48.500000000000007 0.89268634231173671 17.890540122985843 35.382776260375984 32.500000000000007 750.50000000000011 8.5356388092041033 776.50000000000011 1.0000000180025095e-35 12.500000000000002 0.46402691511387167
decision_type=2 2 2 2 2 2 2 2 2 2 2 2 2 2 2 2 2 2 2 2 2 2 2 2 2 2 2 2 2 2 2 2 2 2 2 2 2 2 2 2 2 2 2 2 2 2 2 2 2 2 2 2 2 2 2 2 2 2 2 2 2 2
left_child=3 2 7 4 8 13 18 12 16 10 17 20 14 21 19 24 48 32 40 -2 38 27 30 -14 36 -6 51 -5 -21 39 -16 44 46 60 -35 -8 49 -17 -12 45 -4 42 -11 47 -7 -13 -3 -44 -1 -10 -39 52 -27 -37 55 -25 -23 -20 -34 -42 -18 -62
right_child=1 9 6 5 25 31 35 -9 15 41 11 29 23 -15 22 37 33 -19 57 28 -22 56 -24 54 -26 26 -28 -29 -30 -31 -32 -33 58 34 -36 53 -38 50 -40 -41 59 -43 43 -45 -46 -47 -48 -49 -50 -51 -52 -53 -54 -55 -56 -57 -58 -59 -60 -61 61 -63
leaf_value=-0.025105769725171079 -0.0027662831276702954 0.0037527647506575067 -0.024483770269630039 -0.0065078203817970463 -0.03866521548851011 -0.02165825215864696 -0.034521273540051176 -0.039049000032238546 0.011226213125703398 -0.015971334377668296 -0.02068095798834621 -0.0092654013759071764 0.00080482375830227555 -0.035117950183569606 -0.026176831219288571 -0.024484499813101898 -0.027010827209659583 0.009763438626807449 -0.03536426050439799 0.011869965926849118 0.012662063939595503 0.0061566621246022264 0.00017037797940798019 0.0093899888048967553 0.014802474889907017 -0.019863940648702016 -0.035032765911040521 -0.022139728785446816 0.0022316562083525364 0.01076986832145865 -0.0065082397586329237 -0.014532438082364436 0.013564855724369758 0.027639810095236417 -0.031328488782545273 -0.0052303145261994536 -0.018808610004142509 0.018814096066189404 0.0042125617893921195 0.0039714594355187644 -0.021190246924988502 0.010989851100603316 -0.0047780833923184735 0.020904641303405743 -0.03778795853792432 0.0040612575859793809 -0.015247260144840799 0.026888132623885227 -0.019429178752521405 -0.0085929038289442716 -0.026245460341978673 -0.031568125488632776 0.013301238281897318 0.0072258866663182228 0.0097808641362304317 0.0022392896670080128 -0.0032811747130997646 -0.023298613661170933 0.00076109505920175194 0.0056820715112937958 -0.032068542437956725 -0.0036927751812545241
leaf_weight=1341.6763634979725 1134.7410060763359 83.471138387918472 115.69475972652435 549.02719786763191 2622.9380269646645 93.887369304895401 22.421134352684021 115.49295511841774 51.730215817689896 97.378537893295288 378.88323158025742 335.21123683452606 823.53909429907799 85.237099438905716 169.5372251868248 571.17270508408546 1085.6773312091827 8601.6522897183895 526.74849081039429 475.11152538657188 47.75841698050499 265.92540082335472 166.84912168979645 583.44699373841286 51.800653725862503 125.74054013192654 1371.5458156317472 158.70985034108162 967.74278745055199 324.28470423817635 121.58431148529053 69.031570792198181 130.083297342062 30.422507405281067 79.07306095957756 331.21379572153091 233.86352899670601 22.207087457180023 39.234970599412918 660.06487250328064 33.502050578594208 25366.069539815187 150.23681747913361 160.78221353888512 510.14525285363197 168.61598071455956 146.56147333979607 20.73688942193985 980.21643182635307 377.56289437413216 13.940051615238188 126.44819340109825 18.777793079614639 164.18112727999687 1824.4019494056702 808.82446172833443 565.79454359412193 141.85094690322876 361.57329723238945 59.800112336874008 1987.0107781887054 21.537256419658661
leaf_count=3649 2226 149 309 1165 8423 249 60 364 90 217 941 704 1543 259 439 1527 3043 13851 1577 755 75 476 317 953 85 333 4200 413 1759 517 257 167 207 46 231 670 578 34 73 1155 81 39911 302 220 1591 300 332 27 2513 845 38 371 34 283 2963 1465 1127 374 664 109 5853 47
internal_value=-1.17624e-05 0.00778474 -0.000666886 -0.0265559 -0.0291079 -0.0142097 -0.0189779 0.00288575 -0.0244974 0.00974242 0.00716064 -0.00171545 0.00357147 -0.00634878 -0.000177136 -0.0152995 -0.0266972 0.00902149 -0.028661 0.00180834 -0.0151425 -0.00475046 -0.0113608 0.00638911 -0.00879739 -0.0365079 -0.0330577 -0.010023 0.00540948 0.00248529 -0.0179846 -0.0331737 0.000171272 -0.0295828 -0.0148887 -0.00255496 -0.0106503 -0.0229432 -0.0183326 0.000172015 -0.0153363 0.0108709 0.00382836 0.00965819 -0.0352931 -0.00479552 -0.00833243 -0.000894683 -0.0227124 -0.00619098 0.00127459 -0.023033 -0.0155139 -0.00109143 0.00781719 0.00523992 -0.000257232 -0.0328157 0.00416097 -0.00392581 -0.0301007 -0.031767
internal_weight=59070.4 45659.3 8586.68 13411.1 11113.3 2297.76 1395.41 7191.27 6847.89 37072.6 11277.4 1954.05 7075.78 1624.69 3035.57 1322.28 5525.61 9323.34 877.596 2577.6 465.877 1539.46 457.971 4040.21 714.957 4265.45 1642.51 707.737 1442.85 1488.18 291.122 673.064 721.689 3203.72 109.496 517.816 663.157 607.32 418.118 1163.89 208.997 25795.2 429.134 331.756 604.033 503.827 230.033 170.974 2321.89 429.293 36.1471 270.967 144.518 495.395 3216.67 1392.27 831.72 668.599 491.657 93.3022 3094.23 2008.55
internal_count=113536 76149 16504 37387 31940 5447 3463 13041 18579 59645 18968 3765 12677 3440 5753 3197 15382 15203 2450 4740 1089 3181 1013 6924 1598 13361 4938 1578 2514 2676 696 2007 1352 9220 277 1013 1513 1599 1014 2159 499 40677 766 549 1840 1004 481 329 6162 935 72 738 367 953 5381 2418 1603 1951 871 190 8943 5900
is_linear=0
shrinkage=0.05


Tree=10
num_leaves=63
num_cat=0
split_feature=16 16 12 32 12 12 32 0 15 0 16 32 12 32 0 12 12 12 38 12 34 15 15 34 12 12 31 32 12 15 12 12 22 31 0 0 38 32 22 12 12 15 12 38 22 38 12 17 31 0 17 0 0 15 4 17 38 8 12 16 0 14
split_gain=4429.28 243.46 195.18 187.051 141.16 140.608 91.3125 66.4027 54.6524 33.2922 30.7626 30.5539 44.2967 37.9617 24.3037 24.2336 23.8167 23.7804 18.961 15.8807 14.1798 13.9342 12.5193 13.8209 12.3093 12.2217 12.0382 11.8925 11.3258 9.95347 9.85512 9.52493 9.2465 9.00335 8.89321 9.45089 8.81141 8.72754 8.70572 8.62655 11.4906 7.99491 7.72184 7.70417 7.58145 7.50639 9.33419 6.80535 6.79559 6.50255 6.56848 6.28479 6.08599 5.90732 5.82097 5.81176 5.77471 5.75469 5.74452 14.7467 6.44611 5.72381
threshold=1.4784921369102684 6.9813067784765908 118.50000000000001 2.3095254898071294 21.500000000000004 60.500000000000007 11.370965003967287 2248.5000000000005 0.3064671765259947 2220.5000000000005 2.6118525021949082 35.928512573242195 162.50000000000003 17.940594673156742 1975.5000000000002 14.500000000000002 11.500000000000002 45.500000000000007 32.733379364013679 232.50000000000003 5.2500000000000009 1.0701904590242732 0.41002512576419692 5.1071429252624521 14.500000000000002 14.500000000000002 6.5366675853729257 6.111276626586915 34.500000000000007 3.0973381864658731 21.500000000000004 46.500000000000007 30.500000000000004 1.6044236421585085 344.50000000000006 313.50000000000006 21.587566375732425 16.458184242248539 94.500000000000014 14.500000000000002 12.500000000000002 0.11491482266707863 240.50000000000003 4.9235534667968759 31.500000000000004 36.521959304809577 33.500000000000007 1.0000000180025095e-35 0.75043764710426342 1302.5000000000002 1.0000000180025095e-35 1032.5000000000002 504.00000000000006 0.085032115592387256 1.0000000180025095e-35 1.5000000000000002 2.8618574142456059 -0.8783796973249266 14.500000000000002 623.45386513157905 273.50000000000006 735.50000000000011
decision_type=2 2 2 2 2 2 2 2 2 2 2 2 2 2 2 2 2 2 2 2 2 2 2 2 2 2 2 2 2 2 2 2 2 2 2 2 2 2 2 2 2 2 2 2 2 2 2 2 2 2 2 2 2 2 2 2 2 2 2 2 2 2
left_child=3 2 7 4 8 9 18 10 16 21 17 12 15 19 20 34 53 25 29 47 39 28 -6 31 38 44 36 54 51 -4 -27 61 -23 -22 35 -3 -7 -8 -12 40 -10 -18 52 48 -2 46 -26 -14 -43 50 -31 -5 55 -1 -19 -15 -55 -49 59 60 -13 -24
right_child=1 11 6 5 22 26 37 -9 14 -11 24 58 13 42 -16 -17 41 27 -20 -21 33 32 23 -25 45 30 -28 -29 -30 49 -32 -33 -34 -35 -36 -37 -38 -39 -40 -41 -42 43 -44 -45 -46 -47 -48 57 -50 -51 -52 -53 -54 56 -56 -57 -58 -59 -60 -61 -62 -63
leaf_value=-0.023926051129520683 -0.00052765874909792103 -0.00061662064629615268 -0.025421013853027571 -0.011302618587305861 -0.036792089990435969 -0.019857503554094685 -0.0073322658860564133 -0.037157341778009938 -0.0044537665517055776 -0.034273764289275713 0.0030540890033137775 -0.014246820725775256 -0.005071476910533345 0.0056524274100931693 -0.029870254435392787 0.0095292997674314775 -0.030204499601132667 -0.022062802498038599 -0.031652209442559878 0.011795762667394471 -0.023066110245861346 0.0017297611650676085 -0.010790965304135498 -0.035007807635655835 0.0090055361038194805 0.011039736371875046 -0.013867250338167434 -0.0014513835691366953 -0.021148559415809082 -0.0022104439450309856 0.0017606340672668348 -0.031466664420243554 -0.01069246150114686 -0.01084650726526639 0.0029601879959419933 -0.024710834886639482 -0.035992518413018822 0.0055628481742162885 -0.010277133146007865 0.008930307726550275 -0.018915721803289667 -0.022527365184708294 0.010453435073566586 -0.028115561213511941 -0.012761517606173356 0.0092080662691047619 0.0018743880360924824 0.0019509377087981777 -0.0058925397811420976 0.016541550689964216 -0.028603857691599472 -0.00066171814549531767 0.0055995619957123609 -0.0095386154584950079 -0.0061804763548613424 -0.0056753755536613588 -0.020412038786886237 -0.019806270711727008 0.010509025878536695 0.031948741022515909 0.0039554282731691839 -0.027524380985937177
leaf_weight=1337.5527239441872 834.96198844909668 100.49575743079185 127.08247053623199 279.61113396286964 2978.3312761038542 102.03780296444893 245.66276815533638 99.59022068977356 406.66521999239922 95.655475929379463 837.03075662255287 58.811379909515381 164.07278400659561 176.53156065940857 235.98441731929779 8402.8197380006313 2209.9509893059731 191.90218907594681 609.75145372748375 71.070009410381317 358.13818004727364 885.04720816016197 152.50292575359344 674.49689485132694 809.55941304564476 443.88247361779213 89.736286491155624 210.93780192732811 159.45303371548653 69.428954243659973 809.71303448081017 201.33003044128418 180.1851395368576 264.38529220223427 457.43264600634575 68.81582248210907 557.8157947063446 281.29755231738091 143.26361864805222 71.620336055755615 208.39072370529175 295.06126886606216 437.98110368847847 651.55195075273514 149.40331706404686 2352.6540112197399 1064.5309339165688 33.386263012886047 78.728559464216232 26.000717580318451 35.977693200111389 277.49910697340965 730.8829870223999 147.5735699236393 84.017810374498367 314.38993716239929 772.6362881064415 296.14448416233063 24175.93767619133 42.660224705934525 278.09919738769531 78.295434832572937
leaf_count=3649 1595 193 350 626 9621 269 513 316 875 294 1524 132 341 302 688 13483 6542 484 1774 113 949 1656 366 2105 1323 707 218 410 416 141 1474 597 393 606 822 171 1747 485 304 128 520 802 694 1862 329 3826 1930 65 181 41 94 554 1252 351 181 618 2019 726 38028 49 491 221
internal_value=-1.20423e-05 0.0075418 0.000391968 -0.0248633 -0.0276978 -0.0128591 -0.0168686 0.00339122 -0.0234038 -0.00554604 0.00390143 0.00942381 0.00726483 0.000942174 -0.015087 0.00882185 -0.0257421 -0.000401324 -0.0268329 -0.0102524 -0.0124164 -0.00399915 -0.0350942 -0.0305171 0.00615397 0.00177552 -0.0311659 -0.0104163 -0.00939001 -0.0154376 0.00505085 -0.0234895 -0.000367584 -0.0178871 -0.00065505 -0.0104479 -0.0335084 -0.000439468 0.00109987 -0.0074477 -0.00936411 -0.0284985 0.00475405 -0.024814 -0.00239066 0.00732491 0.00495785 -0.0134388 -0.0190396 -0.00573279 -0.0112851 -0.00601238 0.00270621 -0.021789 -0.0172487 -0.00159148 -0.0186749 -0.0175869 0.0104131 0.0042859 0.000759908 -0.0164987
internal_weight=58986.4 45236.2 9426.65 13750.2 11123.2 2627.04 1395.2 8031.45 7038.24 1877.45 7931.86 35809.5 11254 2224.46 1545.18 9029.56 5493.06 2724.82 868.241 564.674 1309.2 1781.8 4084.96 1106.63 5207.04 2237.96 749.59 486.858 716.563 258.49 1253.6 432.128 1065.23 622.523 626.744 169.312 659.854 526.96 980.294 686.676 615.056 3235.29 1659.79 1025.34 984.365 4226.74 1874.09 493.604 373.79 131.407 105.407 557.11 1221.8 2257.76 275.92 490.921 920.21 329.531 24555.5 379.571 336.911 230.798
internal_count=113536 75281 17801 38255 32082 6173 3398 14403 19172 3939 14087 57480 18780 4111 3766 14669 15406 5180 2400 1245 3078 3645 12910 3289 8907 4105 2234 1075 1596 626 2181 1184 2049 1555 1186 364 2016 998 1828 1523 1395 9387 2866 2845 1924 7079 3253 1132 983 276 235 1180 2172 6019 665 920 2370 791 38700 672 623 587
is_linear=0
shrinkage=0.05


Tree=11
num_leaves=63
num_cat=0
split_feature=16 16 12 32 12 12 0 31 12 31 0 32 15 38 12 38 12 12 0 32 37 37 15 0 12 12 38 32 14 22 12 22 0 12 16 0 32 15 35 12 20 17 15 16 34 9 3 11 38 38 0 0 30 34 30 17 3 12 0 12 16 9
split_gain=4011.37 247.802 157.595 143.003 146.969 110.522 62.8795 55.0325 123.197 44.5155 42.9179 40.4607 29.0862 20.4336 20.1461 19.3092 20.6238 17.8117 17.4268 17.0863 15.9002 15.0561 15.0329 17.3598 15.0256 14.9151 13.1176 12.2933 11.9795 11.7191 11.1523 11.0617 10.2035 10.0646 13.5582 9.53512 8.8123 7.79898 11.9813 7.60758 7.46238 7.12081 7.104 6.43401 10.525 7.00125 6.41112 6.33481 6.30904 5.98951 5.82241 10.9014 5.65665 5.64878 5.57885 5.57493 5.43423 5.25604 5.17117 5.10437 6.76438 6.99667
threshold=1.3609679266895764 4.0890873015873028 90.500000000000014 1.6548430323600771 45.500000000000007 21.500000000000004 2248.5000000000005 20.205605506896976 144.50000000000003 8.7787203788757342 1953.5000000000002 14.039128303527834 0.12604173900965346 35.382776260375984 14.500000000000002 24.438757896423343 14.500000000000002 12.500000000000002 1883.5000000000002 3.8465539216995244 24.857229232788089 52.052515029907234 0.61047173809397692 13.000000000000002 33.500000000000007 94.500000000000014 4.9235534667968759 0.77496677637100231 735.50000000000011 102.50000000000001 33.500000000000007 21.500000000000004 711.50000000000011 14.500000000000002 623.45386513157905 1363.5000000000002 11.672962188720705 0.3064671765259947 5.0499999523162851 14.500000000000002 2.5000000000000004 1.0000000180025095e-35 4.2272350369365306 0.32483766233766237 1.6785714626312258 1.0000000180025095e-35 4.5000000000000009 -0.5 16.155672073364261 145.8403244018555 344.50000000000006 277.50000000000006 13.456277847290041 0.89285713434219371 2.5773699283599858 1.0000000180025095e-35 4.5000000000000009 14.500000000000002 1425.5000000000002 10.500000000000002 0.16489180922170615 1.0000000180025095e-35
decision_type=2 2 2 2 2 2 2 2 2 2 2 2 2 2 2 2 2 2 2 2 2 2 2 2 2 2 2 2 2 2 2 2 2 2 2 2 2 2 2 2 2 2 2 2 2 2 2 2 2 2 2 2 2 2 2 2 2 2 2 2 2 2
left_child=3 2 6 5 10 12 15 8 14 20 22 13 17 55 50 24 29 59 26 48 42 -13 30 -24 28 56 27 -14 57 -17 -5 39 -26 34 35 40 -15 -28 -39 -25 -9 -34 53 -7 45 -45 -23 -42 -6 -35 51 -3 -11 -4 -30 -10 -21 -2 -31 60 -1 -62
right_child=1 7 9 4 19 43 -8 33 11 52 -12 21 18 36 -16 16 -18 -19 -20 25 -22 46 23 31 32 -27 37 -29 54 58 -32 -33 41 49 -36 -37 -38 38 -40 -41 47 -43 -44 44 -46 -47 -48 -49 -50 -51 -52 -53 -54 -55 -56 -57 -58 -59 -60 -61 61 -63
leaf_value=-0.020843812463860131 0.0014645117778296992 0.0024417849783782493 -0.004976587920556017 -0.0092316048632466504 -0.023367026785106864 -0.03555866656710191 -0.03575010799599216 -0.0081197885110965186 0.0049359927591107874 -0.0099396092798451265 -0.032250064229075837 0.0051063850382899734 -0.01555933014866886 -0.02845453039771112 0.0085596096001225724 0.0012442271148903124 0.0079388211431824351 -0.030213873067504633 -0.028802862624346649 -0.012429007950975842 -0.031679389249902816 -0.011397777032359812 -0.035554891070186077 -0.0030201542547198825 0.00057619904585406827 -0.028745467284741061 -0.023356360165938894 0 -0.0074709130114086232 -0.016738090803054592 -0.028869397159828621 -0.010816741204471536 -0.0068786666314391816 0.0087335075246888078 0.030511474767606697 0.0174965797185281 -0.014593597000594347 -0.0095396640221690858 -0.022260024973457047 0.0052769881044935386 -0.0070644068751165986 -0.020291620681547759 0.0033604647693847149 -0.0056863745218947957 -0.033295081643751022 -0.026727950995505713 0.002338912607400935 0.0091470052041168395 -0.035555455402814601 0.01023069596314476 0.0030916959050350974 -0.018966302488854492 0.0035723233770417941 -0.025046398013698946 0.00074498205410967848 -0.012830678884223196 0.011941467548289566 0.0094730063006752841 0.020614713360090003 -0.025004145080209456 -0.022430623563816067 0.034330764765618589
leaf_weight=818.91349616646767 397.30952206254005 150.66784411668777 48.380831718444824 432.93167036771774 130.41909308731556 2609.7454779446125 111.73996245861053 221.88574957847595 102.23061442375183 186.89943990111351 159.15316793322563 495.21017619967461 483.76769024133682 270.85878294706345 7263.3932567834854 649.20835882425308 1865.4521465599537 1537.0171054005623 400.09166383743286 106.59277167916298 506.73862940073013 313.60640206933022 38.836049035191536 657.51741522550583 239.1252937912941 200.18650388717651 808.95995572209358 171.71829506754875 368.86574286222458 139.963547706604 87.213275566697121 268.76320651173592 243.41820302605629 10540.501405805349 42.446628272533417 78.180370837450027 203.05704191327095 354.67419469356537 392.1303374171257 476.10863444209099 86.794537574052811 168.78530630469322 40.075497299432755 60.553511202335358 715.72133827209473 117.90963201224804 115.67076686024666 194.90164023637772 668.0524205416441 18596.393982231617 618.85359036922455 97.762796223163605 131.46522596478462 134.55859023332596 467.36253628134727 77.307121098041534 28.834606111049652 426.75583180785179 9.721650689840315 1557.5766555070877 10.133182406425476 11.36751800775528
leaf_count=2191 744 275 107 982 360 8512 357 460 186 416 487 863 1218 757 11788 1214 3122 4641 1168 253 1507 675 117 1329 451 589 2222 360 752 322 248 595 508 16943 49 117 473 820 1044 873 177 403 77 145 2256 342 208 320 2138 29174 1114 231 242 367 861 175 53 699 15 4401 27 16
internal_value=-1.22836e-05 0.00703484 -0.00231227 -0.0241682 -0.0150548 -0.0271187 0.00132397 0.00848804 0.00521798 -0.0199663 -0.00728085 -0.00756534 -0.0232795 -0.0170879 0.00769955 0.00215821 0.00505968 -0.0259987 -0.0191792 -0.0295844 -0.0267729 -0.000827973 -0.00525066 -0.00261617 -0.00118389 -0.0200703 -0.0174344 -0.0114805 0.00133845 -0.00165713 -0.0125388 -0.00169797 -0.00762047 0.00955461 0.00325984 0.001258 -0.0225305 -0.0199389 -0.0162276 0.000460289 -0.00125606 -0.0123866 -0.0155927 -0.0342891 -0.0305746 -0.0196236 -0.00768503 0.00413356 -0.0335741 0.00968928 0.000490744 -0.00596688 -0.00434493 -0.0197716 -0.00287358 -0.00268921 -0.00719828 0.00561856 -0.0142666 -0.0232938 -0.0201153 0.00736791
internal_weight=58910.4 45605.5 6135.83 13304.9 3254.61 10050.3 5087.71 39469.7 9708.62 1048.12 2120.52 1577.94 6546.35 653.454 8130.68 4975.97 2664.35 3935.01 2611.34 1134.09 729.754 924.487 1961.37 1441.23 2311.62 335.614 2211.25 655.486 1660.29 798.894 520.145 1402.39 651.329 29761.1 624.209 581.762 473.916 1555.76 746.805 1133.63 503.582 412.204 223.015 3503.93 894.184 178.463 429.277 281.696 798.472 29136.9 867.284 248.431 318.365 182.939 836.228 179.538 135.427 824.065 149.685 2397.99 840.414 21.5007
internal_count=113536 76149 12164 37387 8024 29363 9448 63985 16745 2716 4631 3337 18108 1591 13408 9091 4673 11276 6832 3393 2058 1746 4144 2914 4418 895 5664 1578 3056 1551 1230 2797 1362 47240 1123 1074 1230 4086 1864 2202 957 911 551 11255 2743 487 883 497 2498 46117 1620 506 658 474 1613 361 306 1443 337 6635 2234 43
is_linear=0
shrinkage=0.05


Tree=12
num_leaves=63
num_cat=0
split_feature=15 16 13 32 13 13 32 0 0 16 16 13 32 15 38 13 38 13 13 15 0 13 22 32 13 3 32 31 13 0 13 0 32 38 0 38 22 32 32 22 13 0 32 34 15 14 31 0 10 13 38 13 0 34 13 31 38 22 0 0 16 0
split_gain=3634.68 203.852 169.731 146.923 158.381 103.487 79.2229 50.7773 46.9117 29.2004 25.3217 35.1705 45.2703 23.9022 21.563 21.484 18.66 18.0348 17.9509 15.6647 16.0712 15.2862 12.624 12.5564 12.4537 11.7991 11.7876 10.899 10.1374 10.0701 10.0234 9.12395 8.42106 8.38753 8.2712 8.05857 7.94809 7.89935 7.82105 7.8026 7.46723 6.98284 6.97044 7.25876 6.58622 9.31442 6.57385 6.4571 6.26982 6.18479 5.96837 6.83463 5.94372 5.81182 5.47155 5.26875 5.05839 4.98406 4.82217 7.25892 4.75292 4.36187
threshold=1.5534963777003714 6.9813067784765908 4.7140145363037149 1.6548430323600771 3.860674306308975 3.1132683346437333 11.109305381774904 2248.5000000000005 1953.5000000000002 0.16489180922170615 25.480508048289742 5.0205801788306017 22.136384963989261 2.659999833329167 4.9235534667968759 2.740319461670996 29.065206527709964 3.8393944990995772 2.602003343538398 0.61047173809397692 13.000000000000002 2.740319461670996 33.500000000000007 4.341989517211915 5.4701654074033046 4.5000000000000009 0.73069000244140636 6.3809897899627694 3.5408542930527882 92.500000000000014 2.740319461670996 1745.0000000000002 7.659304380416871 24.438757896423343 492.50000000000006 16.561986923217777 94.500000000000014 14.039128303527834 19.572515487670902 31.500000000000004 4.7140145363037149 1302.5000000000002 1.1051080226898196 8.2500000000000018 0.27212738254548091 731.00000000000011 1.0000000180025095e-35 234.50000000000003 0.93301270189221952 5.0594204191876377 35.382776260375984 3.5694334999727624 62.500000000000007 1.6785714626312258 2.740319461670996 6.8694658279418954 53.359102249145515 1.0000000180025095e-35 776.50000000000011 1054.5000000000002 0.71892556179775291 154.50000000000003
decision_type=2 2 2 2 2 2 2 2 2 2 2 2 2 2 2 2 2 2 2 2 2 2 2 2 2 2 2 2 2 2 2 2 2 2 2 2 2 2 2 2 2 2 2 2 2 2 2 2 2 2 2 2 2 2 2 2 2 2 2 2 2 2
left_child=3 2 7 5 8 9 16 13 19 18 11 15 24 17 26 34 41 21 -1 28 -21 39 54 35 29 27 46 -19 60 -13 36 42 -18 -23 47 48 -15 -31 56 -2 -25 57 -16 -44 -7 -46 -11 -3 -6 -34 51 -32 -14 -47 -22 -24 61 -4 -36 -60 -5 -8
right_child=1 10 6 4 23 44 38 -9 -10 14 -12 12 52 30 31 -17 32 25 -20 20 22 33 55 40 -26 -27 -28 -29 -30 37 50 -33 49 -35 58 -37 -38 -39 -40 -41 -42 -43 43 -45 45 53 -48 -49 -50 -51 -52 -53 -54 -55 -56 -57 -58 -59 59 -61 -62 -63
leaf_value=-0.021795114095669463 -0.0011445409809348109 0.0040428520044048059 -0.009474403451375249 -0.010763563714768061 -0.023931007060607939 -0.034362648903562158 -0.029779965117181281 -0.034053050387426342 -0.031263945601642674 -0.0052188791255986661 0.0093995479567243537 -0.023706483155690808 -0.015640836101366181 0.0030226511225351538 -0.021188850207768777 0.0088743425462742744 -0.032208930124741117 -0.022104278728274293 -0.028315628810842566 -0.033997576886017372 -0.0023401602632573903 0.0018061909674266772 -0.014465576788053592 -0.008603773743791239 0.011133514443450936 0.0017253388603419625 0.0032701769495851307 -0.001866855174886753 -0.026866264032980671 -0.014475309906896034 0.0080187484642448969 -0.027509253179889254 -0.012227232873941226 0.0098417054362695267 0.013091358307918433 -0.033882668165624387 -0.0095771822263968787 -0.0035283443784283131 0.0074884946278019884 -0.013536697205427883 -0.027925991642514292 0.0080116527211445392 -0.0097511595442347724 -0.022482035847807832 0.0013986849913757132 -0.023473020485468399 -0.019323342977308519 -0.015296668486593591 0.014441078174459441 -0.027225829125234215 0.008334368393120635 0.0015962977879565464 0.0067393321772280333 -0.03209458997226277 0.0039650390202707608 0.017516063892871227 -0.012794802904810063 -0.02679683956450532 -0.010317820015502101 0.0051563251772180985 0.0049830982949229342 0.00071482568461853069
leaf_weight=2696.6510441303253 820.11401602625847 62.890943765640259 126.46868646144867 378.40730021893978 132.30132694542408 2231.0778080672026 12.188787460327147 90.193150609731674 177.39493523538113 145.72812858223915 24891.514251977205 103.56599885225296 29.974518209695816 822.67121416330338 761.9431748688221 7567.8976363539696 433.93842861056328 192.97371008992195 1753.5533822476864 38.595179095864296 801.57651323080063 779.23899734020233 207.72566577792168 104.16088235378265 83.398853063583374 159.91449722647667 156.05188748240471 102.39875835180283 94.800321310758591 243.81803700327873 748.05686038732529 327.01375085115433 118.37784907221794 559.11718213558197 95.771216034889221 774.05074742436409 147.42269662022591 513.96116125583649 200.09216260910034 150.4890753030777 98.102244198322296 38.420653879642487 367.15565645694733 162.96422493457794 23.164439737796783 250.56731379032135 194.55153667926788 134.78432449698448 11.343724697828291 170.18872964382172 2447.7873023450375 933.71506434679031 1688.3897062540054 1009.2304852306843 602.40690010786057 13.507227689027784 128.34381145238876 63.006644487380981 108.64330947399139 249.76888379454613 54.344230741262436 252.62441736459732
leaf_count=7442 1579 112 293 877 370 7355 32 290 548 333 39304 260 63 1496 2045 12108 1332 498 5275 117 1605 1411 479 237 132 307 314 203 270 581 1226 959 280 913 152 2477 314 1016 334 337 291 71 867 438 54 717 510 311 21 483 3983 1694 2780 3208 1111 22 283 171 225 435 105 480
internal_value=-1.24043e-05 0.00679072 0.000278576 -0.0227119 -0.0138643 -0.0257735 -0.014893 0.00322369 -0.00653572 -0.022064 0.00851949 0.00650607 0.00150999 0.00365229 -0.0172178 0.00812409 -0.0238416 -9.00711e-05 -0.0243662 -0.00453031 -0.00214591 0.00170158 -0.00138438 -0.0293582 -0.00727897 -0.00918565 -0.00808114 -0.0151084 -0.012039 -0.00906863 0.00568177 -0.0200149 -0.0277812 0.00516736 -0.000578445 -0.0318519 0.00110194 -0.00705861 -0.000547032 -0.00307225 -0.0180094 -0.011323 -0.0181123 -0.0136777 -0.0327021 -0.0298079 -0.013301 -0.00911953 -0.020858 -0.0210967 0.00675637 0.0044563 0.00634514 -0.0303858 0.000361739 -0.0124833 -0.00465019 -0.0152721 0.00312909 0.000450225 -0.00877388 -0.000680622
internal_weight=58840.5 45272.1 9497.74 13568.4 3488.72 10079.7 1543.65 7954.09 2368.76 6565.61 35774.4 10882.9 2663.11 7863.9 2115.41 8219.76 950.401 2764.25 4450.2 2191.36 1663.81 2308.96 1625.22 1119.96 944.744 455.287 496.332 295.372 527.552 861.345 5099.65 1619.08 722.505 1338.36 651.859 917.696 970.094 757.779 593.249 970.603 202.263 227.896 1292.06 530.12 3514.04 1282.96 340.28 197.675 143.645 288.567 4129.56 1681.77 1718.36 1259.8 1403.98 221.233 393.157 189.475 454.183 358.412 432.752 264.813
internal_count=113536 75489 18010 38047 8530 29517 3759 14251 5134 18183 57479 18175 4832 13961 5466 13343 2630 5248 12717 4586 3334 4240 3217 3396 1989 1008 1157 701 1252 1857 8713 4309 2095 2324 1235 2868 1810 1597 1129 1916 528 535 3350 1305 11334 3979 843 423 391 763 6903 2920 2843 3925 2716 501 795 464 812 660 982 512
is_linear=0
shrinkage=0.05


Tree=13
num_leaves=63
num_cat=0
split_feature=16 16 12 12 16 31 31 12 12 16 12 31 14 22 30 12 12 31 16 34 12 12 37 37 2 12 34 12 12 12 11 29 12 14 12 38 22 30 14 31 12 38 12 31 37 12 31 14 33 16 14 31 12 38 16 33 31 31 3 12 16 22
split_gain=3288.61 202.458 130.422 122.012 124.867 51.2311 46.918 92.0443 43.162 38.4496 33.2953 32.572 23.4551 21.178 23.0577 20.9733 20.7795 21.3932 19.5764 21.5212 16.1893 14.4364 13.2739 12.9756 12.1273 10.9687 9.28432 8.8016 8.1862 8.12275 12.8651 13.6458 7.96268 17.4481 7.95841 7.7845 7.76923 17.883 7.73304 7.02668 6.69308 8.56245 6.69087 6.41269 6.28562 6.17229 6.11074 5.72966 5.55218 5.35967 6.64389 5.14892 5.05272 4.94971 4.80358 4.43626 4.81841 4.37908 4.31225 4.2509 4.17532 4.18306
threshold=1.3609679266895764 3.9352744030163387 90.500000000000014 21.500000000000004 0.35795971410006505 3.7114313840866093 25.570254325866703 158.50000000000003 14.500000000000002 15.528436657681942 78.500000000000014 8.7787203788757342 735.50000000000011 1.0000000180025095e-35 2.5773699283599858 11.500000000000002 232.50000000000003 14.881676197052004 0.37756813417190782 4.4642856121063241 14.500000000000002 19.500000000000004 43.302095413208015 26.227239608764652 11.500000000000002 22.500000000000004 35.250000000000007 14.500000000000002 11.500000000000002 14.500000000000002 -0.5 57.916667938232429 34.500000000000007 735.50000000000011 11.500000000000002 136.55227661132815 34.500000000000007 6.6529619693756112 710.50000000000011 1.8164388537406924 32.500000000000007 22.262242317199711 134.50000000000003 15.179964542388918 40.437614440917976 60.500000000000007 4.9892740249633798 735.50000000000011 5.5000000000000009 0.13472342264477097 675.50000000000011 7.5745379924774179 43.500000000000007 28.419122695922855 0.46402691511387167 2.928571462631226 3.3663654327392583 6.3809897899627694 1.5000000000000002 14.500000000000002 24.471657754010696 10.500000000000002
decision_type=2 2 2 2 2 2 2 2 2 2 2 2 2 2 2 2 2 2 2 2 2 2 2 2 2 2 2 2 2 2 2 2 2 2 2 2 2 2 2 2 2 2 2 2 2 2 2 2 2 2 2 2 2 2 2 2 2 2 2 2 2 2
left_child=3 2 13 4 15 18 7 20 12 16 46 23 28 27 25 49 17 22 -5 24 -3 -10 -9 -4 38 -15 -19 -2 -6 30 35 -32 33 -21 55 -8 52 -38 -20 -17 -29 -42 53 44 -44 -40 -7 -23 -27 -1 58 -12 -16 -22 -30 -14 -57 -25 -51 -39 61 -11
right_child=1 6 11 5 8 10 29 9 21 60 51 -13 34 14 36 39 -18 26 19 32 42 47 -24 57 -26 48 -28 40 54 -31 31 -33 -34 -35 -36 -37 37 59 45 -41 41 -43 43 -45 -46 -47 -48 -49 -50 50 -52 -53 -54 -55 -56 56 -58 -59 -60 -61 -62 -63
leaf_value=-0.019816360524602204 -0.00028435373208111832 0.00098052215843890886 -0.014691676332908264 -0.032109288621924956 -0.0014134184854230588 -0.0099269838728005995 -0.0013091184926440204 -0.0086210209482645971 0.01771858782472983 0.007209377638471022 -0.029575741773039028 -0.0045487698514698879 -0.0016476194484637829 -0.0059304210036524949 0.0045540703070980132 -0.024904472324789817 0.0094559138046268285 0.0025888709190137085 0.015507908138143151 -0.0086926616017869423 0.004877804805254504 0.0061773197539801324 -0.02423864043756855 -0.032852066412459614 0.01691897106715903 -0.0092923916227130986 -0.010671092390538621 0.0084751023918606255 -0.017779782301912312 0.0089126815749200426 -0.0013378508738068993 0.018277207328979247 -0.032211336995757643 -0.031415853394849085 -0.021737229764633395 -0.025939507185644934 -0.012159744471869781 -0.0056476150020716865 -0.015767165268066288 -0.0097436175123501671 -0.003581171469087486 0.0064852388325282399 0.003318243534061292 0.006511262997041297 -0.013844561726701378 -0.027479280514095369 0.0037106089901782604 -0.014977312238363492 -0.028094236802426106 0.032331002405373163 -0.015659805961278531 -0.0092718547911544089 -0.0061970330234923029 0.0083976490891925267 -0.0075993688103105032 -0.01847185348823651 -0.00093918301120137415 -0.022608135802050441 -0.0048435026830313151 0.0058315414821486604 0.0085455479791633395 -0.004122586763456444
leaf_weight=1720.6870981454849 870.88327330350876 1027.5307370126247 224.16071575880051 2977.421913921833 489.51489150524139 171.42206531763077 86.668261796236038 211.99626517295837 189.74137550592422 141.24126249551773 241.86542278528214 282.83222684264183 85.267766892910004 229.0645889043808 770.41341935098171 3277.5037090778351 122.22319337725639 231.15073719620705 15.727734714746473 133.64345681667328 1158.0490191280842 66.037812829017639 386.54467225074768 313.17865934967995 24.733557730913162 57.960209220647812 306.05499243736267 1046.1538465321064 152.16902846097946 26859.051748424768 197.14529716968536 160.38155454397202 760.25105072557926 233.36112171411514 464.75728207826614 51.279559373855591 351.79794485867023 106.50897639989853 329.04354076087475 79.545763194561005 345.40220403671265 541.90304079651833 116.37597477436066 343.90038740634918 97.831833750009537 174.83025866746902 156.87768244743347 61.603396326303482 128.85768048465252 10.94454252719879 586.80943530797958 36.847015231847763 126.90164145827293 7640.1744358837605 503.69960382580757 196.37721249461174 49.725399285554886 164.58100858330727 25.985347300767899 327.40476635098457 343.21035054326057 191.75748065114021
leaf_count=4682 1663 1910 560 9751 1014 398 166 469 292 237 746 592 183 471 1365 9600 198 424 28 323 1958 125 1043 982 45 123 654 1724 390 42421 381 221 2426 736 1240 126 770 222 860 187 696 939 208 570 214 525 298 152 345 16 1502 89 262 12280 1101 516 102 457 60 560 560 378
internal_value=-1.24536e-05 0.0063574 -0.00229367 -0.0219714 -0.0180654 -0.0278856 0.00764147 0.00507809 -0.00811256 -0.00493469 -0.0142051 -0.018898 -0.0109081 0.00104038 -0.00275645 -0.0220076 -0.0101043 -0.0122143 -0.0296704 -0.0253216 0.00694366 0.00897096 -0.0187178 -0.0246713 -0.0171297 -0.0132975 -0.00495682 0.00388389 -0.00631864 0.00879559 0.00243741 0.00744986 -0.0292711 -0.0231595 -0.0175031 -0.0105134 -0.000148105 -0.00378108 -0.018763 -0.024547 0.00576389 0.00256108 0.00759799 0.00227612 -0.00449973 -0.0198455 -0.0033959 -0.00399712 -0.0222958 -0.0183683 -0.0143629 -0.0269137 0.00302752 0.00793499 -0.00997131 -0.0115448 -0.0149515 -0.0293391 0.00609607 0.00300168 0.00467509 0.000669572
internal_weight=58777 45560.6 5888 13216.4 7960.37 5256.02 39672.6 12318 2258.89 1934.18 607.012 984.753 1941.51 4903.25 2098.91 5701.48 1257.97 1135.75 4649.01 1671.59 10383.9 317.383 598.541 701.92 544.335 415.882 537.206 2804.34 1145.38 27354.5 495.475 357.527 1127.26 367.005 796.128 137.948 1683.03 785.712 519.602 3357.05 1933.46 887.305 9356.33 558.108 214.208 503.874 328.3 127.641 186.818 2344.43 623.739 278.712 897.315 8798.22 655.869 331.37 246.103 477.76 36.9299 433.914 676.209 332.999
internal_count=113536 76149 11731 37387 21162 16225 64418 21103 5115 3963 1531 2591 4546 9140 4118 16047 2788 2590 14694 4943 17140 569 1512 1999 1458 939 1078 5022 2505 43315 894 602 3485 1059 2041 292 3179 1552 1413 9787 3359 1635 15230 992 422 1385 696 277 468 6260 1578 835 1627 14238 1491 801 618 1439 76 782 1175 615
is_linear=0
shrinkage=0.05


Tree=14
num_leaves=63
num_cat=0
split_feature=15 16 12 12 32 32 32 0 12 12 12 32 12 32 15 15 12 14 38 12 12 0 12 15 12 12 16 38 37 3 36 12 22 32 14 32 22 0 0 12 32 0 22 12 16 17 12 0 14 38 38 0 0 15 0 38 12 17 14 12 29 14
split_gain=2979.99 166.13 140.868 124.848 147.34 69.2438 54.6879 43.2068 32.53 32.181 23.4539 20.8811 31.6167 24.8371 19.0751 17.6314 19.8778 27.0314 17.2069 16.6482 13.9829 13.7656 12.9906 12.4855 12.1465 11.9456 11.3396 9.86689 9.84471 9.67091 9.39811 8.99692 8.50534 8.20805 8.08968 7.58587 7.49871 6.90105 7.95108 6.76687 6.74873 6.72481 6.62938 6.28939 5.83667 5.77422 5.68544 5.68323 5.62576 5.5271 5.35488 5.13557 4.89143 4.82132 7.17603 4.74474 4.65326 4.6526 4.58736 4.58169 4.54468 4.47088
threshold=1.5534963777003714 6.9813067784765908 106.50000000000001 21.500000000000004 1.4613800048828127 11.109305381774904 3.5217713117599492 2248.5000000000005 78.500000000000014 14.500000000000002 11.500000000000002 35.928512573242195 164.50000000000003 17.940594673156742 2.659999833329167 0.46347319508183532 46.500000000000007 735.50000000000011 29.065206527709964 14.500000000000002 45.500000000000007 1975.5000000000002 14.500000000000002 0.15340071064628588 11.500000000000002 236.50000000000003 0.25824574121058358 3.5285744667053227 6.4144840240478525 4.5000000000000009 43.676298141479499 33.500000000000007 157.50000000000003 8.7210936546325701 736.50000000000011 2.9529839754104619 18.500000000000004 344.50000000000006 313.50000000000006 14.500000000000002 16.458184242248539 1302.5000000000002 31.500000000000004 240.50000000000003 1.5422707780273639 1.0000000180025095e-35 19.500000000000004 941.50000000000011 734.50000000000011 44.693195343017585 24.438757896423343 504.00000000000006 1953.5000000000002 1.1162243405730381 1701.5000000000002 44.693195343017585 140.50000000000003 1.5000000000000002 735.50000000000011 14.500000000000002 5.1499998569488534 734.50000000000011
decision_type=2 2 2 2 2 2 2 2 2 2 2 2 2 2 2 2 2 2 2 2 2 2 2 2 2 2 2 2 2 2 2 2 2 2 2 2 2 2 2 2 2 2 2 2 2 2 2 2 2 2 2 2 2 2 2 2 2 2 2 2 2 2
left_child=3 2 7 4 10 18 15 14 34 21 23 12 19 25 20 -5 17 31 41 37 22 24 42 -1 53 45 52 -25 39 30 -22 47 49 -20 -8 -24 -26 38 -3 -28 55 -4 -2 51 -19 -14 -11 -17 -18 58 -10 57 -12 -6 -55 -7 -57 -15 -16 -34 -35 -29
right_child=1 11 5 6 9 40 8 -9 50 46 26 -13 13 43 32 16 48 44 33 -21 29 -23 35 27 36 -27 28 61 -30 -31 -32 -33 59 60 -36 -37 -38 -39 -40 -41 -42 -43 -44 -45 -46 -47 -48 -49 -50 -51 -52 -53 -54 54 -56 56 -58 -59 -60 -61 -62 -63
leaf_value=-0.019029262529294926 -0.0010308217467262402 -0.00028457885917804404 -0.013942404705621324 -0.030610575009558147 -0.0039399217471653113 0.0011974691833350857 -0.00096683857433734572 -0.032133615918893611 -0.0076566623317265575 0.016097132612622463 -0.023073964632503826 0.0085179758820563122 -0.0036837250370749634 0.0043653104121972987 0.0073522795254593659 -0.012236808512456421 0.015283971882445263 -0.028618691978564523 -0.028418589083921898 0.00779359288493573 -0.017334633811167989 -0.02355771243504165 -0.0037495873283116092 0.0026732040788153854 -0.007423156711716331 0.011206244403138584 -0.013352972287689543 -0.00059482279666443771 -0.022071751361270275 0.0019135501914233151 0.0090191861923929837 -0.017212202318380408 -0.011326131158954497 -0.0074801701370125111 -0.037256988171510089 0.0064489678361223761 -0.020140468944062649 0.0025322802517802733 -0.022428424499801081 0.0083834214546632448 0.0050996362352299313 0.007213643450362444 -0.012461577050213953 0.0087253394241139908 -0.004602691610358439 -0.015338357093171592 0.0013603230882687227 0.0052372269250792677 -0.029822857951291248 0.0079442262848203136 -0.028764706971617472 0.0044139392420096063 -0.027825111700873123 0.0033065030361709644 0.044964831072804287 0.00040768838775965643 -0.017134124575786221 -0.0059374620153628275 0.0030799122116576148 0.0014810316416968236 -0.023110291102060625 -0.014854557665020213
leaf_weight=1783.4457969069481 820.07477191090584 100.4559186398983 202.56774345040321 3117.3700897097588 359.28429886698723 146.91798269748688 337.54621142148972 86.372983813285828 35.535494148731232 192.59885585308075 2244.9816694259644 24509.706794053316 160.96956911683083 168.95245668292046 916.82145702838898 73.205689668655396 6.7663980424404135 383.61276178061962 547.17182806134224 8440.9296746551991 242.95058953762054 116.4708645939827 217.04382720589638 105.40042600035667 642.70782944560051 65.844087421894073 266.45540153980255 60.757632315158844 453.63120952248573 152.97789034247398 38.969982296228409 154.62224777042866 103.66461336612701 83.903082340955734 16.010744333267212 1120.4539268612862 142.29875141382217 456.8325320482254 68.400290638208389 40.997846812009811 308.31679874658585 45.704175174236298 150.25612393021584 437.24767288565636 27.667545229196548 320.56537944078445 100.31224903464317 127.02451524138451 835.04092462360859 1794.4605559110641 225.71505507826805 705.97185677289963 737.2824159860611 228.26451084017754 10.762429624795912 56.901676893234253 109.37128764390945 309.67656302452087 2021.6325890123844 211.95067259669304 108.06625363230705 661.53263598680496
leaf_count=4869 1579 193 497 10258 769 280 679 280 87 297 6573 38700 335 290 1535 173 13 1183 1666 13575 596 343 425 219 1401 103 663 133 1263 292 70 405 226 192 52 1899 355 821 171 76 530 86 337 694 58 776 197 253 2640 2937 699 1211 2262 428 11 107 261 610 3554 368 293 1688
internal_value=-1.24078e-05 0.00613823 0.000255651 -0.0206399 -0.0167432 -0.0132252 -0.0265836 0.00300974 -0.0125385 -0.00408006 -0.0203148 0.00769927 0.00591285 0.0004879 0.00340039 -0.0284097 -0.024138 -0.0182889 -0.021454 0.00721022 4.19993e-05 -0.00704267 0.00159367 -0.0166691 -0.00564694 -0.00871783 -0.022856 -0.0115759 -0.01738 -0.00817909 -0.0136721 -0.00815421 0.00522388 -0.0252838 -0.00263444 0.00479009 -0.00973707 -0.000651799 -0.00929217 -0.0104365 -0.000142522 -0.0100263 -0.00280713 0.00359829 -0.0270168 -0.0114544 0.0110695 -0.00112937 -0.0294526 0.00575418 -0.0259167 0.00170105 -0.0242511 -0.000271437 0.00522114 -0.00531904 -0.0111043 -0.00229006 0.00441483 -0.00271193 -0.0163124 -0.0136622
internal_weight=58719.4 45232.1 9486.55 13487.3 8147.18 1608.92 5340.12 7877.63 614.808 1792.7 6354.49 35745.6 11235.8 2169.23 7791.26 4725.31 1607.94 766.133 987.413 9066.62 2742.73 1499.79 2307.83 2611.14 1383.32 547.379 3743.35 827.691 761.084 434.898 281.921 354.852 5048.53 739.141 353.557 1337.5 785.007 625.689 168.856 307.453 621.508 248.272 970.331 1621.85 411.28 481.535 292.911 200.23 841.807 4732.91 261.251 1184.6 2982.26 598.311 239.027 313.191 166.273 478.629 2938.45 315.615 191.969 722.29
internal_count=113536 75489 18010 38047 21547 3912 16500 14098 1517 3801 17746 57479 18779 4019 13818 14983 4725 2072 2734 14760 5198 3307 4240 6909 2964 1214 10837 2040 2002 958 666 831 8620 2151 731 2324 1756 1185 364 739 1178 583 1916 2805 1241 1111 494 426 2653 8026 786 2111 8835 1208 439 648 368 900 5089 594 485 1821
is_linear=0
shrinkage=0.05


end of trees

feature_importances:
NbCirculations=211
rolling_std_30_ventes=117
LiaisonId=111
liaison_cible_encodage_ventes=78
interaction_jour_liaison_ventes=62
log_offset_circulations=57
rolling_std_30_circulations=47
rolling_std_14_ventes=32
lag_1_circulations=31
rolling_mean_30_circulations=31
liaison_frequence=25
JourSemaine=22
rolling_mean_14_circulations=19
lag_1_ventes=18
rolling_std_14_circulations=14
mois_cos=9
rolling_std_7_ventes=8
mois_sin=6
rolling_mean_30_ventes=6
Mois=5
rolling_mean_7_circulations=4
jour_semaine_sin=3
lag_30_ventes=3
jour_semaine_cos=2
rolling_std_7_circulations=2
Annee=1
EstWeekend=1
EstFerie=1
EstRamadan=1
lag_7_circulations=1
lag_30_circulations=1
rolling_mean_14_ventes=1

parameters:
[boosting: gbdt]
[objective: tweedie]
[metric: rmse,tweedie]
[tree_learner: serial]
[device_type: cpu]
[data_sample_strategy: bagging]
[data: ]
[valid: ]
[num_iterations: 1000]
[learning_rate: 0.05]
[num_leaves: 63]
[num_threads: 2]
[seed: 42]
[deterministic: 1]
[force_col_wise: 0]
[force_row_wise: 1]
[histogram_pool_size: -1]
[max_depth: 8]
[min_data_in_leaf: 20]
[min_sum_hessian_in_leaf: 0.001]
[bagging_fraction: 0.8]
[pos_bagging_fraction: 1]
[neg_bagging_fraction: 1]
[bagging_freq: 0]
[bagging_seed: 400]
[bagging_by_query: 0]
[feature_fraction: 0.8]
[feature_fraction_bynode: 1]
[feature_fraction_seed: 30056]
[extra_trees: 0]
[extra_seed: 12879]
[early_stopping_round: 0]
[early_stopping_min_delta: 0]
[first_metric_only: 0]
[max_delta_step: 0]
[lambda_l1: 0.1]
[lambda_l2: 0.1]
[linear_lambda: 0]
[min_gain_to_split: 0]
[drop_rate: 0.1]
[max_drop: 50]
[skip_drop: 0.5]
[xgboost_dart_mode: 0]
[uniform_drop: 0]
[drop_seed: 17869]
[top_rate: 0.2]
[other_rate: 0.1]
[min_data_per_group: 100]
[max_cat_threshold: 32]
[cat_l2: 10]
[cat_smooth: 10]
[max_cat_to_onehot: 4]
[top_k: 20]
[monotone_constraints: ]
[monotone_constraints_method: basic]
[monotone_penalty: 0]
[feature_contri: ]
[forcedsplits_filename: ]
[refit_decay_rate: 0.9]
[cegb_tradeoff: 1]
[cegb_penalty_split: 0]
[cegb_penalty_feature_lazy: ]
[cegb_penalty_feature_coupled: ]
[path_smooth: 0]
[interaction_constraints: ]
[verbosity: 1]
[saved_feature_importance_type: 0]
[use_quantized_grad: 0]
[num_grad_quant_bins: 4]
[quant_train_renew_leaf: 0]
[stochastic_rounding: 1]
[linear_tree: 0]
[max_bin: 255]
[max_bin_by_feature: ]
[min_data_in_bin: 3]
[bin_construct_sample_cnt: 200000]
[data_random_seed: 175]
[is_enable_sparse: 1]
[enable_bundle: 1]
[use_missing: 1]
[zero_as_missing: 0]
[feature_pre_filter: 1]
[pre_partition: 0]
[two_round: 0]
[header: 0]
[label_column: ]
[weight_column: ]
[group_column: ]
[ignore_column: ]
[categorical_feature: ]
[forcedbins_filename: ]
[precise_float_parser: 0]
[parser_config_file: ]
[objective_seed: 16083]
[num_class: 1]
[is_unbalance: 0]
[scale_pos_weight: 1]
[sigmoid: 1]
[boost_from_average: 1]
[reg_sqrt: 0]
[alpha: 0.9]
[fair_c: 1]
[poisson_max_delta_step: 0.7]
[tweedie_variance_power: 1.5]
[lambdarank_truncation_level: 30]
[lambdarank_norm: 1]
[label_gain: ]
[lambdarank_position_bias_regularization: 0]
[eval_at: ]
[multi_error_top_k: 1]
[auc_mu_weights: ]
[num_machines: 1]
[local_listen_port: 12400]
[time_out: 120]
[machine_list_filename: ]
[machines: ]
[gpu_platform_id: -1]
[gpu_device_id: -1]
[gpu_device_id_list: ]
[gpu_use_dp: 0]
[num_gpu: 1]

end of parameters

pandas_categorical:[]
