tree
version=v4
num_class=1
num_tree_per_iteration=1
label_index=0
max_feature_idx=25
objective=regression
feature_names=LiaisonId_code Annee Mois JourSemaine EstWeekend EstFerie EstRamadan EstVacances jour_semaine_sin jour_semaine_cos mois_sin mois_cos liaison_frequence liaison_cible_encodage_controles interaction_jour_liaison_controles lag_1_controles lag_7_controles lag_14_controles lag_30_controles lag_365_controles rolling_mean_7_controles rolling_mean_14_controles rolling_mean_30_controles rolling_std_7_controles rolling_std_14_controles rolling_std_30_controles
feature_infos=[0:2316] [2023:2025] [1:12] [0:6] [0:1] none [0:1] none [-0.97492790222167969:0.97492790222167969] [-0.90096884965896606:1] [-1:1] [-1:1] [1:1462] [0.0015174506697803736:6030.25732421875] [0:7375.875] [0:16200] [0:12764] [0:13523] [0:12146] [0:10626] [0:10565.142578125] [0:8707.857421875] [0:7545] [0:4841.62109375] [0:4364.6845703125] [0:4350.2431640625]
tree_sizes=5922 6154 6162 6160 6190 6204 6163 6134 6141 6153 6116 6176 6122 6195 6190 6215 6164 6187 6213 6146 6154 6183 6202 6245 6209 6181 6175 6177 6241 6219 6223 6192 6196 6221 6248 6261 6226 6207 6174 6219 6216 6236 6182 6142 6248 6137 6135 6185 6185 6226 6198 6226 6246 6276 6270 6193 6141

Tree=0
num_leaves=63
num_cat=0
split_feature=12 12 12 15 15 12 12 15 12 12 12 14 20 11 21 15 12 20 12 10 12 11 21 1 14 9 1 9 10 9 11 11 10 11 9 1 1 10 16 12 11 11 1 11 3 3 19 8 1 12 3 9 10 16 8 11 16 3 10 21 15 16
split_gain=40089.9 5510.31 3972.75 1343.82 876.18 661.668 436.443 284.194 277.993 269.662 211.087 152.458 103.86 103.633 100.193 92.7654 90.9206 88.0707 82.3496 78.2692 76.5566 65.7214 62.2508 57.5448 63.7146 117.156 55.3766 166.68 46.7741 45.9825 45.225 44.0162 38.7337 38.1688 85.6936 94.2131 38.042 37.834 34.5677 34.1802 33.572 33.4973 32.6179 29.71 49.9102 49.2 29.3868 72.1879 27.6538 27.5659 27.2327 26.4249 25.6772 25.6608 25.5353 145.02 25.2382 24.6132 23.62 23.5598 21.502 20.0102
threshold=402.50000000000006 938.50000000000011 154.50000000000003 1.0000000180025095e-35 1.0000000180025095e-35 54.500000000000007 1189.0000000000002 1.0000000180025095e-35 637.50000000000011 612.50000000000011 262.50000000000006 19.918363571166996 1.0000000180025095e-35 1.0000000180025095e-35 1.0000000180025095e-35 1.0000000180025095e-35 21.500000000000004 1.0000000180025095e-35 279.50000000000006 0.25000000000000011 1348.0000000000002 -0.25000000000000006 1.0000000180025095e-35 2024.5000000000002 19.918363571166996 -0.56174489110708226 2024.5000000000002 -0.56174489110708226 0.68301269412040722 1.0000000180025095e-35 0.68301269412040722 -0.25000000000000006 0.25000000000000011 -0.93301269412040699 1.0000000180025095e-35 2024.5000000000002 2024.5000000000002 0.25000000000000011 1.0000000180025095e-35 1055.0000000000002 1.0000000180025095e-35 -0.25000000000000006 2024.5000000000002 0.93301269412040722 1.0000000180025095e-35 4.5000000000000009 1.0000000180025095e-35 1.0000000180025095e-35 2024.5000000000002 802.00000000000011 2.5000000000000004 -0.56174489110708226 1.0000000180025095e-35 1.0000000180025095e-35 0.6078576147556306 0.68301269412040722 1.5000000000000002 1.5000000000000002 -0.25000000000000006 1.0000000180025095e-35 9.5000000000000018 1.0000000180025095e-35
decision_type=2 2 2 2 2 2 2 2 2 2 2 2 2 2 2 2 2 2 2 2 2 2 2 2 2 2 2 2 2 2 2 2 2 2 2 2 2 2 2 2 2 2 2 2 2 2 2 2 2 2 2 2 2 2 2 2 2 2 2 2 2 2
left_child=2 3 5 9 10 11 15 14 28 12 22 16 -2 61 23 -3 -1 -12 -6 26 41 49 -4 24 -7 -26 57 -28 53 -25 -31 -14 42 34 -9 -36 59 51 -15 -17 52 -8 -20 -13 -45 -46 -35 -48 -30 -10 -49 -38 -19 -5 -21 -56 -23 -16 -24 -18 -43 -11
right_child=1 6 4 8 18 7 20 33 21 13 17 43 31 38 19 39 36 40 32 54 -22 56 58 29 25 -27 27 -29 48 30 -32 -33 -34 46 35 -37 37 -39 -40 -41 -42 60 -44 44 45 -47 47 50 -50 -51 -52 -53 -54 -55 55 -57 -58 -59 -60 -61 -62 -63
leaf_value=0.14395031374014899 0.15305426544807019 0.17367446665144717 0.14760494310286096 0.16661169566648057 0.15798402775555689 0.14514532746342707 0.18632546897786703 0.15079486295127043 0.1743189837760877 0.16546726471073955 0.15106657799616155 0.14999959476991917 0.16117059647263698 0.1598350119874373 0.14641992776087082 0.17782220059175399 0.1443552820888227 0.1586301689806025 0.16266284609514717 0.14602428026139586 0.1890804183021777 0.16915775890443441 0.1523790649706617 0.1462480408121514 0.17521122514918372 0.14791531386910889 0.15750910230011117 0.14831867750121758 0.1599175685581026 0.14964524019977035 0.16217741302119618 0.15777746109733581 0.15996134468770778 0.15139326142317952 0.14936904067063975 0.1758318765836776 0.14949119965428487 0.14526244385862103 0.1643536481711787 0.18154910493152229 0.15391394372085132 0.17839949830489865 0.16823758955063314 0.18494778667123538 0.14528471189152428 0.16526746167629325 0.1486566195793611 0.15587934566486697 0.16612736407224585 0.17864944454442422 0.18141572795597746 0.14644077766941008 0.15520103513414249 0.16983196678898727 0.14537028500624913 0.15494954650008005 0.17309102549855224 0.14876925447429176 0.15025031359359076 0.1457229645195133 0.18355371323133271 0.16949214625445802
leaf_weight=320023 8072 8958 17882 13883 18268 88160 10989 2036 11605 5489 16658 6893 17257 9854 15416 12833 113426 9718 8636 46793 12559 7656 19834 14735 488 2019 6962 16931 3099 9934 776 21461 8402 20507 516 964 9994 62816 7437 11915 21033 2505 3779 153 655 581 655 149 4274 5413 353 24562 12483 11221 13379 5606 8800 40344 37989 43656 10962 7123
leaf_count=320023 8072 8958 17882 13883 18268 88160 10989 2036 11605 5489 16658 6893 17257 9854 15416 12833 113426 9718 8636 46793 12559 7656 19834 14735 488 2019 6962 16931 3099 9934 776 21461 8402 20507 516 964 9994 62816 7437 11915 21033 2505 3779 153 655 581 655 149 4274 5413 353 24562 12483 11221 13379 5606 8800 40344 37989 43656 10962 7123
internal_value=0.150994 0.170743 0.146958 0.165085 0.153839 0.145576 0.182155 0.147542 0.170319 0.160585 0.151938 0.144608 0.158214 0.164294 0.147054 0.178038 0.144511 0.154156 0.160435 0.147928 0.185904 0.173517 0.150183 0.145959 0.145369 0.153227 0.148983 0.150996 0.167022 0.14806 0.150554 0.15929 0.162585 0.152615 0.157448 0.166603 0.145217 0.145994 0.161779 0.179617 0.155346 0.184272 0.16436 0.151343 0.158015 0.154674 0.151831 0.159584 0.163518 0.175697 0.173849 0.147323 0.156702 0.168051 0.146652 0.148199 0.171262 0.14812 0.150981 0.144735 0.182596 0.167741
internal_weight=1.25753e+06 213365 1.04416e+06 142644 174682 869482 70721 286723 65951 76693 135597 582759 46790 29903 261543 33706 574477 59892 39085 145431 37015 33474 75705 116112 90667 2507 79653 23893 32477 25445 10710 38718 20817 25180 3516 1480 254454 97372 17291 24748 43234 24456 12415 8282 1389 1236 21664 1157 7373 17018 502 34556 22201 25104 65778 18985 16456 55760 57823 157082 13467 12612
internal_count=1257529 213365 1044164 142644 174682 869482 70721 286723 65951 76693 135597 582759 46790 29903 261543 33706 574477 59892 39085 145431 37015 33474 75705 116112 90667 2507 79653 23893 32477 25445 10710 38718 20817 25180 3516 1480 254454 97372 17291 24748 43234 24456 12415 8282 1389 1236 21664 1157 7373 17018 502 34556 22201 25104 65778 18985 16456 55760 57823 157082 13467 12612
is_linear=0
shrinkage=1


Tree=1
num_leaves=63
num_cat=0
split_feature=12 12 12 13 12 12 12 23 12 23 21 11 11 12 2 2 12 11 2 1 9 11 11 1 2 17 23 11 3 2 9 2 11 13 6 1 13 1 13 9 21 17 11 0 1 1 2 2 1 2 18 12 9 2 18 2 1 12 2 18 12 9
split_gain=36181.2 4980.01 3585.42 1321.07 629.843 610.951 517.026 479.474 237.456 215.936 198.171 185.558 104.406 102.403 101.667 83.2618 77.9835 75.802 83.1566 67.522 96.9651 67.3767 62.0523 61.3898 61.2007 55.1431 48.7183 48.3675 43.8059 42.2786 41.7825 43.0402 40.2084 39.3861 39.1121 38.8876 37.7328 47.937 61.2009 34.9869 34.9352 33.6864 36.039 32.9357 32.5127 32.2228 32.0393 31.9244 31.6864 30.1683 60.8142 30.1263 29.5183 29.0215 83.2629 28.4178 25.8218 24.4823 24.4643 23.5751 22.2651 21.8156
threshold=402.50000000000006 891.50000000000011 154.50000000000003 19.151821136474613 637.50000000000011 53.500000000000007 1127.5000000000002 1.0000000180025095e-35 262.50000000000006 0.43295724689960485 1.0000000180025095e-35 1.0000000180025095e-35 -0.25000000000000006 1307.0000000000002 5.5000000000000009 5.5000000000000009 21.500000000000004 -0.25000000000000006 7.5000000000000009 2024.5000000000002 -0.56174489110708226 0.68301269412040722 -0.25000000000000006 2024.5000000000002 1.5000000000000002 1.0000000180025095e-35 1.0000000180025095e-35 0.68301269412040722 1.5000000000000002 5.5000000000000009 1.0000000180025095e-35 1.5000000000000002 -0.25000000000000006 11.682336807250978 1.0000000180025095e-35 2024.5000000000002 19.151821136474613 2023.5000000000002 20.493628501892093 -0.56174489110708226 1.0000000180025095e-35 1.0000000180025095e-35 0.68301269412040722 1336.5000000000002 2024.5000000000002 2023.5000000000002 5.5000000000000009 5.5000000000000009 2024.5000000000002 1.5000000000000002 1.0000000180025095e-35 705.00000000000011 -0.56174489110708226 1.5000000000000002 1.0000000180025095e-35 7.5000000000000009 2024.5000000000002 705.00000000000011 6.5000000000000009 1.0000000180025095e-35 536.00000000000011 -0.56174489110708226
decision_type=2 2 2 2 2 2 2 2 2 2 2 2 2 2 2 2 2 2 2 2 2 2 2 2 2 2 2 2 2 2 2 2 2 2 2 2 2 2 2 2 2 2 2 2 2 2 2 2 2 2 2 2 2 2 2 2 2 2 2 2 2 2
left_child=2 4 3 5 9 16 22 24 29 -2 23 34 15 32 49 60 -1 18 47 28 -21 26 58 53 39 27 -13 56 -16 59 -25 -32 -8 -24 51 -31 40 38 -38 -4 -26 42 -19 -17 55 -35 -46 -10 -28 50 -12 -6 -37 54 -7 -18 -14 -23 -3 -9 -11 -48
right_child=1 6 7 -5 11 10 13 8 17 12 14 21 25 -15 19 43 44 41 -20 20 -22 57 33 30 36 -27 48 -29 -30 35 31 -33 -34 45 -36 52 37 -39 -40 -41 -42 -43 -44 -45 46 -47 61 -49 -50 -51 -52 -53 -54 -55 -56 -57 -58 -59 -60 -61 -62 -63
leaf_value=-0.006694637119517702 0.0031051082539207248 0.024871841253465084 -0.0026333295230794099 0.039602627428180076 0.018251056382405623 -0.0041567719553158838 0.032675913503232908 -0.00012835163666371943 0.0050412584111504712 0.0085412183167380678 -0.0028172902052946238 0.00015236722386401634 0.0039718043537292497 0.035544059014615929 -0.0041848271708562054 0.014349923719739697 -0.0066195666643568173 0.0018581084930364964 0.013308094520827769 0.0050149479473183857 -0.0011233762520029699 0.01391680799813326 -0.0043076200231239687 -0.0045062034928024059 -0.00335341231840854 0.011850553045108139 0.010265190229148853 0.01012882995713613 -0.0013287171336771838 0.0021206110150681677 0.010541416264413812 -0.001367894195671413 0.028887665745798596 0.027131829731710355 0.0081135939096390643 0.010308050978567802 0.033367134712987412 -0.0010028271429972496 -0.00053480804114241294 0.010722224493017294 -0.00064139370638765874 0.0073702097269000739 0.0056667623500462477 0.019975302828344723 -0.0054690253874234923 0.021323599027471468 -0.0015364221994855342 0.0085730171581403537 0.0156262816413919 -0.0043247643169775944 0.0078662137556173573 0.021779642261233214 0.0041410301935787116 -0.0056642709266626189 0.023121483762751589 -0.0052591189444463754 0.0089442923998702874 0.018108238944304807 0.029135618047888858 0.0041592177751331779 0.012653660257169332 -0.0043555375736359005
leaf_weight=324609 9281 8736 708 1646 9570 1668 12771 21580 12092 8349 21899 867 7799 16525 18623 17969 79807 11986 6337 9165 21585 5511 140 15477 23400 14403 6771 12288 48135 22608 818 10433 15650 2872 656 2750 295 848 242 1591 24120 9232 12903 3050 60702 14453 9661 13616 4662 53204 1418 16588 6609 92467 336 74084 3930 9553 5520 3765 5451 23745
leaf_count=324609 9281 8736 708 1646 9570 1668 12771 21580 12092 8349 21899 867 7799 16525 18623 17969 79807 11986 6337 9165 21585 5511 140 15477 23400 14403 6771 12288 48135 22608 818 10433 15650 2872 656 2750 295 848 242 1591 24120 9232 12903 3050 60702 14453 9661 13616 4662 53204 1418 16588 6609 92467 336 74084 3930 9553 5520 3765 5451 23745
internal_value=2.02489e-09 0.0187618 -0.0038338 -0.00514706 0.0130411 -0.00523194 0.0289619 0.00270293 0.00438983 0.0102909 -0.00338432 0.0172299 0.0112014 0.0324117 -0.0023032 0.0131849 -0.00618454 0.00643053 0.00817707 -0.00123254 0.000705992 0.0143325 0.0240735 -0.00493664 -0.0013649 0.00940373 0.0115853 0.00793612 -0.00212555 0.00203377 -0.00282064 -0.000501502 0.0305902 0.0220734 0.0201864 0.00324301 -0.00173978 0.00639424 0.0180826 0.00660714 -0.00197697 0.00479008 0.00383281 0.0151665 -0.00551685 0.0222869 -0.00478447 0.00691204 0.0124518 -0.00366744 -0.00216734 0.020489 0.00595374 -0.00553525 0.000415258 -0.00596468 0.00563841 0.0165753 0.0265233 0.000508383 0.0101661 -0.00354041
internal_weight=1.25753e+06 213365 1.04416e+06 869482 136698 867836 76667 174682 123478 82520 295228 54178 73239 44946 174029 34819 572608 66166 32045 97508 30750 27364 31721 121199 51204 38420 12300 24017 66758 57312 26728 11251 28421 17465 26814 31967 48905 1385 537 2299 47520 34121 24889 21019 247999 17325 94108 25708 11433 76521 23317 26158 9359 94471 2004 153891 11729 15064 14256 25345 13800 33406
internal_count=1257529 213365 1044164 869482 136698 867836 76667 174682 123478 82520 295228 54178 73239 44946 174029 34819 572608 66166 32045 97508 30750 27364 31721 121199 51204 38420 12300 24017 66758 57312 26728 11251 28421 17465 26814 31967 48905 1385 537 2299 47520 34121 24889 21019 247999 17325 94108 25708 11433 76521 23317 26158 9359 94471 2004 153891 11729 15064 14256 25345 13800 33406
is_linear=0
shrinkage=0.05


Tree=2
num_leaves=63
num_cat=0
split_feature=12 12 12 13 15 15 12 12 15 12 20 12 12 21 12 15 12 11 12 15 2 11 1 2 3 1 2 2 11 1 8 2 17 2 11 2 2 11 9 1 20 13 12 12 11 11 2 11 16 16 17 11 8 1 15 17 13 13 2 12 2 2
split_gain=32677.4 4303.53 3583.58 1203.12 880.659 810.892 738.657 357.313 323.471 156.17 147.383 131.297 125.653 108.6 96.4815 81.7508 78.0984 68.9041 62.9455 60.636 58.6563 54.3839 49.5503 47.3605 46.9853 37.0394 36.8422 36.3739 36.3493 36.2133 35.749 35.5399 35.4862 34.5985 33.9381 40.1095 33.0738 29.8016 70.6641 85.3419 29.6967 28.0519 28.0296 27.962 27.5736 26.9246 26.46 24.1075 23.2261 21.3677 21.273 21.2116 20.5573 20.2521 19.2052 19.1786 18.977 58.2769 18.6186 17.9055 17.8016 17.7214
threshold=455.50000000000006 190.50000000000003 938.50000000000011 19.151821136474613 1.0000000180025095e-35 1.0000000180025095e-35 69.500000000000014 1189.0000000000002 1.0000000180025095e-35 711.00000000000011 1.0000000180025095e-35 680.00000000000011 28.500000000000004 1.0000000180025095e-35 309.00000000000006 1.0000000180025095e-35 317.50000000000006 -0.25000000000000006 1348.0000000000002 1.0000000180025095e-35 5.5000000000000009 1.0000000180025095e-35 2024.5000000000002 1.5000000000000002 5.5000000000000009 2024.5000000000002 5.5000000000000009 1.5000000000000002 -0.25000000000000006 2024.5000000000002 0.6078576147556306 5.5000000000000009 1.0000000180025095e-35 7.5000000000000009 -0.25000000000000006 5.5000000000000009 8.5000000000000018 -0.93301269412040699 1.0000000180025095e-35 2024.5000000000002 1.0000000180025095e-35 20.493628501892093 1055.0000000000002 116.50000000000001 -0.25000000000000006 0.68301269412040722 7.5000000000000009 -0.25000000000000006 1.0000000180025095e-35 1.0000000180025095e-35 1.0000000180025095e-35 1.0000000180025095e-35 0.6078576147556306 2024.5000000000002 9.5000000000000018 1.0000000180025095e-35 19.151821136474613 20.493628501892093 6.5000000000000009 10.500000000000002 5.5000000000000009 6.5000000000000009
decision_type=2 2 2 2 2 2 2 2 2 2 2 2 2 2 2 2 2 2 2 2 2 2 2 2 2 2 2 2 2 2 2 2 2 2 2 2 2 2 2 2 2 2 2 2 2 2 2 2 2 2 2 2 2 2 2 2 2 2 2 2 2 2
left_child=1 3 4 6 11 10 12 15 13 34 27 17 59 23 55 -4 60 49 44 25 52 -13 -22 24 -8 33 53 30 61 -25 -3 -27 47 -14 35 -6 46 38 -10 -40 -19 -5 -17 -39 -9 -36 -28 58 -23 -2 -42 -29 -15 -18 -46 -12 -53 -58 -16 -1 -7 -11
right_child=2 5 7 41 9 16 8 18 37 28 14 21 19 20 32 42 26 40 -20 -21 22 48 -24 29 -26 31 36 51 -30 -31 -32 -33 -34 -35 45 -37 -38 43 39 -41 50 -43 -44 -45 54 -47 -48 -49 -50 -51 -52 56 -54 -55 -56 -57 57 -59 -60 -61 -62 -63
leaf_value=-0.0065770548059442538 0.0088775552670624525 0.0012622523860859429 0.020310908074554948 0.037945221127576659 0.014561659737278214 0.0056610393389714981 -0.00069169742924763712 0.031908030634282596 0.00092944908949938875 0.021889487053470075 0.0008678984539320137 0.016109709706458471 -0.006158392071257901 -0.0039286489775041773 0.0041511973894407554 0.024263897989605619 0.0069273817257882193 0.0024913333856413531 0.034405078536045144 -0.0013851082341868888 -0.0020942960168000456 0.0086952635234604798 0.00075798191813547251 -0.0051773812587303791 0.017916432229580528 -0.0048940622545387141 0.013357495395545337 0.00061367334324937198 0.019555262630275447 -0.0025773717319473176 0.016149758483192521 -0.0027755745624718159 0.0070300012612240087 -0.0046574998380424339 0.012413035740977633 0.019516265996199635 0.010636031981338195 0.00028306169285268422 -0.00048557978141811173 0.024277720292769516 0.0057892974070239819 -0.0048221457111256201 0.027639438246591083 0.0037901361301097437 0.02455789126536979 0.016409569509467425 0.019092254295144349 0.0026244504737671656 0.013231972551148566 0.012529114299086623 0.0091566775480222944 -0.0022561480357377434 -0.0019311936729593639 0.011517179547086656 0.029428807621357429 0.003517541264575342 0.019778111422896771 -0.002702170939851597 0.0081726740113944232 -0.0059065258234574144 0.0088738307689101951 0.02593349114159741
leaf_weight=196118 8987 1166 8958 1688 6345 7228 2360 10989 2023 6393 31030 8154 81969 44692 8428 12833 4180 4239 12559 12274 53231 6216 21324 69536 396 57865 5364 14115 10971 16598 617 30115 13221 72324 7582 11534 5849 11042 547 954 12013 39 11915 11719 2505 9541 3232 16239 5185 7257 7712 20533 18114 5682 10962 8760 404 1005 4379 202830 10734 4755
leaf_count=196118 8987 1166 8958 1688 6345 7228 2360 10989 2023 6393 31030 8154 81969 44692 8428 12833 4180 4239 12559 12274 53231 6216 21324 69536 396 57865 5364 14115 10971 16598 617 30115 13221 72324 7582 11534 5849 11042 547 954 12013 39 11915 11719 2505 9541 3232 16239 5185 7257 7712 20533 18114 5682 10962 8760 404 1005 4379 202830 10734 4755
internal_value=7.58486e-09 -0.00337504 0.0192482 -0.00471534 0.0138728 0.00412753 -0.00479482 0.0281323 -0.00249821 0.0183122 0.00202815 0.0096295 -0.00568231 -0.00310816 0.0032186 0.024407 0.0100823 0.00799476 0.0315243 -0.00481424 -0.00222687 0.0129905 -0.00127843 -0.00446996 0.00198078 -0.00498794 0.0119302 -0.000553232 0.0216017 -0.00467642 0.00641744 -0.00416898 0.00488214 -0.00545489 0.0162332 0.0177583 0.0135396 0.00275177 0.00703104 0.0152506 0.00629006 0.0369763 0.0258894 0.00208898 0.0300445 0.0146403 0.0155145 0.00390429 0.010759 0.0105093 0.00710616 -0.000898083 -0.00335264 0.00957239 0.0285233 0.00145137 -0.0018708 0.00374096 0.00552667 -0.00623616 0.0075813 0.0236151
internal_weight=1.25753e+06 1.06992e+06 187605 907758 116884 162166 906031 70721 252536 57121 119897 59763 653495 226251 82057 33706 42269 40208 37015 254547 137361 19555 74555 88890 2756 242273 24307 37840 22119 86134 1783 87980 42267 154293 35002 17879 14445 26285 3524 1501 23964 1727 24748 22761 24456 17123 8596 29046 11401 16244 19725 36057 62806 9862 13467 39790 21942 1409 12807 398948 17962 11148
internal_count=1257529 1069924 187605 907758 116884 162166 906031 70721 252536 57121 119897 59763 653495 226251 82057 33706 42269 40208 37015 254547 137361 19555 74555 88890 2756 242273 24307 37840 22119 86134 1783 87980 42267 154293 35002 17879 14445 26285 3524 1501 23964 1727 24748 22761 24456 17123 8596 29046 11401 16244 19725 36057 62806 9862 13467 39790 21942 1409 12807 398948 17962 11148
is_linear=0
shrinkage=0.05


Tree=3
num_leaves=63
num_cat=0
split_feature=12 12 12 13 15 15 12 12 12 12 15 15 12 12 12 11 21 13 23 21 10 21 16 17 12 12 17 2 11 11 10 13 11 11 3 16 17 10 2 11 2 3 2 10 15 2 13 11 16 16 3 2 11 9 2 2 11 10 13 13 19 3
split_gain=29514.6 4656.35 2345.81 1031.28 974.247 700.733 624.933 286.983 195.651 193.729 186.602 139.792 130.606 83.8575 77.2537 71.0834 69.1968 80.4774 69.1247 52.3121 51.7441 41.7259 41.1319 39.9516 39.633 37.278 36.5603 35.5913 33.6635 30.7156 30.5183 28.4495 28.0619 27.4217 69.9802 25.9137 25.7844 56.231 25.5873 24.713 24.3145 28.1768 23.774 22.8838 22.2032 22.1033 21.9619 21.3537 21.3362 20.9981 19.567 33.9821 18.6146 26.6133 17.9336 26.9158 17.3249 16.9901 16.8299 22.8238 16.4396 16.0023
threshold=366.00000000000006 802.00000000000011 112.50000000000001 19.151821136474613 1.0000000180025095e-35 1.0000000180025095e-35 1127.5000000000002 41.500000000000007 243.00000000000003 544.50000000000011 1.0000000180025095e-35 1.0000000180025095e-35 637.50000000000011 1307.0000000000002 234.50000000000003 -0.25000000000000006 1.0000000180025095e-35 19.151821136474613 1.0000000180025095e-35 0.10714286193251611 0.68301269412040722 1.0000000180025095e-35 1.0000000180025095e-35 1.5000000000000002 938.50000000000011 17.500000000000004 1.0000000180025095e-35 4.5000000000000009 -0.25000000000000006 1.0000000180025095e-35 -0.25000000000000006 20.493628501892093 1.0000000180025095e-35 -0.93301269412040699 1.5000000000000002 1.0000000180025095e-35 1.0000000180025095e-35 -0.93301269412040699 5.5000000000000009 -0.25000000000000006 1.5000000000000002 5.5000000000000009 5.5000000000000009 0.68301269412040722 7.5000000000000009 8.5000000000000018 1.0811387896537783 -0.25000000000000006 1.0000000180025095e-35 1.0000000180025095e-35 1.5000000000000002 11.500000000000002 -0.93301269412040699 1.0000000180025095e-35 5.5000000000000009 8.5000000000000018 0.68301269412040722 -0.68301269412040699 19.151821136474613 20.493628501892093 1.0000000180025095e-35 1.0000000180025095e-35
decision_type=2 2 2 2 2 2 2 2 2 2 2 2 2 2 2 2 2 2 2 2 2 2 2 2 2 2 2 2 2 2 2 2 2 2 2 2 2 2 2 2 2 2 2 2 2 2 2 2 2 2 2 2 2 2 2 2 2 2 2 2 2 2
left_child=2 4 3 7 9 8 10 25 16 18 24 20 22 28 52 49 17 40 -2 58 21 27 43 -12 39 -1 47 -9 -8 -14 36 -19 46 34 61 -17 45 -38 60 -3 41 -4 -23 -6 -30 -18 -21 -20 -25 -11 -35 -52 53 -7 -24 -56 -34 -31 -10 -60 -16 -13
right_child=1 6 5 -5 12 14 13 11 19 15 23 33 29 -15 38 35 30 31 26 32 -22 42 54 48 -26 -27 -28 -29 44 57 -32 -33 56 50 -36 -37 37 -39 -40 -41 -42 -43 -44 -45 -46 -47 -48 -49 -50 -51 51 -53 -54 -55 55 -57 -58 -59 59 -61 -62 -63
leaf_value=-0.0061258004703705887 0.0011659630126701077 0.017411978891408386 0.00095365049405671124 0.036114574644562622 0.013069909049012188 0.0040208322719632915 0.029522085346250549 -0.00089300608592695013 -0.0022215863908099111 0.01059590063274104 0.020391260262251396 0.010030411016859361 0.019967123324764715 0.032096654773232799 0.0058965863074810958 0.0065961118777423805 0.0011233935013814547 0.028225679564579734 0.00645610486321115 0.0076370000935488645 -0.0051536321805649224 -0.0041316225650794933 0.013432953744072475 0.021629089317272643 0.018586541761222528 -0.0052594523274929568 0.0080146637921503262 -0.0046963249688992282 0.022417028768635539 0.0084219936887858522 -0.0014976338621472639 -0.0059986262521426297 -3.8857504793988745e-05 -0.0032922887485260805 -0.0011588086901958008 0.010106343339627778 0.015407572745263196 0.0014460106242659956 0.010251354281994678 0.010978501178283036 -0.0038090712245929417 0.026626785778456175 -0.0024634757695812673 0.0093388175948920932 0.027035695541180706 -0.0018291023199263495 0.0031714785709743955 0.0034816512776822935 0.025367625429461683 0.014462614211588336 -6.9625099000803213e-05 0.012269066044192624 0.0039371618006454438 0.014240967035135211 0.018682561210724646 0.013166720396864708 0.0026277815070295408 0.016807307252999937 0.02144587520077651 -0.0033129481529891648 0.012869181272035219 0.022574575072539949
leaf_weight=277570 9637 2309 737 1527 16919 1466 12771 6644 7937 6857 9215 671 12690 16525 7470 12942 13199 270 10621 3158 78001 30062 6595 5211 7402 224936 13360 83495 3323 648 59865 78 11676 4649 1871 8875 829 5551 12572 4251 36153 125 73904 5445 12327 12195 21604 14001 14567 7235 12043 585 17970 1129 6519 3362 12725 9516 180 192 955 412
leaf_count=277570 9637 2309 737 1527 16919 1466 12771 6644 7937 6857 9215 671 12690 16525 7470 12942 13199 270 10621 3158 78001 30062 6595 5211 7402 224936 13360 83495 3323 648 59865 78 11676 4649 1871 8875 829 5551 12572 4251 36153 125 73904 5445 12327 12195 21604 14001 14567 7235 12043 585 17970 1129 6519 3362 12725 9516 180 192 955 412
internal_value=1.50652e-08 0.0160573 -0.00365413 -0.00493447 0.0105596 0.000817178 0.0251402 -0.00501334 -0.000491328 0.00703984 0.0208272 -0.00376767 0.0153249 0.029262 0.00668809 0.00981292 -0.00157237 -0.00338598 0.00494856 0.00193509 -0.0040658 -0.00362862 0.0135596 0.0231145 0.0160768 -0.00573801 0.00590817 -0.00441605 0.0276135 0.0183246 -0.000832864 0.0205408 0.00255528 0.000241959 0.00469386 0.00802432 0.000419463 0.00326114 0.00882172 0.013244 -0.00361112 0.00468501 -0.00294588 0.0121618 0.0260555 -0.000294293 0.00374122 0.00476494 0.024383 0.0125816 -0.000518956 0.000501669 0.00450937 0.00846958 0.0154565 0.0168065 0.00135158 0.0162733 -0.00173388 0.00865623 0.00668769 0.0148088
internal_weight=1.25753e+06 233123 1.02441e+06 796370 145222 228036 87901 794843 186474 83528 42955 292337 61694 44946 41562 35909 129002 37363 47619 57472 272106 194105 38840 28993 13962 502506 37982 90139 28421 22854 91639 348 49163 20231 2954 21817 31774 6380 20997 6560 37015 862 103966 22364 15650 25394 24762 24622 19778 14092 17277 12628 20565 2595 16476 9881 24401 10164 8309 372 8425 1083
internal_count=1257529 233123 1024406 796370 145222 228036 87901 794843 186474 83528 42955 292337 61694 44946 41562 35909 129002 37363 47619 57472 272106 194105 38840 28993 13962 502506 37982 90139 28421 22854 91639 348 49163 20231 2954 21817 31774 6380 20997 6560 37015 862 103966 22364 15650 25394 24762 24622 19778 14092 17277 12628 20565 2595 16476 9881 24401 10164 8309 372 8425 1083
is_linear=0
shrinkage=0.05


Tree=4
num_leaves=63
num_cat=0
split_feature=12 12 12 13 15 15 12 12 15 12 20 12 24 12 12 15 12 11 10 12 1 1 11 11 15 10 17 1 10 11 10 8 11 1 20 17 1 13 16 10 19 12 1 11 10 10 11 16 11 10 11 23 13 13 24 1 10 16 10 1 11 8
split_gain=26646.7 3508.07 2916.59 981.054 716.334 656.578 605.532 292.689 280.349 128.15 122.145 110.433 95.5513 84.5313 78.1744 67.1911 63.143 57.1128 52.816 51.8035 46.7432 46.6259 44.7126 41.0267 39.8191 30.7116 29.7303 29.6857 29.8205 28.8576 28.589 28.5052 55.1324 53.1327 25.9178 24.7958 24.0456 23.8524 23.7754 23.7231 23.5973 23.0622 22.1388 22.184 21.3574 21.0591 20.5214 19.837 19.7453 18.5979 18.5434 18.2937 18.0968 57.5177 19.7215 18.0925 16.8125 16.6854 16.5026 16.1616 16.6809 18.9452
threshold=455.50000000000006 190.50000000000003 938.50000000000011 19.151821136474613 1.0000000180025095e-35 1.0000000180025095e-35 63.500000000000007 1189.0000000000002 1.0000000180025095e-35 665.00000000000011 1.0000000180025095e-35 680.00000000000011 1.0000000180025095e-35 25.500000000000004 309.00000000000006 1.0000000180025095e-35 317.50000000000006 1.0000000180025095e-35 0.25000000000000011 1348.0000000000002 2024.5000000000002 2024.5000000000002 1.0000000180025095e-35 -0.25000000000000006 1.0000000180025095e-35 0.25000000000000011 1.0000000180025095e-35 2024.5000000000002 0.25000000000000011 -0.25000000000000006 0.68301269412040722 -0.87837970256805409 -0.93301269412040699 2024.5000000000002 1.0000000180025095e-35 1.0000000180025095e-35 2024.5000000000002 20.493628501892093 1.0000000180025095e-35 -0.68301269412040699 1.0000000180025095e-35 1055.0000000000002 2024.5000000000002 0.68301269412040722 0.68301269412040722 0.68301269412040722 0.68301269412040722 1.0000000180025095e-35 -0.25000000000000006 0.25000000000000011 0.68301269412040722 3.7384730577468877 19.151821136474613 20.493628501892093 1.0000000180025095e-35 2024.5000000000002 1.0000000180025095e-35 1.5000000000000002 -0.68301269412040699 2024.5000000000002 -0.93301269412040699 -0.60785761475563038
decision_type=2 2 2 2 2 2 2 2 2 2 2 2 2 2 2 2 2 2 2 2 2 2 2 2 2 2 2 2 2 2 2 2 2 2 2 2 2 2 2 2 2 2 2 2 2 2 2 2 2 2 2 2 2 2 2 2 2 2 2 2 2 2
left_child=1 3 4 6 11 10 13 15 12 30 42 17 20 -1 51 -4 59 35 21 38 -8 -14 -13 49 27 29 48 45 -29 39 -6 -10 33 -33 -19 -2 -32 -5 -9 -18 -34 -17 44 -44 52 -15 -20 -24 56 -11 57 -12 54 -54 -3 -27 -16 -25 -36 -7 61 -61
right_child=2 5 7 37 9 16 8 19 31 23 14 22 18 24 26 41 25 34 46 -21 -22 -23 47 50 -26 55 -28 28 -30 -31 36 32 40 -35 58 -37 -38 -39 -40 -41 -42 -43 43 -45 -46 -47 -48 -49 -50 -51 -52 -53 53 -55 -56 -57 -58 -59 -60 60 -62 -63
leaf_value=-0.0056898941773439052 0.0076472692289575751 -0.0024990464450874864 0.018310978666806744 0.034283592285454106 0.015047091845615543 0.0055297928899324094 -0.0046514700698623039 0.023316813194445455 -0.0014736168159715094 0.022188914491305493 0.002473879102132699 0.014615960851834515 -0.0020273999553188488 -0.0047473226060089409 0.0075057471256984466 0.021893936708122369 0.017447836625491098 0.0019189515379053924 -0.0036890044971130175 0.031080018153533059 -0.0020337685225817258 0.00060741105824046711 0.007856681134919552 0.01220382829051227 -0.0016356234846940983 0.0060931226407089046 0.0063841403493571959 -0.0026842306329303723 -0.0045798523793474568 0.0095031808996483454 0.0077964858969004737 -0.0015017554515277792 0.0016835528834357385 0.013707315074578667 0.0017889395385797956 0.011379137214869507 0.013892700731181741 -0.0051447246766761143 0.027765656689127907 0.012017781028638597 0.0086288313109782779 0.024956325326748983 0.0008723391907123183 0.0095756191609733341 -0.0032379395956127184 -0.0061269707160085847 -0.0017591676455987991 0.012049578942910415 0.0023647466838894252 0.018461451543450403 0.018662734263955726 0.00032486602514230245 0.022373722810158932 -0.0011951356483255182 0.00076803112965897786 0.010431285241932107 0.0036843107990641461 0.017346404450232451 0.0068257631800830417 0.0051661777070969627 0.0074864106033384857 0.017732110225818432
leaf_weight=363102 10133 8285 8958 1688 22130 10228 81234 3530 4184 9014 18607 8154 57876 122766 4379 12833 3232 4115 49160 12559 21595 23649 6216 2915 11513 4180 13221 31603 60491 5849 2821 793 19780 2076 1811 7961 3810 39 20926 5364 1304 11915 8213 804 8828 35750 19155 5185 16239 5368 7595 21183 361 913 10436 5682 8428 3468 16188 449 6373 912
leaf_count=363102 10133 8285 8958 1688 22130 10228 81234 3530 4184 9014 18607 8154 57876 122766 4379 12833 3232 4115 49160 12559 21595 23649 6216 2915 11513 4180 13221 31603 60491 5849 2821 793 19780 2076 1811 7961 3810 39 20926 5364 1304 11915 8213 804 8828 35750 19155 5185 16239 5368 7595 21183 361 913 10436 5682 8428 3468 16188 449 6373 912
internal_value=2.21756e-08 -0.00304772 0.0173815 -0.00425783 0.0125321 0.00372607 -0.0043296 0.0253963 -0.00240078 0.016536 0.00183698 0.00870512 -0.002928 -0.00519587 0.00292071 0.0220247 0.00908438 0.00720586 -0.00212244 0.0284663 -0.00410178 -0.00126303 0.0117875 0.0189215 -0.00451151 0.010746 0.00441814 -0.00464361 -0.00392941 0.0122154 0.0141834 0.00233338 0.00299859 0.00950183 0.00550069 0.00928955 0.0113001 0.0333901 0.0271238 0.0140602 0.00211338 0.0233686 -0.000513006 0.00164902 -0.00118955 -0.00505851 -0.00314797 0.00976407 0.00352307 0.0207981 0.0169901 0.00132994 -0.000284906 0.00548063 -0.000677556 0.00859315 0.00499138 0.0149989 0.00631927 0.00683548 0.00856147 0.0135909
internal_weight=1.25753e+06 1.06992e+06 187605 907758 116884 162166 906031 70721 280806 57121 119897 59763 252669 625225 82057 33706 42269 40208 149840 37015 102829 81525 19555 28360 262123 24307 42267 250610 92094 14445 28761 28137 23953 2869 22114 18094 6631 1727 24456 8596 21084 24748 37840 9017 28823 158516 68315 11401 29046 14382 13978 39790 19995 1274 18721 9862 12807 6383 17999 17962 7734 1361
internal_count=1257529 1069924 187605 907758 116884 162166 906031 70721 280806 57121 119897 59763 252669 625225 82057 33706 42269 40208 149840 37015 102829 81525 19555 28360 262123 24307 42267 250610 92094 14445 28761 28137 23953 2869 22114 18094 6631 1727 24456 8596 21084 24748 37840 9017 28823 158516 68315 11401 29046 14382 13978 39790 19995 1274 18721 9862 12807 6383 17999 17962 7734 1361
is_linear=0
shrinkage=0.05


Tree=5
num_leaves=63
num_cat=0
split_feature=12 12 12 13 15 15 12 12 12 12 15 15 12 12 12 11 1 20 21 13 10 21 10 9 11 16 17 11 12 17 11 8 11 3 3 11 10 11 1 10 10 1 13 17 1 17 12 16 15 3 11 1 1 11 16 1 1 20 1 11 1 1
split_gain=24062.2 3799.49 1927.19 845.114 790.482 560.619 509.043 243.18 159.254 151.848 148.345 117.538 105.138 79.5185 58.795 58.5692 57.5736 55.8348 54.706 61.1495 48.2052 43.3445 42.4735 99.8615 38.0652 36.372 33.643 33.0834 31.0633 30.7081 30.6542 25.7301 44.3599 35.4426 25.8588 25.6808 25.2297 24.3525 23.9789 31.465 23.8579 23.5851 22.9241 21.5858 21.2679 20.8851 20.5562 18.637 18.5336 18.3264 18.2725 17.7142 17.5536 17.2635 16.7724 16.7172 15.9493 15.4558 15.4133 15.1656 17.3791 15.1401
threshold=366.00000000000006 802.00000000000011 114.50000000000001 19.151821136474613 1.0000000180025095e-35 1.0000000180025095e-35 1104.5000000000002 41.500000000000007 544.50000000000011 243.00000000000003 1.0000000180025095e-35 1.0000000180025095e-35 637.50000000000011 1288.0000000000002 221.50000000000003 -0.25000000000000006 2024.5000000000002 0.21428572386503222 1.0000000180025095e-35 19.151821136474613 0.68301269412040722 0.10714286193251611 0.25000000000000011 -0.56174489110708226 -0.68301269412040699 1.0000000180025095e-35 1.5000000000000002 -0.25000000000000006 14.500000000000002 1.0000000180025095e-35 -0.25000000000000006 -0.87837970256805409 -0.93301269412040699 1.5000000000000002 1.5000000000000002 1.0000000180025095e-35 0.68301269412040722 1.0000000180025095e-35 2024.5000000000002 0.68301269412040722 0.25000000000000011 2024.5000000000002 20.493628501892093 1.0000000180025095e-35 2023.5000000000002 1.0000000180025095e-35 913.00000000000011 1.0000000180025095e-35 1.0000000180025095e-35 1.5000000000000002 -0.25000000000000006 2024.5000000000002 2024.5000000000002 -0.93301269412040699 1.0000000180025095e-35 2023.5000000000002 2024.5000000000002 1.0000000180025095e-35 2024.5000000000002 0.68301269412040722 2024.5000000000002 2024.5000000000002
decision_type=2 2 2 2 2 2 2 2 2 2 2 2 2 2 2 2 2 2 2 2 2 2 2 2 2 2 2 2 2 2 2 2 2 2 2 2 2 2 2 2 2 2 2 2 2 2 2 2 2 2 2 2 2 2 2 2 2 2 2 2 2 2
left_child=2 4 3 7 8 9 10 28 17 18 27 16 25 30 -7 47 20 -2 19 51 24 -11 23 -18 -9 38 -12 -3 -1 50 -8 -13 33 -33 -34 -14 61 45 39 -6 41 49 -21 44 -17 -23 -29 -10 -32 -16 -19 -4 -30 -54 -28 -48 -42 -46 -38 60 -39 -20
right_child=1 6 5 -5 12 14 13 11 15 21 26 31 35 -15 40 43 22 29 36 42 -22 37 -24 -25 -26 -27 54 46 52 -31 48 32 34 -35 -36 -37 58 59 -40 -41 56 -43 -44 -45 57 -47 55 -49 -50 -51 -52 -53 53 -55 -56 -57 -58 -59 -60 -61 -62 -63
leaf_value=-0.0055780159151025549 0.0011919056069012968 0.017562980044246845 -0.0037639726241183828 0.032610381939067366 0.010720377867507966 0.0039668742883386164 0.026373816154140473 -0.0050131755381732429 0.0095185498861381588 -0.0015873694224098269 0.018146281353642039 -0.0040145511415440056 0.018018167230155681 0.028769457732127551 0.0042584128525235193 0.010283922145033413 0.0031568658672306358 0.0058828708181204691 -0.00074394597584098666 0.02522043563947738 -0.0056910911957145909 0.0025073440852087688 -0.0034202194620675738 -0.0029461975028376498 -0.0032011237050802036 0.014024597631625163 0.01941840975092975 0.0094254939079947888 -0.0051251956657651747 0.0073082247653954409 0.019743637320187871 0.013880416856336531 -0.0030346805616530692 0.0013125431767624072 0.0013754182251418346 0.01464031779813935 -0.0036553608195142744 -0.0016835146042176745 0.012982061489265985 0.0043883435503647783 0.0033361219220469384 0.012208255551563551 -0.0056151822266597004 0.0091355743226610633 0.00047576894032061716 0.005729757707118241 0.022251090303352469 0.013161438451466787 0.023969861329892862 0.0091177460328260677 0.0031099730731504517 -0.00089407015847713502 -0.0025431393182015006 -0.0045239152876440447 0.022849751192526593 0.013360422530544015 0.0075638568783537212 0.0057976234208488645 -0.0010034089999224271 0.0023895556915449929 0.0022526573501286127 0.00085510525264849294
leaf_weight=249990 10230 4838 28466 1536 11297 17979 13068 41221 6857 8309 8723 3039 12690 18507 2729 2310 9358 10455 43435 261 40944 17738 64512 23616 97744 16476 4902 3487 153962 13142 3283 1111 4805 1135 10783 10164 9607 6996 8689 2378 3809 4244 78 8971 1613 7024 603 7235 12732 6755 13792 6635 12630 85924 13329 4429 5404 8923 12768 12725 4680 22454
leaf_count=249990 10230 4838 28466 1536 11297 17979 13068 41221 6857 8309 8723 3039 12690 18507 2729 2310 9358 10455 43435 261 40944 17738 64512 23616 97744 16476 4902 3487 153962 13142 3283 1111 4805 1135 10783 10164 9607 6996 8689 2378 3809 4244 78 8971 1613 7024 603 7235 12732 6755 13792 6635 12630 85924 13329 4429 5404 8923 12768 12725 4680 22454
internal_value=2.8637e-08 0.0144985 -0.00329937 -0.0044404 0.00953227 0.000822511 0.0227032 -0.00451148 0.00636181 -0.000371318 0.0185684 -0.00338047 0.0138247 0.0262054 0.00610837 0.00887609 -0.00365274 0.0044657 -0.00135798 -0.00301738 -0.00418304 0.00175232 -0.00267403 -0.001214 -0.00373867 0.0122408 0.0207041 0.0142582 -0.00518279 0.00536131 0.0245735 0.000237679 0.000962579 0.0075319 1.56741e-05 0.0165162 -0.000691638 0.00231686 0.0109263 0.00961968 0.00778644 0.00910803 0.0181112 0.00725249 0.00593699 0.00342164 0.0123806 0.0113893 0.0231039 0.00772007 0.00430584 -0.00322163 -0.00479149 -0.00427013 0.0219275 0.0144272 0.00581655 0.00498337 -0.00214229 0.00119552 -0.000105375 -0.000198937
internal_weight=1.25753e+06 233123 1.02441e+06 802310 145222 222096 87901 800774 83528 181176 40311 298268 61694 47590 40920 35909 277395 47619 123704 35440 179909 57472 97486 32974 138965 38840 26954 13357 502506 37389 29083 20873 17834 2246 15588 22854 88264 49163 22364 13675 22941 13728 339 21817 12846 24762 8519 14092 16015 9484 24247 35101 252516 98554 18231 5032 9213 10536 22375 24401 11676 65889
internal_count=1257529 233123 1024406 802310 145222 222096 87901 800774 83528 181176 40311 298268 61694 47590 40920 35909 277395 47619 123704 35440 179909 57472 97486 32974 138965 38840 26954 13357 502506 37389 29083 20873 17834 2246 15588 22854 88264 49163 22364 13675 22941 13728 339 21817 12846 24762 8519 14092 16015 9484 24247 35101 252516 98554 18231 5032 9213 10536 22375 24401 11676 65889
is_linear=0
shrinkage=0.05


Tree=6
num_leaves=63
num_cat=0
split_feature=12 12 12 13 15 15 12 12 15 12 12 16 21 12 15 12 21 20 12 12 1 21 9 11 12 13 17 17 12 8 11 1 11 13 15 13 11 11 11 17 11 11 25 11 1 1 1 11 15 11 0 11 11 11 1 11 16 1 8 11 8 1
split_gain=21729 2863.52 2375.5 797.821 604.131 583.872 414.241 239.865 197.98 135.037 104.916 94.8011 69.7208 66.9534 54.3434 49.5168 49.1332 46.0149 45.2419 44.1439 43.3385 42.8833 37.8104 31.2499 29.93 29.1175 28.937 27.089 26.6752 25.5706 46.9235 46.2548 23.483 22.9408 22.5712 22.4588 23.2136 21.5036 19.9024 19.6617 19.5099 20.5332 18.8008 18.7225 18.0955 17.467 17.2517 16.9989 16.9387 16.33 16.1485 16.0404 15.506 15.1435 18.6176 14.6494 14.5882 14.5362 15.7474 15.4164 24.0083 14.4152
threshold=455.50000000000006 170.00000000000003 938.50000000000011 19.151821136474613 1.0000000180025095e-35 1.0000000180025095e-35 54.500000000000007 1189.0000000000002 1.0000000180025095e-35 302.50000000000006 711.00000000000011 1.0000000180025095e-35 1.0000000180025095e-35 317.50000000000006 1.0000000180025095e-35 25.500000000000004 0.17857143282890323 1.0000000180025095e-35 705.00000000000011 1370.0000000000002 2024.5000000000002 1.0000000180025095e-35 1.0000000180025095e-35 1.0000000180025095e-35 95.500000000000014 19.151821136474613 1.5000000000000002 1.0000000180025095e-35 680.00000000000011 -0.87837970256805409 -0.93301269412040699 2024.5000000000002 -0.25000000000000006 20.493628501892093 1.0000000180025095e-35 1.1614247560501101 -0.25000000000000006 -0.25000000000000006 -0.68301269412040699 1.0000000180025095e-35 -0.25000000000000006 0.68301269412040722 4.8063657283782968 0.68301269412040722 2024.5000000000002 2024.5000000000002 2024.5000000000002 1.0000000180025095e-35 5.5000000000000009 0.25000000000000011 1680.5000000000002 -0.93301269412040699 0.25000000000000011 0.68301269412040722 2024.5000000000002 1.0000000180025095e-35 1.5000000000000002 2024.5000000000002 -1.0000000180025095e-35 -0.93301269412040699 -0.87837970256805409 2023.5000000000002
decision_type=2 2 2 2 2 2 2 2 2 2 2 2 2 2 2 2 2 2 2 2 2 2 2 2 2 2 2 2 2 2 2 2 2 2 2 2 2 2 2 2 2 2 2 2 2 2 2 2 2 2 2 2 2 2 2 2 2 2 2 2 2 2
left_child=1 3 5 6 9 11 15 14 12 21 27 17 20 50 -4 -1 -11 61 37 32 -8 25 -22 42 -14 -3 -12 45 47 -10 31 -31 -9 -27 44 -15 -37 -13 -32 46 -16 52 -18 -38 -17 -7 -23 -19 -34 -41 57 -46 -42 54 -25 -29 -28 58 -6 60 -59 -2
right_child=2 4 7 -5 13 10 8 19 29 16 26 18 24 35 40 34 23 28 -20 -21 22 39 -24 53 -26 33 56 55 -30 30 38 -33 48 -35 -36 36 43 -39 -40 49 41 -43 -44 -45 51 -47 -48 -49 -50 -51 -52 -53 -54 -55 -56 -57 -58 59 -60 -61 -62 -63
leaf_value=-0.0051389011725913947 0.0072635105873118354 -0.0026067926982722349 0.016536726617131837 0.030527404300688704 0.0064623751508736914 0.010744709194887563 -0.0043112608575064642 0.026352318255441022 -0.0021245773141926856 -0.00082843606982216367 0.015398754768443455 0.010588763864825865 -0.0028550573314316853 0.013569915560625629 0.02255456187828447 -0.0046465288605686272 0.0071158520419813374 0.0076542344054484268 0.013103324631587391 0.028853072621921657 -0.0036277537324248782 -0.00065161510092959349 0.00022266084007024298 -0.00040725674524977914 -0.0014603052401639281 0.023046306706684311 0.016747175084912688 0.015967971782697692 0.0094514796283222749 -0.0023520706668879419 -0.0020553485195550455 0.012067061786114094 0.019808357940110207 -0.0047418570891968994 -0.0017113814068429206 0.010671420321777356 0.0048091725936324752 0.0070349776619837469 0.0020720421573351398 0.0034736893199240749 0.019879257058864275 0.021597149418704539 0.0040537189401741794 0.0091858190435268206 -0.0017435501889550798 0.013877307108541379 0.0012747228567447193 0.0046505434690533431 0.024202018348142187 4.4050676670140175e-05 0.010983834235696171 -0.0039505539385171684 0.0147490736326648 0.0035799523342236205 0.0035462610439452296 0.012881365388792386 0.02026941724905186 1.6768549872277901e-05 0.0027037174790079002 0.0060435599370860177 0.014940366653740961 0.001359468867985847
leaf_weight=363102 1271 16335 8958 1676 4869 11662 93467 12771 4012 6998 8784 7871 81874 3228 11843 132093 6870 8700 8631 8593 15159 31533 11000 7529 72586 199 4429 9687 8120 758 3528 2083 2661 118 8848 11034 4223 9305 16940 8948 3315 6914 18615 5822 9374 7231 18407 10305 12990 5675 1431 68155 2676 13361 4924 6422 8906 349 6533 7075 1193 5560
leaf_count=363102 1271 16335 8958 1676 4869 11662 93467 12771 4012 6998 8784 7871 81874 3228 11843 132093 6870 8700 8631 8593 15159 31533 11000 7529 72586 199 4429 9687 8120 758 3528 2083 2661 118 8848 11034 4223 9305 16940 8948 3315 6914 18615 5822 9374 7231 18407 10305 12990 5675 1431 68155 2676 13361 4924 6422 8906 349 6533 7075 1193 5560
internal_value=3.3704e-08 -0.00275214 0.0156959 -0.00393589 0.0029002 0.0113193 -0.00400131 0.0229291 -0.00249694 0.001265 0.0149341 0.00786426 -0.00290153 0.00788574 0.0198768 -0.00478097 0.00310105 0.00612777 0.0101489 0.0257084 -0.00380774 -5.28756e-05 -0.00200845 0.0036372 -0.00219965 -0.00231525 0.0176305 0.01323 0.00705155 0.00156176 0.00219648 0.00821822 0.0247574 0.0126884 -0.00418605 0.00968277 0.0090872 0.00866386 0.00136037 0.000530557 0.0210856 0.0197369 0.0048794 0.00734641 -0.00429048 0.011944 5.83e-05 0.00602585 0.0234555 0.00214304 0.00584909 -0.00368377 0.0175889 0.00241062 0.00115561 0.0147379 0.0191001 0.00548175 0.00430926 0.00703253 0.0115662 0.00245882
internal_weight=1.25753e+06 1.06992e+06 187605 884655 185269 116884 882979 70721 301407 139512 57121 59763 274086 45757 33706 581572 58297 33956 25807 37015 119626 81215 26159 51299 154460 16652 22119 35002 27125 27321 23309 2841 28422 317 218470 24307 21079 17176 20468 64563 24748 12905 25485 10045 209622 18893 49940 19005 15651 14623 21450 77529 5991 25814 12453 16109 13335 20019 11402 8617 1542 6831
internal_count=1257529 1069924 187605 884655 185269 116884 882979 70721 301407 139512 57121 59763 274086 45757 33706 581572 58297 33956 25807 37015 119626 81215 26159 51299 154460 16652 22119 35002 27125 27321 23309 2841 28422 317 218470 24307 21079 17176 20468 64563 24748 12905 25485 10045 209622 18893 49940 19005 15651 14623 21450 77529 5991 25814 12453 16109 13335 20019 11402 8617 1542 6831
is_linear=0
shrinkage=0.05


Tree=7
num_leaves=63
num_cat=0
split_feature=12 12 12 13 15 15 12 12 12 12 15 15 12 12 11 12 1 24 13 2 18 16 2 9 20 11 10 11 10 11 2 10 11 2 2 12 2 2 8 11 3 3 24 2 3 0 12 2 1 1 13 16 2 1 16 2 12 13 2 1 8 9
split_gain=19617.6 3095.8 1575.05 686.107 642.439 465.15 418.289 189.411 131.342 128.454 121.019 91.13 87.556 65.2531 53.5567 50.1594 48.5549 45.2829 52.3256 44.006 44.0724 40.2232 38.4854 92.3428 36.6412 29.4576 29.4107 28.0367 25.5092 25.1484 25.1112 23.7992 23.3582 23.3204 29.598 23.0231 22.3789 22.1984 21.0242 38.2263 31.6774 23.7224 20.5978 20.5893 25.1465 20.0492 19.9038 19.3229 20.7242 19.2112 19.017 17.8625 17.6509 17.368 16.7811 16.5642 16.5318 16.4545 15.9965 15.5398 23.06 16.8766
threshold=366.00000000000006 802.00000000000011 112.50000000000001 19.151821136474613 1.0000000180025095e-35 1.0000000180025095e-35 1104.5000000000002 39.500000000000007 501.50000000000006 243.00000000000003 1.0000000180025095e-35 1.0000000180025095e-35 544.50000000000011 1288.0000000000002 1.0000000180025095e-35 234.50000000000003 2024.5000000000002 1.0000000180025095e-35 19.151821136474613 7.5000000000000009 1.0000000180025095e-35 1.0000000180025095e-35 5.5000000000000009 -0.56174489110708226 1.0000000180025095e-35 -0.25000000000000006 0.68301269412040722 -0.25000000000000006 -0.25000000000000006 -0.25000000000000006 9.5000000000000018 -0.68301269412040699 0.68301269412040722 5.5000000000000009 8.5000000000000018 14.500000000000002 9.5000000000000018 8.5000000000000018 -0.87837970256805409 -0.93301269412040699 1.5000000000000002 1.5000000000000002 1.0000000180025095e-35 1.5000000000000002 5.5000000000000009 1680.5000000000002 612.50000000000011 5.5000000000000009 2024.5000000000002 2024.5000000000002 20.493628501892093 1.0000000180025095e-35 7.5000000000000009 2023.5000000000002 1.0000000180025095e-35 7.5000000000000009 680.00000000000011 1.2390414476394656 6.5000000000000009 2024.5000000000002 0.87837970256805431 -0.56174489110708226
decision_type=2 2 2 2 2 2 2 2 2 2 2 2 2 2 2 2 2 2 2 2 2 2 2 2 2 2 2 2 2 2 2 2 2 2 2 2 2 2 2 2 2 2 2 2 2 2 2 2 2 2 2 2 2 2 2 2 2 2 2 2 2 2
left_child=2 4 3 7 8 9 10 35 21 17 25 16 33 29 46 45 19 18 43 20 -9 42 -18 -24 -11 -3 37 58 59 -8 -21 -16 36 -6 52 -1 -29 55 -13 40 -40 -41 -2 44 -4 -7 -10 -17 -49 -28 -20 -27 -35 -31 -55 -14 -33 -26 -12 60 -19 -61
right_child=1 6 5 -5 12 15 13 11 14 24 27 38 26 -15 31 47 22 28 50 30 -22 -23 23 -25 57 51 49 32 -30 53 -32 56 -34 34 -36 -37 -38 -39 39 41 -42 -43 -44 -45 -46 -47 -48 48 -50 -51 -52 -53 -54 54 -56 -57 -58 -59 -60 61 -62 -63
leaf_value=-0.0050421703718396974 -0.0008582369216579589 0.01597432445446224 0.0012027676874149316 0.029453706656683953 0.0085224519210875954 0.003133056348121522 0.023824423013982451 -0.0047644692180489681 0.0079540478384758796 -0.00030937684697964613 0.018841462985938556 -0.0037781116704134979 0.015117901442443094 0.025994779963824845 0.0017741290247779143 0.0053326865778842098 -0.0031718002244795931 -0.00082506022796245248 0.022852152378685559 -0.0017196961779456848 0.00092875076533598588 0.0060614192015151181 0.0030079365098137651 -0.0027449127885858511 0.0046007486919789611 0.0085860692897646081 0.0087924873490136789 0.015993609129223065 -0.0012668452327758912 0.024542816253372398 -0.0035701576050643788 0.0057553273022482587 0.018989625310379996 0.011715399484843901 0.0089065016309167466 -0.0043534314788459642 0.0071113998700348124 0.012809709637352779 0.012760977224698459 -0.0030840969267880275 0.00091655955075715327 0.0011368863145877492 0.0032055282073231704 -0.0030881790800672253 0.025457230150747263 0.0079246381715717788 0.011239696131760818 0.0070704452907341415 0.011467466346161265 0.013636019532249265 -0.0051205730774033249 0.013188177892934914 0.016321790942921154 0.016674145449950672 0.021038800811446198 0.018838931806676396 0.0087919564210372694 0.0019503838345730834 0.022370752166300842 0.0060742950393452479 0.0034199186720699835 0.00094833060887618997
leaf_weight=249990 3563 4838 737 1527 10933 18080 13068 94939 8588 17676 7730 3045 14663 18507 2769 8425 67056 20090 270 26078 3524 12918 9737 24591 7141 3896 3678 5449 59865 2683 61838 14274 7408 5776 6272 236168 818 8682 1121 4810 1139 10807 24871 36153 125 2485 9995 8687 3885 4645 78 4623 3267 2805 10527 3778 6550 32655 5549 2248 3805 5631
leaf_count=249990 3563 4838 737 1527 10933 18080 13068 94939 8588 17676 7730 3045 14663 18507 2769 8425 67056 20090 270 26078 3524 12918 9737 24591 7141 3896 3678 5449 59865 2683 61838 14274 7408 5776 6272 236168 818 8682 1121 4810 1139 10807 24871 36153 125 2485 9995 8687 3885 4645 78 4623 3267 2805 10527 3778 6550 32655 5549 2248 3805 5631
internal_value=3.94571e-08 0.0130912 -0.00297909 -0.00402821 0.00860836 0.000684728 0.0204972 -0.00409255 0.00575015 -0.000381362 0.016749 -0.00312386 0.012478 0.0236719 0.00771349 0.00546801 -0.0033555 -0.00125731 -0.00272444 -0.00383457 -0.00456066 0.00374755 -0.00247475 -0.00111299 0.0015847 0.0128559 0.0140993 0.018678 -0.000659069 0.0221935 -0.00302133 0.00613158 0.0170862 0.0102883 0.0115485 -0.0047076 0.0148352 0.0148978 6.20055e-05 0.000716392 0.00679412 -0.000162858 0.00269613 -0.002906 0.00472829 0.00371233 0.00972158 0.00718729 0.00842969 0.0114964 0.0165684 0.0110842 0.0133803 0.0208623 0.020121 0.0158806 0.00671075 0.0024261 0.0203168 0.000485879 -0.000148876 0.00241154
internal_weight=1.25753e+06 233123 1.02441e+06 796370 145222 228036 87901 794843 83528 186474 40311 308685 61694 47590 42176 41562 287763 129002 37363 186379 98463 41352 101384 34328 57472 13357 35446 26954 91639 29083 87916 23593 13675 26248 15315 486158 6267 27123 20922 17877 2260 15617 28434 37015 862 20565 18583 20997 12572 8323 348 8519 9043 16015 13332 18441 20824 39796 13279 31774 23895 7879
internal_count=1257529 233123 1024406 796370 145222 228036 87901 794843 83528 186474 40311 308685 61694 47590 42176 41562 287763 129002 37363 186379 98463 41352 101384 34328 57472 13357 35446 26954 91639 29083 87916 23593 13675 26248 15315 486158 6267 27123 20922 17877 2260 15617 28434 37015 862 20565 18583 20997 12572 8323 348 8519 9043 16015 13332 18441 20824 39796 13279 31774 23895 7879
is_linear=0
shrinkage=0.05


Tree=8
num_leaves=63
num_cat=0
split_feature=12 12 12 13 15 15 12 12 12 12 15 12 15 12 20 1 10 12 11 24 2 9 24 17 11 13 11 12 10 11 13 2 17 11 9 1 10 2 1 15 13 19 2 2 1 11 13 1 2 1 2 2 17 11 2 2 13 2 3 9 11 1
split_gain=17708.2 2437.35 1779.92 635.387 572.701 471.093 254.539 227.774 131.667 111.644 109.621 100.264 68.9725 50.4836 48.1015 47.6397 45.6215 44.9495 41.8677 40.7642 37.8903 91.6845 35.9241 35.538 33.7149 33.5828 31.6931 28.8724 26.3306 25.6458 24.9581 22.4332 21.5554 20.9326 57.0766 63.3574 20.7297 20.3824 21.0451 20.1139 19.4988 18.2324 68.0939 23.4727 18.0387 17.9136 17.6916 17.6706 17.7707 17.5073 17.3035 16.7891 16.5539 15.623 15.187 17.0043 15.1844 15.1841 14.6936 14.4953 14.4504 16.2463
threshold=402.50000000000006 891.50000000000011 132.50000000000003 19.151821136474613 1.0000000180025095e-35 1.0000000180025095e-35 1147.5000000000002 45.500000000000007 262.50000000000006 612.50000000000011 1.0000000180025095e-35 637.50000000000011 1.0000000180025095e-35 279.50000000000006 1.0000000180025095e-35 2024.5000000000002 0.68301269412040722 1348.0000000000002 1.0000000180025095e-35 0.3944759219884873 5.5000000000000009 -0.56174489110708226 1.0000000180025095e-35 1.0000000180025095e-35 -0.25000000000000006 19.151821136474613 -0.68301269412040699 18.500000000000004 0.68301269412040722 1.0000000180025095e-35 8.0290560722351092 6.5000000000000009 3.5000000000000004 -0.93301269412040699 1.0000000180025095e-35 2024.5000000000002 0.68301269412040722 5.5000000000000009 2024.5000000000002 1.5000000000000002 20.493628501892093 1.0000000180025095e-35 1.5000000000000002 3.5000000000000004 2024.5000000000002 -0.25000000000000006 2.0492919683456425 2024.5000000000002 7.5000000000000009 2023.5000000000002 5.5000000000000009 6.5000000000000009 1.0000000180025095e-35 0.68301269412040722 8.5000000000000018 7.5000000000000009 28.54627895355225 9.5000000000000018 4.5000000000000009 -0.56174489110708226 0.68301269412040722 2024.5000000000002
decision_type=2 2 2 2 2 2 2 2 2 2 2 2 2 2 2 2 2 2 2 2 2 2 2 2 2 2 2 2 2 2 2 2 2 2 2 2 2 2 2 2 2 2 2 2 2 2 2 2 2 2 2 2 2 2 2 2 2 2 2 2 2 2
left_child=2 4 3 7 9 8 12 27 22 14 15 28 30 -7 -2 16 26 39 -11 -10 -17 -22 25 -16 51 -4 -9 -1 46 31 -3 -21 -14 34 -12 -36 -24 -15 52 -8 -27 43 -43 -35 -30 -32 -6 48 -29 -47 -49 -13 -39 57 55 -48 -20 -26 -41 -52 61 -31
right_child=1 6 5 -5 11 13 17 10 19 18 33 24 32 37 23 20 -18 -19 56 29 21 -23 36 -25 53 40 -28 47 44 60 45 -33 -34 41 35 -37 -38 38 -40 58 -42 42 -44 -45 -46 49 54 50 -50 -51 59 -53 -54 -55 -56 -57 -58 -59 -60 -61 -62 -63
leaf_value=-0.0047404350553404461 0.0011648843664372238 -0.0066885380488163233 -0.002577797876928827 0.027925128260675981 0.015790966783988534 0.004422062716257137 0.018689472553473339 -0.004171659750778072 -0.0012060122544089158 0.010949355980734682 -0.0013115934352960364 0.01498303923267892 0.016249648854563002 0.0059226009568843713 0.004217577534790037 -0.0027645251516802672 -0.0049034645984511833 0.025406999938229313 0.0085313511657098117 0.0024492659404609361 0.0035562476444000422 -0.0023368878540728582 0.00018290531211307719 0.0073364388869888641 0.012157805792179238 0.020879196624268882 -0.0025151701398824118 -0.0048601037184385389 0.0052076359421686976 -0.0012074033537944767 0.016729815067484412 0.0054273805104864317 0.019498032108839172 -0.0032168370796887926 -0.0028572445656862983 0.019547120927514705 -0.0016595078844822732 0.0062264900083485236 0.012228550128941374 0.02314530850256476 -0.0048815135476307919 0.024490733765446703 -0.0031326231429820578 0.00074854497598972705 0.01022276593010208 0.019365010211858772 0.011097470533770372 -0.0039661011304461752 -0.0037704101086336048 0.011375360378073842 -0.0009074298483702694 0.018359853717550133 0.010901794098975633 0.014540508863485341 0.0091730433936789337 0.015071609066432321 0.0054453294268744616 0.00492540409464522 0.02042695446384819 -0.0032111749419427025 0.0026327810000674385 0.0024729671823828761
leaf_weight=288432 8072 148 27443 1583 2214 22864 4374 40958 8102 11740 1916 8685 7249 8402 23932 64006 40904 12559 8126 14810 9206 23312 58978 14786 5777 242 98011 78080 3099 7467 3720 11048 17523 5130 477 930 20598 5822 3779 17728 105 346 627 13690 4274 784 12369 60400 71977 5602 9613 6439 2814 7977 7067 3454 7854 833 6980 23627 13455 5010
leaf_count=288432 8072 148 27443 1583 2214 22864 4374 40958 8102 11740 1916 8685 7249 8402 23932 64006 40904 12559 8126 14810 9206 23312 58978 14786 5777 242 98011 78080 3099 7467 3720 11048 17523 5130 477 930 20598 5822 3779 17728 105 346 627 13690 4274 784 12369 60400 71977 5602 9613 6439 2814 7977 7067 3454 7854 833 6980 23627 13455 5010
internal_value=4.5877e-08 0.0131257 -0.00268205 -0.00372074 0.0091235 0.00142081 0.0202616 -0.00378098 0.000213245 0.00616671 -0.00267799 0.0126661 0.0171196 0.00604453 0.00467676 -0.00295462 -0.00343553 0.0229043 0.00868147 0.00209157 -0.0020584 -0.000668354 -0.000834493 0.00540878 0.0147656 -0.00238218 -0.00300342 -0.0044018 0.0107451 0.00260753 0.0136688 0.00372189 0.0185477 0.000629482 0.00430154 0.0119484 -0.000293936 0.00782627 0.00911414 0.0218232 0.0130706 1.27183e-05 0.00668665 -0.000332094 0.0081156 0.0139675 0.0115172 -0.00400098 -0.00433745 0.0123573 -0.00346173 0.0164212 0.0077506 0.0130486 0.0111036 0.0119654 0.00701496 0.0112472 0.0223777 -0.00254509 0.00149615 0.000270016
internal_weight=1.25753e+06 213365 1.04416e+06 833225 136698 210939 76667 831642 167258 74510 299513 62188 35026 43681 46790 276397 179873 41641 27720 59892 96524 32518 107366 38718 29711 27790 138969 532129 32477 51790 10254 25858 24772 23116 3323 1407 79576 20817 12415 29082 347 19793 973 18820 7373 10106 25104 243697 150057 6386 93640 15124 8636 14587 22890 15823 15980 6610 24708 33240 25932 12477
internal_count=1257529 213365 1044164 833225 136698 210939 76667 831642 167258 74510 299513 62188 35026 43681 46790 276397 179873 41641 27720 59892 96524 32518 107366 38718 29711 27790 138969 532129 32477 51790 10254 25858 24772 23116 3323 1407 79576 20817 12415 29082 347 19793 973 18820 7373 10106 25104 243697 150057 6386 93640 15124 8636 14587 22890 15823 15980 6610 24708 33240 25932 12477
is_linear=0
shrinkage=0.05


Tree=9
num_leaves=63
num_cat=0
split_feature=12 12 12 13 12 20 12 12 12 21 12 16 16 17 2 10 12 2 17 10 2 2 2 2 2 10 16 19 17 10 2 2 20 18 2 21 2 18 16 9 13 21 9 9 14 14 9 13 10 21 2 12 17 2 2 2 22 2 9 9 2 2
split_gain=16004.7 2307.83 1596.65 589.395 379.638 233.184 201.089 155.697 117.659 96.758 73.3767 71.158 57.8092 57.227 53.2004 35.8681 34.3991 34.146 33.8093 33.4177 34.6382 35.0927 29.592 35.1159 28.571 27.7892 27.5512 26.385 26.0174 25.3265 28.0439 28.6733 22.7866 21.9029 21.8727 21.6976 21.351 56.5918 21.1411 20.0672 20.0561 19.3648 19.2159 19.0507 17.7323 19.7474 33.3125 17.611 16.775 16.4916 16.0503 15.9323 15.8819 19.8671 15.5448 15.4862 15.3626 15.2203 15.1353 14.5481 17.4764 13.9151
threshold=479.50000000000006 190.50000000000003 954.00000000000011 19.151821136474613 76.500000000000014 1.0000000180025095e-35 680.00000000000011 1189.0000000000002 309.00000000000006 1.0000000180025095e-35 31.500000000000004 1.0000000180025095e-35 1.0000000180025095e-35 1.0000000180025095e-35 5.5000000000000009 -0.25000000000000006 1370.0000000000002 1.5000000000000002 1.0000000180025095e-35 0.68301269412040722 9.5000000000000018 10.500000000000002 5.5000000000000009 8.5000000000000018 1.5000000000000002 0.68301269412040722 1.0000000180025095e-35 1.0000000180025095e-35 1.0000000180025095e-35 0.68301269412040722 9.5000000000000018 10.500000000000002 1.0000000180025095e-35 1.5000000000000002 11.500000000000002 1.0000000180025095e-35 1.5000000000000002 1.0000000180025095e-35 1.0000000180025095e-35 -0.56174489110708226 1.7845720052719118 1.0000000180025095e-35 -0.56174489110708226 -0.56174489110708226 19.918363571166996 20.493091583251957 -0.56174489110708226 20.493628501892093 -0.93301269412040699 1.0000000180025095e-35 11.500000000000002 1055.0000000000002 1.0000000180025095e-35 10.500000000000002 4.5000000000000009 5.5000000000000009 0.28333334624767309 9.5000000000000018 0.81174489855766307 -0.56174489110708226 7.5000000000000009 11.500000000000002
decision_type=2 2 2 2 2 2 2 2 2 2 2 2 2 2 2 2 2 2 2 2 2 2 2 2 2 2 2 2 2 2 2 2 2 2 2 2 2 2 2 2 2 2 2 2 2 2 2 2 2 2 2 2 2 2 2 2 2 2 2 2 2 2
left_child=1 3 6 4 10 24 12 26 22 17 -1 29 19 27 36 -15 38 42 -13 20 -2 -22 -7 59 39 35 -4 40 -14 30 -8 -32 -31 43 -23 54 37 -11 -9 -3 -10 -21 -6 -16 49 46 -46 -5 -42 -26 -33 -28 53 -25 -12 -37 -44 -54 -41 -24 -61 -29
right_child=2 5 7 47 9 8 11 16 13 14 25 18 28 15 33 -17 -18 -19 -20 41 21 34 23 52 44 -27 51 61 -30 32 31 50 -34 -35 -36 55 -38 -39 -40 58 48 -43 56 -45 45 -47 -48 -49 -50 -51 -52 -53 57 -55 -56 -57 -58 -59 -60 60 -62 -63
leaf_value=-0.0043421485824874624 0.0093812646481543742 -0.0019746938592838173 0.01479945974676302 0.02664763858044987 -0.0036969725360295035 0.0010502259627668022 0.013356293595760224 0.017763620745290146 0.0064171659296028728 -0.0012334519037716003 -0.0015574151863136463 0.011973606764530747 0.0085057484647147654 0.0096823774202003041 0.0015633032582790083 0.0057825924151631691 0.024840376680598238 -0.0031968618655075602 0.015548045201891578 -0.0047924701567256612 -0.0002415574224622675 0.010180421628412073 0.0071015203913909935 -0.0023114209116480546 -0.0023030784416444498 -0.0041031065895490012 0.016786446191942781 0.008069008552132103 0.011622827578493741 -0.0018928944979258117 0.0024651494337854713 0.013942055785564412 0.0086536679962071449 -0.0027705602739327897 0.0046104728249397433 -0.0034633469727203279 -0.0024280388581966648 0.008940061506390708 0.021764243285687379 0.012060013793720086 -0.00093964363159804122 0.0050610702923818513 0.0041943505620177261 -0.00019838683814722881 0.016709895853887446 -0.00075361459851018781 0.0020083376447042919 -0.0072209622225035798 0.0037249869226433706 -5.9549021513018738e-05 0.0079175813258456473 0.019443127485550063 0.011435556786120557 0.002155403756872894 -0.0036884873202375525 -0.0020288353061986529 0.017792642646936845 0.0027815024239058409 -0.0016075597820617332 0.002634414963853133 0.0066952243259603174 0.00021320315048950944
leaf_weight=421391 15422 574 8336 1688 653 25242 8423 3836 6833 16912 9472 10711 13960 9719 21855 15023 8593 70992 17388 524 2062 3259 5086 3795 14241 74662 10937 5963 12904 559 1356 2109 6009 6191 3850 25987 45768 1487 24586 1003 2039 10069 1129 51513 541 2179 1342 39 34674 19292 2338 11790 665 7232 89447 68317 255 2164 253 8388 3878 624
leaf_count=421391 15422 574 8336 1688 653 25242 8423 3836 6833 16912 9472 10711 13960 9719 21855 15023 8593 70992 17388 524 2062 3259 5086 3795 14241 74662 10937 5963 12904 559 1356 2109 6009 6191 3850 25987 45768 1487 24586 1003 2039 10069 1129 51513 541 2179 1342 39 34674 19292 2338 11790 665 7232 89447 68317 255 2164 253 8388 3878 624
internal_value=4.91864e-08 -0.00229808 0.0138451 -0.00330121 -0.00335684 0.00303483 0.010146 0.0198731 0.00404722 -0.00153166 -0.00393079 0.0125443 0.00825619 0.00534676 -0.000778588 0.00731472 0.0220642 -0.00301368 0.0141857 0.00692217 0.00793375 0.00549898 0.00232343 0.00335307 -0.000337359 -0.00328368 0.017262 0.00437541 0.0100032 0.010326 0.0115124 0.00883498 0.00775528 8.52676e-05 0.00716473 -0.00296703 -0.00184974 -0.000410917 0.0212245 0.00576299 0.00392902 0.00457314 0.00336766 0.000326322 -0.000634452 0.00248515 0.00623552 0.0258795 0.00346578 -0.0010125 0.0107761 0.0181649 0.00147561 0.000617662 -0.00348448 -0.00242419 0.00670453 0.00481787 0.00930302 0.00485195 0.00391873 0.00732559
internal_weight=1.25753e+06 1.07851e+06 179021 907758 906031 170750 110943 68078 131325 216755 689276 48893 62050 74875 143726 24742 37015 73029 28099 35186 24593 9171 56450 31208 39425 267885 31063 50133 26864 20794 14226 5803 6568 79559 7109 193223 64167 18399 28422 1830 43546 10593 2037 73368 37595 4062 1883 1727 36713 33533 4447 22727 13856 11027 98919 94304 1384 2829 1256 17352 12266 6587
internal_count=1257529 1078508 179021 907758 906031 170750 110943 68078 131325 216755 689276 48893 62050 74875 143726 24742 37015 73029 28099 35186 24593 9171 56450 31208 39425 267885 31063 50133 26864 20794 14226 5803 6568 79559 7109 193223 64167 18399 28422 1830 43546 10593 2037 73368 37595 4062 1883 1727 36713 33533 4447 22727 13856 11027 98919 94304 1384 2829 1256 17352 12266 6587
is_linear=0
shrinkage=0.05


Tree=10
num_leaves=63
num_cat=0
split_feature=12 12 12 13 12 12 20 12 12 20 11 2 8 12 11 1 2 11 22 2 13 11 2 18 2 11 17 16 2 1 13 1 13 11 11 1 2 17 3 11 12 3 8 8 3 1 2 19 18 2 8 3 11 2 8 3 2 6 2 2 17 11
split_gain=14449 2284.33 1166.47 505.019 307.666 246.472 213.373 138.725 117.577 90.8696 86.6762 71.886 84.6156 62.3627 57.8349 54.9099 52.2726 46.4363 48.176 45.9583 44.9535 46.6471 50.1089 43.6023 92.2475 39.6841 38.3951 37.2369 34.0218 33.3081 32.9727 31.774 34.3378 29.2959 29.5877 28.6874 28.6688 49.5729 38.6459 27.418 25.5327 25.114 25.0686 24.6487 23.9498 29.7147 23.1019 23.0855 22.083 22.837 49.0085 21.736 21.7128 42.3924 59.833 27.368 21.7005 21.2596 20.6633 20.2545 19.7531 23.8798
threshold=366.00000000000006 802.00000000000011 112.50000000000001 19.151821136474613 1055.0000000000002 544.50000000000011 1.0000000180025095e-35 36.500000000000007 221.50000000000003 0.21428572386503222 -0.25000000000000006 1.5000000000000002 0.6078576147556306 1266.5000000000002 -0.25000000000000006 2024.5000000000002 7.5000000000000009 -0.93301269412040699 0.083333335816860213 5.5000000000000009 1.3044582009315493 -0.25000000000000006 5.5000000000000009 1.0000000180025095e-35 1.5000000000000002 0.68301269412040722 1.0000000180025095e-35 1.5000000000000002 5.5000000000000009 2024.5000000000002 19.151821136474613 2023.5000000000002 20.493628501892093 0.68301269412040722 0.25000000000000011 2024.5000000000002 8.5000000000000018 1.0000000180025095e-35 1.5000000000000002 -0.25000000000000006 59.500000000000007 1.5000000000000002 -0.87837970256805409 0.87837970256805431 5.5000000000000009 2024.5000000000002 5.5000000000000009 1.0000000180025095e-35 1.0000000180025095e-35 1.5000000000000002 0.6078576147556306 4.5000000000000009 1.0000000180025095e-35 7.5000000000000009 0.87837970256805431 1.0000000180025095e-35 10.500000000000002 1.0000000180025095e-35 11.500000000000002 6.5000000000000009 1.0000000180025095e-35 0.68301269412040722
decision_type=2 2 2 2 2 2 2 2 2 2 2 2 2 2 2 2 2 2 2 2 2 2 2 2 2 2 2 2 2 2 2 2 2 2 2 2 2 2 2 2 2 2 2 2 2 2 2 2 2 2 2 2 2 2 2 2 2 2 2 2 2 2
left_child=2 5 3 7 14 9 11 -1 28 -2 19 12 44 39 59 16 23 18 40 57 -11 22 -22 -9 -25 27 29 -12 48 -10 52 32 -32 34 -16 41 38 -38 -18 -6 -17 -30 -37 -44 -4 -46 -31 -35 -8 50 -50 -20 53 -13 -55 56 -54 -7 -49 -3 61 -23
right_child=1 4 6 -5 13 10 8 15 26 20 25 30 -14 -15 33 17 36 -19 51 -21 21 60 -24 24 -26 -27 -28 -29 35 46 31 -33 -34 47 -36 42 37 -39 -40 -41 -42 -43 43 -45 45 -47 -48 58 49 -51 -52 -53 55 54 -56 -57 -58 -59 -60 -61 -62 -63
leaf_value=-0.0040701809692756412 0.0010844898036697053 0.01483147989354062 -0.0021941943458295482 0.025265965604021876 0.020222178826555748 0.0096729164268425146 -0.0013319424542095602 -0.0041701792109075054 0.0015367597035289477 0.011091218947672154 0.0044725851471489652 -0.0016095774215974309 0.015548067481552096 0.022031784448266173 0.012944261554134241 0.0060208472684465646 -0.004635554496565478 -0.0022509344131785391 0.0010272025575526313 0.012989887036529996 0.0045653992593063641 0.0017132075023051658 0.008866545674505474 0.012447541442072935 -0.0041852287245279993 0.0094786933756635713 0.0051992138163620737 0.0089230610112612241 -0.0019512785123990098 0.0028996161748351054 0.023935800491150322 -0.001456484276622784 -0.0014221542637627925 0.015884653103620569 0.007421492971899292 -0.0025348587360822534 -0.0030734652762667777 0.0018751092176058034 0.0010137371933633713 0.017165435483361385 0.022784063639713872 0.0013427787410083243 0.0051712128530824056 -0.0010030127567761773 -0.00059338663945805649 0.02739523258951489 0.0064794150197464194 0.013670588417043914 -0.0010947866537046771 0.00025031932983963465 0.020172603473146311 -0.0033385191717641319 -0.002184237326912085 0.0013703659623486063 0.018505517428037209 -0.0031209092608288132 0.0036213570378200634 0.001552061155997152 0.0056022826081790307 0.018486023387740146 0.0061731962163858352 0.0051322452705801075
leaf_weight=465621 10642 9828 2119 1527 13365 12312 28324 104610 32089 4180 11465 30357 1317 22473 4968 1338 4080 104050 9640 18900 11137 9925 17302 1244 2526 19839 18264 7975 7987 13018 374 607 207 6444 4752 1626 80282 5400 11730 16378 274 20993 9344 1953 222 165 6901 2254 578 2646 509 4048 3629 4090 582 37243 2892 864 1229 6210 10148 10533
leaf_count=465621 10642 9828 2119 1527 13365 12312 28324 104610 32089 4180 11465 30357 1317 22473 4968 1338 4080 104050 9640 18900 11137 9925 17302 1244 2526 19839 18264 7975 7987 13018 374 607 207 6444 4752 1626 80282 5400 11730 16378 274 20993 9344 1953 222 165 6901 2254 578 2646 509 4048 3629 4090 582 37243 2892 864 1229 6210 10148 10533
internal_value=5.1305e-08 0.011235 -0.00255668 -0.00345953 0.0175968 0.00738429 0.000596313 -0.00351472 0.00176217 0.00535959 0.00948019 -0.00141014 0.00528754 0.0200425 0.014018 -0.00272912 -0.0032161 -0.00187273 0.000698968 0.011409 0.00607909 0.00572416 0.00718237 -0.00397978 0.001302 0.00790496 0.00322674 0.00629863 0.000370561 0.00253395 -0.00173035 0.00653617 0.0148939 0.0121982 0.0102449 0.00130858 -0.00240054 -0.00276153 -0.000443848 0.0185392 0.00887452 0.000434748 0.00326775 0.00410338 -0.00010317 0.0113308 0.00414013 0.0141102 -0.000855403 0.00275893 0.00886025 -0.000263537 -0.00185506 -0.000927089 0.00350635 -0.0025977 0.000389737 0.0091408 0.0108253 0.016247 0.00436901 0.00347379
internal_weight=1.25753e+06 233123 1.02441e+06 796370 87901 145222 228036 794843 144232 73867 71355 83804 3823 52216 35685 329222 209872 119350 15300 32076 63225 59045 28439 108380 3770 39279 70272 19440 73960 52008 79981 1188 581 19647 9720 41903 101492 85682 15810 29743 1612 28980 12923 11297 2506 387 19919 9927 32057 3733 1087 13688 78793 35029 4672 43764 6521 13176 3483 16038 30606 20458
internal_count=1257529 233123 1024406 796370 87901 145222 228036 794843 144232 73867 71355 83804 3823 52216 35685 329222 209872 119350 15300 32076 63225 59045 28439 108380 3770 39279 70272 19440 73960 52008 79981 1188 581 19647 9720 41903 101492 85682 15810 29743 1612 28980 12923 11297 2506 387 19919 9927 32057 3733 1087 13688 78793 35029 4672 43764 6521 13176 3483 16038 30606 20458
is_linear=0
shrinkage=0.05


Tree=11
num_leaves=63
num_cat=0
split_feature=12 12 12 13 15 15 12 12 15 12 12 16 1 12 10 15 11 12 12 1 12 2 9 11 17 10 17 15 10 1 17 10 16 11 16 2 9 13 2 21 11 1 1 2 1 2 2 11 11 9 1 11 9 2 2 13 2 16 0 14 22 14
split_gain=13050.5 1729.57 1429.84 476.427 425.928 411.538 236.837 127.127 122.074 86.7861 68.606 67.9629 44.6234 42.595 40.3052 34.8748 34.2277 33.6711 32.646 31.769 29.4478 28.6022 87.8651 26.5103 26.4217 25.6458 23.9586 21.115 20.373 20.371 19.9687 28.9426 19.5741 19.2904 18.7098 17.9734 33.1139 17.8906 17.7733 17.4157 17.2427 21.5362 17.0493 16.6777 16.5656 18.4686 16.0014 15.9036 15.8112 50.197 59.3418 15.3748 15.5536 15.2188 14.8443 13.9605 13.8147 13.7038 13.6455 13.4363 13.162 13.0317
threshold=455.50000000000006 160.50000000000003 954.00000000000011 19.151821136474613 1.0000000180025095e-35 1.0000000180025095e-35 56.500000000000007 1189.0000000000002 1.0000000180025095e-35 302.50000000000006 711.00000000000011 1.0000000180025095e-35 2024.5000000000002 317.50000000000006 0.68301269412040722 4.5000000000000009 1.0000000180025095e-35 19.500000000000004 705.00000000000011 2024.5000000000002 1370.0000000000002 5.5000000000000009 -0.56174489110708226 1.0000000180025095e-35 1.0000000180025095e-35 0.68301269412040722 1.5000000000000002 1.0000000180025095e-35 0.68301269412040722 2024.5000000000002 1.0000000180025095e-35 -0.93301269412040699 1.0000000180025095e-35 0.68301269412040722 1.0000000180025095e-35 5.5000000000000009 -0.56174489110708226 19.151821136474613 6.5000000000000009 1.0000000180025095e-35 0.68301269412040722 2024.5000000000002 2024.5000000000002 11.500000000000002 2024.5000000000002 5.5000000000000009 7.5000000000000009 -0.25000000000000006 -0.93301269412040699 1.0000000180025095e-35 2024.5000000000002 -0.68301269412040699 -0.56174489110708226 6.5000000000000009 8.5000000000000018 5.9448266029357919 7.5000000000000009 1.0000000180025095e-35 2259.5000000000005 0.098199937492609038 0.15000000596046451 0.53021174669265758
decision_type=2 2 2 2 2 2 2 2 2 2 2 2 2 2 2 2 2 2 2 2 2 2 2 2 2 2 2 2 2 2 2 2 2 2 2 2 2 2 2 2 2 2 2 2 2 2 2 2 2 2 2 2 2 2 2 2 2 2 2 2 2 2
left_child=1 3 5 6 9 11 17 15 12 19 28 23 14 -6 24 -4 38 -1 47 25 34 -14 -23 -2 -8 30 -12 44 54 -30 37 -32 42 39 -9 -21 -37 -3 -11 -25 41 -18 53 61 46 -46 -19 -13 49 -10 -51 -50 -53 -15 56 -40 -7 -17 -34 -42 -38 -35
right_child=2 4 7 -5 13 10 8 20 48 16 26 18 21 32 -16 57 40 27 -20 35 -22 22 -24 33 -26 -27 -28 -29 29 -31 31 -33 58 43 -36 36 60 -39 55 -41 59 -43 -44 -45 45 -47 -48 -49 51 50 -52 52 -54 -55 -56 -57 -58 -59 -60 -61 -62 -63
leaf_value=-0.0040667288324537478 0.0062448289463045807 -0.00085518070748700375 0.01282767937368999 0.023673302611367734 0.004725213918456983 0.01118903623090935 -0.0025327155863151471 0.015895245260149238 -0.00062190909611031851 0.0025532657100792193 0.011939624092070306 0.0082613843034714026 -0.0019937378979683856 0.0026875429214488432 -0.0041748337139757355 0.014464171218029863 -0.0014350212194531049 -0.0041454745570770179 0.010308713335494268 0.00030677670699024074 0.022496795523096046 0.0042408763049739317 -0.0017959304149347049 -0.0046528460312315724 0.00010411899932690165 -0.0027563103512170421 0.015186631493494277 -0.0011734704134007321 0.0053726350227995693 0.010426284104043154 0.011570399239023423 0.0010606304230128605 0.0090112405253770476 0.00091423391295137604 0.019658815665135741 0.0076290501397590811 0.034104772248735454 0.010176699489306903 0.0067032237980439837 0.002558660430492785 -0.0011744024068234828 0.0025127085726814758 0.0086808615860149395 0.0026527120629751631 -0.0033812594849455448 -0.0019848276677270288 -0.0031895511834349119 0.005205147169788457 -0.0021276355765472146 -0.0020865130821977537 0.018801933420798309 0.003575441987703524 0.00045318264185370734 0.0068823106038923476 0.0093592651091838949 0.0030967010547496912 0.014555705620467985 0.017315536610794689 0.016053169171359578 0.0029074063975464684 0.00096412826100112823 0.0078029885244625509
leaf_weight=301328 13444 37315 8373 1661 22695 14563 118939 3836 2036 15943 9374 7871 58851 3490 37995 5639 9702 92855 9125 20058 8593 8399 21347 912 10321 13515 14518 11100 3519 4620 724 6893 8125 804 24586 2703 30 371 6310 10140 2355 5365 6233 4264 68761 36148 82978 9305 3575 524 966 5880 12415 5705 8428 4681 3872 17051 754 13941 6937 4768
leaf_count=301328 13444 37315 8373 1661 22695 14563 118939 3836 2036 15943 9374 7871 58851 3490 37995 5639 9702 92855 9125 20058 8593 8399 21347 912 10321 13515 14518 11100 3519 4620 724 6893 8125 804 24586 2703 30 371 6310 10140 2355 5365 6233 4264 68761 36148 82978 9305 3575 524 966 5880 12415 5705 8428 4681 3872 17051 754 13941 6937 4768
internal_value=5.50416e-08 -0.00213284 0.0121641 -0.00307847 0.00214088 0.00886973 -0.00312929 0.0179481 -0.00193422 0.000814841 0.0118467 0.00597805 -0.00226242 0.00628355 -0.00274304 0.0155886 0.00231291 -0.00369592 0.00789087 -0.000171402 0.019928 -0.00135503 -9.12174e-05 0.00451252 -0.00232213 -0.000844761 0.0139129 -0.00331304 0.0104361 0.00824198 -0.000274383 0.00206038 0.0077383 0.0033973 0.0191511 0.00116069 0.0029314 -0.000746418 0.00362035 0.00196309 0.00118993 -2.89894e-05 0.00666075 0.00500829 -0.00339761 -0.00290015 -0.00369439 0.00660602 0.001372 0.00447938 0.0114529 0.000870767 0.00145696 0.00529076 0.0111007 0.00516772 0.0118965 0.0166072 0.00960997 0.00231722 0.00110804 0.00680992
internal_weight=1.25753e+06 1.06992e+06 187605 876079 193845 119527 874418 68078 281248 146843 58894 60633 255852 47002 167255 31063 58297 593170 26301 88546 37015 88597 29746 34332 129260 58818 23892 291842 35002 8139 45303 7617 24307 20888 28422 29728 9670 37686 26934 11052 31363 15067 15428 9836 280742 104909 175833 17176 25396 3526 1490 21870 18295 9195 26863 10991 18435 22690 8879 16296 6967 5572
internal_count=1257529 1069924 187605 876079 193845 119527 874418 68078 281248 146843 58894 60633 255852 47002 167255 31063 58297 593170 26301 88546 37015 88597 29746 34332 129260 58818 23892 291842 35002 8139 45303 7617 24307 20888 28422 29728 9670 37686 26934 11052 31363 15067 15428 9836 280742 104909 175833 17176 25396 3526 1490 21870 18295 9195 26863 10991 18435 22690 8879 16296 6967 5572
is_linear=0
shrinkage=0.05


Tree=12
num_leaves=63
num_cat=0
split_feature=12 12 12 13 12 12 20 12 21 11 12 11 12 2 11 2 11 17 2 2 2 11 2 2 11 13 11 2 8 2 19 2 8 19 10 16 18 16 11 17 14 2 2 13 13 2 9 8 17 2 2 21 18 2 8 2 23 17 13 8 2 17
split_gain=11786 1703.62 1175.69 433.563 285.286 203.674 172.639 86.9677 77.0007 76.5977 72.4103 51.9399 50.6608 42.7238 37.7023 49.9743 37.3926 36.3257 34.6084 30.6151 30 28.7426 28.5799 33.3518 27.782 25.4382 23.6981 28.6417 23.3436 88.9498 33.8856 23.2588 27.8741 23.2201 21.9174 21.8318 20.1199 19.4155 18.9252 20.0037 18.0821 18.4261 17.7187 17.4381 17.3972 17.2343 17.1423 17.2654 16.5912 21.5115 18.7907 16.1369 16.0471 16.6514 32.4676 15.53 15.1602 15.1113 14.6656 14.5965 14.5256 14.0679
threshold=479.50000000000006 190.50000000000003 993.50000000000011 19.151821136474613 74.500000000000014 680.00000000000011 1.0000000180025095e-35 339.00000000000006 1.0000000180025095e-35 -0.25000000000000006 1266.5000000000002 1.0000000180025095e-35 28.500000000000004 5.5000000000000009 -0.25000000000000006 7.5000000000000009 0.68301269412040722 1.5000000000000002 5.5000000000000009 6.5000000000000009 1.5000000000000002 -0.25000000000000006 5.5000000000000009 8.5000000000000018 0.68301269412040722 1.7845720052719118 0.68301269412040722 9.5000000000000018 0.6078576147556306 1.5000000000000002 1.0000000180025095e-35 1.5000000000000002 0.6078576147556306 1.5000000000000002 0.68301269412040722 1.5000000000000002 1.5000000000000002 1.5000000000000002 0.68301269412040722 1.5000000000000002 0.24865591526031497 11.500000000000002 5.5000000000000009 3.0512382984161381 2.8625934123992924 7.5000000000000009 -0.56174489110708226 -0.87837970256805409 1.5000000000000002 10.500000000000002 9.5000000000000018 1.0000000180025095e-35 1.0000000180025095e-35 1.5000000000000002 0.6078576147556306 11.500000000000002 0.77136236429214489 1.0000000180025095e-35 20.493628501892093 1.0000000180025095e-35 11.500000000000002 1.0000000180025095e-35
decision_type=2 2 2 2 2 2 2 2 2 2 2 2 2 2 2 2 2 2 2 2 2 2 2 2 2 2 2 2 2 2 2 2 2 2 2 2 2 2 2 2 2 2 2 2 2 2 2 2 2 2 2 2 2 2 2 2 2 2 2 2 2 2
left_child=1 3 5 4 12 11 31 22 20 19 21 18 -1 28 15 42 37 24 -2 -7 46 -4 52 43 56 -16 27 -23 30 -30 -10 32 -3 -28 51 -19 57 -13 39 -27 -18 -42 -9 45 -20 -24 -6 -48 49 -25 -50 -14 -8 54 -54 -26 -11 -15 -5 -43 -35 -46
right_child=2 6 10 58 8 9 7 14 13 17 -12 16 34 36 25 -17 40 35 44 -21 -22 26 23 48 55 38 33 -29 29 -31 -32 -33 -34 60 -36 -37 -38 -39 -40 -41 41 59 -44 -45 61 -47 47 -49 50 -51 -52 -53 53 -55 -56 -57 -58 -59 -60 -61 -62 -63
leaf_value=-0.0037545111799374693 0.006337896655018352 0.00073106563669877089 0.017851201877302034 0.022894769787736975 -0.0033163003156421486 0.011819730052623208 0.00060121723260108176 0.0037208107545306764 -0.0024599773463036402 -0.0032124900510259128 0.019905457379211327 0.0023955314309748741 -0.0030275051756266194 -9.3357672608094756e-07 0.0072334993641031495 0.010385349692044186 0.00079125568174786848 0.0089556796353828846 0.016064674040012033 0.015336234074502393 -0.0027931555886421718 0.014506428144724271 0.004242604738455961 -0.0018967373526238545 0.011375186881326077 0.00049273977160737409 0.018798191058848199 0.0073763433671470945 0.0050151324979167047 -0.0023780788236620271 0.0053716452654037046 -0.00055975224275139944 0.013718213964058279 0.016053613242520231 -0.0035874024424089046 0.012617416160877797 -0.0026267667994861158 0.006331255728434397 0.0043695518407130124 0.004757173941271375 0.0088036906150485428 0.0073840816231538183 0.0064452438785848574 0.0022938897769970022 0.0080437488123745512 0.0078387558494871327 -0.0040758613758055976 0.0090075866583609956 0.011674326962736325 0.0022272240986322927 0.0026668193684184624 -0.0021348673059132261 0.0016336012183107843 0.0020163525424052734 0.016929378392191049 0.0065980697880247286 0.0061280895025393571 0.001896673958701506 -0.0080066814542274038 0.0021304838336593129 0.0099451551685607459 0.010826826046254562
leaf_weight=398948 11468 1199 16335 1688 697 16016 25305 11435 45447 463 22473 9392 106850 63280 4305 5619 1041 6885 1053 10120 74624 8195 10151 4837 5268 9394 5791 1705 5814 13549 1424 37595 631 2834 78687 10013 6301 4708 14173 3890 10695 3234 12514 6310 9035 4969 321 1167 756 9128 2483 96347 808 4639 609 2523 6858 12575 39 2242 1492 9182
leaf_count=398948 11468 1199 16335 1688 697 16016 25305 11435 45447 463 22473 9392 106850 63280 4305 5619 1041 6885 1053 10120 74624 8195 10151 4837 5268 9394 5791 1705 5814 13549 1424 37595 631 2834 78687 10013 6301 4708 14173 3890 10695 3234 12514 6310 9035 4969 321 1167 756 9128 2483 96347 808 4639 609 2523 6858 12575 39 2242 1492 9182
internal_value=5.88914e-08 -0.00197206 0.0118811 -0.00283393 -0.00288165 0.00904633 0.00260986 0.00348097 -0.00133893 0.0111727 0.0176732 0.00705366 -0.00339192 -0.000673705 0.00485563 0.00614076 0.00561987 0.00953223 0.00851404 0.0131816 -0.00262403 0.016293 0.00227641 0.00318677 0.00774992 0.0036591 0.0150211 0.0132791 -0.0016186 -0.000157895 -0.00222193 -0.000291686 0.00521238 0.016725 -0.00287874 0.0111258 8.80065e-05 0.00371006 0.00309846 0.00174191 0.00718406 0.00759528 0.00514463 0.00450317 0.00980881 0.00542481 0.00314961 0.00618171 0.0015467 0.000798463 0.00477106 -0.00260428 0.00115477 0.00346689 0.0082117 0.00982893 0.00553665 0.000313582 0.0221936 0.00523413 0.0139483 0.00944684
internal_weight=1.25753e+06 1.07851e+06 179021 907758 906031 120196 170750 131325 225199 58146 58825 62050 680832 148390 61330 29568 31312 32010 30738 26136 76809 36352 69995 38634 15112 31762 20017 9900 66234 19363 46871 39425 1830 10117 281884 16898 82156 14100 27457 13284 17212 16171 23949 21430 19270 15120 2185 1488 17204 13965 3239 203197 31361 6056 1417 7791 7321 75855 1727 5476 4326 18217
internal_count=1257529 1078508 179021 907758 906031 120196 170750 131325 225199 58146 58825 62050 680832 148390 61330 29568 31312 32010 30738 26136 76809 36352 69995 38634 15112 31762 20017 9900 66234 19363 46871 39425 1830 10117 281884 16898 82156 14100 27457 13284 17212 16171 23949 21430 19270 15120 2185 1488 17204 13965 3239 203197 31361 6056 1417 7791 7321 75855 1727 5476 4326 18217
is_linear=0
shrinkage=0.05


Tree=13
num_leaves=63
num_cat=0
split_feature=12 12 12 15 13 15 12 12 15 12 12 15 12 1 12 1 11 10 11 0 12 17 17 13 13 2 9 17 21 17 17 2 9 22 2 8 11 1 12 8 11 1 13 11 13 10 1 2 2 13 11 11 13 1 11 2 10 12 12 2 8 2
split_gain=10638.5 1690.16 868.845 424.422 372.176 303.719 227.559 101.368 82.9921 68.0214 67.4051 57.2432 46.6915 34.6672 33.0796 30.4762 30.0326 29.1025 27.1065 26.7171 27.5131 24.7301 24.502 23.2687 24.5841 22.6897 64.7737 22.2871 21.4171 21.1754 20.3362 19.274 54.7482 24.7901 19.8549 19.1673 18.9345 18.9275 18.8454 17.1058 26.1538 25.4484 16.6846 15.4186 15.1938 15.1636 14.2992 21.6717 14.1144 13.9332 13.8162 13.7149 15.0555 13.6156 13.9688 13.3333 13.1432 12.8738 12.7839 12.5779 12.5693 12.4208
threshold=366.00000000000006 802.00000000000011 112.50000000000001 1.0000000180025095e-35 19.151821136474613 1.0000000180025095e-35 1127.5000000000002 43.500000000000007 1.0000000180025095e-35 544.50000000000011 262.50000000000006 1.0000000180025095e-35 637.50000000000011 2024.5000000000002 1329.0000000000002 2024.5000000000002 -0.25000000000000006 0.68301269412040722 0.68301269412040722 2048.5000000000005 221.50000000000003 1.0000000180025095e-35 1.0000000180025095e-35 19.151821136474613 20.493628501892093 5.5000000000000009 -0.56174489110708226 1.5000000000000002 0.10714286193251611 1.0000000180025095e-35 1.0000000180025095e-35 5.5000000000000009 -0.56174489110708226 0.050000002607703216 6.5000000000000009 -0.60785761475563038 -0.25000000000000006 2024.5000000000002 10.500000000000002 -0.87837970256805409 -0.93301269412040699 2024.5000000000002 0.019016572274267677 -0.25000000000000006 28.54627895355225 0.68301269412040722 2024.5000000000002 7.5000000000000009 8.5000000000000018 673.35925292968761 1.0000000180025095e-35 1.0000000180025095e-35 1.0811387896537783 2024.5000000000002 -0.93301269412040699 6.5000000000000009 -0.25000000000000006 970.00000000000011 705.00000000000011 7.5000000000000009 -1.0000000180025095e-35 6.5000000000000009
decision_type=2 2 2 2 2 2 2 2 2 2 2 2 2 2 2 2 2 2 2 2 2 2 2 2 2 2 2 2 2 2 2 2 2 2 2 2 2 2 2 2 2 2 2 2 2 2 2 2 2 2 2 2 2 2 2 2 2 2 2 2 2 2
left_child=2 3 4 9 7 10 8 38 36 21 13 15 30 17 35 18 55 23 22 20 -7 43 -9 29 -25 -17 -27 -10 -12 -4 37 -15 34 -34 -33 49 -3 45 -1 -13 41 -41 -20 61 58 -5 47 -22 -49 -8 -14 52 -30 59 -55 -11 -32 -38 -18 -40 -42 -2
right_child=1 6 5 12 -6 19 14 11 27 16 28 39 50 31 -16 25 44 -19 42 -21 46 -23 -24 24 -26 26 -28 -29 51 -31 56 32 33 -35 -36 -37 57 -39 53 40 60 -43 -44 -45 -46 -47 -48 48 -50 -51 -52 -53 -54 54 -56 -57 -58 -59 -60 -61 -62 -63
leaf_value=-0.0038207638490415441 0.0022777214487303345 0.011784964333864684 -0.0013740864118517817 0.0070699841953127014 0.021686639629515912 0.0026579188143634278 0.015816965431935708 -0.0034476029859758141 0.012001375103604897 0.006351312682430485 -0.001370975891758071 -0.0032110018550421011 0.012369245070189367 -0.00048968692483763153 0.019563687727288056 -0.0022742175748313343 0.0047053918473136868 -0.003078249185287095 0.010999123574035969 0.01044261052623731 0.0019541611199615414 0.0044177545073215271 0.00014613317771827931 0.01991034975035412 -0.0039212039693039963 0.0030540905949058067 -0.0020479628641002427 0.014982808551823485 0.0060838851208591992 0.0011667624690525854 0.011493691420768375 0.011100247777684313 0.032109788675396982 -0.00035786652252972704 0.0039814912198832082 0.017453491386634285 0.0063941712286609892 0.0092519688551078224 -0.0038611236725937673 -0.0037195359224883985 0.0022942058569227174 0.0091963991298963654 -0.0019936026448613745 0.0011042227919542886 0.00295352022997355 0.0027122265897374554 0.0068059153679568968 0.010031966236600527 0.0048164511259849198 0.011152904413837128 0.0098908696106006031 0.00081787771245415768 0.0021181919846785576 -0.0014376520762571106 -0.0029991970095441522 0.0096104305921980368 0.0085643849314157739 0.010280605575382344 0.0084109922649695194 -0.0030520029217197637 -0.00082050938229880684 0.0056571728332746709
leaf_weight=196118 8620 5063 61557 11606 1527 17714 6511 108014 9215 9352 6397 2869 12690 31799 14542 59996 9418 21075 248 1749 5787 15354 4958 270 180 8682 21941 19778 2780 9458 6663 1487 59 11211 2881 21756 5336 9082 98078 498 4850 1621 54594 19667 9300 2416 9233 1715 5364 2137 10164 20028 17292 16440 111850 4740 9073 3563 3099 94337 9749 3978
leaf_count=196118 8620 5063 61557 11606 1527 17714 6511 108014 9215 9352 6397 2869 12690 31799 14542 59996 9418 21075 248 1749 5787 15354 4958 270 180 8682 21941 19778 2780 9458 6663 1487 59 11211 2881 21756 5336 9082 98078 498 4850 1621 54594 19667 9300 2416 9233 1715 5364 2137 10164 20028 17292 16440 111850 4740 9073 3563 3099 94337 9749 3978
internal_value=6.37152e-08 0.00964046 -0.00219379 0.00632815 -0.00297299 0.000527396 0.0151127 -0.00302037 0.0125099 0.00400499 -0.000334057 -0.00225046 0.0094734 -0.000881966 0.0176 -0.00244798 0.00564823 -0.00144534 -0.00284702 0.00439254 0.00412661 0.00276573 -0.00328984 -0.000963727 0.0103679 -0.00170894 -0.000601299 0.0140354 0.00131529 -0.00103562 0.0084177 0.000216966 0.00165422 -0.000187167 0.00640628 0.0166606 0.00934166 0.00747249 -0.00343453 0.000355377 0.000967723 0.00615855 -0.00193474 0.00197941 0.00448549 0.00631952 0.00530363 0.00422511 0.00608082 0.0146652 0.0112673 0.00174394 0.00266772 -0.00319833 -0.00279913 0.00744797 0.00980511 0.00795089 0.0056233 -0.00346446 0.00021391 0.00334527
internal_weight=1.25753e+06 233123 1.02441e+06 145222 796370 228036 87901 794843 42955 83528 186474 278020 61694 139977 44946 258433 35909 92540 167814 41562 39813 47619 112972 71465 450 90619 30623 28993 46497 71015 38840 47437 15638 11270 4368 30404 13962 23104 516823 19587 16718 2119 54842 32265 21817 14022 22099 12866 7079 8648 22854 40100 20072 320705 128290 14092 15736 8899 12517 192415 14599 12598
internal_count=1257529 233123 1024406 145222 796370 228036 87901 794843 42955 83528 186474 278020 61694 139977 44946 258433 35909 92540 167814 41562 39813 47619 112972 71465 450 90619 30623 28993 46497 71015 38840 47437 15638 11270 4368 30404 13962 23104 516823 19587 16718 2119 54842 32265 21817 14022 22099 12866 7079 8648 22854 40100 20072 320705 128290 14092 15736 8899 12517 192415 14599 12598
is_linear=0
shrinkage=0.05


Tree=14
num_leaves=63
num_cat=0
split_feature=12 12 12 15 15 12 15 12 17 17 12 17 1 17 1 1 14 10 15 15 10 10 8 15 12 10 16 16 10 8 20 16 12 0 10 10 9 22 21 10 12 21 10 3 10 1 10 14 12 1 8 14 10 16 8 12 8 16 19 3 1 8
split_gain=9612.25 1390.36 960.521 310.254 292.879 222.261 102.439 95.5102 51.5466 47.9282 44.2112 42.3173 35.1678 32.1868 32.1413 32.0001 30.8221 28.4794 27.7653 26.902 26.5295 25.4007 84.6168 23.6832 23.3958 23.1747 22.9382 21.2179 19.4939 19.3041 19.2309 18.4896 18.0155 17.5815 16.859 16.6268 61.2706 34.6777 26.2642 16.5498 16.5369 15.534 15.4963 14.7128 13.6768 15.1725 13.3802 17.3571 13.1034 13.0194 24.3524 13.097 12.6703 12.2401 11.9164 11.901 11.8232 11.5282 10.85 10.7741 10.7698 10.6842
threshold=479.50000000000006 186.50000000000003 954.00000000000011 1.0000000180025095e-35 1.0000000180025095e-35 79.500000000000014 1.0000000180025095e-35 1189.0000000000002 1.0000000180025095e-35 1.0000000180025095e-35 31.500000000000004 1.0000000180025095e-35 2024.5000000000002 1.0000000180025095e-35 2024.5000000000002 2024.5000000000002 19.918363571166996 0.68301269412040722 4.5000000000000009 1.0000000180025095e-35 0.68301269412040722 -0.93301269412040699 0.87837970256805431 1.0000000180025095e-35 721.50000000000011 -0.68301269412040699 1.0000000180025095e-35 1.0000000180025095e-35 0.68301269412040722 1.0000000180025095e-35 0.21428572386503222 2.5000000000000004 296.50000000000006 1919.5000000000002 0.68301269412040722 0.25000000000000011 -0.56174489110708226 1.0000000180025095e-35 1.0000000180025095e-35 -0.25000000000000006 1416.5000000000002 0.10714286193251611 0.93301269412040722 3.5000000000000004 0.68301269412040722 2024.5000000000002 -0.68301269412040699 3.5838744640350346 653.50000000000011 2024.5000000000002 -0.87837970256805409 19.918363571166996 0.25000000000000011 1.0000000180025095e-35 0.87837970256805431 705.00000000000011 -0.87837970256805409 1.0000000180025095e-35 2.5000000000000004 3.5000000000000004 2024.5000000000002 -0.87837970256805409
decision_type=2 2 2 2 2 2 2 2 2 2 2 2 2 2 2 2 2 2 2 2 2 2 2 2 2 2 2 2 2 2 2 2 2 2 2 2 2 2 2 2 2 2 2 2 2 2 2 2 2 2 2 2 2 2 2 2 2 2 2 2 2 2
left_child=1 5 4 8 9 10 15 18 12 30 16 44 20 14 34 17 -1 41 -4 28 32 22 -10 -9 -13 -15 -11 -23 49 -16 39 -24 -3 56 43 36 38 -38 -17 46 53 -7 58 -5 -6 -46 -2 -48 -32 51 -51 -12 -45 -25 -43 -28 -8 -20 -31 -27 -30 -21
right_child=2 3 7 13 11 6 33 23 21 26 19 24 -14 25 29 35 -18 -19 57 61 -22 27 31 40 -26 59 55 -29 60 42 48 -33 -34 -35 -36 -37 37 -39 -40 -41 -42 54 -44 52 45 -47 47 -49 -50 50 -52 -53 -54 -55 -56 -57 -58 -59 -60 -61 -62 -63
leaf_value=-0.0033672225648589942 -0.00061729259566323637 -0.00048874082801149887 0.010896239550203288 0.0029575950127905628 0.0096356940430384272 -0.002233945439721525 -0.0012146852825949891 0.013348499599382717 0.0012849096476632398 0.0053688551716650386 -0.0026922272009096029 0.010402431949176854 0.0018896599715970321 0.011194679490474611 0.0051979075418282991 -0.0032805807469125205 9.979676787313364e-05 -0.003421500782804543 0.01230319730769816 -0.0037102087424615206 -0.0018657924874475266 0.0016273449424799979 0.03312647700598078 0.014079412476181413 0.013229398928478129 0.0050769661227384787 0.0070864945314216849 0.0045722320963559352 -0.0038828218379692286 0.0087103012078948699 0.0035813219109984244 0.0084013227536651591 0.0013984590665640411 0.0066066466723519639 3.7607742284422372e-05 -0.0011612330099773892 0.02092975863995436 -0.0013904596061858892 0.0063511049115036675 -0.0012700216347252288 0.019805300527935069 -0.0012638833039805572 0.0011677664716301442 0.0068215816765141218 0.004491327598468371 0.0092128340468411261 -0.0034519902715489815 0.012286783998309901 0.0058875599181774201 -0.004282221816321239 -0.001305949831467202 0.00093960387096899572 8.6643272037840392e-05 0.017388708794396416 0.00097662170812731612 0.010207050404959998 0.0021575983527644866 0.014918449517588772 0.014362186849028822 0.0083757110203455647 -0.002689625304593499 0.0001096537784662193
leaf_weight=415815 639 26245 8373 9274 19403 44679 3057 3751 1000 12162 128788 15767 30646 3767 7742 826 6508 26747 5639 2136 16931 20253 341 3194 13716 5414 7178 8769 38573 4075 15830 98 24401 1963 2791 40899 176 14557 4917 2948 6541 39931 566 5944 3166 3694 227 760 10105 7984 49482 2529 793 23529 6968 5348 17286 17051 1078 4582 37193 12784
leaf_count=415815 639 26245 8373 9274 19403 44679 3057 3751 1000 12162 128788 15767 30646 3767 7742 826 6508 26747 5639 2136 16931 20253 341 3194 13716 5414 7178 8769 38573 4075 15830 98 24401 1963 2791 40899 176 14557 4917 2948 6541 39931 566 5944 3166 3694 227 760 10105 7984 49482 2529 793 23529 6968 5348 17286 17051 1078 4582 37193 12784
internal_value=6.70601e-08 -0.00178093 0.0107297 0.00230224 0.00786059 -0.00257024 -0.00110873 0.0154051 0.00104208 0.00527865 -0.00299091 0.010417 0.00048474 0.00582541 0.00496136 -0.00150545 -0.00331378 -0.001986 0.0133599 -0.00250299 -0.000152315 0.00283909 0.00932433 0.0171213 0.0117178 0.00785049 0.00691679 0.00251733 -0.00261949 0.00682693 0.00395287 0.0276215 0.000420405 0.00208699 0.00362544 -0.000578896 0.000584027 -0.00112334 0.0049649 0.000962282 0.0175465 -0.00156668 0.00903119 0.00425055 0.0089565 0.00703461 0.00501244 0.00866198 0.00448011 -0.00234749 -0.00171955 -0.00262224 0.00602958 0.0169934 -0.000930893 0.00841929 0.00165059 0.0142688 0.00989389 0.00658962 -0.00329716 -0.000436897
internal_weight=1.25753e+06 1.07851e+06 179021 174710 110943 903798 202006 68078 128684 55197 701792 55746 98223 46026 32263 179700 422323 118325 31063 279469 67577 30461 1439 37015 29483 13763 24688 29022 264549 13461 30509 439 50646 22306 18802 61375 20476 14733 5743 4574 33264 91578 5719 16011 26263 6860 1626 987 25935 188783 57466 131317 6737 26723 46899 12526 20343 22690 5153 9996 75766 14920
internal_count=1257529 1078508 179021 174710 110943 903798 202006 68078 128684 55197 701792 55746 98223 46026 32263 179700 422323 118325 31063 279469 67577 30461 1439 37015 29483 13763 24688 29022 264549 13461 30509 439 50646 22306 18802 61375 20476 14733 5743 4574 33264 91578 5719 16011 26263 6860 1626 987 25935 188783 57466 131317 6737 26723 46899 12526 20343 22690 5153 9996 75766 14920
is_linear=0
shrinkage=0.05


Tree=15
num_leaves=63
num_cat=0
split_feature=12 12 12 15 13 15 12 12 16 15 12 24 15 12 13 12 15 17 13 16 0 10 12 2 12 25 11 13 10 10 10 20 17 24 2 8 11 9 3 17 10 2 2 17 2 24 15 3 10 8 2 2 12 3 23 11 12 2 3 2 2 11
split_gain=8686.11 1376.41 709.068 389.95 336.968 225.082 139.355 101.713 72.7393 56.8304 54.9369 46.1856 42.8862 37.1828 29.9511 29.4337 27.8287 27.6634 26.5756 23.3938 22.4729 20.8504 19.5769 19.5402 19.3451 17.7486 17.7033 17.3751 16.6905 15.8284 15.8211 15.2992 14.5644 14.4469 27.1553 14.3027 25.9695 22.1825 20.8384 13.539 36.522 15.5317 13.2605 13.1858 12.8829 12.435 12.3691 12.2666 12.0097 14.2293 17.1386 12.2737 11.6945 10.9774 10.8454 10.7492 10.7179 10.4382 16.3804 10.3691 10.9586 10.3265
threshold=366.00000000000006 853.50000000000011 125.50000000000001 1.0000000180025095e-35 19.151821136474613 1.0000000180025095e-35 1127.5000000000002 49.500000000000007 1.0000000180025095e-35 1.0000000180025095e-35 637.50000000000011 1.0000000180025095e-35 1.0000000180025095e-35 262.50000000000006 19.151821136474613 501.50000000000006 1.5000000000000002 1.0000000180025095e-35 20.493628501892093 1.0000000180025095e-35 2048.5000000000005 0.68301269412040722 12.500000000000002 5.5000000000000009 1370.0000000000002 1.0000000180025095e-35 1.0000000180025095e-35 8.0290560722351092 -0.25000000000000006 -0.25000000000000006 -0.68301269412040699 1.0000000180025095e-35 3.5000000000000004 1.0000000180025095e-35 4.5000000000000009 -0.87837970256805409 -0.93301269412040699 1.0000000180025095e-35 1.5000000000000002 1.0000000180025095e-35 -0.93301269412040699 8.5000000000000018 8.5000000000000018 1.5000000000000002 6.5000000000000009 2.8094208240509038 1.0000000180025095e-35 1.0000000180025095e-35 -0.25000000000000006 1.0000000180025095e-35 1.5000000000000002 8.5000000000000018 705.00000000000011 1.0000000180025095e-35 2.3754646778106694 -0.68301269412040699 237.50000000000003 1.5000000000000002 5.5000000000000009 5.5000000000000009 1.5000000000000002 -0.25000000000000006
decision_type=2 2 2 2 2 2 2 2 2 2 2 2 2 2 2 2 2 2 2 2 2 2 2 2 2 2 2 2 2 2 2 2 2 2 2 2 2 2 2 2 2 2 2 2 2 2 2 2 2 2 2 2 2 2 2 2 2 2 2 2 2 2
left_child=2 3 4 8 7 11 12 22 15 21 19 14 27 29 57 -2 -8 42 28 54 23 33 -1 53 43 -25 -12 -3 -16 39 -28 -17 -14 34 -9 -11 37 -37 -38 41 -41 -13 44 -18 -10 -31 59 -35 51 -50 -51 -15 -19 -7 -5 -33 -27 58 -4 60 -24 -29
right_child=1 6 5 10 -6 20 16 9 17 35 26 13 32 48 18 31 24 52 -20 -21 -22 -23 46 25 -26 56 30 61 -30 45 -32 55 -34 47 -36 36 38 -39 -40 40 -42 -43 -44 -45 -46 -47 -48 -49 49 50 -52 -53 -54 -55 -56 -57 -58 -59 -60 -61 -62 -63
leaf_value=-0.0034300752632573832 0.0015022149502813675 -0.00797147009821054 0.00079203419594328899 0.0094816288068199223 0.020529326630722863 -0.00060073760858843285 0.012550040648655045 0.0012906753415797599 0.0043360091990209638 -0.0025336488336349123 0.011629973643193315 0.00135579258263412 0.010988597730215655 0.0043215595820747426 0.021458370847656894 0.0012787098773274085 0.01335693643541869 0.0063309133542186688 -0.0034640975415110805 0.0090325328497619078 0.0097933242324017514 -0.0028150736801744042 -0.00230986040074296 -0.0013141025981499993 0.018486255564402584 0.0039303575704964016 0.0022436071316919181 0.011316153610713777 -0.0047134204592942878 -7.609704722956218e-05 0.0095632197449541049 0.0065030039352334717 0.01367330772404584 -0.002797627840210024 -0.0025661063567512352 0.00048487535705438536 -0.0022767863874081206 0.010557558581238309 0.0016781937263624755 0.012762324566867279 0.0012697475511646336 -0.0012309280248541377 0.0021901845571147423 0.016220676488308834 0.008316501314020926 -0.0015681033664988601 -0.0011251720603991796 -0.0011875684681360282 0.0019515585220111207 0.0043237132538277139 -0.0011417710574686388 0.0012926805535985113 0.0094953196634762916 0.0030487615331193873 0.0061333736669102225 0.0038030047546742649 0.0061841468916902249 -0.0020216755169642471 0.020843646200302796 -0.0026057878545909714 -0.0033824376564673569 0.0080539151257857568
leaf_weight=221381 28434 148 745 2767 1567 2479 5477 4874 9949 3050 15602 12064 7338 6614 336 4724 4777 11233 270 16476 1664 70918 29549 1132 8431 10116 790 3861 74 30202 11695 4821 16422 13700 71359 962 4834 1269 10705 793 5398 11181 5430 26261 2560 25988 10406 86957 15520 1674 10010 6779 3959 12141 19597 15776 11069 35376 118 167667 123465 6595
leaf_count=221381 28434 148 745 2767 1567 2479 5477 4874 9949 3050 15602 12064 7338 6614 336 4724 4777 11233 270 16476 1664 70918 29549 1132 8431 10116 790 3861 74 30202 11695 4821 16422 13700 71359 962 4834 1269 10705 793 5398 11181 5430 26261 2560 25988 10406 86957 15520 1674 10010 6779 3959 12141 19597 15776 11069 35376 118 167667 123465 6595
internal_value=6.96834e-08 0.00871105 -0.00198228 0.0059522 -0.0026337 0.000674081 0.0140615 -0.00267792 0.00374255 -0.0018798 0.00882074 -0.000138266 0.0116639 0.000316685 -0.00169384 0.0026066 0.0158944 0.00558545 0.00870055 0.00760204 0.00410748 -0.00209061 -0.00306598 0.00385117 0.0163584 0.00478221 0.0105058 0.00901808 0.0167225 -0.000274169 0.00910049 0.00384655 0.0128444 -0.00180013 -0.00231945 0.000629019 0.00117214 0.00621671 0.000447517 0.000664976 0.00274281 0.000111348 0.00425514 0.0157801 0.00515109 -0.000766244 -0.00282251 -0.00140676 0.00156302 0.000959321 -0.000358257 0.00278886 0.00715594 0.0024296 0.0065479 0.00443525 0.0051082 -0.00188904 0.00354163 -0.00287757 -0.00317534 0.00925911
internal_weight=1.25753e+06 233123 1.02441e+06 153813 822663 201743 79310 821096 86886 268628 66927 163142 34364 126223 36919 53755 44946 33131 680 38840 38601 247808 552468 36937 39469 22317 28087 10604 410 85626 12485 25321 23760 176890 76233 20820 17770 2231 15539 29436 6191 23245 17939 31038 12509 56190 331087 100657 40597 27204 11684 13393 15192 14620 22364 20597 21185 36239 863 320681 153014 10456
internal_count=1257529 233123 1024406 153813 822663 201743 79310 821096 86886 268628 66927 163142 34364 126223 36919 53755 44946 33131 680 38840 38601 247808 552468 36937 39469 22317 28087 10604 410 85626 12485 25321 23760 176890 76233 20820 17770 2231 15539 29436 6191 23245 17939 31038 12509 56190 331087 100657 40597 27204 11684 13393 15192 14620 22364 20597 21185 36239 863 320681 153014 10456
is_linear=0
shrinkage=0.05


Tree=16
num_leaves=63
num_cat=0
split_feature=12 12 12 12 12 20 12 11 12 11 1 2 2 11 12 18 2 8 17 2 8 2 9 21 21 11 1 11 9 17 25 11 1 1 17 2 2 1 3 2 2 8 19 20 1 9 9 6 2 9 19 2 3 2 2 11 1 9 2 1 3 18
split_gain=7841.95 1105.95 806.548 152.991 145.878 142.602 75.2818 58.3552 49.8718 44.1815 41.913 40.1916 35.5341 34.3902 32.5636 32.3358 87.6322 105.985 30.7633 28.9009 35.3823 28.5641 52.3646 69.7307 29.1976 26.5049 24.2105 23.8774 44.8566 42.7095 36.2767 23.7597 23.6873 21.6321 21.3675 21.3248 21.2554 25.8049 20.8235 20.1796 22.6455 50.6819 42.0738 35.9834 21.7641 26.6213 35.8194 19.975 19.9707 19.54 19.2128 24.2972 19.2008 17.8566 16.6046 16.3717 16.1669 15.979 15.7717 15.1725 15.1654 15.1554
threshold=473.50000000000006 170.00000000000003 993.50000000000011 74.500000000000014 680.00000000000011 1.0000000180025095e-35 309.00000000000006 1.0000000180025095e-35 1259.5000000000002 -0.25000000000000006 2024.5000000000002 7.5000000000000009 5.5000000000000009 0.68301269412040722 25.500000000000004 1.0000000180025095e-35 1.5000000000000002 0.6078576147556306 1.0000000180025095e-35 1.5000000000000002 0.6078576147556306 8.5000000000000018 1.0000000180025095e-35 1.0000000180025095e-35 0.10714286193251611 0.68301269412040722 2024.5000000000002 -0.93301269412040699 -0.56174489110708226 1.0000000180025095e-35 0.59402847290039074 -0.25000000000000006 2024.5000000000002 2023.5000000000002 1.0000000180025095e-35 10.500000000000002 5.5000000000000009 2024.5000000000002 1.0000000180025095e-35 5.5000000000000009 1.5000000000000002 0.6078576147556306 1.0000000180025095e-35 1.0000000180025095e-35 2024.5000000000002 -0.56174489110708226 1.0000000180025095e-35 1.0000000180025095e-35 6.5000000000000009 -0.56174489110708226 4.5000000000000009 11.500000000000002 3.5000000000000004 9.5000000000000018 5.5000000000000009 0.25000000000000011 2024.5000000000002 1.0000000180025095e-35 9.5000000000000018 2024.5000000000002 1.5000000000000002 1.0000000180025095e-35
decision_type=2 2 2 2 2 2 2 2 2 2 2 2 2 2 2 2 2 2 2 2 2 2 2 2 2 2 2 2 2 2 2 2 2 2 2 2 2 2 2 2 2 2 2 2 2 2 2 2 2 2 2 2 2 2 2 2 2 2 2 2 2 2
left_child=1 3 4 14 9 19 36 47 31 12 11 15 59 26 -1 -5 17 -17 32 20 -3 22 23 -13 38 34 -9 28 29 52 -30 -4 -8 -33 56 -26 61 60 -23 40 41 42 -16 -43 -41 48 -47 -6 -46 -39 -15 -52 -12 -35 -20 -36 -11 -51 -56 -2 -38 -7
right_child=2 5 8 10 7 6 18 13 -10 25 27 21 -14 50 39 16 -18 -19 54 -21 -22 24 -24 -25 35 -27 -28 -29 30 -31 -32 33 -34 53 55 -37 37 49 -40 44 -42 43 -44 -45 45 46 -48 -49 -50 57 51 -53 -54 -55 58 -57 -58 -59 -60 -61 -62 -63
leaf_value=-0.0030490068821527275 0.0032382871379899114 0.00045921217613839485 0.014651243573183911 -0.0028583652579407454 0.010930233359128561 -2.4659140472286251e-05 0.002184615728513006 0.0039321413020407285 0.016150223687629157 0.00041235800485434505 0.0069443071871782835 0.023565476647458377 0.0085737163016611686 0.010228337462264994 -0.0032101705673710256 -0.0033782952242237861 -0.0028560758048700664 0.026691614044965672 0.0036491005628057705 -0.00077569723898345813 0.01366019399450516 0.00091578596315511655 -0.0029457892418167353 0.00307904360314026 -0.0018015272357760675 0.0058405902654861319 0.0083178518374323555 -0.00054206398409943342 0.010856841002803999 -0.002352775316129074 -0.0011625535195323197 0.015778666704320408 0.0044657220175686636 0.01235830218556036 0.0074788366136204062 0.0010048199993925205 -0.00046562939626772497 0.0075399066190556313 -0.0029959693108355871 -0.0023080633343938112 -0.0030885169413788385 0.0040739888349275218 0.014145543875072547 -0.0022738528803674316 0.0038523046935173529 -0.0039657321768692662 -0.00041118738840780915 0.002393504601628532 -0.00045235353297918938 9.9991060849332191e-05 0.0091016995160983754 0.001715320505648224 0.017430455703877017 0.0086925984234919648 0.0074210292188005679 0.0025843489835213301 0.0046120808531825387 0.0047387401694354613 0.0037469224059905829 0.0068030694037829716 0.0021451862920186505 0.0029011307421805618
leaf_weight=363936 5978 1466 15444 61391 28072 25747 30676 8008 24456 7407 881 450 17150 11316 20662 531 3006 653 9856 46510 777 3987 3696 5402 11308 17945 5192 62832 700 713 6076 3169 18108 10972 3804 16864 7704 3244 23117 126558 119459 5547 355 3735 4040 11618 18184 704 8084 3057 3120 1734 870 4784 9845 3109 3320 4736 4163 5978 19979 5344
leaf_count=363936 5978 1466 15444 61391 28072 25747 30676 8008 24456 7407 881 450 17150 11316 20662 531 3006 653 9856 46510 777 3987 3696 5402 11308 17945 5192 62832 700 713 6076 3169 18108 10972 3804 16864 7704 3244 23117 126558 119459 5547 355 3735 4040 11618 18184 704 8084 3057 3120 1734 870 4784 9845 3109 3320 4736 4163 5978 19979 5344
internal_value=7.12793e-08 -0.00162239 0.0096089 -0.00236769 0.00730328 0.00182576 0.00262455 0.00912088 0.0144233 0.00566949 -0.00116073 -0.00169554 0.0071146 0.00755237 -0.00272592 -0.00256828 0.00168073 0.0132025 0.00375133 -0.000508258 0.00503481 -0.000812523 0.00171261 0.00465561 -0.00124879 0.00448733 0.00565762 -0.000192999 0.00218008 0.00795711 7.85235e-05 0.0131943 0.00303144 0.0120051 0.00311037 -0.000121449 0.00145191 0.00223374 -0.00242036 -0.00235643 -0.00277882 -0.00155764 -0.00291671 0.00151913 -0.00198095 -0.000993403 -0.00179707 0.0107216 0.000981667 0.00427821 0.00909875 0.00646417 0.012158 0.0112457 0.00522272 0.00527842 0.00171267 0.00291974 0.00632952 0.00502114 0.00141843 0.00047808
internal_weight=1.25753e+06 1.07587e+06 181662 884655 122837 191212 142459 58146 58825 64691 202477 130405 29106 29370 682178 65581 4190 1184 72648 48753 2243 64824 9548 5852 55276 35585 13200 72072 9240 2464 6776 34369 48784 18925 17640 28172 69811 38720 27104 318242 149758 30299 21017 9282 168484 41926 29802 28776 12124 11037 16170 4854 1751 15756 23864 6913 10727 7793 14008 11956 27683 31091
internal_count=1257529 1075867 181662 884655 122837 191212 142459 58146 58825 64691 202477 130405 29106 29370 682178 65581 4190 1184 72648 48753 2243 64824 9548 5852 55276 35585 13200 72072 9240 2464 6776 34369 48784 18925 17640 28172 69811 38720 27104 318242 149758 30299 21017 9282 168484 41926 29802 28776 12124 11037 16170 4854 1751 15756 23864 6913 10727 7793 14008 11956 27683 31091
is_linear=0
shrinkage=0.05


Tree=17
num_leaves=63
num_cat=0
split_feature=12 12 12 15 13 15 12 12 16 15 21 16 16 2 1 12 15 10 13 12 9 10 2 1 3 1 10 12 0 11 2 10 13 12 23 11 1 3 12 1 9 12 2 9 25 2 11 9 1 3 2 2 19 15 0 23 2 21 2 13 2 12
split_gain=7083.26 1129.33 580.702 299.984 295.317 235.512 152.019 55.109 54.9639 54.063 51.9779 37.8314 32.8156 30.196 26.368 23.0469 21.9482 21.3243 23.0551 21.188 20.3126 42.4944 44.3673 24.9705 41.3171 19.796 23.1752 17.8968 17.4673 16.2676 16.7077 15.6475 15.5901 14.2654 14.0435 13.9865 15.7008 16.9812 13.7271 26.9363 23.5657 22.7262 13.5681 45.0074 31.8707 17.9363 13.5234 29.6867 39.7968 16.7707 18.5649 13.1232 12.665 42.3379 12.4101 11.6615 11.6458 11.6213 11.3747 11.3441 10.8366 10.2821
threshold=366.00000000000006 802.00000000000011 95.500000000000014 1.0000000180025095e-35 19.151821136474613 1.0000000180025095e-35 1055.0000000000002 221.50000000000003 1.0000000180025095e-35 1.5000000000000002 1.0000000180025095e-35 1.0000000180025095e-35 1.0000000180025095e-35 5.5000000000000009 2024.5000000000002 237.50000000000003 1.0000000180025095e-35 0.68301269412040722 19.151821136474613 501.50000000000006 -0.56174489110708226 -0.68301269412040699 11.500000000000002 2023.5000000000002 4.5000000000000009 2024.5000000000002 0.68301269412040722 637.50000000000011 1680.5000000000002 1.0000000180025095e-35 5.5000000000000009 0.68301269412040722 20.493628501892093 1370.0000000000002 1.479938328266144 0.68301269412040722 2024.5000000000002 3.5000000000000004 9.5000000000000018 2024.5000000000002 1.0000000180025095e-35 39.500000000000007 5.5000000000000009 -0.56174489110708226 0.21814115345478061 6.5000000000000009 -0.93301269412040699 1.0000000180025095e-35 2024.5000000000002 1.5000000000000002 10.500000000000002 8.5000000000000018 1.0000000180025095e-35 1.0000000180025095e-35 1655.5000000000002 1.0000000180025095e-35 10.500000000000002 0.10714286193251611 9.5000000000000018 4.1456201076507577 8.5000000000000018 536.00000000000011
decision_type=2 2 2 2 2 2 2 2 2 2 2 2 2 2 2 2 2 2 2 2 2 2 2 2 2 2 2 2 2 2 2 2 2 2 2 2 2 2 2 2 2 2 2 2 2 2 2 2 2 2 2 2 2 2 2 2 2 2 2 2 2 2
left_child=2 3 4 8 10 7 9 14 19 34 38 25 -8 52 17 28 -14 18 57 -2 21 60 -23 24 -22 26 61 -10 46 30 -9 51 -20 -18 -3 36 -31 -38 -1 -40 -41 -42 -16 45 -45 -44 47 -7 -49 -48 -51 -11 -12 -54 -17 -21 58 -4 -53 -32 -15 -5
right_child=1 6 5 11 -6 15 12 29 27 31 13 -13 16 20 42 54 33 -19 32 55 23 22 -24 -25 -26 -27 -28 -29 -30 35 59 -33 -34 -35 -36 -37 37 -39 39 40 41 -43 43 44 -46 -47 49 48 -50 50 -52 56 53 -55 -56 -57 -58 -59 -60 -61 -62 -63
leaf_value=-0.0031838664445442604 0.0012903760057495388 -0.00019421632499576211 -0.0018649023227784345 0.0051069747945761456 0.019938453584240259 0.00073042408155166866 0.010991640711960781 0.00014737761368373544 0.0040635232674935016 0.012937318062871035 -0.0026620807272513796 0.0091020890980092108 0.011568952468066515 -0.0014096398481387208 -0.00064597178631733716 0.0044500201737025279 0.014491321930584354 -0.0028239837256069469 0.017500125957138186 0.0010140073560688228 -0.0029911590458112374 0.0019235928662191659 -0.0043232577919990293 -0.0019509801151743101 0.0098066730427708269 0.008199472064723972 0.0020429419376235399 0.0066534875724145849 0.0061642222997792297 -0.0021561260426815544 0.0032727268656097732 0.0089579631377692728 -0.0040525947265531706 0.016839472967992736 0.0075262365126311783 0.00090660490923472048 -0.0011859494514342012 0.0040225656895382543 -0.0029282188403505554 -0.0026185405616917148 -0.0018615726026308952 0.00050471180961464684 0.0094963597422447876 0.023020279176800631 -0.00079756555910410901 0.0030006858923038878 -0.00081319777112349014 -4.7561808529168626e-05 0.018397478606869928 0.0015693545876068059 0.0062481625864547249 0.0099750710258518019 -0.0025439091480771048 0.018499531231745619 0.0098230496371267371 0.0038481811272489362 0.011475554282742245 -0.0006130155306670838 0.0017302360775396739 0.0007366968208826467 -0.0040828227069166561 0.0076242361587972032
leaf_weight=166312 28434 619 31851 7605 1464 1586 7486 13581 21699 11773 91086 29380 5371 10556 34134 19264 31146 22515 276 4478 1327 18838 3347 89760 1201 12319 3646 9646 2853 11329 13189 5722 120 8213 11668 19439 3853 2634 250555 67079 35214 14250 1620 142 12041 3100 5459 483 739 11124 2621 1020 1065 308 1140 19271 4171 44394 712 6633 5924 8744
leaf_count=166312 28434 619 31851 7605 1464 1586 7486 13581 21699 11773 91086 29380 5371 10556 34134 19264 31146 22515 276 4478 1327 18838 3347 89760 1201 12319 3646 9646 2853 11329 13189 5722 120 8213 11668 19439 3853 2634 250555 67079 35214 14250 1620 142 12041 3100 5459 483 739 11124 2621 1020 1065 308 1140 19271 4171 44394 712 6633 5924 8744
internal_value=7.32062e-08 0.00786639 -0.00179005 0.00515883 -0.00249528 0.000219433 0.0123395 -0.000453971 0.00320569 0.00982373 -0.00253869 0.0078031 0.0140587 -0.00189835 -0.00099572 0.00350483 0.0145719 -0.00147102 -0.00107349 0.00221145 -0.00140983 -0.000447584 0.000980904 -0.00181292 0.00308699 0.00662188 0.00564963 0.00486073 0.00248242 0.000697518 0.00149874 0.0112344 0.010957 0.0149815 0.00713689 -2.07254e-05 -0.00103281 0.00092819 -0.00280688 -0.00263607 -0.00200793 -0.00117977 -7.2194e-05 0.0010862 -0.000519358 0.00523135 0.00200497 0.00524665 0.0111035 0.00153068 0.00246195 0.011971 -0.00259021 0.00217405 0.00475051 0.003314 0.0100427 -0.00113605 0.00658892 0.00242436 -0.00237088 0.00645364
internal_weight=1.25753e+06 233123 1.02441e+06 145222 758286 266120 87901 220851 83528 35685 756822 61694 52216 223412 150193 45269 44730 99156 76641 52183 130953 38665 22185 92288 2528 32314 19995 31345 24865 70658 33403 23398 396 39359 12287 37255 17816 6487 533410 367098 116543 49464 51037 16903 12183 4720 22012 2808 1222 19204 13745 17676 92459 1373 20404 23749 5903 76245 1732 19822 16480 16349
internal_count=1257529 233123 1024406 145222 758286 266120 87901 220851 83528 35685 756822 61694 52216 223412 150193 45269 44730 99156 76641 52183 130953 38665 22185 92288 2528 32314 19995 31345 24865 70658 33403 23398 396 39359 12287 37255 17816 6487 533410 367098 116543 49464 51037 16903 12183 4720 22012 2808 1222 19204 13745 17676 92459 1373 20404 23749 5903 76245 1732 19822 16480 16349
is_linear=0
shrinkage=0.05


Tree=18
num_leaves=63
num_cat=0
split_feature=12 12 12 13 15 15 12 12 15 12 17 16 0 11 17 17 19 15 16 11 9 11 16 12 10 10 8 10 21 13 10 24 8 11 3 9 11 21 15 21 10 10 13 3 10 3 11 8 15 3 13 23 12 10 14 11 14 25 10 23 12 11
split_gain=6397.71 803.473 745.977 280.617 247.005 241.914 103.76 72.7962 55.6758 48.128 47.9857 39.6305 26.2891 21.1781 21.0013 19.9762 20.0467 19.4627 19.0021 18.5039 18.0549 26.6209 17.6 17.3596 17.2899 22.3665 17.8763 17.1086 15.6981 16.4428 15.2248 15.038 14.805 22.8841 21.7736 21.0749 14.0051 14.3322 13.4354 13.2912 13.2341 13.0813 12.6226 12.2567 12.1885 12.41 12.1165 13.7432 11.8066 11.7465 11.4781 10.8379 10.4346 10.4064 10.3459 10.0969 10.0827 12.2293 9.98947 9.83449 9.79898 9.59124
threshold=435.50000000000006 148.50000000000003 938.50000000000011 19.151821136474613 1.0000000180025095e-35 1.0000000180025095e-35 54.500000000000007 1189.0000000000002 1.0000000180025095e-35 290.00000000000006 1.0000000180025095e-35 1.0000000180025095e-35 2048.5000000000005 1.0000000180025095e-35 1.0000000180025095e-35 1.0000000180025095e-35 1.0000000180025095e-35 4.5000000000000009 1.0000000180025095e-35 -0.25000000000000006 -0.56174489110708226 0.25000000000000011 1.0000000180025095e-35 15.500000000000002 0.25000000000000011 -0.93301269412040699 0.6078576147556306 0.68301269412040722 1.0000000180025095e-35 19.151821136474613 -0.68301269412040699 4.9757652282714853 -0.87837970256805409 -0.93301269412040699 1.5000000000000002 1.0000000180025095e-35 0.68301269412040722 1.0000000180025095e-35 1.0000000180025095e-35 1.0000000180025095e-35 0.68301269412040722 1.0000000180025095e-35 20.493628501892093 3.5000000000000004 1.0000000180025095e-35 5.5000000000000009 0.68301269412040722 1.0000000180025095e-35 2.5000000000000004 1.0000000180025095e-35 5.2883694171905526 0.77136236429214489 598.50000000000011 -0.25000000000000006 0.098199937492609038 0.68301269412040722 0.24865591526031497 11.566846847534181 0.68301269412040722 1.0000000180025095e-35 721.50000000000011 0.93301269412040722
decision_type=2 2 2 2 2 2 2 2 2 2 2 2 2 2 2 2 2 2 2 2 2 2 2 2 2 2 2 2 2 2 2 2 2 2 2 2 2 2 2 2 2 2 2 2 2 2 2 2 2 2 2 2 2 2 2 2 2 2 2 2 2 2
left_child=1 3 4 6 10 9 23 17 27 28 19 40 15 44 -13 16 24 -4 -12 41 21 -18 -9 -1 25 -7 -26 39 29 -3 -17 -30 -10 35 -35 -34 37 -21 -25 49 52 -2 55 -32 50 -46 47 59 -24 -8 -11 -14 -6 -41 -48 -31 -38 -58 -19 -15 -16 -56
right_child=2 5 7 -5 11 12 8 22 32 13 18 14 51 46 60 30 20 58 -20 36 -22 -23 48 38 26 -27 -28 -29 31 42 43 -33 33 34 -36 -37 56 -39 -40 53 -42 -43 -44 -45 45 -47 54 -49 -50 -51 -52 -53 -54 -55 61 -57 57 -59 -60 -61 -62 -63
leaf_value=-0.0029153594769653381 0.0065982119708013938 -0.0016427448715471485 0.0088161687795681662 0.018571251709280454 0.0062844597798236883 -0.0018381606273761869 -0.00035634706420641012 0.010878431209351183 -0.0021259476364585191 0.0051714791248807408 0.0041300408517178462 0.0080601181054173274 0.0041238395134953702 -0.0012871274670716941 0.0095668590830009018 0.008857836628964515 0.0058171883766481632 0.012102618261684205 0.0067777500666804302 -0.0048374632016650711 0.0045409743444226594 0.020801470517738244 0.011423817386694509 -0.0024270072969019012 0.00039142497173701391 0.0046775193345161524 0.0044899350040836601 -0.0023019758046278339 0.00052800437230586387 -0.0063230213965232655 0.0030387396845145053 -0.00095281941309653 0.00064274618379187454 -0.0018095947022715145 0.0019551021927881854 0.0099425661635149949 -0.00097530504947550799 0.0011909826480698679 -0.00066993860519370528 -0.00051884715001332101 0.005112130542639576 0.0031343188802437656 -0.0042238728158783224 0.006854567764243525 0.0010438140860825032 0.0049467298883692111 -0.0014823587235017102 -0.0021000928662404396 0.01467385532432562 -0.0021750764311704932 0.0019322739277997693 0.011558147648651644 0.0085652640949367038 -0.001504181000118197 0.0030453526428468299 0.020934235012508552 0.0061691162354415296 0.0024192884873694307 0.0097756872109039262 0.0022432152387085059 0.011918457931077653 0.00032137190066037238
leaf_weight=259048 3902 22385 9260 1624 8701 1438 10371 4075 3494 6345 13751 13478 683 3142 9431 3223 727 18229 13392 1080 2511 502 3102 311242 8547 15523 3865 72091 50137 41 4525 26053 1080 5603 12205 1401 1330 11283 11282 50930 7211 9080 114 3946 13726 2393 2410 6740 29838 61950 4818 1760 11924 56597 8964 190 3253 6581 6217 5295 8430 5060
leaf_count=259048 3902 22385 9260 1624 8701 1438 10371 4075 3494 6345 13751 13478 683 3142 9431 3223 727 18229 13392 1080 2511 502 3102 311242 8547 15523 3865 72091 50137 41 4525 26053 1080 5603 12205 1401 1330 11283 11282 50930 7211 9080 114 3946 13726 2393 2410 6740 29838 61950 4818 1760 11924 56597 8964 190 3253 6581 6217 5295 8430 5060
internal_value=7.41765e-08 -0.001521 0.0083618 -0.00219236 0.00600631 0.00129102 -0.0022317 0.0124527 -0.00143277 0.000351294 0.00384424 0.00833186 0.00442956 0.00148295 0.0095518 0.00415396 0.00352618 0.0107709 0.00543659 0.00266024 0.00697493 0.011943 0.013984 -0.00261046 0.00308686 0.0041248 0.0016681 -0.00165108 -0.000322397 -0.00147559 0.00593112 2.15738e-05 0.000879589 0.00139743 0.000770317 0.00589648 0.00182369 0.000663914 -0.00236556 -0.00139014 0.00695819 0.00417589 0.00935317 0.0048169 0.00250362 0.00162357 0.000601887 -0.000416487 0.014368 -0.00191434 0.0037739 0.00948201 0.00760335 -0.00103753 0.00154267 0.0160741 0.00310756 0.00366026 0.0115111 0.000927898 0.0106771 0.00206288
internal_weight=1.25753e+06 1.06398e+06 193548 858918 122827 205063 857294 70721 275722 157813 63652 59175 47250 58893 31339 44807 33113 33706 27143 36509 3740 1229 37015 581572 29373 16961 12412 251939 98920 22730 11694 76190 23783 20289 17808 2481 23527 12363 322524 179848 27836 12982 345 8471 27282 16119 31611 15177 32940 72321 11163 2443 20625 107527 16434 231 11164 9834 24446 8437 17861 14024
internal_count=1257529 1063981 193548 858918 122827 205063 857294 70721 275722 157813 63652 59175 47250 58893 31339 44807 33113 33706 27143 36509 3740 1229 37015 581572 29373 16961 12412 251939 98920 22730 11694 76190 23783 20289 17808 2481 23527 12363 322524 179848 27836 12982 345 8471 27282 16119 31611 15177 32940 72321 11163 2443 20625 107527 16434 231 11164 9834 24446 8437 17861 14024
is_linear=0
shrinkage=0.05


Tree=19
num_leaves=63
num_cat=0
split_feature=12 12 12 15 13 15 12 16 15 21 1 16 17 8 11 2 11 3 2 11 12 2 8 2 9 25 2 1 20 2 9 1 2 15 1 3 17 1 2 3 8 25 3 19 2 11 8 3 11 2 20 21 18 2 2 11 8 8 2 20 19 8
split_gain=5783.08 992.739 416.401 256.747 241.053 174.343 124.148 51.8457 45.001 42.792 36.3547 34.8683 29.4435 33.6985 90.4338 107.145 27.9811 33.9854 26.1966 25.5323 24.9281 24.5362 21.4966 21.3512 41.8579 32.1524 22.1868 20.2698 20.0542 19.0853 18.2081 33.148 33.8759 28.9607 22.3643 37.1616 17.6964 17.3866 44.6616 36.9955 34.5661 32.1786 50.7537 25.8333 36.4057 33.208 24.3841 17.5803 16.2235 16.0865 22.6145 49.0398 16.0797 16.7776 15.6859 15.3536 15.3303 15.1669 35.8837 68.6036 32.2233 27.2256
threshold=346.50000000000006 802.00000000000011 95.500000000000014 1.0000000180025095e-35 19.151821136474613 1.0000000180025095e-35 1083.5000000000002 1.0000000180025095e-35 1.5000000000000002 1.0000000180025095e-35 2024.5000000000002 1.0000000180025095e-35 1.0000000180025095e-35 0.87837970256805431 1.0000000180025095e-35 8.5000000000000018 0.68301269412040722 1.0000000180025095e-35 5.5000000000000009 1.0000000180025095e-35 1288.0000000000002 11.500000000000002 0.87837970256805431 5.5000000000000009 -0.56174489110708226 0.21814115345478061 6.5000000000000009 2024.5000000000002 1.0000000180025095e-35 5.5000000000000009 -0.56174489110708226 2024.5000000000002 7.5000000000000009 1.0000000180025095e-35 2023.5000000000002 4.5000000000000009 1.0000000180025095e-35 2024.5000000000002 7.5000000000000009 3.5000000000000004 1.0000000180025095e-35 1.0000000180025095e-35 4.5000000000000009 1.0000000180025095e-35 1.5000000000000002 -0.93301269412040699 0.87837970256805431 2.5000000000000004 -0.25000000000000006 1.5000000000000002 0.35714286565780645 0.17857143282890323 1.0000000180025095e-35 1.5000000000000002 3.5000000000000004 -0.25000000000000006 0.6078576147556306 0.6078576147556306 1.5000000000000002 1.0000000180025095e-35 1.0000000180025095e-35 1.0000000180025095e-35
decision_type=2 2 2 2 2 2 2 2 2 2 2 2 2 2 2 2 2 2 2 2 2 2 2 2 2 2 2 2 2 2 2 2 2 2 2 2 2 2 2 2 2 2 2 2 2 2 2 2 2 2 2 2 2 2 2 2 2 2 2 2 2 2
left_child=2 3 4 7 9 10 8 28 -3 -1 12 27 16 -14 15 -15 19 -18 57 -4 48 -19 23 -12 26 -26 -25 29 -2 -5 31 33 -33 -20 35 -32 -9 38 52 -40 -39 -41 -43 45 47 46 -42 -45 -8 50 51 -24 -7 56 -47 -10 -54 60 59 -59 -11 -62
right_child=1 6 5 11 -6 37 20 36 55 18 22 -13 13 14 -16 -17 17 21 30 -21 -22 -23 49 24 25 -27 -28 -29 -30 -31 34 32 -34 -35 -36 -37 -38 40 39 41 43 42 -44 44 -46 54 -48 -49 -50 -51 -52 -53 53 -55 -56 -57 -58 58 -60 -61 61 -63
leaf_value=-0.0025375439202940994 0.0003430408885948015 0.0065635568802399433 -0.0011211630498834391 0.0027065638397429669 0.018013100124040393 -0.0013971587721498769 0.013177072929484022 0.0033484334002877383 0.011474548159145807 -0.0028861292373803457 0.00012030754323852239 0.0081433517820356845 -5.0383180534555277e-05 0.0012771657001619838 -0.0018971813535761583 0.029699660325612207 0.0034985474427331308 0.0004144893043904377 -0.0021640591942943942 -0.0029724610862061733 0.014235250701096033 -0.0022241777040040577 -0.0016452122189257003 0.0093787618726130281 0.025252279587702788 0.00027519399247950973 0.003272047774574325 0.0073604687766346232 0.0024571482372024705 0.0059030419211708127 -0.0027668775349606158 0.0032171379460561901 -0.0018527970502085018 0.0030532864144698973 -0.0017704611604213852 0.0093701797348232606 0.0056584042771750361 0.0023775800320357987 0.0014756866725422228 -0.0031520253598220382 0.019168162840221478 0.015342674118846891 0.0049772496323251623 0.0056160338901632802 0.0068165823998234806 -0.00030216343436732562 0.0039752782024210908 0.029070713694335854 0.010900343899562065 -0.0025081092420751452 -0.002710702102381527 0.025769741559590654 0.0021080727643729312 0.0004698576488592071 0.0056248851268335398 0.0089872624928619329 0.019019474619052582 0.0077074370762515295 -0.0026234117776333613 -0.0017729568062965538 -0.0033114593595087206 0.016205058090608605
leaf_weight=533410 15175 12773 51931 6900 1464 8011 14256 18728 12293 64763 41482 30549 15414 663 1706 664 5436 20050 20846 29051 18507 15712 386 2266 130 13453 4341 13285 43075 14495 1327 9812 4959 3048 89760 1201 14905 10878 7115 736 681 1655 4132 102 832 1633 433 379 17471 8776 753 282 249 1089 3517 12601 292 2811 18219 5940 316 410
leaf_count=533410 15175 12773 51931 6900 1464 8011 14256 18728 12293 64763 41482 30549 15414 663 1706 664 5436 20050 20846 29051 18507 15712 386 2266 130 13453 4341 13285 43075 14495 1327 9812 4959 3048 89760 1201 14905 10878 7115 736 681 1655 4132 102 832 1633 433 379 17471 8776 753 282 249 1089 3517 12601 292 2811 18219 5940 316 410
internal_value=7.58736e-08 0.0068929 -0.00166788 0.00451225 -0.00225499 8.32758e-05 0.0111479 0.00280913 0.00897744 -0.0022942 -0.000496973 0.00691122 -0.000964515 0.000897271 0.00571483 0.0155041 -0.00124565 -0.000184656 -0.00171319 -0.00178535 0.0127753 -0.00074467 0.000417804 0.000769483 0.00210301 0.000514797 0.00536733 0.00582568 0.00190648 0.00487241 -0.00125817 -0.00034713 0.00151469 -0.0014983 -0.0016398 0.00299735 0.0043723 0.00303783 0.0021287 0.0039701 0.0041843 0.00669006 0.00794269 0.00677741 0.0131568 0.00543924 0.0132682 0.0241096 0.0119236 -0.00170866 0.00322497 0.00992281 -0.000475604 0.00405032 0.00374455 0.0102158 0.0112469 -0.00235761 -0.00135933 0.00127182 -0.00276864 0.00770409
internal_weight=1.25753e+06 245013 1.01252e+06 157112 758286 254230 87901 91883 37667 756822 212496 65229 140627 18447 3033 1327 122180 41198 223412 80982 50234 35762 71869 61672 20190 13583 6607 34680 58250 21395 130953 38665 14771 23894 92288 2528 33633 41734 23279 13638 18455 6523 5787 7577 1313 6264 1114 481 31727 10197 1421 668 9641 1630 5150 24894 541 92459 26970 8751 65489 726
internal_count=1257529 245013 1012516 157112 758286 254230 87901 91883 37667 756822 212496 65229 140627 18447 3033 1327 122180 41198 223412 80982 50234 35762 71869 61672 20190 13583 6607 34680 58250 21395 130953 38665 14771 23894 92288 2528 33633 41734 23279 13638 18455 6523 5787 7577 1313 6264 1114 481 31727 10197 1421 668 9641 1630 5150 24894 541 92459 26970 8751 65489 726
is_linear=0
shrinkage=0.05


Tree=20
num_leaves=63
num_cat=0
split_feature=12 12 12 13 12 16 20 12 11 2 11 11 21 16 13 2 12 2 11 22 2 3 6 22 2 9 19 2 12 14 12 0 0 18 2 3 2 20 11 2 20 9 3 19 2 2 18 21 9 0 3 2 18 3 3 2 2 0 0 14 2 3
split_gain=5242.55 805.65 486.266 234.181 127.893 87.6939 86.2868 46.596 40.4055 62.1157 34.6487 44.258 34.5901 33.5027 28.2715 26.8122 26.2614 24.2971 23.674 22.7233 21.4318 35.5328 21.3887 21.219 20.4111 25.215 19.8455 19.5914 18.8959 18.7782 18.5098 18.2412 23.4296 18.0045 17.2452 16.7914 16.4386 15.449 15.363 15.8823 15.0637 14.2471 14.0821 13.4324 13.1361 18.4828 24.973 15.0071 14.0798 13.1113 13.0217 12.9115 29.2325 22.4905 12.8582 12.7588 14.0356 12.2847 12.2161 11.3885 11.2753 10.9675
threshold=495.50000000000006 190.50000000000003 1021.0000000000001 19.151821136474613 76.500000000000014 1.0000000180025095e-35 1.0000000180025095e-35 737.00000000000011 -0.25000000000000006 7.5000000000000009 1.0000000180025095e-35 0.68301269412040722 1.0000000180025095e-35 1.0000000180025095e-35 6.7517838478088388 11.500000000000002 27.500000000000004 5.5000000000000009 0.68301269412040722 1.0000000180025095e-35 1.5000000000000002 5.5000000000000009 1.0000000180025095e-35 0.28333334624767309 5.5000000000000009 -0.56174489110708226 1.0000000180025095e-35 9.5000000000000018 1288.0000000000002 0.53021174669265758 612.50000000000011 503.50000000000006 669.50000000000011 1.5000000000000002 1.5000000000000002 1.5000000000000002 9.5000000000000018 1.0000000180025095e-35 -0.25000000000000006 6.5000000000000009 1.0000000180025095e-35 -0.56174489110708226 4.5000000000000009 2.5000000000000004 5.5000000000000009 1.5000000000000002 1.0000000180025095e-35 1.0000000180025095e-35 -0.56174489110708226 583.50000000000011 3.5000000000000004 11.500000000000002 1.0000000180025095e-35 4.5000000000000009 5.5000000000000009 8.5000000000000018 5.5000000000000009 1277.5000000000002 1277.5000000000002 0.015749008394777778 9.5000000000000018 1.0000000180025095e-35
decision_type=2 2 2 2 2 2 2 2 2 2 2 2 2 2 2 2 2 2 2 2 2 2 2 2 2 2 2 2 2 2 2 2 2 2 2 2 2 2 2 2 2 2 2 2 2 2 2 2 2 2 2 2 2 2 2 2 2 2 2 2 2 2
left_child=1 3 5 4 16 10 34 14 9 24 22 36 20 -4 -7 29 -1 -14 27 -20 21 23 30 -6 54 26 -26 50 -15 -13 -2 -11 49 35 41 -19 40 -17 39 -9 -12 -3 -31 -39 45 46 -18 60 -49 -33 -10 52 -21 -53 -8 56 -16 -27 -34 -23 -46 -43
right_child=2 6 13 -5 12 7 8 38 18 31 11 15 17 28 55 37 44 33 19 51 -22 59 -24 -25 25 57 -28 -29 -30 42 -32 32 58 -35 -36 -37 -38 43 -40 -41 -42 61 -44 -45 47 -47 -48 48 -50 -51 -52 53 -54 -55 -56 -57 -58 -59 -60 -61 -62 -63
leaf_value=-0.0025306810799554163 0.0047730122147419882 -0.0020259478463219931 0.0090380006959953872 0.016502693150142675 -0.0018389136299269621 0.0094486005736214504 0.0010326614378532311 0.0087829656986534548 0.00015685441458836475 0.003381727906274612 -0.0019310673294695439 0.00055535241501298476 -0.001140211178887199 0.011646032215261554 0.0050392513348845374 -0.0030626922821574095 -0.0014323654714084757 -0.00082464993806095888 -0.0011695809872726245 0.0026668432580140068 -0.0018978573669514707 -0.0082766425303462052 -0.0013118657006272634 0.013205969857938911 0.0048286544001601723 0.0018258810702456996 0.01197339338267102 -0.0024185718735785953 0.013715003606838947 0.0089880930794978362 0.0076423652383055766 0.006984628280545334 0.0047194310830413061 -0.0024217405969270433 -0.0004726442678522813 0.00085861665183126061 -0.0012611554294378179 0.0055915274238716181 0.0078692949863136651 0.012197845546074447 0.0033591252746994621 -0.0017924816511753977 0.0045654329223387361 3.8536749965707698e-05 -0.0015066475480579446 -0.0025461677969265922 0.0059530638532067116 -1.7783902962143471e-05 -0.0015239849947687395 0.016265523395873133 0.0022894997988505256 -3.071793191142651e-05 0.0072606403092445653 0.0048342496627971345 0.0043832747964209599 0.0035677353604932254 0.0077194302169981653 0.0046800777999619981 0.0087338213695272709 0.0227502240495039 -0.0026643109709158881 0.0097505830070989067
leaf_weight=388526 9331 580 8829 1727 1461 5655 21582 8237 16402 3721 1551 994 64167 30707 11680 921 27502 20596 3899 17684 70992 33 908 279 6417 15301 1147 4614 17306 6692 14187 598 4616 6191 38134 52772 3478 3699 14312 5832 10106 257 2470 1546 44635 113017 1194 22027 52542 1059 12707 7671 4309 3440 3303 6213 8423 5008 3227 264 39833 1018
leaf_count=388526 9331 580 8829 1727 1461 5655 21582 8237 16402 3721 1551 994 64167 30707 11680 921 27502 20596 3899 17684 70992 33 908 279 6417 15301 1147 4614 17306 6692 14187 598 4616 6191 38134 52772 3478 3699 14312 5832 10106 257 2470 1546 44635 113017 1194 22027 52542 1059 12707 7671 4309 3440 3303 6213 8423 5008 3227 264 39833 1018
internal_value=7.77429e-08 -0.00128964 0.00808113 -0.00189091 -0.00192598 0.0062277 0.0017993 0.00754939 0.0023969 0.00328696 0.00480021 0.00370271 -0.000866602 0.0118711 0.00623985 0.00550882 -0.00225911 -0.000416319 0.00156651 0.00243985 -0.00175272 0.00330289 0.0062134 0.000571203 0.0025188 0.0034482 0.00591288 0.000608073 0.0123919 0.00708819 0.00650416 0.00635184 0.00751462 0.000167463 -0.000243514 0.000386018 0.00175459 0.00290656 0.00902436 0.010199 0.00265481 0.00446389 0.00779639 0.00395573 -0.00190825 -0.0022584 -0.00112487 -0.00159621 -0.00107913 0.0129198 0.001088 0.00286512 0.00356714 0.00147507 0.00147761 0.00555011 0.00616251 0.00252996 0.00637188 0.0192843 -0.00205263 0.00741998
internal_weight=1.25753e+06 1.08445e+06 173077 907758 906031 116235 176694 60352 136705 65979 55883 31457 216755 56842 31971 16322 689276 143726 70726 37003 73029 2037 24426 1740 52758 27873 7564 33723 48013 10156 23518 13221 9500 79559 39989 73368 15135 6166 28381 14069 11657 1855 9162 5245 300750 141713 28696 159037 74569 1657 29109 33104 21993 11111 24885 26316 20103 20309 7843 297 84468 1275
internal_count=1257529 1084452 173077 907758 906031 116235 176694 60352 136705 65979 55883 31457 216755 56842 31971 16322 689276 143726 70726 37003 73029 2037 24426 1740 52758 27873 7564 33723 48013 10156 23518 13221 9500 79559 39989 73368 15135 6166 28381 14069 11657 1855 9162 5245 300750 141713 28696 159037 74569 1657 29109 33104 21993 11111 24885 26316 20103 20309 7843 297 84468 1275
is_linear=0
shrinkage=0.05


Tree=21
num_leaves=63
num_cat=0
split_feature=12 12 12 15 13 15 12 15 17 12 1 17 10 1 2 18 2 16 1 11 22 9 17 10 8 11 13 13 11 8 11 2 2 9 22 24 10 10 15 2 9 17 9 2 23 24 25 1 2 8 8 22 8 19 8 11 8 2 8 15 22 18
split_gain=4733.68 838.351 311.7 218.524 196.302 138.398 119.847 46.4841 41.8188 35.4319 32.5742 29.559 26.4425 23.9684 24.0292 27.4875 52.4169 23.8519 23.0191 21.5914 44.4628 41.2163 20.9624 73.2698 134.372 19.851 18.706 28.7863 18.5474 18.2929 17.8726 17.4436 17.1454 38.1683 28.5957 19.7708 16.7911 16.7394 16.7226 16.5237 45.9299 28.9912 15.2179 14.6387 20.1344 44.7366 13.9719 13.9174 39.169 35.082 31.7691 26.7631 45.6389 22.6616 33.2615 30.3883 23.0713 17.9024 13.6845 22.8792 17.0173 13.2223
threshold=339.00000000000006 778.50000000000011 93.500000000000014 1.0000000180025095e-35 19.151821136474613 1.0000000180025095e-35 1055.0000000000002 1.5000000000000002 1.0000000180025095e-35 35.500000000000007 2024.5000000000002 1.0000000180025095e-35 0.68301269412040722 2024.5000000000002 7.5000000000000009 1.0000000180025095e-35 1.5000000000000002 1.0000000180025095e-35 2024.5000000000002 -0.93301269412040699 0.050000002607703216 -0.56174489110708226 1.0000000180025095e-35 -0.93301269412040699 0.87837970256805431 -0.25000000000000006 19.151821136474613 20.493628501892093 0.25000000000000011 0.87837970256805431 0.68301269412040722 6.5000000000000009 5.5000000000000009 -0.56174489110708226 0.050000002607703216 0.44731126725673681 0.68301269412040722 -0.25000000000000006 1.0000000180025095e-35 8.5000000000000018 1.0000000180025095e-35 1.0000000180025095e-35 -0.56174489110708226 1.5000000000000002 0.77136236429214489 0.55672836303710949 0.77496677637100231 2024.5000000000002 7.5000000000000009 -1.0000000180025095e-35 1.0000000180025095e-35 1.0000000180025095e-35 -0.60785761475563038 1.0000000180025095e-35 0.6078576147556306 -0.93301269412040699 0.87837970256805431 1.5000000000000002 1.0000000180025095e-35 1.0000000180025095e-35 1.0000000180025095e-35 1.0000000180025095e-35
decision_type=2 2 2 2 2 2 2 2 2 2 2 2 2 2 2 2 2 2 2 2 2 2 2 2 2 2 2 2 2 2 2 2 2 2 2 2 2 2 2 2 2 2 2 2 2 2 2 2 2 2 2 2 2 2 2 2 2 2 2 2 2 2
left_child=2 3 4 8 9 10 7 -3 25 -1 12 18 22 14 15 -11 -17 -8 36 20 -15 -22 26 24 -24 31 42 -28 -10 32 -27 -2 -12 35 -35 -34 -5 46 -19 40 -16 -41 -4 44 45 -31 -13 48 61 51 -49 -50 -53 55 57 56 -52 -55 60 -60 -21 -7
right_child=1 6 5 11 -6 47 17 -9 28 13 29 37 -14 19 39 16 -18 38 -20 58 21 -23 23 -25 -26 30 27 -29 -30 43 -32 -33 33 34 -36 -37 -38 -39 -40 41 -42 -43 -44 -45 -46 -47 -48 50 49 -51 53 52 -54 54 -56 -57 -58 -59 59 -61 -62 -63
leaf_value=-0.0023535143124702573 0.0018206273644275775 0.0056301701658482781 -0.0019656002719070434 0.0048379342778510775 0.016290702142161932 -0.0014983614849873755 0.0088564253911867456 0.0091189999026363329 0.0047365353814344058 -0.0026887893641025992 8.5043131232414074e-05 0.00094484687597803365 -0.0022273553391111453 0.012331562204521147 0.0024312300305229695 0.01140820672589838 -0.0025517643462943601 0.0092876758597534147 0.0067994505286913115 0.00042731429870228348 0.0047007447449547773 -0.0016386445609735492 -0.0020261817813788121 -2.6998792682523323e-06 0.028479357884903057 -0.00016464917038174005 0.015339547052814862 -0.0018101507718568397 0.0023379816315606478 -0.0011587793886356312 0.0020218280032101394 0.004810887721270995 -0.0016299025527418817 0.022901684852446869 0.00011408621502730134 0.0061106340352891642 0.0011908893944343631 0.0063416700071670402 0.01226660203198965 -0.0019396958504225388 -0.0034199338338042258 0.0022135370023371147 -0.00054062131019800197 -0.0023815304122520812 -0.0026708659173456046 0.024951170164449272 0.0091964474659123885 0.0019553082591836873 -0.0028492038383157413 0.00112228085442464 0.018350296564006534 0.004593285691029199 0.014606629576178809 0.027631435930824257 0.0045904467669135056 0.0033516724714828892 0.0034426572683886499 0.0092930878099485529 -0.00097326924876532889 0.0035348610502035326 -0.002213130368224524 0.0036245835998066078
leaf_weight=458566 15731 14854 26162 17972 1457 7684 7486 26779 20329 93852 41378 539 32052 788 8664 1016 1987 5371 13945 7046 3531 9361 796 13567 660 19609 448 538 13373 410 17851 7075 965 139 13469 5643 3833 16277 39359 71482 5472 4463 66065 8764 729 273 11233 10511 709 6856 668 3980 1595 375 642 5022 426 208 37547 3042 45399 1506
leaf_count=458566 15731 14854 26162 17972 1457 7684 7486 26779 20329 93852 41378 539 32052 788 8664 1016 1987 5371 13945 7046 3531 9361 796 13567 660 19609 448 538 13373 410 17851 7075 965 139 13469 5643 3833 16277 39359 71482 5472 4463 66065 8764 729 273 11233 10511 709 6856 668 3980 1595 375 642 5022 426 208 37547 3042 45399 1506
internal_value=7.79927e-08 0.00613376 -0.00153418 0.00390773 -0.00204336 -1.27619e-05 0.00987582 0.00787438 0.00237434 -0.00207888 -0.000522602 0.00616615 -0.000965853 -0.00165 -0.00199133 -0.00253809 0.00216985 0.0114715 0.00521234 -0.00105202 0.000802464 9.72909e-05 -0.000592236 0.00114088 0.0117995 0.00158541 -0.000871614 0.0059777 0.00378494 0.000343747 0.000877153 0.00274852 0.000668263 0.00186174 0.000347386 0.00497948 0.00419707 0.00738163 0.011909 -0.00140339 0.000165901 -0.00169556 -0.0009449 -0.00162001 0.00310291 0.00927236 0.00881907 0.00267776 0.00184528 0.00359661 0.00371876 0.00629532 0.0074592 0.00624295 0.0124528 0.00499815 0.0125507 0.0211001 -0.00132476 -0.00063527 -0.00185829 -0.000658271
internal_weight=1.25753e+06 251616 1.00591e+06 157767 753673 252240 93849 41633 93968 752216 212058 63799 140288 293650 186936 96855 3003 52216 35750 106714 13680 12892 108236 15023 1456 60266 93213 986 33702 71770 37460 22806 61594 20216 13608 6608 21805 28049 44730 90081 14136 75945 92227 10176 1412 683 11772 40182 22330 13140 17852 6284 5575 7341 1225 6116 1094 583 93034 40589 52445 9190
internal_count=1257529 251616 1005913 157767 753673 252240 93849 41633 93968 752216 212058 63799 140288 293650 186936 96855 3003 52216 35750 106714 13680 12892 108236 15023 1456 60266 93213 986 33702 71770 37460 22806 61594 20216 13608 6608 21805 28049 44730 90081 14136 75945 92227 10176 1412 683 11772 40182 22330 13140 17852 6284 5575 7341 1225 6116 1094 583 93034 40589 52445 9190
is_linear=0
shrinkage=0.05


Tree=22
num_leaves=63
num_cat=0
split_feature=12 12 12 15 15 12 15 12 11 21 1 12 11 11 2 0 14 15 3 2 12 25 11 1 15 1 11 3 1 20 2 2 2 2 12 2 0 0 9 10 12 1 2 2 2 19 24 2 2 2 3 3 2 9 22 21 18 2 2 22 2 24
split_gain=4291.67 658.387 392.723 155.74 153.499 100.911 57.704 27.2745 26.9596 25.9068 23.4199 23.2019 22.6284 27.2122 34.5346 21.5152 19.0303 19.0728 19.0232 31.8728 18.8204 18.8262 18.7466 18.7708 17.4438 17.3192 17.8399 27.3227 16.8405 17.2014 16.3488 24.7172 15.9804 15.744 15.2563 15.2277 14.9877 14.9446 14.5036 14.3045 14.2235 14.2444 14.0901 14.0021 13.7538 13.5858 13.3541 12.8206 12.6919 12.2522 16.0442 13.2401 11.4046 49.1348 27.2536 22.9182 11.2463 14.5146 10.9409 10.807 10.1731 9.97421
threshold=495.50000000000006 190.50000000000003 1021.0000000000001 1.0000000180025095e-35 1.0000000180025095e-35 69.500000000000014 1.0000000180025095e-35 1266.5000000000002 1.0000000180025095e-35 1.0000000180025095e-35 2024.5000000000002 711.00000000000011 0.68301269412040722 1.0000000180025095e-35 7.5000000000000009 1655.5000000000002 19.918363571166996 1.0000000180025095e-35 1.0000000180025095e-35 11.500000000000002 309.00000000000006 4.9378318786621103 -0.25000000000000006 2023.5000000000002 44.500000000000007 2024.5000000000002 -0.93301269412040699 4.5000000000000009 2023.5000000000002 1.0000000180025095e-35 7.5000000000000009 8.5000000000000018 9.5000000000000018 10.500000000000002 665.00000000000011 10.500000000000002 1268.5000000000002 1919.5000000000002 1.0000000180025095e-35 0.68301269412040722 12.500000000000002 2024.5000000000002 7.5000000000000009 10.500000000000002 11.500000000000002 1.0000000180025095e-35 4.9757652282714853 5.5000000000000009 9.5000000000000018 11.500000000000002 4.5000000000000009 1.0000000180025095e-35 5.5000000000000009 -0.56174489110708226 1.0000000180025095e-35 1.0000000180025095e-35 1.0000000180025095e-35 1.5000000000000002 6.5000000000000009 0.15000000596046451 8.5000000000000018 0.55672836303710949
decision_type=2 2 2 2 2 2 2 2 2 2 2 2 2 2 2 2 2 2 2 2 2 2 2 2 2 2 2 2 2 2 2 2 2 2 2 2 2 2 2 2 2 2 2 2 2 2 2 2 2 2 2 2 2 2 2 2 2 2 2 2 2 2
left_child=1 5 3 8 9 16 10 22 34 -3 12 24 13 14 -7 25 17 40 35 -20 46 59 58 -24 -5 30 27 -27 36 -30 56 38 -25 -33 -2 -14 -10 -8 -32 60 -1 42 -42 -34 -45 -28 -11 -43 -31 -18 51 -51 61 55 -55 -54 -6 -58 -4 -22 -13 -12
right_child=2 4 7 11 15 6 37 -9 28 20 52 39 18 -15 -16 -17 49 -19 19 -21 21 -23 23 32 -26 26 45 -29 29 48 31 33 43 -35 -36 -37 -38 -39 -40 -41 41 47 -44 44 -46 -47 -48 -49 -50 50 -52 -53 53 54 -56 -57 57 -59 -60 -61 -62 -63
leaf_value=-0.0024431470889920812 0.0038447578483722412 -0.0010400281782773147 0.010064404797718977 0.0073075205908302056 0.00067617921905496834 -0.0020941668996724847 0.00094221845798421033 0.012073124807401704 0.00665748281010318 0.00098504690577153617 -9.4094709141231709e-05 0.0096472703577363799 -0.0027274046283173158 -0.0030686291872067091 0.000416086757346999 0.0081699642126265015 -0.00060887279386695654 -0.00042174633162459776 0.00014214894061557567 -0.0026030453676007259 -0.00058239894038155911 0.0010732198279458586 0.012289180887008391 0.0091197936886084109 0.0047905984834410121 0.01171993304949507 0.0033056273766010457 0.001747963587200974 -0.0012129998148462009 0.0035707581513450201 0.010319345928211541 -9.907916203330575e-05 0.0018543090822429221 0.0041447066145300984 0.0063846126618186828 0.0029079769256601493 -0.00024537406942674536 0.0048029178505660103 0.0035180653154473608 0.0064294196454199835 -0.0025266569343510661 -0.001896628624345211 -0.0017806949226198601 0.010930780656184457 0.0043374704170127971 0.0065883282858320005 -0.00063426477064722209 -0.00094925135889024838 0.001090896237649616 0.012299635120376837 0.010317348520779937 -0.002809947269555461 -0.002573166572071333 0.013062273955761566 -0.0011804149772100168 0.005131725579461636 0.0098081917091335565 0.0021710746012533937 0.012802596795562119 0.0035304257283945901 0.0074580304896201891 -0.0014877964906720934
leaf_weight=216419 13284 17831 9464 18585 8864 44540 23500 22473 4177 31440 23846 16073 1512 34149 19784 2971 7498 17094 24879 18384 1793 42038 3169 10972 10961 2070 10985 1030 3187 14840 2147 3061 1612 7621 10681 5772 967 2807 1239 7593 134083 103496 120060 1560 1612 4428 21393 54566 7920 179 643 761 1144 342 18328 6144 832 2477 5980 14474 7967 27828
leaf_count=216419 13284 17831 9464 18585 8864 44540 23500 22473 4177 31440 23846 16073 1512 34149 19784 2971 7498 17094 24879 18384 1793 42038 3169 10972 10961 2070 10985 1030 3187 14840 2147 3061 1612 7621 10681 5772 967 2807 1239 7593 134083 103496 120060 1560 1612 4428 21393 54566 7920 179 643 761 1144 342 18328 6144 832 2477 5980 14474 7967 27828
internal_value=7.9247e-08 -0.00116683 0.00731163 0.00564598 0.00162557 -0.00171037 -0.000862166 0.0107176 0.00371648 0.000729034 -0.00111946 0.00738227 -0.00148631 -0.00192777 -0.00132202 0.00404819 -0.00203804 -0.00207001 -0.00062619 -0.00102427 0.00101291 0.0016323 0.00983107 0.00877479 0.00637398 0.00377443 0.00494587 0.00840844 0.00274471 0.00222624 0.00294778 0.00410893 0.00806755 0.00292816 0.00497698 0.00173749 0.00535889 0.00135437 0.00783229 0.00832386 -0.00211482 -0.00194243 -0.00217428 0.00565308 0.0075819 0.00424908 0.000329265 -0.00156961 0.00270805 0.000234433 0.00423176 6.29867e-05 -0.000415184 0.000439736 -0.000919179 0.00392158 0.00160543 0.00409307 0.011125 0.00307679 0.00892199 -0.000844743
internal_weight=1.25753e+06 1.08445e+06 173077 116235 176694 907758 252959 56842 55056 128969 226652 61179 149020 98473 64324 47725 654799 645718 50547 43263 111138 58305 34369 18925 29546 44754 18513 3100 31091 25947 26241 14068 15756 10682 23965 7284 5144 26307 3386 31633 628624 412205 254143 4784 3172 15413 52833 158062 22760 9081 1583 940 77632 25958 18670 7288 12173 3309 15444 16267 24040 51674
internal_count=1257529 1084452 173077 116235 176694 907758 252959 56842 55056 128969 226652 61179 149020 98473 64324 47725 654799 645718 50547 43263 111138 58305 34369 18925 29546 44754 18513 3100 31091 25947 26241 14068 15756 10682 23965 7284 5144 26307 3386 31633 628624 412205 254143 4784 3172 15413 52833 158062 22760 9081 1583 940 77632 25958 18670 7288 12173 3309 15444 16267 24040 51674
is_linear=0
shrinkage=0.05


Tree=23
num_leaves=63
num_cat=0
split_feature=12 12 12 13 12 17 20 17 16 10 11 11 10 16 11 11 3 21 12 6 25 10 11 10 8 11 19 12 11 19 12 12 14 23 8 11 10 8 11 19 21 10 9 10 9 10 3 11 3 17 8 3 10 9 11 20 20 13 11 11 14 11
split_gain=3873.26 594.2 354.434 186.634 93.8846 76.6785 65.7151 42.3359 36.3872 27.4622 27.1347 33.3233 28.4807 26.4728 25.7601 35.59 25.3504 25.0109 21.3106 18.5921 18.0256 18.386 17.8514 17.8321 16.9853 65.6444 20.9726 16.8429 16.3933 16.0647 15.6568 15.0612 14.7366 13.3948 13.2901 19.5778 12.824 20.1038 47.0501 20.9319 15.7164 12.7977 12.6878 12.5571 12.4775 19.0856 40.5205 15.3067 12.4663 15.5574 12.4003 12.2008 11.9799 25.2964 11.4348 11.2325 10.1638 9.78581 9.57771 14.1261 23.7648 17.8506
threshold=495.50000000000006 190.50000000000003 1021.0000000000001 19.151821136474613 79.500000000000014 1.0000000180025095e-35 1.0000000180025095e-35 1.0000000180025095e-35 1.0000000180025095e-35 -0.25000000000000006 -0.25000000000000006 0.68301269412040722 -0.68301269412040699 1.0000000180025095e-35 -0.25000000000000006 0.68301269412040722 3.5000000000000004 1.0000000180025095e-35 19.500000000000004 1.0000000180025095e-35 1.0000000180025095e-35 -0.25000000000000006 0.93301269412040722 0.25000000000000011 0.6078576147556306 0.68301269412040722 1.5000000000000002 711.00000000000011 1.0000000180025095e-35 3.5000000000000004 1370.0000000000002 612.50000000000011 0.53021174669265758 2.8990706205368046 -0.87837970256805409 0.25000000000000011 0.25000000000000011 0.6078576147556306 0.68301269412040722 1.0000000180025095e-35 1.0000000180025095e-35 -0.68301269412040699 -0.56174489110708226 0.68301269412040722 1.0000000180025095e-35 -0.93301269412040699 2.5000000000000004 -0.25000000000000006 1.5000000000000002 1.0000000180025095e-35 1.0000000180025095e-35 4.5000000000000009 0.25000000000000011 -0.56174489110708226 0.25000000000000011 1.0000000180025095e-35 0.5000000149011613 20.493628501892093 0.93301269412040722 0.68301269412040722 0.11050061136484148 0.25000000000000011
decision_type=2 2 2 2 2 2 2 2 2 2 2 2 2 2 2 2 2 2 2 2 2 2 2 2 2 2 2 2 2 2 2 2 2 2 2 2 2 2 2 2 2 2 2 2 2 2 2 2 2 2 2 2 2 2 2 2 2 2 2 2 2 2
left_child=1 3 5 4 18 14 43 10 28 44 12 50 -8 -4 19 56 -11 -6 -1 31 -13 -22 32 48 26 -26 -25 -10 -7 55 51 -2 -17 -34 -18 -36 40 39 -39 -38 54 -30 -42 58 45 46 -9 -46 -19 -50 -12 -15 53 -14 -20 -24 -16 -5 59 61 -61 -3
right_child=2 6 13 57 17 8 7 9 27 16 11 20 52 30 15 22 34 23 36 -21 21 -23 29 24 25 -27 -28 -29 41 -31 -32 -33 33 -35 35 -37 37 38 -40 -41 42 -43 -44 -45 47 -47 -48 -49 49 -51 -52 -53 -54 -55 -56 -57 -58 -59 -60 60 -62 -63
leaf_value=-0.0022493848175082205 0.0040199727262874817 0.0011034355281199196 0.007663252981925041 0.015368953941991795 -0.0015003650003112933 0.0064565150851771357 0.0052076450778025017 0.022027531994285712 0.0063563776741878799 0.00085806546823431046 0.00035130720583080436 -0.001614191276790945 0.005750356517878457 0.010764167197261962 -0.0019303051693372181 4.9578451420899026e-05 0.0015166639015619953 -0.00083637813522702558 -0.0013570395572604841 -0.0015795940831552996 0.0050620876730889568 0.0016800419829756073 -0.0031888138313387357 -0.0016524942989377134 -0.001634064514496278 0.0049760618027917076 0.0061922841252418977 0.0085931561683966502 -0.00082066906997940454 -0.0016458717691298403 0.012614852883990755 0.0067140459070412 0.010501175304581516 0.0056577489569869712 0.007202720168649839 0.0019989956825893869 -0.0023667461541940671 -0.0019494066450001419 0.0016445352807076263 0.0060690928164866022 -2.6673200789716942e-05 0.0044247846374112481 -0.0013138049783140871 -0.0014167994589108493 0.0053804906290013475 0.0053304511699846686 0.0040461649013510187 0.00021060907568748986 0.00018560368829451666 0.0023698492189232578 -0.0019172977267646434 0.008785796883321921 0.00093793225938975592 0.0016352887314669195 -0.0023423260212573648 0.0050707327504634176 0.0019650791054717184 -0.0098676137607115934 -0.001471396112213016 -0.0020662175358502062 0.0046678501600799661 -0.0029641043075631706
leaf_weight=301328 8588 9996 8829 1688 68102 12241 7523 557 14437 12711 14281 3160 5062 28940 1888 989 3399 21490 64926 926 5113 18819 462 42652 12632 5345 869 20275 1295 1667 8354 13155 1704 8906 4868 2880 133442 42400 11596 739 27177 11254 64856 14444 3541 8275 718 2407 44546 9980 10414 10719 18712 14265 53951 3720 14728 39 5268 1803 4784 3694
leaf_count=301328 8588 9996 8829 1688 68102 12241 7523 557 14437 12711 14281 3160 5062 28940 1888 989 3399 21490 64926 926 5113 18819 462 42652 12632 5345 869 20275 1295 1667 8354 13155 1704 8906 4868 2880 133442 42400 11596 739 27177 11254 64856 14444 3541 8275 718 2407 44546 9980 10414 10719 18712 14265 53951 3720 14728 39 5268 1803 4784 3694
internal_value=7.97136e-08 -0.00110849 0.00694608 -0.00162486 -0.00165616 0.0053637 0.0015443 0.00206582 0.00661781 0.00344978 0.00150627 0.000723133 0.00239628 0.0101818 0.00404827 0.00317875 0.00238486 -0.000716736 -0.00193194 0.00535465 0.0019341 0.00240283 0.00475604 -0.000328616 -0.000961652 0.000331026 -0.00149573 0.00766303 0.00515403 0.00250231 0.0106448 0.0056502 0.00589206 0.00643618 0.00412539 0.00526915 -0.00169224 -0.00199237 -0.00117749 -0.00232024 -0.00142443 0.00388308 -0.000933775 -0.000238431 0.00508881 0.00620906 0.0119066 0.00328925 0.000183453 0.000585486 -0.000605176 0.0102296 0.00184014 0.00271336 -0.00180424 0.00415702 0.00152215 0.0147956 0.000427665 0.000921296 0.00282383 5.50428e-06
internal_weight=1.25753e+06 1.08445e+06 173077 907758 906031 116235 176694 136705 59502 39356 97349 51787 45562 56842 56733 34064 23858 205616 700415 22669 27092 23932 17448 137514 61498 17977 43521 34712 24790 5849 48013 21743 11599 10610 11147 7748 399087 188177 53996 134181 210910 12549 92033 39989 15498 9550 1275 5948 76016 54526 24695 39659 38039 19327 118877 4182 16616 1727 25545 20277 6587 13690
internal_count=1257529 1084452 173077 907758 906031 116235 176694 136705 59502 39356 97349 51787 45562 56842 56733 34064 23858 205616 700415 22669 27092 23932 17448 137514 61498 17977 43521 34712 24790 5849 48013 21743 11599 10610 11147 7748 399087 188177 53996 134181 210910 12549 92033 39989 15498 9550 1275 5948 76016 54526 24695 39659 38039 19327 118877 4182 16616 1727 25545 20277 6587 13690
is_linear=0
shrinkage=0.05


Tree=24
num_leaves=63
num_cat=0
split_feature=20 15 13 17 15 17 15 16 13 13 22 21 21 16 16 18 17 2 3 2 3 17 3 21 13 17 11 11 2 1 21 8 8 11 1 3 3 3 2 3 23 8 2 20 1 13 9 2 11 8 2 2 3 2 11 1 1 11 11 3 8 1
split_gain=3026.54 519.391 374.253 209.677 107.802 95.0416 93.0969 76.6219 49.5307 143.107 68.9484 48.5145 39.9958 31.0376 29.138 21.5307 20.9255 20.2344 25.7788 25.2114 24.2451 23.1082 42.4408 19.3327 19.1123 19.0681 17.7395 17.7338 24.4497 16.3577 14.4197 13.2382 12.6344 22.3379 27.1597 68.5087 16.8346 16.8098 49.3912 71.5035 12.05 11.9071 75.4939 76.9416 11.8969 15.217 26.8228 14.6271 11.8865 11.7462 16.0938 11.7014 11.3709 11.2996 10.5042 10.856 10.4477 9.9699 26.2666 12.7214 11.3017 11.4099
threshold=4.0714285373687753 1.0000000180025095e-35 0.50043028593063366 1.0000000180025095e-35 1.0000000180025095e-35 1.0000000180025095e-35 1.0000000180025095e-35 22.500000000000004 19.151821136474613 20.493628501892093 0.41666667163372045 1.0000000180025095e-35 1.0000000180025095e-35 1.0000000180025095e-35 1.0000000180025095e-35 1.0000000180025095e-35 1.0000000180025095e-35 5.5000000000000009 1.5000000000000002 11.500000000000002 1.0000000180025095e-35 1.0000000180025095e-35 2.5000000000000004 416.67857360839849 79.646739959716811 1.0000000180025095e-35 1.0000000180025095e-35 0.25000000000000011 8.5000000000000018 2024.5000000000002 78.035713195800795 1.0000000180025095e-35 -0.87837970256805409 -0.93301269412040699 2024.5000000000002 1.5000000000000002 5.5000000000000009 1.5000000000000002 10.500000000000002 3.5000000000000004 2.6322140693664555 0.6078576147556306 1.5000000000000002 1.0000000180025095e-35 2024.5000000000002 0.029863861389458183 1.0000000180025095e-35 3.5000000000000004 0.68301269412040722 0.6078576147556306 1.5000000000000002 8.5000000000000018 2.5000000000000004 1.5000000000000002 0.68301269412040722 2024.5000000000002 2024.5000000000002 0.68301269412040722 -0.25000000000000006 5.5000000000000009 -0.87837970256805409 2024.5000000000002
decision_type=2 2 2 2 2 2 2 2 2 2 2 2 2 2 2 2 2 2 2 2 2 2 2 2 2 2 2 2 2 2 2 2 2 2 2 2 2 2 2 2 2 2 2 2 2 2 2 2 2 2 2 2 2 2 2 2 2 2 2 2 2 2
left_child=2 5 6 13 8 15 12 26 11 10 -10 56 44 57 -7 49 24 41 19 -19 -21 52 -23 -9 29 -13 -5 28 -27 -6 -16 -31 -8 34 36 -36 -34 -35 51 -40 -18 -14 43 -43 -1 -46 -47 -48 -29 50 -2 -39 -20 -33 55 -28 -4 58 60 -59 -3 -62
right_child=1 3 4 7 16 14 32 23 9 -11 -12 25 17 -15 30 -17 40 18 21 20 -22 22 -24 -25 -26 27 54 48 -30 31 -32 53 33 37 35 -37 -38 38 39 -41 -42 42 -44 -45 45 46 47 -49 -50 -51 -52 -53 -54 -55 -56 -57 -58 59 -60 -61 61 -63
leaf_value=-0.0021128420871947412 -0.0023072975980223541 0.00071487201284323686 -0.0019435652705146658 0.0079249261919080889 0.0014642812150654706 0.002725738502776973 -0.0013618525666491518 0.0092869774665667315 0.017101114714976818 -0.0005431524712299474 -0.0025074229151667328 0.00024177999291931661 -0.0020214339531021224 0.0060139507247256542 0.0046459806493421097 0.0025256907401916447 0.0074390321453599341 -0.0022805201435833924 -0.0017722376227503813 0.0049277047143987604 -0.0028467334453372304 0.0066739201271755677 0.00012040863733834642 0.01130311881087042 0.011321148750252657 0.0022670397054888681 0.0016151291862993732 -0.0018005699107247438 0.0095503448266047609 0.0025385770528039819 0.0074084660810158831 0.011927409548743431 -0.0041891076868873691 -0.001100742856817801 0.015653015452393459 0.00067008741067256386 0.013735826910137734 0.001067166576644631 -0.0027099894107775781 0.014732363636931745 0.0037904718144789133 0.0090651352200842705 -0.0024593304334477239 -0.0004371281243296289 -0.0019652675366568181 -0.0018781562534179428 -0.0012992152963928194 0.00082647341189655765 0.0015153228940306112 -0.00093988049407649026 0.001449843907330107 -0.0028987429308143693 -0.0003965717332985784 0.0050654215025717538 0.0066484366495972169 0.0061544389663314375 0.00027829906820505068 0.0043064474765568527 0.00032133283040033125 0.010616777963849402 0.0031493800615771603 0.0065076178290021467
leaf_weight=346638 3250 1872 27669 17138 14633 16411 5516 31546 2271 5651 558 76356 78114 24795 15131 17634 4354 36533 19126 2508 1670 3054 12936 19153 630 15249 2797 4351 1247 5190 6884 751 1025 8776 1324 1802 150 14409 947 1546 4731 3282 22164 6068 132747 45859 13459 20297 7132 11301 23122 2135 70071 3017 7764 2496 6537 6267 6384 917 4740 5444
leaf_count=346638 3250 1872 27669 17138 14633 16411 5516 31546 2271 5651 558 76356 78114 24795 15131 17634 4354 36533 19126 2508 1670 3054 12936 19153 630 15249 2797 4351 1247 5190 6884 751 1025 8776 1324 1802 150 14409 947 1546 4731 3282 22164 6068 132747 45859 13459 20297 7132 11301 23122 2135 70071 3017 7764 2496 6537 6267 6384 917 4740 5444
internal_value=7.9548e-08 0.00525408 -0.00114511 0.00728353 0.000924253 0.00241092 -0.00158302 0.00886096 0.000342345 0.00405178 0.0132318 0.000115254 -0.00169535 0.00475253 0.00432107 0.0010837 0.00349278 -0.00117708 -0.000791329 -0.00185968 0.00181897 -0.000377791 0.00137244 0.0100488 0.00272479 0.000651026 0.00686641 0.0017677 0.00281797 0.00249497 0.00551006 0.00417801 0.00084833 0.00122812 0.00458167 0.00701792 -0.00189559 0.000709329 0.00154403 0.0081048 0.00553966 -0.00169041 -0.000869728 0.00289785 -0.00193225 -0.00163744 -0.00109077 -2.09223e-05 0.000258465 0.000408589 0.000986629 0.00055505 -0.000691606 0.00643469 0.00547663 0.00375673 -0.00151881 0.00353171 0.00291545 0.00511276 0.00428868 0.00494511
internal_weight=1.25753e+06 225046 1.03248e+06 131313 180327 93733 852156 80894 147021 8480 2829 138541 814526 50419 38426 55307 33306 255526 145898 40711 4178 105187 15990 50699 24221 104335 30195 27979 16496 23591 22015 8958 37630 32114 4301 3126 1175 27813 19037 2493 9085 109628 31514 9350 559000 212362 79615 33756 11483 37673 26372 16544 89197 3768 13057 5293 34206 25624 18440 7184 12056 10184
internal_count=1257529 225046 1032483 131313 180327 93733 852156 80894 147021 8480 2829 138541 814526 50419 38426 55307 33306 255526 145898 40711 4178 105187 15990 50699 24221 104335 30195 27979 16496 23591 22015 8958 37630 32114 4301 3126 1175 27813 19037 2493 9085 109628 31514 9350 559000 212362 79615 33756 11483 37673 26372 16544 89197 3768 13057 5293 34206 25624 18440 7184 12056 10184
is_linear=0
shrinkage=0.05


Tree=25
num_leaves=63
num_cat=0
split_feature=20 15 13 16 15 15 16 13 13 22 21 21 18 19 13 2 18 2 0 15 19 2 20 14 1 8 2 18 2 2 2 22 21 8 9 22 1 9 2 16 11 11 8 11 0 18 24 16 22 8 11 11 2 8 18 0 8 2 20 2 8 8
split_gain=2731.47 468.754 339.668 165.427 112.621 65.252 56.7284 49.8132 129.153 62.2289 56.1457 40.7207 33.5319 24.1183 23.8866 22.0371 21.3871 20.8606 20.6319 16.5077 17.9123 23.8835 15.7747 15.4082 14.9231 14.5394 14.3085 15.5633 13.1289 20.4561 18.01 17.4935 13.1069 12.809 12.7049 12.671 12.1433 12.5305 22.7939 12.0265 12.7277 12.2644 28.154 27.6675 11.8155 11.7962 11.7576 11.3477 11.2518 16.2236 18.7031 18.1048 10.6564 14.92 10.1574 10.0063 9.26328 15.8998 19.1541 13.1448 24.605 10.57
threshold=4.0714285373687753 1.0000000180025095e-35 0.28582713007926946 22.500000000000004 1.0000000180025095e-35 1.0000000180025095e-35 1.0000000180025095e-35 19.151821136474613 20.493628501892093 0.41666667163372045 1.0000000180025095e-35 68.178573608398452 1.5000000000000002 1.0000000180025095e-35 0.071484114974737181 5.5000000000000009 1.5000000000000002 11.500000000000002 2237.5000000000005 50.500000000000007 1.0000000180025095e-35 1.5000000000000002 0.78571429848670971 27.461729049682621 2024.5000000000002 0.6078576147556306 3.5000000000000004 1.0000000180025095e-35 8.5000000000000018 10.500000000000002 9.5000000000000018 1.0166666507720949 393.92857360839849 -0.87837970256805409 -0.56174489110708226 23.85000038146973 2024.5000000000002 1.0000000180025095e-35 1.5000000000000002 1.0000000180025095e-35 -0.25000000000000006 0.68301269412040722 0.6078576147556306 0.25000000000000011 1882.5000000000002 1.5000000000000002 48.757078170776374 1.0000000180025095e-35 1.0000000180025095e-35 0.87837970256805431 1.0000000180025095e-35 0.68301269412040722 1.5000000000000002 0.6078576147556306 1.0000000180025095e-35 85.500000000000014 0.87837970256805431 1.5000000000000002 1.0000000180025095e-35 5.5000000000000009 -0.87837970256805409 0.6078576147556306
decision_type=2 2 2 2 2 2 2 2 2 2 2 2 2 2 2 2 2 2 2 2 2 2 2 2 2 2 2 2 2 2 2 2 2 2 2 2 2 2 2 2 2 2 2 2 2 2 2 2 2 2 2 2 2 2 2 2 2 2 2 2 2 2
left_child=2 6 5 13 7 14 23 10 9 -9 36 35 25 15 -1 16 -3 33 19 20 26 34 -20 55 48 -8 27 -6 -17 30 -30 -31 -13 -15 -22 -5 -4 45 -39 41 -41 43 -43 -12 -7 -38 -37 -28 -16 51 -51 -50 53 -18 -42 -2 59 58 -58 61 -61 -26
right_child=1 3 4 11 18 44 12 8 -10 -11 39 32 -14 17 24 28 52 -19 22 -21 21 -23 -24 -25 56 -27 47 -29 29 31 -32 -33 -34 -35 -36 46 37 38 -40 40 54 42 -44 -45 -46 -47 -48 -49 49 50 -52 -53 -54 -55 -56 -57 57 -59 -60 60 -62 -63
leaf_value=-0.0018428273584652054 0.0045327035319715752 0.0018854621056270786 -0.0018700838469706367 0.0054550103189490691 -0.00092140535791395718 0.00011902776926688095 0.0031022418920045917 0.016246096329443016 -0.00051599531886945113 -0.0023820742363998954 0.00039788493295692953 0.0086914874375927983 0.0051143501476636488 0.0040470850867435487 -0.0021155425361830886 0.0064788114667407625 0.0048018656093481117 0.00088185614239865047 0.0022220418340366753 0.0098349344097249693 0.020308057421634107 0.0040355483713351804 0.010410139604298058 0.0024774783951449922 -0.0013240634156702175 0.00045506711734249832 0.0022494798526734275 0.0044091173945830023 0.0041982241572540427 0.0012533970458785506 -0.0019378946123405922 0.0070684251480978115 0.010397664877325182 0.0081284289240908161 0.0060646156823309294 0.0090371069196011605 -0.0024629625446796915 0.019720086795192573 0.0014861122613631067 0.0025840241644432865 -0.00036390687537898436 0.00016419677526293883 0.0037782896110136245 -0.0019193706384603782 0.0023959555761528025 0.0034864551094467115 0.0059255909183553931 0.0050040796064347234 -0.0020356981863984482 0.0027654762663123929 -0.0010963613041475142 -0.00042415879550873668 0.00419380500559081 0.013414835397936802 0.0028990612499620629 0.0003283376705228323 0.0077556825200469793 -0.0027266929171955068 -0.0031905555906427186 -0.0033070019379010142 0.0010858906736770921 0.00070509214506221652
leaf_weight=544982 1480 11528 40692 9092 5954 23922 18946 2271 5651 558 61656 23615 19604 2322 53475 15058 1262 1335 932 802 383 3542 1603 14133 38501 7149 19649 1778 3071 1627 1957 6349 21639 11333 267 8244 4555 180 3577 12499 10539 19837 7400 16283 7481 1019 4828 4623 50271 5172 7959 26690 7214 839 3082 32421 853 10185 751 3743 21468 7698
leaf_count=544982 1480 11528 40692 9092 5954 23922 18946 2271 5651 558 61656 23615 19604 2322 53475 15058 1262 1335 932 802 383 3542 1603 14133 38501 7149 19649 1778 3071 1627 1957 6349 21639 11333 267 8244 4555 180 3577 12499 10539 19837 7400 16283 7481 1019 4828 4623 50271 5172 7959 26690 7214 839 3082 32421 853 10185 751 3743 21468 7698
internal_value=7.99267e-08 0.0049914 -0.00108785 0.00691938 0.000609288 -0.00157246 0.00229038 0.000103576 0.00384914 0.0125701 -7.15728e-05 0.00864718 0.00355151 0.00509623 -0.00166337 0.00455809 0.0033259 0.00685155 0.00303709 0.00273787 0.00258046 0.00565449 0.00740194 0.00109044 -0.00123207 0.00237722 0.00217764 0.000303761 0.0054731 0.00430811 0.00180894 0.00588289 0.00950746 0.00743481 0.0144668 0.00689041 -0.00149703 0.000129306 0.00236154 0.000471481 0.00143177 0.000232949 0.0011463 -8.61733e-05 0.000661615 -0.00137439 0.00788834 0.00277436 -0.00154088 -0.00119972 0.000424357 -0.00147688 0.00510798 0.00824417 0.000374048 0.000512046 -0.000699144 -0.00199775 0.00262761 -0.000484686 0.000433482 -0.000985842
internal_weight=1.25753e+06 225046 1.03248e+06 131313 229332 803151 93733 189799 8480 2829 181319 67418 45699 63895 771748 48905 20843 14990 39533 36998 36196 4192 2535 48034 226766 26095 32004 7732 28062 13004 5028 7976 45254 13655 650 22164 50023 9331 3757 131296 26120 105176 27237 77939 31403 5574 13072 24272 143567 90092 13131 76961 9315 2101 13621 33901 83199 11789 1604 71410 25211 46199
internal_count=1257529 225046 1032483 131313 229332 803151 93733 189799 8480 2829 181319 67418 45699 63895 771748 48905 20843 14990 39533 36998 36196 4192 2535 48034 226766 26095 32004 7732 28062 13004 5028 7976 45254 13655 650 22164 50023 9331 3757 131296 26120 105176 27237 77939 31403 5574 13072 24272 143567 90092 13131 76961 9315 2101 13621 33901 83199 11789 1604 71410 25211 46199
is_linear=0
shrinkage=0.05


Tree=26
num_leaves=63
num_cat=0
split_feature=12 12 12 13 15 15 12 15 12 12 1 17 17 0 0 17 12 1 1 2 18 25 10 8 2 10 8 16 8 1 10 9 1 4 2 4 2 10 9 8 1 8 2 2 8 18 2 15 20 0 12 13 2 10 1 8 10 13 12 10 2 1
split_gain=2923.26 436.78 268.505 99.9199 95.3999 94.9386 85.9946 42.9968 34.3053 31.7869 20.6718 19.5855 19.1903 17.9871 17.5912 17.5752 16.8691 16.0514 15.5931 16.1362 17.6235 14.3375 13.7623 13.5517 13.2596 12.9397 50.5089 16.5976 13.1877 12.561 12.8416 17.2074 14.8595 24.4767 12.5184 12.4316 11.8514 11.3326 11.0367 10.9046 10.7515 10.4517 15.5591 13.2222 10.186 30.0317 16.3511 9.95789 13.3189 9.81953 9.50216 13.5028 9.44979 12.7211 11.5453 9.34688 13.6628 11.3558 9.30517 8.70247 14.3365 22.7692
threshold=495.50000000000006 221.50000000000003 938.50000000000011 19.151821136474613 1.0000000180025095e-35 1.0000000180025095e-35 79.500000000000014 1.0000000180025095e-35 1189.0000000000002 190.50000000000003 2024.5000000000002 1.0000000180025095e-35 1.0000000180025095e-35 1655.5000000000002 1919.5000000000002 1.0000000180025095e-35 25.500000000000004 2024.5000000000002 2024.5000000000002 7.5000000000000009 1.0000000180025095e-35 2.3738275766372685 0.68301269412040722 0.87837970256805431 1.5000000000000002 -0.93301269412040699 0.87837970256805431 2.5000000000000004 0.6078576147556306 2024.5000000000002 -0.25000000000000006 1.0000000180025095e-35 2023.5000000000002 1.0000000180025095e-35 8.5000000000000018 1.0000000180025095e-35 5.5000000000000009 0.68301269412040722 -0.56174489110708226 -0.87837970256805409 2024.5000000000002 -0.87837970256805409 5.5000000000000009 6.5000000000000009 -0.87837970256805409 1.0000000180025095e-35 5.5000000000000009 14.500000000000002 0.78571429848670971 1327.5000000000002 1329.0000000000002 673.35925292968761 1.5000000000000002 -0.25000000000000006 2024.5000000000002 1.0000000180025095e-35 -0.93301269412040699 7.5806643962860116 802.00000000000011 0.68301269412040722 8.5000000000000018 2023.5000000000002
decision_type=2 2 2 2 2 2 2 2 2 2 2 2 2 2 2 2 2 2 2 2 2 2 2 2 2 2 2 2 2 2 2 2 2 2 2 2 2 2 2 2 2 2 2 2 2 2 2 2 2 2 2 2 2 2 2 2 2 2 2 2 2 2
left_child=1 3 5 6 11 15 16 10 59 -5 37 17 -7 29 39 -2 -1 22 19 20 -18 -19 -3 36 -25 26 -13 -28 -27 30 31 -6 33 -32 -21 -10 -12 38 -8 -9 -41 -31 -43 -44 45 -20 -46 48 -15 58 51 -37 54 -54 -30 57 -57 -17 -14 60 -4 -62
right_child=2 4 8 9 13 12 7 14 35 -11 23 25 49 47 -16 55 18 21 44 34 -22 -23 -24 24 -26 28 27 -29 52 41 32 -33 -34 -35 -36 50 -38 -39 -40 40 -42 42 43 -45 46 -47 -48 -49 -50 -51 -52 -53 53 -55 -56 56 -58 -59 -60 -61 61 -63
leaf_value=-0.0019075602104846904 0.002017122716653023 0.00031729539727036818 0.0086847582785553445 0.012423734335158108 0.005208856470266119 0.0048811726043376845 -0.0017498054210517073 -0.0016062091190314925 0.010033579048501488 -0.0012398059751149654 -0.00031341003435955418 0.00052343170428600461 0.0057935874867623928 0.0031863575960250552 0.0052107352800438893 0.0084193606919159298 -0.0021974469132691929 0.0046259130792145912 -0.0025364904013755966 3.413744187482372e-05 0.0019116515293926429 0.00094084344136678385 -0.0014759085528500736 0.0027760365944738217 -0.0025755513166864207 0.0023004164237473146 0.028211101685910206 0.0038932559309046281 0.010916604522947243 0.0014208245329201605 0.0009791362446963331 0.0013661783568962289 0.0006207904153765427 0.012900717769350326 -0.0014681572876512933 0.0084157788139839658 0.0011939005846931974 -0.0020226254630030566 -0.00059463688752632777 0.00030545203726271679 0.0025976881800446709 0.0033824338841865892 0.009802910381474423 0.0049761065904943428 -0.0012516271563334617 0.0073763642311114822 3.4042668906923114e-05 -0.0036943458773738449 0.011379359164359861 0.0090146511043827909 0.0098693080062710395 0.0035376091606363043 0.0022746242380177035 -0.0023918521460364814 -0.0013620062993180749 0.011264713731904267 0.0022916659319226706 0.0041660859943652585 0.0080568401594181514 0.0059283036750488478 0.00969104734084353 0.0044463890174330466
leaf_weight=363102 27875 42132 15249 1727 7240 24269 28740 3675 26487 564 39390 948 16872 752 2626 1825 107383 2992 16856 16543 2673 22473 14341 1343 8341 19508 283 94 401 2684 1134 4882 10293 695 85514 4258 19493 30067 73789 11240 9397 8098 2224 3942 69015 800 38529 177 1469 4285 4136 2134 2208 4310 365 445 9207 11339 6239 9129 3106 6222
leaf_count=363102 27875 42132 15249 1727 7240 24269 28740 3675 26487 564 39390 948 16872 752 2626 1825 107383 2992 16856 16543 2673 22473 14341 1343 8341 19508 283 94 401 2684 1134 4882 10293 695 85514 4258 19493 30067 73789 11240 9397 8098 2224 3942 69015 800 38529 177 1469 4285 4136 2134 2208 4310 365 445 9207 11339 6239 9129 3106 6222
internal_value=8.23341e-08 -0.000962988 0.00603443 -0.00137068 0.00150683 0.00439734 -0.00139641 -0.000553192 0.00840375 0.00905794 -0.000804415 0.000722664 0.00590578 0.00348654 0.00132266 0.00285981 -0.00167102 0.000331861 -0.00141637 -0.00167758 -0.0020976 0.00137403 -0.000137992 -9.94918e-05 -0.00183284 0.00186135 0.00668567 0.0221637 0.00162255 0.00324125 0.00251072 0.0036617 0.0013593 0.0055124 -0.00122459 0.00945508 0.000185496 -0.0011689 -0.000918493 0.000902475 0.00134947 0.00428596 0.00482472 0.00671802 -0.000973786 -0.00208701 -0.000790974 0.0076976 0.00860784 0.00681324 0.0079991 0.00678804 -0.000192219 -0.000810286 0.00505989 0.00388911 0.00270599 0.00475618 0.00640482 0.00724905 0.0077394 0.00619336
internal_weight=1.25753e+06 1.08445e+06 173077 930807 153645 102356 928516 228101 70721 2291 201163 110055 51665 43590 26938 50691 700415 81938 337313 212113 110056 25465 56473 68567 9684 28117 1325 377 26792 41192 24244 12122 12122 1829 102057 37015 58883 132596 102529 24312 20637 16948 14264 6166 125200 17656 107544 2398 2221 27396 10528 6392 7284 6518 766 22816 9652 13164 23111 33706 24577 9328
internal_count=1257529 1084452 173077 930807 153645 102356 928516 228101 70721 2291 201163 110055 51665 43590 26938 50691 700415 81938 337313 212113 110056 25465 56473 68567 9684 28117 1325 377 26792 41192 24244 12122 12122 1829 102057 37015 58883 132596 102529 24312 20637 16948 14264 6166 125200 17656 107544 2398 2221 27396 10528 6392 7284 6518 766 22816 9652 13164 23111 33706 24577 9328
is_linear=0
shrinkage=0.05


Tree=27
num_leaves=63
num_cat=0
split_feature=12 12 12 13 15 12 15 15 11 1 12 10 0 17 10 1 2 18 2 11 22 12 1 10 1 8 2 8 8 2 8 8 17 22 2 2 2 8 20 17 10 8 8 10 22 13 13 2 8 22 11 8 1 11 11 19 8 4 8 10 2 20
split_gain=2643.75 473.267 167.725 112.001 110.311 80.119 74.9857 28.6147 25.1457 22.692 20.9093 17.672 16.7926 16.3912 16.1512 15.5425 16.0561 22.5845 45.4348 15.4715 41.5479 19.0414 15.334 21.0686 18.1531 17.3666 15.094 18.0357 14.9776 88.3405 21.451 14.6011 13.6074 12.8453 14.1341 33.0389 12.7037 27.7634 12.644 12.3008 59.8816 114.475 11.1494 19.2483 15.944 11.1057 19.5688 10.9736 23.7282 20.3765 10.9437 21.2248 28.2175 14.3827 16.463 20.1 16.32 13.2665 11.9775 10.9011 10.4996 18.0357
threshold=339.00000000000006 737.00000000000011 93.500000000000014 19.151821136474613 1.0000000180025095e-35 1055.0000000000002 1.0000000180025095e-35 1.0000000180025095e-35 1.0000000180025095e-35 2024.5000000000002 35.500000000000007 -0.68301269412040699 1680.5000000000002 13.500000000000002 0.68301269412040722 2024.5000000000002 7.5000000000000009 1.0000000180025095e-35 1.5000000000000002 -0.93301269412040699 0.083333335816860213 52.500000000000007 2024.5000000000002 -0.25000000000000006 2023.5000000000002 1.0000000180025095e-35 1.5000000000000002 0.6078576147556306 0.87837970256805431 9.5000000000000018 0.6078576147556306 0.87837970256805431 1.0000000180025095e-35 0.38333334028720861 10.500000000000002 9.5000000000000018 5.5000000000000009 -0.87837970256805409 0.21428572386503222 1.0000000180025095e-35 -0.93301269412040699 0.87837970256805431 1.0000000180025095e-35 0.93301269412040722 1.0000000180025095e-35 19.151821136474613 20.493628501892093 5.5000000000000009 -0.87837970256805409 0.050000002607703216 -0.93301269412040699 -0.87837970256805409 2024.5000000000002 -0.68301269412040699 -0.25000000000000006 1.5000000000000002 0.6078576147556306 1.0000000180025095e-35 -1.0000000180025095e-35 0.68301269412040722 1.5000000000000002 0.35714286565780645
decision_type=2 2 2 2 2 2 2 2 2 2 2 2 2 2 2 2 2 2 2 2 2 2 2 2 2 2 2 2 2 2 2 2 2 2 2 2 2 2 2 2 2 2 2 2 2 2 2 2 2 2 2 2 2 2 2 2 2 2 2 2 2 2
left_child=2 4 3 10 8 7 9 38 32 14 -1 -10 50 -7 39 16 17 -12 -19 20 21 -17 23 33 25 -25 27 -26 30 -30 -18 47 -2 -6 35 -35 -24 -38 -3 45 41 -41 44 -44 -21 -4 -47 -11 -49 -50 51 -8 57 -52 56 -56 -55 -53 -54 -9 61 -33
right_child=1 5 6 -5 22 13 12 59 11 31 15 -13 -14 -15 -16 19 28 18 -20 42 -22 -23 36 24 26 -27 -28 -29 29 -31 -32 60 -34 34 -36 -37 37 -39 -40 40 -42 -43 43 -45 -46 46 -48 48 49 -51 53 52 58 54 55 -57 -58 -59 -60 -61 -62 -63
leaf_value=-0.0017578266398370513 0.0018592716707072994 -0.00098657142896994799 -0.00075419323887917036 0.012328509125689424 0.0015283467725931775 0.0066127160343047433 -0.0026057070415432815 0.0072052969103616055 -0.0017564232794257712 0.0001406463595823242 -0.0020757860923474266 0.0012522210000927782 0.0051668599046109237 0.0089660415328105154 -0.0017616373627598646 0.0050775142298760713 -0.0008998308961713123 0.010929338495502698 -0.0020674105388493926 0.00076415655727834716 -0.00019874868346056045 0.017296824546144045 0.0044799055645315658 0.0095350331934442971 0.002026983849092757 0.0012838752154326523 0.0012237668105231872 0.0098400326192497091 0.007136678032344009 -0.0021341130576406366 -0.0031403111380810425 0.0084852930344890259 0.0037305317600463796 0.005826104069215709 0.0085581163802211768 -0.0021877033262080237 0.00043383975131223383 0.0079823924615583571 0.0045482836122891441 -0.0022809820725808202 -0.00018991872011684259 0.025875329769388181 8.5314601912843871e-05 -0.0031026970506824354 -0.001791758394968636 0.012298924870634421 -0.0018401653824841038 -0.0026019281371070326 0.020312064268333846 0.0021031477957121846 -0.00084453596722991193 -0.0028791918968389292 0.0037662756941080448 0.0022695929851310383 0.00057750668980903182 0.0079118596185753908 0.00728198112965028 0.010443032464123404 0.011529104542255317 0.005050644558159862 -0.0020820716920224996 -0.0028249671356859619
leaf_weight=458566 24698 1094 92227 1457 2212 8950 969 24287 5493 41378 93852 43699 3686 43266 32052 1258 64952 1016 1987 7046 11994 428 13589 1689 1868 1027 12654 1224 3648 8691 12790 673 16035 10043 3203 1474 1433 8177 17733 796 13567 660 35117 5472 45399 448 538 2925 155 17136 6277 994 735 5589 16872 989 2292 230 1549 7768 8764 739
leaf_count=458566 24698 1094 92227 1457 2212 8950 969 24287 5493 41378 93852 43699 3686 43266 32052 1258 64952 1016 1987 7046 11994 428 13589 1689 1868 1027 12654 1224 3648 8691 12790 673 16035 10043 3203 1474 1433 8177 17733 796 13567 660 35117 5472 45399 448 538 2925 155 17136 6277 994 735 5589 16872 989 2292 230 1549 7768 8764 739
internal_value=8.51042e-08 0.00458396 -0.00114651 -0.00152002 0.00277719 0.00718666 -3.04629e-05 0.00577434 0.00167715 -0.00040575 -0.00154685 0.000916158 0.00194996 0.00856278 -0.000775707 -0.00121737 -0.00149224 -0.00193918 0.00232831 -0.000735828 0.000833984 0.00818326 0.00446537 0.00381002 0.00264118 0.00641703 0.00198954 0.00512169 -0.00101162 0.000606408 -0.0012685 0.000317332 0.00259604 0.00508417 0.00561815 0.00480001 0.00546497 0.00685732 0.00422639 -0.000483696 0.000843885 0.0104796 -0.000966712 -0.00034436 -0.00144827 -0.000697714 0.00457961 0.000607265 0.00156208 0.00226678 0.00162491 0.00394092 0.00575071 0.00130092 0.00182426 0.000983947 0.00372803 -0.000371099 0.00903346 0.00668333 -0.00143709 0.00256251
internal_weight=1.25753e+06 251616 1.00591e+06 753673 148518 103098 252240 50882 89925 212058 752216 49192 40182 52216 140288 293650 186936 96855 3003 106714 13680 1686 58593 35394 18462 2716 15746 3092 90081 12339 77742 71770 40733 16932 14720 11517 23199 9610 18827 108236 15023 1456 93034 40589 52445 93213 986 61594 20216 17291 36496 4477 3508 32019 25742 17861 7881 1224 2284 32055 10176 1412
internal_count=1257529 251616 1005913 753673 148518 103098 252240 50882 89925 212058 752216 49192 40182 52216 140288 293650 186936 96855 3003 106714 13680 1686 58593 35394 18462 2716 15746 3092 90081 12339 77742 71770 40733 16932 14720 11517 23199 9610 18827 108236 15023 1456 93034 40589 52445 93213 986 61594 20216 17291 36496 4477 3508 32019 25742 17861 7881 1224 2284 32055 10176 1412
is_linear=0
shrinkage=0.05


Tree=28
num_leaves=63
num_cat=0
split_feature=20 15 13 17 15 17 16 15 13 13 22 21 16 16 17 21 17 10 18 15 19 2 2 4 11 10 20 20 2 18 1 21 22 2 18 0 1 11 2 22 1 11 11 2 2 19 2 11 25 2 2 2 2 11 23 20 18 17 10 2 4 18
split_gain=1999.44 352.971 245.617 156.824 81.9836 69.8069 53.4359 52.3365 36.4328 103.771 50.8065 45.359 23.4114 22.1912 19.9573 18.2558 16.4817 33.0245 16.1296 15.0955 15.2688 28.0566 14.4673 13.9051 13.7599 14.6215 13.2233 11.0973 10.6414 18.4069 25.5945 10.1592 10.0925 10.0243 14.6295 9.72464 9.68883 9.66196 14.5717 11.1384 9.83653 9.18573 9.14357 10.0761 9.97298 9.13866 10.8603 20.5128 12.4266 9.96801 9.91215 8.81985 8.78649 8.73215 8.66194 8.97135 8.65716 9.01117 95.9204 9.25245 8.40489 8.37899
threshold=3.928571462631226 1.0000000180025095e-35 0.28582713007926946 1.0000000180025095e-35 1.0000000180025095e-35 1.0000000180025095e-35 22.500000000000004 1.0000000180025095e-35 19.151821136474613 20.493628501892093 0.41666667163372045 1.0000000180025095e-35 1.0000000180025095e-35 1.0000000180025095e-35 1.0000000180025095e-35 1.0000000180025095e-35 1.0000000180025095e-35 -0.93301269412040699 1.0000000180025095e-35 28.500000000000004 1.0000000180025095e-35 1.5000000000000002 5.5000000000000009 1.0000000180025095e-35 1.0000000180025095e-35 -0.68301269412040699 466.71429443359381 1.0000000180025095e-35 1.5000000000000002 1.0000000180025095e-35 2024.5000000000002 78.035713195800795 0.28333334624767309 3.5000000000000004 1.0000000180025095e-35 1882.5000000000002 2024.5000000000002 1.0000000180025095e-35 7.5000000000000009 0.15000000596046451 2024.5000000000002 0.25000000000000011 -0.25000000000000006 10.500000000000002 6.5000000000000009 1.0000000180025095e-35 10.500000000000002 -0.25000000000000006 2.9201046228408818 11.500000000000002 11.500000000000002 8.5000000000000018 7.5000000000000009 0.68301269412040722 2.6322140693664555 1.5000000000000002 1.0000000180025095e-35 1.5000000000000002 -0.93301269412040699 10.500000000000002 1.0000000180025095e-35 1.0000000180025095e-35
decision_type=2 2 2 2 2 2 2 2 2 2 2 2 2 2 2 2 2 2 2 2 2 2 2 2 2 2 2 2 2 2 2 2 2 2 2 2 2 2 2 2 2 2 2 2 2 2 2 2 2 2 2 2 2 2 2 2 2 2 2 2 2 2
left_child=2 5 7 12 8 18 24 15 11 10 -10 36 45 41 19 28 61 23 42 20 33 -22 -17 -18 52 -26 -8 -19 29 -1 32 -15 -31 34 -6 -9 -4 38 40 -40 -30 -7 44 -44 -2 46 47 -3 -48 -50 53 -20 -5 -47 55 -16 57 59 -59 -24 -45 -13
right_child=1 3 4 6 14 13 26 35 9 -11 -12 16 -14 31 54 22 17 27 51 -21 21 -23 56 -25 25 -27 -28 -29 37 30 -32 -33 -34 -35 -36 -37 -38 -39 39 -41 -42 -43 43 60 -46 50 48 -49 49 -51 -52 -53 -54 -55 -56 -57 -58 58 -60 -61 -62 -63
leaf_value=-0.00098702759869489501 0.00025483328079735812 0.0032292028069657989 -0.0016792363975856432 0.0057595063498743146 -0.0016423777586895784 0.0031778091977087298 0.0076861929069693526 0.00016186158259228563 0.014422596220769079 -0.00064335306407147614 -0.0024574336665585846 -0.00012811493570522695 0.0048381552624767541 0.0038719692103636842 0.0047363405666533426 -0.0015183784130992201 0.011433938081929071 -0.00026093338026050411 0.0027674741347453752 0.0079844743285773581 0.015172848866569291 0.00275841830907478 -0.00096633075791788215 -0.00085694126588937037 -0.0016619568812059821 0.0048639193764764849 0.0093825692569632652 0.001733045599075896 -0.0019516322946051641 0.0087860141225589473 -0.0035194811050228321 0.0061870730250729779 0.027545596851726598 0.0019084564758971292 0.0043597548703537218 0.0022276169648875392 0.00010671555730690239 -0.0018937995929454235 -0.00085763172271577793 0.0031146727402479426 -0.0012943367741516272 0.00079819223671594164 -0.0011680658965691063 0.00012253377775588061 0.0029231059860604651 0.003989275052119658 -0.00095111789642981994 -0.0002290051089066032 0.010156233949802489 0.0039926156344389568 -0.0019963671083963732 0.00033797587027186468 0.0081583089611990071 0.0089153556291751545 0.0029845247647958231 0.0095015954285783133 -0.0023136967008389672 0.020177357217725234 -0.00069861580591895622 6.4938449195995634e-05 0.0039912974680048055 0.0010425944385468035
leaf_weight=36551 10444 9829 40673 11566 4933 9625 33009 23918 2271 5598 554 78361 24947 15298 3829 96546 1115 10518 12511 1001 564 2365 88469 289 922 12208 17693 20707 116440 715 527 6884 80 18885 1278 7481 9331 221758 53790 1824 111498 7020 15086 5813 5272 3212 754 7602 1042 1783 507 5333 5725 1254 4606 1336 7940 604 6169 28828 1852 18986
leaf_count=36551 10444 9829 40673 11566 4933 9625 33009 23918 2271 5598 554 78361 24947 15298 3829 96546 1115 10518 12511 1001 564 2365 88469 289 922 12208 17693 20707 116440 715 527 6884 80 18885 1278 7481 9331 221758 53790 1824 111498 7020 15086 5813 5272 3212 754 7602 1042 1783 507 5333 5725 1254 4606 1336 7940 604 6169 28828 1852 18986
internal_value=8.49067e-08 0.00424589 -0.000936117 0.00591872 0.00051531 0.00192392 0.00728405 -0.00134672 8.42747e-05 0.0032983 0.0111106 -6.61147e-05 0.00374386 0.00355503 0.00260833 -0.00142813 0.000426191 0.00139872 0.000799168 0.00195006 0.00173432 0.00515105 -0.00105317 0.00890054 0.00562681 0.00440528 0.00827828 0.00106122 -0.0015859 -0.000777274 0.0050179 0.00459069 0.0106833 0.00133533 -0.0004065 0.000654205 -0.00134587 -0.00164649 -0.00145307 -0.000727255 -0.00163013 0.00217452 0.000222669 -0.000417869 0.00115025 0.002693 0.00223631 0.00172073 0.00474583 0.00626811 0.00462133 0.00204166 0.00655407 0.00537375 0.00456326 0.00597007 -0.0007129 -0.000610413 0.00116259 -0.000712834 0.00105799 0.000100163
internal_weight=1.25753e+06 227191 1.03034e+06 132053 227200 95138 81123 803138 188403 8423 2825 179980 50930 38827 38797 771739 129976 32629 56311 29026 28025 2929 228556 1404 30421 13130 50702 31225 543183 37873 1322 22182 795 25096 6211 31399 50004 505310 283552 55614 227938 16645 38467 22751 15716 25983 21010 17431 3579 2825 4973 17844 17291 4466 9771 5165 132010 124070 6773 117297 7665 97347
internal_count=1257529 227191 1030338 132053 227200 95138 81123 803138 188403 8423 2825 179980 50930 38827 38797 771739 129976 32629 56311 29026 28025 2929 228556 1404 30421 13130 50702 31225 543183 37873 1322 22182 795 25096 6211 31399 50004 505310 283552 55614 227938 16645 38467 22751 15716 25983 21010 17431 3579 2825 4973 17844 17291 4466 9771 5165 132010 124070 6773 117297 7665 97347
is_linear=0
shrinkage=0.05


Tree=29
num_leaves=63
num_cat=0
split_feature=15 13 17 17 16 15 14 16 10 8 13 22 13 21 21 0 18 10 11 10 3 17 10 10 8 11 16 11 11 11 8 11 3 11 8 15 10 8 21 11 14 10 22 14 16 21 23 10 8 8 13 11 11 11 13 8 11 8 11 9 21 22
split_gain=1783.29 392.542 237.41 116.461 65.5992 53.1486 49.4942 44.6058 38.2214 106.743 35.0934 71.9671 57.2665 29.7888 25.121 23.4502 17.0793 15.7317 15.5513 15.091 28.9088 29.0681 125.388 27.0644 14.7354 17.0842 14.321 14.3209 18.1212 13.8514 12.8424 17.7699 14.8882 14.4658 12.6306 12.1238 12.0465 11.7356 11.714 11.32 11.1091 10.3852 20.2823 9.78848 9.18332 8.99068 8.72006 8.17153 15.477 8.1203 7.86732 7.84467 20.0891 7.6908 7.68679 7.6379 7.62967 7.5567 7.54423 6.87964 6.79359 6.64542
threshold=2.5000000000000004 0.50043028593063366 1.5000000000000002 1.0000000180025095e-35 22.500000000000004 1.0000000180025095e-35 3.5838744640350346 1.0000000180025095e-35 -0.93301269412040699 0.87837970256805431 18.049830436706547 0.18333333730697635 20.493628501892093 1.0000000180025095e-35 1.0000000180025095e-35 2259.5000000000005 1.0000000180025095e-35 -0.93301269412040699 1.0000000180025095e-35 -0.25000000000000006 1.5000000000000002 1.0000000180025095e-35 -0.93301269412040699 -0.68301269412040699 0.6078576147556306 0.25000000000000011 1.0000000180025095e-35 0.68301269412040722 -0.25000000000000006 -0.25000000000000006 -0.87837970256805409 -0.93301269412040699 1.5000000000000002 -0.68301269412040699 1.0000000180025095e-35 1.0000000180025095e-35 -0.68301269412040699 -0.87837970256805409 416.67857360839849 -0.25000000000000006 19.918363571166996 -0.25000000000000006 2.5499999523162846 123.23076629638673 1.0000000180025095e-35 8.1071429252624529 1.0000000180025095e-35 -0.68301269412040699 0.87837970256805431 1.0000000180025095e-35 0.13251505792140963 0.68301269412040722 0.93301269412040722 0.68301269412040722 0.17483263462781909 -0.87837970256805409 1.0000000180025095e-35 0.87837970256805431 1.0000000180025095e-35 -0.56174489110708226 10.750000000000002 23.85000038146973
decision_type=2 2 2 2 2 2 2 2 2 2 2 2 2 2 2 2 2 2 2 2 2 2 2 2 2 2 2 2 2 2 2 2 2 2 2 2 2 2 2 2 2 2 2 2 2 2 2 2 2 2 2 2 2 2 2 2 2 2 2 2 2 2
left_child=1 5 6 10 18 14 15 8 9 -5 13 12 40 -3 -1 17 35 -2 47 20 39 23 -23 -22 25 -10 27 28 55 -13 -19 32 -32 -33 43 -15 -20 -29 61 46 -12 42 -39 -9 53 49 -16 48 -4 59 -7 56 -53 -18 -21 -8 -26 -42 -36 -38 -31 -6
right_child=2 3 4 7 38 50 26 34 24 -11 11 29 -14 16 19 -17 44 30 36 54 21 22 -24 -25 51 -27 -28 37 -30 60 31 33 -34 -35 58 -37 45 41 -40 -41 57 -43 -44 -45 -46 -47 -48 -49 -50 -51 -52 52 -54 -55 -56 -57 -58 -59 -60 -61 -62 -63
leaf_value=-0.0015021833653066446 -0.0040874781524902013 -0.0012288308289169071 0.0064625037786691904 0.0010631906340030767 0.0054314558866036229 0.00022923072785046742 0.00049060486005815865 0.0044165253032750615 0.0030051762201114413 0.026965615908936091 -0.0038490316865587601 0.0024236769107239529 0.00082009041816039064 -5.1982138155124349e-05 -0.0023771801120896375 0.0090115244187748446 0.0003901984969637312 -0.0013930886236770586 -0.0014386663881742958 -0.0014200999172355026 -0.0011881658626594228 0.015862107160342795 0.00032008551640891748 0.00099270691164526567 0.0002490520286999254 0.00052766624530025481 0.0048088460828591903 0.00045936658538295083 1.8176813772767122e-05 -0.0021887369573973105 0.0092759142994998951 -0.0013724954948081474 0.0019497665223134992 0.0019060391887206003 0.0040108125361758874 0.0026535256931616048 0.0091761887623017374 0.005271537144557456 0.0088686142174120627 -0.0028223254085239357 0.01219959422924889 0.0039804663280472198 0.01476850436561397 0.007362852861437715 0.0029827628684643373 0.0049862530314832365 0.00017473822334379153 0.0052732657501365294 0.013556998864752366 -0.000682091510368709 0.0019393591029193656 0.0055820580235075388 -0.0032792825214354297 0.0028023581663972228 -0.00064116098897914586 0.0040837898544183668 -0.0027687734436754805 0.019141161268651546 0.0015199646406912348 0.0025213632235657696 0.00050291382154563134 0.0075800010251612432
leaf_weight=559000 1422 36274 5489 1392 4176 17653 1785 14915 15759 557 93 9567 1598 84471 5404 953 14703 3793 1004 114613 35061 1514 9086 23937 5309 12470 22656 1273 5944 2873 1345 4224 1436 16506 6859 4354 507 1913 19042 13433 1793 3655 798 3485 7681 10320 8788 13067 896 1526 10872 1649 1044 4265 43805 8719 3456 507 5475 1676 12735 26954
leaf_count=559000 1422 36274 5489 1392 4176 17653 1785 14915 15759 557 93 9567 1598 84471 5404 953 14703 3793 1004 114613 35061 1514 9086 23937 5309 12470 22656 1273 5944 2873 1345 4224 1436 16506 6859 4354 507 1913 19042 13433 1793 3655 798 3485 7681 10320 8788 13067 896 1526 10872 1649 1044 4265 43805 8719 3456 507 5475 1676 12735 26954
internal_value=8.5061e-08 -0.000721596 0.00491253 0.00100452 0.00673637 -0.00124012 0.00289208 0.00269969 0.00163298 0.00846935 0.000326376 0.00191481 0.00815284 2.10438e-05 -0.0013144 0.00129494 0.000413713 0.00103874 0.00505713 -0.000903776 -0.00041332 0.000129806 0.00254056 -0.000303245 0.00129711 0.00191093 0.00390605 0.00305667 0.00222523 0.000925667 0.00130591 0.00174155 0.00549498 0.00123775 0.00414461 8.05823e-05 0.00384834 0.00484619 0.00789047 -0.00178184 0.0130472 0.00572261 0.00806932 0.00497487 0.00152389 0.00422707 -0.000796633 0.00599103 0.00745905 0.00211328 0.000881208 -0.000214734 0.00214492 0.000932854 -0.00120474 0.00347367 -0.000940311 0.0137327 0.00290556 0.00406958 7.12436e-06 0.00729196
internal_weight=1.25753e+06 1.09645e+06 161079 253284 84657 843166 76422 72370 41636 1949 180914 29166 3991 151748 814641 29679 115474 28726 34485 255641 97223 69598 10600 58998 39687 28229 46743 24087 16448 25175 27304 23511 2781 20730 30734 88825 15033 7639 50172 27625 2393 6366 2711 18400 26649 14029 14192 19452 6385 3709 28525 11458 2693 18968 158418 10504 8765 2300 12334 2183 15608 31130
internal_count=1257529 1096450 161079 253284 84657 843166 76422 72370 41636 1949 180914 29166 3991 151748 814641 29679 115474 28726 34485 255641 97223 69598 10600 58998 39687 28229 46743 24087 16448 25175 27304 23511 2781 20730 30734 88825 15033 7639 50172 27625 2393 6366 2711 18400 26649 14029 14192 19452 6385 3709 28525 11458 2693 18968 158418 10504 8765 2300 12334 2183 15608 31130
is_linear=0
shrinkage=0.05


Tree=30
num_leaves=63
num_cat=0
split_feature=12 12 12 15 15 13 12 15 13 4 25 11 13 17 14 0 10 10 8 2 13 13 2 8 11 12 12 13 0 20 19 9 2 6 12 13 2 8 20 17 10 11 21 8 0 13 12 25 23 12 10 2 25 15 11 11 11 2 11 10 12 11
split_gain=2004.65 301.172 174.499 63.9915 62.6852 61.7264 57.9396 31.101 22.4133 16.6888 16.2003 16.0037 15.9666 15.6716 13.3501 12.7061 12.4663 11.9612 17.6945 15.5575 11.0015 34.2936 12.5664 10.9909 18.3774 10.8587 10.512 13.412 9.98232 9.91811 9.56451 11.3349 10.047 9.52158 9.86007 11.2802 9.31986 117.848 89.5477 14.5295 106.901 12.4833 9.91236 8.99984 8.9666 12.6912 10.3935 8.66306 8.46127 8.40225 8.06598 8.04636 9.22892 7.80499 7.32502 8.83803 10.5725 8.91478 7.31281 23.4186 7.08345 7.03208
threshold=501.50000000000006 221.50000000000003 1021.0000000000001 1.0000000180025095e-35 1.0000000180025095e-35 19.151821136474613 63.500000000000007 1.0000000180025095e-35 20.493628501892093 1.0000000180025095e-35 11.231753826141359 1.0000000180025095e-35 1.0027981400489809 1.0000000180025095e-35 0.031498016789555557 1919.5000000000002 -0.68301269412040699 -0.25000000000000006 1.0000000180025095e-35 1.5000000000000002 19.151821136474613 20.493628501892093 8.5000000000000018 -0.87837970256805409 -0.93301269412040699 8.5000000000000018 1329.0000000000002 673.35925292968761 1327.5000000000002 553.78570556640636 1.0000000180025095e-35 -0.56174489110708226 2.5000000000000004 1.0000000180025095e-35 612.50000000000011 4.8995914459228525 1.5000000000000002 0.6078576147556306 1.0000000180025095e-35 1.0000000180025095e-35 -0.93301269412040699 -0.25000000000000006 1.0000000180025095e-35 1.0000000180025095e-35 1327.5000000000002 2.0492919683456425 700.00000000000011 30.770563125610355 24.568175315856937 802.00000000000011 -0.93301269412040699 5.5000000000000009 1.0507220625877383 39.500000000000007 -0.93301269412040699 0.68301269412040722 1.0000000180025095e-35 11.500000000000002 1.0000000180025095e-35 -0.68301269412040699 346.50000000000006 1.0000000180025095e-35
decision_type=2 2 2 2 2 2 2 2 2 2 2 2 2 2 2 2 2 2 2 2 2 2 2 2 2 2 2 2 2 2 2 2 2 2 2 2 2 2 2 2 2 2 2 2 2 2 2 2 2 2 2 2 2 2 2 2 2 2 2 2 2 2
left_child=1 5 3 11 10 6 25 36 47 29 14 33 -6 48 -3 23 -13 20 -19 -20 22 -22 -16 50 -25 -1 27 -11 49 58 51 32 43 34 35 -2 37 42 -39 41 -41 -38 -8 -32 45 -18 -47 -7 -5 53 -9 -14 -53 -15 -27 56 -56 -57 -4 -60 -12 -30
right_child=2 4 9 13 12 8 7 15 -10 26 60 16 30 28 17 -17 44 18 19 -21 21 -23 -24 24 -26 54 -28 -29 61 -31 31 -33 -34 -35 -36 -37 39 38 -40 40 -42 -43 -44 -45 -46 46 -48 -49 -50 -51 -52 52 -54 -55 55 57 -58 -59 59 -61 -62 -63
leaf_value=-0.0017834030546394917 0.0080861885939839586 -0.0015723688965105953 0.0081289150755745991 0.005150234789513374 0.005331800874837588 0.010321256991968052 0.00090923213295977616 0.015912977776087217 -0.004320936762483873 0.0060612352330781782 -0.0010651873349330522 -0.00086473932179630174 0.0012232736076809847 0.0056122960326240329 0.0032404249621934239 0.0035778212509577295 0.013563975789777138 0.0016021826464680169 0.0032825033623774106 -0.00092291824095252399 0.02251162840478102 -0.0014169817124365135 0.00089162307748271482 0.0046930850773480972 0.00042552241284538826 -0.00069559241444410954 0.0081285304235360328 0.0019518480033807373 0.0094238652627762296 0.0089288336085449841 0.0035523390341096377 0.0029043722380537483 0.0056915030426380733 -0.0014781611477436103 0.0046594888792307974 0.0018724477491139317 -0.00059256673732776958 0.012370462908592207 0.00097395616465523736 0.014264198835432283 -0.00048007173136177972 -0.0013409810816080998 -0.0025742552277051318 0.02008632403879463 3.3504441987319268e-06 0.0015617873894847917 0.0037328511582551595 -0.00089926375355424545 0.003345911525727681 0.0064013388662489904 -0.002089495123290677 -0.0010491290793588983 0.0031002588101209563 0.003409841008913124 -0.0012888091568312853 -0.0006789935784436759 -0.0018979092676440928 -0.0016413188667032251 9.1351911525076434e-05 0.0071462338414339122 0.00032395695462527686 0.00526750264512027
leaf_weight=158429 810 4590 13080 11488 5535 1738 2371 63 363 9518 15251 3609 13998 9485 10355 3859 263 25723 2520 17256 260 352 12670 2864 21199 44734 4136 2514 2895 14054 121 4057 1324 872 13885 7491 109039 2882 4291 1300 22586 114008 14633 263 3757 12591 9823 190 15027 12394 4196 1445 18141 7015 200511 75623 110605 35323 1303 12237 23033 1581
leaf_count=158429 810 4590 13080 11488 5535 1738 2371 63 363 9518 15251 3609 13998 9485 10355 3859 263 25723 2520 17256 260 352 12670 2864 21199 44734 4136 2514 2895 14054 121 4057 1324 872 13885 7491 109039 2882 4291 1300 22586 114008 14633 263 3757 12591 9823 190 15027 12394 4196 1445 18141 7015 200511 75623 110605 35323 1303 12237 23033 1581
internal_value=8.71894e-08 -0.000788732 0.00505228 0.00391538 0.00123776 -0.00113032 -0.00115055 -0.00058343 0.00706625 0.00731203 0.00060505 0.00265152 0.00281661 0.00503597 0.00103837 0.000886101 0.00189072 0.00121178 0.000737583 -0.000386766 0.00212434 0.00874262 0.00194817 0.000519154 0.000933677 -0.00142564 0.00595178 0.00520305 0.00575737 0.00785259 0.00246267 0.004345 0.00776361 0.00364257 0.00384406 0.00247947 -0.000757884 0.000178839 0.0055537 -0.000849618 0.000322235 -0.000975133 -0.00208823 0.0148917 0.00226711 0.00264194 0.0025135 0.00921292 0.00412787 0.00541641 -0.00182166 0.00213939 0.00279387 0.00467625 -0.00130421 -0.0013687 -0.00150537 -0.000985425 0.00728417 0.00646769 -0.0002293 0.00795703
internal_weight=1.25753e+06 1.0877e+06 169828 112986 156894 930807 928516 303291 2291 56842 112010 53101 44884 59885 73726 32181 30043 69136 45499 19776 23637 612 23025 28322 24063 625225 16168 12032 33370 40674 39349 5765 1708 23058 22186 8301 271110 24177 7173 246933 23886 223047 17004 384 26434 22677 22414 1928 26515 28894 4259 33584 19586 16500 466796 422062 311116 110946 26620 13540 38284 4476
internal_count=1257529 1087701 169828 112986 156894 930807 928516 303291 2291 56842 112010 53101 44884 59885 73726 32181 30043 69136 45499 19776 23637 612 23025 28322 24063 625225 16168 12032 33370 40674 39349 5765 1708 23058 22186 8301 271110 24177 7173 246933 23886 223047 17004 384 26434 22677 22414 1928 26515 28894 4259 33584 19586 16500 466796 422062 311116 110946 26620 13540 38284 4476
is_linear=0
shrinkage=0.05


Tree=31
num_leaves=63
num_cat=0
split_feature=12 12 12 13 15 15 12 12 15 11 10 2 3 0 13 12 15 11 3 2 2 18 3 25 11 2 2 25 11 2 2 3 20 10 21 25 11 11 3 2 17 9 0 0 11 12 20 10 15 3 12 22 9 3 12 12 13 13 12 13 2 13
split_gain=1809.88 249.091 177.472 75.2757 67.3284 49.9606 35.503 26.7375 20.8934 15.4201 19.4306 18.1688 23.9703 15.3113 13.5246 16.0895 12.6569 12.6508 12.1292 26.3724 12.2663 18.359 13.7612 11.7515 11.2181 15.3472 11.022 10.6332 10.2456 27.3252 30.9032 23.7298 41.5068 19.4008 10.0545 9.80362 9.55571 17.2413 16.791 16.1981 15.0747 11.2791 10.48 11.3865 9.91492 9.45145 9.34088 9.30061 9.11117 9.06685 8.77898 8.75744 8.5909 7.85857 7.81127 7.61318 7.34096 11.1019 7.65467 7.32779 7.25502 7.13703
threshold=479.50000000000006 160.50000000000003 891.50000000000011 19.151821136474613 1.0000000180025095e-35 1.0000000180025095e-35 49.500000000000007 1147.5000000000002 1.0000000180025095e-35 1.0000000180025095e-35 -0.68301269412040699 6.5000000000000009 5.5000000000000009 1655.5000000000002 28.54627895355225 705.00000000000011 39.500000000000007 -0.25000000000000006 1.0000000180025095e-35 2.5000000000000004 11.500000000000002 1.0000000180025095e-35 4.5000000000000009 1.0173745751380923 0.68301269412040722 9.5000000000000018 6.5000000000000009 2.5426251888275151 0.68301269412040722 9.5000000000000018 7.5000000000000009 2.5000000000000004 1.0000000180025095e-35 -0.25000000000000006 31.964285850524906 12.188297748565676 -0.25000000000000006 0.68301269412040722 5.5000000000000009 7.5000000000000009 1.0000000180025095e-35 -0.56174489110708226 493.50000000000006 669.50000000000011 -0.93301269412040699 266.00000000000006 0.35714286565780645 0.68301269412040722 14.500000000000002 4.5000000000000009 700.00000000000011 1.0000000180025095e-35 1.0000000180025095e-35 5.5000000000000009 309.00000000000006 8.5000000000000018 0.43756607174873358 0.89046096801757824 544.50000000000011 5.2883694171905526 8.5000000000000018 11.682336807250978
decision_type=2 2 2 2 2 2 2 2 2 2 2 2 2 2 2 2 2 2 2 2 2 2 2 2 2 2 2 2 2 2 2 2 2 2 2 2 2 2 2 2 2 2 2 2 2 2 2 2 2 2 2 2 2 2 2 2 2 2 2 2 2 2
left_child=1 3 5 6 9 14 55 17 28 11 -11 12 54 36 15 56 47 26 19 -12 21 -20 -22 -10 25 -19 -4 -13 29 30 -8 32 -30 -33 -16 -17 39 40 41 44 60 -39 -41 -44 52 -29 -15 53 -48 -9 -18 -21 -6 -7 -3 -1 -2 -58 -59 -47 -38 -26
right_child=2 4 7 -5 13 16 8 49 23 10 18 27 -14 46 34 35 50 24 20 51 22 -23 -24 -25 61 -27 -28 45 31 -31 -32 33 -34 -35 -36 -37 37 38 -40 42 -42 -43 43 -45 -46 59 48 -49 -50 -51 -52 -53 -54 -55 -56 -57 57 58 -60 -61 -62 -63
leaf_value=-0.0016942329154112361 -0.0090417576792540481 -0.00095327180165542835 0.0054554510661348867 0.0094954630968470261 0.0020809559076314195 0.0052280208946675474 -0.0011686581184634694 0.0077975254704730039 0.0013867669082977484 -0.0024602469632745011 -0.0015970432848617516 0.0034672019566844604 0.003014391046982352 9.1187046468019895e-05 -0.00032256572163544685 0.0083628227783844131 0.002542400039683966 0.0042915474447109431 -0.00026033887961340088 0.00021443815272928656 -0.0027465299553515957 0.0023238399628542567 0.00065249411136710151 -0.00073560533490949582 -0.0090495477789796705 -0.0010174528990439901 0.0081750124584659082 4.2618362375567532e-05 0.0020038061953328678 -0.0030938116198875806 0.00046759827136418796 0.00047710065590690458 -0.0017137576645724871 -0.0018023204955423318 0.0020051991103168655 0.0039286392645295825 -0.00036081599723533219 0.004193014037691384 0.0073682657437029193 0.0016555197601494092 0.0029466929039687947 0.00083208633970294546 0.010696870617038093 0.0048671868616650595 0.0013178958150010167 0.0032299882244813207 0.0075899826158014093 0.0034139863329140313 -0.0041725355742455623 0.0061592972770213401 0.0045668666683587912 0.0047105288105326257 0.0060988547730010832 0.0080463702710032638 0.00055558621606514251 -0.0012836682749873464 0.011377455357088642 0.0010814591298318758 0.0029099427184008158 0.00088836691620135461 -0.0038936492511235628 0.0059141811024005977
leaf_weight=158429 142 21545 9646 1661 2979 19516 167440 29797 17040 8446 3786 6971 6202 626 7014 1683 11324 7897 40529 1401 8446 8276 4596 10563 80 1643 6095 9633 20745 15070 34860 13327 11766 31139 13680 4846 4504 3682 1610 1688 2667 7768 1104 3504 12653 6909 2630 6337 175 11844 10191 4808 2412 2842 14247 394039 336 9173 15270 6484 2148 9665
leaf_count=158429 142 21545 9646 1661 2979 19516 167440 29797 17040 8446 3786 6971 6202 626 7014 1683 11324 7897 40529 1401 8446 8276 4596 10563 80 1643 6095 9633 20745 15070 34860 13327 11766 31139 13680 4846 4504 3682 1610 1688 2667 7768 1104 3504 12653 6909 2630 6337 175 11844 10191 4808 2412 2842 14247 394039 336 9173 15270 6484 2148 9665
internal_value=8.80866e-08 -0.000772724 0.0046559 -0.00113799 0.000808046 0.0032933 -0.00115819 0.00647496 -0.000740807 0.000284712 -0.000191677 0.000816074 0.000144609 0.00239703 0.00220912 0.00286243 0.00441915 0.00545626 7.4957e-05 0.00169109 -0.000186145 0.000177769 -0.00154833 0.000574406 0.00459683 0.00337669 0.00650884 0.00175591 -0.00086416 -0.00103972 -0.000886676 -0.000368348 0.000658234 -0.00111904 0.00121599 0.00507253 0.00216009 0.00141389 0.00258623 0.00284597 -0.00022856 0.00191333 0.00503013 0.00626517 0.00208356 0.0012376 0.00562178 0.00510693 0.00685423 0.0073317 0.00350158 0.00369686 0.00387962 0.00558653 -0.000352532 -0.00140141 0.00228319 0.00234833 0.00222396 0.00209672 -0.0015024 0.00579073
internal_weight=1.25753e+06 1.07851e+06 179021 876079 202429 102354 874418 76667 321950 152279 80288 71991 41994 50150 52144 31450 50210 35026 71842 9995 61847 48805 13042 27603 19285 9540 15741 29997 294347 217370 202300 76977 32511 44466 20694 6529 46719 22379 13060 24340 9319 11450 6296 4608 18044 23026 3431 28695 2805 41641 21515 6209 5391 22358 35792 552468 24921 24779 24443 13393 6652 9745
internal_count=1257529 1078508 179021 876079 202429 102354 874418 76667 321950 152279 80288 71991 41994 50150 52144 31450 50210 35026 71842 9995 61847 48805 13042 27603 19285 9540 15741 29997 294347 217370 202300 76977 32511 44466 20694 6529 46719 22379 13060 24340 9319 11450 6296 4608 18044 23026 3431 28695 2805 41641 21515 6209 5391 22358 35792 552468 24921 24779 24443 13393 6652 9745
is_linear=0
shrinkage=0.05


Tree=32
num_leaves=63
num_cat=0
split_feature=12 12 12 15 15 12 12 1 16 1 2 18 2 3 2 9 21 17 2 2 0 10 17 16 24 9 2 2 3 9 1 2 3 3 2 2 2 2 17 18 2 2 12 3 9 2 3 20 21 9 2 19 3 2 18 2 15 1 10 9 1 1
split_gain=1634.74 224.495 159.688 64.725 52.9185 26.462 20.839 19.2786 17.8539 17.7833 18.616 28.8377 63.6796 57.4386 16.6128 53.1136 64.2874 20.3522 125.556 31.0404 16.4168 15.7347 13.6944 12.634 10.535 18.2059 27.4518 13.3274 12.0603 11.2512 10.4923 20.9469 26.2024 12.088 13.2522 21.0771 15.0783 10.9983 10.89 10.0436 9.93711 24.079 9.88153 9.84725 9.79996 26.8252 34.0288 48.1778 30.285 15.2678 34.602 51.2101 24.6684 23.6969 28.8407 13.782 13.0288 9.38861 13.474 13.134 12.2965 9.35683
threshold=402.50000000000006 853.50000000000011 125.50000000000001 1.0000000180025095e-35 1.0000000180025095e-35 1242.5000000000002 36.500000000000007 2024.5000000000002 1.0000000180025095e-35 2024.5000000000002 7.5000000000000009 1.0000000180025095e-35 1.5000000000000002 1.0000000180025095e-35 8.5000000000000018 1.0000000180025095e-35 1.0000000180025095e-35 1.0000000180025095e-35 9.5000000000000018 10.500000000000002 2048.5000000000005 0.68301269412040722 1.0000000180025095e-35 1.0000000180025095e-35 2.8094208240509038 -0.56174489110708226 5.5000000000000009 7.5000000000000009 3.5000000000000004 1.0000000180025095e-35 2024.5000000000002 7.5000000000000009 1.5000000000000002 3.5000000000000004 5.5000000000000009 4.5000000000000009 6.5000000000000009 8.5000000000000018 1.0000000180025095e-35 1.0000000180025095e-35 2.5000000000000004 1.5000000000000002 309.00000000000006 5.5000000000000009 1.0000000180025095e-35 7.5000000000000009 1.0000000180025095e-35 0.21428572386503222 0.10714286193251611 -0.56174489110708226 5.5000000000000009 1.0000000180025095e-35 3.5000000000000004 4.5000000000000009 1.0000000180025095e-35 3.5000000000000004 1.0000000180025095e-35 2024.5000000000002 -0.25000000000000006 1.0000000180025095e-35 2023.5000000000002 2024.5000000000002
decision_type=2 2 2 2 2 2 2 2 2 2 2 2 2 2 2 2 2 2 2 2 2 2 2 2 2 2 2 2 2 2 2 2 2 2 2 2 2 2 2 2 2 2 2 2 2 2 2 2 2 2 2 2 2 2 2 2 2 2 2 2 2 2
left_child=2 3 6 8 7 22 -1 21 61 10 11 -8 13 -13 15 16 -12 19 -19 -16 30 42 -3 57 29 26 28 -28 -26 -9 31 39 -33 34 35 -32 -36 -34 -35 -6 41 -31 -4 -25 49 48 -47 -48 55 50 51 -11 -52 54 -51 -46 -50 58 59 -5 -60 -2
right_child=1 5 4 23 20 -7 9 24 -10 44 14 12 -14 -15 17 -17 -18 18 -20 -21 -22 -23 -24 43 25 -27 27 -29 -30 40 33 32 37 38 36 -37 -38 -39 -40 -41 -42 -43 -44 -45 45 46 47 -49 56 53 52 -53 -54 -55 -56 -57 -58 -59 60 -61 -62 -63
leaf_value=-0.001355505212921649 0.0006354101039515881 0.0041530427215079003 -0.00034462797291389931 0.005658041839576816 -0.0014028656084490738 0.0073888269694646781 -0.0017081130759706775 0.00057227603140511021 0.0027009017750200424 -0.0015612029272202266 0.010948537175796571 -0.0048076500310298351 -0.0017192930714486684 0.017587965913691991 -0.0023641752963430174 -0.0027239435471013984 0.0010682941866515358 0.016348249902819571 -0.0016634982038632924 -0.00039887833114123078 0.0064412387450203312 -0.0014409652405435818 0.0059503597851200208 0.004300232843162311 -0.0021644810884342376 -0.0006721109377641585 0.007799356967351863 0.00045164886333732039 0.0022408969947401848 0.0054820705833975789 0.0038042666322306118 -0.0012535409978330209 0.0063274818131024398 8.4267271709357174e-05 0.0095431648107590934 -0.0033549714791110937 0.0035278231738513225 0.0026280127717197657 0.0042929405096564406 0.0023384107577679187 0.003515986395004605 -0.0033630487957552139 0.00092013616019138642 0.0068615447381159952 -0.00033095786960533695 -0.002219486391215472 0.0014509778067459524 0.013698014393842925 -0.0018871543151622622 -0.00079450314182809853 0.0041801377912544782 0.012132544675663107 -0.00014146748933093552 -0.0027996710034439462 0.0067631293941275749 0.0020398830231144367 0.0016779405602464694 0.0043626745721216708 0.0054629309482179316 0.001638159463091572 0.00061883286607453342 0.0022272235183560208
leaf_weight=466626 31071 14707 70381 5009 8541 26439 112515 15901 29277 23497 2048 400 2967 1004 31375 6600 8402 1204 4923 55888 1913 27107 38164 25987 3108 22401 2260 851 3106 1298 4554 3742 2772 6012 1681 1327 2751 7335 2066 2270 8451 1889 19784 4396 10848 1651 1923 1380 21663 17892 6602 703 6602 17603 1358 14084 2905 11345 1538 3426 8863 13143
leaf_count=466626 31071 14707 70381 5009 8541 26439 112515 15901 29277 23497 2048 400 2967 1004 31375 6600 8402 1204 4923 55888 1913 27107 38164 25987 3108 22401 2260 851 3106 1298 4554 3742 2772 6012 1681 1327 2751 7335 2066 2270 8451 1889 19784 4396 10848 1651 1923 1380 21663 17892 6602 703 6602 17603 1358 14084 2905 11345 1538 3426 8863 13143
internal_value=8.89576e-08 0.00398811 -0.000814822 0.00274056 0.000376801 0.00609674 -0.00113567 -1.32039e-05 0.00174307 -0.000847539 -0.00111345 -0.00155329 0.00243079 0.011204 -0.000647882 0.000787169 0.0030052 -0.00090993 0.00187533 -0.00110555 0.00190814 -0.000384675 0.00545051 0.00395087 0.000721768 0.000100508 0.00195706 0.00579111 3.6695e-05 0.0014373 0.00170658 0.00103214 0.00231974 0.00261063 0.00374534 0.00218796 0.00581066 0.0036432 0.00116132 -0.000616828 0.00261873 0.000237878 -6.70573e-05 0.00467101 -0.00037786 0.000131543 0.00363949 0.00656959 -0.000219441 -0.000751482 -3.9692e-05 -0.00116315 0.00201897 -0.00147378 -0.000261054 0.00100812 -0.0014654 0.00322574 0.00254068 0.00402594 0.00133566 0.00110871
internal_weight=1.25753e+06 213365 1.04416e+06 134055 221501 79310 822663 176537 73491 356037 227326 116886 4371 1404 110440 17050 10450 93390 6127 87263 44964 117272 52871 60564 59265 31726 9325 3111 6214 27539 43051 24660 13849 18391 10313 5881 4432 10107 8078 10811 11638 3187 90165 30383 128711 54454 4954 3303 49500 74257 37404 24200 13204 36853 19250 24932 24568 30181 18836 8435 10401 44214
internal_count=1257529 213365 1044164 134055 221501 79310 822663 176537 73491 356037 227326 116886 4371 1404 110440 17050 10450 93390 6127 87263 44964 117272 52871 60564 59265 31726 9325 3111 6214 27539 43051 24660 13849 18391 10313 5881 4432 10107 8078 10811 11638 3187 90165 30383 128711 54454 4954 3303 49500 74257 37404 24200 13204 36853 19250 24932 24568 30181 18836 8435 10401 44214
is_linear=0
shrinkage=0.05


Tree=33
num_leaves=63
num_cat=0
split_feature=12 12 12 13 15 15 12 1 13 11 11 2 22 10 1 16 3 11 1 13 17 8 18 2 18 15 2 10 8 10 1 3 1 22 12 1 11 9 2 18 2 8 11 8 8 9 2 3 2 22 12 13 2 2 6 12 13 21 2 13 2 23
split_gain=1480.25 224.551 128.983 49.8762 47.8668 45.6275 43.2971 22.1378 19.3219 17.1636 21.9599 29.701 20.9703 34.5214 18.4716 15.3636 14.0332 14.0004 13.8671 13.711 13.0847 12.8812 46.261 107.011 19.5684 17.3658 11.2297 10.9338 15.1836 50.7302 13.9197 15.7464 10.928 10.6617 10.417 14.0976 14.8325 23.1399 12.2772 13.4699 10.4965 10.2156 9.59969 20.0837 9.54994 9.54563 13.7614 9.07615 12.0674 9.17754 8.94382 12.2249 8.88486 13.0269 8.453 8.00328 10.024 7.85089 7.80095 7.566 7.53091 7.36539
threshold=501.50000000000006 221.50000000000003 1021.0000000000001 19.151821136474613 1.0000000180025095e-35 1.0000000180025095e-35 79.500000000000014 2024.5000000000002 20.493628501892093 0.68301269412040722 1.0000000180025095e-35 7.5000000000000009 1.0000000180025095e-35 -0.25000000000000006 2023.5000000000002 1.0000000180025095e-35 4.5000000000000009 1.0000000180025095e-35 2023.5000000000002 1.0027981400489809 1.0000000180025095e-35 -0.87837970256805409 1.5000000000000002 2.5000000000000004 1.5000000000000002 1.0000000180025095e-35 9.5000000000000018 -0.25000000000000006 0.87837970256805431 -0.93301269412040699 2024.5000000000002 3.5000000000000004 2024.5000000000002 1.6166666746139529 16.500000000000004 2024.5000000000002 -0.93301269412040699 -0.56174489110708226 7.5000000000000009 1.0000000180025095e-35 8.5000000000000018 1.0000000180025095e-35 -0.93301269412040699 -0.87837970256805409 1.0000000180025095e-35 1.0000000180025095e-35 1.5000000000000002 3.5000000000000004 7.5000000000000009 0.11666667088866235 1329.0000000000002 673.35925292968761 8.5000000000000018 6.5000000000000009 1.0000000180025095e-35 612.50000000000011 6.7517838478088388 655.75000000000011 10.500000000000002 91.051231384277358 5.5000000000000009 25.068477630615238
decision_type=2 2 2 2 2 2 2 2 2 2 2 2 2 2 2 2 2 2 2 2 2 2 2 2 2 2 2 2 2 2 2 2 2 2 2 2 2 2 2 2 2 2 2 2 2 2 2 2 2 2 2 2 2 2 2 2 2 2 2 2 2 2
left_child=1 3 4 6 17 15 34 9 -5 10 11 -8 14 -14 -11 27 57 54 -19 -7 61 22 -9 -24 25 -23 -20 28 -3 -30 45 -32 47 -33 -1 38 37 -37 39 -36 -40 -38 43 -34 -17 -29 -47 -21 -49 -50 51 -18 53 -46 55 56 -2 -4 -31 -28 -22 -6
right_child=2 5 16 8 20 19 7 21 -10 12 -12 -13 13 -15 -16 44 50 18 26 32 60 24 23 -25 -26 -27 59 30 29 58 31 33 42 -35 35 36 41 -39 40 -41 -42 -43 -44 -45 52 46 -48 48 49 -51 -52 -53 -54 -55 -56 -57 -58 -59 -60 -61 -62 -63
leaf_value=-0.0014315645547556151 0.0058983800988931202 0.0005202214700753986 0.0063269751882101891 0.0083884039732697938 0.0044461201480096441 0.0047498541454428049 -0.0013850958995748031 -0.00221958531991119 -0.0041770728830790851 -0.002219738742738747 -0.0022337357063466276 0.00090539043541437497 0.0031806708872845189 -0.00029566289887898267 0.0040163118699413662 0.0023071226497383903 0.0051655592535974973 0.0039680971319374829 0.0018754728738379278 0.00051923474423002552 0.0040949532101405266 0.00045473840258758533 0.033321498877574532 -0.0028181234321477239 -0.0020150066799122339 0.0027910464112049973 0.00034842905380632477 -0.0014752257725819374 0.024582886316426578 0.00082456412975201075 -0.00033041090354124898 0.0055352835845713091 -0.002549048343942963 0.0014492046951567329 -0.0016529979038876911 0.0033310564050092642 -0.0012229186044130664 -0.00042734025565197551 0.0001031311984935618 0.0017312837371077996 -0.0011059831045311956 -0.00036895267705681255 0.0025305818093376842 0.0079560945477649379 0.00012189954772449711 0.0047890313034445664 -0.00032850827005063255 0.00045475841655203916 -0.001181654036734286 0.0048012337515000812 0.0070447239020550168 0.0012425379482294665 -0.0017258132491620071 0.0044167550188137115 -0.0016270002891213338 0.0041223865291011097 0.001349859697092266 0.0078493009110775884 0.0058266112951386589 -0.0034170942236580876 0.0056227644862848012 0.00276526561851788
leaf_weight=266859 1474 22892 28574 1928 11641 5535 42456 10529 363 13024 31613 21228 9615 27751 1306 16614 9518 4985 16013 13065 13772 53491 311 599 6833 9345 7419 21352 275 2600 12004 2143 574 6282 137285 5584 80297 15356 21503 3003 108383 62145 13790 2181 6480 1461 13010 4063 735 4941 4136 2514 3354 2428 872 13885 6827 12100 1115 1626 19598 14874
leaf_count=266859 1474 22892 28574 1928 11641 5535 42456 10529 363 13024 31613 21228 9615 27751 1306 16614 9518 4985 16013 13065 13772 53491 311 599 6833 9345 7419 21352 275 2600 12004 2143 574 6282 137285 5584 80297 15356 21503 3003 108383 62145 13790 2181 6480 1461 13010 4063 735 4941 4136 2514 3354 2428 872 13885 6827 12100 1115 1626 19598 14874
internal_value=8.8326e-08 -0.000677751 0.00434149 -0.000972702 0.00336403 0.00107208 -0.000990887 -0.000392555 0.00639518 -0.000758459 -0.0011564 -0.000621522 -2.47968e-05 0.000598738 -0.00165103 0.000532264 0.0062843 0.00227092 0.00155933 0.00241909 0.00433322 0.000270516 -0.00128439 0.0095297 0.000525891 0.000802279 0.00107992 0.000187077 0.00101658 0.00386305 -0.000209244 0.000832167 0.0020911 0.00248919 -0.00118574 -0.00103441 -0.000667709 0.000574671 -0.00125615 -0.00158052 -0.000905772 -0.000850384 0.00306959 0.00576554 0.00152588 -0.000803276 0.000187845 0.00138095 0.00253642 0.00402561 0.00503695 0.0043463 0.000466942 0.00129312 0.00319785 0.00338771 0.0021582 0.00677999 0.00232731 -0.000327968 0.00499239 0.00350342
internal_weight=1.25753e+06 1.0877e+06 169828 930807 112986 156894 928516 228101 2291 146993 95297 63684 51696 37366 14330 112010 56842 53101 30043 44884 59885 81108 11439 910 69669 62836 25058 83134 26882 3990 56252 20429 39349 8425 700415 433556 163382 20940 270174 140288 129886 142442 16545 2755 28876 35823 14471 22804 9739 5676 16168 12032 12262 8908 23058 22186 8301 40674 3715 9045 33370 26515
internal_count=1257529 1087701 169828 930807 112986 156894 928516 228101 2291 146993 95297 63684 51696 37366 14330 112010 56842 53101 30043 44884 59885 81108 11439 910 69669 62836 25058 83134 26882 3990 56252 20429 39349 8425 700415 433556 163382 20940 270174 140288 129886 142442 16545 2755 28876 35823 14471 22804 9739 5676 16168 12032 12262 8908 23058 22186 8301 40674 3715 9045 33370 26515
is_linear=0
shrinkage=0.05


Tree=34
num_leaves=63
num_cat=0
split_feature=12 12 12 15 16 15 12 11 23 0 11 8 22 2 12 11 2 8 2 2 8 11 16 11 2 3 8 22 3 18 2 8 17 2 8 11 3 15 11 2 0 24 22 24 12 14 19 3 3 8 11 3 2 9 20 2 18 18 2 19 20 0
split_gain=1339.82 244.187 82.2636 50.4089 39.3482 34.519 18.2023 16.2153 14.408 13.0822 12.5871 14.5271 10.9033 13.284 10.8911 10.7642 10.5322 13.3979 10.5024 13.7617 13.4078 10.1497 17.9451 16.1776 14.1546 36.4559 31.5596 26.7224 16.7693 15.3243 12.52 40.122 85.749 18.3654 11.1913 10.9543 11.6865 9.89734 9.27941 14.9653 9.22007 8.96766 8.76409 9.48097 11.0724 8.55005 10.832 12.5201 8.20185 7.8162 15.7777 13.8091 30.4038 8.50291 7.72619 7.63446 12.9793 7.37232 8.98623 7.07693 6.6969 6.54093
threshold=339.00000000000006 737.00000000000011 93.500000000000014 1.0000000180025095e-35 1.0000000180025095e-35 1.0000000180025095e-35 1168.0000000000002 1.0000000180025095e-35 3.648220539093018 1655.5000000000002 0.68301269412040722 0.6078576147556306 0.38333334028720861 5.5000000000000009 31.500000000000004 0.25000000000000011 6.5000000000000009 1.0000000180025095e-35 8.5000000000000018 10.500000000000002 -0.87837970256805409 0.68301269412040722 1.0000000180025095e-35 1.0000000180025095e-35 11.500000000000002 1.0000000180025095e-35 -0.87837970256805409 0.21666666865348819 4.5000000000000009 1.0000000180025095e-35 7.5000000000000009 0.87837970256805431 1.0000000180025095e-35 8.5000000000000018 1.0000000180025095e-35 -0.93301269412040699 3.5000000000000004 6.5000000000000009 -0.25000000000000006 6.5000000000000009 1327.5000000000002 0.59509205818176281 1.0000000180025095e-35 5.1858322620391855 190.50000000000003 0.098199937492609038 3.5000000000000004 2.5000000000000004 3.5000000000000004 -0.87837970256805409 -0.93301269412040699 1.5000000000000002 10.500000000000002 1.0000000180025095e-35 1.214285731315613 9.5000000000000018 1.0000000180025095e-35 1.5000000000000002 1.5000000000000002 1.0000000180025095e-35 1.0000000180025095e-35 1327.5000000000002
decision_type=2 2 2 2 2 2 2 2 2 2 2 2 2 2 2 2 2 2 2 2 2 2 2 2 2 2 2 2 2 2 2 2 2 2 2 2 2 2 2 2 2 2 2 2 2 2 2 2 2 2 2 2 2 2 2 2 2 2 2 2 2 2
left_child=2 3 14 7 37 42 38 16 54 49 11 15 -10 57 -1 41 17 -2 20 -20 -15 23 24 30 26 27 -23 -26 -27 -28 35 33 -33 -32 55 36 -16 40 39 -6 -3 -9 -4 44 -44 -12 47 -47 -37 -7 53 -52 -53 -51 -5 56 -25 59 -59 -14 -46 -18
right_child=1 4 5 8 6 9 -8 10 12 -11 45 -13 13 18 21 -17 61 -19 19 -21 -22 22 -24 34 25 28 29 -29 -30 -31 31 32 -34 -35 -36 48 -38 -39 -40 -41 -42 -43 43 -45 60 46 -48 -49 -50 50 51 52 -54 -55 -56 -57 -58 58 -60 -61 -62 -63
leaf_value=-0.0012461258619795544 0.0023363317601442831 0.0027619252483762268 -0.0011063074720399832 0.0033914340764310772 0.0046400025955765506 -0.0007369408793083843 0.0065607879547710983 -0.0033913376970681379 -0.0017000768958160347 0.0040068248043917632 -0.0013009983166538477 -0.0021476822330453293 0.00062997972255978904 0.0011056891638670169 -0.0010661221623423608 -0.0004456469164680203 0.0025055680605736317 -3.4721693331462225e-05 -0.00020470464476633491 0.0036820152220763021 0.0049824767820853717 -0.0026637315219636771 -0.0029594332695924664 -0.0010168824656626315 0.0019157633422961407 -0.00281599952628397 0.00063236543689070804 0.015012732979060032 -5.106455798398091e-05 0.0056970195930556326 0.00022308859759365607 0.0014763613249655135 0.019483046411264707 -0.0020910699496493471 -0.0023257220642089113 -0.00088466870740855428 0.00088836179342073975 0.0042572351473005371 0.004278800769512976 0.0073878355477023996 -0.0023140191557368454 0.002724445869534891 -0.00026761180247780508 -0.00087716763283999871 -9.7694673088169134e-05 0.0038555600881760841 -0.00053993725215498015 0.0011778854673485783 -0.0018322205294474603 0.0016984832420431002 -0.00068379933267959927 0.00076568672820124454 0.0061565584693545903 0.0066827818190656075 0.0063136424756091748 -0.002478219618642993 0.0032194541353654498 0.0061149480324931811 0.0022001177141777839 0.0035642313761320866 0.001166561777875596 0.0052559778569603892
leaf_weight=422323 13550 9544 28419 4293 12076 5451 34529 664 1326 4043 2642 6893 10400 2643 16996 10286 13995 10626 3469 6617 14404 7674 6322 34001 3401 15378 42645 440 8529 1548 23743 4914 764 13416 32874 56059 13904 16174 21363 8426 986 6094 102371 37062 17035 7228 4342 11043 38577 1533 9049 14991 3169 1946 4808 8256 1909 1929 6141 2563 27171 2562
leaf_count=422323 13550 9544 28419 4293 12076 5451 34529 664 1326 4043 2642 6893 10400 2643 16996 10286 13995 10626 3469 6617 14404 7674 6322 34001 3401 15378 42645 440 8529 1548 23743 4914 764 13416 32874 56059 13904 16174 21363 8426 986 6094 102371 37062 17035 7228 4342 11043 38577 1533 9049 14991 3169 1946 4808 8256 1909 1929 6141 2563 27171 2562
internal_value=8.81033e-08 0.0032633 -0.000816157 0.00196548 0.00513283 -3.45484e-05 0.00571046 0.00122182 0.0031067 0.00130913 0.000610703 -0.000210648 0.00277024 0.00289341 -0.00107774 0.00057245 0.00195972 0.00129399 0.00362471 0.00234472 0.00438172 -0.000863109 -0.000395373 -0.00102688 -0.000191702 -0.00110323 0.000295854 0.00341772 -0.0018298 0.000809897 -0.000752221 -1.40114e-05 0.00390042 -0.000612291 -0.00162708 -0.00100408 -0.000186506 0.00348018 0.005009 0.00576959 0.00228614 0.00212277 -0.000289181 -0.000162699 1.7921e-05 0.00138938 0.00170394 0.00223746 -0.00127098 0.00100718 0.00131715 0.000911514 0.00170672 0.00448803 0.00493582 -0.00110694 -0.000791528 0.00194978 0.00313658 0.00121054 0.000679262 0.00293149
internal_weight=1.25753e+06 251616 1.00591e+06 148518 103098 252240 76394 89925 58593 40182 49192 23937 49492 48166 753673 17044 40733 24176 27133 10086 17047 331350 85937 245413 79615 27748 51867 3841 23907 44193 168373 42837 5678 37159 77040 125536 30900 26704 41865 20502 10530 6758 212058 183639 146577 25255 22613 18271 94636 36139 30688 27209 18160 3479 9101 44166 35910 21033 8070 12963 44206 16557
internal_count=1257529 251616 1005913 148518 103098 252240 76394 89925 58593 40182 49192 23937 49492 48166 753673 17044 40733 24176 27133 10086 17047 331350 85937 245413 79615 27748 51867 3841 23907 44193 168373 42837 5678 37159 77040 125536 30900 26704 41865 20502 10530 6758 212058 183639 146577 25255 22613 18271 94636 36139 30688 27209 18160 3479 9101 44166 35910 21033 8070 12963 44206 16557
is_linear=0
shrinkage=0.05


Tree=35
num_leaves=63
num_cat=0
split_feature=12 12 12 13 12 11 1 10 11 11 10 11 10 1 9 1 8 22 1 13 11 11 10 22 10 19 11 18 10 8 1 6 8 16 1 8 21 9 11 9 22 14 8 11 1 10 6 14 0 12 1 11 9 11 3 12 20 8 16 16 9 10
split_gain=1212.75 203.721 91.2864 44.8971 38.853 28.4604 27.4514 29.8705 24.0263 24.8227 22.315 22.2981 25.4554 32.0871 24.5748 21.3117 24.594 19.871 18.5432 18.4755 14.9917 20.8187 26.907 19.0472 29.1185 14.9354 22.7007 16.093 14.3399 28.2456 14.0339 16.2944 14.4575 13.9857 13.4284 13.3447 12.3508 20.793 14.3707 12.3742 32.3873 12.0974 11.9325 11.7089 13.9499 11.5967 11.0561 10.9364 10.2325 10.1504 15.2173 14.5526 23.1547 11.6614 10.8491 10.0177 9.82797 9.68941 9.64225 9.04929 8.90514 12.067
threshold=544.50000000000011 237.50000000000003 1055.0000000000002 19.151821136474613 88.500000000000014 -0.25000000000000006 2024.5000000000002 -0.25000000000000006 0.68301269412040722 0.25000000000000011 0.25000000000000011 -0.25000000000000006 -0.68301269412040699 2023.5000000000002 -0.56174489110708226 2023.5000000000002 1.0000000180025095e-35 1.1499999761581423 2024.5000000000002 20.493628501892093 0.68301269412040722 1.0000000180025095e-35 -0.68301269412040699 1.0000000180025095e-35 -0.25000000000000006 4.5000000000000009 0.93301269412040722 1.0000000180025095e-35 -0.93301269412040699 0.87837970256805431 2024.5000000000002 1.0000000180025095e-35 0.87837970256805431 1.0000000180025095e-35 2023.5000000000002 0.87837970256805431 1.0357142686843874 -0.56174489110708226 -0.93301269412040699 1.0000000180025095e-35 1.0000000180025095e-35 19.918363571166996 -0.87837970256805409 -0.25000000000000006 2023.5000000000002 -0.68301269412040699 1.0000000180025095e-35 284.48214721679693 1277.5000000000002 8.5000000000000018 2024.5000000000002 -0.93301269412040699 -0.56174489110708226 0.68301269412040722 1.5000000000000002 1370.0000000000002 1.0000000180025095e-35 1.0000000180025095e-35 1.0000000180025095e-35 1.0000000180025095e-35 1.0000000180025095e-35 1.0000000180025095e-35
decision_type=2 2 2 2 2 2 2 2 2 2 2 2 2 2 2 2 2 2 2 2 2 2 2 2 2 2 2 2 2 2 2 2 2 2 2 2 2 2 2 2 2 2 2 2 2 2 2 2 2 2 2 2 2 2 2 2 2 2 2 2 2 2
left_child=1 3 5 4 49 10 7 11 9 30 42 59 28 41 -15 16 -9 -8 20 -5 21 22 -6 34 -25 27 -27 -10 29 -13 31 35 -32 60 -22 -7 39 38 -38 56 -41 -14 -2 -4 -45 -19 -12 -33 -44 -1 53 52 -52 54 -51 -46 -20 -53 -55 -3 61 -17
right_child=2 6 43 19 18 8 17 15 25 -11 46 12 13 14 -16 33 -18 45 36 -21 23 -23 -24 24 -26 26 -28 -29 -30 -31 32 47 -34 -35 -36 -37 37 -39 -40 40 -42 -43 48 44 55 -47 -48 -49 -50 50 51 57 -54 58 -56 -57 -58 -59 -60 -61 -62 -63
leaf_value=-0.0014078616647629555 0.0025281565016992509 0.0021926069700626649 0.0066213584174906193 0.0080318469839865871 0.0010611436953731454 0.0024588565639577973 0.0046953097292209318 0.0047305129557006984 0.0030812244884558353 -7.0817731781028472e-06 0.0031670159884214146 -0.00033498230613571552 -0.0016368571268986411 0.0091978296523844844 0.002739786043961702 -0.0045231714818010187 -0.001286556953762383 0.0039546923639337756 -0.00090305261479402786 -0.0039053966965803748 -0.0020820885787592976 -0.002126580205412397 -0.0012376247900690103 0.0031924892525218677 -0.00015269428879313544 0.0036530288052989178 -0.001859351502210521 0.005867874009572639 -0.0022613869291188424 0.0089939732858273433 0.0060965420926647534 -0.0015032761856791643 -0.0019001326467534344 0.00095943993745922155 0.0039861411512523495 0.0093354750597989065 0.0066653023293278286 -0.0016209869663002267 0.00062128870986741637 0.016720964016745731 0.0014510012182967376 0.0028563999734171367 0.005033576739003745 0.0075715507876308727 0.004165378348899392 0.0013971985132364302 -0.0016078688002230071 0.011559773436406764 0.007924989639289096 -0.0018885646672384398 0.0027519583381618341 -0.0010981807879917066 -0.00044224725764430292 -0.00062750914201092174 -0.0011451614589534573 0.006926693033742823 0.00093715346755283068 -0.00039150825765664731 -0.0027282407680926657 0.0047546743210015339 -9.0591288714717661e-05 -0.0011660743855084028
leaf_weight=158429 4050 8850 23463 1952 19093 5508 6050 4387 13042 14256 18468 6084 4521 2106 4914 3126 2769 4935 12991 388 11310 28428 38186 8735 25475 5200 2913 8611 7254 936 4374 3396 648 12140 991 810 1212 15479 5228 353 21223 2240 20700 4816 19998 43771 1296 168 3600 68662 7736 111218 21274 104949 172372 3939 16432 86076 5764 5658 15881 18695
leaf_count=158429 4050 8850 23463 1952 19093 5508 6050 4387 13042 14256 18468 6084 4521 2106 4914 3126 2769 4935 12991 388 11310 28428 38186 8735 25475 5200 2913 8611 7254 936 4374 3396 648 12140 991 810 1212 15479 5228 353 21223 2240 20700 4816 19998 43771 1296 168 3600 68662 7736 111218 21274 104949 172372 3939 16432 86076 5764 5658 15881 18695
internal_value=8.57326e-08 -0.000591185 0.00407768 -0.000866524 -0.000883719 0.00324148 0.00109303 0.000598399 0.00250454 0.00148417 0.00414391 0.00160062 0.000777407 0.00231029 0.00467801 -0.00014992 0.00240154 0.0019923 -0.000275124 0.00605029 -0.000628169 -0.00102038 -0.000471281 9.44687e-05 0.000701308 0.00350396 0.00167318 0.00418968 -0.00070219 0.000908277 0.00291092 0.00181634 0.0050637 -0.000516346 -0.00159278 0.0033414 0.000364963 -0.000627501 0.00175963 0.000791615 0.00170114 -0.000147428 0.00504321 0.00579175 0.00511458 0.00165644 0.00285365 -0.0008858 0.00546217 -0.00105323 -0.000956023 -0.00063614 0.000409375 -0.00116181 -0.00135695 0.00462001 0.000124486 -0.000789897 -0.000736926 0.00319216 -0.000991681 -0.00164725
internal_weight=1.25753e+06 1.09827e+06 159256 943956 941616 107040 154317 99561 58926 29160 48114 42563 28055 13781 7020 56998 7156 54756 205136 2340 132218 85707 57279 46511 34210 29766 8113 21653 14274 7020 14904 9882 5022 49842 12301 6318 72918 21919 6440 50999 21576 6761 28350 52216 28753 48706 19764 3564 24300 736480 578051 226304 29010 351747 241034 23937 29423 197294 110713 14508 37702 21821
internal_count=1257529 1098273 159256 943956 941616 107040 154317 99561 58926 29160 48114 42563 28055 13781 7020 56998 7156 54756 205136 2340 132218 85707 57279 46511 34210 29766 8113 21653 14274 7020 14904 9882 5022 49842 12301 6318 72918 21919 6440 50999 21576 6761 28350 52216 28753 48706 19764 3564 24300 736480 578051 226304 29010 351747 241034 23937 29423 197294 110713 14508 37702 21821
is_linear=0
shrinkage=0.05


Tree=36
num_leaves=63
num_cat=0
split_feature=12 12 12 13 15 15 15 12 23 12 25 11 22 0 22 13 13 11 25 23 11 16 11 11 9 8 18 8 8 11 8 23 11 12 11 6 13 20 11 11 11 13 0 17 21 9 0 0 0 13 22 25 12 4 19 9 15 13 21 8 8 11
split_gain=1096.24 194.106 72.5972 54.576 37.15 36.4681 29.3831 19.0973 13.3475 13.3076 11.9437 11.723 11.2524 11.146 10.6477 10.3776 10.8127 10.2506 9.70886 10.699 9.04659 19.5948 16.8858 14.603 40.654 34.7042 13.9411 13.4801 10.496 9.03306 11.0087 9.66777 9.38484 8.95144 8.88122 8.75833 9.48744 8.75378 8.28647 10.8998 14.8617 8.21638 8.06328 7.83315 7.55492 7.53026 7.49746 7.3406 16.7712 7.24036 7.23011 6.97197 6.87969 6.81991 6.71665 6.72665 6.63288 8.01505 6.52653 6.26997 5.78637 10.4046
threshold=346.50000000000006 705.00000000000011 114.50000000000001 19.151821136474613 1.0000000180025095e-35 1.0000000180025095e-35 1.0000000180025095e-35 1127.5000000000002 2.3754646778106694 35.500000000000007 8.2947497367858904 1.0000000180025095e-35 0.61666667461395275 1655.5000000000002 1.0000000180025095e-35 19.151821136474613 20.493628501892093 -0.68301269412040699 12.188297748565676 5.8533666133880624 0.68301269412040722 1.0000000180025095e-35 1.0000000180025095e-35 0.93301269412040722 0.81174489855766307 -0.87837970256805409 1.0000000180025095e-35 1.0000000180025095e-35 1.0000000180025095e-35 0.68301269412040722 1.0000000180025095e-35 17.179721832275394 0.93301269412040722 190.50000000000003 0.25000000000000011 1.0000000180025095e-35 2.8625934123992924 1.3571428656578066 -0.25000000000000006 0.68301269412040722 0.25000000000000011 16.709478378295902 1336.5000000000002 10.500000000000002 1.0000000180025095e-35 1.0000000180025095e-35 564.50000000000011 592.50000000000011 687.50000000000011 22.547067642211918 1.0000000180025095e-35 1.6762368679046633 612.50000000000011 1.0000000180025095e-35 1.0000000180025095e-35 -0.56174489110708226 15.500000000000002 3.2630530595779423 1.0000000180025095e-35 -0.87837970256805409 -0.87837970256805409 -0.93301269412040699
decision_type=2 2 2 2 2 2 2 2 2 2 2 2 2 2 2 2 2 2 2 2 2 2 2 2 2 2 2 2 2 2 2 2 2 2 2 2 2 2 2 2 2 2 2 2 2 2 2 2 2 2 2 2 2 2 2 2 2 2 2 2 2 2
left_child=2 4 3 9 11 17 10 38 37 -1 14 35 -10 50 15 -4 -17 -3 47 -20 22 23 26 25 -25 -22 28 45 -11 30 34 32 41 51 58 36 -2 -6 42 40 -40 -31 -7 -21 -34 -24 -14 -19 -49 -50 -8 -16 -38 -35 -48 -56 57 -15 -13 -41 -52 -62
right_child=1 5 6 -5 8 7 13 -9 12 20 -12 29 46 56 33 16 -18 18 19 43 21 -23 27 24 -26 -27 -28 -29 -30 31 -32 -33 44 53 -36 -37 52 -39 39 59 -42 -43 -44 -45 -46 -47 54 48 49 -51 60 -53 -54 -55 55 -57 -58 -59 -60 -61 61 -63
leaf_value=-0.0011369918674764355 0.0037947516078042833 0.004790021328603785 -0.0012467457863032214 0.0084723763123447354 0.0039102081958078709 0.0047806028949504524 -0.0029873485219432377 0.0058790754927708598 -0.0021543815469753113 -0.00083865927483276989 -0.0010831482322434299 -0.003553118789691645 0.0017394044934666672 0.003908891827953005 0.00025562289038607271 0.010826018872402695 -0.004123195572533757 0.0080286582734397354 -0.0026798891602930227 0.0012391832717307 -0.0026241963956512514 -0.0027538848450387472 -0.00027627644306114235 -0.0017162081052253459 0.003753030377307176 0.00095864749226383904 -0.0024256848235864274 -0.0022366536576633937 -2.9126891394197481e-05 0.0023773001461517762 -0.0014836292063265723 -0.00024548390700390336 -0.0038738288078656816 0.00033030570163079961 -0.00033598198552276507 -0.0024040292881380883 0.0011636371319202377 0.0085012990036144216 0.0041152464801454715 0.0019152700266476818 0.00016271875105938042 0.0069669442118266596 0.0085639596939405659 0.0032872142712288307 0.0011280822481625945 -0.0015624237167723137 0.0027087150728222573 -0.011206427560278946 0.0095583742967618058 0.0011727964662217982 -0.00035589193637347751 -0.00074191629101060539 0.0031297839663033491 0.0016071030020216493 0.0073075152514386361 0.0035537057604727827 -0.0052353171590876924 0.015539493964688384 0.0029898256103153384 0.0051862678321036963 0.0041704140023996724 0.0011430293444863941
leaf_weight=458566 5357 6515 19387 1536 3912 19201 1057 39639 1267 93200 29875 416 15821 3473 40831 358 182 1327 1073 7926 7948 7417 22772 25025 3931 45152 9874 33895 70221 8118 9640 7682 886 36917 7163 1249 25110 1418 5538 1730 4173 1110 1524 11396 5092 22773 23840 185 488 548 4972 30670 5413 14601 1645 4392 187 155 4458 9761 3215 24326
leaf_count=458566 5357 6515 19387 1536 3912 19201 1057 39639 1267 93200 29875 416 15821 3473 40831 358 182 1327 1073 7926 7948 7417 22772 25025 3931 45152 9874 33895 70221 8118 9640 7682 886 36917 7163 1249 25110 1418 5538 1730 4173 1110 1524 11396 5092 22773 23840 185 488 548 4972 30670 5413 14601 1645 4392 187 155 4458 9761 3215 24326
internal_value=8.35845e-08 0.00300112 -0.000726114 -0.000942826 0.00171999 0.00454719 0.000101001 0.00509186 0.00276064 -0.000960893 -0.000173919 0.00105378 0.00249133 0.00137201 1.60711e-05 -0.00105609 0.00577849 0.00303885 0.00254134 0.00217736 -0.000724901 -0.000292747 -0.000877872 -7.02223e-05 -0.000973534 0.00042227 -0.000601113 -0.00148155 -0.000490839 0.000506911 -0.000224362 0.00119971 0.00193014 0.000189784 0.000783728 0.00171003 0.00185339 0.0051327 0.00434748 0.00365162 0.0024173 0.00292998 0.00505909 0.00244737 0.00038586 -0.000919476 0.00262024 0.0054526 0.00264838 0.00512813 0.00108076 -0.000172197 0.00151249 0.000692269 0.00308651 0.0045775 0.00393348 0.00440758 0.00243029 0.00469427 0.00121318 0.00149663
internal_weight=1.25753e+06 245013 1.01252e+06 802310 133989 111024 210206 81566 52295 800774 172821 81694 46965 37385 142946 19927 540 29458 22943 20395 342208 89473 252735 82056 28956 53100 173295 79440 163421 44565 21677 22888 15206 123019 12037 37129 35880 5330 41927 21202 9711 9228 20725 19322 5978 45545 45698 2548 1221 1036 33570 71501 30523 51518 29877 6037 3815 3628 4874 11491 32513 27541
internal_count=1257529 245013 1012516 802310 133989 111024 210206 81566 52295 800774 172821 81694 46965 37385 142946 19927 540 29458 22943 20395 342208 89473 252735 82056 28956 53100 173295 79440 163421 44565 21677 22888 15206 123019 12037 37129 35880 5330 41927 21202 9711 9228 20725 19322 5978 45545 45698 2548 1221 1036 33570 71501 30523 51518 29877 6037 3815 3628 4874 11491 32513 27541
is_linear=0
shrinkage=0.05


Tree=37
num_leaves=63
num_cat=0
split_feature=12 12 12 13 15 15 12 17 1 11 22 9 12 11 13 22 3 11 17 1 8 15 10 22 2 12 22 9 8 15 15 3 3 1 2 13 12 8 13 0 22 1 2 3 22 0 8 12 10 8 13 11 1 10 2 10 13 8 1 13 11 1
split_gain=992.686 117.605 115.375 50.49 36.7356 34.5946 17.8457 16.0462 15.4697 14.2562 48.6496 49.4854 31.0846 13.8292 16.2717 15.5453 14.7837 20.1948 12.7834 12.516 14.9054 12.0753 11.9984 11.9842 12.675 11.4622 11.0009 29.274 14.464 10.7716 10.4292 10.3345 9.0211 8.94506 9.39121 8.91711 9.55609 8.69546 7.83564 7.76089 7.6479 7.63531 12.1416 15.9575 8.32263 7.60484 7.39456 7.2788 7.08588 6.83933 6.81971 6.78789 8.16682 6.76618 8.05591 6.62639 6.58365 6.57518 6.49089 11.2354 6.23407 6.05288
threshold=435.50000000000006 148.50000000000003 891.50000000000011 19.151821136474613 1.0000000180025095e-35 1.0000000180025095e-35 44.500000000000007 1.0000000180025095e-35 2024.5000000000002 -0.93301269412040699 0.18333333730697635 -0.56174489110708226 76.500000000000014 0.68301269412040722 0.019016572274267677 1.0000000180025095e-35 1.5000000000000002 1.0000000180025095e-35 1.0000000180025095e-35 2024.5000000000002 0.87837970256805431 5.5000000000000009 0.68301269412040722 1.0166666507720949 2.5000000000000004 257.50000000000006 1.0000000180025095e-35 1.0000000180025095e-35 1.0000000180025095e-35 1.0000000180025095e-35 37.500000000000007 1.0000000180025095e-35 5.5000000000000009 2023.5000000000002 11.500000000000002 20.493628501892093 737.00000000000011 -0.87837970256805409 7.5806643962860116 250.50000000000003 12.816666603088381 2024.5000000000002 7.5000000000000009 1.5000000000000002 7.8166668415069589 1327.5000000000002 -0.87837970256805409 309.00000000000006 -0.25000000000000006 -0.87837970256805409 5.2883694171905526 0.25000000000000011 2023.5000000000002 -0.68301269412040699 9.5000000000000018 0.68301269412040722 1.3044582009315493 1.0000000180025095e-35 2024.5000000000002 19.151821136474613 -0.25000000000000006 2024.5000000000002
decision_type=2 2 2 2 2 2 2 2 2 2 2 2 2 2 2 2 2 2 2 2 2 2 2 2 2 2 2 2 2 2 2 2 2 2 2 2 2 2 2 2 2 2 2 2 2 2 2 2 2 2 2 2 2 2 2 2 2 2 2 2 2 2
left_child=1 3 5 6 19 18 -1 33 13 10 12 -12 -10 16 31 -16 -8 -18 35 22 23 -6 47 25 -25 -21 27 -11 -28 51 32 -15 48 -4 40 36 58 -26 57 -23 -35 42 44 -44 -41 46 -32 56 -7 -31 -49 -9 -53 54 -42 -51 -3 -20 59 -2 -37 -50
right_child=2 4 7 -5 21 30 8 29 9 26 11 -13 -14 14 15 -17 17 -19 38 20 -22 39 -24 24 37 -27 28 -29 -30 49 45 -33 -34 34 -36 60 -38 -39 -40 41 53 -43 43 -45 -46 -47 -48 50 61 55 -52 52 -54 -55 -56 -57 -58 -59 -60 -61 -62 -63
leaf_value=-0.0010552025797130736 0.00035428426253179466 0.0002797919297277453 0.0061169314714106743 0.0079513250131335034 0.0026677394802936769 0.0044829482736972069 -0.0019430179036541931 0.0048763677535140978 0.0048925216307588075 -0.0011592534640009252 0.0050269255146474078 -0.0020865152456696688 0.01961122815186328 0.027029168484766133 -0.001356029633884421 0.00019154988269929436 -0.00030471832130403919 -0.0018013173177545084 0.0054994599853574189 0.001726380189377221 -0.001311693970135649 -0.0011299781244558051 -0.0011752236869131878 -0.0011189162667904031 -0.0010922740975946082 0.0058007259423744264 -0.0010279612917038958 0.0050398485864441272 0.00020034301179553093 0.004025096027065387 -0.00015937988711588877 0.0050668933419699309 0.0060041997351480136 -0.0072615494838817757 -0.0018235255518121614 0.0013379355148183218 0.0053364837540395638 0.0015394297627758903 0.0018837771126057386 -0.0023662212939770813 0.0037289720536843743 0.0023771156115641959 -0.0018087596115119395 0.0032508340836517368 0.0015807333067387537 0.0049717120105208946 0.0024939917766263046 0.0014490235062051713 0.001906334690308634 0.0060752401932021296 -0.00017958592144785878 0.0078025089295429024 0.0014914526380873574 0.0039492780431812586 -0.0022409695068427017 0.0046502627788984714 -0.00082413237430898245 0.0019726768908776347 0.0027907698111835702 0.0077306767517572612 -0.00071980265246331544 0.0038202022322274716
leaf_weight=522586 12235 28534 2565 1624 19161 10758 40170 5561 2744 4499 3367 8926 413 83 24396 48446 66950 33990 3155 9987 7586 3593 24450 8161 3680 2089 54500 3301 42770 6995 3061 153 4085 170 977 5676 1569 21262 20534 4114 1205 10499 2133 5774 1976 2616 18319 15405 8548 32218 11022 587 4077 10271 1063 10978 25637 2284 5007 539 10470 8025
leaf_count=522586 12235 28534 2565 1624 19161 10758 40170 5561 2744 4499 3367 8926 413 83 24396 48446 66950 33990 3155 9987 7586 3593 24450 8161 3680 2089 54500 3301 42770 6995 3061 153 4085 170 977 5676 1569 21262 20534 4114 1205 10499 2133 5774 1976 2616 18319 15405 8548 32218 11022 587 4077 10271 1063 10978 25637 2284 5007 539 10470 8025
internal_value=8.1788e-08 -0.000599077 0.00329383 -0.000855931 0.00047675 0.00230505 -0.000872622 0.00480118 -0.00058754 -0.000134336 0.00128373 -0.000137743 0.00682017 -0.000842527 -0.00028415 -0.000326693 -0.00113166 -0.000808726 0.00148816 0.000110531 0.00073883 0.00169979 -0.000205012 0.00108325 0.000591191 0.00243165 -0.000342903 0.00146363 -0.00048782 0.00517651 0.00321112 0.0128203 0.00381091 0.00340552 0.00289695 0.000871146 0.00159505 0.00115094 0.00233121 0.00103932 0.00326023 0.00135772 0.000592708 0.00188532 -0.00108474 0.00242566 0.00211387 8.92476e-05 0.00348288 0.00547806 0.000769586 0.00369577 0.00228697 0.00340334 0.000928711 0.00571322 -0.00024256 0.00401944 0.0012646 0.000665981 3.27324e-06 0.00283339
internal_weight=1.25753e+06 1.06398e+06 193548 858918 205063 116881 857294 76667 334708 120520 15450 12293 3157 214188 73078 72842 141110 100940 61469 157813 52765 47250 105048 45179 33103 12076 105070 7800 97270 60416 55412 236 31416 16251 13686 35496 19350 24942 25973 28089 12709 24496 13997 7907 6090 23996 21380 80598 27331 50191 26427 10225 4664 12539 2268 43196 54171 5439 17781 12774 16146 16573
internal_count=1257529 1063981 193548 858918 205063 116881 857294 76667 334708 120520 15450 12293 3157 214188 73078 72842 141110 100940 61469 157813 52765 47250 105048 45179 33103 12076 105070 7800 97270 60416 55412 236 31416 16251 13686 35496 19350 24942 25973 28089 12709 24496 13997 7907 6090 23996 21380 80598 27331 50191 26427 10225 4664 12539 2268 43196 54171 5439 17781 12774 16146 16573
is_linear=0
shrinkage=0.05


Tree=38
num_leaves=63
num_cat=0
split_feature=12 12 12 13 12 1 10 25 11 9 1 2 1 8 11 11 2 8 11 22 10 3 11 2 13 8 3 17 8 11 22 2 2 19 2 14 3 2 2 25 9 2 0 9 22 11 13 9 24 17 1 8 2 22 11 9 17 22 22 1 12 13
split_gain=898.92 150.523 67.696 32.6338 29.0645 22.3497 25.4652 23.0403 21.2503 20.5596 19.3053 18.8675 18.8487 22.0282 18.1381 17.9946 16.7863 51.8215 15.6022 18.7304 34.9387 19.8734 18.2434 27.3526 14.5385 13.98 13.7062 12.8291 12.629 17.4859 45.5026 16.4895 30.3391 12.4796 18.192 12.1684 11.9242 10.4475 35.0515 20.5152 12.3842 13.6404 10.3592 10.8869 10.3322 9.59046 9.17541 9.17019 9.80513 9.00433 8.96382 8.62086 8.19123 8.16846 7.97068 40.8342 13.1871 7.84769 7.3871 7.23147 7.07937 11.2561
threshold=544.50000000000011 237.50000000000003 1021.0000000000001 19.151821136474613 69.500000000000014 2024.5000000000002 -0.25000000000000006 2.9201046228408818 -0.25000000000000006 1.0000000180025095e-35 2024.5000000000002 5.5000000000000009 2023.5000000000002 1.0000000180025095e-35 0.68301269412040722 0.25000000000000011 1.5000000000000002 0.6078576147556306 0.68301269412040722 1.0000000180025095e-35 -0.25000000000000006 1.0000000180025095e-35 1.0000000180025095e-35 7.5000000000000009 20.493628501892093 1.0000000180025095e-35 1.5000000000000002 1.0000000180025095e-35 -0.87837970256805409 -0.93301269412040699 0.28333334624767309 2.5000000000000004 1.5000000000000002 4.5000000000000009 11.500000000000002 0.16291709244251254 4.5000000000000009 9.5000000000000018 10.500000000000002 0.50798192620277416 -0.56174489110708226 8.5000000000000018 1277.5000000000002 -0.56174489110708226 1.0000000180025095e-35 0.25000000000000011 6.7517838478088388 1.0000000180025095e-35 7.572542905807496 1.0000000180025095e-35 2024.5000000000002 1.0000000180025095e-35 7.5000000000000009 0.15000000596046451 -0.93301269412040699 -0.56174489110708226 9.5000000000000018 10.050000190734865 1.9499999880790713 2024.5000000000002 1329.0000000000002 673.35925292968761
decision_type=2 2 2 2 2 2 2 2 2 2 2 2 2 2 2 2 2 2 2 2 2 2 2 2 2 2 2 2 2 2 2 2 2 2 2 2 2 2 2 2 2 2 2 2 2 2 2 2 2 2 2 2 2 2 2 2 2 2 2 2 2 2
left_child=1 3 8 4 -1 6 9 -7 11 37 18 50 13 53 15 27 17 -14 22 21 -21 -20 23 -6 -5 45 -19 59 31 30 -30 32 -12 35 -35 -16 -4 40 -39 -40 41 -3 43 -13 -31 -18 57 48 -37 -42 51 -2 54 -8 55 56 -9 -11 -57 -10 61 -38
right_child=2 5 36 24 10 7 12 52 14 46 28 42 16 -15 33 -17 25 26 19 20 -22 -23 -24 -25 -26 -27 -28 -29 29 44 -32 -33 -34 34 -36 47 60 38 39 -41 49 -43 -44 -45 -46 -47 -48 -49 -50 -51 -52 -53 -54 -55 -56 58 -58 -59 -60 -61 -62 -63
leaf_value=-0.00094475986643504501 0.0025829306104564183 0.0033810696097615785 0.0053513770614669019 0.0069092530622286335 -0.0012011671537694917 0.0042337996867993421 -0.0019760165731019254 0.012789158973575705 -0.0002220550527435306 0.00071288100264427917 -0.0028239952774421987 0.0056902060567141106 -0.0012354398523588023 -0.0012893976402400674 -0.001569164658728153 -0.00011287357238045208 0.00053746841465974787 0.01163295915545481 0.0025280003332057116 0.002820324709245866 -0.00030081806894470238 -0.0020585391122898739 -0.0018561876640042227 0.00075364931023493334 -0.0036793983826753068 -0.0019797663308776864 0.0039705696033482457 0.0038470125358781196 0.0096686276336780917 0.0036636765826413373 0.00091219657663874965 -0.0021172371786613979 0.0064585433698567092 0.0030781445614209316 -0.0020180638430476049 0.0060431143254932439 0.0039163396703413879 -0.0023709887004333616 0.00070554972346051782 0.0057054290471067531 0.0033927422255921207 -0.0017470616273489255 0.0066697879742162545 0.0032764569418743542 6.5608578366266391e-05 -0.0015735517944085444 -0.0014338380657726931 0.0051778718643831238 0.0022994012196237545 0.0073102224935801792 0.0034157470277683894 -0.00045582104983194415 0.0033246383695728025 0.0051339992307625421 0.00082384625030526332 0.010177057813740511 0.0032673276654513628 0.0080455100524887049 -0.00010366284058771082 0.0033606551609805801 0.0055308913923702713 0.00015259871860851771
leaf_weight=653495 5270 4212 40674 1952 53680 7979 449 1075 4737 11442 1760 6550 4914 2769 1074 13640 16614 1170 2779 12130 34371 15700 39985 26840 388 18018 1170 7520 1754 2050 9634 10955 1760 4864 2735 2147 9518 4212 4053 4160 3598 1872 4200 16375 74723 7956 6151 8162 9497 2486 9455 4185 4624 3938 36045 182 552 377 4299 2003 4136 2514
leaf_count=653495 5270 4212 40674 1952 53680 7979 449 1075 4737 11442 1760 6550 4914 2769 1074 13640 16614 1170 2779 12130 34371 15700 39985 26840 388 18018 1170 7520 1754 2050 9634 10955 1760 4864 2735 2147 9518 4212 4053 4160 3598 1872 4200 16375 74723 7956 6151 8162 9497 2486 9455 4185 4624 3938 36045 182 552 377 4299 2003 4136 2514
internal_value=8.18934e-08 -0.000508969 0.00351066 -0.000745644 -0.000760304 0.000938741 0.000492428 0.00175016 0.00274255 0.00141781 -0.000341919 0.00353976 -0.000198506 0.00220096 0.00209151 0.00118513 -0.000543111 0.00167996 -0.000646375 -2.18118e-05 0.000513243 -0.0013685 -0.000983117 -0.000549499 0.00515131 -0.000921887 0.00780423 0.00242703 0.00020825 0.000433029 0.00226139 -0.00116043 0.00181591 0.00297929 0.00124328 0.00361084 0.0048945 0.00235717 0.00133665 0.00323871 0.00339881 0.00180236 0.00438515 0.00396634 0.000161754 -0.0001459 0.000131949 0.00389199 0.00299017 0.00499439 0.00232685 0.00123739 0.0013264 0.00440514 0.00110708 0.00277764 0.00956211 0.000947265 0.000313 0.000841951 0.00374479 0.00313036
internal_weight=1.25753e+06 1.09827e+06 159256 943956 941616 154317 99561 54756 102414 42563 288121 46035 56998 7156 56379 27900 49842 7254 185485 64980 46501 18479 120505 80520 2340 42588 2340 14260 102636 88161 11388 14475 3520 28479 7599 20880 56842 24593 12425 8213 12168 6084 27125 22925 76773 24570 17970 19806 11644 6084 18910 9455 46777 4387 42153 6108 1627 11819 4481 6740 16168 12032
internal_count=1257529 1098273 159256 943956 941616 154317 99561 54756 102414 42563 288121 46035 56998 7156 56379 27900 49842 7254 185485 64980 46501 18479 120505 80520 2340 42588 2340 14260 102636 88161 11388 14475 3520 28479 7599 20880 56842 24593 12425 8213 12168 6084 27125 22925 76773 24570 17970 19806 11644 6084 18910 9455 46777 4387 42153 6108 1627 11819 4481 6740 16168 12032
is_linear=0
shrinkage=0.05


Tree=39
num_leaves=63
num_cat=0
split_feature=12 12 12 13 15 15 15 12 23 1 2 22 13 1 14 13 1 12 11 9 22 3 2 18 2 3 16 9 2 2 14 2 15 10 11 3 2 18 1 11 2 9 3 11 16 20 22 9 10 22 2 3 3 20 9 2 23 2 21 13 22 6
split_gain=812.745 152.188 49.6301 40.42 32.014 27.0505 22.1561 16.4125 11.8848 10.5959 21.5578 10.5403 9.9282 9.81451 9.42708 10.6331 8.97267 11.6257 13.0031 21.7577 25.3887 20.1668 10.0566 15.9348 31.3699 36.8256 10.0145 11.855 46.2137 21.0148 8.85876 8.74733 8.70142 8.65429 8.55622 17.9308 21.8067 83.0408 19.7238 16.6035 15.9027 45.4093 11.5156 8.52782 11.2752 8.51485 8.29172 14.9518 17.5384 15.2472 8.62701 19.6821 13.8396 11.9724 9.92746 41.9019 18.3136 8.26494 8.0726 7.9486 7.70456 7.70081
threshold=339.00000000000006 665.00000000000011 95.500000000000014 19.151821136474613 1.0000000180025095e-35 1.0000000180025095e-35 1.0000000180025095e-35 1189.0000000000002 3.648220539093018 2023.5000000000002 9.5000000000000018 0.38333334028720861 20.493628501892093 2024.5000000000002 0.238968200981617 1.5140374302864077 2024.5000000000002 9.5000000000000018 -0.93301269412040699 -0.56174489110708226 0.083333335816860213 3.5000000000000004 7.5000000000000009 1.0000000180025095e-35 1.5000000000000002 1.0000000180025095e-35 1.0000000180025095e-35 1.0000000180025095e-35 9.5000000000000018 10.500000000000002 19.918363571166996 5.5000000000000009 5.5000000000000009 0.68301269412040722 0.68301269412040722 1.0000000180025095e-35 11.500000000000002 1.0000000180025095e-35 2023.5000000000002 0.25000000000000011 7.5000000000000009 1.0000000180025095e-35 5.5000000000000009 -0.68301269412040699 1.0000000180025095e-35 1.0000000180025095e-35 0.11666667088866235 1.0000000180025095e-35 0.68301269412040722 1.0000000180025095e-35 7.5000000000000009 5.5000000000000009 3.5000000000000004 1.0000000180025095e-35 -0.56174489110708226 5.5000000000000009 3.0354813337326054 10.500000000000002 1.0000000180025095e-35 19.151821136474613 0.31666667759418493 1.0000000180025095e-35
decision_type=2 2 2 2 2 2 2 2 2 2 2 2 2 2 2 2 2 2 2 2 2 2 2 2 2 2 2 2 2 2 2 2 2 2 2 2 2 2 2 2 2 2 2 2 2 2 2 2 2 2 2 2 2 2 2 2 2 2 2 2 2 2
left_child=2 5 3 16 9 12 13 33 -7 -3 45 -10 14 34 -2 60 22 -18 19 21 -21 -19 23 -1 25 -25 27 28 -24 -29 58 -13 61 -6 39 57 37 -37 -38 40 42 -42 -4 44 -20 -11 47 -15 49 -49 54 52 -52 -53 55 -48 -56 -36 -17 -32 -16 -8
right_child=1 4 6 -5 7 8 32 -9 11 10 -12 31 -14 46 15 30 17 18 43 20 -22 -23 26 24 -26 -27 -28 29 -30 -31 59 -33 -34 -35 35 36 38 -39 -40 -41 41 -43 -44 -45 -46 -47 50 48 -50 -51 51 53 -54 -55 56 -57 -58 -59 -60 -61 -62 -63
leaf_value=-0.0013078859951700789 -0.001762783479195437 0.0053765589784061339 -0.0011310970235705136 0.00746301464561151 0.0041559973922135861 0.003990294756007616 0.0019846125109190408 0.0052091266286418908 -0.0029958843583236341 -0.002240108197740944 -0.00031046791760771749 0.0012182596547458335 -0.00017212202407275266 -8.9532416505169529e-05 -0.00076293169063388537 -0.0017697281971285732 -0.0011030632431192002 0.00025585797793109381 -0.001253744283144814 0.0018686570830189651 -0.0016877822453057998 0.0053923235455436477 0.0010634938818923246 -0.0045751423600765362 -0.0013409517375439391 0.012675079942806384 -0.0024609173867965947 -0.0018702150204631817 -0.0010442806971432377 -0.00036501968772155745 0.0022361043152429533 0.0027129470265713639 0.00025274205086974589 0.0026710066288844342 -0.001035762728024979 -0.00012796856553119173 7.4513972703974885e-05 0.011805004019738692 -0.0033050424588221545 -0.0019812405173794683 0.003187461119412819 -0.0019132012920082258 0.0010033197387389978 -0.00038065747713886212 0.0019829721380877161 0.0030987392239779873 -0.00053920012285184761 0.022156989753726309 0 0.0070418698538481095 0.0026036373428493607 -0.0022570994942392518 -0.0031478886225856963 0.011653700653711406 0.00016903284306515071 0.0049624317759794177 -0.0021408822649057737 0.0033447232737275727 0.0010219296220480864 0.0081482872632232025 0.004201846123962634 -0.0018725611475550478
leaf_weight=208991 2717 2973 44232 1464 40086 8499 20236 33264 1055 770 6492 17290 19661 2483 942 2736 99339 3824 56468 8269 12763 3824 38305 437 2817 1056 8368 46598 80980 46179 2590 22611 18151 13022 1345 21466 8371 1564 8909 21233 9782 7876 7370 135780 2824 23668 12857 211 724 807 3127 196 1571 723 31055 4735 11855 5367 47973 730 4537 1381
leaf_count=208991 2717 2973 44232 1464 40086 8499 20236 33264 1055 770 6492 17290 19661 2483 942 2736 99339 3824 56468 8269 12763 3824 38305 437 2817 1056 8368 46598 80980 46179 2590 22611 18151 13022 1345 21466 8371 1564 8909 21233 9782 7876 7370 135780 2824 23668 12857 211 724 807 3127 196 1571 723 31055 4735 11855 5367 47973 730 4537 1381
internal_value=8.19584e-08 0.00254164 -0.000635651 -0.00083635 0.00382666 0.00136484 -2.10476e-05 0.00433782 0.00228823 0.00252427 0.00224993 0.00193489 0.000807102 -0.000227939 0.00111658 0.00124814 -0.000852412 -0.000652895 -0.000453011 0.000540967 -0.000289283 0.00282478 -0.00100102 -0.00124581 0.00176301 0.00762264 -0.000764127 -0.000697147 -0.000367386 -0.00112107 0.00103516 0.0020654 0.0010602 0.00379198 -0.000473681 7.33547e-05 -0.000324955 0.000682247 -0.00166759 -0.000757987 -0.000382901 0.000912131 -0.000826153 -0.000599174 -0.0010995 0.00293031 0.000252391 0.0023999 0.00595094 0.0101815 0.000115086 0.00198952 0.00067925 0.00868151 -5.88571e-05 0.000941335 -0.000469028 0.00246618 0.000871204 0.00353778 0.00334735 0.00173796
internal_weight=1.25753e+06 251616 1.00591e+06 758286 120275 131341 247627 86372 49455 33903 30930 40956 81886 207859 62225 59508 756822 323091 223752 28680 21032 7648 433731 213301 4310 1493 220430 212062 119285 92777 54029 39901 39768 53108 137515 47022 40310 23030 17280 90493 69260 17658 51602 195072 59292 24438 70344 4225 1742 1018 66119 5617 4698 919 60502 17592 42910 6712 50709 3320 5479 21617
internal_count=1257529 251616 1005913 758286 120275 131341 247627 86372 49455 33903 30930 40956 81886 207859 62225 59508 756822 323091 223752 28680 21032 7648 433731 213301 4310 1493 220430 212062 119285 92777 54029 39901 39768 53108 137515 47022 40310 23030 17280 90493 69260 17658 51602 195072 59292 24438 70344 4225 1742 1018 66119 5617 4698 919 60502 17592 42910 6712 50709 3320 5479 21617
is_linear=0
shrinkage=0.05


Tree=40
num_leaves=63
num_cat=0
split_feature=15 17 13 17 16 10 6 8 19 11 11 10 8 8 16 10 8 8 18 10 8 13 13 22 16 8 11 8 19 22 11 10 16 9 17 8 10 20 11 17 10 8 8 18 8 10 21 9 10 8 19 10 11 8 8 11 8 11 21 24 8 10
split_gain=598.885 135.808 105.916 43.5341 33.9331 28.725 25.0269 22.7936 24.4268 24.4112 24.9907 20.0674 33.6329 24.26 18.3003 25.072 90.3284 14.9304 13.9911 11.3424 40.2906 11.3068 54.195 31.072 11.0323 10.6848 11.8676 10.5553 9.73075 9.58524 9.74192 18.855 29.1239 33.72 40.8893 27.8654 64.1737 57.7673 18.4995 17.9322 91.7296 62.8645 12.9415 11.4498 93.627 27.2756 8.60874 8.53305 14.7359 7.90455 7.01633 6.97458 21.1592 34.1005 20.5733 23.2689 20.292 8.98342 6.88585 8.15922 6.58748 7.63114
threshold=1.0000000180025095e-35 1.0000000180025095e-35 0.50043028593063366 1.0000000180025095e-35 1.0000000180025095e-35 -0.93301269412040699 1.0000000180025095e-35 -0.87837970256805409 1.0000000180025095e-35 0.93301269412040722 0.68301269412040722 0.25000000000000011 0.6078576147556306 0.6078576147556306 1.0000000180025095e-35 -0.93301269412040699 0.87837970256805431 -0.87837970256805409 1.0000000180025095e-35 -0.93301269412040699 0.87837970256805431 19.151821136474613 20.493628501892093 0.41666667163372045 1.0000000180025095e-35 0.6078576147556306 0.25000000000000011 1.0000000180025095e-35 2.5000000000000004 1.0000000180025095e-35 0.68301269412040722 -0.25000000000000006 1.0000000180025095e-35 -0.56174489110708226 1.0000000180025095e-35 0.6078576147556306 0.25000000000000011 1.0000000180025095e-35 0.25000000000000011 1.0000000180025095e-35 -0.93301269412040699 0.87837970256805431 0.87837970256805431 1.0000000180025095e-35 -0.87837970256805409 0.68301269412040722 1.0000000180025095e-35 -0.56174489110708226 0.25000000000000011 0.87837970256805431 1.0000000180025095e-35 0.25000000000000011 0.68301269412040722 0.6078576147556306 -0.87837970256805409 0.25000000000000011 0.87837970256805431 -0.25000000000000006 31.250000000000004 24.691836357116703 -1.0000000180025095e-35 -0.25000000000000006
decision_type=2 2 2 2 2 2 2 2 2 2 2 2 2 2 2 2 2 2 2 2 2 2 2 2 2 2 2 2 2 2 2 2 2 2 2 2 2 2 2 2 2 2 2 2 2 2 2 2 2 2 2 2 2 2 2 2 2 2 2 2 2 2
left_child=2 5 29 18 19 17 7 24 11 10 -10 13 -13 -9 15 16 -5 -2 21 20 -3 46 23 49 -7 26 -17 -16 -8 -1 38 32 33 34 -32 47 -37 -38 39 -31 41 -41 -35 -40 45 -45 -4 50 -49 -23 -33 57 54 -54 55 -53 -55 -20 60 -60 -6 -62
right_child=1 4 3 14 58 6 28 8 9 -11 -12 12 -14 -15 27 25 -18 -19 51 -21 -22 22 -24 -25 -26 -27 -28 -29 -30 30 31 35 -34 42 -36 36 37 -39 43 40 -42 -43 -44 44 -46 -47 -48 48 -50 -51 -52 52 53 56 -56 -57 -58 -59 59 -61 61 -63
leaf_value=-0.00091454502593353029 0.0062789067348297482 0.0026679173778152081 -0.0011173472806757015 -0.00057315985845341518 0.0047477928736920499 -0.0010255412887689511 -0.0019973495533367855 0.0032130918636231764 0.0031787719875066077 -0.0032036092393911428 0.0083163507932098191 -0.00065106110041419788 0.0029341363452624579 0.00069383710443734429 0.0032616837576889888 0.0020240419507385364 0.024150519481217436 -0.0031960275791233978 0.0014155622414525342 0.0022255468507880708 0.022240659283352424 0.008364987953315672 -0.00034763838022648061 -0.0012262120162289086 0.0020723232709266349 -0.00078007312340919925 -9.3263659161000906e-05 0.0013007601785035103 0.0035841649894787055 -0.000636345322818593 0.0036969460980766501 -0.0021251957772571513 -0.0031125560465239707 -0.00016679312033671839 0.01685091706497055 -0.0022738181853355524 0.0070314602942084612 0 -0.0017022904883361404 -0.001547183495860084 -9.8400426898552092e-05 0.018949651855098365 0.0036249745479614822 -0.0017419782111833667 -0.0017629680924867589 0.019969193029533008 -0.00014166233123335666 0.00050279594750688437 -0.0017203081958176263 0.015475481828329246 0.0045467537216558676 0.0011861522225137474 0.00076409104852148376 0.018809955281750987 0.0001106731194551613 0.012644749370023129 0.0062303447499828558 -0.00067407393463952926 0.0089879135041295959 0.0047428840527448547 0.0043308699585806534 0.0013605308622951636
leaf_weight=423885 456 1362 30779 1274 7404 10226 6492 27802 7593 1047 3443 18298 10180 14570 17172 14810 520 4670 9063 27018 326 1796 14231 857 3997 10879 11957 11449 887 217508 3985 18635 3288 9939 694 8416 5738 5947 56495 561 18266 1120 2908 181 6140 712 85219 14641 15180 503 402 1118 1755 544 13304 735 785 11889 1163 46588 3986 4741
leaf_count=423885 456 1362 30779 1274 7404 10226 6492 27802 7593 1047 3443 18298 10180 14570 17172 14810 520 4670 9063 27018 326 1796 14231 857 3997 10879 11957 11449 887 217508 3985 18635 3288 9939 694 8416 5738 5947 56495 561 18266 1120 2908 181 6140 712 85219 14641 15180 503 402 1118 1755 544 13304 735 785 11889 1163 46588 3986 4741
internal_value=7.85005e-08 0.00249251 -0.000477603 0.000444035 0.0039026 0.00130191 0.00148114 0.00169437 0.00201154 0.0040897 0.0047821 0.00165704 0.000630366 0.00234694 0.00151493 0.000816302 0.00659128 -0.00235207 2.16689e-05 0.00247427 0.00645202 -0.000222337 0.000966625 0.00689429 -0.000154608 0.000540949 0.00107804 0.00247746 -0.0013257 -0.000749854 -0.000571188 -0.000113994 0.00120488 0.00201516 0.00564936 -0.000512145 0.00105471 0.00345248 -0.000707537 -0.000504749 0.000929959 0.0121066 0.00069113 -0.00146543 0.000436477 0.0155633 -0.000400595 -0.00115688 -0.000628681 0.00992348 -0.00198402 0.000852217 0.00156711 0.00534256 0.000798556 0.00573439 0.0113844 0.000229583 0.00454435 0.0048464 0.0036499 0.00271782
internal_weight=1.25753e+06 202249 1.05528e+06 240639 92588 109661 104535 97156 82933 12083 11036 70850 28478 42372 68061 39440 1794 5126 172578 28706 1688 133385 17387 3156 14223 37646 26767 28621 7379 814641 390756 89773 20814 17526 4679 68959 20101 11685 300983 237455 19947 1681 12847 63528 7033 893 115998 48858 29821 2299 19037 39193 18241 3084 15157 1853 1329 20952 63882 47751 16131 8727
internal_count=1257529 202249 1055280 240639 92588 109661 104535 97156 82933 12083 11036 70850 28478 42372 68061 39440 1794 5126 172578 28706 1688 133385 17387 3156 14223 37646 26767 28621 7379 814641 390756 89773 20814 17526 4679 68959 20101 11685 300983 237455 19947 1681 12847 63528 7033 893 115998 48858 29821 2299 19037 39193 18241 3084 15157 1853 1329 20952 63882 47751 16131 8727
is_linear=0
shrinkage=0.05


Tree=41
num_leaves=63
num_cat=0
split_feature=12 12 12 12 13 11 1 25 6 13 6 25 12 1 11 11 25 11 18 8 3 1 3 3 25 11 11 9 14 8 18 11 18 11 16 3 9 25 20 11 11 11 14 3 1 12 11 9 8 13 8 24 25 13 3 1 12 13 3 20 11 3
split_gain=677.274 101.369 58.9687 23.915 32.0538 17.9382 17.5092 18.5644 15.447 14.7332 12.6235 12.8136 13.3731 12.3982 13.6279 15.2015 14.0147 18.9768 55.9122 38.4622 13.5609 12.7181 48.3416 11.9667 10.4854 14.2543 10.1835 10.0749 9.12954 8.77832 34.0756 89.4613 13.6652 10.7984 8.74063 8.65956 8.27263 22.4436 7.69795 7.4359 23.4721 13.0962 21.7666 17.9108 7.19739 9.38824 10.4531 16.3374 7.46236 7.08649 7.48901 6.90227 8.44958 6.55953 6.52803 10.1152 6.49165 9.41126 6.42853 6.41515 6.38326 6.79836
threshold=501.50000000000006 262.50000000000006 954.00000000000011 85.500000000000014 19.151821136474613 -0.25000000000000006 2024.5000000000002 2.9201046228408818 1.0000000180025095e-35 25.608389854431156 1.0000000180025095e-35 9.2592606544494647 612.50000000000011 2024.5000000000002 0.68301269412040722 0.25000000000000011 1.0000000180025095e-35 0.93301269412040722 1.0000000180025095e-35 1.0000000180025095e-35 1.5000000000000002 2023.5000000000002 1.0000000180025095e-35 4.5000000000000009 0.48718334734439855 -0.93301269412040699 0.68301269412040722 -0.56174489110708226 0.24865591526031497 -0.87837970256805409 2.5000000000000004 0.25000000000000011 3.5000000000000004 -0.93301269412040699 1.0000000180025095e-35 3.5000000000000004 1.0000000180025095e-35 1.0000000180025095e-35 683.50000000000011 0.68301269412040722 0.25000000000000011 0.93301269412040722 0.090398367494344725 1.0000000180025095e-35 2024.5000000000002 6.5000000000000009 -0.93301269412040699 -0.56174489110708226 1.0000000180025095e-35 13.61500406265259 0.87837970256805431 4.0936830043792733 3.562657475471497 19.151821136474613 3.5000000000000004 2024.5000000000002 1329.0000000000002 886.68478393554699 1.5000000000000002 85.642856597900405 0.68301269412040722 1.5000000000000002
decision_type=2 2 2 2 2 2 2 2 2 2 2 2 2 2 2 2 2 2 2 2 2 2 2 2 2 2 2 2 2 2 2 2 2 2 2 2 2 2 2 2 2 2 2 2 2 2 2 2 2 2 2 2 2 2 2 2 2 2 2 2 2 2
left_child=1 3 5 4 44 10 8 -8 34 26 11 -2 -13 14 15 20 21 18 -18 -19 -5 53 -23 38 25 -15 54 -22 -28 30 -26 -32 33 -31 39 -36 -27 -38 -4 40 58 42 -41 -43 60 -46 47 -47 -48 50 -9 -30 -53 -16 -7 -56 57 -25 -3 -10 61 -1
right_child=2 6 23 13 -6 9 7 49 59 -11 -12 12 -14 24 16 -17 17 19 -20 -21 27 22 -24 56 29 36 28 -29 51 32 31 -33 -34 -35 35 -37 37 -39 -40 41 -42 43 -44 -45 45 46 48 -49 -50 -51 -52 52 -54 -55 55 -57 -58 -59 -60 -61 -62 -63
leaf_value=-0.0014527769847719643 0.0053393012274920177 -0.00061947380326424922 0.0041373186836019017 -0.0015347522951068967 0.0067563106370999272 0.00046052680834980506 0.0041756648345450302 0.0018952800332709891 -0.0022934142373263219 0.00073381152000893501 -0.0020807654089592571 0.0013005541072206408 0.0033297831370324681 0.012743020740028499 -0.0017897762737070664 -0.0019833525715838474 0.0008190764211445491 0.0013864289315672826 0.0093489308014929259 -0.003225326942587284 -0.00089837447162632303 0.024627713197722792 -0.0011977279462895844 0.0030070116521234255 -0.0020950665892584927 0.0002235824825055168 -0.0019617873782003538 0.00047698742469931478 0.0062206360142553728 0.0021667094271937636 -0.0025066802343872967 0.031703483962928804 -0.0020587745925145554 0.00025461171063248587 0.00058355117979730765 0.0025996429873057485 0.014045354881701276 0.0019089864590593293 0.0056046002695707402 -0.0019218026940858697 -0.0023213074232336164 0.0051788421912403876 0.0032962177075635695 -0.0012313010980822489 -0.0011134751931022582 0.0023149366009522876 -0.00085006818384869814 -0.00029382451640932148 -0.00024637270171552338 -0.00016129037458008645 -0.00029583834219062011 -0.0014587322811334576 0.0034909453915305914 0.0038909890214520911 0.0011740370726296715 0.0054635903998409563 0.004781559766721572 -0.00080192479845187957 0.0011703851564190395 0.0099397747315582499 -0.00063869109815315839 -0.00090778693769340009
leaf_weight=80084 5368 7109 36877 22143 1409 8041 6324 26844 5651 27011 1232 11512 27626 293 13129 21780 18957 11027 2138 7662 22143 226 911 13385 9747 5083 787 33396 2091 8634 615 277 5567 51060 12053 9555 432 3234 11837 2563 9234 1259 9058 8096 71333 8183 117367 22502 90836 7202 4558 934 11002 528 4067 2079 4136 1843 17021 109 129474 200895
leaf_count=80084 5368 7109 36877 22143 1409 8041 6324 26844 5651 27011 1232 11512 27626 293 13129 21780 18957 11027 2138 7662 22143 226 911 13385 9747 5083 787 33396 2091 8634 615 277 5567 51060 12053 9555 432 3234 11837 2563 9234 1259 9058 8096 71333 8183 117367 22502 90836 7202 4558 934 11002 528 4067 2079 4136 1843 17021 109 129474 200895
internal_value=7.74504e-08 -0.000458423 0.00293667 -0.00063364 -0.000777131 0.00217446 0.000871297 0.0016642 0.000435249 0.00157435 0.00290926 0.00304751 0.00273304 -0.000200062 -0.000467505 -0.000815889 0.000167293 0.00065596 0.00168386 -0.00050401 -0.000488497 -0.00114649 0.00393288 0.0040758 0.000284881 0.0018944 0.00235703 -7.12701e-05 0.00327418 9.30702e-05 -0.00123861 0.00811364 0.000310241 0.00053126 0.000624627 0.0014753 0.00153037 0.00334084 0.00449397 0.000286267 -0.000177372 0.00102396 0.00214495 -0.000368041 -0.000791868 -0.000610067 -0.000459725 0.000401716 -0.000586709 0.00125264 0.00157708 0.00356831 0.0031032 -0.00156976 0.00139898 0.00262594 0.00302354 0.0025457 0.000642863 -0.00206088 -0.000929261 -0.00106314
internal_weight=1.25753e+06 1.0877e+06 169828 961065 722083 101750 126636 44928 81708 56012 45738 44506 39138 238982 154040 99462 54578 39784 21095 18689 77682 14794 1137 68078 84942 9042 29001 55539 14814 75900 10639 892 65261 59694 75948 21608 8749 3666 48714 54340 33364 20976 11621 9355 720674 310221 238888 30685 208203 38604 31402 14027 11936 13657 14187 6146 19364 15228 24130 5760 410453 280979
internal_count=1257529 1087701 169828 961065 722083 101750 126636 44928 81708 56012 45738 44506 39138 238982 154040 99462 54578 39784 21095 18689 77682 14794 1137 68078 84942 9042 29001 55539 14814 75900 10639 892 65261 59694 75948 21608 8749 3666 48714 54340 33364 20976 11621 9355 720674 310221 238888 30685 208203 38604 31402 14027 11936 13657 14187 6146 19364 15228 24130 5760 410453 280979
is_linear=0
shrinkage=0.05


Tree=42
num_leaves=63
num_cat=0
split_feature=12 12 15 12 12 1 25 10 2 2 1 16 1 11 16 3 2 2 2 2 8 1 8 3 8 18 2 18 2 8 2 15 2 8 18 8 15 16 2 8 8 23 12 15 11 1 22 22 25 8 11 8 22 2 0 16 25 12 20 16 2 1
split_gain=612.179 101.863 46.2771 21.9907 20.0237 17.9653 20.3479 19.959 16.8799 16.152 20.1538 20.9331 16.0115 16.3216 17.473 22.12 37.2996 21.0427 16.0915 33.7379 110.122 14.8976 17.1509 13.0419 12.4375 55.551 135.572 21.9055 19.4821 41.8548 16.2197 12.9036 11.4349 40.7712 39.4623 11.0325 10.86 10.2987 8.6096 17.2571 7.95318 7.84714 8.78502 7.25771 7.13993 6.81938 8.69352 6.44982 6.30543 6.27265 6.16001 14.388 6.84551 6.49723 8.01937 6.11615 6.03843 6.00427 5.63117 5.5167 5.4623 13.8306
threshold=544.50000000000011 262.50000000000006 1.0000000180025095e-35 53.500000000000007 1127.5000000000002 2024.5000000000002 3.476439476013184 -0.25000000000000006 8.5000000000000018 10.500000000000002 2023.5000000000002 1.0000000180025095e-35 2024.5000000000002 0.68301269412040722 1.0000000180025095e-35 1.0000000180025095e-35 11.500000000000002 10.500000000000002 9.5000000000000018 7.5000000000000009 0.87837970256805431 2023.5000000000002 1.0000000180025095e-35 5.5000000000000009 -0.87837970256805409 1.0000000180025095e-35 2.5000000000000004 1.0000000180025095e-35 5.5000000000000009 0.87837970256805431 1.5000000000000002 1.0000000180025095e-35 1.5000000000000002 0.6078576147556306 1.5000000000000002 1.0000000180025095e-35 1.5000000000000002 1.0000000180025095e-35 9.5000000000000018 0.87837970256805431 1.0000000180025095e-35 5.8533666133880624 753.50000000000011 57.500000000000007 0.25000000000000011 2023.5000000000002 0.11666667088866235 0.15000000596046451 28.909768104553226 0.87837970256805431 -0.93301269412040699 -0.87837970256805409 10.750000000000002 7.5000000000000009 555.50000000000011 1.0000000180025095e-35 1.1988950967788699 112.50000000000001 43.642858505249031 1.0000000180025095e-35 8.5000000000000018 2023.5000000000002
decision_type=2 2 2 2 2 2 2 2 2 2 2 2 2 2 2 2 2 2 2 2 2 2 2 2 2 2 2 2 2 2 2 2 2 2 2 2 2 2 2 2 2 2 2 2 2 2 2 2 2 2 2 2 2 2 2 2 2 2 2 2 2 2
left_child=1 3 37 -1 41 7 56 8 55 38 -11 -12 13 18 15 17 -17 -15 19 23 -21 22 47 -5 25 -14 30 28 31 -30 -27 -26 33 59 -35 44 49 48 39 -10 60 -4 43 -43 -34 46 -16 -9 -2 -8 51 -38 -53 -52 -55 -3 -7 -29 -45 -23 -39 -62
right_child=2 5 4 12 -6 6 36 21 9 10 11 -13 24 14 45 16 -18 -19 -20 20 -22 32 -24 -25 27 26 -28 57 29 -31 -32 -33 35 34 -36 -37 50 40 -40 -41 -42 42 -44 58 -46 -47 -48 -49 -50 -51 53 52 -54 54 -56 -57 -58 -59 -60 -61 61 -63
leaf_value=-0.00079845972994026205 0.0019118721396370999 0.0018609997118939387 0.0050336787736596465 -0.0013365512505462808 0.0044023022978651729 0.0062733404446946211 0.00088163471859962865 -0.0018476486460446901 -0.00041812061991527977 -0.00022766228739730602 0.0062582435634187597 0.00037608451194561155 -0.0019336988390015746 -0.0018744122753256609 -0.0016544034181174125 0.00096775187649275314 -0.0014276626396459346 0.0035461743068278652 -0.0022409813941882979 -0.00041870221943143219 0.0077606595063235617 -0.0026787419491285003 -0.0012206618067613856 0.00023522598352616875 -0.00017510342224905372 -0.0037366316248175582 -0.0019712779969347513 -0.0026877360926345307 0.0022271955426525227 -0.0024159924215231398 0.028711663225763719 0.0020517051261879794 0.00048099673114876786 0.0016534765019746323 0.015778766549648788 -0.0018723406748013744 -0.0030110276822017004 0.003670796424233048 -0.0019924270658236176 0.0073160296526840821 0.0014053438790127032 0.0027506373697347769 0.0033373109913641184 -0.00079047473593985441 -0.0014509319427263216 -0.0025786953195649359 0.0057952417056636348 0.0047933939950898664 0.00035454967809255174 -0.001309653159263863 0.0012892566555438645 0.0091226343808830431 0.0027712145150401782 -0.00032173641052558318 0.0066320731708688074 0.0040779563947044174 0.0031159396589424491 -0.00063269587563422101 0.0018563478939785918 0.0010174622290644133 0.0061972995221100148 4.7616350308676042e-05
leaf_weight=573781 11329 7624 4319 92352 39639 1988 22662 407 5408 6029 3658 2582 17601 2280 1159 37116 28908 8319 18352 31376 4736 2788 2469 15392 60577 41 1327 6176 30808 5760 568 7288 14768 1269 811 16016 481 11831 6448 832 12014 16025 35028 3002 7072 8164 591 3503 15271 3814 9562 1121 687 600 1332 5272 6425 8393 6065 1580 1239 3494
leaf_count=573781 11329 7624 4319 92352 39639 1988 22662 407 5408 6029 3658 2582 17601 2280 1159 37116 28908 8319 18352 31376 4736 2788 2469 15392 60577 41 1327 6176 30808 5760 568 7288 14768 1269 811 16016 481 11831 6448 832 12014 16025 35028 3002 7072 8164 591 3503 15271 3814 9562 1121 687 600 1332 5272 6425 8393 6065 1580 1239 3494
internal_value=7.57588e-08 -0.000420011 0.00289714 -0.000601958 0.00351778 0.000854387 0.00162607 0.000430103 0.0012988 0.000539559 0.0018332 0.00382516 -0.000310817 -0.000550748 3.70378e-06 0.000259325 -8.09831e-05 0.00237965 -0.000846575 -0.000668652 0.000653881 -0.000218594 0.00204035 -0.00111197 0.000119939 -0.00104922 0.00698902 0.000311928 0.000565339 0.00149568 0.0265187 6.39618e-05 -0.00054396 0.00140207 0.00716388 -0.000875561 0.00115854 0.00172638 -0.000710976 0.000612399 0.00238553 0.00297359 0.00282551 0.00211083 -0.000144355 -0.00197141 0.000858779 0.00410081 0.00101801 0.000565776 0.00229683 0.00466685 0.00671229 0.00182437 0.00447001 0.00276772 0.0038627 -0.00150421 0.000979459 -0.00134061 0.00309615 0.00165863
internal_weight=1.25753e+06 1.09827e+06 159256 961065 104078 137208 48672 88536 37853 24957 12269 6240 387284 248745 86537 76623 66024 10599 162208 143856 36112 50683 6379 107744 138539 19537 1936 119002 104433 36568 609 67865 44304 6448 2080 37856 40259 55178 12688 6240 28578 64439 60120 25092 21840 9914 1750 3910 26600 26476 13783 2289 1808 11494 1932 12896 8413 14569 9067 4368 16564 4733
internal_count=1257529 1098273 159256 961065 104078 137208 48672 88536 37853 24957 12269 6240 387284 248745 86537 76623 66024 10599 162208 143856 36112 50683 6379 107744 138539 19537 1936 119002 104433 36568 609 67865 44304 6448 2080 37856 40259 55178 12688 6240 28578 64439 60120 25092 21840 9914 1750 3910 26600 26476 13783 2289 1808 11494 1932 12896 8413 14569 9067 4368 16564 4733
is_linear=0
shrinkage=0.05


Tree=43
num_leaves=63
num_cat=0
split_feature=12 12 12 13 15 13 16 25 0 6 25 13 13 3 0 12 12 0 11 2 10 14 24 13 2 16 11 9 2 11 2 2 9 17 10 12 25 24 20 12 25 21 3 2 13 13 20 15 24 15 13 12 12 0 3 17 13 21 14 24 3 12
split_gain=553.897 66.2345 66.2169 29.7023 22.0608 19.4892 16.8469 12.748 12.4932 11.3732 10.9636 13.3426 17.6941 10.0083 10.015 9.80269 9.56071 9.2099 9.10728 11.5145 10.0476 7.62122 10.5469 10.5384 7.40328 7.28595 16.7666 54.449 66.6551 12.3112 14.7846 30.8956 12.261 26.8932 25.4066 7.27515 7.19206 7.12602 9.1703 6.88248 6.74704 6.21939 6.17973 5.92111 5.86181 6.76956 5.83849 6.30582 6.48788 5.78172 5.716 5.39436 5.25041 5.12762 5.02587 4.9443 4.68051 5.8426 4.56386 4.19344 4.5063 4.14984
threshold=435.50000000000006 137.50000000000003 778.50000000000011 19.151821136474613 1.0000000180025095e-35 20.493628501892093 1.0000000180025095e-35 8.08709764480591 1655.5000000000002 1.0000000180025095e-35 1.0000000180025095e-35 19.151821136474613 20.493628501892093 5.5000000000000009 1039.5000000000002 31.500000000000004 309.00000000000006 67.500000000000014 -0.25000000000000006 6.5000000000000009 -0.68301269412040699 0.24865591526031497 3.208847284317017 19.151821136474613 9.5000000000000018 1.0000000180025095e-35 -0.68301269412040699 -0.56174489110708226 6.5000000000000009 0.68301269412040722 9.5000000000000018 7.5000000000000009 1.0000000180025095e-35 1.0000000180025095e-35 -0.25000000000000006 680.00000000000011 2.8471602201461796 53.761837005615241 62.500000000000007 590.00000000000011 0.37209869921207434 22.250000000000004 4.5000000000000009 9.5000000000000018 1.7845720052719118 0.46781592071056372 0.35714286565780645 14.500000000000002 1.8730288147926333 18.500000000000004 7.5806643962860116 333.50000000000006 266.00000000000006 49.500000000000007 5.5000000000000009 16.500000000000004 25.608389854431156 80.321426391601577 13.445906639099123 0.59509205818176281 2.5000000000000004 1370.0000000000002
decision_type=2 2 2 2 2 2 2 2 2 2 2 2 2 2 2 2 2 2 2 2 2 2 2 2 2 2 2 2 2 2 2 2 2 2 2 2 2 2 2 2 2 2 2 2 2 2 2 2 2 2 2 2 2 2 2 2 2 2 2 2 2 2
left_child=1 3 5 15 7 9 37 10 40 13 11 -3 51 21 17 -1 36 -15 19 -8 43 -2 23 -23 -24 29 27 28 -27 30 31 -17 34 -34 -31 41 -12 50 58 -19 -6 -7 -40 -20 45 -18 -10 48 -48 53 -4 -13 -9 -42 -55 -22 -37 -58 -39 -11 -61 -45
right_child=2 4 6 -5 8 35 18 52 46 59 16 12 -14 14 -16 25 44 39 20 -21 55 22 24 -25 -26 26 -28 -29 -30 32 -32 -33 33 -35 -36 56 -38 38 42 -41 49 -43 -44 61 -46 -47 47 -49 -50 -51 -52 -53 -54 54 -56 -57 57 -59 -60 60 -62 -63
leaf_value=-0.00083242397242592808 -0.0022443338708717435 -0.0011692070244794625 -0.003916756828297503 0.0061586168256219653 -0.0020865938324106099 -0.0009717951000046001 0.0036266570692233507 -0.001299253005775437 0.00024045275828885973 -0.0059093201937994071 0.00066778972467587748 0.0095171263408624449 -0.0026033282174524933 0.0091101552906442933 0.0063602597241551907 -0.00075334209880016569 -0.0012740537289197633 0.0004826890049220046 0.0027928458932454008 0.0055017491772297302 0.0025692608388612802 0.0038556050926866676 0.0022748630001412748 0.014759884589778822 0.00063417645659621686 0.0018747278971174817 -0.0020715617634826096 -0.0021787064859888207 0.020074558296901926 0.0011813832430104445 -0.0019272536753760644 0.00063479224055198818 0.0010867497033564522 -0.0032049993232681449 -0.0011125678544822543 0.0038709291929588476 -0.00027455939113617435 -0.011175440623272286 0.0030899730710328274 0.0048556952558900211 0.0048759023351939434 0.00071934897576362699 0.00053102447745760281 -0.0011693128223531474 0.00080874617614470716 0.0030146895180819598 0.003915326694989312 -0.0043955576285370961 0.0089730608996848593 0.00022977131765789397 0.0035570514810542237 0.022981087344578467 -0.00022748292103118902 0.0011264828659566489 0.0030517466502876767 0.0039922484698348649 0.0005695994770149068 0.0033326806613943718 -0.00047909907949058428 -0.0014941610300157851 0.0015590689437419048 0.004411639856996526
leaf_weight=421391 993 15813 263 1599 1687 7267 20374 18156 881 291 47929 278 332 489 2896 223909 1050 2873 3307 13724 8373 4644 31325 233 8821 1969 19538 5588 676 17145 19583 48821 38770 4029 40770 2152 35048 103 6983 1312 1089 21567 3571 2308 14115 7348 2263 175 885 12530 8556 103 30871 25731 3909 22783 7290 2597 3115 2095 2854 389
leaf_count=421391 993 15813 263 1599 1687 7267 20374 18156 881 291 47929 278 332 489 2896 223909 1050 2873 3307 13724 8373 4644 31325 233 8821 1969 19538 5588 676 17145 19583 48821 38770 4029 40770 2152 35048 103 6983 1312 1089 21567 3571 2308 14115 7348 2263 175 885 12530 8556 103 30871 25731 3909 22783 7290 2597 3115 2095 2854 389
internal_value=7.40103e-08 -0.000447484 0.00246043 -0.000649011 0.000324755 0.00156306 0.00341369 5.6444e-05 0.00125838 0.00214581 0.000330091 -0.000867252 0.00582176 0.00236322 0.00404865 -0.000661943 0.000517714 0.00261521 0.00379099 0.00438152 0.00324898 0.00208583 0.00218145 0.00437788 0.00191449 -0.00049121 -0.001274 0.000618128 0.00652865 -0.000435886 -0.000600146 -0.000504836 4.08142e-05 0.000682611 -0.000433386 0.000724205 0.000269698 0.00222337 0.00151206 0.00185491 0.00101442 0.000292957 0.00222463 0.00137471 0.00143161 0.00247786 0.00386528 0.00482476 0.00533904 0.00113548 0.00333356 0.0131752 -0.000624492 0.00150462 0.00138057 0.00361 0.00175664 0.0012959 -0.000823352 -7.65026e-05 0.000265568 -0.00036236
internal_weight=1.25753e+06 1.06398e+06 193548 843788 220193 99699 93849 171043 49150 58826 122016 16526 713 53586 7570 842189 105490 4674 71258 34098 37160 46016 45023 4877 40146 420798 27771 8233 2645 393027 292313 272730 100714 42799 57915 40873 82977 22591 13772 4185 44946 28834 10554 6004 22513 8398 4204 3323 3148 43259 8819 381 49027 30729 29640 31156 12039 9887 3218 5240 4949 2697
internal_count=1257529 1063981 193548 843788 220193 99699 93849 171043 49150 58826 122016 16526 713 53586 7570 842189 105490 4674 71258 34098 37160 46016 45023 4877 40146 420798 27771 8233 2645 393027 292313 272730 100714 42799 57915 40873 82977 22591 13772 4185 44946 28834 10554 6004 22513 8398 4204 3323 3148 43259 8819 381 49027 30729 29640 31156 12039 9887 3218 5240 4949 2697
is_linear=0
shrinkage=0.05


Tree=44
num_leaves=63
num_cat=0
split_feature=12 12 12 13 11 1 11 11 11 15 15 6 1 3 1 23 25 25 0 22 12 12 22 13 13 20 1 3 22 17 13 0 1 12 11 9 17 15 8 6 0 11 20 22 1 3 11 9 20 12 0 3 11 3 11 17 21 3 8 1 20 11
split_gain=500.521 91.1907 33.3645 26.4139 20.1606 22.4943 18.5727 22.1325 21.7637 16.2495 14.0428 13.3433 10.8307 12.0168 10.6745 10.2288 10.1133 10.1007 9.8609 9.09028 8.31129 8.30051 8.03734 8.3143 20.9188 13.5426 7.79609 8.50464 12.212 10.2594 7.73965 8.01347 7.52413 8.91529 10.7616 18.2193 36.2748 24.5115 7.87064 16.5232 7.46334 7.44349 7.36145 6.73474 9.89081 49.5459 8.67363 7.61063 6.69511 6.66105 6.5255 7.44353 6.50073 8.04445 10.7136 12.9561 7.49555 8.426 6.82395 25.1001 16.998 6.40658
threshold=346.50000000000006 665.00000000000011 100.50000000000001 19.151821136474613 -0.25000000000000006 2023.5000000000002 0.93301269412040722 0.68301269412040722 0.25000000000000011 1.0000000180025095e-35 1.0000000180025095e-35 1.0000000180025095e-35 2024.5000000000002 4.5000000000000009 2024.5000000000002 2.3754646778106694 11.566846847534181 5.0462801456451425 1655.5000000000002 0.61666667461395275 1189.0000000000002 1370.0000000000002 0.15000000596046451 16.709478378295902 20.493628501892093 2.7857142686843877 2024.5000000000002 5.5000000000000009 1.0000000180025095e-35 1.5000000000000002 1.5140374302864077 1352.5000000000002 2024.5000000000002 6.5000000000000009 -0.93301269412040699 -0.56174489110708226 1.0000000180025095e-35 1.0000000180025095e-35 1.0000000180025095e-35 1.0000000180025095e-35 1327.5000000000002 1.0000000180025095e-35 1.3571428656578066 1.0000000180025095e-35 2023.5000000000002 4.5000000000000009 0.93301269412040722 -0.56174489110708226 0.78571429848670971 1307.0000000000002 564.50000000000011 5.5000000000000009 0.68301269412040722 1.5000000000000002 1.0000000180025095e-35 1.0000000180025095e-35 0.10714286193251611 1.0000000180025095e-35 1.0000000180025095e-35 2023.5000000000002 1.0000000180025095e-35 -0.25000000000000006
decision_type=2 2 2 2 2 2 2 2 2 2 2 2 2 2 2 2 2 2 2 2 2 2 2 2 2 2 2 2 2 2 2 2 2 2 2 2 2 2 2 2 2 2 2 2 2 2 2 2 2 2 2 2 2 2 2 2 2 2 2 2 2 2
left_child=2 9 3 32 11 40 7 8 14 16 17 20 13 -9 -7 42 22 26 43 -17 -3 -10 23 -2 25 -25 -4 -28 -29 -30 31 -24 52 -34 35 36 -35 -37 41 -40 -6 -36 -11 -12 45 -45 47 -46 -47 -8 -21 -52 53 -1 55 -55 57 -54 59 -58 -60 -18
right_child=1 4 10 -5 5 6 49 12 21 15 18 -13 -14 -15 -16 19 61 -19 -20 50 -22 -23 30 24 -26 -27 27 28 29 -31 -32 -33 33 34 38 37 -38 -39 39 -41 -42 -43 -44 44 46 48 -48 -49 -50 -51 51 -53 56 54 -56 -57 58 -59 60 -61 -62 -63
leaf_value=-0.0013368109992622531 -0.0016705183286990612 0.0034381371899829026 -0.00019307516903233505 0.0060067357799339152 0.004870941613389395 0.0019253869169525942 -0.0013916191852206493 0.0057305414563818304 -6.7692876252182293e-05 0.0027515118604958711 -0.0031705451804743888 -0.00099189339942314775 0.0020154005931626124 0.0020586271497126381 0.0045977172855148733 -0.0029072446571737492 0.00082864564890681709 -0.00078734705801935124 0.0032233369605239657 0.00083064997957191906 0.0048012404996612039 0.004351654995535182 0.0059089454817029376 0.019478366453331578 -0.00090375641336688751 -0.0025307899242137158 0.00029864006983982183 0.018324604273153119 0.0011047775225535882 0.0064714538344956543 0.0012794772793498399 0.0014170965362230289 -0.00097625745777590975 0.0036796619691529227 -0.0010769900133150382 -0.00077601335628565569 -0.0058994070686496517 0.0042608052166139467 0.00012458799570650486 -0.0017796182633071694 0.0001458973156365987 -0.00030550950930385205 0.0069768510599660886 -0.0028566930772309035 0.0018862519384136634 0.0056714093321484828 -0.0041217307819669388 0.00020435381427197146 0.017847309168886421 0.0035979161053173096 0.0018040856446341802 0.0042323705766903223 0.00033989915459898179 -0.00059961564911377668 -0.0012626846570607622 0.0021787913882956472 0.0076761352314907716 -0.00088719863146452613 0.0020166924924220624 0.0003034347860857438 -0.0018994395620398738 -0.00039852980652610562
leaf_weight=86168 3923 36414 103618 1487 10162 11102 4867 8008 14872 3834 1137 1456 5642 3094 5642 1113 18626 47015 4030 14818 16184 1144 1983 253 947 96 41050 115 6019 1046 24639 1996 71333 7673 69390 21497 1134 2721 84614 13164 913 56947 1414 922 9496 147 962 23087 508 775 22638 3672 16406 139702 72156 4325 1246 94761 4023 15719 8898 24786
leaf_count=86168 3923 36414 103618 1487 10162 11102 4867 8008 14872 3834 1137 1456 5642 3094 5642 1113 18626 47015 4030 14818 16184 1144 1983 253 947 96 41050 115 6019 1046 24639 1996 71333 7673 69390 21497 1134 2721 84614 13164 913 56947 1414 922 9496 147 962 23087 508 775 22638 3672 16406 139702 72156 4325 1246 94761 4023 15719 8898 24786
internal_value=7.39677e-08 0.00202789 -0.000490622 -0.000650231 0.00301026 0.00242518 0.00201203 0.00232183 0.00156573 0.00108064 2.54966e-05 0.00372694 0.00380083 0.0047077 0.00282617 0.00180854 0.000633088 -0.000146937 0.000876737 0.00154968 0.00385766 0.000247688 0.00128111 -0.000522656 0.00294793 0.013411 5.13134e-05 0.000576464 0.00216414 0.00190012 0.00161023 0.00365703 -0.000663062 -0.00048165 -0.000344421 0.000498134 0.00244563 -0.000209883 -0.000468601 -0.000131729 0.00448188 -0.000729282 0.00389103 0.000615778 0.000738503 0.00460866 0.000556399 0.000694684 0.0151236 -0.000705306 0.00167043 0.0021432 -0.000797441 -0.000928225 -0.000765344 -0.000516146 -0.000517065 -0.000706059 0.000185769 0.000845262 -0.000679745 0.000127878
internal_weight=1.25753e+06 245013 1.01252e+06 773364 120275 66221 55146 49504 32760 124738 239152 54054 16744 11102 16744 47489 77249 198863 40289 42241 52598 16016 33837 5219 1296 349 151848 48230 7180 7065 28618 3979 771877 328473 257140 33025 8807 24218 224115 97778 11075 126337 5248 36259 35122 1577 33545 32583 655 5642 41128 26310 443404 302351 216183 144027 141053 111167 29886 16965 12921 43412
internal_count=1257529 245013 1012516 773364 120275 66221 55146 49504 32760 124738 239152 54054 16744 11102 16744 47489 77249 198863 40289 42241 52598 16016 33837 5219 1296 349 151848 48230 7180 7065 28618 3979 771877 328473 257140 33025 8807 24218 224115 97778 11075 126337 5248 36259 35122 1577 33545 32583 655 5642 41128 26310 443404 302351 216183 144027 141053 111167 29886 16965 12921 43412
is_linear=0
shrinkage=0.05


Tree=45
num_leaves=63
num_cat=0
split_feature=20 16 21 13 13 18 3 1 20 13 2 23 8 18 10 1 3 3 8 1 2 2 2 2 8 16 3 18 19 3 3 2 10 11 2 16 25 19 1 13 3 10 2 3 2 23 22 25 20 3 3 22 1 2 2 2 14 8 16 19 8 3
split_gain=345.499 62.5336 56.4353 38.6168 30.1172 25.4911 13.2415 28.5057 25.5951 24.5015 24.3757 46.5329 80.7881 49.0646 35.375 31.5622 31.5107 30.93 26.5295 31.2844 22.1986 21.8863 20.6282 33.0656 81.1588 24.96 19.5579 18.0027 16.789 52.1992 15.8578 46.9987 18.1574 17.2221 19.7461 16.6201 15.3023 12.5728 12.1439 15.1409 12.2165 63.8316 43.245 13.0949 23.7449 10.8595 14.841 10.4769 10.2495 10.0472 9.53898 8.41829 8.40571 20.5149 10.9477 8.63615 8.42476 8.263 8.20708 7.94495 7.44271 7.36657
threshold=7.7857143878936776 1.0000000180025095e-35 0.25000000745058065 19.151821136474613 20.493628501892093 1.0000000180025095e-35 3.5000000000000004 2023.5000000000002 0.35714286565780645 0.26091286540031439 1.5000000000000002 0.51123625040054332 0.6078576147556306 1.0000000180025095e-35 -0.25000000000000006 2024.5000000000002 1.5000000000000002 1.5000000000000002 0.6078576147556306 2024.5000000000002 1.5000000000000002 8.5000000000000018 11.500000000000002 10.500000000000002 -0.87837970256805409 1.0000000180025095e-35 4.5000000000000009 1.0000000180025095e-35 1.0000000180025095e-35 2.5000000000000004 1.0000000180025095e-35 11.500000000000002 0.93301269412040722 1.0000000180025095e-35 4.5000000000000009 2.5000000000000004 0.61260253190994274 1.0000000180025095e-35 2024.5000000000002 0.083758514374494566 5.5000000000000009 0.68301269412040722 5.5000000000000009 1.5000000000000002 2.5000000000000004 15.597616195678713 16.616666793823246 0.37209869921207434 0.6428571641445161 4.5000000000000009 4.5000000000000009 0.41666667163372045 2023.5000000000002 8.5000000000000018 6.5000000000000009 1.5000000000000002 475.34788513183599 0.87837970256805431 1.5000000000000002 1.0000000180025095e-35 -0.87837970256805409 5.5000000000000009
decision_type=2 2 2 2 2 2 2 2 2 2 2 2 2 2 2 2 2 2 2 2 2 2 2 2 2 2 2 2 2 2 2 2 2 2 2 2 2 2 2 2 2 2 2 2 2 2 2 2 2 2 2 2 2 2 2 2 2 2 2 2 2 2
left_child=2 45 3 38 51 57 10 8 -8 26 11 12 -4 28 17 16 -14 21 -15 -20 61 48 23 25 -25 -22 -10 -17 -13 -30 31 32 -16 34 -32 -33 -11 47 -1 -40 43 42 -42 44 -41 -2 -47 -19 -12 -38 -48 -5 -7 54 55 59 -57 60 -45 -54 -3 -9
right_child=1 5 6 4 -6 52 7 20 9 36 14 13 15 18 30 27 -18 37 19 -21 22 -23 -24 24 -26 -27 -28 -29 29 -31 33 35 -34 -35 -36 -37 49 -39 39 40 41 -43 -44 58 -46 46 50 -49 -50 -51 -52 -53 53 -55 -56 56 -58 -59 -60 -61 -62 -63
leaf_value=-0.00074158361461376383 0.002572092798209899 0.00041757885447857426 -0.00094290281361862128 0.0085569986476737702 0.00016207269852995496 0.0056646427990821469 -0.0018905009871672156 -0.0022684867471688677 -0.001285344067296617 -0.00013026125163489638 -0.00077909313819480284 -0.0019075963070302624 0.015578699668830565 0.0007579081598753255 -0.0015299166038861014 0.024918137781124363 -0.00065165439272479831 -0.0023296585433357922 0.015336935363180064 0.000343368126610845 0.00016534701652694541 -0.0019552403865082365 -0.0023821744989054113 -0.0026500426117996405 0.0078501949273835515 0.0022235919942585904 0.02327758412625934 0.0010845982871385358 -0.0023837444759454464 0.01481944323489893 0.0014808032137721703 0.0079151723239182341 0.0026142074112854505 -0.0022807365764012338 -0.0013235119531665948 -0.0012676992116818194 0.002260586348852657 0.0058998126054002507 -0.00051890478490169685 -0.0018748583089742352 0.011412049098335271 -0.0025322978727814974 0.0020533647732774532 -0.00056660157299779637 0.0022553922336517752 -0.00052422169280416046 0.0016100939142316272 0.0018310243387222786 0.0019772738957915979 0.0087486860972698765 -1.1835833527160085e-05 -0.0040917602472816074 0.0057945947982520792 0.0012991657397539332 0.0046311191919359111 0.0022759902612962922 0.0040963714796861594 1.7926353935994717e-05 0.0055687071068528616 0.0021225263750392943 0.0023198488876061533 0.00032262668761033506
leaf_weight=482755 7772 6117 1819 2277 2732 3499 1347 8707 107 1142 5610 9584 715 1220 13847 637 513 1608 1090 512 62987 13246 4913 2894 5051 19228 329 91 1383 647 8620 2398 3266 26929 23086 619 868 1800 250647 4724 2034 4259 3144 36975 13202 20252 29872 25334 8449 1926 13006 139 4919 12294 16646 23970 8665 5964 553 2110 32480 4000
leaf_count=482755 7772 6117 1819 2277 2732 3499 1347 8707 107 1142 5610 9584 715 1220 13847 637 513 1608 1090 512 62987 13246 4913 2894 5051 19228 329 91 1383 647 8620 2398 3266 26929 23086 619 868 1800 250647 4724 2034 4259 3144 36975 13202 20252 29872 25334 8449 1926 13006 139 4919 12294 16646 23970 8665 5964 553 2110 32480 4000
internal_value=7.35545e-08 0.00197951 -0.00034692 -0.000556069 0.00376037 0.00269125 0.000283548 0.000692766 0.00413278 0.00598968 -1.99423e-05 0.00169701 0.00663953 0.000404158 -0.000251913 0.0136931 0.00879486 0.000708197 0.00631776 0.0105484 0.000510183 -0.000496754 0.000772552 0.000944518 0.00402482 0.000646781 0.0172391 0.0219464 -0.00103236 0.00309724 -0.000935165 0.000275453 -0.000738712 -0.00135087 -0.000560935 0.00602948 0.00474187 0.00185308 -0.000583912 -0.000342666 0.000337993 0.00200103 0.00573072 5.48886e-05 0.00116667 0.000808325 0.000591102 0.00158251 0.00087704 0.006735 0.00111801 0.00782707 0.00327236 0.00315027 0.00355432 0.00310228 0.00275949 0.00175086 -0.000476046 0.00469305 0.0020185 -0.00145245
internal_weight=1.25753e+06 187566 1.06996e+06 803441 5148 116664 266522 113499 5719 4372 153023 18211 3775 14436 134812 1956 1228 56047 2822 1602 107780 27305 95073 90160 7945 82215 436 728 11614 2030 78765 20130 17113 58635 31706 3017 3936 28742 798293 315538 64891 9437 5178 55454 17926 70902 63130 26942 14059 2794 42878 2416 72103 68604 56310 39664 32635 44561 37528 7029 38597 12707
internal_count=1257529 187566 1069963 803441 5148 116664 266522 113499 5719 4372 153023 18211 3775 14436 134812 1956 1228 56047 2822 1602 107780 27305 95073 90160 7945 82215 436 728 11614 2030 78765 20130 17113 58635 31706 3017 3936 28742 798293 315538 64891 9437 5178 55454 17926 70902 63130 26942 14059 2794 42878 2416 72103 68604 56310 39664 32635 44561 37528 7029 38597 12707
is_linear=0
shrinkage=0.05


Tree=46
num_leaves=63
num_cat=0
split_feature=12 12 15 1 10 9 25 12 9 2 8 15 8 1 18 11 9 1 3 3 3 2 3 1 3 11 11 1 0 2 22 12 15 15 8 23 9 1 8 2 23 22 9 2 9 2 18 10 2 10 12 11 3 2 2 3 2 2 21 0 2 3
split_gain=417.758 68.221 34.8565 14.9241 18.7107 15.914 15.3322 14.6663 14.1881 16.3576 26.2949 13.4066 13.1912 15.9281 11.2249 11.1096 50.6807 54.3227 23.3806 18.8354 16.033 22.7194 52.9831 19.0698 18.7024 21.6287 8.78521 11.7808 14.1655 12.3573 9.72169 8.6082 8.54437 7.32007 7.2523 7.18 7.03884 6.93876 15.2445 15.2891 26.3412 13.391 25.8509 10.3476 8.63595 14.4133 80.057 11.8364 19.8226 8.21378 6.85169 6.53335 14.0768 6.42305 14.0804 16.2527 12.7417 10.6483 8.08344 6.35366 6.19954 6.00131
threshold=536.00000000000011 237.50000000000003 1.0000000180025095e-35 2024.5000000000002 -0.25000000000000006 1.0000000180025095e-35 2.9201046228408818 1127.5000000000002 1.0000000180025095e-35 1.5000000000000002 0.6078576147556306 1.0000000180025095e-35 0.6078576147556306 2023.5000000000002 1.5000000000000002 -0.93301269412040699 1.0000000180025095e-35 2024.5000000000002 5.5000000000000009 5.5000000000000009 1.5000000000000002 11.500000000000002 5.5000000000000009 2023.5000000000002 4.5000000000000009 -0.68301269412040699 -0.68301269412040699 2023.5000000000002 1268.5000000000002 9.5000000000000018 0.91666665673255932 50.500000000000007 1.5000000000000002 1.5000000000000002 0.6078576147556306 9.6707706451416033 1.0000000180025095e-35 2024.5000000000002 0.87837970256805431 1.5000000000000002 1.0000000180025095e-35 1.0000000180025095e-35 1.0000000180025095e-35 7.5000000000000009 -0.56174489110708226 1.5000000000000002 1.0000000180025095e-35 -0.25000000000000006 10.500000000000002 -0.93301269412040699 753.50000000000011 -0.93301269412040699 4.5000000000000009 8.5000000000000018 10.500000000000002 4.5000000000000009 9.5000000000000018 7.5000000000000009 0.39285714924335485 1427.5000000000002 8.5000000000000018 4.5000000000000009
decision_type=2 2 2 2 2 2 2 2 2 2 2 2 2 2 2 2 2 2 2 2 2 2 2 2 2 2 2 2 2 2 2 2 2 2 2 2 2 2 2 2 2 2 2 2 2 2 2 2 2 2 2 2 2 2 2 2 2 2 2 2 2 2
left_child=1 11 26 4 5 53 -5 35 -6 10 -10 31 13 -11 -12 16 -13 19 33 -18 -17 24 61 -24 25 -22 34 28 -28 30 -29 -1 -8 -19 -2 -4 -32 44 41 40 -40 42 -39 -43 47 46 -46 48 -33 -47 -37 52 -34 57 56 -56 -55 -3 -59 -31 -7 -23
right_child=2 3 7 6 8 60 32 -9 9 12 14 15 -14 -15 -16 20 17 18 -20 -21 21 22 23 -25 -26 -27 27 29 -30 59 36 37 51 -35 -36 50 -38 38 39 -41 -42 43 -44 -45 45 49 -48 -49 -50 -51 -52 -53 -54 54 55 -57 -58 58 -60 -61 -62 -63
leaf_value=-0.00067736547114613044 0.0032553311664726445 0.0011321769388709022 0.003783689129677777 0.0033258529142718286 -0.0010287237294505298 0.0012346502941670418 0.00047195020133199736 0.0036692848705323941 0.00052561485276729676 0.005026477372336649 0.0060350063361102133 -0.0015271729010541699 -0.0017260100106111802 0.000254516287015885 0.016204561625551193 -0.001562400520061299 -0.0049735581796527262 0.010295324853708668 -0.00071170900817410759 0.012355293570719718 -0.0025339842212397604 -0.0062658556130216793 0.017185712413612528 -0.0054585940675095767 -0.0015056369986126282 0.0018567295828688078 0.0045576738008258648 -0.007313104865833208 -0.0020724533621231857 -0.0010716402563886798 0.0006672247588965668 -0.0011254455930117997 0.0069003861501312699 0.016951995114943882 0.00068157177978210115 0.001569430963819172 0.002270464243823384 -0.00072887122545242395 0.0078107704608171586 -0.002050763275997377 -0.0027498220609495443 -0.00011747966361917299 0.0062384775278320715 0.0016814520108941076 -0.00037065399402530833 0.00080186796983188814 0.011330260377959436 -0.0015683785119112643 0.0018495800566877996 -0.00056481709443875273 0.0026922076191395676 0.0014598890451137149 -0.0010456655022641648 0.0019395036734827368 0.0040871009909297755 -0.0010622509909122436 -0.002103870792762919 0.023436864529411763 0.0044769270437743265 0.0042849506367473216 -0.00074481096163623011 0.0038128387617967561
leaf_weight=546045 9347 3910 8757 7979 31683 5980 30742 39639 2070 2042 707 4159 6887 12190 443 12225 916 729 315 189 3360 544 788 105 10065 16950 4158 326 998 9618 15676 17720 1674 972 3878 22636 12171 2769 1128 14511 1238 88517 2562 8787 9764 11934 1719 38425 8185 139133 34107 12591 834 3680 6017 2054 4140 57 4313 587 11682 202
leaf_count=546045 9347 3910 8757 7979 31683 5980 30742 39639 2070 2042 707 4159 6887 12190 443 12225 916 729 315 189 3360 544 788 105 10065 16950 4158 326 998 9618 15676 17720 1674 972 3878 22636 12171 2769 1128 14511 1238 88517 2562 8787 9764 11934 1719 38425 8185 139133 34107 12591 834 3680 6017 2054 4140 57 4313 587 11682 202
internal_value=7.29114e-08 -0.000350241 0.00237082 0.000634018 0.000266131 0.00106626 0.00130281 0.00290991 -0.000331254 0.000576464 0.00389605 -0.000508397 7.00761e-05 0.000939577 0.00995791 0.000275794 0.00208576 0.0069018 0.0117857 -0.00200424 -2.19465e-05 0.000566145 0.00630022 0.0145173 0.000256556 0.00113009 0.00137213 0.00102908 0.00327336 0.000727427 0.00126748 -0.000553673 0.000950568 0.0141028 0.00250101 0.00245028 0.00136813 -0.000358672 -5.02932e-05 -0.00144291 0.00228299 0.000178656 0.00261865 4.49223e-05 -0.000521093 -0.000326985 0.00138062 -0.00101149 -0.000185254 -0.000456818 0.0022444 0.00192471 0.00425611 0.00189989 0.00131098 0.00277602 -0.000200466 0.0030295 0.00472591 -0.000762996 -7.43187e-05 -0.00352993
internal_weight=1.25753e+06 1.09563e+06 161898 151675 97855 41833 53820 105139 56022 24339 3220 943956 21119 14232 1150 51519 7280 3121 2016 1105 44239 32014 1639 893 30375 20310 56759 43534 5156 38378 28173 892437 45841 1701 13225 65500 27847 346392 119512 16877 2366 102635 5331 97304 226880 162550 11483 64330 25905 151067 56743 15099 2508 24171 15891 8071 7820 8280 4370 10205 17662 746
internal_count=1257529 1095631 161898 151675 97855 41833 53820 105139 56022 24339 3220 943956 21119 14232 1150 51519 7280 3121 2016 1105 44239 32014 1639 893 30375 20310 56759 43534 5156 38378 28173 892437 45841 1701 13225 65500 27847 346392 119512 16877 2366 102635 5331 97304 226880 162550 11483 64330 25905 151067 56743 15099 2508 24171 15891 8071 7820 8280 4370 10205 17662 746
is_linear=0
shrinkage=0.05


Tree=47
num_leaves=63
num_cat=0
split_feature=12 12 12 13 13 15 25 11 11 19 2 25 13 13 10 10 8 2 2 15 24 2 12 3 13 24 25 12 3 12 19 16 11 9 2 11 11 2 2 3 8 3 12 16 12 8 11 11 3 8 13 16 3 19 12 12 17 25 14 9 12 6
split_gain=377.426 46.2857 45.7841 20.7673 17.9046 15.3237 11.666 10.7413 12.4592 16.7034 15.2363 10.6019 10.4333 14.456 10.4131 10.3232 12.8853 13.6168 11.6417 9.69925 9.5467 9.09289 8.70305 8.65014 9.89069 13.672 8.22061 7.86901 7.86875 7.46994 7.29004 7.26213 15.8253 51.1308 64.3633 11.2601 14.1541 26.7332 12.7544 35.2124 33.3632 10.7274 6.86157 6.83115 6.14521 6.09331 6.22064 9.56287 10.7961 5.87772 5.75099 5.70483 5.15516 4.93894 4.84591 4.72936 4.6967 4.689 4.64779 4.57274 4.35032 4.29296
threshold=435.50000000000006 853.50000000000011 137.50000000000003 19.151821136474613 20.493628501892093 1.0000000180025095e-35 5.4421195983886728 -0.25000000000000006 0.68301269412040722 1.0000000180025095e-35 9.5000000000000018 1.0000000180025095e-35 19.151821136474613 20.493628501892093 -0.25000000000000006 -0.25000000000000006 1.0000000180025095e-35 1.5000000000000002 8.5000000000000018 5.5000000000000009 0.3944759219884873 6.5000000000000009 700.00000000000011 1.5000000000000002 19.151821136474613 0.44731126725673681 8.9923658370971697 309.00000000000006 1.5000000000000002 17.500000000000004 1.0000000180025095e-35 1.0000000180025095e-35 -0.68301269412040699 -0.56174489110708226 6.5000000000000009 0.68301269412040722 0.25000000000000011 7.5000000000000009 11.500000000000002 1.0000000180025095e-35 -0.87837970256805409 3.5000000000000004 590.00000000000011 1.0000000180025095e-35 1307.0000000000002 -0.87837970256805409 -0.93301269412040699 -0.68301269412040699 1.0000000180025095e-35 1.0000000180025095e-35 9.3885297775268572 1.0000000180025095e-35 1.5000000000000002 49.500000000000007 266.00000000000006 582.50000000000011 80.500000000000014 1.6154771447181704 42.038217544555671 1.0000000180025095e-35 1370.0000000000002 1.0000000180025095e-35
decision_type=2 2 2 2 2 2 2 2 2 2 2 2 2 2 2 2 2 2 2 2 2 2 2 2 2 2 2 2 2 2 2 2 2 2 2 2 2 2 2 2 2 2 2 2 2 2 2 2 2 2 2 2 2 2 2 2 2 2 2 2 2 2
left_child=2 4 3 29 15 6 11 21 10 50 56 12 -4 49 -11 18 20 28 -2 -7 -17 61 -6 -20 58 -26 55 57 30 -1 -18 35 33 34 -33 36 37 -31 40 -40 -37 -38 -28 -24 52 -21 59 51 -49 -14 -10 -48 -16 -23 -8 -22 -9 -13 -25 -47 -12 -3
right_child=1 7 5 -5 22 19 54 8 9 14 60 27 13 -15 44 16 17 -19 23 45 26 53 43 24 25 -27 42 -29 -30 31 -32 32 -34 -35 -36 38 41 -39 39 -41 -42 -43 -44 -45 -46 46 47 48 -50 -51 -52 -53 -54 -55 -56 -57 -58 -59 -60 -61 -62 -63
leaf_value=-0.00076014560735675565 0.0039409849248416848 0.0031182874435872598 -0.0010535942563042863 0.005155369686914664 0.00014016566281029998 0.0018848380978640413 -0.001004456127060811 0.0012358507812632116 -0.009150203067118402 0.0041309672451260845 -0.001928593558489114 0.00087140502940758694 -0.0076417079126393358 -0.002485891897988513 0.002175662047146316 -0.0041408023943138583 0.010241994621944967 -0.00015868763591174939 -0.00051527496200584773 -0.0012987189839629553 0.0029366174344365157 0.0052972709930441154 0.00047283485452817445 0.0022150131798106989 0.019620530936290063 0.0019993458757691061 0.00069172120280964274 0.0016065365778034125 0.0018349802843509553 -0.00062223944551746235 -0.00027342423293373998 0.0016336883246616538 -0.0019119050897964615 -0.0020024486973427877 0.018408145643202502 -0.00198855632415619 -0.0016461003984982959 0.00049183695691640522 0.0027888669121908381 -0.0012291977397498573 0.00076524507815323899 -0.00043894629722595431 0.0027468765007056918 0.0023255151794822691 0.003302303403420994 0.00060404985945679605 -0.0026844784776728051 -0.0016502495004147571 0.0015879281123368325 0.013755418081065264 0.0045267015098857458 0.0013796990106098919 -0.0013922592864435922 0.0033044608944302993 -0.00012674079442391218 0.0057464093535760756 0.0028780322422600692 5.0389790192078242e-05 -0.013525000211412994 0.0048450396663934307 0.003568910537516322 -0.00029654103877295831
leaf_weight=277570 11240 20880 15813 1599 30057 20396 25955 7552 77 2920 3317 28694 35 332 1435 574 655 14784 3231 4207 4782 9030 9121 7782 197 251 7768 15745 1841 256350 219 2250 22096 6363 767 12920 44500 68160 6324 39544 73939 31406 8530 10968 1519 1099 3227 3133 14394 346 12685 1177 3434 4770 39940 2191 10328 44183 47 1517 403 960
leaf_count=277570 11240 20880 15813 1599 30057 20396 25955 7552 77 2920 3317 28694 35 332 1435 574 655 14784 3231 4207 4782 9030 9121 7782 197 251 7768 15745 1841 256350 219 2250 22096 6363 767 12920 44500 68160 6324 39544 73939 31406 8530 10968 1519 1099 3227 3133 14394 346 12685 1177 3434 4770 39940 2191 10328 44183 47 1517 403 960
internal_value=7.18233e-08 0.00203103 -0.000369373 -0.000536925 0.00138669 0.000272672 4.90473e-05 0.00295907 0.00243303 0.00326875 0.00157889 0.000375965 -0.000786552 0.00512826 0.00165721 0.00194041 0.00146946 0.000438706 0.00279614 0.00105079 0.00222567 0.00360347 0.000678861 0.00167749 0.00253406 0.00976175 0.00238294 0.000592805 0.00369342 -0.00054774 0.00760167 -0.00044331 -0.00118139 0.000538914 0.00590032 -0.000399726 -0.000532021 -0.000388224 -5.74557e-07 -0.000675098 0.000355566 -0.00114671 0.00176766 0.0014846 0.000525612 0.00045899 0.000760444 0.000485264 0.0010088 0.0117752 0.00444372 -0.00159716 -0.000339665 0.00460884 -0.000472536 0.00382027 0.00218471 0.000373719 0.00211971 0.00306537 -0.00133161 0.00296796
internal_weight=1.25753e+06 193548 1.06398e+06 843788 114238 220193 171043 79310 43670 22070 21600 105148 16526 713 9308 64092 41344 17499 22748 49150 23845 35640 50146 11508 8277 448 23271 88622 2715 842189 874 564619 31476 9380 3017 533143 400416 324510 132727 45868 86859 75906 16298 20089 6388 28754 24547 21931 17527 381 12762 4404 4869 13800 65895 6973 17880 72877 7829 2616 3720 21840
internal_count=1257529 193548 1063981 843788 114238 220193 171043 79310 43670 22070 21600 105148 16526 713 9308 64092 41344 17499 22748 49150 23845 35640 50146 11508 8277 448 23271 88622 2715 842189 874 564619 31476 9380 3017 533143 400416 324510 132727 45868 86859 75906 16298 20089 6388 28754 24547 21931 17527 381 12762 4404 4869 13800 65895 6973 17880 72877 7829 2616 3720 21840
is_linear=0
shrinkage=0.05


Tree=48
num_leaves=63
num_cat=0
split_feature=15 17 17 11 2 8 3 16 6 16 13 1 3 11 8 3 2 3 18 2 2 2 8 22 20 3 16 16 2 20 20 11 11 3 2 3 3 8 18 1 16 2 8 3 11 24 2 3 3 11 3 2 1 3 13 1 2 2 3 18 11 11
split_gain=285.081 69.6413 50.3669 20.451 44.0851 118.216 27.5589 20.7994 18.1384 16.9172 14.9374 14.3182 60.5449 68.6805 44.9955 36.9402 28.3406 45.8069 26.9169 30.6768 20.4837 20.3783 25.3547 25.0848 19.8138 28.8332 17.2731 15.7064 14.1253 13.0749 13.0293 12.962 19.5298 24.0418 26.2306 43.5589 34.0333 23.1001 29.3908 56.4492 15.9369 16.3425 18.9526 22.5598 15.0192 13.9943 13.5594 12.158 20.9356 11.4788 10.551 9.91303 9.42492 19.2148 10.0145 9.13212 10.8937 16.7061 42.8434 9.07137 8.85875 8.87276
threshold=1.0000000180025095e-35 1.0000000180025095e-35 1.5000000000000002 0.25000000000000011 8.5000000000000018 0.87837970256805431 5.5000000000000009 1.5000000000000002 1.0000000180025095e-35 1.0000000180025095e-35 0.17483263462781909 2024.5000000000002 3.5000000000000004 -0.93301269412040699 0.87837970256805431 3.5000000000000004 4.5000000000000009 1.0000000180025095e-35 1.0000000180025095e-35 1.5000000000000002 5.5000000000000009 5.5000000000000009 -0.87837970256805409 1.0000000180025095e-35 1.0000000180025095e-35 2.5000000000000004 1.5000000000000002 1.0000000180025095e-35 6.5000000000000009 7.5000000000000009 1.0000000180025095e-35 -0.25000000000000006 0.68301269412040722 2.5000000000000004 10.500000000000002 1.0000000180025095e-35 1.0000000180025095e-35 -0.87837970256805409 1.5000000000000002 2024.5000000000002 1.0000000180025095e-35 7.5000000000000009 1.0000000180025095e-35 4.5000000000000009 1.0000000180025095e-35 0.76494169235229503 6.5000000000000009 3.5000000000000004 4.5000000000000009 -0.93301269412040699 2.5000000000000004 8.5000000000000018 2023.5000000000002 5.5000000000000009 16.709478378295902 2023.5000000000002 11.500000000000002 10.500000000000002 4.5000000000000009 1.0000000180025095e-35 0.25000000000000011 0.68301269412040722
decision_type=2 2 2 2 2 2 2 2 2 2 2 2 2 2 2 2 2 2 2 2 2 2 2 2 2 2 2 2 2 2 2 2 2 2 2 2 2 2 2 2 2 2 2 2 2 2 2 2 2 2 2 2 2 2 2 2 2 2 2 2 2 2
left_child=2 8 10 4 6 -6 29 -7 11 60 -1 15 13 14 26 18 17 -15 24 -20 -14 -17 -23 -24 25 -2 -13 -22 -18 49 -5 40 37 34 35 -34 -36 38 44 -40 41 -12 43 -43 -33 -44 47 -42 -49 -4 -51 -39 54 -54 -35 -32 57 59 -59 -57 -3 -62
right_child=1 9 3 30 5 7 -8 -9 -10 -11 31 12 20 16 -16 21 28 -19 19 -21 27 22 23 -25 -26 -27 -28 -29 -30 -31 55 32 33 52 36 -37 -38 51 39 -41 46 42 45 -45 -46 -47 -48 48 -50 50 -52 -53 53 -55 -56 56 -58 58 -60 -61 61 -63
leaf_value=-0.00055055912366145797 -0.00062447500930651366 0.0024033465386390732 -0.0025456863653186904 -0.0017510389744510972 5.7199588983652064e-05 0.021581788821498304 0.0040541108729341717 0.0066194137343299868 -0.0015267166702369577 0.003182621103163784 -0.00026627493992620636 0.01433528422917843 0.0013314349009096976 -0.0018354925862163586 0.0011689313729486203 -0.0009028317534014778 -0.0023668243972556915 0.0057806801625408591 0.0087228048509356733 0.00057597501031907985 -0.0032578220478781659 0.00026114005893435586 -0.00058941779961614647 0.0049677806001727186 -0.0017367475786536431 0.014284846947995537 0.0053013410958032137 0.0015069247065380119 0.001576050715975684 0.0017104397519539687 0.0030202119685311325 0.0047330104099686096 -0.001619425624175788 -0.00016963603728435792 0.0029760848750465508 0.0050657153539359111 -0.0011742984625958779 -0.00086884015108551124 6.6453646735661263e-05 0.017919793605300167 -0.00072123852379626517 -0.0031934667676851592 0.008630810682545063 0.0026393929222104438 -0.00081568391514237745 0.002524497432394736 0.0031457399942827363 0.0063886321994730934 0.00023263197466789995 -0.0010564533681888262 0.001389342576464219 -0.002135529799727334 -0.0018156502913693707 0.0011314368883518389 0.0031286456737484123 -0.0010952102545237256 -0.0024564254200688507 0.0085959216207827285 -0.0038547058254151697 0.001460546358257019 -0.0018257420508132087 0.0014396515640894027
leaf_weight=702014 993 17901 4253 8652 2433 1085 6639 297 7379 63882 75607 2381 8069 2615 1284 4954 3477 8045 1357 7791 7128 7159 2488 11009 23536 481 683 2282 6550 14740 3153 1436 3462 14172 7294 8219 15299 48077 1164 715 7983 2992 1280 3717 8088 3530 8010 2036 4299 7708 10301 22774 23016 7278 2747 8618 3399 1891 1088 5814 2811 7994
leaf_count=702014 993 17901 4253 8652 2433 1085 6639 297 7379 63882 75607 2381 8069 2615 1284 4954 3477 8045 1357 7791 7128 7159 2488 11009 23536 481 683 2282 6550 14740 3153 1436 3462 14172 7294 8219 15299 48077 1164 715 7983 2992 1280 3717 8088 3530 8010 2036 4299 7708 10301 22774 23016 7278 2747 8618 3399 1891 1088 5814 2811 7994
internal_value=7.09545e-08 0.00171971 -0.0003295 0.000875986 0.00153844 0.00669293 0.00108772 0.0183706 0.000867105 0.00272947 -0.000428484 0.00103985 0.00174133 0.00331798 0.00903064 0.000540795 0.00211701 0.00391189 -0.000535416 0.00178509 -0.000516597 0.00197641 0.00266719 0.00394301 -0.0013844 0.00423803 0.0123234 -0.0021018 0.000208296 0.000555333 -8.77568e-05 -0.000114774 -0.000396371 0.000152199 0.00116024 0.00308396 0.000165411 -0.000939887 0.00114851 0.00686329 0.000306443 9.58021e-07 0.00175541 3.73695e-05 2.04474e-05 0.00415065 0.00149825 0.000576214 0.00221196 -0.000209259 0.000342244 -0.00127607 -0.000579476 -0.00110746 0.000365599 0.000512578 0.000132385 0.000638074 0.00404701 -6.52621e-05 0.00172085 0.000589664
internal_weight=1.25753e+06 202249 1.05528e+06 80071 47456 3815 43641 1382 109661 92588 975209 102282 42514 25035 4348 59768 20687 10660 34158 9148 17479 25610 20656 13497 25010 1474 3064 9410 10027 37002 32615 273195 163741 81487 34274 11681 22593 82254 11403 1879 109454 87126 11519 6709 9524 4810 22328 14318 6335 22262 18009 70851 47213 30294 16919 23963 20810 17411 2979 14432 28706 10805
internal_count=1257529 202249 1055280 80071 47456 3815 43641 1382 109661 92588 975209 102282 42514 25035 4348 59768 20687 10660 34158 9148 17479 25610 20656 13497 25010 1474 3064 9410 10027 37002 32615 273195 163741 81487 34274 11681 22593 82254 11403 1879 109454 87126 11519 6709 9524 4810 22328 14318 6335 22262 18009 70851 47213 30294 16919 23963 20810 17411 2979 14432 28706 10805
is_linear=0
shrinkage=0.05


Tree=49
num_leaves=63
num_cat=0
split_feature=12 12 12 13 24 12 13 13 20 12 3 1 11 13 22 16 1 3 11 17 22 11 17 22 9 11 17 17 11 11 15 11 11 13 12 19 3 22 15 12 11 6 1 8 9 22 24 22 13 12 13 3 13 22 22 15 12 1 11 22 8 8
split_gain=314.955 62.5576 19.702 16.3738 15.3035 11.3931 17.9895 10.9315 10.9028 10.6861 10.4159 10.3427 10.4716 15.5534 15.3028 21.3044 13.6886 11.6939 15.3 17.4678 9.52855 42.0779 23.3176 15.2771 10.1285 31.5663 46.3127 33.8823 13.6285 30.9672 13.0719 9.09734 9.44605 8.20265 7.80695 6.6398 6.63863 6.50601 6.49412 6.31593 6.15525 5.57438 12.8757 5.81816 5.55867 5.47044 5.36413 6.53316 5.3448 5.29553 7.89032 5.27614 4.94936 4.495 4.45931 4.39863 4.36263 5.34678 6.26815 8.88363 4.22081 4.20541
threshold=598.50000000000011 262.50000000000006 1055.0000000000002 5.2883694171905526 0.3944759219884873 63.500000000000007 19.151821136474613 28.54627895355225 21.214285850524906 402.50000000000006 5.5000000000000009 2024.5000000000002 0.68301269412040722 0.019016572274267677 1.0000000180025095e-35 1.0000000180025095e-35 2023.5000000000002 1.5000000000000002 1.0000000180025095e-35 1.0000000180025095e-35 0.25000000745058065 -0.93301269412040699 2.5000000000000004 0.083333335816860213 -0.56174489110708226 -0.93301269412040699 1.0000000180025095e-35 1.0000000180025095e-35 -0.68301269412040699 1.0000000180025095e-35 1.5000000000000002 0.25000000000000011 0.68301269412040722 0.95561030507087719 165.50000000000003 51.500000000000007 4.5000000000000009 9.2500000000000018 3.5000000000000004 823.50000000000011 0.93301269412040722 1.0000000180025095e-35 2024.5000000000002 0.6078576147556306 1.0000000180025095e-35 2.6166666746139531 10.818177223205568 25.149999618530277 49.123283386230476 1329.0000000000002 673.35925292968761 3.5000000000000004 2.334846138954163 1.0000000180025095e-35 0.15000000596046451 1.0000000180025095e-35 5.5000000000000009 2024.5000000000002 -0.93301269412040699 0.11666667088866235 1.0000000180025095e-35 -0.87837970256805409
decision_type=2 2 2 2 2 2 2 2 2 2 2 2 2 2 2 2 2 2 2 2 2 2 2 2 2 2 2 2 2 2 2 2 2 2 2 2 2 2 2 2 2 2 2 2 2 2 2 2 2 2 2 2 2 2 2 2 2 2 2 2 2 2
left_child=1 5 7 4 -3 6 56 10 -9 33 41 12 17 -14 16 -16 -15 55 19 -19 21 22 23 -13 25 26 -22 -27 30 -30 -26 61 -33 54 53 39 -4 51 -5 -34 -37 46 -43 -44 -36 -40 -2 -48 -38 50 -50 -35 -11 -23 -6 -7 -1 -58 59 -59 -60 -10
right_child=2 3 36 38 9 11 -8 8 31 52 -12 20 13 14 15 -17 -18 18 -20 -21 24 34 -24 -25 28 27 -28 -29 29 -31 -32 32 35 37 44 40 48 -39 45 -41 -42 42 43 -45 -46 -47 47 -49 49 -51 -52 -53 -54 -55 -56 -57 57 58 60 -61 -62 -63
leaf_value=-0.0008628229900951522 0.0034001097276857798 -0.00097950369469619451 0.0033454489635846886 -0.00019012105578605833 -0.0023887283696642993 -0.0012443081465459975 0.0054095466858688525 -0.00050985103312274865 0.00065957163333256821 0.0036012087058593665 0.0045054688547730157 0.0180460298880319 0.028202727320935962 -0.0015125950452285599 0.00093049339081180686 -0.0018584265374397895 0.0023524756589005792 -0.0002001459086773984 -0.001239733709222905 0.0025145769109408776 0.0089016028186918988 0.0021179872761416998 0.032626793252409629 0.0048971804897335394 -0.0019871126898184147 -0.0011314162042781225 -0.0032496489850237873 0.0043981092798334965 0.0021235360233089729 -0.0011211235666971344 0.001403178617655598 -0.0010185405998461722 0.00079539040550010386 0.00018881770085789069 0.00170238998655094 0.00093055524910662726 0.0052351472441710296 0.0052381606243645665 -0.0022485987245329554 0.0034185711765398171 -0.0040239356079511818 -0.003472572791619027 0.0055285464200809974 -0.0013464642708819938 0.0088827491827230109 0.00097814243706882383 0.0014850746323591291 0.0039116516535886801 0.0020219610018562297 0.0033006956647207973 -0.0012460416985812792 0.0013071482294275177 0.0018540259674191179 0.00015303908916333958 0.0027518919104972599 -0.0033504415685646719 -0.00064433537970869743 0.0010090945950770734 -0.00063223381659007036 -0.00091600847967913317 -0.00015118951201329529 0.0023949251576761209
leaf_weight=105892 7971 7550 37364 51436 445 37120 1260 7123 4086 5995 5204 254 49 19428 45363 8064 2596 59722 33660 6578 2452 3154 90 1715 18989 14899 1152 3403 12037 18899 3342 5502 4483 24682 694 2047 1243 793 1391 4714 903 1382 957 452 443 23309 17409 3304 6961 4136 2512 18432 12592 37817 7760 2660 306438 18564 104557 8847 80927 24326
leaf_count=105892 7971 7550 37364 51436 445 37120 1260 7123 4086 5995 5204 254 49 19428 45363 8064 2596 59722 33660 6578 2452 3154 90 1715 18989 14899 1152 3403 12037 18899 3342 5502 4483 24682 694 2047 1243 793 1391 4714 903 1382 957 452 443 23309 17409 3304 6961 4136 2512 18432 12592 37817 7760 2660 306438 18564 104557 8847 80927 24326
internal_value=6.99254e-08 -0.000282333 0.00221722 0.000651895 0.00115983 -0.000432412 -0.000558225 0.00176826 0.00131008 0.00138836 0.00243248 -0.000196819 -0.000403824 7.05787e-05 5.22052e-05 0.000509452 -0.00105678 -0.000660175 -0.000371564 6.91252e-05 0.000176492 0.000759383 0.00773849 0.00659674 -0.000165912 0.00073901 0.00501615 -0.000102987 -0.000538154 0.000141194 -0.0014795 0.00159163 0.000699645 0.00102107 0.000417982 0.00147831 0.00298978 0.000749726 0.000129801 0.00214049 -0.000584413 0.00208956 -4.185e-05 0.00331959 0.00450495 0.000796215 0.00229712 0.0018724 0.00209463 0.00180739 0.00115484 0.000667042 0.00241784 0.00030443 0.00247245 -0.00138527 -0.00057026 -0.000510597 -0.000318072 0.000387577 -0.00042238 0.00214554
internal_weight=1.25753e+06 1.11545e+06 142079 154385 78249 961065 626485 89863 53184 70699 36679 334580 215240 75500 75451 53427 22024 139740 99960 66300 119340 44167 2059 1969 75173 21906 3604 18302 53267 30936 22331 46061 17649 52112 42108 12147 52216 43907 76136 9197 2950 31475 2791 1409 1137 24700 28684 20713 14852 13609 9473 43114 18587 40971 8205 39780 625225 519333 212895 27411 185484 28412
internal_count=1257529 1115450 142079 154385 78249 961065 626485 89863 53184 70699 36679 334580 215240 75500 75451 53427 22024 139740 99960 66300 119340 44167 2059 1969 75173 21906 3604 18302 53267 30936 22331 46061 17649 52112 42108 12147 52216 43907 76136 9197 2950 31475 2791 1409 1137 24700 28684 20713 14852 13609 9473 43114 18587 40971 8205 39780 625225 519333 212895 27411 185484 28412
is_linear=0
shrinkage=0.05


Tree=50
num_leaves=63
num_cat=0
split_feature=15 17 17 10 8 3 10 8 10 16 6 8 22 1 20 19 2 3 2 2 16 8 10 2 20 16 10 8 14 2 25 2 2 8 22 20 21 3 1 1 20 6 3 1 20 22 2 8 10 20 10 3 22 19 20 19 10 8 20 16 3 16
split_gain=234.885 57.5183 40.8331 67.8279 130.342 27.9543 24.4819 22.5172 31.0898 18.9527 18.7148 17.3659 16.5254 15.8335 19.6714 14.3201 22.3118 31.0473 20.9982 14.7041 14.2643 12.9738 12.5236 17.9194 16.1003 10.7278 10.3679 35.4371 9.90492 9.67692 9.17096 7.58587 7.57072 66.7951 30.6554 72.2273 18.9644 15.0075 13.4904 10.2173 9.60472 7.33583 10.9539 23.03 20.1647 11.9517 7.22142 12.4958 12.9816 11.3758 31.7886 10.7044 10.2003 7.04712 7.25477 6.99915 6.754 17.6323 18.4366 6.71827 6.26155 6.10283
threshold=1.0000000180025095e-35 1.0000000180025095e-35 1.0000000180025095e-35 -0.93301269412040699 0.87837970256805431 3.5000000000000004 -0.93301269412040699 -0.87837970256805409 0.93301269412040722 1.5000000000000002 1.0000000180025095e-35 -0.87837970256805409 11.483333110809328 2024.5000000000002 1.0000000180025095e-35 1.0000000180025095e-35 1.5000000000000002 2.5000000000000004 2.5000000000000004 11.500000000000002 1.0000000180025095e-35 -0.87837970256805409 -0.25000000000000006 9.5000000000000018 1.0000000180025095e-35 9.5000000000000018 -0.93301269412040699 0.87837970256805431 0.40936473011970526 4.5000000000000009 0.48718334734439855 1.5000000000000002 1.5000000000000002 0.6078576147556306 0.050000002607703216 1.0000000180025095e-35 0.10714286193251611 5.5000000000000009 2024.5000000000002 2024.5000000000002 1.0000000180025095e-35 1.0000000180025095e-35 1.0000000180025095e-35 2024.5000000000002 1.0000000180025095e-35 0.25000000745058065 5.5000000000000009 0.6078576147556306 -0.68301269412040699 1.0000000180025095e-35 -0.68301269412040699 2.5000000000000004 0.38333334028720861 1.0000000180025095e-35 1.0000000180025095e-35 2.5000000000000004 -0.93301269412040699 -0.87837970256805409 1.0000000180025095e-35 1.5000000000000002 1.0000000180025095e-35 1.0000000180025095e-35
decision_type=2 2 2 2 2 2 2 2 2 2 2 2 2 2 2 2 2 2 2 2 2 2 2 2 2 2 2 2 2 2 2 2 2 2 2 2 2 2 2 2 2 2 2 2 2 2 2 2 2 2 2 2 2 2 2 2 2 2 2 2 2 2
left_child=2 6 28 4 -4 12 21 -7 31 30 11 61 22 -10 -15 18 17 -17 25 -18 26 59 23 24 -5 -13 27 -3 32 -20 -6 -9 33 37 -35 36 -36 53 -39 -37 -40 56 43 -43 45 -45 -34 49 52 51 -51 -48 -49 -1 -55 -12 57 58 -30 -2 -14 -8
right_child=1 20 3 5 9 7 10 8 13 -11 55 15 60 14 -16 16 19 -19 29 -21 -22 -23 -24 -25 -26 -27 -28 -29 41 -31 -32 -33 46 34 35 39 -38 38 40 -41 -42 42 -44 44 -46 -47 47 48 -50 50 -52 -53 -54 54 -56 -57 -58 -59 -60 -61 -62 -63
leaf_value=-0.0015240413053226431 0.010541930018949534 0.0018060153759350004 -0.00025075143113561859 0.0055010838653374323 0.01367385660564196 -0.00045663981827540214 -0.0011256779136737023 -0.00062268471883830613 0.0014500034958869151 0.0052738466481392268 -0.0020452738178312097 -0.0011434612475265482 0.0025149174362946794 0.0028506500226039917 0.012130212252740667 0.00013019274165270917 0.002642312917456798 0.012170421415051924 0.0032907533734297919 -0.0036244565605693807 0.0028947795024808765 -0.0033739897266125392 -0.0016016922208459236 -0.0018678959529270641 0.00039735669198608537 0.0024684089537110824 0.0013147023391218383 0.020161651993585633 0.013085786747540649 0.0013299207202983985 0.021429219837423227 0.0018183925777729669 -0.00071317737485669251 0.0008733440039131662 0.0071427771250531713 0.0030331412437838989 0.014708172539390106 -0.0017065156236261815 0.0040003583164392063 -0.0017570879321034635 -0.00070673245462148061 -0.0015732735126133424 -0.0015697277450668454 -0.00076263166874016887 0.0051134281778581767 0.033357480439272801 0.00029648156962034657 -0.00028937919890749869 -0.0011973498617120775 -0.0011387869865537345 0.0013556995076515019 -0.00053653890229586046 0.0031363708548870933 0.009714292660974037 -0.0025853328527329572 0.0026877402368583993 0.00011063656448048803 -0.0024766502707700396 0.00019483451890322623 -0.0017654305938898662 0.0003359200198200657 0.0011780914824512784
leaf_weight=37046 268 1362 2963 2200 615 12534 10226 3697 1092 324 6492 12268 4529 909 1544 877 8781 1378 7227 1047 63882 4670 25387 5423 5200 2469 27018 326 381 48886 1028 22744 298951 12296 1950 2270 1446 3019 3448 2183 1578 1635 14735 33 771 111 48624 38135 78319 20234 34625 186287 2304 283 207 887 154516 6537 1022 188 12145 3997
leaf_count=37046 268 1362 2963 2200 615 12534 10226 3697 1092 324 6492 12268 4529 909 1544 877 8781 1378 7227 1047 63882 4670 25387 5423 5200 2469 27018 326 381 48886 1028 22744 298951 12296 1950 2270 1446 3019 3448 2183 1578 1635 14735 33 771 111 48624 38135 78319 20234 34625 186287 2304 283 207 887 154516 6537 1022 188 12145 3997
internal_value=6.93902e-08 0.00156099 -0.000299083 0.000650008 0.00637176 0.00036035 0.000786136 0.00132272 0.00206665 0.0163497 0.000951606 0.00113601 -0.000385135 0.00646395 0.00869381 0.00141285 0.00300407 0.00749024 0.00114141 0.00197416 0.00247867 -0.00258728 -0.00095833 0.000315013 0.00191541 -0.000537986 0.00155247 0.00535495 -0.000401008 0.00158256 0.0185303 0.00147689 -0.00047873 3.45081e-05 0.0024322 0.00487358 0.0103659 -0.00102507 0.000934258 0.000683711 0.00252151 -6.66384e-05 -0.00104592 0.00197885 0.00833104 0.0255085 -0.000526418 -0.00038974 -0.000821707 -0.000212687 0.00043555 -0.000364091 -9.40672e-05 -0.00144514 0.00450866 -0.00147563 3.75249e-05 -0.00138461 0.00369976 0.00545761 0.000928092 -0.000477909
internal_weight=1.25753e+06 202249 1.05528e+06 102334 4930 97404 109661 42520 29986 1967 104535 97156 54884 3545 2453 82933 12083 2255 70850 9828 92588 5126 38210 12823 7400 14737 28706 1688 952946 56113 1643 26441 773205 65726 20145 7849 3396 45581 8045 4453 5026 179741 17285 2550 915 144 707479 408528 118758 289770 54859 234911 40439 37536 490 7379 162456 7940 1403 456 16674 14223
internal_count=1257529 202249 1055280 102334 4930 97404 109661 42520 29986 1967 104535 97156 54884 3545 2453 82933 12083 2255 70850 9828 92588 5126 38210 12823 7400 14737 28706 1688 952946 56113 1643 26441 773205 65726 20145 7849 3396 45581 8045 4453 5026 179741 17285 2550 915 144 707479 408528 118758 289770 54859 234911 40439 37536 490 7379 162456 7940 1403 456 16674 14223
is_linear=0
shrinkage=0.05


Tree=51
num_leaves=63
num_cat=0
split_feature=15 17 17 10 8 8 10 8 11 1 8 8 4 19 2 8 2 20 2 18 8 4 14 21 8 10 2 10 9 1 8 8 2 18 24 10 2 2 20 8 8 8 2 2 17 8 20 1 8 11 4 1 9 11 1 2 22 1 8 8 21 20
split_gain=211.985 51.9102 37.1271 43.9195 96.2094 22.5237 22.0951 15.7374 17.7402 32.0873 54.8831 40.2965 24.4123 16.8155 25.0581 51.2395 22.1657 29.3629 11.9877 11.9539 11.7081 11.3457 10.2374 10.1677 11.3794 17.1888 15.5706 10.0901 15.9354 19.5503 15.1706 9.72986 12.2786 8.61774 8.27279 7.84907 25.0907 29.0695 26.8878 22.1303 20.8899 19.1372 17.814 16.7278 16.4531 15.2878 31.7915 24.1632 13.9172 33.6972 77.3604 50.0257 25.2284 27.1454 22.6653 17.4908 16.6465 12.8304 11.1133 7.72072 7.55279 6.66116
threshold=1.0000000180025095e-35 1.0000000180025095e-35 1.5000000000000002 -0.93301269412040699 0.87837970256805431 0.6078576147556306 -0.93301269412040699 -0.87837970256805409 -0.93301269412040699 2024.5000000000002 -1.0000000180025095e-35 0.87837970256805431 1.0000000180025095e-35 1.0000000180025095e-35 7.5000000000000009 -1.0000000180025095e-35 1.5000000000000002 1.7857142686843874 11.500000000000002 1.0000000180025095e-35 -0.87837970256805409 1.0000000180025095e-35 1.0000000180025095e-35 29.892857551574711 -1.0000000180025095e-35 -0.68301269412040699 9.5000000000000018 0.93301269412040722 -0.56174489110708226 2024.5000000000002 1.0000000180025095e-35 0.87837970256805431 8.5000000000000018 1.5000000000000002 25.675168991088871 -0.25000000000000006 10.500000000000002 8.5000000000000018 1.0000000180025095e-35 1.0000000180025095e-35 -0.87837970256805409 -0.87837970256805409 7.5000000000000009 9.5000000000000018 1.0000000180025095e-35 0.6078576147556306 1.0000000180025095e-35 2023.5000000000002 -1.0000000180025095e-35 -0.93301269412040699 1.0000000180025095e-35 2024.5000000000002 1.0000000180025095e-35 -0.68301269412040699 2023.5000000000002 11.500000000000002 0.15000000596046451 2024.5000000000002 -0.87837970256805409 -0.87837970256805409 0.10714286193251611 11.214285850524904
decision_type=2 2 2 2 2 2 2 2 2 2 2 2 2 2 2 2 2 2 2 2 2 2 2 2 2 2 2 2 2 2 2 2 2 2 2 2 2 2 2 2 2 2 2 2 2 2 2 2 2 2 2 2 2 2 2 2 2 2 2 2 2 2
left_child=2 6 22 4 -4 27 20 -8 9 12 21 -12 -9 14 19 -16 17 -15 -18 -10 -2 -11 -1 24 -3 26 31 33 29 -29 -31 -26 -33 -5 -25 36 37 38 42 -40 -38 43 -24 -39 -43 47 -47 -42 49 50 51 -37 -50 60 58 -56 -55 -52 -51 -36 -54 -30
right_child=1 23 3 5 -6 -7 7 8 13 10 11 -13 -14 16 15 -17 18 -19 -20 -21 -22 -23 35 34 25 -27 -28 28 61 30 -32 32 -34 -35 59 48 40 41 39 -41 45 44 -44 -45 -46 46 -48 -49 52 54 57 -53 53 56 55 -57 -58 -59 -60 -61 -62 -63
leaf_value=-0.00059202558557146408 0.0051842734596625256 0.0026950796382104172 0 0.00032345335375440573 0.016521132034179188 -0.00092798901154695886 -0.00051969592718284225 -0.0022422571881212127 -0.00071982772126172984 0.00034988300142579519 0.011532166850700576 0.00097605190258341168 0.008924443960733908 0.015656194913179225 0.0046029173964611397 6.9330528277434684e-05 0.0022252003442514209 0.0032991607574545667 -0.0034432510335141394 0.0011942243764184353 -0.0032052938495281142 -0.0087609314748462713 -0.00094000598630397626 0.0062725563448118504 0.0030030071044769642 -4.4750562389740304e-05 -0.0056538416579027459 -0.00057769305461572037 -0.00066919250017174472 0.011454785982592055 0.0017524265495860809 0.0040672932770819958 0.015105023281331832 0.0017593364614266046 0.0012154280193065418 0.00026968089490308171 -0.0016356339073021417 0.0030578884729954969 0.00013545919162679946 0.002406901578613601 -0.0001125531005237363 -0.0016033110273867583 0.00065224606206110299 -0.0011383427141607155 0.0032826305860500062 0.0026036988268751506 -0.0025234389995675878 0.0033818495609397544 -0.0011214100499298255 0.0075850428225365729 0.0015157580209747429 0.010020391322622764 -0.00063686032926136801 -0.00020667088286245884 -0.00021827390066890881 -0.0019446748828933491 0.0012319532538440062 -0.0011459841245584706 0.0016512417644034853 0.0028822375968268403 -0.0021422322409125113 0.0038188474234810811
leaf_weight=337065 456 14701 2433 34095 1382 20504 16366 3130 28791 1300 3064 1284 580 696 10103 16274 8497 1559 1047 11381 4670 463 48394 1621 3185 13945 425 848 2606 1340 578 621 426 15075 8093 1997 5974 4783 22848 20215 7131 55009 27572 4715 1778 6240 5865 16133 124381 1180 8453 3860 19267 48473 126076 16605 34357 9748 2391 49571 14699 1210
leaf_count=337065 456 14701 2433 34095 1382 20504 16366 3130 28791 1300 3064 1284 580 696 10103 16274 8497 1559 1047 11381 4670 463 48394 1621 3185 13945 425 848 2606 1340 578 621 426 15075 8093 1997 5974 4783 22848 20215 7131 55009 27572 4715 1778 6240 5865 16133 124381 1180 8453 3860 19267 48473 126076 16605 34357 9748 2391 49571 14699 1210
internal_value=6.90601e-08 0.00148295 -0.000284127 0.000750858 0.00598631 0.000488861 0.000746835 0.000904034 0.00116836 0.00317178 0.00539866 0.0084161 -0.000494978 0.000917167 0.000608633 0.001806 0.00265692 0.00711587 0.0016028 -0.000177438 -0.00245791 -0.00204033 -0.000369111 0.00235474 0.00165527 0.00083323 0.00346329 0.00101003 0.00284877 0.00573866 0.00853378 0.00438017 0.00856408 0.000763784 0.00274758 -0.00025136 -1.50646e-05 -0.000263565 0.000203722 0.00120186 0.00109868 -0.00110275 -0.000362029 0.000974278 -0.00145024 0.00156066 0.000119133 0.00231052 -0.000381505 -3.54428e-05 0.0016986 0.00669671 -0.00062586 -9.80853e-05 -0.000320722 -0.000419226 0.000389995 8.99224e-05 0.00361356 0.00264839 -0.00128847 0.000752654
internal_weight=1.25753e+06 202249 1.05528e+06 80071 3815 76256 109661 104535 88169 9821 6111 4348 3710 78348 66549 26377 11799 2255 9544 40172 5126 1763 975209 92588 33303 18602 4657 55752 6582 2766 1918 4232 1047 49170 59285 638144 226657 185314 119029 43063 41343 66285 75966 9498 56787 35369 12105 23264 411487 170310 24058 5857 241177 116796 146252 142681 82830 18201 3571 57664 33966 3816
internal_count=1257529 202249 1055280 80071 3815 76256 109661 104535 88169 9821 6111 4348 3710 78348 66549 26377 11799 2255 9544 40172 5126 1763 975209 92588 33303 18602 4657 55752 6582 2766 1918 4232 1047 49170 59285 638144 226657 185314 119029 43063 41343 66285 75966 9498 56787 35369 12105 23264 411487 170310 24058 5857 241177 116796 146252 142681 82830 18201 3571 57664 33966 3816
is_linear=0
shrinkage=0.05


Tree=52
num_leaves=63
num_cat=0
split_feature=12 12 12 25 11 1 2 2 11 2 25 23 20 23 20 3 1 1 6 20 21 16 11 9 2 3 17 3 12 11 21 10 3 8 3 20 1 11 2 8 17 2 9 8 1 9 11 17 0 1 8 2 2 16 2 20 9 2 23 10 2 9
split_gain=244.502 44.847 16.0056 13.367 12.6815 16.6966 15.2163 13.3699 17.2887 18.7154 12.0389 11.439 11.2981 11.4799 9.57757 8.76546 10.4961 8.21797 7.64527 6.77777 6.73941 6.05253 11.7338 37.6354 55.6487 21.7707 26.163 16.6362 8.93734 7.37714 9.03734 15.0889 42.322 47.4697 22.5196 27.9452 27.3835 8.52698 13.6477 27.0741 71.4623 18.6258 15.1889 9.43373 11.6587 17.6563 8.42739 7.86443 5.95448 5.53277 17.1764 14.4788 15.8383 21.8008 12.5866 9.93086 5.95833 5.42134 5.27302 5.27198 5.79542 5.27173
threshold=346.50000000000006 653.50000000000011 125.50000000000001 4.3868272304534921 -0.25000000000000006 2023.5000000000002 6.5000000000000009 11.500000000000002 0.68301269412040722 9.5000000000000018 1.0000000180025095e-35 18.144262313842777 0.21428572386503222 2.6322140693664555 7.7857143878936776 4.5000000000000009 2024.5000000000002 2024.5000000000002 1.0000000180025095e-35 1.928571403026581 19.392857551574711 1.0000000180025095e-35 -0.68301269412040699 -0.56174489110708226 6.5000000000000009 3.5000000000000004 1.0000000180025095e-35 3.5000000000000004 35.500000000000007 0.68301269412040722 1.0000000180025095e-35 -0.25000000000000006 1.5000000000000002 -0.87837970256805409 1.5000000000000002 1.0000000180025095e-35 2023.5000000000002 1.0000000180025095e-35 7.5000000000000009 0.87837970256805431 1.0000000180025095e-35 8.5000000000000018 1.0000000180025095e-35 1.0000000180025095e-35 2024.5000000000002 1.0000000180025095e-35 -0.93301269412040699 1.0000000180025095e-35 1268.5000000000002 2023.5000000000002 1.0000000180025095e-35 11.500000000000002 10.500000000000002 1.0000000180025095e-35 9.5000000000000018 2.0714285373687749 -0.56174489110708226 2.5000000000000004 8.5481815338134783 0.68301269412040722 11.500000000000002 1.0000000180025095e-35
decision_type=2 2 2 2 2 2 2 2 2 2 2 2 2 2 2 2 2 2 2 2 2 2 2 2 2 2 2 2 2 2 2 2 2 2 2 2 2 2 2 2 2 2 2 2 2 2 2 2 2 2 2 2 2 2 2 2 2 2 2 2 2 2
left_child=2 11 21 10 6 48 18 8 9 57 -4 12 59 19 58 16 -10 -8 -3 -14 -13 29 23 24 25 -23 -27 28 -26 37 -31 32 -32 -34 35 -33 -36 38 42 41 -41 -40 47 44 -39 -46 -44 -1 -6 50 55 52 54 -54 -51 56 -12 -7 -15 60 -2 -9
right_child=1 4 3 -5 5 7 17 61 15 -11 49 20 13 14 -16 -17 -18 -19 -20 -21 -22 22 -24 -25 27 26 -28 -29 -30 30 31 34 33 -35 36 -37 -38 43 39 40 -42 -43 46 -45 45 -47 -48 -49 -50 51 -52 -53 53 -55 -56 -57 -58 -59 -60 -61 -62 -63
leaf_value=-0.00078956245037367472 0.0012515940405410349 0.0021550574084931969 -0.00081598076559190108 -0.00050471736819754723 0.0038371228725565527 0.00052966075235729273 0.0046047771234245423 -0.0024643306027377996 0.0045742827231560748 -0.0017118755807537284 -0.0006028223982928498 -0.00073064863089408185 0.0024509218940747444 0.0010641134616294968 0.0021993619063802893 0.00097936346170182588 0.001516032576012839 0.0026368279846693452 -0.0015083896068686015 0.0067478459900177264 0.00056101420953913364 -0.0049819553630656953 -0.0017409824091063877 -0.0018208096387980826 0.0099657846066289694 0.0092279491089814966 -0.0058733117616450031 -0.0017263681921594462 0.022942642808861755 -0.00038716107124076428 -0.0023406702716768559 0.0041646215698078895 -0.0022564292817423034 0.0046505433353158888 0.0034846014814278571 -0.00049963438448812731 -0.001350110205894635 -0.00094182017096124571 0.00034074638897818203 0.0010735157625582578 0.013842907958530168 -0.0011380077026865393 0.00055310227031722735 -0.0011858363598662883 0.0011066176537539883 -0.00080402864891627882 -0.00036442529904728941 -0.0030609150285099613 0.00047076944357058408 0.00064380227405354024 -0.0014036178198250197 -0.0019985463570112521 0.0055904405424023864 -0.0018189587626801004 -0.0018396004532715796 0.013336068827187689 0.0049501649880138296 0.0019693120320197544 -0.0002115776669984932 -0.0013192829500370158 -0.0016206227402408202 0.00055975890337039232
leaf_weight=173895 7631 32364 18071 65861 9798 10602 11532 2976 8184 5766 629 15929 10436 25819 13922 4650 4278 9858 1488 1008 27586 919 22345 6465 185 1004 401 108 486 122855 5113 5862 3272 10365 3259 7098 28862 58919 59557 12499 1201 33143 33531 80300 23066 25412 98643 3898 1521 85240 1975 5482 3417 1398 5426 294 2060 17112 11795 5688 2280 2790
leaf_count=173895 7631 32364 18071 65861 9798 10602 11532 2976 8184 5766 629 15929 10436 25819 13922 4650 4278 9858 1488 1008 27586 919 22345 6465 185 1004 401 108 486 122855 5113 5862 3272 10365 3259 7098 28862 58919 59557 12499 1201 33143 33531 80300 23066 25412 98643 3898 1521 85240 1975 5482 3417 1398 5426 294 2060 17112 11795 5688 2280 2790
internal_value=6.84515e-08 0.00141736 -0.00034289 7.09034e-05 0.00209157 0.00163254 0.00265384 0.00128043 0.00154046 0.00087944 0.000376697 0.000738557 0.00109871 0.00139709 0.00107883 0.00283345 0.00352486 0.00369806 0.00199388 0.00282989 8.80756e-05 -0.00043839 -0.00111357 0.000351149 0.00487788 0.000998702 0.00491424 0.0164426 0.0193743 -0.000411135 -0.000136384 0.000346205 0.00153823 0.00299294 -0.000149472 0.00160971 -0.000859415 -0.000496038 -0.000369886 0.00011867 0.00219339 -0.000187899 -0.000537605 -0.000775855 -0.000469267 0.000104961 -0.000131621 -0.00083939 0.00338522 0.000580226 0.00221122 0.000500081 0.000643593 0.00343814 0.000495123 0.00460619 0.0036494 0.00141876 0.00066395 -0.00010567 0.000590334 -0.00100021
internal_weight=1.25753e+06 245013 1.01252e+06 189853 122919 67677 55242 56358 50592 33480 123992 122094 78579 62980 51536 17112 12462 21390 33852 11444 43515 822663 31913 9568 3103 2324 1405 779 671 790750 186686 63831 18750 13637 45081 12960 32121 604064 416367 106400 13700 92700 309967 187697 107397 48478 132174 177793 11319 105921 4958 100963 95481 4815 90666 2983 2689 27714 37614 15599 9911 5766
internal_count=1257529 245013 1012516 189853 122919 67677 55242 56358 50592 33480 123992 122094 78579 62980 51536 17112 12462 21390 33852 11444 43515 822663 31913 9568 3103 2324 1405 779 671 790750 186686 63831 18750 13637 45081 12960 32121 604064 416367 106400 13700 92700 309967 187697 107397 48478 132174 177793 11319 105921 4958 100963 95481 4815 90666 2983 2689 27714 37614 15599 9911 5766
is_linear=0
shrinkage=0.05


Tree=53
num_leaves=63
num_cat=0
split_feature=12 12 13 22 25 12 13 24 1 16 12 12 25 21 9 22 10 20 10 21 13 8 14 14 20 10 9 1 10 8 1 16 10 10 8 0 10 4 8 4 13 9 10 22 1 8 20 10 9 10 16 12 1 9 10 10 9 1 13 8 23 9
split_gain=221.426 46.2541 14.0808 15.7732 11.4859 10.4819 15.288 10.1745 9.98607 9.23013 7.97752 7.95189 7.65872 8.39535 7.61386 22.1657 13.0384 19.7731 12.5036 7.62266 7.58639 6.81007 6.25306 6.15611 6.05464 7.82839 9.95965 6.02004 7.07545 11.9592 10.7688 8.21457 7.89166 7.87391 7.23411 6.42644 6.10834 6.66175 5.46296 5.38899 4.77755 4.70527 4.65844 4.65475 10.7102 19.7053 17.0581 10.4789 21.32 8.20824 4.64277 4.99397 5.93667 9.53084 11.1705 6.10099 22.1445 8.11642 4.63884 5.98275 4.63837 4.59604
threshold=309.00000000000006 737.00000000000011 3.2630530595779423 0.28333334624767309 4.9378318786621103 88.500000000000014 19.151821136474613 3.3663654327392583 2024.5000000000002 1.0000000180025095e-35 495.50000000000006 612.50000000000011 51.109556198120124 31.964285850524906 1.0000000180025095e-35 1.0000000180025095e-35 -0.68301269412040699 0.5000000149011613 0.68301269412040722 0.39285714924335485 25.608389854431156 -0.87837970256805409 19.918363571166996 4.5212016105651864 1.0000000180025095e-35 -0.68301269412040699 -0.56174489110708226 2024.5000000000002 -0.25000000000000006 0.87837970256805431 2023.5000000000002 1.5000000000000002 1.0000000180025095e-35 -0.68301269412040699 1.0000000180025095e-35 1327.5000000000002 0.25000000000000011 1.0000000180025095e-35 -1.0000000180025095e-35 1.0000000180025095e-35 14.43563747406006 -0.56174489110708226 0.68301269412040722 1.0000000180025095e-35 2023.5000000000002 1.0000000180025095e-35 0.21428572386503222 -0.25000000000000006 1.0000000180025095e-35 1.0000000180025095e-35 1.0000000180025095e-35 5.5000000000000009 2024.5000000000002 1.0000000180025095e-35 -0.68301269412040699 -0.25000000000000006 1.0000000180025095e-35 2023.5000000000002 19.151821136474613 1.0000000180025095e-35 0.43295724689960485 -0.56174489110708226
decision_type=2 2 2 2 2 2 2 2 2 2 2 2 2 2 2 2 2 2 2 2 2 2 2 2 2 2 2 2 2 2 2 2 2 2 2 2 2 2 2 2 2 2 2 2 2 2 2 2 2 2 2 2 2 2 2 2 2 2 2 2 2 2
left_child=5 2 3 22 10 6 50 8 43 12 -5 27 23 -14 24 18 17 -17 -16 -18 38 -11 -2 -3 -10 -26 -27 28 29 33 34 -31 -32 -4 -30 40 -37 -38 -13 -15 -29 -24 -40 58 45 46 -45 48 -46 -49 51 -1 55 61 -55 56 -53 -57 -7 -60 -12 -54
right_child=1 9 11 4 -6 7 -8 -9 14 21 60 20 13 39 15 16 19 -19 -20 -21 -22 -23 41 -25 25 26 -28 35 30 31 32 -33 -34 -35 -36 36 37 -39 42 -41 -42 -43 -44 44 47 -47 -48 49 -50 -51 -52 52 53 54 -56 57 -58 -59 59 -61 -62 -63
leaf_value=-0.00074584607729625001 -0.0019073401804684806 -0.0024581695363089227 -0.00076608244797642545 0.0021785384084310679 0.00042582803104792324 -0.00076577879204143531 0.0047181507518592848 -0.00062119306883754843 -0.00064289260162732928 0.001189803661569123 -0.0029232086869228693 0.0028550426960817781 -0.0035886255931201734 0.0015929342092306604 0.019349523262045521 7.3424432787491493e-05 0.0016017411431328956 0.0096658830154174834 -0.0013216747241840874 -0.00019647912914765519 0.00032698791240579083 0.0025707431696718052 0.020004075576064637 0.0026402687347014792 -0.0019552780039496518 0.0021558864998002295 -0.00011999496105066066 0.0010305667548001949 0.0036124822574925769 0.0051207380272250422 -0.002716921898767816 0.00042936948451808611 -0.00048044396125211224 0.0010991453438525419 -0.0007307198930563357 0.0053083216622141979 -0.00033944796574203473 0.0052306226722596723 0.0017465073666240204 -0.00042582896769406263 -0.00024137227390082878 0.0027298982738438874 -0.00063262326533518223 0.0012707606199830403 0.0014897997307667863 -0.0014273397314335005 0.0079575464943105311 -0.0019367588659548502 -0.00084783074300928446 -0.00028624780550316216 -0.0011383055682683807 0.00024432372261996171 -0.0001595251520940681 0.0018020071214442342 1.7428777753376313e-05 0.0004147667016224664 -0.00093875154906830106 -0.00077091511382948365 -0.0046328362608959147 0.0069635362507308972 0.0053192013472368304 -0.00073389066336331139
leaf_weight=105280 3640 628 11528 20962 8819 29628 1433 62197 14142 10340 180 7842 1107 9968 261 1083 12779 1068 101 10929 14556 66054 51 10060 2482 9698 9524 19666 2463 2241 4678 1603 25217 11110 1567 1423 1889 749 7678 4941 11811 177 2807 2141 22927 2521 1723 9239 16973 40850 23774 91100 69142 9690 92297 15618 69897 189443 152 410 3033 70239
leaf_count=105280 3640 628 11528 20962 8819 29628 1433 62197 14142 10340 180 7842 1107 9968 261 1083 12779 1068 101 10929 14556 66054 51 10060 2482 9698 9524 19666 2463 2241 4678 1603 25217 11110 1567 1423 1889 749 7678 4941 11811 177 2807 2141 22927 2521 1723 9239 16973 40850 23774 91100 69142 9690 92297 15618 69897 189443 152 410 3033 70239
internal_value=6.5364e-08 0.00127258 0.000755144 0.00161689 0.00197109 -0.000345861 -0.000440778 -6.66065e-05 0.00011623 0.00210411 0.00253459 0.000508529 0.0013035 0.000611353 0.000635744 0.00128327 0.00111103 0.00483876 0.0135696 0.000772583 0.00117958 0.0023839 -0.00140308 0.00234021 0.000161945 0.000686597 0.00102799 0.000278488 -2.52138e-05 0.000587172 -0.000503393 0.00316574 -0.000830585 0.000149091 0.00192248 0.000794855 0.00266708 0.00124029 0.00185646 0.000923561 0.000553144 0.00662286 0.0011091 -0.0001385 3.11631e-05 0.00200999 0.00425389 -0.000109188 0.000495274 -0.00059079 -0.000450823 -0.000427883 -0.000372765 -0.000180233 0.000187036 -0.000499701 -0.000269279 -0.000680586 -0.000680272 0.00381799 0.00485581 -0.000449004
internal_weight=1.25753e+06 268788 165690 36862 32994 988741 737913 250828 188631 103098 24175 128828 26704 16016 62067 26221 25859 2151 362 23708 32883 76394 3868 10688 35846 21704 19222 95945 60407 26482 33925 3844 29895 22638 4030 35538 4061 2638 18327 14909 31477 228 10485 126564 96374 6385 3864 89989 39900 50089 736480 712706 607426 241368 101987 366058 160997 205061 30190 562 3213 139381
internal_count=1257529 268788 165690 36862 32994 988741 737913 250828 188631 103098 24175 128828 26704 16016 62067 26221 25859 2151 362 23708 32883 76394 3868 10688 35846 21704 19222 95945 60407 26482 33925 3844 29895 22638 4030 35538 4061 2638 18327 14909 31477 228 10485 126564 96374 6385 3864 89989 39900 50089 736480 712706 607426 241368 101987 366058 160997 205061 30190 562 3213 139381
is_linear=0
shrinkage=0.05


Tree=54
num_leaves=63
num_cat=0
split_feature=12 12 12 25 22 11 10 11 11 12 1 25 1 8 6 19 11 18 8 8 14 14 1 10 0 11 9 16 11 1 9 11 8 8 17 1 16 11 21 10 9 9 9 18 8 10 17 23 8 8 18 11 18 12 11 8 8 10 12 10 9 10
split_gain=199.92 33.4979 17.7505 12.1338 14.0893 9.12455 11.7701 11.2553 13.5679 9.08801 8.95022 8.79924 8.72246 11.3913 10.5547 8.70304 11.4958 10.9428 8.65685 8.55006 8.2923 8.01556 7.84154 6.96054 11.5658 12.7315 13.6111 20.7188 13.1438 10.1213 9.82084 8.90489 8.85947 7.70313 7.58666 6.77841 9.12705 9.87308 12.8128 12.6413 44.1223 38.6942 11.7356 11.5226 9.01816 75.401 87.6971 10.5821 8.67332 8.39649 48.0451 115.953 17.1485 16.3745 16.7304 24.9912 11.16 10.0762 12.3717 8.27371 6.47133 6.35964
threshold=536.00000000000011 221.50000000000003 1055.0000000000002 4.9378318786621103 0.15000000596046451 -0.25000000000000006 1.0000000180025095e-35 0.68301269412040722 0.25000000000000011 309.00000000000006 2024.5000000000002 7.4861176013946542 2024.5000000000002 0.87837970256805431 1.0000000180025095e-35 1.5000000000000002 0.93301269412040722 1.0000000180025095e-35 0.87837970256805431 1.0000000180025095e-35 284.48214721679693 19.918363571166996 2024.5000000000002 -0.25000000000000006 1352.5000000000002 0.68301269412040722 -0.56174489110708226 1.0000000180025095e-35 -0.25000000000000006 2024.5000000000002 1.0000000180025095e-35 0.68301269412040722 0.87837970256805431 1.0000000180025095e-35 1.0000000180025095e-35 2024.5000000000002 2.5000000000000004 0.68301269412040722 0.10714286193251611 -0.25000000000000006 1.0000000180025095e-35 -0.56174489110708226 0.81174489855766307 1.0000000180025095e-35 0.87837970256805431 -0.93301269412040699 1.0000000180025095e-35 1.479938328266144 -0.60785761475563038 -0.87837970256805409 1.0000000180025095e-35 0.25000000000000011 1.0000000180025095e-35 18.500000000000004 -0.93301269412040699 -1.0000000180025095e-35 1.0000000180025095e-35 0.68301269412040722 56.500000000000007 0.25000000000000011 1.0000000180025095e-35 -0.93301269412040699
decision_type=2 2 2 2 2 2 2 2 2 2 2 2 2 2 2 2 2 2 2 2 2 2 2 2 2 2 2 2 2 2 2 2 2 2 2 2 2 2 2 2 2 2 2 2 2 2 2 2 2 2 2 2 2 2 2 2 2 2 2 2 2 2
left_child=1 35 5 4 21 6 11 8 12 -6 19 -2 14 -14 18 17 -17 -9 -7 -8 -16 -3 -13 24 25 28 27 -27 33 30 -25 -32 -28 -5 -30 36 37 44 42 41 -41 -40 43 -39 47 46 -46 48 -1 50 -37 -52 53 -51 55 -55 -56 -53 -59 -44 -19 -49
right_child=2 3 -4 23 9 7 10 15 -10 -11 -12 22 13 -15 20 16 -18 60 -20 -21 -22 -23 -24 29 -26 26 32 -29 34 -31 31 -33 -34 -35 -36 49 -38 38 39 40 -42 -43 59 -45 45 -47 -48 61 -50 52 51 57 -54 54 56 -57 -58 58 -60 -61 -62 -63
leaf_value=-0.00024767062670790803 0.0069286675347551095 -0.0013870039530431543 0.0023989891302822431 -0.00027832694312746091 0.00066998670163425918 0.00087696188959723225 0.0013385814773600475 0.0011694110734419038 -0.00091259335471588715 0.0019681434088983183 0.0020297904427159894 0.0034614082773053497 0.0038010732908371949 -0.0032123091482125278 -0.0023066618278105551 0.0015588109482017965 -0.0022693523960107763 0.0022232459764355054 0.006347642018502484 -0.0010649677195429508 0.0090584095764699116 0.0018482495770256076 0.0013630768755689159 -0.0015247320968888329 0.003149832982410511 0.013429587315799766 -0.00033243777958989252 0.00099977747642420118 -0.0026266920856860866 0.00044341039070771991 -0.00085411752606801049 0.0015615668751371658 0.0063908209761482059 0.0019238342335480417 0.00078255539560481723 -0.001092315932566548 -0.0020467137826031502 -0.00071270411895979816 0.0049557140856284262 -0.0018312878715772392 0.002065874316554818 7.4022060218031859e-05 0.0012389048193543479 0.0019090664441344112 0.0018538254788759336 -0.00063303343634291392 0.016462453776480247 -0.0038605335006193587 -0.00082097413149358461 -0.00045705240240404162 -0.0017722469194860588 -0.0048999880842012398 -0.0016133449373231174 0.0036345374132953634 -0.00032339878702596938 0.00031321572003032349 0.00050753082870490566 0.014300184624710988 0.027548296986511525 -0.0015574272052839161 0.0049784225814342876 -0.0014169331511175527
leaf_weight=98734 1186 8694 52216 8943 28844 5644 8632 13332 14608 25341 15106 9518 4482 664 3484 5469 3057 4782 830 6474 168 2454 8386 20231 4086 645 2552 700 6247 30387 9266 6484 606 7138 2206 51835 9049 102194 5817 16339 13074 13440 15361 4369 3973 46068 1386 3548 198988 126176 1554 34 17785 8777 80216 15978 81422 278 493 3194 3860 10725
leaf_count=98734 1186 8694 52216 8943 28844 5644 8632 13332 14608 25341 15106 9518 4482 664 3484 5469 3057 4782 830 6474 168 2454 8386 20231 4086 645 2552 700 6247 30387 9266 6484 606 7138 2206 51835 9049 102194 5817 16339 13074 13440 15361 4369 3973 46068 1386 3548 198988 126176 1554 34 17785 8777 80216 15978 81422 278 493 3194 3860 10725
internal_value=6.28373e-08 -0.000242275 0.00164009 0.000414713 0.000944117 0.00127876 0.00178354 0.000866503 0.000176611 0.0012772 0.00116914 0.00275562 0.00121879 0.0028951 0.000366372 0.0015422 0.000185625 0.00206833 0.00157919 0.000308158 -0.00178224 -0.000674372 0.00247887 6.70164e-05 0.000659044 0.000308365 0.0027522 0.00696481 -0.000139985 -0.000228378 -0.000795862 0.000140064 0.000956291 0.000698859 -0.00173638 -0.000358617 -0.000471832 -0.000445295 -0.000135287 0.000553021 -9.88386e-05 0.00154892 -0.000403074 -0.000605165 -0.000593526 1.9861e-05 0.00563323 -0.000694648 -0.000630866 -0.000197779 -0.000774636 0.00620347 -0.000103131 -1.71846e-05 0.000280551 0.00149102 9.5135e-05 0.0216046 0.0227804 0.000757278 0.00345448 -0.00202474
internal_weight=1.25753e+06 1.09563e+06 161898 164824 65333 109682 49302 60380 29880 54185 30212 19090 15272 5146 10126 30500 8526 21974 6474 15106 3652 11148 17904 99491 33123 29037 4503 1345 24534 66368 35981 15750 3158 16081 8453 930807 546259 537210 173788 48670 29413 19257 125118 106563 363422 51427 5359 311995 297722 384548 54194 2359 330354 312569 186393 24755 161638 805 771 18555 8642 14273
internal_count=1257529 1095631 161898 164824 65333 109682 49302 60380 29880 54185 30212 19090 15272 5146 10126 30500 8526 21974 6474 15106 3652 11148 17904 99491 33123 29037 4503 1345 24534 66368 35981 15750 3158 16081 8453 930807 546259 537210 173788 48670 29413 19257 125118 106563 363422 51427 5359 311995 297722 384548 54194 2359 330354 312569 186393 24755 161638 805 771 18555 8642 14273
is_linear=0
shrinkage=0.05


Tree=55
num_leaves=63
num_cat=0
split_feature=12 12 12 13 13 1 6 25 22 10 2 13 1 11 1 2 2 11 2 22 0 9 1 25 3 8 14 0 12 1 14 12 25 1 10 12 20 10 6 24 11 13 2 13 2 2 0 3 12 22 12 9 6 13 8 1 9 17 12 12 13 22
split_gain=181.108 33.6272 12.4692 13.7799 10.4268 10.4975 18.5652 10.3102 10.327 9.12061 11.439 10.3753 9.02748 9.00763 12.3661 11.4961 10.6888 13.8478 13.994 7.94247 7.84439 7.72056 7.6747 6.94852 6.92776 6.75311 6.68597 6.38206 6.36487 6.00862 5.844 5.58482 7.21422 5.27849 6.25611 5.19165 5.17432 5.09187 5.06669 4.9344 4.90445 13.4302 8.44547 8.35483 5.83607 6.65371 4.5954 4.52971 4.36108 5.72161 4.33204 4.69046 4.18862 4.09354 7.84166 4.09786 7.7033 3.81473 3.62348 3.60899 5.49382 4.58163
threshold=346.50000000000006 737.00000000000011 114.50000000000001 19.151821136474613 20.493628501892093 2024.5000000000002 1.0000000180025095e-35 3.3187900781631474 1.0000000180025095e-35 -0.25000000000000006 8.5000000000000018 19.151821136474613 2023.5000000000002 -0.25000000000000006 2023.5000000000002 6.5000000000000009 11.500000000000002 0.68301269412040722 9.5000000000000018 2.0166666507720952 1327.5000000000002 1.0000000180025095e-35 2024.5000000000002 4.8063657283782968 4.5000000000000009 0.87837970256805431 0.12429775297641756 1327.5000000000002 891.50000000000011 2024.5000000000002 0.28647416830062872 180.50000000000003 1.0173745751380923 2024.5000000000002 -0.25000000000000006 43.500000000000007 1.0000000180025095e-35 -0.25000000000000006 1.0000000180025095e-35 1.0000000180025095e-35 0.68301269412040722 0.019016572274267677 11.500000000000002 0.018638804554939273 9.5000000000000018 7.5000000000000009 1327.5000000000002 5.5000000000000009 700.00000000000011 37.150001525878913 1259.5000000000002 1.0000000180025095e-35 1.0000000180025095e-35 19.151821136474613 1.0000000180025095e-35 2024.5000000000002 1.0000000180025095e-35 41.500000000000007 513.00000000000011 252.50000000000003 4.1456201076507577 5.4833333492279062
decision_type=2 2 2 2 2 2 2 2 2 2 2 2 2 2 2 2 2 2 2 2 2 2 2 2 2 2 2 2 2 2 2 2 2 2 2 2 2 2 2 2 2 2 2 2 2 2 2 2 2 2 2 2 2 2 2 2 2 2 2 2 2 2
left_child=2 4 3 30 5 6 9 8 39 10 -2 -12 26 15 20 38 17 18 36 31 -15 -14 24 -7 -19 27 -11 58 -22 -17 35 32 37 34 -33 -1 -16 -10 -3 53 44 43 -43 -42 45 -37 -31 -29 49 -6 51 -18 -27 55 -55 -4 -57 -20 -25 -9 61 -61
right_child=1 13 7 -5 48 23 -8 59 19 12 11 -13 21 14 16 29 50 22 57 -21 28 -23 -24 25 -26 52 -28 47 -30 46 -32 33 -34 -35 -36 40 -38 -39 -40 -41 41 42 -44 -45 -46 -47 -48 -49 -50 -51 -52 -53 -54 54 -56 56 -58 -59 -60 60 -62 -63
leaf_value=-0.00045240498073012716 0.0029000205613954212 0.0019414659602485689 -0.00062864208001113552 0.0043459713224744314 -0.00086068239771554299 0.0032209788261008915 -0.0024491431834277461 -0.0006791862536628207 0.0017361690735103203 -0.0013679229732237784 0.0005610708478533111 0.0073337719457004296 -0.00078386547844698214 0.0034874272131736974 -0.0046646790449489219 0.0042624709624937591 -0.0036341927926049292 0.0043345069937983987 -0.0031368370717479404 0.005874096346196931 -0.0086861000472236403 0.00088479314971786542 0.0010477313842264576 0.00083582813791496606 0.0013224405064506885 0.00012240194425217779 0.0032146454722498941 0.0027425170902224466 0.0021374654222642425 0.0021319427480630377 -0.00092903650538527025 0.001572013630967506 -0.00028434437707304674 0.0017767960908464026 -2.3070282110757953e-05 -0.00037680053669638395 0.0013646925866308824 0.00033407181387515571 -0.0013143971385239516 -0.0025401241627875707 0.0055800478690229078 0.00059012073808941735 -0.00062455010789580663 0.025342177264344679 -0.0013526657858096865 0.00041198821132002768 0.0071925392649830446 0.0072393816069616403 0.0013079807300618868 0.00043738398684638782 0.0016084277066273655 -6.3708397837846251e-05 -0.0046014473355568608 -0.0042941001431470198 0.0079474415209672966 -0.00052679253214803743 0.012645713619707184 -0.00032424274033446179 0.0021723292281411216 0.00032764140089695522 -0.00065880747431717123 0.0032291510947972685
leaf_weight=503060 9644 27144 16958 1536 16225 6032 4607 45842 9503 1001 17905 584 16050 8949 361 9672 1904 6864 2338 693 244 12201 4836 13755 2652 3852 3859 3397 305 7791 47990 9672 34037 13386 16851 141474 22883 20363 1248 3035 173 40593 22099 78 12348 32959 477 673 5744 17800 1147 1785 534 198 383 321 169 2498 8052 19190 18140 1465
leaf_count=503060 9644 27144 16958 1536 16225 6032 4607 45842 9503 1001 17905 584 16050 8949 361 9672 1904 6864 2338 693 244 12201 4836 13755 2652 3852 3859 3397 305 7791 47990 9672 34037 13386 16851 141474 22883 20363 1248 3035 173 40593 22099 78 12348 32959 477 673 5744 17800 1147 1785 534 198 383 321 169 2498 8052 19190 18140 1465
internal_value=6.21431e-08 0.00121986 -0.000295105 -0.000384919 0.000720537 0.000987959 0.000611529 4.76702e-05 0.00033518 0.00084185 0.00150384 0.000775305 0.000279228 0.00190713 0.00148467 0.00242462 0.00115369 0.00140758 0.000761563 0.000538778 0.00313128 -6.30301e-05 0.00267115 0.00167078 0.00349563 0.00136163 0.00226975 0.00166916 -0.00266461 0.00341574 -0.000394 0.000503109 0.000213189 0.000967205 0.000558416 -0.000359885 0.00127082 0.000780374 0.00179817 -0.000674696 -0.000173486 0.000208172 0.000161868 0.0117488 -0.000302127 -0.000227731 0.00242459 0.00348749 3.35435e-05 -0.00018146 -0.00107288 -0.00190794 -0.000451683 -0.00036038 0.003767 -0.000498125 0.00400783 -0.00168508 0.00132955 -0.000378825 -2.37745e-05 0.000533694
internal_weight=1.25753e+06 245013 1.01252e+06 802310 141915 102146 65851 210206 125569 61244 28133 18489 33111 103098 56766 46332 47268 42432 28080 104505 9498 28251 14352 36295 9516 30263 4860 25877 549 17940 800774 103812 63903 39909 26523 752784 23244 29866 28392 21064 249724 62943 62692 251 186781 174433 8268 4070 39769 34025 4836 3689 4386 18029 581 17448 490 4836 21807 84637 38795 20655
internal_count=1257529 245013 1012516 802310 141915 102146 65851 210206 125569 61244 28133 18489 33111 103098 56766 46332 47268 42432 28080 104505 9498 28251 14352 36295 9516 30263 4860 25877 549 17940 800774 103812 63903 39909 26523 752784 23244 29866 28392 21064 249724 62943 62692 251 186781 174433 8268 4070 39769 34025 4836 3689 4386 18029 581 17448 490 4836 21807 84637 38795 20655
is_linear=0
shrinkage=0.05


Tree=56
num_leaves=63
num_cat=0
split_feature=12 17 12 13 13 12 22 10 24 1 1 12 21 15 12 19 2 2 2 19 8 8 2 2 24 12 9 0 22 19 12 10 1 6 19 13 21 13 14 1 13 21 21 8 2 25 22 8 2 16 8 8 8 24 0 2 8 12 21 2 4 10
split_gain=164.358 20.4054 20.2658 12.6295 11.6975 9.41086 9.30439 7.90277 7.66751 7.27014 7.29864 7.2349 7.02347 7.70991 6.91395 6.59024 28.3959 8.78986 14.735 12.0613 6.40216 6.30164 6.10541 8.38219 6.10052 5.91863 5.90057 6.544 7.11189 6.87407 6.92761 6.04915 10.2785 7.47992 7.32902 5.77064 5.64314 5.38589 5.55208 8.05608 7.86463 7.17868 5.33973 4.78821 4.77861 8.24682 4.75052 4.72782 4.69748 8.37414 9.3665 12.3753 5.85188 4.42207 4.33907 4.25701 49.942 25.8352 5.73929 4.20839 5.31336 4.1867
threshold=435.50000000000006 1.0000000180025095e-35 160.50000000000003 19.151821136474613 1.3044582009315493 1147.5000000000002 0.050000002607703216 -0.25000000000000006 26.305788993835453 2024.5000000000002 2023.5000000000002 317.50000000000006 0.82142856717109691 1.0000000180025095e-35 266.00000000000006 1.5000000000000002 1.5000000000000002 3.5000000000000004 4.5000000000000009 1.0000000180025095e-35 1.0000000180025095e-35 1.0000000180025095e-35 8.5000000000000018 10.500000000000002 7.572542905807496 913.00000000000011 -0.56174489110708226 1327.5000000000002 6.0499999523162851 141.50000000000003 802.00000000000011 -0.25000000000000006 2024.5000000000002 1.0000000180025095e-35 15.500000000000002 5.2883694171905526 22.821429252624515 25.608389854431156 0.24865591526031497 2023.5000000000002 19.151821136474613 1.0000000180025095e-35 1.1071428656578066 1.0000000180025095e-35 10.500000000000002 8.08709764480591 10.750000000000002 -1.0000000180025095e-35 10.500000000000002 1.5000000000000002 1.0000000180025095e-35 -0.87837970256805409 0.87837970256805431 53.761837005615241 434.50000000000006 1.5000000000000002 0.6078576147556306 42.500000000000007 1.0000000180025095e-35 5.5000000000000009 1.0000000180025095e-35 -0.25000000000000006
decision_type=2 2 2 2 2 2 2 2 2 2 2 2 2 2 2 2 2 2 2 2 2 2 2 2 2 2 2 2 2 2 2 2 2 2 2 2 2 2 2 2 2 2 2 2 2 2 2 2 2 2 2 2 2 2 2 2 2 2 2 2 2 2
left_child=2 8 3 12 6 24 -4 11 25 10 21 -8 13 55 -6 17 20 19 -19 -15 -17 -9 36 -24 43 37 31 29 -29 30 -28 44 34 -34 -33 46 -10 38 54 40 -40 -41 -13 -3 -26 -46 47 -16 -14 50 51 -50 -52 -38 -2 56 58 -58 -1 -55 -61 -30
right_child=1 5 4 -5 14 -7 7 9 22 -11 -12 42 48 15 35 16 -18 18 -20 -21 -22 -23 23 -25 26 -27 27 28 61 -31 -32 32 33 -35 -36 -37 53 -39 39 41 -42 -43 -44 -45 45 -47 -48 -49 49 -51 52 -53 -54 59 -56 -57 57 -59 -60 60 -62 -63
leaf_value=-0.00037878989417911376 0.0036150814204781489 0.0037900615484365227 -0.0009815900594392381 0.0040106186467414422 -0.00055770971466453142 0.0024343616799353961 0.001412140982151361 0.0041751285302989291 -0.00095848478192953513 0.0014246503642371619 -0.00038281448062176367 0.0020100092757238219 -0.0014113365872550051 -0.0014697792199636504 0.0011141290578822855 -0.0059952688090044171 -0.0032393811779898637 0.0049206735443477903 0.00041909047118629295 0.01050481102681447 0.022859438624672521 -0.00059134403069709129 -0.0024290456877508228 0.00033062294328877281 0.0024829623174862855 0.0036473934306046375 0.00041637316926738027 -0.0061856205259007493 0.0048115740730096217 -0.0013930809737046227 0.0017292562168291039 0.00041327197994317499 0.001975218716503534 0.0064305369177702562 -0.0067243114520451801 -0.00025778094247734453 0.0021699438471301331 -0.00070664913321958473 0.0027578330469391604 -0.0031408552648241046 0.0097323858768545331 0.0013033166340258896 0.0062394583582995817 0.0012790208767340426 0.0010303229988910625 0.0083867231369407682 0.0055649725541525863 9.6785937876322288e-05 -0.0021621723029748882 -0.0039224012270644218 -0.0034106086086384993 0.00667610169197931 0.0029288896929579394 9.3566390935509054e-05 -0.0035248761916698863 -0.00039399789715867985 0.00065010982287220685 0.0042080370524720254 -0.0014595066596106844 0.0027685584195893077 -0.0004722589495159989 0.0018815275313165077
leaf_weight=27599 271 4710 6587 1661 43538 36223 15624 1773 4679 14878 18425 1519 23612 7711 20009 21 336 1966 24176 216 194 1136 4431 7253 6359 2387 23011 217 2030 3266 17854 6390 4723 1179 381 35831 5607 3789 2533 940 482 26667 1476 3193 624 985 474 26632 574 901 1081 1272 548 13566 981 740498 13246 8303 22164 3866 1876 3075
leaf_count=27599 271 4710 6587 1661 43538 36223 15624 1773 4679 14878 18425 1519 23612 7711 20009 21 336 1966 24176 216 194 1136 4431 7253 6359 2387 23011 217 2030 3266 17854 6390 4723 1179 381 35831 5607 3789 2533 940 482 26667 1476 3193 624 985 474 26632 574 901 1081 1272 548 13566 981 740498 13246 8303 22164 3866 1876 3075
internal_value=6.17795e-08 0.0013403 -0.000243735 -0.000344797 0.000227434 0.00176817 0.000793575 0.00100692 0.000724151 0.000576293 -1.51073e-05 0.00184418 -0.000353076 -0.0003273 -4.74329e-05 0.000403371 0.00582791 0.000315476 0.000757839 -0.00114273 0.0200163 0.00231209 0.000252041 -0.000715528 0.00145872 0.00123618 0.0013101 0.00101352 0.00267018 0.000813612 0.0009901 0.00202043 0.001341 0.00286617 1.08127e-05 0.000220349 0.000634217 0.00107464 0.00128655 0.00142008 0.00387478 0.0011518 0.00409618 0.0027762 0.00310039 0.00553712 0.000584074 0.000533335 -0.00113243 0.000371336 0.00148614 0.00392523 -0.00127487 0.000933528 -0.00197525 -0.000358466 1.04226e-05 0.00202125 -0.000860234 0.000574207 0.00170887 0.00304771
internal_weight=1.25753e+06 193548 1.06398e+06 876079 187902 114220 61418 54831 79328 36212 21334 18619 874418 846430 126484 34620 551 34069 26142 7927 215 2909 41278 11684 77997 38050 70094 49453 5322 44131 40865 20641 12673 5902 6771 82946 29594 35663 31874 30622 3015 27607 2995 7903 7968 1609 47115 46641 27988 4376 3475 1846 1629 24915 1252 811810 71312 21549 49763 19308 5742 5105
internal_count=1257529 193548 1063981 876079 187902 114220 61418 54831 79328 36212 21334 18619 874418 846430 126484 34620 551 34069 26142 7927 215 2909 41278 11684 77997 38050 70094 49453 5322 44131 40865 20641 12673 5902 6771 82946 29594 35663 31874 30622 3015 27607 2995 7903 7968 1609 47115 46641 27988 4376 3475 1846 1629 24915 1252 811810 71312 21549 49763 19308 5742 5105
is_linear=0
shrinkage=0.05


end of trees

feature_importances:
Mois=446
liaison_frequence=425
mois_cos=368
jour_semaine_sin=247
Annee=245
mois_sin=205
liaison_cible_encodage_controles=202
JourSemaine=182
lag_1_controles=163
jour_semaine_cos=141
lag_14_controles=124
lag_7_controles=116
rolling_mean_30_controles=97
rolling_mean_7_controles=91
rolling_mean_14_controles=83
lag_30_controles=70
LiaisonId_code=65
rolling_std_30_controles=56
lag_365_controles=53
interaction_jour_liaison_controles=43
rolling_std_14_controles=36
rolling_std_7_controles=35
EstRamadan=28
EstWeekend=13

parameters:
[boosting: gbdt]
[objective: regression]
[metric: rmse,l2]
[tree_learner: serial]
[device_type: cpu]
[data_sample_strategy: bagging]
[data: ]
[valid: ]
[num_iterations: 1000]
[learning_rate: 0.05]
[num_leaves: 63]
[num_threads: 2]
[seed: 42]
[deterministic: 1]
[force_col_wise: 0]
[force_row_wise: 1]
[histogram_pool_size: -1]
[max_depth: 8]
[min_data_in_leaf: 20]
[min_sum_hessian_in_leaf: 0.001]
[bagging_fraction: 0.8]
[pos_bagging_fraction: 1]
[neg_bagging_fraction: 1]
[bagging_freq: 0]
[bagging_seed: 400]
[bagging_by_query: 0]
[feature_fraction: 0.8]
[feature_fraction_bynode: 1]
[feature_fraction_seed: 30056]
[extra_trees: 0]
[extra_seed: 12879]
[early_stopping_round: 0]
[early_stopping_min_delta: 0]
[first_metric_only: 0]
[max_delta_step: 0]
[lambda_l1: 0.1]
[lambda_l2: 0.1]
[linear_lambda: 0]
[min_gain_to_split: 0]
[drop_rate: 0.1]
[max_drop: 50]
[skip_drop: 0.5]
[xgboost_dart_mode: 0]
[uniform_drop: 0]
[drop_seed: 17869]
[top_rate: 0.2]
[other_rate: 0.1]
[min_data_per_group: 100]
[max_cat_threshold: 32]
[cat_l2: 10]
[cat_smooth: 10]
[max_cat_to_onehot: 4]
[top_k: 20]
[monotone_constraints: ]
[monotone_constraints_method: basic]
[monotone_penalty: 0]
[feature_contri: ]
[forcedsplits_filename: ]
[refit_decay_rate: 0.9]
[cegb_tradeoff: 1]
[cegb_penalty_split: 0]
[cegb_penalty_feature_lazy: ]
[cegb_penalty_feature_coupled: ]
[path_smooth: 0]
[interaction_constraints: ]
[verbosity: 1]
[saved_feature_importance_type: 0]
[use_quantized_grad: 0]
[num_grad_quant_bins: 4]
[quant_train_renew_leaf: 0]
[stochastic_rounding: 1]
[linear_tree: 0]
[max_bin: 255]
[max_bin_by_feature: ]
[min_data_in_bin: 3]
[bin_construct_sample_cnt: 200000]
[data_random_seed: 175]
[is_enable_sparse: 1]
[enable_bundle: 1]
[use_missing: 1]
[zero_as_missing: 0]
[feature_pre_filter: 1]
[pre_partition: 0]
[two_round: 0]
[header: 0]
[label_column: ]
[weight_column: ]
[group_column: ]
[ignore_column: ]
[categorical_feature: ]
[forcedbins_filename: ]
[precise_float_parser: 0]
[parser_config_file: ]
[objective_seed: 16083]
[num_class: 1]
[is_unbalance: 0]
[scale_pos_weight: 1]
[sigmoid: 1]
[boost_from_average: 1]
[reg_sqrt: 0]
[alpha: 0.9]
[fair_c: 1]
[poisson_max_delta_step: 0.7]
[tweedie_variance_power: 1.5]
[lambdarank_truncation_level: 30]
[lambdarank_norm: 1]
[label_gain: ]
[lambdarank_position_bias_regularization: 0]
[eval_at: ]
[multi_error_top_k: 1]
[auc_mu_weights: ]
[num_machines: 1]
[local_listen_port: 12400]
[time_out: 120]
[machine_list_filename: ]
[machines: ]
[gpu_platform_id: -1]
[gpu_device_id: -1]
[gpu_use_dp: 0]
[num_gpu: 1]

end of parameters

pandas_categorical:[]
