LiaisonId,NiveauConfort,liaison_frequence,liaison_cible_encodage_ventes,interaction_jour_liaison_ventes
100,1,140,20.82826,20.82826
100,2,140,20.82826,20.82826
101,1,405,20.82826,20.82826
101,2,405,20.82826,20.82826
102,1,166,20.82826,20.82826
102,2,166,20.82826,20.82826
103,1,353,20.82826,20.82826
103,2,353,20.82826,20.82826
10796,2,33,20.82826,20.82826
10891,2,31,20.82826,20.82826
11082,1,297,20.82826,20.82826
11082,2,297,20.82826,20.82826
12317,2,2,20.82826,20.82826
12319,2,53,20.82826,20.82826
12320,1,308,20.82826,20.82826
12320,2,308,20.82826,20.82826
12321,2,19,20.82826,20.82826
12325,1,958,20.82826,20.82826
12325,2,958,20.82826,20.82826
12330,2,7,20.82826,20.82826
12340,2,8,20.82826,20.82826
12342,2,3,20.82826,20.82826
12344,2,9,20.82826,20.82826
12346,2,27,20.82826,20.82826
12401,2,17,20.82826,20.82826
12402,2,102,20.82826,20.82826
12403,2,5,20.82826,20.82826
12407,1,141,20.82826,20.82826
12407,2,141,20.82826,20.82826
12487,2,2,20.82826,20.82826
12561,2,260,20.82826,20.82826
12562,2,34,20.82826,20.82826
12566,1,368,20.82826,20.82826
12566,2,368,20.82826,20.82826
12586,2,2,20.82826,20.82826
12640,2,14,20.82826,20.82826
12644,1,663,20.82826,20.82826
12644,2,663,20.82826,20.82826
12649,2,4,20.82826,20.82826
12659,2,6,20.82826,20.82826
12661,2,2,20.82826,20.82826
12663,2,5,20.82826,20.82826
12665,2,18,20.82826,20.82826
1267,2,17,20.82826,20.82826
12722,1,138,20.82826,20.82826
12722,2,138,20.82826,20.82826
12737,2,1,20.82826,20.82826
12742,2,1,20.82826,20.82826
12798,1,1259,20.82826,20.82826
12798,2,1259,20.82826,20.82826
12803,1,798,20.82826,20.82826
12803,2,798,20.82826,20.82826
12813,1,841,20.82826,20.82826
12813,2,841,20.82826,20.82826
12815,2,4,20.82826,20.82826
12817,1,1233,20.82826,20.82826
12817,2,1233,20.82826,20.82826
12819,1,1447,20.82826,20.82826
12819,2,1447,20.82826,20.82826
12821,1,800,20.82826,20.82826
12821,2,800,20.82826,20.82826
12822,1,936,20.82826,20.82826
12822,2,936,20.82826,20.82826
12826,1,1199,20.82826,20.82826
12826,2,1199,20.82826,20.82826
12827,1,1262,20.82826,20.82826
12827,2,1262,20.82826,20.82826
12828,1,705,20.82826,20.82826
12828,2,705,20.82826,20.82826
12829,1,509,20.82826,20.82826
12829,2,509,20.82826,20.82826
12831,1,983,20.82826,20.82826
12831,2,983,20.82826,20.82826
12834,2,67,20.82826,20.82826
12835,1,171,20.82826,20.82826
12835,2,171,20.82826,20.82826
12836,2,134,20.82826,20.82826
12839,2,42,20.82826,20.82826
12840,2,1,20.82826,20.82826
12841,1,52,20.82826,20.82826
12841,2,52,20.82826,20.82826
12843,2,35,20.82826,20.82826
12844,2,27,20.82826,20.82826
12845,2,110,20.82826,20.82826
12846,1,117,20.82826,20.82826
12846,2,117,20.82826,20.82826
12847,1,530,20.82826,20.82826
12847,2,530,20.82826,20.82826
12848,1,26,20.82826,20.82826
12848,2,26,20.82826,20.82826
12849,1,67,20.82826,20.82826
12849,2,67,20.82826,20.82826
12850,1,735,20.82826,20.82826
12850,2,735,20.82826,20.82826
13026,1,652,20.82826,20.82826
13026,2,652,20.82826,20.82826
13036,1,504,20.82826,20.82826
13036,2,504,20.82826,20.82826
13038,2,5,20.82826,20.82826
13040,1,794,20.82826,20.82826
13040,2,794,20.82826,20.82826
13042,1,1025,20.82826,20.82826
13042,2,1025,20.82826,20.82826
13044,1,433,20.82826,20.82826
13044,2,433,20.82826,20.82826
13045,1,588,20.82826,20.82826
13045,2,588,20.82826,20.82826
13049,1,457,20.82826,20.82826
13049,2,457,20.82826,20.82826
13050,1,570,20.82826,20.82826
13050,2,570,20.82826,20.82826
13051,2,275,20.82826,20.82826
13052,2,207,20.82826,20.82826
13054,2,326,20.82826,20.82826
13057,2,51,20.82826,20.82826
13058,2,83,20.82826,20.82826
13059,1,61,20.82826,20.82826
13059,2,61,20.82826,20.82826
13062,2,10,20.82826,20.82826
13064,2,26,20.82826,20.82826
13066,2,7,20.82826,20.82826
13067,2,8,20.82826,20.82826
13068,2,90,20.82826,20.82826
13069,2,74,20.82826,20.82826
13070,2,216,20.82826,20.82826
13071,2,9,20.82826,20.82826
13072,2,32,20.82826,20.82826
13073,1,281,20.82826,20.82826
13073,2,281,20.82826,20.82826
13387,1,692,20.82826,20.82826
13387,2,692,20.82826,20.82826
13389,1,298,20.82826,20.82826
13389,2,298,20.82826,20.82826
13391,1,1238,20.82826,20.82826
13391,2,1238,20.82826,20.82826
13393,1,1271,20.82826,20.82826
13393,2,1271,20.82826,20.82826
13394,1,753,20.82826,20.82826
13394,2,753,20.82826,20.82826
13395,1,580,20.82826,20.82826
13395,2,580,20.82826,20.82826
13396,1,582,20.82826,20.82826
13396,2,582,20.82826,20.82826
13400,1,447,20.82826,20.82826
13400,2,447,20.82826,20.82826
13401,1,606,20.82826,20.82826
13401,2,606,20.82826,20.82826
13402,1,217,20.82826,20.82826
13402,2,217,20.82826,20.82826
13403,1,199,20.82826,20.82826
13403,2,199,20.82826,20.82826
13405,1,331,20.82826,20.82826
13405,2,331,20.82826,20.82826
13408,2,40,20.82826,20.82826
13409,2,79,20.82826,20.82826
13410,2,46,20.82826,20.82826
13413,2,13,20.82826,20.82826
13415,2,21,20.82826,20.82826
13417,1,10,20.82826,20.82826
13417,2,10,20.82826,20.82826
13418,2,6,20.82826,20.82826
13419,2,94,20.82826,20.82826
13420,2,71,20.82826,20.82826
13421,1,218,20.82826,20.82826
13421,2,218,20.82826,20.82826
13422,2,4,20.82826,20.82826
13423,1,33,20.82826,20.82826
13423,2,33,20.82826,20.82826
13424,1,274,20.82826,20.82826
13424,2,274,20.82826,20.82826
13447,2,6,20.82826,20.82826
13448,2,51,20.82826,20.82826
13449,1,129,20.82826,20.82826
13449,2,129,20.82826,20.82826
13450,1,232,20.82826,20.82826
13450,2,232,20.82826,20.82826
13451,1,87,20.82826,20.82826
13451,2,87,20.82826,20.82826
13452,1,378,20.82826,20.82826
13452,2,378,20.82826,20.82826
13453,2,4,20.82826,20.82826
13454,1,181,20.82826,20.82826
13454,2,181,20.82826,20.82826
13455,2,62,20.82826,20.82826
13456,2,28,20.82826,20.82826
13457,2,185,20.82826,20.82826
13458,1,70,20.82826,20.82826
13458,2,70,20.82826,20.82826
13459,1,40,20.82826,20.82826
13459,2,40,20.82826,20.82826
13460,1,313,20.82826,20.82826
13460,2,313,20.82826,20.82826
1351,1,113,20.82826,20.82826
1351,2,113,20.82826,20.82826
13514,2,4,20.82826,20.82826
13515,2,15,20.82826,20.82826
13516,2,50,20.82826,20.82826
13517,2,20,20.82826,20.82826
13518,1,84,20.82826,20.82826
13518,2,84,20.82826,20.82826
13520,2,7,20.82826,20.82826
13521,2,115,20.82826,20.82826
13522,2,13,20.82826,20.82826
13523,2,30,20.82826,20.82826
13524,2,26,20.82826,20.82826
13525,2,29,20.82826,20.82826
13526,1,208,20.82826,20.82826
13526,2,208,20.82826,20.82826
13580,2,15,20.82826,20.82826
13581,2,67,20.82826,20.82826
13582,2,28,20.82826,20.82826
13583,1,171,20.82826,20.82826
13583,2,171,20.82826,20.82826
13584,2,1,20.82826,20.82826
13585,2,11,20.82826,20.82826
13586,2,252,20.82826,20.82826
13587,2,25,20.82826,20.82826
13588,2,107,20.82826,20.82826
13589,2,69,20.82826,20.82826
13590,2,76,20.82826,20.82826
13591,1,368,20.82826,20.82826
13591,2,368,20.82826,20.82826
13645,2,31,20.82826,20.82826
13646,2,7,20.82826,20.82826
13647,2,121,20.82826,20.82826
13649,1,9,20.82826,20.82826
13649,2,9,20.82826,20.82826
13650,2,175,20.82826,20.82826
13651,2,23,20.82826,20.82826
13652,2,94,20.82826,20.82826
13653,1,60,20.82826,20.82826
13653,2,60,20.82826,20.82826
13654,2,55,20.82826,20.82826
13655,1,256,20.82826,20.82826
13655,2,256,20.82826,20.82826
13709,2,40,20.82826,20.82826
13710,1,220,20.82826,20.82826
13710,2,220,20.82826,20.82826
13711,2,8,20.82826,20.82826
13712,2,30,20.82826,20.82826
13713,1,242,20.82826,20.82826
13713,2,242,20.82826,20.82826
13714,1,22,20.82826,20.82826
13714,2,22,20.82826,20.82826
13715,1,121,20.82826,20.82826
13715,2,121,20.82826,20.82826
13716,2,100,20.82826,20.82826
13717,2,67,20.82826,20.82826
13718,1,498,20.82826,20.82826
13718,2,498,20.82826,20.82826
13772,1,288,20.82826,20.82826
13772,2,288,20.82826,20.82826
13773,2,5,20.82826,20.82826
13774,2,38,20.82826,20.82826
13775,2,302,20.82826,20.82826
13776,2,10,20.82826,20.82826
13777,2,133,20.82826,20.82826
13778,2,59,20.82826,20.82826
13779,2,64,20.82826,20.82826
13780,1,326,20.82826,20.82826
13780,2,326,20.82826,20.82826
13834,2,19,20.82826,20.82826
13835,1,57,20.82826,20.82826
13835,2,57,20.82826,20.82826
13836,1,423,20.82826,20.82826
13836,2,423,20.82826,20.82826
13837,1,14,20.82826,20.82826
13837,2,14,20.82826,20.82826
13838,1,200,20.82826,20.82826
13838,2,200,20.82826,20.82826
13840,2,108,20.82826,20.82826
13841,2,25,20.82826,20.82826
13842,1,1110,20.82826,20.82826
13842,2,1110,20.82826,20.82826
13896,2,12,20.82826,20.82826
13897,2,77,20.82826,20.82826
13899,2,34,20.82826,20.82826
13900,2,9,20.82826,20.82826
13901,2,3,20.82826,20.82826
13902,2,118,20.82826,20.82826
13956,2,92,20.82826,20.82826
13957,2,4,20.82826,20.82826
13958,1,38,20.82826,20.82826
13958,2,38,20.82826,20.82826
13960,2,33,20.82826,20.82826
13961,2,4,20.82826,20.82826
13962,1,154,20.82826,20.82826
13962,2,154,20.82826,20.82826
14016,2,8,20.82826,20.82826
14017,1,358,20.82826,20.82826
14017,2,358,20.82826,20.82826
14019,1,891,20.82826,20.82826
14019,2,891,20.82826,20.82826
14020,2,95,20.82826,20.82826
14021,1,1155,20.82826,20.82826
14021,2,1155,20.82826,20.82826
14022,1,398,20.82826,20.82826
14022,2,398,20.82826,20.82826
14023,1,600,20.82826,20.82826
14023,2,600,20.82826,20.82826
14024,1,496,20.82826,20.82826
14024,2,496,20.82826,20.82826
14028,1,341,20.82826,20.82826
14028,2,341,20.82826,20.82826
14029,1,438,20.82826,20.82826
14029,2,438,20.82826,20.82826
14030,2,170,20.82826,20.82826
14031,2,177,20.82826,20.82826
14033,1,337,20.82826,20.82826
14033,2,337,20.82826,20.82826
14036,1,47,20.82826,20.82826
14036,2,47,20.82826,20.82826
14037,2,86,20.82826,20.82826
14038,2,38,20.82826,20.82826
14041,1,18,20.82826,20.82826
14041,2,18,20.82826,20.82826
14042,2,4,20.82826,20.82826
14043,1,27,20.82826,20.82826
14043,2,27,20.82826,20.82826
14045,2,14,20.82826,20.82826
14046,2,10,20.82826,20.82826
14047,2,117,20.82826,20.82826
14048,2,67,20.82826,20.82826
14049,1,233,20.82826,20.82826
14049,2,233,20.82826,20.82826
14050,2,13,20.82826,20.82826
14051,1,35,20.82826,20.82826
14051,2,35,20.82826,20.82826
14052,2,239,20.82826,20.82826
14075,2,75,20.82826,20.82826
14077,2,56,20.82826,20.82826
14078,1,53,20.82826,20.82826
14078,2,53,20.82826,20.82826
14079,2,296,20.82826,20.82826
14133,2,134,20.82826,20.82826
14134,1,352,20.82826,20.82826
14134,2,352,20.82826,20.82826
14135,2,63,20.82826,20.82826
14136,1,626,20.82826,20.82826
14136,2,626,20.82826,20.82826
14137,1,529,20.82826,20.82826
14137,2,529,20.82826,20.82826
14138,1,36,20.82826,20.82826
14138,2,36,20.82826,20.82826
14139,2,36,20.82826,20.82826
14143,2,34,20.82826,20.82826
14144,2,39,20.82826,20.82826
14145,2,24,20.82826,20.82826
14146,1,22,20.82826,20.82826
14146,2,22,20.82826,20.82826
14148,2,34,20.82826,20.82826
14152,2,2,20.82826,20.82826
14162,2,1,20.82826,20.82826
14163,2,3,20.82826,20.82826
14164,2,5,20.82826,20.82826
14166,2,1,20.82826,20.82826
14167,2,8,20.82826,20.82826
14185,1,800,20.82826,20.82826
14185,2,800,20.82826,20.82826
14186,1,245,20.82826,20.82826
14186,2,245,20.82826,20.82826
14190,1,555,20.82826,20.82826
14190,2,555,20.82826,20.82826
14192,1,1052,20.82826,20.82826
14192,2,1052,20.82826,20.82826
14193,1,611,20.82826,20.82826
14193,2,611,20.82826,20.82826
14222,2,1,20.82826,20.82826
14223,1,555,20.82826,20.82826
14223,2,555,20.82826,20.82826
14224,1,529,20.82826,20.82826
14224,2,529,20.82826,20.82826
14225,1,183,20.82826,20.82826
14225,2,183,20.82826,20.82826
14226,1,705,20.82826,20.82826
14226,2,705,20.82826,20.82826
14230,1,936,20.82826,20.82826
14230,2,936,20.82826,20.82826
14231,1,887,20.82826,20.82826
14231,2,887,20.82826,20.82826
14232,1,384,20.82826,20.82826
14232,2,384,20.82826,20.82826
14233,1,314,20.82826,20.82826
14233,2,314,20.82826,20.82826
14235,1,532,20.82826,20.82826
14235,2,532,20.82826,20.82826
14237,2,79,20.82826,20.82826
14238,1,256,20.82826,20.82826
14238,2,256,20.82826,20.82826
14239,2,32,20.82826,20.82826
14242,2,12,20.82826,20.82826
14244,1,31,20.82826,20.82826
14244,2,31,20.82826,20.82826
14246,2,4,20.82826,20.82826
14247,2,5,20.82826,20.82826
14248,2,183,20.82826,20.82826
14249,1,265,20.82826,20.82826
14249,2,265,20.82826,20.82826
14250,1,761,20.82826,20.82826
14250,2,761,20.82826,20.82826
14251,2,24,20.82826,20.82826
14252,1,86,20.82826,20.82826
14252,2,86,20.82826,20.82826
14253,1,979,20.82826,20.82826
14253,2,979,20.82826,20.82826
14271,1,1257,20.82826,20.82826
14271,2,1257,20.82826,20.82826
14272,1,435,20.82826,20.82826
14272,2,435,20.82826,20.82826
14276,1,19,20.82826,20.82826
14276,2,19,20.82826,20.82826
14277,1,21,20.82826,20.82826
14277,2,21,20.82826,20.82826
14331,1,299,20.82826,20.82826
14331,2,299,20.82826,20.82826
14332,1,233,20.82826,20.82826
14332,2,233,20.82826,20.82826
14333,1,1031,20.82826,20.82826
14333,2,1031,20.82826,20.82826
14337,1,1419,20.82826,20.82826
14337,2,1419,20.82826,20.82826
14338,1,1230,20.82826,20.82826
14338,2,1230,20.82826,20.82826
14339,1,703,20.82826,20.82826
14339,2,703,20.82826,20.82826
14340,1,653,20.82826,20.82826
14340,2,653,20.82826,20.82826
14342,1,1306,20.82826,20.82826
14342,2,1306,20.82826,20.82826
14345,2,88,20.82826,20.82826
14346,1,362,20.82826,20.82826
14346,2,362,20.82826,20.82826
14347,1,1462,20.82826,20.82826
14347,2,1462,20.82826,20.82826
1435,2,54,20.82826,20.82826
14350,2,36,20.82826,20.82826
14352,2,38,20.82826,20.82826
14354,2,22,20.82826,20.82826
14355,1,26,20.82826,20.82826
14355,2,26,20.82826,20.82826
14356,1,486,20.82826,20.82826
14356,2,486,20.82826,20.82826
14357,1,511,20.82826,20.82826
14357,2,511,20.82826,20.82826
14358,1,1311,20.82826,20.82826
14358,2,1311,20.82826,20.82826
14359,1,56,20.82826,20.82826
14359,2,56,20.82826,20.82826
14360,1,152,20.82826,20.82826
14360,2,152,20.82826,20.82826
14361,1,1375,20.82826,20.82826
14361,2,1375,20.82826,20.82826
14362,2,1,20.82826,20.82826
14363,2,2,20.82826,20.82826
14365,2,4,20.82826,20.82826
14367,1,40,20.82826,20.82826
14367,2,40,20.82826,20.82826
14369,1,226,20.82826,20.82826
14369,2,226,20.82826,20.82826
14369,3,226,20.82826,20.82826
14371,2,109,20.82826,20.82826
14373,1,106,20.82826,20.82826
14373,2,106,20.82826,20.82826
14375,2,52,20.82826,20.82826
14378,1,544,20.82826,20.82826
14378,2,544,20.82826,20.82826
14378,3,544,20.82826,20.82826
14379,1,1327,20.82826,20.82826
14379,2,1327,20.82826,20.82826
14380,1,619,20.82826,20.82826
14380,2,619,20.82826,20.82826
14384,1,434,20.82826,20.82826
14384,2,434,20.82826,20.82826
14385,1,1205,20.82826,20.82826
14385,2,1205,20.82826,20.82826
14386,1,947,20.82826,20.82826
14386,2,947,20.82826,20.82826
14387,1,730,20.82826,20.82826
14387,2,730,20.82826,20.82826
14388,1,1314,20.82826,20.82826
14388,2,1314,20.82826,20.82826
14389,1,1370,20.82826,20.82826
14389,2,1370,20.82826,20.82826
14390,1,1338,20.82826,20.82826
14390,2,1338,20.82826,20.82826
14391,1,1027,20.82826,20.82826
14391,2,1027,20.82826,20.82826
14392,1,894,20.82826,20.82826
14392,2,894,20.82826,20.82826
14394,1,1110,20.82826,20.82826
14394,2,1110,20.82826,20.82826
14431,1,1261,20.82826,20.82826
14431,2,1261,20.82826,20.82826
14432,1,635,20.82826,20.82826
14432,2,635,20.82826,20.82826
14436,1,661,20.82826,20.82826
14436,2,661,20.82826,20.82826
14437,1,431,20.82826,20.82826
14437,2,431,20.82826,20.82826
14438,1,222,20.82826,20.82826
14438,2,222,20.82826,20.82826
14439,1,722,20.82826,20.82826
14439,2,722,20.82826,20.82826
14440,1,1080,20.82826,20.82826
14440,2,1080,20.82826,20.82826
14441,1,1067,20.82826,20.82826
14441,2,1067,20.82826,20.82826
14442,1,489,20.82826,20.82826
14442,2,489,20.82826,20.82826
14443,1,390,20.82826,20.82826
14443,2,390,20.82826,20.82826
14445,1,850,20.82826,20.82826
14445,2,850,20.82826,20.82826
14448,1,63,20.82826,20.82826
14448,2,63,20.82826,20.82826
14449,1,156,20.82826,20.82826
14449,2,156,20.82826,20.82826
14450,2,42,20.82826,20.82826
14453,2,15,20.82826,20.82826
14454,2,2,20.82826,20.82826
14455,2,21,20.82826,20.82826
14457,2,11,20.82826,20.82826
14458,2,13,20.82826,20.82826
14459,1,189,20.82826,20.82826
14459,2,189,20.82826,20.82826
14460,1,174,20.82826,20.82826
14460,2,174,20.82826,20.82826
14461,1,666,20.82826,20.82826
14461,2,666,20.82826,20.82826
14462,2,36,20.82826,20.82826
14463,1,70,20.82826,20.82826
14463,2,70,20.82826,20.82826
14464,1,558,20.82826,20.82826
14464,2,558,20.82826,20.82826
14465,2,1,20.82826,20.82826
14466,2,1,20.82826,20.82826
14468,1,4,20.82826,20.82826
14468,2,4,20.82826,20.82826
14470,2,18,20.82826,20.82826
14472,2,80,20.82826,20.82826
14474,2,50,20.82826,20.82826
14476,1,50,20.82826,20.82826
14476,2,50,20.82826,20.82826
14478,1,17,20.82826,20.82826
14478,2,17,20.82826,20.82826
14481,2,101,20.82826,20.82826
14482,1,90,20.82826,20.82826
14482,2,90,20.82826,20.82826
14483,1,31,20.82826,20.82826
14483,2,31,20.82826,20.82826
14487,1,515,20.82826,20.82826
14487,2,515,20.82826,20.82826
14488,1,474,20.82826,20.82826
14488,2,474,20.82826,20.82826
14489,1,880,20.82826,20.82826
14489,2,880,20.82826,20.82826
14490,1,1315,20.82826,20.82826
14490,2,1315,20.82826,20.82826
14491,1,1248,20.82826,20.82826
14491,2,1248,20.82826,20.82826
14492,1,702,20.82826,20.82826
14492,2,702,20.82826,20.82826
14493,1,647,20.82826,20.82826
14493,2,647,20.82826,20.82826
14495,1,1031,20.82826,20.82826
14495,2,1031,20.82826,20.82826
14498,2,110,20.82826,20.82826
14499,1,364,20.82826,20.82826
14499,2,364,20.82826,20.82826
14500,2,67,20.82826,20.82826
14503,2,13,20.82826,20.82826
14505,2,25,20.82826,20.82826
14507,2,14,20.82826,20.82826
14508,2,12,20.82826,20.82826
14509,1,396,20.82826,20.82826
14509,2,396,20.82826,20.82826
14510,1,198,20.82826,20.82826
14510,2,198,20.82826,20.82826
14511,1,821,20.82826,20.82826
14511,2,821,20.82826,20.82826
14512,1,39,20.82826,20.82826
14512,2,39,20.82826,20.82826
14513,2,75,20.82826,20.82826
14514,1,839,20.82826,20.82826
14514,2,839,20.82826,20.82826
14516,2,1,20.82826,20.82826
14518,2,9,20.82826,20.82826
14520,2,23,20.82826,20.82826
14522,2,121,20.82826,20.82826
14524,2,62,20.82826,20.82826
14526,2,55,20.82826,20.82826
14528,1,19,20.82826,20.82826
14528,2,19,20.82826,20.82826
14531,2,129,20.82826,20.82826
14531,3,129,20.82826,20.82826
14532,1,80,20.82826,20.82826
14532,2,80,20.82826,20.82826
14533,2,27,20.82826,20.82826
14537,1,177,20.82826,20.82826
14537,2,177,20.82826,20.82826
14538,1,378,20.82826,20.82826
14538,2,378,20.82826,20.82826
14539,1,699,20.82826,20.82826
14539,2,699,20.82826,20.82826
14540,1,725,20.82826,20.82826
14540,2,725,20.82826,20.82826
14541,1,221,20.82826,20.82826
14541,2,221,20.82826,20.82826
14542,1,196,20.82826,20.82826
14542,2,196,20.82826,20.82826
14544,1,359,20.82826,20.82826
14544,2,359,20.82826,20.82826
14586,1,180,20.82826,20.82826
14586,2,180,20.82826,20.82826
14587,1,356,20.82826,20.82826
14587,2,356,20.82826,20.82826
14588,1,257,20.82826,20.82826
14588,2,257,20.82826,20.82826
14589,1,162,20.82826,20.82826
14589,2,162,20.82826,20.82826
14590,2,170,20.82826,20.82826
14592,1,241,20.82826,20.82826
14592,2,241,20.82826,20.82826
14634,1,468,20.82826,20.82826
14634,2,468,20.82826,20.82826
14635,1,448,20.82826,20.82826
14635,2,448,20.82826,20.82826
14636,2,180,20.82826,20.82826
14637,2,185,20.82826,20.82826
14639,1,741,20.82826,20.82826
14639,2,741,20.82826,20.82826
14681,2,104,20.82826,20.82826
14682,1,268,20.82826,20.82826
14682,2,268,20.82826,20.82826
14683,1,219,20.82826,20.82826
14683,2,219,20.82826,20.82826
14685,1,1420,20.82826,20.82826
14685,2,1420,20.82826,20.82826
14688,1,160,20.82826,20.82826
14688,2,160,20.82826,20.82826
14689,1,522,20.82826,20.82826
14689,2,522,20.82826,20.82826
14690,1,1459,20.82826,20.82826
14690,2,1459,20.82826,20.82826
14693,2,19,20.82826,20.82826
14695,1,34,20.82826,20.82826
14695,2,34,20.82826,20.82826
14697,2,14,20.82826,20.82826
14698,2,15,20.82826,20.82826
14699,1,685,20.82826,20.82826
14699,2,685,20.82826,20.82826
14700,1,478,20.82826,20.82826
14700,2,478,20.82826,20.82826
14701,1,1325,20.82826,20.82826
14701,2,1325,20.82826,20.82826
14702,1,78,20.82826,20.82826
14702,2,78,20.82826,20.82826
14703,2,123,20.82826,20.82826
14704,1,1364,20.82826,20.82826
14704,2,1364,20.82826,20.82826
14708,2,9,20.82826,20.82826
14710,2,38,20.82826,20.82826
14712,1,164,20.82826,20.82826
14712,2,164,20.82826,20.82826
14714,1,99,20.82826,20.82826
14714,2,99,20.82826,20.82826
14716,1,76,20.82826,20.82826
14716,2,76,20.82826,20.82826
14718,1,31,20.82826,20.82826
14718,2,31,20.82826,20.82826
14721,1,318,20.82826,20.82826
14721,2,318,20.82826,20.82826
14721,3,318,20.82826,20.82826
14722,1,154,20.82826,20.82826
14722,2,154,20.82826,20.82826
14723,2,34,20.82826,20.82826
14728,1,239,20.82826,20.82826
14728,2,239,20.82826,20.82826
14729,1,191,20.82826,20.82826
14729,2,191,20.82826,20.82826
14731,1,1368,20.82826,20.82826
14731,2,1368,20.82826,20.82826
14734,2,101,20.82826,20.82826
14735,1,393,20.82826,20.82826
14735,2,393,20.82826,20.82826
14736,2,62,20.82826,20.82826
14739,2,24,20.82826,20.82826
14741,2,29,20.82826,20.82826
14743,2,17,20.82826,20.82826
14744,2,8,20.82826,20.82826
14745,1,468,20.82826,20.82826
14745,2,468,20.82826,20.82826
14746,1,418,20.82826,20.82826
14746,2,418,20.82826,20.82826
14747,1,1216,20.82826,20.82826
14747,2,1216,20.82826,20.82826
14748,2,49,20.82826,20.82826
14749,2,91,20.82826,20.82826
14750,1,1185,20.82826,20.82826
14750,2,1185,20.82826,20.82826
14754,2,7,20.82826,20.82826
14755,2,1,20.82826,20.82826
14756,2,19,20.82826,20.82826
14758,1,117,20.82826,20.82826
14758,2,117,20.82826,20.82826
14760,1,86,20.82826,20.82826
14760,2,86,20.82826,20.82826
14762,1,72,20.82826,20.82826
14762,2,72,20.82826,20.82826
14764,2,30,20.82826,20.82826
14767,2,182,20.82826,20.82826
14768,2,71,20.82826,20.82826
14769,2,26,20.82826,20.82826
14773,1,33,20.82826,20.82826
14773,2,33,20.82826,20.82826
14775,1,1203,20.82826,20.82826
14775,2,1203,20.82826,20.82826
14778,1,174,20.82826,20.82826
14778,2,174,20.82826,20.82826
14779,1,422,20.82826,20.82826
14779,2,422,20.82826,20.82826
14780,2,47,20.82826,20.82826
14783,2,12,20.82826,20.82826
14785,2,23,20.82826,20.82826
14787,2,7,20.82826,20.82826
14788,2,15,20.82826,20.82826
14789,1,522,20.82826,20.82826
14789,2,522,20.82826,20.82826
14790,1,176,20.82826,20.82826
14790,2,176,20.82826,20.82826
14791,1,758,20.82826,20.82826
14791,2,758,20.82826,20.82826
14792,1,34,20.82826,20.82826
14792,2,34,20.82826,20.82826
14793,2,75,20.82826,20.82826
14794,1,801,20.82826,20.82826
14794,2,801,20.82826,20.82826
14798,2,15,20.82826,20.82826
14800,2,37,20.82826,20.82826
14802,2,103,20.82826,20.82826
14804,1,92,20.82826,20.82826
14804,2,92,20.82826,20.82826
14806,1,81,20.82826,20.82826
14806,2,81,20.82826,20.82826
14808,2,20,20.82826,20.82826
14809,2,1,20.82826,20.82826
14811,1,134,20.82826,20.82826
14811,2,134,20.82826,20.82826
14812,1,61,20.82826,20.82826
14812,2,61,20.82826,20.82826
14813,1,19,20.82826,20.82826
14813,2,19,20.82826,20.82826
14818,1,1235,20.82826,20.82826
14818,2,1235,20.82826,20.82826
14821,1,142,20.82826,20.82826
14821,2,142,20.82826,20.82826
14822,1,323,20.82826,20.82826
14822,2,323,20.82826,20.82826
14823,1,49,20.82826,20.82826
14823,2,49,20.82826,20.82826
14826,2,21,20.82826,20.82826
14828,2,19,20.82826,20.82826
14830,2,7,20.82826,20.82826
14831,2,9,20.82826,20.82826
14832,1,310,20.82826,20.82826
14832,2,310,20.82826,20.82826
14833,2,141,20.82826,20.82826
14834,1,692,20.82826,20.82826
14834,2,692,20.82826,20.82826
14835,2,41,20.82826,20.82826
14836,2,78,20.82826,20.82826
14837,1,804,20.82826,20.82826
14837,2,804,20.82826,20.82826
14841,2,10,20.82826,20.82826
14843,2,44,20.82826,20.82826
14845,2,123,20.82826,20.82826
14846,1,80,20.82826,20.82826
14846,2,80,20.82826,20.82826
14847,1,64,20.82826,20.82826
14847,2,64,20.82826,20.82826
14849,1,26,20.82826,20.82826
14849,2,26,20.82826,20.82826
14852,1,174,20.82826,20.82826
14852,2,174,20.82826,20.82826
14852,4,174,20.82826,20.82826
14853,2,48,20.82826,20.82826
14854,2,21,20.82826,20.82826
14902,1,551,20.82826,20.82826
14902,2,551,20.82826,20.82826
14903,1,1163,20.82826,20.82826
14903,2,1163,20.82826,20.82826
14904,1,1461,20.82826,20.82826
14904,2,1461,20.82826,20.82826
14907,1,359,20.82826,20.82826
14907,2,359,20.82826,20.82826
14908,2,55,20.82826,20.82826
14909,1,1074,20.82826,20.82826
14909,2,1074,20.82826,20.82826
14911,1,824,20.82826,20.82826
14911,2,824,20.82826,20.82826
14912,1,829,20.82826,20.82826
14912,2,829,20.82826,20.82826
14913,1,1284,20.82826,20.82826
14913,2,1284,20.82826,20.82826
14914,1,694,20.82826,20.82826
14914,2,694,20.82826,20.82826
14915,1,1403,20.82826,20.82826
14915,2,1403,20.82826,20.82826
14916,2,92,20.82826,20.82826
14917,2,211,20.82826,20.82826
14918,1,1391,20.82826,20.82826
14918,2,1391,20.82826,20.82826
14919,2,1,20.82826,20.82826
14922,1,25,20.82826,20.82826
14922,2,25,20.82826,20.82826
14924,2,67,20.82826,20.82826
14926,1,255,20.82826,20.82826
14926,2,255,20.82826,20.82826
14928,1,133,20.82826,20.82826
14928,2,133,20.82826,20.82826
14930,1,101,20.82826,20.82826
14930,2,101,20.82826,20.82826
14932,2,56,20.82826,20.82826
14933,2,1,20.82826,20.82826
14935,1,348,20.82826,20.82826
14935,2,348,20.82826,20.82826
14935,3,348,20.82826,20.82826
14936,1,86,20.82826,20.82826
14936,2,86,20.82826,20.82826
14937,2,20,20.82826,20.82826
15019,1,476,20.82826,20.82826
15019,2,476,20.82826,20.82826
15020,1,136,20.82826,20.82826
15020,2,136,20.82826,20.82826
15023,2,42,20.82826,20.82826
15024,2,10,20.82826,20.82826
15025,1,93,20.82826,20.82826
15025,2,93,20.82826,20.82826
15027,1,102,20.82826,20.82826
15027,2,102,20.82826,20.82826
15028,2,142,20.82826,20.82826
15029,1,396,20.82826,20.82826
15029,2,396,20.82826,20.82826
15030,1,117,20.82826,20.82826
15030,2,117,20.82826,20.82826
15031,1,419,20.82826,20.82826
15031,2,419,20.82826,20.82826
15032,2,5,20.82826,20.82826
15033,2,39,20.82826,20.82826
15034,1,285,20.82826,20.82826
15034,2,285,20.82826,20.82826
15038,2,1,20.82826,20.82826
15040,2,10,20.82826,20.82826
15042,2,29,20.82826,20.82826
15044,2,9,20.82826,20.82826
15046,2,5,20.82826,20.82826
15048,2,1,20.82826,20.82826
15051,2,14,20.82826,20.82826
15057,1,52,20.82826,20.82826
15057,2,52,20.82826,20.82826
15060,1,19,20.82826,20.82826
15060,2,19,20.82826,20.82826
15062,2,14,20.82826,20.82826
15064,2,9,20.82826,20.82826
15065,2,8,20.82826,20.82826
15066,1,543,20.82826,20.82826
15066,2,543,20.82826,20.82826
15067,1,230,20.82826,20.82826
15067,2,230,20.82826,20.82826
15068,1,706,20.82826,20.82826
15068,2,706,20.82826,20.82826
15069,1,55,20.82826,20.82826
15069,2,55,20.82826,20.82826
15070,1,119,20.82826,20.82826
15070,2,119,20.82826,20.82826
15071,1,677,20.82826,20.82826
15071,2,677,20.82826,20.82826
15075,2,2,20.82826,20.82826
15076,2,1,20.82826,20.82826
15077,2,21,20.82826,20.82826
15079,2,102,20.82826,20.82826
15081,2,73,20.82826,20.82826
15083,2,44,20.82826,20.82826
15085,2,19,20.82826,20.82826
15086,2,1,20.82826,20.82826
15088,2,84,20.82826,20.82826
15094,1,3,20.82826,20.82826
15094,2,3,20.82826,20.82826
15095,1,420,20.82826,20.82826
15095,2,420,20.82826,20.82826
15096,1,172,20.82826,20.82826
15096,2,172,20.82826,20.82826
15097,1,1134,20.82826,20.82826
15097,2,1134,20.82826,20.82826
15099,1,391,20.82826,20.82826
15099,2,391,20.82826,20.82826
15100,1,333,20.82826,20.82826
15100,2,333,20.82826,20.82826
15101,1,494,20.82826,20.82826
15101,2,494,20.82826,20.82826
15102,2,156,20.82826,20.82826
15103,1,694,20.82826,20.82826
15103,2,694,20.82826,20.82826
15104,1,73,20.82826,20.82826
15104,2,73,20.82826,20.82826
15105,1,104,20.82826,20.82826
15105,2,104,20.82826,20.82826
15106,1,892,20.82826,20.82826
15106,2,892,20.82826,20.82826
15107,2,3,20.82826,20.82826
15110,2,1,20.82826,20.82826
15111,2,17,20.82826,20.82826
15112,1,92,20.82826,20.82826
15112,2,92,20.82826,20.82826
15114,1,175,20.82826,20.82826
15114,2,175,20.82826,20.82826
15116,2,107,20.82826,20.82826
15118,1,76,20.82826,20.82826
15118,2,76,20.82826,20.82826
15120,1,41,20.82826,20.82826
15120,2,41,20.82826,20.82826
15123,2,159,20.82826,20.82826
15164,2,3,20.82826,20.82826
15165,2,4,20.82826,20.82826
15166,2,16,20.82826,20.82826
15168,1,7,20.82826,20.82826
15168,2,7,20.82826,20.82826
15169,2,13,20.82826,20.82826
15170,2,1,20.82826,20.82826
1519,2,59,20.82826,20.82826
15198,1,386,20.82826,20.82826
15198,2,386,20.82826,20.82826
15199,1,843,20.82826,20.82826
15199,2,843,20.82826,20.82826
15201,1,309,20.82826,20.82826
15201,2,309,20.82826,20.82826
15202,1,250,20.82826,20.82826
15202,2,250,20.82826,20.82826
15203,1,315,20.82826,20.82826
15203,2,315,20.82826,20.82826
15204,2,98,20.82826,20.82826
15205,1,364,20.82826,20.82826
15205,2,364,20.82826,20.82826
15206,2,9,20.82826,20.82826
15207,2,43,20.82826,20.82826
15208,1,261,20.82826,20.82826
15208,2,261,20.82826,20.82826
15213,2,1,20.82826,20.82826
15214,2,16,20.82826,20.82826
15216,2,56,20.82826,20.82826
15218,2,20,20.82826,20.82826
15220,2,7,20.82826,20.82826
15222,1,4,20.82826,20.82826
15222,2,4,20.82826,20.82826
15225,2,42,20.82826,20.82826
15231,1,692,20.82826,20.82826
15231,2,692,20.82826,20.82826
15233,1,322,20.82826,20.82826
15233,2,322,20.82826,20.82826
15234,1,282,20.82826,20.82826
15234,2,282,20.82826,20.82826
15235,1,313,20.82826,20.82826
15235,2,313,20.82826,20.82826
15236,2,82,20.82826,20.82826
15237,1,301,20.82826,20.82826
15237,2,301,20.82826,20.82826
15238,2,11,20.82826,20.82826
15239,2,39,20.82826,20.82826
15240,2,302,20.82826,20.82826
15241,2,3,20.82826,20.82826
15245,2,3,20.82826,20.82826
15246,2,19,20.82826,20.82826
15248,1,37,20.82826,20.82826
15248,2,37,20.82826,20.82826
15250,2,13,20.82826,20.82826
15252,2,5,20.82826,20.82826
15254,2,2,20.82826,20.82826
15257,2,11,20.82826,20.82826
15264,1,481,20.82826,20.82826
15264,2,481,20.82826,20.82826
15265,1,509,20.82826,20.82826
15265,2,509,20.82826,20.82826
15266,1,456,20.82826,20.82826
15266,2,456,20.82826,20.82826
15267,2,118,20.82826,20.82826
15268,1,359,20.82826,20.82826
15268,2,359,20.82826,20.82826
15269,2,18,20.82826,20.82826
15270,2,77,20.82826,20.82826
15271,1,327,20.82826,20.82826
15271,2,327,20.82826,20.82826
15272,1,7,20.82826,20.82826
15272,2,7,20.82826,20.82826
15275,2,1,20.82826,20.82826
15276,2,3,20.82826,20.82826
15277,2,35,20.82826,20.82826
15279,1,87,20.82826,20.82826
15279,2,87,20.82826,20.82826
15281,2,41,20.82826,20.82826
15283,2,29,20.82826,20.82826
15285,2,6,20.82826,20.82826
15286,2,1,20.82826,20.82826
15288,1,73,20.82826,20.82826
15288,2,73,20.82826,20.82826
15324,1,184,20.82826,20.82826
15324,2,184,20.82826,20.82826
15325,1,414,20.82826,20.82826
15325,2,414,20.82826,20.82826
15326,2,80,20.82826,20.82826
15327,1,325,20.82826,20.82826
15327,2,325,20.82826,20.82826
15328,1,17,20.82826,20.82826
15328,2,17,20.82826,20.82826
15329,2,57,20.82826,20.82826
15330,1,214,20.82826,20.82826
15330,2,214,20.82826,20.82826
15331,2,7,20.82826,20.82826
15335,2,2,20.82826,20.82826
15336,2,16,20.82826,20.82826
15338,1,67,20.82826,20.82826
15338,2,67,20.82826,20.82826
15340,2,36,20.82826,20.82826
15342,2,13,20.82826,20.82826
15344,2,5,20.82826,20.82826
15347,1,62,20.82826,20.82826
15347,2,62,20.82826,20.82826
15353,1,535,20.82826,20.82826
15353,2,535,20.82826,20.82826
15354,1,126,20.82826,20.82826
15354,2,126,20.82826,20.82826
15355,1,307,20.82826,20.82826
15355,2,307,20.82826,20.82826
15356,2,27,20.82826,20.82826
15357,2,60,20.82826,20.82826
15358,1,239,20.82826,20.82826
15358,2,239,20.82826,20.82826
15359,2,2,20.82826,20.82826
15364,2,17,20.82826,20.82826
15366,2,39,20.82826,20.82826
15368,2,26,20.82826,20.82826
15370,2,16,20.82826,20.82826
15372,2,2,20.82826,20.82826
15375,2,47,20.82826,20.82826
15381,1,527,20.82826,20.82826
15381,2,527,20.82826,20.82826
15382,1,1026,20.82826,20.82826
15382,2,1026,20.82826,20.82826
15383,2,64,20.82826,20.82826
15384,1,182,20.82826,20.82826
15384,2,182,20.82826,20.82826
15385,1,806,20.82826,20.82826
15385,2,806,20.82826,20.82826
15386,2,1,20.82826,20.82826
15389,2,6,20.82826,20.82826
15390,2,2,20.82826,20.82826
15391,2,40,20.82826,20.82826
15393,1,123,20.82826,20.82826
15393,2,123,20.82826,20.82826
15395,2,74,20.82826,20.82826
15397,2,50,20.82826,20.82826
15399,2,11,20.82826,20.82826
15400,2,2,20.82826,20.82826
15402,1,124,20.82826,20.82826
15402,2,124,20.82826,20.82826
15408,2,22,20.82826,20.82826
15409,2,42,20.82826,20.82826
15410,1,294,20.82826,20.82826
15410,2,294,20.82826,20.82826
15411,1,921,20.82826,20.82826
15411,2,921,20.82826,20.82826
15412,2,2,20.82826,20.82826
15415,2,12,20.82826,20.82826
15416,2,15,20.82826,20.82826
15417,1,83,20.82826,20.82826
15417,2,83,20.82826,20.82826
15419,2,139,20.82826,20.82826
15421,2,83,20.82826,20.82826
15423,1,64,20.82826,20.82826
15423,2,64,20.82826,20.82826
15425,2,34,20.82826,20.82826
15428,1,129,20.82826,20.82826
15428,2,129,20.82826,20.82826
15434,2,169,20.82826,20.82826
15435,1,525,20.82826,20.82826
15435,2,525,20.82826,20.82826
15436,1,1381,20.82826,20.82826
15436,2,1381,20.82826,20.82826
15437,2,5,20.82826,20.82826
15438,2,5,20.82826,20.82826
15440,2,29,20.82826,20.82826
15441,2,34,20.82826,20.82826
15442,2,107,20.82826,20.82826
15444,1,368,20.82826,20.82826
15444,2,368,20.82826,20.82826
15446,1,229,20.82826,20.82826
15446,2,229,20.82826,20.82826
15448,2,146,20.82826,20.82826
15450,2,68,20.82826,20.82826
15451,2,1,20.82826,20.82826
15453,1,396,20.82826,20.82826
15453,2,396,20.82826,20.82826
15459,2,85,20.82826,20.82826
15460,1,288,20.82826,20.82826
15460,2,288,20.82826,20.82826
15461,2,1,20.82826,20.82826
15465,2,2,20.82826,20.82826
15466,2,27,20.82826,20.82826
15468,2,65,20.82826,20.82826
15470,1,43,20.82826,20.82826
15470,2,43,20.82826,20.82826
15472,1,25,20.82826,20.82826
15472,2,25,20.82826,20.82826
15474,2,6,20.82826,20.82826
15477,2,30,20.82826,20.82826
15483,1,493,20.82826,20.82826
15483,2,493,20.82826,20.82826
15484,2,3,20.82826,20.82826
15487,2,6,20.82826,20.82826
15488,2,4,20.82826,20.82826
15489,2,47,20.82826,20.82826
15491,2,109,20.82826,20.82826
15493,1,84,20.82826,20.82826
15493,2,84,20.82826,20.82826
15495,2,56,20.82826,20.82826
15497,2,25,20.82826,20.82826
15500,2,67,20.82826,20.82826
15506,2,5,20.82826,20.82826
15507,2,13,20.82826,20.82826
15508,2,28,20.82826,20.82826
15509,2,25,20.82826,20.82826
15510,2,131,20.82826,20.82826
15511,1,459,20.82826,20.82826
15511,2,459,20.82826,20.82826
15513,1,1192,20.82826,20.82826
15513,2,1192,20.82826,20.82826
15515,1,625,20.82826,20.82826
15515,2,625,20.82826,20.82826
15517,2,283,20.82826,20.82826
15519,2,200,20.82826,20.82826
15520,2,4,20.82826,20.82826
15522,1,1149,20.82826,20.82826
15522,2,1149,20.82826,20.82826
15522,3,1149,20.82826,20.82826
15522,4,1149,20.82826,20.82826
15522,5,1149,20.82826,20.82826
15531,2,9,20.82826,20.82826
15532,2,24,20.82826,20.82826
15534,1,113,20.82826,20.82826
15534,2,113,20.82826,20.82826
15536,1,43,20.82826,20.82826
15536,2,43,20.82826,20.82826
15538,2,43,20.82826,20.82826
15540,2,10,20.82826,20.82826
15543,2,39,20.82826,20.82826
15552,2,4,20.82826,20.82826
15554,2,9,20.82826,20.82826
15556,2,4,20.82826,20.82826
15563,2,4,20.82826,20.82826
15589,2,8,20.82826,20.82826
15591,1,119,20.82826,20.82826
15591,2,119,20.82826,20.82826
15593,2,66,20.82826,20.82826
15595,2,21,20.82826,20.82826
15597,2,4,20.82826,20.82826
15600,1,55,20.82826,20.82826
15600,2,55,20.82826,20.82826
15606,2,11,20.82826,20.82826
15608,1,106,20.82826,20.82826
15608,2,106,20.82826,20.82826
15610,2,60,20.82826,20.82826
15612,2,42,20.82826,20.82826
15614,2,11,20.82826,20.82826
15617,2,48,20.82826,20.82826
15624,1,118,20.82826,20.82826
15624,2,118,20.82826,20.82826
15626,2,73,20.82826,20.82826
15628,2,72,20.82826,20.82826
15630,2,15,20.82826,20.82826
15631,2,1,20.82826,20.82826
15633,1,128,20.82826,20.82826
15633,2,128,20.82826,20.82826
15655,1,529,20.82826,20.82826
15655,2,529,20.82826,20.82826
15657,1,203,20.82826,20.82826
15657,2,203,20.82826,20.82826
15659,2,99,20.82826,20.82826
15660,2,3,20.82826,20.82826
15662,1,353,20.82826,20.82826
15662,2,353,20.82826,20.82826
15682,1,381,20.82826,20.82826
15682,2,381,20.82826,20.82826
15683,1,2,20.82826,20.82826
15683,2,2,20.82826,20.82826
15684,2,161,20.82826,20.82826
15685,2,3,20.82826,20.82826
15687,1,778,20.82826,20.82826
15687,2,778,20.82826,20.82826
15704,2,2,20.82826,20.82826
15705,1,305,20.82826,20.82826
15705,2,305,20.82826,20.82826
15706,2,9,20.82826,20.82826
15708,1,560,20.82826,20.82826
15708,2,560,20.82826,20.82826
15717,2,15,20.82826,20.82826
15723,1,22,20.82826,20.82826
15723,2,22,20.82826,20.82826
15724,2,6,20.82826,20.82826
15725,1,526,20.82826,20.82826
15725,2,526,20.82826,20.82826
15732,2,69,20.82826,20.82826
15749,2,39,20.82826,20.82826
15759,1,8,20.82826,20.82826
15759,2,8,20.82826,20.82826
15761,1,259,20.82826,20.82826
15761,2,259,20.82826,20.82826
15762,1,419,20.82826,20.82826
15762,2,419,20.82826,20.82826
15763,2,92,20.82826,20.82826
15767,1,1083,20.82826,20.82826
15767,2,1083,20.82826,20.82826
15772,2,10,20.82826,20.82826
15782,2,7,20.82826,20.82826
15784,2,6,20.82826,20.82826
15786,2,10,20.82826,20.82826
15788,1,27,20.82826,20.82826
15788,2,27,20.82826,20.82826
15843,2,10,20.82826,20.82826
15844,2,20,20.82826,20.82826
15849,2,25,20.82826,20.82826
15869,2,1,20.82826,20.82826
16003,2,53,20.82826,20.82826
16004,2,8,20.82826,20.82826
16008,2,57,20.82826,20.82826
16023,2,2,20.82826,20.82826
16028,2,2,20.82826,20.82826
1603,2,66,20.82826,20.82826
16082,2,107,20.82826,20.82826
16086,1,717,20.82826,20.82826
16086,2,717,20.82826,20.82826
16091,2,4,20.82826,20.82826
16101,2,6,20.82826,20.82826
16103,2,6,20.82826,20.82826
16105,2,9,20.82826,20.82826
16107,2,12,20.82826,20.82826
16164,1,13,20.82826,20.82826
16164,2,13,20.82826,20.82826
16184,2,1,20.82826,20.82826
16240,1,1323,20.82826,20.82826
16240,2,1323,20.82826,20.82826
16245,1,1089,20.82826,20.82826
16245,2,1089,20.82826,20.82826
16255,1,1176,20.82826,20.82826
16255,2,1176,20.82826,20.82826
16259,1,1375,20.82826,20.82826
16259,2,1375,20.82826,20.82826
16261,1,1441,20.82826,20.82826
16261,2,1441,20.82826,20.82826
16263,1,1054,20.82826,20.82826
16263,2,1054,20.82826,20.82826
16264,1,1098,20.82826,20.82826
16264,2,1098,20.82826,20.82826
16268,1,1395,20.82826,20.82826
16268,2,1395,20.82826,20.82826
16269,1,1091,20.82826,20.82826
16269,2,1091,20.82826,20.82826
16270,1,728,20.82826,20.82826
16270,2,728,20.82826,20.82826
16271,1,693,20.82826,20.82826
16271,2,693,20.82826,20.82826
16273,1,1131,20.82826,20.82826
16273,2,1131,20.82826,20.82826
16276,2,80,20.82826,20.82826
16277,1,207,20.82826,20.82826
16277,2,207,20.82826,20.82826
16278,1,104,20.82826,20.82826
16278,2,104,20.82826,20.82826
16281,1,55,20.82826,20.82826
16281,2,55,20.82826,20.82826
16283,1,73,20.82826,20.82826
16283,2,73,20.82826,20.82826
16285,1,114,20.82826,20.82826
16285,2,114,20.82826,20.82826
16286,1,125,20.82826,20.82826
16286,2,125,20.82826,20.82826
16287,2,233,20.82826,20.82826
16288,1,419,20.82826,20.82826
16288,2,419,20.82826,20.82826
16289,1,437,20.82826,20.82826
16289,2,437,20.82826,20.82826
16290,1,48,20.82826,20.82826
16290,2,48,20.82826,20.82826
16291,1,80,20.82826,20.82826
16291,2,80,20.82826,20.82826
16292,1,626,20.82826,20.82826
16292,2,626,20.82826,20.82826
16468,1,715,20.82826,20.82826
16468,2,715,20.82826,20.82826
16478,1,628,20.82826,20.82826
16478,2,628,20.82826,20.82826
16480,2,6,20.82826,20.82826
16482,1,975,20.82826,20.82826
16482,2,975,20.82826,20.82826
16484,1,1176,20.82826,20.82826
16484,2,1176,20.82826,20.82826
16486,1,473,20.82826,20.82826
16486,2,473,20.82826,20.82826
16487,1,688,20.82826,20.82826
16487,2,688,20.82826,20.82826
16491,1,696,20.82826,20.82826
16491,2,696,20.82826,20.82826
16492,2,347,20.82826,20.82826
16493,2,235,20.82826,20.82826
16494,1,308,20.82826,20.82826
16494,2,308,20.82826,20.82826
16496,2,309,20.82826,20.82826
16499,2,63,20.82826,20.82826
16500,2,116,20.82826,20.82826
16501,1,55,20.82826,20.82826
16501,2,55,20.82826,20.82826
16504,2,18,20.82826,20.82826
16506,1,22,20.82826,20.82826
16506,2,22,20.82826,20.82826
16508,2,18,20.82826,20.82826
16509,2,21,20.82826,20.82826
16510,2,118,20.82826,20.82826
16511,2,124,20.82826,20.82826
16512,1,165,20.82826,20.82826
16512,2,165,20.82826,20.82826
16513,2,17,20.82826,20.82826
16514,2,46,20.82826,20.82826
16515,2,214,20.82826,20.82826
16828,1,859,20.82826,20.82826
16828,2,859,20.82826,20.82826
16830,1,322,20.82826,20.82826
16830,2,322,20.82826,20.82826
16832,1,1252,20.82826,20.82826
16832,2,1252,20.82826,20.82826
16834,1,1206,20.82826,20.82826
16834,2,1206,20.82826,20.82826
16835,1,761,20.82826,20.82826
16835,2,761,20.82826,20.82826
16836,1,533,20.82826,20.82826
16836,2,533,20.82826,20.82826
16837,1,674,20.82826,20.82826
16837,2,674,20.82826,20.82826
16841,1,658,20.82826,20.82826
16841,2,658,20.82826,20.82826
16842,1,374,20.82826,20.82826
16842,2,374,20.82826,20.82826
16843,1,212,20.82826,20.82826
16843,2,212,20.82826,20.82826
16844,1,281,20.82826,20.82826
16844,2,281,20.82826,20.82826
16846,2,228,20.82826,20.82826
16849,2,54,20.82826,20.82826
16850,2,97,20.82826,20.82826
16851,1,51,20.82826,20.82826
16851,2,51,20.82826,20.82826
16854,2,11,20.82826,20.82826
16856,2,24,20.82826,20.82826
16858,1,41,20.82826,20.82826
16858,2,41,20.82826,20.82826
16859,2,34,20.82826,20.82826
16860,2,111,20.82826,20.82826
16861,2,115,20.82826,20.82826
16862,1,140,20.82826,20.82826
16862,2,140,20.82826,20.82826
16863,2,14,20.82826,20.82826
16864,1,30,20.82826,20.82826
16864,2,30,20.82826,20.82826
16865,2,187,20.82826,20.82826
16888,2,25,20.82826,20.82826
16889,2,76,20.82826,20.82826
16890,2,20,20.82826,20.82826
16891,2,33,20.82826,20.82826
16892,2,111,20.82826,20.82826
16893,2,73,20.82826,20.82826
16894,2,46,20.82826,20.82826
16895,2,48,20.82826,20.82826
16896,2,38,20.82826,20.82826
16897,2,12,20.82826,20.82826
16898,2,60,20.82826,20.82826
16899,1,34,20.82826,20.82826
16899,2,34,20.82826,20.82826
16900,2,21,20.82826,20.82826
16901,1,78,20.82826,20.82826
16901,2,78,20.82826,20.82826
16955,2,9,20.82826,20.82826
16956,2,3,20.82826,20.82826
16957,2,5,20.82826,20.82826
16958,2,29,20.82826,20.82826
16959,2,17,20.82826,20.82826
16961,2,2,20.82826,20.82826
16962,1,13,20.82826,20.82826
16962,2,13,20.82826,20.82826
16963,2,1,20.82826,20.82826
16964,2,10,20.82826,20.82826
16965,2,7,20.82826,20.82826
16966,2,8,20.82826,20.82826
16967,1,29,20.82826,20.82826
16967,2,29,20.82826,20.82826
17021,2,3,20.82826,20.82826
17022,2,8,20.82826,20.82826
17023,2,17,20.82826,20.82826
17024,2,24,20.82826,20.82826
17026,2,3,20.82826,20.82826
17027,2,17,20.82826,20.82826
17028,2,3,20.82826,20.82826
17029,2,4,20.82826,20.82826
17030,2,7,20.82826,20.82826
17031,1,15,20.82826,20.82826
17031,2,15,20.82826,20.82826
17032,1,30,20.82826,20.82826
17032,2,30,20.82826,20.82826
17086,2,17,20.82826,20.82826
17087,2,35,20.82826,20.82826
17088,2,72,20.82826,20.82826
17089,2,7,20.82826,20.82826
17090,2,15,20.82826,20.82826
17091,2,156,20.82826,20.82826
17092,1,83,20.82826,20.82826
17092,2,83,20.82826,20.82826
17093,2,74,20.82826,20.82826
17094,1,98,20.82826,20.82826
17094,2,98,20.82826,20.82826
17095,2,83,20.82826,20.82826
17096,1,173,20.82826,20.82826
17096,2,173,20.82826,20.82826
17150,2,143,20.82826,20.82826
17151,1,126,20.82826,20.82826
17151,2,126,20.82826,20.82826
17152,2,38,20.82826,20.82826
17153,2,27,20.82826,20.82826
17154,1,260,20.82826,20.82826
17154,2,260,20.82826,20.82826
17155,1,83,20.82826,20.82826
17155,2,83,20.82826,20.82826
17156,2,133,20.82826,20.82826
17157,1,165,20.82826,20.82826
17157,2,165,20.82826,20.82826
17158,1,109,20.82826,20.82826
17158,2,109,20.82826,20.82826
17159,1,308,20.82826,20.82826
17159,2,308,20.82826,20.82826
17213,2,57,20.82826,20.82826
17214,2,7,20.82826,20.82826
17215,2,8,20.82826,20.82826
17216,2,41,20.82826,20.82826
17217,2,8,20.82826,20.82826
17218,2,20,20.82826,20.82826
17219,2,18,20.82826,20.82826
17220,2,16,20.82826,20.82826
17221,2,28,20.82826,20.82826
17275,2,51,20.82826,20.82826
17276,2,26,20.82826,20.82826
17277,1,685,20.82826,20.82826
17277,2,685,20.82826,20.82826
17278,2,81,20.82826,20.82826
17279,1,289,20.82826,20.82826
17279,2,289,20.82826,20.82826
17281,1,375,20.82826,20.82826
17281,2,375,20.82826,20.82826
17282,2,115,20.82826,20.82826
17283,1,1241,20.82826,20.82826
17283,2,1241,20.82826,20.82826
17337,2,5,20.82826,20.82826
17338,2,12,20.82826,20.82826
17340,2,2,20.82826,20.82826
17342,2,1,20.82826,20.82826
17343,2,10,20.82826,20.82826
17397,1,106,20.82826,20.82826
17397,2,106,20.82826,20.82826
17398,1,6,20.82826,20.82826
17398,2,6,20.82826,20.82826
17399,2,41,20.82826,20.82826
17401,1,53,20.82826,20.82826
17401,2,53,20.82826,20.82826
17402,1,16,20.82826,20.82826
17402,2,16,20.82826,20.82826
17403,2,117,20.82826,20.82826
17457,2,53,20.82826,20.82826
17458,1,398,20.82826,20.82826
17458,2,398,20.82826,20.82826
17460,1,919,20.82826,20.82826
17460,2,919,20.82826,20.82826
17461,2,85,20.82826,20.82826
17462,1,1123,20.82826,20.82826
17462,2,1123,20.82826,20.82826
17463,1,438,20.82826,20.82826
17463,2,438,20.82826,20.82826
17464,1,521,20.82826,20.82826
17464,2,521,20.82826,20.82826
17465,1,467,20.82826,20.82826
17465,2,467,20.82826,20.82826
17469,1,479,20.82826,20.82826
17469,2,479,20.82826,20.82826
17470,2,239,20.82826,20.82826
17471,2,174,20.82826,20.82826
17472,2,178,20.82826,20.82826
17474,1,276,20.82826,20.82826
17474,2,276,20.82826,20.82826
17477,1,67,20.82826,20.82826
17477,2,67,20.82826,20.82826
17478,1,135,20.82826,20.82826
17478,2,135,20.82826,20.82826
17479,2,38,20.82826,20.82826
17482,2,10,20.82826,20.82826
17484,1,16,20.82826,20.82826
17484,2,16,20.82826,20.82826
17486,1,17,20.82826,20.82826
17486,2,17,20.82826,20.82826
17487,2,24,20.82826,20.82826
17488,2,135,20.82826,20.82826
17489,2,94,20.82826,20.82826
17490,2,147,20.82826,20.82826
17491,2,16,20.82826,20.82826
17492,2,43,20.82826,20.82826
17493,2,210,20.82826,20.82826
17516,1,16,20.82826,20.82826
17516,2,16,20.82826,20.82826
17518,2,20,20.82826,20.82826
17519,2,23,20.82826,20.82826
17520,2,52,20.82826,20.82826
17574,2,72,20.82826,20.82826
17575,1,469,20.82826,20.82826
17575,2,469,20.82826,20.82826
17576,2,77,20.82826,20.82826
17577,1,682,20.82826,20.82826
17577,2,682,20.82826,20.82826
17578,1,644,20.82826,20.82826
17578,2,644,20.82826,20.82826
17579,2,33,20.82826,20.82826
17580,2,35,20.82826,20.82826
17584,1,37,20.82826,20.82826
17584,2,37,20.82826,20.82826
17585,2,30,20.82826,20.82826
17586,2,33,20.82826,20.82826
17587,1,30,20.82826,20.82826
17587,2,30,20.82826,20.82826
17589,2,33,20.82826,20.82826
17626,1,396,20.82826,20.82826
17626,2,396,20.82826,20.82826
17627,1,159,20.82826,20.82826
17627,2,159,20.82826,20.82826
17631,1,823,20.82826,20.82826
17631,2,823,20.82826,20.82826
17633,1,1181,20.82826,20.82826
17633,2,1181,20.82826,20.82826
17634,1,828,20.82826,20.82826
17634,2,828,20.82826,20.82826
17663,1,6,20.82826,20.82826
17663,2,6,20.82826,20.82826
17664,1,379,20.82826,20.82826
17664,2,379,20.82826,20.82826
17665,1,616,20.82826,20.82826
17665,2,616,20.82826,20.82826
17666,1,196,20.82826,20.82826
17666,2,196,20.82826,20.82826
17667,1,713,20.82826,20.82826
17667,2,713,20.82826,20.82826
17671,1,1127,20.82826,20.82826
17671,2,1127,20.82826,20.82826
17672,1,620,20.82826,20.82826
17672,2,620,20.82826,20.82826
17673,1,382,20.82826,20.82826
17673,2,382,20.82826,20.82826
17674,1,333,20.82826,20.82826
17674,2,333,20.82826,20.82826
17676,1,565,20.82826,20.82826
17676,2,565,20.82826,20.82826
17678,2,96,20.82826,20.82826
17679,1,173,20.82826,20.82826
17679,2,173,20.82826,20.82826
17680,2,38,20.82826,20.82826
17683,2,11,20.82826,20.82826
17685,2,14,20.82826,20.82826
17687,2,7,20.82826,20.82826
17688,1,28,20.82826,20.82826
17688,2,28,20.82826,20.82826
17689,1,237,20.82826,20.82826
17689,2,237,20.82826,20.82826
17690,1,433,20.82826,20.82826
17690,2,433,20.82826,20.82826
17691,1,482,20.82826,20.82826
17691,2,482,20.82826,20.82826
17692,2,37,20.82826,20.82826
17693,1,82,20.82826,20.82826
17693,2,82,20.82826,20.82826
17694,1,785,20.82826,20.82826
17694,2,785,20.82826,20.82826
17712,1,1142,20.82826,20.82826
17712,2,1142,20.82826,20.82826
17713,1,255,20.82826,20.82826
17713,2,255,20.82826,20.82826
17717,1,18,20.82826,20.82826
17717,2,18,20.82826,20.82826
17718,2,15,20.82826,20.82826
17770,1,290,20.82826,20.82826
17770,2,290,20.82826,20.82826
17771,2,226,20.82826,20.82826
17772,1,951,20.82826,20.82826
17772,2,951,20.82826,20.82826
17776,1,1439,20.82826,20.82826
17776,2,1439,20.82826,20.82826
17777,1,1034,20.82826,20.82826
17777,2,1034,20.82826,20.82826
17778,1,639,20.82826,20.82826
17778,2,639,20.82826,20.82826
17779,1,640,20.82826,20.82826
17779,2,640,20.82826,20.82826
17781,1,1354,20.82826,20.82826
17781,2,1354,20.82826,20.82826
17784,2,184,20.82826,20.82826
17785,1,650,20.82826,20.82826
17785,2,650,20.82826,20.82826
17786,1,1462,20.82826,20.82826
17786,2,1462,20.82826,20.82826
17788,2,1,20.82826,20.82826
17789,1,42,20.82826,20.82826
17789,2,42,20.82826,20.82826
17791,2,65,20.82826,20.82826
17793,1,135,20.82826,20.82826
17793,2,135,20.82826,20.82826
17794,1,260,20.82826,20.82826
17794,2,260,20.82826,20.82826
17795,1,634,20.82826,20.82826
17795,2,634,20.82826,20.82826
17796,1,1006,20.82826,20.82826
17796,2,1006,20.82826,20.82826
17797,1,1274,20.82826,20.82826
17797,2,1274,20.82826,20.82826
17798,1,76,20.82826,20.82826
17798,2,76,20.82826,20.82826
17799,1,191,20.82826,20.82826
17799,2,191,20.82826,20.82826
17800,1,1378,20.82826,20.82826
17800,2,1378,20.82826,20.82826
17801,2,18,20.82826,20.82826
17802,2,1,20.82826,20.82826
17805,1,14,20.82826,20.82826
17805,2,14,20.82826,20.82826
17806,1,101,20.82826,20.82826
17806,2,101,20.82826,20.82826
17808,2,240,20.82826,20.82826
17808,3,240,20.82826,20.82826
17808,5,240,20.82826,20.82826
17810,2,155,20.82826,20.82826
17812,2,118,20.82826,20.82826
17814,2,54,20.82826,20.82826
17815,2,7,20.82826,20.82826
17816,2,1,20.82826,20.82826
17817,1,629,20.82826,20.82826
17817,2,629,20.82826,20.82826
17818,1,1319,20.82826,20.82826
17818,2,1319,20.82826,20.82826
17819,1,531,20.82826,20.82826
17819,2,531,20.82826,20.82826
17823,1,359,20.82826,20.82826
17823,2,359,20.82826,20.82826
17824,1,1174,20.82826,20.82826
17824,2,1174,20.82826,20.82826
17825,1,1014,20.82826,20.82826
17825,2,1014,20.82826,20.82826
17826,1,741,20.82826,20.82826
17826,2,741,20.82826,20.82826
17827,1,1366,20.82826,20.82826
17827,2,1366,20.82826,20.82826
17828,1,1397,20.82826,20.82826
17828,2,1397,20.82826,20.82826
17829,1,1338,20.82826,20.82826
17829,2,1338,20.82826,20.82826
17830,1,1074,20.82826,20.82826
17830,2,1074,20.82826,20.82826
17831,1,1091,20.82826,20.82826
17831,2,1091,20.82826,20.82826
17833,1,1158,20.82826,20.82826
17833,2,1158,20.82826,20.82826
17870,1,1237,20.82826,20.82826
17870,2,1237,20.82826,20.82826
17871,1,564,20.82826,20.82826
17871,2,564,20.82826,20.82826
17875,1,645,20.82826,20.82826
17875,2,645,20.82826,20.82826
17876,1,465,20.82826,20.82826
17876,2,465,20.82826,20.82826
17877,2,193,20.82826,20.82826
17878,1,653,20.82826,20.82826
17878,2,653,20.82826,20.82826
17879,1,1131,20.82826,20.82826
17879,2,1131,20.82826,20.82826
17880,1,818,20.82826,20.82826
17880,2,818,20.82826,20.82826
17881,1,647,20.82826,20.82826
17881,2,647,20.82826,20.82826
17882,1,519,20.82826,20.82826
17882,2,519,20.82826,20.82826
17884,1,840,20.82826,20.82826
17884,2,840,20.82826,20.82826
17887,2,81,20.82826,20.82826
17888,2,141,20.82826,20.82826
17889,1,25,20.82826,20.82826
17889,2,25,20.82826,20.82826
17892,2,12,20.82826,20.82826
17894,1,13,20.82826,20.82826
17894,2,13,20.82826,20.82826
17896,2,11,20.82826,20.82826
17897,2,12,20.82826,20.82826
17898,2,169,20.82826,20.82826
17899,1,231,20.82826,20.82826
17899,2,231,20.82826,20.82826
17900,1,289,20.82826,20.82826
17900,2,289,20.82826,20.82826
17901,2,20,20.82826,20.82826
17902,1,62,20.82826,20.82826
17902,2,62,20.82826,20.82826
17903,1,344,20.82826,20.82826
17903,2,344,20.82826,20.82826
17904,2,1,20.82826,20.82826
17908,2,3,20.82826,20.82826
17909,2,9,20.82826,20.82826
17911,2,49,20.82826,20.82826
17913,2,34,20.82826,20.82826
17915,2,28,20.82826,20.82826
17917,2,6,20.82826,20.82826
17920,1,79,20.82826,20.82826
17920,2,79,20.82826,20.82826
17921,1,94,20.82826,20.82826
17921,2,94,20.82826,20.82826
17922,2,31,20.82826,20.82826
17926,1,482,20.82826,20.82826
17926,2,482,20.82826,20.82826
17927,1,430,20.82826,20.82826
17927,2,430,20.82826,20.82826
17928,1,863,20.82826,20.82826
17928,2,863,20.82826,20.82826
17929,1,1313,20.82826,20.82826
17929,2,1313,20.82826,20.82826
17930,1,1193,20.82826,20.82826
17930,2,1193,20.82826,20.82826
17931,1,673,20.82826,20.82826
17931,2,673,20.82826,20.82826
17932,1,608,20.82826,20.82826
17932,2,608,20.82826,20.82826
17934,1,1126,20.82826,20.82826
17934,2,1126,20.82826,20.82826
17937,2,162,20.82826,20.82826
17938,1,426,20.82826,20.82826
17938,2,426,20.82826,20.82826
17939,2,42,20.82826,20.82826
17941,2,1,20.82826,20.82826
17942,2,17,20.82826,20.82826
17944,2,29,20.82826,20.82826
17946,1,29,20.82826,20.82826
17946,2,29,20.82826,20.82826
17947,1,75,20.82826,20.82826
17947,2,75,20.82826,20.82826
17948,1,336,20.82826,20.82826
17948,2,336,20.82826,20.82826
17949,1,435,20.82826,20.82826
17949,2,435,20.82826,20.82826
17950,1,466,20.82826,20.82826
17950,2,466,20.82826,20.82826
17951,2,49,20.82826,20.82826
17952,2,77,20.82826,20.82826
17953,1,630,20.82826,20.82826
17953,2,630,20.82826,20.82826
17954,2,1,20.82826,20.82826
17958,2,9,20.82826,20.82826
17959,2,37,20.82826,20.82826
17961,1,120,20.82826,20.82826
17961,2,120,20.82826,20.82826
17963,2,76,20.82826,20.82826
17965,2,50,20.82826,20.82826
17967,1,19,20.82826,20.82826
17967,2,19,20.82826,20.82826
17968,2,2,20.82826,20.82826
17970,2,131,20.82826,20.82826
17971,1,73,20.82826,20.82826
17971,2,73,20.82826,20.82826
17972,2,34,20.82826,20.82826
17976,1,188,20.82826,20.82826
17976,2,188,20.82826,20.82826
17977,1,392,20.82826,20.82826
17977,2,392,20.82826,20.82826
17978,1,663,20.82826,20.82826
17978,2,663,20.82826,20.82826
17979,1,496,20.82826,20.82826
17979,2,496,20.82826,20.82826
17980,1,251,20.82826,20.82826
17980,2,251,20.82826,20.82826
17981,1,258,20.82826,20.82826
17981,2,258,20.82826,20.82826
17983,1,470,20.82826,20.82826
17983,2,470,20.82826,20.82826
18025,2,141,20.82826,20.82826
18026,1,362,20.82826,20.82826
18026,2,362,20.82826,20.82826
18027,1,267,20.82826,20.82826
18027,2,267,20.82826,20.82826
18028,1,248,20.82826,20.82826
18028,2,248,20.82826,20.82826
18029,2,179,20.82826,20.82826
18031,1,249,20.82826,20.82826
18031,2,249,20.82826,20.82826
18073,1,462,20.82826,20.82826
18073,2,462,20.82826,20.82826
18074,1,362,20.82826,20.82826
18074,2,362,20.82826,20.82826
18075,1,257,20.82826,20.82826
18075,2,257,20.82826,20.82826
18076,1,212,20.82826,20.82826
18076,2,212,20.82826,20.82826
18078,1,916,20.82826,20.82826
18078,2,916,20.82826,20.82826
18120,2,105,20.82826,20.82826
18121,1,338,20.82826,20.82826
18121,2,338,20.82826,20.82826
18122,1,314,20.82826,20.82826
18122,2,314,20.82826,20.82826
18124,1,1444,20.82826,20.82826
18124,2,1444,20.82826,20.82826
18127,1,320,20.82826,20.82826
18127,2,320,20.82826,20.82826
18128,1,817,20.82826,20.82826
18128,2,817,20.82826,20.82826
18129,1,1460,20.82826,20.82826
18129,2,1460,20.82826,20.82826
18132,2,30,20.82826,20.82826
18134,2,44,20.82826,20.82826
18136,2,38,20.82826,20.82826
18137,1,96,20.82826,20.82826
18137,2,96,20.82826,20.82826
18138,1,960,20.82826,20.82826
18138,2,960,20.82826,20.82826
18139,1,1009,20.82826,20.82826
18139,2,1009,20.82826,20.82826
18140,1,1286,20.82826,20.82826
18140,2,1286,20.82826,20.82826
18141,1,91,20.82826,20.82826
18141,2,91,20.82826,20.82826
18142,2,175,20.82826,20.82826
18143,1,1370,20.82826,20.82826
18143,2,1370,20.82826,20.82826
18144,2,4,20.82826,20.82826
18148,2,11,20.82826,20.82826
18149,2,58,20.82826,20.82826
18151,1,264,20.82826,20.82826
18151,2,264,20.82826,20.82826
18151,4,264,20.82826,20.82826
18153,1,146,20.82826,20.82826
18153,2,146,20.82826,20.82826
18155,2,99,20.82826,20.82826
18157,2,46,20.82826,20.82826
18158,2,2,20.82826,20.82826
18160,2,364,20.82826,20.82826
18161,1,114,20.82826,20.82826
18161,2,114,20.82826,20.82826
18162,2,28,20.82826,20.82826
18166,1,196,20.82826,20.82826
18166,2,196,20.82826,20.82826
18167,1,194,20.82826,20.82826
18167,2,194,20.82826,20.82826
18169,1,1302,20.82826,20.82826
18169,2,1302,20.82826,20.82826
18172,1,200,20.82826,20.82826
18172,2,200,20.82826,20.82826
18173,1,429,20.82826,20.82826
18173,2,429,20.82826,20.82826
18174,1,30,20.82826,20.82826
18174,2,30,20.82826,20.82826
18177,1,10,20.82826,20.82826
18177,2,10,20.82826,20.82826
18179,1,7,20.82826,20.82826
18179,2,7,20.82826,20.82826
18181,2,23,20.82826,20.82826
18182,1,53,20.82826,20.82826
18182,2,53,20.82826,20.82826
18183,1,417,20.82826,20.82826
18183,2,417,20.82826,20.82826
18184,1,752,20.82826,20.82826
18184,2,752,20.82826,20.82826
18185,1,613,20.82826,20.82826
18185,2,613,20.82826,20.82826
18186,1,32,20.82826,20.82826
18186,2,32,20.82826,20.82826
18187,1,84,20.82826,20.82826
18187,2,84,20.82826,20.82826
18188,1,795,20.82826,20.82826
18188,2,795,20.82826,20.82826
18189,2,4,20.82826,20.82826
18190,2,1,20.82826,20.82826
18193,2,12,20.82826,20.82826
18194,2,37,20.82826,20.82826
18196,1,139,20.82826,20.82826
18196,2,139,20.82826,20.82826
18198,2,55,20.82826,20.82826
18200,1,61,20.82826,20.82826
18200,2,61,20.82826,20.82826
18202,2,20,20.82826,20.82826
18203,2,3,20.82826,20.82826
18205,1,107,20.82826,20.82826
18205,2,107,20.82826,20.82826
18206,1,127,20.82826,20.82826
18206,2,127,20.82826,20.82826
18207,2,33,20.82826,20.82826
18211,2,54,20.82826,20.82826
18213,1,1219,20.82826,20.82826
18213,2,1219,20.82826,20.82826
18216,1,288,20.82826,20.82826
18216,2,288,20.82826,20.82826
18217,1,506,20.82826,20.82826
18217,2,506,20.82826,20.82826
18218,1,44,20.82826,20.82826
18218,2,44,20.82826,20.82826
18221,2,20,20.82826,20.82826
18223,2,21,20.82826,20.82826
18225,2,18,20.82826,20.82826
18226,2,35,20.82826,20.82826
18227,1,677,20.82826,20.82826
18227,2,677,20.82826,20.82826
18228,1,499,20.82826,20.82826
18228,2,499,20.82826,20.82826
18229,1,648,20.82826,20.82826
18229,2,648,20.82826,20.82826
18230,1,58,20.82826,20.82826
18230,2,58,20.82826,20.82826
18231,2,93,20.82826,20.82826
18232,1,731,20.82826,20.82826
18232,2,731,20.82826,20.82826
18233,1,2,20.82826,20.82826
18233,2,2,20.82826,20.82826
18237,1,20,20.82826,20.82826
18237,2,20,20.82826,20.82826
18238,2,36,20.82826,20.82826
18240,2,126,20.82826,20.82826
18242,1,93,20.82826,20.82826
18242,2,93,20.82826,20.82826
18244,1,75,20.82826,20.82826
18244,2,75,20.82826,20.82826
18246,2,33,20.82826,20.82826
18247,2,1,20.82826,20.82826
18249,1,124,20.82826,20.82826
18249,2,124,20.82826,20.82826
18250,1,53,20.82826,20.82826
18250,2,53,20.82826,20.82826
18251,1,26,20.82826,20.82826
18251,2,26,20.82826,20.82826
18256,1,1069,20.82826,20.82826
18256,2,1069,20.82826,20.82826
18259,2,148,20.82826,20.82826
18260,1,261,20.82826,20.82826
18260,2,261,20.82826,20.82826
18261,2,26,20.82826,20.82826
18264,1,10,20.82826,20.82826
18264,2,10,20.82826,20.82826
18266,2,8,20.82826,20.82826
18268,2,5,20.82826,20.82826
18269,2,14,20.82826,20.82826
18270,1,277,20.82826,20.82826
18270,2,277,20.82826,20.82826
18271,1,283,20.82826,20.82826
18271,2,283,20.82826,20.82826
18272,1,291,20.82826,20.82826
18272,2,291,20.82826,20.82826
18273,1,22,20.82826,20.82826
18273,2,22,20.82826,20.82826
18274,1,52,20.82826,20.82826
18274,2,52,20.82826,20.82826
18275,1,482,20.82826,20.82826
18275,2,482,20.82826,20.82826
18279,2,1,20.82826,20.82826
18280,2,5,20.82826,20.82826
18281,2,20,20.82826,20.82826
18283,1,89,20.82826,20.82826
18283,2,89,20.82826,20.82826
18284,2,39,20.82826,20.82826
18285,2,48,20.82826,20.82826
18287,2,10,20.82826,20.82826
18288,2,1,20.82826,20.82826
18290,1,89,20.82826,20.82826
18290,2,89,20.82826,20.82826
18291,1,38,20.82826,20.82826
18291,2,38,20.82826,20.82826
18292,2,20,20.82826,20.82826
18340,1,767,20.82826,20.82826
18340,2,767,20.82826,20.82826
18341,1,1262,20.82826,20.82826
18341,2,1262,20.82826,20.82826
18342,1,1458,20.82826,20.82826
18342,2,1458,20.82826,20.82826
18344,2,5,20.82826,20.82826
18345,1,299,20.82826,20.82826
18345,2,299,20.82826,20.82826
18346,2,262,20.82826,20.82826
18347,1,816,20.82826,20.82826
18347,2,816,20.82826,20.82826
18349,1,653,20.82826,20.82826
18349,2,653,20.82826,20.82826
18350,1,936,20.82826,20.82826
18350,2,936,20.82826,20.82826
18351,1,1290,20.82826,20.82826
18351,2,1290,20.82826,20.82826
18352,1,1077,20.82826,20.82826
18352,2,1077,20.82826,20.82826
18353,1,1291,20.82826,20.82826
18353,2,1291,20.82826,20.82826
18354,2,95,20.82826,20.82826
18355,1,237,20.82826,20.82826
18355,2,237,20.82826,20.82826
18356,1,1367,20.82826,20.82826
18356,2,1367,20.82826,20.82826
18357,2,1,20.82826,20.82826
18358,2,1,20.82826,20.82826
18360,2,1,20.82826,20.82826
18361,2,28,20.82826,20.82826
18362,1,101,20.82826,20.82826
18362,2,101,20.82826,20.82826
18364,1,202,20.82826,20.82826
18364,2,202,20.82826,20.82826
18366,1,123,20.82826,20.82826
18366,2,123,20.82826,20.82826
18368,1,85,20.82826,20.82826
18368,2,85,20.82826,20.82826
18370,1,47,20.82826,20.82826
18370,2,47,20.82826,20.82826
18371,2,5,20.82826,20.82826
18373,2,209,20.82826,20.82826
18374,1,66,20.82826,20.82826
18374,2,66,20.82826,20.82826
18375,2,28,20.82826,20.82826
18457,1,375,20.82826,20.82826
18457,2,375,20.82826,20.82826
18458,2,70,20.82826,20.82826
18460,2,2,20.82826,20.82826
18461,1,31,20.82826,20.82826
18461,2,31,20.82826,20.82826
18462,2,38,20.82826,20.82826
18463,2,64,20.82826,20.82826
18465,2,56,20.82826,20.82826
18466,2,72,20.82826,20.82826
18467,1,204,20.82826,20.82826
18467,2,204,20.82826,20.82826
18468,1,139,20.82826,20.82826
18468,2,139,20.82826,20.82826
18469,1,187,20.82826,20.82826
18469,2,187,20.82826,20.82826
18470,2,7,20.82826,20.82826
18471,2,41,20.82826,20.82826
18472,1,130,20.82826,20.82826
18472,2,130,20.82826,20.82826
18482,2,1,20.82826,20.82826
18495,2,53,20.82826,20.82826
18498,2,6,20.82826,20.82826
18500,1,8,20.82826,20.82826
18500,2,8,20.82826,20.82826
18502,2,10,20.82826,20.82826
18503,1,38,20.82826,20.82826
18503,2,38,20.82826,20.82826
18504,1,546,20.82826,20.82826
18504,2,546,20.82826,20.82826
18505,1,421,20.82826,20.82826
18505,2,421,20.82826,20.82826
18506,1,447,20.82826,20.82826
18506,2,447,20.82826,20.82826
18507,1,41,20.82826,20.82826
18507,2,41,20.82826,20.82826
18508,2,97,20.82826,20.82826
18509,1,348,20.82826,20.82826
18509,2,348,20.82826,20.82826
18510,2,1,20.82826,20.82826
18514,1,12,20.82826,20.82826
18514,2,12,20.82826,20.82826
18515,2,19,20.82826,20.82826
18517,2,69,20.82826,20.82826
18519,1,57,20.82826,20.82826
18519,2,57,20.82826,20.82826
18521,2,23,20.82826,20.82826
18523,2,15,20.82826,20.82826
18524,2,1,20.82826,20.82826
18526,1,65,20.82826,20.82826
18526,2,65,20.82826,20.82826
18532,2,1,20.82826,20.82826
18533,1,852,20.82826,20.82826
18533,2,852,20.82826,20.82826
18534,1,607,20.82826,20.82826
18534,2,607,20.82826,20.82826
18535,1,1291,20.82826,20.82826
18535,2,1291,20.82826,20.82826
18537,1,806,20.82826,20.82826
18537,2,806,20.82826,20.82826
18538,1,619,20.82826,20.82826
18538,2,619,20.82826,20.82826
18539,1,679,20.82826,20.82826
18539,2,679,20.82826,20.82826
18540,1,449,20.82826,20.82826
18540,2,449,20.82826,20.82826
18541,1,541,20.82826,20.82826
18541,2,541,20.82826,20.82826
18542,2,87,20.82826,20.82826
18543,2,146,20.82826,20.82826
18544,1,895,20.82826,20.82826
18544,2,895,20.82826,20.82826
18545,2,62,20.82826,20.82826
18546,2,22,20.82826,20.82826
18548,1,217,20.82826,20.82826
18548,2,217,20.82826,20.82826
18550,1,163,20.82826,20.82826
18550,2,163,20.82826,20.82826
18552,2,276,20.82826,20.82826
18554,2,147,20.82826,20.82826
18556,2,90,20.82826,20.82826
18558,1,45,20.82826,20.82826
18558,2,45,20.82826,20.82826
18559,2,7,20.82826,20.82826
1856,1,41,20.82826,20.82826
1856,2,41,20.82826,20.82826
18561,2,170,20.82826,20.82826
18636,1,494,20.82826,20.82826
18636,2,494,20.82826,20.82826
18637,1,910,20.82826,20.82826
18637,2,910,20.82826,20.82826
18639,1,413,20.82826,20.82826
18639,2,413,20.82826,20.82826
18640,1,365,20.82826,20.82826
18640,2,365,20.82826,20.82826
18641,1,368,20.82826,20.82826
18641,2,368,20.82826,20.82826
18642,1,244,20.82826,20.82826
18642,2,244,20.82826,20.82826
18643,1,270,20.82826,20.82826
18643,2,270,20.82826,20.82826
18644,2,35,20.82826,20.82826
18645,2,60,20.82826,20.82826
18646,1,273,20.82826,20.82826
18646,2,273,20.82826,20.82826
18647,2,16,20.82826,20.82826
18648,2,1,20.82826,20.82826
18650,2,36,20.82826,20.82826
18652,2,41,20.82826,20.82826
18654,2,43,20.82826,20.82826
18656,2,30,20.82826,20.82826
18658,1,9,20.82826,20.82826
18658,2,9,20.82826,20.82826
18660,2,4,20.82826,20.82826
18663,1,47,20.82826,20.82826
18663,2,47,20.82826,20.82826
18669,1,240,20.82826,20.82826
18669,2,240,20.82826,20.82826
18671,1,129,20.82826,20.82826
18671,2,129,20.82826,20.82826
18672,2,88,20.82826,20.82826
18673,2,69,20.82826,20.82826
18674,2,27,20.82826,20.82826
18675,2,31,20.82826,20.82826
18677,2,8,20.82826,20.82826
18678,2,42,20.82826,20.82826
18679,2,1,20.82826,20.82826
18682,2,2,20.82826,20.82826
18684,2,4,20.82826,20.82826
18686,2,3,20.82826,20.82826
18702,1,458,20.82826,20.82826
18702,2,458,20.82826,20.82826
18703,1,528,20.82826,20.82826
18703,2,528,20.82826,20.82826
18704,1,510,20.82826,20.82826
18704,2,510,20.82826,20.82826
18705,2,202,20.82826,20.82826
18706,1,240,20.82826,20.82826
18706,2,240,20.82826,20.82826
18707,2,40,20.82826,20.82826
18708,1,72,20.82826,20.82826
18708,2,72,20.82826,20.82826
18709,1,294,20.82826,20.82826
18709,2,294,20.82826,20.82826
18710,2,20,20.82826,20.82826
18713,2,30,20.82826,20.82826
18715,2,47,20.82826,20.82826
18717,1,72,20.82826,20.82826
18717,2,72,20.82826,20.82826
18719,2,47,20.82826,20.82826
18721,1,24,20.82826,20.82826
18721,2,24,20.82826,20.82826
18723,2,12,20.82826,20.82826
18724,2,2,20.82826,20.82826
18726,1,74,20.82826,20.82826
18726,2,74,20.82826,20.82826
18762,1,186,20.82826,20.82826
18762,2,186,20.82826,20.82826
18763,1,396,20.82826,20.82826
18763,2,396,20.82826,20.82826
18764,1,158,20.82826,20.82826
18764,2,158,20.82826,20.82826
18765,1,192,20.82826,20.82826
18765,2,192,20.82826,20.82826
18766,2,19,20.82826,20.82826
18767,2,62,20.82826,20.82826
18768,1,152,20.82826,20.82826
18768,2,152,20.82826,20.82826
18769,2,34,20.82826,20.82826
18772,2,24,20.82826,20.82826
18774,2,18,20.82826,20.82826
18776,2,46,20.82826,20.82826
18778,2,34,20.82826,20.82826
18780,2,21,20.82826,20.82826
18782,2,3,20.82826,20.82826
18783,2,1,20.82826,20.82826
18785,1,40,20.82826,20.82826
18785,2,40,20.82826,20.82826
18791,1,373,20.82826,20.82826
18791,2,373,20.82826,20.82826
18792,2,167,20.82826,20.82826
18793,2,171,20.82826,20.82826
18794,2,25,20.82826,20.82826
18795,1,43,20.82826,20.82826
18795,2,43,20.82826,20.82826
18796,2,110,20.82826,20.82826
18797,2,17,20.82826,20.82826
18798,2,2,20.82826,20.82826
18800,2,12,20.82826,20.82826
18802,2,9,20.82826,20.82826
18804,1,30,20.82826,20.82826
18804,2,30,20.82826,20.82826
18806,2,15,20.82826,20.82826
18808,2,5,20.82826,20.82826
18810,2,6,20.82826,20.82826
18813,1,28,20.82826,20.82826
18813,2,28,20.82826,20.82826
18819,1,744,20.82826,20.82826
18819,2,744,20.82826,20.82826
18820,1,785,20.82826,20.82826
18820,2,785,20.82826,20.82826
18821,2,59,20.82826,20.82826
18822,1,129,20.82826,20.82826
18822,2,129,20.82826,20.82826
18823,1,523,20.82826,20.82826
18823,2,523,20.82826,20.82826
18824,2,6,20.82826,20.82826
18827,2,30,20.82826,20.82826
18828,2,8,20.82826,20.82826
18829,1,53,20.82826,20.82826
18829,2,53,20.82826,20.82826
18831,2,85,20.82826,20.82826
18833,2,68,20.82826,20.82826
18835,1,33,20.82826,20.82826
18835,2,33,20.82826,20.82826
18837,2,14,20.82826,20.82826
18838,2,2,20.82826,20.82826
18840,1,96,20.82826,20.82826
18840,2,96,20.82826,20.82826
18846,2,13,20.82826,20.82826
18847,2,44,20.82826,20.82826
18848,1,310,20.82826,20.82826
18848,2,310,20.82826,20.82826
18849,1,749,20.82826,20.82826
18849,2,749,20.82826,20.82826
18850,2,5,20.82826,20.82826
18853,2,12,20.82826,20.82826
18854,2,11,20.82826,20.82826
18855,2,25,20.82826,20.82826
18857,1,95,20.82826,20.82826
18857,2,95,20.82826,20.82826
18859,2,55,20.82826,20.82826
18861,2,21,20.82826,20.82826
18863,2,17,20.82826,20.82826
18864,2,1,20.82826,20.82826
18866,1,59,20.82826,20.82826
18866,2,59,20.82826,20.82826
18872,2,216,20.82826,20.82826
18873,1,597,20.82826,20.82826
18873,2,597,20.82826,20.82826
18874,1,1373,20.82826,20.82826
18874,2,1373,20.82826,20.82826
18875,2,18,20.82826,20.82826
18876,2,12,20.82826,20.82826
18878,1,185,20.82826,20.82826
18878,2,185,20.82826,20.82826
18879,2,97,20.82826,20.82826
18880,2,232,20.82826,20.82826
18882,1,410,20.82826,20.82826
18882,2,410,20.82826,20.82826
18884,2,251,20.82826,20.82826
18886,1,95,20.82826,20.82826
18886,2,95,20.82826,20.82826
18888,2,64,20.82826,20.82826
18889,2,13,20.82826,20.82826
18891,1,333,20.82826,20.82826
18891,2,333,20.82826,20.82826
18897,2,50,20.82826,20.82826
18898,2,120,20.82826,20.82826
18899,2,1,20.82826,20.82826
18902,2,21,20.82826,20.82826
18903,2,3,20.82826,20.82826
18904,1,35,20.82826,20.82826
18904,2,35,20.82826,20.82826
18906,2,70,20.82826,20.82826
18908,2,43,20.82826,20.82826
18910,2,27,20.82826,20.82826
18912,2,6,20.82826,20.82826
18913,2,2,20.82826,20.82826
18915,2,30,20.82826,20.82826
18921,1,426,20.82826,20.82826
18921,2,426,20.82826,20.82826
18922,2,13,20.82826,20.82826
18925,2,34,20.82826,20.82826
18926,1,15,20.82826,20.82826
18926,2,15,20.82826,20.82826
18927,1,56,20.82826,20.82826
18927,2,56,20.82826,20.82826
18929,2,88,20.82826,20.82826
18931,2,56,20.82826,20.82826
18933,1,50,20.82826,20.82826
18933,2,50,20.82826,20.82826
18935,2,21,20.82826,20.82826
18936,2,1,20.82826,20.82826
18938,2,61,20.82826,20.82826
18944,1,71,20.82826,20.82826
18944,2,71,20.82826,20.82826
18945,2,47,20.82826,20.82826
18946,1,129,20.82826,20.82826
18946,2,129,20.82826,20.82826
18947,1,364,20.82826,20.82826
18947,2,364,20.82826,20.82826
18948,1,411,20.82826,20.82826
18948,2,411,20.82826,20.82826
18949,1,573,20.82826,20.82826
18949,2,573,20.82826,20.82826
18951,1,985,20.82826,20.82826
18951,2,985,20.82826,20.82826
18953,1,503,20.82826,20.82826
18953,2,503,20.82826,20.82826
18955,1,266,20.82826,20.82826
18955,2,266,20.82826,20.82826
18956,2,1,20.82826,20.82826
18957,2,146,20.82826,20.82826
18958,1,49,20.82826,20.82826
18958,2,49,20.82826,20.82826
18959,2,3,20.82826,20.82826
18960,1,634,20.82826,20.82826
18960,2,634,20.82826,20.82826
18966,2,1,20.82826,20.82826
18969,2,1,20.82826,20.82826
18970,2,5,20.82826,20.82826
18972,2,19,20.82826,20.82826
18974,2,4,20.82826,20.82826
18976,2,5,20.82826,20.82826
18978,2,3,20.82826,20.82826
18981,2,9,20.82826,20.82826
18990,2,2,20.82826,20.82826
18992,2,2,20.82826,20.82826
19027,2,2,20.82826,20.82826
19029,1,15,20.82826,20.82826
19029,2,15,20.82826,20.82826
19031,2,15,20.82826,20.82826
19033,2,1,20.82826,20.82826
19035,2,3,20.82826,20.82826
19038,2,21,20.82826,20.82826
19044,2,7,20.82826,20.82826
19046,2,22,20.82826,20.82826
19048,2,5,20.82826,20.82826
19050,2,8,20.82826,20.82826
19055,2,9,20.82826,20.82826
19062,1,84,20.82826,20.82826
19062,2,84,20.82826,20.82826
19064,2,83,20.82826,20.82826
19066,1,71,20.82826,20.82826
19066,2,71,20.82826,20.82826
19068,2,23,20.82826,20.82826
19069,2,5,20.82826,20.82826
19071,2,84,20.82826,20.82826
19093,1,574,20.82826,20.82826
19093,2,574,20.82826,20.82826
19095,2,174,20.82826,20.82826
19096,2,1,20.82826,20.82826
19097,2,93,20.82826,20.82826
19098,2,27,20.82826,20.82826
19100,2,221,20.82826,20.82826
19120,1,248,20.82826,20.82826
19120,2,248,20.82826,20.82826
19121,2,1,20.82826,20.82826
19122,1,112,20.82826,20.82826
19122,2,112,20.82826,20.82826
19123,2,21,20.82826,20.82826
19125,1,382,20.82826,20.82826
19125,2,382,20.82826,20.82826
19142,2,6,20.82826,20.82826
19143,1,274,20.82826,20.82826
19143,2,274,20.82826,20.82826
19144,1,25,20.82826,20.82826
19144,2,25,20.82826,20.82826
19146,2,325,20.82826,20.82826
19152,2,1,20.82826,20.82826
19153,2,1,20.82826,20.82826
19155,2,3,20.82826,20.82826
19161,2,23,20.82826,20.82826
19162,2,1,20.82826,20.82826
19163,2,308,20.82826,20.82826
19170,1,49,20.82826,20.82826
19170,2,49,20.82826,20.82826
19176,1,14,20.82826,20.82826
19176,2,14,20.82826,20.82826
19187,2,52,20.82826,20.82826
19238,2,1,20.82826,20.82826
19253,2,7,20.82826,20.82826
19256,2,5,20.82826,20.82826
19257,2,20,20.82826,20.82826
19259,2,12,20.82826,20.82826
19260,2,4,20.82826,20.82826
19261,2,4,20.82826,20.82826
19262,2,1,20.82826,20.82826
19263,2,7,20.82826,20.82826
19266,2,5,20.82826,20.82826
19279,2,18,20.82826,20.82826
19280,2,111,20.82826,20.82826
19282,2,55,20.82826,20.82826
19283,1,25,20.82826,20.82826
19283,2,25,20.82826,20.82826
19318,2,3,20.82826,20.82826
19321,2,1,20.82826,20.82826
19341,2,1,20.82826,20.82826
19343,2,1,20.82826,20.82826
19348,2,1,20.82826,20.82826
19353,1,18,20.82826,20.82826
19353,2,18,20.82826,20.82826
19356,2,3,20.82826,20.82826
19358,2,30,20.82826,20.82826
19373,2,18,20.82826,20.82826
19374,2,21,20.82826,20.82826
19378,2,29,20.82826,20.82826
19379,2,2,20.82826,20.82826
19380,2,62,20.82826,20.82826
19381,2,59,20.82826,20.82826
1940,1,24,20.82826,20.82826
1940,2,24,20.82826,20.82826
19429,2,123,20.82826,20.82826
19430,2,56,20.82826,20.82826
19448,1,231,20.82826,20.82826
19448,2,231,20.82826,20.82826
19449,2,9,20.82826,20.82826
19450,2,4,20.82826,20.82826
19451,2,4,20.82826,20.82826
19452,2,17,20.82826,20.82826
19453,2,42,20.82826,20.82826
19454,2,6,20.82826,20.82826
19455,2,76,20.82826,20.82826
19457,2,5,20.82826,20.82826
19458,2,161,20.82826,20.82826
19459,1,22,20.82826,20.82826
19459,2,22,20.82826,20.82826
19460,2,69,20.82826,20.82826
19476,1,148,20.82826,20.82826
19476,2,148,20.82826,20.82826
19477,2,12,20.82826,20.82826
19478,2,2,20.82826,20.82826
19479,2,6,20.82826,20.82826
19480,2,7,20.82826,20.82826
19481,2,11,20.82826,20.82826
19482,1,15,20.82826,20.82826
19482,2,15,20.82826,20.82826
19483,1,44,20.82826,20.82826
19483,2,44,20.82826,20.82826
19484,2,1,20.82826,20.82826
19485,2,8,20.82826,20.82826
19486,2,129,20.82826,20.82826
19487,2,56,20.82826,20.82826
19488,2,77,20.82826,20.82826
19490,2,25,20.82826,20.82826
19491,2,2,20.82826,20.82826
19492,1,62,20.82826,20.82826
19492,2,62,20.82826,20.82826
19493,2,61,20.82826,20.82826
19541,2,83,20.82826,20.82826
19542,2,43,20.82826,20.82826
19548,2,79,20.82826,20.82826
19549,2,28,20.82826,20.82826
19550,2,257,20.82826,20.82826
19551,2,118,20.82826,20.82826
19599,1,240,20.82826,20.82826
19599,2,240,20.82826,20.82826
19600,2,85,20.82826,20.82826
19618,1,190,20.82826,20.82826
19618,2,190,20.82826,20.82826
19619,2,44,20.82826,20.82826
19620,2,9,20.82826,20.82826
19621,2,11,20.82826,20.82826
19622,2,75,20.82826,20.82826
19623,1,116,20.82826,20.82826
19623,2,116,20.82826,20.82826
19624,2,11,20.82826,20.82826
19625,1,128,20.82826,20.82826
19625,2,128,20.82826,20.82826
19627,2,35,20.82826,20.82826
19628,1,217,20.82826,20.82826
19628,2,217,20.82826,20.82826
19629,2,15,20.82826,20.82826
19630,2,75,20.82826,20.82826
19646,1,144,20.82826,20.82826
19646,2,144,20.82826,20.82826
19647,1,119,20.82826,20.82826
19647,2,119,20.82826,20.82826
19648,2,41,20.82826,20.82826
19649,2,94,20.82826,20.82826
19650,2,67,20.82826,20.82826
19651,1,102,20.82826,20.82826
19651,2,102,20.82826,20.82826
19652,2,96,20.82826,20.82826
19653,1,57,20.82826,20.82826
19653,2,57,20.82826,20.82826
19654,2,4,20.82826,20.82826
19655,2,15,20.82826,20.82826
19656,1,138,20.82826,20.82826
19656,2,138,20.82826,20.82826
19657,2,48,20.82826,20.82826
19658,2,69,20.82826,20.82826
19660,2,69,20.82826,20.82826
19661,2,28,20.82826,20.82826
19662,1,238,20.82826,20.82826
19662,2,238,20.82826,20.82826
19663,2,116,20.82826,20.82826
19711,1,154,20.82826,20.82826
19711,2,154,20.82826,20.82826
19712,1,95,20.82826,20.82826
19712,2,95,20.82826,20.82826
19717,2,24,20.82826,20.82826
19718,1,17,20.82826,20.82826
19718,2,17,20.82826,20.82826
20069,1,145,20.82826,20.82826
20069,2,145,20.82826,20.82826
20070,2,84,20.82826,20.82826
20071,1,327,20.82826,20.82826
20071,2,327,20.82826,20.82826
20072,2,152,20.82826,20.82826
20073,2,26,20.82826,20.82826
20074,1,85,20.82826,20.82826
20074,2,85,20.82826,20.82826
20075,2,73,20.82826,20.82826
20076,1,353,20.82826,20.82826
20076,2,353,20.82826,20.82826
20077,1,4,20.82826,20.82826
20077,2,4,20.82826,20.82826
20078,2,1,20.82826,20.82826
20080,2,2,20.82826,20.82826
20081,2,1,20.82826,20.82826
20084,2,1,20.82826,20.82826
20086,2,3,20.82826,20.82826
20088,2,1,20.82826,20.82826
20121,1,158,20.82826,20.82826
20121,2,158,20.82826,20.82826
20123,1,57,20.82826,20.82826
20123,2,57,20.82826,20.82826
20124,2,61,20.82826,20.82826
20128,2,78,20.82826,20.82826
20129,1,70,20.82826,20.82826
20129,2,70,20.82826,20.82826
20130,1,63,20.82826,20.82826
20130,2,63,20.82826,20.82826
20131,1,64,20.82826,20.82826
20131,2,64,20.82826,20.82826
20133,1,123,20.82826,20.82826
20133,2,123,20.82826,20.82826
20136,2,15,20.82826,20.82826
20137,1,84,20.82826,20.82826
20137,2,84,20.82826,20.82826
20150,1,79,20.82826,20.82826
20150,2,79,20.82826,20.82826
20151,1,44,20.82826,20.82826
20151,2,44,20.82826,20.82826
20152,1,159,20.82826,20.82826
20152,2,159,20.82826,20.82826
20153,2,21,20.82826,20.82826
20154,2,37,20.82826,20.82826
20155,1,266,20.82826,20.82826
20155,2,266,20.82826,20.82826
20156,2,43,20.82826,20.82826
20161,2,46,20.82826,20.82826
20163,2,129,20.82826,20.82826
20165,1,396,20.82826,20.82826
20165,2,396,20.82826,20.82826
20202,1,39,20.82826,20.82826
20202,2,39,20.82826,20.82826
20204,2,10,20.82826,20.82826
20205,1,24,20.82826,20.82826
20205,2,24,20.82826,20.82826
20209,2,20,20.82826,20.82826
20210,2,16,20.82826,20.82826
20211,1,15,20.82826,20.82826
20211,2,15,20.82826,20.82826
20212,2,12,20.82826,20.82826
20214,1,28,20.82826,20.82826
20214,2,28,20.82826,20.82826
20217,2,1,20.82826,20.82826
20218,1,23,20.82826,20.82826
20218,2,23,20.82826,20.82826
20231,1,9,20.82826,20.82826
20231,2,9,20.82826,20.82826
20232,2,7,20.82826,20.82826
20233,2,39,20.82826,20.82826
20234,2,2,20.82826,20.82826
20235,2,7,20.82826,20.82826
20236,1,80,20.82826,20.82826
20236,2,80,20.82826,20.82826
20237,2,6,20.82826,20.82826
20242,1,14,20.82826,20.82826
20242,2,14,20.82826,20.82826
20244,2,44,20.82826,20.82826
20246,1,104,20.82826,20.82826
20246,2,104,20.82826,20.82826
20280,1,51,20.82826,20.82826
20280,2,51,20.82826,20.82826
20282,2,4,20.82826,20.82826
20283,1,19,20.82826,20.82826
20283,2,19,20.82826,20.82826
20287,2,22,20.82826,20.82826
20288,2,18,20.82826,20.82826
20289,2,19,20.82826,20.82826
20290,2,5,20.82826,20.82826
20292,1,34,20.82826,20.82826
20292,2,34,20.82826,20.82826
20296,1,29,20.82826,20.82826
20296,2,29,20.82826,20.82826
20309,1,21,20.82826,20.82826
20309,2,21,20.82826,20.82826
20311,2,30,20.82826,20.82826
20314,2,83,20.82826,20.82826
20315,2,2,20.82826,20.82826
20319,2,2,20.82826,20.82826
20320,2,22,20.82826,20.82826
20322,2,46,20.82826,20.82826
20324,1,43,20.82826,20.82826
20324,2,43,20.82826,20.82826
20375,1,113,20.82826,20.82826
20375,2,113,20.82826,20.82826
20377,2,27,20.82826,20.82826
20378,2,43,20.82826,20.82826
20382,1,68,20.82826,20.82826
20382,2,68,20.82826,20.82826
20383,1,54,20.82826,20.82826
20383,2,54,20.82826,20.82826
20384,2,50,20.82826,20.82826
20385,2,22,20.82826,20.82826
20387,1,59,20.82826,20.82826
20387,2,59,20.82826,20.82826
20391,2,40,20.82826,20.82826
20404,1,33,20.82826,20.82826
20404,2,33,20.82826,20.82826
20406,1,62,20.82826,20.82826
20406,2,62,20.82826,20.82826
20408,2,1,20.82826,20.82826
20409,1,149,20.82826,20.82826
20409,2,149,20.82826,20.82826
20414,2,2,20.82826,20.82826
20415,1,38,20.82826,20.82826
20415,2,38,20.82826,20.82826
20417,1,83,20.82826,20.82826
20417,2,83,20.82826,20.82826
20419,1,93,20.82826,20.82826
20419,2,93,20.82826,20.82826
20473,2,43,20.82826,20.82826
20475,2,3,20.82826,20.82826
20476,2,8,20.82826,20.82826
20480,1,15,20.82826,20.82826
20480,2,15,20.82826,20.82826
20481,2,11,20.82826,20.82826
20482,2,8,20.82826,20.82826
20483,1,5,20.82826,20.82826
20483,2,5,20.82826,20.82826
20485,1,42,20.82826,20.82826
20485,2,42,20.82826,20.82826
20489,2,2,20.82826,20.82826
20502,2,1,20.82826,20.82826
20503,2,5,20.82826,20.82826
20504,2,6,20.82826,20.82826
20505,2,1,20.82826,20.82826
20506,2,3,20.82826,20.82826
20507,2,23,20.82826,20.82826
20508,2,1,20.82826,20.82826
20513,2,6,20.82826,20.82826
20515,2,13,20.82826,20.82826
20517,1,12,20.82826,20.82826
20517,2,12,20.82826,20.82826
20551,1,30,20.82826,20.82826
20551,2,30,20.82826,20.82826
20553,2,1,20.82826,20.82826
20554,1,15,20.82826,20.82826
20554,2,15,20.82826,20.82826
20558,2,20,20.82826,20.82826
20559,2,15,20.82826,20.82826
20560,2,10,20.82826,20.82826
20561,2,2,20.82826,20.82826
20563,2,17,20.82826,20.82826
20567,2,11,20.82826,20.82826
20580,2,15,20.82826,20.82826
20582,2,21,20.82826,20.82826
20585,1,93,20.82826,20.82826
20585,2,93,20.82826,20.82826
20591,1,22,20.82826,20.82826
20591,2,22,20.82826,20.82826
20593,2,52,20.82826,20.82826
20595,1,37,20.82826,20.82826
20595,2,37,20.82826,20.82826
20649,2,9,20.82826,20.82826
20651,2,6,20.82826,20.82826
20652,2,5,20.82826,20.82826
20656,2,3,20.82826,20.82826
20657,2,6,20.82826,20.82826
20658,2,4,20.82826,20.82826
20659,2,3,20.82826,20.82826
20661,2,17,20.82826,20.82826
20664,2,2,20.82826,20.82826
20665,2,5,20.82826,20.82826
20678,2,8,20.82826,20.82826
20679,2,8,20.82826,20.82826
20680,2,17,20.82826,20.82826
20681,2,6,20.82826,20.82826
20682,2,9,20.82826,20.82826
20683,2,19,20.82826,20.82826
20689,2,4,20.82826,20.82826
20691,1,21,20.82826,20.82826
20691,2,21,20.82826,20.82826
20693,2,58,20.82826,20.82826
20729,2,1,20.82826,20.82826
20730,2,1,20.82826,20.82826
20734,2,1,20.82826,20.82826
20739,2,2,20.82826,20.82826
20742,2,1,20.82826,20.82826
20756,2,1,20.82826,20.82826
20758,2,3,20.82826,20.82826
20760,2,2,20.82826,20.82826
20761,1,252,20.82826,20.82826
20761,2,252,20.82826,20.82826
20762,2,2,20.82826,20.82826
20766,2,2,20.82826,20.82826
20767,1,66,20.82826,20.82826
20767,2,66,20.82826,20.82826
20769,1,113,20.82826,20.82826
20769,2,113,20.82826,20.82826
20771,1,166,20.82826,20.82826
20771,2,166,20.82826,20.82826
20795,2,9,20.82826,20.82826
20796,1,72,20.82826,20.82826
20796,2,72,20.82826,20.82826
20797,2,7,20.82826,20.82826
20798,2,51,20.82826,20.82826
20799,2,4,20.82826,20.82826
20800,2,17,20.82826,20.82826
20815,2,5,20.82826,20.82826
20816,2,26,20.82826,20.82826
20818,1,40,20.82826,20.82826
20818,2,40,20.82826,20.82826
20819,2,1,20.82826,20.82826
20820,2,157,20.82826,20.82826
20821,2,13,20.82826,20.82826
20822,2,24,20.82826,20.82826
20823,2,2,20.82826,20.82826
20824,1,33,20.82826,20.82826
20824,2,33,20.82826,20.82826
20825,2,23,20.82826,20.82826
20826,1,166,20.82826,20.82826
20826,2,166,20.82826,20.82826
20827,2,2,20.82826,20.82826
20828,2,3,20.82826,20.82826
20829,2,2,20.82826,20.82826
20830,2,6,20.82826,20.82826
20831,2,4,20.82826,20.82826
20832,1,32,20.82826,20.82826
20832,2,32,20.82826,20.82826
20833,2,1,20.82826,20.82826
20834,2,3,20.82826,20.82826
20836,2,4,20.82826,20.82826
20837,2,21,20.82826,20.82826
20838,2,41,20.82826,20.82826
20841,2,1,20.82826,20.82826
20842,2,6,20.82826,20.82826
20844,2,1,20.82826,20.82826
21066,1,210,20.82826,20.82826
21066,2,210,20.82826,20.82826
21113,1,651,20.82826,20.82826
21113,2,651,20.82826,20.82826
21119,1,486,20.82826,20.82826
21119,2,486,20.82826,20.82826
21122,1,298,20.82826,20.82826
21122,2,298,20.82826,20.82826
21124,2,42,20.82826,20.82826
21125,1,351,20.82826,20.82826
21125,2,351,20.82826,20.82826
21127,1,163,20.82826,20.82826
21127,2,163,20.82826,20.82826
21128,1,236,20.82826,20.82826
21128,2,236,20.82826,20.82826
21165,2,80,20.82826,20.82826
21168,2,42,20.82826,20.82826
21169,2,6,20.82826,20.82826
21170,2,59,20.82826,20.82826
21171,2,97,20.82826,20.82826
21173,1,59,20.82826,20.82826
21173,2,59,20.82826,20.82826
21174,1,104,20.82826,20.82826
21174,2,104,20.82826,20.82826
21208,1,78,20.82826,20.82826
21208,2,78,20.82826,20.82826
21209,1,196,20.82826,20.82826
21209,2,196,20.82826,20.82826
21211,2,7,20.82826,20.82826
21217,2,1,20.82826,20.82826
21218,2,2,20.82826,20.82826
21220,2,1,20.82826,20.82826
21227,2,1,20.82826,20.82826
21228,2,1,20.82826,20.82826
21229,2,3,20.82826,20.82826
21235,2,2,20.82826,20.82826
21236,2,3,20.82826,20.82826
21238,2,1,20.82826,20.82826
21246,2,9,20.82826,20.82826
21247,2,21,20.82826,20.82826
21253,2,10,20.82826,20.82826
21254,1,7,20.82826,20.82826
21254,2,7,20.82826,20.82826
21255,2,3,20.82826,20.82826
21256,2,5,20.82826,20.82826
21257,2,1,20.82826,20.82826
21262,2,1,20.82826,20.82826
21263,2,2,20.82826,20.82826
21278,2,1,20.82826,20.82826
21299,2,2,20.82826,20.82826
21303,2,1,20.82826,20.82826
21304,2,1,20.82826,20.82826
21316,1,6,20.82826,20.82826
21316,2,6,20.82826,20.82826
21361,1,5,20.82826,20.82826
21361,2,5,20.82826,20.82826
21364,2,4,20.82826,20.82826
21365,2,4,20.82826,20.82826
21369,2,5,20.82826,20.82826
21371,2,7,20.82826,20.82826
21373,2,6,20.82826,20.82826
21374,2,34,20.82826,20.82826
21376,2,14,20.82826,20.82826
21377,2,19,20.82826,20.82826
21378,2,8,20.82826,20.82826
21379,2,1,20.82826,20.82826
21380,2,2,20.82826,20.82826
21381,2,1,20.82826,20.82826
21382,2,3,20.82826,20.82826
21383,2,11,20.82826,20.82826
21391,2,1,20.82826,20.82826
21415,2,2,20.82826,20.82826
21417,2,4,20.82826,20.82826
21418,1,3,20.82826,20.82826
21418,2,3,20.82826,20.82826
21420,2,1,20.82826,20.82826
21421,2,1,20.82826,20.82826
21423,2,1,20.82826,20.82826
21486,2,3,20.82826,20.82826
21488,1,5,20.82826,20.82826
21488,2,5,20.82826,20.82826
21489,2,1,20.82826,20.82826
21493,2,2,20.82826,20.82826
21496,2,2,20.82826,20.82826
21498,2,7,20.82826,20.82826
21502,2,1,20.82826,20.82826
21515,2,4,20.82826,20.82826
21516,2,1,20.82826,20.82826
21517,2,1,20.82826,20.82826
21555,2,4,20.82826,20.82826
21557,2,3,20.82826,20.82826
21558,2,1,20.82826,20.82826
21562,2,4,20.82826,20.82826
21563,2,1,20.82826,20.82826
21564,2,4,20.82826,20.82826
21567,1,9,20.82826,20.82826
21567,2,9,20.82826,20.82826
2157,1,200,20.82826,20.82826
2157,2,200,20.82826,20.82826
21571,2,2,20.82826,20.82826
21584,2,4,20.82826,20.82826
21680,2,1,20.82826,20.82826
21724,2,3,20.82826,20.82826
21729,2,1,20.82826,20.82826
21886,2,1,20.82826,20.82826
21895,2,1,20.82826,20.82826
2209,1,44,20.82826,20.82826
2209,2,44,20.82826,20.82826
2212,1,35,20.82826,20.82826
2212,2,35,20.82826,20.82826
22318,1,8,20.82826,20.82826
22318,2,8,20.82826,20.82826
22319,2,3,20.82826,20.82826
22320,2,3,20.82826,20.82826
22321,1,8,20.82826,20.82826
22321,2,8,20.82826,20.82826
22322,1,29,20.82826,20.82826
22322,2,29,20.82826,20.82826
22323,2,6,20.82826,20.82826
22324,2,18,20.82826,20.82826
22325,2,7,20.82826,20.82826
22326,2,4,20.82826,20.82826
22327,2,48,20.82826,20.82826
22328,1,82,20.82826,20.82826
22328,2,82,20.82826,20.82826
22329,2,17,20.82826,20.82826
22330,1,72,20.82826,20.82826
22330,2,72,20.82826,20.82826
22331,1,69,20.82826,20.82826
22331,2,69,20.82826,20.82826
22332,1,3,20.82826,20.82826
22332,2,3,20.82826,20.82826
22333,2,16,20.82826,20.82826
22334,2,16,20.82826,20.82826
22335,2,19,20.82826,20.82826
22336,2,7,20.82826,20.82826
22337,2,10,20.82826,20.82826
22338,2,35,20.82826,20.82826
22339,1,25,20.82826,20.82826
22339,2,25,20.82826,20.82826
22340,2,14,20.82826,20.82826
22341,1,78,20.82826,20.82826
22341,2,78,20.82826,20.82826
22342,1,72,20.82826,20.82826
22342,2,72,20.82826,20.82826
22343,2,57,20.82826,20.82826
22344,2,39,20.82826,20.82826
22345,1,41,20.82826,20.82826
22345,2,41,20.82826,20.82826
22346,1,164,20.82826,20.82826
22346,2,164,20.82826,20.82826
22347,1,98,20.82826,20.82826
22347,2,98,20.82826,20.82826
22348,1,195,20.82826,20.82826
22348,2,195,20.82826,20.82826
22349,2,7,20.82826,20.82826
22350,1,6,20.82826,20.82826
22350,2,6,20.82826,20.82826
22351,1,37,20.82826,20.82826
22351,2,37,20.82826,20.82826
22352,2,11,20.82826,20.82826
22353,2,17,20.82826,20.82826
22354,2,3,20.82826,20.82826
22355,2,4,20.82826,20.82826
22356,2,17,20.82826,20.82826
22357,2,3,20.82826,20.82826
22358,2,20,20.82826,20.82826
22359,1,25,20.82826,20.82826
22359,2,25,20.82826,20.82826
22360,2,23,20.82826,20.82826
22361,1,91,20.82826,20.82826
22361,2,91,20.82826,20.82826
22362,1,48,20.82826,20.82826
22362,2,48,20.82826,20.82826
22363,1,63,20.82826,20.82826
22363,2,63,20.82826,20.82826
22364,2,24,20.82826,20.82826
22365,1,61,20.82826,20.82826
22365,2,61,20.82826,20.82826
22366,2,25,20.82826,20.82826
22367,2,58,20.82826,20.82826
22368,2,37,20.82826,20.82826
22369,2,9,20.82826,20.82826
22370,2,16,20.82826,20.82826
22371,2,19,20.82826,20.82826
22372,2,13,20.82826,20.82826
22373,1,131,20.82826,20.82826
22373,2,131,20.82826,20.82826
22374,2,5,20.82826,20.82826
22375,1,101,20.82826,20.82826
22375,2,101,20.82826,20.82826
22376,2,10,20.82826,20.82826
22377,2,1,20.82826,20.82826
22378,2,3,20.82826,20.82826
22379,2,5,20.82826,20.82826
22380,2,26,20.82826,20.82826
22381,2,7,20.82826,20.82826
22382,2,4,20.82826,20.82826
22383,2,1,20.82826,20.82826
22384,2,20,20.82826,20.82826
22385,1,44,20.82826,20.82826
22385,2,44,20.82826,20.82826
22386,1,32,20.82826,20.82826
22386,2,32,20.82826,20.82826
22387,2,23,20.82826,20.82826
22388,1,34,20.82826,20.82826
22388,2,34,20.82826,20.82826
22389,2,62,20.82826,20.82826
22390,2,16,20.82826,20.82826
22391,2,6,20.82826,20.82826
22392,1,19,20.82826,20.82826
22392,2,19,20.82826,20.82826
22393,2,16,20.82826,20.82826
22394,1,14,20.82826,20.82826
22394,2,14,20.82826,20.82826
22395,1,9,20.82826,20.82826
22395,2,9,20.82826,20.82826
22396,1,41,20.82826,20.82826
22396,2,41,20.82826,20.82826
22397,2,8,20.82826,20.82826
22398,2,8,20.82826,20.82826
22399,1,79,20.82826,20.82826
22399,2,79,20.82826,20.82826
22400,1,54,20.82826,20.82826
22400,2,54,20.82826,20.82826
22401,1,69,20.82826,20.82826
22401,2,69,20.82826,20.82826
22402,2,25,20.82826,20.82826
22403,2,35,20.82826,20.82826
22404,1,197,20.82826,20.82826
22404,2,197,20.82826,20.82826
22405,1,61,20.82826,20.82826
22405,2,61,20.82826,20.82826
22406,1,107,20.82826,20.82826
22406,2,107,20.82826,20.82826
22407,2,3,20.82826,20.82826
22408,2,7,20.82826,20.82826
22409,2,36,20.82826,20.82826
22410,2,9,20.82826,20.82826
22411,2,29,20.82826,20.82826
22412,2,3,20.82826,20.82826
22413,2,5,20.82826,20.82826
22414,2,20,20.82826,20.82826
22415,2,2,20.82826,20.82826
22416,2,13,20.82826,20.82826
22417,1,26,20.82826,20.82826
22417,2,26,20.82826,20.82826
22418,2,20,20.82826,20.82826
22419,1,87,20.82826,20.82826
22419,2,87,20.82826,20.82826
22420,2,36,20.82826,20.82826
22421,1,61,20.82826,20.82826
22421,2,61,20.82826,20.82826
22422,1,27,20.82826,20.82826
22422,2,27,20.82826,20.82826
22423,2,57,20.82826,20.82826
22424,2,12,20.82826,20.82826
22425,2,45,20.82826,20.82826
22426,2,32,20.82826,20.82826
22427,2,1,20.82826,20.82826
22428,2,17,20.82826,20.82826
22429,2,14,20.82826,20.82826
22430,2,15,20.82826,20.82826
22431,1,127,20.82826,20.82826
22431,2,127,20.82826,20.82826
22432,2,4,20.82826,20.82826
22433,1,58,20.82826,20.82826
22433,2,58,20.82826,20.82826
22553,2,29,20.82826,20.82826
22554,1,57,20.82826,20.82826
22554,2,57,20.82826,20.82826
22556,1,8,20.82826,20.82826
22556,2,8,20.82826,20.82826
22557,1,67,20.82826,20.82826
22557,2,67,20.82826,20.82826
22558,2,5,20.82826,20.82826
22559,2,1,20.82826,20.82826
22560,2,2,20.82826,20.82826
22561,2,3,20.82826,20.82826
22562,2,3,20.82826,20.82826
22565,2,63,20.82826,20.82826
22566,2,5,20.82826,20.82826
22567,2,9,20.82826,20.82826
22568,1,44,20.82826,20.82826
22568,2,44,20.82826,20.82826
22569,2,22,20.82826,20.82826
22570,2,28,20.82826,20.82826
22571,2,6,20.82826,20.82826
22572,1,5,20.82826,20.82826
22572,2,5,20.82826,20.82826
22573,2,30,20.82826,20.82826
22574,2,4,20.82826,20.82826
22575,2,1,20.82826,20.82826
22577,2,36,20.82826,20.82826
22578,2,28,20.82826,20.82826
22580,2,3,20.82826,20.82826
22581,2,6,20.82826,20.82826
22582,1,39,20.82826,20.82826
22582,2,39,20.82826,20.82826
22597,2,7,20.82826,20.82826
22598,2,15,20.82826,20.82826
22599,1,46,20.82826,20.82826
22599,2,46,20.82826,20.82826
22600,2,40,20.82826,20.82826
22601,2,26,20.82826,20.82826
22602,1,40,20.82826,20.82826
22602,2,40,20.82826,20.82826
22603,1,134,20.82826,20.82826
22603,2,134,20.82826,20.82826
22604,1,76,20.82826,20.82826
22604,2,76,20.82826,20.82826
22605,1,285,20.82826,20.82826
22605,2,285,20.82826,20.82826
22606,2,23,20.82826,20.82826
22607,2,31,20.82826,20.82826
22608,1,61,20.82826,20.82826
22608,2,61,20.82826,20.82826
22609,2,3,20.82826,20.82826
22616,2,32,20.82826,20.82826
22620,2,6,20.82826,20.82826
22621,2,44,20.82826,20.82826
22626,2,23,20.82826,20.82826
22627,1,82,20.82826,20.82826
22627,2,82,20.82826,20.82826
22643,1,40,20.82826,20.82826
22643,2,40,20.82826,20.82826
22651,1,33,20.82826,20.82826
22651,2,33,20.82826,20.82826
22666,2,2,20.82826,20.82826
22668,2,4,20.82826,20.82826
22670,2,30,20.82826,20.82826
22671,1,35,20.82826,20.82826
22671,2,35,20.82826,20.82826
22676,1,38,20.82826,20.82826
22676,2,38,20.82826,20.82826
22678,2,17,20.82826,20.82826
22681,2,4,20.82826,20.82826
22978,2,63,20.82826,20.82826
22979,2,64,20.82826,20.82826
22980,2,18,20.82826,20.82826
22981,2,19,20.82826,20.82826
23027,2,27,20.82826,20.82826
23028,2,28,20.82826,20.82826
23041,1,63,20.82826,20.82826
23041,2,63,20.82826,20.82826
23042,2,3,20.82826,20.82826
23043,2,3,20.82826,20.82826
23044,2,48,20.82826,20.82826
23045,1,72,20.82826,20.82826
23045,2,72,20.82826,20.82826
23046,2,7,20.82826,20.82826
23051,1,50,20.82826,20.82826
23051,2,50,20.82826,20.82826
23052,2,3,20.82826,20.82826
23053,1,28,20.82826,20.82826
23053,2,28,20.82826,20.82826
23054,2,7,20.82826,20.82826
23055,2,43,20.82826,20.82826
23056,2,11,20.82826,20.82826
23059,1,197,20.82826,20.82826
23059,2,197,20.82826,20.82826
23060,2,24,20.82826,20.82826
23061,1,43,20.82826,20.82826
23061,2,43,20.82826,20.82826
23062,2,1,20.82826,20.82826
23078,2,19,20.82826,20.82826
23079,2,18,20.82826,20.82826
23080,1,49,20.82826,20.82826
23080,2,49,20.82826,20.82826
23081,2,1,20.82826,20.82826
23082,2,14,20.82826,20.82826
23083,2,5,20.82826,20.82826
23084,2,7,20.82826,20.82826
23085,2,20,20.82826,20.82826
23086,1,56,20.82826,20.82826
23086,2,56,20.82826,20.82826
23091,1,30,20.82826,20.82826
23091,2,30,20.82826,20.82826
23095,1,28,20.82826,20.82826
23095,2,28,20.82826,20.82826
23125,1,19,20.82826,20.82826
23125,2,19,20.82826,20.82826
23131,2,6,20.82826,20.82826
23161,2,7,20.82826,20.82826
23162,2,4,20.82826,20.82826
23458,2,41,20.82826,20.82826
23459,2,19,20.82826,20.82826
23460,2,10,20.82826,20.82826
23461,2,20,20.82826,20.82826
23487,2,40,20.82826,20.82826
23488,1,23,20.82826,20.82826
23488,2,23,20.82826,20.82826
23489,2,8,20.82826,20.82826
23490,2,11,20.82826,20.82826
23520,2,19,20.82826,20.82826
23521,2,3,20.82826,20.82826
23522,1,6,20.82826,20.82826
23522,2,6,20.82826,20.82826
23523,2,2,20.82826,20.82826
23549,2,22,20.82826,20.82826
23550,2,7,20.82826,20.82826
23551,2,1,20.82826,20.82826
23552,2,5,20.82826,20.82826
23582,2,18,20.82826,20.82826
23583,2,16,20.82826,20.82826
23584,2,7,20.82826,20.82826
23585,1,6,20.82826,20.82826
23585,2,6,20.82826,20.82826
23611,2,11,20.82826,20.82826
23612,2,12,20.82826,20.82826
23613,2,9,20.82826,20.82826
23614,2,12,20.82826,20.82826
23644,2,22,20.82826,20.82826
23645,2,7,20.82826,20.82826
23646,2,6,20.82826,20.82826
23647,2,10,20.82826,20.82826
23673,2,32,20.82826,20.82826
23674,2,7,20.82826,20.82826
23675,2,9,20.82826,20.82826
23676,2,18,20.82826,20.82826
24054,2,1,20.82826,20.82826
24055,2,1,20.82826,20.82826
24057,2,1,20.82826,20.82826
24093,2,3,20.82826,20.82826
24096,2,1,20.82826,20.82826
24452,2,11,20.82826,20.82826
24453,2,14,20.82826,20.82826
24475,2,53,20.82826,20.82826
24509,2,7,20.82826,20.82826
24510,1,4,20.82826,20.82826
24510,2,4,20.82826,20.82826
24511,2,5,20.82826,20.82826
24512,2,6,20.82826,20.82826
24546,2,12,20.82826,20.82826
24547,2,8,20.82826,20.82826
24548,2,7,20.82826,20.82826
24549,2,8,20.82826,20.82826
24557,2,4,20.82826,20.82826
24558,2,5,20.82826,20.82826
24559,2,9,20.82826,20.82826
24563,2,3,20.82826,20.82826
24564,2,4,20.82826,20.82826
24565,2,4,20.82826,20.82826
24591,2,14,20.82826,20.82826
24592,2,7,20.82826,20.82826
24593,2,1,20.82826,20.82826
24594,2,5,20.82826,20.82826
24628,2,10,20.82826,20.82826
24629,2,8,20.82826,20.82826
24630,2,1,20.82826,20.82826
24631,2,6,20.82826,20.82826
24639,2,6,20.82826,20.82826
24640,1,11,20.82826,20.82826
24640,2,11,20.82826,20.82826
24641,2,3,20.82826,20.82826
24645,2,4,20.82826,20.82826
24646,2,7,20.82826,20.82826
24647,2,1,20.82826,20.82826
24650,2,9,20.82826,20.82826
24651,2,7,20.82826,20.82826
24652,1,11,20.82826,20.82826
24652,2,11,20.82826,20.82826
24653,2,2,20.82826,20.82826
24668,2,29,20.82826,20.82826
24669,1,54,20.82826,20.82826
24669,2,54,20.82826,20.82826
2499,1,98,20.82826,20.82826
2499,2,98,20.82826,20.82826
25128,2,36,20.82826,20.82826
25163,2,6,20.82826,20.82826
25257,2,1,20.82826,20.82826
25258,2,4,20.82826,20.82826
25287,2,1,20.82826,20.82826
25290,2,2,20.82826,20.82826
25295,2,32,20.82826,20.82826
25345,2,30,20.82826,20.82826
25346,2,2,20.82826,20.82826
25347,1,55,20.82826,20.82826
25347,2,55,20.82826,20.82826
25348,1,73,20.82826,20.82826
25348,2,73,20.82826,20.82826
2585,2,57,20.82826,20.82826
26014,2,2,20.82826,20.82826
26018,2,5,20.82826,20.82826
26019,2,2,20.82826,20.82826
26020,2,2,20.82826,20.82826
26021,2,2,20.82826,20.82826
26022,2,8,20.82826,20.82826
26023,2,7,20.82826,20.82826
26027,2,1,20.82826,20.82826
26030,2,1,20.82826,20.82826
26031,2,8,20.82826,20.82826
26178,2,1,20.82826,20.82826
26180,2,1,20.82826,20.82826
26181,2,1,20.82826,20.82826
26183,2,1,20.82826,20.82826
26184,2,3,20.82826,20.82826
26192,2,1,20.82826,20.82826
26359,2,2,20.82826,20.82826
26380,2,1,20.82826,20.82826
26396,1,8,20.82826,20.82826
26396,2,8,20.82826,20.82826
26401,2,1,20.82826,20.82826
26402,2,1,20.82826,20.82826
26404,2,5,20.82826,20.82826
26406,2,8,20.82826,20.82826
26421,2,1,20.82826,20.82826
26558,2,1,20.82826,20.82826
26560,2,13,20.82826,20.82826
26563,2,1,20.82826,20.82826
2665,2,1,20.82826,20.82826
2669,2,1,20.82826,20.82826
26693,2,1,20.82826,20.82826
26694,2,1,20.82826,20.82826
26717,2,1,20.82826,20.82826
26719,2,2,20.82826,20.82826
26722,2,2,20.82826,20.82826
2673,1,86,20.82826,20.82826
2673,2,86,20.82826,20.82826
26730,2,1,20.82826,20.82826
26732,2,1,20.82826,20.82826
26734,2,12,20.82826,20.82826
26736,2,1,20.82826,20.82826
26739,2,3,20.82826,20.82826
2674,1,45,20.82826,20.82826
2674,2,45,20.82826,20.82826
2675,2,32,20.82826,20.82826
2676,2,22,20.82826,20.82826
2679,1,10,20.82826,20.82826
2679,2,10,20.82826,20.82826
2680,2,19,20.82826,20.82826
2685,2,36,20.82826,20.82826
2686,2,17,20.82826,20.82826
26875,1,2,20.82826,20.82826
26875,2,2,20.82826,20.82826
26885,2,1,20.82826,20.82826
26887,2,5,20.82826,20.82826
26888,2,1,20.82826,20.82826
28292,2,21,20.82826,20.82826
28450,1,29,20.82826,20.82826
28450,2,29,20.82826,20.82826
29245,2,1,20.82826,20.82826
29246,2,1,20.82826,20.82826
29251,2,2,20.82826,20.82826
29252,2,2,20.82826,20.82826
29253,2,1,20.82826,20.82826
29254,2,1,20.82826,20.82826
29255,2,1,20.82826,20.82826
29265,2,1,20.82826,20.82826
29281,2,1,20.82826,20.82826
29365,2,2,20.82826,20.82826
2955,1,48,20.82826,20.82826
2955,2,48,20.82826,20.82826
29587,2,3,20.82826,20.82826
29609,2,1,20.82826,20.82826
29610,2,1,20.82826,20.82826
29616,2,1,20.82826,20.82826
29693,1,21,20.82826,20.82826
29693,2,21,20.82826,20.82826
29694,1,48,20.82826,20.82826
29694,2,48,20.82826,20.82826
3012,2,34,20.82826,20.82826
30165,2,8,20.82826,20.82826
30166,2,9,20.82826,20.82826
3041,2,24,20.82826,20.82826
3098,2,32,20.82826,20.82826
3127,2,13,20.82826,20.82826
3184,2,21,20.82826,20.82826
3213,1,36,20.82826,20.82826
3213,2,36,20.82826,20.82826
3270,1,44,20.82826,20.82826
3270,2,44,20.82826,20.82826
3438,2,14,20.82826,20.82826
3523,2,22,20.82826,20.82826
3896,2,1,20.82826,20.82826
3954,2,1,20.82826,20.82826
4638,2,23,20.82826,20.82826
4728,2,26,20.82826,20.82826
4924,1,299,20.82826,20.82826
4924,2,299,20.82826,20.82826
6249,1,359,20.82826,20.82826
6249,2,359,20.82826,20.82826
6250,1,530,20.82826,20.82826
6250,2,530,20.82826,20.82826
6251,1,248,20.82826,20.82826
6251,2,248,20.82826,20.82826
6252,1,97,20.82826,20.82826
6252,2,97,20.82826,20.82826
6253,1,50,20.82826,20.82826
6253,2,50,20.82826,20.82826
6254,1,130,20.82826,20.82826
6254,2,130,20.82826,20.82826
6255,1,100,20.82826,20.82826
6255,2,100,20.82826,20.82826
6256,2,29,20.82826,20.82826
6257,1,74,20.82826,20.82826
6257,2,74,20.82826,20.82826
6258,1,71,20.82826,20.82826
6258,2,71,20.82826,20.82826
6259,1,293,20.82826,20.82826
6259,2,293,20.82826,20.82826
6260,1,58,20.82826,20.82826
6260,2,58,20.82826,20.82826
6261,1,177,20.82826,20.82826
6261,2,177,20.82826,20.82826
6877,1,402,20.82826,20.82826
6877,2,402,20.82826,20.82826
719,1,400,20.82826,20.82826
719,2,400,20.82826,20.82826
7425,2,34,20.82826,20.82826
7509,1,131,20.82826,20.82826
7509,2,131,20.82826,20.82826
7593,1,71,20.82826,20.82826
7593,2,71,20.82826,20.82826
7677,2,47,20.82826,20.82826
7761,1,65,20.82826,20.82826
7761,2,65,20.82826,20.82826
8014,2,41,20.82826,20.82826
8314,1,152,20.82826,20.82826
8314,2,152,20.82826,20.82826
8366,2,34,20.82826,20.82826
8369,1,46,20.82826,20.82826
8369,2,46,20.82826,20.82826
8656,1,95,20.82826,20.82826
8656,2,95,20.82826,20.82826
8742,2,52,20.82826,20.82826
8823,2,2,20.82826,20.82826
8827,2,34,20.82826,20.82826
8828,2,25,20.82826,20.82826
8829,1,28,20.82826,20.82826
8829,2,28,20.82826,20.82826
8830,2,35,20.82826,20.82826
8831,1,43,20.82826,20.82826
8831,2,43,20.82826,20.82826
8837,2,33,20.82826,20.82826
8838,2,39,20.82826,20.82826
8843,2,2,20.82826,20.82826
8844,2,1,20.82826,20.82826
91,1,359,20.82826,20.82826
91,2,359,20.82826,20.82826
9113,1,44,20.82826,20.82826
9113,2,44,20.82826,20.82826
9170,2,32,20.82826,20.82826
9199,1,26,20.82826,20.82826
9199,2,26,20.82826,20.82826
92,1,445,20.82826,20.82826
92,2,445,20.82826,20.82826
9256,2,24,20.82826,20.82826
9285,2,20,20.82826,20.82826
93,1,165,20.82826,20.82826
93,2,165,20.82826,20.82826
9342,2,16,20.82826,20.82826
9371,2,30,20.82826,20.82826
94,1,83,20.82826,20.82826
94,2,83,20.82826,20.82826
9428,2,32,20.82826,20.82826
95,1,53,20.82826,20.82826
95,2,53,20.82826,20.82826
9596,2,5,20.82826,20.82826
96,1,119,20.82826,20.82826
96,2,119,20.82826,20.82826
9681,2,1,20.82826,20.82826
97,1,90,20.82826,20.82826
97,2,90,20.82826,20.82826
98,1,41,20.82826,20.82826
98,2,41,20.82826,20.82826
99,1,62,20.82826,20.82826
99,2,62,20.82826,20.82826
