NiveauConfort,Date,Observe,Tendance,Saisonnalite,Residu
1,2023-11-01,0.098515525,0.038267803330510566,-0.005310608039450634,0.06555833016918329
1,2023-11-02,0.096503794,0.03711326047758218,-0.0028498090527125553,0.062240342768398196
1,2023-11-03,0.0442633,0.035979316898566926,0.00758012089621219,0.0007038617598072935
1,2023-11-04,0.028597116,0.034871232495882636,0.003320474989215522,-0.009594591014761244
1,2023-11-05,0.032522358,0.03378933029276893,-0.0009147261852487584,-0.00035224610724170213
1,2023-11-06,0.03541819,0.03273183970662075,0.0015955385622849867,0.0010908117931403144
1,2023-11-07,0.025197817,0.03169606390581507,-0.0037246092081879693,-0.0027736376849594457
1,2023-11-08,0.027036995,0.030673239557524143,-0.0035013417769338435,-0.000134903084926849
1,2023-11-09,0.027516134,0.029842140901064004,-0.0017350778845863079,-0.0005909289332066692
1,2023-11-10,0.027832747,0.029174912859944703,0.004998479057745835,-0.006340645411953234
1,2023-11-11,0.031435758,0.02863835147848716,0.0022093732452453,0.0005880331517100455
1,2023-11-12,0.027165428,0.02819386043738677,-0.0004607204243484973,-0.0005677122090450466
1,2023-11-13,0.024220912,0.027828629786687594,0.00028828465902994594,-0.0038960026597573416
1,2023-11-14,0.026754482,0.02750109478870221,-0.002204005978552378,0.0014573929077943103
1,2023-11-15,0.024989791,0.027264013648440243,-0.0017172938706165825,-0.0005569285633575637
1,2023-11-16,0.027738195,0.02713993931837433,-0.0006100840245102995,0.0012083396188080145
1,2023-11-17,0.02847983,0.02706693517883277,0.0025171072337386476,-0.0011042129819912767
1,2023-11-18,0.02727146,0.026950619856060922,0.0012739906850622114,-0.0009531497993647865
1,2023-11-19,0.02704426,0.02670538297497181,-9.546295563498914e-05,0.0004343408550537796
1,2023-11-20,0.026058419,0.026382576218309858,-0.0009780966551931438,0.0006539391131404199
1,2023-11-21,0.027996715,0.02609990331292977,-0.0008449339907949496,0.002741745836089285
1,2023-11-22,0.026302164,0.02583169226021393,3.018347168530852e-06,0.0004674538131030359
1,2023-11-23,0.022312762,0.025545594811173276,0.0006109934420748969,-0.0038438260375146457
1,2023-11-24,0.02457343,0.02525013563614958,6.287591654540351e-05,-0.0007395811337267827
1,2023-11-25,0.024898408,0.02499319325081859,0.0004955400825849529,-0.0005903253526038654
1,2023-11-26,0.026537485,0.024820178942257767,0.00026335507629866324,0.0014539514021474596
1,2023-11-27,0.02121437,0.02474546788414542,-0.0019232983253483285,-0.0016077998743393128
1,2023-11-28,0.02316019,0.024728367017279443,0.0001177368684305506,-0.0016859144955274977
1,2023-11-29,0.02668272,0.024740393703393183,0.00047192107135352024,0.0014704048135330203
1,2023-11-30,0.028415898,0.024822633026852767,0.001166863618814333,0.0024264012154559846
1,2023-12-01,0.023788432,0.025044933909067,-0.000468349247045852,-0.0007881530026802898
1,2023-12-02,0.024807803,0.025342353635771444,0.0005762310874700906,-0.0011107813904359005
1,2023-12-03,0.02323981,0.025600622433466454,0.0003576270103278524,-0.0027184394240627845
1,2023-12-04,0.024198754,0.02576467223313883,-0.0013007318104547375,-0.0002651866634191466
1,2023-12-05,0.029553846,0.025886492994986486,-0.0007658680705035488,0.004433220600304967
1,2023-12-06,0.027777111,0.02604000578194551,-0.0006411235116898513,0.002378228887519266
1,2023-12-07,0.027689792,0.026156161109443254,0.001480217733411674,5.3413372969199346e-05
1,2023-12-08,0.025653394,0.02610215486705235,-0.00018881847802255033,-0.00025994244989234125
1,2023-12-09,0.027549967,0.025856457612741406,0.0009430441636287797,0.000750465393391471
1,2023-12-10,0.026907487,0.025473353621380677,0.00039437023898097906,0.0010397629807209173
1,2023-12-11,0.020427706,0.025075463331401524,0.0006165594311141078,-0.005264317042448608
1,2023-12-12,0.02296267,0.024739076032705285,-0.0016107923531785086,-0.0001656129062590321
1,2023-12-13,0.020237656,0.024490910966189935,-0.0026048681120517383,-0.0016483865439375044
1,2023-12-14,0.025556415,0.024294186603322027,0.0007455523381047248,0.0005166763780159976
1,2023-12-15,0.023960633,0.02419733115655527,0.0010049785799671365,-0.0012416765331351477
1,2023-12-16,0.026360117,0.02427343168983568,0.0011878565684343891,0.0008988286407434487
1,2023-12-17,0.023900952,0.024541809322777487,0.001533919899087047,-0.0021747770317037812
1,2023-12-18,0.028958388,0.024932491555568582,0.0015568089093561056,0.0024690872079764677
1,2023-12-19,0.020837357,0.025430951854617394,-0.002117563890561146,-0.002476030696318861
1,2023-12-20,0.020804401,0.026005902327346515,-0.00429221893506914,-0.0009092819051653295
1,2023-12-21,0.0254041,0.026620973484227917,-0.00018528836544177372,-0.0010315857437766078
1,2023-12-22,0.030990502,0.027155445445471754,0.0021621060947884622,0.001672950325484375
1,2023-12-23,0.028200867,0.027611685467932846,0.000428173155095076,0.00016100803148734466
1,2023-12-24,0.032335658,0.028026291529217876,0.0022414567696379998,0.0020679093275345825
1,2023-12-25,0.06601564,0.02842293390849876,0.002644146234239234,0.034948558268307076
1,2023-12-26,0.027643139,0.02863525038289259,-0.0022624758423655973,0.0012703640022443466
1,2023-12-27,0.02262283,0.028408417427866584,-0.004532508750511206,-0.0012530793742099693
1,2023-12-28,0.02814209,0.027814994747175154,-0.0010688716012333317,0.0013959677408894623
1,2023-12-29,0.031275403,0.02708685657682561,0.002448823505832058,0.0017397226718875412
1,2023-12-30,0.06553082,0.026215203657410407,-0.0002753990691780109,0.03959101709279024
1,2023-12-31,0.06260586,0.025272962742749535,0.002752367616461234,0.03458052748991032
1,2024-01-01,0.026527658,0.024323065325506005,0.002558589817058645,-0.0003539970376681065
1,2024-01-02,0.021197088,0.023343142910116573,-0.0016298499446497638,-0.0005162049027035952
1,2024-01-03,0.019362044,0.022307629932916146,-0.00361981843293706,0.0006742320893744734
1,2024-01-04,0.017794058,0.02142082678115779,-0.0013594888791761059,-0.0022672801751216394
1,2024-01-05,0.022736955,0.020765943279552213,0.0014536898224163978,0.0005173223321153289
1,2024-01-06,0.018015131,0.02030035680139138,-0.0007849791711168109,-0.0015002462759425989
1,2024-01-07,0.022610512,0.01993743669253342,0.003093131567047236,-0.00042005662880710906
1,2024-01-08,0.02219165,0.01966161692128971,0.0021308004079367442,0.0003992319736137763
1,2024-01-09,0.052738752,0.019445788922442298,-0.0010126570550238417,0.03430562034868223
1,2024-01-10,0.026638472,0.019258813184235085,-0.002384209034084239,0.009763868302608898
1,2024-01-11,0.018219268,0.019078986515762356,-0.0015273840817755517,0.0006676655154751326
1,2024-01-12,0.017301729,0.01891752493713944,0.00011493572987384299,-0.001730731718062515
1,2024-01-13,0.01929418,0.018728187465261194,-0.0011305936471528704,0.0016965861578781584
1,2024-01-14,0.021280585,0.0185339145581454,0.002689083657679159,5.7586641043230746e-05
1,2024-01-15,0.019348726,0.01840541250610218,0.0022507260713650647,-0.001307412900930685
1,2024-01-16,0.017958628,0.018375500288890984,-0.00040277795310000365,-1.4094322060929226e-05
1,2024-01-17,0.016881352,0.018450973497096984,-0.000836205653144435,-0.0007334155534414188
1,2024-01-18,0.016956724,0.018617061204969355,-0.001734998988246735,7.466200975214318e-05
1,2024-01-19,0.01693158,0.01890430708522748,-0.0007935467187957254,-0.0011791799868264598
1,2024-01-20,0.017331239,0.01935665009623475,-0.0009497170509613873,-0.0010756942092233282
1,2024-01-21,0.022741187,0.01987138151168227,0.0023159799758182245,0.0005538258763624973
1,2024-01-22,0.023050366,0.020298345522719086,0.002129064482017966,0.0006229559648016358
1,2024-01-23,0.0314502,0.020635091599911472,-0.0007169219770895928,0.011532031203107761
1,2024-01-24,0.049736783,0.020962341332066647,0.0004831867969457998,0.02829125477942719
1,2024-01-25,0.020086817,0.021236127678045204,-0.002084067948185145,0.0009347577135107588
1,2024-01-26,0.022160046,0.021301125342301063,-0.0009888221415318057,0.0018477426018239755
1,2024-01-27,0.020302236,0.02102016605173827,-0.0010271080708574912,0.00030917809928890025
1,2024-01-28,0.021486796,0.020343979141014056,0.0020932238966633082,-0.0009504065989833638
1,2024-01-29,0.026281733,0.019418608328827483,0.0016527751112811234,0.005210349625734977
1,2024-01-30,0.052768216,0.018507052122568514,-0.0010717899112981629,0.03533295332580088
1,2024-01-31,0.021123836,0.01765982143462932,0.0017017409205228094,0.001762273461827276
1,2024-02-01,0.011998696,0.016851375325141457,-0.00235331761948079,-0.0024993614529570003
1,2024-02-02,0.013724249,0.016078841582221042,-0.0004635637974102147,-0.0018910289285047517
1,2024-02-03,0.014474346,0.015413717100827293,-0.0009280983105254927,-1.1272487852096932e-05
1,2024-02-04,0.017022444,0.014973000420224937,0.0020185706084733164,3.087290657682526e-05
1,2024-02-05,0.014755272,0.014712497164166526,0.0010342365070718316,-0.0009914613647364918
1,2024-02-06,0.013138656,0.014555878093829338,-0.00184152528643831,0.0004243027657386267
1,2024-02-07,0.015843438,0.014501002934132043,0.002319337875362283,-0.000976902824908565
1,2024-02-08,0.012850286,0.014490095909990413,-0.002342787914014956,0.0007029784430857087
1,2024-02-09,0.01440218,0.014550587531633925,-0.00032513879554250057,0.00017673124269647518
1,2024-02-10,0.012959347,0.01469068238740395,-0.0006794436314598173,-0.0010518916494277712
1,2024-02-11,0.016573204,0.014917119182234158,0.0022188699614314384,-0.0005627854160626371
1,2024-02-12,0.015319661,0.01524092385613376,-4.1175700879357235e-05,0.00011991308204504017
1,2024-02-13,0.013536241,0.015611976595144487,-0.00038506803151565534,-0.0016906676581055317
1,2024-02-14,0.018805832,0.015926313559820948,0.0009206661899001193,0.0019588519210400404
1,2024-02-15,0.013237344,0.016192499075848764,-0.0015686167185632025,-0.001386538256214204
1,2024-02-16,0.020580828,0.01639391919044102,-0.0005306022082652114,0.004717511207674045
1,2024-02-17,0.01738327,0.016539097726508013,-0.0006182700588407337,0.0014624422979813735
1,2024-02-18,0.019843347,0.016567018707546604,0.00199986118522483,0.0012764674778531077
1,2024-02-19,0.014296044,0.016446263285672818,-0.00022982714993902877,-0.0019203924715167943
1,2024-02-20,0.01841164,0.01623487872134808,0.0006673317299891599,0.0015094296264921217
1,2024-02-21,0.013789229,0.016052220121543313,-0.00017811386856390296,-0.0020848771579972617
1,2024-02-22,0.01892351,0.015938620322496752,-0.0014985213871011435,0.004483410930603612
1,2024-02-23,0.013568795,0.015920768431423867,-0.0003159404833978651,-0.002036032661907017
1,2024-02-24,0.0139407525,0.015971585490296664,1.3697864445045887e-05,-0.0020445308708373477
1,2024-02-25,0.017689278,0.016059463136978955,0.0016841413829879314,-5.4326170686531255e-05
1,2024-02-26,0.017163672,0.01616700008308528,-5.5280823996750775e-05,0.0010519522940463898
1,2024-02-27,0.01890266,0.016301725619575578,0.001019464363591777,0.0015814694330313767
1,2024-02-28,0.015242937,0.016419830461685804,-0.0011536641934666624,-2.3229247261672553e-05
1,2024-02-29,0.015387637,0.016538601211785776,-0.0016091297556537288,0.0004581651532434283
1,2024-03-01,0.01591275,0.01663012560931338,-0.00021376412207824874,-0.0005036107513561872
1,2024-03-02,0.01748959,0.016688017098636817,0.0005574028729504478,0.0002441697791794907
1,2024-03-03,0.016071178,0.016805799776160323,0.0016773825837455203,-0.0024120043408590603
1,2024-03-04,0.017030736,0.017057299724793133,0.0004236923486537806,-0.00045025564196745846
1,2024-03-05,0.017808393,0.01744101907700095,0.0003121063797217706,5.5267187205807616e-05
1,2024-03-06,0.016454801,0.017867517244571637,-0.001411265887107105,-1.4503940627373646e-06
1,2024-03-07,0.014784002,0.018201608726292954,-0.001847793610587542,-0.0015698133704218076
1,2024-03-08,0.021127962,0.018265833080320978,0.00036948457832790976,0.0024926439173360675
1,2024-03-09,0.021675179,0.01805707152624774,0.0009654683737524126,0.0026526388811516192
1,2024-03-10,0.022077896,0.01767184412874084,0.001528364100917218,0.0028776874712734928
1,2024-03-11,0.019261224,0.017171510409893977,0.0003038911233842101,0.0017858226620829504
1,2024-03-12,0.011073717,0.01655301076700089,-0.0006661303139075793,-0.004813163536949416
1,2024-03-13,0.014286133,0.015778271061742143,-0.0011273025291023994,-0.00036483507193923147
1,2024-03-14,0.01262558,0.01492971142850165,-0.0017374478511117213,-0.0005666838551642642
1,2024-03-15,0.013987672,0.01420904988176786,0.0009107741853708981,-0.0011321524832478436
1,2024-03-16,0.01300417,0.013744113901335118,0.0011491814876036647,-0.001889125589551328
1,2024-03-17,0.014669866,0.013554943593841268,0.0015799528632281729,-0.00046503015595011216
1,2024-03-18,0.0125291655,0.013570012231178524,0.00016791314920414964,-0.0012087598963714998
1,2024-03-19,0.013123291,0.013655015982851734,-0.0014894630085122327,0.0009577376389541467
1,2024-03-20,0.01283722,0.013761992217172659,-0.0007417354481759114,-0.00018303678565743768
1,2024-03-21,0.013384163,0.013838222815212554,-0.000945451159489161,0.0004913917239457964
1,2024-03-22,0.01538087,0.013860744329380304,0.0008252135114432168,0.0006949117787248011
1,2024-03-23,0.015889386,0.013837953713076868,0.0006151463006945475,0.001436285701355575
1,2024-03-24,0.015118425,0.013769827285678948,0.0009977565225097705,0.00035084097247811
1,2024-03-25,0.012818123,0.013638803946161715,0.00022912187136999698,-0.0010498026035848929
1,2024-03-26,0.010517475,0.013474546839465583,-0.001187286361186644,-0.001769785283049885
1,2024-03-27,0.013483923,0.013325258566829664,-0.0005821617280262325,0.0007408260897682692
1,2024-03-28,0.013348192,0.013240887421517538,-0.0003940727162462008,0.0005013772712759035
1,2024-03-29,0.013543982,0.013259450700404761,0.000603669810356015,-0.00031913845199727127
1,2024-03-30,0.01250561,0.013375598913980966,0.00030085650416687747,-0.0011708458760164193
1,2024-03-31,0.0131248245,0.013529671814068762,0.0001787372330052162,-0.0005835845454999385
1,2024-04-01,0.015281199,0.013680227798544229,0.0005435350985796691,0.001057435649166499
1,2024-04-02,0.013442957,0.01381427805416722,2.838065104348782e-05,-0.0003997018627286183
1,2024-04-03,0.013586428,0.013933292923057476,-0.0006040018098329984,0.00025713690319970235
1,2024-04-04,0.014311656,0.01400192594870554,-0.0005133267041503095,0.0008230571113026185
1,2024-04-05,0.014480781,0.013968665854957171,0.0005859041939444715,-7.378923878392091e-05
1,2024-04-06,0.014097911,0.013857130124765898,-0.001018741667219797,0.0012595228481794736
1,2024-04-07,0.013332551,0.01376583762895169,-0.0004963756284232558,6.30893447007147e-05
1,2024-04-08,0.0142162265,0.01370422472166846,0.0007817981710054656,-0.00026979636706920065
1,2024-04-09,0.014900191,0.013651069803549035,0.002059292323284277,-0.0008101713711084046
1,2024-04-10,0.008786831,0.013862890557874845,-0.0006388128419813017,-0.004437246664782322
1,2024-04-11,0.012637346,0.01509563974182208,-0.0009915523625501324,-0.0014667413276385904
1,2024-04-12,0.016296517,0.01687503665852331,0.0009189618439275656,-0.0014974813985404282
1,2024-04-13,0.027310181,0.01845596563041369,-0.0018314815112644158,0.010685697289971284
1,2024-04-14,0.031842675,0.019925709706477415,-0.0008510299606338002,0.012767995314190182
1,2024-04-15,0.0358047,0.021470297383553678,0.0006574266457822172,0.013676976077046477
1,2024-04-16,0.028320082,0.023099057752964017,0.0034613337371757636,0.0017596900418617167
1,2024-04-17,0.026324924,0.02478391519906229,-0.001220936338081328,0.0027619452205829877
1,2024-04-18,0.02524404,0.02597517162852732,-0.0013374307567557162,0.0006062995429193703
1,2024-04-19,0.028871529,0.026321755536729007,0.0016274309604387754,0.0009223423071344321
1,2024-04-20,0.019854462,0.02646750796585147,-0.0023624440480471062,-0.00425060214357436
1,2024-04-21,0.024879275,0.026555388200014653,-0.0009972770313331852,-0.0006788362788546949
1,2024-04-22,0.027249113,0.026649430084398476,0.0006387767841673883,-3.909414330799041e-05
1,2024-04-23,0.034142878,0.02678583320389097,0.0034954983818916664,0.003861546320778262
1,2024-04-24,0.025253199,0.02695311056847585,-0.0016939980478092797,-5.913479776829128e-06
1,2024-04-25,0.024669886,0.027011114155809368,-0.0005688200429538456,-0.001772408477479545
1,2024-04-26,0.0381552,0.026909739511847063,0.0026992515652024575,0.008546210745469785
1,2024-04-27,0.025915049,0.026709988648388045,-0.0033629380270810204,0.002567998395168653
1,2024-04-28,0.026227523,0.026471553878247074,-0.0010344136726463968,0.0007903824358196886
1,2024-04-29,0.03538808,0.02623349745063375,0.0005717137444178148,0.00858286734551202
1,2024-04-30,0.027940258,0.026039729938892985,0.002817234864388812,-0.000916706419530882
1,2024-05-01,0.022449924,0.025801635293361786,-0.002874071431744162,-0.0004776401823850286
1,2024-05-02,0.025974238,0.025527295697867346,0.0010501133507386689,-0.0006031707572232252
1,2024-05-03,0.028496208,0.025335688718675357,0.0032178336959639,-5.731474526193131e-05
1,2024-05-04,0.021597195,0.025317482973984506,-0.0025165575472736066,-0.0012037300100219799
1,2024-05-05,0.024376173,0.025453610426322187,-0.001487873082932244,0.00041043522898440155
1,2024-05-06,0.026779339,0.02563392473597897,0.00027481249181008835,0.0008706014896715727
1,2024-05-07,0.026404725,0.025801130795469827,0.0016277426629200344,-0.0010241480706974088
1,2024-05-08,0.021556145,0.02587042214321563,-0.003481601138810015,-0.0008326764241605965
1,2024-05-09,0.03018271,0.025837713538920046,0.002973468393378658,0.0013715279851274041
1,2024-05-10,0.031807106,0.025759817755096545,0.0025347490006218994,0.0035125392325456375
1,2024-05-11,0.023510423,0.02566842671181761,-0.0015572213453410636,-0.0006007828088841552
1,2024-05-12,0.030608268,0.025603560803842417,-0.002383621083480102,0.007388328734308589
1,2024-05-13,0.02467712,0.025571921446752556,0.0002615804939215516,-0.0011563817915385168
1,2024-05-14,0.026865344,0.02548377092256918,0.0011816635599719472,0.00019991001204009567
1,2024-05-15,0.02161547,0.025348911253268054,-0.0027790953307556877,-0.0009543460942643411
1,2024-05-16,0.01996972,0.025291563768692887,0.004082340934345374,-0.009404184309618997
1,2024-05-17,0.025969658,0.025330377446364016,0.000261204925072915,0.00037807567552389926
1,2024-05-18,0.025667204,0.02539871144407198,-0.0008885564020411451,0.0011570485482430212
1,2024-05-19,0.022062631,0.0254441722036857,-0.0029261810627552115,-0.0004553598169968892
1,2024-05-20,0.02553633,0.02545852016202671,0.0007702361778452473,-0.0006924259230733643
1,2024-05-21,0.02722095,0.025402864228064315,0.0007388663454144949,0.0010792189571226934
1,2024-05-22,0.023516465,0.02528749220481629,-0.0009062357751554924,-0.0008647914512042998
1,2024-05-23,0.030977799,0.025176660254751904,0.004191236558170712,0.00160990181290422
1,2024-05-24,0.021392649,0.02513210936055553,-0.0014568166600066215,-0.002282643660922786
1,2024-05-25,0.027037166,0.02513080107218908,-0.0012084426928514263,0.0031148076796795286
1,2024-05-26,0.019972673,0.02511150502759676,-0.002465900296556693,-0.0026729320450592717
1,2024-05-27,0.02708416,0.025009453778780364,0.0018999873858430445,0.00017471943150887057
1,2024-05-28,0.024708552,0.024872915177426996,0.0003433877484845063,-0.0005077506398826412
1,2024-05-29,0.02732497,0.024720718328866072,-0.00024620489445629715,0.002850457377195678
1,2024-05-30,0.027569534,0.024561629945565367,0.002590716783736863,0.0004171875277520984
1,2024-05-31,0.031225488,0.024367852467043847,-0.0020030040372759493,0.008860639160068223
1,2024-06-01,0.019416688,0.024129699899276855,-0.002071226489051673,-0.0026417854001286323
1,2024-06-02,0.02482569,0.023893783349486886,-0.0007797229014318692,0.001711629866118683
1,2024-06-03,0.027061155,0.02377306294098822,0.0033808476780371054,-9.275555313119702e-05
1,2024-06-04,0.022374364,0.023819268949094873,2.3716040508718705e-05,-0.0014686213734946968
1,2024-06-05,0.030095248,0.024104754366464115,-0.00028824213780631277,0.006278735323141018
1,2024-06-06,0.023281317,0.02455665243263434,0.0017537249858838944,-0.003029060214281249
1,2024-06-07,0.022398027,0.024996174893219897,-0.0015717562589916308,-0.0010263919741435416
1,2024-06-08,0.022784209,0.025437376661720613,-0.003383175325267991,0.0007300075424221571
1,2024-06-09,0.026730752,0.02598737644368209,-1.572039011360264e-05,0.0007590955651744537
1,2024-06-10,0.031550203,0.026577288610201328,0.003350086182024793,0.0016228277264754322
1,2024-06-11,0.02820353,0.02707038301296265,0.0003411547016243018,0.0007919925224917114
1,2024-06-12,0.025594411,0.027178497770334195,-0.00055357745842751,-0.001030508894064773
1,2024-06-13,0.03878969,0.02646919585892853,0.0016180721348384845,0.010702421547096021
1,2024-06-14,0.02656862,0.025649142786888804,-0.0012014962040103139,0.002120972951494795
1,2024-06-15,0.029542627,0.025007270029336164,-0.00334840075606447,0.00788375753978239
1,2024-06-16,0.047719214,0.02438453049982272,0.0001797764152174846,0.02315490719652634
1,2024-06-17,0.014931604,0.023753343816569735,0.0023010240597053293,-0.011122763610108378
1,2024-06-18,0.023137484,0.02308549527325737,0.000868064538827999,-0.0008160760662719972
1,2024-06-19,0.02039472,0.0224062119022513,-0.000845330980916073,-0.0011661607842159347
1,2024-06-20,0.024634855,0.022024357104199314,0.002354195224997679,0.0002563025388573961
1,2024-06-21,0.035273433,0.022112274691435476,-0.0012082876713877982,0.014369445711580737
1,2024-06-22,0.035093665,0.022341093298923847,-0.003154935265479742,0.015907507089541733
1,2024-06-23,0.020975053,0.022474650872093233,-3.601509502146131e-05,-0.0014635824666774863
1,2024-06-24,0.023396153,0.022536107381291356,0.001118852055068143,-0.0002588064333821291
1,2024-06-25,0.026970763,0.022647401352084397,0.0006659669763107732,0.003657394431051928
1,2024-06-26,0.023637403,0.022775497553134495,6.388915084983945e-05,0.000798016098721429
1,2024-06-27,0.015682597,0.02289940571735785,0.00330194798091541,-0.010518756984968743
1,2024-06-28,0.018738601,0.023059297949255247,-0.0009801681132613148,-0.003340528479249167
1,2024-06-29,0.019165833,0.023272336580181303,-0.003542226794234972,-0.0005642772366127591
1,2024-06-30,0.025857506,0.023502426085341435,-0.0004000202148214208,0.0027551004493604724
1,2024-07-01,0.02115075,0.023854576169546195,0.00042369891591230945,-0.003127525908717857
1,2024-07-02,0.022924865,0.02438873180794406,0.0002647916869424957,-0.0017286588302127502
1,2024-07-03,0.025877627,0.025006000729907735,0.0007496794910163522,0.00012194639185839073
1,2024-07-04,0.030132934,0.025590799753850247,0.0030922475532479347,0.0014498871440050305
1,2024-07-05,0.02635144,0.026111357917557247,-0.0010024722461774874,0.0012425550265286432
1,2024-07-06,0.0250216,0.026543792881531792,-0.0026072775348071234,0.0010850842589548437
1,2024-07-07,0.02463227,0.026818876629321805,-0.0003361612606723984,-0.0018504458520621492
1,2024-07-08,0.02937497,0.026833842205229268,0.0006460999206951211,0.001895027997247417
1,2024-07-09,0.027255403,0.026613871190048318,-0.001034461709245005,0.0016759933971235118
1,2024-07-10,0.028163044,0.02623084529364606,0.0007950648124281024,0.001137133676040819
1,2024-07-11,0.027991913,0.025735236415024912,0.002199873424784993,5.680341921948315e-05
1,2024-07-12,0.02581805,0.02513710794394581,-5.499589581275036e-06,0.0006864415533197922
1,2024-07-13,0.021484397,0.024499087374622978,-0.0016573543941844997,-0.0013573356286966862
1,2024-07-14,0.023380464,0.02398160160342981,-0.0005864410267666607,-1.4696633777750573e-05
1,2024-07-15,0.023974737,0.023728361625806212,0.0014000810609198166,-0.0011537055342687903
1,2024-07-16,0.020316042,0.023739849293935068,-0.001496806108833205,-0.0019270011790860839
1,2024-07-17,0.022106241,0.023944123170357216,0.0008640141284500803,-0.00270189586399475
1,2024-07-18,0.023238335,0.024324674572941945,0.000694867328592305,-0.0017812070967609187
1,2024-07-19,0.02560875,0.0248678033155243,-6.782601009012554e-06,0.0007477293456854064
1,2024-07-20,0.025979655,0.025416710637835033,-0.0005909268684985647,0.0011538710941402831
1,2024-07-21,0.026404712,0.025873798638503098,-0.0008936876365772088,0.0014246013472505176
1,2024-07-22,0.028523013,0.02618332402884939,0.0018106385255003124,0.0005290504413702074
1,2024-07-23,0.03070499,0.02634199964468976,-0.0017888909808625236,0.006151881365507785
1,2024-07-24,0.029236596,0.02640074715652702,0.0005428216956186744,0.002293027225534896
1,2024-07-25,0.026672486,0.026364883594408507,0.0008903263456158898,-0.0005827237241945483
1,2024-07-26,0.024857733,0.02623841755380553,-0.0010144922073277046,-0.00036619194780190475
1,2024-07-27,0.024373816,0.026042428220971848,0.0011238094368798384,-0.002792421331591119
1,2024-07-28,0.024222828,0.02585154325621759,-0.0016848099112672314,5.609510286839689e-05
1,2024-07-29,0.028878042,0.025835357321822166,0.0012058577004511947,0.0018368274521157156
1,2024-07-30,0.024167553,0.025910077943901367,-0.0012690780217533238,-0.00047344733177786397
1,2024-07-31,0.025426213,0.025943877894286343,0.00038841285988889173,-0.0009060780559540273
1,2024-08-01,0.043329585,0.025940351541384313,0.001316946008088262,0.01607228779412674
1,2024-08-02,0.048100322,0.025905802222512344,-0.0005292990014163009,0.02272381926387405
1,2024-08-03,0.030054018,0.025878006535312643,0.0016323741631254014,0.002543637202982549
1,2024-08-04,0.022377435,0.025895091458982198,-0.002735659192707364,-0.0007819971483148565
1,2024-08-05,0.025636736,0.025962345957200504,0.0004253732141236442,-0.0007509828677562634
1,2024-08-06,0.01926401,0.02591379517540929,-0.0003585664907169396,-0.006291217972187964
1,2024-08-07,0.025452953,0.025613399843117793,-6.913804890292925e-05,-9.130896223129639e-05
1,2024-08-08,0.028877752,0.025357589029896228,0.00190537351139097,0.0016147893604585989
1,2024-08-09,0.033899296,0.025203584919840524,-0.0006757118729331178,0.00937142302819826
1,2024-08-10,0.046080247,0.025067962334176516,0.001621757454462509,0.01939052677908711
1,2024-08-11,0.02926424,0.024904469128838,-0.0027154977096085376,0.007075268175110859
1,2024-08-12,0.022185808,0.024645736035474156,-0.0002086976002315904,-0.002251230387590321
1,2024-08-13,0.026037565,0.024296628441745464,0.0002958912935683423,0.0014450447658525371
1,2024-08-14,0.024369368,0.02396984795183516,-0.0008811356597122678,0.001280656037521314
1,2024-08-15,0.023934184,0.023808612773956427,0.0025655098266633737,-0.0024399389583516194
1,2024-08-16,0.023769364,0.023650183598281235,-0.0003019446873686461,0.0004211248500355924
1,2024-08-17,0.02506502,0.023456989911932558,0.0007872295253880804,0.000820800289432596
1,2024-08-18,0.019551475,0.02324738237411909,-0.0020160318307803804,-0.0016798759423083606
1,2024-08-19,0.024240514,0.023059263055966856,-0.0003610156463888633,0.0015422668539327097
1,2024-08-20,0.023273231,0.022981255931970878,0.0006424949049408722,-0.00035051937526757795
1,2024-08-21,0.020660875,0.022980210501776288,-0.0013550335259785414,-0.0009643016106596937
1,2024-08-22,0.026445016,0.022999864325818877,0.0037690177100208914,-0.00032386577092430313
1,2024-08-23,0.021531278,0.023068384833743797,-0.0007972419971336118,-0.0007398645691073999
1,2024-08-24,0.021710237,0.023201995763207382,-0.001012090764831376,-0.0004796675102254101
1,2024-08-25,0.025837999,0.023299097965740628,-0.001007558925047819,0.0035464597965397804
1,2024-08-26,0.02290252,0.023279808511580558,0.00047497238176281184,-0.0008522605198797405
1,2024-08-27,0.024068741,0.023169195720482955,0.0001608433939760241,0.0007387020133896478
1,2024-08-28,0.041749764,0.022990808516218326,-0.0016162565614817736,0.02037521227909104
1,2024-08-29,0.029383548,0.022709281112034404,0.004233405239556532,0.002440861252493081
1,2024-08-30,0.021669703,0.02232203126119226,-0.0010697763188846155,0.00041744766210538575
1,2024-08-31,0.017763741,0.021856518600558136,-0.0019031544647525895,-0.0021896228213943852
1,2024-09-01,0.0213931,0.02138918483847195,-0.00042779459829406095,0.00043170955957434753
1,2024-09-02,0.022372417,0.020978505249373263,0.0007383001254108643,0.0006556117771438219
1,2024-09-03,0.018347615,0.02070947193529594,0.00037500513562784303,-0.0027368616948089397
1,2024-09-04,0.01884444,0.020574271581459695,-0.0013787352979936296,-0.00035109570405169807
1,2024-09-05,0.01584022,0.020535638479292906,0.003564566389507795,-0.00825998553503281
1,2024-09-06,0.018683955,0.020561776945458566,-0.0013354695517493376,-0.0005423523203526015
1,2024-09-07,0.018102102,0.02062138871111252,-0.0022412291797967083,-0.0002780575496759488
1,2024-09-08,0.019578667,0.020743022631509726,-0.0013951096856574597,0.00023075441171170608
1,2024-09-09,0.021994688,0.020835334981778038,-0.0004090664520345214,0.0015684190870815864
1,2024-09-10,0.02132523,0.02075108970354899,0.0007695481508582933,-0.0001954072559575762
1,2024-09-11,0.045772746,0.020549793564510435,0.004429352396670435,0.020793600244149023
1,2024-09-12,0.022517804,0.020339437125384087,0.0016549020558127524,0.0005234648752091807
1,2024-09-13,0.026959674,0.020108343661516384,-0.0018237798368796888,0.00867511060823703
1,2024-09-14,0.01813431,0.019889023918915488,-0.002778105436245375,0.0010233923588902523
1,2024-09-15,0.014025422,0.019717328836507057,-0.0027277190107312765,-0.0029641880126454016
1,2024-09-16,0.016904004,0.019613318876109155,-0.0019932916004859382,-0.0007160233574522862
1,2024-09-17,0.02590291,0.01967096370781991,0.0007939139901509126,0.0054380324600673165
1,2024-09-18,0.015515289,0.01985948615814967,0.010178585641816527,-0.014522782530578475
1,2024-09-19,0.017956985,0.020172571359359126,-0.0008815135335479255,-0.0013340726651027736
1,2024-09-20,0.018031174,0.02053738713300774,-0.0020498014730190974,-0.000456411342986348
1,2024-09-21,0.046671882,0.0209469815885102,-0.003307804091888443,0.02903270477514491
1,2024-09-22,0.019564275,0.02133297793043483,-0.0037814934727263675,0.0020127902407874043
1,2024-09-23,0.016859002,0.02164206190633056,-0.003285064734025756,-0.0014979947609392967
1,2024-09-24,0.02430335,0.021813879173145718,0.00032808564404471934,0.0021613857804295734
1,2024-09-25,0.038484484,0.021836168721710826,0.015814284266850116,0.0008340309687297071
1,2024-09-26,0.020594338,0.02163761206846093,-0.002221340801269179,0.0011780666879254754
1,2024-09-27,0.020626353,0.02124532402941366,-0.0015533961885181415,0.0009344252590466895
1,2024-09-28,0.01656349,0.020749852419214437,-0.0034369076285926396,-0.0007494547574720782
1,2024-09-29,0.016154617,0.020273117275003017,-0.0028541430548555797,-0.0012643571489957053
1,2024-09-30,0.017868381,0.019923173252953726,-0.002750541895275902,0.0006957496359268345
1,2024-10-01,0.019036831,0.019651946165586166,0.00031598771635826285,-0.0009311025477111434
1,2024-10-02,0.019492088,0.019400473759495905,0.008136541650915066,-0.008044927524673551
1,2024-10-03,0.0140028475,0.019146432419418154,-0.0009129241793930783,-0.004230660754780803
1,2024-10-04,0.020180603,0.018886001673155624,-0.00017769806848932985,0.0014722998846134518
1,2024-10-05,0.01716875,0.018574911123151686,-0.003128171824804915,0.00172200982546495
1,2024-10-06,0.01691158,0.018178088243329005,-0.00132353481146679,5.7025864130637316e-05
1,2024-10-07,0.017298289,0.01766509687538919,-0.001860290579206875,0.001493482347177822
1,2024-10-08,0.016071243,0.01704254582442455,-0.0005447154252136898,-0.0004265871875838538
1,2024-10-09,0.016184032,0.016369736182452868,0.006215897875662537,-0.0064016020947670164
1,2024-10-10,0.015991384,0.015692146984598258,0.00014041078895492357,0.00015882638994569806
1,2024-10-11,0.014656342,0.015090871230559204,0.0005982504493235236,-0.001032780045191967
1,2024-10-12,0.0109327845,0.014708977509448502,-0.00265775545995913,-0.0011184375219491643
1,2024-10-13,0.015603776,0.014542539198523217,8.150919862448566e-05,0.0009797276926993854
1,2024-10-14,0.009934055,0.014526946609697463,-0.0008773441312432905,-0.003715547790834963
1,2024-10-15,0.014028013,0.014572129944104114,-0.0004640534391134828,-8.006375245767257e-05
1,2024-10-16,0.022066757,0.014683400852899412,-0.0004759553461482703,0.007859311576188006
1,2024-10-17,0.01860852,0.014866593597503154,0.0011664835762998033,0.0025754426336549677
1,2024-10-18,0.0152410045,0.015067129100981999,0.0013877054837687975,-0.0012138300581356534
1,2024-10-19,0.023380905,0.015252973070602685,-0.0015550733095156634,0.009683005628698746
1,2024-10-20,0.015846668,0.015422336764207342,0.0014195399358666204,-0.0009952088887994343
1,2024-10-21,0.016287811,0.015464601260854069,-0.0008349625557939258,0.001658172395422798
1,2024-10-22,0.02678449,0.01541734915292973,-0.0003297818181817775,0.011696923459195452
1,2024-10-23,0.013388163,0.015354768226002046,-0.001936536185762264,-3.0068630112619482e-05
1,2024-10-24,0.015895052,0.01529497419347687,0.000531588169253494,6.848951894058812e-05
1,2024-10-25,0.018749202,0.015184209880032475,0.0015391254921194157,0.002025866298137148
1,2024-10-26,0.012915552,0.015080018969857353,-0.000465267055870189,-0.0016992002515420958
1,2024-10-27,0.016643625,0.015059405630310801,0.0022044272565992394,-0.0006202081341501083
1,2024-10-28,0.0134120425,0.015263316208166254,-0.0005611297814896088,-0.0012901439057363406
1,2024-10-29,0.014372641,0.015686456770391256,-0.0006081069753584466,-0.0007057085743439884
1,2024-10-30,0.012458995,0.01632592301002378,-0.002714407157828255,-0.0011525208675687536
1,2024-10-31,0.015131191,0.017224212102921726,-0.0002821905524908647,-0.0018108301999112033
1,2024-11-01,0.018671727,0.01819117236413505,0.0015797275545904657,-0.0010991731107735901
1,2024-11-02,0.022066673,0.019149194070795097,0.0009630710758887863,0.001954408117223548
1,2024-11-03,0.023712503,0.020046267086469147,0.0020184759200689347,0.001647759785939524
1,2024-11-04,0.037365187,0.020696213601293784,-8.044171020489653e-05,0.016749415068416193
1,2024-11-05,0.022925884,0.021079743766582625,-0.001583785444983582,0.0034299252099713913
1,2024-11-06,0.017953128,0.021122453997734277,-0.0025409579960789497,-0.000628368379050958
1,2024-11-07,0.04069989,0.02094240462288212,-0.0005410889924758378,0.02029857611563788
1,2024-11-08,0.037229285,0.020630626088237486,0.001354985249063428,0.01524367330682598
1,2024-11-09,0.023173044,0.020199565476763204,0.0017085789796667016,0.0012648990479274327
1,2024-11-10,0.04100801,0.019686076440720676,0.0014691519670816404,0.01985278209882763
1,2024-11-11,0.019555045,0.019168601220526334,0.0005994923300668323,-0.0002130482588117398
1,2024-11-12,0.013809006,0.018630783735227568,-0.001705108933097809,-0.0031166690722756515
1,2024-11-13,0.016702754,0.01796491070719221,-0.002807218461947129,0.0015450621777771886
1,2024-11-14,0.017428743,0.01730950293966542,-0.0009580027264595184,0.0010772425084709242
1,2024-11-15,0.018235192,0.01673023403771732,0.0016219110352617674,-0.00011695337013637244
1,2024-11-16,0.016980335,0.01618447811433992,0.0016638911826797067,-0.0008680341806332151
1,2024-11-17,0.015670244,0.015680735721014194,0.0008667178816627798,-0.0008772099520021545
1,2024-11-18,0.017670024,0.015533720124834494,0.0018094255281258227,0.0003268785334124384
1,2024-11-19,0.024062918,0.015412892213390839,-0.0016224964427621362,0.010272522728483427
1,2024-11-20,0.04085127,0.015249398323782247,-0.0031615981623233902,0.028763468755863303
1,2024-11-21,0.022753522,0.015142184217827597,-0.0013244574266680431,0.008935795008881644
1,2024-11-22,0.038612597,0.015089212287859035,0.002209369607821897,0.021314014794973822
1,2024-11-23,0.016264599,0.015027608928410313,0.0009799757979250593,0.0002570140902978524
1,2024-11-24,0.014532701,0.014870886153233818,0.0005438455109074684,-0.0008820305518113265
1,2024-11-25,0.017760532,0.01493314130426203,0.002268648711829418,0.000558741960727591
1,2024-11-26,0.014232204,0.015243471338777176,-0.0007708707649774503,-0.0002403962781048971
1,2024-11-27,0.010727125,0.015672694649644135,-0.0034383872897182054,-0.0015071821399251853
1,2024-11-28,0.013007409,0.016124948430609316,-0.00211104140503903,-0.0010064980862683186
1,2024-11-29,0.019548606,0.016486233709615165,0.0024619466192834037,0.0006004257986019675
1,2024-11-30,0.017313067,0.016739510798767253,0.00017108981744462696,0.0004024662537622549
1,2024-12-01,0.020252274,0.01694856676414514,0.0007451422307615821,0.002558565354425134
1,2024-12-02,0.039964277,0.017135599692462877,0.0022686654917525827,0.020560012113042914
1,2024-12-03,0.018747011,0.017240048146997686,0.0005842632523403076,0.0009226998002555518
1,2024-12-04,0.013640736,0.01723851444848255,-0.0035033911464830746,-9.438707228174442e-05
1,2024-12-05,0.013859418,0.017153608983611568,-0.002074803298921693,-0.0012193874638718322
1,2024-12-06,0.019688409,0.017043376829071998,0.002232439811927484,0.0004125921808217324
1,2024-12-07,0.016192736,0.01700459906819582,-0.000752613190763537,-5.924977330153819e-05
1,2024-12-08,0.015712354,0.017004549389591946,0.0008466561695522184,-0.0021388512269355318
1,2024-12-09,0.018624322,0.016965263711028595,0.0017766355168004812,-0.00011757673892507856
1,2024-12-10,0.019367376,0.01695759101214048,0.0004072582859717239,0.0020025270443036064
1,2024-12-11,0.014951256,0.016989400676847836,-0.002065112566191557,2.6967993157368114e-05
1,2024-12-12,0.018011881,0.016979277313253258,-0.0012612907902239665,0.0022938945155172724
1,2024-12-13,0.01665598,0.01690920287685258,0.0022594682010707756,-0.002512691399888571
1,2024-12-14,0.014260634,0.0167410202136859,-0.0012387367088654362,-0.0012416496562129252
1,2024-12-15,0.019405032,0.016469703308581777,0.00021935021922400006,0.0027159780489468856
1,2024-12-16,0.018463204,0.016158930860084963,0.0007182864240239156,0.0015859863993866428
1,2024-12-17,0.013666829,0.015856476601938316,0.00020232459916353127,-0.0023919721068111147
1,2024-12-18,0.014852484,0.01555049149162407,-0.0014874776571251803,0.0007894699223413414
1,2024-12-19,0.014748922,0.015269939098504248,-0.00043880752885333877,-8.220995178534647e-05
1,2024-12-20,0.017692579,0.01501786114886143,0.002807688367302696,-0.000132970559679332
1,2024-12-21,0.013308553,0.014892127490461989,-0.0009133912411799006,-0.0006701832241556311
1,2024-12-22,0.013523887,0.014968546696242825,-0.0002867939487830396,-0.0011578658358887602
1,2024-12-23,0.0131653305,0.01517018747965203,-1.9424213519250894e-05,-0.001985432751820988
1,2024-12-24,0.015452631,0.015395882746257007,-0.0003227605590130821,0.0003795086306462407
1,2024-12-25,0.018817797,0.01563747247817634,-0.0018576081181222901,0.00503793294314572
1,2024-12-26,0.014647086,0.015918472066768857,-0.0002069091661232094,-0.0010644767497014155
1,2024-12-27,0.021639895,0.016232310779119994,0.00380739413311038,0.0016001897818595165
1,2024-12-28,0.016880643,0.016568336650908313,-0.00015409033207570608,0.00046639630387666775
1,2024-12-29,0.016002012,0.016867620033938928,-0.0011651302349531653,0.0002995226177346273
1,2024-12-30,0.014804696,0.017132486778028762,0.00023396084982958115,-0.002561751894966784
1,2024-12-31,0.017179117,0.01740493469318166,-0.0003814033973530627,0.00015558531088374558
1,2025-01-01,0.013966276,0.017683030021197442,-0.002609602005508815,-0.0011071517053043538
1,2025-01-02,0.020969342,0.01790019595583031,-0.0005409063919611888,0.0036100528764976235
1,2025-01-03,0.021739831,0.01805689068111256,0.004360460674935527,-0.0006775201617665108
1,2025-01-04,0.019685647,0.01815307894469075,0.00026110905835135346,0.0012714585160228005
1,2025-01-05,0.035061903,0.018198496054604312,-0.001186546788590271,0.018049954031887114
1,2025-01-06,0.020574167,0.018122275070896223,0.0011676210759537094,0.0012842712239462713
1,2025-01-07,0.017312957,0.017905237487994163,-0.0005151487010944801,-7.713181298935057e-05
1,2025-01-08,0.014034705,0.01758654949216559,-0.003870206848313334,0.00031836259270189016
1,2025-01-09,0.014741107,0.017217850515181793,-0.00045229482694190623,-0.0020244487980979227
1,2025-01-10,0.023127617,0.016796675638661163,0.003768328435157674,0.0025626132406390556
1,2025-01-11,0.016418504,0.01638676609132932,0.0002916640686588916,-0.00025992656260948044
1,2025-01-12,0.013189247,0.015911098328665867,-0.0007352464896555343,-0.0019866049609824164
1,2025-01-13,0.019260593,0.01542011532340811,0.0021839057513797023,0.0016565716838677375
1,2025-01-14,0.034981444,0.01503499634375421,-0.001466579246150518,0.021413027380431285
1,2025-01-15,0.019397208,0.014716115737841042,-0.0031981156145492943,0.007879208343834146
1,2025-01-16,0.014174051,0.01441055860241391,-0.0004130756300164431,0.0001765676790932199
1,2025-01-17,0.015349274,0.014152758326206185,0.003088591233109358,-0.001892075989433627
1,2025-01-18,0.01263414,0.0139644061402191,0.0003800714833916166,-0.001710337184279185
1,2025-01-19,0.0164821,0.014061573258860312,-0.0005799657882587365,0.0030004924201073487
1,2025-01-20,0.015921826,0.014335764443023083,0.0023189201415346754,-0.0007328590415117599
1,2025-01-21,0.022808393,0.014618412325781677,-0.0017319113686562074,0.009921892506366926
1,2025-01-22,0.033681978,0.0149015041113748,-0.0029180815365170464,0.02169855496539684
1,2025-01-23,0.0366429,0.015198747206012757,0.00013708945365085632,0.021307064939743586
1,2025-01-24,0.017644772,0.015444483228230192,0.0023226440087769002,-0.00012235493092245878
1,2025-01-25,0.016907003,0.015629723249934585,0.0006083586431546844,0.0006689208837719202
1,2025-01-26,0.015597619,0.015844873449134784,-6.611142650807597e-05,-0.00018114290632040286
1,2025-01-27,0.018129863,0.016022782714125224,0.0018639540210573288,0.00024312610976144622
1,2025-01-28,0.013030142,0.01614251169218139,-0.002774169904963898,-0.0003382001951917346
1,2025-01-29,0.013546774,0.01616375776133437,-0.0024342773106028033,-0.00018270628688936766
1,2025-01-30,0.017126767,0.01612513329655857,0.0007031892577277559,0.00029844441050688036
1,2025-01-31,0.018581111,0.016071239070018443,0.0015294037102852182,0.0009804682037833287
1,2025-02-01,0.018367728,0.01601897320427349,0.00036071943601719404,0.0019880355781455583
1,2025-02-02,0.012740834,0.0159375753947789,0.00022727208976766464,-0.0034240137997445085
1,2025-02-03,0.016692793,0.01581201033231643,0.0013147079188446154,-0.00043392525439686115
1,2025-02-04,0.015610357,0.01567456527807525,-0.0005292126564640763,0.00046500419354814776
1,2025-02-05,0.012952829,0.01555355866956422,-0.0025985287829843333,-2.2011067632599773e-06
1,2025-02-06,0.016284546,0.015474020965288214,0.00055584051658093,0.00025468440166719584
1,2025-02-07,0.015743522,0.015419790704258364,0.0011004136197303822,-0.0007766823504980324
1,2025-02-08,0.014018897,0.015325643856518755,-0.0005919102626831212,-0.0007148366266630114
1,2025-02-09,0.018483913,0.01513767664527077,8.319420146862723e-05,0.003263041725525273
1,2025-02-10,0.015794968,0.014917539376518971,0.0007933041901078054,8.412466588569693e-05
1,2025-02-11,0.016287511,0.014750525342508838,0.001121074001109994,0.00041591187099508306
1,2025-02-12,0.011885796,0.014680519909711672,-0.0025523661992803725,-0.00024235796815796906
1,2025-02-13,0.014174971,0.01470385839237325,0.00032731501666342916,-0.0008562026108422712
1,2025-02-14,0.013689152,0.014783198370450482,0.0011074495744655634,-0.0022014959798343538
1,2025-02-15,0.012705349,0.014926879157407156,-0.000875757377424631,-0.0013457724165958935
1,2025-02-16,0.015265322,0.015185105039006618,0.00012878400165462756,-4.856675030031829e-05
1,2025-02-17,0.016218238,0.015570011489762654,-0.00019654667571091056,0.0008447727648171217
1,2025-02-18,0.019092383,0.016056170774286893,0.0018670278300063207,0.001169184258870734
1,2025-02-19,0.013709291,0.01655772139722949,-0.002268365590150894,-0.0005800649226434182
1,2025-02-20,0.016508639,0.016993075558882156,0.0004510896225363542,-0.0009355263226233437
1,2025-02-21,0.020346174,0.017355462368575457,0.0017294749466199247,0.0012612367013995068
1,2025-02-22,0.03609371,0.017687336299507157,-0.0007258925413663453,0.019132268094886534
1,2025-02-23,0.017440356,0.01801151834793013,-0.0004388731414033944,-0.00013228889234445304
1,2025-02-24,0.017082766,0.018273719502979943,-0.0017233430753673179,0.0005323892708202979
1,2025-02-25,0.020145038,0.018318969180632583,0.002218215176066049,-0.0003921462138983013
1,2025-02-26,0.016632278,0.01805398124723646,-0.0021210215018574183,0.0006993177731317753
1,2025-02-27,0.020843185,0.017595231697464464,0.00043919345366300603,0.002808760333281861
1,2025-02-28,0.040126625,0.01714601935824655,0.002570108589188801,0.020410497501029995
1,2025-03-01,0.017965142,0.016765888985627243,-0.00040440753945456714,0.001603660237644234
1,2025-03-02,0.012684857,0.01641303475076258,-0.0005063363482092261,-0.003221841861098562
1,2025-03-03,0.011481039,0.016019251411562276,-0.0022388182884573752,-0.002299393897049754
1,2025-03-04,0.01682889,0.015656659893109156,0.002322284027629054,-0.001150053030855169
1,2025-03-05,0.014045988,0.015562267293718141,-0.002419891566070694,0.0009036124818981653
1,2025-03-06,0.014995221,0.015846642813177502,0.0006988167096376474,-0.001550238474221628
1,2025-03-07,0.019175258,0.016276125971161695,0.002236935193330538,0.0006621963692964479
1,2025-03-08,0.014801022,0.016700213679476942,2.766031173641117e-05,-0.001926852325878652
1,2025-03-09,0.018419774,0.017077918873910983,-0.00025923670495343377,0.0016010920802385052
1,2025-03-10,0.032382216,0.01739406283820679,-0.001777322921573878,0.01676547638790772
1,2025-03-11,0.022604574,0.0176243130951536,0.0018600882932068182,0.0031201721296773774
1,2025-03-12,0.014240673,0.01778323587264321,-0.0028640445001940715,-0.0006785185605833327
1,2025-03-13,0.018589752,0.017847671575944624,0.000818358324871725,-7.627810588207648e-05
1,2025-03-14,0.032392774,0.017755656501354238,0.0016048896608348991,0.013032227615057339
1,2025-03-15,0.018706284,0.01747005907097401,-8.515323437111123e-05,0.0013213786268027085
1,2025-03-16,0.017588206,0.01709818107889701,0.0004281507604561597,6.187379619446848e-05
1,2025-03-17,0.015734673,0.016708847880055427,-0.0004935823751776758,-0.0004805929584910315
1,2025-03-18,0.017951591,0.01631484800340668,0.0008805001842958425,0.0007562427526537317
1,2025-03-19,0.011946728,0.015901312435092057,-0.00340129481209392,-0.0005532891699580149
1,2025-03-20,0.01687538,0.01552442204637722,0.0008428582964800462,0.0005081003073054303
1,2025-03-21,0.014865874,0.015267696628551186,0.0008643785263888013,-0.0012662008421219367
1,2025-03-22,0.0137522025,0.015175706132249731,-8.528646924998712e-05,-0.0013382171596165848
1,2025-03-23,0.015444955,0.015246283553946638,0.000914555436934842,-0.0007158841336512931
1,2025-03-24,0.017158115,0.015480053240202163,0.0015178826143765404,0.00016017942807605885
1,2025-03-25,0.01324996,0.015845082844879694,-0.00037760336929433037,-0.0022175196789182647
1,2025-03-26,0.012815506,0.016302467224106432,-0.003264659882519296,-0.00022230114407498572
1,2025-03-27,0.018311685,0.016838658526403674,0.0006285008922452176,0.0008445255325372873
1,2025-03-28,0.017937763,0.017352867089032588,0.0002821472413642031,0.0003027483323715732
1,2025-03-29,0.020618323,0.017584149232824264,-0.0007662187717756443,0.003800392775655255
1,2025-03-30,0.018041018,0.017546864956574714,0.0015352937918016389,-0.0010411403517603703
1,2025-03-31,0.021945586,0.01741420641959756,0.0024536526358890677,0.002077727372559599
1,2025-04-01,0.037979063,0.017305618154556404,-0.0009188242063001229,0.021592268698371143
1,2025-04-02,0.022524443,0.017162701186711392,-0.0024026243353127545,0.007764365672319244
1,2025-04-03,0.0144440895,0.01692562914534584,0.0002554947126344355,-0.002737034363334681
1,2025-04-04,0.018057004,0.01661879667207392,-0.00046013810899813454,0.0018983450542108989
1,2025-04-05,0.012388838,0.01634237684857546,-0.0010503730844574335,-0.0029031653090370382
1,2025-04-06,0.020188354,0.016131680041139553,0.0020032550494681607,0.0020534188651379834
1,2025-04-07,0.018958181,0.016045006806057093,0.002451466982140804,0.00046170735460910814
1,2025-04-08,0.014455064,0.01596252183179815,-0.0006733083429859151,-0.0008341492889473723
1,2025-04-09,0.013505715,0.01583191011580246,-0.0012389052973104523,-0.0010872898729968779
1,2025-04-10,0.017708452,0.01568722835658644,-0.0004978550460213081,0.002519079107881409
1,2025-04-11,0.012755668,0.015592073754166602,-0.0015642260284551004,-0.0012721799349409701
1,2025-04-12,0.014266711,0.015508881510863578,-0.0014120588056894846,0.00016988802323281323
1,2025-04-13,0.017685307,0.015467699850739654,0.0022466214433138464,-2.9014104231303225e-05
1,2025-04-14,0.01622985,0.015458388769384317,0.001992449789608528,-0.001220989250263673
1,2025-04-15,0.016503835,0.015443435776191856,0.0005797911608045113,0.00048060815995893194
1,2025-04-16,0.0166426,0.015440366998823143,-7.101395558056591e-05,0.001273247254685278
1,2025-04-17,0.01338728,0.015519218328020395,-0.0006617210695630668,-0.0014702176734534746
1,2025-04-18,0.012819644,0.01566643222299935,-0.0029393134820537192,9.252532276553607e-05
1,2025-04-19,0.014943334,0.015853149539592017,-0.0011343202817137644,0.00022450501611571624
1,2025-04-20,0.01726852,0.016046862508048616,0.0018047781619219252,-0.0005831208213854123
1,2025-04-21,0.016590603,0.01626090571753656,0.002247626497591271,-0.0019179295191859066
1,2025-04-22,0.018589303,0.016584228152886765,0.0006982749436345004,0.0013067998009320438
1,2025-04-23,0.017776089,0.01705529746913061,5.735526729675829e-05,0.0006634360526780458
1,2025-04-24,0.01609618,0.017628975339700342,-0.0005452442818512051,-0.000987550752964226
1,2025-04-25,0.0132227475,0.01830610393401111,-0.0034750676581689214,-0.0016082887934827789
1,2025-04-26,0.017708989,0.01900729595885,-0.00010923009139024545,-0.001189077007210236
1,2025-04-27,0.02158161,0.019519025000945853,0.0011282468556636843,0.0009343388081157651
1,2025-04-28,0.024769034,0.019820486367402267,0.002597183596214587,0.0023513642730526862
1,2025-04-29,0.036824584,0.020042630938376976,0.00017329890945991483,0.016608654159426296
1,2025-04-30,0.0379824,0.020249850309568,-0.0002823964536404666,0.018014946650807318
1,2025-05-01,0.022031408,0.02037062220132949,-0.0007594134778916056,0.002420199079859159
1,2025-05-02,0.01761047,0.020334464010575586,-0.0031958240384077886,0.00047182986084859727
1,2025-05-03,0.020911511,0.020040869259908656,0.0012195931812676263,-0.00034895140740286157
1,2025-05-04,0.01886493,0.0194854158252587,0.0008219734489739457,-0.0014424595981767374
1,2025-05-05,0.022786211,0.018903233096295335,0.002857005990748192,0.0010259721353666762
1,2025-05-06,0.016937079,0.018430985685706336,-0.0008589694369215644,-0.0006349373406989468
1,2025-05-07,0.016018786,0.01803550292585245,-0.0008130117493383526,-0.0012037056402248794
1,2025-05-08,0.017143508,0.017735311435169626,-0.0012991377988926206,0.000707334783117488
1,2025-05-09,0.013790966,0.01751492364159975,-0.00212363585076797,-0.001600321779247977
1,2025-05-10,0.020848786,0.01733069385244657,0.0029510980574737884,0.0005669945484527115
1,2025-05-11,0.018410148,0.01722075150885819,0.0002004320508104171,0.000988964539396217
1,2025-05-12,0.017250448,0.01719892456155396,0.0023719992219294315,-0.0023204753181361015
1,2025-05-13,0.016078902,0.017222559774502193,-0.0019208846489121353,0.0007772272828905878
1,2025-05-14,0.017122949,0.01726078191562758,-0.0002845775749565022,0.00014674420156620543
1,2025-05-15,0.013024115,0.017181795884510163,-0.0019838805770020884,-0.002173800303862654
1,2025-05-16,0.01819458,0.016906599593478407,-0.0013154164564462866,0.00260339731362191
1,2025-05-17,0.021165771,0.016461637981736905,0.00379979475406396,0.00090433867406833
1,2025-05-18,0.0359398,0.01600484903727114,-0.00040638164724734257,0.020341334094322594
1,2025-05-19,0.020296957,0.015575325724671626,0.0010250477270302458,0.0036965838921148853
1,2025-05-20,0.010071028,0.015217000659962803,-0.0021023401908506116,-0.003043632445153986
1,2025-05-21,0.010340263,0.014854699048809178,0.0014890955565899154,-0.0060035314696678735
1,2025-05-22,0.011075485,0.014466733286081654,-0.0024485487580512377,-0.0009426999616399014
1,2025-05-23,0.013095526,0.014251730266430543,-0.0006464166017498153,-0.0005097876399815168
1,2025-05-24,0.012342154,0.014374263947818386,0.004007598261990049,-0.006039708161425199
1,2025-05-25,0.013096226,0.014715076325993373,-0.0017984730921818068,0.0001796231454637559
1,2025-05-26,0.013934902,0.015211667162052663,0.0003992218746631802,-0.001675987121225216
1,2025-05-27,0.014534694,0.015753310223537896,-0.0020972790223193196,0.0008786629414210614
1,2025-05-28,0.019525709,0.016318158174515953,0.0025296121142535355,0.0006779383419115506
1,2025-05-29,0.015650654,0.016928630086087925,-0.001593118546089264,0.000315142671641698
1,2025-05-30,0.016172407,0.01755364495394218,-0.00027867163909057037,-0.0011025661198795708
1,2025-05-31,0.021993216,0.01806612262393577,0.0036511326510871973,0.0002759608521342438
1,2025-06-01,0.042278796,0.018345195256777212,-0.0029278530132956274,0.026861454190920883
1,2025-06-02,0.03852998,0.018441542009983675,-0.0003849320871064726,0.020473371004828562
1,2025-06-03,0.030972268,0.018245543797504062,-0.001982188217941991,0.0147089128528167
1,2025-06-04,0.023481257,0.018065445684612356,0.0025714077090928204,0.0028444038661405574
1,2025-06-05,0.034832932,0.018140617122144213,-0.0002958981232786694,0.016988213056130946
1,2025-06-06,0.01910183,0.018065997101743475,0.0006214769558096852,0.00041435614180768826
1,2025-06-07,0.00711083,0.017261963627842995,0.0031905813887167,-0.013341715085807178
1,2025-06-08,0.010535136,0.016304213214259084,-0.003244046551527864,-0.0025250307975197336
1,2025-06-09,0.015119692,0.015476987326109835,-0.0009705235665837511,0.0006132285511647947
1,2025-06-10,0.01348077,0.014881810522390073,-0.001550300787124773,0.00014926066639132755
1,2025-06-11,0.014423034,0.01448506796602019,0.0018890180101194453,-0.0019510518222609474
1,2025-06-12,0.015051,0.014138786855923862,0.0010291557473333269,-0.00011694278302479787
1,2025-06-13,0.038581286,0.013826097237315269,-0.00026730483874740817,0.025022493227128323
1,2025-06-14,0.016513871,0.013555228601514159,0.0026142292866740886,0.00034441314083110894
1,2025-06-15,0.011976975,0.013338783074828248,-0.0031978973385767707,0.001836089280044433
1,2025-06-16,0.011821829,0.013217927438172808,-0.0008361584851641716,-0.0005599401704501957
1,2025-06-17,0.010225508,0.01310703947230343,-0.001019570317974504,-0.0018619607922741015
1,2025-06-18,0.013427664,0.012931543625331911,0.0014409495581638202,-0.0009448295890114033
1,2025-06-19,0.01571047,0.012762624914615415,0.0015452701271214577,0.0014025742935807398
1,2025-06-20,0.036061004,0.012635627718626719,-0.00046112466565767025,0.0238865007512378
1,2025-06-21,0.014575548,0.012560952853561774,0.001294981438989748,0.0007196132461461981
1,2025-06-22,0.009712558,0.012521643983087612,-0.002328891984186004,-0.00048019375920319886
1,2025-06-23,0.01089466,0.012432345291084144,-0.00039723588757880257,-0.001140449496879593
1,2025-06-24,0.013709137,0.012269235390281238,-0.00012403544126817956,0.0015639372671973073
1,2025-06-25,0.013846358,0.012113668900084425,0.001859496127475388,-0.0001268067432056031
1,2025-06-26,0.013106741,0.012032655737784538,0.0010383992674883398,3.5686005869853266e-05
1,2025-06-27,0.0102883065,0.012016398386237987,-0.0011298413087852872,-0.0005982505655141284
1,2025-06-28,0.010243228,0.012029188929009888,-0.0001815681969242249,-0.0016043930267262037
1,2025-06-29,0.010720959,0.012062737917451756,-0.0020746019320298493,0.0007328229478123088
1,2025-06-30,0.012686655,0.012122497047615765,0.00041551555730315565,0.00014864232042745458
1,2025-07-01,0.012165457,0.012221953710773097,0.0007286864785074746,-0.0007851831790114065
1,2025-07-02,0.015900709,0.012375326519485324,0.002117310377196315,0.0014080718383075279
1,2025-07-03,0.011728071,0.012595258168967442,0.00019826439372286038,-0.0010654518863635505
1,2025-07-04,0.012390966,0.01283884215371151,-0.0010946266738371682,0.0006467501159670656
1,2025-07-05,0.01112074,0.013035798122707179,-0.0014708521322712666,-0.00044420566617710787
1,2025-07-06,0.009488443,0.013145426619455614,-0.0020870897878028888,-0.0015698939189549323
1,2025-07-07,0.015069299,0.013183668944093046,0.0008489080856773364,0.0010367223477306294
1,2025-07-08,0.01551592,0.01323768689996533,0.00027526494529006454,0.0020029679295153428
1,2025-07-09,0.015284681,0.013344458245692832,0.00077252021296956,0.0011677023027344916
1,2025-07-10,0.013761731,0.01343306927390567,0.005052010828315097,-0.004723349237576715
1,2025-07-11,0.011006869,0.013446844165054163,-0.0013013018957982068,-0.0011386728935502358
1,2025-07-12,0.010717094,0.013388249540107717,-0.0024473728787897135,-0.00022378271676844197
1,2025-07-13,0.011682977,0.013451431348044598,-0.002627628729602633,0.0008591743501444801
1,2025-07-14,0.013886395,0.013825232848066079,-0.00032073277300912785,0.0003818948354574036
1,2025-07-15,0.012201668,0.014443503712611237,-0.00046161710733856875,-0.0017802188419798783
1,2025-07-16,0.011190455,0.0151711988899977,-0.0005728778331219181,-0.003407865649971562
1,2025-07-17,0.015215144,0.0159192913864184,0.009684091284226322,-0.010388239109281501
1,2025-07-18,0.015601364,0.0166451406257978,-0.0014794170693681523,0.0004356404079491859
1,2025-07-19,0.014602308,0.017395384286799348,-0.003199895291483984,0.0004068191662413567
1,2025-07-20,0.016070899,0.01820344606290357,-0.0031872349336939283,0.0010546874930647578
1,2025-07-21,0.039729305,0.018969013750504523,-0.0016933642018261718,0.02245365506300454
1,2025-07-22,0.019289803,0.019451469834725236,-0.0016112143560373857,0.0014495472811979389
1,2025-07-23,0.017616717,0.01960266280247561,-0.0018109166650139628,-0.00017502899261473068
1,2025-07-24,0.036859952,0.01957805330314089,0.015253364278501358,0.002028534331714533
1,2025-07-25,0.01852653,0.0194439071350094,-0.0017516780959064325,0.0008343008541761079
1,2025-07-26,0.016114889,0.01920553664966937,-0.004218081768120357,0.0011274338312147747
1,2025-07-27,0.01193291,0.0189043254819089,-0.00324049170438472,-0.0037309233575236276
1,2025-07-28,0.01433188,0.018543064085252667,-0.002817048430016236,-0.0013941356296708063
1,2025-07-29,0.015183494,0.01814821365714257,-0.0024176343588469943,-0.0005470848719855113
1,2025-07-30,0.01663301,0.017783599994809027,-0.002069456064372482,0.0009188656076179226
1,2025-07-31,0.03682221,0.01753125249228397,0.01717499502445112,0.002115963480607972
1,2025-08-01,0.015257512,0.01738619042272042,-0.0015546675240119072,-0.0005740106794583123
1,2025-08-02,0.010699891,0.01725360857809987,-0.004689830520547907,-0.001863887503600701
1,2025-08-03,0.014320787,0.017037534079051713,-0.002954969437213956,0.00023822240054162044
1,2025-08-04,0.014289658,0.01679792647972913,-0.0029593664565372353,0.0004510975621309643
1,2025-08-05,0.013769802,0.016621442073850367,-0.0030711382507343757,0.00021949788295967665
1,2025-08-06,0.014722029,0.016525447192528457,-0.0016507916287253747,-0.00015262681660211525
1,2025-08-07,0.012074928,0.016485068962045702,0.015534750352939603,-0.01994489151558164
1,2025-08-08,0.014214894,0.01646195289377708,-0.001168007345467425,-0.0010790517453092043
1,2025-08-09,0.011481858,0.016492702711757293,-0.004766152250148527,-0.0002446926030105351
1,2025-08-10,0.015019356,0.016654611641123456,-0.0021040861399678618,0.00046883077195908687
1,2025-08-11,0.014284148,0.01697920106664388,-0.0018275548885216318,-0.0008674982971508156
1,2025-08-12,0.013562334,0.017467201049136585,-0.0027312520570421973,-0.001173615221998086
1,2025-08-13,0.015125836,0.018061902019675634,-0.0013673491551335001,-0.0015687166188265156
1,2025-08-14,0.031525955,0.018688237242580803,0.012067462859388514,0.0007702545021795494
1,2025-08-15,0.020294107,0.019319226233989004,-0.0007504899517226045,0.0017253712144720337
1,2025-08-16,0.015409736,0.019904233754058417,-0.003984284397238545,-0.0005102133940713439
1,2025-08-17,0.03922404,0.0201045010262227,-0.0011372684301709625,0.020256807167160468
1,2025-08-18,0.020527704,0.019693073280301326,-0.001183755970081687,0.0020183863773289984
1,2025-08-19,0.035935253,0.019082014606182307,-0.0017785007712801727,0.018631739069989835
1,2025-08-20,0.019835904,0.018474707475754214,-0.0013272079039410713,0.0026884046687950733
1,2025-08-21,0.011656891,0.017884037661896165,0.008020061501041136,-0.014247208539665835
1,2025-08-22,0.011617317,0.017148894682954625,-0.0003410842521961591,-0.005190493566327562
1,2025-08-23,0.013550145,0.016104063536507333,-0.0032340363310307554,0.0006801174147631553
1,2025-08-24,0.01378501,0.015027274947644225,-0.00023590693323322776,-0.0010063578106918585
1,2025-08-25,0.012169344,0.014193932448265724,-0.0004925104480250188,-0.0015320776495450963
1,2025-08-26,0.013232742,0.013767988155378217,-0.0004568924479885791,-7.835327115945576e-05
1,2025-08-27,0.011564178,0.013665425215297107,-0.0011449976943442557,-0.0009562491286617819
1,2025-08-28,0.015478544,0.013643491145522864,0.004443836610802704,-0.0026087838191192984
1,2025-08-29,0.014616873,0.013638263218728172,-0.0006415631016363356,0.001620172998209296
1,2025-08-30,0.03610724,0.013693682399280368,-0.0025204683553516974,0.02493402433817239
1,2025-08-31,0.015286687,0.013787627417532821,0.00040424469346202945,0.0010948147192277567
1,2025-09-01,0.014108937,0.013911396075088633,0.0006435148571131115,-0.0004459736985152965
1,2025-09-02,0.014895585,0.0140654116618081,0.0007260244468245609,0.0001041492569607734
1,2025-09-03,0.012631345,0.014211745459255087,-0.0016295315831568937,4.9130732864343524e-05
1,2025-09-04,0.015397532,0.014455539872925489,0.0018470625301582376,-0.0009050704913529592
1,2025-09-05,0.012522249,0.014893740343488185,-0.0003746628848174866,-0.0019968289074211946
1,2025-09-06,0.0126536,0.015427316220071355,-0.0018988297807539197,-0.0008748860147893139
1,2025-09-07,0.017262695,0.015905001604495567,0.00036304159479644846,0.0009946521579114673
1,2025-09-08,0.0395312,0.016078801834326865,0.0013414467693314389,0.022110952520532978
1,2025-09-09,0.019907933,0.016023367869619227,0.00024991049052072235,0.003634654368389025
1,2025-09-10,0.035512727,0.01596663556843427,-0.00143892936236985,0.020985020547885695
1,2025-09-11,0.018936288,0.015832095028740563,0.0014265405426589464,0.0016776520403234373
1,2025-09-12,0.036410604,0.015533365514774296,8.387655263107158e-05,0.02079336160486064
1,2025-09-13,0.013936128,0.014844538306097613,-0.0016154952956888543,0.0007070845255900612
1,2025-09-14,0.011342112,0.013785565828865696,1.0380533957354994e-05,-0.002453834387868446
1,2025-09-15,0.017983874,0.012803429576366963,0.00147386163403339,0.0037065830956823746
1,2025-09-16,0.009881034,0.012075317645817133,-0.0005813848103820915,-0.0016128992733112652
1,2025-09-17,0.008624255,0.011556739182346263,-0.0008870284194319177,-0.002045456037040875
1,2025-09-18,0.009109566,0.011277919523045968,0.0010497899851918074,-0.003218143520054754
1,2025-09-19,0.012163312,0.011241482302289612,0.0012182828500146015,-0.00029645297792438817
1,2025-09-20,0.009433321,0.01151445422323041,-0.0015021260422865344,-0.0005790074574698496
1,2025-09-21,0.012055584,0.01211000079042885,-0.0007023382833500626,0.0006479217224501163
1,2025-09-22,0.011477213,0.012855488917802908,0.0013506908991882571,-0.00272896646407254
1,2025-09-23,0.011292252,0.013470959274336697,-0.0018928492360976233,-0.00028585827996165797
1,2025-09-24,0.015416911,0.014001868744868275,-0.0005962287363207378,0.0020112708633158276
1,2025-09-25,0.019340917,0.014501402410627622,0.0001036551205943038,0.004735859936849059
1,2025-09-26,0.036074355,0.01488705729330826,0.005723661748728724,0.015463636202599553
1,2025-09-27,0.013967115,0.015118680311589226,-0.001900960253335107,0.000749395373769883
1,2025-09-28,0.013493421,0.015186083784582338,-0.001020311841792677,-0.0006723513866020315
1,2025-09-29,0.015122515,0.015005525406514817,-0.0011677745630009873,0.0012847643059007083
1,2025-09-30,0.033546373,0.01468211878884193,-0.0026207273130808492,0.0214849817723392
1,2025-10-01,0.013877109,0.014408398269769477,-0.0007304820581907911,0.0001991924815441786
1,2025-10-02,0.012325313,0.014258966986067998,-0.00043770737428669204,-0.0014959466695148409
1,2025-10-03,0.013589437,0.01419614755808513,0.010340191447089754,-0.010946901885512122
1,2025-10-04,0.010169981,0.014214839990965216,-0.0023326514643729245,-0.0017122074790811917
1,2025-10-05,0.013064801,0.014386538758379912,-0.0013617383989891433,4.0000402249303416e-05
1,2025-10-06,0.010581616,0.014765770591195828,-0.003305832065224695,-0.0008783222137057362
1,2025-10-07,0.011633041,0.015242946262246596,-0.0033451604850991807,-0.000264744462366703
1,2025-10-08,0.014264496,0.015797459802877424,-0.002248954770239583,0.0007159910106866313
1,2025-10-09,0.01567739,0.016309690157552185,-0.0016151177718605506,0.0009828182344207848
1,2025-10-10,0.031235097,0.01665753006379679,0.014461117883879979,0.00011644902848423344
1,2025-10-11,0.014926787,0.016836445365040816,-0.0031260866732510154,0.0012164278426983997
1,2025-10-12,0.014498582,0.016843251005115318,-0.0023915835092327762,4.691461392638055e-05
1,2025-10-13,0.02631747,0.01671607209266841,0.0026274395117588814,0.006973958171249437
1,2025-10-14,0.013083468,0.016660852498722113,-0.005154702860784245,0.0015773185533877986
1,2025-10-15,0.011199256,0.016710639951754584,-0.004466859833127254,-0.0010445237133929926
1,2025-10-16,0.01158169,0.01693631520927606,-0.00043858014601492904,-0.004916045012599566
1,2025-10-17,0.018486796,0.017286868844775757,0.012172066262987676,-0.010972139160807751
1,2025-10-18,0.012112637,0.01773456922030607,-0.003137235915054089,-0.002484696254802134
1,2025-10-19,0.015801968,0.01836283703966724,-0.002736374134015142,0.00017550514733118486
1,2025-10-20,0.01507364,0.01915462675956496,0.006237195054032362,-0.01031818154157603
1,2025-10-21,0.013597805,0.020230269321944196,-0.006467588607186933,-0.0001648756617615814
1,2025-10-22,0.016468761,0.02145248790136435,-0.006202558475431515,0.001218832062862444
1,2025-10-23,0.02053477,0.022524274172520696,0.0013606442687443554,-0.0033501478780202307
1,2025-10-24,0.035213824,0.023455892997769907,0.00946188099201147,0.0022960503717813496
1,2025-10-25,0.022591611,0.02423658443562147,-0.0028859017982720866,0.0012409287330949134
1,2025-10-26,0.035180107,0.024989891335086705,-0.0029193081059370914,0.013109523529921733
1,2025-10-27,0.03628387,0.025724176325361846,0.010082947736255076,0.0004767452346954096
1,2025-10-28,0.01802184,0.026440466384187254,-0.00785581493187911,-0.0005628108501486428
1,2025-10-29,0.018529601,0.027139641773542934,-0.007897811331608056,-0.0007122290468047181
1,2025-10-30,0.033711527,0.02782412438417299,0.0032172696275118867,0.002670132531217114
1,2025-10-31,0.033422306,0.02849617450057064,0.006681843698691523,-0.0017557120192618555
2,2023-11-01,0.9610857,0.17159626642545192,-0.012676982095690197,0.80216639281715
2,2023-11-02,0.9429936,0.16979145502141216,-0.010069839230084188,0.7832719655036855
2,2023-11-03,0.26934692,0.16803150877474438,0.001639590979765338,0.09967582288152238
2,2023-11-04,0.17724374,0.16633649328502284,0.007548078624836755,0.00335916745667178
2,2023-11-05,0.14946772,0.16473046340779224,-0.007856280982673245,-0.007406460843659951
2,2023-11-06,0.20286472,0.16323148285601916,0.02516567882128779,0.014467559740120123
2,2023-11-07,0.15062392,0.16189154837831274,-0.009308047060278027,-0.001959583738383841
2,2023-11-08,0.14660524,0.16068879756264848,-0.007766779560933605,-0.006316779683271573
2,2023-11-09,0.14674678,0.15994799854487332,-0.007456720100538246,-0.005744493995711419
2,2023-11-10,0.15705934,0.15953705355122952,0.002341941436363091,-0.0048196533185099755
2,2023-11-11,0.16522254,0.15969352886777952,0.003755040709519294,0.0017739709204810383
2,2023-11-12,0.16903436,0.16027855702609967,9.641988228886224e-05,0.0086593849309059
2,2023-11-13,0.1640838,0.16087924770205417,0.01468632272393618,-0.01148177666664435
2,2023-11-14,0.1524006,0.16104883885353447,-0.00993979975375688,0.0012915588301769532
2,2023-11-15,0.16091496,0.16073690578738714,-0.004031758659580522,0.004209810395539332
2,2023-11-16,0.17167848,0.1603182939604379,-0.005163420246301112,0.01652360977203876
2,2023-11-17,0.16331445,0.16004375791688422,0.001787580301250465,0.0014831085887729856
2,2023-11-18,0.14738324,0.15978751494224983,0.001058358433688392,-0.013462630530402947
2,2023-11-19,0.16486737,0.15950075073090222,0.007850507201468286,-0.00248388661164603
2,2023-11-20,0.15790106,0.15905427537085765,0.005248390755619728,-0.006401602565037856
2,2023-11-21,0.15131961,0.15880530828486533,-0.01041977815842138,0.0029340779658640903
2,2023-11-22,0.16785447,0.15881516890255903,-0.0008457183138322482,0.00988502240607761
2,2023-11-23,0.14362046,0.15896938126062987,-0.002204601440573086,-0.01314431859454715
2,2023-11-24,0.1811138,0.159155320470423,0.0005902053535164771,0.021368268622052045
2,2023-11-25,0.15297557,0.15943737895679883,-0.0009626925091509121,-0.005499112311867588
2,2023-11-26,0.18229365,0.1597750256753571,0.014959684103678388,0.007558943709123689
2,2023-11-27,0.1497555,0.16031297899581567,-0.0017747609777142353,-0.008782725211666814
2,2023-11-28,0.14264412,0.16121418821198175,-0.010483740277231925,-0.008086325691822271
2,2023-11-29,0.15637314,0.16266277321987616,-0.001658463057810669,-0.004631166965959527
2,2023-11-30,0.17242032,0.16470464806839072,-0.003023808294525263,0.010739483121184584
2,2023-12-01,0.15721133,0.16734399636912176,-4.7033198100581236e-05,-0.010085629657761275
2,2023-12-02,0.1772965,0.1699871035817296,0.0024207674925023456,0.004888633304086842
2,2023-12-03,0.18622084,0.17221665920117846,0.019799379838612824,-0.005795199420154745
2,2023-12-04,0.17909294,0.17384281664538284,-0.0014329219452167156,0.006683048968199351
2,2023-12-05,0.17421593,0.17488717659747258,-0.01313109187363525,0.012459842996232567
2,2023-12-06,0.17490722,0.1753812761710272,-0.007460244287201606,0.006986190506349271
2,2023-12-07,0.16981474,0.17522844288781272,-0.003589407595370065,-0.0018242996414264134
2,2023-12-08,0.16542116,0.17412092741845903,0.000898886283193741,-0.009598655626320118
2,2023-12-09,0.18641612,0.1721880595586059,0.004659482530052064,0.00956857724842397
2,2023-12-10,0.19836843,0.1698124362700371,0.023791742970722746,0.0047642508968744335
2,2023-12-11,0.1666071,0.16738086194778398,-0.0002964283330097353,-0.0004773368235068409
2,2023-12-12,0.14666618,0.16498664670416993,-0.01675955511651171,-0.0015609075199320976
2,2023-12-13,0.14455134,0.16271165538645868,-0.014758181721574637,-0.003402136899594732
2,2023-12-14,0.15172148,0.1613997318299792,-0.00627737872213776,-0.003400875599296499
2,2023-12-15,0.17124565,0.1618609463467448,0.007688473158107471,0.0016962299521255664
2,2023-12-16,0.15526931,0.16417432425417083,0.0038509885222272502,-0.01275600289804879
2,2023-12-17,0.17103982,0.16801109088410304,0.030161211900473286,-0.02713248306716909
2,2023-12-18,0.16664945,0.17296403817579112,0.01147367977175606,-0.01778827205616687
2,2023-12-19,0.15093747,0.17880826248653223,-0.022407730000827433,-0.005463064672212969
2,2023-12-20,0.1602352,0.18580465723496942,-0.024231247110658088,-0.0013382137723063348
2,2023-12-21,0.18598136,0.19456266223260976,-0.0115371779562234,0.0029558787817038357
2,2023-12-22,0.21917306,0.20345283035270048,0.0076881649662012795,0.008032063548552765
2,2023-12-23,0.20983647,0.20719073871343188,-0.002566365142880312,0.005212094529996214
2,2023-12-24,0.24650982,0.20818640838509342,0.025699211026778652,0.012624200810982533
2,2023-12-25,0.7789463,0.20830287015047955,0.023628162203722103,0.5470152481252295
2,2023-12-26,0.24668278,0.20648548352389115,-0.030209841383804416,0.07040713586074485
2,2023-12-27,0.16202353,0.2024487117683299,0.006965024854368487,-0.04739020721233614
2,2023-12-28,0.17945035,0.19831697628745035,-0.02088760977948892,0.0020209815116384866
2,2023-12-29,0.25898334,0.1941009891172531,-0.0006231761794834117,0.06550553090187572
2,2023-12-30,0.73401815,0.18892109229267287,-0.0106425949142602,0.5557396496133171
2,2023-12-31,0.6924653,0.18242745957316758,0.017749078595258375,0.49228876715994313
2,2024-01-01,0.21998599,0.17570009773562914,0.037988366125066446,0.006297527855689294
2,2024-01-02,0.13376354,0.16929743229909214,-0.03383439739605029,-0.0016994980921669067
2,2024-01-03,0.12337649,0.16323019916129242,0.0285603169154861,-0.06841402739117061
2,2024-01-04,0.11964641,0.1582221131038175,-0.027156277688309412,-0.011419427751685918
2,2024-01-05,0.13997066,0.15441137336762456,-0.009175671704707027,-0.0052650414532617595
2,2024-01-06,0.13002148,0.15128233788873632,-0.015385352047989156,-0.005875503134677218
2,2024-01-07,0.15323463,0.1485779363748403,0.007295857309865249,-0.0026391628615701768
2,2024-01-08,0.19865668,0.14661449721819814,0.03907271013975972,0.012969470841810216
2,2024-01-09,0.64719826,0.1451395392889727,-0.03446518948305672,0.5365239100245589
2,2024-01-10,0.20044316,0.14368971524000235,0.05593132829311818,0.0008221199810167501
2,2024-01-11,0.11221207,0.1422158182107124,-0.02938765188334078,-0.0006160969947719974
2,2024-01-12,0.124974094,0.14078434396874237,-0.014988028028977583,-0.0008222216085002898
2,2024-01-13,0.12081131,0.1400147857507575,-0.016255679974934815,-0.0029477923850908527
2,2024-01-14,0.13259068,0.1401640142643019,0.0014706342206945759,-0.009043967170528078
2,2024-01-15,0.12068813,0.14091211635157738,0.026607660848880638,-0.04683164425873515
2,2024-01-16,0.110397466,0.14177603521339413,-0.03090860387885726,-0.00046996580747921124
2,2024-01-17,0.11439402,0.14266807206156526,0.05934522885909914,-0.08761928435677203
2,2024-01-18,0.119771175,0.14388271402583738,-0.027280680223373474,0.003169141284034366
2,2024-01-19,0.13111326,0.1452926435045232,-0.014219746308591116,4.0363788488706476e-05
2,2024-01-20,0.13815886,0.14609789928434677,-0.01174024256026936,0.0038012010983408118
2,2024-01-21,0.15233299,0.1460686778250306,0.001526863566471454,0.004737449970115992
2,2024-01-22,0.15331161,0.14596971863153207,0.013647425763522302,-0.006305534173191574
2,2024-01-23,0.21041724,0.14564026476874076,-0.019844238114124408,0.08462121420346166
2,2024-01-24,0.65937316,0.1451286109176802,0.05625752592212248,0.4579870273371382
2,2024-01-25,0.20121863,0.14428813476565905,-0.023691373039118956,0.08062187311728619
2,2024-01-26,0.12930745,0.1425151444142124,-0.015438598355208501,0.0022309028049792567
2,2024-01-27,0.13634379,0.1402199646439646,-0.010800892773150612,0.0069247202100652105
2,2024-01-28,0.14140658,0.136959216163944,0.0011116501630914417,0.0033357144787430626
2,2024-01-29,0.19408408,0.13119116094495795,0.002352518225530528,0.060540398903013104
2,2024-01-30,0.6075645,0.12477167976578374,-0.012144835709391991,0.4949376648585557
2,2024-01-31,0.181729,0.11853217311772153,0.05799681198626234,0.005200018683056848
2,2024-02-01,0.08399589,0.11245875924748581,-0.01944233119001787,-0.009020534459865101
2,2024-02-02,0.09081557,0.10635856716081023,-0.01603741887058346,0.0004944181899329964
2,2024-02-03,0.085329786,0.10134039470747731,-0.010389184706788191,-0.005621424057657809
2,2024-02-04,0.095887385,0.09808493810437896,0.001881571811742178,-0.004079124607378609
2,2024-02-05,0.09099872,0.09591849972137997,0.0026572883778337407,-0.007577071446820377
2,2024-02-06,0.09793867,0.09450269626706446,0.0012985333124540962,0.002137442128588435
2,2024-02-07,0.09691057,0.09395985014872348,0.027304419623283612,-0.02435369622988902
2,2024-02-08,0.091711745,0.09394629623957193,-0.011192325768612057,0.00895777419513967
2,2024-02-09,0.07503172,0.0942561905854396,-0.01258077234154273,-0.006643698142063531
2,2024-02-10,0.086505964,0.09483015848308637,-0.008480649962814658,0.00015645587811237427
2,2024-02-11,0.10046681,0.09576354221721596,0.004201400915735395,0.0005018670338844261
2,2024-02-12,0.11023981,0.09705599503798382,0.004650486133602353,0.008533330070040576
2,2024-02-13,0.09431382,0.09858469243340716,0.0008395074299582528,-0.005110377176693201
2,2024-02-14,0.09693465,0.09997067794868916,0.007970809828034926,-0.011006841408697357
2,2024-02-15,0.10008632,0.10110950604762865,-0.0008619244576226854,-0.0001612651236744811
2,2024-02-16,0.10028526,0.10196299558417476,-0.010560449897575054,0.008882716182830833
2,2024-02-17,0.099180505,0.10284822432159116,-0.006739380987658488,0.003071661345747198
2,2024-02-18,0.11228322,0.10387561234388654,0.005896102735679751,0.0025115072977339725
2,2024-02-19,0.11118913,0.104886392045534,0.006799335429780625,-0.0004966005069308443
2,2024-02-20,0.10447879,0.10551064120293774,0.0020662852628019843,-0.003098135109652997
2,2024-02-21,0.09761939,0.10578284018600771,-0.002989980391533247,-0.005173467816687441
2,2024-02-22,0.11518113,0.10629785345672631,0.002799196742624004,0.006084082951704067
2,2024-02-23,0.09597145,0.10741063921121051,-0.009327836069994667,-0.002111352931598226
2,2024-02-24,0.101001926,0.1088203938242812,-0.005805828577574537,-0.0020126394802386094
2,2024-02-25,0.115078524,0.11017083235351202,0.008094384123597023,-0.003186692722035492
2,2024-02-26,0.11412313,0.11126863065523661,0.007682583971923764,-0.004828086272610971
2,2024-02-27,0.12321357,0.11209059378063169,0.000778500347807956,0.01034447271125534
2,2024-02-28,0.115992986,0.11289204877830307,-0.0059552242676852675,0.00905616115518039
2,2024-02-29,0.11365048,0.11386837024497695,0.0020724015090867933,-0.002290293331421986
2,2024-03-01,0.10365773,0.11483452271210083,-0.008244621844591222,-0.002932170943784479
2,2024-03-02,0.10996232,0.11562596101521834,-0.004314903116088779,-0.001348736081254645
2,2024-03-03,0.12256122,0.11622425642162781,0.011735724499545505,-0.005398764566803202
2,2024-03-04,0.12563589,0.11704773081796722,0.008128643051834592,0.00045951828298443353
2,2024-03-05,0.117837876,0.11849470994611955,-0.0017015162454573185,0.0010446823808044486
2,2024-03-06,0.10973507,0.11934276930632075,-0.009230124986034795,-0.0003775726611978253
2,2024-03-07,0.12245974,0.11836867400986341,-0.0007539968194419755,0.004845062256218585
2,2024-03-08,0.15909377,0.11589682846920463,-0.004737119972693316,0.047934058908044974
2,2024-03-09,0.17717172,0.11296700554419993,-0.002323480073854787,0.06652819658413638
2,2024-03-10,0.14827201,0.11026627529036602,0.012899463055431135,0.025106269357983976
2,2024-03-11,0.124651305,0.1078696002867213,0.00822420165773673,0.008557503433025346
2,2024-03-12,0.07727531,0.10512864374727392,-0.004148812085990845,-0.02370451822429806
2,2024-03-13,0.08292001,0.10157820404379916,-0.011880298305535242,-0.006777898330598664
2,2024-03-14,0.087587796,0.09837485823126473,-0.0016154939805319581,-0.009171568099094737
2,2024-03-15,0.09567623,0.09596957349815463,-0.0004981944116290464,0.00020484931751951763
2,2024-03-16,0.097205736,0.09430363995963727,-0.0009842424476237215,0.003886338231032266
2,2024-03-17,0.10858916,0.09349092611453752,0.012782590582712226,0.0023156407648703137
2,2024-03-18,0.09393614,0.09315598701827306,0.007783545147211024,-0.007003394310431135
2,2024-03-19,0.09313141,0.09269770807711318,-0.006741421197081236,0.007175121215327859
2,2024-03-20,0.07600347,0.0920888794382031,-0.012029792822035902,-0.004055617089399471
2,2024-03-21,0.08957628,0.09138744823384647,-0.0013403518891583078,-0.00047081473753712855
2,2024-03-22,0.09739907,0.09091742350013632,0.004223610893919242,0.002258036464899818
2,2024-03-23,0.088560864,0.09076517089204135,-0.0009738657635761838,-0.0012304407991270971
2,2024-03-24,0.09455767,0.09056234355981521,0.007724904126522471,-0.0037295749473087447
2,2024-03-25,0.09717777,0.09015063063060717,0.004963604884245119,0.0020635381992132606
2,2024-03-26,0.0796928,0.08981636986158466,-0.005670463829453662,-0.004453102708862108
2,2024-03-27,0.086441405,0.08970805396313407,-0.009945238222350184,0.00667858937672787
2,2024-03-28,0.09580603,0.08992216505672856,-0.00038269095509481897,0.006266558317570961
2,2024-03-29,0.0900058,0.09030223933954586,0.010807556707193628,-0.011103995918756396
2,2024-03-30,0.08408936,0.09071252487943457,-0.0008265235166317175,-0.005796640231611597
2,2024-03-31,0.09188404,0.09128688835378847,-0.0005726207837501958,0.001169771772365144
2,2024-04-01,0.09563347,0.09206930430008216,0.002042463560864242,0.0015217016610529627
2,2024-04-02,0.09061157,0.09309627109332652,-0.005410432594285777,0.0029257310843752438
2,2024-04-03,0.08194468,0.09468780001498282,-0.006559160504894891,-0.006183957806043597
2,2024-04-04,0.09104192,0.09680626778944001,-0.00283974806965476,-0.002924597150510355
2,2024-04-05,0.1212047,0.09911201942329374,0.013898527832548632,0.008194149339826415
2,2024-04-06,0.096651584,0.10172834138047616,0.0015512507117093493,-0.006628008182197109
2,2024-04-07,0.09504994,0.10584579815061262,0.0011152875245224831,-0.011911145625486827
2,2024-04-08,0.10867897,0.11431590529435268,-0.0019159133522879323,-0.0037210251814293743
2,2024-04-09,0.11128184,0.125668901740374,-0.006253947586133987,-0.008133112160908118
2,2024-04-10,0.06717346,0.13871640825936568,-0.005829944859116563,-0.06571300476444208
2,2024-04-11,0.09780934,0.151967396401399,-0.007557800008483976,-0.04660025931339003
2,2024-04-12,0.11934677,0.16236080532948557,0.01645954503064942,-0.059473582696179306
2,2024-04-13,0.1898994,0.1720777421043263,0.004828042812298825,0.012993614959969424
2,2024-04-14,0.26735085,0.18399583169821795,0.005294140843062116,0.07806087994819136
2,2024-04-15,0.24785286,0.19702377896040213,-0.004161944288890214,0.05499102720974419
2,2024-04-16,0.21362534,0.20237023875153687,-0.009361362499599492,0.02061646540188647
2,2024-04-17,0.20363937,0.2041986371833098,-0.007204555021139279,0.006645291021079913
2,2024-04-18,0.19185741,0.20542274779335173,-0.011688226412882068,-0.001877108923003551
2,2024-04-19,0.21975203,0.2056168814914533,0.01640773540482724,-0.0022725883118002443
2,2024-04-20,0.19951117,0.20521605433492776,0.010577221317529055,-0.01628210526518875
2,2024-04-21,0.22189525,0.20564397603021944,0.01109533301599352,0.005155938651617231
2,2024-04-22,0.19800745,0.20713984282509013,-0.00410147789045037,-0.0050309154269264356
2,2024-04-23,0.1861243,0.20935508146086965,-0.01194340790208055,-0.011287378562527511
2,2024-04-24,0.20278117,0.21203586907620844,-0.010258483322127032,0.0010037848525317472
2,2024-04-25,0.19997923,0.21499311162497783,-0.012649365829368077,-0.002364515034081749
2,2024-04-26,0.23771302,0.21782565632654477,0.011747134854838562,0.008140232838811684
2,2024-04-27,0.24276268,0.2202906264273084,0.010996860074094388,0.011475198320679725
2,2024-04-28,0.23885104,0.22227296511127842,0.02071739755276328,-0.004139322062311351
2,2024-04-29,0.2253315,0.22349495225118715,0.00015164257846193114,0.0016849053429659755
2,2024-04-30,0.21772672,0.2237769127218446,-0.016754661180691417,0.010704470818504092
2,2024-05-01,0.20252915,0.22307906264311408,-0.01667831844708615,-0.003871596928686327
2,2024-05-02,0.21693358,0.22065365735668818,-0.011120006363597449,0.007399927259701622
2,2024-05-03,0.22164476,0.21716733739565927,0.006843200364009587,-0.002365778581507244
2,2024-05-04,0.26416308,0.21358953414932166,0.01049225181802345,0.040081290910248896
2,2024-05-05,0.27979222,0.21007501460280498,0.029390359070711528,0.04032684572688938
2,2024-05-06,0.23791876,0.2069465978502378,0.0021400150471551794,0.028832151455405464
2,2024-05-07,0.1767335,0.2042919778418889,-0.01818875494641343,-0.009369729090543844
2,2024-05-08,0.17793395,0.20164801907172494,-0.01955948879707369,-0.004154584022782043
2,2024-05-09,0.18339951,0.20063570238742687,-0.00946435338271078,-0.007771835640877883
2,2024-05-10,0.19646339,0.2019711942026047,0.0039794201875454314,-0.009487223205343315
2,2024-05-11,0.21281542,0.204122211663321,0.009009195250345955,-0.00031598807421232
2,2024-05-12,0.25037915,0.20660070522806262,0.031417211097801684,0.012361228819551956
2,2024-05-13,0.21283363,0.2091559512214881,0.0029569960108736188,0.0007206808260717956
2,2024-05-14,0.19173934,0.21133852527595845,-0.016927220103237405,-0.0026719695165549617
2,2024-05-15,0.19492804,0.21244856184596655,-0.019328821974823374,0.0018082952688943665
2,2024-05-16,0.2150703,0.21262101451058057,-0.009919375310256447,0.012368668054467125
2,2024-05-17,0.22262274,0.2123274233364392,0.00414065340962802,0.006154660542407819
2,2024-05-18,0.21374348,0.21162284923067745,0.0047235877641311815,-0.0026029589350399507
2,2024-05-19,0.21036346,0.21062021480203877,0.03314404287088349,-0.03340079510559285
2,2024-05-20,0.20305735,0.20938722755021652,0.0014968185603624012,-0.007826697382398995
2,2024-05-21,0.20124336,0.2080305983470525,-0.013912367584386267,0.007125125107580649
2,2024-05-22,0.19213091,0.20699219591247559,-0.018419982279906547,0.003558694737448964
2,2024-05-23,0.1885854,0.2065551600900129,-0.008606898595580644,-0.009362860913072396
2,2024-05-24,0.20873192,0.20647568815876507,0.007737963421984361,-0.005481732053695593
2,2024-05-25,0.21329248,0.2064392060718173,0.0021147540871904605,0.004738519356067922
2,2024-05-26,0.23280905,0.2064886812526987,0.02562944530439971,0.0006909253142013405
2,2024-05-27,0.21131097,0.20659938155635468,0.0004916761309928029,0.004219910115653924
2,2024-05-28,0.19345604,0.2068253023144977,-0.009885582562592109,-0.003483680919241089
2,2024-05-29,0.18764085,0.20700021729899223,-0.016775201234917506,-0.0025841702884704942
2,2024-05-30,0.20152631,0.20692788606334325,-0.006183991493313093,0.0007824194501266923
2,2024-05-31,0.2254867,0.20655745191017177,0.009039921660137003,0.009889322196140193
2,2024-06-01,0.20025016,0.20602304066692362,0.0009439707470882037,-0.006716847739657278
2,2024-06-02,0.22436683,0.20541482479364467,0.01895864038983258,-6.6363842295136255e-06
2,2024-06-03,0.20745939,0.20491899927132937,-0.00037224873600514435,0.002912639628097402
2,2024-06-04,0.19971669,0.2045170905210471,-0.010218992423110277,0.0054185891045167855
2,2024-06-05,0.18201336,0.2044795230978755,-0.013664970115585599,-0.00880119033618701
2,2024-06-06,0.19725403,0.20524389641067,-0.002457135006556697,-0.005532729507522122
2,2024-06-07,0.20853652,0.2072625548298162,0.007680780936378652,-0.006406815165875934
2,2024-06-08,0.20944746,0.21052641594460914,-0.001589979986412916,0.0005110224282249831
2,2024-06-09,0.22235687,0.21501554402395737,0.02184266710592334,-0.014501340359426296
2,2024-06-10,0.21083164,0.22097785628552147,-0.002845260871833824,-0.007300953262808746
2,2024-06-11,0.2098864,0.2284365573575494,-0.010887296209484811,-0.007662859256356208
2,2024-06-12,0.22807458,0.23757800215969896,-0.010574988329662416,0.001071566600947954
2,2024-06-13,0.25349417,0.24579961550676332,-0.001266499039703863,0.008961056821285895
2,2024-06-14,0.3034807,0.24509957804696786,0.004543536047047328,0.05383760046553987
2,2024-06-15,0.293837,0.24515573788649458,-0.003429323482635342,0.05211059645658389
2,2024-06-16,0.5765693,0.2467736257856411,0.025023389981652752,0.30477230300406843
2,2024-06-17,0.16597146,0.24864435083329417,-0.0033950459665971606,-0.07927784690847559
2,2024-06-18,0.19046327,0.2508048210084644,-0.011272277552612028,-0.04906926873852144
2,2024-06-19,0.25081924,0.25283659289869,-0.008207730433079624,0.006190373574505026
2,2024-06-20,0.24330921,0.24943016187264472,-0.0026963096369784743,-0.00342463752447697
2,2024-06-21,0.24385267,0.24377322932740267,0.002449531739613072,-0.0023700861059256506
2,2024-06-22,0.22933452,0.23785841687242001,-0.004856266343177731,-0.003667632215834382
2,2024-06-23,0.2757008,0.23210393831454368,0.027104783654314835,0.01649208560255261
2,2024-06-24,0.21967849,0.22688488930690406,-0.001762599447934298,-0.005443798504981112
2,2024-06-25,0.21014276,0.2222639658728835,-0.011627694604502949,-0.0004935097994932247
2,2024-06-26,0.20161472,0.21832780594150378,-0.007348063580992515,-0.009365019750991299
2,2024-06-27,0.20583333,0.21508841952546587,-0.005961941116916071,-0.0032931476580844166
2,2024-06-28,0.21008189,0.21269435956386729,0.004300581995755733,-0.00691305133421255
2,2024-06-29,0.2037124,0.21128348770052652,-0.006856682489786372,-0.0007144014364786622
2,2024-06-30,0.23118143,0.21097492138603824,0.02622457297602497,-0.006018066525645072
2,2024-07-01,0.21510103,0.21143878534035196,0.003060943453309412,0.0006013046555116142
2,2024-07-02,0.2017506,0.21240564060223796,-0.009839527340809957,-0.0008155069629813549
2,2024-07-03,0.20687236,0.21363182990776533,-0.008827979888253793,0.0020685088986784617
2,2024-07-04,0.2011135,0.21493000518810404,-0.007798155461027802,-0.006018342575472541
2,2024-07-05,0.2318877,0.21623550848011583,0.006573014550024506,0.009079175143382606
2,2024-07-06,0.21001962,0.21761712800302124,-0.006079066676124071,-0.0015184430541158034
2,2024-07-07,0.23191763,0.21891715306260034,0.01544184903622225,-0.0024413674924612105
2,2024-07-08,0.23227198,0.22000458517429625,0.008724145458679392,0.003543253586575451
2,2024-07-09,0.20884037,0.22075654157736538,-0.007919895638109352,-0.003996275761033369
2,2024-07-10,0.21301456,0.22132457876152917,-0.009483507220417983,0.0011734864165380554
2,2024-07-11,0.22153766,0.22201081419511773,-0.007281675458377619,0.0068085257959213386
2,2024-07-12,0.2303136,0.22284781450394758,0.007930467595480559,-0.00046468298977847544
2,2024-07-13,0.21771334,0.2234285295981076,-0.004419738673840445,-0.0012954498073619591
2,2024-07-14,0.22545414,0.22367001103442352,0.0100539291171034,-0.008269803422286504
2,2024-07-15,0.23557459,0.22389349705975264,0.009964407490995182,0.001716683628840504
2,2024-07-16,0.22806473,0.22458398004655014,-0.008073033658114556,0.011553784374999793
2,2024-07-17,0.21398874,0.2259714385081962,-0.010547165853818161,-0.0014355363825198364
2,2024-07-18,0.21162754,0.2276208493055793,-0.003165134574466528,-0.012828171758548085
2,2024-07-19,0.23165457,0.2291711375541185,0.008033079925204786,-0.005549647972678096
2,2024-07-20,0.22746894,0.23068508371430987,-0.0008898061527179916,-0.0023263399261701234
2,2024-07-21,0.25545847,0.2322234010944803,0.004081580230313903,0.019153492834446506
2,2024-07-22,0.24827112,0.2339078164339688,0.007550328691608273,0.006812977449229152
2,2024-07-23,0.21931675,0.23547435185406457,-0.007234452343107621,-0.008923148746110138
2,2024-07-24,0.22587547,0.23624459418190571,-0.00998373188154886,-0.0003853952383603976
2,2024-07-25,0.2451002,0.23607386471151656,-0.002849784666057328,0.011876120130779766
2,2024-07-26,0.2487749,0.23525865826852352,0.009715495480197777,0.0038007472837265077
2,2024-07-27,0.24134198,0.23420070163152623,0.005051206143882632,0.0020900705361298344
2,2024-07-28,0.23057103,0.2329184363298401,-0.001802256995538046,-0.0005451477638674929
2,2024-07-29,0.22370932,0.23110806765733224,0.00747533042758702,-0.014874083023350054
2,2024-07-30,0.22847514,0.23088156942281063,-0.00806048078459565,0.005654049906821335
2,2024-07-31,0.27580652,0.2317011005772533,-0.009471968821482098,0.053577384653149096
2,2024-08-01,0.5818141,0.2324797829704264,-0.0028037045460842327,0.35213803185474113
2,2024-08-02,0.5894024,0.23351101442496666,0.012440929672768131,0.34345043350770343
2,2024-08-03,0.28746486,0.2347758055124861,0.0026143629228854233,0.0500746886660689
2,2024-08-04,0.22473644,0.23602786853131222,-0.0038028790988149236,-0.007488552230997342
2,2024-08-05,0.24835591,0.23682639139872558,0.009144664823736598,0.0023848539595370255
2,2024-08-06,0.23237373,0.23878584322558802,-0.008545432249808319,0.0021333183724029647
2,2024-08-07,0.23763458,0.24019106096195117,-0.009321471591487596,0.006764994937207031
2,2024-08-08,0.23610048,0.24008165176395083,-0.003087009436594016,-0.0008941623669152243
2,2024-08-09,0.25655487,0.238986872912056,0.01253758106855772,0.005030417816947935
2,2024-08-10,0.5588992,0.23738843140104893,0.0011676156470834264,0.3203431767563415
2,2024-08-11,0.28482178,0.23546873634006202,-0.00218180075166647,0.05153484294744734
2,2024-08-12,0.25174105,0.23329268557418717,0.013833389327576872,0.004614976772125107
2,2024-08-13,0.22241311,0.23093438447442918,-0.010421474213563488,0.0019001974919342912
2,2024-08-14,0.21385404,0.22835420078758747,-0.010019518807795601,-0.004480637303964835
2,2024-08-15,0.21580523,0.22535466803694232,-0.0028356994500598675,-0.006713736062010617
2,2024-08-16,0.23535907,0.22220951949861031,0.008312700005706858,0.004836853180924527
2,2024-08-17,0.22041783,0.21927729454507855,-0.0005851915444456164,0.0017257243671496558
2,2024-08-18,0.22196637,0.21640071379180578,0.003235878183995883,0.0023297789644067812
2,2024-08-19,0.23054942,0.21347600999689612,0.01758827330522834,-0.0005148584154209546
2,2024-08-20,0.19563271,0.2105849322083742,-0.010222454391873128,-0.00472976676360648
2,2024-08-21,0.19654305,0.20791899247383902,-0.011177690164292946,-0.00019824951699692894
2,2024-08-22,0.21183059,0.2055376987013525,-0.003810824199305399,0.010103711692944967
2,2024-08-23,0.1907632,0.20366344249230944,0.0021599140579583237,-0.015060151260427063
2,2024-08-24,0.1925991,0.20246948322422045,-0.0026534209057513464,-0.007216959463740402
2,2024-08-25,0.20805469,0.20224538158249847,0.009712319668575314,-0.0039030096979579265
2,2024-08-26,0.22512093,0.202337187362034,0.014495277193299799,0.008288467308451009
2,2024-08-27,0.23813121,0.2022230109220038,-0.008730929446881048,0.04463912873281642
2,2024-08-28,0.5655343,0.20195730652846372,-0.002068776215930425,0.36564576333904747
2,2024-08-29,0.24442753,0.20191455263117247,-0.00303072775877029,0.04554370708522415
2,2024-08-30,0.20010048,0.2017240897457824,-0.0033091187487558783,0.0016855105131358405
2,2024-08-31,0.19829927,0.2008571481822207,-0.006767332976762089,0.004209458643075009
2,2024-09-01,0.21240911,0.19877896210699605,0.009648735432480206,0.0039814113377057425
2,2024-09-02,0.19679257,0.19693907848945255,0.005833795866873931,-0.005980301619586376
2,2024-09-03,0.18447377,0.19652740627337045,-0.006275797979754779,-0.005777840416990615
2,2024-09-04,0.18465668,0.19744843894499076,-0.004053836976223994,-0.00873792233848722
2,2024-09-05,0.1734784,0.19946886539611472,-0.010621699142113826,-0.015368771507220491
2,2024-09-06,0.1785028,0.20285413746843994,-0.015353079692671887,-0.008998259695323724
2,2024-09-07,0.17259966,0.2085347949760036,-0.03088243989628431,-0.005052696709701293
2,2024-09-08,0.1993456,0.2157182446202498,-0.015013609036508325,-0.001359031998498239
2,2024-09-09,0.19322602,0.22305732437130263,-0.029969090795581712,0.00013779093275534393
2,2024-09-10,0.20480214,0.2302561646202664,-0.03434714193922324,0.008893117912485565
2,2024-09-11,0.5374239,0.23612436505110806,0.2796091230282024,0.02169042063116927
2,2024-09-12,0.22662959,0.23852120302599747,-0.04123430121054742,0.029342683212244675
2,2024-09-13,0.20317224,0.23780100292641368,-0.026515913128787393,-0.008112853116641783
2,2024-09-14,0.20145252,0.23419748824246556,-0.04355309258508675,0.010808127812546114
2,2024-09-15,0.17290428,0.22937076917917215,-0.006584048335433252,-0.04988243803543507
2,2024-09-16,0.15492985,0.22285533869909976,-0.016135322965626253,-0.05179016920828125
2,2024-09-17,0.20665865,0.21557887870925396,-0.005963838217272272,-0.0029563940276338407
2,2024-09-18,0.18308792,0.208839526897011,0.004208453864872814,-0.029960065579770156
2,2024-09-19,0.17924279,0.20274676001209746,-0.010261623323844692,-0.013242346942921951
2,2024-09-20,0.21233866,0.19718500588543267,0.007249616879890286,0.007904033421734541
2,2024-09-21,0.5335548,0.19314783594505827,-0.020372621425893436,0.36077957788501
2,2024-09-22,0.2244857,0.18931360335747466,0.010069653790675412,0.02510243821394098
2,2024-09-23,0.17056672,0.18492999326373974,-0.004582634122163696,-0.009780636390912284
2,2024-09-24,0.19089237,0.18055605520488835,-0.0002322509281423536,0.010568564278322978
2,2024-09-25,0.515825,0.17639483121839603,0.017976192928939885,0.32145394943588557
2,2024-09-26,0.20513447,0.17189286670780907,-0.013240911611393485,0.04648251119405836
2,2024-09-27,0.1817839,0.16791796412628837,0.014329466718209616,-0.00046353117961914214
2,2024-09-28,0.13475467,0.1646447020884452,-0.01957182936801357,-0.0103182000739091
2,2024-09-29,0.16545565,0.16183436537747195,0.014901303995937663,-0.011280015109913222
2,2024-09-30,0.16941525,0.16033107209336125,-0.00021580168059582043,0.009299980007804937
2,2024-10-01,0.1467282,0.16058174338082187,-0.0005271103443962024,-0.01332643033581074
2,2024-10-02,0.15997624,0.16101929728248965,-0.0018375645650200545,0.0007945112553087164
2,2024-10-03,0.15054704,0.16121816890494456,-0.014347507933915704,0.003676381518022964
2,2024-10-04,0.17995839,0.1611362482322585,0.016973106452944614,0.0018490335241398426
2,2024-10-05,0.15800133,0.16055776205115863,-0.015722901814720615,0.013166473238674897
2,2024-10-06,0.17829819,0.15959349491331692,0.019154614489702917,-0.0004499191669282143
2,2024-10-07,0.16057038,0.15832600846841452,0.0032813519059829445,-0.0010369773024980489
2,2024-10-08,0.1564288,0.15666588203472653,-0.002690462519620211,0.002453379518058657
2,2024-10-09,0.13834654,0.1548126942183483,-0.009848894414820784,-0.0066172618558728025
2,2024-10-10,0.13511615,0.153182283144281,-0.014465115118248002,-0.0036010230112701325
2,2024-10-11,0.17028269,0.15222589359516914,0.014045684942116282,0.004011113179862413
2,2024-10-12,0.1338707,0.1520622558928154,-0.012080151819842292,-0.006111398110792032
2,2024-10-13,0.17862079,0.15232741281170561,0.028225153193592423,-0.0019317805305208158
2,2024-10-14,0.1512915,0.15297814182276526,0.004839415511627594,-0.006526052832096396
2,2024-10-15,0.1496823,0.1542313667114497,-0.003789838886231663,-0.0007592295225676005
2,2024-10-16,0.14421302,0.1560113446139565,-0.017582466796127183,0.0057841429837148794
2,2024-10-17,0.142801,0.1577665256416622,-0.016796921621386882,0.0018313976477010718
2,2024-10-18,0.164448,0.1589296982584893,0.012641883298585253,-0.007123588516989715
2,2024-10-19,0.18803826,0.15929383079051465,-0.009687866765551258,0.038432295719680765
2,2024-10-20,0.20378093,0.1590666943005843,0.03354397549495427,0.011170264419053416
2,2024-10-21,0.17357594,0.1586280378673671,0.004120145776278103,0.010827754104310111
2,2024-10-22,0.15652037,0.15821741838520756,-0.004299415715847737,0.002602363999341356
2,2024-10-23,0.12856174,0.15756464207490595,-0.0217751934216094,-0.007227713500098321
2,2024-10-24,0.13172217,0.15624119371490594,-0.017111632730624618,-0.007407393849996363
2,2024-10-25,0.16197821,0.1549728808022676,0.011990424147524107,-0.004985089970619944
2,2024-10-26,0.14766772,0.15517669602289386,-0.00827849482829605,0.0007695197192892078
2,2024-10-27,0.19419457,0.1571789251958897,0.03270077674869931,0.004314868239164965
2,2024-10-28,0.15484574,0.1606470755696555,0.010041831317087977,-0.015843162515329273
2,2024-10-29,0.13958958,0.1650018319771613,-0.0033078414251209876,-0.02210441263875601
2,2024-10-30,0.13723348,0.16988597733518493,-0.02412260030387197,-0.008529896220193872
2,2024-10-31,0.16110209,0.175487452639282,-0.021538427831606487,0.007153061497942759
2,2024-11-01,0.19893478,0.18208849865563562,0.01645938029363609,0.0003868996218571452
2,2024-11-02,0.1827487,0.1897482565607338,-0.00749113915584096,0.0004915877438040617
2,2024-11-03,0.21854103,0.19784697996074704,0.02168809389645788,-0.000994047741787435
2,2024-11-04,0.52806157,0.2055290301393467,0.01674731394055561,0.3057852246571277
2,2024-11-05,0.21417357,0.21040511531384123,0.0027498366627558535,0.0010186182987096115
2,2024-11-06,0.19693428,0.2090592866145176,-0.02593886246604622,0.013813858631222226
2,2024-11-07,0.497747,0.20683351234306346,-0.0277109452770936,0.31862443696616516
2,2024-11-08,0.53530335,0.2043979626106356,0.022613510426834533,0.3082918812258355
2,2024-11-09,0.25651076,0.20188559976005985,-0.005540750713923989,0.06016591531429202
2,2024-11-10,0.5165743,0.19859250560660907,0.00479008033503787,0.31319173723569066
2,2024-11-11,0.2228227,0.19474824257027765,0.02495538166060596,0.0031190717396516743
2,2024-11-12,0.14233114,0.18974815427875558,0.012498597911864948,-0.059915613937408546
2,2024-11-13,0.15163219,0.18504869409732483,-0.02940768951420721,-0.0040088148324462225
2,2024-11-14,0.144076,0.18242290740254283,-0.027928432666888558,-0.01041847011128752
2,2024-11-15,0.20878713,0.18093292806770211,0.021738458901877717,0.006115741359697197
2,2024-11-16,0.16653557,0.1802253607438298,-0.0022087072461943764,-0.011481082280098504
2,2024-11-17,0.13425055,0.18073860275213574,-0.010107430243452025,-0.03638062104651024
2,2024-11-18,0.2170886,0.1824086057050324,0.03531950310125048,-0.0006395137735909218
2,2024-11-19,0.20638236,0.18340190645911691,0.020411093351693662,0.00256936422384213
2,2024-11-20,0.5027665,0.18418929070796902,-0.03228999490675931,0.3508671941813953
2,2024-11-21,0.22523928,0.18455040087723557,-0.02734166744013204,0.06803054344888282
2,2024-11-22,0.50564086,0.183713902302238,0.02096473755736571,0.3009622245126497
2,2024-11-23,0.20282663,0.18257541344843597,0.0030744206274276507,0.017176799973551954
2,2024-11-24,0.15542732,0.18188468308672717,-0.022494925967963913,-0.003962435327114405
2,2024-11-25,0.14286347,0.18056910149148855,0.02768886924645576,-0.06539450340224333
2,2024-11-26,0.13340223,0.1772622279725012,0.022334152668440754,-0.06619415228553426
2,2024-11-27,0.13208754,0.17376118096739018,-0.033059202157925044,-0.008614435202707021
2,2024-11-28,0.15654801,0.1714935023668674,-0.022491194159924167,0.007545700115772547
2,2024-11-29,0.1788285,0.1703625302409251,0.012206281791639798,-0.003740319271906628
2,2024-11-30,0.16794297,0.16973327164160565,0.006433173996253647,-0.008223474646724654
2,2024-12-01,0.20781313,0.1693607434319901,0.0034244481314614113,0.03502793726555087
2,2024-12-02,0.50869215,0.16922577658776847,0.019226496294360795,0.3202398724654659
2,2024-12-03,0.19328478,0.1693571887599323,0.011733202041740476,0.012194388985390825
2,2024-12-04,0.1360864,0.169617000353279,-0.030295772669334545,-0.0032348233603665955
2,2024-12-05,0.13864957,0.17001613570858087,-0.020405338499126437,-0.010961229247761634
2,2024-12-06,0.17383213,0.169907283588711,0.0038349681503309866,8.98816733191643e-05
2,2024-12-07,0.17873909,0.16932812907709988,0.004364752871551711,0.005046203844843583
2,2024-12-08,0.20010668,0.16882360588585107,0.023672715285448814,0.007610359221919105
2,2024-12-09,0.17952195,0.16850330537301553,0.010580515529337354,0.000438127196783461
2,2024-12-10,0.15483367,0.16833211314825938,0.002976894582829835,-0.016475333300242062
2,2024-12-11,0.15253988,0.16779017531796345,-0.021860835836258388,0.006610539601928367
2,2024-12-12,0.14993504,0.16671472174228305,-0.01964319859486205,0.0028635137502383
2,2024-12-13,0.16209932,0.16538240661245746,0.0011110333060039828,-0.004394123202267286
2,2024-12-14,0.16673693,0.1638905385612235,0.0012177301452669957,0.00162866190225891
2,2024-12-15,0.2096074,0.16216272828202621,0.036054941488337364,0.011389722779151179
2,2024-12-16,0.15833676,0.1600829953757707,-0.0005603628298079173,-0.0011858739323763468
2,2024-12-17,0.15043841,0.1577753719978309,-0.005073119264410386,-0.002263839709471832
2,2024-12-18,0.14313804,0.1554909784230228,-0.016333527034963904,0.00398058474379992
2,2024-12-19,0.13417059,0.15347988800325152,-0.013878982754292274,-0.005430313417751964
2,2024-12-20,0.15144965,0.15192991979796155,0.0037588834244759875,-0.004239152696390802
2,2024-12-21,0.14644408,0.15101813194792926,0.0004628798631854022,-0.005036929550982838
2,2024-12-22,0.18375528,0.1505948070010792,0.03137560489234904,0.0017848666939130897
2,2024-12-23,0.13840385,0.15041628170862395,-0.0008128739314644942,-0.011199559963553207
2,2024-12-24,0.144692,0.15043849285197328,-0.011039289423776199,0.00529280029876214
2,2024-12-25,0.13702011,0.15084734608535322,-0.018654440422641177,0.004827205421272324
2,2024-12-26,0.14726794,0.1521932017587042,-0.00850647469023229,0.0035812105917453763
2,2024-12-27,0.15825252,0.15482587909260442,0.010807259831007825,-0.00738061657425465
2,2024-12-28,0.15037474,0.15843966036790524,0.0011642934101363345,-0.00922921341587421
2,2024-12-29,0.17996189,0.16269569618938157,0.02853166640192833,-0.011265472609086391
2,2024-12-30,0.14809215,0.16742691745397653,0.007006504271108184,-0.026341271036913333
2,2024-12-31,0.15923265,0.17291537273078078,-0.01885660048157562,0.005173873977677768
2,2025-01-01,0.1547361,0.1786778424756141,-0.02729812107669468,0.0033563802284304334
2,2025-01-02,0.18021315,0.183217667263011,-0.006023566107983573,0.003019052207246742
2,2025-01-03,0.21547258,0.18619105860362598,0.017921832843053945,0.011359687555700465
2,2025-01-04,0.205401,0.187668000173457,0.0029996287319836038,0.014733374455307674
2,2025-01-05,0.5305881,0.18749018753449723,0.028269542017349852,0.3148283608679222
2,2025-01-06,0.21558543,0.1862344052624402,0.01744010545489011,0.01191091477877107
2,2025-01-07,0.14819138,0.18442992219729437,-0.032090813088376566,-0.0041477315883565735
2,2025-01-08,0.13736044,0.18182671781567683,-0.04091365382069073,-0.003552625290495437
2,2025-01-09,0.14026545,0.1783983658966863,-0.005175277541070878,-0.03295763847406177
2,2025-01-10,0.19967608,0.1749644076897985,0.021320217345212774,0.0033914565031890886
2,2025-01-11,0.17030898,0.17170322911290575,0.0049271763683725696,-0.006321428115784539
2,2025-01-12,0.20088267,0.16809776886091296,0.027682921107286772,0.005101983295350082
2,2025-01-13,0.19228938,0.1643155531664903,0.023163859541310314,0.004809969511513967
2,2025-01-14,0.5114376,0.16055980258360097,-0.027574489621976037,0.37845228192896957
2,2025-01-15,0.1980056,0.15704270061268755,-0.03645504491368793,0.07741794606472566
2,2025-01-16,0.14623864,0.15363447735786215,-0.0073534205571212765,-4.2416849988624605e-05
2,2025-01-17,0.16249196,0.15019506394656063,0.015687700747122085,-0.003390802380030672
2,2025-01-18,0.14524235,0.14701578987455358,0.00631669659137116,-0.00809013815259313
2,2025-01-19,0.16821697,0.14677014253627824,0.030618505500731613,-0.009171674493842735
2,2025-01-20,0.17291526,0.1508532405111904,0.018124382655301245,0.0039376417976120515
2,2025-01-21,0.19379191,0.15443489805150176,-0.026691336923346853,0.06604834987781891
2,2025-01-22,0.5116099,0.15669904162474785,-0.03442318503460997,0.38933405532850224
2,2025-01-23,0.5434928,0.15899228470061824,-0.007953932455198822,0.39245444179144584
2,2025-01-24,0.21271853,0.16207823723662487,0.011367703545925657,0.039272590706821736
2,2025-01-25,0.18008386,0.16577929974237923,0.008584554812223701,0.005720001431992222
2,2025-01-26,0.20571715,0.16829699251171706,0.031966292408178366,0.005453861476741539
2,2025-01-27,0.16830231,0.16840995622506313,0.012358499247353896,-0.012466142979092737
2,2025-01-28,0.14628232,0.1682747306459265,-0.022553867087389025,0.0005614516956739535
2,2025-01-29,0.13719377,0.1680852368471001,-0.029451901527648903,-0.0014395661029137363
2,2025-01-30,0.163303,0.16739518883000232,-0.009890443202903552,0.0057982570880120154
2,2025-01-31,0.17135304,0.16626334172208068,0.008478800409436271,-0.003389100005815049
2,2025-02-01,0.18485956,0.16479233557575648,0.008247114415374866,0.011820108948802421
2,2025-02-02,0.24086082,0.16305128806800942,0.03193294680415513,0.045876584944424814
2,2025-02-03,0.17043795,0.1609001622271652,0.006903817513568012,0.002633967174893337
2,2025-02-04,0.13923632,0.158556911367504,-0.016996846497520302,-0.0023237487851219263
2,2025-02-05,0.13464737,0.15621057187129395,-0.02375837669437421,0.0021951742078458736
2,2025-02-06,0.13322854,0.1541843272889471,-0.011794379955252947,-0.009161406913161918
2,2025-02-07,0.16105202,0.1527522217151979,0.009118926102186186,-0.0008191294133771121
2,2025-02-08,0.14753856,0.15186549422650786,0.004069288935629103,-0.008396225513478212
2,2025-02-09,0.18303646,0.15105972437981707,0.0324802559378222,-0.000503518845127976
2,2025-02-10,0.15385813,0.15036971740395436,0.0018235264127819907,0.0016648813930719986
2,2025-02-11,0.1434508,0.14995671067665178,-0.017169677943897527,0.010663763871402249
2,2025-02-12,0.13102344,0.150157021858147,-0.0206992441663375,0.001565659092934768
2,2025-02-13,0.13403504,0.1509123825683213,-0.011738411085974915,-0.0051389355145195215
2,2025-02-14,0.1603355,0.1520974412014953,0.014519113352914267,-0.00628105848640878
2,2025-02-15,0.1514168,0.15372858665515143,0.004459649495786233,-0.006771442685323342
2,2025-02-16,0.17699504,0.15597836311936852,0.035251507744130085,-0.014234831877292548
2,2025-02-17,0.15931602,0.1591731057323334,-0.007238948988599194,0.007381861480028312
2,2025-02-18,0.14174946,0.1635749880726851,-0.01921738191579259,-0.002608149632043588
2,2025-02-19,0.14436287,0.1681568197933715,-0.01930880424350105,-0.004485148671360906
2,2025-02-20,0.16658096,0.17212643213820789,-0.0095583860300275,0.004012914046353011
2,2025-02-21,0.20048974,0.1758643516119169,0.01942475851118004,0.0052006344209322986
2,2025-02-22,0.4998035,0.17954039371039798,0.007983359945039716,0.3122797596330602
2,2025-02-23,0.23643728,0.18303180602618038,0.03501028975685284,0.01839518022271172
2,2025-02-24,0.15822823,0.18617222807509823,-0.017213563994899265,-0.010730430623587334
2,2025-02-25,0.15964934,0.18787240822285114,-0.02254102994326983,-0.005682035981073613
2,2025-02-26,0.17611687,0.1864589956866888,-0.0204142953494702,0.010072168516350427
2,2025-02-27,0.21116063,0.18331428621781082,-0.005997216588348543,0.03384356035825439
2,2025-02-28,0.5105548,0.17956757882247065,0.02356056698723571,0.30742664468711983
2,2025-03-01,0.20574027,0.17605623973421117,0.010645591737942094,0.01903844152665654
2,2025-03-02,0.15522029,0.17325368338032576,0.03175786974054933,-0.049791268062853555
2,2025-03-03,0.14554673,0.16967917262240795,-0.01642662813334433,-0.007705810156025283
2,2025-03-04,0.14288531,0.1645299823584896,-0.021642108685690786,-2.5612347876458053e-06
2,2025-03-05,0.13069494,0.1600336635138174,-0.02058504873106316,-0.008753674096528358
2,2025-03-06,0.1439228,0.15699853487522084,-0.0029406240578491796,-0.01013510503123885
2,2025-03-07,0.18151432,0.15573320828542997,0.02021212699007038,0.005568987482220594
2,2025-03-08,0.15901485,0.15610430415547427,0.008677099875766781,-0.0057665531763674005
2,2025-03-09,0.18402414,0.1572735588108248,0.027032058246675515,-0.0002814768187384131
2,2025-03-10,0.4543423,0.15858862926631542,-0.00942773800127869,0.30518141439521107
2,2025-03-11,0.18701605,0.15838550711215335,-0.017930246159423433,0.04656079403517749
2,2025-03-12,0.13786915,0.1576537399955222,-0.018926922057535763,-0.000857668491499014
2,2025-03-13,0.17833948,0.15737499537482136,-0.0013078559056765898,0.022272341884614993
2,2025-03-14,0.46020776,0.1574654756354929,0.014533284638816688,0.2882090000597053
2,2025-03-15,0.19449574,0.15697651865071707,-0.002494131673976294,0.04001335057590205
2,2025-03-16,0.16331744,0.15527193663340652,0.02212164839918156,-0.014076143092280474
2,2025-03-17,0.16186015,0.15307289318146453,0.00010907015415377889,0.008678189743414583
2,2025-03-18,0.13938563,0.150923828171036,-0.014796421003167649,0.003258218552155745
2,2025-03-19,0.13302585,0.14958974727460603,-0.015378355320675606,-0.0011855371279569094
2,2025-03-20,0.14112885,0.14965778430355178,0.0021248561894039093,-0.01065378752950813
2,2025-03-21,0.15185317,0.15059997678113704,0.0074617444356306975,-0.0062085472455915836
2,2025-03-22,0.13924877,0.15218642994046636,-0.007914804262977035,-0.005022852221869517
2,2025-03-23,0.17936726,0.15446658614352604,0.023624334613656706,0.0012763383876002732
2,2025-03-24,0.15718058,0.15797263407839654,0.006699923553368558,-0.0074919801152093235
2,2025-03-25,0.14465015,0.16249360795145174,-0.014754995577456942,-0.0030884660088290883
2,2025-03-26,0.15615924,0.16740526882015033,-0.013356343623424622,0.0021103118304425517
2,2025-03-27,0.17813739,0.1725037221411013,0.001955188534143743,0.0036784811304037546
2,2025-03-28,0.22696461,0.1776543830452449,0.0032869783816100863,0.046023246407961016
2,2025-03-29,0.23596951,0.18206360897235077,-0.010254918892495093,0.06416082357485317
2,2025-03-30,0.21191072,0.1853390560267849,0.026640596952847144,-6.892833973948242e-05
2,2025-03-31,0.20112695,0.18828527064858097,0.00625552903171799,0.006586148318701579
2,2025-04-01,0.5481048,0.19101127839012505,-0.014335676598885395,0.37142922084441093
2,2025-04-02,0.2776921,0.19275534473933306,-0.013058038601014956,0.09799480320807166
2,2025-04-03,0.19968656,0.19310413909876611,-0.0012450812687355888,0.007827499224489137
2,2025-04-04,0.19610049,0.192651768641104,0.005522137800956549,-0.0020734181369687077
2,2025-04-05,0.18455996,0.19167695155403702,-0.00831395070469096,0.001196955343624212
2,2025-04-06,0.24402513,0.18948695847605615,0.02643098378398025,0.028107183839550076
2,2025-04-07,0.19215287,0.1863069588350411,0.005249353835439693,0.0005965600111369485
2,2025-04-08,0.16736482,0.18291087905080597,-0.013615780203147262,-0.0019302780096841499
2,2025-04-09,0.16702145,0.1795568267298794,-0.013053560349632851,0.0005181870003381495
2,2025-04-10,0.16684878,0.17638048445387394,-0.0049049726455892735,-0.004626733083614248
2,2025-04-11,0.18411492,0.17341382344742126,0.007323783663852586,0.003377311001480976
2,2025-04-12,0.16082633,0.17089035900019872,-0.005631570143825474,-0.0044324634398082985
2,2025-04-13,0.18809098,0.1689628172193485,0.025328013369826277,-0.006199850536226764
2,2025-04-14,0.16911015,0.1676838884190604,0.005126055452941482,-0.0036997947268755382
2,2025-04-15,0.16071685,0.1669562549912702,-0.012894937789070712,0.00665552938307426
2,2025-04-16,0.14976272,0.16654621595288074,-0.012215874755075146,-0.00456762132819194
2,2025-04-17,0.15134056,0.16634496095605797,-0.008606908583784836,-0.006397493247326552
2,2025-04-18,0.17519937,0.1664842843564098,0.006934700989567175,0.0017803892105644759
2,2025-04-19,0.17086388,0.16691305594287265,-0.0031638863912434195,0.007114712155562253
2,2025-04-20,0.19205874,0.167500880176046,0.023441105256031332,0.0011167566142788743
2,2025-04-21,0.16714768,0.16799614162406745,0.008056764615440883,-0.008905225122450539
2,2025-04-22,0.15021747,0.16834135189799215,-0.014980914802400437,-0.003142963588664227
2,2025-04-23,0.16100383,0.16874880193263764,-0.013926127787547633,0.006181153903616038
2,2025-04-24,0.16342603,0.16941984768337792,-0.008273833669180714,0.002280012687729982
2,2025-04-25,0.17634484,0.17062117013437336,0.0029175146577837935,0.002806156926516562
2,2025-04-26,0.16103096,0.17232756746080197,0.0017574864862372496,-0.013054090883799163
2,2025-04-27,0.18988338,0.17465980433004274,0.026204402666646188,-0.010980825868377786
2,2025-04-28,0.19838396,0.177702824996062,0.009855079229263234,0.010826052922273038
2,2025-04-29,0.46225116,0.18090434461195995,-0.018984332882365663,0.300331144838933
2,2025-04-30,0.5297932,0.18423744689114122,-0.01742353660284644,0.36297929258874995
2,2025-05-01,0.22061403,0.1877561004790923,-0.006960637177675935,0.0398185676558056
2,2025-05-02,0.1862459,0.19142835883690748,-0.00028933504957051473,-0.004893120414572377
2,2025-05-03,0.20533188,0.19449501482800374,0.00663359725641139,0.004203264789554906
2,2025-05-04,0.23517816,0.19559139567346054,0.03296740377816674,0.0066193582355599245
2,2025-05-05,0.21273063,0.1948342446611886,0.010378089812176333,0.007518296758896731
2,2025-05-06,0.17297165,0.1935602664469851,-0.022972845338028833,0.0023842298491049685
2,2025-05-07,0.16979524,0.19220198061808383,-0.020278766221057887,-0.002127969464851248
2,2025-05-08,0.18756875,0.1906964815127307,-0.003317333702624727,0.00018960614764243489
2,2025-05-09,0.1850219,0.18878770443291593,0.006889922919857867,-0.010655720261633056
2,2025-05-10,0.20768505,0.1866584589082831,0.01777433230803463,0.0032522621322235434
2,2025-05-11,0.24729466,0.18467213429330062,0.008412276649874914,0.05421025343975902
2,2025-05-12,0.18947758,0.18273156729135095,0.0018834283686088096,0.0048625821455593465
2,2025-05-13,0.16086343,0.18077873713271303,-0.022165797089446417,0.0022504892646710017
2,2025-05-14,0.16043611,0.178243635411918,-0.01629908748749531,-0.0015084392160410465
2,2025-05-15,0.17684726,0.1739397163225134,0.0013776792082424078,0.0015298686398908523
2,2025-05-16,0.20467827,0.16807594598377618,0.01636216490559876,0.02024015635114934
2,2025-05-17,0.18916304,0.16154869294009958,0.027865935907627766,-0.00025158475268796665
2,2025-05-18,0.47825074,0.15446973318673868,-0.008511350601630456,0.3322923593735099
2,2025-05-19,0.20262063,0.14810038333372705,-0.013902607251086009,0.06842284941326959
2,2025-05-20,0.11631158,0.1453007883420483,-0.019978470685377617,-0.009010737713967432
2,2025-05-21,0.07722441,0.14143118281221423,-0.007530879168705091,-0.0566758925731623
2,2025-05-22,0.08732017,0.13669633188159155,0.005126582336508558,-0.05450274292150359
2,2025-05-23,0.08520117,0.13262860538958823,0.028935526367013645,-0.07636296518641526
2,2025-05-24,0.08030984,0.13077186978680735,0.03584359016828077,-0.0863056218985238
2,2025-05-25,0.09731918,0.1299223824820753,-0.03232800825015849,-0.00027519594870223374
2,2025-05-26,0.09611671,0.12927029322452607,-0.021103014439112954,-0.012050572056477873
2,2025-05-27,0.117523655,0.12997497081622564,-0.018674071851570672,0.006222756330717033
2,2025-05-28,0.1327661,0.13126820097612082,-0.005198910584391366,0.0066968073923129035
2,2025-05-29,0.14040491,0.13271274397166027,0.007977389341236645,-0.00028522346373005547
2,2025-05-30,0.16162185,0.13404901942533448,0.039587734255540526,-0.012014899971654114
2,2025-05-31,0.178077,0.13477486093627486,0.037197506399069206,0.006104630063986066
2,2025-06-01,0.50413406,0.13551493125427835,-0.037397318924276876,0.40601644662233005
2,2025-06-02,0.52116835,0.13588508876417657,-0.029357177304843465,0.4146404397140677
2,2025-06-03,0.5169805,0.13527633587203924,-0.021013580943887607,0.4027177739033303
2,2025-06-04,0.24529469,0.13551039001423543,-0.007371987939662911,0.11715628805756861
2,2025-06-05,0.53142,0.1365992487419664,0.009481483766950304,0.3853392599379827
2,2025-06-06,0.19721821,0.13667075512706803,0.05684606451241348,0.0037013898655996746
2,2025-06-07,0.0501849,0.1360227362028517,0.03539558384876743,-0.12123341824788722
2,2025-06-08,0.08768556,0.1354647754491205,-0.03579328126388213,-0.011985931515007514
2,2025-06-09,0.11454067,0.13482469872888467,-0.025018483282378677,0.0047344508952756326
2,2025-06-10,0.11694386,0.1342650625772783,-0.020338868015555005,0.0030176640021767065
2,2025-06-11,0.123440824,0.1333262319741081,-0.010500927306782697,0.0006155197817369618
2,2025-06-12,0.14765455,0.13160342221661753,0.01583731007646241,0.00021381599431172238
2,2025-06-13,0.49937922,0.12920939677646145,0.03053217411956034,0.3396376467286425
2,2025-06-14,0.16137579,0.12664252674115448,0.02718946700359954,0.007543797089672871
2,2025-06-15,0.10703552,0.12395421865348093,-0.026820574879608036,0.00990187391869303
2,2025-06-16,0.100243606,0.12113708557329524,-0.01607061975517689,-0.004822860144805208
2,2025-06-17,0.090178385,0.11793441237325657,-0.016566527969609935,-0.011189499026716399
2,2025-06-18,0.098309234,0.11456412631603034,-0.009742833917640116,-0.006512058613714636
2,2025-06-19,0.14754556,0.11129201410561596,0.016177616221081204,0.02007593086772269
2,2025-06-20,0.49817568,0.10815980187321847,0.018592619936648694,0.3714232588274925
2,2025-06-21,0.16287628,0.10531798628619062,0.01595160592205092,0.04160668595376103
2,2025-06-22,0.08644519,0.10291678307012633,-0.011759271377860526,-0.004712321679810824
2,2025-06-23,0.09363189,0.10034295246386121,-0.007666665538075958,0.0009556064705923129
2,2025-06-24,0.09078215,0.09718674978893682,-0.00930542397644495,0.0029008248136906806
2,2025-06-25,0.090250835,0.09463538506217199,-0.004480064216661258,9.551397714399612e-05
2,2025-06-26,0.09689581,0.09355990330559236,0.012423102225297604,-0.009087199039514993
2,2025-06-27,0.08614131,0.09316898734340313,-0.005005340763210487,-0.002022335947963791
2,2025-06-28,0.07844715,0.09291105476000813,0.005072850388185727,-0.019536756944344064
2,2025-06-29,0.0983723,0.09280280800748965,-0.0013555066417995872,0.006925001583738502
2,2025-06-30,0.092443354,0.09315263049570842,0.0006687503963402506,-0.0013780264642341833
2,2025-07-01,0.09436764,0.09398567235804418,-0.0033706864629184973,0.0037526523351981006
2,2025-07-02,0.09798559,0.09510769507854781,-0.0013968246409209106,0.004274717576498915
2,2025-07-03,0.097963154,0.09611530605964777,0.005688139594768136,-0.0038402913384674164
2,2025-07-04,0.089933954,0.09676943152484146,-0.004341049043289879,-0.002494428302264623
2,2025-07-05,0.09392132,0.09711445995751963,-0.005641415070774554,0.002448273763500583
2,2025-07-06,0.09930033,0.09733746923068277,0.004462083000139489,-0.002499219863402069
2,2025-07-07,0.10758709,0.09759102214925316,0.004268953712943911,0.005727115762539703
2,2025-07-08,0.096001655,0.09812560395987735,-0.002657492986925193,0.0005335438904053857
2,2025-07-09,0.09523437,0.09898108926897722,0.0015255050981967358,-0.005272222645429425
2,2025-07-10,0.10142396,0.09992998855436945,-0.0012973509847477986,0.002791318884178551
2,2025-07-11,0.09398265,0.1009448422008339,0.0016555857399675974,-0.008617776111081957
2,2025-07-12,0.09538474,0.10237740014497312,-0.005732964335403082,-0.0012596964702183827
2,2025-07-13,0.10911614,0.10451499855710393,0.003798133388272654,0.000803005082363889
2,2025-07-14,0.108626425,0.10780582802887097,0.000326174479457087,0.000494422757937818
2,2025-07-15,0.104626894,0.11221351075049399,-0.0030337717039386433,-0.004552845049362958
2,2025-07-16,0.09690149,0.11742961126998237,0.00750676486032606,-0.02803488484593801
2,2025-07-17,0.11410344,0.1231289992654693,-0.007439599334298185,-0.0015859634611393725
2,2025-07-18,0.13299602,0.12828895260501127,0.015326920367213096,-0.010619850270960948
2,2025-07-19,0.13532868,0.13237033237945448,-0.011621182695537564,0.014579530592953804
2,2025-07-20,0.15185472,0.13461291832426314,-0.00258103192853175,0.01982283729620893
2,2025-07-21,0.51436436,0.13556450466096587,-0.005137929057737634,0.3839377861597723
2,2025-07-22,0.19648492,0.13574971408414316,-0.005423551793879197,0.06615876107246799
2,2025-07-23,0.15740159,0.13589603226533262,0.014404935371717208,0.0071006239023330975
2,2025-07-24,0.5070911,0.13562263968648158,-0.010642073314888622,0.3821105386126905
2,2025-07-25,0.17209327,0.1335416198203587,0.035006696667639794,0.003544955721169002
2,2025-07-26,0.101805255,0.13137497237758,-0.016664126788395746,-0.01290559077217529
2,2025-07-27,0.107321166,0.13060668013341137,-0.00833222577396273,-0.014953288857377262
2,2025-07-28,0.115766704,0.13027086061020088,-0.010709294824715429,-0.0037948617029964216
2,2025-07-29,0.1320631,0.12986821789761493,-0.007841674885211165,0.010036562689996448
2,2025-07-30,0.15365586,0.12967003311790978,0.018759393382026642,0.005226430347826633
2,2025-07-31,0.49039087,0.12948055048635013,-0.013308849420748012,0.37421916592925575
2,2025-08-01,0.18795788,0.12907603898889505,0.04654218734692616,0.01233965654534333
2,2025-08-02,0.10305497,0.12811376977769576,-0.018259855409704116,-0.0067989438651382406
2,2025-08-03,0.11165578,0.12676076063562977,-0.014753035982420578,-0.00035194547029826495
2,2025-08-04,0.11435845,0.12601803210018017,-0.01395727653497383,0.002297691926916312
2,2025-08-05,0.097946525,0.1261928573147,-0.008739778303764921,-0.019506554390878936
2,2025-08-06,0.10992059,0.12692406653682495,0.019069283898644176,-0.03607275931951759
2,2025-08-07,0.11186505,0.12813130376167184,-0.01490042317120489,-0.0013658294997496434
2,2025-08-08,0.108850405,0.1298503316212466,0.05164896632212283,-0.07264889332319883
2,2025-08-09,0.11680044,0.13216568136728937,-0.017038584985627023,0.0016733459563274544
2,2025-08-10,0.117900334,0.1356888253094847,-0.014734945346237935,-0.003053545664636087
2,2025-08-11,0.12068332,0.14064037026599704,-0.01368578811323965,-0.006271262286100143
2,2025-08-12,0.13677973,0.14635660677631918,-0.009899489917926255,0.00032260869321229513
2,2025-08-13,0.16232641,0.1527698931088342,0.01577897469666571,-0.006222457392711517
2,2025-08-14,0.5010579,0.15954810120684612,-0.008986645129647291,0.35049646676291957
2,2025-08-15,0.21276323,0.16493654148598086,0.04770070046184008,0.00012599302513285893
2,2025-08-16,0.1645008,0.16909632972931554,-0.017201721790326554,0.01260619481636685
2,2025-08-17,0.5052563,0.16991629439615605,-0.012206697298107052,0.3475466981061136
2,2025-08-18,0.23178908,0.1645520347572035,-0.011082519361768736,0.0783195668933073
2,2025-08-19,0.5085022,0.1596041268400901,-0.009076613775084945,0.35797467227969093
2,2025-08-20,0.18425547,0.15550594716261595,0.00981461651332476,0.01893490218919447
2,2025-08-21,0.10078132,0.1522540094688734,-0.0024377508345314555,-0.04903493710876822
2,2025-08-22,0.10505669,0.1471440460178595,0.04070757563993923,-0.0827949334682922
2,2025-08-23,0.10666172,0.13954500724056498,-0.02459652477732136,-0.008286760399225379
2,2025-08-24,0.12058049,0.1330301689406321,-0.005257467821286733,-0.007192214166086869
2,2025-08-25,0.11668642,0.12793144383129082,-0.00783049989073095,-0.003414525288025383
2,2025-08-26,0.11922659,0.12475220701060369,-0.010975791998241106,0.005450174786564732
2,2025-08-27,0.11439,0.12375757517518589,-0.00224717414363688,-0.007120400330598381
2,2025-08-28,0.12383198,0.12358272989070769,0.002518160587459163,-0.002268910547765998
2,2025-08-29,0.15002154,0.12387438845116286,0.02811205943074628,-0.0019649097435195523
2,2025-08-30,0.49413466,0.1247867620064214,0.005433344561439905,0.36391455796766115
2,2025-08-31,0.18465604,0.1261276212783249,-0.003109679887580343,0.061638097489603666
2,2025-09-01,0.12146969,0.1282829437526145,-0.006743400397413429,-6.985195944150813e-05
2,2025-09-02,0.10459767,0.13196877317313893,-0.01578041328166896,-0.011590687071378725
2,2025-09-03,0.11657324,0.13709238960613185,-0.012689129600333708,-0.007830023123111512
2,2025-09-04,0.1447119,0.14453339025267917,-0.0005228597762342566,0.0007013663007081061
2,2025-09-05,0.10303618,0.15378057949910495,0.016520978222013767,-0.06726537758253076
2,2025-09-06,0.11518134,0.16382444761639142,0.026330397553666222,-0.07497350340274656
2,2025-09-07,0.1727828,0.1621444375986549,-0.002160093758095152,0.012798449800530631
2,2025-09-08,0.50956315,0.14594995755446638,-0.007277710242801604,0.37089090071003317
2,2025-09-09,0.2206402,0.14130743913132482,-0.01942853166774228,0.09876128993269584
2,2025-09-10,0.48423442,0.1398968806806322,-0.01815020178986256,0.3624877435545276
2,2025-09-11,0.20968217,0.13241211949891327,-0.0010243024838649914,0.07829434956133721
2,2025-09-12,0.47673565,0.12118900563637282,0.003575976136231661,0.35197066972046803
2,2025-09-13,0.1637316,0.108923889618978,0.05332572651399079,0.001481988681560631
2,2025-09-14,0.091745235,0.10284059566479313,-0.003560285671758052,-0.007535074967152361
2,2025-09-15,0.094324,0.10000083996096515,-0.006638506579992351,0.000961666798794808
2,2025-09-16,0.079069905,0.09810683774420789,-0.02004108510641429,0.0010041523452500728
2,2025-09-17,0.07748278,0.09730417574928325,-0.017791753404209628,-0.002029640040786665
2,2025-09-18,0.0865343,0.09735705555870461,0.004012098914371186,-0.014834855516681594
2,2025-09-19,0.09239774,0.09808975609232715,-0.006006837583473118,0.0003148234645460879
2,2025-09-20,0.077891134,0.09957008161479677,0.0383047895843615,-0.05998373747351512
2,2025-09-21,0.09573136,0.10174937892384682,-0.004352404190952489,-0.0016656120324319845
2,2025-09-22,0.09492433,0.10465581514119422,-0.0017259441159489836,-0.008005540313880496
2,2025-09-23,0.09268266,0.10767510649584366,-0.015535784939594309,0.0005433380697577317
2,2025-09-24,0.098546654,0.11056582535165647,-0.012150746391169052,0.00013157502548975797
2,2025-09-25,0.1352748,0.11334145800670838,0.011107275939562544,0.01082606373172286
2,2025-09-26,0.47535264,0.1161241096033509,-0.0022612539043289936,0.36148978922132724
2,2025-09-27,0.14577751,0.11780650964658813,0.018668893588256616,0.009302105381602685
2,2025-09-28,0.10744871,0.11586405495872056,0.001377250689761453,-0.009792593657171889
2,2025-09-29,0.13105872,0.11261817572715666,0.004543397835059343,0.013897149172235307
2,2025-09-30,0.47851163,0.10994358667022598,-0.00904223149946011,0.3776102763180342
2,2025-10-01,0.14269857,0.10702302199349491,-0.03246507098937649,0.06814062008181145
2,2025-10-02,0.08500055,0.10422054810919493,0.025862316781543073,-0.04508231265370416
2,2025-10-03,0.10183125,0.10155634535959555,0.006074649586242827,-0.005799745053126748
2,2025-10-04,0.08589001,0.09891878032447914,-0.0024028633341122447,-0.010625906991091685
2,2025-10-05,0.11501486,0.09790852033042656,0.012511128378180398,0.004595209835265873
2,2025-10-06,0.09764588,0.09978812706205616,0.012240808920674428,-0.014383057190921505
2,2025-10-07,0.09386245,0.10248060679208935,-0.02798287412488179,0.019364718945741807
2,2025-10-08,0.1084512,0.10556526023798807,-0.04773012934198019,0.05061607161577952
2,2025-10-09,0.13607943,0.10987589653729932,0.03377304646306013,-0.00756951242022029
2,2025-10-10,0.47096035,0.11670841104507629,0.007072214077644899,0.347179723721807
2,2025-10-11,0.15365103,0.12400827839462797,-0.026318559795371177,0.05596131027227946
2,2025-10-12,0.13421282,0.13148426638828006,0.014126336981501597,-0.011397781647751015
2,2025-10-13,0.46777165,0.13913824366353925,0.09481171714009312,0.23382168855702437
2,2025-10-14,0.14031228,0.14773279795573868,-0.06737381545735076,0.059953301732798
2,2025-10-15,0.083338425,0.15750279150075058,-0.08376075661754814,0.009596389680205458
2,2025-10-16,0.08526465,0.1696392511308445,0.028681225906431695,-0.11305582406982319
2,2025-10-17,0.12450737,0.18295846274533364,0.07274779175535567,-0.13119888688975792
2,2025-10-18,0.12257035,0.19583575438130985,-0.05543060378655742,-0.017834799828570475
2,2025-10-19,0.136883,0.20831572088193556,0.011760563326747166,-0.08319327870884294
2,2025-10-20,0.11756629,0.22116514562219497,0.1442073526012323,-0.24780621070587966
2,2025-10-21,0.12857148,0.23490920651648392,-0.1047717623705907,-0.0015659636332741866
2,2025-10-22,0.13779263,0.24986429897693038,-0.11989977403925038,0.007828107046077032
2,2025-10-23,0.18112831,0.26381403562827255,0.029512009216140528,-0.11219773666741875
2,2025-10-24,0.4904943,0.2764386586263366,0.10836975950323093,0.10568589272629797
2,2025-10-25,0.22029638,0.2867379369534031,-0.07832140807611859,0.011879854026768222
2,2025-10-26,0.52199626,0.2969743543436658,0.013245823093162828,0.21177608225250244
2,2025-10-27,0.51359445,0.30713655750630386,0.1994300535734807,0.0070278374866522
2,2025-10-28,0.17423598,0.31715795378164263,-0.1419537123350007,-0.0009682567636051242
2,2025-10-29,0.1607729,0.326995604870038,-0.15757744031908502,-0.008645259797267935
2,2025-10-30,0.44717085,0.33664579723049953,0.032012360988683125,0.0785126953956245
2,2025-10-31,0.49155682,0.3461436600893082,0.14510131956109096,0.0003118436032324423
3,2023-11-04,0.6666667,0.0017001168208111764,-0.0016923448536237033,0.6666589145676941
3,2023-11-05,0.14249085,0.001673653898227496,-0.0016436272152538622,0.142460822215914
3,2023-11-06,0.0,0.0016471301022694652,0.00471883252631596,-0.006365962628585424
3,2023-11-07,0.0,0.0016205289695006575,-0.0016198796242201515,-6.493452805059283e-07
3,2023-11-08,0.0051282053,0.0015938319970117258,0.003540555334734768,-6.182043544923285e-06
3,2023-11-09,0.0,0.0015670379769036774,-0.0015735889435361315,6.550966632454117e-06
3,2023-11-10,0.0,0.0015401933735498124,-0.0015421764451988055,1.9830716489930515e-06
3,2023-11-11,0.0,0.0015133189760038253,-0.001517196690491089,3.877714487263628e-06
3,2023-11-12,0.0,0.0014862144591214937,-0.0014802533992367512,-5.961059884742421e-06
3,2023-11-13,0.0,0.0014590958051231445,0.0036579264204669323,-0.005117022225590077
3,2023-11-14,0.0,0.0014316441239545915,-0.0014354993063958304,3.855182441238857e-06
3,2023-11-15,0.0040650405,0.0014036686390276215,0.00368885895653966,-0.0010274870965953425
3,2023-11-16,0.0,0.0013761292303370752,-0.001369992509454906,-6.1367208821691815e-06
3,2023-11-17,0.0,0.0013489942423956793,-0.0013562753526682536,7.281110272574316e-06
3,2023-11-18,0.035714287,0.0013225799895080204,-0.0013404632303881693,0.035732170551718845
3,2023-11-19,0.001344086,0.001298252334101859,-0.001318474395927066,0.0013643080820788056
3,2023-11-20,0.0038461538,0.0012769003974616314,0.002593768469604194,-2.4515017329969184e-05
3,2023-11-21,0.0,0.001257940809005413,-0.0012539237115270386,-4.01709747837437e-06
3,2023-11-22,0.007575758,0.0012404150164656174,0.0038152994668389302,0.0025200433182281977
3,2023-11-23,0.0,0.001227264795863674,-0.001186504188343161,-4.076060752051299e-05
3,2023-11-24,0.0,0.0012189055423517084,-0.001208319236508736,-1.0586305842972404e-05
3,2023-11-25,0.0,0.0012103054059536815,-0.001225363567780641,1.505816182695947e-05
3,2023-11-26,0.0,0.0011979274192881028,-0.001239773302042002,4.1845882753899265e-05
3,2023-11-27,0.0,0.001183006714544192,0.0014292652911906225,-0.0026122720057348142
3,2023-11-28,0.0,0.001167732045149095,-0.0011711504630543196,3.4184179052245724e-06
3,2023-11-29,0.0,0.001151200610347742,0.004792859717060485,-0.0059440603274082265
3,2023-11-30,0.0069444445,0.0011300831790836882,-0.0010819209753747516,0.006896282292475651
3,2023-12-01,0.0,0.001102227850678349,-0.0011095612052397872,7.3333545614381445e-06
3,2023-12-02,0.0,0.0010700011041833632,-0.0010881767746750313,1.8175670491668095e-05
3,2023-12-03,0.0051020407,0.001032833178482803,-0.0010226840594658138,0.005091891592773334
3,2023-12-04,0.1,0.0009929637089864732,0.0005349763080016314,0.09847206147312801
3,2023-12-05,0.007843138,0.0009492078549665875,-0.0009231620466741915,0.00781709191044473
3,2023-12-06,0.0051282053,0.0009033820748738537,0.004198702613456571,2.6120599871146165e-05
3,2023-12-07,0.0022727274,0.0008586691865692417,-0.0007973528538884941,0.0022114111009113335
3,2023-12-08,0.0,0.0008116878283912223,-0.0008036730325054287,-8.014795885793666e-06
3,2023-12-09,0.0,0.0007616125339781071,-0.0007568608249099219,-4.751709068185239e-06
3,2023-12-10,0.004761905,0.0007142436236323041,-0.0006960561958998861,0.004743717516001989
3,2023-12-11,0.0,0.0006707795161113808,-0.0006344619149503012,-3.631760116107959e-05
3,2023-12-12,0.0,0.000630610162446582,-0.0006278429002295154,-2.7672622170666185e-06
3,2023-12-13,0.004166667,0.0005941614430082323,0.0035996131227448488,-2.710768177781363e-05
3,2023-12-14,0.0,0.0005601972160053862,-0.0005368254511093024,-2.3371764896083867e-05
3,2023-12-15,0.0,0.0005293760928428104,-0.0005556155187059186,2.6239425863108182e-05
3,2023-12-16,0.0,0.0005011798789155325,-0.0005158307390918083,1.4650860176275752e-05
3,2023-12-17,0.0,0.00047408614756037297,-0.00045920617169500135,-1.4879975865371615e-05
3,2023-12-18,0.0,0.0004477069530341508,-0.00044570792740414127,-1.999025630009541e-06
3,2023-12-19,0.0,0.0004215339146570473,-0.0004151147504769253,-6.419164180121993e-06
3,2023-12-20,0.0,0.0003951490907516487,0.002328403726159329,-0.002723552816910978
3,2023-12-21,0.0,0.0003688928865274778,-0.0003599283992717904,-8.964487255687381e-06
3,2023-12-22,0.0,0.0003435642423423233,-0.00034668846591436666,3.124223572043331e-06
3,2023-12-23,0.0,0.00031855525112043645,-0.0003281688849687752,9.613633848338729e-06
3,2023-12-24,0.0,0.00029279970576132547,-0.00028509601752232266,-7.703688239002807e-06
3,2023-12-25,0.0,0.00026628093619697707,-0.00027414979198709126,7.868855790114189e-06
3,2023-12-26,0.0,0.00023943707072115208,-0.0002498063499476605,1.0369279226508433e-05
3,2023-12-27,0.0,0.00021249033148478354,0.001400073454572027,-0.0016125637860568106
3,2023-12-28,0.0,0.0001847424180941757,-0.0001797389019829316,-5.003516111244107e-06
3,2023-12-29,0.0,0.00015573996786365896,-0.0001487426633113552,-6.9973045523037734e-06
3,2023-12-30,0.055555556,0.00012687256201528827,-0.00012795179570912363,0.055556635203170536
3,2023-12-31,0.0,9.923173984936566e-05,-0.00011234298680434988,1.3111246954984217e-05
3,2024-01-01,0.0,7.403821145199388e-05,-7.133036265119934e-05,-2.707848800794543e-06
3,2024-01-02,0.0,5.1861286053540606e-05,-4.5374621640991466e-05,-6.48666441254914e-06
3,2024-01-03,0.0,3.33860775152019e-05,5.028951534867071e-05,-8.367559286387262e-05
3,2024-01-04,0.0,1.9483597146867147e-05,-1.1695234634626861e-05,-7.788362512240286e-06
3,2024-01-05,0.0,8.97249179603298e-06,-1.7373670926210583e-06,-7.235124703411921e-06
3,2024-01-06,0.0,3.848139675797128e-07,-9.272352485340587e-07,5.424212809543459e-07
3,2024-01-07,0.083333336,-5.2544206822355864e-06,-1.8942234680116597e-05,0.08335753247222255
3,2024-01-08,0.0,-8.043808614501904e-06,4.974005223258292e-06,3.0698033912436125e-06
3,2024-01-09,0.0,-8.197626035284364e-06,5.204360131562178e-06,2.9932659037221857e-06
3,2024-01-10,0.0,-7.377620577659637e-06,2.5845164735764635e-05,-1.8467544158104997e-05
3,2024-01-11,0.003267974,-7.375034456966121e-06,-5.878344559773285e-06,0.0032812272732701125
3,2024-01-12,0.055555556,-7.547786148529468e-06,-3.691552300019401e-06,0.05556679530792525
3,2024-01-13,0.0012626263,-7.2310928906359815e-06,1.5941878427383335e-05,0.001253915475913603
3,2024-01-14,0.0,-6.416424192230949e-06,-3.7791230459824714e-06,1.019554723821342e-05
3,2024-01-15,0.0,-4.65974143280107e-06,4.019561361949782e-06,6.401800708512886e-07
3,2024-01-16,0.0,-2.8526215919692544e-06,4.764775075882631e-06,-1.912153483913377e-06
3,2024-01-17,0.0,-2.6565643583680047e-06,9.856422099955081e-06,-7.199857741587077e-06
3,2024-01-18,0.0,-2.78920321246812e-06,-7.230523785428797e-07,3.5122555910109998e-06
3,2024-01-19,0.0,-2.7541927714115563e-06,7.974430429592168e-07,1.9567497284523395e-06
3,2024-01-20,0.0,-2.598347079516583e-06,2.1637939705068513e-06,4.3455310900973165e-07
3,2024-01-21,0.0,-2.4032977922752035e-06,3.2295932541399996e-06,-8.262954618647961e-07
3,2024-01-22,0.0,-2.1721104233997484e-06,2.807271019115779e-06,-6.351605957160306e-07
3,2024-01-23,0.0,-2.0703702368793957e-06,6.313374952900977e-08,2.007236487350386e-06
3,2024-01-24,0.035714287,-2.290344540071242e-06,-4.9872550130987935e-06,0.03572156491039187
3,2024-01-25,0.0,-2.69075892999407e-06,3.582169875012614e-06,-8.914109450185439e-07
3,2024-01-26,0.0,-3.1398283152539967e-06,4.346657800507765e-06,-1.2068294852537687e-06
3,2024-01-27,0.0,-3.1479798464006344e-06,-2.6028458159466243e-06,5.750825662347258e-06
3,2024-01-28,0.071428575,-2.6649614124688845e-06,9.496347533756127e-06,0.07142174323555611
3,2024-01-29,0.0,-2.4461402266339396e-06,9.834841197793857e-06,-7.388700971159918e-06
3,2024-01-30,0.04761905,-3.3709651376780656e-06,-4.64397820296351e-06,0.04762706344936214
3,2024-01-31,0.0014880953,-4.676824081516527e-06,-9.70701241637682e-06,0.0015024791023110651
3,2024-02-01,0.0,-5.144879336280425e-06,-8.64975367508996e-07,6.009854703789421e-06
3,2024-02-02,0.0,-4.895835514520816e-06,-2.5690390975923125e-06,7.464874612113128e-06
3,2024-02-03,0.0015698588,-3.204581876693199e-06,-1.7646536282193827e-05,0.0015907098703499538
3,2024-02-04,0.0,2.862759104835301e-07,2.4013423465663155e-05,-2.4299699376146686e-05
3,2024-02-05,0.0,6.129885781962763e-06,1.930082516800647e-05,-2.543071094996923e-05
3,2024-02-06,0.0,1.3768212823818526e-05,-2.411247201673113e-05,1.0344259192912604e-05
3,2024-02-07,0.0,2.361665049606463e-05,-2.4066615358121327e-06,-2.1209988960252496e-05
3,2024-02-08,0.0,3.6035149400594174e-05,-3.732112027345789e-05,1.2859708728637172e-06
3,2024-02-09,0.0,4.845848358405794e-05,-5.5923003033258804e-05,7.464519449200865e-06
3,2024-02-10,0.0,6.054331981800674e-05,-7.428835940147527e-05,1.3745039583468534e-05
3,2024-02-11,0.04761905,7.275135344630542e-05,-7.901851282023104e-05,0.04762531566539543
3,2024-02-12,0.023809524,8.484789631103133e-05,0.0005418612784519161,0.023182815078247803
3,2024-02-13,0.0,9.664166323699535e-05,-9.274874362800965e-05,-3.8929196089857045e-06
3,2024-02-14,0.0,0.00010748372180377128,-0.00010470343053385575,-2.7802912699155324e-06
3,2024-02-15,0.0,0.00011828863859809714,-0.00011473393191457097,-3.554706683526164e-06
3,2024-02-16,0.0,0.00013040569703735646,-0.00013338868963409234,2.9829925967358767e-06
3,2024-02-17,0.0,0.00014346654233664586,-0.00013948119050894353,-3.985351827702331e-06
3,2024-02-18,0.083333336,0.00015632556386423158,-0.00015597913114995433,0.08333298938414592
3,2024-02-19,0.0,0.0001697209942635868,0.0009585310180767396,-0.0011282520123403264
3,2024-02-20,0.0,0.00018490601770449643,-0.00018215723370937006,-2.7487839951263683e-06
3,2024-02-21,0.0,0.00020093023767675525,-0.00020100189105009763,7.165337334238834e-08
3,2024-02-22,0.14565827,0.000216932661635772,-0.00019299769737421126,0.14563433456031272
3,2024-02-23,0.0,0.00023359174804711804,-0.00021196116156668276,-2.1630586480435283e-05
3,2024-02-24,0.0,0.0002487269390277728,-0.0002386298162787347,-1.0097122749038102e-05
3,2024-02-25,0.0,0.0002608248190616658,-0.0003061460650670862,4.5321246005420375e-05
3,2024-02-26,0.0017006804,0.0002692135069273959,0.0013859504268240867,4.551641992728034e-05
3,2024-02-27,0.0,0.00027489522270077285,-0.00027056981139989217,-4.32541130088068e-06
3,2024-02-28,0.0029154518,0.0002786505457320356,0.00016205297480350356,0.0024747482482501758
3,2024-02-29,0.0,0.00028028245880060723,-0.00027446477630479674,-5.817682495810493e-06
3,2024-03-01,0.0031055901,0.00027902885055983975,-0.0002549273684718058,0.00308148863786989
3,2024-03-02,0.0,0.0002758434328564299,-0.0002696220962341725,-6.221336622257406e-06
3,2024-03-03,0.0,0.00027132028681273255,-0.0002870732999240876,1.575301311135507e-05
3,2024-03-04,0.0,0.0002674883657155051,0.0008839220600727763,-0.0011514104257882814
3,2024-03-05,0.0018083183,0.00026377264212830686,-0.0002437356237516057,0.001788281291109211
3,2024-03-06,0.0014144272,0.00025962453188720764,0.0004797467015898383,0.0006750559510227543
3,2024-03-07,0.0,0.0002545999341980452,-0.000262570290496779,7.970356298733783e-06
3,2024-03-08,0.0,0.00024883759101876715,-0.00023707116001232668,-1.1766431006440467e-05
3,2024-03-09,0.0,0.00024177432360366068,-0.0002405024863982341,-1.2718372054265755e-06
3,2024-03-10,0.0,0.00023338041047984246,-0.00024459912187345384,1.1218711393611377e-05
3,2024-03-11,0.0,0.00022390555155963408,0.00043722968312173374,-0.0006611352346813678
3,2024-03-12,0.0,0.0002134627972778582,-0.0002160924184710509,2.629621193192701e-06
3,2024-03-13,0.0010582011,0.00020115036206227313,0.0008373129268310683,1.9737783844233178e-05
3,2024-03-14,0.0,0.00018712876672518999,-0.00018878618789192495,1.6574211667349657e-06
3,2024-03-15,0.0,0.00017124767382642954,-0.000178919645665593,7.671971839163453e-06
3,2024-03-16,0.0,0.00015444258171835374,-0.0001591740049542007,4.731423235846956e-06
3,2024-03-17,0.004201681,0.0001395816336365533,-0.00015206487020696474,0.004214164124060922
3,2024-03-18,0.0,0.0001271905803178041,-9.047667777954015e-05,-3.6713902538263945e-05
3,2024-03-19,0.0,0.00011625464051790655,-0.00011268331645854721,-3.5713240593593403e-06
3,2024-03-20,0.0,0.00010681393152543143,0.0005681363726076349,-0.0006749503041330663
3,2024-03-21,0.0,9.976240533776045e-05,-6.285766214929561e-05,-3.690474318846484e-05
3,2024-03-22,0.0,9.66499341237495e-05,-0.00010385233308990099,7.202398966151487e-06
3,2024-03-23,0.0,9.733143540580198e-05,-9.48496729149259e-05,-2.481762490876081e-06
3,2024-03-24,0.0,9.990277477883672e-05,-0.00010350285381385341,3.6000790350166966e-06
3,2024-03-25,0.0,0.0001035319900213135,-9.671015174739591e-05,-6.821838273917587e-06
3,2024-03-26,0.0,0.00010723187111195369,-0.00011195114346646637,4.7192723545126745e-06
3,2024-03-27,0.035714287,0.00011038113863214411,0.00025204604020282915,0.035351860132003726
3,2024-03-28,0.0027739252,0.000112843160866964,0.0004096438411010369,0.0022514381944114224
3,2024-03-29,0.0,0.00011495178796597432,-0.00011864997418009696,3.698186214122644e-06
3,2024-03-30,0.0,0.00011702509604648489,-0.00012509909081694805,8.073994770463162e-06
3,2024-03-31,0.0,0.00011896929504440852,-0.0001194644302121787,4.951351677701799e-07
3,2024-04-01,0.0,0.00012063099904773528,-0.00011372017815938319,-6.910820888352085e-06
3,2024-04-02,0.0,0.00012350193174825793,-0.0001275551986226761,4.053266874418164e-06
3,2024-04-03,0.0,0.00012958610702086618,-0.00010314273706392745,-2.6443369956938732e-05
3,2024-04-04,0.091836736,0.00013717439660742547,0.0008161461913399881,0.09088341501824612
3,2024-04-05,0.0,0.0001444728592073757,-0.00014681662369883642,2.3437644914607245e-06
3,2024-04-06,0.0030721966,0.00015198092767934729,-0.00015713658621605505,0.003077352276259219
3,2024-04-07,0.04761905,0.00016091398691069243,-0.00017920651606412747,0.04763734103517494
3,2024-04-08,0.0,0.0001714221135993831,-0.0001763806002569045,4.9584866575214125e-06
3,2024-04-09,0.0,0.00018317402862800405,-0.00017873000146282435,-4.444027165179706e-06
3,2024-04-10,0.0,0.0001958750890848862,-0.00018916226322170847,-6.71282586317773e-06
3,2024-04-11,0.0014430014,0.0002105133970413646,0.0012614489689913276,-2.896092437514901e-05
3,2024-04-12,0.0,0.00022716539418952869,-0.00022890277835868272,1.7373841691540356e-06
3,2024-04-13,0.0,0.00024496063533695895,-0.0002500133981209759,5.052762784016958e-06
3,2024-04-14,0.0,0.000263960363184306,-0.00027076581648271544,6.805453298409415e-06
3,2024-04-15,0.0021008404,0.00028366411142960555,-0.0002891080133452693,0.002106284345660919
3,2024-04-16,0.0,0.00030369810713324035,-0.00029828209910653063,-5.416008026709726e-06
3,2024-04-17,0.0068027214,0.00032390464696267925,-0.00032506133304076833,0.0068038781007931405
3,2024-04-18,0.0,0.00034320123492128594,0.0020410660622115543,-0.0023842672971328403
3,2024-04-19,0.0,0.0003614383140174777,-0.000361124594680153,-3.1371933732472724e-07
3,2024-04-20,0.002232143,0.00037961578070909045,-0.00037743842049655155,0.0022299655967148798
3,2024-04-21,0.0,0.000397992797870737,-0.00040339652007012795,5.4037221993909635e-06
3,2024-04-22,0.0,0.00041692245389345566,-0.0004265285451525182,9.606091259062538e-06
3,2024-04-23,0.14431487,0.0004361061919831373,-0.0004263451714023369,0.14430510921772333
3,2024-04-24,0.0,0.0004556662291443599,-0.0004329891952801598,-2.26770338642001e-05
3,2024-04-25,0.0,0.00047515315908728373,0.0028026245917586916,-0.003277777750845975
3,2024-04-26,0.0,0.000494838525071623,-0.00048728441035217286,-7.554114719450088e-06
3,2024-04-27,0.0,0.0005149306225951827,-0.0005342688557968416,1.9338233201658867e-05
3,2024-04-28,0.0,0.0005330382733730128,-0.0005210150283312402,-1.2023245041772575e-05
3,2024-04-29,0.0,0.0005453149531604372,-0.0005738893049474614,2.8574351787024276e-05
3,2024-04-30,0.0,0.0005511723905771079,-0.0005742532305729586,2.308083999585063e-05
3,2024-05-01,0.0027472528,0.0005516031688019904,-0.0005389317263339373,0.0027345813738663136
3,2024-05-02,0.004201681,0.000548538610712975,0.0035385782766695424,0.00011456400010799353
3,2024-05-03,0.0,0.0005422885249814428,-0.0005467729663939909,4.484441412548135e-06
3,2024-05-04,0.0,0.0005317567098844971,-0.0005570191809175846,2.5262471033087497e-05
3,2024-05-05,0.0,0.0005143605963825714,-0.0005092945372358125,-5.066059146758965e-06
3,2024-05-06,0.0,0.000489963414473401,-0.0004893830136954079,-5.804007779930658e-07
3,2024-05-07,0.0,0.00046257004165231147,-0.0004835646098998315,2.099456824752004e-05
3,2024-05-08,0.0,0.0004353950376279884,-0.0004197142772862909,-1.5680760341697493e-05
3,2024-05-09,0.35714287,0.0004087934995233806,0.002385561220521715,0.3543485109377613
3,2024-05-10,0.0,0.0003834874759341948,-0.00037954766884712064,-3.939807087074152e-06
3,2024-05-11,0.14285715,0.0003583262105955733,-0.0003430213710747356,0.14284184440383396
3,2024-05-12,0.0,0.00033111823829214685,-0.0003291026940690876,-2.015544223059264e-06
3,2024-05-13,0.0012987013,0.0003027854676222352,-0.0002914691636344272,0.0012873849702209166
3,2024-05-14,0.14285715,0.00027512107040008943,-0.0002740594141905579,0.14285608758714527
3,2024-05-15,0.0,0.00024662372526689636,-0.0002700940830143095,2.3470357747413118e-05
3,2024-05-16,0.0043290043,0.00021754626676935904,0.0013274564340902222,0.002784001624113048
3,2024-05-17,0.0,0.0001866959412073936,-0.00018313681513137378,-3.5591260760198338e-06
3,2024-05-18,0.0,0.0001533545809602842,-0.0001482668373233187,-5.087743636965483e-06
3,2024-05-19,0.0,0.00012045505881291093,-0.0001388818317028981,1.8426772889987175e-05
3,2024-05-20,0.0,9.267700594701813e-05,-5.2998295770314114e-05,-3.967871017670401e-05
3,2024-05-21,0.0,6.918761541429e-05,-5.8069672347830435e-05,-1.1117943066459569e-05
3,2024-05-22,0.035714287,4.868995126196423e-05,-5.960424325685892e-05,0.035725201602833594
3,2024-05-23,0.0,3.0162433319600616e-05,4.312430615738648e-05,-7.328673947698709e-05
3,2024-05-24,0.0,1.3678578536283105e-05,-2.7434974435153344e-05,1.375639589887024e-05
3,2024-05-25,0.0,3.9985155886493923e-07,-1.8918431268354237e-06,1.4919915679704845e-06
3,2024-05-26,0.0,-9.266186327741042e-06,-1.196952464395032e-05,2.123571097169136e-05
3,2024-05-27,0.052545156,-1.5804665899793958e-05,-2.5315923352374314e-05,0.05258627691912239
3,2024-05-28,0.0,-1.9304314112258966e-05,4.8174879690712245e-05,-2.887056557845328e-05
3,2024-05-29,0.0,-2.1849721952140838e-05,4.424664118894635e-05,-2.239691923680551e-05
3,2024-05-30,0.0,-2.359329031036568e-05,1.857929466872697e-05,5.013995641638712e-06
3,2024-05-31,0.0031055901,-2.1739066822696322e-05,-1.715024491603293e-05,0.003144479431696653
3,2024-06-01,0.0034423408,-1.869893743354089e-05,-1.085872008521915e-05,0.0034718984208045164
3,2024-06-02,0.0,-1.5767257521498117e-05,7.79599730056845e-06,7.971260220929667e-06
3,2024-06-03,0.028571429,-1.1594784306032823e-05,-2.8616534561311454e-05,0.028611640049951214
3,2024-06-04,0.035714287,-7.42163460699835e-06,4.9895048394204245e-06,0.03571671944060628
3,2024-06-05,0.0031397175,-4.730667759677831e-06,1.7955049688135757e-05,0.003126493122453676
3,2024-06-06,0.0,-3.1707838695146556e-06,8.215099825678184e-06,-5.044315956163528e-06
3,2024-06-07,0.0,-1.7663903537280197e-06,-2.3285654160195656e-06,4.094955769747585e-06
3,2024-06-08,0.0,-2.000367398484835e-07,-1.3469437649569718e-06,1.5469805048054553e-06
3,2024-06-09,0.0,7.683739039087033e-07,8.80326456018855e-08,-8.564065495105888e-07
3,2024-06-10,0.0,1.156900357607592e-06,-3.6638077494941396e-06,2.5069073918865478e-06
3,2024-06-11,0.001904762,1.4741068885973907e-06,5.47314445795352e-06,0.0018978147494302764
3,2024-06-12,0.14285715,1.59055333660382e-06,6.8334223428585446e-06,0.14284872526767534
3,2024-06-13,0.0014144272,1.3906255040455505e-06,1.0423226580112532e-06,0.0014119942363377434
3,2024-06-14,0.0,1.0987011743219267e-06,-1.5100664814905168e-06,4.113653071685901e-07
3,2024-06-15,0.0,8.380257084253089e-07,-2.102018183040857e-06,1.263992474615548e-06
3,2024-06-16,0.00952381,2.860751321332792e-07,-9.062692190195052e-07,0.0095244300815557
3,2024-06-17,0.0,-2.43835473095703e-07,-3.4684853680271766e-07,5.906840098984207e-07
3,2024-06-18,0.0,-4.650862632758373e-07,2.7601243388934606e-06,-2.295038075617623e-06
3,2024-06-19,0.0,-5.166055413814489e-07,4.26207577845887e-06,-3.7454702370774212e-06
3,2024-06-20,0.0,-4.976225667763949e-07,1.012961095605264e-06,-5.153385288288691e-07
3,2024-06-21,0.0,-5.007272674614361e-07,1.0748448360874221e-06,-5.741175686259861e-07
3,2024-06-22,0.0,-4.0114258489620756e-07,-4.825979604693269e-06,5.227122189589476e-06
3,2024-06-23,0.14285715,-1.260443231724378e-06,-1.8544410613464024e-05,0.1428769540972
3,2024-06-24,0.0,-5.557881085352545e-06,7.700611723513711e-07,4.787819913001174e-06
3,2024-06-25,0.0,-1.1138491349899889e-05,-3.094967425455712e-06,1.42334587753556e-05
3,2024-06-26,0.0,-1.60699989176483e-05,6.46369047047266e-06,9.60630844717564e-06
3,2024-06-27,0.0021008404,-1.8032151407987272e-05,-5.546002132977833e-07,0.0021194271953665403
3,2024-06-28,0.0,-1.2966073606552308e-05,-9.003920947504482e-06,2.1969994554056792e-05
3,2024-06-29,0.0,-3.5594345814738405e-06,0.00013053797059298013,-0.0001269785360115063
3,2024-06-30,0.0,2.379210835511336e-06,1.9587412424437355e-05,-2.1966623259948693e-05
3,2024-07-01,0.0,2.0240588635398484e-07,2.794161585142558e-05,-2.8144021737779566e-05
3,2024-07-02,0.0,-8.176534692881103e-06,3.190164023784628e-06,4.986370669096475e-06
3,2024-07-03,0.0,-2.017921175534506e-05,-0.0003613805665643421,0.0003815597783196872
3,2024-07-04,0.0,-3.41635312672154e-05,4.477835941017742e-05,-1.061482814296202e-05
3,2024-07-05,0.0,-5.316663642658248e-05,1.0088161768568297e-05,4.3078474658014184e-05
3,2024-07-06,0.0,-8.382317896750587e-05,0.000524090828736135,-0.00044026764976862914
3,2024-07-07,0.0,-0.0001343316023164472,-1.1571449155647938e-05,0.00014590305147209513
3,2024-07-08,0.0016420361,-0.00018829734454527296,0.0001701386752248882,0.0016601948046288293
3,2024-07-09,0.0,-0.0002363185685878663,0.00016386826863188557,7.245029995598073e-05
3,2024-07-10,0.0034843204,-0.00027298102263293594,-0.0009265604313835728,0.004683861815183701
3,2024-07-11,0.0,-0.000249863369207093,0.00015983698178574293,9.002638742135004e-05
3,2024-07-12,0.0,-3.797604566251755e-05,0.0010112775920373045,-0.000973301546374787
3,2024-07-13,0.0015360983,0.00026477934483696056,0.0017112898488318954,-0.00043997088480760027
3,2024-07-14,0.0,0.0006212293544192428,-0.0004871097783390986,-0.00013411957608014423
3,2024-07-15,0.0,0.0010454360746460821,-0.0017239511794406403,0.0006785151047945582
3,2024-07-16,0.0,0.0015496555682649698,-0.0022595322918539636,0.0007098767235889938
3,2024-07-17,0.0,0.002117932508723707,-0.002133598307678469,1.5665798954761934e-05
3,2024-07-18,0.0,0.0025057994726264392,-0.002228848196461188,-0.00027695127616525136
3,2024-07-19,0.0,0.0027282554748394353,0.004169751983546,-0.006898007458385435
3,2024-07-20,0.0,0.0027706391115775515,-0.00045675713713193603,-0.0023138819744456156
3,2024-07-21,0.071428575,0.0026409892027707466,0.005281781308967767,0.06350580410993889
3,2024-07-22,0.0,0.002833644868530012,0.0049748882641343665,-0.007808533132664379
3,2024-07-23,0.0,0.004212697591043587,-0.005659699048872181,0.0014470014578285943
3,2024-07-24,0.0,0.0031077965935171386,-0.004579605518660925,0.001471808925143786
3,2024-07-25,0.0,0.0013940974813599755,-0.0033441957387857655,0.00195009825742579
3,2024-07-26,0.0029154518,0.0011915407431759223,0.008182191066948816,-0.006458280041339024
3,2024-07-27,0.004201681,0.0017633302957084452,-0.001760592958964691,0.0041989435507467565
3,2024-07-28,0.0,0.002988249373285007,0.01170739300786503,-0.014695642381150037
3,2024-07-29,0.0,0.004825981388544458,-0.00720444507270814,0.0023784636841636822
3,2024-07-30,0.0,0.007497432701404938,-0.008701723551658781,0.0012042908502538432
3,2024-07-31,0.0034013607,0.010447435372915903,-0.005412280533423397,-0.0016337941321349792
3,2024-08-01,0.0,0.012934358225749407,-0.0006371388562457185,-0.012297219369503688
3,2024-08-02,0.04081633,0.01457928255117309,0.008356861767013382,0.01788018510142641
3,2024-08-03,0.003861004,0.015535548498290794,-0.00393456644262672,-0.007739978034645331
3,2024-08-04,0.071428575,0.015601469296447209,0.01826250573475258,0.037564599590477615
3,2024-08-05,0.0,0.014914754904918913,-0.006412247017067913,-0.008502507887851
3,2024-08-06,0.0,0.013201276478010204,-0.007586766616964538,-0.005614509861045666
3,2024-08-07,0.0,0.01062410294493674,-0.00580375870749133,-0.0048203442374454095
3,2024-08-08,0.020408165,0.0077528553693385896,0.001086336485609058,0.011568972854858795
3,2024-08-09,0.0,0.005286224964962377,0.004600701111191145,-0.009886926076153522
3,2024-08-10,0.0,0.003456425110247075,-0.004594640246023405,0.0011382151357763304
3,2024-08-11,0.0,0.0025197864466854486,0.014189196831665607,-0.016708983278351054
3,2024-08-12,0.0034013607,0.0018675082639792368,-0.002654033199309923,0.004187885642688212
3,2024-08-13,0.0,0.0015082455366782917,-0.00504602043994112,0.0035377749032628283
3,2024-08-14,0.0,0.0016886670264863381,-0.004101647538414507,0.0024129805119281695
3,2024-08-15,0.007518797,0.0020775184206329104,0.0023041926051561453,0.003137086155757632
3,2024-08-16,0.0,0.0020500263468224214,-0.0001986011777312556,-0.0018514251690911658
3,2024-08-17,0.0,0.0018178590629570445,-0.002234352475047409,0.00041649341209036464
3,2024-08-18,0.14285715,0.001401128203904351,0.006736169556779268,0.13471985148267118
3,2024-08-19,0.0,0.000916442333777564,-0.0011351085522051936,0.00021866621842762956
3,2024-08-20,0.0,0.0005926036543506913,-0.0022680749593352594,0.001675471304984568
3,2024-08-21,0.0,0.0004310432835586875,-0.001135848066815121,0.0007048047832564335
3,2024-08-22,0.0,0.00029411406756888896,0.00254426814110541,-0.002838382208674299
3,2024-08-23,0.0,0.00015463652931765743,-0.0008232027449446321,0.0006685662156269747
3,2024-08-24,0.0,9.972368458704025e-05,-0.0005524977661419845,0.00045277408155494425
3,2024-08-25,0.0,8.878420079498843e-05,-0.0004747694795287294,0.00038598527873374093
3,2024-08-26,0.006079027,0.00010397104717794644,0.0005746288855538224,0.0054004270308300045
3,2024-08-27,0.0,0.00011591665188763372,-0.00013614857107423873,2.0231919186605008e-05
3,2024-08-28,0.0,0.00011477807539486805,0.00012527853225182805,-0.00024005660764669608
3,2024-08-29,0.0,7.540106195327897e-05,-1.1432821883076704e-05,-6.396824007020226e-05
3,2024-08-30,0.0028571428,2.560852735461616e-05,-0.00012289756175932128,0.0029544318609469634
3,2024-08-31,0.0021978023,5.835620306418681e-07,-4.165083869046438e-05,0.002238869576293445
3,2024-09-01,0.0,-4.543884061877403e-06,2.9807765496022904e-05,-2.5263881434145502e-05
3,2024-09-02,0.0,-3.457428290054065e-06,-1.766445705989043e-05,2.1121885349944494e-05
3,2024-09-03,0.0,1.145231549737556e-06,1.115235276075134e-06,-2.26046682581269e-06
3,2024-09-04,0.14285715,4.2186632299382485e-06,0.00015281675357932666,0.14270011382654552
3,2024-09-05,0.0,6.292785731382379e-06,-2.16273782355254e-05,1.533459250414302e-05
3,2024-09-06,0.0,8.101674692071049e-06,-1.4960727245426082e-05,6.8590525533550324e-06
3,2024-09-07,0.0,8.954698123849826e-06,6.748153025793524e-07,-9.629513426429178e-06
3,2024-09-08,0.0,8.291845924969662e-06,-7.528020710858135e-06,-7.638252141115275e-07
3,2024-09-09,0.0,6.934139017037201e-06,-1.2348363868169175e-05,5.414224851131974e-06
3,2024-09-10,0.0,5.689290167092781e-06,-4.073063418666891e-06,-1.6162267484258898e-06
3,2024-09-11,0.035714287,4.6984350800921224e-06,3.512386307386619e-06,0.03570607648945122
3,2024-09-12,0.14285715,3.917373544344224e-06,-1.8302626958016455e-06,0.14285506213250623
3,2024-09-13,0.0,3.223305346563996e-06,-1.0965399531816572e-06,-2.1267653933823387e-06
3,2024-09-14,0.0017969451,2.3095454733930696e-06,2.473684819867852e-07,0.00179438820066465
3,2024-09-15,0.0,1.3681766906338212e-06,-1.5548963498048193e-06,1.8671965917099806e-07
3,2024-09-16,0.0,8.424322797948896e-07,-1.1503834608831188e-06,3.079511810882293e-07
3,2024-09-17,0.0,5.834049740691715e-07,-3.835630700282639e-07,-1.998419040409076e-07
3,2024-09-18,0.14285715,3.776761171447357e-07,-1.923749299619552e-06,0.14285869531653725
3,2024-09-19,0.0,1.9982526623146286e-07,3.7589266590046447e-07,-5.757179321319274e-07
3,2024-09-20,0.0,6.310031407872512e-08,1.418352076020044e-07,-2.0493552168072953e-07
3,2024-09-21,0.0,-2.573197105407663e-08,5.591273859343079e-07,-5.333954148802313e-07
3,2024-09-22,0.0,-4.9066273681888014e-08,1.7883950212674506e-07,-1.2977322844485703e-07
3,2024-09-23,0.0,1.7040959413473532e-09,9.737441298992894e-08,-9.907850893127629e-08
3,2024-09-24,0.0,8.461341401640405e-08,7.392923796314e-08,-1.5854265197954405e-07
3,2024-09-25,0.0,1.492986155710324e-07,-9.995651142306674e-07,8.50266498659635e-07
3,2024-09-26,0.0,1.793709108384785e-07,-2.7307955247075065e-07,9.370864163227214e-08
3,2024-09-27,0.0,1.7461205007424106e-07,-8.394926592330365e-08,-9.066278415093741e-08
3,2024-09-28,0.0,1.2854920959585066e-07,-3.5888522909894934e-07,2.3033601950309868e-07
3,2024-09-29,0.0009718173,4.678509841216439e-08,8.647161305767128e-08,0.0009716840383555425
3,2024-09-30,0.0,-5.966552839093079e-08,-1.673612641915929e-08,7.640165481009008e-08
3,2024-10-01,0.0,-1.7670305902683143e-07,1.8138934004300042e-07,-4.686281016168992e-09
3,2024-10-02,0.0,-2.7839920838382397e-07,1.388677423654161e-07,1.3953146601840788e-07
3,2024-10-03,0.0,-3.528162160827736e-07,7.054365222909418e-07,-3.5262030620816824e-07
3,2024-10-04,0.0,-4.173746137318129e-07,6.491771786037099e-07,-2.31802564871897e-07
3,2024-10-05,0.0,-6.382916683095122e-07,4.3294173407305903e-07,2.053499342364532e-07
3,2024-10-06,0.0,-1.1682010857717638e-06,8.281231103687694e-07,3.400779754029944e-07
3,2024-10-07,0.0,-1.8326244806732763e-06,5.294130272050026e-07,1.3032114534682737e-06
3,2024-10-08,0.0,-2.1955692691166453e-06,-4.8128740352364095e-08,2.2436980094690094e-06
3,2024-10-09,0.0,-2.4597155292659114e-06,-9.332137523864581e-07,3.3929292816523695e-06
3,2024-10-10,0.0,-2.7756394516401848e-06,7.802915185796168e-06,-5.027275734155983e-06
3,2024-10-11,0.0,-2.715962070369854e-06,9.475993749843953e-06,-6.760031679474099e-06
3,2024-10-12,0.0,-2.0668941172307206e-06,1.0909198174275315e-05,-8.842304057044594e-06
3,2024-10-13,0.0,-1.8123407549210486e-06,-1.8495648482066218e-05,2.0307989236987265e-05
3,2024-10-14,0.0,-2.5000960138457516e-06,1.3373399651035875e-05,-1.0873303637190123e-05
3,2024-10-15,0.0,-4.104575985867541e-06,1.0590918893937591e-05,-6.48634290807005e-06
3,2024-10-16,0.0,-6.614451802475978e-06,-1.3686267590851195e-05,2.030071939332717e-05
3,2024-10-17,0.0,-8.182840953012156e-06,-3.180729500404102e-05,3.999013595705318e-05
3,2024-10-18,0.0,-6.828333775722358e-06,3.68156354155635e-05,-2.9987301639841142e-05
3,2024-10-19,0.0,-4.033774025874947e-06,3.605688604999426e-05,-3.202311202411931e-05
3,2024-10-20,0.017857144,-2.0985889633029824e-07,-7.878273581352456e-05,0.017936136250129204
3,2024-10-21,0.0,8.316384798067242e-06,2.6209391626232758e-05,-3.45257764243e-05
3,2024-10-22,0.0,2.857485105733079e-05,9.215998714586345e-06,-3.7790849771917135e-05
3,2024-10-23,0.0,5.50046440869254e-05,-7.447668188984046e-05,1.947203780291506e-05
3,2024-10-24,0.0022148394,8.413760799413888e-05,-0.00012916545441475543,0.002259867295572967
3,2024-10-25,0.0026954177,0.00011095205625641437,4.504537924059841e-05,0.0025394202946406926
3,2024-10-26,0.0,0.00013859913500670345,0.0005197794618885699,-0.0006583785968952733
3,2024-10-27,0.0,0.00016845311262250604,-0.00018648366445314375,1.8030551830637705e-05
3,2024-10-28,0.0031746032,0.0001985213595917039,-0.00017517306268245296,0.0031512549213034728
3,2024-10-29,0.035714287,0.0002254809092275304,-0.00019069269713820145,0.035679499098749366
3,2024-10-30,0.0,0.0002510795860114301,-0.00022249958146093146,-2.858000455049865e-05
3,2024-10-31,0.0,0.00027733886622524374,-0.00028856374679021927,1.1224880564975536e-05
3,2024-11-01,0.0,0.00030463229622421735,0.0006441248732952199,-0.0009487571695194373
3,2024-11-02,0.0,0.00033213261503781577,0.0008532763759777488,-0.0011854089910155645
3,2024-11-03,0.0,0.0003605028964515991,-0.00036556680448795163,5.063908036352519e-06
3,2024-11-04,0.071428575,0.0003895167328215133,-0.0003751377924213408,0.07141419568127721
3,2024-11-05,0.071428575,0.00041661534798423215,-0.0003688483878324897,0.07138080766152566
3,2024-11-06,0.04761905,0.0004415483679068433,-0.0004016056473782759,0.04757910578549293
3,2024-11-07,0.0,0.00046386041553523184,-0.0004657854534393173,1.9250379040854754e-06
3,2024-11-08,0.028571429,0.00048450239173238355,0.0012441509919838677,0.026842775347367617
3,2024-11-09,0.0018083183,0.0005023194316112063,0.0012513886737115063,5.461020416319977e-05
3,2024-11-10,0.0,0.0005087029076047888,-0.00050531190866905,-3.3909989357388485e-06
3,2024-11-11,0.0,0.0005083152206203448,-0.0005451196563710562,3.680443575071143e-05
3,2024-11-12,0.0,0.0005033668486161423,-0.0004927469315604511,-1.0619917055691166e-05
3,2024-11-13,0.0,0.0004936429877119015,-0.0004899502741715662,-3.6927135403353427e-06
3,2024-11-14,0.0,0.00048569897219204465,-0.0005330994202069188,4.740044801487418e-05
3,2024-11-15,0.0017857143,0.0004830709418770343,0.0013407448542737135,-3.8101500458005894e-05
3,2024-11-16,0.0021978023,0.0004833749686026489,0.001379833014326177,0.0003345943167047963
3,2024-11-17,0.0,0.00048403327230203816,-0.0004084207056665801,-7.561256663545803e-05
3,2024-11-18,0.0,0.0004858764363148135,-0.000336081253436698,-0.00014979518287811547
3,2024-11-19,0.0,0.000491010857911022,-0.000501291377963286,1.0280520052263938e-05
3,2024-11-20,0.0,0.0005060997354800168,-0.0004689485123017173,-3.715122317829954e-05
3,2024-11-21,0.0,0.0005330723414808098,-0.0005517927223957544,1.8720380914944617e-05
3,2024-11-22,0.0,0.0005689097554806043,0.00023628664574835935,-0.0008051964012289637
3,2024-11-23,0.0,0.0006142367931782044,0.0017896284416424493,-0.0024038652348206536
3,2024-11-24,0.017857144,0.0006605094843473207,7.848473559776551e-05,0.017118149435474263
3,2024-11-25,0.0,0.000705723725833465,0.00011482002303326742,-0.0008205437488667324
3,2024-11-26,0.0,0.0007491154207706315,-0.0006549305876460784,-9.418483312455316e-05
3,2024-11-27,0.0,0.0008052935447272227,-0.0007373771678567256,-6.791637687049716e-05
3,2024-11-28,0.0,0.0009540799142314128,-0.0009601218208788463,6.041906647433486e-06
3,2024-11-29,0.0,0.001131627561556358,-0.0011720029882360925,4.037542667973456e-05
3,2024-11-30,0.0,0.0013223824397166435,-0.0010671484315661253,-0.00025523400815051825
3,2024-12-01,0.0025062656,0.0015234520868112357,-0.002591130259254063,0.003573943822014842
3,2024-12-02,0.11904763,0.0017242160074367407,0.011827416663388091,0.10549599418216436
3,2024-12-03,0.0,0.0019194621728829667,-0.0018104620221277331,-0.00010900015075523354
3,2024-12-04,0.0,0.0021261101039471973,-0.002020770390765943,-0.00010533971318125437
3,2024-12-05,0.0,0.0024414671003081213,-0.002381119005540934,-6.034809476718715e-05
3,2024-12-06,0.0,0.0027860391375321408,-0.0028779711585464893,9.193202101434855e-05
3,2024-12-07,0.17857143,0.0029851909075905743,-0.000984290386999568,0.17657053230831218
3,2024-12-08,0.0016051364,0.0031485681012787987,-0.008667386878583644,0.007123955213715094
3,2024-12-09,0.0,0.0034914713257095113,0.023842965495085907,-0.027334436820795418
3,2024-12-10,0.0,0.003966628077772216,-0.0027080601716806775,-0.001258567906091538
3,2024-12-11,0.0,0.0042752960059186254,-0.0033697593975232083,-0.0009055366083954171
3,2024-12-12,0.004464286,0.004169699839946797,-0.0038053202287341888,0.004099906302642229
3,2024-12-13,0.0,0.004562081963412136,-0.004264317208269479,-0.0002977647551426566
3,2024-12-14,0.0,0.005499107487203533,-0.004861472391210079,-0.0006376350959934546
3,2024-12-15,0.0,0.0058870892896860415,-0.007396616604008246,0.0015095273143222046
3,2024-12-16,0.028571429,0.005100097322112341,0.022658146708554726,0.0008131847004168033
3,2024-12-17,0.0,0.004442048762352886,-0.004425699305572529,-1.6349456780357166e-05
3,2024-12-18,0.0,0.003999561006661437,-0.014044600821568443,0.010045039814907005
3,2024-12-19,0.0,0.0037184782360936168,-0.014899449296035445,0.011180971059941827
3,2024-12-20,0.0,0.003242691953647453,0.03902752010649904,-0.04227021206014649
3,2024-12-21,0.0010905125,0.002524262971062983,0.0002718289911718026,-0.0017055794676781796
3,2024-12-22,0.0,0.002460418051696488,-0.001540851013744322,-0.000919567037952166
3,2024-12-23,0.0,0.0049205458238304415,0.005219040000925872,-0.010139585824756313
3,2024-12-24,0.0,0.007992427503043301,-0.005978063501951892,-0.0020143640010914093
3,2024-12-25,0.0010660981,0.010397204179058721,-0.02261942910146073,0.013288323028495712
3,2024-12-26,0.0,0.012578482164792893,-0.046070346443859184,0.033491864279066294
3,2024-12-27,0.04761905,0.014928172352449627,0.07698481540003287,-0.044293939246460995
3,2024-12-28,0.010966812,0.0174607420279194,-0.008644536830590495,0.0021506070631200254
3,2024-12-29,0.025541127,0.019900594899616392,-0.004472804055255096,0.010113335883696565
3,2024-12-30,0.0,0.02205449881694832,-0.0077555722151463405,-0.01429892660180198
3,2024-12-31,0.020772595,0.0231388977487347,-0.003146722038461767,0.0007804192482708423
3,2025-01-01,0.0,0.02312316033168567,-0.027749291066814237,0.004626130735128568
3,2025-01-02,0.0,0.022602109552272914,-0.029336343378432096,0.006734233826159182
3,2025-01-03,0.14285715,0.02180923737419544,0.11279967398376048,0.008248237885398878
3,2025-01-04,0.0,0.020378233860430726,-0.02613732122855709,0.005759087368126366
3,2025-01-05,0.0,0.017407327584958367,-0.010688647990174573,-0.006718679594783793
3,2025-01-06,0.0,0.012547826240019056,-0.01242101112907239,-0.00012681511094666566
3,2025-01-07,0.0029761905,0.009422264146526096,-0.0029437812592795895,-0.0035022923556201633
3,2025-01-08,0.015873017,0.009971981168683683,-0.02089312164554346,0.026794157266415326
3,2025-01-09,0.0,0.008768474271030967,-0.005729856842168019,-0.003038617428862948
3,2025-01-10,0.0,0.007113589866578332,0.06080436350097766,-0.06791795336755599
3,2025-01-11,0.071428575,0.005218609369538898,-0.015499464240737865,0.08170942949287636
3,2025-01-12,0.0,0.00410236497469646,-0.009027183538935193,0.004924818564238733
3,2025-01-13,0.0,0.0017202497528724277,-0.0035611516350450914,0.0018409018821726637
3,2025-01-14,0.14285715,-0.0022381037610344043,0.00418691155256686,0.14090834145182232
3,2025-01-15,0.0,-0.004279301494657118,-0.010370978580093284,0.014650280074750402
3,2025-01-16,0.057142857,-0.0049224645897835454,-0.010654436436795922,0.0727197584887472
3,2025-01-17,0.0,-0.005212938686962417,0.021384417627755937,-0.01617147894079352
3,2025-01-18,0.0,-0.005811607641147653,-0.009040586687105504,0.014852194328253156
3,2025-01-19,0.0,-0.0059069032729226634,-0.00458274967779409,0.010489652950716754
3,2025-01-20,0.0,-0.003900350778891109,-0.0007823285514676442,0.004682679330358753
3,2025-01-21,0.008928572,-0.0015459893615915573,0.007932743883656182,0.00254181730564505
3,2025-01-22,0.0,0.0003680397324992478,-0.0012539769879015305,0.0008859372554022827
3,2025-01-23,0.071428575,0.0013007769581664954,-0.0009061090127280078,0.0710339066762389
3,2025-01-24,0.0,0.001336089077970927,-0.001069680191430116,-0.0002664088865408109
3,2025-01-25,0.0,0.0012606793182364786,-0.0014618727842656226,0.000201193466029144
3,2025-01-26,0.020767195,0.0012467251244322095,-0.0010856850851345095,0.02060615511095846
3,2025-01-27,0.0011520737,0.0012440692351690925,-0.0009792658631899965,0.0008872703596668457
3,2025-01-28,0.0029154518,0.0012172136780706257,0.0075465111820699855,-0.005848273091354896
3,2025-01-29,0.0,0.001178766995079301,-0.0012309768148016389,5.220981972233786e-05
3,2025-01-30,0.0,0.0011374724225223386,-0.0012972484481577106,0.000159776025635372
3,2025-01-31,0.03181818,0.001061964547493407,-0.0009055203537154963,0.031661737082543495
3,2025-02-01,0.0,0.0009533431639654439,-0.0009753895314793524,2.2046367513908478e-05
3,2025-02-02,0.0,0.0008465076785398626,-0.0007450525567176848,-0.00010145512182217775
3,2025-02-03,0.0,0.0007455886563390381,-0.0006909146962761322,-5.4673960062905894e-05
3,2025-02-04,0.035714287,0.0006464573797351341,0.0038933820947615826,0.031174447836341983
3,2025-02-05,0.0,0.0005506273263558925,-0.0005741038413133692,2.3476514957476648e-05
3,2025-02-06,0.023809524,0.0004635922849075166,-0.0005457463612424812,0.023891678329345713
3,2025-02-07,0.0,0.0003839575329091693,-0.00034271158775835554,-4.124594515081376e-05
3,2025-02-08,0.0,0.0003110090224510965,-0.00033998530596151237,2.8976283510415883e-05
3,2025-02-09,0.0,0.00024249583281541433,-0.00020338409270171144,-3.9111740113702894e-05
3,2025-02-10,0.0,0.00017988633820991307,-0.00012399855510194987,-5.58877831079632e-05
3,2025-02-11,0.0,0.00012877265987355335,0.0002327910341622222,-0.00036156369403577554
3,2025-02-12,0.0,9.019969393206124e-05,-6.0274084990010715e-05,-2.992560894205052e-05
3,2025-02-13,0.0,5.6783533743806546e-05,-1.6744083984685377e-05,-4.003944975912117e-05
3,2025-02-14,0.0,2.773714690443119e-05,2.8213611108016454e-05,-5.595075801244764e-05
3,2025-02-15,0.000855432,6.285351378489434e-06,-8.245159843946897e-05,0.0009315982554540884
3,2025-02-16,0.0,-6.741679604299967e-06,-1.1833980441308727e-05,1.8575660045608695e-05
3,2025-02-17,0.0,-1.2876919004133128e-05,-8.752211632481247e-06,2.1629130636614376e-05
3,2025-02-18,0.0,-1.5204185291919698e-05,9.663347250362536e-05,-8.142928721170567e-05
3,2025-02-19,0.0,-1.5002542070457597e-05,-2.4656078500213317e-06,1.7468149920478927e-05
3,2025-02-20,0.0,-1.3391462906860951e-05,6.441278045404174e-05,-5.1021317547180796e-05
3,2025-02-21,0.0,-1.148199648541363e-05,-2.278461468714513e-06,1.3760457954128143e-05
3,2025-02-22,0.0,-8.55343641992872e-06,-3.4359363359005144e-05,4.291279977893386e-05
3,2025-02-23,0.0,-4.386235758954529e-06,-7.00204768528109e-07,5.086440527482638e-06
3,2025-02-24,0.0,-6.22130314409154e-07,3.192978833595716e-06,-2.570848519186562e-06
3,2025-02-25,0.0,1.5710928513089187e-06,9.224863052199145e-06,-1.0795955903508064e-05
3,2025-02-26,0.0,2.548941615349714e-06,-2.902510407576138e-06,3.5356879222642437e-07
3,2025-02-27,0.14285715,2.3263956339974897e-06,7.073379822334082e-05,0.14278408904949746
3,2025-02-28,0.0,2.066893129665156e-06,-5.104311490996587e-06,3.0374183613314312e-06
3,2025-03-01,0.0,2.641660548523758e-06,-4.043589675704141e-06,1.4019291271803828e-06
3,2025-03-02,0.0,3.331026203618689e-06,-4.626970361822931e-06,1.2959441582042417e-06
3,2025-03-03,0.0,3.522696719947932e-06,-4.605561253357389e-06,1.0828645334094568e-06
3,2025-03-04,0.0,3.1927488651158627e-06,-3.3869504138756207e-06,1.9420154875975794e-07
3,2025-03-05,0.0,2.6727522046133407e-06,-2.8218587447268655e-06,1.4910654011352485e-07
3,2025-03-06,0.0025974025,2.1618699936143635e-06,3.98188952919041e-06,0.002591258788894644
3,2025-03-07,0.0,1.6568708989371594e-06,-9.704382952622738e-07,-6.864326036748857e-07
3,2025-03-08,0.0,1.1862266032911168e-06,-7.119550874503367e-07,-4.742715158407801e-07
3,2025-03-09,0.0,8.421069499195488e-07,-4.991801004636503e-07,-3.4292684945589846e-07
3,2025-03-10,0.21428572,6.110119510742089e-07,-6.793415449984102e-07,0.21428578474404553
3,2025-03-11,0.0,4.6771224457770107e-07,-5.676015029926376e-07,9.988925841493654e-08
3,2025-03-12,0.0015037594,3.7677105577610857e-07,-5.156672320917649e-07,0.001503898309202589
3,2025-03-13,0.14285715,3.0668426669633706e-07,4.543234768730029e-07,0.14285638823561123
3,2025-03-14,0.0,2.4261645608997093e-07,-1.0776559910706845e-07,-1.3485085698290249e-07
3,2025-03-15,0.0024213076,1.768077949039378e-07,-1.2794364416907276e-07,0.002421258746197132
3,2025-03-16,0.0,1.0872524219964674e-07,-1.0221068509678364e-08,-9.850417368996838e-08
3,2025-03-17,0.0,5.330384330418229e-08,-1.6755680460975493e-07,1.1425296130557264e-07
3,2025-03-18,0.0,2.405903305542487e-08,-6.6291412644467645e-09,-1.7429891790978106e-08
3,2025-03-19,0.0,6.247503613163898e-09,-1.295874747516169e-07,1.2333997113845298e-07
3,2025-03-20,0.0,-8.859747227107668e-09,2.722006559559042e-07,-2.6334090872879656e-07
3,2025-03-21,0.035714287,-2.4008021058793383e-08,-7.755264262013215e-09,0.03571431907412402
3,2025-03-22,0.0,-3.64340271041749e-08,-1.3595819014479568e-08,5.002984611865447e-08
3,2025-03-23,0.0,-4.2909483478856434e-08,2.930966951575126e-08,1.3599813963105173e-08
3,2025-03-24,0.0,-4.2229991489142345e-08,9.084978702012402e-08,-4.861979553098168e-08
3,2025-03-25,0.0,-3.573682681963511e-08,2.07599071684438e-08,1.4976919651191313e-08
3,2025-03-26,0.023809524,-2.689785339346936e-08,4.165786217019017e-08,0.023809509493001972
3,2025-03-27,0.0,-2.2178715341990977e-08,4.018532595559973e-08,-1.800661061360875e-08
3,2025-03-28,0.0,-1.81552197763906e-08,-2.415112187415899e-08,4.230634165054959e-08
3,2025-03-29,0.0,-1.2138799546690596e-08,2.5542913140823464e-08,-1.3404113594132868e-08
3,2025-03-30,0.0,-6.026774159260433e-09,9.748535523748777e-09,-3.7217613644883433e-09
3,2025-03-31,0.0,-2.0959833622434004e-09,3.969149946670702e-10,1.6990683675763302e-09
3,2025-04-01,0.0,-6.333400498336358e-10,-6.975399577403877e-10,1.3308800075740235e-09
3,2025-04-02,0.0,-7.489228827818216e-10,-1.0674187722263504e-08,1.1423110605045325e-08
3,2025-04-03,0.0,-1.304941129511286e-10,-7.510057911632778e-09,7.640552024583907e-09
3,2025-04-04,0.0018552876,2.236913931343416e-09,-5.72585207087421e-09,0.0018552910734143124
3,2025-04-05,0.07378984,4.593057433567872e-09,-3.0478157030985104e-09,0.07378984088153516
3,2025-04-06,0.0,6.049646064335442e-09,1.8523547091908513e-08,-2.4573193156243955e-08
3,2025-04-07,0.0016233766,6.5990784475812174e-09,-2.9406043613030807e-09,0.00162337296339065
3,2025-04-08,0.0,7.1959902239737064e-09,-1.1309982660245693e-08,4.113992436271986e-09
3,2025-04-09,0.0,1.048669125477368e-08,-2.715249155840114e-08,1.6665800303627458e-08
3,2025-04-10,0.0,1.8152246784263662e-08,-7.63862444207235e-09,-1.0513622342191311e-08
3,2025-04-11,0.0,2.8703294654401962e-08,-1.5860224079872232e-08,-1.284307057452973e-08
3,2025-04-12,0.0,4.210109134961014e-08,-1.6805116271985993e-08,-2.529597507762415e-08
3,2025-04-13,0.017857144,5.893368014039858e-08,2.4126219312868256e-08,0.017857060595519895
3,2025-04-14,0.0,7.700915446395565e-08,-6.407926493985191e-08,-1.2929889524103745e-08
3,2025-04-15,0.0,9.50567229704276e-08,-7.610195992767216e-08,-1.895476304275543e-08
3,2025-04-16,0.0,1.1091868671537405e-07,-1.0134741398731381e-07,-9.571272728060242e-09
3,2025-04-17,0.0,1.0301313823341097e-07,-1.6337396075973054e-07,6.036082252631956e-08
3,2025-04-18,0.0,5.221902883108983e-08,-2.1103151009937076e-07,1.5881248126828093e-07
3,2025-04-19,0.0,-2.899447228452737e-08,-1.9988193534539832e-07,2.2887640762992568e-07
3,2025-04-20,0.0,-1.0876795583830765e-07,-3.650531051884821e-08,1.4527326635715585e-07
3,2025-04-21,0.0,-1.829392946753839e-07,-4.638640542468079e-07,6.468033489221918e-07
3,2025-04-22,0.0,-2.6602488797642177e-07,9.964665337375609e-07,-7.304416457611392e-07
3,2025-04-23,0.0,-3.6666366390048605e-07,1.0705573860312534e-06,-7.038937221307673e-07
3,2025-04-24,0.0,-4.7470555468706846e-07,2.2623024080259745e-07,2.48475313884471e-07
3,2025-04-25,0.0,-5.458194540397057e-07,2.826983290639684e-07,2.631211249757373e-07
3,2025-04-26,0.0,-5.188732062307311e-07,3.444679806227023e-07,1.7440522560802876e-07
3,2025-04-27,0.0,-4.270039953829878e-07,9.54790284241989e-07,-5.277862888590012e-07
3,2025-04-28,0.071428575,-2.8668230349137754e-07,1.509503084199965e-06,0.0714273518008967
3,2025-04-29,0.14285715,-1.4532028168249724e-07,3.563186887641007e-08,0.1428572589317676
3,2025-04-30,0.14285715,-8.872380966530378e-08,7.419890568370352e-06,0.14284981807659608
3,2025-05-01,0.0,-3.8523731034909866e-07,1.5226529551078734e-07,2.3297201483831131e-07
3,2025-05-02,0.0,-1.012727829970906e-06,1.324709704826067e-07,8.802568594882992e-07
3,2025-05-03,0.0,-2.6092550187765948e-06,-1.331201386995228e-06,3.940456405771823e-06
3,2025-05-04,0.0,-5.352315350462452e-06,-6.89056180956671e-07,6.0413715314191225e-06
3,2025-05-05,0.0016806723,-7.245177809756233e-06,2.0017341789273914e-05,0.0016679001211674935
3,2025-05-06,0.0,-8.25391414829792e-06,7.252965726972831e-06,1.000948421325088e-06
3,2025-05-07,0.0,-8.809579333903404e-06,4.2286595831015536e-05,-3.347701649711213e-05
3,2025-05-08,0.0,-8.354643893138501e-06,7.56059574061373e-07,7.598584319077128e-06
3,2025-05-09,0.0,-5.568259143088526e-06,2.020121024988422e-05,-1.4632951106795692e-05
3,2025-05-10,0.0,7.736453528846413e-07,-7.78617114879564e-06,7.012525795910998e-06
3,2025-05-11,0.0,9.003999435722277e-06,5.398387910941709e-06,-1.4402387346663986e-05
3,2025-05-12,0.017857144,1.901334232388921e-05,-0.00041146555127181316,0.018249595864367273
3,2025-05-13,0.0,3.003981631865117e-05,-2.8035321806269415e-05,-2.004494512381754e-06
3,2025-05-14,0.0017421602,4.2495124867625245e-05,0.0005897124864857556,0.0011099525692302155
3,2025-05-15,0.0,5.876199752288962e-05,-6.191670683568994e-05,3.1547093128003127e-06
3,2025-05-16,0.0,7.893742419268871e-05,-1.8290668144092573e-05,-6.064675604859614e-05
3,2025-05-17,0.0,0.00010334930319525032,-0.00011970459386024576,1.6355290664995438e-05
3,2025-05-18,0.0,0.00013017888779699212,-8.55253253923399e-05,-4.465356240465222e-05
3,2025-05-19,0.04761905,0.00015680313071374236,-0.00046618091781775914,0.04792842629312551
3,2025-05-20,0.0,0.00018682519619641296,-0.0002515638638784457,6.473866768203277e-05
3,2025-05-21,0.0,0.00022805640742433488,0.0010522944857676898,-0.0012803508931920247
3,2025-05-22,0.0,0.00027614759942677555,-0.00022479932297265632,-5.1348276454119224e-05
3,2025-05-23,0.0,0.0003226770416103012,0.00040900712042855945,-0.0007316841620388607
3,2025-05-24,0.0,0.00036888502237871715,-0.0002743322663891559,-9.455275598956123e-05
3,2025-05-25,0.0026954177,0.0004179380370959943,-0.00022378071436133417,0.0025012604074030457
3,2025-05-26,0.0,0.0004743590081838723,-0.0005191364603428262,4.4777452158953855e-05
3,2025-05-27,0.0,0.0005261341435943615,-0.0005544272057140041,2.8293062119642636e-05
3,2025-05-28,0.0021008404,0.000530816365604154,0.0015203726844822262,4.96513936588753e-05
3,2025-05-29,0.14285715,0.0005244359830441504,-0.00035591580172195304,0.14268862906203258
3,2025-05-30,0.21428572,0.0005108532399681799,0.0007491246339653293,0.21302573854051807
3,2025-05-31,0.0049261083,0.0004868831098887605,-0.0003162556267114759,0.004755480806332727
3,2025-06-01,0.1,0.0004650686119260881,-0.0002513653150331985,0.09978629819322322
3,2025-06-02,0.0,0.0004457581136591592,-0.0004649824309337317,1.9224317274572477e-05
3,2025-06-03,0.04761905,0.0004213008970270975,-0.0008632925220922147,0.04806104013108661
3,2025-06-04,0.0,0.00039388724473991767,0.0009818969150185521,-0.0013757841597584698
3,2025-06-05,0.0,0.0003684509649827237,-0.0003203419827862932,-4.810898219643052e-05
3,2025-06-06,0.0015698588,0.00034443884904424216,0.0012074133544826091,1.800654866421545e-05
3,2025-06-07,0.0,0.0003246525310084563,-0.000309286945042489,-1.5365585965967303e-05
3,2025-06-08,0.0,0.00031433828273033247,-0.0003244188489313389,1.008056620100642e-05
3,2025-06-09,0.0029154518,0.0003002924566894056,-0.0003198686940277353,0.002935028006124045
3,2025-06-10,0.14505495,0.0002873353115670388,-0.00029602523518590845,0.14506364123377663
3,2025-06-11,0.0,0.00027521931963555787,0.000405559011529644,-0.0006807783311652019
3,2025-06-12,0.005291005,0.00026266268857975684,-0.00026606607589099826,0.00529440851816847
3,2025-06-13,0.04761905,0.00025009477423084715,0.0007450493998525852,0.04662390433193807
3,2025-06-14,0.0,0.00023603426356364512,-0.00022724244405793282,-8.791819505712305e-06
3,2025-06-15,0.0,0.00022350211032598277,-0.00023237552636144965,8.873416035466881e-06
3,2025-06-16,0.0018552876,0.00021028325062841865,-0.0002109085809070253,0.0018559129147547797
3,2025-06-17,0.0,0.00019458671256004787,0.00035012012754769207,-0.0005447068401077399
3,2025-06-18,0.0,0.00017572630101415367,-0.00019168091818326722,1.5954617169113548e-05
3,2025-06-19,0.0,0.00015432905909671784,-0.00016835207042651713,1.4023011329799293e-05
3,2025-06-20,0.0,0.00013149101387431963,0.0002414213029694906,-0.00037291231684381023
3,2025-06-21,0.0,0.00010594712938155882,-0.00011344297339891219,7.495844017353371e-06
3,2025-06-22,0.0,8.468454609374278e-05,0.000560748133146769,-0.0006454326792405117
3,2025-06-23,0.0,7.001087987381435e-05,-5.251778578333139e-05,-1.7493094090482967e-05
3,2025-06-24,0.0,5.9310981151709215e-05,1.5170613399417088e-05,-7.44815945511263e-05
3,2025-06-25,0.0028571428,7.454345563263083e-05,-0.00033083109840814656,0.003113430469317774
3,2025-06-26,0.028571429,0.0001324286980827672,-0.0004905037592953684,0.028929503792296474
3,2025-06-27,0.0,0.00018892924978949685,-9.527044144422566e-05,-9.365880834527119e-05
3,2025-06-28,0.0023419203,0.00024755867031394307,0.00014563205238108577,0.001948729554408753
3,2025-06-29,0.001242236,0.0003092754476168615,0.0013445168714032462,-0.00041155631760306693
3,2025-06-30,0.14285715,0.0003806914767210468,7.042451989990004e-05,0.14240603324673387
3,2025-07-01,0.0,0.0004758764035140641,-0.00042879631808454314,-4.708008542952095e-05
3,2025-07-02,0.0,0.0005784799524300671,-0.0006973117458289975,0.00011883179339893034
3,2025-07-03,0.0023419203,0.0006837037584356187,-0.0009017304254898618,0.0025599469441580248
3,2025-07-04,0.0,0.0007921128187009104,-0.000781352042221963,-1.0760776478947395e-05
3,2025-07-05,0.0025062656,0.0009022422963956907,-0.0009624436745875884,0.0025664670277639125
3,2025-07-06,0.0029154518,0.0010130425629331313,0.0018660460629008235,3.6363142951760215e-05
3,2025-07-07,0.049575996,0.001123075710424029,0.004229923130589265,0.04422299681285443
3,2025-07-08,0.0,0.0012316797306825902,-0.0011753268081931688,-5.6352922489421404e-05
3,2025-07-09,0.0017211704,0.0013328621192083172,-0.001235621035444721,0.0016239292978792819
3,2025-07-10,0.0,0.0014009243527705565,-0.0014896645080285796,8.874015525802315e-05
3,2025-07-11,0.0,0.0014483863607534673,-0.0015433365580401173,9.495019728665002e-05
3,2025-07-12,0.0,0.0014912931132273057,-0.0016183943125944488,0.00012710119936714314
3,2025-07-13,0.00084033614,0.0015248684951070872,0.0018080849147771435,-0.002492617267310725
3,2025-07-14,0.008086254,0.0015498793519440025,0.006415979941631141,0.00012039459532990518
3,2025-07-15,0.0,0.001569025843845457,-0.0015691140692444493,8.822539899230701e-08
3,2025-07-16,0.0,0.0015912852224017294,-0.001537978385537243,-5.330683686448649e-05
3,2025-07-17,0.0,0.001615646436494535,-0.0013103602224001374,-0.0003052862140943977
3,2025-07-18,0.071428575,0.0016418453614178367,-0.001391158044082389,0.07117788730434195
3,2025-07-19,0.0,0.001670102019633993,-0.001766959894898083,9.685787526409004e-05
3,2025-07-20,0.0,0.0017052102395809239,0.002095158377758734,-0.003800368617339658
3,2025-07-21,0.0,0.0017513475427505202,0.004294216095981071,-0.006045563638731591
3,2025-07-22,0.0,0.0017962590778769455,-0.0017472150786758713,-4.904399920107423e-05
3,2025-07-23,0.0019569471,0.0018468725116908028,-0.001788523988996999,0.0018985986251524182
3,2025-07-24,0.071428575,0.0018892550878449909,-0.0016152094268214556,0.07115452896065387
3,2025-07-25,0.14285715,0.0019211537545940826,-0.0017945100847842786,0.142730505573545
3,2025-07-26,0.0,0.001953058209200079,-0.0020649154958890356,0.00011185728668895657
3,2025-07-27,0.012987013,0.001985722133062542,0.010782745585366092,0.00021854525648925443
3,2025-07-28,0.0,0.0020153406583085466,-0.0006917990052823646,-0.0013235416530261819
3,2025-07-29,0.0,0.0019931079104908663,-0.002092912796703488,9.980488621262173e-05
3,2025-07-30,0.0,0.001947400776818134,-0.0019428924938009909,-4.508283017143214e-06
3,2025-07-31,0.071428575,0.0018995779051491522,-0.0017223341662584795,0.07125133088278673
3,2025-08-01,0.0,0.0018502015079550137,-0.0017777881176520394,-7.24133903029743e-05
3,2025-08-02,0.0,0.0018117324579833725,-0.0018019937810789034,-9.73867690446913e-06
3,2025-08-03,0.04761905,0.0017925521342722853,0.009004263569502517,0.0368222328022467
3,2025-08-04,0.0012210013,0.0017781354110300734,-0.0004448251654116725,-0.00011230898097920215
3,2025-08-05,0.0,0.0017682186333986684,-0.0019063309662355806,0.00013811233283691224
3,2025-08-06,0.0,0.001767137797265581,-0.0016556622844139414,-0.00011147551285163961
3,2025-08-07,0.0,0.001769478345779403,-0.0016676645656952048,-0.00010181378008419827
3,2025-08-08,0.0,0.0017835716768964693,-0.0017787283557239505,-4.8433211725187365e-06
3,2025-08-09,0.0,0.0018167613569731141,-0.0018465448193817685,2.978346240865436e-05
3,2025-08-10,0.0,0.0018399080787073602,0.008932310218310362,-0.010772218297017721
3,2025-08-11,0.025108228,0.0018716419661331746,-6.681844805452188e-05,0.023303403988201292
3,2025-08-12,0.14285715,0.001910064873287248,-0.0020624375164050696,0.14300952188647262
3,2025-08-13,0.21825397,0.0019477558577759,-0.0011121723033778782,0.21741838659178117
3,2025-08-14,0.071428575,0.0019774238493279546,-0.001815033406397051,0.07126618417874649
3,2025-08-15,0.0,0.0020072469936623727,-0.0019559306278992806,-5.131636576309216e-05
3,2025-08-16,0.0,0.002055362677073271,-0.002046939712103092,-8.422964970178966e-06
3,2025-08-17,0.010989011,0.0020643527012621987,0.008851506402614763,7.31521614605055e-05
3,2025-08-18,0.0025062656,0.002047512473210087,0.000355251205839058,0.00010350197052286974
3,2025-08-19,0.0,0.002016026101184482,-0.002144743899946993,0.00012871779876251098
3,2025-08-20,0.0040241447,0.0019643633278796824,-0.0006824537279939837,0.002742235127851013
3,2025-08-21,0.0,0.0017682855542502478,-0.001739204942202975,-2.9080612047272794e-05
3,2025-08-22,0.0,0.0014772387640893392,-0.002884440788857461,0.0014072020247681218
3,2025-08-23,0.04761905,0.0012656128070126908,-0.0024178268365098367,0.048771262535518646
3,2025-08-24,0.059523813,0.001063830626630449,0.008692765222017645,0.0497672175778465
3,2025-08-25,0.0,0.000851594610717806,0.00013168856486118737,-0.0009832831755789933
3,2025-08-26,0.0020554985,0.0006318443585930276,-0.002415364743408615,0.0038390189233544017
3,2025-08-27,0.0,0.0004115857928036725,-0.0004048010580477382,-6.784734755934285e-06
3,2025-08-28,0.0016611295,0.0004048728540053227,0.001253674640695392,2.5820339558873064e-06
3,2025-08-29,0.0,0.0004048766711969033,-0.003732018509594679,0.0033271418383977757
3,2025-08-30,0.0,0.0021254883820314772,-0.002501699870339331,0.0003762114883078538
3,2025-08-31,0.0,0.0027141816529470445,0.008275282088191184,-0.010989463741138229
3,2025-09-01,0.0026954177,0.0032947102865981725,-0.0004333414003854743,-0.00016595115607499246
3,2025-09-02,0.0,0.003867103312167043,-0.0031742719138208838,-0.0006928313983461591
3,2025-09-03,0.0,0.00562320325526266,-0.0036249437633198755,-0.0019982594919427847
3,2025-09-04,0.0,0.0056310362416824335,-0.005839691598119936,0.0002086553564375022
3,2025-09-05,0.0,0.0056310362416824335,-0.0056310362416824335,0.0
3,2025-09-06,0.0367884,0.005446477596409567,0.03140161980077346,-5.969713458880369e-05
3,2025-09-07,0.0029154518,0.005261918951136955,-0.0020619186040625,-0.00028454857828873973
3,2025-09-08,0.0,0.005077360305864193,-0.004472798170396869,-0.0006045621354673235
3,2025-09-09,0.0,0.004892801660591451,-0.003961516489373871,-0.0009312851712175796
3,2025-09-10,0.04761905,0.0047082430153187384,-0.003982897096574865,0.046893702587277625
3,2025-09-11,0.071428575,0.004484208704567609,-0.0034941486623515467,0.07043851457946135
3,2025-09-12,0.0,0.004336136200306048,-0.004339125724773213,2.9895244671651264e-06
3,2025-09-13,0.0,0.004735568568061751,-0.0033966325404777603,-0.0013389360275839909
3,2025-09-14,0.0,0.005150879437488989,-0.003961527007172677,-0.0011893524303163124
3,2025-09-15,0.035714287,0.005573339984258961,0.0310745113833156,-0.0009335640567358621
3,2025-09-16,0.0,0.00599860872458634,-0.0054029959752497445,-0.0005956127493365951
3,2025-09-17,0.0,0.006425900692220767,-0.0062113586078749086,-0.00021454208434585828
3,2025-09-18,0.0,0.006897178908891937,-0.007042873024624153,0.00014569411573221638
3,2025-09-19,0.0,0.006644052993913237,-0.012293538440499326,0.0056494854465860885
3,2025-09-20,0.0,0.00936382987639198,-0.008276567130497701,-0.001087262745894279
3,2025-09-21,0.0020408162,0.01052993547443319,-0.006419290500690448,-0.0020698287355927405
3,2025-09-22,0.071428575,0.011652656214272934,0.06313702593019332,-0.0033611075227888594
3,2025-09-23,0.0,0.01276681625037318,-0.0077679362177981125,-0.004998880032575068
3,2025-09-24,0.0,0.013888522125541942,-0.003411360474964079,-0.010477161650577863
3,2025-09-25,0.0,0.01617040515918191,-0.00259536835797281,-0.0135750368012091
3,2025-09-26,0.0,0.01617040515918191,-0.01617040515918191,0.0
3,2025-09-27,0.0,0.021282049987747638,-0.009345564030474394,-0.011936485957273243
3,2025-09-28,0.0,0.02639369481631323,-0.014279005266749292,-0.01211468954956394
3,2025-09-29,0.0,0.03150533964488033,-0.020371688253806287,-0.011133651391074043
3,2025-09-30,0.071428575,0.036616984473446315,0.043847448818073384,-0.0090358586698423
3,2025-10-01,0.0,0.041728629302012335,-0.00780768826419852,-0.03392094103781382
3,2025-10-02,0.071428575,0.04684027413057958,-0.012056854321821431,0.03664515481291925
3,2025-10-03,0.0,0.05195191895914433,-0.05195191895914433,0.0
3,2025-10-04,0.071428575,0.05195191895914433,0.017105377156345927,0.0023712785061871383
3,2025-10-05,0.0,0.05195191895914433,-0.055204801610239614,0.0032528826510952805
3,2025-10-06,0.2857143,0.05195191895914433,0.2313737991323849,0.002388580395180362
3,2025-10-07,0.0,0.05195191895914433,-0.05185440419408247,-9.751476506186102e-05
3,2025-10-08,0.071428575,0.05195191895914433,0.02324898921603156,-0.003772333553498493
3,2025-10-09,0.0025062656,0.05195191895914433,-0.04148854523652576,-0.00795710807304656
3,2025-10-10,0.0,0.07253817561311197,-0.07253817561311197,0.0
3,2025-10-11,0.0,0.017951943487603074,-0.017951943487603074,0.0
3,2025-10-12,0.0,0.008361817410903747,-0.008361817410903747,0.0
3,2025-10-13,0.010204082,0.001026297944236025,0.009177784410667196,0.0
3,2025-10-14,0.071428575,-0.0038174685344001813,0.07524604315607758,0.0
3,2025-10-15,0.0,-0.007771563379360905,0.007771563379360905,0.0
3,2025-10-16,0.0,-0.011045131375087327,0.011045131375087327,0.0
3,2025-10-17,0.0,0.09477047950719501,-0.09477047950719501,0.0
3,2025-10-18,0.0,-0.009548529155332013,0.009548529155332013,0.0
3,2025-10-19,0.0,-0.0037441015648948077,0.0037441015648948077,0.0
3,2025-10-20,0.0068027214,0.003796245087668952,0.0030064763270460995,0.0
3,2025-10-21,0.0,0.011527872158996491,-0.011527872158996491,0.0
3,2025-10-22,0.14516129,0.019169036746991025,0.12599224924944605,0.0
3,2025-10-23,0.0,0.02643467709014774,-0.02643467709014774,0.0
3,2025-10-24,0.15384616,0.2801534021559932,-0.12630724257862352,0.0
3,2025-10-25,0.003968254,0.02790558507798964,-0.023937330880600752,0.0
3,2025-10-26,0.010204082,0.02195996255741135,-0.011755880202508128,0.0
3,2025-10-27,0.17857143,0.014898085670566497,0.1636733471583367,0.0
3,2025-10-28,0.0,0.006478526010523074,-0.006478526010523074,0.0
3,2025-10-29,0.0,-0.0025892165746772763,0.0025892165746772763,0.0
3,2025-10-30,0.0,-0.012455732607145534,0.012455732607145534,0.0
3,2025-10-31,0.0,0.1540939322134517,-0.1540939322134517,0.0
4,2023-11-03,0.2,0.00639456602479263,-0.01456255040900686,0.20816798736444647
4,2023-11-04,0.008474576,0.005987447907584401,-0.001943135977600422,0.004430264356987591
4,2023-11-05,0.0054945056,0.005582637400334826,0.029568291299929522,-0.029656423067595614
4,2023-11-06,0.0,0.005180851917966547,-0.0033082619092563493,-0.0018725900087101974
4,2023-11-07,0.0,0.0047831368478170695,-0.00151551943306136,-0.0032676174147557094
4,2023-11-08,0.0,0.004391074622435191,-0.002496502616070287,-0.001894572006364904
4,2023-11-09,0.0,0.004007174781511461,-0.005997791248777005,0.0019906164672655437
4,2023-11-10,0.0,0.0036356556430357885,-0.00907925626125027,0.005443600618214482
4,2023-11-11,0.0,0.0026770685678623933,-5.0764706467862526e-05,-0.0026263038613945308
4,2023-11-12,0.0,0.002422632240162839,0.019665140523533575,-0.022087772763696414
4,2023-11-13,0.0,0.002488403774368013,-0.0030165038982897436,0.0005281001239217306
4,2023-11-14,0.0,0.002679218406374566,-0.0022075599668217073,-0.00047165843955285875
4,2023-11-15,0.0,0.00282600761897408,-0.0022907475452806705,-0.0005352600736934095
4,2023-11-16,0.0,0.0028764817805284598,-0.003420064196974808,0.0005435824164463482
4,2023-11-17,0.0,0.0028922926484112967,-0.003467547612100645,0.0005752549636893482
4,2023-11-18,0.0,0.0028475253047789226,0.001977914887521935,-0.004825440192300858
4,2023-11-19,0.005376344,0.0025706540569672277,0.00990479664563305,-0.007099106621585883
4,2023-11-20,0.0,0.002072568448203022,-0.0026553702029986056,0.0005828017547955837
4,2023-11-21,0.0,0.001468891073717548,-0.003255176968304641,0.001786285894587093
4,2023-11-22,0.0,0.0006649881074719013,-0.0024365379210740047,0.0017715498136021035
4,2023-11-23,0.0,-0.0005821789719618992,-0.0006633018888739578,0.001245480860835857
4,2023-11-24,0.0,-0.0022226219157730266,0.0023775560629958055,-0.0001549341472227789
4,2023-11-25,0.0,-0.0040544395893444074,0.004333302277617717,-0.0002788626882733094
4,2023-11-26,0.005376344,-0.006233727742388836,0.0006015268574410117,0.011008544965962219
4,2023-11-27,0.0,-0.0013054745183715003,-0.001731216625774734,0.0030366911441462342
4,2023-11-28,0.0,0.003273984022531251,-0.003857431997507571,0.0005834479749763201
4,2023-11-29,0.013888889,0.005221505201958233,-0.002072728238240205,0.010740112028651147
4,2023-11-30,0.0,0.007097401173127758,0.0028536938716950916,-0.00995109504482285
4,2023-12-01,0.0,0.009068917682957253,0.0025784819633586737,-0.011647399646315927
4,2023-12-02,0.0,0.013536324336482249,0.005662536229557995,-0.019198860566040244
4,2023-12-03,0.0,0.013536324336482249,-0.013536324336482249,0.0
4,2023-12-04,0.0,0.012587254835947791,0.0006005951487213705,-0.013187849984669162
4,2023-12-05,0.0,0.011329190407692213,-0.003717405326595692,-0.007611785081096521
4,2023-12-06,0.0,0.010978053080353248,-0.002049877120733468,-0.00892817595961978
4,2023-12-07,0.0,0.01157490413129366,0.02546994496475262,-0.03704484909604628
4,2023-12-08,0.2642857,0.0112393781096643,0.001361639373185436,0.2516846959513696
4,2023-12-09,0.014705882,0.011863376226198204,0.0031645304043662684,-0.00032202422283961543
4,2023-12-10,0.0,0.01477024590348129,-0.006892837832741064,-0.007877408070740225
4,2023-12-11,0.0125,0.013031375764001492,0.013151650167864709,-0.013683025745601686
4,2023-12-12,0.0,0.010619166594819984,-0.05489751213923336,0.04427834554441338
4,2023-12-13,0.0,0.009334591578880507,0.005115378694684899,-0.014449970273565406
4,2023-12-14,0.008928572,0.006712027498395019,0.012189405119650755,-0.009972860790336099
4,2023-12-15,0.0,0.002936603007679394,0.00151731787127704,-0.004453920878956434
4,2023-12-16,0.0,-0.00012116024781825822,-0.002121489463215268,0.002242649711033526
4,2023-12-17,0.0,-0.0015669497745451335,-0.019255360344636287,0.020822310119181422
4,2023-12-18,0.006849315,-0.0009722688003489505,-0.011605298990349958,0.019426882808160687
4,2023-12-19,0.0,0.0013650227867351042,0.0977180681445842,-0.0990830909313193
4,2023-12-20,0.0,0.005878647031062663,-0.01856288408750994,0.012684237056447275
4,2023-12-21,0.0,0.016741912340531732,-0.018322505318408764,0.0015805929778770315
4,2023-12-22,0.0,0.031473193548179575,-0.02259939082284781,-0.008873802725331763
4,2023-12-23,0.0,0.045852565698647575,-0.02304838119098433,-0.022804184507663246
4,2023-12-24,0.0,0.05710499980537714,-0.024381114140264885,-0.03272388566511225
4,2023-12-25,0.0,0.06377665964121423,-0.019531101844604437,-0.0442455577966098
4,2023-12-26,0.5,0.06623179579435949,0.15102926441328238,0.28273893979235815
4,2023-12-27,0.006849315,0.06590892320745471,-0.025411201664096644,-0.03364840652589629
4,2023-12-28,0.0,0.059112401168854044,-0.027820367666949865,-0.03129203350190418
4,2023-12-29,0.0,0.046500844117298226,-0.030514386681370954,-0.015986457435927273
4,2023-12-30,0.0,0.03099319313992729,-0.032563970135974694,0.0015707769960474037
4,2023-12-31,0.0,0.016232714791962078,-0.03214799947807261,0.015915284686110535
4,2024-01-01,0.009803922,0.006613659170934801,-0.03227661508887271,0.03546687783352867
4,2024-01-02,0.0,0.0044773458658395465,0.201422687963195,-0.20590003382903455
4,2024-01-03,0.0,0.00579812152898357,-0.03627444570169004,0.030476324172706473
4,2024-01-04,0.0,0.011274130277675555,-0.03342361295928257,0.022149482681607012
4,2024-01-05,0.0,0.019932601994187192,-0.027329699904560176,0.007397097910372984
4,2024-01-06,0.0,0.03051516751689824,-0.02989736739683735,-0.00061780012006089
4,2024-01-07,0.0064102565,0.041874603514294215,-0.0293133251388454,-0.006151021881612172
4,2024-01-08,0.0,0.04998262068989819,-0.03220568341219468,-0.017776937277703513
4,2024-01-09,0.33333334,0.0530391946825135,0.14061474070787172,0.13967940787705557
4,2024-01-10,0.0,0.054025144389423435,0.003917808676060386,-0.05794295306548382
4,2024-01-11,0.0,0.04701737381374698,-0.026684588284452145,-0.020332785529294836
4,2024-01-12,0.0,0.03104294056775498,-0.016541603180268736,-0.014501337387486244
4,2024-01-13,0.0,0.032317522815577863,-0.023954797207405093,-0.00836272560817277
4,2024-01-14,0.0,0.03068377569224375,-0.025649829138306064,-0.005033946553937685
4,2024-01-15,0.0,0.02442331385816987,-0.03534184986062591,0.010918536002456042
4,2024-01-16,0.0,0.02209784030680538,0.10522595092692896,-0.12732379123373433
4,2024-01-17,0.0,0.024566347755014387,0.02118985157884573,-0.04575619933386012
4,2024-01-18,0.0,0.027127934736364653,-0.023162760284211048,-0.003965174452153605
4,2024-01-19,0.0,0.021046933403305258,-0.018656982169887034,-0.0023899512334182235
4,2024-01-20,0.0,0.017335611961623046,-0.02017533753797392,0.0028397255763508746
4,2024-01-21,0.0,0.017777368840916984,-0.02055844458515831,0.0027810757442413257
4,2024-01-22,0.0,0.02167572758437858,-0.038939981449337156,0.017264253864958577
4,2024-01-23,0.0,0.028139404229163674,0.08380564653821099,-0.11194505076737465
4,2024-01-24,0.33333334,0.030931638057682193,0.02893533870144565,0.27346636650831296
4,2024-01-25,0.004761905,0.03166378074913369,-0.021806301982584868,-0.005095573822814413
4,2024-01-26,0.0036630037,0.033333963988954336,-0.015081862385963998,-0.014589097925488063
4,2024-01-27,0.0,0.03690415089629135,-0.011430288001722352,-0.025473862894569
4,2024-01-28,0.01010101,0.04507246853156304,-0.01389353311157063,-0.021077925328389608
4,2024-01-29,0.0,0.05358138066746465,-0.05038867002571557,-0.003192710641749079
4,2024-01-30,0.16666667,0.04281151431428587,0.12836984181734504,-0.004514684497910509
4,2024-01-31,0.0,0.035693839059014826,-0.031021288259497445,-0.00467255079951738
4,2024-02-01,0.0,0.03175792941345731,-0.02814608444777628,-0.0036118449656810277
4,2024-02-02,0.0,0.028164447907966548,-0.026379045678079006,-0.0017854022298875415
4,2024-02-03,0.0036630037,0.025179653910650593,-0.021939494626990515,0.00042284439384219705
4,2024-02-04,0.0,0.023422806143801718,-0.02504199228791587,0.0016191861441141528
4,2024-02-05,0.0,0.023725768057024997,-0.09338396174731114,0.06965819369028614
4,2024-02-06,0.0,0.023878930898139212,0.2715003834233624,-0.2953793143215016
4,2024-02-07,0.0,0.023326463515662966,-0.014056806203635995,-0.00926965731202697
4,2024-02-08,0.0,0.022730807483834534,-0.03913054307986973,0.0163997355960352
4,2024-02-09,0.0,0.022149972107451763,-0.033123226407768915,0.010973254300317151
4,2024-02-10,0.0,0.021572564955852528,-0.02372581750933784,0.002153252553485311
4,2024-02-11,0.0,0.020994327067175283,-0.020994327067175283,0.0
4,2024-02-12,0.0,0.020994327067175283,-0.0569013251728893,0.035906998105714016
4,2024-02-13,0.006802721,0.020994327067175283,0.12308433293222462,-0.13727593905034613
4,2024-02-14,0.0,0.02099414081920778,-0.012909122431828091,-0.008085018387379688
4,2024-02-15,0.06666667,0.012695222583592972,-0.013391043160058172,0.06736249072006947
4,2024-02-16,0.0,0.010621295199826412,-0.010967382118975034,0.00034608691914862245
4,2024-02-17,0.0,0.008546592671836745,-0.007076518177778615,-0.0014700744940581295
4,2024-02-18,0.0,0.0002491621133022131,-0.009492483456196927,0.009243321342894713
4,2024-02-19,0.01754386,0.0002492166459767906,0.0034792246256330856,0.01381541850822487
4,2024-02-20,0.0,0.0002492402709681572,0.0033878285669239217,-0.003637068837892079
4,2024-02-21,0.0,0.000249247767670148,-0.0002496720170532922,4.242493831441889e-07
4,2024-02-22,0.0,0.00033632630137158217,0.0028295183015754695,-0.003165844602947052
4,2024-02-23,0.0,0.00025937160997279005,0.0024493100129429537,-0.002708681622915744
4,2024-02-24,0.0,0.00012273906434759823,0.0019880209329027963,-0.0021107599972503945
4,2024-02-25,0.0,1.6363379198009638e-05,-0.006603411717193043,0.006587048337995033
4,2024-02-26,0.0,-4.948507344919512e-05,0.0013374504735334893,-0.0012879654000842941
4,2024-02-27,0.0,-7.668710692866257e-05,0.0010886541236334773,-0.0010119670167048147
4,2024-02-28,0.0,-0.0002491523754382967,-0.0008556318802591895,0.0011047842556974861
4,2024-02-29,0.0,-0.0003566688872505121,0.0006946765491094869,-0.00033800766185897483
4,2024-03-01,0.0,-0.00035687547118756817,0.0005622724523518694,-0.00020539698116430128
4,2024-03-02,0.0,-0.00029854923927816364,0.00040902595364046925,-0.00011047671436230561
4,2024-03-03,0.0,-0.00023156989505639233,0.0002932673433289608,-6.169744827256847e-05
4,2024-03-04,0.0,-0.00017281655245902572,0.00018835754308804583,-1.5540990629020116e-05
4,2024-03-05,0.0,-0.00011874443678460249,0.00012307445167024052,-4.3300148856380315e-06
4,2024-03-06,0.0,-6.30914503373965e-05,-0.0005289216781900332,0.0005920131285274298
4,2024-03-07,0.0,-1.8137526889507497e-05,5.873454479249842e-05,-4.0597017902990916e-05
4,2024-03-08,0.0,5.366942160361741e-06,6.242358724756395e-05,-6.77905294079257e-05
4,2024-03-09,0.0,9.275180442830156e-06,4.960666416098568e-05,-5.8881844603815835e-05
4,2024-03-10,0.0,1.9728146275290646e-06,3.755645252589674e-05,-3.95292671534258e-05
4,2024-03-11,0.0,-9.710263553180695e-06,3.2977158125316436e-05,-2.326689457213574e-05
4,2024-03-12,0.0,-1.6424988538583423e-05,2.087700285225436e-05,-4.452014313670936e-06
4,2024-03-13,0.0,-1.2724296278254689e-05,-3.160620168468273e-06,1.5884916446722962e-05
4,2024-03-14,0.0,-7.669300563769632e-06,-6.953517565921567e-06,1.46228181296912e-05
4,2024-03-15,0.0,-4.072701428083051e-06,-3.3255424158802536e-06,7.398243843963305e-06
4,2024-03-16,0.0,-1.3857086074004176e-06,-2.6968800447075236e-06,4.082588652107941e-06
4,2024-03-17,0.004901961,4.028087678939365e-07,1.1433311579412543e-06,0.004900414817869546
4,2024-03-18,0.0,1.0841965774235022e-06,3.314421967931326e-06,-4.398618545354828e-06
4,2024-03-19,0.0,9.976509379566335e-07,3.4059187428954844e-06,-4.403569680852118e-06
4,2024-03-20,0.0,7.454068003026182e-07,-5.188612427421457e-07,-2.2654555756047244e-07
4,2024-03-21,0.0,6.316334486941235e-07,-3.4432043087054e-06,2.8115708600112766e-06
4,2024-03-22,0.0,7.333998377067012e-07,-4.303565050929118e-06,3.5701652132224165e-06
4,2024-03-23,0.0035842294,9.452488140209533e-07,-1.617608097747585e-06,0.0035849017466266565
4,2024-03-24,0.0,1.0735735530436883e-06,-1.539535868499843e-06,4.659623154561546e-07
4,2024-03-25,0.0,1.0272824693533611e-06,2.775342413155277e-07,-1.3048167106688888e-06
4,2024-03-26,0.0,8.071346494412636e-07,4.000125942288464e-07,-1.20714724367011e-06
4,2024-03-27,0.0,5.152534240068421e-07,-3.641878796595994e-07,-1.5106554434724272e-07
4,2024-03-28,0.003236246,3.2586572882464264e-07,1.0760808039352401e-08,0.003235909435905796
4,2024-03-29,0.0,2.790328756899386e-07,-8.025456115445493e-07,5.235127358546108e-07
4,2024-03-30,0.0,2.845605959900772e-07,4.96773357198245e-07,-7.813339531883222e-07
4,2024-03-31,0.0,3.144401297592965e-07,-1.147478859353203e-06,8.330387295939066e-07
4,2024-04-01,0.0,3.3350324870417813e-07,-1.4505543992876816e-07,-1.8844780877540997e-07
4,2024-04-02,0.0,3.248171490066064e-07,-2.6720410294332727e-07,-5.7613046063279114e-08
4,2024-04-03,0.0,3.047482015743278e-07,-3.5723253131709684e-07,5.248432974276905e-08
4,2024-04-04,0.0,2.7856341487570324e-07,-1.353449972854383e-07,-1.4321841759026492e-07
4,2024-04-05,0.0,2.463847642312885e-07,-2.5569192440718046e-07,9.30716017589194e-09
4,2024-04-06,0.0,2.0949648607434612e-07,-4.6593643120560653e-07,2.564399451312604e-07
4,2024-04-07,0.0,1.833056514377864e-07,-1.967147248579279e-07,1.3409073420141509e-08
4,2024-04-08,0.0,1.5897953584933152e-07,-3.676150922240633e-08,-1.222180266269252e-07
4,2024-04-09,0.0,1.3194842555327577e-07,-4.1149120316111245e-08,-9.079930523716453e-08
4,2024-04-10,0.0,1.0385212302772207e-07,-4.67634758423184e-08,-5.708864718540367e-08
4,2024-04-11,0.0,7.672842502023885e-08,-1.7516437708567157e-07,9.843595206543272e-08
4,2024-04-12,0.0,5.692333824674997e-08,-2.894520838456614e-08,-2.797812986218383e-08
4,2024-04-13,0.0,4.6625828399591626e-08,-2.1233840334768066e-08,-2.539198806482356e-08
4,2024-04-14,0.0,3.984682882283734e-08,-3.24809694917963e-08,-7.365859331041042e-09
4,2024-04-15,0.0,3.1948233829487355e-08,-2.5478134475252685e-08,-6.4700993542346705e-09
4,2024-04-16,0.0,2.3326942568699677e-08,-2.3451422569792914e-08,1.2448000109323743e-10
4,2024-04-17,0.0,1.6784231324677123e-08,-1.7861725787555e-08,1.0774944628778786e-09
4,2024-04-18,0.0,1.3141013501074118e-08,-8.634220535667491e-09,-4.506792965406627e-09
4,2024-04-19,0.0,1.041327784105682e-08,-7.196462971877959e-09,-3.2168148691788605e-09
4,2024-04-20,0.0,7.825695036567534e-09,-3.427809381010929e-09,-4.3978856555566055e-09
4,2024-04-21,0.33333334,5.694158506537501e-09,-2.8730535103906135e-09,0.3333333404463358
4,2024-04-22,0.0,4.1375723935286374e-09,-1.481696561478431e-09,-2.6558758320502064e-09
4,2024-04-23,0.0,3.0567910632062355e-09,-2.2442304888978953e-09,-8.125605743083402e-10
4,2024-04-24,0.0,2.4661288690492136e-09,-3.5281974524603936e-09,1.06206858341118e-09
4,2024-04-25,0.0,2.3126270474350697e-09,2.5326736073602564e-09,-4.845300654795326e-09
4,2024-04-26,0.0,2.5538037927699794e-09,-5.4509017200055645e-09,2.897097927235585e-09
4,2024-04-27,0.0,3.231366753604892e-09,-5.889848621984641e-09,2.6584818683797488e-09
4,2024-04-28,0.0,4.640999680312339e-09,5.170736685351436e-09,-9.811736365663775e-09
4,2024-04-29,0.0,6.414644088815947e-09,-6.27151262768892e-09,-1.4313146112702737e-10
4,2024-04-30,0.0,8.07793955272385e-09,-6.614162667014237e-09,-1.4637768857096136e-09
4,2024-05-01,0.0,8.779486606046057e-09,-7.126109098678758e-09,-1.6533775073672986e-09
4,2024-05-02,0.004901961,8.10158559166131e-09,7.900421181013657e-09,0.004901944955788609
4,2024-05-03,0.0,6.28942483340561e-09,-2.9578348033675357e-08,2.3288923200269747e-08
4,2024-05-04,0.0,3.4811715002674055e-09,-7.513494568347025e-09,4.032323068079619e-09
4,2024-05-05,0.0023640662,-5.691098848846077e-10,7.144883625685584e-09,0.0023640596208318225
4,2024-05-06,0.0,-6.905018841378588e-09,4.802103792299209e-10,6.4248084621486674e-09
4,2024-05-07,0.0,-1.72302724281002e-08,6.6016992661927845e-09,1.0628573161907415e-08
4,2024-05-08,0.0,-3.1632249348082894e-08,1.956984053064577e-08,1.2062408817437123e-08
4,2024-05-09,0.0,-5.0579622171165896e-08,4.1112598891126667e-08,9.467023280039229e-09
4,2024-05-10,0.0,-7.297778677792141e-08,4.6309984974818353e-08,2.6667801803103056e-08
4,2024-05-11,0.0,-9.872237249422583e-08,6.109708984138756e-08,3.762528265283827e-08
4,2024-05-12,0.0,-1.2702312672712796e-07,1.7723514142950695e-07,-5.021201470237899e-08
4,2024-05-13,0.0,-1.5851491250975452e-07,4.9009252098383995e-08,1.0950566041137054e-07
4,2024-05-14,0.0,-1.9137021108959242e-07,3.666959280492257e-07,-1.753257169596333e-07
4,2024-05-15,0.0,-2.2718516802793298e-07,6.81331336973889e-08,1.5905203433054408e-07
4,2024-05-16,0.0,-2.59438698898684e-07,3.143285413978469e-07,-5.4889842499162915e-08
4,2024-05-17,0.16666667,-2.8321076930383404e-07,-1.704842489155121e-08,0.1666669718929146
4,2024-05-18,0.0,-3.02136557157999e-07,3.780761921207487e-07,-7.593963496274969e-08
4,2024-05-19,0.0,-3.2797901638355513e-07,2.407833093528879e-07,8.719570703066723e-08
4,2024-05-20,0.0,-3.4366907188055287e-07,5.870093484930886e-07,-2.433402766125357e-07
4,2024-05-21,0.0,-3.5782918830814375e-07,2.471496108360767e-07,1.1067957747206706e-07
4,2024-05-22,0.0,-4.082854199098919e-07,3.256519122394047e-07,8.26335076704872e-08
4,2024-05-23,0.0,-5.130891073440541e-07,-7.950536571984727e-09,5.210396439160388e-07
4,2024-05-24,0.0,-6.021449408068036e-07,1.420027375856036e-06,-8.178824350492323e-07
4,2024-05-25,0.0,-5.97769834318441e-07,-6.609087458829952e-07,1.2586785802014362e-06
4,2024-05-26,0.06666667,-5.104315092253645e-07,-2.0253004380502807e-06,0.06666920587555156
4,2024-05-27,0.0,-2.706104081935052e-07,2.2954648979336797e-06,-2.0248544897401745e-06
4,2024-05-28,0.16666667,8.265561528258971e-08,-3.7399867606934744e-07,0.16666696297678119
4,2024-05-29,0.0,4.3997387565427436e-07,6.597060160514035e-07,-1.0996798917056778e-06
4,2024-05-30,0.0,8.179271549874893e-07,-1.0345717778606895e-06,2.1664462287320017e-07
4,2024-05-31,0.0,1.1828730378307958e-06,1.0011064991581677e-06,-2.1839795369889635e-06
4,2024-06-01,0.0,1.4421229540519273e-06,-4.817437243379467e-06,3.3753142893275393e-06
4,2024-06-02,0.0,1.5601149196369223e-06,-6.577300894541479e-06,5.017185974904557e-06
4,2024-06-03,0.0,1.7279986301547234e-06,3.4140805597699567e-07,-2.069406686131719e-06
4,2024-06-04,0.0,2.2689163607121265e-06,-4.544973185749134e-06,2.2760568250370074e-06
4,2024-06-05,0.0,3.1849913068271497e-06,5.158188028764219e-06,-8.343179335591368e-06
4,2024-06-06,0.0,4.672119705086098e-06,-1.9287288589888336e-06,-2.7433908460972643e-06
4,2024-06-07,0.00877193,6.507711716365221e-06,7.537402077237825e-06,0.00875788477612377
4,2024-06-08,0.0,7.647324541689392e-06,-3.460486521087708e-06,-4.186838020601684e-06
4,2024-06-09,0.0,6.957015521211235e-06,-1.438664100564896e-05,7.429625484437725e-06
4,2024-06-10,0.002710027,5.328408139867924e-06,-1.7586642759465536e-05,0.002722285156324009
4,2024-06-11,0.0,4.0394980809477814e-06,-2.24935580109681e-05,1.845405993002032e-05
4,2024-06-12,0.004385965,3.5813457277512757e-06,2.7969171238925244e-05,0.004354414427992011
4,2024-06-13,0.0,3.737692192145766e-06,-8.34084786747102e-06,4.603155675325254e-06
4,2024-06-14,0.0,3.6051132542391115e-06,2.137055163234723e-05,-2.497566488658634e-05
4,2024-06-15,0.0,3.08291164652716e-06,2.314618014180713e-05,-2.622909178833429e-05
4,2024-06-16,0.0,2.1894493013245938e-06,1.3545201453304064e-05,-1.573465075462866e-05
4,2024-06-17,0.0,1.0723503847295667e-07,-5.2695504654279265e-05,5.258826961580631e-05
4,2024-06-18,0.0,-3.274888156451036e-06,-4.6264304830588976e-05,4.953919298704001e-05
4,2024-06-19,0.0,-8.034998980414261e-06,4.739061521415709e-05,-3.935561623374283e-05
4,2024-06-20,0.0,-1.5792084788381923e-05,-4.201122298466803e-05,5.7803307773049954e-05
4,2024-06-21,0.0,-2.6858568770853535e-05,3.3004166400294894e-05,-6.14559762944136e-06
4,2024-06-22,0.0,-3.674176171688316e-05,4.215442624850709e-05,-5.4126645316239305e-06
4,2024-06-23,0.0,-3.8124032326700097e-05,8.027134363095188e-05,-4.214731130425178e-05
4,2024-06-24,0.0,-3.782706026327683e-05,-8.093251674933126e-05,0.0001187595770126081
4,2024-06-25,0.0,-4.4238733547853e-05,-3.531614047492882e-05,7.955487402278182e-05
4,2024-06-26,0.0,-5.330665665522551e-05,7.47249499216235e-05,-2.1418293266397986e-05
4,2024-06-27,0.004901961,-6.144265112807549e-05,-7.499409066855691e-05,0.005038397699592014
4,2024-06-28,0.0,-6.88949653382061e-05,-2.358721790273278e-05,9.248218324093887e-05
4,2024-06-29,0.0,-7.314972833991082e-05,-9.209304057140447e-06,8.235903239705127e-05
4,2024-06-30,0.0,-6.855384185089038e-05,0.0002406068313391349,-0.00017205298948824453
4,2024-07-01,0.0,-5.855030300834706e-05,-5.03831919931615e-05,0.00010893349500150855
4,2024-07-02,0.0,-4.7011947939705993e-05,-1.1923845593753542e-05,5.8935793533459534e-05
4,2024-07-03,0.0,-3.1466609776298736e-05,0.00016644735296721447,-0.00013498074319091575
4,2024-07-04,0.0,-5.768501864316716e-06,-8.371875059161245e-06,1.414037692347796e-05
4,2024-07-05,0.0,4.785810394563556e-05,-7.916349265111778e-05,3.1305388705482216e-05
4,2024-07-06,0.0,0.00014335549632641143,-0.00011377692782523646,-2.9578568501174976e-05
4,2024-07-07,0.0,0.00023787666383718253,0.000650606271597406,-0.0008884829354345885
4,2024-07-08,0.0,0.00027426320979957654,-0.0002658404634994574,-8.422746300119151e-06
4,2024-07-09,0.0,0.00017871297660286754,-0.00014272725064425269,-3.598572595861485e-05
4,2024-07-10,0.0,-0.00016510288993686366,0.0005833250065704937,-0.00041822211663363005
4,2024-07-11,0.0,-0.0006050035421049235,0.0009454811762728793,-0.00034047763416795583
4,2024-07-12,0.0,-0.0008888544970943726,0.0005851952924370418,0.00030365920465733086
4,2024-07-13,0.0,-0.0010559597345809772,0.0010559597345809772,0.0
4,2024-07-14,0.0,-0.0010559597345809772,0.004059644880226997,-0.0030036851456460194
4,2024-07-15,0.0,-0.0010559597345809772,0.0040345390111481225,-0.0029785792765671453
4,2024-07-16,0.0,-0.0010559597345809772,0.006675890427264871,-0.005619930692683894
4,2024-07-17,0.0,-0.0010559597345809772,-0.006421493890261873,0.00747745362484285
4,2024-07-18,0.0,-0.0010559597345809772,0.014107399923323228,-0.013051440188742252
4,2024-07-19,0.0,-0.0010559597345809772,0.016065077672031525,-0.015009117937450547
4,2024-07-20,0.0,-0.014252186874834698,0.014252186874834698,0.0
4,2024-07-21,0.0,0.04748639996396324,-0.04748639996396324,0.0
4,2024-07-22,0.0,0.0717712908790564,-0.0717712908790564,0.0
4,2024-07-23,0.0,0.10133121097628779,-0.10133121097628779,0.0
4,2024-07-24,0.33333334,0.17137209191987673,0.16196125134756406,0.0
4,2024-07-25,0.0,0.036081149917705085,-0.0333927441939947,-0.002688405723710388
4,2024-07-26,0.0,0.036081149917705085,0.053935426273230794,-0.09001657619093588
4,2024-07-27,0.0,0.036081149917705085,-0.007132502717552454,-0.02894864720015263
4,2024-07-28,0.007246377,0.036081149917705085,-0.0356086209459866,0.006773847974850006
4,2024-07-29,0.0,0.036081149917705085,0.06523407636177496,-0.10131522627948004
4,2024-07-30,0.0,0.036081149917705085,-0.040513607361482,0.004432457443776912
4,2024-07-31,0.0,0.036081149917705085,-0.036081149917705085,0.0
4,2024-08-01,0.33333334,0.05923670706724653,0.09057141081644923,0.18352522538374505
4,2024-08-02,0.0,0.08239226421678812,0.05010002703629158,-0.1324922912530797
4,2024-08-03,0.083333336,0.09411009320003981,0.0011965778260379784,-0.01197333520921759
4,2024-08-04,0.0,0.09160060422074945,-0.06805419455422511,-0.02354640966652434
4,2024-08-05,0.0,0.09759313409445873,0.07676945013074463,-0.17436258422520334
4,2024-08-06,0.004830918,0.15332914944595072,-0.13484515255335666,-0.013653079083435493
4,2024-08-07,0.0,0.19787709107562365,-0.198170049964491,0.00029295888886735066
4,2024-08-08,0.0052083335,0.06102058008368212,0.10969156366611593,-0.16550381026124428
4,2024-08-09,0.0,-0.006312180615114533,0.07654000311899616,-0.07022782250388163
4,2024-08-10,0.0,-0.004051298444330399,0.021367092117261805,-0.017315793672931408
4,2024-08-11,0.0,-0.021739212837810114,0.011805133723114758,0.009934079114695356
4,2024-08-12,0.0,-0.048080092744177114,0.1072994530090922,-0.05921936026491509
4,2024-08-13,0.0,-0.07397526892961317,0.10703799672210201,-0.03306272779248884
4,2024-08-14,0.0,-0.08492994327925599,-0.4076729779678006,0.4926029212470566
4,2024-08-15,0.0,-0.08753584922538579,0.09341574227473416,-0.00587989304934837
4,2024-08-16,0.0,-0.08222841541292158,0.08194866676043241,0.00027974865248917014
4,2024-08-17,0.0074074077,-0.07130179750680007,0.010768829683709137,0.0679403755650846
4,2024-08-18,0.0,-0.06095721169901304,0.002512144930119118,0.058445066768893925
4,2024-08-19,0.0,-0.05150278439141065,0.04956379076181209,0.0019389936295985608
4,2024-08-20,0.0,-0.04196755833780158,-0.007905933968343045,0.04987349230614463
4,2024-08-21,0.0,-0.03219286073861444,-0.11774600241742743,0.14993886315604188
4,2024-08-22,0.0,-0.022179176218737367,0.05233807001669259,-0.030158893797955225
4,2024-08-23,0.0,-0.012879825079011562,0.04190625557352924,-0.02902643049451768
4,2024-08-24,0.0,-0.004174607877437095,0.001650650317736247,0.0025239575597008476
4,2024-08-25,0.0,0.0033985305239873894,-0.004911365680385702,0.0015128351563983124
4,2024-08-26,0.0,0.007017596714834307,-0.005169523855948525,-0.001848072858885782
4,2024-08-27,0.0,0.010678875315619066,-0.01843181618695218,0.007752940871333113
4,2024-08-28,0.0,0.006375707367936875,-0.016091729451694254,0.009716022083757379
4,2024-08-29,0.0,0.005611100128297835,0.019849002388560508,-0.025460102516858343
4,2024-08-30,0.0066666664,0.005989172560916358,0.02396451460970954,-0.02328702080819127
4,2024-08-31,0.0,0.0066131508726707516,-0.0007804517132463723,-0.005832699159424379
4,2024-09-01,0.0,0.009016233921124708,-0.0032237115600275796,-0.005792522361097128
4,2024-09-02,0.0,0.010005218668458727,0.005553751004295664,-0.015558969672754391
4,2024-09-03,0.0,0.008122125998948612,-0.008423612837206931,0.0003014868382583188
4,2024-09-04,0.0,0.006279948424235785,-0.005846067023426062,-0.00043388140080972276
4,2024-09-05,0.0,0.005203725047902615,-0.00443463622849543,-0.0007690888194071856
4,2024-09-06,0.0,0.004436686188357367,-0.003061943974891129,-0.0013747422134662377
4,2024-09-07,0.0,0.0036864348702517463,0.003764953973310184,-0.00745138884356193
4,2024-09-08,0.0026666669,0.0029686371490045254,0.0015557053920028782,-0.0018576756700706522
4,2024-09-09,0.0,0.0022653811881530486,0.0014624251296183673,-0.003727806317771416
4,2024-09-10,0.0,0.0016452684636694892,-0.0016935853420596706,4.831687839018141e-05
4,2024-09-11,0.0,0.0011466483102655744,-0.0010505727308642626,-9.60755794013118e-05
4,2024-09-12,0.030303031,0.0007798961799801166,-0.0014088501433191349,0.030931985169470003
4,2024-09-13,0.0,0.0005624672832471769,-0.0003956266862399499,-0.000166840597007227
4,2024-09-14,0.0,0.0004194676305664919,0.0007799058395381235,-0.0011993734701046155
4,2024-09-15,0.00243309,0.0002917699453467227,0.001586072494106078,0.0005552475656171703
4,2024-09-16,0.0,0.00016924164438225195,0.0007677973308045083,-0.0009370389751867603
4,2024-09-17,0.0,7.943488847913395e-05,-0.000514081728390372,0.00043464683991123807
4,2024-09-18,0.0,3.85959657519553e-05,-0.00028318416260417125,0.00024458819685221596
4,2024-09-19,0.0,2.5502516053460717e-05,-0.0005783476881631971,0.0005528451721097363
4,2024-09-20,0.33333334,2.1650790632499345e-05,-0.00024348498426279873,0.3335551774610711
4,2024-09-21,0.0,3.5107928973808805e-06,0.0002534764119244825,-0.0002569872048218634
4,2024-09-22,0.0,-2.7558952035696296e-05,0.00046377472505534716,-0.0004362157730196509
4,2024-09-23,0.0,-7.377139530652988e-05,0.0002141604032747651,-0.00014038900796823522
4,2024-09-24,0.0,-0.00010510693054654307,-1.0038235513425766e-05,0.00011514516605996883
4,2024-09-25,0.0,-0.00010045138958584517,6.475727917522301e-06,9.397566166832287e-05
4,2024-09-26,0.0,-7.250930402149628e-05,0.0001097801024033102,-3.727079838181392e-05
4,2024-09-27,0.0,-4.529565644515214e-05,-8.167731883806113e-05,0.00012697297528321328
4,2024-09-28,0.0,-2.6787771235884905e-05,1.2884364617695222e-05,1.3903406618189683e-05
4,2024-09-29,0.0,-1.8984927880981532e-05,5.6864215223228064e-05,-3.7879287342246535e-05
4,2024-09-30,0.0,-1.6650791644762667e-05,1.976709421406722e-05,-3.1163025693045537e-06
4,2024-10-01,0.0,-1.4776620034039237e-05,2.252237195141729e-05,-7.745751917378053e-06
4,2024-10-02,0.0,-1.3120140178781436e-05,1.8543653508058125e-05,-5.4235133292766895e-06
4,2024-10-03,0.0,-1.1804122361970566e-05,9.960042079100076e-06,1.84408028287049e-06
4,2024-10-04,0.0,-9.101564262209226e-06,7.46198367790848e-06,1.639580584300746e-06
4,2024-10-05,0.0,-6.2008901097491725e-06,-5.126237699313703e-06,1.1327127809062875e-05
4,2024-10-06,0.0,-4.1338143640454765e-06,-4.482708015585687e-06,8.616522379631163e-06
4,2024-10-07,0.0,-2.535768608726333e-06,5.750807393784411e-07,1.9606878693478917e-06
4,2024-10-08,0.0,-1.3533634697126221e-06,5.145219491420889e-06,-3.7918560217082666e-06
4,2024-10-09,0.0,-6.828319384867671e-07,5.796308979296081e-06,-5.113477040809314e-06
4,2024-10-10,0.0,-4.82493488260918e-07,3.3824797571020416e-06,-2.8999862688411235e-06
4,2024-10-11,0.0,-5.197711220648637e-07,-2.703119189102464e-08,5.468023139558884e-07
4,2024-10-12,0.0,-3.826775250786622e-07,-3.2030572134934365e-06,3.5857347385720986e-06
4,2024-10-13,0.0,-2.635475603173781e-07,-4.363999569469996e-06,4.627547129787374e-06
4,2024-10-14,0.0,-5.039732876115029e-07,-2.2448526310890402e-06,2.748825918700543e-06
4,2024-10-15,0.0,-1.2510915248065057e-06,8.415463218861592e-07,4.0954520292034653e-07
4,2024-10-16,0.0,-2.4226851022013453e-06,5.9819430092137334e-06,-3.559257907012388e-06
4,2024-10-17,0.0,-3.845804583098579e-06,-8.321317498787336e-06,1.2167122081885915e-05
4,2024-10-18,0.0,-4.500694907471092e-06,1.2760174662261996e-05,-8.259479754790904e-06
4,2024-10-19,0.0,-2.5575713305035224e-06,1.12936846261135e-05,-8.736113295609977e-06
4,2024-10-20,0.0,-2.8440846452479904e-07,8.998545493697702e-06,-8.714137029172904e-06
4,2024-10-21,0.0,-1.1461523482877115e-07,8.641984202991418e-06,-8.527368968162646e-06
4,2024-10-22,0.0,-2.269923949500464e-06,7.318576105005708e-06,-5.048652155505244e-06
4,2024-10-23,0.0,-5.80811265989884e-06,1.902093150112684e-05,-1.3212818841228001e-05
4,2024-10-24,0.0,-9.91126568379467e-06,-0.00014571035851524355,0.0001556216241990382
4,2024-10-25,0.0,-1.0173066925549557e-05,5.829366828926027e-05,-4.812060136371071e-05
4,2024-10-26,0.0,5.6663548702184155e-06,5.774609067312203e-05,-6.341244554334044e-05
4,2024-10-27,0.0,3.549005480487751e-05,5.052448905559541e-05,-8.601454386047291e-05
4,2024-10-28,0.0,7.616925969247774e-05,3.793210416644399e-05,-0.00011410136385892172
4,2024-10-29,0.0,0.0001319649959448127,1.6648969873312827e-05,-0.00014861396581812553
4,2024-10-30,0.0,0.00021116609690495015,2.433245985826778e-05,-0.00023549855676321794
4,2024-10-31,0.0,0.0003176335836646625,-0.00040204091929171094,8.440733562704844e-05
4,2024-11-01,0.0,0.0005234483135788182,0.0001598463916650323,-0.0006832947052438505
4,2024-11-02,0.0,0.000714962931173247,0.00014291756274776318,-0.0008578804939210102
4,2024-11-03,0.0,0.000880863308400598,6.083419643381592e-05,-0.0009416975048344139
4,2024-11-04,0.0,0.0010535939495665608,-0.00011782206774362211,-0.0009357718818229387
4,2024-11-05,0.0,0.0012258212156821204,-0.0004034321459186979,-0.0008223890697634224
4,2024-11-06,0.0,0.0013936210532811437,-0.0007456171895781128,-0.0006480038637030308
4,2024-11-07,0.0,0.0015588844089460417,-0.0015588844089460417,0.0
4,2024-11-08,0.0,0.0015588844089460417,-0.000294660395070828,-0.0012642240138752137
4,2024-11-09,0.0,0.0015588844089460417,0.0004088814183367927,-0.0019677658272828345
4,2024-11-10,0.0,0.0015588844089460417,0.0016931667609458437,-0.0032520511698918854
4,2024-11-11,0.0,0.0015588844089460417,0.01932486635574354,-0.02088375076468958
4,2024-11-12,0.0,0.0015588844089460417,0.005458052100475665,-0.007016936509421707
4,2024-11-13,0.009803922,0.0015588844089460417,0.007137722445666358,0.0011073150609783634
4,2024-11-14,0.0046296297,-0.0014354403333913263,0.006065069997514385,0.0
4,2024-11-15,0.0,0.013201180561819521,-0.013201180561819521,0.0
4,2024-11-16,0.0,0.04508335921076896,-0.04508335921076896,0.0
4,2024-11-17,0.0,0.09267437976466103,-0.09267437976466103,0.0
4,2024-11-18,0.33333334,0.3104756731849708,0.022857670082469993,0.0
4,2024-11-19,0.0,0.010855704926375921,0.014418772273354058,-0.02527447719972998
4,2024-11-20,0.0,0.010855704926375921,0.005911652676569592,-0.016767357602945513
4,2024-11-21,0.0,0.010855704926375921,-0.03435700300066004,0.023501298074284117
4,2024-11-22,0.16666667,0.010855704926375921,0.15944181074411026,-0.003630844036765786
4,2024-11-23,0.0,0.010855704926375921,-0.010603834345873135,-0.000251870580502786
4,2024-11-24,0.0,0.010855704926375921,-0.011702971683598795,0.000847266757222874
4,2024-11-25,0.0,0.010855704926375921,-0.010855704926375921,0.0
4,2024-11-26,0.0,0.010855704926375921,-0.008599068768945901,-0.0022566361574300198
4,2024-11-27,0.0,0.010855704926375921,-0.00550885338315725,-0.005346851543218671
4,2024-11-28,0.0,0.010855704926375921,-0.001980287688756757,-0.008875417237619164
4,2024-11-29,0.008333334,0.010855704926375921,0.010100024303968485,-0.012622395462393871
4,2024-11-30,0.0,0.010855704926375921,0.005621808889544996,-0.016477513815920917
4,2024-12-01,0.0,0.010855704926375921,0.009497754013514957,-0.02035345893989088
4,2024-12-02,0.0,-0.013312785809711899,0.013312785809711899,0.0
4,2024-12-03,0.0,0.012846905730382836,-0.012846905730382836,0.0
4,2024-12-04,0.0,0.009537022458264714,-0.009537022458264714,0.0
4,2024-12-05,0.0,0.015435195334039118,-0.015435195334039118,0.0
4,2024-12-06,0.0,0.01454559134920844,-0.01454559134920844,0.0
4,2024-12-07,0.0,-0.00209949017350561,0.00209949017350561,0.0
4,2024-12-08,0.0,0.016717838044644637,-0.016717838044644637,0.0
4,2024-12-09,0.0,-0.024466547089001,0.024466547089001,0.0
4,2024-12-10,0.0,0.006166717892543224,-0.006166717892543224,0.0
4,2024-12-11,0.0,-0.0008064035016017983,-0.006792264456531296,0.0075986679581330945
4,2024-12-12,0.0,-0.002563098956637309,-0.007572947344056308,0.010136046300693617
4,2024-12-13,0.04761905,-0.002724174299365763,0.04077686761278304,0.009566355192604221
4,2024-12-14,0.0,-0.0027631480035450427,0.0013872204152027487,0.001375927588342294
4,2024-12-15,0.0,-0.0028150351579586544,-0.003712817541773641,0.006527852699732295
4,2024-12-16,0.0,-0.002936762858119068,-0.0014819816429753841,0.004418744501094452
4,2024-12-17,0.0,-0.0030799956799494304,0.0008064035016017983,0.0022735921783476323
4,2024-12-18,0.0,-0.0032017141051191534,0.002857281714428868,0.00034443239069028523
4,2024-12-19,0.0,-0.005381794945033493,0.005730140565959512,-0.00034834562092601884
4,2024-12-20,0.0,-0.007896200740710551,-0.06045652925976185,0.0683527300004724
4,2024-12-21,0.0025445293,-0.010423204353821788,0.013003809055806436,-3.607543160391233e-05
4,2024-12-22,0.0,-0.01296628998811131,0.01234226945481388,0.00062402053329743
4,2024-12-23,0.0,-0.015518103325614754,0.014142359035754223,0.0013757442898605313
4,2024-12-24,0.0,-0.018061277856422992,0.007629636620691443,0.010431641235731549
4,2024-12-25,0.0024875621,-0.0104592797854257,0.0076531256430537025,0.005293716273508654
4,2024-12-26,0.0,-0.0104592797854257,0.010833479518191084,-0.0003741997327653835
4,2024-12-27,0.0,-0.0104592797854257,-0.06110602698926922,0.07156530677469493
4,2024-12-28,0.0,0.08323495943509374,0.008769854318889167,-0.09200481375398291
4,2024-12-29,0.0,0.08323495943509374,0.0046208942850795385,-0.08785585372017328
4,2024-12-30,0.0,0.08323495943509374,-0.07305974355454546,-0.010175215880548275
4,2024-12-31,0.0,0.08323495943509374,-0.011776763061646028,-0.0714581963734477
4,2025-01-01,0.0,0.08323495943509374,-0.0154139045841442,-0.06782105485094954
4,2025-01-02,0.33333334,0.08323495943509374,0.24992489202571175,0.00017349180663531194
4,2025-01-03,0.0,0.08323495943509374,-0.08323495943509374,0.0
4,2025-01-04,0.0,0.08323495943509374,-0.005785721458657224,-0.07744923797643652
4,2025-01-05,0.0,0.059306149957932736,0.00133714774303202,-0.06064329770096476
4,2025-01-06,0.008547009,0.04812632455825754,-0.006326496089320885,-0.033252819500046944
4,2025-01-07,0.0,0.03726196175553051,-0.03298014830271463,-0.0042818134528158774
4,2025-01-08,0.0,0.026051161432516616,0.0005097874666275303,-0.026560948899144145
4,2025-01-09,0.0,0.01307069081113028,0.0025925653859518367,-0.01566325619708212
4,2025-01-10,0.0,-0.012068882810365745,-0.03947337125206058,0.051542254062426324
4,2025-01-11,0.0,-0.012057348111788218,0.012480278473555779,-0.00042293036176756053
4,2025-01-12,0.0,-0.011548958449700041,0.01161303325962551,-6.407480992546948e-05
4,2025-01-13,0.17777778,-0.010546892849113842,0.007099748294847183,0.18122492663682432
4,2025-01-14,0.0,-0.009558217700709408,0.0018524650376865923,0.007705752663022815
4,2025-01-15,0.0,-0.008563634214130186,0.004008272281551501,0.004555361932578685
4,2025-01-16,0.0,-0.00754892104170475,0.0028388360297581456,0.0047100850119466044
4,2025-01-17,0.005376344,-0.006522023292998147,-0.023697225852703882,0.035595593226716425
4,2025-01-18,0.0,-0.005528802056666759,0.005490503760733127,3.8298295933631744e-05
4,2025-01-19,0.0,-0.004427671158978573,0.005052129882866544,-0.0006244587238879709
4,2025-01-20,0.0,-0.0033963863645700507,0.0011375279958980916,0.002258858368671959
4,2025-01-21,0.0,-0.002553088229039333,3.261160954116474e-05,0.0025204766194981683
4,2025-01-22,0.0,-0.0018470081745799942,0.0009329579830676256,0.0009140501915123686
4,2025-01-23,0.0,-0.0011922984364658292,0.00011281977049010206,0.0010794786659757273
4,2025-01-24,0.0,-0.0006256568899029449,-0.0004032302818028079,0.0010288871717057527
4,2025-01-25,0.0,-0.0003219739617876148,0.0012429631909507426,-0.0009209892291631278
4,2025-01-26,0.0,-0.00019223466327886678,0.0009970498502524607,-0.0008048151869735939
4,2025-01-27,0.0,-0.00011545003319055484,-0.0004706636576906474,0.0005861136908812023
4,2025-01-28,0.0,-5.9856725403339736e-05,-0.0005768030648345055,0.0006366597902378452
4,2025-01-29,0.0,-9.479540225734491e-06,-2.7591131865572756e-05,3.7070672091307245e-05
4,2025-01-30,0.0,4.709083520454407e-05,-0.00013974338079401856,9.265254558947448e-05
4,2025-01-31,0.0,9.064486841842286e-05,-0.00021764460975490154,0.00012699974133647868
4,2025-02-01,0.0,9.292214677065932e-05,0.00021766084736897355,-0.00031058299413963287
4,2025-02-02,0.0,7.217272982118133e-05,-1.7235433543407765e-05,-5.493729627777356e-05
4,2025-02-03,0.0,5.531547350762707e-05,-0.00012030323424795079,6.498776074032373e-05
4,2025-02-04,0.0,4.7514761743857844e-05,-0.00012051429859229739,7.299953684843955e-05
4,2025-02-05,0.33333334,4.393691758989784e-05,8.919903530102504e-05,0.33320020731454986
4,2025-02-06,0.0,4.375186432091584e-05,-3.6943797674678163e-05,-6.808066646237675e-06
4,2025-02-07,0.0,4.393184745635064e-05,-3.744427990802107e-05,-6.487567548329575e-06
4,2025-02-08,0.0,3.699593479255124e-05,-3.6346086955892737e-05,-6.49847836658505e-07
4,2025-02-09,0.0,2.6544458450228103e-05,-2.2391663980234004e-05,-4.152794469994099e-06
4,2025-02-10,0.0,1.8820297019685322e-05,-1.2831595517699277e-05,-5.988701501986045e-06
4,2025-02-11,0.0,1.4135826759454027e-05,-7.707601638827097e-06,-6.42822512062693e-06
4,2025-02-12,0.0,1.0395260813634825e-05,2.8848350160365256e-06,-1.3280095829671352e-05
4,2025-02-13,0.0,7.11014741317156e-06,-7.920126166714927e-06,8.099787535433676e-07
4,2025-02-14,0.0,4.545953351658104e-06,-8.491995705485054e-06,3.94604235382695e-06
4,2025-02-15,0.0,2.8220372397120594e-06,-2.771092266359774e-06,-5.094497335228544e-08
4,2025-02-16,0.0,1.7518471443764223e-06,-2.1267955640168044e-06,3.749484196403821e-07
4,2025-02-17,0.0,1.049007055463878e-06,3.2511165349696894e-07,-1.3741187089608469e-06
4,2025-02-18,0.0,4.760434732614487e-07,8.878360602047153e-07,-1.3638795334661641e-06
4,2025-02-19,0.0,-1.0813038252042215e-07,4.274525763415113e-06,-4.166395380894691e-06
4,2025-02-20,0.0034013605,-5.868739098792558e-07,-3.742355418211483e-07,0.0034023215839785828
4,2025-02-21,0.0,-8.74687474987875e-07,-2.2773588397372557e-07,1.1024233589616006e-06
4,2025-02-22,0.0,-9.707842457355035e-07,6.322513312051124e-07,3.3853291453039105e-07
4,2025-02-23,0.0,-8.948153710564638e-07,3.0944017992079185e-07,5.85375191135672e-07
4,2025-02-24,0.0,-7.413740795295504e-07,5.011192726428023e-07,2.402548068867481e-07
4,2025-02-25,0.0,-6.387707572919766e-07,4.502202277874255e-07,1.8855052950455115e-07
4,2025-02-26,0.0,-6.00087539720373e-07,2.8646297569234984e-06,-2.2645422172031255e-06
4,2025-02-27,0.0,-5.63802618665889e-07,-4.5784871136666243e-07,1.0216513300325514e-06
4,2025-02-28,0.0,-4.974787320041713e-07,4.800972894072311e-07,1.7381442596940174e-08
4,2025-03-01,0.0025252525,-3.9305504251453537e-07,5.759959382108816e-08,0.002525587978349394
4,2025-03-02,0.0,-2.8384539807903926e-07,1.5030202364359085e-07,1.3354337443544842e-07
4,2025-03-03,0.0,-1.9528017756850304e-07,9.959034103822469e-08,9.568983653027835e-08
4,2025-03-04,0.0,-1.2003234954320214e-07,7.671223745583092e-08,4.3320112087371226e-08
4,2025-03-05,0.0070921984,-8.67968617185906e-08,1.503401750876561e-07,0.007092134813672677
4,2025-03-06,0.006060606,-6.17586546390829e-08,1.2946527619803728e-07,0.006060538162075607
4,2025-03-07,0.0,-4.001315802845867e-08,6.039410441088196e-08,-2.0380946382423284e-08
4,2025-03-08,0.0,-2.4291190670388716e-08,3.026369965170652e-08,-5.972508981317804e-09
4,2025-03-09,0.0,-1.143017164083233e-08,-1.3520894283193387e-09,1.278226106915167e-08
4,2025-03-10,0.0,-1.78783410470161e-09,-2.1058192378237266e-08,2.2846026482938876e-08
4,2025-03-11,0.0,4.9620883702733896e-09,-4.360831579014885e-08,3.864622741987546e-08
4,2025-03-12,0.003508772,1.0234763981133494e-08,6.405156105116653e-08,0.003508697716208046
4,2025-03-13,0.0,1.4257520461051042e-08,1.4894700345766273e-08,-2.9152220806817314e-08
4,2025-03-14,0.16666667,1.6085713877473284e-08,7.009159213971396e-09,0.1666666485388473
4,2025-03-15,0.0,1.553564782750197e-08,-3.387072033199924e-08,1.833507250449727e-08
4,2025-03-16,0.0,1.3847298719520583e-08,-1.671014746703944e-08,2.862848747518858e-09
4,2025-03-17,0.0,1.256226964042002e-08,-1.3421210320110383e-08,8.589406796903624e-10
4,2025-03-18,0.0,1.1632759132567942e-08,-9.917964983369665e-09,-1.7147941491982772e-09
4,2025-03-19,0.0,9.863312993994928e-09,-1.4822151627021644e-08,4.958838633026716e-09
4,2025-03-20,0.0,7.232701841882644e-09,-8.122492088554791e-09,8.897902466721475e-10
4,2025-03-21,0.0,5.0036624061934805e-09,3.670543576601631e-09,-8.674205982795111e-09
4,2025-03-22,0.0,3.4703694002406464e-09,-8.703691234132003e-10,-2.600000276827446e-09
4,2025-03-23,0.0,2.3110478408535293e-09,-1.3282126904070832e-09,-9.828351504464461e-10
4,2025-03-24,0.0,1.3750577797958037e-09,-9.913173050334238e-10,-3.8374047476237987e-10
4,2025-03-25,0.0025641026,7.617301623135865e-10,-7.994087274403675e-10,0.0025641026817793504
4,2025-03-26,0.0,5.768013508288571e-10,-1.0553438813202796e-09,4.785425304914225e-10
4,2025-03-27,0.0,5.674080759111276e-10,-4.089952424605499e-10,-1.5841283345057769e-10
4,2025-03-28,0.0,5.216682999529923e-10,-1.6549264772799442e-10,-3.5617565222499783e-10
4,2025-03-29,0.0,4.664401238840259e-10,-2.4913682551514456e-10,-2.173032983688813e-10
4,2025-03-30,0.0052910056,3.955134989246842e-10,-4.0457300800801234e-10,0.005291005605578026
4,2025-03-31,0.0058479533,3.3365416063392367e-10,-2.0586384359647118e-10,0.005847953132154598
4,2025-04-01,0.0,3.162774174082136e-10,-6.439935711559613e-10,3.277161537477477e-10
4,2025-04-02,0.083333336,3.396358977825049e-10,2.922517491215205e-10,0.08333333518497255
4,2025-04-03,0.0,3.7718604245087066e-10,-3.654017442862322e-10,-1.1784298164638484e-11
4,2025-04-04,0.0,4.0391694839741635e-10,2.1307819673237622e-10,-6.169951451297925e-10
4,2025-04-05,0.0,3.66550465880754e-10,6.367894011992218e-12,-3.7291835989274624e-10
4,2025-04-06,0.0,2.5756579154384755e-10,-1.3171955281978064e-09,1.059629736653959e-09
4,2025-04-07,0.0,1.1895295912977592e-10,-6.731814026941707e-10,5.542284435643947e-10
4,2025-04-08,0.0,-4.637709336067325e-12,-7.703168773814056e-10,7.74954586717473e-10
4,2025-04-09,0.0,-9.842087356000771e-11,1.8258341908002e-10,-8.416254552001229e-11
4,2025-04-10,0.0,-2.3826575185157394e-10,2.035377141333732e-09,-1.797111389482158e-09
4,2025-04-11,0.0,-4.669831905869348e-10,-2.0856502068136478e-10,6.755482112682996e-10
4,2025-04-12,0.0,-7.012625101099808e-10,1.654744141745044e-09,-9.534816316350632e-10
4,2025-04-13,0.0,-8.649000807124809e-10,-1.6405762219393455e-10,1.0289577029064155e-09
4,2025-04-14,0.0,-1.1902806358474134e-09,-6.43773392611607e-10,1.8340540284590205e-09
4,2025-04-15,0.0,-1.825134250112871e-09,2.6049285200813487e-09,-7.797942699684776e-10
4,2025-04-16,0.0,-2.9543412419009703e-09,2.4710058296839045e-09,4.833354122170659e-10
4,2025-04-17,0.083333336,-4.242472293213997e-09,1.2814764418814501e-08,0.08333332724456807
4,2025-04-18,0.0,-5.1982865404782545e-09,-3.177551313161071e-09,8.375837853639325e-09
4,2025-04-19,0.0,-5.44934955377762e-09,1.2178332478823149e-08,-6.728982925045529e-09
4,2025-04-20,0.06666667,-5.317541541135935e-09,1.1068626116020346e-08,0.06666666439251971
4,2025-04-21,0.0,-5.161435477968073e-09,1.5652417206281015e-08,-1.0490981728312942e-08
4,2025-04-22,0.0,-6.044166756111941e-09,6.458990701688127e-09,-4.14823945576186e-10
4,2025-04-23,0.0,-7.599930081422987e-09,1.294190313686981e-08,-5.3419730554468235e-09
4,2025-04-24,0.0,-8.86384228612231e-09,-1.9416608142786033e-08,2.8280450428908345e-08
4,2025-04-25,0.005952381,-8.992510016872513e-09,-3.4882890515518e-08,0.00595242493865322
4,2025-04-26,0.0,-6.867833912240362e-09,-3.3428268741852333e-09,1.0210660786425595e-08
4,2025-04-27,0.0,1.2009442090293988e-09,5.4233189608133926e-08,-5.543413381716333e-08
4,2025-04-28,0.0,1.0403485242791414e-08,4.541811091277466e-09,-1.4945296334068882e-08
4,2025-04-29,0.5,1.5970976496262787e-08,-3.0874441950539554e-08,0.5000000149034655
4,2025-04-30,0.0,2.4870856545405427e-08,-1.0893689129515323e-08,-1.3977167415890104e-08
4,2025-05-01,0.0034722222,3.4484876022101585e-08,-8.652006857600805e-08,0.003472274283284848
4,2025-05-02,0.0,3.733563196101156e-08,-1.2450762168700433e-07,8.717198972599277e-08
4,2025-05-03,0.0,3.825435552958547e-08,-1.0253004856426314e-07,6.427569303467767e-08
4,2025-05-04,0.0,3.5572423317580076e-08,1.395519021973547e-07,-1.7512432551493477e-07
4,2025-05-05,0.0,3.2311911203570757e-08,-2.705159561931069e-07,2.3820404498953614e-07
4,2025-05-06,0.0,3.8746023798644455e-08,-9.987954460450069e-08,6.113352080585623e-08
4,2025-05-07,0.0,6.851832459617587e-08,4.770568748258187e-07,-5.455751994219946e-07
4,2025-05-08,0.0,1.0355200803050326e-07,-1.396547631710413e-07,3.610275514053805e-08
4,2025-05-09,0.0,1.2566321743284408e-07,-2.1208750639487611e-07,8.642428896203204e-08
4,2025-05-10,0.0,9.935209563402428e-08,-7.448934538021094e-08,-2.486275025381334e-08
4,2025-05-11,0.003267974,1.952862823215936e-08,4.0252629063767497e-07,0.003267551839334503
4,2025-05-12,0.0,-7.329994935503953e-08,-8.882676776457172e-07,9.615676270007568e-07
4,2025-05-13,0.0,-1.6327383278467066e-07,1.8646720538729202e-07,-2.3193372602621366e-08
4,2025-05-14,0.0040650405,-2.614825354567797e-07,1.2624141107971348e-06,0.004064039567396599
4,2025-05-15,0.0,-3.654473613073644e-07,6.723167386548967e-07,-3.068693773475323e-07
4,2025-05-16,0.0,-5.606395651909202e-07,9.410862774748582e-07,-3.8044671228393797e-07
4,2025-05-17,0.0,-9.025250587711733e-07,7.242844821520906e-07,1.7824057661908268e-07
4,2025-05-18,0.0,-1.3370404832323298e-06,8.209051733525624e-07,5.161353098797674e-07
4,2025-05-19,0.33333334,-1.8336024487832438e-06,-6.0475848490838596e-06,0.3333412244547386
4,2025-05-20,0.0,-2.369123740726328e-06,-8.876188523045965e-07,3.2567425930309242e-06
4,2025-05-21,0.0,-2.9151509689572866e-06,4.151772103986456e-06,-1.2366211350291695e-06
4,2025-05-22,0.0,-3.4375498588720915e-06,4.827999208769638e-06,-1.3904493498975462e-06
4,2025-05-23,0.0,-3.625735549080043e-06,3.879835588109763e-06,-2.5410003902972034e-07
4,2025-05-24,0.0,-3.8415279491263875e-06,6.108672909931333e-06,-2.267144960804946e-06
4,2025-05-25,0.0,-4.339151998717938e-06,4.528628293959744e-06,-1.8947629524180645e-07
4,2025-05-26,0.0031746032,-4.263121717667496e-06,-1.2458664348273668e-06,0.003180112206365219
4,2025-05-27,0.0062893084,-3.982398051979666e-06,-4.275832635919026e-06,0.006297566655726952
4,2025-05-28,0.0,-3.58040454908766e-06,-3.220928192329454e-06,6.801332741417113e-06
4,2025-05-29,0.0,-2.7544515595532296e-06,8.058365731070472e-06,-5.303914171517243e-06
4,2025-05-30,0.0,-1.363243180061741e-06,2.1646259992718017e-05,-2.0283016812656277e-05
4,2025-05-31,0.0,2.5978110749575014e-06,-2.4303750097388073e-05,2.1705939022430573e-05
4,2025-06-01,0.0,1.1136951607935172e-05,1.0982500935963999e-05,-2.211945254389917e-05
4,2025-06-02,0.0,1.876514222688966e-05,1.0300839952348489e-05,-2.9065982179238148e-05
4,2025-06-03,0.0,1.4268995255176818e-05,-3.3468961787684975e-05,1.9199966532508156e-05
4,2025-06-04,0.0046948357,-1.440373546055392e-06,-7.456451170276915e-05,0.004770840633772298
4,2025-06-05,0.0,-5.648553547131495e-06,-6.618151469369071e-05,7.183006824082221e-05
4,2025-06-06,0.0,1.2916408529635932e-05,-9.101566944937794e-05,7.809926091974201e-05
4,2025-06-07,0.16666667,3.593572960775891e-05,-0.00014652304148687572,0.16677725894559953
4,2025-06-08,0.0,5.502459279237817e-05,0.000843395390767179,-0.0008984199835595572
4,2025-06-09,0.006802721,7.214380136137188e-05,-0.0001569330043822909,0.006887510152074684
4,2025-06-10,0.0,9.272964048354677e-05,-0.00014263351244703373,4.9903871963486956e-05
4,2025-06-11,0.0,0.00011869587647615924,-0.00018797294174276337,6.927706526660413e-05
4,2025-06-12,0.0,0.00015869175427767992,-0.0001928585388742476,3.416678459656767e-05
4,2025-06-13,0.33333334,0.00020393034231240724,-0.00022236845958134124,0.3333517813847097
4,2025-06-14,0.0,0.00023798661216486313,-0.0002622133761823699,2.4226764017506753e-05
4,2025-06-15,0.0045045046,0.0002609417084830884,0.0015161473787824293,0.002727415526312802
4,2025-06-16,0.0,0.00028385762522952813,-0.0002930623655765464,9.204740347018244e-06
4,2025-06-17,0.0,0.00031412528206323963,-0.00028780962830600584,-2.6315653757233795e-05
4,2025-06-18,0.0,0.00035253120416221746,-0.00031096201632114205,-4.156918784107541e-05
4,2025-06-19,0.0,0.00039538051336141585,-0.00032593220969290483,-6.944830366851102e-05
4,2025-06-20,0.0,0.0004304049405107444,-0.00035860043056066827,-7.180450995007611e-05
4,2025-06-21,0.0,0.0004545749414430279,-0.00038436373156718214,-7.021120987584574e-05
4,2025-06-22,0.0033333332,0.0004718579782165839,0.00227631825923653,0.0005851569437641988
4,2025-06-23,0.0,0.0004872242377321552,-0.00047446579209182294,-1.2758445640332283e-05
4,2025-06-24,0.0,0.0004996589625984561,-0.0004940550831048744,-5.603879493581662e-06
4,2025-06-25,0.0,0.0005012913650831637,-0.0003895588698578109,-0.00011173249522535283
4,2025-06-26,0.0,0.0004951820097716934,-0.0004224004521881044,-7.278155758358895e-05
4,2025-06-27,0.0,0.00048072508955691255,-0.0004954913543422476,1.4766264785335084e-05
4,2025-06-28,0.0,0.00046307342461369825,-0.00037206776878816807,-9.100565582553018e-05
4,2025-06-29,0.0028985506,0.0004540580222246635,0.002140409526814063,0.00030408304332415413
4,2025-06-30,0.0,0.0004490888653176331,-7.899571947738788e-05,-0.0003700931458402452
4,2025-07-01,0.0,0.00043736811573761073,-0.0009574756384294246,0.0005201075226918139
4,2025-07-02,0.0,0.00041455050493754676,-0.00025163291001258347,-0.0001629175949249633
4,2025-07-03,0.0,0.00036292580053255284,-0.0002058179917217432,-0.00015710780881080964
4,2025-07-04,0.0,0.00023642296590267546,-0.0005801644655427344,0.000343741499640059
4,2025-07-05,0.0,6.94918973805666e-05,-0.00044941465089911627,0.0003799227535185497
4,2025-07-06,0.0,-7.683362937251786e-05,0.0018257209633954494,-0.0017488873340229315
4,2025-07-07,0.00456621,-0.00024421944803921294,0.0007198604289016053,0.004090568875558363
4,2025-07-08,0.0,-0.00048363101373797017,-0.0014823900663704882,0.001966021080108458
4,2025-07-09,0.0,-0.0007713065301116849,0.0006184842660959527,0.00015282226401573229
4,2025-07-10,0.0,-0.0010790273861232811,0.001127336765086917,-4.830937896363593e-05
4,2025-07-11,0.0,-0.0014801485583347716,0.0003754329265323247,0.0011047156318024468
4,2025-07-12,0.0,-0.0020844825780124408,0.0010443210642130168,0.001040161513799424
4,2025-07-13,0.0,-0.0027803590594070804,0.003398938131543329,-0.0006185790721362485
4,2025-07-14,0.0,-0.0035530715992666594,0.003713326594071862,-0.0001602549948052025
4,2025-07-15,0.0,-0.00453594998219531,-0.019531812486373264,0.024067762468568572
4,2025-07-16,0.0,-0.005687293426860339,0.004771515546584454,0.0009157778802758847
4,2025-07-17,0.0,-0.006864827743877626,0.006092979987511182,0.0007718477563664434
4,2025-07-18,0.0,-0.008047298783551224,0.0052274814264598604,0.002819817357091363
4,2025-07-19,0.0,-0.009311769683072332,0.007023415080073569,0.002288354602998763
4,2025-07-20,0.0,-0.010750454356735484,0.010844412186603142,-9.395782986765765e-05
4,2025-07-21,0.0,-0.012283586500411421,0.012232534345879325,5.1052154532096536e-05
4,2025-07-22,0.0,-0.013808160847399383,-0.06040116032676067,0.07420932117416006
4,2025-07-23,0.0,-0.00041323337956102567,0.005330285027358373,-0.004917051647797347
4,2025-07-24,0.0,0.007925084892000365,0.00667064785852029,-0.014595732750520654
4,2025-07-25,0.0,0.013730354280725759,0.005168616991353877,-0.018898971272079637
4,2025-07-26,0.0,0.01931950274320135,0.0054223822881379995,-0.02474188503133935
4,2025-07-27,0.0,0.025088357697121182,0.006631813812551571,-0.031720171509672754
4,2025-07-28,0.0,0.03752865504478637,0.00609758741879598,-0.04362624246358235
4,2025-07-29,0.0,0.03752865504478637,-0.03752865504478637,0.0
4,2025-07-30,0.0,0.03250025655170817,-0.0037074859965370447,-0.028792770555171127
4,2025-07-31,0.0,0.029222402693457314,-0.00546390586236773,-0.023758496831089583
4,2025-08-01,0.16666667,0.026934188611805972,0.025477621098176622,0.11425486192373782
4,2025-08-02,0.0,0.023931456281740413,0.050689648140781765,-0.07462110442252218
4,2025-08-03,0.0,0.020627387601984206,-0.0080854985327361,-0.012541889069248106
4,2025-08-04,0.002849003,0.016883648014219488,-0.007446776467475139,-0.00658786847950423
4,2025-08-05,0.0,0.012198339279886086,-0.0023298655932405083,-0.009868473686645576
4,2025-08-06,0.0,0.010392495176963314,-0.03466639806786742,0.024273902890904107
4,2025-08-07,0.0,0.009249939335273646,0.003146597929207929,-0.012396537264481575
4,2025-08-08,0.0,0.005396036301245313,0.00035956569839877984,-0.005755601999644093
4,2025-08-09,0.0,0.0008841313899183023,-0.00520031925427407,0.0043161878643557675
4,2025-08-10,0.0,-0.0014494643888574405,-0.012457091194046015,0.013906555582903456
4,2025-08-11,0.003030303,-0.0011649806442509323,-0.017570786446376913,0.02176607002497643
4,2025-08-12,0.0,0.0008894685166427493,0.05690178850002423,-0.05779125701666698
4,2025-08-13,0.009259259,0.005103771772709993,0.05734810409480828,-0.05319261653927216
4,2025-08-14,0.0,0.01494967215841514,-0.025343836207106923,0.010394164048691784
4,2025-08-15,0.0,0.031704003246943044,-0.032161537110168864,0.00045753386322582024
4,2025-08-16,0.0,0.050856199016264945,-0.03228614738017689,-0.018570051636088054
4,2025-08-17,0.0,0.06794357929268223,-0.029869180583598085,-0.03807439870908415
4,2025-08-18,0.0,0.07997729386862429,-0.022074834620931873,-0.05790245924769241
4,2025-08-19,0.33333334,0.08567169200630109,0.09130720617942982,0.15635444508170987
4,2025-08-20,0.33333334,0.0860800317218986,0.07756020097021561,0.1696931105753266
4,2025-08-21,0.0,0.08096098714235529,-0.025336973978101557,-0.055624013164253736
4,2025-08-22,0.0,0.06900678451065402,-0.05779520310299639,-0.011211581407657628
4,2025-08-23,0.0,0.05017471347226806,-0.04661832513957437,-0.0035563883326936926
4,2025-08-24,0.0,0.025370863809438888,-0.02949610075487901,0.004125236945440123
4,2025-08-25,0.00877193,0.0004883214813747509,-0.004565915942713014,0.012849524351255637
4,2025-08-26,0.0023980816,-0.017977895719927504,0.07919953476001615,-0.058823557450598474
4,2025-08-27,0.0,-0.03343344802507395,0.058994692731478,-0.02556124470640405
4,2025-08-28,0.0,-0.0332598591428174,-0.013094662255473014,0.04635452139829041
4,2025-08-29,0.11111111,-0.00991016947011417,-0.0960282720407537,0.21704955344982127
4,2025-08-30,0.0,0.003811958356308442,-0.04133348136891066,0.03752152301260221
4,2025-08-31,0.0,0.015334187291904722,0.023027891587368277,-0.038362078879272996
4,2025-09-01,0.0,0.028256879332953518,0.09740556346813618,-0.1256624428010897
4,2025-09-02,0.0,0.040345057823466396,-0.003047433448191429,-0.037297624375274965
4,2025-09-03,0.0,0.04831982376554407,-0.04831982376554399,-8.326672684688674e-17
4,2025-09-04,0.0,0.04831982376554399,0.08916374815055518,-0.13748357191609917
4,2025-09-05,0.0,0.04831982376554399,-0.057224388375715425,0.008904564610171438
4,2025-09-06,0.0,0.04831982376554399,-0.04020296514535601,-0.008116858620187975
4,2025-09-07,0.006802721,0.04831982376554399,-0.01835599636182849,-0.023161106454661733
4,2025-09-08,0.06666667,0.04831982376554399,0.009987327150629357,0.008359519227430931
4,2025-09-09,0.0,0.04831982376554399,-0.006204564766210588,-0.042115258999333396
4,2025-09-10,0.0,0.016834349373156424,-0.08111701310843966,0.06428266373528324
4,2025-09-11,0.011904762,0.016834349373156424,-0.00868540930025891,0.00375582205360786
4,2025-09-12,0.16666667,0.016834349373156424,0.13992382081361776,0.009908501446946213
4,2025-09-13,0.11111111,0.016834349373156424,0.08388219438236202,0.010394568183434951
4,2025-09-14,0.0,0.016834349373156424,-0.023340953476314805,0.00650660410315838
4,2025-09-15,0.0,0.016834349373156424,-0.021648868738016337,0.004814519364859913
4,2025-09-16,0.0,0.016834349373156424,-0.016834349373156424,0.0
4,2025-09-17,0.0,0.016834349373156424,-0.02999986996752836,0.013165520594371937
4,2025-09-18,0.0,0.016834349373156424,-0.007469845004894372,-0.009364504368262052
4,2025-09-19,0.0,0.016834349373156424,-0.004051769608430102,-0.012782579764726323
4,2025-09-20,0.0,0.016834349373156424,-0.001812045947391509,-0.015022303425764915
4,2025-09-21,0.0,0.016834349373156424,0.001327594183775314,-0.018161943556931737
4,2025-09-22,0.0,0.015250922339869247,0.0005221062541224154,-0.015773028593991663
4,2025-09-23,0.0,0.013667495306581406,-0.0008414873800523665,-0.01282600792652904
4,2025-09-24,0.0,0.013667495306581406,0.00033757240111305896,-0.014005067707694465
4,2025-09-25,0.0,0.013667495306581406,-0.001349142775459786,-0.01231835253112162
4,2025-09-26,0.0,0.013667495306581406,-0.004211894168028632,-0.009455601138552774
4,2025-09-27,0.0,0.013667495306581406,-0.008376686162264696,-0.00529080914431671
4,2025-09-28,0.0,0.013667495306581406,-0.013667495306581406,0.0
4,2025-09-29,0.0,0.013667495306581406,-0.019627511495259733,0.005960016188678327
4,2025-09-30,0.0,0.013667495306581406,-0.027627281814393452,0.013959786507812046
4,2025-10-01,0.0,0.013667495306581406,-0.03066171649688751,0.0169942211903061
4,2025-10-02,0.0,0.013667495306581406,-0.03407341816790927,0.020405922861327863
4,2025-10-03,0.33333334,0.013667495306581406,0.2980517973623628,0.021614050598496574
4,2025-10-04,0.0,0.013667495306581406,-0.034218640092933135,0.020551144786351727
4,2025-10-05,0.0,0.031312890462467734,-0.031312890462467734,0.0
4,2025-10-06,0.0,0.054871702456995367,-0.054871702456995367,0.0
4,2025-10-07,0.0,0.04805659816351722,-0.04805659816351722,0.0
4,2025-10-08,0.0,0.040164832476993845,-0.040164832476993845,0.0
4,2025-10-09,0.0,0.027650057680624365,-0.027650057680624365,0.0
4,2025-10-10,0.16666667,0.02793554658968342,0.13873112504403698,0.0
4,2025-10-11,0.0,0.023263028779361684,-0.023263028779361684,0.0
4,2025-10-12,0.0,0.011475255370148294,-0.011475255370148294,0.0
4,2025-10-13,0.0,0.00874494339630055,-0.00874494339630055,0.0
4,2025-10-14,0.0,-0.0014213252199743029,0.0014213252199743029,0.0
4,2025-10-15,0.0,-0.011016712938148664,0.011016712938148664,0.0
4,2025-10-16,0.0,0.011563501128420256,-0.011563501128420256,0.0
4,2025-10-17,0.0,0.018365255651315505,-0.009463401915917258,-0.008901853735398247
4,2025-10-18,0.0,0.018365255651315505,-0.008489101555406334,-0.009876154095909171
4,2025-10-19,0.0,0.018365255651315505,0.00148607083046675,-0.019851326481782255
4,2025-10-20,0.0,0.018365255651315505,-0.010356986858025967,-0.008008268793289539
4,2025-10-21,0.0,0.018365255651315505,-0.012724574053143048,-0.005640681598172458
4,2025-10-22,0.0,0.018365255651315505,-0.015522301314756421,-0.0028429543365590844
4,2025-10-23,0.0,0.018365255651315505,-0.018365255651315505,0.0
4,2025-10-24,0.0,0.018365255651315505,-0.020924751654878213,0.002559496003562707
4,2025-10-25,0.16666667,0.018365255651315505,0.14373010451616247,0.004571311466242421
4,2025-10-26,0.16666667,0.018365255651315505,-0.013959289276689164,0.16226070525909406
4,2025-10-27,0.0,0.018365255651315505,-0.024977368952800557,0.0066121133014850515
4,2025-10-28,0.0,0.018365255651315505,-0.02513065114523366,0.006765395493918153
4,2025-10-29,0.0,0.018365255651315505,-0.02525005497388486,0.006884799322569354
4,2025-10-30,0.0,0.018365255651315505,-0.025343373500950273,0.006978117849634768
4,2025-10-31,0.0,0.018365255651315505,-0.02541507339478877,0.0070498177434732655
5,2023-11-01,0.016666668,2.9087226535808822e-15,-1.8098918967217805e-14,0.016666667535916262
5,2023-11-02,0.0,2.2615762335576513e-15,-3.255902282407898e-15,9.943260488502467e-16
5,2023-11-03,0.0,1.7052250779576153e-15,-5.271525991698171e-15,3.566300913740556e-15
5,2023-11-04,0.0,1.2514882166137285e-15,-5.60352949316708e-15,4.352041276553352e-15
5,2023-11-05,0.0,8.8787188186750555e-16,3.917098316813906e-16,-1.2795817135488961e-15
5,2023-11-06,0.0,5.635572533812927e-16,5.921137262945687e-15,-6.48469451632698e-15
5,2023-11-07,0.0,1.8683090500320012e-16,1.8306250222602887e-14,-1.8493081127606086e-14
5,2023-11-08,0.0,-3.416584844747202e-16,-1.2509974944977903e-14,1.2851633429452623e-14
5,2023-11-09,0.0,-5.596791317822876e-16,-1.7562222063008651e-15,2.3159013380831526e-15
5,2023-11-10,0.0,-4.0933864905537457e-16,-2.198949678945305e-15,2.6082883280006793e-15
5,2023-11-11,0.0,-3.346627847132098e-17,-2.3624887860212685e-15,2.3959550644925894e-15
5,2023-11-12,0.0,1.6879519214675628e-16,1.728403808828041e-15,-1.8971990009747973e-15
5,2023-11-13,0.0,-1.119206168349863e-16,1.4134620271507073e-15,-1.301541410315721e-15
5,2023-11-14,0.0,-7.950082440052942e-16,3.6775937063769835e-15,-2.8825854623716892e-15
5,2023-11-15,0.0,-1.1305142832475772e-15,-3.4299924393206715e-15,4.560506722568249e-15
5,2023-11-16,0.0,-4.913564086501636e-16,2.3886494280091296e-15,-1.897293019358966e-15
5,2023-11-17,0.0,-1.3718859108483405e-16,3.278028817101685e-15,-3.140840226016851e-15
5,2023-11-18,0.0,-1.107587127418316e-15,2.517716914715032e-15,-1.4101297872967158e-15
5,2023-11-19,0.005376344,-3.2941351444179346e-15,2.2922949570283317e-15,0.0053763440810153966
5,2023-11-20,0.015384615,-6.505629628872825e-15,-6.4197165449933286e-15,0.01538461539895635
5,2023-11-21,0.0,-1.05765150492453e-14,-1.8834605527647193e-14,2.9411120576892495e-14
5,2023-11-22,0.0,-1.5066656575094016e-14,1.3047256157035679e-14,2.0194004180583368e-15
5,2023-11-23,0.0,-2.0732215676175005e-14,1.8670651084396278e-14,2.061564591778727e-15
5,2023-11-24,0.0,-2.8603993044212965e-14,2.902736956673594e-14,-4.233765225229768e-16
5,2023-11-25,0.0,-3.516735582956524e-14,4.0098412426516174e-14,-4.931056596950936e-15
5,2023-11-26,0.0,-3.9720179942199e-14,6.085219282290709e-14,-2.1132012880708092e-14
5,2023-11-27,0.0,-5.0056138369687033e-14,7.476875738822653e-14,-2.4712619018539498e-14
5,2023-11-28,0.0,-6.677166427837394e-14,5.880407492805487e-14,7.967589350319069e-15
5,2023-11-29,0.0,-8.632505816436754e-14,4.151583126528608e-14,4.480922689908146e-14
5,2023-11-30,0.0,-1.0540496627870718e-13,5.0816537294890005e-15,1.0032331254921818e-13
5,2023-12-01,0.0,-1.2720180103203672e-13,-3.313743545233437e-14,1.6033923648437108e-13
5,2023-12-02,0.0,-1.4478710061444603e-13,4.1287226541088147e-13,-2.6808516479643544e-13
5,2023-12-03,0.0,-1.5287281060822397e-13,1.7364953396473498e-13,-2.077672335651101e-14
5,2023-12-04,0.0,-1.5208801361366003e-13,2.387517983752389e-13,-8.666378476157887e-14
5,2023-12-05,0.0,-1.435931897520061e-13,1.0606737419687373e-14,1.3298645233231873e-13
5,2023-12-06,0.0,-1.2103247165665103e-13,6.124895408485402e-13,-4.914570691918892e-13
5,2023-12-07,0.0,-9.195811811883365e-14,-9.222878626786864e-14,1.841869043867023e-13
5,2023-12-08,0.0,-7.96281461353926e-14,-1.385232969908605e-13,2.1815144312625312e-13
5,2023-12-09,0.0,-5.716141387447402e-14,1.7627663397929253e-14,3.953375047654477e-14
5,2023-12-10,0.0,7.55542505928576e-15,1.3950902936693275e-13,-1.4706445442621852e-13
5,2023-12-11,0.0,1.3259118431319917e-13,-2.447568327730627e-13,1.1216564845986354e-13
5,2023-12-12,0.0,4.058451352736865e-13,-3.983978099627042e-13,-7.447325310982302e-15
5,2023-12-13,0.0,9.147198844424734e-13,1.6057356823852154e-12,-2.520455566827689e-12
5,2023-12-14,0.0,1.6520909928728952e-12,-1.0209750976724753e-12,-6.311158952004199e-13
5,2023-12-15,0.0,2.546306883325594e-12,-1.7113302600551763e-12,-8.349766232704177e-13
5,2023-12-16,0.01754386,3.410829916692557e-12,-2.975065364503008e-12,0.01754385977939898
5,2023-12-17,0.0,3.972219168558518e-12,-3.904805970988038e-12,-6.741319757047991e-14
5,2023-12-18,0.0,4.573115024794324e-12,-5.607067668911534e-12,1.0339526441172102e-12
5,2023-12-19,0.0,5.3229128354857595e-12,-9.461295606140406e-12,4.1383827706546465e-12
5,2023-12-20,0.015873017,6.059841152509222e-12,6.573644499926253e-12,0.015873016776922065
5,2023-12-21,0.0,6.364184241620579e-12,-8.382544616290931e-12,2.0183603746703517e-12
5,2023-12-22,0.0,6.303182820728028e-12,4.6387843135648095e-12,-1.0941967134292838e-11
5,2023-12-23,0.0,6.323708264540847e-12,-1.4366343075301869e-11,8.042634810761022e-12
5,2023-12-24,0.012987013,6.749478994823298e-12,-1.6885014940100495e-12,0.012987012969856911
5,2023-12-25,0.0,7.771765588690682e-12,-1.3390177647159438e-11,5.618412058468756e-12
5,2023-12-26,0.0,8.395353253485255e-12,5.857980819962463e-12,-1.4253334073447719e-11
5,2023-12-27,0.01369863,8.169798587260174e-12,1.67443347813685e-12,0.013698630025079322
5,2023-12-28,0.0,8.207261749183377e-12,-1.6041241404917042e-11,7.833979655733666e-12
5,2023-12-29,0.018867925,9.722500629146096e-12,1.4522806717131518e-11,0.018867924785210564
5,2023-12-30,0.0,1.1063672183052961e-11,-2.0829687592946497e-11,9.766015409893535e-12
5,2023-12-31,0.0,9.497747146121437e-12,3.7949986858728803e-13,-9.877247014708725e-12
5,2024-01-01,0.0,3.357675580874229e-12,7.773220848102402e-12,-1.113089642897663e-11
5,2024-01-02,0.028571429,-9.566600713918556e-12,4.987593789315866e-11,0.028571428690774534
5,2024-01-03,0.0,-2.8696746214013416e-11,-8.493888993157948e-11,1.136356361455929e-10
5,2024-01-04,0.0,-5.497662138918403e-11,3.0939103601773616e-11,2.403751778741041e-11
5,2024-01-05,0.0,-8.784332927899284e-11,6.981607264196177e-11,1.8027256637031068e-11
5,2024-01-06,0.0,-1.2861291613781078e-10,1.1717113251941956e-10,1.144178361839122e-11
5,2024-01-07,0.0,-1.7301119814440876e-10,1.4665155031765928e-10,2.635964782674948e-11
5,2024-01-08,0.0,-1.944408480020757e-10,2.0226972525002985e-10,-7.82887724795414e-12
5,2024-01-09,0.0,-1.9535305490598225e-10,3.4334374405021913e-10,-1.4799068914423688e-10
5,2024-01-10,0.0,-1.9702912850324157e-10,4.146275303247625e-10,-2.1759840182152092e-10
5,2024-01-11,0.0,-2.1753552358228522e-10,3.2367903138865275e-10,-1.0614350780636753e-10
5,2024-01-12,0.0,-2.519784349596702e-10,5.518274693502045e-10,-2.998490343905343e-10
5,2024-01-13,0.0,-2.899077438699922e-10,-8.782811695016316e-10,1.1681889133716237e-09
5,2024-01-14,0.0,-3.2519521700651523e-10,3.152596409741924e-10,9.935576032322857e-12
5,2024-01-15,0.0,-3.6711621985147226e-10,3.3377555305382497e-10,3.334066679764729e-11
5,2024-01-16,0.0,-4.1820403913506394e-10,1.023476346748648e-09,-6.052723076135841e-10
5,2024-01-17,0.0,-4.4622273544972876e-10,3.8058956800606105e-10,6.563316744366771e-11
5,2024-01-18,0.0,-4.1199884597817276e-10,5.671143260092901e-10,-1.551154800311173e-10
5,2024-01-19,0.0,-3.0275544012059714e-10,7.03467299091832e-10,-4.0071185897123487e-10
5,2024-01-20,0.012658228,-1.1351704141531105e-10,-6.350061111383309e-10,0.01265822891492454
5,2024-01-21,0.0,1.7018040144057722e-10,6.26517662607856e-10,-7.966980640484333e-10
5,2024-01-22,0.0,5.934650380578548e-10,-3.337323222690377e-11,-5.600918058309511e-10
5,2024-01-23,0.0,1.2317883829413018e-09,-8.515078836066371e-10,-3.8028049933466473e-10
5,2024-01-24,0.0,2.306575987107404e-09,-1.5077812271786303e-09,-7.987947599287735e-10
5,2024-01-25,0.0,4.177111156340645e-09,-1.3260615351779602e-09,-2.851049621162685e-09
5,2024-01-26,0.0,6.666244852664535e-09,-2.7957681892359e-09,-3.870476663428635e-09
5,2024-01-27,0.0,8.99306573489747e-09,-5.958705973273058e-09,-3.0343597616244128e-09
5,2024-01-28,0.0,1.1294145390562065e-08,-8.714425129988832e-09,-2.5797202605732326e-09
5,2024-01-29,0.0,1.3790761226951274e-08,-1.4797179865045506e-08,1.0064186380942318e-09
5,2024-01-30,0.0,1.6484699501747813e-08,-3.020307576276871e-08,1.3718376261020897e-08
5,2024-01-31,0.0,1.8118077463592777e-08,-2.601769510976913e-08,7.899617646176354e-09
5,2024-02-01,0.0,1.673185663663404e-08,1.834817901348413e-09,-1.8566674537982453e-08
5,2024-02-02,0.0,1.4335712778917184e-08,-3.35217808244245e-08,1.918606804550732e-08
5,2024-02-03,0.021978023,1.2297038664675862e-08,-3.4192872836035554e-08,0.021978044426509104
5,2024-02-04,0.0,1.2671920904785791e-08,-2.9535506277015497e-08,1.6863585372229705e-08
5,2024-02-05,0.0,1.5450782672182077e-08,-2.8818298461177315e-08,1.3367515788995238e-08
5,2024-02-06,0.0,1.756909433907442e-08,8.828793826953718e-08,-1.058570326086116e-07
5,2024-02-07,0.0,1.7266676005537482e-08,-4.743489624525002e-08,3.0168220239712534e-08
5,2024-02-08,0.01923077,1.5382082814091242e-08,2.2569744026185224e-08,0.01923073199534437
5,2024-02-09,0.0,1.113902425975329e-08,-6.550488450855189e-08,5.43658602487986e-08
5,2024-02-10,0.0,4.040606377650584e-09,-5.577334438956817e-08,5.173273801191759e-08
5,2024-02-11,0.0,-4.291351195693736e-09,-2.5673113704270845e-09,6.858662566120821e-09
5,2024-02-12,0.0,-2.1356671400926745e-08,3.73873153677268e-08,-1.6030643966800056e-08
5,2024-02-13,0.020408163,-6.005188000194504e-08,3.047571219884384e-07,0.020407918141919307
5,2024-02-14,0.0,-1.1459503396886084e-07,4.6273004785189584e-08,6.832202918367125e-08
5,2024-02-15,0.0,-1.7612646165275297e-07,1.165773217074592e-07,5.954913994529377e-08
5,2024-02-16,0.0,-2.5903766399488214e-07,4.919148663215776e-08,2.0984617736272438e-07
5,2024-02-17,0.0,-3.6569991670862476e-07,1.8013311912308018e-07,1.8556679758554457e-07
5,2024-02-18,0.0,-4.782554704293467e-07,7.606371634478167e-07,-2.8238169301847e-07
5,2024-02-19,0.0,-5.458974157167073e-07,4.865108406552464e-07,5.938657506146084e-08
5,2024-02-20,0.0,-5.265317769015771e-07,2.0331600192977075e-07,3.232157749718064e-07
5,2024-02-21,0.0,-4.744552547394837e-07,1.8201882450284387e-06,-1.345732990288955e-06
5,2024-02-22,0.0,-4.2876470677255737e-07,1.2059540859930589e-06,-7.771893792205015e-07
5,2024-02-23,0.0,-4.532817802005279e-07,2.7748985468841346e-07,1.7579192551211444e-07
5,2024-02-24,0.0,-5.346446932875807e-07,1.2925809810701628e-07,4.053865951805644e-07
5,2024-02-25,0.0,-4.916055569519003e-07,-2.4312396471632436e-06,2.922845204115144e-06
5,2024-02-26,0.0,-2.3478403504705825e-07,1.6038174340871471e-06,-1.3690333990400889e-06
5,2024-02-27,0.01923077,1.4394069335053734e-07,2.4306480992781277e-06,0.019228195358378584
5,2024-02-28,0.0,5.853265504495262e-07,2.2072110755833095e-06,-2.792537626032836e-06
5,2024-02-29,0.0,9.712851393842617e-07,1.9637193802238055e-06,-2.935004519608067e-06
5,2024-03-01,0.0,1.460429812998371e-06,-2.0743372360531333e-06,6.139074230547623e-07
5,2024-03-02,0.0,2.4475144180409073e-06,-5.225987437332804e-06,2.7784730192918967e-06
5,2024-03-03,0.007936508,3.7279830781409598e-06,-1.2390453795935137e-05,0.007945170865495569
5,2024-03-04,0.0,4.850304034816579e-06,-4.774325911608748e-06,-7.59781232078307e-08
5,2024-03-05,0.0,6.4234454537528825e-06,-1.3765481002490106e-06,-5.046897353503872e-06
5,2024-03-06,0.00990099,9.228383653670787e-06,6.517695987729663e-06,0.009885243862611234
5,2024-03-07,0.0,1.3274613898938613e-05,-1.6434017579258164e-05,3.1594036803195504e-06
5,2024-03-08,0.0,1.8279058241050518e-05,-8.13697913526923e-06,-1.0142079105781288e-05
5,2024-03-09,0.0,2.2285837656176977e-05,1.0431455961096552e-06,-2.3328983252286632e-05
5,2024-03-10,0.0,2.327230635860562e-05,-2.1482709844787268e-05,-1.7895965138183509e-06
5,2024-03-11,0.0,2.0088288552433915e-05,-6.951376560701927e-05,4.942547705458535e-05
5,2024-03-12,0.0,1.581621023574644e-05,-6.278163942576003e-05,4.696542919001359e-05
5,2024-03-13,0.0,1.7003517540592372e-05,-5.140554487597167e-05,3.4402027335379295e-05
5,2024-03-14,0.0,2.3636543950038117e-05,0.00025108936246966,-0.0002747259064196981
5,2024-03-15,0.0,3.231615123444563e-05,-3.5806858379228864e-05,3.490707144783236e-06
5,2024-03-16,0.0,4.076215300822599e-05,7.921877948131437e-05,-0.00011998093248954036
5,2024-03-17,0.0,4.3205226652858513e-05,1.877854268173248e-05,-6.1983769334591e-05
5,2024-03-18,0.0,2.2448514662280454e-05,-0.00018050838122466258,0.00015805986656238213
5,2024-03-19,0.0,-2.17888507445058e-05,-0.00012662597023105408,0.0001484148209755599
5,2024-03-20,0.0,-7.807581360671939e-05,-0.0001384140666480203,0.0002164898802547397
5,2024-03-21,0.0,-0.0001473250484433235,0.0006087097594080704,-0.00046138471096474694
5,2024-03-22,0.0,-0.00023462432413646496,5.524883597282163e-05,0.00017937548816364333
5,2024-03-23,0.0,-0.0003195155093183514,0.000500050384892695,-0.0001805348755743436
5,2024-03-24,0.0,-0.00041040666263955053,0.00048483434425834895,-7.442768161879842e-05
5,2024-03-25,0.0,-0.0005332913991181919,-0.0008403551605943988,0.0013736465597125906
5,2024-03-26,0.023255814,-0.0006669166014044253,-0.0008749515233224868,0.02479768199158063
5,2024-03-27,0.0,-0.0007946885286534418,-0.0004520411730269974,0.0012467297016804393
5,2024-03-28,0.0,-0.0008849752284322138,0.0005952265190371769,0.0002897487093950369
5,2024-03-29,0.0,-0.0008838925084546304,7.320450393099546e-05,0.000810688004523635
5,2024-03-30,0.0,-0.0008075876364895805,0.00138366625078551,-0.0005760786142959295
5,2024-03-31,0.0,-0.000603299724196207,0.0013060394153634471,-0.0007027396911672402
5,2024-04-01,0.0,-0.0003446585630436885,-0.0010802084603434919,0.0014248670233871804
5,2024-04-02,0.0,-3.0020228830837648e-05,-0.0013148117261215532,0.001344831954952391
5,2024-04-03,0.0,0.0002535032286832828,-0.0006926546531728984,0.0004391514244896156
5,2024-04-04,0.015873017,0.0005865301551904664,-0.0003034775850241947,0.015589964219389279
5,2024-04-05,0.0,0.0010047705371359112,-0.0004785465696470315,-0.0005262239674888796
5,2024-04-06,0.010752688,0.001382970270839392,0.0024595847953525116,0.006910133095836886
5,2024-04-07,0.010204081,0.0016834247867430455,0.0016502832542376763,0.006870373382599925
5,2024-04-08,0.0,0.0019774965875865125,-0.0018184909562664257,-0.00015900563132008674
5,2024-04-09,0.0,0.002318717339837154,-0.0022806126959335924,-3.810464390356172e-05
5,2024-04-10,0.0,0.0027678510265986486,-0.0027404279016671786,-2.742312493147006e-05
5,2024-04-11,0.0,0.003180733434170556,-0.003311996294179334,0.00013126286000877778
5,2024-04-12,0.0,0.0035816005007912035,-0.003854217927024277,0.0002726174262330733
5,2024-04-13,0.0,0.003989655185148968,0.020945039314730317,-0.024934694499879284
5,2024-04-14,0.018867925,0.004403600308153568,0.0003009375428614479,0.014163386958440854
5,2024-04-15,0.007352941,0.004814602801509077,-0.005281200675203466,0.007819539077556817
5,2024-04-16,0.0,0.005214578256415928,-0.005152783357068419,-6.179489934750836e-05
5,2024-04-17,0.0,0.005602106487116686,-0.004989454823865533,-0.0006126516632511533
5,2024-04-18,0.0,0.005997572719067957,-0.006046072247130487,4.8499528062529926e-05
5,2024-04-19,0.0,0.006396576912615798,-0.007966108054700074,0.0015695311420842756
5,2024-04-20,0.0,0.006765296353582786,0.040915888428967935,-0.04768118478255072
5,2024-04-21,0.0,0.007042120706211855,-0.007613995361242818,0.0005718746550309626
5,2024-04-22,0.0,0.007310194646271334,-0.007569556087892344,0.0002593614416210102
5,2024-04-23,0.0,0.007595401516794045,-0.006090385357217714,-0.001505016159576331
5,2024-04-24,0.0,0.0078604559707675,-0.005893725484024003,-0.001966730486743497
5,2024-04-25,0.015151516,0.007978120170665001,-0.006341559167044482,0.013514954599444972
5,2024-04-26,0.0,0.007948950372828579,-0.008350170122713827,0.0004012197498852489
5,2024-04-27,0.05,0.007871702617647486,0.04176988353344554,0.00035841459396503475
5,2024-04-28,0.0,0.007717833754940448,-0.0066608695300548835,-0.0010569642248855647
5,2024-04-29,0.006666667,0.007447541458111256,-0.006548373871650616,0.005767499241635273
5,2024-04-30,0.0,0.007174187651087185,-0.006191730733842044,-0.0009824569172451414
5,2024-05-01,0.0,0.006930369665745277,-0.007646384856778961,0.0007160151910336841
5,2024-05-02,0.0,0.006721582199922518,-0.006431270862645388,-0.0002903113372771304
5,2024-05-03,0.0,0.006534890945042856,-0.006051368275787951,-0.0004835226692549051
5,2024-05-04,0.0,0.00647776010475035,0.032195394970417866,-0.03867315507516822
5,2024-05-05,0.0,0.006480708645619035,-0.006138017171181779,-0.000342691474437256
5,2024-05-06,0.006666667,0.006502076377387183,0.0011771230267179594,-0.00101253257600923
5,2024-05-07,0.0,0.006604240773630567,-0.006673375076425175,6.913430279460817e-05
5,2024-05-08,0.0,0.006822290035550169,-0.006052293295786299,-0.0007699967397638693
5,2024-05-09,0.0,0.006931904702155412,-0.007639260230237066,0.0007073555280816537
5,2024-05-10,0.0,0.006747993175002237,-0.0049530479063926575,-0.00179494526860958
5,2024-05-11,0.0,0.006634496089136544,0.02146006644023921,-0.028094562529375755
5,2024-05-12,0.0,0.006029150751414194,0.0010313580047732914,-0.007060508756187486
5,2024-05-13,0.0,0.004379621441898594,0.008264552873150269,-0.012644174315048863
5,2024-05-14,0.0,0.0033721626209055966,-0.009501714822040373,0.006129552201134776
5,2024-05-15,0.0,0.003787574783144728,-0.006158780501733128,0.0023712057185884
5,2024-05-16,0.0,0.0017943089231612658,-0.008686044896362106,0.006891735973200841
5,2024-05-17,0.0,-0.0015502964275353232,-0.003379719676690939,0.004930016104226262
5,2024-05-18,0.003968254,-0.004525505171130931,0.011327451780515127,-0.002833692411995309
5,2024-05-19,0.0,-0.005723439733426637,0.008810138462129469,-0.003086698728702832
5,2024-05-20,0.0,-0.005590312054750713,0.008442971152814442,-0.0028526590980637295
5,2024-05-21,0.0,-0.004519392914113803,-0.01128703209349757,0.015806425007611372
5,2024-05-22,0.0,-0.0024746530847701807,-0.00727533737513607,0.009749990459906252
5,2024-05-23,0.0,1.3264144319970661e-05,-0.006129591808309054,0.006116327663989083
5,2024-05-24,0.0,0.0022842332486291655,-0.0018313242690371125,-0.000452908979592053
5,2024-05-25,0.0,0.004559160567106293,0.010022412658444618,-0.014581573225550912
5,2024-05-26,0.1,0.007021602462889988,0.008980120236612705,0.08399827879061342
5,2024-05-27,0.0,0.009447316790978922,0.008655467625080767,-0.01810278441605969
5,2024-05-28,0.0,0.011804473825566385,-0.013664608089570198,0.001860134264003813
5,2024-05-29,0.0045454544,0.013771923758332066,-0.007423862962342198,-0.001802606394466992
5,2024-05-30,0.0,0.01239171409744661,-0.00463378558051633,-0.00775792851693028
5,2024-05-31,0.0,0.010763389108395489,-0.0024794884167574894,-0.008283900691637999
5,2024-06-01,0.0,0.009898418271475399,0.008459271560748768,-0.018357689832224168
5,2024-06-02,0.5,0.008834207814576462,0.008787734408535367,0.4823780577768882
5,2024-06-03,0.0,0.007681494413176726,0.00849847093318895,-0.016179965346365677
5,2024-06-04,0.0,0.0071813575069916685,-0.008431713602247988,0.0012503560952563195
5,2024-06-05,0.0,0.006390851686087607,-0.006321571817579098,-6.927986850850925e-05
5,2024-06-06,0.0,0.004624288879526949,-0.0041505787310561395,-0.0004737101484708099
5,2024-06-07,0.0,0.0033875540916549806,-0.0002236359658945022,-0.0031639181257604784
5,2024-06-08,0.009259259,0.0027253280108585918,0.007873734131550602,-0.0013398028141630774
5,2024-06-09,0.0,0.002275213267326542,-0.0008557899155610378,-0.001419423351765504
5,2024-06-10,0.0,0.0020973285378757733,0.0011248354145373778,-0.003222163952413151
5,2024-06-11,0.0,0.00238167372345047,-0.006146956892891359,0.003765283169440889
5,2024-06-12,0.0,0.0028432885091725997,-0.0028408546229519126,-2.433886220687149e-06
5,2024-06-13,0.0,0.0032209571703085303,-0.0064383751622028185,0.0032174179918942883
5,2024-06-14,0.0,0.0036173153716846248,-0.003324418903298934,-0.00029289646838569086
5,2024-06-15,0.0,0.003194955276690293,0.0013152713304338671,-0.00451022660712416
5,2024-06-16,0.033333335,0.0022714776610692415,0.028535131430046202,0.002526725980686696
5,2024-06-17,0.0,0.001760095630533773,-0.002190296422963522,0.00043020079242974893
5,2024-06-18,0.0,0.002093995944737493,-0.005253012892741842,0.003159016948004349
5,2024-06-19,0.0,0.0032160616802002764,0.0007776858728764612,-0.003993747553076738
5,2024-06-20,0.0,0.0011566612248825531,-0.0068200908139450815,0.005663429589062528
5,2024-06-21,0.0,0.00027136391778726367,-0.0013327199584821457,0.001061356040694882
5,2024-06-22,0.0,-0.00016500113035612814,0.0013032032272332875,-0.0011382020968771593
5,2024-06-23,0.0,-0.0002791633161040304,2.956071474015471e-06,0.0002762072446300149
5,2024-06-24,0.0,-0.00031878179051347225,0.000361001454635708,-4.2219664122235745e-05
5,2024-06-25,0.0,-0.0003184959018491883,7.24368433971478e-05,0.0002460590584520405
5,2024-06-26,0.0,-0.0002930199277695819,-0.0020981096607196226,0.0023911295884892045
5,2024-06-27,0.007352941,-0.00023302662968824724,0.00046268728618441507,0.007123280547366261
5,2024-06-28,0.0,-0.00013197775187137432,8.774980717841696e-05,4.422794469295736e-05
5,2024-06-29,0.0,-9.181748564566847e-05,0.00017392842748279732,-8.211094183712885e-05
5,2024-06-30,0.0,-7.769465812296276e-05,0.0001300408767686599,-5.234621864569713e-05
5,2024-07-01,0.0,-6.328028287112403e-05,-2.78154437514752e-05,9.109572662259923e-05
5,2024-07-02,0.0,-5.186002033615931e-05,8.831010104587578e-05,-3.645008070971647e-05
5,2024-07-03,0.009433962,-4.123386976121257e-05,-3.4065467262846315e-05,0.009509261741751995
5,2024-07-04,0.0,-2.9939130588139402e-05,0.0002169818378121856,-0.0001870427072240462
5,2024-07-05,0.0,-2.1825837587679555e-05,6.240541109617598e-06,1.5585296478061957e-05
5,2024-07-06,0.0,-2.4395609969576218e-05,-6.655916769320256e-05,9.095477766277877e-05
5,2024-07-07,0.0,-2.8970938098341177e-05,0.00011051661735684322,-8.154567925850204e-05
5,2024-07-08,0.0,-2.8215771334081472e-05,-0.00021130402596974973,0.0002395197973038312
5,2024-07-09,0.0,-2.0141355782856995e-05,2.44678124955355e-05,-4.326456712678505e-06
5,2024-07-10,0.0,-1.140940347434409e-05,-0.0001144532540034473,0.0001258626574777914
5,2024-07-11,0.0,-6.2963140121407106e-06,0.00013085212138326475,-0.00012455580737112405
5,2024-07-12,0.0,8.11655182584475e-06,1.128083578548681e-05,-1.939738761133156e-05
5,2024-07-13,0.0,3.472741924856507e-05,-0.0002623920160506879,0.00022766459680212284
5,2024-07-14,0.0,7.725511010981324e-05,-8.583871916892497e-05,8.583609059111734e-06
5,2024-07-15,0.0,0.0001503335195486243,-0.0005685991337712275,0.00041826561422260325
5,2024-07-16,0.0,0.0002417503203063434,0.00016292250985356954,-0.00040467283015991294
5,2024-07-17,0.0,0.0003383062010792092,-0.0005827076323481877,0.00024440143126897853
5,2024-07-18,0.0,0.00044901981000704526,0.0010241641772631214,-0.0014731839872701667
5,2024-07-19,0.0,0.0005881257993111043,0.0011455361531214833,-0.0017336619524325877
5,2024-07-20,0.0,0.0007502082836722782,-0.0008883966863373798,0.0001381884026651016
5,2024-07-21,0.0,0.0007837889042285097,-0.0005222592483764528,-0.00026152965585205684
5,2024-07-22,0.0,0.0006693319758121999,-0.0012667878800895597,0.0005974559042773598
5,2024-07-23,0.0,0.0006163739283463111,0.0005124311305347993,-0.0011288050588811104
5,2024-07-24,0.0,0.0005027953450771029,0.0008425058913938363,-0.001345301236470939
5,2024-07-25,0.0058139535,0.00031014142624568073,0.002242415877097794,0.003261396163369954
5,2024-07-26,0.010204081,0.0002981205582637571,0.002823636381902971,0.007082324483413918
5,2024-07-27,0.0,0.00028969086650232914,-0.000513028968371969,0.00022333810186963985
5,2024-07-28,0.0,-0.000440262389546354,0.00019883922578632944,0.00024142316376002458
5,2024-07-29,0.0,-0.0014904482157956252,-0.01181956044966527,0.013310008665460895
5,2024-07-30,0.0,-0.002592643651665013,0.0024541248230689457,0.00013851882859606743
5,2024-07-31,0.0,-0.0037106702633527226,0.0036224355610824767,8.823470227024583e-05
5,2024-08-01,0.0,-0.004859652336071548,0.004870837225661428,-1.1184889589880079e-05
5,2024-08-02,0.0,-0.006093434226778893,0.006235749320733301,-0.00014231509395440725
5,2024-08-03,0.0,-0.007420809925612705,0.0020743237326797132,0.005346486192932992
5,2024-08-04,0.0,-0.008729864237044856,0.0037040724544700797,0.005025791782574777
5,2024-08-05,0.015625,-0.010068303118358043,-0.03005772018312769,0.055751023301485736
5,2024-08-06,0.0,0.009433635378834446,0.0033371924803768703,-0.012770827859211315
5,2024-08-07,0.0,0.012651401049447335,0.005684534249918982,-0.018335935299366318
5,2024-08-08,0.0078125,0.016046040461495423,0.006768964615232442,-0.015002505076727865
5,2024-08-09,0.0,0.030900566982980906,0.007932730450450745,-0.038833297433431654
5,2024-08-10,0.0,0.030900566982980906,0.002811425644179919,-0.033711992627160826
5,2024-08-11,0.16666667,0.030900566982980906,0.0035715386343484388,0.13219456601639104
5,2024-08-12,0.0,0.030900566982980906,-0.030900566982980906,0.0
5,2024-08-13,0.0,0.02714425420255117,0.003836852488534592,-0.030981106691085763
5,2024-08-14,0.0,0.023385161435949046,0.00645639353575308,-0.029841554971702128
5,2024-08-15,0.0,0.019624097455219144,0.006179161024637255,-0.0258032584798564
5,2024-08-16,0.0,0.015863312871142333,0.0058912997055631045,-0.021754612576705436
5,2024-08-17,0.0,0.012103584642230793,-0.013295137904830239,0.0011915532625994454
5,2024-08-18,0.0,0.008350237176040824,0.0022761124531412566,-0.010626349629182082
5,2024-08-19,0.0,0.0027069074724919437,-0.004606377519972175,0.001899470047480231
5,2024-08-20,0.0,0.0026901966876960817,-0.0007907266402158502,-0.0018994700474802314
5,2024-08-21,0.0,0.0013922163500478194,0.006563551280025643,-0.007955767630073463
5,2024-08-22,0.0,0.0014103759137713589,0.004921676643051076,-0.006332052556822435
5,2024-08-23,0.0,0.0010096292958258735,0.0037677467839542316,-0.004777376079780105
5,2024-08-24,0.0,0.0004744500717044579,-0.0015128231893000094,0.0010383731175955516
5,2024-08-25,0.0,-8.301035352518401e-05,0.00018034817117588563,-9.733781765070161e-05
5,2024-08-26,0.0,-0.00036280687020893944,-0.006499302164139857,0.006862109034348796
5,2024-08-27,0.0,-0.0007747114696987474,0.00036232003035101355,0.0004123914393477339
5,2024-08-28,0.0,-0.001030587120263998,0.0005102293991266198,0.0005203577211373783
5,2024-08-29,0.0,-0.001053964342562396,0.0021341397378087093,-0.0010801753952463132
5,2024-08-30,0.0,-0.0009994834993250943,-0.00017486159277633594,0.0011743450921014302
5,2024-08-31,0.0076923077,-0.0009365772672864602,-0.0005282272545565745,0.009157112221314746
5,2024-09-01,0.0,-0.0008658532108102285,0.0008302849052360247,3.556830557420378e-05
5,2024-09-02,0.0,-0.0007526991536171654,-0.0013511403096125036,0.002103839463229669
5,2024-09-03,0.0,-0.0005237424364918522,0.0007384441653699801,-0.00021470172887812786
5,2024-09-04,0.0,-0.0002794470238986277,-0.00017180682020661534,0.00045125384410524304
5,2024-09-05,0.0,-0.00011655187768185383,0.0006677735853163485,-0.0005512217076344947
5,2024-09-06,0.0,-2.3350736062228114e-05,-0.0003785884456080894,0.0004019391816703175
5,2024-09-07,0.0,3.2372110003762285e-05,-0.00044997905068574497,0.00041760694068198267
5,2024-09-08,0.004,7.046960346552631e-05,0.0003969022268696449,0.003532628359654634
5,2024-09-09,0.0,0.00010264588510915026,-0.0004175121801047395,0.0003148662949955892
5,2024-09-10,0.0,0.00011892010082133909,0.00046175268362008627,-0.0005806727844414254
5,2024-09-11,0.0,0.00011027157385882736,-0.00014802378684891122,3.775221299008386e-05
5,2024-09-12,0.0,7.437862671198116e-05,0.0001558524623999188,-0.00023023108911189997
5,2024-09-13,0.0,4.31619918358552e-05,-0.0001687409060195258,0.0001255789141836706
5,2024-09-14,0.0,3.0051177373633946e-05,-0.00016632572987267477,0.00013627455249904082
5,2024-09-15,0.0,2.7166863134413345e-05,0.00011483364919547131,-0.00014200051232988466
5,2024-09-16,0.0028571428,2.881148381449377e-05,-0.00012395478840264489,0.002952286131130409
5,2024-09-17,0.0,2.6264191456757377e-05,-3.439454429850973e-06,-2.2824737026906404e-05
5,2024-09-18,0.0,2.1034894989947884e-05,-2.9406375532903923e-05,8.371480542956039e-06
5,2024-09-19,0.0,1.508728874288434e-05,-1.38843816027442e-05,-1.20290714014014e-06
5,2024-09-20,0.0,1.4283502593451634e-05,-3.1958076518957005e-05,1.767457392550537e-05
5,2024-09-21,0.0,1.680419831453506e-05,-1.5148877774401007e-05,-1.655320540134051e-06
5,2024-09-22,0.0,1.6305845277131263e-05,-3.0894927516596384e-05,1.4589082239465121e-05
5,2024-09-23,0.0,1.4240961525434266e-05,-7.0045514672233635e-06,-7.2364100582109025e-06
5,2024-09-24,0.0,1.156830480684839e-05,-1.159410594891608e-05,2.580114206768973e-08
5,2024-09-25,0.0,8.789042384583048e-06,-9.121132602257047e-06,3.3209021767399867e-07
5,2024-09-26,0.0,6.31904177681698e-06,-4.775894458580215e-06,-1.5431473182367648e-06
5,2024-09-27,0.0,4.314185208712843e-06,2.082841108163986e-06,-6.397026316876829e-06
5,2024-09-28,0.0,2.6541146082271274e-06,-2.075500232679234e-06,-5.786143755478935e-07
5,2024-09-29,0.0034013605,1.4344032987947664e-06,-2.621660191758232e-06,0.003402547731419846
5,2024-09-30,0.0,6.13617060761185e-07,2.00282640664189e-07,-8.13899701425374e-07
5,2024-10-01,0.0,1.9008851863679818e-07,2.719189076994619e-07,-4.6200742633626004e-07
5,2024-10-02,0.0,5.086097909601228e-08,4.904569754766397e-07,-5.41317954572652e-07
5,2024-10-03,0.0,3.16792931638855e-08,4.2440190990997676e-07,-4.560812030738623e-07
5,2024-10-04,0.008474576,1.6519246291389706e-08,1.0402051005287875e-06,0.008473519562624748
5,2024-10-05,0.0,4.320034096972063e-08,-2.2873919686352035e-07,1.8553885589379974e-07
5,2024-10-06,0.0,9.56556310816941e-08,-1.3657294198405036e-06,1.2700737887588095e-06
5,2024-10-07,0.0,1.502994388463075e-07,1.427967723617743e-07,-2.930962112080818e-07
5,2024-10-08,0.0,1.717830825792644e-07,1.558218604025623e-07,-3.276049429818267e-07
5,2024-10-09,0.0,1.4629076419397614e-07,2.767526398244436e-08,-1.739660281764205e-07
5,2024-10-10,0.0,1.0918522710735761e-07,-1.3247470223078088e-07,2.328947512342327e-08
5,2024-10-11,0.017857144,7.724382470568555e-08,9.701737008576742e-07,0.017856096237893786
5,2024-10-12,0.0,5.7200962856049585e-08,-1.2397395983790387e-07,6.677299698185428e-08
5,2024-10-13,0.0035971224,6.170046237184429e-08,-3.7026258787865316e-07,0.0035974309463607697
5,2024-10-14,0.0,7.138068454699827e-08,-1.989291369306436e-08,-5.1487770853933914e-08
5,2024-10-15,0.0,6.928646381397464e-08,-1.1241553623837869e-07,4.3129072424404043e-08
5,2024-10-16,0.0,5.929530328433881e-08,-7.992000640160565e-08,2.0624703117266837e-08
5,2024-10-17,0.0,5.050007306060386e-08,-1.2886450998305093e-07,7.836443692244706e-08
5,2024-10-18,0.0,4.4750403275032425e-08,1.399293796313765e-07,-1.8467978290640894e-07
5,2024-10-19,0.0,3.907166004733332e-08,-1.3246336007082394e-07,9.339170002349062e-08
5,2024-10-20,0.0,3.066878951417031e-08,5.382878802817925e-08,-8.449757754234955e-08
5,2024-10-21,0.0,2.0433346945897094e-08,-7.810306152441819e-08,5.76697145785211e-08
5,2024-10-22,0.0,1.0784215954005894e-08,-4.719703159156567e-08,3.6412815637559774e-08
5,2024-10-23,0.0,3.072695822013798e-09,-2.7946248746536595e-08,2.4873552924522798e-08
5,2024-10-24,0.0,-4.409535593480604e-09,-1.8740152180732786e-08,2.314968777421339e-08
5,2024-10-25,0.0,-1.276237162572966e-08,1.0347771200484645e-07,-9.07153403791168e-08
5,2024-10-26,0.0,-1.9219603795502522e-08,-1.820699938518492e-08,3.742660318068744e-08
5,2024-10-27,0.0,-2.4220678708105094e-08,1.0321964084579203e-07,-7.899896213768694e-08
5,2024-10-28,0.0,-2.733041318835366e-08,1.2644497758185114e-09,2.606596341253515e-08
5,2024-10-29,0.0069444445,-2.7721150911522984e-08,-3.289416525243515e-08,0.0069445051115007515
5,2024-10-30,0.0,-2.5471785881723836e-08,1.87991942014567e-08,6.672591680267137e-09
5,2024-10-31,0.0,-2.1561240606957592e-08,1.915330677066508e-08,2.4079338362925125e-09
5,2024-11-01,0.0,-1.7982055484432608e-08,1.8318534087368984e-08,-3.3647860293637623e-10
5,2024-11-02,0.0,-1.4742027638393875e-08,1.6286395935175597e-08,-1.5443682967817219e-09
5,2024-11-03,0.0,-1.2864851917031366e-08,1.4982998279807923e-08,-2.1181463627765563e-09
5,2024-11-04,0.0,-1.106235592348656e-08,1.5657128125449127e-08,-4.594772201962566e-09
5,2024-11-05,0.0,-9.14246516703722e-09,-1.0927787185689789e-09,1.0235243885606199e-08
5,2024-11-06,0.0,-7.233215982730022e-09,8.626088367583295e-09,-1.3928723848532736e-09
5,2024-11-07,0.0,-5.414699383791691e-09,5.2361975042198336e-09,1.7850187957185778e-10
5,2024-11-08,0.0,-3.84392908181651e-09,3.146616676099814e-09,6.973124057166956e-10
5,2024-11-09,0.0,-2.621443613889307e-09,1.734101467738957e-09,8.8734214615035e-10
5,2024-11-10,0.0,-1.7434194445039368e-09,1.325740715102647e-09,4.1767872940128985e-10
5,2024-11-11,0.0,-1.0694950715667345e-09,9.595321482745531e-10,1.099629232921814e-10
5,2024-11-12,0.0,-4.2487411737329794e-10,-2.4988018505262964e-09,2.9236759678995945e-09
5,2024-11-13,0.0,9.135744245542056e-11,6.301986333389589e-10,-7.215560757943794e-10
5,2024-11-14,0.0,4.134516279800593e-10,-4.035518180346393e-12,-4.094161097997129e-10
5,2024-11-15,0.0,5.783367800427351e-10,-4.850817046194516e-10,-9.325507542328344e-11
5,2024-11-16,0.0,6.472619775434701e-10,-1.8306336781545445e-09,1.1833717006110744e-09
5,2024-11-17,0.0,6.664934449092016e-10,-7.638870166487446e-10,9.739357173954304e-11
5,2024-11-18,0.007246377,6.702771481681798e-10,5.118440501179516e-10,0.007246375764447291
5,2024-11-19,0.0,6.783808026647291e-10,-5.996875925806749e-10,-7.869321008405416e-11
5,2024-11-20,0.0,6.382305591422567e-10,-5.744020906898924e-10,-6.382846845236429e-11
5,2024-11-21,0.0,5.450574188068751e-10,-5.264682677161643e-10,-1.8589151090710712e-11
5,2024-11-22,0.0,4.418612850827801e-10,-4.6232867879219916e-10,2.0467393709419066e-11
5,2024-11-23,0.0,3.6706443589640413e-10,-5.612584938283211e-10,1.9419405793191697e-10
5,2024-11-24,0.0,3.0797137198522533e-10,-3.2056205592776286e-10,1.2590683942537533e-11
5,2024-11-25,0.0,2.519794854245883e-10,1.8227622221223316e-10,-4.342557076368215e-10
5,2024-11-26,0.0,1.9892990795335798e-10,-2.1977759830449696e-10,2.084769035113898e-11
5,2024-11-27,0.0,1.5311950622580717e-10,-1.909957197216567e-10,3.787621349584952e-11
5,2024-11-28,0.0,1.1672182018037842e-10,-1.4963241738651707e-10,3.291059720613865e-11
5,2024-11-29,0.0,9.121255248809973e-11,-1.0624801544290188e-10,1.503546295480216e-11
5,2024-11-30,0.013888889,7.620454507599989e-11,-9.704482313382197e-11,0.013888889013209454
5,2024-12-01,0.0,6.357224435634183e-11,-3.25485529325654e-11,-3.102369142377643e-11
5,2024-12-02,0.0,4.531549800082551e-11,-7.528442714802547e-12,-3.7787055286022964e-11
5,2024-12-03,0.0,2.7188126543864337e-11,-1.8874378085909003e-11,-8.313748457955334e-12
5,2024-12-04,0.0,1.4273999711214104e-11,-9.421504555853281e-12,-4.8524951553608224e-12
5,2024-12-05,0.0,7.252637167667671e-12,-1.403056439930551e-12,-5.84958072773712e-12
5,2024-12-06,0.0,4.187528434286532e-12,3.1887683234752765e-12,-7.376296757761808e-12
5,2024-12-07,0.0,2.629741687672255e-12,-4.983041121688087e-12,2.3532994340158322e-12
5,2024-12-08,0.0,1.894755663051385e-12,8.189981354488512e-12,-1.0084737017539896e-11
5,2024-12-09,0.0,1.495324184633335e-12,6.840613721675791e-13,-2.179385556800914e-12
5,2024-12-10,0.0,1.6393371446433956e-12,6.392721350187821e-14,-1.7032643581452738e-12
5,2024-12-11,0.0,2.923774061765118e-12,-7.2408760702035495e-12,4.3171020084384315e-12
5,2024-12-12,0.0,5.412185938057374e-12,-5.640924889351926e-12,2.287389512945525e-13
5,2024-12-13,0.0,8.316677894821995e-12,-1.0347945242340141e-11,2.031267347518146e-12
5,2024-12-14,0.0,1.1925537696971783e-11,8.698691133756924e-12,-2.0624228830728707e-11
5,2024-12-15,0.005263158,1.624780580861821e-11,-1.0320322531745025e-11,0.005263158114287456
5,2024-12-16,0.0,2.160424197798487e-11,-2.6801823302464904e-11,5.197581324480034e-12
5,2024-12-17,0.0,2.9120900255664746e-11,-3.320037181981903e-11,4.079471564154282e-12
5,2024-12-18,0.0,3.856211441073881e-11,-3.957646401006682e-12,-3.4604468009732125e-11
5,2024-12-19,0.0,4.8991725148198006e-11,-5.196326308634164e-11,2.971537938143634e-12
5,2024-12-20,0.0,6.003971312092192e-11,-5.97235106142425e-11,-3.162025066794128e-13
5,2024-12-21,0.003816794,7.083404800634554e-11,-1.611913447888078e-12,0.0038167938363489686
5,2024-12-22,0.0,8.205451269306723e-11,-1.0336459043479117e-10,2.1310077741723938e-11
5,2024-12-23,0.0,9.726078619874335e-11,-9.418806324180287e-11,-3.072722956940477e-12
5,2024-12-24,0.0,1.1791376892702494e-10,-9.903242602714994e-11,-1.8881342899875005e-11
5,2024-12-25,0.0074626864,1.4036845721919284e-10,3.48490475232419e-11,0.007462686218192463
5,2024-12-26,0.0,1.6470329557494257e-10,-1.1500087748754643e-10,-4.9702418087396136e-11
5,2024-12-27,0.0,1.9144292309982824e-10,-1.3061210765134102e-10,-6.083081544848722e-11
5,2024-12-28,0.0,2.187921819146111e-10,-2.1019823023016542e-10,-8.593951684445692e-12
5,2024-12-29,0.0,2.4914346171864147e-10,-4.003789934883722e-10,1.5123553176973072e-10
5,2024-12-30,0.0,2.83793147780488e-10,-2.321848945376049e-10,-5.1608253242883114e-11
5,2024-12-31,0.0,3.0149777922758524e-10,-2.7021412659320705e-10,-3.1283652634378185e-11
5,2025-01-01,0.0,2.7241399172427963e-10,-4.118968518652338e-10,1.3948286014095415e-10
5,2025-01-02,0.0,1.816491654183168e-10,-3.3985700319703195e-10,1.5820783777871514e-10
5,2025-01-03,0.0,3.622012010544435e-11,-3.1507654120382697e-10,2.788564210983826e-10
5,2025-01-04,0.0,-1.6111844541649511e-10,-7.752099698178845e-10,9.363284152343796e-10
5,2025-01-05,0.0,-4.084922880691972e-10,2.0947255327971456e-10,1.9901973478948265e-10
5,2025-01-06,0.0,-7.729994013146021e-10,7.861811696206268e-10,-1.3181768306024657e-11
5,2025-01-07,0.0,-1.4083510981357119e-09,1.5133126870347442e-09,-1.049615888990324e-10
5,2025-01-08,0.0,-2.3480735893549052e-09,8.884471381843905e-10,1.4596264511705147e-09
5,2025-01-09,0.0,-3.6227395363055027e-09,2.1277652513267106e-09,1.4949742849787921e-09
5,2025-01-10,0.0,-5.310896629859263e-09,2.147319895758532e-09,3.1635767341007306e-09
5,2025-01-11,0.0,-7.520836289422592e-09,2.9551018422032164e-09,4.565734447219376e-09
5,2025-01-12,0.0,-1.0371961205534172e-08,1.2476615457776233e-08,-2.104654252242061e-09
5,2025-01-13,0.0,-1.360574805406377e-08,9.251588504914659e-09,4.354159549149112e-09
5,2025-01-14,0.0,-1.6566056649166334e-08,1.46202751087222e-08,1.9457815404441337e-09
5,2025-01-15,0.0,-1.9898691669614927e-08,2.0626520336835088e-08,-7.278286672201607e-10
5,2025-01-16,0.0,-2.454532377085643e-08,2.6943474987813086e-08,-2.3981512169566546e-09
5,2025-01-17,0.0,-3.1093820207520725e-08,3.352843053005255e-08,-2.4346103225318256e-09
5,2025-01-18,0.0,-3.9544574288994166e-08,3.976139431677993e-08,-2.1682002778576118e-10
5,2025-01-19,0.0,-4.894449217725454e-08,-6.1155497534775016e-09,5.506004193073204e-08
5,2025-01-20,0.0,-5.7919522283864635e-08,6.17779274463657e-08,-3.858405162501068e-09
5,2025-01-21,0.0,-6.533085790304856e-08,7.587206074958486e-08,-1.0541202846536301e-08
5,2025-01-22,0.0,-6.571561940854375e-08,9.44072267351632e-08,-2.8691607326619445e-08
5,2025-01-23,0.0,-5.5092289880127415e-08,1.0995258752620888e-07,-5.486029764608147e-08
5,2025-01-24,0.0,-3.635505167259713e-08,1.0621599963653478e-07,-6.986094796393764e-08
5,2025-01-25,0.0,-1.3415057163844253e-08,6.66971607450641e-08,-5.328210358121985e-08
5,2025-01-26,0.009259259,1.3425471109762807e-08,-2.1058634575384658e-07,0.00925945648912076
5,2025-01-27,0.0,4.881348802552578e-08,-7.042388041274784e-08,2.1610392387222057e-08
5,2025-01-28,0.0,1.0265243822381617e-07,-1.2006577126720157e-07,1.74133330433854e-08
5,2025-01-29,0.0,1.797689057395455e-07,-1.3996949115687686e-07,-3.9799414582668635e-08
5,2025-01-30,0.0,2.8087196191998283e-07,-1.4310493549704937e-07,-1.3776702642293346e-07
5,2025-01-31,0.0,4.1939473786905e-07,-1.5099485497707642e-07,-2.683998828919736e-07
5,2025-02-01,0.0,6.170083478668502e-07,-2.5428330433303815e-07,-3.6272504353381206e-07
5,2025-02-02,0.0,8.27517940991261e-07,-8.319731798954272e-07,4.455238904166126e-09
5,2025-02-03,0.0,1.1099960556505604e-06,-1.0159230972390409e-06,-9.407295841151955e-08
5,2025-02-04,0.0,1.4336227750398314e-06,-1.2468050351949084e-06,-1.8681773984492291e-07
5,2025-02-05,0.0,1.7324747442851395e-06,-8.261555726532678e-07,-9.063191716318716e-07
5,2025-02-06,0.0,2.0392984107278305e-06,-4.637196879307992e-06,2.5978984685801613e-06
5,2025-02-07,0.0,2.424941213584152e-06,1.5709245282763306e-06,-3.995865741860482e-06
5,2025-02-08,0.0,2.8842336363577248e-06,-6.904359316368596e-06,4.0201256800108715e-06
5,2025-02-09,0.0,3.334353756881768e-06,-2.3389458313939445e-06,-9.954079254878233e-07
5,2025-02-10,0.0,3.4943259684781644e-06,-6.68399553670705e-07,-2.8259264148074594e-06
5,2025-02-11,0.0,3.043925898007348e-06,-4.541352998387756e-06,1.497427100380408e-06
5,2025-02-12,0.0,1.9741644670770402e-06,-7.051964924707655e-06,5.0778004576306145e-06
5,2025-02-13,0.0,6.2222229341173e-07,-5.921262229224354e-06,5.299039935812624e-06
5,2025-02-14,0.0,-7.290145253070111e-07,-5.3241166044049665e-06,6.053131129711977e-06
5,2025-02-15,0.0,-2.2362442581860805e-06,2.1927347474266464e-06,4.350951075943414e-08
5,2025-02-16,0.0,-4.510249198587323e-06,1.2968148381465496e-05,-8.457899182878174e-06
5,2025-02-17,0.0,-8.720778031457458e-06,1.3205090251389471e-05,-4.484312219932013e-06
5,2025-02-18,0.0,-1.922380170992208e-05,6.03297605043168e-06,1.31908256594904e-05
5,2025-02-19,0.0,-3.8687707266459514e-05,3.0052045594744373e-07,3.838718681051207e-05
5,2025-02-20,0.0051020407,-6.37642388769038e-05,6.854350849896593e-06,0.00515895059981733
5,2025-02-21,0.0,-9.081951609722312e-05,3.16040493402039e-05,5.921546675701922e-05
5,2025-02-22,0.03125,-0.00011867750374352915,-1.4816255728437282e-05,0.03138349375947197
5,2025-02-23,0.0,-0.0001446582137308624,0.00012185475210349021,2.2803461627372184e-05
5,2025-02-24,0.0,-0.00015687304864987636,0.00022189021053237775,-6.501716188250139e-05
5,2025-02-25,0.0,-0.0001501966136389914,0.00026038090269510546,-0.00011018428905611405
5,2025-02-26,0.0,-0.0001404682812312807,0.0002675356706167207,-0.00012706738938543998
5,2025-02-27,0.0,-0.00014964874380122637,0.00026137507106217383,-0.00011172632726094746
5,2025-02-28,0.0,-0.00018714269127348412,-0.0019589486579357843,0.0021460913492092684
5,2025-03-01,0.0,-0.00023940724783886807,-0.0006028381502896736,0.0008422453981285417
5,2025-03-02,0.0,-0.0002934311038854006,7.670925120714188e-05,0.0002167218526782587
5,2025-03-03,0.0,-0.00032816281942358677,0.0005348323925399416,-0.0002066695731163548
5,2025-03-04,0.0,-0.0003205062288198168,0.0002635008854453946,5.700534337442221e-05
5,2025-03-05,0.0,-0.00022907613112620848,0.0012142390413001519,-0.0009851629101739433
5,2025-03-06,0.0,-1.57898466976202e-05,0.0024543924274634515,-0.0024386025807658315
5,2025-03-07,0.0,0.00038395624737755406,-0.004120800938944498,0.0037368446915669435
5,2025-03-08,0.0,0.0015848510233208322,-0.0021086213123021526,0.0005237702889813204
5,2025-03-09,0.0,0.0024904179339062128,-0.001268298693411884,-0.0012221192404943287
5,2025-03-10,0.0,0.003044680667908059,0.0021933789839527155,-0.005238059651860774
5,2025-03-11,0.0,0.003932390678778044,0.00244986966804681,-0.006382260346824854
5,2025-03-12,0.0,0.005330303601857673,0.0023446599916279944,-0.007674963593485667
5,2025-03-13,0.0,0.006173955532234566,0.0041928967689199605,-0.010366852301154528
5,2025-03-14,0.0,0.005937531954218627,-0.00693787325123731,0.0010003412970186832
5,2025-03-15,0.0,0.0037233689063018984,-0.00490447364313715,0.0011811047368352513
5,2025-03-16,0.0076923077,0.0010853001376699514,-0.006468675439715686,0.013075683001517447
5,2025-03-17,0.0,-0.0014247146880895234,0.004862923936196575,-0.0034382092481070516
5,2025-03-18,0.0,-0.003755829446522861,0.010741644680381243,-0.006985815233858382
5,2025-03-19,0.0,-0.005822113386872657,0.0045414532123596064,0.0012806601745130501
5,2025-03-20,0.0,-0.007903264796149955,0.006780109993969246,0.0011231548021807094
5,2025-03-21,0.0,-0.009864790537163005,-0.006570619709323994,0.016435410246487
5,2025-03-22,0.0,-0.011651520139283092,-0.006236061712027715,0.017887581851310806
5,2025-03-23,0.006329114,-0.013572006036705183,-0.030293958621716667,0.050195078741622545
5,2025-03-24,0.0,-0.01578543093013007,0.01576660678725469,1.8824142875378813e-05
5,2025-03-25,0.0,-0.018043615367947404,0.018514115744774674,-0.0004705003768272695
5,2025-03-26,0.0,-0.01570661726976514,0.0069490133076977635,0.008757603962067376
5,2025-03-27,0.0,-0.01587056883736739,0.009955913569871015,0.005914655267496374
5,2025-03-28,0.0,-0.01589234243317462,-0.0022992802330224554,0.018191622666197078
5,2025-03-29,0.0,-0.015944410597838694,0.0015110361138912136,0.014433374483947482
5,2025-03-30,0.0,-0.016159669415501208,-0.050518210875877115,0.06667788029137832
5,2025-03-31,0.0,0.019748553391227774,0.016069667235223403,-0.03581822062645118
5,2025-04-01,0.16666667,0.05801122252722957,0.028237172489986632,0.08041827661650419
5,2025-04-02,0.0,0.05801122252722957,0.016429272919787158,-0.07444049544701672
5,2025-04-03,0.071428575,0.05801122252722957,0.017633985434559095,-0.004216633340111263
5,2025-04-04,0.0,0.05801122252722957,-0.049991765326259284,-0.008019457200970283
5,2025-04-05,0.0,0.05801122252722957,-0.05357046654294044,-0.004440755984289127
5,2025-04-06,0.0,0.05801122252722957,-0.05801122252722957,0.0
5,2025-04-07,0.0,0.05801122252722957,-0.0010536014609985626,-0.05695762106623101
5,2025-04-08,0.0,0.04410474248473797,0.009343191137071221,-0.05344793362180919
5,2025-04-09,0.25,0.03715150246349164,0.20261874477118547,0.010229752765322897
5,2025-04-10,0.0,0.03019826244224537,0.0006492969672177978,-0.03084755940946317
5,2025-04-11,0.0,0.023245022420999677,-0.0320815487460563,0.008836526325056625
5,2025-04-12,0.0,0.01629178239975241,-0.022395249427411747,0.006103467027659338
5,2025-04-13,0.0,0.002385302357261171,-0.06088682576354109,0.05850152340627992
5,2025-04-14,0.0,0.002385302357261171,-0.002385302357261171,0.0
5,2025-04-15,0.0,0.002385302357261171,-0.00015879230608736665,-0.002226510051173804
5,2025-04-16,0.0,0.002385302357261171,0.0011515786002511555,-0.0035368809575123264
5,2025-04-17,0.0,0.002385302357261171,0.015033015498295015,-0.017418317855556184
5,2025-04-18,0.010416667,-0.003461961729868608,0.017132197418779298,-0.0032535687118031647
5,2025-04-19,0.0,-0.004923777751651053,0.0019799627981725546,0.0029438149534784983
5,2025-04-20,0.0,-0.006385593773433496,-0.02708616043774739,0.033471754211180885
5,2025-04-21,0.0,-0.012232857860563277,3.269408471521422e-05,0.012200163775848063
5,2025-04-22,0.0,-0.012232857860563277,0.0001409821061567737,0.012091875754406503
5,2025-04-23,0.0,-0.012232857860563277,-0.00027347143163445947,0.012506329292197737
5,2025-04-24,0.0,-0.012232857860563277,0.012232857860563277,0.0
5,2025-04-25,0.0,-0.012232857860563277,-0.0008535012959379757,0.013086359156501252
5,2025-04-26,0.0,-0.012232857860563277,-0.0006695898488054881,0.012902447709368764
5,2025-04-27,0.0,-0.007808588944583414,-0.0011207622241699354,0.00892935116875335
5,2025-04-28,0.0,-0.006426291539941911,-0.0017529082862354174,0.00817919982617733
5,2025-04-29,0.0,-0.0051216713397503385,-0.0016802622734122619,0.0068019336131626
5,2025-04-30,0.0,-0.0033289985112434756,-0.002491196318672573,0.005820194829916048
5,2025-05-01,0.0,0.000856256742006771,0.011080993384592088,-0.01193725012659886
5,2025-05-02,0.0,0.0009704765380529859,-0.0025276950948199058,0.0015572185567669199
5,2025-05-03,0.0,0.001083125882363495,-0.0010399488873750382,-4.317699498845688e-05
5,2025-05-04,0.0,0.0011732270030244346,-0.0011594400451648429,-1.378695785959178e-05
5,2025-05-05,0.0,0.0012184722516242394,-0.0012775078610867405,5.9035609462501117e-05
5,2025-05-06,0.0,0.001239091525376086,-0.001326657654684722,8.756612930863592e-05
5,2025-05-07,0.0,0.0012354364945694892,-0.0013752982621769026,0.00013986176760741342
5,2025-05-08,0.0,0.0011781890874788014,0.005807374010013154,-0.006985563097491956
5,2025-05-09,0.0,0.0010624781585992845,-0.0011245589751859267,6.208081658664222e-05
5,2025-05-10,0.0,0.0009484866676030911,-0.0003670669040792661,-0.000581419763523825
5,2025-05-11,0.004901961,0.0008305385372248312,-0.0004420371880960865,0.004513459608666637
5,2025-05-12,0.0,0.0007040177935759067,-0.0004309215292052535,-0.00027309626437065326
5,2025-05-13,0.007575758,0.0005703507134344408,-0.0005002981902602803,0.007505705278358584
5,2025-05-14,0.0,0.0004339059145394861,-0.00050089459909667,6.698868455718397e-05
5,2025-05-15,0.006329114,0.0003019040741579411,0.0008504924866325543,0.0051767175224101975
5,2025-05-16,0.0,0.00020524696199159426,-0.00017336216235199468,-3.188479963959958e-05
5,2025-05-17,0.0,0.00013260527609542487,8.829091466760675e-05,-0.0002208961907630316
5,2025-05-18,0.0,6.430114767455918e-05,-3.3824997617483855e-06,-6.0918647912810793e-05
5,2025-05-19,0.0,4.6530646906444676e-06,-1.3604368791320467e-05,8.951304100676e-06
5,2025-05-20,0.0,-4.215011781332736e-05,-0.00020346726561036143,0.0002456173834236888
5,2025-05-21,0.0,-6.924264745791028e-05,-0.0003241831809771769,0.00039342582843508717
5,2025-05-22,0.0,-8.247691357193368e-05,0.00027757402408491716,-0.00019509711051298348
5,2025-05-23,0.0,-8.42126935436648e-05,0.00019196286374871164,-0.00010775017020504684
5,2025-05-24,0.0,-6.949380901994802e-05,7.433575894146791e-05,-4.841949921519892e-06
5,2025-05-25,0.0,-3.3962919250411445e-05,0.00011256189840708353,-7.859897915667209e-05
5,2025-05-26,0.0,2.5003159373738423e-05,8.758769172133784e-05,-0.00011259085109507627
5,2025-05-27,0.0,9.499413828316743e-05,-8.606685601549479e-05,-8.927282267672646e-06
5,2025-05-28,0.0,0.000164910783249994,-0.0003058150301925052,0.00014090424694251122
5,2025-05-29,0.0,0.00022200081105165528,-0.00024155628804301086,1.9555476991355578e-05
5,2025-05-30,0.0,0.00026703618859830457,-0.00013478426758835798,-0.0001322519210099466
5,2025-05-31,0.0,0.0003349052966208668,-0.00021242167431840777,-0.00012248362230245902
5,2025-06-01,0.0,0.00040668961689120073,0.0015793178753184625,-0.0019860074922096634
5,2025-06-02,0.03846154,0.0004532381715065937,-0.0001960716345002784,0.038204373357336105
5,2025-06-03,0.0,0.00044847573270463334,-0.00036918828832282325,-7.928744438181009e-05
5,2025-06-04,0.0,0.00043723708816471526,-0.0003842738211680473,-5.296326699666794e-05
5,2025-06-05,0.0,0.0004111320809419923,-0.0008015751433455106,0.0003904430624035183
5,2025-06-06,0.0054945056,0.000398916128792854,-0.00036835342908951704,0.005463942932965397
5,2025-06-07,0.0,0.0003956830287074861,-0.00030516242494797925,-9.052060375950687e-05
5,2025-06-08,0.0,0.0003882333348015936,0.0033455980757523558,-0.0037338314105539493
5,2025-06-09,0.010204081,0.0003608864680949805,-0.00048448731920581426,0.01032768227469148
5,2025-06-10,0.0,0.0003111096389133964,-0.0006381693900060935,0.00032705975109269703
5,2025-06-11,0.0,0.00029904716016438364,-0.00041572783579610904,0.0001166806756317254
5,2025-06-12,0.0,0.00042124757140851363,-0.0012184532607169296,0.000797205689308416
5,2025-06-13,0.0,0.0006140667551273424,-0.0004746479328061503,-0.00013941882232119208
5,2025-06-14,0.0,0.0008309515156288013,-0.0004017305413929599,-0.0004292209742358414
5,2025-06-15,0.006756757,0.0008494848705122493,0.005849645015116992,5.762703473823766e-05
5,2025-06-16,0.0,0.0006063699538963034,-0.0007364217434677311,0.00013005178957142772
5,2025-06-17,0.0,0.00029191179861738924,-0.003433248576431375,0.0031413367778139857
5,2025-06-18,0.0,-2.4254191824377443e-05,-0.003944634433213343,0.00396888862503772
5,2025-06-19,0.007246377,-0.00035333712763971906,-0.009362959852323533,0.016962673926531745
5,2025-06-20,0.0,-0.0008402080172385485,0.01404516381564202,-0.013204955798403473
5,2025-06-21,0.0,-0.0016908736898659693,0.00017394441499305835,0.001516929274872911
5,2025-06-22,0.0,-0.0028683140160287762,0.009563556570809926,-0.00669524255478115
5,2025-06-23,0.009803922,-0.002787388100000084,-0.0019504882268230636,0.014541798242413912
5,2025-06-24,0.0,-0.00028691721232356723,-0.0063210352324052175,0.0066079524447287845
5,2025-06-25,0.0,0.0002899637499232746,-0.008830620982080794,0.008540657232157519
5,2025-06-26,0.0,0.0016263060853045352,-0.017376827262291235,0.0157505211769867
5,2025-06-27,0.0,-5.037080031638e-05,0.032886666716024256,-0.03283629591570788
5,2025-06-28,0.0,-0.0102715414496053,-0.0005953374094360294,0.01086687885904133
5,2025-06-29,0.0,-0.004532948981974376,0.0026247593375342427,0.0019081896444401334
5,2025-06-30,0.0,0.0014059514596132536,-0.0012743565908520209,-0.00013159486876123273
5,2025-07-01,0.0,0.007617312145671765,-0.008215289065687496,0.0005979769200157312
5,2025-07-02,0.0,0.013584826492294255,-0.01447350834834217,0.0008886818560479154
5,2025-07-03,0.0,0.016177779035428004,-0.017202023071245947,0.001024244035817943
5,2025-07-04,0.071428575,0.016531555550331548,0.04158721435377955,0.0133098047175663
5,2025-07-05,0.00877193,0.01625621158198796,-0.000696537919327476,-0.006787743772743111
5,2025-07-06,0.0,0.014586610125242648,-0.0013640973482759383,-0.013222512776966708
5,2025-07-07,0.0,0.012359452882546088,-0.0010318059278476173,-0.011327646954698472
5,2025-07-08,0.0,0.010971308393903085,-0.008104750056092925,-0.00286655833781016
5,2025-07-09,0.0,0.008883283900865364,-0.010314411777654053,0.0014311278767886893
5,2025-07-10,0.0,0.005514073270981932,-0.012194806849835822,0.0066807335788538905
5,2025-07-11,0.0,0.003340676330970122,0.030829307468965738,-0.03416998379993586
5,2025-07-12,0.0,0.0018701330284821938,-0.0014042739961607016,-0.00046585903232149216
5,2025-07-13,0.0,0.0003153079383845583,-0.00018894204012671813,-0.00012636589825784015
5,2025-07-14,0.0,-0.0007106519599674734,0.0003315136864386161,0.00037913827352885733
5,2025-07-15,0.0,-0.0011712498051850155,-0.005446145215868393,0.006617395021053409
5,2025-07-16,0.0035971224,-0.0013746463359949079,-0.006161928821976651,0.01113369754220682
5,2025-07-17,0.0,-0.0013604509923590509,-0.00649660334831885,0.007857054340677901
5,2025-07-18,0.0,-0.0014066514084383522,0.013517683322785728,-0.012111031914347375
5,2025-07-19,0.0,-0.0016856631701887058,-0.00047443465990907316,0.002160097830097779
5,2025-07-20,0.0,-0.0015523116107875041,-6.300901920954307e-06,0.0015586125127084584
5,2025-07-21,0.0,-0.0007646113258791656,0.0016386302471050442,-0.0008740189212258786
5,2025-07-22,0.0,-8.526964297379615e-05,-0.002704545608845555,0.002789815251819351
5,2025-07-23,0.0,0.0003931244270259423,-0.00070232672877501,0.00030920230174906775
5,2025-07-24,0.0,0.0006457318109146949,-0.0008858770571021225,0.00024014524618742763
5,2025-07-25,0.0,0.0006619085624124918,-0.00024261630502708548,-0.0004192922573854063
5,2025-07-26,0.0,0.0005780586375464352,-0.00012633436315476765,-0.0004517242743916676
5,2025-07-27,0.0,0.0005007158814859687,-0.0001464356496032218,-0.00035428023188274695
5,2025-07-28,0.0,0.00045311234615793135,0.002779405964272093,-0.0032325183104300243
5,2025-07-29,0.0,0.00044248180060668646,-0.0005025030379187724,6.002123731208589e-05
5,2025-07-30,0.0,0.00045571431006250363,-0.0006743535906019757,0.00021863928053947204
5,2025-07-31,0.0,0.0004868305436453755,-0.00023234440441400532,-0.0002544861392313702
5,2025-08-01,0.0,0.0005163107594914411,-0.0007118224499341526,0.00019551169044271157
5,2025-08-02,0.0,0.0005230856109243162,-0.0001268186096126028,-0.0003962670013117134
5,2025-08-03,0.0,0.0005165573225931313,-0.000773204821314779,0.0002566474987216477
5,2025-08-04,0.0042735045,0.0005205076973552894,0.003839748986879446,-8.67521997898786e-05
5,2025-08-05,0.0,0.0005384447809515188,-0.00043944626199415187,-9.899851895736698e-05
5,2025-08-06,0.0,0.0005661154849060741,-0.000322209901349858,-0.00024390558355621614
5,2025-08-07,0.0,0.0005998333383879514,-4.0590221557026377e-05,-0.000559243116830925
5,2025-08-08,0.0,0.00045771821268896943,-0.0019712321209948334,0.0015135139083058639
5,2025-08-09,0.0,-6.1103750746370196e-06,-0.0003765852851026524,0.0003826956601772894
5,2025-08-10,0.0,-0.0002870944560299817,-0.0006670665862373139,0.0009541610422672956
5,2025-08-11,0.0,-0.00034529808973731584,0.0020312602558483677,-0.0016859621661110518
5,2025-08-12,0.0,-0.0004208323702669292,0.00027692497893531086,0.00014390739133161834
5,2025-08-13,0.0,-0.0005821022593688141,0.0002513975868275745,0.00033070467254123963
5,2025-08-14,0.0,-0.0007317190804319154,0.0020401971552325877,-0.0013084780748006722
5,2025-08-15,0.0,-0.0005197607948499554,-0.0031833688041177075,0.003703129598967663
5,2025-08-16,0.0,4.58319851424933e-05,-0.0013157771567898387,0.0012699451716473454
5,2025-08-17,0.0,0.0006924472852039338,-0.0004243685312318834,-0.0002680787539720504
5,2025-08-18,0.0,0.0013374588204873054,0.004808988261516628,-0.006146447082003933
5,2025-08-19,0.0,0.001984279054288891,0.0013947391552554403,-0.0033790182095443312
5,2025-08-20,0.0,0.0027153238608231363,0.0015638954757499093,-0.004279219336573045
5,2025-08-21,0.0,0.003251030172674466,-0.0031069903717264253,-0.00014403980094804085
5,2025-08-22,0.0,0.003383278575164579,-0.0041519317587413816,0.0007686531835768024
5,2025-08-23,0.0,0.003034124914659348,-0.0034610789434759786,0.00042695402881663073
5,2025-08-24,0.0030864198,0.0025254984809999713,-7.327223014959652e-05,0.0006341935252316641
5,2025-08-25,0.0,0.001929693792284778,-0.001180024629443617,-0.000749669162841161
5,2025-08-26,0.0,-0.0015591059357842221,0.0046750757705512624,-0.0031159698347670403
5,2025-08-27,0.0056179776,-0.0068713547143162725,0.014981309604387141,-0.0024919773044273386
5,2025-08-28,0.0,-0.010486760760846967,-0.01090538527442478,0.021392146035271745
5,2025-08-29,0.0,-0.013818456272121511,-0.006178898055591033,0.019997354327712543
5,2025-08-30,0.0,-0.017263543119493942,-0.014533672469903561,0.03179721558939751
5,2025-08-31,0.0,-0.02085706694054582,-0.01238862031366344,0.03324568725420926
5,2025-09-01,0.0,-0.024529915535543876,0.024529915535543925,-4.85722573273506e-17
5,2025-09-02,0.0,-0.018775966070818575,0.01660444662555876,0.0021715194452598154
5,2025-09-03,0.0,-0.013022016606094415,0.009383862741364227,0.0036381538647301884
5,2025-09-04,0.0,-0.007268067141368797,-0.005409623199108703,0.0126776903404775
5,2025-09-05,0.0,-0.0015141176766444641,-0.00411397064125022,0.005628088317894684
5,2025-09-06,0.0,0.004239831788080779,-0.0007016444423108541,-0.0035381873457699248
5,2025-09-07,0.0,0.00999378125280546,-0.009993781252805485,2.42861286636753e-17
5,2025-09-08,0.0,0.009993781252805485,0.07067520283640348,-0.08066898408920897
5,2025-09-09,0.0,0.009993781252805485,-0.000593438385739116,-0.009400342867066369
5,2025-09-10,0.0,0.009993781252805485,0.0039399285059396535,-0.013933709758745139
5,2025-09-11,0.0,0.009993781252805485,-0.08730240077009375,0.07730861951728826
5,2025-09-12,0.5,0.009993781252805485,-0.027478065825729925,0.5174842845729244
5,2025-09-13,0.0,0.009993781252805485,0.011255286093775591,-0.021249067346581076
5,2025-09-14,0.0,-0.019223944807231826,0.019223944807231826,0.0
5,2025-09-15,0.0,-0.045618785171583486,0.045618785171583486,0.0
5,2025-09-16,0.0,-0.024199295321812822,0.024199295321812822,0.0
5,2025-09-17,0.0,-0.009586783425264447,0.009586783425264447,0.0
5,2025-09-18,0.0,0.12963097228982373,-0.12963097228982373,0.0
5,2025-09-19,0.0,0.08451330839616948,0.0037785902655223455,-0.08829189866169182
5,2025-09-20,0.0,0.07518004899720776,0.013149625241358941,-0.0883296742385667
5,2025-09-21,0.0,0.06176595803052654,0.021325829445833503,-0.08309178747636005
5,2025-09-22,0.0,0.21388118298628817,0.02377697522848181,-0.23765815821477
5,2025-09-23,0.0,0.1491315073709204,0.01817977536447076,-0.16731128273539117
5,2025-09-24,0.0,0.09789847094394162,0.05445192071488251,-0.15235039165882414
5,2025-09-25,0.0,0.06007624342844773,-0.08451330839616948,0.02443706496772175
5,2025-09-26,0.0,0.033859413928413684,-0.02797465201362416,-0.005884761914789524
5,2025-09-27,0.0,0.017453890584315093,0.008500673517112228,-0.02595456410142732
5,2025-09-28,0.0,0.009152190785156228,0.02201956059137366,-0.031171751376529888
5,2025-09-29,0.0,0.005637671469616728,0.022795684974402805,-0.028433356444019533
5,2025-09-30,0.0,0.0055209147417527886,0.018806553214415697,-0.024327467956168487
5,2025-10-01,0.0,0.010564571774702387,0.004467465330514182,-0.01503203710521657
5,2025-10-02,0.0,0.021285929132129622,-0.029581380693816238,0.008295451561686616
5,2025-10-03,0.0,0.02834068523204551,-0.05028437772260438,0.02194369249055887
5,2025-10-04,0.008928572,0.033202408000148176,0.011994885476808732,-0.03626872164924723
5,2025-10-05,0.0,0.038145062151746706,0.0255864630749073,-0.06373152522665401
5,2025-10-06,0.0,0.042070535676164145,0.026390879334862755,-0.0684614150110269
5,2025-10-07,0.0,0.04404166049948396,0.022416535813127712,-0.06645819631261167
5,2025-10-08,0.0,0.04397649445018017,-0.04379991646250471,-0.00017657798767545946
5,2025-10-09,0.00877193,0.042503024210487066,0.026189199343467542,-0.059920293664037234
5,2025-10-10,0.0,0.04379991646250471,-0.0722542258012691,0.02845430933876439
5,2025-10-11,0.0,0.04379991646250471,0.01561129931922502,-0.059411215781729726
5,2025-10-12,0.0,0.04379991646250471,0.02920287691732385,-0.07300279337982857
5,2025-10-13,0.5,0.04379991646250471,0.030007293177279848,0.42619279036021546
5,2025-10-14,0.0,0.04379991646250471,0.0260329496555452,-0.06983286611804991
5,2025-10-15,0.0,0.09206630379078012,-0.09206630379078012,0.0
5,2025-10-16,0.0,-0.08195977938074284,0.08195977938074284,0.0
5,2025-10-17,0.0,0.09422407387994458,-0.09422407387994458,0.0
5,2025-10-18,0.0,-0.019227713161643827,0.019227713161643827,0.0
5,2025-10-19,0.0,-0.032819290759742874,0.032819290759742874,0.0
5,2025-10-20,0.0,-0.033623707019698905,0.033623707019698905,0.0
5,2025-10-21,0.0,-0.0296493634979643,0.0296493634979643,0.0
5,2025-10-22,0.0,0.14033269111906102,-0.14033269111906102,0.0
5,2025-10-23,0.0,-0.13773035941801914,0.13773035941801914,0.0
5,2025-10-24,0.0,0.11619392195861943,-0.11619392195861943,0.0
5,2025-10-25,0.0,-0.022844127004061198,0.022844127004061198,0.0
5,2025-10-26,0.0,-0.0364357046021594,0.0364357046021594,0.0
5,2025-10-27,0.125,0.08775987913788552,0.03724012086211448,0.0
5,2025-10-28,0.0,-0.033265777340379214,0.033265777340379214,0.0
5,2025-10-29,0.0,0.188599078447332,-0.188599078447332,0.0
5,2025-10-30,0.0,-0.193500939455304,0.193500939455304,0.0
5,2025-10-31,0.0,0.13816377003728217,-0.13816377003728217,0.0
