tree
version=v4
num_class=1
num_tree_per_iteration=1
label_index=0
max_feature_idx=25
objective=regression
feature_names=LiaisonId_code Annee Mois JourSemaine EstWeekend EstFerie EstRamadan EstVacances jour_semaine_sin jour_semaine_cos mois_sin mois_cos liaison_frequence liaison_cible_encodage_controles interaction_jour_liaison_controles lag_1_controles lag_7_controles lag_14_controles lag_30_controles lag_365_controles rolling_mean_7_controles rolling_mean_14_controles rolling_mean_30_controles rolling_std_7_controles rolling_std_14_controles rolling_std_30_controles
feature_infos=[0:2381] [2024:2025] [1:12] [0:6] [0:1] [0:1] [0:1] none [-0.97492791218182362:0.97492791218182362] [-0.90096886790241903:1] [-1:1] [-1:1] [110:1474] [0.0017331022530329288:6034.7849650349654] [0:7065.31884057971] [0:20451] [0:20451] [0:20451] [0:20451] [0:16552] [0:10104.2861328125] [0:8565.142578125] [0:7746.60009765625] [0:6345.2607421875] [0:4974.84423828125] [0:4499.1181640625]
tree_sizes=5553 5899 5937 5937 5935 5906 5921 5930 5917 5877 5932 5968 5954 6014 5918 5989 5943 5942 5949 5905 6024 5912 5859 5917 5847 5904 5933

Tree=0
num_leaves=63
num_cat=0
split_feature=14 14 14 12 13 2 2 9 8 10 2 9 2 12 12 2 2 0 8 12 2 3 0 3 3 10 0 0 14 14 12 0 0 0 12 2 12 2 12 8 22 25 13 0 10 20 2 2 2 9 3 25 22 21 2 3 23 21 0 18 25 25
split_gain=59.6361 4.97962 4.09293 2.1955 2.92519 1.0189 1.37521 1.41399 0.961099 1.05565 3.65866 1.78359 0.875683 0.858101 0.698019 0.831469 1.02023 0.903435 1.34322 0.69722 1.29663 0.661418 0.638134 0.629706 0.627885 0.590516 0.69636 0.583687 0.522817 0.508662 0.48079 0.466296 0.454682 0.464078 0.452706 1.21809 1.40838 0.690757 0.522863 0.497778 0.414098 0.391636 0.381418 0.362635 0.357731 0.569668 0.354619 0.336923 0.573447 1.27466 0.451183 0.333728 0.320324 0.488197 0.321552 0.289933 0.281721 0.276637 0.274352 0.265813 0.261544 0.256358
threshold=2.5939764492753628 0.5628591954022989 18.668949771689501 751.50000000000011 0.02900168219461698 2.5000000000000004 1.5000000000000002 -0.56174490092936669 -0.8783796973249266 0.68301270189221941 2.5000000000000004 -0.22252093395631442 2.5000000000000004 1096.5000000000002 680.50000000000011 3.5000000000000004 9.5000000000000018 1287.5000000000002 1.0000000180025095e-35 926.50000000000011 7.5000000000000009 3.5000000000000004 1693.5000000000002 5.5000000000000009 4.5000000000000009 -0.24999999999999994 2348.5000000000005 2184.5000000000005 4.6775985663082453 0.048980407836865261 1216.5000000000002 2069.0000000000005 2326.5000000000005 537.50000000000011 969.50000000000011 10.500000000000002 996.00000000000011 10.500000000000002 985.50000000000011 1.0000000180025095e-35 0.11666667088866235 51.468599319458015 0.32197022608323506 2359.5000000000005 -0.24999999999999994 1.6428571343421938 1.5000000000000002 2.5000000000000004 1.5000000000000002 -0.56174490092936669 3.5000000000000004 0.40470799803733831 1.8500000238418581 0.60714286565780651 2.5000000000000004 4.5000000000000009 0.55593636631965648 0.25000000745058065 502.50000000000006 1.0000000180025095e-35 1.3980692625045779 3.1703548431396489
decision_type=2 2 2 2 2 2 2 2 2 2 2 2 2 2 2 2 2 2 2 2 2 2 2 2 2 2 2 2 2 2 2 2 2 2 2 2 2 2 2 2 2 2 2 2 2 2 2 2 2 2 2 2 2 2 2 2 2 2 2 2 2 2
left_child=1 3 28 14 13 6 -4 21 12 19 11 -11 42 34 15 -1 17 18 -17 20 -10 -8 -21 -12 32 29 27 -27 -2 40 58 -19 33 52 37 38 -37 51 -36 -39 -15 -7 -6 -26 -45 -46 -34 48 -30 50 -50 -5 53 60 -55 -9 57 -48 -14 -52 -3 -58
right_child=2 24 5 4 8 41 7 55 9 10 23 -13 30 25 -16 16 -18 31 -20 22 -22 -23 -24 -25 43 26 -28 -29 47 -31 -32 -33 46 -35 35 36 -38 39 -40 -41 -42 -43 -44 44 45 -47 56 -49 49 -51 59 -53 -54 54 -56 -57 61 -59 -60 -61 -62 -63
leaf_value=0.91777601651113894 0.91494739042068762 0.91327708497166216 0.91622260069626127 0.91109050854540063 0.9163387786627184 0.91595077205286568 0.91469340898075335 0.91505840185799603 0.91400587837480352 0.90783377779179941 0.91330210638262388 0.91250847115706624 0.90825082857023898 0.91192588931961138 0.91718238923362116 0.90703019109116212 0.91911071220237772 0.91586793592592086 0.91434819244178089 0.91351872252241373 0.90825621227697895 0.91218497535288101 0.91288637246932103 0.91036377967356696 0.91492745271197873 0.91328820023996937 0.90551224782847717 0.91862889563017636 0.91556350563966693 0.90530381468728183 0.91398249367118567 0.91178794439460875 0.91591891439638551 0.91438064524159524 0.90515344254340446 0.91773911975260469 0.90404599580266976 0.91696609318016231 0.91142997156157113 0.91011479782000093 0.90448330127606025 0.91633683872834659 0.91301229943489082 0.91525078999483434 0.91315579219321052 0.90275755079125786 0.90999960717405814 0.91556525200570427 0.9139748239148342 0.91531815287175633 0.90915425509007963 0.905573371853162 0.91420868071343708 0.9109693726033572 0.91306804370399497 0.91619699213517347 0.9128618275475443 0.91611203186587553 0.91245967517619475 0.91258708726935889 0.91586993773742387 0.91062074493888401
leaf_weight=155 6483 177 4048 669 522 8721 497 1305 204 561 3377 327 49 488 337 124 77 243 130 13122 193 569 5817 195 3446 641 27 55 1709 35 1404 98 89 7413 37 21 140 87 443 38 20 28155 102 44 39 21 23 15249 162 778 147 30 1362 232 983 993 474 93 234 102 214 185
leaf_count=155 6483 177 4048 669 522 8721 497 1305 204 561 3377 327 49 488 337 124 77 243 130 13122 193 569 5817 195 3446 641 27 55 1709 35 1404 98 89 7413 37 21 140 87 443 38 20 28155 102 44 39 21 23 15249 162 778 147 30 1362 232 983 993 474 93 234 102 214 185
internal_value=0.914927 0.913507 0.915851 0.913137 0.913051 0.916138 0.915602 0.914856 0.913214 0.91312 0.912424 0.909549 0.914191 0.911492 0.915262 0.914486 0.913719 0.913012 0.910754 0.91328 0.911197 0.91335 0.913324 0.91314 0.914258 0.912455 0.913403 0.913718 0.915334 0.911203 0.913598 0.914709 0.914075 0.914168 0.910663 0.909651 0.905864 0.911457 0.910934 0.914921 0.911621 0.916246 0.915787 0.91484 0.911932 0.909419 0.91297 0.915471 0.914975 0.914134 0.91188 0.910845 0.913638 0.913158 0.912663 0.915553 0.912624 0.914927 0.911711 0.910539 0.914709 0.912225
internal_weight=113715 44797 68918 30002 28838 44288 7412 3364 26107 23796 4460 888 2311 2731 1164 827 672 595 254 19336 397 1066 18939 3572 14795 1266 723 696 24630 543 1687 341 11245 10381 1465 641 161 824 480 125 508 36876 624 3550 104 60 864 18147 2898 1189 411 699 2968 1606 1215 2298 775 116 283 249 391 659
internal_count=113715 44797 68918 30002 28838 44288 7412 3364 26107 23796 4460 888 2311 2731 1164 827 672 595 254 19336 397 1066 18939 3572 14795 1266 723 696 24630 543 1687 341 11245 10381 1465 641 161 824 480 125 508 36876 624 3550 104 60 864 18147 2898 1189 411 699 2968 1606 1215 2298 775 116 283 249 391 659
is_linear=0
shrinkage=1


Tree=1
num_leaves=63
num_cat=0
split_feature=14 14 14 8 2 2 9 3 10 2 3 0 2 2 25 3 3 25 22 0 0 1 0 0 0 0 2 3 20 22 0 8 14 0 0 14 0 25 0 23 21 20 22 0 15 20 2 0 24 2 20 2 3 24 0 19 0 14 15 1 21 24
split_gain=53.829 4.49439 3.69382 1.15677 0.919348 1.24112 1.27658 0.837722 2.93922 1.99958 1.76195 1.00265 0.784577 0.774071 1.15155 0.596641 0.56667 0.551186 0.473842 0.451795 0.598178 0.653181 0.458115 0.444055 0.42605 0.410171 0.439461 1.21454 0.521732 0.479791 0.40092 0.443702 0.396457 0.371562 0.370846 1.514 0.353804 0.353201 0.347883 0.3374 0.570379 0.330725 0.33002 0.32743 0.326253 0.694129 0.320506 0.317815 0.304169 0.302413 0.458217 0.551251 0.339705 0.290025 0.284322 0.281527 0.281203 0.595003 0.397798 0.700808 0.367902 0.55035
threshold=2.5939764492753628 0.5628591954022989 18.668949771689501 -0.8783796973249266 2.5000000000000004 1.5000000000000002 -0.56174490092936669 3.5000000000000004 0.68301270189221941 2.5000000000000004 5.5000000000000009 370.50000000000006 2.5000000000000004 10.500000000000002 0.35544712841510778 3.5000000000000004 4.5000000000000009 0.40470799803733831 8.8499999046325701 1684.5000000000002 1715.5000000000002 2024.5000000000002 1861.5000000000002 1647.5000000000002 1540.5000000000002 2326.5000000000005 2.5000000000000004 3.5000000000000004 1.214285731315613 2.5499999523162846 75.500000000000014 1.0000000180025095e-35 0.093178294573643419 527.50000000000011 2364.5000000000005 0.036811201445347795 1.0000000180025095e-35 51.468599319458015 299.50000000000006 1.8771384358406069 1.0357142686843874 0.35714286565780645 0.38333334028720861 2359.5000000000005 1.5000000000000002 1.5000000000000002 1.5000000000000002 1337.5000000000002 7.0852346420288095 2.5000000000000004 10.214285850524904 1.5000000000000002 4.5000000000000009 0.8532405197620393 640.50000000000011 1.0000000180025095e-35 448.50000000000006 0.20626738667975783 2.5000000000000004 2024.5000000000002 1.0000000180025095e-35 0.6483249068260194
decision_type=2 2 2 2 2 2 2 2 2 2 2 2 2 2 2 2 2 2 2 2 2 2 2 2 2 2 2 2 2 2 2 2 2 2 2 2 2 2 2 2 2 2 2 2 2 2 2 2 2 2 2 2 2 2 2 2 2 2 2 2 2 2
left_child=1 3 18 12 5 -4 15 13 19 10 11 -10 41 34 -15 -7 25 32 49 23 21 -21 -22 24 -9 26 27 -3 -29 -30 31 -28 -11 -19 36 -36 -5 -6 -38 40 -16 -1 -12 -18 45 -45 -27 54 53 50 -2 -52 -53 -32 -43 -33 57 60 -58 -60 -14 -62
right_child=2 16 4 7 37 6 -8 8 9 17 42 -13 56 14 39 -17 43 33 -20 20 22 -23 -24 -25 -26 46 30 28 29 -31 48 55 -34 -35 35 -37 38 -39 -40 -41 -42 47 -44 44 -46 -47 -48 -49 -50 -51 51 52 -54 -55 -56 -57 58 -59 59 -61 61 -63
leaf_value=0.00107138821846696 -2.0333109381587778e-05 -0.0006879130528396611 0.0012303921627865189 -0.0061548651305220079 0.00097215394198108679 -0.00022234386335947837 0.00059401430850065506 -0.0014934057032832118 -0.013101983330782177 -0.0032009640067401663 -0.00022502880827936092 -0.0066626374530101276 -0.00094687793464712569 -0.0034442735047473002 -0.0014688536237888415 -0.0026053775282731491 0 0.00049763417736181854 0.00060130987382089646 -0.009249184139754783 -0.00062191514483235543 -0.0029343840258252707 -0.0024553388496117369 0.00092757507365935307 -0.00376716521332684 0.00094194414740058317 6.2908157180928512e-05 -0.0013332296347419292 -0.0067922604560872865 -0.002143361400411159 0.00041859213323406654 -0.0041482176360547306 -0.007502684416551381 -0.0024039108657093388 -0.011353881074708118 -0.0011267188710529777 -0.000654670728033644 0.0013389169814148529 -0.0014910656954092386 0.00056204190636805688 -0.0053912357520219042 -0.00059101673298656346 -0.0066740041266338456 -0.00077703496458652981 0 -0.012646849866585708 -0.002188210960111508 0.0013059191312931038 0.00026279295205312598 0.00028441438665534444 -5.2013524259339172e-05 -0.0046839363989840763 0.00055295341129613389 -0.00071758890996196408 -0.0088306886022253544 -0.00076248066924031058 -0.00080143914152950408 1.5693482386831567e-05 -0.011160235854857727 -0.00043050084177337957 -0.0083844198748904957 -0.0012491519392193607
leaf_weight=647 1917 1185 4048 40 8721 497 2298 4610 72 205 123 464 55 1325 1495 569 3446 144 12541 63 428 128 1835 178 219 89 163 135 170 88 608 212 77 437 48 152 1393 28155 13607 177 100 21 24 32 51 21 775 32 1116 9758 212 166 36 6612 24 92 1567 122 26 39 82 43
leaf_count=647 1917 1185 4048 40 8721 497 2298 4610 72 205 123 464 55 1325 1495 569 3446 144 12541 63 428 128 1835 178 219 89 163 135 170 88 608 212 77 437 48 152 1393 28155 13607 177 100 21 24 32 51 21 775 32 1116 9758 212 166 36 6612 24 92 1567 122 26 39 82 43
internal_value=-6.04624e-09 -0.00134936 0.000877006 -0.00170115 0.00115004 0.000640521 -6.7817e-05 -0.00179806 -0.00219447 -0.00418106 -0.00620748 -0.00753923 -0.000702224 -0.00160307 -0.00232644 -0.00149915 -0.000635632 -0.00257098 0.000385844 -0.00178211 -0.00234161 -0.00504719 -0.00211084 -0.00150685 -0.00159763 -0.000809547 -0.000721627 -0.00149202 -0.00390311 -0.00522741 -0.000582945 -0.00201199 -0.00439551 -0.0016762 -0.00145573 -0.00361067 -0.00142671 0.00125232 -0.00141373 -0.00148762 -0.00171823 0.000697314 -0.00131573 -8.33211e-05 -0.00284607 -0.00558929 -0.00185992 -0.00237834 -0.000502264 0.000161905 -0.000348785 -0.00185721 -0.00372608 -0.000621214 -0.00510621 -0.00314062 -0.00122874 -0.00263971 -0.000964432 -0.00480975 -0.00446625 -0.00597282
internal_weight=113715 44797 68918 30002 44288 7412 3364 27344 9007 1546 683 536 2658 18337 3097 1066 14795 863 24630 7461 2454 191 2263 5007 4829 11245 10381 1578 393 258 8803 467 282 581 15240 200 15040 36876 15000 1772 1595 724 147 3550 104 53 864 77 8336 12089 2331 414 202 7220 45 304 1934 302 1632 65 180 125
internal_count=113715 44797 68918 30002 44288 7412 3364 27344 9007 1546 683 536 2658 18337 3097 1066 14795 863 24630 7461 2454 191 2263 5007 4829 11245 10381 1578 393 258 8803 467 282 581 15240 200 15040 36876 15000 1772 1595 724 147 3550 104 53 864 77 8336 12089 2331 414 202 7220 45 304 1934 302 1632 65 180 125
is_linear=0
shrinkage=0.05


Tree=2
num_leaves=63
num_cat=0
split_feature=13 13 13 12 13 11 12 3 2 2 9 0 8 13 12 12 2 8 0 12 2 25 13 12 9 11 2 3 2 2 9 3 12 0 12 11 3 1 8 2 23 3 2 0 0 13 0 20 24 2 2 0 24 21 0 25 12 25 21 24 15 20
split_gain=48.1841 5.40126 2.19106 2.10157 2.45266 1.11644 1.09686 0.924528 0.849258 1.12398 1.03242 0.846913 1.21023 0.875392 0.781936 0.777834 0.824368 0.754028 0.740263 0.906405 0.704715 0.704388 0.587122 0.578103 0.554059 0.566574 0.938431 0.496343 0.434151 0.716319 1.52525 0.60079 0.417953 0.750763 0.402678 1.36075 1.07451 0.640626 0.442324 0.400384 1.28924 0.759339 0.527416 0.488542 0.397557 0.380989 0.364704 0.350722 0.323469 0.436245 0.34886 0.321864 0.32117 0.331696 0.313039 0.335021 0.313035 0.299023 0.289468 0.287892 0.280547 0.493591
threshold=3.9058628008705587 0.42163053803806672 24.374884044526905 751.50000000000011 0.02900168219461698 1.0000000180025095e-35 680.50000000000011 4.5000000000000009 2.5000000000000004 1.5000000000000002 -0.56174490092936669 1287.5000000000002 1.0000000180025095e-35 0.034545629336436186 1096.5000000000002 985.50000000000011 7.5000000000000009 -0.8783796973249266 1373.5000000000002 1096.5000000000002 2.5000000000000004 1.0000000180025095e-35 1.849580871879889 783.00000000000011 -0.56174490092936669 -0.68301270189221952 1.5000000000000002 3.5000000000000004 2.5000000000000004 1.5000000000000002 -0.56174490092936669 3.5000000000000004 510.50000000000006 2069.0000000000005 969.50000000000011 0.25000000000000017 1.0000000180025095e-35 2024.5000000000002 1.0000000180025095e-35 2.5000000000000004 3.9490795135498051 3.5000000000000004 1.5000000000000002 2326.5000000000005 382.00000000000006 0.031821988731536473 1350.5000000000002 10.214285850524904 0.52669849991798412 8.5000000000000018 11.500000000000002 382.00000000000006 4.5455565452575692 0.25000000745058065 2359.5000000000005 0.75390532612800609 1465.5000000000002 0.40470799803733831 0.10714286193251611 16.918681144714359 1.5000000000000002 1.6428571343421938
decision_type=2 2 2 2 2 2 2 2 2 2 2 2 2 2 2 2 2 2 2 2 2 2 2 2 2 2 2 2 2 2 2 2 2 2 2 2 2 2 2 2 2 2 2 2 2 2 2 2 2 2 2 2 2 2 2 2 2 2 2 2 2 2
left_child=1 3 28 5 14 6 11 22 9 -4 27 12 13 -1 34 16 23 20 21 -20 -17 -19 39 -6 25 46 -27 -11 29 -2 31 -31 -13 -34 37 58 -37 38 -5 40 -3 -42 -43 52 -22 -25 -16 -33 50 -50 -18 -14 53 -41 55 -9 -45 -39 -36 -30 61 -56
right_child=2 7 8 4 15 -7 -8 54 -10 10 -12 32 51 -15 24 17 48 18 19 -21 44 -23 -24 45 -26 26 -28 -29 59 30 -32 47 33 -35 35 36 -38 57 -40 43 41 42 -44 56 -46 -47 -48 -49 49 -51 -52 -53 -54 -55 60 -57 -58 -59 -60 -61 -62 -63
leaf_value=-0.0053994941270666666 0.00058713999230093237 -0.00093758548028548066 0.0011852656531220664 0.0020510763169429881 0.0033574689528178773 0.0027402709041903922 0.002482518203013968 -0.0018052356500693066 0.0012112278785225512 -0.00022106684499046618 0.00053360801658830883 0.0015488717973003148 0.0034769787951024287 -0.016572780135125597 0.0014100887231452176 0.00090854448620909843 -0.0053959345182345263 -0.0024817862689556413 -7.3373256186738499e-06 -0.0020751995821065277 -0.0036021637522866724 -0.0012080801313873444 -0.00037816325727803925 -0.0065254665435312276 -0.0015240746615187721 0.0010098061347930348 -0.0065675135007173804 -0.0024363475882101565 0.00042227774641849899 -0.00081134433733979355 0.00033067512364402877 -0.0022714783258031119 0.00022481540649398475 -0.0073356445886825026 -0.0034079892438744681 -0.014084222880516573 -0.006025374558362516 -0.0035681851850155842 -0.0044060770216889263 0.00010384932680458082 -0.0024382747478903359 -0.0020751953109138057 -0.0089004588817972879 0.00044033522285695715 -0.00089480577588996277 -0.0018240826852446842 -0.0036771053094652641 -0.0056358179121406698 -0.0067420842036173658 0.00087901415621362093 -0.01236952771013382 -0.0020591055944672808 -4.5311481761940122e-05 -0.0010446428620191717 -0.0016677234775361969 8.4840976254319227e-05 -0.0025589436024352529 -0.0087951700973550352 0.0011003990518295859 0.00080129348488406369 4.9363795277109933e-06 -0.011116661009118315
leaf_weight=102 2284 1144 3773 87 48 359 210 245 34193 484 2132 182 36 22 68 554 219 1227 569 8813 153 10075 5461 50 862 49 216 542 10750 210 1027 139 110 46 334 53 216 669 38 699 223 41 110 98 1323 375 71 196 31 45 21 94 1284 5622 45 5393 618 30 38 9532 54 21
leaf_count=102 2284 1144 3773 87 48 359 210 245 34193 484 2132 182 36 22 68 554 219 1227 569 8813 153 10075 5461 50 862 49 216 542 10750 210 1027 139 110 46 334 53 216 669 38 699 223 41 110 98 1323 375 71 196 31 45 21 94 1284 5622 45 5393 618 30 38 9532 54 21
internal_value=-6.91442e-08 -0.0011946 0.000886722 -0.00165754 -0.00174971 0.000420676 -0.000611625 -0.000592108 0.00110878 0.000602656 -9.18454e-05 -0.00171789 -0.00389921 -0.0074339 -0.0031698 -0.00158447 -0.00313386 -0.00153042 -0.00162081 -0.00195032 -0.000606859 -0.00134682 -0.00079537 -0.00179591 -0.0022502 -0.00378637 -0.00514771 -0.00139632 0.000508186 2.05163e-05 -0.000799551 -0.00293819 -6.32105e-05 -0.00197579 -0.00396087 -0.00491599 -0.0076364 -0.0032113 4.61808e-05 -0.00102642 -0.0017765 -0.00432828 -0.00708293 -0.000888964 -0.00117906 -0.00239035 -0.00115324 -0.00425588 -0.00511952 -0.00216866 -0.00603185 -0.00048611 -0.000770361 -0.000916848 -5.11308e-05 1.79007e-06 -0.00214144 -0.0038009 -0.00293385 0.000600655 -0.00257709 -0.00476212
internal_weight=113715 48453 65262 27395 26234 1161 802 21058 41124 6931 3158 592 254 124 2731 23503 789 22714 20684 9382 2030 11302 15300 473 1266 404 265 1026 24138 3856 1572 545 338 156 1465 641 269 824 125 9839 1518 374 151 8321 1476 425 139 335 316 76 240 130 7605 6321 5758 5638 716 699 372 20282 120 66
internal_count=113715 48453 65262 27395 26234 1161 802 21058 41124 6931 3158 592 254 124 2731 23503 789 22714 20684 9382 2030 11302 15300 473 1266 404 265 1026 24138 3856 1572 545 338 156 1465 641 269 824 125 9839 1518 374 151 8321 1476 425 139 335 316 76 240 130 7605 6321 5758 5638 716 699 372 20282 120 66
is_linear=0
shrinkage=0.05


Tree=3
num_leaves=63
num_cat=0
split_feature=14 14 14 12 12 11 12 11 12 3 2 2 9 0 8 14 8 12 2 14 0 0 17 0 2 11 3 0 3 2 12 22 12 20 14 0 12 12 0 2 14 18 21 21 12 25 20 0 11 21 22 20 0 25 0 10 20 3 2 20 2 9
split_gain=43.8848 3.6937 3.0262 1.78763 2.09116 1.02416 1.00535 0.757322 1.39584 1.38492 0.745465 1.00901 1.03931 0.741815 1.09312 1.26688 0.69631 0.657748 0.668633 0.576912 0.561403 0.554287 0.517647 0.505378 0.488973 0.723155 0.483773 0.482985 0.459993 0.454567 0.443409 0.438836 0.432605 0.574371 0.416644 0.38017 0.745529 0.373973 0.337383 0.325965 0.32016 0.515851 0.339623 0.315771 0.395968 0.312691 0.308414 0.307208 0.393221 0.30358 0.430499 0.297366 0.290639 0.272033 0.269048 0.327667 0.472517 0.262228 0.252263 0.289837 0.295498 0.475641
threshold=2.5939764492753628 0.5628591954022989 18.668949771689501 751.50000000000011 1207.0000000000002 1.0000000180025095e-35 680.50000000000011 1.0000000180025095e-35 926.50000000000011 4.5000000000000009 2.5000000000000004 1.5000000000000002 -0.56174490092936669 1287.5000000000002 1.0000000180025095e-35 0.042933947772657459 -0.8783796973249266 783.00000000000011 1.5000000000000002 0.048980407836865261 110.50000000000001 1373.5000000000002 1.0000000180025095e-35 2137.5000000000005 1.5000000000000002 1.0000000180025095e-35 3.5000000000000004 1.0000000180025095e-35 4.5000000000000009 2.5000000000000004 826.50000000000011 0.25000000745058065 1197.5000000000002 1.0000000180025095e-35 5.7751404494382035 2069.0000000000005 553.50000000000011 1458.5000000000002 4.5000000000000009 2.5000000000000004 0.74488944513975819 1.0000000180025095e-35 0.89285713434219371 0.17857143282890323 1414.5000000000002 0.65607663989067089 71.642856597900405 2326.5000000000005 1.0000000180025095e-35 0.67857143282890331 1.2500000000000002 1.0000000180025095e-35 382.00000000000006 2.8628613948822026 2359.5000000000005 -0.24999999999999994 1.6428571343421938 4.5000000000000009 2.5000000000000004 2.7857142686843877 1.5000000000000002 -0.56174490092936669
decision_type=2 2 2 2 2 2 2 2 2 2 2 2 2 2 2 2 2 2 2 2 2 2 2 2 2 2 2 2 2 2 2 2 2 2 2 2 2 2 2 2 2 2 2 2 2 2 2 2 2 2 2 2 2 2 2 2 2 2 2 2 2 2
left_child=1 3 34 5 7 6 13 8 19 17 11 -4 26 14 15 -1 39 -9 -19 20 -5 27 30 -21 51 -26 -13 31 37 -29 -11 -18 45 -34 58 -15 -37 -3 40 43 42 -42 -39 -6 -45 -10 -12 49 53 -40 -51 -23 -16 -49 -30 -56 -57 -14 59 -2 -61 -62
right_child=2 28 10 4 16 -7 -8 9 32 22 46 12 57 35 52 -17 21 18 -20 23 -22 24 -24 -25 25 -27 -28 29 54 -31 -32 -33 33 -35 -36 36 -38 38 47 -41 41 -43 -44 44 -46 -47 -48 48 -50 50 -52 -53 -54 -55 55 56 -58 -59 -60 60 61 -63
leaf_value=-0.0047076421965972304 0.00035684546358463076 -0.00024959713150804426 0.0011118064133981889 -0.012473570532871014 0.0011354846015138168 0.0026032954956521828 0.0023584513405939902 0.0017685590949777054 -0.0012264958259129806 -0.0054794466039937012 0.00094657229403786374 -0.00019940600701533011 6.8414118081060201e-05 0.00092407154637273595 0.0033036115034960644 -0.018313810903737897 -0.0090421451143235989 -0.0024230487039939787 -0.0045391050876151182 -0.00014214081218443724 -0.0043761282186606069 -0.0015108898242242215 -0.0083006507945073103 -0.0081611754348525755 -0.001566171098447257 -0.0026156560770024132 -0.0023464095349002359 -0.0019610609274195528 5.8713580058841485e-07 -0.001088654989026833 -0.00041865434613910844 -0.00075691163886425108 -0.001205674860154021 -0.0094552860797343426 0.00050431300709658682 0.00020475720651391422 -0.0090151636237481691 -0.0055834495629447393 0 -0.00087870597423927272 -0.011911640248234342 -0.0018409065605200009 0.0018997747531396679 0.0025451414346094122 -0.0041092798722181445 -0.0025711916646166877 0.0012460039512977299 -0.0018289960380889377 -0.00042236166385312872 -0.0016816864486689405 -0.00067727104395661863 0.00022459785514718198 -0.0019562595811901135 -0.004461611374634032 0.00059866375612441344 -0.001571745132489125 -0.011057626829213371 0.0011510114361867401 0.00019135662063837235 -0.00034660690308182201 -0.00438924773249251 -0.00059926913101211851
leaf_weight=103 551 3017 4048 23 442 359 210 51 2758 47 14179 497 1305 243 36 21 38 542 1298 141 543 545 24 23 4925 2502 569 1780 3446 9925 586 30 48 40 15554 66 32 25 1106 1459 24 30 37 32 69 524 22697 286 302 1380 4879 443 94 159 44 39 21 993 7655 526 148 196
leaf_count=103 551 3017 4048 23 442 359 210 51 2758 47 14179 497 1305 243 36 21 38 542 1298 141 543 545 24 23 4925 2502 569 1780 3446 9925 586 30 48 40 15554 66 32 25 1106 1459 24 30 37 32 69 524 22697 286 302 1380 4879 443 94 159 44 39 21 993 7655 526 148 196
internal_value=-1.07193e-07 -0.00121847 0.000791759 -0.00153739 -0.00161497 0.000380157 -0.00060527 -0.00239388 -0.00196968 -0.0030744 0.0010389 0.000579943 -5.85921e-05 -0.00165991 -0.00370564 -0.0070651 -0.00138137 -0.00376256 -0.00391867 -0.00395616 -0.00471615 -0.0014697 -0.00108583 -0.00130152 -0.00178099 -0.00192042 -0.00135022 -0.00124676 -0.000571385 -0.00122177 -0.00080312 -0.0054668 -0.00153779 -0.00501873 0.000347166 -0.000120816 -0.00276098 -0.000728081 -0.000902916 -0.000488175 -0.00359298 -0.00642295 -0.00104127 0.000551916 -0.00195106 -0.00144278 0.00113101 -0.000863789 -0.00183471 -0.00076461 -0.000899549 -0.000727727 -0.000459828 -0.00278166 -7.36167e-05 -0.002578 -0.00498787 0.000538426 7.73016e-05 -0.00053357 -0.00110322 -0.00224517
internal_weight=113715 44797 68918 30002 28838 1164 805 6648 4100 2548 44288 7412 3364 595 254 124 22190 1891 1840 730 566 20188 657 164 8415 7427 1066 11773 14795 11705 633 68 3370 88 24630 341 98 11245 8228 2002 116 54 62 543 101 3282 36876 8112 747 7365 6259 988 130 445 3550 104 60 2298 9076 1421 870 344
internal_count=113715 44797 68918 30002 28838 1164 805 6648 4100 2548 44288 7412 3364 595 254 124 22190 1891 1840 730 566 20188 657 164 8415 7427 1066 11773 14795 11705 633 68 3370 88 24630 341 98 11245 8228 2002 116 54 62 543 101 3282 36876 8112 747 7365 6259 988 130 445 3550 104 60 2298 9076 1421 870 344
is_linear=0
shrinkage=0.05


Tree=4
num_leaves=63
num_cat=0
split_feature=14 14 14 12 13 11 12 9 10 11 12 0 14 0 8 14 12 10 0 0 23 9 14 3 12 11 3 1 8 22 12 23 12 13 0 12 3 12 22 21 25 22 0 22 11 12 25 13 24 25 11 10 11 3 23 23 16 12 14 10 0 10
split_gain=39.6126 3.33345 2.73118 1.61372 2.23104 0.924309 0.907587 0.685796 2.17459 2.55598 0.956878 0.768557 0.773545 0.670269 0.987404 1.14276 0.661075 0.489981 0.600403 0.537667 0.475986 0.510189 0.46316 0.415337 0.392443 1.18511 0.948781 0.578211 0.395279 0.389637 0.382654 0.369357 0.365965 0.344453 0.342716 0.673581 0.337741 0.335443 0.320091 0.314311 0.51665 0.420241 0.454281 0.341781 0.279646 0.273578 0.26974 0.263217 0.260898 0.363072 0.282433 0.253645 1.09295 1.0614 0.294323 0.284222 0.252553 0.250912 0.258421 0.246551 0.253089 0.375389
threshold=2.5939764492753628 0.5628591954022989 18.668949771689501 751.50000000000011 0.02900168219461698 1.0000000180025095e-35 680.50000000000011 -0.56174490092936669 0.68301270189221941 0.25000000000000017 1188.5000000000002 2137.5000000000005 0.05345238095238096 1287.5000000000002 1.0000000180025095e-35 0.042933947772657459 1096.5000000000002 -0.24999999999999994 2348.5000000000005 2184.5000000000005 1.8771384358406069 1.0000000180025095e-35 0.048980407836865261 4.5000000000000009 969.50000000000011 0.25000000000000017 1.0000000180025095e-35 2024.5000000000002 1.0000000180025095e-35 12.34999990463257 1381.5000000000002 1.8450981974601748 1267.0000000000002 2.0404859036934515 2069.0000000000005 553.50000000000011 4.5000000000000009 926.50000000000011 87.216663360595717 0.67857143282890331 1.3980692625045779 1.2500000000000002 669.50000000000011 0.91666665673255932 -0.9330127018922193 428.00000000000006 0.40470799803733831 0.023462382334206246 2.0788019895553593 1.6181440949440005 1.0000000180025095e-35 0.68301270189221941 0.25000000000000017 3.5000000000000004 7.5624377727508554 2.4348609447479252 1.0000000180025095e-35 687.50000000000011 0.012579113924050636 0.93301270189221952 2359.5000000000005 -0.24999999999999994
decision_type=2 2 2 2 2 2 2 2 2 2 2 2 2 2 2 2 2 2 2 2 2 2 2 2 2 2 2 2 2 2 2 2 2 2 2 2 2 2 2 2 2 2 2 2 2 2 2 2 2 2 2 2 2 2 2 2 2 2 2 2 2 2
left_child=1 3 29 5 16 6 13 8 11 32 -11 37 -13 14 15 -1 24 22 19 -19 21 44 30 33 27 47 -27 28 -5 36 -18 -23 -10 39 -15 -36 51 -6 -4 40 -3 42 43 -41 -9 -16 -29 -26 50 -50 -22 -2 -53 54 -54 -55 -44 -7 -59 60 -25 -62
right_child=2 23 38 4 7 57 -8 20 9 10 -12 12 -14 34 45 -17 17 18 -20 -21 48 31 -24 59 25 26 -28 46 -30 -31 -32 -33 -34 -35 35 -37 -38 -39 -40 41 -42 -43 56 -45 -46 -47 -48 -49 49 -51 -52 52 53 55 -56 -57 -58 58 -60 -61 61 -63
leaf_value=-0.0044724884568546498 0.0001731414333310227 -0.0012365225672468635 0.00083536386300297159 0.0021057440624513528 -0.0036890540785188769 0.0031638103270839181 0.0022405849215616676 -0.0022597131450834483 -0.0043645571678026145 -0.011767889884894906 -0.0053988261397723983 -0.0053083812230012078 -0.0017651765071071903 0.00087788697563537807 0.0042015177438933533 -0.017402459751655705 -0.0019005123180106664 -0.0013064159558903797 -0.0085093065628926261 0.0038235507067123906 -0.00022584592435192629 -0.001454590474499034 -0.0088134316000503705 -0.00011935614092358914 -0.0019046044331386778 -0.013166764917346719 -0.005588636459409501 -0.003223535127881004 -0.0039931030821768942 0.00061619344050697195 -0.0049833329662752517 -0.0057496360231577308 -0.0012361465889033465 -0.00023401527019086433 0.00019453489721813291 -0.008565809278287621 0.00052004262100787942 -0.0011971890795777734 0.0011076112789367666 -0.0014838831126736775 0.00052382592723095684 -0.00073854078789641953 -0.0015663270504974675 -0.0038626512676006152 -0.00077105980882477511 -0.0015892848329925177 -0.0081881312585352275 -0.0050169848869275604 -0.0055695048912933641 -0.00067243048167025014 0.0020813459939781737 0.00021228004647742992 0.00098832910175257753 0 -0.0015627095714875279 -0.0052873439915562051 -0.0001545662668558571 -0.0024325396324186678 0.003464419409105632 0.0012966744826785844 0.00056879853646539134 -0.0056096059195125288
leaf_weight=103 8475 743 19645 87 140 282 210 342 112 69 492 241 446 243 25 21 363 641 27 55 458 11127 35 3153 277 53 216 669 38 8023 145 51 634 3031 66 32 5311 6391 24643 298 945 4419 1008 327 4821 105 30 95 41 557 185 2078 172 29 321 221 474 46 31 301 44 52
leaf_count=103 8475 743 19645 87 140 282 210 342 112 69 492 241 446 243 25 21 363 641 27 55 458 11127 35 3153 277 53 216 669 38 8023 145 51 634 3031 66 32 5311 6391 24643 298 945 4419 1008 327 4821 105 30 95 41 557 185 2078 172 29 321 221 474 46 31 301 44 52
internal_value=-1.54813e-07 -0.00115769 0.000752178 -0.00146067 -0.00153438 0.000361043 -0.000574865 -0.00139176 -0.0017611 -0.00364014 -0.00619306 -0.00142011 -0.003016 -0.00157716 -0.00352177 -0.00671479 -0.00289582 -0.00204958 -0.00118582 -0.000893357 -0.00121239 -0.00128416 -0.00319004 -0.00054295 -0.00362351 -0.00456519 -0.00710464 -0.00288443 0.000210017 0.000329797 -0.0027911 -0.00147469 -0.00171305 -0.000691849 -0.000113425 -0.00262083 0.000191132 -0.00125143 0.000986964 -0.000860178 -0.000248085 -0.00101773 -0.00160083 -0.00273687 -0.000870679 -0.000434863 -0.0034449 -0.002714 -0.000263251 -0.00101742 0.000430411 3.6043e-05 -0.000374055 -0.00202044 -0.000662532 -0.00467689 -0.00111821 0.00247317 0 -6.98824e-05 -0.00019806 -0.00272816
internal_weight=113715 44797 68918 30002 28838 1164 805 26107 8525 1307 561 7218 687 595 254 124 2731 1266 723 696 17582 16341 543 14795 1465 641 269 824 125 24630 508 11178 746 11245 341 98 16607 6531 44288 8214 1688 6526 2107 625 5163 130 699 372 1241 598 643 11296 2821 743 493 250 1482 359 77 3550 3249 96
internal_count=113715 44797 68918 30002 28838 1164 805 26107 8525 1307 561 7218 687 595 254 124 2731 1266 723 696 17582 16341 543 14795 1465 641 269 824 125 24630 508 11178 746 11245 341 98 16607 6531 44288 8214 1688 6526 2107 625 5163 130 699 372 1241 598 643 11296 2821 743 493 250 1482 359 77 3550 3249 96
is_linear=0
shrinkage=0.05


Tree=5
num_leaves=63
num_cat=0
split_feature=14 14 14 12 13 12 11 12 2 2 9 9 10 2 12 0 24 0 8 14 9 10 0 23 2 8 3 3 3 14 24 20 12 12 0 0 15 13 8 12 24 0 14 15 10 0 2 15 24 2 23 0 17 19 11 3 2 2 9 18 20 12
split_gain=35.7577 3.00902 2.46465 1.45687 2.02804 0.864355 0.834201 0.819332 0.671708 0.91075 0.938556 0.628059 1.98722 2.34335 0.835036 0.732289 1.12205 0.605645 0.891953 1.03073 0.443063 0.590941 0.528476 0.439433 0.463935 0.678877 0.442249 0.435947 0.374968 0.367762 0.352163 0.340654 0.340114 0.309901 0.554293 0.288331 0.390389 0.312812 0.286105 0.333878 0.340647 0.282536 0.304127 0.278957 0.293518 0.273951 0.356017 0.345839 0.291464 0.348673 0.266001 0.263418 0.25794 0.357958 0.240411 0.237348 0.23088 0.417323 0.941891 0.354346 0.297326 0.226447
threshold=2.5939764492753628 0.5628591954022989 18.668949771689501 751.50000000000011 0.02605536806512047 1096.5000000000002 1.0000000180025095e-35 680.50000000000011 2.5000000000000004 1.5000000000000002 -0.56174490092936669 -0.56174490092936669 0.68301270189221941 2.5000000000000004 1188.5000000000002 2235.5000000000005 0.82708111405372631 1287.5000000000002 1.0000000180025095e-35 0.042933947772657459 -0.56174490092936669 0.68301270189221941 344.50000000000006 1.8771384358406069 2.5000000000000004 -0.8783796973249266 5.5000000000000009 3.5000000000000004 4.5000000000000009 4.6775985663082453 1.0000000180025095e-35 1.0000000180025095e-35 1458.5000000000002 510.50000000000006 2069.0000000000005 4.5000000000000009 2.5000000000000004 0.8042854449008372 -0.8783796973249266 773.00000000000011 1.0000000180025095e-35 1889.0000000000002 1.0000000180025095e-35 1.0000000180025095e-35 0.93301270189221952 2326.5000000000005 3.5000000000000004 2.5000000000000004 0.93319860100746166 2.5000000000000004 64.726902008056655 382.00000000000006 1.0000000180025095e-35 1.0000000180025095e-35 -0.9330127018922193 4.5000000000000009 2.5000000000000004 1.5000000000000002 -0.56174490092936669 1.0000000180025095e-35 6.5000000000000009 687.50000000000011
decision_type=2 2 2 2 2 2 2 2 2 2 2 2 2 2 2 2 2 2 2 2 2 2 2 2 2 2 2 2 2 2 2 2 2 2 2 2 2 2 2 2 2 2 2 2 2 2 2 2 2 2 2 2 2 2 2 2 2 2 2 2 2 2
left_child=1 3 29 6 5 38 7 17 9 -4 27 12 15 14 -14 31 -17 18 19 -1 21 22 -7 24 25 -13 -26 -11 32 -2 -15 -6 -3 -19 -35 36 37 -34 41 -40 -41 42 -5 44 -22 48 -47 -48 -37 -50 -10 -20 53 -25 -30 -12 57 -31 59 60 -59 -8
right_child=2 28 8 4 11 20 61 -9 50 10 55 23 13 30 -16 16 -18 33 51 -21 43 -23 -24 52 26 -27 -28 -29 54 56 -32 -33 35 34 -36 45 -38 -39 39 40 -42 -43 -44 -45 -46 46 47 -49 49 -51 -52 -53 -54 -55 -56 -57 -58 58 -60 -61 -62 -63
leaf_value=-0.0042490809404306575 -9.1683546628804757e-06 -0.00020105657158607325 0.0010073181523781204 -0.0060407410744968285 -0.0017553306252323709 0.0024367144839330152 0.0030056758938592949 0.0021286090163036169 0.00084530681422807655 -0.00023878273263389012 1.5353945965357953e-05 0.00081942481743948494 -0.010851734280387826 -0.0040263896692067291 -0.0051138588869257037 -0.0044785067802251078 0.00068926307070949822 0.0012617712287983981 0.0031700096425917668 -0.016536460972227756 -0.0015579882642046418 -0.0088862744210876365 -0.0034061178231278872 -0.00023546910308762357 -0.0012055076238461251 -0.0010555482679010378 -0.0019114637588036653 -0.0022779745264491463 -0.0012731517014596726 0.00052005248750878433 -0.0011223073851143427 -0.00098023306372909303 -0.0011392110813097812 0.0001235687156139343 -0.0063655355359365012 0.00034869743605968519 0.0020774583180112188 -0.0072897259304351598 0 -0.0046923685134284731 -0.0026985360963599826 0.0026252394060479519 0 0.003116061215130788 0.0030984018666621966 0.00015255682267434798 -0.00316588252414948 -0.0004305506029701343 -0.0016450999064616433 -0.00063609887927280591 0.0011268822860469765 -0.001837632798774843 0.002086625664723632 -0.0038395854566552947 7.2557204963771436e-05 0.0010450959054502959 0.00050657050033955356 0 0.00031755229907750335 -0.00089386598365490404 -0.0047205577455000378 0
leaf_weight=103 6483 3017 4048 39 2070 45 282 210 13354 497 1305 617 75 128 500 402 140 185 36 21 630 42 241 1060 11000 2180 2822 569 370 1709 626 4710 37 110 46 608 25 54 53 821 310 32 42 37 35 188 388 171 1017 5740 23522 94 107 74 3180 993 15249 41 778 175 195 77
leaf_count=103 6483 3017 4048 39 2070 45 282 210 13354 497 1305 617 75 128 500 402 140 185 36 21 630 42 241 1060 11000 2180 2822 569 370 1709 626 4710 37 110 46 608 25 54 53 821 310 32 42 37 35 188 388 171 1017 5740 23522 94 107 74 3180 993 15249 41 778 175 195 77
internal_value=-2.04313e-07 -0.00109998 0.000714583 -0.00138785 -0.00145788 -0.002875 0.000342904 -0.000545963 0.000937622 0.000501957 -0.000104685 -0.00133329 -0.00168427 -0.0034654 -0.00587273 -0.00136026 -0.00313455 -0.00149853 -0.00334704 -0.00638195 -0.00178406 -0.00330823 -0.00246878 -0.001163 -0.00123085 -0.000640139 -0.00135002 -0.00133205 -0.000515892 0.000313325 -0.00162241 -0.00121764 -0.000657372 -0.000106398 -0.00176071 -0.000824079 -0.00331175 -0.00484785 -0.00373731 -0.00396879 -0.00415058 -0.00126629 -0.00286667 -0.00106442 -0.00130497 -0.000787849 -0.00170479 -0.0023383 -0.000694147 -0.000788726 0.00102505 -0.000411098 -0.000250307 -0.000475385 -6.63233e-05 0.000462523 0.00042881 1.79149e-05 -0.000699607 -0.0026368 -0.00390713 0.00234957
internal_weight=113715 44797 68918 30002 28838 2327 1164 805 44288 7412 3364 26511 8651 1329 575 7322 542 595 254 124 1030 328 286 17860 16619 2797 13822 1066 14795 24630 754 6780 11245 341 156 8228 116 91 1297 1184 1131 113 81 702 665 8112 747 559 7365 6757 36876 130 1241 1134 3550 2298 18147 2898 1189 411 236 359
internal_count=113715 44797 68918 30002 28838 2327 1164 805 44288 7412 3364 26511 8651 1329 575 7322 542 595 254 124 1030 328 286 17860 16619 2797 13822 1066 14795 24630 754 6780 11245 341 156 8228 116 91 1297 1184 1131 113 81 702 665 8112 747 559 7365 6757 36876 130 1241 1134 3550 2298 18147 2898 1189 411 236 359
is_linear=0
shrinkage=0.05


Tree=6
num_leaves=63
num_cat=0
split_feature=14 13 14 12 13 12 2 2 9 8 2 12 10 2 9 3 0 14 0 0 12 9 14 12 3 14 8 14 0 9 2 20 14 14 25 3 25 12 17 9 25 12 12 2 2 0 0 16 16 18 13 12 14 13 0 14 25 2 9 21 14 14
split_gain=32.2748 2.72508 2.2244 1.43427 1.6828 0.779952 0.606056 0.821938 0.847422 0.563662 0.73693 0.529056 0.520298 1.81406 1.06291 0.507686 0.427021 0.560143 0.599146 0.420172 0.417318 0.399869 0.562005 0.653458 0.393196 0.369513 0.343014 0.331956 0.329633 0.328187 0.326651 0.630024 0.332448 0.327442 0.321574 0.439625 0.391679 0.771506 0.316971 0.300257 0.483023 0.282933 0.609748 0.326753 0.377873 0.277596 0.275651 0.32468 0.327629 0.273581 0.267547 0.284344 0.265368 0.991931 0.398203 0.256132 0.253423 0.24797 0.356691 0.232429 0.227429 0.226263
threshold=2.5939764492753628 0.36846129084178342 18.668949771689501 751.50000000000011 0.02605536806512047 1096.5000000000002 2.5000000000000004 1.5000000000000002 -0.56174490092936669 -0.8783796973249266 2.5000000000000004 918.00000000000011 0.68301270189221941 2.5000000000000004 -0.22252093395631442 5.5000000000000009 640.50000000000011 0.062828947368421068 464.50000000000006 1.0000000180025095e-35 926.50000000000011 -0.56174490092936669 1.0000000180025095e-35 1165.5000000000002 3.5000000000000004 0.70871212121212135 1.0000000180025095e-35 4.6775985663082453 277.50000000000006 -0.22252093395631442 2.5000000000000004 1.7857142686843874 0.44504830917874399 0.53546277665995989 0.40470799803733831 3.5000000000000004 1.0000000180025095e-35 1033.5000000000002 1.0000000180025095e-35 -0.22252093395631442 0.68017795681953441 680.50000000000011 553.50000000000011 8.5000000000000018 1.5000000000000002 655.50000000000011 2316.5000000000005 5.5000000000000009 6.5000000000000009 1.0000000180025095e-35 0.02900168219461698 510.50000000000006 0.01526806526806527 0.01221003041326257 1124.5000000000002 0.39602987421383656 48.256599426269538 1.5000000000000002 -0.56174490092936669 0.82142856717109691 0.046065428824049522 1.2710098870056499
decision_type=2 2 2 2 2 2 2 2 2 2 2 2 2 2 2 2 2 2 2 2 2 2 2 2 2 2 2 2 2 2 2 2 2 2 2 2 2 2 2 2 2 2 2 2 2 2 2 2 2 2 2 2 2 2 2 2 2 2 2 2 2 2
left_child=1 3 27 16 5 34 7 -4 24 10 -6 -12 19 14 -14 -15 17 18 -1 26 -21 22 -7 -24 -9 30 -11 -2 59 -20 31 32 39 -34 36 -36 37 -5 -13 40 -3 42 50 44 -44 -38 -30 -48 -49 -50 60 -52 54 -54 -23 -41 -8 -33 -59 61 -18 -27
right_child=2 25 6 4 9 21 56 8 -10 12 11 38 13 15 -16 -17 41 -19 29 20 -22 52 23 -25 -26 28 -28 -29 46 -31 -32 57 33 -35 35 -37 45 -39 -40 55 -42 -43 43 -45 -46 -47 47 48 49 -51 51 -53 53 -55 -56 -57 -58 58 -60 -61 -62 -63
leaf_value=0.00093017556258864027 -8.7099341536103185e-06 -0.011112732748707495 0.00095695347331564988 -0.0031343215606992984 0.001038706654734214 -0.0058105576138021871 0.00071967639619280972 -0.00022684601879687283 0.00043950754663234573 -0.0010762494011044008 -0.00757906871257871 -0.00070640236669854378 -0.005564042504727109 -0.0012185856174312575 -0.0016641746574163393 -0.004061368640217485 0.0028177827602505734 -0.008741287216234999 -0.0092729240002860126 -0.0027522698699578535 -0.0012213413046581836 -0.0022805361450789732 -0.0054129587388072652 0.00051699897731355014 -0.0021640957700903647 0.0010131429932891205 -0.0094198111559926859 0.00040736447362001095 -0.00022971875873824913 -0.0017672482422759702 -0.00073821554858057937 -0.001901701836745583 0.0013975750664272047 -0.0013130955191953462 -0.0025800291742526641 -0.012478741901420461 0.00029924991338149367 -0.0067691657177915907 -0.003201966229543106 0 -0.002929789837854311 0.0022408133833884103 0.0026071992080869072 0.0025087194414589349 -0.003376460400310042 -0.0028009639018745148 -0.00076510244848512288 -0.0087071012037683772 -0.0051223275240074081 0.00041172457381889168 0.00066916360862299593 -0.0055174076260426337 -0.011652356484140534 -0.0012442792410529433 0.0010545168719926581 -0.0043376963395633612 0.0010423611707238293 -0.0087797784108618153 -0.0011654254051078579 -0.0013393664410870825 -0.0013379240712961002 -0.0017421673510061219
leaf_weight=161 6483 22 4048 570 551 124 7850 497 2298 24 31 1288 476 2864 283 168 255 24 25 463 16690 139 70 134 569 229 29 18147 9630 40 4747 45 162 350 24 24 85 202 143 130 121 262 30 38 176 392 1091 25 40 47 91 23 25 288 250 45 29026 59 23 1423 36 110
leaf_count=161 6483 22 4048 570 551 124 7850 497 2298 24 31 1288 476 2864 283 168 255 24 25 463 16690 139 70 134 569 229 29 18147 9630 40 4747 45 162 350 24 24 85 202 143 130 121 262 30 38 176 392 1091 25 40 47 91 23 25 288 250 45 29026 59 23 1423 36 110
internal_value=-2.22732e-07 -0.00104507 0.00067886 -0.00136928 -0.00144806 -0.00273142 0.000890752 0.000476859 -9.93787e-05 -0.00131805 -0.000514826 -0.00110377 -0.00139481 -0.00192768 -0.00411694 -0.00137788 0.000345687 -0.00147713 -0.000680079 -0.0012771 -0.00126297 -0.00169464 -0.00314297 -0.00149495 -0.00126569 -0.000575318 -0.0057449 0.000297645 -0.000423366 -0.00474066 -0.000909954 -0.00175644 -0.00124625 -0.000445553 -0.00355072 -0.00764899 -0.00338861 -0.00409264 -0.000959484 -0.00251917 -0.00423053 0.000851506 0.000282684 -0.00168183 -0.00247995 -0.00223809 -0.000319537 -0.0010343 -0.00360893 -0.00207822 0.00147871 -0.000538925 -0.00101045 -0.00209502 -0.000124616 -0.00109057 0.000973807 -0.00504778 -0.00670897 -0.00105882 0.00228622 0.000104094
internal_weight=113715 44797 68918 26498 25337 2327 44288 7412 3364 23010 2013 1462 20997 3791 759 3032 1161 250 226 17206 17153 1030 328 204 1066 18299 53 24630 12595 65 5704 957 830 512 1297 48 1249 772 1431 318 143 911 649 244 206 477 10833 1203 112 87 405 114 702 313 389 175 36876 127 82 1762 291 339
internal_count=113715 44797 68918 26498 25337 2327 44288 7412 3364 23010 2013 1462 20997 3791 759 3032 1161 250 226 17206 17153 1030 328 204 1066 18299 53 24630 12595 65 5704 957 830 512 1297 48 1249 772 1431 318 143 911 649 244 206 477 10833 1203 112 87 405 114 702 313 389 175 36876 127 82 1762 291 339
is_linear=0
shrinkage=0.05


Tree=7
num_leaves=63
num_cat=0
split_feature=14 14 22 9 10 2 0 24 0 25 14 24 0 2 2 9 25 18 0 20 0 20 9 2 25 2 25 0 14 25 14 24 22 14 3 3 2 2 3 20 25 18 0 24 22 2 20 0 0 19 20 0 25 11 0 24 20 0 15 0 22 14
split_gain=29.1339 2.4576 2.05299 0.733689 2.12313 2.10808 0.74868 1.05909 0.737669 0.670134 1.39338 0.561421 0.713006 0.520965 0.989308 0.933835 0.514274 0.500181 0.476581 0.466467 0.462305 0.449355 0.436222 0.494715 0.424364 0.416248 0.415153 0.380468 0.371536 0.36045 0.347567 0.405947 0.347137 0.345064 0.338248 0.312049 0.465342 0.774282 1.00034 0.333489 0.305135 0.33797 0.298619 0.28903 0.348705 0.390674 0.278502 0.27446 0.271577 0.264619 0.261189 0.260045 0.452531 0.530045 0.257563 0.418465 0.736975 0.257028 0.250088 0.248438 0.244949 0.600769
threshold=2.5939764492753628 0.5628591954022989 12.34999990463257 -0.56174490092936669 0.68301270189221941 2.5000000000000004 2235.5000000000005 0.82708111405372631 370.50000000000006 0.32543723285198217 0.036811201445347795 1.0000000180025095e-35 1497.5000000000002 2.5000000000000004 1.5000000000000002 -0.56174490092936669 48.256599426269538 1.5000000000000002 2364.5000000000005 1.0000000180025095e-35 523.50000000000011 20.357143402099613 -0.22252093395631442 2.5000000000000004 1.0082988739013674 8.5000000000000018 0.83079490065574657 527.50000000000011 0.14359351988217969 0.72595286369323742 0.28496240601503764 0.75774171948432933 1.0000000180025095e-35 0.18016393442622955 4.5000000000000009 4.5000000000000009 2.5000000000000004 1.5000000000000002 3.5000000000000004 1.3571428656578066 6.6332926750183114 23.500000000000004 1861.5000000000002 0.8532405197620393 1.2500000000000002 3.5000000000000004 0.35714286565780645 2184.5000000000005 1337.5000000000002 2.5000000000000004 10.214285850524904 2374.5000000000005 0.54929199814796459 1.0000000180025095e-35 1450.5000000000002 1.0000000180025095e-35 0.35714286565780645 2184.5000000000005 1.5000000000000002 640.50000000000011 0.38333334028720861 0.18016393442622955
decision_type=2 2 2 2 2 2 2 2 2 2 2 2 2 2 2 2 2 2 2 2 2 2 2 2 2 2 2 2 2 2 2 2 2 2 2 2 2 2 2 2 2 2 2 2 2 2 2 2 2 2 2 2 2 2 2 2 2 2 2 2 2 2
left_child=1 3 35 4 6 8 19 9 28 18 -11 12 32 14 -4 17 -15 21 -8 25 49 -16 23 46 51 57 -27 -13 -6 -29 42 -32 -7 -22 40 36 37 -2 50 -40 41 43 -10 -3 45 -45 -5 -14 59 -21 -39 60 53 -53 -26 -56 -57 -1 -38 -48 -24 -62
right_child=2 34 13 22 5 11 7 -9 30 10 -12 27 47 16 15 -17 -18 -19 -20 20 33 -23 24 -25 54 26 -28 29 -30 -31 31 -33 -34 -35 -36 -37 58 38 39 -41 -42 -43 -44 44 -46 -47 48 -49 -50 -51 -52 52 -54 -55 55 56 -58 -59 -60 -61 61 -63
leaf_value=-0.0014457118671257544 9.0888058668087005e-05 0.00014266442402661612 0.00093721527309394918 0.00097410823307396617 -0.013788246431845067 -0.010304664766122722 -0.001325472895183829 0.00074147562315511964 -0.0062658315487611029 -0.01511119576396968 -0.0043484922724816698 0.0012633432232619249 0.0012513863819247897 0.0006173142232796091 0.0012918858094150849 0.00038563146996825539 0.00098943725982859974 -0.00060003007418651391 -0.0073547808290865659 0.00026271877119905584 -0.00075061271588135994 -0.003485358352691704 -0.0012308223965027958 -0.00089881182931876341 -0.00042636265624168004 -0.0033048541093695736 0.0015773431509086729 -7.2919780777207913e-05 -0.0065370045219369042 -0.0027971593589969403 0.0023423031563350079 -0.0043893326164012965 -0.0041412853678103592 -0.0017293759520766905 -3.8058594028269134e-05 0.00047802082623411276 0.00042796358123914092 0.00018438550224134716 0 -0.005109286664185933 4.4628695371535452e-05 -0.007207676075834466 -0.0033637175674006447 -0.0021631270728480366 -0.00055439168679970359 -0.00086353648581089762 -0.00047895073438542163 -0.0055329821373692788 0.0012059723575399302 -0.0032374422065098159 -0.0021892791262593499 -0.0024552996233901097 0.00010687677120720897 -0.013239773673610102 0.0022877972010502414 -0.0034082223132493854 -0.00055337060727945542 0.0025511671368617962 -8.1762285283440731e-05 -0.0081949267012774319 -0.0045099128317871292 -0.0012611727273311394
leaf_weight=2181 1315 931 4445 647 38 45 201 141 331 37 176 143 56 13633 56 2471 29742 820 40 976 2418 334 13097 1934 2646 522 46 216 41 289 33 65 55 1465 3550 5719 4840 345 39 228 1568 20 134 812 5814 2100 21 20 32 57 172 28 35 21 72 366 605 40 4759 24 202 506
leaf_count=2181 1315 931 4445 647 38 45 201 141 331 37 176 143 56 13633 56 2471 29742 820 40 976 2418 334 13097 1934 2646 522 46 216 41 289 33 65 55 1465 3550 5719 4840 345 39 228 1568 20 134 812 5814 2100 21 20 32 57 172 28 35 21 72 366 605 40 4759 24 202 506
internal_value=-2.71272e-07 -0.000992979 0.000644921 -0.00125314 -0.00161012 -0.0033664 -0.00129928 -0.00301336 -0.00551769 -0.00419043 -0.00624775 -0.00168374 -0.00419611 0.000803647 0.000435003 -0.000170094 0.000872594 -0.00130904 -0.00234956 -0.00116622 -0.000871053 -0.00278642 -0.00108061 -0.000480395 -0.00117108 -0.00168466 -0.00290046 -0.000993106 -0.0101012 -0.00164208 -0.00486398 -0.00207151 -0.00697228 -0.00112121 -0.000465062 0.000175287 2.68541e-05 -0.000647006 -0.0018909 -0.00437856 -0.00059942 -0.000704293 -0.00544118 -0.000690232 -0.00077967 -0.0012277 0.000630374 -0.000473195 -0.00219056 6.44486e-05 -0.000595907 -0.00129811 -0.00409752 -0.0071966 -0.000691454 -0.00135907 -0.00163484 -0.00137137 0.000174732 -0.00471405 -0.00128068 -0.00219564
internal_weight=113715 44797 68918 30002 9766 1466 8300 595 642 454 213 824 176 51501 8126 3681 43375 1210 241 7705 4916 390 20236 2658 17578 2789 568 648 79 505 563 98 100 3883 14795 17417 11698 2099 784 267 11245 9677 465 9657 8726 2912 724 76 77 1033 517 13889 84 49 3689 1043 971 2221 9599 45 13805 708
internal_count=113715 44797 68918 30002 9766 1466 8300 595 642 454 213 824 176 51501 8126 3681 43375 1210 241 7705 4916 390 20236 2658 17578 2789 568 648 79 505 563 98 100 3883 14795 17417 11698 2099 784 267 11245 9677 465 9657 8726 2912 724 76 77 1033 517 13889 84 49 3689 1043 971 2221 9599 45 13805 708
is_linear=0
shrinkage=0.05


Tree=8
num_leaves=63
num_cat=0
split_feature=13 13 12 13 22 12 4 0 0 12 10 12 0 18 2 2 9 10 9 2 8 2 22 20 1 0 2 12 8 0 0 2 25 0 9 12 12 0 22 4 2 2 8 12 24 8 15 23 25 8 12 2 10 2 0 13 0 0 15 20 18 21
split_gain=26.3846 2.91396 1.29846 1.50304 1.20486 0.704865 0.520593 0.461797 0.506229 0.647304 0.574169 1.1754 0.544646 0.542252 0.436189 0.665188 0.560451 0.431981 0.52288 0.418931 1.38862 1.43797 0.405484 0.793041 0.395675 0.480093 0.480213 0.968451 0.8057 0.387692 0.368619 0.361429 0.361641 0.405001 0.362876 0.321774 0.62208 0.390132 0.320495 0.317902 0.488155 0.986876 0.865484 0.315958 0.299823 0.29962 0.298944 0.308084 0.289206 0.391983 0.359615 0.846988 0.559072 0.264388 0.255264 0.252715 0.245627 0.242272 0.267439 0.405309 0.347542 0.241211
threshold=3.9058628008705587 0.36846129084178342 751.50000000000011 0.02605536806512047 38.483333587646491 1096.5000000000002 1.0000000180025095e-35 1.0000000180025095e-35 1373.5000000000002 1063.5000000000002 0.93301270189221952 1456.5000000000002 1146.5000000000002 1.0000000180025095e-35 2.5000000000000004 1.5000000000000002 -0.56174490092936669 -0.24999999999999994 1.0000000180025095e-35 2.5000000000000004 -1.0000000180025095e-35 1.5000000000000002 0.28333334624767309 1.3571428656578066 2024.5000000000002 669.50000000000011 5.5000000000000009 588.00000000000011 1.0000000180025095e-35 2326.5000000000005 97.500000000000014 11.500000000000002 0.35544712841510778 2348.5000000000005 -0.22252093395631442 680.50000000000011 510.50000000000006 1134.5000000000002 0.18333333730697635 1.0000000180025095e-35 2.5000000000000004 1.5000000000000002 -1.0000000180025095e-35 651.50000000000011 16.918681144714359 1.0000000180025095e-35 3.5000000000000004 0.77136236429214489 0.40470799803733831 -1.0000000180025095e-35 956.50000000000011 8.5000000000000018 -0.5 4.5000000000000009 185.50000000000003 1.3104502688172046 1394.5000000000002 2359.5000000000005 1.5000000000000002 1.6428571343421938 1.0000000180025095e-35 1.6071428656578066
decision_type=2 2 2 2 2 2 2 2 2 2 2 2 2 2 2 2 2 2 2 2 2 2 2 2 2 2 2 2 2 2 2 2 2 2 2 2 2 2 2 2 2 2 2 2 2 2 2 2 2 2 2 2 2 2 2 2 2 2 2 2 2 2
left_child=1 2 24 5 39 48 19 17 9 30 13 -12 -11 -10 15 -6 45 -5 -19 20 21 -3 -23 -24 -1 26 43 28 -28 55 -9 32 33 -7 -34 36 53 -38 -8 40 41 -2 -43 -26 -42 -17 47 -31 50 -50 52 -52 -4 -27 -29 56 -21 -40 59 60 -59 -49
right_child=4 6 3 7 14 31 38 8 10 12 11 -13 -14 -15 -16 16 -18 18 -20 29 -22 22 23 -25 25 35 27 54 -30 46 -32 -33 34 -35 -36 -37 37 -39 57 -41 44 42 -44 -45 -46 -47 -48 61 49 -51 51 -53 -54 -55 -56 -57 -58 58 -60 -61 -62 -63
leaf_value=0.0029936078898637323 0.00044300491546609035 -0.00022351434680150823 0 -0.0092915538774907061 0.00095772926508689345 -0.001828113368659451 -0.0019729809445415704 -0.0066000429697167856 -0.0014461330574407803 -0.0010361002809230872 -0.0017765952168168203 -0.0071499911411096288 -0.00018261425212711389 -9.549977015072473e-05 0.00093062093800113223 -0.0020712257829120771 0.00037527154945457878 0.0033110434305371086 -0.0070333031357818617 -0.00087092888238279344 -0.00052526854088162092 -0.010941560589940447 -0.00078778212099726841 -0.0062398731894570845 0.0040420105195099537 0.0038005940299421777 -0.012393393476296517 -0.0033168912532820193 -0.0016063444710966209 -0.00013060569826929154 -0.0020650691995488528 0.0030115352386105667 -0.0020401304266309045 -0.0072200184763281175 0.0038937381697670597 0.0022841265478644509 -0.0063438287495499682 -0.00090107359008013022 5.7433379491544245e-05 0.00068307909145237514 0.00019888571666360128 -0.0031253211221896888 -0.00041801275785695292 -0.0021294243702190754 0.00061180232775586655 -0.00018711975752012665 0.00021951893775417499 -0.0040425413724966787 -0.011756003230686506 -0.0023929485116014836 -0.0028205581187297391 -0.0069201258343666687 -0.0032657256845795126 0.0005730476033568439 0.0024638139333598725 -0.00022514000049806481 -0.0001436246361221 0.0031598528869107214 0.00027495253105542855 -0.01013944162325095 -0.0057519402435589661 -0.0016181568087066144
leaf_weight=130 2229 236 188 34 3016 850 211 49 9216 9133 490 130 2369 817 29676 449 1788 24 24 4287 1843 30 95 243 44 94 41 31 32 146 724 41 48 37 54 219 39 234 5657 8419 8011 428 969 38 9867 410 168 212 24 24 448 180 433 210 49 6875 1616 20 54 21 23 218
leaf_count=130 2229 236 188 34 3016 850 211 49 9216 9133 490 130 2369 817 29676 449 1788 24 24 4287 1843 30 95 243 44 94 41 31 32 146 724 41 48 37 54 219 39 234 5657 8419 8011 428 969 38 9867 410 168 212 24 24 448 180 433 210 49 6875 1616 20 54 21 23 218
internal_value=-3.02796e-07 -0.000884251 -0.00123731 -0.00131228 0.000655898 -0.00252517 -0.000457904 -0.00118939 -0.0011757 -0.000955578 -0.00142885 -0.00291231 -0.000860751 -0.00133665 0.000853726 0.000449878 -0.000126894 -0.00495187 -0.00176105 -0.000607005 -0.00121044 -0.00329241 -0.00524632 -0.00472296 0.000394433 6.15922e-05 -0.0019183 -0.00358011 -0.00774189 -0.000497427 -0.00235982 -0.00153931 -0.00173331 -0.00205945 0.00105309 0.000652557 2.43427e-05 -0.00169896 -5.93064e-05 0.000422094 0.000319682 -0.000208363 -0.0012512 0.00112207 0.000427059 -0.00117789 -0.00160936 -0.00215141 -0.00330405 -0.00719313 -0.00315002 -0.00400447 -0.00227738 0.0015884 0.000160024 -0.000432281 -0.000672676 9.78032e-06 -0.00223052 -0.00441964 -0.0014932 -0.00282572
internal_weight=113715 48453 26498 25337 65262 2327 21955 23010 22928 12275 10653 620 11502 10033 35339 5663 2647 82 48 15969 2447 604 368 338 1161 1031 235 153 73 13522 773 1030 989 887 102 796 577 273 5986 29923 21504 3626 1397 82 17878 859 744 576 1297 48 1249 628 621 304 80 12778 5903 5775 118 64 43 430
internal_count=113715 48453 26498 25337 65262 2327 21955 23010 22928 12275 10653 620 11502 10033 35339 5663 2647 82 48 15969 2447 604 368 338 1161 1031 235 153 73 13522 773 1030 989 887 102 796 577 273 5986 29923 21504 3626 1397 82 17878 859 744 576 1297 48 1249 628 621 304 80 12778 5903 5775 118 64 43 430
is_linear=0
shrinkage=0.05


Tree=9
num_leaves=63
num_cat=0
split_feature=13 13 12 13 22 11 12 12 10 12 24 0 11 13 9 4 9 0 0 12 22 22 12 10 0 0 10 9 0 0 0 0 0 13 22 23 10 0 0 10 25 25 0 22 4 22 0 0 12 11 11 11 21 23 23 0 0 15 20 18 21 12
split_gain=23.8167 2.62993 1.17194 1.35871 1.08722 0.663071 0.631453 0.509943 0.638635 0.669509 0.554517 0.509861 0.533757 0.506729 1.21826 0.470071 0.433672 0.43045 0.476461 0.787197 0.500848 0.42465 0.412262 0.434062 0.512029 0.475646 0.389637 0.472438 0.379233 0.880619 0.485935 0.375041 0.537926 0.384081 0.311475 0.355092 0.500483 0.574098 0.481976 0.41471 0.322888 0.349563 0.341707 0.289269 0.286828 0.27765 0.275985 0.271065 0.548087 0.263988 0.256996 0.25652 0.447619 0.223299 0.220208 0.219608 0.218333 0.241896 0.3657 0.314088 0.217314 0.207278
threshold=3.9058628008705587 0.36846129084178342 751.50000000000011 0.02900168219461698 38.483333587646491 1.0000000180025095e-35 680.50000000000011 985.50000000000011 -0.6830127018922193 783.00000000000011 0.92282876372337352 1287.5000000000002 -0.5 0.045071312895985462 -0.56174490092936669 1.0000000180025095e-35 1.0000000180025095e-35 1.0000000180025095e-35 1373.5000000000002 1096.5000000000002 1.0000000180025095e-35 0.15000000596046451 1096.5000000000002 -0.24999999999999994 2348.5000000000005 2184.5000000000005 -0.24999999999999994 1.0000000180025095e-35 1252.5000000000002 939.00000000000011 1379.5000000000002 155.50000000000003 110.50000000000001 0.02605536806512047 1.3166666626930239 3.7827918529510502 0.25000000000000011 897.50000000000011 75.500000000000014 -0.6830127018922193 1.3980692625045779 2.8628613948822026 2275.5000000000005 0.18333333730697635 1.0000000180025095e-35 12.34999990463257 874.50000000000011 2069.0000000000005 553.50000000000011 1.0000000180025095e-35 0.93301270189221952 -0.9330127018922193 2.5357142686843877 2.2782377004623418 4.7333610057830819 1745.0000000000002 2359.5000000000005 1.5000000000000002 1.6428571343421938 1.0000000180025095e-35 0.25000000745058065 687.50000000000011
decision_type=2 2 2 2 2 2 2 2 2 2 2 2 2 2 2 2 2 2 2 2 2 2 2 2 2 2 2 2 2 2 2 2 2 2 2 2 2 2 2 2 2 2 2 2 2 2 2 2 2 2 2 2 2 2 2 2 2 2 2 2 2 2
left_child=1 2 5 22 44 6 11 8 13 -10 -11 12 16 14 -5 34 -1 26 20 -20 -19 -15 31 28 25 -25 -9 -28 29 -24 -30 32 -4 50 35 60 38 54 -37 -40 -36 51 -43 49 45 53 -35 55 -49 -17 -33 52 -42 -2 -38 -13 -45 58 59 -58 -3 -7
right_child=4 15 3 7 -6 61 -8 17 9 10 -12 47 -14 21 -16 43 -18 18 19 -21 -22 -23 23 24 -26 -27 27 -29 30 -31 -32 33 -34 46 40 36 37 -39 39 -41 41 42 -44 56 -46 -47 -48 48 -50 -51 -52 -53 -54 -55 -56 -57 57 -59 -60 -61 -62 -63
leaf_value=-0.0023303659306289286 0.0007962848111034217 -5.3282236979687619e-05 -0.0028926992696051723 -0.017139893042969988 0.00081103958328932867 0.002790627126489198 0.0019258191809944745 -0.0088283383579722593 0.0033484949832462058 -0.0025339689762051481 0.0043940903563238062 -0.00082390296713992115 0.00066566543362806679 0 -0.0038446746035145844 -0.0059358367214356264 -0.0074015132298058603 -0.0017705262379152126 0.00039313760490157154 -0.0014260407012202971 -0.00072367843796393883 -0.0071169878161770539 -0.003019278338381573 -0.00093825844409517489 -0.0075766588983940467 0.0038916045262354908 0.0031461781424110854 -0.0066830970965233083 -0.010613904103814844 0.0039192911207483975 -0.0032399168174892233 -0.0028907865097647584 -0.013326297266082178 0.0040068735627783935 -0.0054055521189238058 -0.0079920694341554365 -0.0092033011279071212 -0.0015669545410255253 -0.0060523135544255716 2.4364329700305058e-05 -5.8372364974017997e-05 -0.00041750309305002326 -0.00214694296104736 5.4561710443870489e-05 0.00064892552452111985 0.00046881161158527268 -0.0013731216798063186 0.00041998474814497705 -0.0075824589744163829 -0.0010630677291810018 -0.0078420764876005918 0.00083970882967486732 -0.0066771556024358778 2.4416643332412588e-05 -0.004474628753917363 0.0021789396552647539 0.0030026463679656552 0.00026123031401230362 -0.0096348722774305898 -0.0054655882574263072 -0.00084728375224401339 -7.425449720925704e-05
leaf_weight=110 1051 1063 34 25 35339 282 210 34 61 517 30 104 71 64 60 34 73 1294 630 9460 10351 32 170 641 27 55 24 24 25 62 286 1225 21 29 32 22 40 180 30 395 152 7878 298 5657 8419 11666 128 61 32 177 28 878 31 8787 87 141 20 54 21 23 4883 77
leaf_count=110 1051 1063 34 25 35339 282 210 34 61 517 30 104 71 64 60 34 73 1294 630 9460 10351 32 170 641 27 55 24 24 25 62 286 1225 21 29 32 22 40 180 30 395 152 7878 298 5657 8419 11666 128 61 32 177 28 878 31 8787 87 141 20 54 21 23 4883 77
internal_value=-3.39011e-07 -0.000840174 -0.00117559 -0.00124682 0.000623111 0.000374451 -0.000419818 -0.00111911 -0.00237309 -0.00158438 -0.00214413 -0.00126051 -0.00295276 -0.00499252 -0.00782933 -0.000435121 -0.00438353 -0.00107352 -0.00105957 -0.00131196 -0.000840448 -0.0024232 -0.00230198 -0.00163175 -0.000819275 -0.000548901 -0.00470507 -0.00166819 -0.002704 -0.00114257 -0.00385197 -0.00287761 -0.00698414 -0.0027134 -0.000576803 -0.00083718 -0.00186338 -0.00342234 -0.000780973 -0.000394139 -0.000388047 -0.000370065 -0.000481175 -5.63114e-05 0.000400998 0.000303697 -0.00034562 0 -0.00228503 -0.00187438 -0.00300604 0.000481397 -0.00120993 0.000107391 -0.00600938 0.000884048 9.28052e-06 -0.0021174 -0.00419965 -0.00141304 -0.00070618 0.00216238
internal_weight=113715 48453 26498 25337 65262 1161 802 22606 789 608 547 592 254 181 85 21955 183 21817 21735 10090 11645 96 2731 1266 723 696 82 48 543 232 311 1465 55 1410 15969 6700 754 307 447 425 9269 9237 8176 5986 29923 21504 157 338 93 211 1253 1061 183 9838 127 245 5775 118 64 43 5946 359
internal_count=113715 48453 26498 25337 65262 1161 802 22606 789 608 547 592 254 181 85 21955 183 21817 21735 10090 11645 96 2731 1266 723 696 82 48 543 232 311 1465 55 1410 15969 6700 754 307 447 425 9269 9237 8176 5986 29923 21504 157 338 93 211 1253 1061 183 9838 127 245 5775 118 64 43 5946 359
is_linear=0
shrinkage=0.05


Tree=10
num_leaves=63
num_cat=0
split_feature=13 14 14 12 13 11 12 12 0 0 0 8 14 0 8 10 11 0 10 0 0 0 10 3 12 15 0 22 14 12 8 0 15 11 10 0 23 21 19 0 12 25 12 13 25 0 18 0 3 15 3 12 14 13 23 10 11 10 0 0 23 23
split_gain=21.4992 2.50874 1.02647 0.949871 1.40149 0.605396 0.575312 0.543121 0.581297 0.586658 0.451258 0.708297 0.898697 0.394098 0.399815 0.583829 2.13614 0.449002 0.362766 0.564812 0.727092 0.423159 0.351428 0.347024 0.343854 0.499613 0.313099 0.303708 0.293843 0.652358 0.294626 0.281223 0.277881 0.485152 0.390515 0.248128 0.275534 0.346795 0.478917 0.244682 0.489867 0.241997 0.238179 0.226228 0.218554 0.19578 0.19315 0.192231 0.191216 0.200493 0.187746 0.187486 0.236726 0.206924 0.185535 0.254936 0.294026 0.17516 0.210713 0.201571 0.207264 0.171816
threshold=3.9058628008705587 0.70871212121212135 47.333392603129454 751.50000000000011 0.031821988731536473 1.0000000180025095e-35 680.50000000000011 1096.5000000000002 155.50000000000003 110.50000000000001 1287.5000000000002 1.0000000180025095e-35 0.042933947772657459 1.0000000180025095e-35 -0.8783796973249266 0.68301270189221941 0.25000000000000017 2364.5000000000005 -0.24999999999999994 1134.5000000000002 939.00000000000011 2040.5000000000002 -0.24999999999999994 4.5000000000000009 1358.5000000000002 1.0000000180025095e-35 277.50000000000006 12.34999990463257 0.048980407836865261 826.50000000000011 0.87837969732492682 2154.5000000000005 2.5000000000000004 0.6830127018922193 0.93301270189221952 2184.5000000000005 0.80164620280265819 1.5357142686843874 1.5000000000000002 2069.0000000000005 553.50000000000011 0.89859354496002208 428.00000000000006 1.7779023418036872 1.7526659369468691 1745.0000000000002 14.500000000000002 2338.5000000000005 4.5000000000000009 1.5000000000000002 2.5000000000000004 687.50000000000011 0.012579113924050636 0.018388500885303961 23.106894493103031 0.68301270189221941 0.25000000000000017 0.68301270189221941 2326.5000000000005 1505.5000000000002 0.77136236429214489 0.96354490518569957
decision_type=2 2 2 2 2 2 2 2 2 2 2 2 2 2 2 2 2 2 2 2 2 2 2 2 2 2 2 2 2 2 2 2 2 2 2 2 2 2 2 2 2 2 2 2 2 2 2 2 2 2 2 2 2 2 2 2 2 2 2 2 2 2
left_child=1 3 27 5 7 6 10 8 9 -5 11 12 -1 22 32 17 -17 -16 19 20 -9 -21 -6 26 25 -20 43 48 30 -30 -10 -26 34 -34 -15 -28 41 38 -38 45 -41 -37 -13 61 -39 -12 -45 57 49 54 -24 -7 53 -53 -2 -56 -57 58 59 -25 -61 -3
right_child=2 23 -4 4 13 51 -8 18 28 -11 39 42 -14 14 15 16 -18 -19 24 21 -22 -23 50 47 31 -27 35 -29 29 -31 -32 -33 33 -35 -36 36 37 44 -40 40 -42 -43 -44 46 -46 -47 -48 -49 -50 -51 -52 52 -54 -55 55 56 -58 -59 -60 60 -62 -63
leaf_value=-0.0035152970581061628 0.00042815612112731874 -0.00050761405649867226 0.00079813614816463525 -0.0038407176248988527 -0.0083882159130139796 0.0026511452178273037 0.0018295740489730492 -0.0017947415917118886 -0.0024759077083684072 -0.014127146017767187 -0.00078274741640008486 0.0041442844615989472 -0.01498598561608961 -5.9525645777218474e-05 -0.00089712699782310912 -0.0010039281893026756 -0.0036091522533589146 -0.0028831449610045821 -0.00182837453559731 -0.0048793470631270947 0.0049291571055700683 -0.0014968628741019643 -0.0048771887662864867 3.1488336031807984e-05 -4.8752191792136484e-05 0.0042964604908754343 -0.0002608429107869984 0.00052448237253447847 -0.0071760614741579326 0.0017435362513571759 -0.0047269123989037085 0.0039712933946239523 -0.00044545173694540506 -0.0071344239442380393 -0.002455122340475584 -0.0029739254194757212 -0.0021505965674596906 0.0042768324297894509 -0.0082880111044401402 0.00024106239819491143 -0.0072045171093717917 0.0014209899941334796 -0.0012675147656028779 -0.00026896209516298972 -0.0010318875165537262 0.0020556609463385392 -0.0046710174441537402 -0.0015017343180177732 0.00051491910095298921 -0.00012870695966782453 0.001261657945425862 0.0006188181920664935 0.0032328155119319434 -0.0059227701310253789 0.00019424055460889257 0.00017274314714859617 -0.0039398181376073069 0.00066608310609337729 0.0023510256451089464 0.00086428217873806825 -0.0017525083159299804 -0.0021162313667192133
leaf_weight=103 4462 242 31387 43 34 282 210 201 1280 22 104 25 21 2170 20176 3857 992 291 529 231 50 163 23 2982 228 35 9072 20157 26 95 171 53 85 41 185 39 198 20 39 67 32 151 105 686 391 140 26 188 3905 4826 25 24 31 22 353 74 98 1140 89 96 322 600
leaf_count=103 4462 242 31387 43 34 282 210 201 1280 22 104 25 21 2170 20176 3857 992 291 529 231 50 163 23 2982 228 35 9072 20157 26 95 171 53 85 41 185 39 198 20 39 67 32 151 105 686 391 140 26 188 3905 4826 25 24 31 22 353 74 98 1140 89 96 322 600
internal_value=-3.6801e-07 -0.0007983 0.000591971 -0.0010543 -0.00110702 0.000343402 -0.000411359 -0.00211217 -0.00274413 -0.00741544 -0.00120818 -0.0028053 -0.00550871 -0.000994095 -0.000983644 -0.00104312 -0.00153799 -0.000925622 -0.00141437 -0.00231085 -0.000433978 -0.00349342 -0.00447057 -0.000292123 -0.000723976 -0.00143873 -0.00044181 0.000400798 -0.00254734 -0.000136126 -0.00274494 0.000692833 -0.000374734 -0.0026656 -0.000249934 -0.000337601 -0.00116247 -0.00165515 -0.00318471 -1.04215e-05 -0.00211998 0.000491484 -0.000185967 -0.00110308 -0.000760416 0.000825539 -0.000437366 6.30831e-05 0.000218691 0.000100296 -0.00157995 0.0020536 -7.05466e-05 -0.00240737 0.000322906 -0.000562006 -0.00214234 0.000127747 -4.67306e-05 -0.000111033 -0.0011395 -0.00165995
internal_weight=113715 48453 65262 32172 31006 1166 807 3127 1637 65 597 254 124 27879 27797 25316 4849 20467 1490 645 251 394 82 16281 845 564 11464 33875 1572 121 1451 281 2481 126 2355 9910 838 648 237 343 99 190 130 1554 411 244 712 4817 13718 9813 48 359 77 46 4987 525 172 4629 3489 3400 418 842
internal_count=113715 48453 65262 32172 31006 1166 807 3127 1637 65 597 254 124 27879 27797 25316 4849 20467 1490 645 251 394 82 16281 845 564 11464 33875 1572 121 1451 281 2481 126 2355 9910 838 648 237 343 99 190 130 1554 411 244 712 4817 13718 9813 48 359 77 46 4987 525 172 4629 3489 3400 418 842
is_linear=0
shrinkage=0.05


Tree=11
num_leaves=63
num_cat=0
split_feature=25 25 22 12 12 0 8 9 11 0 12 0 22 2 11 0 2 11 12 22 22 2 2 2 9 8 12 0 3 24 12 2 3 12 12 0 2 9 2 3 23 2 0 15 25 24 22 25 25 0 24 3 2 0 24 21 15 12 22 22 0 20
split_gain=19.1781 1.57694 1.56489 0.974255 1.02617 0.602848 0.604733 0.596065 0.541226 0.517757 0.515371 0.481876 0.784934 0.656092 1.14891 0.588667 0.580418 0.443799 0.435018 0.400714 0.454509 0.714739 0.399914 0.742446 0.643408 0.39318 0.66535 0.510646 0.366178 0.417221 0.357094 0.560442 0.346262 0.345361 0.43337 0.732716 0.344434 0.60896 1.015 0.663527 0.438017 0.333978 0.311032 0.355411 0.310599 0.306725 0.286616 0.346176 0.374753 0.341733 0.55934 0.300439 0.916412 0.295685 0.262367 0.329481 0.26112 0.251454 0.34901 0.295881 0.244327 0.242187
threshold=5.3822290897369394 1.0967551469802859 14.84999990463257 751.50000000000011 1063.5000000000002 155.50000000000003 1.0000000180025095e-35 -0.56174490092936669 1.0000000180025095e-35 1647.5000000000002 926.50000000000011 1369.5000000000002 1.0000000180025095e-35 1.5000000000000002 0.25000000000000017 1979.5000000000002 2.5000000000000004 -0.68301270189221952 1352.5000000000002 0.51666668057441723 0.38333334028720861 8.5000000000000018 2.5000000000000004 1.5000000000000002 -0.56174490092936669 1.0000000180025095e-35 651.50000000000011 687.00000000000011 4.5000000000000009 0.75774171948432933 1202.5000000000002 3.5000000000000004 3.5000000000000004 651.50000000000011 553.50000000000011 2069.0000000000005 2.5000000000000004 -0.56174490092936669 1.5000000000000002 3.5000000000000004 10.079446315765383 2.5000000000000004 2359.5000000000005 1.5000000000000002 51.468599319458015 9.6767821311950701 1.3166666626930239 1.3980692625045779 2.8628613948822026 4.5000000000000009 1.2359015941619875 3.5000000000000004 2.5000000000000004 1871.5000000000002 0.8532405197620393 0.46428571641445165 1.5000000000000002 1043.5000000000002 0.083333335816860213 0.18333333730697635 757.50000000000011 41.642858505249031
decision_type=2 2 2 2 2 2 2 2 2 2 2 2 2 2 2 2 2 2 2 2 2 2 2 2 2 2 2 2 2 2 2 2 2 2 2 2 2 2 2 2 2 2 2 2 2 2 2 2 2 2 2 2 2 2 2 2 2 2 2 2 2 2
left_child=1 3 36 8 5 6 10 11 9 25 -5 12 18 15 -15 -13 -14 -8 -6 20 41 -22 23 -4 32 26 27 -1 29 30 31 -3 -25 34 -11 -36 37 38 -2 -40 -41 -9 -30 -44 -24 -38 49 -48 -49 50 -31 -51 -53 -50 55 -21 57 59 -59 -7 -56 -34
right_child=2 28 22 4 7 56 17 19 -10 33 -12 13 16 14 -16 -17 -18 -19 -20 54 21 -23 44 24 -26 -27 -28 -29 42 46 -32 -33 61 -35 35 -37 45 -39 39 40 -42 -43 43 -45 -46 -47 47 48 53 51 -52 52 -54 -55 60 -57 -58 58 -60 -61 -62 -63
leaf_value=-0.008864246087043991 0.00011248873059919995 -0.010218598693609238 0.00078621056524653574 -0.0039760823998459425 -0.0012104269241220698 -0.0019631056196176707 0.0034477636895396493 -0.00033461930105163211 0.0019516273266556733 0.0012399758921924318 -0.013508112354906177 -0.0021884719596637851 -0.0022925608512271794 -0.0014164209234369201 -0.0035573317930294398 0.00201854922706506 -0.00045422929586480846 -0.0055695714748165686 -0.0046279678946204656 -0.00059363127262889153 -0.00096165370905548038 -0.0040967884307617991 0.00052049069706341835 -0.00023565325076703035 0.00027373123553879066 -5.1787415981189562e-05 0.00068323907592920063 -0.0025877587411693818 -2.4582647988373855e-05 -0.010036014091924547 0.00050813247696975287 0.0014122535710904135 -0.00014690762101968714 0.0032788645466476762 0.0007993327800154365 -0.010029835622201021 8.059858615895551e-06 0.00016227948593369507 -0.00035673494208926407 -0.0012974476765421669 -0.0051976386310679142 -0.00096519927754252935 -0.0046965177065034129 0.00071597284198837393 0.00082242675140722389 0.00043115502278630194 -0.0057807841000960909 0.00044999633578683088 -0.00048186379316802114 -0.00067698295711026118 -0.00094782721304359366 -0.0040032381149723382 -0.0008905729536132364 -0.0021396122345638362 0.0012409388118098915 0.0026619444340697769 0.0018395892194474365 -0.0023925455108255757 -0.0071328715815085477 0.00057713620926140737 -0.0013992294667792206 -0.0025368224880078878
leaf_weight=55 653 20 4217 29 171 2114 23 2648 359 173 32 145 515 1961 931 194 2663 32 218 126 525 283 12271 541 2361 231 76 87 4680 27 1063 20 143 116 37 26 7621 2462 187 106 253 10658 76 48 28728 9854 30 1069 4362 5148 49 292 1285 289 127 194 44 153 55 118 274 467
leaf_count=55 653 20 4217 29 171 2114 23 2648 359 173 32 145 515 1961 931 194 2663 32 218 126 525 283 12271 541 2361 231 76 87 4680 27 1063 20 143 116 37 26 7621 2462 187 106 253 10658 76 48 28728 9854 30 1069 4362 5148 49 292 1285 289 127 194 44 153 55 118 274 467
internal_value=-3.84527e-07 -0.000820025 0.000514002 -0.00107581 -0.00114362 -0.00208403 -0.00562837 -0.00103036 0.00033638 -0.000381469 -0.00907225 -0.00141918 -0.0010154 -0.00186337 -0.00210746 0.000204226 -0.00075377 -0.00170853 -0.0031392 -0.000851834 -0.000910654 -0.00206629 0.000669883 0.000338765 -0.000197084 -0.00151144 -0.00303448 -0.00505851 -0.000467857 -0.00060002 0.000329243 -0.00428946 -0.00116713 0.0010457 -3.16969e-05 -0.00359942 0.000154388 -0.000285956 -0.00121046 -0.00280155 -0.00406066 -0.000840088 -9.11754e-05 -0.00256218 0.000732181 0.000246927 -0.000682085 -0.000420586 -0.000391498 -0.000902429 -0.00425117 -0.000863779 -0.00147031 -0.00058599 0.000292638 0.00136466 -0.00191628 -0.00198613 -0.00367285 -0.00182655 -0.0005505 -0.00198488
internal_weight=113715 43851 69864 25393 24233 2600 116 21633 1160 801 61 6798 3567 3231 2892 339 3178 55 389 14835 14114 808 48728 7729 3512 449 218 142 18458 13654 1103 40 1151 352 236 63 21136 3661 1199 546 359 13306 4804 124 40999 17475 12551 5750 5720 6801 76 6725 1577 4651 721 320 2484 2440 208 2232 401 610
internal_count=113715 43851 69864 25393 24233 2600 116 21633 1160 801 61 6798 3567 3231 2892 339 3178 55 389 14835 14114 808 48728 7729 3512 449 218 142 18458 13654 1103 40 1151 352 236 63 21136 3661 1199 546 359 13306 4804 124 40999 17475 12551 5750 5720 6801 76 6725 1577 4651 721 320 2484 2440 208 2232 401 610
is_linear=0
shrinkage=0.05


Tree=12
num_leaves=63
num_cat=0
split_feature=14 22 12 12 10 13 12 14 9 13 2 2 21 22 13 14 18 14 25 1 12 14 12 13 12 14 20 2 2 9 18 20 9 14 13 13 13 12 13 25 17 24 13 25 10 13 3 15 14 14 3 12 12 13 13 12 13 13 25 22 12 12
split_gain=17.5925 2.03433 0.741195 1.44522 0.810982 0.771123 0.652669 0.437793 0.414232 0.768353 0.627891 1.76914 0.888096 0.724986 0.762247 0.644182 0.62787 0.491778 0.43788 0.38352 0.842254 0.715881 0.74043 0.631033 0.471267 0.732253 0.90487 0.37245 0.728467 0.681568 0.435893 0.400988 0.369939 0.413486 0.63673 0.591916 0.710397 0.596836 0.43809 0.362553 0.532594 0.384434 0.353942 0.346319 0.324599 0.909256 0.914797 0.603744 0.505796 0.293426 0.293118 1.25443 0.33904 0.292916 0.281983 0.354996 0.263563 0.248818 0.24664 0.238087 0.231783 0.350093
threshold=1.4450483091787441 12.34999990463257 1207.0000000000002 783.00000000000011 -0.6830127018922193 0.02605536806512047 751.50000000000011 0.033803085126642547 -0.56174490092936669 0.015510558674151298 2.5000000000000004 1.5000000000000002 1.0000000180025095e-35 1.0000000180025095e-35 0.079091080595355134 0.16405676535356009 1.5000000000000002 0.048980407836865261 1.135882616043091 2024.5000000000002 826.50000000000011 0.020942982456140354 1033.5000000000002 0.047501116111828383 1197.5000000000002 0.16405676535356009 1.0000000180025095e-35 2.5000000000000004 1.5000000000000002 -0.56174490092936669 1.5000000000000002 46.500000000000007 -0.22252093395631442 0.01526806526806527 0.11446433682895731 0.24496470731410494 0.20435739095112257 1414.5000000000002 0.015510558674151298 0.65607663989067089 1.0000000180025095e-35 0.55672836303710949 0.042417478354978368 48.256599426269538 -0.6830127018922193 0.018388500885303961 1.5000000000000002 1.0000000180025095e-35 0.012579113924050636 0.19684550422255342 4.5000000000000009 845.50000000000011 1129.5000000000002 0.01221003041326257 4.0789232254949308 1435.5000000000002 0.045071312895985462 0.26681388627285424 0.37209869921207434 0.050000002607703216 680.50000000000011 553.50000000000011
decision_type=2 2 2 2 2 2 2 2 2 2 2 2 2 2 2 2 2 2 2 2 2 2 2 2 2 2 2 2 2 2 2 2 2 2 2 2 2 2 2 2 2 2 2 2 2 2 2 2 2 2 2 2 2 2 2 2 2 2 2 2 2 2
left_child=2 54 3 4 6 44 -1 -8 9 53 11 16 42 14 17 -16 56 -12 -14 20 59 23 -23 -22 39 26 -26 28 -3 30 31 -30 -10 34 -34 36 38 -38 -35 40 -21 -41 -13 -29 45 -5 -47 50 -48 57 52 -52 -46 -4 55 -2 -11 -37 -51 -7 61 -6
right_child=1 27 8 5 60 19 7 -9 32 10 13 12 18 -15 15 -17 -18 -19 -20 24 21 22 -24 -25 25 -27 -28 43 29 -31 -32 -33 33 35 -36 49 37 -39 -40 41 -42 -43 -44 -45 47 46 48 -49 -50 58 51 -53 -54 -55 -56 -57 -58 -59 -60 -61 -62 -63
leaf_value=-0.0010276370090231567 0.00086783756629103814 0.00074141626272046946 -0.003670855117711984 0.0022924517472935366 0.0012664706038199819 -0.012667630225807042 -0.0027826741928873907 -0.01259579990244559 -9.8576059175474863e-05 0.0028972308002353283 -0.0028830617697483841 -0.0059078369391572412 -0.0060218239845848858 -0.0007176371914775373 -0.008653868612265336 -0.00035303398431483601 -0.0079436144680283087 0.0024179267302611405 -0.00326716282207456 -0.0005955476343437933 0.0028343158493415541 0.0016975970282728373 -0.0036484398812631335 -0.0025141815511580037 -0.002816080451956264 0 -0.012982630398538378 0.0004709608643531144 -0.00042559202222370381 0.00026565836736128001 -0.00051950203892782258 -0.003789874281430323 0.00096278245810810605 -0.0070101317440726093 -0.0061564072306771571 0.0025422847304023711 -0.00055949480555391557 -0.0029122094373872066 -0.00083810512327658904 -0.0037129398345921247 -0.0033314032018623625 -0.0011746977866629118 0.0013394997905653919 0.00077639333170087239 -0.0039503306300871293 0.0024471054981354953 -0.010456802909899223 0.0017711247647962264 -0.0032170420740808559 -0.001883351800651685 -0.012569741932559312 -0.00060598564329486211 -0.0014827568818059312 -0.012126650850274671 0.00021183598133168863 -0.00022486447596241468 -0.00044591225599321704 1.1619591490687506e-05 -0.00048679059279588765 -0.0048390626266800983 0.0017661015423393789 -0.0011476141441812519
leaf_weight=285 806 4445 26 119 353 23 27 22 2884 63 143 20 271 8136 85 34 27 62 338 3039 125 74 458 98 63 76 35 13646 144 2471 820 246 574 29 33 134 403 851 6994 229 190 455 103 29742 827 44 41 65 66 332 24 256 176 20 13334 9353 855 367 8048 22 424 260
leaf_count=285 806 4445 26 119 353 23 27 22 2884 63 143 20 271 8136 85 34 27 62 338 3039 125 74 458 98 63 76 35 13646 144 2471 820 246 574 29 33 134 403 851 6994 229 190 455 103 29742 827 44 41 65 66 332 24 256 176 20 13334 9353 855 367 8048 22 424 260
internal_value=-4.05046e-07 0.00044631 -0.000866163 -0.00129994 0.000172083 -0.00161096 -0.00196575 -0.00730708 -0.000755188 -0.00101696 -0.000987088 -0.0018732 -0.00371915 -0.000810825 -0.00313451 -0.00632647 -0.000437791 -0.00125506 -0.00450196 -0.00129559 -0.00230245 -0.00189727 -0.00289524 0.00046137 -0.00109723 -0.00365331 -0.00650749 0.000622168 0.000310368 -0.000208794 -0.00118177 -0.00256092 -0.000625851 -0.000711167 0.000566556 -0.000756664 -0.00106135 -0.00216021 -0.000864403 -0.000982205 -0.000758177 -0.00203222 0.000116612 0.000680448 -0.00256024 -0.000949547 -0.00353742 -0.00287906 -0.00604501 -0.000472128 -0.00311866 -0.00165342 -0.00352251 -0.00747408 6.0487e-05 -0.000137671 -0.000210744 0.000698834 -0.000542738 -0.00897041 0.000865587 0.000234377
internal_weight=113715 75007 38708 7876 1371 6505 334 49 30832 10183 10137 1677 732 8460 324 119 945 205 609 4887 800 755 532 223 4087 174 98 51514 8126 3681 1210 390 20649 17765 607 17158 8277 1254 7023 3913 3229 684 123 43388 1618 270 151 1348 107 8881 1283 280 1003 46 23493 10159 918 501 8380 45 1037 613
internal_count=113715 75007 38708 7876 1371 6505 334 49 30832 10183 10137 1677 732 8460 324 119 945 205 609 4887 800 755 532 223 4087 174 98 51514 8126 3681 1210 390 20649 17765 607 17158 8277 1254 7023 3913 3229 684 123 43388 1618 270 151 1348 107 8881 1283 280 1003 46 23493 10159 918 501 8380 45 1037 613
is_linear=0
shrinkage=0.05


Tree=13
num_leaves=63
num_cat=0
split_feature=14 14 14 12 12 11 8 12 12 23 11 14 17 12 12 22 2 15 25 16 11 12 12 8 12 2 9 2 17 12 14 2 2 12 12 21 18 12 14 22 22 8 23 23 2 23 22 14 12 2 2 8 8 10 24 21 25 21 16 8 12 24
split_gain=15.8876 1.91247 0.757654 0.704852 1.06353 0.517465 0.9911 0.85954 0.687886 0.591692 0.478893 0.466613 0.463468 0.455191 0.446108 0.47518 0.420288 0.416788 0.396598 0.386763 0.385634 0.359717 0.328834 0.32056 0.319233 0.313268 0.396949 0.846781 0.36278 0.303193 0.330845 0.301057 1.57775 0.28165 0.280132 0.279955 0.258919 0.25866 0.25857 0.264898 0.256589 0.692373 0.253743 0.263499 0.40857 0.300963 0.258557 0.250714 0.248788 0.2461 0.388055 0.34428 0.335751 0.227468 0.21247 0.280529 0.210172 0.209517 0.205282 0.243982 0.238051 0.194998
threshold=3.7898981324278442 0.70871212121212135 47.333392603129454 751.50000000000011 1207.0000000000002 1.0000000180025095e-35 -0.60785761079279388 926.50000000000011 926.50000000000011 0.51123625040054332 1.0000000180025095e-35 0.048980407836865261 1.0000000180025095e-35 651.50000000000011 553.50000000000011 1.0000000180025095e-35 1.5000000000000002 2.5000000000000004 0.86069998145103466 1.0000000180025095e-35 -0.9330127018922193 826.50000000000011 803.00000000000011 -0.8783796973249266 1469.5000000000002 2.5000000000000004 -0.56174490092936669 1.5000000000000002 2.5000000000000004 1398.5000000000002 0.042933947772657459 1.5000000000000002 2.5000000000000004 1455.5000000000002 588.00000000000011 1.0000000180025095e-35 4.5000000000000009 1409.5000000000002 0.046065428824049522 1.0000000180025095e-35 1.0000000180025095e-35 1.0000000180025095e-35 0.77136236429214489 2.5773699283599858 2.5000000000000004 10.736009597778322 2.7500000000000004 1.0000000180025095e-35 1311.0000000000002 2.5000000000000004 1.5000000000000002 -0.60785761079279388 -1.0000000180025095e-35 -0.93301270189221919 3.4803214073181157 1.464285731315613 0.35544712841510778 1.0000000180025095e-35 1.0000000180025095e-35 1.0000000180025095e-35 1472.5000000000002 16.918681144714359
decision_type=2 2 2 2 2 2 2 2 2 2 2 2 2 2 2 2 2 2 2 2 2 2 2 2 2 2 2 2 2 2 2 2 2 2 2 2 2 2 2 2 2 2 2 2 2 2 2 2 2 2 2 2 2 2 2 2 2 2 2 2 2 2
left_child=1 3 25 10 5 7 12 11 16 -10 13 22 21 14 38 34 -8 19 -19 -9 -17 -7 -5 29 31 26 27 -2 36 30 48 37 -33 -3 -16 -13 -29 -25 56 -40 41 -26 -35 53 45 46 -45 -15 -6 50 -4 -52 -53 54 55 -44 -1 -42 60 -60 -55 -27
right_child=2 33 49 4 23 6 8 17 9 -11 -12 35 -14 47 15 20 -18 18 -20 -21 -22 -23 -24 24 40 61 -28 28 -30 -31 -32 32 -34 42 -36 -37 -38 -39 39 -41 57 -43 43 44 -46 -47 -48 -49 -50 -51 51 52 -54 58 -56 -57 -58 -59 59 -61 -62 -63
leaf_value=0.00073538532249340597 0.00037445533175769016 0.00017056842557352562 0.00077281109102150683 -0.0014685064043434273 0.0016607371048694972 -0.0043365102269214183 0.0027318191851082177 -0.00060486000433428383 -0.0034171202016821433 -0.00037866754790436956 0.0018168730418003558 -0.0022607880007939713 -0.0072042830242037273 -0.00043244293220747832 -0.0092638825109062819 -0.0050734736168064828 -0.0015569432701646102 -0.008369498827263842 8.7947115937680412e-05 -0.0027825469251845656 0.0026512831874244852 0.00020193339538733627 -0.0041806533400898576 -0.0008859864175061867 -0.0044673960874097108 0.00024981416535376145 0.00029109322857906082 -0.0036336158006269313 -0.00046047135549341916 -0.00053674904243667721 0.0016360339036982246 -0.003154063093886484 -0.0007382599530073137 0.00012470066800850349 -0.0033575757061133048 0.0018729347839812624 -0.0012182292313857334 0.00024568153816948536 0 -0.0063891005362862741 1.6384931769862392e-05 0.0020052794093466074 -0.0043163971994382069 -0.0013368695186280215 -0.00014837232773405763 -0.0027147047075680251 0.00037250507387095116 0.0025787189581510297 -0.0029894962282127875 0.00075115925507364411 0.00081426154214750553 -0.0017301677100745559 -8.0342219239725981e-05 -0.0012625211104879319 -0.0067183421054195702 0.00073477593189186078 -0.0036480035348192006 -0.0012953941643973014 0.00034153612098827471 -0.0011973971799040079 0.0011303317606556685 0.00051962277633113747
leaf_weight=281 950 3248 2852 164 43 47 77 3094 1412 185 359 89 24 119 37 26 217 35 21 220 42 586 402 838 173 11200 3692 293 302 1721 365 708 15580 2325 53 75 191 1260 30 32 328 53 54 633 6809 246 334 157 81 26074 743 406 1312 1574 29 53 30 3208 697 406 109 17011
leaf_count=281 950 3248 2852 164 43 47 77 3094 1412 185 359 89 24 119 37 26 217 35 21 220 42 586 402 838 173 11200 3692 293 302 1721 365 708 15580 2325 53 75 191 1260 30 32 328 53 54 633 6809 246 334 157 81 26074 743 406 1312 1574 29 53 30 3208 697 406 109 17011
internal_value=-4.40811e-07 -0.000683479 0.000510916 -0.000908068 -0.000953491 -0.00151486 -0.00207697 -0.00116428 -0.00265866 -0.00306832 0.000295491 -0.00272264 -0.000394947 -0.000375254 -0.00123608 -0.00346474 -0.000416148 -0.000825153 -0.00511433 -0.000751014 -0.000231992 -0.000127778 -0.00340403 -0.000800065 -0.000857442 0.000345755 -1.1808e-06 -0.000625629 -0.00184064 -0.000222774 0.000871899 -0.000770882 -0.000843595 -0.000245716 -0.0058488 -0.000339907 -0.00269121 -0.000203976 -0.000277952 -0.00323053 -0.00127913 -0.00292714 -0.000347992 -0.000448871 -0.000299833 -0.00114583 -0.000741307 0.00126263 -0.00133659 0.000687766 0.000375708 -8.24673e-05 -0.000473219 -0.000856301 -0.00286557 -0.00176938 0.000295442 -0.0011723 -0.000756324 -0.00022045 -0.00110452 0.000412685
internal_weight=113715 48689 65026 32172 31006 6648 2548 4100 1891 1597 1166 730 657 807 531 158 294 3370 56 3314 68 633 566 24358 22148 33639 5428 1736 786 2210 489 18386 16288 16517 90 164 484 2098 373 62 3762 226 13269 10944 8022 1213 967 276 124 31387 5313 2461 1718 2922 136 107 311 3536 2786 1103 1683 28211
internal_count=113715 48689 65026 32172 31006 6648 2548 4100 1891 1597 1166 730 657 807 531 158 294 3370 56 3314 68 633 566 24358 22148 33639 5428 1736 786 2210 489 18386 16288 16517 90 164 484 2098 373 62 3762 226 13269 10944 8022 1213 967 276 124 31387 5313 2461 1718 2922 136 107 311 3536 2786 1103 1683 28211
is_linear=0
shrinkage=0.05


Tree=14
num_leaves=63
num_cat=0
split_feature=13 13 12 13 22 12 2 12 13 8 2 10 2 12 22 12 3 0 2 2 9 0 0 13 1 0 2 12 12 2 3 2 22 20 0 10 18 12 10 2 20 22 3 2 2 3 20 13 12 3 9 21 21 3 6 22 13 20 22 0 13 21
split_gain=14.3625 1.69744 0.71266 0.901512 0.626583 0.394781 0.661963 0.500966 0.417874 0.382482 0.466027 0.427182 0.992577 0.397184 0.337399 0.435761 0.299801 0.297001 0.286104 0.4473 0.36749 0.283765 0.316683 0.272434 0.278144 0.29619 0.383247 0.674766 0.51648 0.265097 1.0311 1.18903 0.350206 0.69236 0.304004 0.262922 0.251522 0.249495 0.692125 0.41075 0.243969 0.239224 0.23411 0.373286 0.708319 0.635357 0.235078 0.226654 0.358359 0.48071 0.240553 0.203066 0.546731 0.50745 0.219597 0.214791 0.234925 0.18748 0.35336 0.17836 0.21465 0.253572
threshold=4.0789232254949308 0.36846129084178342 751.50000000000011 0.02900168219461698 38.483333587646491 985.50000000000011 7.5000000000000009 826.50000000000011 0.031821988731536473 -0.8783796973249266 2.5000000000000004 0.68301270189221941 2.5000000000000004 996.00000000000011 0.18333333730697635 918.00000000000011 4.5000000000000009 448.50000000000006 2.5000000000000004 1.5000000000000002 -0.56174490092936669 2316.5000000000005 2275.5000000000005 0.008642420998250978 2024.5000000000002 1287.5000000000002 4.5000000000000009 588.00000000000011 651.50000000000011 2.5000000000000004 3.5000000000000004 1.5000000000000002 0.28333334624767309 1.7857142686843874 2326.5000000000005 -0.5 4.5000000000000009 1085.0000000000002 -0.5 5.5000000000000009 70.214286804199233 0.18333333730697635 4.5000000000000009 2.5000000000000004 1.5000000000000002 3.5000000000000004 36.785715103149421 0.021024529202099299 1187.0000000000002 3.5000000000000004 1.0000000180025095e-35 1.6785714626312258 1.3214285373687746 1.5000000000000002 1.0000000180025095e-35 2.7500000000000004 1.2669111558819883 10.214285850524904 15.216666698455812 1485.5000000000002 1.0870467255998559 0.25000000745058065
decision_type=2 2 2 2 2 2 2 2 2 2 2 2 2 2 2 2 2 2 2 2 2 2 2 2 2 2 2 2 2 2 2 2 2 2 2 2 2 2 2 2 2 2 2 2 2 2 2 2 2 2 2 2 2 2 2 2 2 2 2 2 2 2
left_child=1 2 23 21 42 6 7 -5 -9 10 -7 13 -13 -11 15 -8 29 -12 19 -6 36 22 37 -1 -25 26 28 -28 -26 30 -3 -32 -33 -34 59 -24 40 39 -39 -4 -21 -18 43 44 -2 46 -46 48 49 -23 -49 52 54 -54 -36 -53 -57 -47 -59 60 61 -31
right_child=4 16 3 5 18 9 14 8 -10 11 17 12 -14 -15 -16 -17 41 -19 -20 20 -22 47 35 24 25 -27 27 -29 -30 34 31 32 33 -35 51 -37 -38 38 -40 -41 -42 -43 -44 -45 45 57 -48 50 -50 -51 -52 55 53 -55 -56 56 -58 58 -60 -61 -62 -63
leaf_value=0.0019537477364744362 0.00031754780486517039 -0.00032898254337924282 -0.00351761135422908 0.0018063498054967622 0.00071907854461520781 0.0011100847011775788 -0.0058415730278429407 -0.0064890693421884851 -0.0011212368039317437 0.0022811564614175039 -0.0025963279845161273 -0.0030514416187978257 -0.00097204823683733955 -0.00080503511098013758 0.00049032831321591918 -0.0016102019048065221 -0.0016812507876458396 -0.00035730207359399899 0.00069200203857543792 0.00056503279957200575 0.00023574283599295281 -0.014457521654700781 -0.0031767664644955455 0.0023001205118594664 0.003257225038737023 0.00051111126031079632 -0.0049204897992230802 3.222302815633558e-05 -0.0031897913899781023 0.00029981890614912414 2.9348878644573668e-05 -0.0097443867604746388 -0.00097151293578460931 -0.0056770009546977859 -0.0015788711824795945 0.0033306068721848806 -0.00052163848300951492 -0.0028681552240347298 -0.00043927382156770705 -0.0016232962396864822 -0.0034312208888229822 3.1399990262441128e-05 0.00054256623463965414 0.00032320054976867074 -6.5832979542149246e-05 -0.0012827038720941535 -0.0022466652064413572 0.0018221468413519169 -0.0010504857931302224 -0.0032179343982122427 -0.004947223899219309 0.00051537009502542559 -0.0018980789871565866 -0.01026871773411734 0.0032373921552383564 -0.0056354636406318395 -0.00070643263879379586 -0.0053590108503718936 -0.001668395653768463 0.00011632860439378262 -0.00021276937091568014 -0.00084543166077140309
leaf_weight=203 2204 1878 463 133 3016 527 179 42 298 104 170 721 2891 16178 39 98 211 1226 29676 47 1788 21 21 110 83 445 136 135 49 559 241 30 126 219 299 54 647 462 820 796 165 5895 8299 17598 807 151 147 24 23 20 27 216 40 36 25 34 94 136 134 2170 7025 3304
leaf_count=203 2204 1878 463 133 3016 527 179 42 298 104 170 721 2891 16178 39 98 211 1226 29676 47 1788 21 21 110 83 445 136 135 49 559 241 30 126 219 299 54 647 462 820 796 165 5895 8299 17598 807 151 147 24 23 20 27 216 40 36 25 34 94 136 134 2170 7025 3304
internal_value=-4.40051e-07 -0.000647417 -0.000918384 -0.000973936 0.000487598 -0.000869844 -0.00197316 -0.000775746 -0.00180074 -0.000829705 -0.000153189 -0.000894846 -0.00138858 -0.000785001 -0.00374886 -0.00436372 -0.000326681 -0.000633711 0.000629723 0.000302469 -0.000170338 -0.00183367 -0.00172347 0.000289619 -5.79582e-05 -0.000369972 -0.00135517 -0.00243573 0.000825561 -0.000438666 -0.00091433 -0.00269042 -0.0044512 -0.00397374 -0.000352346 0.00144016 -0.00102134 -0.00181887 -0.00131864 -0.00232413 -0.00252184 -2.69904e-05 0.000317033 0.000228412 -0.000236266 -0.00112757 -0.000407314 -0.00429328 -0.00630266 -0.00911762 -0.00166646 -0.00133728 -0.00210646 -0.0059371 -0.00119093 -0.000427995 -0.00205812 -0.00274735 -0.00354718 -0.000295835 -0.00037844 -0.000678409
internal_weight=113715 48900 26498 25337 64815 22606 789 473 340 21817 1923 19894 3612 16282 316 277 22402 1396 35339 5663 2647 2731 2616 1161 958 848 403 271 132 16296 2494 616 375 345 13802 75 859 2541 1282 1259 212 6106 29476 21177 3579 1375 954 115 64 41 51 744 400 76 324 344 128 421 270 13058 10888 3863
internal_count=113715 48900 26498 25337 64815 22606 789 473 340 21817 1923 19894 3612 16282 316 277 22402 1396 35339 5663 2647 2731 2616 1161 958 848 403 271 132 16296 2494 616 375 345 13802 75 859 2541 1282 1259 212 6106 29476 21177 3579 1375 954 115 64 41 51 744 400 76 324 344 128 421 270 13058 10888 3863
is_linear=0
shrinkage=0.05


Tree=15
num_leaves=63
num_cat=0
split_feature=14 22 25 12 13 10 12 0 12 24 14 13 22 12 19 9 0 9 0 15 0 2 0 23 12 10 12 14 24 0 2 2 9 18 15 25 0 10 14 14 25 12 11 12 0 13 14 2 15 8 22 12 8 14 14 0 22 11 14 13 16 22
split_gain=13.0049 1.51671 0.592308 0.660741 0.858935 0.672568 0.554787 0.616177 0.459665 0.438968 0.436638 0.613905 0.425621 1.15265 0.4255 0.424003 0.380512 0.652733 0.382487 0.364272 0.354822 0.344591 0.42865 0.330909 0.294958 0.327916 0.431193 0.415111 0.280757 0.357158 0.264857 0.54041 0.49624 0.345723 0.327727 0.262737 0.257956 0.236625 0.735113 0.449497 0.235672 0.218055 0.559727 0.478638 0.573203 0.429619 0.326896 0.338251 0.210691 0.22276 0.220938 0.349136 0.209463 0.44003 0.357569 0.354131 0.350792 0.326825 0.241038 0.496272 0.398095 0.341317
threshold=1.4450483091787441 12.34999990463257 1.0967551469802859 783.00000000000011 0.02900168219461698 -0.6830127018922193 751.50000000000011 1584.0000000000002 985.50000000000011 0.92282876372337352 0.01526806526806527 0.10052451560250521 0.11666667088866235 962.50000000000011 1.0000000180025095e-35 -0.22252093395631442 1053.5000000000002 1.0000000180025095e-35 655.50000000000011 1.5000000000000002 1316.5000000000002 1.5000000000000002 1.0000000180025095e-35 1.0000000180025095e-35 1096.5000000000002 -0.24999999999999994 1358.5000000000002 0.048980407836865261 0.44731126725673681 97.500000000000014 2.5000000000000004 1.5000000000000002 -0.56174490092936669 1.5000000000000002 43.500000000000007 48.256599426269538 97.500000000000014 -0.6830127018922193 0.039088362617774389 0.033803085126642547 0.35544712841510778 680.50000000000011 0.6830127018922193 553.50000000000011 2069.0000000000005 0.034545629336436186 1.0000000180025095e-35 2.5000000000000004 1.0000000180025095e-35 1.0000000180025095e-35 4.0166666507720956 1457.5000000000002 -0.60785761079279388 0.28496240601503764 0.53546277665995989 962.50000000000011 0.81666666269302379 -0.9330127018922193 0.2585238279736537 0.28166503477191135 4.5000000000000009 1.5166666507720949
decision_type=2 2 2 2 2 2 2 2 2 2 2 2 2 2 2 2 2 2 2 2 2 2 2 2 2 2 2 2 2 2 2 2 2 2 2 2 2 2 2 2 2 2 2 2 2 2 2 2 2 2 2 2 2 2 2 2 2 2 2 2 2 2
left_child=2 48 3 5 19 6 7 16 9 12 11 14 36 -14 -10 -8 18 -18 -1 24 -13 23 -23 -12 37 27 -27 -26 29 -4 31 -3 33 34 -33 -32 -6 38 -5 -39 -9 42 43 45 -45 -7 47 -43 50 -50 51 -2 53 -30 55 -55 -57 -56 60 -60 61 -54
right_child=1 30 28 4 8 41 15 40 10 -11 21 20 13 -15 -16 -17 17 -19 -20 -21 -22 22 -24 -25 25 26 -28 -29 52 -31 35 32 -34 -35 -36 -37 -38 39 -40 -41 -42 46 -44 44 -46 -47 -48 -49 49 -51 -52 -53 58 54 57 56 -58 -59 59 -61 -62 -63
leaf_value=-0.0032606026014871097 0.00075753243280889842 0.0006436247298210149 -0.00456819086059652 0.00012282610317270818 -0.0058063897580455928 0.0015923501228891077 -0.011697992088990812 0.0027118299353455473 0.00073139594724122364 0.0036336213637778226 -0.00078928960812944089 -0.00060579613694604839 -0.0028144308217606367 -0.01610347250874956 -0.0061217077689253406 -0.0020908598541870883 -0.00049966848585235172 -0.01192455253807821 0.0034506523331930467 0.0041279040484789361 -0.0077367171371056399 -0.0047440775070595846 -0.00091619128607772944 0.00038179343878694456 -0.001861867732265465 -0.0014486998364166535 0.0011644784712627088 -0.0075478810636576098 0.0013450707718589098 0.00056401678978679844 0.00040205821369269012 -0.00082431880863694917 0.00022993599216724681 -0.00041453557115175594 -0.0037662610645858279 0.00066822996512458724 -0.0014822394147535666 -0.0031506671926768933 -0.0079829847445926205 -0.00038474003956557516 -0.0030092949091823176 -0.0036304860335696579 0.0027410476720385224 -0.0012948993526443811 -0.0085440438120595874 -0.0035647315817245884 0.0030293143351367178 0.0013048420187888275 7.741451199928806e-05 -0.00037517046601986021 0.00038806021602330815 -0.00023635645496806177 -0.00098164621863864958 -0.00024134413561684357 -0.0020573019137059187 -0.0046273235964434624 -0.00079249446221106394 0.00023852224076291841 0.0014155364131607404 -0.00059977553931541902 -0.0073251348888051923 -0.0067777574925872554
leaf_weight=69 1102 4445 35 209 38 220 23 102 915 31 1439 37 96 20 23 26 25 27 30 25 36 74 16958 1032 502 485 232 35 423 885 13646 205 2471 820 185 29742 512 916 32 180 21 44 160 150 34 49 218 161 6706 4558 6680 4447 1769 252 176 137 112 1290 316 8075 26 26
leaf_count=69 1102 4445 35 209 38 220 23 102 915 31 1439 37 96 20 23 26 25 27 30 25 36 74 16958 1032 502 485 232 35 423 885 13646 205 2471 820 185 29742 512 916 32 180 21 44 160 150 34 49 218 161 6706 4558 6680 4447 1769 252 176 137 112 1290 316 8075 26 26
internal_value=-4.52956e-07 0.00038362 -0.000744825 -0.000888369 -0.000949564 0.000180869 -0.00180611 -0.000907546 -0.000843686 -0.00211077 -0.000800381 0.000208801 -0.00238617 -0.00516061 0.000557392 -0.0067168 -0.0030585 -0.00653929 -0.00117501 -0.00180606 -0.00419659 -0.000852952 -0.000933144 -0.000298174 -0.00186541 -0.00130553 -0.000596136 -0.00224311 -0.000477086 0.00036286 0.000535467 0.000272333 -0.000174667 -0.00100501 -0.00223328 0.000584632 -0.00179109 -0.00238665 -0.000935591 -0.00270105 0.00169278 0.000805301 0.0001934 -0.000695803 -0.00266549 0.0006334 0.00167998 0.00021992 5.04464e-05 -0.000105283 0.000194295 -3.80646e-05 -0.000538805 -0.000114874 -0.000431427 -0.00158469 -0.0029235 -3.38131e-05 -0.000637529 -0.000523268 -0.00116123 -0.00106876
internal_weight=113715 75007 38708 25186 23827 1359 323 274 21211 697 20514 1011 666 116 938 49 151 52 99 2616 73 19503 17032 2471 2591 1254 717 537 13522 920 51514 8126 3681 1210 390 43388 550 1337 241 1096 123 1036 613 453 184 269 423 205 23493 11264 12229 5549 12602 2390 1967 501 249 1466 10212 8391 1821 1795
internal_count=113715 75007 38708 25186 23827 1359 323 274 21211 697 20514 1011 666 116 938 49 151 52 99 2616 73 19503 17032 2471 2591 1254 717 537 13522 920 51514 8126 3681 1210 390 43388 550 1337 241 1096 123 1036 613 453 184 269 423 205 23493 11264 12229 5549 12602 2390 1967 501 249 1466 10212 8391 1821 1795
is_linear=0
shrinkage=0.05


Tree=16
num_leaves=63
num_cat=0
split_feature=13 25 12 13 10 25 0 0 9 12 12 0 11 11 12 13 22 13 4 0 2 2 4 8 0 10 9 0 13 0 0 0 11 18 12 0 0 0 22 0 18 0 20 20 0 0 13 8 2 2 8 2 20 0 13 22 20 21 22 20 18 12
split_gain=11.7554 1.4166 0.60124 0.771804 0.60032 0.516842 0.513333 0.54501 0.42772 0.413535 0.387134 0.383003 0.322816 0.462687 0.910539 0.454899 0.373287 0.362105 0.322616 0.330636 0.321626 0.587372 0.549825 0.531017 0.310711 0.31599 0.411845 0.298417 0.331428 0.292925 0.273132 0.271979 0.475519 0.4172 0.267594 0.326894 0.375748 0.560083 0.367409 0.296657 0.26414 0.25225 0.250006 0.305724 0.243419 0.441355 0.257866 0.404225 0.3414 0.242959 0.902058 0.902126 0.513159 0.295083 0.400802 0.862447 0.279066 0.252277 0.451633 0.234908 0.224509 0.196898
threshold=4.0789232254949308 1.0967551469802859 783.00000000000011 0.02900168219461698 -0.6830127018922193 24.362551689147953 1584.0000000000002 1053.5000000000002 1.0000000180025095e-35 985.50000000000011 751.50000000000011 655.50000000000011 -0.68301270189221952 -0.9330127018922193 962.50000000000011 0.039796691284064115 1.0000000180025095e-35 0.062188561370453928 1.0000000180025095e-35 2359.5000000000005 2.5000000000000004 1.5000000000000002 1.0000000180025095e-35 -1.0000000180025095e-35 1.0000000180025095e-35 -0.24999999999999994 1.0000000180025095e-35 223.50000000000003 0.20435739095112257 464.50000000000006 2024.5000000000002 4.5000000000000009 -0.24999999999999994 1.0000000180025095e-35 1096.5000000000002 2348.5000000000005 2040.5000000000002 1985.5000000000002 1.0000000180025095e-35 2069.0000000000005 1.5000000000000002 199.50000000000003 0.35714286565780645 2.3571429252624516 155.50000000000003 110.50000000000001 0.02605536806512047 -0.8783796973249266 10.500000000000002 2.5000000000000004 -1.0000000180025095e-35 1.5000000000000002 1.214285731315613 1781.5000000000002 0.25477155062976747 0.71666666865348827 0.6428571641445161 0.17857143282890323 2.2500000000000004 46.500000000000007 4.5000000000000009 680.50000000000011
decision_type=2 2 2 2 2 2 2 2 2 2 2 2 2 2 2 2 2 2 2 2 2 2 2 2 2 2 2 2 2 2 2 2 2 2 2 2 2 2 2 2 2 2 2 2 2 2 2 2 2 2 2 2 2 2 2 2 2 2 2 2 2 2
left_child=1 2 4 34 6 -2 7 11 -9 12 -8 29 13 14 -5 16 -14 -17 31 -20 21 -7 23 40 25 -11 -27 41 -29 -1 -15 32 33 -3 44 36 37 -36 -37 -38 59 -26 -21 -44 45 -4 47 -46 -48 50 51 -33 -53 57 55 -55 -56 58 -51 -23 -25 -6
right_child=5 18 3 9 61 20 10 8 -10 24 -12 -13 15 30 -16 17 -18 -19 19 42 -22 22 -24 60 27 26 -28 28 -30 -31 -32 49 -34 -35 35 38 39 -39 -40 -41 -42 -43 43 -45 46 -47 48 -49 -50 53 -52 52 -54 54 56 -57 -58 -59 -60 -61 -62 -63
leaf_value=-0.0010504655259364966 0.00021565787697637768 -0.011404173966176909 -0.0018125341959363203 -0.00070011477176753134 0.00018284029425007155 0.00063759810082337446 0.0016292666978863918 -0.0029869254740369673 -0.011723797176763466 -0.0075552955488305644 -0.0045974873377675023 0.0032786929330160448 -0.0016033140573524622 0.0028255255739076425 -0.012411857685491221 0.00014927195514640964 -0.006572427468510173 -0.0033933737845564488 5.7919874471913473e-05 -0.0067353824990407114 0.00058895603700483807 -0.00098516180364460033 0.00076460142479395712 -0.0009724309650977936 -0.00023814611724009118 0.0033871812073521593 -0.0058049357283659489 -0.00067768487559219099 -0.0011523073483967266 -0.0076667739685011109 -0.0034921225660772466 0.00017684244200894233 0.00023003952397454173 -0.0026780262058534419 -0.0012556094319855912 -0.0089832113890037004 0.0046282735150640882 -0.0080127192458074037 -0.00042518126180922361 -5.0695491031541431e-05 -0.0010755934196616784 0.002409611420629476 0.00081659347297541448 -0.0049382001182214051 0.00067117954489178994 -0.011250598094827757 -0.0011054170146824244 -0.0026013496576518334 0.0056648017594177792 0.00096569489190574697 -0.00029926829507850763 -0.0010788222174766572 -0.0049984107519704824 -0.0018136065192665412 0.00081858221079092225 -0.011609934328544985 -0.0011042264241895793 -0.00030394710879045288 -0.0052801930769485889 -0.0043824120910402288 0.00016749977692950249 0.0015959882759626694
leaf_weight=53 18320 22 34 102 613 4210 124 30 30 34 31 30 62 98 20 148 111 136 6017 28 38679 83 998 638 1384 24 24 14032 5051 26 20 205 65 42 903 28 39 32 25 239 413 96 61 36 101 21 118 1054 22 650 1823 122 292 180 243 26 809 12931 30 152 1322 423
leaf_count=53 18320 22 34 102 613 4210 124 30 30 34 31 30 62 98 20 148 111 136 6017 28 38679 83 998 638 1384 24 24 14032 5051 26 20 205 65 42 903 28 39 32 25 239 413 96 61 36 101 21 118 1054 22 650 1823 122 292 180 243 26 809 12931 30 152 1322 423
internal_value=-4.70798e-07 -0.000585794 -0.000845631 -0.000903718 0.000173947 0.000441052 -0.0016994 -0.00360725 -0.00745079 -0.000803912 0.000349517 -0.00144082 -0.00200611 -0.000495492 -0.00266962 -0.00278822 -0.00482243 -0.0015302 -0.000306614 4.21196e-06 0.000529754 0.000236139 -0.000231183 -0.00061417 -0.000763073 -0.00384779 -0.00110744 -0.00075051 -0.000803578 -0.00329814 0.00171035 -0.000416367 -0.00270954 -0.00576875 -0.00171598 -0.00118506 -0.00101171 -0.00149305 -0.00504897 0.000589156 -0.00185582 -6.28703e-05 -0.00253908 -0.0012706 -0.00221004 -0.00552078 -0.00206516 -0.00231082 -2.55268e-06 -0.000398974 -0.000862408 -0.0025125 -0.00385598 -0.00032252 -0.00105642 -0.00307933 -0.000655292 -0.000254315 0.000682053 -0.00320473 -0.000201039 0.000764754
internal_weight=113715 48900 25318 23958 1360 64815 324 169 60 21342 155 109 697 240 122 457 173 284 23582 6142 46495 7816 3606 2608 20645 82 48 20563 19083 79 118 17440 129 64 2616 1266 1213 935 53 278 648 1480 125 97 1350 55 1295 1155 140 17311 2442 619 414 14869 1258 206 1052 13611 680 235 1960 1036
internal_count=113715 48900 25318 23958 1360 64815 324 169 60 21342 155 109 697 240 122 457 173 284 23582 6142 46495 7816 3606 2608 20645 82 48 20563 19083 79 118 17440 129 64 2616 1266 1213 935 53 278 648 1480 125 97 1350 55 1295 1155 140 17311 2442 619 414 14869 1258 206 1052 13611 680 235 1960 1036
is_linear=0
shrinkage=0.05


Tree=17
num_leaves=63
num_cat=0
split_feature=14 14 13 0 10 10 0 0 10 23 14 14 10 20 14 13 22 22 23 13 0 0 19 10 22 10 0 0 14 24 14 16 14 21 14 20 19 3 15 13 22 14 0 20 17 13 0 14 11 14 19 10 21 0 21 15 13 21 11 16 14 21
split_gain=10.6561 1.24153 0.466705 0.266981 0.285052 0.2518 0.250524 0.525924 0.438297 0.500192 0.783405 0.436306 0.424735 0.465972 0.399133 1.38165 0.563514 0.516181 0.649241 0.353377 0.341726 0.307954 0.64849 1.11018 0.614941 0.548873 0.479419 0.41473 0.28175 0.228572 0.226593 0.210033 0.197772 0.196137 0.178271 0.1685 0.16356 0.159881 0.151151 0.149763 0.396565 0.197038 0.316504 0.427805 0.161746 0.155091 0.146703 0.200267 0.22064 0.158844 0.267894 0.204565 0.144399 0.141319 0.218901 0.229348 0.613561 0.202778 0.193145 0.382805 0.150124 0.149596
threshold=1.4450483091787441 11.354502688172046 0.36846129084178342 1.0000000180025095e-35 -0.24999999999999994 0.93301270189221952 2235.5000000000005 2121.5000000000005 1.0000000180025095e-35 0.96354490518569957 0.2983765383608275 0.21466973886328727 0.68301270189221941 1.0000000180025095e-35 0.14359351988217969 0.11927769757369722 0.35000000894069677 0.21666666865348819 0.77136236429214489 0.12509204712812963 2184.5000000000005 1350.5000000000002 1.0000000180025095e-35 1.0000000180025095e-35 0.050000002607703216 0.93301270189221952 1212.5000000000002 1312.5000000000002 0.12337223067816676 2.1387321949005131 124.5196689386563 2.5000000000000004 0.05345238095238096 5.3928570747375497 3.7898981324278442 1.0000000180025095e-35 5.5000000000000009 2.5000000000000004 1.5000000000000002 1.2669111558819883 1.2500000000000002 0.64780729833546746 1089.5000000000002 0.21428572386503222 3.5000000000000004 0.39379840820468998 75.500000000000014 1.0052083333333337 -0.68301270189221952 0.74488944513975819 6.5000000000000009 -0.6830127018922193 0.17857143282890323 370.50000000000006 1.3214285373687746 1.0000000180025095e-35 1.5120321715817695 4.2500000000000009 -0.5 1.0000000180025095e-35 1.6946798493408666 6.8928570747375497
decision_type=2 2 2 2 2 2 2 2 2 2 2 2 2 2 2 2 2 2 2 2 2 2 2 2 2 2 2 2 2 2 2 2 2 2 2 2 2 2 2 2 2 2 2 2 2 2 2 2 2 2 2 2 2 2 2 2 2 2 2 2 2 2
left_child=2 34 3 4 -1 29 7 21 14 10 11 -10 13 20 17 -16 -17 18 -8 -15 -9 24 25 -24 26 -23 -5 -26 -19 36 -3 39 35 46 53 -14 -4 -6 -36 41 -41 42 45 -44 -42 -7 47 48 -31 50 -48 -51 -34 54 55 58 -57 -56 -2 -60 -59 -62
right_child=1 30 5 6 37 31 8 12 9 -11 -12 -13 32 19 15 16 -18 28 -20 -21 -22 22 23 -25 27 -27 -28 -29 -30 33 -32 -33 52 -35 38 -37 -38 -39 -40 40 44 -43 43 -45 -46 -47 49 -49 -50 51 -52 -53 -54 -55 57 56 -58 60 59 -61 61 -63
leaf_value=-0.0071786387006907877 0.0010550458379919036 0.00039899195373167563 -0.00031250740020977364 -0.0013617430602660802 -0.0041093847774840014 -0.0031404984151175361 -0.0016671712624132268 -0.0019385895446522436 -0.001111358416138235 0.0019744479729892376 -0.0096192137577296236 0.0030226230265766874 0.0017611177010398175 0.0019957257489143058 -0.016134714914300432 -0.0052314936297977559 -0.00011203704346524609 0.0025954641829574088 -0.0082150728181185819 -0.001919065567804959 0.0008247927362057258 -0.00081756829035239367 -0.0052846226026757436 -0.00030240250261915805 -0.00049514004738381414 -0.002486761056936143 0.00036769432980709375 0.00098775352712863985 -0.0027898153691429798 -0.0037222114758812316 0.00061435831287320864 0.0021854089069427434 0.0049897430326372354 0.001143971184426026 0.00033952322084441046 -0.0024711347652393726 0.0013328152975308639 0.001576103733117837 7.7138272625159995e-06 -0.0059609249423913388 0.00090619871745936447 0.0013341671123549507 0.0014056634729582417 -0.0041852990513732797 -0.0024118580695823982 0.0014501532899359312 -0.00099028216692441644 -0.005271931125730313 0.00015712173832008671 -0.0012283435393509461 -0.0046596130859392791 -0.0002856157499879111 0.00029313695999596623 -2.4768492837254863e-05 0.00016484655576024093 -0.010177133899745686 -0.00024392403158433071 0.0022492587150125449 -0.00098297785372049805 -0.0084884981800853014 -0.0018152733995991641 0.00012034018494733058
leaf_weight=34 74 30560 5720 3472 23 20 575 383 908 157 26 68 126 284 21 108 111 102 41 71 155 8609 231 221 9121 526 448 495 31 57 20637 134 74 135 6541 28 154 25 7288 35 118 313 52 94 53 168 1720 41 96 758 52 2490 24 8233 941 27 39 31 127 20 357 132
leaf_count=34 74 30560 5720 3472 23 20 575 383 908 157 26 68 126 284 21 108 111 102 41 71 155 8609 231 221 9121 526 448 495 31 57 20637 134 74 135 6541 28 154 25 7288 35 118 313 52 94 53 168 1720 41 96 758 52 2490 24 8233 941 27 39 31 127 20 357 132
internal_value=-4.92763e-07 0.000347167 -0.000674304 -0.000792369 -0.00365601 -0.000417667 -0.000783277 -0.000736986 -0.00130388 -0.000637788 -0.00105224 -0.000817933 0.000305855 -0.000200659 -0.00207927 -0.00386678 -0.00266076 -0.00149939 -0.00211237 0.00119837 -0.00113315 -0.000788842 -0.00100656 -0.00286029 -0.000634269 -0.000914255 -0.00116281 -0.000418276 0.00130153 -0.000485189 0.000485903 0.000345011 0.00211996 -0.000722203 4.86428e-05 0.000958067 -0.000268498 -0.00104712 0.00016502 4.98146e-05 -0.0011173 0.000429258 -0.000403935 -0.00216018 -9.37907e-05 0.000933795 -0.000771501 -0.00213351 -0.00125695 -0.000717828 -0.00110104 -0.000507195 0.00389199 -0.0001121 -0.000520544 -0.00178584 -0.0043924 -0.000268461 -0.000983159 -0.0020432 -0.00106208 -0.00128264
internal_weight=113715 75007 38708 26498 82 12210 26416 24268 2148 1159 1002 976 1145 893 989 240 219 749 616 355 538 23123 9587 452 13536 9135 3920 9616 133 11223 51197 987 252 5349 23810 154 5874 48 13829 853 206 647 334 146 171 188 5214 194 153 5020 1772 3248 98 9981 1748 287 66 1461 221 147 520 489
internal_count=113715 75007 38708 26498 82 12210 26416 24268 2148 1159 1002 976 1145 893 989 240 219 749 616 355 538 23123 9587 452 13536 9135 3920 9616 133 11223 51197 987 252 5349 23810 154 5874 48 13829 853 206 647 334 146 171 188 5214 194 153 5020 1772 3248 98 9981 1748 287 66 1461 221 147 520 489
is_linear=0
shrinkage=0.05


Tree=18
num_leaves=63
num_cat=0
split_feature=13 25 12 13 13 15 11 12 9 0 13 17 2 2 11 2 22 13 0 8 0 0 12 12 12 12 12 8 11 21 12 3 8 3 0 12 15 2 2 9 3 0 11 18 0 2 3 2 20 0 13 22 19 21 22 20 20 22 13 11 25 12
split_gain=9.5941 1.16756 0.548091 0.62443 0.441023 0.422407 0.377711 0.448182 0.368527 0.405707 0.911622 0.79076 0.654519 1.72752 0.505992 0.388307 0.366095 0.410866 0.335233 0.449171 0.438934 0.332553 0.411399 0.309388 0.378554 0.305933 0.290548 0.34896 0.473584 0.439521 0.327678 0.534869 0.522708 0.284231 0.294311 0.267147 0.264129 0.263881 0.360812 0.746664 0.3311 0.247679 0.422042 0.375573 0.247276 0.219055 0.81431 0.813688 0.463165 0.262142 0.355043 0.781524 0.268151 0.228039 0.40872 0.218186 0.389574 0.192095 0.190603 0.286162 0.17876 0.178358
threshold=4.0789232254949308 1.0967551469802859 751.50000000000011 0.031821988731536473 48.724941255947847 1.5000000000000002 -0.24999999999999994 680.50000000000011 -0.56174490092936669 2235.5000000000005 0.068482244132274675 1.0000000180025095e-35 2.5000000000000004 1.5000000000000002 -0.68301270189221952 2.5000000000000004 0.51666668057441723 0.18819248538370337 1702.5000000000002 1.0000000180025095e-35 655.50000000000011 2069.0000000000005 553.50000000000011 1187.0000000000002 1191.5000000000002 510.50000000000006 1191.5000000000002 -0.8783796973249266 0.25000000000000017 1.0000000180025095e-35 1248.0000000000002 3.5000000000000004 0.6078576107927941 4.5000000000000009 2359.5000000000005 687.50000000000011 1.5000000000000002 2.5000000000000004 1.5000000000000002 -0.56174490092936669 3.5000000000000004 4.5000000000000009 -0.24999999999999994 1.0000000180025095e-35 2069.0000000000005 2.5000000000000004 3.5000000000000004 1.5000000000000002 1.214285731315613 1781.5000000000002 0.25477155062976747 0.71666666865348827 4.5000000000000009 0.17857143282890323 2.2500000000000004 1.6428571343421938 0.35714286565780645 0.41666667163372045 0.037066905615292717 0.6830127018922193 1.3980692625045779 1048.0000000000002
decision_type=2 2 2 2 2 2 2 2 2 2 2 2 2 2 2 2 2 2 2 2 2 2 2 2 2 2 2 2 2 2 2 2 2 2 2 2 2 2 2 2 2 2 2 2 2 2 2 2 2 2 2 2 2 2 2 2 2 2 2 2 2 2
left_child=1 2 6 5 37 26 7 18 9 12 11 -11 13 -5 -12 23 17 -17 19 20 -1 -20 -23 61 -25 -21 27 29 -29 -4 32 -32 -28 41 -35 58 55 38 -2 40 -40 42 43 -3 -14 46 -43 -48 -49 53 51 -51 -52 54 -47 56 -36 -55 -8 -60 -45 -10
right_child=4 33 3 8 -6 -7 35 -9 15 10 14 -13 44 -15 -16 16 -18 -19 21 25 -22 22 -24 24 -26 -27 30 28 -30 -31 31 -33 -34 34 36 -37 -38 -39 39 -41 -42 45 -44 60 -46 49 47 48 -50 50 52 -53 -54 57 -56 -57 -58 -59 59 -61 -62 -63
leaf_value=-0.0077619583929082669 0.00029854695843627805 -0.010798910374824819 0.0016935933876718286 -0.0004494381831748597 0.00053543219228871931 0.004279322912647026 0.0026008050645185393 0.0016942308653148043 -0.00021369897083477814 -0.0038019907972579579 -0.0028624742970904133 -0.013562396836478681 -0.00076760059079979094 -0.0047423519368415311 0.00063085154812863816 -0.00057829100655218022 0.00051412027565737894 -0.0012643896851606596 0.0017883831034477178 0.0021379679080244431 -0.0020766327360779747 0.00027880014659226881 -0.0068702328838779296 -0.0069188027020314295 -0.00018251280076062457 -0.0023943693008501733 0.0033070506715698286 -0.0014546471656501495 -0.0030851168667827902 -0.0040594036380449932 -0.00019017203890163984 -0.0028136345733762048 -0.003455046280418211 6.6644331810277057e-05 -0.0067509691124417685 -0.00095527725052357263 0.00038648865056696471 0.00033501075659342198 -0.00050892517784392516 0.00012821675155701777 -0.00262011817739276 -0.00026706829202469335 0.00019777175468233877 0.0003937484047531542 0.00052623694218006587 0.00093509940800629932 0.0001830244088579044 -0.0010052163833214533 -0.0047315364789462574 -0.0016792036818422127 -0.00043094920469107542 -0.011006769997258877 -0.0044321239237460281 -0.0011837811577010636 -0.0050052505203111233 -0.008655396492277841 0.0015461475770668627 -0.00023114271862674079 -0.004074814101469885 0.0026562992133790098 -0.0059371979953489491 0.0021081152030846544
leaf_weight=55 3205 22 133 627 30843 31 292 185 120 183 183 24 4569 377 235 8138 585 3012 141 69 98 57 30 21 2319 80 102 1226 719 44 516 316 39 6017 27 90 49 28481 319 1499 468 1823 65 22 397 650 205 122 292 180 1008 26 44 556 30 21 28 12375 29 34 20 242
leaf_count=55 3205 22 133 627 30843 31 292 185 120 183 183 24 4569 377 235 8138 585 3012 141 69 98 57 30 21 2319 80 102 1226 719 44 516 316 39 6017 27 90 49 28481 319 1499 468 1823 65 22 397 650 205 122 292 180 1008 26 44 556 30 21 28 12375 29 34 20 242
internal_value=-4.89748e-07 -0.000529278 -0.000765182 -0.000816215 0.00039838 -0.00147709 0.000293284 -0.000413073 -0.000717743 -0.00102838 -0.00224573 -0.00496378 -0.000900062 -0.00206671 -0.000886883 -0.000575489 -0.000699938 -0.000764088 -0.00115825 -0.00225242 -0.00415677 0.000269471 -0.00213404 -3.31382e-05 -0.000245396 -0.000261941 -0.0015365 -0.00186638 -0.00206007 0.000233753 -0.000811818 -0.00119281 0.00140012 -0.000275794 1.59308e-05 0.00143929 -0.00238335 0.000273804 -4.27588e-05 -0.000523453 -0.0017709 -0.00037882 -0.00256713 -0.00544917 -0.000663151 -0.000362209 -0.000802249 -0.00237002 -0.00364602 -0.000289598 -0.000981319 -0.0028855 -0.000603456 -0.000225291 0.000664976 -0.00423303 -0.0024411 -0.000272499 0.00206054 -0.000364458 -0.00250916 0.0013248
internal_weight=113715 48900 25318 24158 64815 3126 1160 715 21032 6595 625 207 5970 1004 418 14437 11735 11150 530 302 153 228 87 2702 2340 149 3095 2122 1945 177 973 832 141 23582 6142 445 125 33972 5491 2286 787 17440 129 64 4966 17311 2442 619 414 14869 1258 206 1052 13611 680 76 55 12931 355 63 42 362
internal_count=113715 48900 25318 24158 64815 3126 1160 715 21032 6595 625 207 5970 1004 418 14437 11735 11150 530 302 153 228 87 2702 2340 149 3095 2122 1945 177 973 832 141 23582 6142 445 125 33972 5491 2286 787 17440 129 64 4966 17311 2442 619 414 14869 1258 206 1052 13611 680 76 55 12931 355 63 42 362
is_linear=0
shrinkage=0.05


Tree=19
num_leaves=63
num_cat=0
split_feature=14 14 9 10 2 12 12 14 22 21 16 12 25 12 14 21 8 23 16 23 10 12 12 24 12 2 2 2 3 3 12 11 24 22 2 22 21 22 25 24 12 23 23 15 25 24 2 24 16 24 21 24 21 12 11 25 23 14 25 1 24 14
split_gain=8.72035 1.02917 0.500479 1.03198 1.98121 0.92676 0.90627 0.687204 0.592103 0.519734 0.413971 0.394688 0.379405 0.366138 0.34013 0.310279 0.30071 0.345735 0.343549 0.482254 0.460932 0.334005 0.357757 0.331395 0.304723 0.297432 0.280593 0.337502 0.487149 0.35374 0.265004 0.254466 0.414816 0.270499 0.241369 0.234034 0.213138 0.208817 0.538571 0.244358 0.211296 0.263577 0.207248 0.351439 0.472126 0.705636 0.244598 0.621546 0.250847 0.205673 0.245733 0.810915 0.540297 0.276778 0.512589 0.444569 0.254763 0.247411 0.202444 0.198513 0.196679 0.191851
threshold=1.4450483091787441 14.30866708385482 -0.56174490092936669 0.68301270189221941 2.5000000000000004 1188.5000000000002 895.50000000000011 0.026846846846846854 1.0000000180025095e-35 1.0000000180025095e-35 1.0000000180025095e-35 1401.5000000000002 1.135882616043091 1347.5000000000002 0.046065428824049522 0.67857143282890331 -0.8783796973249266 1.8771384358406069 3.5000000000000004 1.8450981974601748 -0.24999999999999994 773.00000000000011 985.50000000000011 2.4070631265640263 1455.5000000000002 2.5000000000000004 2.5000000000000004 1.5000000000000002 4.5000000000000009 3.5000000000000004 1464.5000000000002 -0.68301270189221952 2.5010980367660527 2.8499999046325688 6.5000000000000009 2.1500000953674321 0.60714286565780651 0.35000000894069677 1.0967551469802859 0.3944759219884873 1469.5000000000002 1.0000000180025095e-35 3.4051762819290166 2.5000000000000004 0.97231757640838634 2.673126339912415 4.5000000000000009 0.75774171948432933 4.5000000000000009 2.5853559970855717 1.0357142686843874 1.2892159223556521 1.1785714626312258 1471.5000000000002 0.6830127018922193 1.3349825143814089 1.0000000180025095e-35 0.22485955056179777 6.8328146934509286 2024.5000000000002 0.82708111405372631 0.22485955056179777
decision_type=2 2 2 2 2 2 2 2 2 2 2 2 2 2 2 2 2 2 2 2 2 2 2 2 2 2 2 2 2 2 2 2 2 2 2 2 2 2 2 2 2 2 2 2 2 2 2 2 2 2 2 2 2 2 2 2 2 2 2 2 2 2
left_child=2 -2 3 49 5 6 -5 -8 -6 11 12 13 -11 -7 -9 -12 25 18 19 21 24 34 -23 35 -21 -4 27 -3 29 -29 -22 32 -25 -34 -18 36 59 38 -10 -40 60 -42 43 46 -45 -46 47 -27 -48 50 53 52 -52 56 55 -55 57 -1 -33 -19 -39 -53
right_child=1 26 16 4 8 9 7 14 37 10 15 -13 -14 -15 -16 -17 17 23 -20 20 30 22 -24 31 -26 42 -28 28 -30 -31 -32 58 33 -35 -36 -37 -38 40 39 -41 41 -43 -44 44 45 -47 48 -49 -50 -51 51 61 -54 54 -56 -57 -58 -59 -60 -61 -62 -63
leaf_value=-0.0011982540389236789 6.8761452222798408e-05 0.00047893575157620063 0.00071883769401668066 -0.00073648524519644284 -0.0047663626825029575 0.0003391602448457013 -0.0049585217100275138 -0.019019478100996752 -0.00052397861271742566 -0.0055625956834009158 0.0036955631181239262 0.001775337298502184 -0.0028133089569150598 -0.0087703087069182454 -0.010242088900362592 -0.0024224811924432807 0.0012084835122364841 0.0035341344272526 0.0018962262443056718 -0.0035203657178311332 0.0026614599479740392 -0.0016338565465466122 -0.00062413299107356426 -0.0071839811530002616 -0.01164137194420045 -0.0030147656516236018 0.000508367197805593 -0.00021613566612681864 0.00071099946672784086 -0.0015970875080098892 -0.0045092205424248182 -0.00030459396461516582 -0.00065706739085813958 -0.0041965443634850302 -0.00062488068331833732 -0.0040377549256352318 0.0010597840575249117 0.003016522355567867 -0.001741686260411099 -0.0094591994330972106 -0.0054996488940673369 -0.0002772441464498104 0.001476270289739343 -0.0086417124629869155 0.00042935538738026461 -0.0087463925139429008 1.7459584270733185e-05 0.0011479227696162013 -0.0046581087749182556 -0.0001290914944906945 -0.0024380641899923415 0.0020489885960650275 -0.012623770144592792 -0.0090414961450456729 0.0011479042177125224 0 -0.00044469653281462246 0.00011230583087090641 0.0017204444715037991 -0.00068031654487551866 0.00037401263538332225 -0.001427049634817326
leaf_weight=2641 27274 4357 918 36 79 21 39 22 446 256 29 88 269 21 32 70 414 30 132 27 27 932 17104 29 24 237 39761 1914 1084 617 24 1388 532 61 313 27 897 90 20 26 28 192 149 28 102 26 1909 142 29 1548 28 42 27 42 38 20 5318 409 135 355 352 488
leaf_count=2641 27274 4357 918 36 79 21 39 22 446 256 29 88 269 21 32 70 414 30 132 27 27 932 17104 29 24 237 39761 1914 1084 617 24 1388 532 61 313 27 897 90 20 26 28 192 149 28 102 26 1909 142 29 1548 28 42 27 42 38 20 5318 409 135 355 352 488
internal_value=-5.00903e-07 0.000313996 -0.000610051 -0.000867577 -0.00187702 -0.00368585 -0.00762639 -0.0102361 -0.00057739 -0.00300412 -0.00360346 -8.83168e-05 -0.00416424 -0.00410682 -0.013939 -0.000577952 -0.000483852 -0.000551409 -0.000635117 -0.000653104 -0.00408918 -0.000634137 -0.000676596 -8.95622e-05 -0.00745517 -5.39812e-05 0.000454015 0.000182298 -0.000173847 -0.000554805 -0.000617351 -0.000473387 -0.0013263 -0.00103024 0.000412299 0.000535563 0.000636089 -0.000285903 -0.00106816 -0.00622328 0.000287992 -0.000966828 -0.00032648 -0.000437174 -0.00273719 -0.00140081 -0.000280048 -0.00144205 -5.01619e-05 -0.000665602 -0.000756787 -0.00175337 -0.0075429 -0.000687329 -0.00331335 -0.00612562 -0.000655311 -0.00102087 -0.000121709 -0.000338102 0.00092395 -0.00114182
internal_weight=113715 75007 38708 12717 2116 883 129 93 1233 754 624 130 525 42 54 99 25991 22451 18997 18865 102 18763 18036 3454 51 3540 47733 7972 3615 2531 51 2145 622 593 727 1309 1282 1154 492 46 662 220 2622 2473 156 128 2317 379 1938 10601 9053 585 55 8468 100 62 8368 3050 1523 385 442 530
internal_count=113715 75007 38708 12717 2116 883 129 93 1233 754 624 130 525 42 54 99 25991 22451 18997 18865 102 18763 18036 3454 51 3540 47733 7972 3615 2531 51 2145 622 593 727 1309 1282 1154 492 46 662 220 2622 2473 156 128 2317 379 1938 10601 9053 585 55 8468 100 62 8368 3050 1523 385 442 530
is_linear=0
shrinkage=0.05


Tree=20
num_leaves=63
num_cat=0
split_feature=14 14 12 12 12 21 14 13 14 1 14 25 11 12 13 2 2 0 0 0 9 13 0 0 12 0 14 10 9 10 0 23 23 17 19 2 23 15 12 0 21 10 19 2 9 2 17 18 18 15 15 17 2 2 4 18 20 9 12 14 12 19
split_gain=7.88906 0.972495 0.414466 0.657833 0.448512 0.639752 0.494538 0.452778 0.411641 0.392375 0.614726 0.373018 0.345456 0.418691 0.325464 0.316918 0.301707 0.289011 0.343862 0.390124 0.290135 0.333958 0.26871 0.267754 0.282412 0.405298 0.503867 0.257322 0.363024 0.248225 0.245161 0.243339 0.290454 0.297771 0.382912 0.249312 0.362451 0.239541 0.235596 0.300121 0.221739 0.767784 0.253643 0.198668 0.256973 0.538929 0.312718 0.209082 0.191406 0.185708 0.240948 0.151962 0.142414 0.230303 0.225018 0.195167 0.218819 0.148973 0.139167 0.257597 0.132035 0.129943
threshold=3.7898981324278442 0.70871212121212135 751.50000000000011 1207.0000000000002 1197.5000000000002 1.0000000180025095e-35 0.16405676535356009 0.02605536806512047 47.333392603129454 2024.5000000000002 0.11242977528089888 0.65607663989067089 -0.24999999999999994 680.50000000000011 0.079091080595355134 5.5000000000000009 7.5000000000000009 1745.0000000000002 2069.0000000000005 2154.5000000000005 0.81174490092936691 0.02900168219461698 370.50000000000006 1.0000000180025095e-35 1469.5000000000002 2235.5000000000005 0.62178642056690847 -0.24999999999999994 1.0000000180025095e-35 0.93301270189221952 2121.5000000000005 0.77136236429214489 2.5773699283599858 1.0000000180025095e-35 2.5000000000000004 3.5000000000000004 10.736009597778322 1.5000000000000002 1191.5000000000002 2316.5000000000005 0.60714286565780651 0.93301270189221952 6.5000000000000009 2.5000000000000004 -0.56174490092936669 1.5000000000000002 2.5000000000000004 4.5000000000000009 25.500000000000004 1.0000000180025095e-35 28.500000000000004 3.5000000000000004 2.5000000000000004 1.5000000000000002 1.0000000180025095e-35 1.5000000000000002 99.071430206298842 1.0000000180025095e-35 687.50000000000011 1.0000000180025095e-35 1434.5000000000002 203.50000000000003
decision_type=2 2 2 2 2 2 2 2 2 2 2 2 2 2 2 2 2 2 2 2 2 2 2 2 2 2 2 2 2 2 2 2 2 2 2 2 2 2 2 2 2 2 2 2 2 2 2 2 2 2 2 2 2 2 2 2 2 2 2 2 2 2
left_child=1 2 12 4 7 15 16 38 43 10 -9 -11 13 17 58 -6 -7 20 -19 -20 21 -1 -3 27 25 30 -27 -5 -29 31 -25 -24 33 37 -35 36 -34 -33 39 -4 41 -26 -42 44 45 -2 47 -47 51 -45 -51 -31 53 -10 55 56 -55 -58 -14 -60 -37 -52
right_child=8 22 3 23 5 6 -8 9 52 11 -12 -13 14 -15 -16 -17 -18 18 19 -21 -22 -23 29 24 40 26 -28 28 -30 48 -32 32 35 34 -36 60 -38 -39 -40 -41 42 -43 -44 49 -46 46 -48 -49 -50 50 61 -53 -54 54 -56 -57 57 -59 59 -61 -62 -63
leaf_value=-0.00040185217023607156 0.00025617883873614979 -0.00059856985941805904 -0.0016967406201698701 -0.0067651152217493033 -0.0026379539448883114 -0.011237648459258223 -0.00010190385486586946 -0.0013269675721910351 0.00055852478721355315 -0.00037727873337860816 -0.0058324783702968317 -0.0016594093995525895 0.0021182438953563382 0.0016274327443109233 -0.0047852704570216327 0.0052679272663539349 -0.004529074961558366 0.0019586014762860786 -0.008227028549458849 -0.00021417225750707498 -0.0062186708131174405 -0.004325658612628804 0.00034117667334339092 -0.00044126875579176823 -0.00097629873377995966 -0.001155455649367026 -0.0083401515604965247 0.0032793676735701897 -0.005352338724982194 0.0011196453139062661 0.00054589476119171361 -0.00074377058462139463 -0.00032254190204029031 -0.0017726076343003465 0.00052743726476763117 0.00072999047845180565 -0.0025830427026644113 0.0004544989948226404 0.0020239022686658306 -0.0050134012223350052 -0.00035108566600250575 -0.0044446024287195492 -0.0051625711303138009 0.00044932773144782436 0.00019671414230032345 -0.0031456672953262526 -0.00022886154000272105 -0.0009727833681269088 -0.0034790201650458175 1.2647278416675751e-05 0.00041290954118557133 -0.00017769792360874763 0.00053844302549132075 0.00037315219677866814 0.00062408233254126761 -9.9382824890241256e-05 -0.0029945838285401045 -0.00072032373023475334 -0.0026741281547735156 0.0028381786802235773 -2.4791119346258327e-05 -0.0015748138373105408
leaf_weight=201 950 2992 1604 34 29 40 27 696 2852 3307 86 690 344 187 20 22 35 127 20 68 38 76 2170 18117 2400 1390 25 24 24 779 647 1025 1012 893 223 646 217 698 39 73 1497 172 28 11235 3692 293 302 191 27 9197 7697 309 26074 129 743 1278 179 132 46 39 5526 82
leaf_count=201 950 2992 1604 34 29 40 27 696 2852 3307 86 690 344 187 20 22 35 127 20 68 38 76 2170 18117 2400 1390 25 24 24 779 647 1025 1012 893 223 646 217 698 39 73 1497 172 28 11235 3692 293 302 191 27 9197 7697 309 26074 129 743 1278 179 132 46 39 5526 82
internal_value=-5.14906e-07 -0.000481843 -0.000642011 -0.00067686 -0.00111844 -0.00380604 -0.00609561 -0.00105431 0.000359808 -0.000802188 -0.00182953 -0.000599899 0.000280384 -0.000395264 0.00137029 0.000678214 -0.00818376 -0.00111854 0.000274244 -0.0020993 -0.00208482 -0.00149764 -0.000169561 -0.000556129 -0.000546241 -0.000468891 -0.00128651 -0.00341838 -0.00093469 -7.42824e-05 -0.000406961 -0.000138821 -0.00024103 -0.000671198 -0.00130852 -7.53367e-05 -0.000725916 -0.000255443 -0.00175344 -0.00184439 -0.000925974 -0.00121035 -0.000443039 0.000238001 -3.81992e-05 -0.000540659 -0.00151003 -0.00229889 0.000639501 0.000291321 0.000186452 0.000746613 0.000490195 0.000252469 -0.00010019 -0.000416351 -0.00132541 -0.00204592 0.00166997 -8.58346e-05 5.34095e-05 0.000391294
internal_weight=113715 48689 32172 31006 6648 153 102 6495 65026 4779 782 3997 1166 717 449 51 75 530 215 88 315 277 16517 24358 24276 20179 1415 82 48 13525 18764 12410 10240 2839 1116 7401 1229 1723 1716 1677 4097 2572 1525 33639 5428 1736 786 484 1115 28211 16976 1088 31387 5313 2461 1718 440 311 429 85 6172 7779
internal_count=113715 48689 32172 31006 6648 153 102 6495 65026 4779 782 3997 1166 717 449 51 75 530 215 88 315 277 16517 24358 24276 20179 1415 82 48 13525 18764 12410 10240 2839 1116 7401 1229 1723 1716 1677 4097 2572 1525 33639 5428 1736 786 484 1115 28211 16976 1088 31387 5313 2461 1718 440 311 429 85 6172 7779
is_linear=0
shrinkage=0.05


Tree=21
num_leaves=63
num_cat=0
split_feature=13 25 12 12 10 12 0 0 10 12 13 11 25 23 0 0 12 0 20 0 0 3 25 10 25 21 15 0 0 13 22 22 25 3 0 15 10 23 2 2 3 3 3 3 0 24 13 24 12 22 25 25 2 23 0 22 0 25 12 11 12 0
split_gain=7.12781 0.868491 0.439897 0.578557 0.521145 0.454625 0.468662 0.449302 0.398723 0.54006 0.463513 0.427676 0.373958 0.450276 0.346264 0.339346 0.374126 0.373718 0.480239 0.360031 0.4554 0.345279 0.531406 0.337741 0.33463 0.334569 0.313144 0.299091 0.294174 0.276912 0.269233 0.518733 0.270754 0.232227 0.255314 0.237968 0.263738 0.482288 0.227218 0.435154 0.406989 0.395239 0.225151 0.373288 0.214339 0.39863 0.294991 0.236443 0.311164 0.245077 0.296552 0.313894 0.240926 0.705805 0.237371 0.185341 0.340103 0.183375 0.174645 0.418441 0.399964 0.489396
threshold=4.0789232254949308 1.0967551469802859 783.00000000000011 1063.5000000000002 -0.6830127018922193 751.50000000000011 1584.0000000000002 155.50000000000003 -0.24999999999999994 803.00000000000011 0.039796691284064115 1.0000000180025095e-35 0.57184895873069774 0.51123625040054332 908.50000000000011 1350.5000000000002 1090.5000000000002 1260.5000000000002 0.92857143282890331 2040.5000000000002 2235.5000000000005 2.5000000000000004 0.54929199814796459 0.68301270189221941 24.362551689147953 1.0000000180025095e-35 2.5000000000000004 1053.5000000000002 655.50000000000011 0.023462382334206246 0.51666668057441723 0.45000000298023229 0.75390532612800609 4.5000000000000009 2359.5000000000005 1.5000000000000002 -0.24999999999999994 0.55593636631965648 2.5000000000000004 1.5000000000000002 4.5000000000000009 3.5000000000000004 1.5000000000000002 3.5000000000000004 4.5000000000000009 1.2359015941619875 0.8355843530693422 0.8532405197620393 1177.5000000000002 1.3166666626930239 1.3980692625045779 2.8628613948822026 2.5000000000000004 3.9490795135498051 2069.0000000000005 2.2500000000000004 1183.5000000000002 0.35544712841510778 680.50000000000011 0.6830127018922193 553.50000000000011 2069.0000000000005
decision_type=2 2 2 2 2 2 2 2 2 2 2 2 2 2 2 2 2 2 2 2 2 2 2 2 2 2 2 2 2 2 2 2 2 2 2 2 2 2 2 2 2 2 2 2 2 2 2 2 2 2 2 2 2 2 2 2 2 2 2 2 2 2
left_child=1 2 4 7 5 6 27 23 12 11 -11 -10 13 -9 -14 17 21 30 25 26 -21 22 -17 42 -2 -19 -18 28 -1 -29 31 -5 -32 44 -35 36 -36 -38 39 -26 41 -41 -4 -44 45 -3 -47 48 -46 52 -51 -52 53 -49 -54 -50 -57 -8 59 60 -6 -62
right_child=24 33 3 15 58 -7 57 8 9 10 -12 -13 14 -15 -16 16 19 18 -20 20 -22 -23 -24 -25 38 -27 -28 29 -30 -31 32 -33 -34 34 35 -37 37 -39 -40 40 -42 -43 43 -45 47 46 -48 49 55 50 51 -53 54 -55 -56 56 -58 -59 -60 -61 61 -63
leaf_value=-0.0027618697072162302 0.00016182322916116404 -0.0065154808213437297 -0.0066464452844728203 -0.00053657187981720077 0.00066064247236469783 -0.0059787999444058867 0.0024493011004719286 -0.00056531174728546721 -0.0028905624146587754 -0.0023587076944107583 -0.00027432366840484762 -0.012228291653669798 -0.0085403675748699018 0.0035972904142911703 -0.0015292008405914245 0.00088895785010924516 -0.001068753415909701 -0.00080506098108390739 -0.0054520205406083802 0 -0.0010442596511056515 0.0027729936420348186 -0.007746776141774602 -0.010507682944411664 0.00051340087667309535 0.0012162357691724314 -0.0033199177243128826 -0.0089631490050927059 0.0031225600326279072 -0.001322398731460819 -0.0024213368797622037 -0.0031151907398425482 0.00095216382064109589 7.3273102990975396e-05 -0.00034136860355781244 0.00041707883937030181 -0.00047405503263965761 -0.011255825501847318 0.00046440612365538205 -0.00020712569309651102 0.0006218649901871627 -0.0016355293238196713 0.0022221989501999221 -0.0053498106448644604 -0.004281223730449861 0.0018126578798410853 -0.0040545006571841716 -0.0006596818122841068 0.00051162406751849299 -0.0051701646261040953 0.00063204383624294413 -0.00029371276279747867 -0.00037399525930818605 -0.0038915251490886332 -0.001646883570640697 -0.0075704741250000778 0.0013641788531536176 -0.0024896738958035116 0.001546028303433693 0.0024169822781347321 -0.0010865560013659393 -0.0077867713885223415
leaf_weight=69 18320 40 32 9395 269 49 102 861 32 803 408 22 26 70 62 75 5784 280 33 2089 2087 136 23 20 4210 739 161 29 30 23 67 200 489 6017 32 49 20 24 38679 1960 998 648 33 31 36 54 35 878 1385 30 1025 8383 4923 211 399 20 21 22 423 160 150 34
leaf_count=69 18320 40 32 9395 269 49 102 861 32 803 408 22 26 70 62 75 5784 280 33 2089 2087 136 23 20 4210 739 161 29 30 23 67 200 489 6017 32 49 20 24 38679 1960 998 648 33 31 36 54 35 878 1385 30 1025 8383 4923 211 399 20 21 22 423 160 150 34
internal_value=-5.32573e-07 -0.000456322 -0.000659796 -0.000709501 0.000212119 -0.00153267 -0.00072039 -0.00144749 -0.00129011 -0.00188464 -0.00166066 -0.00680282 -0.000547038 -0.000246611 -0.00366478 -0.000627104 -0.000833972 -0.000435442 0.000459044 -0.000879952 -0.000521889 0.00113291 -0.00109266 -0.00449939 0.000343263 0.000655895 -0.00113061 -0.00260246 -0.000926904 -0.00568858 -0.000528639 -0.000590874 0.000536291 -0.000237654 2.59876e-05 -0.00220842 -0.0039652 -0.00648059 0.000414646 0.000167754 -0.000234406 -0.000564002 -0.00318601 -0.00137011 -0.000330789 -0.00236653 -0.000440496 -0.000315317 0.000291167 -0.000371579 -0.000208722 -0.000192315 -0.000610543 -0.00129076 -0.000470395 0.000410398 -0.00288035 0.00153144 0.000762708 0.000213859 -0.000553613 -0.00235536
internal_weight=113715 48900 25318 23958 1360 324 275 2400 2284 1265 1211 54 1019 931 88 21558 10355 11203 1052 10121 4176 234 98 116 64815 1019 5945 151 99 52 10151 9595 556 23582 6142 125 76 44 46495 7816 3606 2608 96 64 17440 129 89 17311 1462 15849 9438 9408 6411 1089 5322 1426 41 124 1036 613 453 184
internal_count=113715 48900 25318 23958 1360 324 275 2400 2284 1265 1211 54 1019 931 88 21558 10355 11203 1052 10121 4176 234 98 116 64815 1019 5945 151 99 52 10151 9595 556 23582 6142 125 76 44 46495 7816 3606 2608 96 64 17440 129 89 17311 1462 15849 9438 9408 6411 1089 5322 1426 41 124 1036 613 453 184
is_linear=0
shrinkage=0.05


Tree=22
num_leaves=63
num_cat=0
split_feature=14 14 9 10 11 12 0 0 12 0 23 21 0 12 0 12 12 25 0 14 25 13 11 0 24 24 19 24 12 8 13 13 24 10 12 0 24 21 20 11 24 14 14 17 0 21 12 0 24 13 12 10 11 10 13 21 0 14 13 0 20 14
split_gain=6.46212 0.768992 0.451252 0.921893 1.75553 0.852355 0.847832 0.99787 0.739342 0.751186 0.671464 0.531319 0.620229 0.618011 0.390978 0.364801 0.346467 0.516198 0.342351 0.964665 0.940147 1.06134 0.667771 0.345656 0.344964 0.744959 0.334651 0.323536 0.304219 0.262206 0.282533 0.702641 0.592618 0.502847 0.845403 0.482924 0.487291 0.334336 0.344415 0.306771 0.280643 0.245118 0.242392 0.235178 0.246235 0.23482 0.352959 0.495264 0.514182 0.493187 0.308474 0.511874 0.291787 0.286091 0.266469 0.313683 0.232654 0.229358 0.212693 0.196449 0.21062 0.463215
threshold=1.4450483091787441 11.354502688172046 -0.56174490092936669 0.68301270189221941 0.25000000000000017 1362.5000000000002 1781.5000000000002 2024.5000000000002 895.50000000000011 1497.5000000000002 1.0345224738121035 1.0000000180025095e-35 1497.5000000000002 1397.5000000000002 307.50000000000006 1396.5000000000002 1407.5000000000002 1.0967551469802859 2235.5000000000005 0.05345238095238096 0.32543723285198217 0.059096281968622398 -0.24999999999999994 2364.5000000000005 0.81360203027725231 0.72815948724746715 2.5000000000000004 0.93319860100746166 1093.5000000000002 -0.8783796973249266 0.25477155062976747 0.20435739095112257 0.93319860100746166 -0.93301270189221919 1412.5000000000002 2328.5000000000005 1.3393828868865969 0.96428570151329052 1.214285731315613 -0.68301270189221952 2.0788019895553593 0.088073691014867506 0.031414473684210534 6.5000000000000009 2092.5000000000005 1.0000000180025095e-35 1216.5000000000002 655.50000000000011 0.3944759219884873 0.02605536806512047 1165.5000000000002 -0.5 -0.9330127018922193 0.68301270189221941 0.10052451560250521 0.10714286193251611 2184.5000000000005 0.13423734983618496 0.042417478354978368 2184.5000000000005 1.0000000180025095e-35 0.10733486943164364
decision_type=2 2 2 2 2 2 2 2 2 2 2 2 2 2 2 2 2 2 2 2 2 2 2 2 2 2 2 2 2 2 2 2 2 2 2 2 2 2 2 2 2 2 2 2 2 2 2 2 2 2 2 2 2 2 2 2 2 2 2 2 2 2
left_child=2 -2 3 18 11 6 8 -8 -6 -10 14 12 13 -5 -7 -16 -12 -18 59 20 23 -22 24 28 25 -21 41 -26 -20 45 31 37 33 34 -33 36 -34 38 40 -35 -31 -24 -9 -32 -45 52 47 48 58 -48 53 -52 -4 -49 55 -51 -14 -56 -47 60 -1 -62
right_child=1 -3 29 4 5 10 7 42 9 -11 16 -13 56 -15 15 -17 17 -19 19 22 21 -23 26 -25 27 -27 -28 -29 -30 30 43 32 35 39 -36 -37 -38 -39 -40 -41 -42 -43 -44 44 -46 46 49 50 -50 54 51 -53 -54 -55 57 -57 -58 -59 -60 -61 61 -63
leaf_value=-0.00086567631200634904 3.5180179020885354e-05 0.0003793595226082341 -0.0036880368853836366 -0.008325427987786467 0.00028505047866657596 -0.0067331905375956451 0.0052098104487361997 -0.0025347509761274706 -0.0077236037800101831 -0.017537956339417748 0.00033837749218684895 -6.3352025896245244e-05 0.0020325305002322339 -8.2624724800401772e-05 -0.0054904724217922744 0.00077302210310439628 -0.0075072602057960737 -0.003148045480000917 0.00410311006622397 -0.001963575245124965 -0.015331350587456993 -0.0028954603706700648 0.0053555393595395616 -0.0073129723487744911 0.004601296700014839 -0.010802394338592222 -0.0036679894628168196 -0.0011835750355445908 -0.0021645129511943199 -0.00047836918073630139 -0.00019530211618386074 0.00097311041478453019 0.0014964348474555236 -0.0032754591633347694 -0.0098978713233445759 -0.0063183084872949552 -0.0016089713241578139 -0.005368260886424627 0.0026749682380156933 -0.0013347503276406906 -0.0056868898086392559 0.0012462194590885595 -0.010541838142685417 -0.0010895479303826418 -0.0056719881998609934 -0.005274730277753964 -0.0073096371445304899 0.0012833052817901309 0 -0.0010834502876196524 -0.0070213867344776281 0.0015755039119423498 0.00081027450871757147 -0.0046951013500298256 -0.0016387747452660147 0.0027137580093943895 -0.0040933884962757617 3.3518187785591229e-05 -0.012840070603276367 0.0020768490188058197 0.00028640165801399262 -0.00062474842770106115
leaf_weight=2943 23810 51197 37 68 20 23 30 21 98 26 43 1051 57 36 26 211 95 269 23 147 35 36 48 27 27 29 27 211 110 12060 8401 26 281 316 52 31 229 35 86 617 26 172 21 257 34 24 23 143 27 76 42 28 971 23 232 178 21 1716 20 73 1971 4722
leaf_count=2943 23810 51197 37 68 20 23 30 21 98 26 43 1051 57 36 26 211 95 269 23 147 35 36 48 27 27 29 27 211 110 12060 8401 26 281 316 52 31 229 35 86 617 26 172 21 257 34 24 23 143 27 76 42 28 971 23 232 178 21 1716 20 73 1971 4722
internal_value=-5.53284e-07 0.000270171 -0.000525282 -0.000769782 -0.00172383 -0.0034265 -0.00617213 -0.00165188 -0.00839484 -0.00983422 -0.00252908 -0.000500241 -0.00299427 -0.005523 -0.000521542 6.27737e-05 -0.00379881 -0.00430123 -0.000578864 -0.00151894 -0.00430277 -0.00910909 -0.000538006 -0.00213437 -0.00177095 -0.00345367 0.00150819 -0.000504652 -0.0010408 -0.000405457 -0.000468521 -0.000609743 -0.00161317 -0.00232848 -0.00621358 -0.000266987 9.22025e-05 -0.000481746 -0.00046724 -0.00199769 -0.000490035 0.00216754 -0.00667259 -0.000244393 -0.00164389 -4.08841e-06 -0.000262432 -0.00185178 -0.00552093 -4.0817e-05 -0.000724882 -0.00351396 0.000639849 0.000422542 3.31641e-05 0.00155793 0.000316095 -0.000163153 -0.00884822 -0.000491967 -0.000511968 -0.000355679
internal_weight=113715 75007 38708 12717 2116 883 216 72 144 124 667 1233 182 104 260 237 407 364 10601 892 231 71 661 160 414 176 247 238 133 25991 22451 13759 1552 1011 78 541 510 12207 12172 933 12086 220 42 8692 291 3540 2532 307 71 2225 236 70 1008 166 2202 254 78 1948 44 9709 9636 6693
internal_count=113715 75007 38708 12717 2116 883 216 72 144 124 667 1233 182 104 260 237 407 364 10601 892 231 71 661 160 414 176 247 238 133 25991 22451 13759 1552 1011 78 541 510 12207 12172 933 12086 220 42 8692 291 3540 2532 307 71 2225 236 70 1008 166 2202 254 78 1948 44 9709 9636 6693
is_linear=0
shrinkage=0.05


Tree=23
num_leaves=63
num_cat=0
split_feature=14 14 12 13 10 12 14 12 22 14 13 2 19 14 3 15 3 12 13 3 10 12 22 20 8 12 10 8 23 23 23 16 12 21 13 10 20 2 23 22 13 14 2 2 3 3 20 15 15 13 14 12 2 12 2 20 22 2 2 22 25 2
split_gain=5.84899 0.733201 0.338342 0.595901 0.492106 0.405399 0.378219 0.327797 0.400283 0.354057 0.737376 0.340703 0.336911 0.326916 0.30507 0.287106 0.274027 0.241823 0.229917 0.22363 0.479855 0.615488 0.396702 0.515367 0.374771 0.253949 0.21113 0.291275 0.208554 0.190075 0.189073 0.29092 0.314333 0.281938 0.231115 0.225605 0.208792 0.188646 0.252364 0.257073 0.182431 0.284565 0.170958 0.196028 0.469885 0.428764 0.226111 0.170952 0.20228 0.165509 0.295355 0.309496 0.313372 0.230181 0.466359 0.154415 0.178504 0.152348 0.148894 0.137137 0.135776 0.133245
threshold=3.7898981324278442 0.70871212121212135 783.00000000000011 0.02900168219461698 -0.6830127018922193 751.50000000000011 0.033803085126642547 926.50000000000011 0.18333333730697635 0.01526806526806527 0.11031343360461524 7.5000000000000009 1.0000000180025095e-35 47.333392603129454 2.5000000000000004 1.5000000000000002 1.5000000000000002 1455.5000000000002 0.062188561370453928 1.5000000000000002 -0.6830127018922193 1129.5000000000002 0.11666667088866235 0.21428572386503222 -0.8783796973249266 1285.5000000000002 0.68301270189221941 -0.8783796973249266 0.77136236429214489 1.7251501083374026 1.5039421916007998 1.0000000180025095e-35 1464.5000000000002 1.3928571343421938 0.8042854449008372 0.68301270189221941 1.0714285969734194 2.5000000000000004 11.955273628234865 0.38333334028720861 0.037066905615292717 0.026846846846846854 2.5000000000000004 1.5000000000000002 4.5000000000000009 3.5000000000000004 36.071428298950202 1.0000000180025095e-35 28.500000000000004 0.008642420998250978 1.0000000180025095e-35 651.50000000000011 4.5000000000000009 510.50000000000006 5.5000000000000009 1.928571403026581 6.4833333492279062 4.5000000000000009 5.5000000000000009 10.750000000000002 0.2794183492660523 7.5000000000000009
decision_type=2 2 2 2 2 2 2 2 2 2 2 2 2 2 2 2 2 2 2 2 2 2 2 2 2 2 2 2 2 2 2 2 2 2 2 2 2 2 2 2 2 2 2 2 2 2 2 2 2 2 2 2 2 2 2 2 2 2 2 2 2 2
left_child=1 2 4 15 5 40 -7 8 11 10 12 14 -9 42 -5 19 -12 60 -13 20 25 -22 24 -24 -21 -4 29 -28 61 -11 31 32 33 -30 58 -36 -34 38 39 -32 -1 -42 43 -2 45 46 59 -44 -49 -6 53 52 -52 57 -55 -47 -57 -51 -33 -45 -3 -19
right_child=13 17 3 7 49 6 -8 9 -10 26 16 18 -14 -15 -16 -17 -18 28 -20 22 21 -23 23 -25 -26 -27 27 -29 30 -31 37 34 36 -35 35 -37 -38 -39 -40 -41 41 -43 47 44 -46 55 -48 48 -50 50 51 -53 -54 54 -56 56 -58 -59 -60 -61 -62 -63
leaf_value=-4.9722460412286234e-05 0.00019856716798698025 -0.0026745191363938144 0.003050401644659936 0.00090934821180292192 0.0021634004208052385 -0.0014693095510296275 -0.010554470243227428 0.0008652875275812485 0.0032138891452568371 -0.00052168357188827209 -0.0010499785293392476 -0.002991904390528221 -0.005090961398178117 0.00042587915257100926 -0.0027540306017728986 0.0039602886781512029 -0.0073366042833937261 0.00044674548404806153 -0.007546608205745345 0.00035902918238143712 -0.0025311443699536466 0.00041403985914928324 -0.0017003464265766305 -0.01141563172595135 -0.0018361635486188448 -0.0022592734146821983 6.1826515687402219e-05 -0.00096695108593073667 0.00184919883300846 -7.0147113504896025e-05 -0.0050355282589685402 0 -0.0018238167870122607 -0.0033338203798034928 0.00011123249535553627 -0.002773606204142947 -0.0050982806702746302 -0.00016765628415377578 -0.0025294929894261117 -0.00041380201963953219 -0.0069505403402546672 0 0.00040213528737145798 -0.00068801772024806808 0.00065413427753913556 0.00043374890443768097 -0.0015238799456793514 -8.2317185476271753e-06 0.00033765350866778198 0.0027839408451161675 0.0030216264606531505 0.0026411687227450428 -0.0014465391601533914 -0.0034987817092481535 0.00054420896000207677 -0.0047377128646930548 -0.0019770179872800379 -0.00028681852286908689 0.0037367799018341074 0.00063376461919016798 0.00027918551993377821 -0.0003673567195341084
leaf_weight=227 3158 39 112 100 175 27 22 1011 34 18524 35 116 24 31387 127 25 39 1598 40 220 397 316 35 24 1460 27 797 4646 101 2696 31 44 458 35 271 89 57 8380 183 1236 27 30 11235 337 708 47 303 9197 7779 72 56 231 130 130 154 76 332 86 59 467 3209 727
leaf_count=227 3158 39 112 100 175 27 22 1011 34 18524 35 116 24 31387 127 25 39 1598 40 220 397 316 35 24 1460 27 797 4646 101 2696 31 44 458 35 271 89 57 8380 183 1236 27 30 11235 337 708 47 303 9197 7779 72 56 231 130 130 154 76 332 86 59 467 3209 727
internal_value=-5.75751e-07 -0.000415029 -0.000554108 -0.000588308 0.000212922 -0.00145337 -0.00566338 -0.000521018 -0.00191656 -0.000499877 0.000372811 -0.00238578 0.000721863 0.000309674 -0.0011185 -0.00131145 -0.00443611 -0.000143824 -0.00419589 -0.00136439 -0.000690665 -0.00121896 -0.00169154 -0.00574956 -0.00154572 0.0019822 -0.000536363 -0.000815394 -0.000238669 -0.000464552 -0.000330201 -0.000949219 -0.00163057 0.000477126 0 -0.000588651 -0.00219686 -0.000259533 -0.000787019 -0.000531217 -0.000707656 -0.00323561 0.000201099 -5.51165e-05 -0.000410234 -0.000895887 -0.000359306 0.000250574 0.000149972 0.000754475 0.000461402 0.00141859 -7.35169e-05 -0.00043045 -0.00128944 -0.00219002 -0.00250455 0.00108177 0.00209616 7.34992e-05 0.000242099 0.00019003
internal_weight=113715 48689 32172 30805 1367 333 49 28189 417 27772 1109 383 1035 65026 227 2616 74 16517 156 2591 852 713 1739 59 1680 139 26663 5443 13269 21220 10944 1114 651 136 463 360 515 9830 1450 1267 284 57 33639 5428 2270 1562 1107 28211 16976 1034 859 417 186 442 284 455 408 158 103 804 3248 2325
internal_count=113715 48689 32172 30805 1367 333 49 28189 417 27772 1109 383 1035 65026 227 2616 74 16517 156 2591 852 713 1739 59 1680 139 26663 5443 13269 21220 10944 1114 651 136 463 360 515 9830 1450 1267 284 57 33639 5428 2270 1562 1107 28211 16976 1034 859 417 186 442 284 455 408 158 103 804 3248 2325
is_linear=0
shrinkage=0.05


Tree=24
num_leaves=63
num_cat=0
split_feature=25 9 14 2 2 12 13 0 14 25 25 0 14 14 21 13 16 24 13 25 0 0 0 14 0 12 17 25 2 25 20 0 13 12 12 0 20 0 13 14 13 14 9 23 23 12 12 2 2 24 21 21 14 12 16 14 15 3 12 3 2 2
split_gain=5.29872 0.469928 0.439219 0.426186 2.09005 0.837942 0.898364 0.61972 0.886846 1.07636 0.8023 0.500729 0.609799 0.443924 0.441307 0.669156 0.363018 0.361017 0.547896 0.599964 0.55975 0.417009 0.377101 0.345847 0.344576 0.354789 0.33649 0.334109 0.30386 0.297601 0.286616 0.357968 0.283625 0.275928 0.641411 0.268134 0.254318 0.574966 0.251976 0.249734 0.538072 0.248922 0.244305 0.280658 0.473725 0.478995 0.541654 0.250348 0.254949 0.44987 0.615915 0.358582 0.244744 0.238907 0.323459 0.244588 0.237343 0.28913 0.230376 0.212426 0.265075 0.585392
threshold=5.3822290897369394 -0.56174490092936669 18.668949771689501 2.5000000000000004 1.5000000000000002 1188.5000000000002 0.021024529202099299 2235.5000000000005 0.05345238095238096 0.32543723285198217 0.48718334734439855 370.50000000000006 0.12922201138519926 0.036811201445347795 1.0000000180025095e-35 0.042417478354978368 3.5000000000000004 1.0000000180025095e-35 0.008642420998250978 0.48718334734439855 75.500000000000014 370.50000000000006 1814.5000000000002 1.1608169129720858 1979.5000000000002 1025.5000000000002 4.5000000000000009 0.94107431173324596 8.5000000000000018 0.89859354496002208 0.21428572386503222 1173.5000000000002 0.15050223401753623 1063.5000000000002 1112.0000000000002 474.50000000000006 1.0000000180025095e-35 2340.5000000000005 0.034545629336436186 0.95675549322113151 0.94690257000383593 0.039088362617774389 -0.22252093395631442 1.8771384358406069 1.8450981974601748 1455.5000000000002 1469.5000000000002 2.5000000000000004 4.5000000000000009 0.75774171948432933 1.0000000180025095e-35 0.46428571641445165 0.2585238279736537 1468.5000000000002 2.5000000000000004 0.071796759941089847 10.500000000000002 1.5000000000000002 1351.5000000000002 4.5000000000000009 2.5000000000000004 1.5000000000000002
decision_type=2 2 2 2 2 2 2 2 2 2 2 2 2 2 2 2 2 2 2 2 2 2 2 2 2 2 2 2 2 2 2 2 2 2 2 2 2 2 2 2 2 2 2 2 2 2 2 2 2 2 2 2 2 2 2 2 2 2 2 2 2 2
left_child=1 3 59 4 24 6 -6 17 9 36 -11 12 -7 -12 15 -13 42 18 22 20 -20 -21 -5 28 33 -26 -16 -14 29 -10 31 -8 -30 -1 -35 39 41 -38 -36 -19 -41 -9 47 44 53 52 -47 -3 49 50 -49 -51 -46 54 -44 -55 -18 -58 -45 60 61 -2
right_child=2 16 -4 7 5 11 30 8 23 10 13 14 27 -15 26 -17 56 35 19 21 -22 -23 -24 -25 25 -27 -28 -29 32 -31 -32 -33 -34 34 38 -37 37 -39 -40 40 -42 -43 43 58 45 46 -48 48 -50 51 -52 -53 -54 55 -56 -57 57 -59 -60 -61 -62 -63
leaf_value=0.0026116952996238663 0.00014844227018458446 0.00064568408891177811 0.00036517113958236023 0.0051369275114168675 0.00041166636913152373 -0.012735701343083284 -0.0064810519564860898 0.0016519869201988627 -0.0023782861220998652 -0.015317458696547326 -0.00074195895356820619 -0.0070717296137461838 0.0019002380164627412 -0.010485191166542153 -0.0028178756830459059 0.002528335406951509 0.00051179933241398334 0.00053162066203031025 0.0059515722635374892 -0.0043861473138760362 -0.0020287530173257527 0.0017167949189465116 -0.0010858407203298416 -0.0034362436931720704 -0.0040633697789239686 0.0022505960311034055 0.0028022707313233881 -0.0052571355496412323 0.0045440094095623189 0.0001304579885110415 -0.0043475113702060161 -0.014052846468531882 0 -0.009261024157159136 0.003333469991729265 -0.00046107351366317265 5.9335643616248296e-05 -0.0086885381224658092 -0.00060992675536850451 -0.0065595034000933208 -0.00028635600673758394 -0.0045537956901804894 -0.0003862662845316539 0.0019350147367369315 -0.0042448050306214914 -0.01159435679849494 -0.0016837337786568746 0 -3.2841301303962397e-05 0.0039880910629923353 -0.0049746973913357062 -0.00070836849904875698 0.0025322202533196022 -0.0023626828851593088 -0.0028138204244059855 -0.00074903278378811065 -0.0052848788544981561 0.00030479340405347387 -0.00012534241270575818 0.00035725717100895237 0.00010192207533280489 -0.0012802352725862802
leaf_weight=70 1826 1081 44264 56 31 24 31 60 228 32 29 22 20 21 558 99 1677 1452 22 32 1152 205 41 114 24 233 27 70 50 238 26 41 114 21 42 7289 38 35 907 37 468 22 16189 140 23 30 28 109 2550 50 140 213 31 259 139 2959 40 51 4161 6283 16316 1175
leaf_count=70 1826 1081 44264 56 31 24 31 60 228 32 29 22 20 21 558 99 1677 1452 22 32 1152 205 41 114 24 233 27 70 50 238 26 41 114 21 42 7289 38 35 907 37 468 22 16189 140 23 30 28 109 2550 50 140 213 31 259 139 2959 40 51 4161 6283 16316 1175
internal_value=-5.72609e-07 -0.000431424 0.000269785 -0.000670994 -0.00130362 -0.00308661 -0.0068536 -0.000549477 -0.00175415 -0.00442252 -0.00906844 -0.00248714 -0.00558511 -0.00494668 -0.0019791 0.000737183 -0.000319121 -0.000439104 -0.0011577 -0.00140988 -0.00187445 0.000870178 0.00245678 -0.000896948 0 0.00164017 -0.0025495 -0.00361077 -0.000429049 -0.00108652 -0.00920084 -0.0108756 0.00140817 -0.000404051 -0.000627083 -0.000321351 -0.00192818 -0.0040726 -0.000429802 0.000196498 -0.000757079 0 -0.000362932 -0.00042424 -0.000504319 -0.00375206 -0.00690711 -7.1793e-06 -0.000239311 -0.00125765 -0.00278159 0.000166667 -0.00026438 -0.000485434 -0.000407255 -0.00088053 0.000374408 -0.00210042 -5.70707e-05 0.00010466 2.22413e-05 -0.000409295
internal_weight=113715 43851 69864 13981 2246 949 129 11735 981 237 82 820 114 50 706 121 29870 10754 1508 1411 1174 237 97 744 1297 257 585 90 630 466 98 72 164 1040 970 9246 155 73 949 1957 505 82 28102 23959 19658 112 58 4143 3062 512 249 263 54 19546 16328 3218 1768 91 4301 25600 19317 3001
internal_count=113715 43851 69864 13981 2246 949 129 11735 981 237 82 820 114 50 706 121 29870 10754 1508 1411 1174 237 97 744 1297 257 585 90 630 466 98 72 164 1040 970 9246 155 73 949 1957 505 82 28102 23959 19658 112 58 4143 3062 512 249 263 54 19546 16328 3218 1768 91 4301 25600 19317 3001
is_linear=0
shrinkage=0.05


Tree=25
num_leaves=63
num_cat=0
split_feature=13 14 9 10 2 12 0 22 0 12 12 14 0 24 25 13 0 0 14 22 13 0 13 2 2 3 3 18 20 18 23 12 23 24 13 0 13 21 21 24 12 10 2 24 25 0 12 13 0 0 15 22 0 0 3 21 2 13 13 14 17 24
split_gain=4.80553 0.615487 0.331294 1.01322 0.879253 0.759478 0.796288 0.763827 0.747767 0.673322 0.573686 0.394899 0.377353 0.7932 0.596161 1.33799 0.356844 0.285065 0.467436 0.851564 0.294468 1.11247 0.367665 0.281825 0.397202 0.572617 0.623858 0.286066 0.289086 0.241019 0.239433 0.23445 0.222377 0.274822 0.687959 0.984079 0.646662 0.382763 0.300757 0.269402 0.249759 0.523092 0.392611 0.245314 0.326163 0.218298 0.496305 0.405338 0.208412 0.353399 0.200195 0.361993 0.19925 0.196234 0.181075 0.234781 0.313336 0.222391 0.382791 0.178196 0.172713 0.168285
threshold=4.0789232254949308 0.5628591954022989 -0.56174490092936669 0.68301270189221941 2.5000000000000004 1386.5000000000002 1781.5000000000002 0.083333335816860213 2024.5000000000002 895.50000000000011 1411.5000000000002 0.012579113924050636 2235.5000000000005 0.82708111405372631 0.32543723285198217 0.059096281968622398 2364.5000000000005 382.00000000000006 0.071796759941089847 0.083333335816860213 0.02605536806512047 566.50000000000011 0.24496470731410494 2.5000000000000004 1.5000000000000002 4.5000000000000009 3.5000000000000004 1.5000000000000002 4.357142686843873 4.5000000000000009 90.031738281250014 1458.5000000000002 1.8771384358406069 1.739172160625458 0.23548401373561292 1505.5000000000002 0.20435739095112257 1.0357142686843874 0.96428570151329052 4.6892440319061288 1461.5000000000002 0.93301270189221952 3.5000000000000004 2.0788019895553593 1.6181440949440005 582.50000000000011 1096.5000000000002 0.059096281968622398 1693.5000000000002 1661.5000000000002 3.5000000000000004 0.983333319425583 1871.5000000000002 51.500000000000007 4.5000000000000009 0.10714286193251611 5.5000000000000009 2.0404859036934515 1.2669111558819883 0.70871212121212135 1.5000000000000002 0.93319860100746166
decision_type=2 2 2 2 2 2 2 2 2 2 2 2 2 2 2 2 2 2 2 2 2 2 2 2 2 2 2 2 2 2 2 2 2 2 2 2 2 2 2 2 2 2 2 2 2 2 2 2 2 2 2 2 2 2 2 2 2 2 2 2 2 2
left_child=1 2 3 12 5 6 9 52 -8 -5 -9 -6 17 14 16 -16 -14 18 53 -20 21 -19 -22 24 -2 26 29 28 -28 -26 -25 -3 33 38 35 36 -35 -36 40 -39 42 -42 -4 48 -45 47 -47 -13 49 -34 -46 -52 -7 -1 -33 56 59 58 -58 -56 -30 -15
right_child=23 31 32 4 11 7 8 10 -10 -11 -12 45 13 61 15 -17 -18 20 19 -21 22 -23 -24 30 25 -27 27 -29 60 -31 -32 54 43 34 37 -37 -38 39 -40 -41 41 -43 -44 44 50 46 -48 -49 -50 -51 51 -53 -54 -55 55 -57 57 -59 -60 -61 -62 -63
leaf_value=0.0052637836707433647 0.00031613697591738977 0.00015544738457368875 0.00014246440916205233 0.00061987687402696755 -0.0056717167343318907 0.00050470274851618826 0.0044920788261473442 0.0014415038608413967 -0.0053769391834311 -0.0089740797737031669 -0.0041507690443707956 -0.0050229872439605779 -0.00016180562074951483 0.0046975410383809767 -0.012281911913911588 -0.0025897390391390034 -0.0053576173330483002 -0.0090576427360418831 -0.0057195418258885302 0.00012170194427552338 -0.00021747352016326243 -0.00099936260086464488 -0.001114551979435598 0.00024749717478755786 -0.00088641143966705334 0.00055283832727491132 0.0017159086720556936 -0.0010153386014408832 -0.004156597434937309 0.0001382578192042882 0.00046618065753235236 -0.00036463577787783049 0.00084798805867822638 0.0024401349791217685 0.00053598444214112209 -0.012730646383491199 -0.0075590081101952929 -0.002948455989008998 0.0021000554871088515 0.0020492424226158678 -0.00065096132099838546 -0.0032091400813487126 -0.00047346307489050702 -0.0047792729819669342 0.00054614921932271971 0.0034417290212982463 -0.0015593415180694015 0.0017709318218278288 0.0031824284272872574 -0.0049880044235816956 -0.0034574345563117242 0.00075520673295740789 0.0059343543827255485 0.0012487745671110567 -0.0040098221756556286 0.00013156279998596882 -0.007123808580033514 -0.0088809985398727274 0.0018760460784419198 0.00020718693578729243 -0.001702296905309508 0.00050624443404205771
leaf_weight=34 6028 4678 3309 20 41 65 31 54 49 136 263 25 201 32 46 167 40 46 71 498 4455 655 1546 34158 913 1390 30 503 217 1528 19928 10174 528 37 264 31 28 195 118 30 3087 215 11677 41 359 54 540 164 89 27 105 96 24 400 29 3782 22 20 24 169 120 109
leaf_count=34 6028 4678 3309 20 41 65 31 54 49 136 263 25 201 32 46 167 40 46 71 498 4455 655 1546 34158 913 1390 30 503 217 1528 19928 10174 528 37 264 31 28 195 118 30 3087 215 11677 41 359 54 540 164 89 27 105 96 24 400 29 3782 22 20 24 169 120 109
internal_value=-5.67809e-07 -0.000374821 -0.000515675 -0.000755422 -0.00196849 -0.00335839 -0.00562565 -0.00202711 -0.00148944 -0.00771245 -0.00318222 -0.000879235 -0.000540538 -0.00175651 -0.00277763 -0.00471113 -0.00104678 -0.000445968 0.000337045 -0.000599261 -0.0005639 -0.0015365 -0.00044943 0.000281712 4.70761e-05 -0.000296871 -0.000655106 -0.00180555 -0.00287441 -0.000242969 0.000328164 -0.000150938 -0.000399722 -0.000442255 -0.00151224 -0.00538816 -0.00179538 -0.000740151 -0.000407968 -0.00225927 -0.000424435 -0.000819136 -0.000337129 0.000245037 -0.000475972 -0.00062121 -0.00109578 0.000843643 0.000925636 0.00055422 -0.000151185 -0.00142119 0.00203001 0.00157597 -0.000252083 2.9708e-05 -0.00141 -0.00439836 -0.00232589 -0.000386928 -0.00329826 0.00149555
internal_weight=113715 48900 30002 9766 1466 642 236 406 80 156 317 824 8300 595 454 213 241 7705 1003 569 6702 701 6001 64815 10729 4701 3311 870 367 2441 54086 18898 20236 18991 585 96 65 489 18406 225 18288 3302 14986 1245 601 783 594 189 644 555 560 201 89 434 14220 4046 264 66 46 198 337 141
internal_count=113715 48900 30002 9766 1466 642 236 406 80 156 317 824 8300 595 454 213 241 7705 1003 569 6702 701 6001 64815 10729 4701 3311 870 367 2441 54086 18898 20236 18991 585 96 65 489 18406 225 18288 3302 14986 1245 601 783 594 189 644 555 560 201 89 434 14220 4046 264 66 46 198 337 141
is_linear=0
shrinkage=0.05


Tree=26
num_leaves=63
num_cat=0
split_feature=14 25 9 10 11 3 13 14 23 13 25 14 14 25 8 13 13 14 14 14 21 25 20 14 17 21 14 11 11 21 10 13 13 14 14 13 13 14 10 16 14 14 14 21 23 21 18 13 14 21 14 23 25 13 14 21 17 25 25 17 13 14
split_gain=4.3535 0.534459 0.333887 0.659853 1.32918 0.578355 0.491187 0.780162 0.660599 0.503038 0.455383 0.421533 0.227286 0.203097 0.195372 0.221793 0.624256 0.340271 0.489373 0.588818 0.298679 0.315558 0.62037 0.616898 0.217902 0.191996 0.293301 0.258683 0.252374 0.311687 0.186706 0.548559 0.388839 0.313199 0.247712 0.526414 0.426125 0.389343 0.332195 0.3214 0.184733 0.179227 0.225506 0.200135 0.173302 0.297103 0.308315 0.207842 0.16992 0.232684 0.265379 0.169314 0.321635 0.2607 0.199533 0.225805 0.176101 0.174119 0.166839 0.164843 0.226515 0.165632
threshold=1.4450483091787441 15.565010547637941 -0.56174490092936669 0.68301270189221941 0.25000000000000017 3.5000000000000004 0.082807523885350329 0.033803085126642547 1.0345224738121035 0.068482244132274675 1.0000000180025095e-35 0.012579113924050636 0.083771929824561414 1.135882616043091 -0.8783796973249266 0.25477155062976747 0.20435739095112257 0.039088362617774389 0.11242977528089888 0.15643825301204822 0.96428570151329052 0.21814115345478061 1.0000000180025095e-35 0.012579113924050636 6.5000000000000009 1.0000000180025095e-35 0.05345238095238096 -0.9330127018922193 -0.68301270189221952 0.10714286193251611 -0.5 0.031821988731536473 0.008642420998250978 0.020942982456140354 0.95675549322113151 0.94690257000383593 0.62141715073637283 1.1059714795008915 -0.6830127018922193 4.5000000000000009 0.77836257309941537 0.05345238095238096 0.21466973886328727 0.17857143282890323 2.5773699283599858 2.3214286565780644 1.0000000180025095e-35 1.7016565288926562 0.91018438490348619 0.75000000000000011 1.0052083333333337 0.51123625040054332 1.135882616043091 0.26681388627285424 0.088073691014867506 0.32142858207225805 1.0000000180025095e-35 0.77496677637100231 6.8328146934509286 2.5000000000000004 0.22788659699804859 0.100561797752809
decision_type=2 2 2 2 2 2 2 2 2 2 2 2 2 2 2 2 2 2 2 2 2 2 2 2 2 2 2 2 2 2 2 2 2 2 2 2 2 2 2 2 2 2 2 2 2 2 2 2 2 2 2 2 2 2 2 2 2 2 2 2 2 2
left_child=2 -2 3 30 10 -6 7 11 12 -9 -5 -7 -8 -10 25 16 20 -18 -19 -20 21 22 -16 -23 41 27 28 -4 29 -27 31 32 -1 -32 36 37 39 -36 -37 -33 -38 -17 43 -43 45 46 -26 -46 59 -50 -51 52 53 -12 57 -56 -54 -53 -44 61 -61 -35
right_child=1 -3 14 4 5 6 8 9 13 -11 51 -13 -14 -15 15 24 17 18 19 -21 -22 23 -24 -25 44 26 -28 -29 -30 -31 33 34 -34 48 35 38 40 -39 -40 -41 -42 42 58 -45 47 -47 -48 -49 49 50 -52 54 56 -55 55 -57 -58 -59 -60 60 -62 -63
leaf_value=0.0019215610613662613 1.5985637844406773e-06 0.00030269831079458425 -0.0034730045642010926 -0.0040558375469991748 -0.0004224611742491796 -0.0068259835072203793 0.0046783454654411678 -0.0070299803102196051 -0.0059120078912894107 -0.016537376881634456 -0.00055031220007691214 -0.00082713592303096861 -0.00086575017130916497 -0.0031353919048657066 -0.00085730269306815365 -0.0048590539319820665 -0.0079690525391653399 0.0019935241323541272 -0.0039659070539247079 -0.0011599821829919752 -0.0050042565253979807 0.0017684779873602824 0.0010105046648300319 -0.00027077093280335559 -0.00025960445509569396 -0.0019456333614601765 0 0.00076134216564775271 -0.0022041968545268519 0.0049795677037631153 0.00072166047505710731 -0.00058167249414405986 -0.0028606108767394414 -0.00020275832246004341 -0.002933738230152051 -0.0025025551822271883 0.0016338944852935652 -0.011553305341592898 0.00052291007404558273 -0.0065278450454468329 -0.000374450996245306 0.0021412817402639644 -0.00023571882131801357 0.00014235120231697877 0.0012872392682633143 -0.006794793004580856 -0.0058336257994047302 -0.0039094694357632524 0.0022748874523090602 0.0019407926584299531 -0.00068569920443549415 0 -0.00095226816755293381 0.0034262747470202464 0.0035451206165242411 0.0003183681715784566 -0.0046536739562211644 -0.0060929327673539162 0.0011277058752091589 -0.0035179692047152353 0.0022106976720631184 -0.00079968033183742048
leaf_weight=46 20205 54802 37 79 186 50 21 53 104 21 328 76 146 226 4570 20 20 100 224 1208 35 392 490 6720 119 34 2183 971 285 30 656 2719 415 1901 41 174 333 21 185 23 169 194 7587 370 82 33 32 25 123 122 449 24 67 47 61 536 70 21 230 20 105 3099
leaf_count=46 20205 54802 37 79 186 50 21 53 104 21 328 76 146 226 4570 20 20 100 224 1208 35 392 490 6720 119 34 2183 971 285 30 656 2719 415 1901 41 174 333 21 185 23 169 194 7587 370 82 33 32 25 123 122 449 24 67 47 61 536 70 21 230 20 105 3099
internal_value=-5.43322e-07 0.000221656 -0.000431243 -0.000641592 -0.0014489 -0.00293048 -0.00359243 -0.00570793 -0.00273008 -0.00981418 -0.000383679 -0.00325081 -0.000136284 -0.00402712 -0.000328127 -0.000382571 -0.000507686 -0.00145336 -0.00136452 -0.00160264 -0.000387033 -0.000373304 -0.000675424 -0.000157645 -0.00018394 1.57462e-05 -0.000215137 0.000600626 -0.00156081 0.00122526 -0.000479967 -0.000743705 -0.00237227 -0.000311127 -0.000537433 -0.00168192 -0.000387315 -0.00594769 -0.000929836 -0.000633609 0.00094788 -0.000136684 -0.00012476 0.000839048 -0.00153051 -0.00246109 -0.00147702 2.3853e-05 -0.000428427 0.000301199 -0.000115526 -0.00012763 -0.000809021 -3.7803e-05 0.00040804 0.000656982 -0.00288198 -0.00277786 -0.000194949 -0.000528208 0.00125206 -0.000573739
internal_weight=113715 75007 38708 12717 2116 883 697 200 497 74 1233 126 167 330 25991 22451 13759 1552 1532 1432 12207 12172 5060 7112 8692 3540 2532 1008 349 64 10601 4126 461 6475 3665 421 3244 62 359 2742 502 8401 8381 564 291 184 151 107 5819 694 571 1154 512 375 642 597 137 45 7817 5125 125 5000
internal_count=113715 75007 38708 12717 2116 883 697 200 497 74 1233 126 167 330 25991 22451 13759 1552 1532 1432 12207 12172 5060 7112 8692 3540 2532 1008 349 64 10601 4126 461 6475 3665 421 3244 62 359 2742 502 8401 8381 564 291 184 151 107 5819 694 571 1154 512 375 642 597 137 45 7817 5125 125 5000
is_linear=0
shrinkage=0.05


end of trees

feature_importances:
LiaisonId_code=237
liaison_frequence=208
Mois=161
interaction_jour_liaison_controles=152
liaison_cible_encodage_controles=122
rolling_std_30_controles=82
rolling_mean_30_controles=78
JourSemaine=73
mois_sin=69
rolling_mean_14_controles=57
jour_semaine_cos=56
mois_cos=55
rolling_mean_7_controles=54
rolling_std_14_controles=52
rolling_std_7_controles=48
jour_semaine_sin=47
lag_1_controles=35
lag_30_controles=25
lag_14_controles=17
lag_7_controles=15
lag_365_controles=14
Annee=9
EstWeekend=7
EstRamadan=1

parameters:
[boosting: gbdt]
[objective: regression]
[metric: rmse,l2]
[tree_learner: serial]
[device_type: cpu]
[data_sample_strategy: bagging]
[data: ]
[valid: ]
[num_iterations: 1000]
[learning_rate: 0.05]
[num_leaves: 63]
[num_threads: 2]
[seed: 42]
[deterministic: 1]
[force_col_wise: 0]
[force_row_wise: 1]
[histogram_pool_size: -1]
[max_depth: 8]
[min_data_in_leaf: 20]
[min_sum_hessian_in_leaf: 0.001]
[bagging_fraction: 0.8]
[pos_bagging_fraction: 1]
[neg_bagging_fraction: 1]
[bagging_freq: 0]
[bagging_seed: 400]
[bagging_by_query: 0]
[feature_fraction: 0.8]
[feature_fraction_bynode: 1]
[feature_fraction_seed: 30056]
[extra_trees: 0]
[extra_seed: 12879]
[early_stopping_round: 0]
[early_stopping_min_delta: 0]
[first_metric_only: 0]
[max_delta_step: 0]
[lambda_l1: 0.1]
[lambda_l2: 0.1]
[linear_lambda: 0]
[min_gain_to_split: 0]
[drop_rate: 0.1]
[max_drop: 50]
[skip_drop: 0.5]
[xgboost_dart_mode: 0]
[uniform_drop: 0]
[drop_seed: 17869]
[top_rate: 0.2]
[other_rate: 0.1]
[min_data_per_group: 100]
[max_cat_threshold: 32]
[cat_l2: 10]
[cat_smooth: 10]
[max_cat_to_onehot: 4]
[top_k: 20]
[monotone_constraints: ]
[monotone_constraints_method: basic]
[monotone_penalty: 0]
[feature_contri: ]
[forcedsplits_filename: ]
[refit_decay_rate: 0.9]
[cegb_tradeoff: 1]
[cegb_penalty_split: 0]
[cegb_penalty_feature_lazy: ]
[cegb_penalty_feature_coupled: ]
[path_smooth: 0]
[interaction_constraints: ]
[verbosity: 1]
[saved_feature_importance_type: 0]
[use_quantized_grad: 0]
[num_grad_quant_bins: 4]
[quant_train_renew_leaf: 0]
[stochastic_rounding: 1]
[linear_tree: 0]
[max_bin: 255]
[max_bin_by_feature: ]
[min_data_in_bin: 3]
[bin_construct_sample_cnt: 200000]
[data_random_seed: 175]
[is_enable_sparse: 1]
[enable_bundle: 1]
[use_missing: 1]
[zero_as_missing: 0]
[feature_pre_filter: 1]
[pre_partition: 0]
[two_round: 0]
[header: 0]
[label_column: ]
[weight_column: ]
[group_column: ]
[ignore_column: ]
[categorical_feature: ]
[forcedbins_filename: ]
[precise_float_parser: 0]
[parser_config_file: ]
[objective_seed: 16083]
[num_class: 1]
[is_unbalance: 0]
[scale_pos_weight: 1]
[sigmoid: 1]
[boost_from_average: 1]
[reg_sqrt: 0]
[alpha: 0.9]
[fair_c: 1]
[poisson_max_delta_step: 0.7]
[tweedie_variance_power: 1.5]
[lambdarank_truncation_level: 30]
[lambdarank_norm: 1]
[label_gain: ]
[lambdarank_position_bias_regularization: 0]
[eval_at: ]
[multi_error_top_k: 1]
[auc_mu_weights: ]
[num_machines: 1]
[local_listen_port: 12400]
[time_out: 120]
[machine_list_filename: ]
[machines: ]
[gpu_platform_id: -1]
[gpu_device_id: -1]
[gpu_device_id_list: ]
[gpu_use_dp: 0]
[num_gpu: 1]

end of parameters

pandas_categorical:[]
