tree
version=v4
num_class=1
num_tree_per_iteration=1
label_index=0
max_feature_idx=25
objective=regression
feature_names=LiaisonId_code Annee Mois JourSemaine EstWeekend EstFerie EstRamadan EstVacances jour_semaine_sin jour_semaine_cos mois_sin mois_cos liaison_frequence liaison_cible_encodage_controles interaction_jour_liaison_controles lag_1_controles lag_7_controles lag_14_controles lag_30_controles lag_365_controles rolling_mean_7_controles rolling_mean_14_controles rolling_mean_30_controles rolling_std_7_controles rolling_std_14_controles rolling_std_30_controles
feature_infos=[0:2316] [2023:2025] [1:12] [0:6] [0:1] none [0:1] none [-0.97492790222167969:0.97492790222167969] [-0.90096884965896606:1] [-1:1] [-1:1] [1:1462] [0.0015197568573057652:354.80996704101562] [0:434.5] [0:1184] [0:934] [0:2049] [0:1166] [0:936] [0:1414] [0:993.4285888671875] [0:658.16668701171875] [0:1072.7113037109375] [0:931.416259765625] [0:723.73895263671875]
tree_sizes=5972 6102 6133 6187 6118 6247 6181 6141 6084 6066 6179 6183 6203 6104 6202 6122 6309 6151 6136 6202 6041 6158 6169 6090 6230 6140 6145 6168 6036 6101 6029 6058 6143 6128 6180 6164 6091 6046 5970 6139 6118 6051 6274 6021 6125

Tree=0
num_leaves=63
num_cat=0
split_feature=12 14 12 15 12 11 8 9 12 12 9 10 15 12 1 9 10 10 9 10 12 10 1 11 9 9 11 3 3 12 15 10 25 11 1 15 12 12 12 11 10 25 1 8 14 12 10 3 3 3 9 10 12 1 11 10 9 11 3 10 8 14
split_gain=117.083 78.1792 18.5613 13.7481 11.4839 5.39557 8.84209 7.27339 5.1052 4.76811 3.98547 4.25919 3.86183 3.68827 3.06537 3.05848 8.59726 3.18539 2.84588 2.62105 2.37867 2.13504 2.10486 1.78033 1.72924 1.5224 1.50258 1.37731 1.31371 1.30116 1.27529 1.2639 1.45097 1.09587 1.35243 0.906623 0.868141 0.851846 0.818386 0.798258 0.720093 0.69351 0.679641 0.672521 0.604974 0.569165 0.565348 1.60818 0.832901 0.564129 0.52718 0.520026 0.513997 0.507561 0.631556 0.564477 0.539622 0.502117 0.493485 0.480721 0.802994 0.468018
threshold=262.50000000000006 20.490151405334476 686.00000000000011 1.0000000180025095e-35 62.500000000000007 0.93301269412040722 1.0000000180025095e-35 -0.56174489110708226 70.500000000000014 65.500000000000014 -0.56174489110708226 1.0000000180025095e-35 1.0000000180025095e-35 1109.5000000000002 2024.5000000000002 1.0000000180025095e-35 1.0000000180025095e-35 1.0000000180025095e-35 -0.56174489110708226 0.68301269412040722 118.50000000000001 0.25000000000000011 2024.5000000000002 1.0000000180025095e-35 -0.56174489110708226 1.0000000180025095e-35 -0.68301269412040699 4.5000000000000009 1.0000000180025095e-35 33.500000000000007 1.0000000180025095e-35 0.25000000000000011 1.1051080226898196 0.68301269412040722 2024.5000000000002 1.0000000180025095e-35 120.50000000000001 464.00000000000006 118.50000000000001 -0.25000000000000006 -0.68301269412040699 0.89987221360206615 2024.5000000000002 0.87837970256805431 0.080229885876178755 170.00000000000003 1.0000000180025095e-35 3.5000000000000004 3.5000000000000004 4.5000000000000009 -0.56174489110708226 0.68301269412040722 107.50000000000001 2024.5000000000002 -0.93301269412040699 -0.25000000000000006 -0.56174489110708226 1.0000000180025095e-35 1.5000000000000002 1.0000000180025095e-35 0.6078576147556306 0.36873432993888861
decision_type=2 2 2 2 2 2 2 2 2 2 2 2 2 2 2 2 2 2 2 2 2 2 2 2 2 2 2 2 2 2 2 2 2 2 2 2 2 2 2 2 2 2 2 2 2 2 2 2 2 2 2 2 2 2 2 2 2 2 2 2 2 2
left_child=1 4 12 5 29 8 7 -7 15 27 11 20 23 30 19 16 18 40 -3 26 -10 24 -18 31 46 -26 52 -9 -19 -1 57 32 37 34 -25 -27 -23 -2 43 -40 -17 -35 51 -28 -39 -11 47 -16 -48 61 -36 -14 -6 55 56 -31 -55 -4 -8 -12 -61 -44
right_child=2 3 13 -5 14 6 58 9 10 45 59 -13 42 -15 21 17 22 28 -20 -21 -22 36 -24 33 25 35 38 -29 -30 53 -32 -33 -34 41 50 -37 -38 44 39 -41 -42 -43 49 -45 -46 -47 48 -49 -50 -51 -52 -53 -54 54 -56 -57 -58 -59 -60 60 -62 -63
leaf_value=0.016617668472789983 0.018208348358788158 0.029042730644786796 0.01841873270398663 0.017036573689321214 0.016671020968505642 0.019301208712312751 0.023121871170310129 0.043528347636452774 0.032894372646473977 0.027849499546399439 0.017912754589876224 0.017393303362905687 0.018203944288322053 0.019005041564219446 0.018558852716551395 0.018086528376844904 0.019644731285452639 0.020506758770364182 0.024423011413406519 0.016651794090619905 0.023667050867782709 0.017014671303924089 0.023466343319184377 0.017099675197286796 0.016956119540831524 0.017587255331238793 0.016992512780290518 0.034342260463951016 0.024218994843838194 0.016869426224918094 0.018626121336650845 0.017636657311884435 0.017748121186598766 0.017921028324989215 0.018263354867386519 0.018981104378423201 0.017351347388919601 0.022252362317267339 0.017831628871339211 0.017262209777495412 0.020639710042291093 0.017486064743749599 0.019196030143929031 0.017498366254985357 0.018899279332958697 0.020998102472888604 0.017865195026238942 0.017162748557125438 0.019291270778247264 0.018055163683774529 0.017546450044370873 0.017566120621494857 0.017010768539636754 0.017984720498989144 0.016859077542259314 0.016590270710781785 0.017081386988212099 0.01801962677400892 0.018076228335737465 0.01776067044505308 0.022615271219126962 0.018501752521783755
leaf_weight=198943 18395 616 14283 1525 20877 163 59 55 115 267 1233 176 20569 46266 4120 608 978 356 749 42910 186 43790 577 21413 11845 17287 46836 206 762 35573 37881 26359 18031 21278 3615 1253 33975 141 7161 43798 516 16161 3461 7628 3794 37 2060 4120 2060 4719 8919 3810 24045 2254 56924 37216 6199 17854 290 186 161 8458
leaf_count=198943 18395 616 14283 1525 20877 163 59 55 115 267 1233 176 20569 46266 4120 608 978 356 749 42910 186 43790 577 21413 11845 17287 46836 206 762 35573 37881 26359 18031 21278 3615 1253 33975 141 7161 43798 516 16161 3461 7628 3794 37 2060 4120 2060 4719 8919 3810 24045 2254 56924 37216 6199 17854 290 186 161 8458
internal_value=0.017339 0.016969 0.0181665 0.0213967 0.0169022 0.0221988 0.0255055 0.0286431 0.0217047 0.0313286 0.0195939 0.0236011 0.0178471 0.0186584 0.0171199 0.0225448 0.023614 0.0211499 0.0265122 0.0169965 0.027213 0.0173179 0.0210663 0.0177205 0.0176017 0.0173987 0.017095 0.0363065 0.0230418 0.0166996 0.0184293 0.0179063 0.0180822 0.0175469 0.017341 0.0176817 0.0171618 0.0183518 0.0171982 0.0173421 0.0192633 0.0177334 0.0182732 0.0170635 0.0190208 0.0270335 0.0181004 0.0178602 0.0185795 0.0185201 0.0177536 0.0181045 0.0168528 0.0168176 0.016919 0.0167266 0.0173229 0.0181972 0.018945 0.0183807 0.0200284 0.0187038
internal_weight=956102 660695 295407 9821 650874 8296 1077 728 7219 565 2057 477 179123 116284 313765 5162 2920 2242 1365 193255 301 120510 1555 138106 42745 30385 150345 261 1118 337109 70018 66720 40361 71386 33947 18540 77765 22330 105423 50959 1124 37439 41017 54464 3935 304 12360 8240 4120 16638 12534 24379 44922 138166 65377 72789 8453 32137 349 1580 347 11919
internal_count=956102 660695 295407 9821 650874 8296 1077 728 7219 565 2057 477 179123 116284 313765 5162 2920 2242 1365 193255 301 120510 1555 138106 42745 30385 150345 261 1118 337109 70018 66720 40361 71386 33947 18540 77765 22330 105423 50959 1124 37439 41017 54464 3935 304 12360 8240 4120 16638 12534 24379 44922 138166 65377 72789 8453 32137 349 1580 347 11919
is_linear=0
shrinkage=1


Tree=1
num_leaves=63
num_cat=0
split_feature=13 12 13 12 12 12 12 12 12 13 1 1 2 13 12 12 0 10 2 0 9 9 0 0 12 12 2 0 2 3 3 0 9 12 9 12 13 12 13 12 2 9 2 2 3 21 12 12 2 3 3 12 13 1 0 13 0 12 19 9 0 25
split_gain=110.812 468.832 55.3521 49.3526 13.3271 11.868 8.29928 7.87224 7.32774 4.24074 2.4724 2.35016 2.36478 2.23721 6.36422 2.66022 2.11964 2.03392 1.84557 1.70841 1.665 1.44294 1.41815 1.37398 1.32596 1.25103 1.23247 1.15449 1.08411 1.55918 1.12823 1.025 1.0205 0.984572 0.947555 0.905868 0.902956 0.78103 0.760382 0.682805 0.644683 2.35048 1.49086 1.42155 1.17778 0.63137 0.623067 0.58305 0.581158 1.82714 0.557266 0.539122 0.995336 0.485341 0.481093 0.445946 0.476682 0.522074 0.419462 1.23283 0.413715 0.385761
threshold=1.0099833607673647 120.50000000000001 19.095279693603519 186.50000000000003 54.500000000000007 938.50000000000011 165.50000000000003 479.50000000000006 47.500000000000007 19.095279693603519 2024.5000000000002 2024.5000000000002 7.5000000000000009 19.095279693603519 550.00000000000011 564.50000000000011 281.50000000000006 0.68301269412040722 5.5000000000000009 1630.5000000000002 -0.56174489110708226 1.0000000180025095e-35 2046.5000000000002 1929.5000000000002 70.500000000000014 13.500000000000002 5.5000000000000009 2255.5000000000005 1.5000000000000002 2.5000000000000004 1.0000000180025095e-35 1677.5000000000002 -0.56174489110708226 1109.5000000000002 -0.56174489110708226 312.50000000000006 0.28812266886234289 652.50000000000011 0.19305364042520526 14.500000000000002 9.5000000000000018 1.0000000180025095e-35 10.500000000000002 11.500000000000002 2.5000000000000004 1.0000000180025095e-35 686.00000000000011 114.50000000000001 6.5000000000000009 3.5000000000000004 3.5000000000000004 290.00000000000006 0.11648236587643625 2023.5000000000002 1544.5000000000002 0.31450997292995458 1465.5000000000002 505.50000000000006 1.0000000180025095e-35 -0.56174489110708226 1184.5000000000002 0.53282585740089428
decision_type=2 2 2 2 2 2 2 2 2 2 2 2 2 2 2 2 2 2 2 2 2 2 2 2 2 2 2 2 2 2 2 2 2 2 2 2 2 2 2 2 2 2 2 2 2 2 2 2 2 2 2 2 2 2 2 2 2 2 2 2 2 2
left_child=3 2 -2 8 25 6 9 10 39 -3 17 12 28 15 19 -8 -6 22 47 60 48 -22 35 26 -18 -4 51 37 29 30 -10 54 -11 -7 -28 38 -37 55 -5 -1 41 44 -42 -44 -14 -24 -17 58 50 -50 -20 -12 -53 -27 -26 56 57 -9 -13 -60 -15 -29
right_child=1 5 4 7 16 33 13 27 11 32 23 18 40 14 -16 46 24 -19 20 -21 21 -23 45 -25 31 53 34 61 -30 -31 -32 -33 -34 -35 -36 36 -38 -39 -40 -41 42 -43 43 -45 -46 -47 -48 -49 49 -51 -52 52 -54 -55 -56 -57 -58 -59 59 -61 -62 -63
leaf_value=-0.00077241646069874657 -0.00040790634244550417 -0.00070161297828879319 0.040951333324327273 0.00021411022268725177 0.012890678812202412 0.0011885467885046138 6.5293328575153305e-05 0.00092229795502935365 -0.00053926546525462111 0.012689547233670176 0.00010199247863796379 -0.00036927149448420278 0.0010471322649838173 0.0065072919969336833 0.00097353941099125735 0.00048779990496321859 0.031890262655342692 -0.00028724142656868596 0.00049556974728785883 0.022721395090185292 -0.00048947535329812129 0.00019277776251080167 0.00049359540849808182 0.001588556543672233 0.024047076942518432 0.033367752488688951 0.0013874539486076148 0.0018303462247126927 -0.00064139949031626195 -0.0006790392643130171 0.00087928389595468264 0.031917627262658316 0.023092532576546216 0.0015828532470317852 0.00059514545980859186 0.00067563128707252731 0.00016924676517694802 0.001316072369517393 -0.00023455994148328547 -0.00060023991959103952 -0.00072798622817883674 -0.00054381634606262541 0.00011648317330757789 -0.00043708622960660239 9.942932096599689e-05 0.001841157848537995 0.00082699670947604636 -6.3156727736451629e-05 0.0010759380466814491 -0.00036148449842757181 0.0016232084791595225 0.002074759498612615 0.00041435167938907536 0.037432274085107888 0.015238595025706615 0.00075154137478678754 0.0002246761584865727 0.00209780024980463 0.0053251746411777509 -0.00061367915707820136 0.011028225755600656 0.0036098635480336597
leaf_weight=82376 126 42 266 25859 29 24290 24402 1845 2089 50 15793 59619 4256 246 1864 22797 116 21866 2208 20 12699 19875 1594 3042 142 137 5325 808 88373 6821 4241 45 52 46249 13109 15928 19758 14058 14869 193778 16840 13846 21723 24853 14338 1945 33704 23254 4418 4418 2208 954 17360 423 22 20905 863 1983 127 276 70 510
leaf_count=82376 126 42 266 25859 29 24290 24402 1845 2089 50 15793 59619 4256 246 1864 22797 116 21866 2208 20 12699 19875 1594 3042 142 137 5325 808 88373 6821 4241 45 52 46249 13109 15928 19758 14058 14869 193778 16840 13846 21723 24853 14338 1945 33704 23254 4418 4418 2208 954 17360 423 22 20905 863 1983 127 276 70 510
internal_value=4.21126e-09 0.00122332 0.0310535 -0.000236848 0.0344169 0.000969936 0.000565512 0.000447194 -0.000462027 0.0125561 0.000286451 -0.000301647 -0.000410153 0.00054466 0.00211854 0.000501797 0.0262381 0.000139971 -0.000135717 0.00845351 0.00011905 -7.30464e-05 0.000256871 0.000554686 0.0274094 0.0379124 0.00049473 0.0010646 -0.000578352 -0.000154302 0.000410349 0.0248845 0.0180594 0.00144715 0.000824296 0.000211473 0.000395407 0.00101599 5.01865e-05 -0.000651618 -0.000231955 -5.04748e-05 -0.000324711 -0.000178795 0.000316623 0.00123565 0.000690227 -0.000275972 0.000591604 0.000356665 0.00106055 0.000316459 0.000501128 0.036453 0.0229059 0.000850983 0.00129304 0.00153258 -0.000358339 0.00124632 0.00752775 0.00252295
internal_weight=956102 155092 1306 801010 1180 153786 83247 198374 602636 144 157402 326482 197380 83103 2200 80903 354 101819 129102 336 45826 32574 79953 55583 325 826 52541 40972 101524 13151 6330 209 102 70539 18434 76414 35686 39654 40728 276154 95856 32440 63416 46576 18594 3539 56501 83276 13252 8836 4416 34107 18314 560 164 25596 4691 3828 60022 403 316 1318
internal_count=956102 155092 1306 801010 1180 153786 83247 198374 602636 144 157402 326482 197380 83103 2200 80903 354 101819 129102 336 45826 32574 79953 55583 325 826 52541 40972 101524 13151 6330 209 102 70539 18434 76414 35686 39654 40728 276154 95856 32440 63416 46576 18594 3539 56501 83276 13252 8836 4416 34107 18314 560 164 25596 4691 3828 60022 403 316 1318
is_linear=0
shrinkage=0.05


Tree=2
num_leaves=63
num_cat=0
split_feature=13 12 13 12 12 12 12 12 12 13 15 15 13 12 1 2 0 0 2 0 9 9 0 12 12 12 11 2 15 13 2 8 0 9 21 12 15 0 12 11 12 12 2 8 17 2 2 9 25 12 12 2 3 3 24 24 3 1 0 13 19 9
split_gain=100.012 423.18 49.9686 44.5429 12.0142 10.7101 7.49156 7.11106 6.6132 3.83148 2.75771 2.37477 3.57253 4.756 2.12102 2.1342 1.90846 1.80492 1.66572 1.52951 1.50274 1.30227 1.28569 1.22099 1.19037 1.12165 1.09232 1.16916 1.08371 1.08996 0.978298 2.41659 0.920518 0.917756 0.903874 0.8883 0.799257 0.778287 0.762159 0.688017 0.648051 0.616108 0.581852 2.13132 1.43388 1.34546 1.28298 1.05296 0.579955 0.549959 0.526149 0.52452 1.64907 0.502733 0.492753 0.474891 0.465124 0.430842 0.429494 0.381086 0.378356 1.11295
threshold=1.0099833607673647 120.50000000000001 19.095279693603519 186.50000000000003 54.500000000000007 938.50000000000011 165.50000000000003 464.00000000000006 47.500000000000007 19.095279693603519 1.0000000180025095e-35 1.0000000180025095e-35 19.095279693603519 550.00000000000011 2024.5000000000002 7.5000000000000009 281.50000000000006 1929.5000000000002 5.5000000000000009 1630.5000000000002 -0.56174489110708226 1.0000000180025095e-35 7.5000000000000009 498.50000000000006 70.500000000000014 13.500000000000002 1.0000000180025095e-35 5.5000000000000009 1.0000000180025095e-35 0.28812266886234289 1.5000000000000002 0.6078576147556306 1677.5000000000002 -0.56174489110708226 0.10714286193251611 1109.5000000000002 1.0000000180025095e-35 1929.5000000000002 639.50000000000011 0.68301269412040722 505.50000000000006 14.500000000000002 9.5000000000000018 0.87837970256805431 1.0000000180025095e-35 10.500000000000002 11.500000000000002 1.0000000180025095e-35 1.0000000180025095e-35 686.00000000000011 114.50000000000001 6.5000000000000009 3.5000000000000004 3.5000000000000004 5.1089770793914804 0.59509205818176281 1.5000000000000002 2023.5000000000002 1544.5000000000002 1.5766216516494753 1.0000000180025095e-35 -0.56174489110708226
decision_type=2 2 2 2 2 2 2 2 2 2 2 2 2 2 2 2 2 2 2 2 2 2 2 2 2 2 2 2 2 2 2 2 2 2 2 2 2 2 2 2 2 2 2 2 2 2 2 2 2 2 2 2 2 2 2 2 2 2 2 2 2 2
left_child=3 2 -2 8 25 6 9 10 41 -3 17 12 23 19 15 30 -6 22 50 -14 51 -22 55 -8 -18 -4 27 -24 29 40 31 -10 58 -11 -19 -7 -23 -12 -31 -28 -9 -1 43 47 -45 -44 -47 -17 -42 -13 60 53 -53 -20 -15 -5 -33 -27 -26 -25 -16 -62
right_child=1 5 4 7 16 35 11 28 14 33 37 49 13 54 18 42 24 34 20 -21 21 36 26 59 32 57 39 -29 -30 38 -32 56 -34 -35 -36 -37 -38 -39 -40 -41 48 -43 45 44 -46 46 -48 -49 -50 -51 -52 52 -54 -55 -56 -57 -58 -59 -60 -61 61 -63
leaf_value=-0.00073379567800006948 -0.00038752719615183591 -0.00066661562354717577 0.038904535639380122 0.0012999494382056349 0.012248359783152536 0.0011291196925034559 -0.00018437127285472933 0.0008268512556744254 -0.00061452300252636829 0.012056336198708493 0.00073901522641701023 0.00062551194771613727 0.0072023752935432943 0.0034892975169356064 -0.00035080795395856803 9.4457869652515725e-05 0.030297122939275608 0.00058356527480484628 0.00047079236136351142 0.021590977243671372 -0.00046500178684891864 0.00011420018865274232 -5.8738468156676742e-06 0.0006407908534044101 0.022845569236976091 0.031700581750532933 -0.00020314316640589991 0.0004425828994749411 0.0013727706442010193 0.0004687127213429985 -0.00060932955231372495 0.0013649816190083239 0.030325284390452165 0.021940122054368724 0.0017924665775165356 0.0015037107469546796 0.0016479068244044136 0.0024715424568378893 0.0010284472727719884 0.00012793620472788451 0.00030970169997727607 -0.00057022790824984434 -0.00069158714056417772 0.0007249170294495274 0.0041372654157888307 0.00011065904359579902 -0.00041523199460615146 -0.00051662573875589895 0.0022345016296263843 0.0010280386069766449 -5.9998904600263596e-05 0.0010221423727697786 -0.00034341072787065426 0.0015420517374157509 0.00032284590871451839 0.0052665693964460379 0.00031391896710631398 0.035561102523182939 0.014480112772856364 0.00027603852482937439 0.0050591254637618417 -0.00058300635672509343
leaf_weight=82376 126 42 266 1660 29 24290 13032 2255 8910 50 20617 16271 314 154 59619 14338 116 5469 2208 20 12699 18985 23826 10167 142 137 29934 37177 12900 15464 88373 2099 45 52 2168 46249 890 672 10084 32969 467 193778 16840 3921 335 21723 24853 13846 2632 17963 23254 4418 4418 2208 630 80 2142 423 22 24552 127 276
leaf_count=82376 126 42 266 1660 29 24290 13032 2255 8910 50 20617 16271 314 154 59619 14338 116 5469 2208 20 12699 18985 23826 10167 142 137 29934 37177 12900 15464 88373 2099 45 52 2168 46249 890 672 10084 32969 467 193778 16840 3921 335 21723 24853 13846 2632 17963 23254 4418 4418 2208 630 80 2142 423 22 24552 127 276
internal_value=1.30625e-08 0.00116219 0.0295028 -0.000225001 0.0326985 0.000921456 0.000537262 0.000424854 -0.000438927 0.0119295 0.00026545 0.000517447 0.000293579 0.00308771 -0.000286565 -0.000389647 0.0249307 0.000180996 -0.000128929 0.00808514 0.000113103 -6.93864e-05 0.000135587 0.000228048 0.0260429 0.0360181 0.000116589 0.000267347 0.000987254 0.000826155 -0.000549437 -0.000146587 0.0236444 0.0171607 0.000927423 0.00137479 0.000183139 0.00079395 0.000689843 -2.9537e-05 0.00147564 -0.000619038 -0.000220355 -4.79356e-05 0.000994777 -0.000308476 -0.00016985 -0.000205574 0.00194608 0.000836871 -0.000262176 0.000562044 0.000338804 0.00100758 0.00095157 0.00148549 0.000835321 0.0346314 0.0217634 0.000382997 -0.000340421 0.00118345
internal_weight=956102 155092 1306 801010 1180 153786 83247 198374 602636 144 154572 83103 48869 1118 326482 197380 354 133283 129102 334 45826 32574 125646 47751 325 826 123906 61003 43802 30902 101524 13151 209 102 7637 70539 19875 21289 25548 62903 5354 276154 95856 32440 4256 63416 46576 28184 3099 34234 83276 13252 8836 4416 784 1740 4241 560 164 34719 60022 403
internal_count=956102 155092 1306 801010 1180 153786 83247 198374 602636 144 154572 83103 48869 1118 326482 197380 354 133283 129102 334 45826 32574 125646 47751 325 826 123906 61003 43802 30902 101524 13151 209 102 7637 70539 19875 21289 25548 62903 5354 276154 95856 32440 4256 63416 46576 28184 3099 34234 83276 13252 8836 4416 784 1740 4241 560 164 34719 60022 403
is_linear=0
shrinkage=0.05


Tree=3
num_leaves=63
num_cat=0
split_feature=13 12 13 12 12 12 12 12 12 13 15 15 13 12 12 13 13 10 13 12 12 12 12 15 12 9 12 11 13 13 13 12 3 21 11 12 21 13 12 2 9 22 2 11 8 10 11 11 3 2 2 10 23 9 2 3 17 21 3 15 6 11
split_gain=90.2653 381.975 45.1092 40.2013 10.83 9.66516 6.76245 6.45051 5.99906 3.46188 2.93854 2.143 3.22609 4.29276 1.50325 1.7569 1.42542 1.36958 1.28837 1.28612 1.10202 1.00526 0.996074 0.903203 0.849057 0.825178 0.80143 0.78104 0.707758 0.640095 0.592358 0.514825 0.476898 0.443572 0.434212 0.430246 0.419843 0.403718 0.395432 0.393084 0.402901 0.379267 0.373343 0.372386 0.372006 0.505115 0.376649 0.443398 0.36881 0.360959 0.328742 0.329617 0.327848 0.366307 0.921284 1.40691 0.326711 0.505661 0.30218 0.300908 0.296226 0.293265
threshold=1.0099833607673647 120.50000000000001 19.095279693603519 186.50000000000003 54.500000000000007 938.50000000000011 165.50000000000003 505.50000000000006 62.500000000000007 19.095279693603519 1.0000000180025095e-35 1.0000000180025095e-35 19.095279693603519 550.00000000000011 312.50000000000006 0.27838629484176641 0.20793592929840091 0.68301269412040722 0.32930481433868414 84.500000000000014 498.50000000000006 13.500000000000002 33.500000000000007 1.0000000180025095e-35 114.50000000000001 -0.56174489110708226 1109.5000000000002 1.0000000180025095e-35 0.080039061605930342 0.12509659677743915 0.074104581028223052 550.00000000000011 1.5000000000000002 1.8214285373687746 0.68301269412040722 367.50000000000006 1.0000000180025095e-35 0.32930481433868414 639.50000000000011 5.5000000000000009 -0.56174489110708226 1.0000000180025095e-35 3.5000000000000004 1.0000000180025095e-35 -0.87837970256805409 -0.93301269412040699 -0.93301269412040699 -0.68301269412040699 3.5000000000000004 11.500000000000002 11.500000000000002 -0.68301269412040699 1.0000000180025095e-35 -0.56174489110708226 2.5000000000000004 3.5000000000000004 2.5000000000000004 0.53571429848670971 3.5000000000000004 1.0000000180025095e-35 1.0000000180025095e-35 1.0000000180025095e-35
decision_type=2 2 2 2 2 2 2 2 2 2 2 2 2 2 2 2 2 2 2 2 2 2 2 2 2 2 2 2 2 2 2 2 2 2 2 2 2 2 2 2 2 2 2 2 2 2 2 2 2 2 2 2 2 2 2 2 2 2 2 2 2 2
left_child=3 2 -2 8 21 6 9 10 22 -3 14 12 20 32 16 27 28 24 41 -6 -8 42 -1 38 44 -11 -7 29 36 -16 59 -13 -14 -15 -29 -17 -5 60 -20 -24 50 -9 58 -22 45 -10 48 -48 -46 -23 51 -41 -19 54 55 -54 -43 -58 -4 -26 -12 -30
right_child=1 5 4 7 19 26 11 18 17 25 37 31 13 33 15 35 -18 52 23 -21 43 49 39 -25 30 -27 -28 34 61 -31 -32 -33 -34 -35 -36 -37 -38 -39 -40 40 -42 56 -44 -45 46 -47 47 -49 -50 -51 -52 -53 53 -55 -56 -57 57 -59 -60 -61 -62 -63
leaf_value=-0.00062545955974072694 -0.00036816620663056581 -0.00063336405841160279 0.036533971097134896 0.00023820350645657341 0.026274090890472546 0.0010726639464876896 -0.00017515279066686247 0.00054222464838522518 0.00057373503631876117 0.011454722456222293 0.0010600819514856722 0.00040479378342970557 0.015188470093524571 0.0032929489280477241 0.0014085786129783475 -0.00012633884525246997 -0.00029930538771717145 -0.00045893426603540083 0.00047579476115457554 0.019867633460790804 0.00054298508924623557 0.033589743241363525 -0.00054186232928410405 0.0013091697600305467 5.4591236269639615e-05 0.020845221444131402 0.0014285254029476578 9.707378432607182e-05 0.00020256548476598824 0.00069073486925541301 -0.00021908332316935525 0.00089186322357910966 0.00715777627560279 0.00030259411622759157 0.00064854765940001091 0.00024447704833777828 0.00078216000129175192 0.00057795028795395694 0.00093394470361792773 -0.0003504080481400131 -0.00044649680720619794 0.0019293979407976544 0.037949388623337799 0.00021355375970532093 -0.00015744000323599839 -0.00054197351022202246 -0.00041293623353048795 -0.00017067047245635623 0.00039237240477198719 0.029487886730794489 -0.00071987768033377223 7.2143105187615701e-05 -0.00029015513160913185 -0.00034032780328741474 -0.00028374958678927079 0.0037729514026746125 0.011652681708116744 0.00054809368475918516 0.02612120659395134 0.00069247160430869136 9.7748814412428839e-05 -7.6162256096198942e-05
leaf_weight=202536 126 42 22 8210 210 24290 13032 530 1082 50 11301 6816 21 156 4450 11105 22356 64258 9166 144 15825 464 65024 9612 42994 52 46249 6803 18913 10474 25619 27418 313 628 7566 26351 6296 11632 9833 8296 53596 4057 223 18894 8648 15318 27948 58656 4709 96 2564 10369 428 6454 1783 420 22 21 21 1934 873 18803
leaf_count=202536 126 42 22 8210 210 24290 13032 530 1082 50 11301 6816 21 156 4450 11105 22356 64258 9166 144 15825 464 65024 9612 42994 52 46249 6803 18913 10474 25619 27418 313 628 7566 26351 6296 11632 9833 8296 53596 4057 223 18894 8648 15318 27948 58656 4709 96 2564 10369 428 6454 1783 420 22 21 21 1934 873 18803
internal_value=2.13859e-08 0.00110411 0.0280297 -0.000213747 0.031066 0.000875401 0.000510424 0.000403626 -0.00041698 0.0113342 0.000275662 0.000491595 0.000278924 0.00293414 0.000189049 0.000361424 3.47017e-05 -0.000236002 0.00103916 0.0236885 0.000216646 0.0342184 -0.000554529 0.000913583 -0.000164107 0.0163067 0.00130606 0.000651536 0.000177785 0.000905123 -2.71635e-05 0.000795035 0.00768206 0.000904335 0.000387803 0.000134404 0.000474644 0.000789638 0.000713179 -0.000451768 -0.000373408 0.00181406 0.03696 0.000363854 -0.00024709 -0.000468056 -0.000210787 -0.00024891 3.60231e-05 0.0329009 -0.000188647 -0.0001154 -0.000419152 -0.000137221 0.000359107 0.00171654 0.00197723 0.00635937 0.0316371 8.21626e-05 0.000991485 6.34757e-05
internal_weight=956102 155092 1306 801010 1180 153786 83247 198374 602636 144 165133 83103 48869 1118 141327 66749 74578 260251 33241 354 47751 826 342385 28611 186908 102 70539 29293 52222 14924 70547 34234 334 784 14369 37456 14506 23806 18999 139849 74825 4630 266 34719 116361 16400 99961 86604 13357 560 21229 18665 73343 9085 2631 848 4100 43 43 44928 12174 37716
internal_count=956102 155092 1306 801010 1180 153786 83247 198374 602636 144 165133 83103 48869 1118 141327 66749 74578 260251 33241 354 47751 826 342385 28611 186908 102 70539 29293 52222 14924 70547 34234 334 784 14369 37456 14506 23806 18999 139849 74825 4630 266 34719 116361 16400 99961 86604 13357 560 21229 18665 73343 9085 2631 848 4100 43 43 44928 12174 37716
is_linear=0
shrinkage=0.05


Tree=4
num_leaves=63
num_cat=0
split_feature=13 12 13 12 12 12 12 12 12 13 15 1 15 13 12 0 10 0 10 0 1 11 8 12 12 8 10 11 0 0 15 0 0 24 12 0 13 10 13 12 12 14 12 14 22 8 12 12 10 10 24 13 0 10 23 14 13 1 8 11 10 19
split_gain=81.4684 344.778 40.7223 36.2837 9.76986 8.72216 6.10429 5.85027 5.41634 3.12809 2.23117 1.96124 1.93384 2.91327 3.87455 1.71659 1.6832 1.53894 1.43015 1.37722 1.23058 1.1749 1.14813 1.00158 1.00145 0.973326 0.969015 0.950706 1.0346 0.932679 0.938595 0.894222 0.829093 0.80358 0.724951 0.693626 0.628198 0.613637 0.594776 0.540641 0.53252 0.486685 0.471326 0.455427 0.483676 0.448878 0.444308 0.4399 0.41334 0.40438 0.401533 0.398403 0.392862 0.388036 0.386826 0.415309 0.36365 0.339843 0.372745 0.488923 0.35742 0.338006
threshold=1.0099833607673647 120.50000000000001 19.095279693603519 186.50000000000003 54.500000000000007 938.50000000000011 165.50000000000003 464.00000000000006 47.500000000000007 19.095279693603519 1.0000000180025095e-35 2024.5000000000002 1.0000000180025095e-35 19.095279693603519 550.00000000000011 281.50000000000006 0.68301269412040722 1929.5000000000002 0.25000000000000011 1617.5000000000002 2024.5000000000002 -0.68301269412040699 -0.87837970256805409 70.500000000000014 534.00000000000011 0.87837970256805431 0.68301269412040722 0.25000000000000011 990.50000000000011 2255.5000000000005 1.0000000180025095e-35 7.5000000000000009 1677.5000000000002 0.31519888341426855 1168.0000000000002 1929.5000000000002 0.30009560286998754 0.25000000000000011 0.50650408864021312 114.50000000000001 14.500000000000002 0.090398367494344725 700.00000000000011 0.312876507639885 0.050000002607703216 0.87837970256805431 639.50000000000011 114.50000000000001 -0.25000000000000006 1.0000000180025095e-35 5.5945911407470712 0.057386096566915519 1544.5000000000002 -0.25000000000000006 0.77136236429214489 0.34807035326957708 1.452797055244446 2024.5000000000002 -0.60785761475563038 -0.93301269412040699 1.0000000180025095e-35 1.0000000180025095e-35
decision_type=2 2 2 2 2 2 2 2 2 2 2 2 2 2 2 2 2 2 2 2 2 2 2 2 2 2 2 2 2 2 2 2 2 2 2 2 2 2 2 2 2 2 2 2 2 2 2 2 2 2 2 2 2 2 2 2 2 2 2 2 2 2
left_child=3 2 -2 8 27 6 9 10 40 -3 17 16 13 24 19 -6 21 20 22 -15 26 -10 -13 -17 -8 49 36 -4 48 30 38 41 52 -19 -7 57 -5 -33 -9 45 -1 -22 -14 -31 -45 -23 -40 61 -29 -24 -16 -41 -25 -11 55 -46 -26 60 -59 -60 -12 -20
right_child=1 5 4 7 15 34 12 29 11 53 35 18 42 14 50 23 -18 33 47 -21 31 39 25 32 56 -27 -28 28 -30 43 -32 37 -34 -35 -36 -37 -38 -39 46 51 -42 -43 -44 44 54 -47 -48 -49 -50 -51 -52 -53 -54 -55 -56 -57 -58 58 59 -61 -62 -63
leaf_value=-0.00066583300958391559 -0.00034977248127566769 -0.00060177105268786467 0.034356547391536159 0.00021403810780868762 0.010482963525987779 0.0010618703165477964 -0.0001341693178786116 0.00097765260147834616 -0.00049359103169995715 0.012846707985424054 0.00069662799472718236 -0.00052246714108796009 0.00056286193436563402 0.0063973851756135951 0.003141370141837593 0.027470998670809571 -0.00063526763424386588 0.0005278693216530096 -0.00031149706627296318 0.019194062655283645 0.0036666034320995268 -0.00031582233005552978 0.00019297131997229427 0.020598701544677515 0.0006392481770729465 -0.00033731161942560035 -0.00030855817831538943 0.031099666963750584 0.032651906519956003 0.0018926582310529517 0.0012138547673063637 0.00058148570793584793 0.027686255512771481 0.0016678056300839707 0.0013853672318972865 0.0022979959157409012 -0.00011522288761559289 0.00017613112360489487 0.00030947603176140773 0.00014775714472519189 -0.00051375171095556971 0.00084054061541154591 0.000935303689280497 -0.00087310863994204688 0.012757055005319765 3.616605587625478e-05 0.00081293094550787817 -4.5252271076636195e-05 0.024754859099860433 0.00055608391660762712 0.00028878672081314498 -0.00019422652406784341 0.01262555401519413 0.019779771055019123 0.00063556151230742932 0.0051057870339083333 0.00026042193291317281 0.00037976576827395005 0.00212923007671071 0.00091228242907343948 0.00012520740632337526 0.0011386578811803444
leaf_weight=82376 126 42 410 42093 29 31548 14886 11694 45651 64 7461 6073 16560 311 155 116 42722 5469 59619 23 302 64431 20983 142 8622 6626 18670 53 267 1189 12667 14001 45 2168 38991 672 22066 28195 10584 16744 193778 319 17674 26 32 10510 7539 23254 96 12144 629 17322 22 38 23 48 24243 2507 988 5302 4359 403
leaf_count=82376 126 42 410 42093 29 31548 14886 11694 45651 64 7461 6073 16560 311 155 116 42722 5469 59619 23 302 64431 20983 142 8622 6626 18670 53 267 1189 12667 14001 45 2168 38991 672 22066 28195 10584 16744 193778 319 17674 26 32 10510 7539 23254 96 12144 629 17322 22 38 23 48 24243 2507 988 5302 4359 403
internal_value=2.76027e-08 0.00104894 0.0266299 -0.000203057 0.0295148 0.000831647 0.000484927 0.000383463 -0.000396134 0.0107686 0.000238875 -0.000258245 0.000467035 0.000265001 0.00278822 0.0225055 -0.000357366 0.000162905 -0.000106662 0.00729904 0.000120971 -0.000280567 0.000117602 0.0235593 0.000205814 0.000215511 8.40521e-06 0.0325097 0.0306697 0.000893579 0.000852744 0.000338612 0.0213522 0.000852148 0.00124076 0.000714258 0.000100718 0.000310751 0.000699165 -0.000191309 -0.000559135 0.00222331 0.000755291 0.00220586 0.00505022 -0.000266391 0.000519188 -0.000230132 0.0270646 0.000326237 0.00085946 -2.59892e-05 0.0195679 0.0154954 0.00659332 0.00824082 0.000359959 0.000662383 0.000898366 0.00110426 0.000486324 -0.000301675
internal_weight=956102 155092 1306 801010 1180 153786 83247 198374 602636 144 154572 326482 83103 48869 1118 354 197380 133283 129102 334 125646 154658 45826 325 47751 39753 82829 826 416 43802 42484 42817 209 7637 70539 21289 64159 42196 29817 109007 276154 621 34234 1318 129 74941 18123 83276 149 33127 784 34066 164 102 103 80 32865 20617 8797 6290 11820 60022
internal_count=956102 155092 1306 801010 1180 153786 83247 198374 602636 144 154572 326482 83103 48869 1118 354 197380 133283 129102 334 125646 154658 45826 325 47751 39753 82829 826 416 43802 42484 42817 209 7637 70539 21289 64159 42196 29817 109007 276154 621 34234 1318 129 74941 18123 83276 149 33127 784 34066 164 102 103 80 32865 20617 8797 6290 11820 60022
is_linear=0
shrinkage=0.05


Tree=5
num_leaves=63
num_cat=0
split_feature=13 12 13 12 12 12 12 12 12 13 1 15 13 12 15 13 10 12 10 9 13 12 9 12 12 1 9 1 11 11 11 15 9 12 10 11 15 12 11 10 13 21 10 13 9 12 10 9 11 1 8 1 10 24 13 11 1 1 10 3 3 15
split_gain=73.5292 311.218 36.4858 33.0583 8.27088 7.82855 7.39698 6.29899 3.45216 3.04359 1.88457 1.74508 2.63089 3.49716 1.59725 1.46902 1.46026 1.42388 1.19374 1.09773 1.09557 0.958973 0.925206 0.914053 0.889982 0.876354 0.823677 0.761408 0.758143 0.782812 0.747677 0.738234 0.729406 0.72472 0.702732 0.777577 0.683229 0.665745 0.598701 0.605471 0.550324 0.529071 0.504815 0.492996 0.476857 0.440688 0.440685 0.424624 0.408654 0.604451 0.394647 0.392579 0.376369 0.362334 0.361855 0.344126 0.334942 0.334565 0.333415 1.01135 0.514625 0.333405
threshold=1.0099833607673647 116.50000000000001 19.095279693603519 262.50000000000006 54.500000000000007 938.50000000000011 81.500000000000014 165.50000000000003 505.50000000000006 19.095279693603519 2024.5000000000002 1.0000000180025095e-35 19.095279693603519 550.00000000000011 1.0000000180025095e-35 0.12509659677743915 0.68301269412040722 33.500000000000007 0.25000000000000011 -0.56174489110708226 0.32930481433868414 84.500000000000014 -0.56174489110708226 493.00000000000006 13.500000000000002 2024.5000000000002 1.0000000180025095e-35 2024.5000000000002 -0.68301269412040699 -0.25000000000000006 -0.93301269412040699 1.0000000180025095e-35 1.0000000180025095e-35 339.00000000000006 -0.25000000000000006 0.68301269412040722 1.0000000180025095e-35 1109.5000000000002 1.0000000180025095e-35 0.25000000000000011 0.028493719175457958 1.0000000180025095e-35 0.68301269412040722 0.16341937333345416 -0.56174489110708226 550.00000000000011 -0.25000000000000006 1.0000000180025095e-35 0.68301269412040722 2024.5000000000002 -0.87837970256805409 2024.5000000000002 -0.68301269412040699 5.1089770793914804 0.36608655750751501 1.0000000180025095e-35 2023.5000000000002 2024.5000000000002 1.0000000180025095e-35 3.5000000000000004 3.5000000000000004 1.0000000180025095e-35
decision_type=2 2 2 2 2 2 2 2 2 2 2 2 2 2 2 2 2 2 2 2 2 2 2 2 2 2 2 2 2 2 2 2 2 2 2 2 2 2 2 2 2 2 2 2 2 2 2 2 2 2 2 2 2 2 2 2 2 2 2 2 2 2
left_child=3 2 -2 6 24 7 17 9 14 -3 16 12 23 46 15 25 28 -1 19 58 51 -6 -11 -9 -4 42 -21 34 -8 32 44 -22 -30 -27 35 47 -28 -7 39 54 -37 -31 -5 -16 -29 -13 -14 -19 49 -40 -32 -10 -52 -15 -17 -25 -26 -45 59 -12 -60 -46
right_child=1 5 4 8 21 37 10 11 20 22 18 45 13 53 43 38 -18 27 -20 26 31 -23 -24 55 56 33 36 30 29 41 50 -33 -34 -35 -36 40 -38 -39 48 -41 -42 -43 -44 57 61 -47 -48 -49 -50 -51 52 -53 -54 -55 -56 -57 -58 -59 60 -61 -62 -63
leaf_value=-0.00056540629655567613 -0.00032514443164740551 -0.0005810240801009868 0.033464149857651788 0.00068169489297402398 0.023764888465154951 0.00096593764873299402 -0.00034269739432470981 -0.00017797118317577456 0.001341453963742622 0.0099430106978942931 0.001202382553198403 0.00035641167805091278 0.0062859121133367821 0.0029934386959200331 0.001434777415419308 0.00065145888429744044 -0.00052193745356153229 -0.00030442681360999448 -7.468962620262498e-05 -0.00025967084539091687 0.00064410699561736565 0.018051781051405261 0.019312559652323362 0.00049354977436429374 0.027038155222633611 0.00077348557471236079 0.00025814122881791978 0.00060103602071715596 0.00062309012598974411 -0.00024937754733356525 -0.00059648608579233636 0.001183041569810486 -0.00018110666984999668 0.0021516430655493333 -0.00058094639623061607 0.00018471174196285888 0.001568375945595302 0.0012903693827306607 -0.00034267077854285236 7.3651127452797682e-05 -0.000529866954278693 2.4563416785954269e-05 -8.4580333328844039e-05 0.0004814686313888258 -0.00015655665992387119 0.00080712321136306657 0.012482540209776289 -0.00062390288563359843 0.00020245832287600662 0.00024093729852997116 4.0776910524516804e-05 0.0023429941121977851 -0.00032523467952588883 0.0002764408626876549 0.00024112339408349404 0.00018071517631818986 0.03047290828358646 0.00094451041970113189 0.00054544839209339435 -8.7827857928379161e-05 0.0018558687383676683 0.0015399495189849428
leaf_weight=202536 124 44 266 8949 210 24290 34803 12184 3182 55 3031 6816 300 154 2519 13626 33266 24244 57469 8710 18999 133 58 16230 137 2257 12555 3304 7270 39529 11901 9612 4593 1674 62390 9961 1083 46249 11685 14402 3693 31753 2814 9185 8786 27418 34 18349 20267 7143 7863 1448 63976 630 8950 19337 423 6878 1513 3031 1512 299
leaf_count=202536 124 44 266 8949 210 24290 34803 12184 3182 55 3031 6816 300 154 2519 13626 33266 24244 57469 8710 18999 133 58 16230 137 2257 12555 3304 7270 39529 11901 9612 4593 1674 62390 9961 1083 46249 11685 14402 3693 31753 2814 9185 8786 27418 34 18349 20267 7143 7863 1448 63976 630 8950 19337 423 6878 1513 3031 1512 299
internal_value=3.57475e-08 0.000996529 0.0254235 -0.0001929 0.0281589 0.00079112 -0.000343022 0.000462675 0.000494392 0.0104666 -0.000121894 0.000443703 0.000251774 0.00264961 0.000359761 0.000274077 -0.000229306 -0.000470248 6.07452e-05 0.000308504 0.000941169 0.0215701 0.0148092 0.000195523 0.0308859 0.000714628 0.000119828 -0.000380485 -0.00014673 -6.46414e-05 -0.00027577 0.000825343 0.000311309 0.00136168 -0.000465291 -0.000336916 0.000362565 0.00117872 0.000183124 0.000327374 -8.19677e-06 -0.000127279 0.000497959 0.000782641 8.64437e-05 0.000717534 0.00693522 -0.000442175 4.65567e-05 -0.000120995 -0.000329417 0.0016558 -0.000285104 0.000816827 0.000489009 0.00032361 0.0296465 0.000680054 0.000771963 0.000556462 0.00120213 -0.000100156
internal_weight=956102 155092 1293 801010 1169 153799 657420 83260 143590 157 240118 83103 48869 1118 110349 91767 151214 417302 88904 31435 33241 343 113 47751 826 15694 22348 214766 117948 83145 96129 28611 11863 3931 118637 56247 13638 70539 76073 36978 13654 71282 11763 18582 12389 34234 334 42593 39095 18828 83740 4630 71839 784 22576 35567 560 16063 9087 6062 3025 9085
internal_count=956102 155092 1293 801010 1169 153799 657420 83260 143590 157 240118 83103 48869 1118 110349 91767 151214 417302 88904 31435 33241 343 113 47751 826 15694 22348 214766 117948 83145 96129 28611 11863 3931 118637 56247 13638 70539 76073 36978 13654 71282 11763 18582 12389 34234 334 42593 39095 18828 83740 4630 71839 784 22576 35567 560 16063 9087 6062 3025 9085
is_linear=0
shrinkage=0.05


Tree=6
num_leaves=63
num_cat=0
split_feature=13 12 13 12 12 12 12 12 12 13 1 15 13 12 15 13 12 0 12 11 11 13 11 0 12 1 9 15 9 1 11 15 0 12 9 22 11 12 0 1 11 9 11 0 12 11 1 9 1 8 11 13 8 8 13 21 13 9 12 17 22 12
split_gain=66.3629 280.904 33.1886 29.8368 7.94558 7.10319 6.67582 4.97191 3.11554 2.5532 1.70091 1.57474 2.3759 3.15643 1.44153 1.32578 1.28493 1.24496 1.20273 1.00293 1.24492 0.988699 0.951658 0.946986 0.831256 0.790945 0.710679 0.764072 1.17229 0.687151 0.674834 0.6661 0.665012 0.653806 0.637241 0.626057 0.610218 0.601814 0.576538 0.566128 0.560627 1.13969 0.557491 0.873789 0.52149 0.508924 1.26166 0.940597 0.586983 0.575432 0.504303 0.548576 0.48151 0.464224 0.444764 0.436024 0.438422 0.430345 0.403222 0.391736 0.39014 0.440966
threshold=1.0099833607673647 120.50000000000001 19.095279693603519 262.50000000000006 67.500000000000014 938.50000000000011 81.500000000000014 165.50000000000003 505.50000000000006 19.095279693603519 2024.5000000000002 1.0000000180025095e-35 19.095279693603519 550.00000000000011 1.0000000180025095e-35 0.12509659677743915 33.500000000000007 1630.5000000000002 13.500000000000002 0.68301269412040722 1.0000000180025095e-35 0.32930481433868414 -0.93301269412040699 1677.5000000000002 564.50000000000011 2024.5000000000002 -0.56174489110708226 1.0000000180025095e-35 1.0000000180025095e-35 2024.5000000000002 -0.93301269412040699 1.0000000180025095e-35 267.50000000000006 339.00000000000006 -0.56174489110708226 1.0000000180025095e-35 0.68301269412040722 1168.0000000000002 1544.5000000000002 2024.5000000000002 -0.68301269412040699 1.0000000180025095e-35 0.93301269412040722 1324.5000000000002 75.500000000000014 0.93301269412040722 2023.5000000000002 0.81174489855766307 2023.5000000000002 -0.87837970256805409 0.93301269412040722 0.029500815086066726 -0.87837970256805409 1.0000000180025095e-35 0.16341937333345416 1.0000000180025095e-35 0.30009560286998754 -0.56174489110708226 700.00000000000011 1.0000000180025095e-35 0.28333334624767309 420.50000000000006
decision_type=2 2 2 2 2 2 2 2 2 2 2 2 2 2 2 2 2 2 2 2 2 2 2 2 2 2 2 2 2 2 2 2 2 2 2 2 2 2 2 2 2 2 2 2 2 2 2 2 2 2 2 2 2 2 2 2 2 2 2 2 2 2
left_child=3 2 -2 6 18 7 16 9 14 -3 19 12 24 17 15 25 -1 -14 -4 20 40 -10 26 32 -9 60 53 35 -29 36 57 -23 -6 -27 -11 -28 -18 -7 44 55 -8 -42 -20 -44 -34 46 -21 48 -47 -48 51 -38 -24 59 -16 -17 -57 -31 -13 -12 -5 -62
right_child=1 5 4 8 23 37 10 11 21 34 22 58 13 -15 54 39 29 -19 42 45 -22 31 52 -25 -26 33 27 28 -30 30 -32 -33 38 -35 -36 -37 50 -39 -40 -41 41 -43 43 -45 -46 47 49 -49 -50 -51 -52 -53 -54 -55 -56 56 -58 -59 -60 -61 61 -63
leaf_value=-0.00053713596876145192 -0.00031585046271132537 -0.00054277175541905213 0.031791571155435461 0.00042980722253759462 0.0081838771330095574 0.00095674827083229962 -0.00032556258972562049 -9.1450425972380755e-05 0.0015730702079203764 0.009704402818562028 0.0020893098573079539 0.00050363851493624842 0.0057919193439228273 0.00077632560749402873 0.0013630413971163484 -0.00022440411056288227 -0.00051595360507760953 0.018771442213091093 0.028360485915596919 -0.00056336861786997802 -0.00055345092915565284 0.00061190181665643918 -0.00031089635827449033 0.025269596624089376 0.00034265294488629734 0.00073481300788553225 0.0013685190869374363 -8.1438223468182017e-05 0.0033182844027005221 0.00057098512951532586 -0.00031294666732262563 0.0011238901072472029 0.025029970279382675 0.0020440673348338947 0.017987168551424442 -9.6484728406939955e-05 0.00011459148851760227 0.0012515807314471116 0.010346691254758242 0.00035739500416101598 0.00021294738660629191 -0.0003655562982843477 0.019574442919025138 0.028359551431006713 0.017545195866232075 -1.4975928654565081e-05 -0.00032958019284482919 0.00060652706135637944 -0.00061214022932381423 0.0003828525884496397 -0.00048558079672281131 -0.00041485724634280171 4.5845146385754693e-05 0.00051817778253824556 0.00064606725610337815 0.00033282943289942186 -3.5179321723474589e-06 -9.5119545283036397e-05 0.00084818284781330855 -0.00020303608642489851 0.0014428705204325221 0.0070566854256004299
leaf_weight=202536 126 42 266 11510 21 31548 34803 17248 4630 50 1299 16560 314 784 2519 9868 83300 20 533 5580 33989 18999 11026 48 30503 2257 821 529 482 3304 83740 9612 35 1674 52 6494 11852 38991 24 27098 19375 15183 61 68 124 7055 3322 2920 9934 19053 15164 8321 66527 1513 16063 17563 21544 9085 17674 213 210 43
leaf_count=202536 126 42 266 11510 21 31548 34803 17248 4630 50 1299 16560 314 784 2519 9868 83300 20 533 5580 33989 18999 11026 48 30503 2257 821 529 482 3304 83740 9612 35 1674 52 6494 11852 38991 24 27098 19375 15183 61 68 124 7055 3322 2920 9934 19053 15164 8321 66527 1513 16063 17563 21544 9085 17674 213 210 43
internal_value=4.07812e-08 0.000946729 0.0240369 -0.000183251 0.0266413 0.000750592 -0.000325872 0.000437691 0.000469694 0.00971875 -0.000115798 0.000421537 0.000239208 0.0025179 0.000341792 0.000260387 -0.000446737 0.00658949 0.0287911 -0.000217843 -0.000305479 0.000894134 5.7711e-05 0.0186966 0.000185747 0.000678913 0.000485308 0.000246065 0.00153462 -0.000361463 -0.000261979 0.000784085 0.0171139 0.00129366 0.0139894 6.72731e-05 -0.000442031 0.00111979 0.0181063 0.000173978 -0.000183893 -4.10729e-05 0.0275733 0.0242625 0.0192389 -2.85103e-05 0.00010896 -0.000221788 -0.000364452 0.000276854 -0.000267631 -0.00010355 -4.80999e-06 0.00114211 0.000743537 7.23895e-05 0.000147409 8.21223e-05 0.000681665 0.00176308 0.00047304 0.00241916
internal_weight=956102 155092 1306 801010 1180 153786 657420 83247 143590 144 240118 83103 48869 1118 110349 91767 417302 334 928 151214 103350 33241 88904 252 47751 15694 11351 8326 1011 214766 96129 28611 204 3931 102 7315 118637 70539 183 76073 69361 34558 662 129 159 47864 27955 19909 16989 22375 35337 20173 77553 3025 18582 48975 39107 12389 34234 1512 11763 253
internal_count=956102 155092 1306 801010 1180 153786 657420 83247 143590 144 240118 83103 48869 1118 110349 91767 417302 334 928 151214 103350 33241 88904 252 47751 15694 11351 8326 1011 214766 96129 28611 204 3931 102 7315 118637 70539 183 76073 69361 34558 662 129 159 47864 27955 19909 16989 22375 35337 20173 77553 3025 18582 48975 39107 12389 34234 1512 11763 253
is_linear=0
shrinkage=0.05


Tree=7
num_leaves=63
num_cat=0
split_feature=13 12 13 12 12 12 12 12 12 13 13 0 15 13 12 1 1 0 2 0 12 10 8 2 8 11 10 0 12 12 1 13 2 9 12 12 0 2 8 18 8 15 10 12 24 2 15 1 9 12 14 9 3 0 13 13 12 2 8 2 0 12
split_gain=59.896 253.587 29.7381 27.0755 6.80942 6.37582 5.12109 4.39015 4.05421 2.48074 1.51664 1.47226 1.42109 2.1453 2.85463 1.31569 1.21184 1.18378 1.18327 1.14964 1.09193 1.0001 0.913546 1.0638 0.786328 0.780477 1.00379 0.808728 0.763652 0.676607 0.648025 0.958101 0.646327 0.69989 0.639853 0.634195 0.638062 0.593547 2.04176 0.89707 0.581086 0.562964 0.559106 0.55302 0.538099 0.484725 0.473901 0.456856 0.483998 0.454795 0.54944 0.446387 0.430793 0.421173 0.419513 0.411286 0.393481 0.38995 1.65913 0.889769 0.380291 0.377226
threshold=1.0099833607673647 116.50000000000001 19.095279693603519 186.50000000000003 54.500000000000007 938.50000000000011 165.50000000000003 402.50000000000006 62.500000000000007 19.095279693603519 0.28812266886234289 281.50000000000006 1.0000000180025095e-35 19.095279693603519 584.00000000000011 2024.5000000000002 2024.5000000000002 2255.5000000000005 7.5000000000000009 1617.5000000000002 652.50000000000011 0.68301269412040722 -0.87837970256805409 5.5000000000000009 0.6078576147556306 0.25000000000000011 0.68301269412040722 990.50000000000011 479.50000000000006 20.500000000000004 2024.5000000000002 0.1528761833906174 5.5000000000000009 -0.56174489110708226 312.50000000000006 70.500000000000014 1677.5000000000002 1.5000000000000002 0.6078576147556306 1.0000000180025095e-35 0.6078576147556306 1.0000000180025095e-35 0.68301269412040722 1109.5000000000002 0.48302619159221655 5.5000000000000009 1.0000000180025095e-35 2024.5000000000002 -0.56174489110708226 344.00000000000006 0.034286834299564369 1.0000000180025095e-35 2.5000000000000004 132.00000000000003 0.080039061605930342 0.076982341706752791 335.00000000000006 9.5000000000000018 0.87837970256805431 10.500000000000002 1544.5000000000002 550.00000000000011
decision_type=2 2 2 2 2 2 2 2 2 2 2 2 2 2 2 2 2 2 2 2 2 2 2 2 2 2 2 2 2 2 2 2 2 2 2 2 2 2 2 2 2 2 2 2 2 2 2 2 2 2 2 2 2 2 2 2 2 2 2 2 2 2
left_child=3 2 -2 8 25 6 9 10 29 -3 16 -6 13 28 19 18 21 20 37 -15 30 34 -17 -24 -11 52 27 53 -8 -1 42 -32 49 -34 55 -13 60 38 -10 -40 -25 56 -9 -7 -19 -31 57 -47 -49 54 -51 -50 -4 -27 -18 -5 -12 58 -20 -59 -37 -14
right_child=1 5 4 7 11 43 12 17 15 24 41 35 61 14 -16 22 32 44 46 -21 -22 -23 23 40 -26 26 -28 -29 -30 45 31 -33 33 -35 -36 36 -38 -39 39 -41 -42 -43 -44 -45 -46 47 -48 48 51 50 -52 -53 -54 -55 -56 -57 -58 59 -60 -61 -62 -63
leaf_value=-0.00055261014099469697 -0.00029312051993311318 -0.00052547628490799139 0.032045321057330121 0.00045199405267953239 0.0083228190613332878 0.00086980376925047955 -0.00018237471817845221 0.00047744110015576622 -0.00053882537648221307 0.011232857273165522 -0.00032373175502995111 0.023574911753874047 0.00031340979567374245 0.005350338730368099 0.00067937916406234978 -0.00042258864154389055 0.00078803935021449362 0.0011871736979858702 -0.00016471917405524897 0.017021702293274335 0.0010035725947486411 -0.00024656088330404736 -0.00012005624214473589 0.00040019819958625192 0.022337438197921236 0.03104192539447205 0.016679163903151589 0.028722415331340158 0.00028784380498323884 -0.00048229605927062075 0.0026888205916875091 0.00067929963720834887 0.001458629721688491 0.0005815294542984372 0.00054814253299409477 0.017962377376932789 0.024195170965121717 -0.00046367703536824665 0.00067197411650866718 0.0035301242777796248 -5.999307702422459e-05 0.00031326345797462956 -3.5712446658363175e-05 0.0011655856130100937 0.0026223200555626595 -0.00040456297198763818 0.00046286763435045243 7.0438697308891204e-05 -0.00055431781672353117 0.0084375200854977638 0.00083626366474392859 -0.00015167810437937809 0.028123184373264838 0.022186952921089419 0.00014272567260785454 3.5165997453581048e-05 1.9446327301558489e-05 -0.00059793272749876492 0.0010401525392740999 -0.00011736251190376348 0.010022176205847078 0.00073048051940579901
leaf_weight=115459 124 44 149 7779 29 24290 11301 25647 7492 92 18973 116 6816 327 768 14124 3070 2380 21082 23 14058 12788 55212 20544 21 20 29 251 36450 105421 617 16635 3214 7909 13141 133 44 72293 3263 301 10272 7225 6671 46249 915 80676 3130 11814 11316 24 3370 17699 261 116 14212 24871 14875 13160 3305 36073 21 27418
leaf_count=115459 124 44 149 7779 29 24290 11301 25647 7492 92 18973 116 6816 327 768 14124 3070 2380 21082 23 14058 12788 55212 20544 21 20 29 251 36450 105421 617 16635 3214 7909 13141 133 44 72293 3263 301 10272 7225 6671 46249 915 80676 3130 11814 11316 24 3370 17699 261 116 14212 24871 14875 13160 3305 36073 21 27418
internal_value=4.48634e-08 0.000899425 0.0229491 -0.000174087 0.0254186 0.000714004 0.000417587 0.000332569 -0.000340876 0.00943789 0.000164687 0.019436 0.000400474 0.000227261 0.00239257 -0.000192092 0.000279192 0.00066225 -0.000281016 0.00613624 0.000614266 0.000144179 -4.9892e-05 1.12393e-05 0.0133587 0.0278941 0.0262255 0.0269234 0.000176455 -0.000453953 0.000503756 0.000751473 0.00052775 0.000835429 0.00025341 0.0204435 0.0185728 -0.000411485 -6.97619e-05 0.000914856 0.000246639 -8.71512e-05 0.000371363 0.00106381 0.00158729 -0.000403734 -0.000139263 -0.000335531 -0.000199003 0.000361984 0.000891735 -0.000308883 0.0295682 0.0235477 0.000257653 0.000134631 -0.00017277 -0.000164932 -1.22269e-06 -0.000245922 0.0169193 0.000647589
internal_weight=956102 155092 1293 801010 1169 153799 83260 198374 602636 157 131451 343 83103 48869 1118 260251 90378 66923 160099 350 63628 58579 100152 86028 113 826 416 387 47751 342385 49570 17252 31799 11123 45791 314 198 83349 11056 3564 30816 41073 32318 70539 3295 226926 76750 121505 40829 20676 3394 29015 410 136 17282 32650 33848 73620 24387 49233 154 34234
internal_count=956102 155092 1293 801010 1169 153799 83260 198374 602636 157 131451 343 83103 48869 1118 260251 90378 66923 160099 350 63628 58579 100152 86028 113 826 416 387 47751 342385 49570 17252 31799 11123 45791 314 198 83349 11056 3564 30816 41073 32318 70539 3295 226926 76750 121505 40829 20676 3394 29015 410 136 17282 32650 33848 73620 24387 49233 154 34234
is_linear=0
shrinkage=0.05


Tree=8
num_leaves=63
num_cat=0
split_feature=13 12 13 12 12 12 13 12 12 12 0 0 15 12 15 0 13 12 1 15 10 13 9 1 1 2 2 9 11 10 0 20 0 11 15 12 0 12 12 10 1 12 10 9 0 9 15 15 9 0 3 0 22 11 2 0 1 12 2 3 2 1
split_gain=54.0598 228.92 26.85 24.4422 6.13806 5.82392 6.62902 5.5311 3.76739 2.56481 1.32553 1.31649 1.25286 1.24127 1.20278 1.1879 1.18108 1.14558 1.01562 0.952227 0.897548 0.858335 0.841733 0.756507 0.74712 0.835162 0.744164 0.881578 0.698205 0.900811 0.723634 0.647651 0.610643 0.579019 0.576604 0.567675 0.572349 0.559488 0.517293 0.498865 0.495724 0.467256 0.46024 0.437599 0.434184 0.418481 0.40862 0.407107 0.405733 0.398829 0.38332 0.376404 0.365745 0.351529 0.572524 0.339807 0.322423 0.315121 0.306672 0.328899 0.299995 0.293285
threshold=1.0099833607673647 116.50000000000001 19.095279693603519 262.50000000000006 54.500000000000007 778.50000000000011 19.095279693603519 88.500000000000014 213.50000000000003 505.50000000000006 281.50000000000006 1647.5000000000002 1.0000000180025095e-35 38.500000000000007 1.0000000180025095e-35 1471.5000000000002 0.098458569496870055 1055.0000000000002 2024.5000000000002 1.0000000180025095e-35 0.68301269412040722 0.3510726690292359 -0.56174489110708226 2024.5000000000002 2024.5000000000002 7.5000000000000009 5.5000000000000009 -0.56174489110708226 0.25000000000000011 0.68301269412040722 990.50000000000011 0.78571429848670971 1465.5000000000002 -0.93301269412040699 1.0000000180025095e-35 70.500000000000014 1677.5000000000002 149.50000000000003 344.00000000000006 -0.25000000000000006 2024.5000000000002 479.50000000000006 0.68301269412040722 -0.56174489110708226 1.0000000180025095e-35 -0.56174489110708226 1.0000000180025095e-35 1.0000000180025095e-35 1.0000000180025095e-35 2263.5000000000005 2.5000000000000004 132.00000000000003 1.0000000180025095e-35 -0.68301269412040699 9.5000000000000018 1544.5000000000002 2023.5000000000002 420.50000000000006 7.5000000000000009 5.5000000000000009 5.5000000000000009 2024.5000000000002
decision_type=2 2 2 2 2 2 2 2 2 2 2 2 2 2 2 2 2 2 2 2 2 2 2 2 2 2 2 2 2 2 2 2 2 2 2 2 2 2 2 2 2 2 2 2 2 2 2 2 2 2 2 2 2 2 2 2 2 2 2 2 2 2
left_child=3 2 -2 7 28 6 19 13 11 12 -6 22 16 -1 18 31 23 46 20 41 53 52 -8 39 25 -15 -20 44 50 30 51 -10 40 45 -23 -12 55 -24 -25 -5 42 -3 -18 -40 -28 -26 -7 -47 -29 61 -4 -30 -11 -9 -55 -37 -32 -34 -35 -60 -42 -14
right_child=1 5 4 9 10 17 8 14 15 21 35 -13 49 24 -16 -17 32 -19 26 -21 -22 34 37 38 33 -27 27 48 29 -31 56 -33 57 58 -36 36 -38 -39 43 -41 60 -43 -44 -45 -46 47 -48 -49 -50 -51 -52 -53 -54 54 -56 -57 -58 -59 59 -61 -62 -63
leaf_value=-0.00047640726779319504 -0.00027847628707274811 -0.00017402315837802148 0.030444130053685011 0.0010733892607729246 0.0079081082570965043 0.00053379986945527433 0.0061720390606550954 -0.00027109263373444932 0.0037413504189352333 0.00019879721391499245 0.022397181564504015 0.021737638890557704 0.00048216715501870033 -0.00052238300022122361 0.00039489308357165595 0.012213311111835871 0.00011346389433265037 0.0010860845089024566 -8.0616584094891149e-05 0.00050387114567469391 -0.00044490954912342713 0.00053609989945016458 0.017804785288889891 0.00094453547111551187 0.0006078487068071751 -0.00026240416106841467 0.007746426097003583 -0.00023430470117897432 0.029497551165558213 0.015848071422568711 0.024666943635525188 0.00028498334228217682 0.00036295916381974677 -0.00028430838973630225 0.0010175120640195047 0.017064933386907 0.022988155709744312 0.0077835352811248719 0.0043905729583738392 0.0002249272483924547 0.00018139816633116213 0.00020751418937868494 -0.00025588952423738368 0.00183083309756753 0.00070367885559190582 -0.00012602585068760517 0.00086284848425974975 0.0016179822163516697 0.00025625985229454326 0.002433916822698075 0.026717563657991075 0.021078561031412812 0.0015379098197856676 0.00011004865578880527 -0.00018364285494597824 0.0095234421841023376 0.029029089888221823 0.0010044603795181524 -9.3895388626612697e-05 0.00079294656248745212 0.00054848794589001438 0.0008902863571313976
leaf_weight=227318 124 11318 149 2689 29 16111 91 29736 359 581 116 26 10632 60743 12322 33 36690 52182 47607 22727 28759 18459 38 1224 3224 63098 22 6826 20 29 102 223 6384 72961 9450 133 44 26 239 4928 16972 27498 10948 600 7112 8517 23167 348 10999 322 261 116 4751 27773 41179 21 149 2762 7666 1210 8331 7628
leaf_count=227318 124 11318 149 2689 29 16111 91 29736 359 581 116 26 10632 60743 12322 33 36690 52182 47607 22727 28759 18459 38 1224 3224 63098 22 6826 20 29 102 223 6384 72961 9450 133 44 26 239 4928 16972 27498 10948 600 7112 8517 23167 348 10999 322 261 116 4751 27773 41179 21 149 2762 7666 1210 8331 7628
internal_value=5.05999e-08 0.000854491 0.0218043 -0.00016538 0.0241508 0.000678318 0.000305517 -0.000294466 0.00483921 0.000425595 0.0184684 0.0111879 0.00030954 -0.00039464 -8.44619e-05 0.00296108 0.000233645 0.000932363 -0.000114018 0.000246789 -0.000199042 0.000810707 0.00937321 0.000756148 -0.000309264 -0.000389962 3.52389e-05 0.000256422 0.0265019 0.0249172 0.0255796 0.00242587 0.000171967 -0.00020281 0.000699288 0.019425 0.017648 0.0138301 0.00160665 0.000525123 0.000123589 9.61363e-05 2.84751e-05 0.0025664 0.000726207 0.00011991 0.000728009 -5.69825e-05 6.81197e-05 0.000684078 0.0280911 0.0223741 0.00139294 -0.000127342 -6.52751e-05 0.0160758 0.0272869 0.000557242 -0.000250543 2.64455e-05 0.000302462 0.000652934
internal_weight=956102 155092 1293 801010 1169 153799 62339 657420 796 143590 343 181 110349 445085 212335 615 91767 91460 200013 61543 127447 33241 155 9680 217767 123841 72566 24959 826 416 387 582 82087 93926 27909 314 198 64 2063 7617 72941 38816 47638 839 7134 12089 39278 8865 17825 18582 410 136 5332 98688 68952 154 251 9146 81837 8876 25303 18260
internal_count=956102 155092 1293 801010 1169 153799 62339 657420 796 143590 343 181 110349 445085 212335 615 91767 91460 200013 61543 127447 33241 155 9680 217767 123841 72566 24959 826 416 387 582 82087 93926 27909 314 198 64 2063 7617 72941 38816 47638 839 7134 12089 39278 8865 17825 18582 410 136 5332 98688 68952 154 251 9146 81837 8876 25303 18260
is_linear=0
shrinkage=0.05


Tree=9
num_leaves=63
num_cat=0
split_feature=13 12 13 12 12 12 13 12 12 12 0 0 0 12 2 12 12 9 2 13 13 21 12 12 0 12 12 13 12 0 23 13 14 22 22 13 20 18 2 16 12 13 0 2 0 0 20 9 2 9 9 2 2 0 13 10 20 13 0 0 0 12
split_gain=48.793 206.66 24.2435 22.1896 5.53844 5.25546 5.989 3.62026 3.44816 3.32408 2.35631 1.36435 1.24433 1.044 1.02512 0.969695 0.950165 0.92136 0.911567 0.897607 0.891551 0.860558 0.756892 0.624124 0.621399 0.609621 0.583205 0.57049 0.536751 0.5132 0.440386 0.432434 0.414616 0.422917 0.412597 0.462681 0.393574 0.392294 0.386117 0.48496 0.380176 0.370468 0.368631 0.382846 0.351805 0.351507 0.347262 0.410158 0.316523 0.49794 0.488988 0.630756 0.312974 0.303448 0.30141 0.298318 0.29074 0.276953 0.270404 0.269944 0.268542 0.267742
threshold=1.0099833607673647 116.50000000000001 19.095279693603519 186.50000000000003 52.500000000000007 778.50000000000011 19.095279693603519 464.00000000000006 412.50000000000006 47.500000000000007 1734.5000000000002 1929.5000000000002 281.50000000000006 1109.5000000000002 5.5000000000000009 290.00000000000006 149.50000000000003 -0.56174489110708226 1.5000000000000002 0.19305364042520526 0.20793592929840091 0.10714286193251611 464.00000000000006 13.500000000000002 2255.5000000000005 107.50000000000001 70.500000000000014 0.049393232911825187 672.00000000000011 1677.5000000000002 0.43295724689960485 0.52715286612510692 0.312876507639885 0.050000002607703216 0.050000002607703216 0.098458569496870055 1.0000000180025095e-35 1.0000000180025095e-35 3.5000000000000004 1.0000000180025095e-35 14.500000000000002 0.060986882075667388 2110.0000000000005 11.500000000000002 1191.0000000000002 1.0000000180025095e-35 1.0000000180025095e-35 0.81174489855766307 11.500000000000002 0.81174489855766307 -0.56174489110708226 10.500000000000002 3.5000000000000004 1544.5000000000002 1.452797055244446 0.68301269412040722 0.78571429848670971 0.38188883662223821 912.00000000000011 491.50000000000006 1324.5000000000002 114.50000000000001
decision_type=2 2 2 2 2 2 2 2 2 2 2 2 2 2 2 2 2 2 2 2 2 2 2 2 2 2 2 2 2 2 2 2 2 2 2 2 2 2 2 2 2 2 2 2 2 2 2 2 2 2 2 2 2 2 2 2 2 2 2 2 2 2
left_child=3 2 -2 9 23 6 22 11 10 40 16 15 -6 -7 18 20 17 -8 37 34 41 55 -3 52 28 48 -14 45 31 53 -21 -9 -26 -34 -17 -36 -24 46 -35 -40 -1 -5 43 59 -18 -27 47 -11 50 -50 51 -16 -4 -28 -38 -13 -10 -32 -45 -25 -47 -20
right_child=1 5 4 7 12 13 8 24 56 14 -12 21 26 -15 25 19 44 -19 61 30 -22 -23 36 42 32 27 29 -29 -30 -31 57 -33 33 38 35 -37 54 -39 39 -41 -42 -43 -44 58 -46 60 -48 -49 49 -51 -52 -53 -54 -55 -56 -57 -58 -59 -60 -61 -62 -63
leaf_value=-0.00052596352177247446 -0.00026456368914512236 -0.00010356674597749121 0.022709591177631421 0.00051187652122409923 0.0076669900149974879 0.00071454518428643867 0.0056064317155182022 0.00077134412863759697 0.0029000864027763141 0.00011342654033693011 0.02337709283262986 0.00070535969977842848 0.021361691676199879 0.0010530023604540775 -7.1879799730793545e-05 0.00014419359145730735 0.0045061046786696443 0.01707819791692099 -0.00040162276376903686 8.6708235822964686e-06 -0.00025012551549734199 0.001551866904054686 -0.00012767281325258418 0.027569559754335102 0.0014756963265533905 0.0018928282196407507 0.016212327831098005 -0.00013182869018407324 0.00096089816132483843 0.02184135427069164 0.00045908066152382731 0.00039382961184124331 -0.0010486057777514405 0.002073871913739876 0.0013047369699384021 0.0005622330209618645 0.00058571568565596202 0.0010468189516878231 0.01265283739503777 0.0033898884026181231 -0.00039743999648587415 8.4718154577928322e-05 0.028592418410787076 0.015644924538179093 0.0087675401824443468 6.0586438001615106e-05 -0.00036471526192087506 -0.00051275485191146458 -0.00051320038538551181 0.00027744908079139628 -0.00022113381182785327 0.00060046120811223583 0.028307042233579129 0.0090495269511999023 0.00029048828236197277 -7.6523607991752795e-05 0.00027074058596938114 0.0001670217164559096 0.022511355943653305 0.023606803679810905 0.00040646563560223166 -0.0002404793619906844
leaf_weight=82376 124 13032 43 5805 30 45211 33 13641 207 18636 24 3877 133 46249 23991 4656 197 42 87125 24072 21668 2668 4348 77 1189 297 133 31117 11553 44 14004 17290 26 42 2514 13148 11888 797 33 28 193778 40893 56 30 70 19249 7735 3041 13179 2337 70065 4081 223 21 32275 1764 223 19503 55 324 7948 36884
leaf_count=82376 124 13032 43 5805 30 45211 33 13641 207 18636 24 3877 133 46249 23991 4656 197 42 87125 24072 21668 2668 4348 77 1189 297 133 31117 11553 44 14004 17290 26 42 2514 13148 11888 797 33 28 193778 40893 56 30 70 19249 7735 3041 13179 2337 70065 4081 223 21 32275 1764 223 19503 55 324 7948 36884
internal_value=5.88216e-08 0.000811811 0.020717 -0.000157107 0.0229467 0.00064442 0.000290275 0.000301561 0.00459957 -0.000308098 0.00816911 0.000187812 0.0177403 0.00088575 -0.00020007 0.000152364 0.00708074 0.0121114 -0.00029373 0.000272977 1.48632e-05 0.000811194 0.00023445 0.0252642 0.000702853 -0.000116192 0.0186356 1.47088e-05 0.00066949 0.0167694 0.000172027 0.000560482 0.00177434 0.00448494 0.000558808 0.000681744 0.000325358 -4.7244e-05 0.00592992 0.00849533 -0.000435797 0.000137926 0.0241872 0.0236636 0.00564492 0.000180738 -7.70642e-05 2.53489e-05 -0.000183741 -0.000393791 -0.00015048 2.56862e-05 0.0274299 0.0152745 0.000370073 0.000459973 0.0015485 0.000289236 0.0201679 0.0243869 0.00016185 -0.000353734
internal_weight=956102 155092 1293 801010 1169 153799 62339 198374 796 602636 366 154572 361 91460 326482 146263 342 75 154218 77897 68366 8309 61543 808 43802 172264 331 58611 42484 198 57579 30931 1318 129 20318 15662 48511 30209 103 61 276154 46698 542 486 267 27494 29412 21677 113653 15516 98137 28072 266 154 44163 5641 430 33507 85 401 27197 124009
internal_count=956102 155092 1293 801010 1169 153799 62339 198374 796 602636 366 154572 361 91460 326482 146263 342 75 154218 77897 68366 8309 61543 808 43802 172264 331 58611 42484 198 57579 30931 1318 129 20318 15662 48511 30209 103 61 276154 46698 542 486 267 27494 29412 21677 113653 15516 98137 28072 266 154 44163 5641 430 33507 85 401 27197 124009
is_linear=0
shrinkage=0.05


Tree=10
num_leaves=63
num_cat=0
split_feature=13 12 13 12 12 12 13 12 12 12 1 1 3 12 2 12 12 2 12 2 13 2 13 12 13 8 11 11 2 2 2 1 2 12 11 2 8 18 8 2 13 24 8 12 3 2 8 18 25 22 22 12 8 11 1 3 2 3 24 3 2 2
split_gain=44.0392 186.567 21.8904 20.0389 4.99275 4.75097 5.34054 3.95107 3.12645 2.47051 1.23209 1.10617 1.00764 0.865552 0.841313 0.839319 0.828573 0.806869 0.788865 0.77572 0.735023 0.731841 0.720962 0.706615 0.645353 0.633215 0.62686 0.675291 0.600678 0.554581 0.544193 0.54106 0.708229 0.521495 0.515453 0.511699 0.892277 0.523534 0.48438 0.474736 0.449326 0.444796 0.428966 0.420747 0.416623 0.404129 1.54287 0.846099 0.399932 0.371605 0.367042 0.353776 0.329927 0.32227 0.310279 0.299556 0.432621 0.295001 0.288809 0.279667 0.277899 0.27642
threshold=1.0099833607673647 116.50000000000001 19.095279693603519 236.50000000000003 52.500000000000007 802.00000000000011 19.095279693603519 81.500000000000014 412.50000000000006 505.50000000000006 2024.5000000000002 2024.5000000000002 2.5000000000000004 33.500000000000007 7.5000000000000009 149.50000000000003 550.00000000000011 5.5000000000000009 1109.5000000000002 9.5000000000000018 0.32930481433868414 5.5000000000000009 0.098458569496870055 84.500000000000014 0.14036607742309573 -0.87837970256805409 0.25000000000000011 0.68301269412040722 8.5000000000000018 5.5000000000000009 10.500000000000002 2024.5000000000002 7.5000000000000009 344.00000000000006 -0.93301269412040699 1.5000000000000002 0.6078576147556306 1.0000000180025095e-35 0.87837970256805431 11.500000000000002 1.5766216516494753 1.0000000180025095e-35 -0.87837970256805409 639.50000000000011 2.5000000000000004 1.5000000000000002 0.6078576147556306 1.0000000180025095e-35 0.62743628025054943 0.28333334624767309 1.0000000180025095e-35 290.00000000000006 -0.87837970256805409 1.0000000180025095e-35 2024.5000000000002 4.5000000000000009 4.5000000000000009 2.5000000000000004 1.0000000180025095e-35 1.0000000180025095e-35 7.5000000000000009 5.5000000000000009
decision_type=2 2 2 2 2 2 2 2 2 2 2 2 2 2 2 2 2 2 2 2 2 2 2 2 2 2 2 2 2 2 2 2 2 2 2 2 2 2 2 2 2 2 2 2 2 2 2 2 2 2 2 2 2 2 2 2 2 2 2 2 2 2
left_child=3 2 -2 7 26 6 16 13 12 11 14 17 15 -1 45 -8 -3 35 -7 24 54 -12 33 -6 49 -23 44 -28 50 -24 -21 32 -15 -13 -33 36 -5 -38 48 -14 -18 59 -31 -22 -4 46 -9 -48 -27 -19 57 -26 -36 -45 -11 56 -35 -16 -32 -30 -54 -47
right_child=1 5 4 9 23 18 8 10 -10 20 21 22 39 31 28 -17 40 19 -20 30 43 25 29 -25 51 38 27 -29 41 42 58 34 -34 55 52 -37 37 -39 -40 -41 -42 -43 -44 53 -46 61 47 -49 -50 -51 -52 -53 60 -55 -56 -57 -58 -59 -60 -61 -62 -63
leaf_value=-0.00043963334689438592 -0.00025134616254529748 1.1802652192718564e-05 0.027921499200106711 -7.2877768154555684e-05 0.018619583337435054 0.00069530130789317727 0.01935435986344353 -0.00044474546164778014 0.0014890716582471937 0.0010393692934388696 -6.164154669352445e-05 0.00074524930442219776 0.0054043083003325817 -0.0004949366244746086 6.2035702273921902e-05 0.0088509467259445338 0.00061686353044345939 0.00081902820204085135 0.0010003523457521363 -0.00033433293053611947 0.00042870320377309226 -0.00034497652859506126 0.0002611956920715023 0.013786472484279092 -0.00010892947975023607 0.00054087296909562012 0.014954033414499596 0.023105145545135229 0.00010027030638162977 -4.2739278638064599e-05 -9.2265525760179694e-05 9.3573018379104181e-05 -0.00025009343390364132 0.0016826648597458719 -0.00049584480996363095 -0.00016960492778810975 0.00076230041028071092 0.0026945288146951294 -0.00014715385939174618 0.012052300262969927 0.00027153687025441791 3.8178634088522695e-05 0.00074647216189278063 0.001043769852603511 0.024106686590943966 -0.00043414454683587847 0.00059720583821917155 0.0032144954574477354 -1.9952906574262426e-05 0.0024621956117277521 0.00013120325201292193 0.00043165854666075569 -0.00024567236644415193 0.00058603606083041597 0.0019297949833391927 0.0007347722224352824 0.0042949930532331934 0.0013155513515011614 0.0003085888704465705 -0.00030959618599853323 6.8833552076079415e-05 -0.00021272297675984536
leaf_weight=202536 124 23454 147 4069 228 39438 30 6836 439 3182 53473 1994 242 56588 738 62 13785 5472 46249 6169 13073 3880 27141 133 3792 17291 32 372 4857 1973 6221 12389 62049 404 11901 23979 1470 466 4232 32 30068 22504 12911 7754 257 41697 2907 347 3874 371 8948 14725 63976 7784 1448 267 272 1332 16023 28371 7863 21461
leaf_count=202536 124 23454 147 4069 228 39438 30 6836 439 3182 53473 1994 242 56588 738 62 13785 5472 46249 6169 13073 3880 27141 133 3792 17291 32 372 4857 1973 6221 12389 62049 404 11901 23979 1470 466 4232 32 30068 22504 12911 7754 257 41697 2907 347 3874 371 8948 14725 63976 7784 1448 267 272 1332 16023 28371 7863 21461
internal_value=6.54843e-08 0.000771261 0.0196841 -0.000149248 0.0218028 0.000612214 0.000300406 -0.000274664 0.00434893 0.000349434 -0.000104597 0.000249441 0.0077642 -0.000365431 -0.000195013 0.0123476 0.000251904 0.000140891 0.00086001 0.000258592 0.000733479 4.83082e-05 0.000449124 0.0168571 0.000465666 0.000249296 0.0240039 0.0224757 -6.65187e-05 0.000396015 8.0879e-05 -0.00029543 -0.000366922 0.00120731 -0.000207146 -6.60998e-05 0.000346377 0.00123009 0.000340284 0.00620307 0.000380204 -0.000133269 0.00064152 0.000638554 0.0255137 -0.000312039 -1.76843e-05 0.000877935 0.000437985 0.000924257 0.000270669 0.000320684 -0.000251696 0.000814788 0.00131896 0.00217887 0.00274165 0.000871086 0.000196257 -0.000249535 -0.000211179 -0.000358985
internal_weight=956102 155092 1293 801010 1169 153799 68112 640050 805 160960 222748 127719 366 417302 139998 92 67307 82757 85687 52773 33241 82750 44962 361 24360 29277 808 404 66750 42025 28413 214766 118637 2937 96129 29984 6005 1936 25397 274 43853 55732 14884 28611 404 73248 10090 3254 21165 5843 11018 18517 83740 15538 4630 943 676 2070 22244 33228 71839 63158
internal_count=956102 155092 1293 801010 1169 153799 68112 640050 805 160960 222748 127719 366 417302 139998 92 67307 82757 85687 52773 33241 82750 44962 361 24360 29277 808 404 66750 42025 28413 214766 118637 2937 96129 29984 6005 1936 25397 274 43853 55732 14884 28611 404 73248 10090 3254 21165 5843 11018 18517 83740 15538 4630 943 676 2070 22244 33228 71839 63158
is_linear=0
shrinkage=0.05


Tree=11
num_leaves=63
num_cat=0
split_feature=13 12 13 12 12 12 12 12 12 13 13 15 13 12 0 0 15 1 11 0 1 11 10 11 2 9 10 13 9 9 12 0 12 9 11 0 11 12 2 9 22 9 15 21 13 12 15 12 2 1 9 9 13 0 11 0 13 12 22 11 0 2
split_gain=39.7476 168.399 19.7629 18.1805 4.5099 4.30805 3.4096 3.06308 2.74271 1.69 1.3478 1.11651 1.42129 1.96667 1.0776 1.03558 1.06086 0.992326 0.870688 0.860801 0.839413 0.702929 0.698131 0.685848 0.966829 1.33896 0.656377 0.620615 0.638252 0.613009 0.597641 0.58839 0.558719 0.516138 0.500054 0.498267 0.634738 0.49002 0.466444 0.506513 0.465423 0.551985 0.516711 0.454993 0.515453 0.452072 0.432271 0.406603 0.391657 0.391961 0.411858 0.421521 0.385174 0.373779 0.532411 0.494353 0.371215 0.348495 0.316204 0.321775 0.296946 0.29312
threshold=1.0099833607673647 116.50000000000001 19.095279693603519 186.50000000000003 54.500000000000007 938.50000000000011 165.50000000000003 372.50000000000006 62.500000000000007 19.095279693603519 0.27838629484176641 1.0000000180025095e-35 19.095279693603519 584.00000000000011 267.50000000000006 1507.5000000000002 1.0000000180025095e-35 2024.5000000000002 0.68301269412040722 1471.5000000000002 2024.5000000000002 -0.93301269412040699 0.68301269412040722 1.0000000180025095e-35 7.5000000000000009 1.0000000180025095e-35 -0.25000000000000006 0.090170532464981093 -0.56174489110708226 -0.56174489110708226 13.500000000000002 53.000000000000007 659.50000000000011 -0.56174489110708226 1.0000000180025095e-35 2016.5000000000002 1.0000000180025095e-35 17.500000000000004 5.5000000000000009 -0.56174489110708226 0.050000002607703216 -0.56174489110708226 1.0000000180025095e-35 1.0000000180025095e-35 0.060986882075667388 1280.5000000000002 1.0000000180025095e-35 146.50000000000003 5.5000000000000009 2024.5000000000002 -0.56174489110708226 1.0000000180025095e-35 0.080039061605930342 2016.5000000000002 0.25000000000000011 543.00000000000011 0.16341937333345416 62.500000000000007 0.050000002607703216 -0.25000000000000006 2088.5000000000005 7.5000000000000009
decision_type=2 2 2 2 2 2 2 2 2 2 2 2 2 2 2 2 2 2 2 2 2 2 2 2 2 2 2 2 2 2 2 2 2 2 2 2 2 2 2 2 2 2 2 2 2 2 2 2 2 2 2 2 2 2 2 2 2 2 2 2 2 2
left_child=3 2 -2 8 30 6 9 10 37 -3 20 12 32 19 -6 16 31 18 23 -14 22 40 43 24 -10 -26 27 28 -20 -28 -4 -9 -8 -11 56 36 -16 -1 52 -40 47 -42 -43 -5 -45 -7 60 -19 -39 -50 -51 -52 -22 54 55 -32 -33 -38 -17 -60 -12 -23
right_child=1 5 4 7 14 45 11 15 17 33 46 -13 13 -15 35 58 -18 21 26 -21 38 61 -24 -25 25 -27 29 -29 -30 -31 53 34 -34 -35 -36 -37 57 48 39 -41 41 42 -44 44 -46 -47 -48 -49 49 50 51 -53 -54 -55 -56 -57 -58 -59 59 -61 -62 -63
leaf_value=-0.00046651996902548137 -0.00023878897892237673 -0.00050675466850974387 0.024848037855711907 -3.8629653493347854e-05 0.0061213560926055149 0.00078779159942807438 -6.1402158531881183e-06 0.0011078958343983009 -0.00035397989984249721 0.0072555742316123802 -0.0002434278438526815 0.00054300735147506929 0.0041351187059899611 0.00050976149333170054 0.022359137725286676 0.00039858000537817436 0.00077379532127195942 0.00059424440295332713 0.00087440200002275321 0.012102401145564779 0.0007856181688720809 -0.00011530744160115755 -0.00024029583699243553 -0.00048766518260976799 0.00033637466453356025 -0.0003935259944095813 -0.00056219426409918243 -0.00036230870991059877 0.00012432997689769908 -6.1209537355267233e-05 0.028347239893992928 0.0013299959478527497 0.00034515792219393218 0.014319940958742736 0.0001559047440915147 0.021760650435729532 0.019651033430053255 -0.00040166104008747689 0.0012589621073706876 0.00048044310687101008 0.00075994880233889192 -0.00037525889143680122 0.0011130940271423847 0.0010690387686991048 0.00025023345480186608 0.0010676916284934684 0.00024431139933743214 0.0030950003157638011 -0.00033700496788323256 8.2602968933199767e-05 -0.0004788283813044304 -0.0001055227300917396 0.00018501306805645049 0.025019468517072346 0.019392064091550226 0.021682884002911532 0.00042236120910476763 0.013812113165213856 0.0016199678606858673 0.0008856698997230059 0.0036421440682106489 0.00017987432845191316
leaf_weight=97310 124 44 266 13875 28 50050 29360 2391 48832 55 28152 34234 311 768 35 1450 19018 5059 4047 39 3220 77896 11751 36698 14727 10957 8328 3968 9548 22994 43 1188 18391 58 27197 47 36 113839 2953 7281 2069 4882 661 2080 26128 20489 5594 169 86400 12977 12428 19431 15886 91 260 166 24066 197 2815 3280 49 9416
leaf_count=97310 124 44 266 13875 28 50050 29360 2391 48832 55 28152 34234 311 768 35 1450 19018 5059 4047 39 3220 77896 11751 36698 14727 10957 8328 3968 9548 22994 43 1188 18391 58 27197 47 36 113839 2953 7281 2069 4882 661 2080 26128 20489 5594 169 86400 12977 12428 19431 15886 91 260 166 24066 197 2815 3280 49 9416
internal_value=6.89794e-08 0.000732726 0.0187011 -0.000141782 0.0207142 0.00058162 0.000337947 0.000273388 -0.000278455 0.00769843 0.000109427 0.000323972 0.00017043 0.00193291 0.0158365 0.000508918 0.000451802 -0.000156075 -0.000233301 0.00504039 0.00021764 -3.2574e-05 0.000100254 -0.000310618 -0.000223357 2.47982e-05 -5.73025e-05 0.000187224 0.000347986 -0.000194574 0.0227315 0.000340049 0.000129056 0.0109352 0.000304949 0.016682 0.0157649 -0.000371463 0.000432851 0.000705582 0.000312765 6.25616e-05 -0.000196855 0.000195467 0.000310791 0.000869165 -0.000156753 0.000676098 -0.000333699 -0.000274708 -0.00015455 -0.000251305 0.0002865 0.021713 0.0210556 0.0230908 0.000465261 0.0147438 0.00106737 0.00122565 -0.000236486 -8.34167e-05
internal_weight=956102 155092 1293 801010 1169 153799 83260 198374 602636 157 116969 83103 48869 1118 343 81405 73860 260251 160099 350 83174 100152 53834 111214 74516 25684 48885 17563 13595 31322 826 54842 47751 113 52451 315 268 342385 29340 10234 12840 7612 5543 42083 28208 70539 33795 5228 245075 131236 44836 31859 19106 560 469 209 25254 233 7545 6095 28201 87312
internal_count=956102 155092 1293 801010 1169 153799 83260 198374 602636 157 116969 83103 48869 1118 343 81405 73860 260251 160099 350 83174 100152 53834 111214 74516 25684 48885 17563 13595 31322 826 54842 47751 113 52451 315 268 342385 29340 10234 12840 7612 5543 42083 28208 70539 33795 5228 245075 131236 44836 31859 19106 560 469 209 25254 233 7545 6095 28201 87312
is_linear=0
shrinkage=0.05


Tree=12
num_leaves=63
num_cat=0
split_feature=12 13 12 12 12 10 12 13 12 12 13 12 22 12 11 2 11 12 13 11 2 10 11 10 13 10 2 2 8 13 13 13 11 12 9 10 2 9 9 2 9 14 2 2 10 9 20 19 13 12 14 2 12 2 4 23 2 9 2 2 2 12
split_gain=35.9405 177.335 16.7233 5.38891 3.98792 1.66026 1.5655 1.42241 1.17812 0.96 0.877562 0.779226 0.773594 0.655679 0.62748 0.648044 0.589062 0.584371 0.613716 0.568019 0.876802 0.560837 0.512116 0.745667 0.487441 0.485028 0.470266 0.499336 1.28581 0.46615 0.460798 0.45243 0.431672 0.378019 0.335067 0.333645 0.295654 0.488492 0.424107 0.640716 0.294284 0.298424 0.283982 0.269311 0.269204 0.267857 0.265185 0.265141 0.263175 0.267592 0.261797 0.56828 0.261718 0.256848 0.235847 0.276124 0.557282 0.228 0.225197 0.220436 0.219931 0.218851
threshold=339.00000000000006 19.095279693603519 84.500000000000014 114.50000000000001 686.00000000000011 -0.25000000000000006 52.500000000000007 0.25338165462017065 43.500000000000007 1055.0000000000002 0.20793592929840091 186.50000000000003 1.0000000180025095e-35 156.50000000000003 1.0000000180025095e-35 5.5000000000000009 1.0000000180025095e-35 505.50000000000006 0.12509659677743915 1.0000000180025095e-35 7.5000000000000009 -0.68301269412040699 0.25000000000000011 0.68301269412040722 0.057386096566915519 -0.68301269412040699 5.5000000000000009 1.5000000000000002 1.0000000180025095e-35 19.095279693603519 0.61668714880943309 0.060986882075667388 0.68301269412040722 591.50000000000011 -0.56174489110708226 -0.25000000000000006 11.500000000000002 0.81174489855766307 -0.56174489110708226 10.500000000000002 -0.56174489110708226 0.28281377255916601 10.500000000000002 5.5000000000000009 -0.93301269412040699 -0.56174489110708226 1.0000000180025095e-35 1.5000000000000002 1.2224471569061282 464.00000000000006 0.07100840657949449 5.5000000000000009 13.500000000000002 5.5000000000000009 1.0000000180025095e-35 158.64124298095706 2.5000000000000004 1.0000000180025095e-35 1.5000000000000002 3.5000000000000004 5.5000000000000009 20.500000000000004
decision_type=2 2 2 2 2 2 2 2 2 2 2 2 2 2 2 2 2 2 2 2 2 2 2 2 2 2 2 2 2 2 2 2 2 2 2 2 2 2 2 2 2 2 2 2 2 2 2 2 2 2 2 2 2 2 2 2 2 2 2 2 2 2
left_child=1 3 6 8 7 13 22 12 52 16 11 24 -2 34 15 -9 30 18 -14 20 43 -16 61 -24 35 -18 27 28 -10 46 -6 -22 -21 45 -4 42 38 -38 39 -28 41 -19 -5 -13 -40 -31 58 -30 49 -17 51 -42 -1 -32 55 -11 -57 -37 -23 -43 -54 -3
right_child=4 2 5 10 9 -7 -8 14 26 54 -12 19 17 -15 21 48 25 40 -20 32 31 29 23 -25 -26 -27 36 -29 47 33 53 -33 -34 -35 -36 57 37 -39 44 -41 50 59 -44 -45 -46 -47 -48 -49 -50 -51 -52 -53 60 -55 -56 56 -58 -59 -60 -61 -62 -63
leaf_value=-0.00046122012435660718 -8.5379977339217975e-05 0.02427720812489598 0.007818984645686795 0.0001537679429569808 0.0015588242548258842 0.013307278624717925 0.016831679324454521 0.00014297023704325698 -0.00043240776727377408 0.00094131378913343941 -0.00019597325802330566 1.9131823872586442e-05 0.0011276330810590109 0.0045910879962142385 -0.00035794786892848023 0.00043852377662967487 -0.00015557034026209533 0.0018629160390479897 0.00049968860573960559 -0.00016031971557305984 0.0017957919088044531 0.00069812497811766873 0.020896563657633444 0.012061545091818802 -0.00016170304843912562 0.00050994971707563346 -7.1569015200766988e-05 -0.0003517399465670834 0.00030764100116719367 0.0020125511436000481 0.00051458211491043791 0.00064541582769796267 0.00021739446528602722 0.00059934103100470551 0.014107463342938942 -0.00014393359925540773 -0.00046216620302986583 0.00026762264377914698 6.0521816891035669e-05 0.00055987584875330661 0.00057264296156084109 0.001312420993867352 0.00069274686242897009 0.00035156350490954337 -0.00022690338883559204 0.0062579554442878538 0.0002278391937096453 0.0038259892993005836 0.00029929948696240063 0.00077764467304098565 0.00086648339049671648 0.0049698548929937745 -0.00040782809782528802 0.00081899617138734247 0.00071779528566194789 0.0050642220429493769 0.0009171035819105967 0.00012597450715181536 -0.00013523966116703862 0.0061205890195033122 -0.00029809646788417148 0.021384427715826895
leaf_weight=72922 2990 229 92 15196 1685 146 228 19823 12341 36989 43871 12187 5412 167 5278 12629 3007 645 14065 14498 975 889 375 29 41762 29348 27595 93944 10113 99 11132 7332 15805 246 32 18159 15172 2692 9166 4701 174 38 2924 12250 71383 65 39561 54 11025 10965 1598 131 85721 18902 14852 124 245 13736 9076 81 99056 175
leaf_count=72922 2990 229 92 15196 1685 146 228 19823 12341 36989 43871 12187 5412 167 5278 12629 3007 645 14065 14498 975 889 375 29 41762 29348 27595 93944 10113 99 11132 7332 15805 246 32 18159 15172 2692 9166 4701 174 38 2924 12250 71383 65 39561 54 11025 10965 1598 131 85721 18902 14852 124 245 13736 9076 81 99056 175
internal_value=7.31657e-08 -0.000182861 0.017147 -0.000219154 0.000513782 0.00892094 0.0206109 0.000328628 -0.000305966 0.000728358 1.40012e-06 5.73603e-05 0.000668011 0.00669924 0.000250792 0.000371294 0.000598434 0.000769964 0.000674435 0.00019271 0.000337104 0.000131884 0.0216689 0.0202779 -3.55648e-05 0.000447943 -0.000227924 -0.000301043 -8.92211e-05 0.000183758 0.000751784 0.000781058 3.6518e-05 0.00186378 0.00949217 6.96595e-05 -0.000162742 -0.000351911 -0.00013275 2.01906e-05 0.00146568 0.00230094 0.000241022 0.000185982 -0.000194134 0.00372844 0.000169745 0.000326857 0.000501888 0.00059634 0.00112762 0.00247868 -0.000380796 0.000706335 0.000887709 0.000955124 0.00232526 -2.75373e-05 -6.03853e-05 0.00462958 -0.00034903 0.0230421
internal_weight=956102 705028 1473 703555 251074 437 1036 134790 504860 116284 198695 154824 25134 291 109656 54442 64074 22144 19477 63047 32744 55214 808 404 91777 32355 247161 116452 22508 49936 31719 8307 30303 410 124 50015 130709 17864 112845 32296 2667 764 18120 24437 80549 164 49526 10167 34619 23594 1903 305 257699 30034 52210 37358 369 31895 9965 119 184777 404
internal_count=956102 705028 1473 703555 251074 437 1036 134790 504860 116284 198695 154824 25134 291 109656 54442 64074 22144 19477 63047 32744 55214 808 404 91777 32355 247161 116452 22508 49936 31719 8307 30303 410 124 50015 130709 17864 112845 32296 2667 764 18120 24437 80549 164 49526 10167 34619 23594 1903 305 257699 30034 52210 37358 369 31895 9965 119 184777 404
is_linear=0
shrinkage=0.05


Tree=13
num_leaves=63
num_cat=0
split_feature=12 13 12 12 15 0 12 11 12 12 15 13 0 12 1 13 2 12 1 8 2 8 12 13 12 10 10 12 0 12 13 22 25 11 8 8 1 1 21 12 13 0 9 13 22 1 10 8 2 8 8 8 0 0 12 8 25 2 2 8 0 0
split_gain=32.4379 160.08 15.0875 4.8637 4.463 2.15407 1.41788 1.17969 1.14266 1.06324 1.06035 0.895899 0.840475 0.779184 0.745946 0.737875 0.657135 0.597059 0.565508 0.55631 0.547229 0.582444 0.534212 0.559424 0.580229 0.525504 0.518866 0.473569 0.461807 0.457488 0.457449 0.414033 0.577262 0.394835 0.377638 0.374847 0.367828 0.356734 0.418179 0.353567 0.638299 0.39232 0.602132 0.363512 0.423467 0.345731 0.386256 0.339153 1.51731 0.423317 0.324004 0.321865 0.297107 0.690623 0.475339 0.288973 0.288459 0.278653 0.258557 0.985976 0.246871 0.693222
threshold=339.00000000000006 19.095279693603519 84.500000000000014 114.50000000000001 1.0000000180025095e-35 1661.5000000000002 45.500000000000007 1.0000000180025095e-35 149.50000000000003 43.500000000000007 1.0000000180025095e-35 0.10382096469402315 281.50000000000006 1055.0000000000002 2024.5000000000002 0.12509659677743915 7.5000000000000009 183.50000000000003 2024.5000000000002 -0.87837970256805409 5.5000000000000009 0.87837970256805431 652.50000000000011 0.3510726690292359 505.50000000000006 -0.68301269412040699 0.68301269412040722 239.00000000000003 1929.5000000000002 2.5000000000000004 0.26556697487831121 0.28333334624767309 0.80693635344505321 -0.68301269412040699 0.6078576147556306 0.87837970256805431 2024.5000000000002 2024.5000000000002 1.0000000180025095e-35 705.00000000000011 19.095279693603519 1074.5000000000002 -0.56174489110708226 0.19305364042520526 1.0000000180025095e-35 2024.5000000000002 -0.25000000000000006 0.87837970256805431 9.5000000000000018 0.6078576147556306 -0.60785761475563038 -1.0000000180025095e-35 2007.5000000000002 1791.5000000000002 62.500000000000007 -0.87837970256805409 3.3377842903137211 5.5000000000000009 1.5000000000000002 0.6078576147556306 965.00000000000011 491.50000000000006
decision_type=2 2 2 2 2 2 2 2 2 2 2 2 2 2 2 2 2 2 2 2 2 2 2 2 2 2 2 2 2 2 2 2 2 2 2 2 2 2 2 2 2 2 2 2 2 2 2 2 2 2 2 2 2 2 2 2 2 2 2 2 2 2
left_child=1 3 6 9 7 8 29 15 34 -1 11 17 -8 18 16 31 58 45 26 -16 -21 -22 23 24 57 -9 -6 -13 -12 -3 -29 36 -33 -14 -4 60 -2 38 -19 40 43 -42 -43 44 -27 46 -5 49 -49 -18 -20 -7 53 -35 -54 -47 -24 -17 59 -11 61 -31
right_child=4 2 5 10 13 51 12 25 -10 14 28 27 33 -15 19 22 47 37 50 20 21 -23 56 -25 -26 39 -28 30 -30 35 -32 32 -34 52 -36 -37 -38 -39 -40 -41 41 42 -44 -45 -46 55 -48 48 -50 -51 -52 -53 54 -55 -56 -57 -58 -59 -60 -61 -62 -63
leaf_value=-0.00036175854054792326 0.00069132598488431192 0.02741577773543687 0.008854572866509855 7.9601071025686254e-05 0.00058218831797810205 0.023392607605279381 0.0066806307681983677 -0.0002143123502997189 0.0045134830839118545 -0.00050436663688056425 0.00033114205007412175 -0.00027608235853812099 0.023956649905047478 0.00088731896298945435 -0.00040098381596340518 0.00016856079890674124 -0.00016679493582776777 -5.8495704679390416e-05 0.00051860113525980741 -0.00015918432572198732 0.00019715103960032664 -0.00037912248437250203 0.00082125358354767696 0.00019116706180570238 0.0015615276128183742 -0.00021780201757734993 0.00011449617131649691 9.4052170268248407e-05 0.0017763987054927974 0.021313751709429757 -0.00023958312119771021 0.0076972448366535943 0.00034639838497152665 0.016671831182744682 0.015030663360963962 0.02326818318545254 0.0018203836132384211 0.00055102327560640791 0.00041096752905390836 0.00040014550294606151 0.0014073148123105073 0.0014784413538730281 0.010986337935152597 6.7114399587188162e-05 0.00068440540691087003 -0.0002763495693926068 -0.00021570684902590912 0.00097097710591149185 -0.00034658405112556297 -0.00051856951720560059 0.00090802529739251743 0.014435358882657748 0.015114771534015478 0.006611469256033971 0.026531864914566418 0.00020647707328192742 0.00043144056017437596 0.00066646031655965242 -0.00043036651228065855 0.00061072687092783877 0.020704835055054289 0.015028093895036634
leaf_weight=257699 2188 30 146 19182 34892 20 22 8244 203 6144 16289 40765 24 43789 14411 4662 51659 10580 7528 56244 26286 5258 9920 28934 1366 1724 7178 25929 574 97 17007 57 53 176 34 124 1095 7917 8576 17692 215 39 31 40783 5203 3595 26135 3270 6581 10275 19031 34 23 21 21 22146 9254 7196 64109 2924 398 100
leaf_count=257699 2188 30 146 19182 34892 20 22 8244 203 6144 16289 40765 24 43789 14411 4662 51659 10580 7528 56244 26286 5258 9920 28934 1366 1724 7178 25929 574 97 17007 57 53 176 34 124 1095 7917 8576 17692 215 39 31 40783 5203 3595 26135 3270 6581 10275 19031 34 23 21 21 22146 9254 7196 64109 2924 398 100
internal_value=7.82908e-08 -0.000173713 0.0162915 -0.000208195 0.000488113 0.00847706 0.0195817 0.000298236 0.00713361 -0.000290668 1.33397e-06 -3.38157e-05 0.0164904 0.000722262 -0.000216527 0.000454149 -0.000289483 6.86497e-05 0.000616873 -0.000112994 -6.56616e-05 0.000100934 0.000414314 0.000314559 0.000584158 0.00016167 0.00050251 -0.000154006 0.000380644 0.0207573 -3.7985e-05 0.0011727 0.00420442 0.0172831 0.0100566 0.0204687 0.00106947 0.000268463 0.00015142 0.000208934 0.000138344 0.00249806 0.00577007 0.000124138 0.000459141 -7.40868e-06 -9.05972e-05 -0.00018187 9.0273e-05 -0.000225237 0.000797836 0.0178824 0.0165881 0.0156287 0.020725 0.00013885 0.000633381 0.000471135 -0.00039498 -0.000144248 0.0198731 0.0181577
internal_weight=956102 705028 1473 703555 251074 437 1036 138656 383 504860 198695 181832 287 112418 247161 64725 144962 98131 68629 102199 87788 31544 61332 42158 13224 73931 42070 83701 16863 749 42936 3393 110 265 180 719 3283 27073 19156 65687 47995 285 70 47710 6927 71058 45317 71785 9851 61934 26559 54 241 197 44 25741 19174 11858 73177 9068 595 197
internal_count=956102 705028 1473 703555 251074 437 1036 138656 383 504860 198695 181832 287 112418 247161 64725 144962 98131 68629 102199 87788 31544 61332 42158 13224 73931 42070 83701 16863 749 42936 3393 110 265 180 719 3283 27073 19156 65687 47995 285 70 47710 6927 71058 45317 71785 9851 61934 26559 54 241 197 44 25741 19174 11858 73177 9068 595 197
is_linear=0
shrinkage=0.05


Tree=14
num_leaves=63
num_cat=0
split_feature=12 14 12 15 15 12 15 0 12 0 1 10 8 3 10 10 12 1 10 10 1 22 1 0 1 10 10 8 10 8 10 14 10 1 9 0 0 12 10 10 12 9 10 3 9 10 10 9 10 10 9 12 10 9 8 19 17 12 1 3 12 12
split_gain=29.2763 16.9211 4.27834 4.02746 2.95011 1.24949 1.10096 0.911918 0.868603 0.841024 0.733786 0.709635 1.52189 1.41744 1.06295 1.17788 0.703016 0.690828 0.667862 0.617816 0.608848 0.57218 0.510267 0.488464 0.469506 0.468181 0.458319 0.431282 0.454443 0.466354 0.428709 0.423465 0.391814 0.362951 0.362612 0.359007 0.357327 0.333667 0.322895 0.321282 0.319388 0.311532 0.309585 0.292262 0.290336 0.36718 0.289587 0.277465 0.344125 0.27497 1.26327 0.565268 0.553885 0.534921 0.269651 0.269316 0.267079 0.256916 0.244942 0.613115 0.237621 0.227456
threshold=339.00000000000006 20.490151405334476 110.50000000000001 1.0000000180025095e-35 1.0000000180025095e-35 70.500000000000014 1.0000000180025095e-35 1507.5000000000002 47.500000000000007 53.000000000000007 2024.5000000000002 0.25000000000000011 0.6078576147556306 1.5000000000000002 -0.25000000000000006 1.0000000180025095e-35 1055.0000000000002 2024.5000000000002 -0.25000000000000006 0.68301269412040722 2024.5000000000002 0.11666667088866235 2024.5000000000002 1684.5000000000002 2023.5000000000002 0.68301269412040722 0.68301269412040722 -0.87837970256805409 0.25000000000000011 0.87837970256805431 0.25000000000000011 0.040270268917083747 0.93301269412040722 2024.5000000000002 -0.56174489110708226 53.000000000000007 1929.5000000000002 479.50000000000006 0.93301269412040722 0.25000000000000011 139.50000000000003 -0.56174489110708226 -0.68301269412040699 4.5000000000000009 1.0000000180025095e-35 0.68301269412040722 0.68301269412040722 -0.56174489110708226 0.25000000000000011 -0.25000000000000006 -0.56174489110708226 118.50000000000001 0.25000000000000011 -0.56174489110708226 -0.87837970256805409 1.0000000180025095e-35 1.0000000180025095e-35 420.50000000000006 2024.5000000000002 3.5000000000000004 11.500000000000002 236.50000000000003
decision_type=2 2 2 2 2 2 2 2 2 2 2 2 2 2 2 2 2 2 2 2 2 2 2 2 2 2 2 2 2 2 2 2 2 2 2 2 2 2 2 2 2 2 2 2 2 2 2 2 2 2 2 2 2 2 2 2 2 2 2 2 2 2
left_child=1 2 8 7 5 11 17 9 60 -2 19 13 33 14 -3 -16 22 18 24 37 26 30 25 49 -4 -5 -10 -22 29 -29 41 -12 46 -13 39 -26 54 -11 57 -23 -25 -19 -36 -24 -20 -46 -14 48 -33 50 51 -7 53 -51 -8 -30 -40 -9 59 -56 -1 -42
right_child=3 4 6 16 -6 23 36 38 20 10 31 12 32 -15 15 -17 -18 21 44 -21 27 34 43 40 35 -27 -28 28 55 -31 -32 47 -34 -35 42 -37 -38 -39 56 -41 61 -43 -44 -45 45 -47 -48 -49 -50 52 -52 -53 -54 -55 58 -57 -58 -59 -60 -61 -62 -63
leaf_value=-0.00042328862673306672 0.00085000428511490555 0.00060342800488176593 -0.00045135822539874525 0.00055307898525962251 -0.00010093160676038776 0.0068863286392747761 -0.00013173556082780793 0.00055111940487478298 -0.00022105961259454596 7.3729991587409701e-05 0.0065412946350315712 0.00045762571900287208 0.0038842946459154946 0.0037234020208809096 0.0095529888359160604 0.0017959970562751383 0.00084295311999468619 0.00092593295957653008 -0.0002945031684458496 -0.00011042288149864382 -0.00037168015091366903 0.00056278465365284646 0.0008626242691608609 0.0022574310108290142 0.0011992284471495952 0.00010877144868554696 -0.00045150409951105188 0.00019828967876310858 -0.00015711585899635209 -0.00035313034982363718 0.00011410318748848268 0.00099052112067008857 0.00033283100117068048 0.0020818436030560824 0.00035094154771526335 6.2355189210497173e-05 0.0016318403464596395 0.00030755716241980782 -0.00051310757377906935 -3.7883853948532522e-05 0.007301320596895939 0.00032210314298362024 -0.00023897217433094093 0.00049267142021379266 4.6922305898089501e-05 -0.00030709349970992197 0.0070406609944934501 0.0003066966286432017 0.00041478634176759426 0.00038204201133796456 8.0954877887139121e-05 0.0021969327331423411 0.00043287525646509373 0.0038953762610478187 -7.2540144082058886e-05 0.0012350592651518889 0.0020634854190134271 0.0011560445894672881 0.00065945148302267668 0.00090616630451953407 -0.00031011444088866423 0.001112664286131503
leaf_weight=59814 5619 772 4573 34892 1631 93 2528 3066 99823 25712 28 953 480 2523 77 140 43789 2991 40974 19234 12627 3654 19031 300 706 7178 27609 22983 48982 4597 25494 3743 69 548 2495 44355 557 37757 702 5661 64 7641 20058 7528 18765 11994 92 29776 8658 156 1357 226 413 381 5098 349 117 4244 6269 2327 211807 22
leaf_count=59814 5619 772 4573 34892 1631 93 2528 3066 99823 25712 28 953 480 2523 77 140 43789 2991 40974 19234 12627 3654 19031 300 706 7178 27609 22983 48982 4597 25494 3743 69 548 2495 44355 557 37757 702 5661 64 7641 20058 7528 18765 11994 92 29776 8658 156 1357 226 413 381 5098 349 117 4244 6269 2327 211807 22
internal_value=8.38028e-08 -0.000165021 -0.000194849 0.000463726 0.00184695 0.00221413 -3.79922e-06 0.000283349 -0.000275444 0.000251293 0.000224319 0.00265331 0.00192966 0.00309319 0.0014802 0.00457464 0.000686158 -3.82197e-05 -0.00010972 0.000137653 -0.000200795 8.9332e-05 0.00058604 0.00138799 3.11971e-05 0.00047739 -0.000271027 -0.000100784 -5.62438e-05 0.000106197 0.000225591 0.000394026 0.00397176 0.00105404 -6.49768e-05 8.02809e-05 0.000384356 0.00021291 0.000797448 0.000197207 0.00305636 0.00049245 -0.000173488 0.000757954 -0.000207294 -9.09587e-05 0.00440184 0.000389811 0.00058897 0.00114074 0.000750377 0.00358146 0.001824 0.00288431 0.000341204 -0.000147163 -0.000138712 0.000903019 0.000428877 0.000233522 -0.000335055 0.00577938
internal_weight=956102 705028 694731 251074 10297 8666 206140 138656 488591 130527 124908 5654 2142 3512 989 217 112418 189361 121367 82703 216970 67994 68629 3012 49634 42070 127432 89538 76911 27580 36126 42205 641 1501 31868 45061 16779 63469 8129 9315 386 10632 22553 26559 71733 30759 572 42177 12401 2626 1676 319 950 537 16222 49331 819 7310 13694 7425 271621 86
internal_count=956102 705028 694731 251074 10297 8666 206140 138656 488591 130527 124908 5654 2142 3512 989 217 112418 189361 121367 82703 216970 67994 68629 3012 49634 42070 127432 89538 76911 27580 36126 42205 641 1501 31868 45061 16779 63469 8129 9315 386 10632 22553 26559 71733 30759 572 42177 12401 2626 1676 319 950 537 16222 49331 819 7310 13694 7425 271621 86
is_linear=0
shrinkage=0.05


Tree=15
num_leaves=63
num_cat=0
split_feature=13 12 13 12 12 12 13 12 0 15 12 12 13 8 15 12 15 13 15 0 0 0 0 0 8 12 13 12 13 12 24 0 0 0 0 20 12 8 12 0 17 13 10 11 2 8 13 11 2 11 8 3 20 12 24 10 8 9 0 0 14 13
split_gain=26.5069 121.771 14.3105 12.5828 3.33703 3.16665 3.57453 2.44457 2.09822 1.70324 1.25858 0.992522 0.905129 0.783765 0.704397 0.67993 0.664296 0.617275 0.55981 0.55058 1.26196 0.745053 0.575883 0.543657 0.618666 0.543333 0.54186 0.809442 0.483586 0.487314 0.462325 0.411454 0.399161 0.440227 0.392861 0.351927 0.340033 0.331967 0.344654 0.414519 0.325349 0.315568 0.365464 0.295212 0.435403 0.544727 0.502301 0.413288 0.394676 0.430283 0.411006 0.30821 0.290418 0.272281 0.272078 0.267218 0.265503 0.367158 0.251612 0.260635 0.245718 0.218292
threshold=1.0099833607673647 116.50000000000001 19.095279693603519 236.50000000000003 67.500000000000014 778.50000000000011 19.095279693603519 81.500000000000014 1471.5000000000002 1.0000000180025095e-35 251.50000000000003 505.50000000000006 0.098458569496870055 0.6078576147556306 1.0000000180025095e-35 18.500000000000004 1.0000000180025095e-35 0.32930481433868414 1.0000000180025095e-35 225.50000000000003 116.50000000000001 437.50000000000006 2007.5000000000002 267.50000000000006 1.0000000180025095e-35 32.500000000000007 0.10785209760069848 128.50000000000003 0.43779385089874273 372.50000000000006 1.0000000180025095e-35 1882.5000000000002 1036.5000000000002 1450.5000000000002 2046.5000000000002 1.0000000180025095e-35 672.00000000000011 0.6078576147556306 2.5000000000000004 1345.5000000000002 2.5000000000000004 0.054515806958079345 -0.25000000000000006 0.68301269412040722 11.500000000000002 -0.87837970256805409 0.029500815086066726 1.0000000180025095e-35 7.5000000000000009 -0.93301269412040699 0.87837970256805431 1.0000000180025095e-35 0.78571429848670971 1280.5000000000002 1.0000000180025095e-35 0.93301269412040722 1.0000000180025095e-35 -0.56174489110708226 499.50000000000006 1835.5000000000002 20.490151405334476 6.759437322616578
decision_type=2 2 2 2 2 2 2 2 2 2 2 2 2 2 2 2 2 2 2 2 2 2 2 2 2 2 2 2 2 2 2 2 2 2 2 2 2 2 2 2 2 2 2 2 2 2 2 2 2 2 2 2 2 2 2 2 2 2 2 2 2 2
left_child=3 2 -2 7 15 6 18 25 10 11 13 12 30 -8 -7 37 26 40 35 20 -17 -21 -23 -6 32 60 27 -9 29 -14 -5 -10 -25 -34 36 -3 -11 38 -4 -40 -13 42 -29 47 45 -45 -47 48 49 -27 -50 -46 -12 61 -31 -18 57 -49 -26 -60 -1 -16
right_child=1 5 4 9 23 14 8 16 31 34 52 17 28 -15 53 19 55 -19 -20 21 -22 22 -24 24 58 43 -28 41 -30 54 -32 -33 33 -35 -36 -37 -38 -39 39 -41 -42 -43 -44 44 51 46 -48 56 50 -51 -52 -53 -54 -55 -56 -57 -58 -59 59 -61 -62 -63
leaf_value=-0.0003398825284156853 -0.00023297459025185116 -0.00028198390093427139 0.02627496063644752 0.00022952219056087612 0.0042082005190832421 0.00042746166934430879 0.0048894452277871946 -0.00015134686492463973 0.0085803554316708896 0.00051715037705456755 0.0024541542166371219 0.0010290200071200737 6.0080499123832543e-05 0.014266420058851093 0.00079089353933813771 0.021507716122829354 0.00036590628307900212 0.00038174597244159303 0.00034892930614725668 0.025601761814960152 0.0043396311229562381 0.016723332377444552 0.02109101610975822 0.011202144447563223 0.016138856878633891 -7.3887079180297578e-05 -0.00026842027489442651 0.00040738172558003861 -0.0001012017189240123 -5.1697353016555234e-05 0.00084789492628268659 0.01691822377158422 0.025010683273861262 0.01527459118265994 0.0017699227138430048 0.00010757974300604674 0.0010021583848323335 0.023663433707902144 0.016359925849124223 0.020991383301058021 0.0057033617747336476 -3.3724302515702902e-05 5.9475798425497953e-05 -0.00051443404000368193 0.00017602755669373686 0.00019224110528007245 -0.00026375476472556873 2.3426791280033361e-05 -0.00013109112639552261 -0.0003302390024834417 0.00040047015124032505 -0.00043736551199800042 7.9905256630659975e-05 0.00090197488130377599 0.00041805960502325212 -0.00057750936242201951 -0.00050936130717860509 -0.00038104258313721826 0.0081502241959187458 0.014957891811271527 -0.00076329685592734777 0.00057571311608511737
leaf_weight=191377 124 7090 23 6005 21 24518 154 103346 46 25957 320 3821 46629 27 22580 20 10237 18999 22727 36 25 377 112 32 20 21825 39398 11575 25648 3653 6144 26 21 41 721 31726 4232 94 102 139 38 35563 21823 4858 2408 20464 8562 7377 27401 66133 4190 13295 223 19053 19113 806 22768 23135 86 20 3509 25309
leaf_count=191377 124 7090 23 6005 21 24518 154 103346 46 25957 320 3821 46629 27 22580 20 10237 18999 22727 36 25 377 112 32 20 21825 39398 11575 25648 3653 6144 26 21 41 721 31726 4232 94 102 139 38 35563 21823 4858 2408 20464 8562 7377 27401 66133 4190 13295 223 19053 19113 806 22768 23135 86 20 3509 25309
internal_value=8.732e-08 0.000598396 0.015878 -0.000115751 0.0175911 0.000469897 0.000194975 -0.000215134 0.00352419 0.000279409 0.00270472 0.000200057 0.000136207 0.00632293 0.000657229 0.0189635 -8.13564e-05 0.000499259 0.000151828 0.0178146 0.0121115 0.0182916 0.017738 0.0122799 0.0130253 -0.00028653 -0.000101095 -6.28066e-05 8.41979e-05 0.000152793 0.000542662 0.0116799 0.0162072 0.0186878 0.000613109 3.6294e-05 0.000585309 0.0207733 0.0197168 0.0190595 0.00107649 6.98088e-05 0.000180203 -0.000233057 -0.000125322 -2.43012e-05 5.75601e-05 -0.000263938 -0.000212225 -0.000266687 -6.04294e-05 -0.000342985 0.00148849 0.000741307 0.000342464 0.000296591 -0.000379876 -0.000283089 0.0106009 0.0094947 -0.000347532 0.000677278
internal_weight=956102 155092 1293 801010 1169 153799 62339 640050 796 160960 724 130050 107192 181 91460 928 222748 22858 61543 570 45 525 489 241 220 417302 211705 172307 95043 69395 12149 72 94 62 30910 38816 30189 358 264 241 3859 68961 33398 222416 49587 33884 29026 172829 119549 87958 31591 15703 543 66942 22766 11043 53280 30512 126 106 194886 47889
internal_count=956102 155092 1293 801010 1169 153799 62339 640050 796 160960 724 130050 107192 181 91460 928 222748 22858 61543 570 45 525 489 241 220 417302 211705 172307 95043 69395 12149 72 94 62 30910 38816 30189 358 264 241 3859 68961 33398 222416 49587 33884 29026 172829 119549 87958 31591 15703 543 66942 22766 11043 53280 30512 126 106 194886 47889
is_linear=0
shrinkage=0.05


Tree=16
num_leaves=63
num_cat=0
split_feature=12 12 12 0 1 11 11 2 8 17 1 0 11 2 2 12 2 8 18 6 2 1 8 8 9 11 12 2 8 25 11 12 25 3 17 0 3 8 1 9 21 11 11 2 16 25 2 25 1 3 2 2 20 1 9 3 0 23 9 9 2 24
split_gain=23.966 2.81755 2.79978 1.03533 0.915573 0.897704 0.86851 0.870458 0.884319 1.09851 0.747058 0.710893 0.699118 0.680765 0.650737 0.650323 0.554609 1.14613 0.85397 0.551754 0.538139 1.53914 1.24615 1.03401 0.852754 0.48055 0.480128 0.470399 0.7663 0.459683 0.458042 0.415675 0.412221 0.403735 0.394395 0.38738 0.376598 0.367779 0.626806 1.3053 0.54895 0.359233 0.686454 0.545602 0.353936 0.351835 0.345226 0.3442 0.325028 0.428825 0.323602 0.316683 0.305154 0.297672 0.481912 0.465868 0.296242 0.567667 0.282455 0.280565 0.277108 0.270465
threshold=339.00000000000006 114.50000000000001 686.00000000000011 2255.5000000000005 2024.5000000000002 0.68301269412040722 1.0000000180025095e-35 7.5000000000000009 0.87837970256805431 1.0000000180025095e-35 2024.5000000000002 1882.5000000000002 -0.93301269412040699 5.5000000000000009 8.5000000000000018 1109.5000000000002 1.5000000000000002 0.6078576147556306 1.0000000180025095e-35 1.0000000180025095e-35 11.500000000000002 2023.5000000000002 1.0000000180025095e-35 -0.87837970256805409 -0.56174489110708226 -0.25000000000000006 43.500000000000007 8.5000000000000018 -0.87837970256805409 0.83217099308967601 -0.93301269412040699 32.500000000000007 0.61260253190994274 1.0000000180025095e-35 1.0000000180025095e-35 1929.5000000000002 1.0000000180025095e-35 1.0000000180025095e-35 2024.5000000000002 -0.56174489110708226 1.0000000180025095e-35 1.0000000180025095e-35 0.68301269412040722 6.5000000000000009 1.0000000180025095e-35 3.1960823535919194 10.500000000000002 0.21814115345478061 2024.5000000000002 3.5000000000000004 7.5000000000000009 2.5000000000000004 0.21428572386503222 2024.5000000000002 -0.56174489110708226 5.5000000000000009 53.000000000000007 0.77136236429214489 -0.56174489110708226 -0.56174489110708226 11.500000000000002 0.59509205818176281
decision_type=2 2 2 2 2 2 2 2 2 2 2 2 2 2 2 2 2 2 2 2 2 2 2 2 2 2 2 2 2 2 2 2 2 2 2 2 2 2 2 2 2 2 2 2 2 2 2 2 2 2 2 2 2 2 2 2 2 2 2 2 2 2
left_child=1 5 3 4 19 6 7 12 27 14 13 30 53 16 -10 25 17 -3 52 41 23 22 24 -7 -22 45 -11 36 -29 -6 32 -25 -12 47 -5 56 -9 38 -8 40 -40 43 -43 -2 46 -4 -33 -23 -14 -50 -32 -36 -19 55 -55 -1 57 -15 -34 -31 -44 -53
right_child=2 10 15 34 29 20 37 8 9 26 11 -13 48 35 -16 -17 -18 18 -20 -21 21 33 -24 31 -26 -27 -28 28 -30 59 50 44 58 -35 51 -37 -38 -39 39 -41 -42 42 60 -45 -46 -47 -48 -49 49 -51 -52 61 -54 54 -56 -57 -58 -59 -60 -61 -62 -63
leaf_value=-0.00037037350542609341 8.5815529450977314e-05 -0.00025379822001518089 0.00083304640044292843 0.00083100832486112742 0.00069617209788799513 -0.00046421314714968078 -0.00044379792989357328 -0.0003744568721178718 1.8330163197187571e-05 0.00030297510689351621 0.00077418669306426272 0.00075099649651523244 -0.00040453954405255191 0.00058787347103280308 0.0009161140750628768 0.00074506776411737644 -0.00030237733988105461 0.00095266314416091408 0.0028981370423488513 -0.00032577384088284156 -0.00027049334676496214 -0.00011345474968801708 -0.00043647899657194933 -0.00010297105964275823 0.0014511954260299428 0.00038432621873833749 0.00485205334739646 0.00039405675206166446 -0.00044158881712957145 0.00054918982577116353 7.4534613132170001e-06 6.7886482424373189e-05 0.00075054508046315787 -0.00047928970811848647 -0.00019010148530171041 0.0004792500627076568 4.3117050771224939e-05 -0.00046310979340004072 0.00026006068861655787 -0.00030447658739241783 0.0015007136417650229 -0.00021474737424141707 0.00034094405030776076 0.0004836162277887324 -0.00057828303167806736 0.0004959019265850437 0.00036877189785029628 0.0013383320454698833 -0.00016440599510732421 -0.0003753637840439137 0.00038456613412567848 0.0018402942990410421 -0.00021133466828321233 0.00031184229409503278 -0.00011788262223374026 0.00031244277339629667 -1.4050709600879652e-05 0.0070613057020934905 -0.00016349036869529684 0.00023701030449869021 2.9731933344101639e-05 0.0044401826676439011
leaf_weight=14904 16429 6287 14206 4053 11197 10788 32365 6375 6377 86 4440 4446 53494 1143 2961 46266 37049 1702 468 5910 951 4287 2350 23565 2893 38536 195 3242 17650 10181 52780 23711 1160 24631 102 4432 35231 50459 7105 27412 1023 13624 17545 18216 1558 17276 16002 451 58546 41095 6380 270 832 8902 24422 2993 74750 35 3100 24954 12139 170
leaf_count=14904 16429 6287 14206 4053 11197 10788 32365 6375 6377 86 4440 4446 53494 1143 2961 46266 37049 1702 468 5910 951 4287 2350 23565 2893 38536 195 3242 17650 10181 52780 23711 1160 24631 102 4432 35231 50459 7105 27412 1023 13624 17545 18216 1558 17276 16002 451 58546 41095 6380 270 832 8902 24422 2993 74750 35 3100 24954 12139 170
internal_value=9.14789e-08 -0.000149291 0.000419583 0.000264434 0.00023835 -0.000211974 -0.000247321 -0.000198759 -4.93272e-05 0.000396848 1.00741e-05 0.000138333 -0.000251469 -6.30832e-05 0.000303552 0.00059938 -0.000215722 0.00012936 0.000933445 0.000139706 -8.64077e-05 -0.00024682 0.000469062 -1.09057e-05 0.00102396 0.000503042 0.0034782 -0.000118078 -0.000311674 0.000416792 9.81181e-05 6.44431e-05 0.00043693 -0.000397973 0.00100239 2.48711e-05 -2.07455e-05 -0.000360708 -0.000284541 -0.000139369 0.000416842 0.000175061 7.89016e-05 0.00029512 0.000160155 0.000648197 0.000189252 2.37078e-05 -0.000304969 -0.000251462 4.82076e-05 0.00227436 0.000568516 -9.14233e-05 -2.93751e-06 -0.000255902 -1.58626e-06 0.000785035 8.424e-05 0.000327614 0.000213846 0.00285694
internal_weight=956102 705028 251074 134790 130195 506024 394837 276473 72117 9619 199004 72306 204356 126698 9338 116284 46338 9289 3002 83863 111187 35563 6194 75624 3844 70018 281 62498 20892 46332 67860 64836 8700 29369 4595 80360 41606 118364 67905 35540 8128 77953 43308 34645 41271 31482 39713 4738 153135 99641 59160 542 2534 51221 33324 17897 75928 1178 4260 35135 29684 440
internal_count=956102 705028 251074 134790 130195 506024 394837 276473 72117 9619 199004 72306 204356 126698 9338 116284 46338 9289 3002 83863 111187 35563 6194 75624 3844 70018 281 62498 20892 46332 67860 64836 8700 29369 4595 80360 41606 118364 67905 35540 8128 77953 43308 34645 41271 31482 39713 4738 153135 99641 59160 542 2534 51221 33324 17897 75928 1178 4260 35135 29684 440
is_linear=0
shrinkage=0.05


Tree=17
num_leaves=63
num_cat=0
split_feature=13 12 13 12 12 12 12 0 12 15 11 0 15 13 9 15 13 24 0 0 1 2 12 11 1 1 1 2 11 11 2 0 9 0 0 9 3 2 1 3 23 2 9 11 0 0 11 9 0 25 15 0 13 12 3 10 2 1 3 2 11 9
split_gain=21.9883 110.105 12.9098 10.5143 3.05735 2.63616 2.33293 2.23624 1.71907 1.28118 0.835306 0.829935 0.729842 0.706795 0.727161 0.705906 0.785035 1.16288 0.690312 0.638593 0.600144 0.578103 0.562044 0.553439 0.572784 0.510933 0.482832 0.477991 0.432695 0.595488 0.573422 0.425312 0.545257 0.779549 0.563646 0.424652 0.448997 0.422116 0.936867 0.618653 0.41711 0.413439 0.625231 0.389292 0.376621 0.357671 0.531572 0.330225 0.330156 0.328598 0.328569 0.326046 0.299723 0.290512 0.281848 0.363912 0.492433 0.278578 0.282404 0.273392 0.272417 0.267604
threshold=1.0099833607673647 116.50000000000001 19.095279693603519 262.50000000000006 54.500000000000007 938.50000000000011 88.500000000000014 1929.5000000000002 149.50000000000003 1.0000000180025095e-35 1.0000000180025095e-35 267.50000000000006 1.0000000180025095e-35 19.095279693603519 -0.56174489110708226 1.0000000180025095e-35 19.095279693603519 5.1089770793914804 1415.5000000000002 68.500000000000014 2024.5000000000002 5.5000000000000009 33.500000000000007 0.68301269412040722 2024.5000000000002 2024.5000000000002 2023.5000000000002 7.5000000000000009 0.68301269412040722 1.0000000180025095e-35 7.5000000000000009 2027.5000000000002 1.0000000180025095e-35 1608.5000000000002 938.50000000000011 -0.56174489110708226 3.5000000000000004 11.500000000000002 2023.5000000000002 1.0000000180025095e-35 1.0000000180025095e-35 5.5000000000000009 -0.56174489110708226 -0.93301269412040699 1.0000000180025095e-35 2016.5000000000002 1.0000000180025095e-35 -0.56174489110708226 2046.5000000000002 0.37209869921207434 1.0000000180025095e-35 2046.5000000000002 0.036705266684293754 1348.0000000000002 2.5000000000000004 0.68301269412040722 2.5000000000000004 2024.5000000000002 4.5000000000000009 6.5000000000000009 -0.93301269412040699 -1.0000000180025095e-35
decision_type=2 2 2 2 2 2 2 2 2 2 2 2 2 2 2 2 2 2 2 2 2 2 2 2 2 2 2 2 2 2 2 2 2 2 2 2 2 2 2 2 2 2 2 2 2 2 2 2 2 2 2 2 2 2 2 2 2 2 2 2 2 2
left_child=3 2 -2 6 26 7 22 8 13 10 18 -6 20 -3 -15 16 40 -18 19 -5 28 -21 -1 24 -12 27 31 -24 29 30 -8 32 33 -4 -34 36 -26 38 -30 -39 -10 -22 44 47 -43 46 -13 -27 -25 -44 -49 57 -14 -7 -28 -56 -57 59 60 -11 -59 -29
right_child=1 5 4 9 11 53 12 -9 15 51 23 45 52 14 -16 -17 17 -19 -20 21 41 -23 25 48 35 43 54 61 37 -31 -32 -33 34 -35 -36 -37 -38 39 -40 -41 -42 42 49 -45 -46 -47 -48 50 -50 -51 -52 -53 -54 -55 55 56 -58 58 -60 -61 -62 -63
leaf_value=-0.00031666956709346192 -0.00022593058711765855 -0.00044536941324868997 0.020450366352462723 0.0010213706114943339 0.0041476413132821698 0.00060025807675634759 -0.00022005427830927281 0.014337791656259966 -0.00027361821335943743 0.0001625566856874893 -0.00025633601135933401 0.018647167905422188 0.00097512120444702768 0.0033228866276986723 0.013304271974522714 0.00039346440144736379 0.003206625511752373 -1.8392536915035248e-05 0.00076223041011549736 2.7164374806007708e-06 -4.8314384037751956e-05 0.00037135476515916276 -0.00036487310363446688 0.00018448408056346698 0.00011551424535149703 0.00053300591390198168 0.02031584731502882 -9.1696686063787375e-05 -0.00047917739455706948 -0.00038720968662309086 0.00011462035665456687 0.021249527479536439 0.0039693017187830684 0.0085496141464930561 0.01454666057359596 7.4722169195019579e-06 0.0013555133063932051 0.00052835189471437554 0.00030462929268230434 -0.0003191994292202404 0.00013060688832096799 0.0071356542046051219 0.00022365283035997871 -0.00015849346905188146 0.00057748080478526925 0.017745429288690825 0.011702910941657509 -7.7276529878623018e-05 0.00094430715884566202 -0.00021262351233370411 0.0014365260270783351 0.0016328393273606261 0.00022618523063903419 0.00086669160975193975 0.018632775507137933 0.0087214977344584211 0.018944785506483094 0.0016078804484455289 0.0003482070282782187 0.00057941943870428488 0.00078112123584453495 -0.00028925351791511168
leaf_weight=202536 124 25 54 2680 28 57980 39382 28 7581 6355 17816 35 1532 34 44 34240 498 630 8456 17592 47607 27000 65829 29359 1511 3664 296 39827 4849 29478 18939 32 23 21 33 7274 1430 2525 17784 14490 40180 22 10507 92920 7112 47 233 9703 1507 7318 372 721 10790 12559 314 28 25 1181 3262 10490 6956 30234
leaf_count=202536 124 25 54 2680 28 57980 39382 28 7581 6355 17816 35 1532 34 44 34240 498 630 8456 17592 47607 27000 65829 29359 1511 3664 296 39827 4849 29478 18939 32 23 21 33 7274 1430 2525 17784 14490 40180 22 10507 92920 7112 47 233 9703 1507 7318 372 721 10790 12559 314 28 25 1181 3262 10490 6956 30234
internal_value=9.02058e-08 0.000545021 0.0150742 -0.000105413 0.0167013 0.000422831 -0.000190079 0.000232201 0.000227379 0.000282188 0.000207042 0.012678 -5.36818e-05 0.00668138 0.00902726 0.000219314 9.72426e-05 0.00140114 0.000345827 0.000271234 -7.67104e-05 0.000226036 -0.000255138 7.56399e-05 -8.50656e-05 -0.000203737 0.0183643 -0.000268059 -0.000142072 -0.000203984 -0.000111287 0.0157085 0.0143017 0.0172006 0.0103063 0.000213158 0.000720164 -4.84542e-06 0.000136481 -0.000193128 6.634e-05 3.80155e-05 0.000202882 -0.000121739 0.000598506 0.0134188 0.0126351 0.000126478 0.000221747 4.42602e-05 -2.08723e-05 0.000579393 0.000319714 0.000647767 0.0190072 0.0179328 0.0136646 0.000552319 0.000743788 0.000422451 0.000901749 -0.000177022
internal_weight=956102 155092 1293 801010 1169 153799 657420 83260 83232 143590 114625 343 212335 103 78 83129 48889 1128 55728 47272 200013 44592 445085 58897 28031 242549 826 135890 127447 87799 58321 163 131 75 56 10215 2941 39648 22633 17015 47761 72566 24959 106659 7134 315 268 13739 30866 17825 10075 28965 12322 70539 663 367 53 28244 11399 16845 8137 70061
internal_count=956102 155092 1293 801010 1169 153799 657420 83260 83232 143590 114625 343 212335 103 78 83129 48889 1128 55728 47272 200013 44592 445085 58897 28031 242549 826 135890 127447 87799 58321 163 131 75 56 10215 2941 39648 22633 17015 47761 72566 24959 106659 7134 315 268 13739 30866 17825 10075 28965 12322 70539 663 367 53 28244 11399 16845 8137 70061
is_linear=0
shrinkage=0.05


Tree=18
num_leaves=63
num_cat=0
split_feature=13 12 13 12 12 12 13 12 12 12 15 13 0 0 12 0 15 12 13 0 13 12 9 0 11 0 3 25 13 10 11 8 3 23 9 0 15 0 0 11 12 25 25 15 11 10 23 19 11 11 3 11 11 13 3 3 21 12 13 13 12 12
split_gain=19.8463 99.4101 11.6588 9.50667 2.76142 2.42346 2.94255 2.16873 1.77712 1.15457 0.953404 0.812451 0.783336 0.778001 0.691468 0.657378 0.576448 0.549752 0.481617 0.469856 0.45372 0.449995 0.430595 0.548749 0.426379 0.679959 0.478572 0.418354 0.416172 0.408379 0.462535 1.39036 0.491413 0.408667 0.407967 0.401361 0.383734 0.371241 0.350081 0.352891 0.37166 0.340019 0.298291 0.293782 0.291982 0.375288 0.286436 0.281386 0.265301 0.264924 0.579727 0.397391 0.983103 0.617284 0.264249 0.2603 0.255192 0.246993 0.258351 0.241285 0.240995 0.223279
threshold=1.0099833607673647 116.50000000000001 19.095279693603519 154.50000000000003 52.500000000000007 778.50000000000011 19.095279693603519 464.00000000000006 213.50000000000003 47.500000000000007 1.0000000180025095e-35 0.098458569496870055 1647.5000000000002 267.50000000000006 290.00000000000006 1471.5000000000002 1.0000000180025095e-35 335.00000000000006 0.52715286612510692 1929.5000000000002 0.27838629484176641 464.00000000000006 -0.56174489110708226 627.50000000000011 0.25000000000000011 990.50000000000011 1.5000000000000002 0.21814115345478061 0.024500591680407528 0.25000000000000011 0.68301269412040722 1.0000000180025095e-35 1.5000000000000002 1.0000000180025095e-35 -0.56174489110708226 543.00000000000011 1.0000000180025095e-35 1.0000000180025095e-35 2016.5000000000002 1.0000000180025095e-35 59.500000000000007 1.0000000180025095e-35 0.74817627668380748 1.0000000180025095e-35 1.0000000180025095e-35 0.25000000000000011 2.2519273757934575 1.0000000180025095e-35 1.0000000180025095e-35 0.93301269412040722 1.0000000180025095e-35 0.68301269412040722 -1.0000000180025095e-35 0.03902892395853997 5.5000000000000009 5.5000000000000009 1.0000000180025095e-35 584.00000000000011 0.24797295778989795 0.24797295778989795 17.500000000000004 14.500000000000002
decision_type=2 2 2 2 2 2 2 2 2 2 2 2 2 2 2 2 2 2 2 2 2 2 2 2 2 2 2 2 2 2 2 2 2 2 2 2 2 2 2 2 2 2 2 2 2 2 2 2 2 2 2 2 2 2 2 2 2 2 2 2 2 2
left_child=3 2 -2 9 24 6 21 10 12 61 11 17 22 -6 -13 46 -7 44 41 59 48 -3 -8 -24 34 26 -26 -19 -21 37 -31 55 33 -33 35 -4 -20 -11 39 -15 -41 -9 -29 -23 45 -5 -10 -34 -16 51 -51 52 -39 -53 -28 -32 -57 58 -43 -12 -37 -1
right_child=1 5 4 7 13 16 8 18 15 29 19 14 -14 38 20 -17 -18 27 36 28 -22 43 23 -25 25 -27 54 42 -30 30 31 32 47 -35 -36 60 -38 49 -40 40 -42 57 -44 -45 -46 -47 -48 -49 -50 50 -52 53 -54 -55 -56 56 -58 -59 -60 -61 -62 -63
leaf_value=-0.00035254196426171865 -0.00021464316276441524 -0.00013860887301573251 0.023414983515122639 0.00046411368434520756 0.0040539276565319483 0.00035770032228518478 0.003825638477018862 -9.6394358306940025e-05 0.0023626289419622754 0.0016769507587773313 0.00053958490771888786 -0.00014197401620196716 0.015690794500693592 0.01671561248105647 0.00040136082917127653 0.0087742692169105914 0.00064164157784353559 0.00026186644040983564 0.00021104131250801914 0.0086043549436740398 -2.2858211683936256e-05 9.178835961970772e-05 0.01450236386449886 0.0048790809207534857 0.0082805527445605348 0.017848343896384476 0.01660533045848489 0.0012370008203061258 0.0014234594459123645 -0.00024826378588510925 -0.00045987850815684271 0.0011319316179433543 9.7330663183844678e-05 -8.2301187524477538e-05 0.020015830401118193 0.017413438633142413 0.0006167540033292767 -3.9345303649700467e-05 0.017114748692879617 0.016466866224960498 0.010467694647714187 0.0010150699754016633 0.0071297139974471129 0.00034345560543080163 3.7960618601961528e-05 4.4805468443366578e-05 5.7574693192462789e-05 0.0014776175354550532 9.1164698114108321e-05 0.00036330122695675293 -0.00035735105381726429 0.00037098756209471987 -0.0004716449994177016 -0.00021219083065968024 0.0099121396812413259 0.00033870791883047942 -0.00056467624561272413 0.0010576685352921369 0.00048357362375563162 0.00021046864220141293 0.012321052104633122 -0.0002540230492723055
leaf_weight=82376 124 13032 20 13801 29 24518 91 1272 359 298 9864 56780 26 41 14169 33 66942 1879 17177 21 33767 29187 29 35 39 259 82 1980 719 111477 11307 2938 7973 897 264 64 8870 97983 48 34 209 3148 22 19324 19725 8746 223 388 13522 3275 18651 11891 15197 7326 24 2316 1179 4677 8658 12963 56 193778
leaf_count=82376 124 13032 20 13801 29 24518 91 1272 359 298 9864 56780 26 41 14169 33 66942 1879 17177 21 33767 29187 29 35 39 259 82 1980 719 111477 11307 2938 7973 897 264 64 8870 97983 48 34 209 3148 22 19324 19725 8746 223 388 13522 3275 18651 11891 15197 7326 24 2316 1179 4677 8658 12963 56 193778
internal_value=9.42801e-08 0.000517803 0.0143234 -0.000100139 0.0158696 0.000401697 0.000161177 0.000169808 0.00318178 -0.000210051 9.59388e-05 5.3266e-05 0.00754456 0.0121809 -1.61411e-05 0.00188863 0.00056558 0.000231186 0.000486673 0.000393388 0.000100032 0.000122022 0.00613662 0.00933346 0.0175098 0.0162471 0.0133422 0.000801068 0.00163513 -0.000140898 -0.00020329 -1.74025e-05 0.000377693 0.000846626 0.0187558 0.0163316 0.000349396 -8.49893e-05 0.0128743 0.0121342 0.0113341 0.000687778 0.00130461 0.000192142 0.000178745 0.000301686 0.00148817 0.000161999 0.000250068 -8.84251e-05 -0.000249481 -6.1715e-05 -9.7436e-05 0.000148405 0.0151478 -0.000343277 3.25231e-05 0.000748597 0.000625725 0.000352907 0.0150909 -0.000283429
internal_weight=956102 155092 1293 801010 1169 153799 62339 231760 796 569250 187958 164391 181 361 118238 615 91460 46153 43802 23567 61458 61543 155 64 808 404 145 3881 740 293096 138475 26998 12196 3835 404 140 26047 154621 332 284 243 17755 2002 48511 42272 22547 582 8361 27691 154323 21926 132397 113180 19217 106 14802 3495 16483 11806 22827 120 276154
internal_count=956102 155092 1293 801010 1169 153799 62339 231760 796 569250 187958 164391 181 361 118238 615 91460 46153 43802 23567 61458 61543 155 64 808 404 145 3881 740 293096 138475 26998 12196 3835 404 140 26047 154621 332 284 243 17755 2002 48511 42272 22547 582 8361 27691 154323 21926 132397 113180 19217 106 14802 3495 16483 11806 22827 120 276154
is_linear=0
shrinkage=0.05


Tree=19
num_leaves=63
num_cat=0
split_feature=13 12 13 12 12 12 13 12 12 12 1 13 8 11 11 15 15 3 3 8 11 2 8 12 15 13 13 12 2 13 3 8 18 12 1 12 2 3 2 1 3 8 12 1 15 12 12 1 2 2 9 9 3 21 8 15 13 21 2 17 2 3
split_gain=17.9135 89.7606 10.6157 8.64532 2.65739 2.20282 2.48891 1.72548 1.52682 1.2739 0.873717 0.791933 0.656614 0.70564 0.619315 0.618451 0.584787 1.01017 0.719609 0.580418 0.575337 0.754804 1.42836 0.568352 0.520137 0.434778 0.423833 0.417566 0.413027 0.604666 0.526978 0.445484 0.424543 0.405887 0.390834 0.428478 0.342432 0.43612 0.323747 0.319655 0.312963 0.311169 0.310973 0.306593 0.296091 0.283373 0.282737 0.281592 0.408918 0.294833 0.353795 0.370485 0.302993 0.280094 0.272516 0.272476 0.408854 0.267639 0.264386 0.256689 0.402516 0.249262
threshold=1.0099833607673647 120.50000000000001 19.095279693603519 236.50000000000003 67.500000000000014 778.50000000000011 19.095279693603519 62.500000000000007 416.50000000000006 505.50000000000006 2024.5000000000002 0.32930481433868414 -0.87837970256805409 -0.93301269412040699 0.68301269412040722 1.0000000180025095e-35 1.0000000180025095e-35 1.5000000000000002 3.5000000000000004 0.6078576147556306 1.0000000180025095e-35 7.5000000000000009 0.87837970256805431 13.500000000000002 1.0000000180025095e-35 0.3510726690292359 0.098458569496870055 367.50000000000006 11.500000000000002 0.076982341706752791 1.0000000180025095e-35 -0.87837970256805409 1.0000000180025095e-35 464.00000000000006 2024.5000000000002 344.00000000000006 7.5000000000000009 5.5000000000000009 11.500000000000002 2024.5000000000002 4.5000000000000009 1.0000000180025095e-35 326.50000000000006 2024.5000000000002 1.0000000180025095e-35 202.50000000000003 14.500000000000002 2024.5000000000002 7.5000000000000009 5.5000000000000009 -0.56174489110708226 1.0000000180025095e-35 3.5000000000000004 1.0000000180025095e-35 1.0000000180025095e-35 208.50000000000003 73.090694427490249 1.0000000180025095e-35 11.500000000000002 2.5000000000000004 7.5000000000000009 5.5000000000000009
decision_type=2 2 2 2 2 2 2 2 2 2 2 2 2 2 2 2 2 2 2 2 2 2 2 2 2 2 2 2 2 2 2 2 2 2 2 2 2 2 2 2 2 2 2 2 2 2 2 2 2 2 2 2 2 2 2 2 2 2 2 2 2 2
left_child=3 2 -2 7 23 6 33 46 19 11 14 15 -12 16 20 26 18 -18 -14 41 21 61 -23 -4 -7 59 34 -13 29 31 -30 -16 -31 -3 53 -36 -15 -38 -25 -26 -32 -8 -28 -35 -27 -21 -1 48 -48 -49 52 -52 -51 -5 58 -41 -57 -44 -6 -11 -61 -9
right_child=1 5 4 9 54 24 8 10 -10 25 12 27 13 36 28 -17 17 -19 -20 45 -22 22 -24 38 39 44 42 -29 30 32 40 -33 -34 43 35 -37 37 -39 -40 55 -42 -43 57 -45 -46 -47 47 49 -50 50 51 -53 -54 -55 -56 56 -58 -59 -60 60 -62 -63
leaf_value=-0.00033491488743642015 -0.00021162222868494819 -0.00013159285216528214 0.018334667344213795 6.6317640865027532e-05 0.016716019676045277 0.00033981537731937489 0.0067149512034415174 -0.0002933822431529668 0.00091057025299732554 0.00088446788676907614 -0.00027713419234856221 -0.00016402223497389472 3.1286109813635607e-05 -1.8299415851967379e-05 -0.000291708881799156 0.0006343459648426381 0.0034142969074558525 9.400330449669522e-05 0.00085550704670475045 0.014086944595780743 -0.00036976413732663587 -7.3326052846115297e-05 0.00096088566167806897 0.016013345779713764 0.0005265441951338752 0.00031178656267934218 3.2492271907457541e-05 0.00012843444392055748 0.00038658398702097198 -0.00021774655466945677 -0.00042398809493954942 0.00037073018934375004 0.0012640650528723777 8.667314363250479e-05 0.00057833577350560562 0.0019478043516672292 0.0001549282100009843 0.0011005427149029417 0.012931193774645409 0.00072730977360260286 -1.221882806595518e-05 0.0031779470735326084 -5.2662200261527621e-05 0.00034782127544694022 0.0006569243211524354 0.0067866844426402277 -0.00038102608578650455 -0.0002340124222154099 -0.00020160684268955318 0.00036694163679400546 -0.00037031168528976164 -3.3030478613610523e-05 -9.8456582905441655e-05 0.00061252521432206741 0.0087877216547804695 0.0045317968547139995 0.0011726542106565824 0.00034466074732937102 0.010690987394072217 0.0075431155026671054 -0.0006315477737283559 1.0494676361835445e-05
leaf_weight=82376 126 13030 266 5023 30 24518 99 48212 426 5272 15994 21038 7550 75649 2982 9700 427 501 4090 25 41923 25440 3842 533 42588 18459 28362 29066 3499 13090 13004 16766 501 30722 1843 839 7741 1452 129 23742 7192 196 5213 17789 9450 39 57025 82622 72116 6976 13373 20909 6988 4444 140 113 499 22191 82 36 24 7810
leaf_count=82376 126 13030 266 5023 30 24518 99 48212 426 5272 15994 21038 7550 75649 2982 9700 427 501 4090 25 41923 25440 3842 533 42588 18459 28362 29066 3499 13090 13004 16766 501 30722 1843 839 7741 1452 129 23742 7192 196 5213 17789 9450 39 57025 82622 72116 6976 13373 20909 6988 4444 140 113 499 22191 82 36 24 7810
internal_value=9.93345e-08 0.000491955 0.0135444 -9.51278e-05 0.0150174 0.000381068 0.00015172 -0.000177507 0.00294941 0.000232418 -8.94344e-05 0.000160599 1.97192e-05 6.85119e-05 -0.00015664 0.000260635 0.000418176 0.00162736 0.000321331 0.00535391 -0.000218019 -0.000143384 6.22017e-05 0.0162644 0.000537303 0.000508208 0.000207185 5.53592e-06 -1.96352e-05 9.37006e-05 -0.00017931 0.000270446 -0.000162746 0.000115948 0.00047498 0.00100866 1.66554e-05 0.000304839 0.0154223 0.00060956 -0.000277601 0.00438376 0.000148754 0.00018254 0.000428831 0.00973388 -0.000254061 -0.000228426 -0.000280872 -0.000176633 -7.82665e-05 -0.000164746 0.000133685 0.00032325 0.0104008 0.000754521 0.0018017 0.000268897 0.0123629 0.00092273 0.00419445 -0.00025093
internal_weight=956102 155092 1306 801010 1180 153786 62326 640050 785 160960 297665 127719 113404 97410 184261 77615 12568 928 11640 359 127227 85304 29282 928 91460 33241 67915 50104 57034 33339 23695 19748 13591 61541 12149 2682 84842 9193 662 66942 20196 295 55766 48511 27909 64 342385 260009 129141 130868 48246 34282 13964 9467 252 24354 612 27404 112 5332 60 56022
internal_count=956102 155092 1306 801010 1180 153786 62326 640050 785 160960 297665 127719 113404 97410 184261 77615 12568 928 11640 359 127227 85304 29282 928 91460 33241 67915 50104 57034 33339 23695 19748 13591 61541 12149 2682 84842 9193 662 66942 20196 295 55766 48511 27909 64 342385 260009 129141 130868 48246 34282 13964 9467 252 24354 612 27404 112 5332 60 56022
is_linear=0
shrinkage=0.05


Tree=20
num_leaves=63
num_cat=0
split_feature=13 12 13 12 12 12 12 13 12 13 0 12 13 0 12 0 0 12 16 0 2 13 20 12 12 25 14 23 14 0 0 2 2 3 3 3 11 0 0 12 0 12 2 2 3 6 11 12 14 3 21 13 11 2 12 13 13 2 3 2 13 3
split_gain=16.1685 81.0652 8.06671 7.84668 3.52025 2.11645 1.74012 1.57326 1.24368 1.03814 0.963304 0.961636 0.804968 0.672994 0.580555 0.577027 0.490821 0.476388 0.462395 0.425744 0.457142 0.401803 0.385678 0.379335 0.365706 0.363223 0.491006 0.542913 0.535467 0.3531 0.409448 0.344961 0.40242 0.564674 0.675387 0.429756 0.341476 0.565548 0.333411 0.320835 0.306266 0.314864 0.301463 0.293569 0.293531 0.289351 0.284444 0.283211 0.280846 0.276972 0.259698 0.357414 0.255008 0.347329 0.241699 0.287707 0.234824 0.304748 0.583174 0.563771 0.231252 0.228883
threshold=1.0099833607673647 90.500000000000014 19.095279693603519 156.50000000000003 165.50000000000003 778.50000000000011 402.50000000000006 19.095279693603519 52.500000000000007 19.095279693603519 1184.5000000000002 47.500000000000007 0.25338165462017065 1727.5000000000002 312.50000000000006 1949.5000000000002 2255.5000000000005 652.50000000000011 1.0000000180025095e-35 673.50000000000011 11.500000000000002 0.054515806958079345 1.0000000180025095e-35 2.5000000000000004 99.500000000000014 0.48718334734439855 0.312876507639885 0.77136236429214489 0.35758377611637121 693.50000000000011 1184.5000000000002 5.5000000000000009 1.5000000000000002 3.5000000000000004 1.0000000180025095e-35 1.5000000000000002 1.0000000180025095e-35 990.50000000000011 1.0000000180025095e-35 473.50000000000006 543.00000000000011 16.500000000000004 11.500000000000002 3.5000000000000004 2.5000000000000004 1.0000000180025095e-35 0.68301269412040722 218.50000000000003 0.01835016813129187 1.5000000000000002 1.0000000180025095e-35 0.098458569496870055 1.0000000180025095e-35 5.5000000000000009 550.00000000000011 1.5766216516494753 0.095277912914752974 11.500000000000002 1.0000000180025095e-35 10.500000000000002 0.13029664754867556 3.5000000000000004
decision_type=2 2 2 2 2 2 2 2 2 2 2 2 2 2 2 2 2 2 2 2 2 2 2 2 2 2 2 2 2 2 2 2 2 2 2 2 2 2 2 2 2 2 2 2 2 2 2 2 2 2 2 2 2 2 2 2 2 2 2 2 2 2
left_child=3 2 -2 11 7 9 12 -3 23 22 -11 -1 14 24 21 -14 17 52 -7 20 -10 48 -6 -4 -9 43 -27 28 -28 -26 -31 32 33 34 -13 -36 40 49 -33 44 -25 -42 -17 -18 -12 50 -39 -23 -5 -38 -16 -52 53 -8 -24 -56 57 59 -59 -40 -55 -21
right_child=1 4 8 6 5 18 16 13 19 10 39 31 15 -15 45 42 25 -19 -20 61 -22 47 54 36 29 26 27 -29 -30 30 -32 38 -34 -35 35 -37 37 46 56 -41 41 -43 -44 -45 -46 -47 -48 -49 -50 -51 51 -53 -54 60 55 -57 -58 58 -60 -61 -62 -63
leaf_value=-0.00025640061936073723 -0.00018511847050977541 -0.00038024401606575356 0.021824117459722663 3.0119029879074882e-05 -0.00022232470266595329 0.0003277208576684864 0.00013593910471133546 0.0014138504930228902 0.010931079869693938 0.0012191515514804188 0.013198010600503022 -0.00039889439856729538 -0.00010594017791357204 0.015683928749616848 0.00011042799053293973 0.0020938015963736034 -0.00026022529956407661 0.00059796688860859796 0.00057989172068931532 0.011654105255373831 0.001968314191874336 -6.6125206938861807e-05 1.204039223523674e-05 0.020470056465437696 0.011063569338958147 0.0014654835243680772 0.014453689623382185 -0.00019112464314673369 0.0033030637866490846 0.0023970141969499969 0.0091894600324026795 0.0015942313989230107 -0.00022542806745244411 -0.0002861889621008798 0.00079369140915862215 0.00015705864892985087 0.008029265435290164 0.010885626111491031 -7.5332964188431505e-05 0.0016159666402024092 0.017929384899542988 0.014351980550437796 0.0086976588127158951 0.00097987112219070178 0.0060038671644313023 -0.00019262657697727815 0.016601120467572821 0.00012862796018072931 0.00049533044328156249 0.013280449740099743 0.0010849491029977499 0.0004254175435399994 0.00015405819716284849 0.0016179457349776343 0.00045447729050183565 0.00014146539448936011 -0.00031865951153641772 0.00038734522794183559 -0.00035789858275699906 0.00023705662092188062 0.00049026634770225409 0.015747038547898384
leaf_weight=276154 97 71 30 5056 7609 25206 9148 27 50 569 21 3871 49979 27 4818 84 660 14058 66254 130 22 34041 18675 59 60 895 23 23 23 46 48 298 112682 11101 3880 8456 41 31 109603 30 144 161 23 1671 63 2036 232 41281 9173 110 2469 12674 24801 473 10490 24725 9585 3095 17098 16630 15148 64
leaf_count=276154 97 71 30 5056 7609 25206 9148 27 50 569 21 3871 49979 27 4818 84 660 14058 66254 130 22 34041 18675 59 60 895 23 23 23 46 48 298 112682 11101 3880 8456 41 31 109603 30 144 161 23 1671 63 2036 232 41281 9173 110 2469 12674 24801 473 10490 24725 9585 3095 17098 16630 15148 64
internal_value=1.00333e-07 0.000467385 0.0135727 -9.03694e-05 0.000367641 0.000357415 0.000157285 0.00597904 0.0148198 0.000132244 0.00207112 -0.000189256 6.84733e-05 0.00817293 0.00014326 -9.79871e-05 0.000371709 0.000340773 0.00051045 0.011769 0.00826833 8.66536e-05 0.000110626 0.0158164 0.00701685 0.00096756 0.00178666 0.00587216 0.0090061 0.00796519 0.00592471 -0.00012666 -0.000183693 -1.12958e-05 0.000176685 0.000357707 0.0155756 0.0144865 -7.55497e-05 0.00627487 0.0167962 0.0160627 0.0035668 0.000626609 0.00787541 0.00037348 0.0159508 4.05449e-05 0.000330379 0.011894 0.000431473 0.000533288 0.000267731 0.000381348 0.000157731 0.00023485 -7.87723e-05 -6.3035e-05 -0.000243425 -3.41388e-05 0.000524742 0.0130375
internal_weight=956102 155092 1171 801010 153921 153642 228557 279 1074 62182 683 572453 161634 208 111548 50086 66923 63628 91460 266 72 89551 61499 808 181 3295 964 69 46 154 94 296299 139990 27308 16207 12336 778 414 156309 114 364 305 107 2331 84 21997 263 75322 14229 151 19961 15143 49570 24769 53890 35215 156011 146426 20193 126233 15621 194
internal_count=956102 155092 1171 801010 153921 153642 228557 279 1074 62182 683 572453 161634 208 111548 50086 66923 63628 91460 266 72 89551 61499 808 181 3295 964 69 46 154 94 296299 139990 27308 16207 12336 778 414 156309 114 364 305 107 2331 84 21997 263 75322 14229 151 19961 15143 49570 24769 53890 35215 156011 146426 20193 126233 15621 194
is_linear=0
shrinkage=0.05


Tree=21
num_leaves=63
num_cat=0
split_feature=12 13 12 12 15 10 1 1 11 1 10 13 8 11 15 9 9 8 2 2 8 15 15 2 12 12 12 1 2 10 22 13 9 8 12 8 2 8 10 9 2 2 2 12 2 9 1 21 13 12 9 25 12 9 11 25 2 11 9 2 25 12
split_gain=14.622 84.7765 8.20724 2.35632 2.20135 1.02393 0.82639 0.822282 0.804391 0.578066 0.575565 0.484654 0.483835 0.609875 0.50631 0.759248 0.500343 0.469219 0.458723 1.3274 2.45333 0.622754 0.557788 0.437807 0.423956 0.442472 0.413853 0.423452 0.503535 0.408661 0.39695 0.528027 0.479693 0.386976 0.384103 0.374298 0.372515 0.477419 0.370747 0.35425 0.89596 0.353128 0.348237 0.347426 0.312142 0.307341 0.289716 0.283726 0.36701 0.338484 0.279927 0.252796 0.245401 0.253664 0.233736 0.23026 0.229797 0.433248 0.295663 0.222767 0.229233 0.220661
threshold=344.00000000000006 19.095279693603519 84.500000000000014 95.500000000000014 1.0000000180025095e-35 -0.25000000000000006 2023.5000000000002 2024.5000000000002 -1.0000000180025095e-35 2024.5000000000002 0.68301269412040722 0.18661129474639895 -0.87837970256805409 -0.93301269412040699 1.0000000180025095e-35 -0.56174489110708226 1.0000000180025095e-35 -0.60785761475563038 2.5000000000000004 1.5000000000000002 -1.0000000180025095e-35 13.500000000000002 9.5000000000000018 7.5000000000000009 35.500000000000007 32.500000000000007 21.500000000000004 2024.5000000000002 7.5000000000000009 -0.68301269412040699 0.28333334624767309 0.11120071634650232 -0.56174489110708226 -0.87837970256805409 652.50000000000011 0.6078576147556306 5.5000000000000009 0.87837970256805431 0.68301269412040722 1.0000000180025095e-35 9.5000000000000018 2.5000000000000004 1.5000000000000002 38.500000000000007 10.500000000000002 0.81174489855766307 2024.5000000000002 1.0000000180025095e-35 0.19305364042520526 218.50000000000003 -0.56174489110708226 0.50571158528327953 67.500000000000014 1.0000000180025095e-35 -0.93301269412040699 3.3377842903137211 9.5000000000000018 -0.68301269412040699 0.81174489855766307 5.5000000000000009 0.76300743222236644 175.50000000000003
decision_type=2 2 2 2 2 2 2 2 2 2 2 2 2 2 2 2 2 2 2 2 2 2 2 2 2 2 2 2 2 2 2 2 2 2 2 2 2 2 2 2 2 2 2 2 2 2 2 2 2 2 2 2 2 2 2 2 2 2 2 2 2 2
left_child=1 3 6 26 8 35 52 10 11 38 47 30 -9 14 15 -14 -16 -11 19 -19 22 -22 -21 51 25 41 -1 28 -28 -10 46 32 -32 -29 59 61 -35 -38 -6 40 -30 42 -8 -26 -41 -25 -2 56 49 -49 -43 -15 53 -3 -20 -36 57 -5 -58 -13 -61 -4
right_child=4 2 5 7 9 -7 24 12 29 17 -12 34 13 23 16 -17 -18 18 54 20 21 -23 -24 45 43 -27 27 33 39 -31 31 -33 -34 36 55 -37 37 -39 -40 44 -42 50 -44 -45 -46 -47 -48 48 -50 -51 -52 -53 -54 -55 -56 -57 58 -59 -60 60 -62 -63
leaf_value=-0.00028554601852737036 0.00038417335225414298 0.014353580254260791 0.0051383114289082037 -0.00015270724272648195 0.00046123847575012987 0.0095759647073827229 0.014414842312392579 -0.0001809353094735729 -0.00025304678791422778 0.00037419259214625523 -0.00026712061813468025 3.8692053879037416e-05 0.0010830024508360441 0.0001296330414873253 0.00040729229644616543 7.2252933308786102e-05 0.0024615059502484365 0.00051826157823235024 0.00098334272776580346 0.0031040861815898272 0.00040672594215133723 0.0021085323395680987 0.0061465407057301694 0.00060764700847399224 0.006718269809743398 0.022709905808427237 -0.00031641145214417909 -0.00031205163274980712 0.00020962033610525072 0.00012366853305437262 0.012954392895769717 0.001496902438810797 0.0032202116838491467 -0.00014865170728155762 0.00063136448522570351 0.0088501071526432256 9.4661493930126177e-05 -0.00032517693633059633 0.00016318923287349211 -0.00039090024658621392 -0.0002136568625576502 0.014329535919218829 0.0070061300800054391 0.013870678275048799 -0.00011786193240065128 -0.00028307143984576639 0.0011643157361813663 2.4228969231032966e-05 -0.00014636646505759358 0.00032255784039933368 0.017438636082133436 -8.6791655770439798e-05 0.0089823617781792809 0.010505667156110891 0.00056692089433915032 0.00028321817063173423 -0.00028590693037520417 0.0002438314502784633 0.0001818735604813801 0.00061547684981018468 0.00021064761654267215 0.0020933277434746376
leaf_weight=122561 3740 126 127 20438 56988 146 79 12573 8098 11866 33695 15037 2698 38768 575 6006 627 3980 4138 298 1244 959 327 6096 22 27 87736 21985 19055 64384 20 401 40 85209 9920 42 40616 8124 12841 21974 36321 143 24 199 20118 1143 1768 29759 18385 14001 258 20668 68 90 19282 9254 23370 10387 3935 4317 18899 127
leaf_count=122561 3740 126 127 20438 56988 146 79 12573 8098 11866 33695 15037 2698 38768 575 6006 627 3980 4138 298 1244 959 327 6096 22 27 87736 21985 19055 64384 20 401 40 85209 9920 42 40616 8124 12841 21974 36321 143 24 199 20118 1143 1768 29759 18385 14001 258 20668 68 90 19282 9254 23370 10387 3935 4317 18899 127
internal_value=1.05059e-07 -0.000115545 0.0118464 -0.000140566 0.000330692 0.00612029 0.0142837 -1.44671e-05 0.000195378 0.000494923 -8.44563e-05 0.000325485 0.000106349 0.00015358 0.000519766 0.000386141 0.00148311 0.000641484 0.000746242 0.00110852 0.0019374 0.00114988 0.00470463 9.91001e-05 0.015179 0.0159969 -0.000206671 -0.000178319 -0.000229463 8.1511e-05 0.000754786 0.00216856 0.00656429 -0.000117543 0.000280775 0.00439625 -8.55808e-05 2.45796e-05 0.000406501 -0.000151144 -6.79159e-05 0.015623 0.0127455 0.0131846 -0.00026052 0.000466315 0.000635514 -3.32412e-05 4.09724e-05 0.000119794 0.0163462 5.42904e-05 0.011891 0.012779 0.000640714 0.000463601 -0.000112667 -1.89243e-05 -0.00021831 0.000189003 0.000286143 0.00363692
internal_weight=956102 708301 1478 706823 247801 442 1036 243124 135878 111923 153970 63396 89154 76581 9906 8704 1202 42094 30228 6808 2828 2203 625 66675 752 531 463699 341138 185204 72482 5969 461 60 155934 57427 296 133949 48740 69829 97468 55376 504 103 221 42092 7239 5508 120275 62145 43760 401 59436 284 216 23420 19174 58130 30825 27305 38253 23216 254
internal_count=956102 708301 1478 706823 247801 442 1036 243124 135878 111923 153970 63396 89154 76581 9906 8704 1202 42094 30228 6808 2828 2203 625 66675 752 531 463699 341138 185204 72482 5969 461 60 155934 57427 296 133949 48740 69829 97468 55376 504 103 221 42092 7239 5508 120275 62145 43760 401 59436 284 216 23420 19174 58130 30825 27305 38253 23216 254
is_linear=0
shrinkage=0.05


Tree=22
num_leaves=63
num_cat=0
split_feature=12 14 12 15 15 2 9 12 11 1 0 0 10 1 0 1 2 2 0 12 0 0 3 1 2 2 3 20 15 22 2 3 3 2 25 11 3 10 10 2 2 12 11 2 1 9 11 3 0 11 22 9 14 2 25 25 14 3 11 2 2 15
split_gain=13.1973 7.67306 2.05233 1.9867 1.29653 0.945714 1.1795 0.766139 0.72618 0.62082 0.596121 0.57188 0.545097 0.521796 0.504935 0.447521 0.85447 1.04708 0.439813 0.434394 0.425356 0.42896 0.423473 0.418233 0.414127 1.19828 2.21422 0.583549 0.561823 0.409303 0.392682 0.906335 0.516662 0.38576 0.383651 0.43447 0.383085 0.368833 0.334522 0.322964 0.321395 0.320718 0.313186 0.404149 0.498148 0.285054 0.30761 0.269659 0.259362 0.259338 0.380544 0.358613 0.266167 0.254572 0.249999 0.437962 0.306069 0.230277 0.22331 0.422794 0.213569 0.208376
threshold=344.00000000000006 20.490151405334476 114.50000000000001 1.0000000180025095e-35 1.0000000180025095e-35 11.500000000000002 -0.56174489110708226 85.500000000000014 -1.0000000180025095e-35 2024.5000000000002 1882.5000000000002 1684.5000000000002 -0.25000000000000006 2024.5000000000002 1774.5000000000002 2023.5000000000002 10.500000000000002 9.5000000000000018 1882.5000000000002 47.500000000000007 61.500000000000007 1507.5000000000002 4.5000000000000009 2024.5000000000002 2.5000000000000004 1.5000000000000002 3.5000000000000004 2.5000000000000004 13.500000000000002 0.18333333730697635 3.5000000000000004 1.5000000000000002 2.5000000000000004 7.5000000000000009 0.89987221360206615 -0.93301269412040699 3.5000000000000004 -0.68301269412040699 0.68301269412040722 5.5000000000000009 1.5000000000000002 429.00000000000006 0.68301269412040722 11.500000000000002 2023.5000000000002 1.0000000180025095e-35 0.68301269412040722 1.0000000180025095e-35 53.000000000000007 -0.93301269412040699 0.050000002607703216 -0.56174489110708226 0.02649122849106789 7.5000000000000009 0.46361231803894049 0.75961121916770946 0.23032714426517489 5.5000000000000009 1.0000000180025095e-35 7.5000000000000009 5.5000000000000009 1.0000000180025095e-35
decision_type=2 2 2 2 2 2 2 2 2 2 2 2 2 2 2 2 2 2 2 2 2 2 2 2 2 2 2 2 2 2 2 2 2 2 2 2 2 2 2 2 2 2 2 2 2 2 2 2 2 2 2 2 2 2 2 2 2 2 2 2 2 2
left_child=1 2 19 8 5 7 -7 30 20 12 34 -8 15 38 -13 -4 17 -17 -16 -1 -2 39 24 42 25 -15 28 -28 -27 -18 32 33 40 -32 35 61 -33 -10 -5 -22 -3 -23 58 44 -44 -14 57 -45 -39 50 52 -52 -25 -37 56 -56 -43 -47 59 -21 -26 -11
right_child=3 4 9 13 -6 6 11 -9 37 10 -12 14 45 22 18 16 29 -19 -20 23 21 41 -24 49 60 26 27 -29 -30 -31 31 36 -34 -35 -36 53 -38 48 -40 -41 -42 54 43 47 -46 46 -48 -49 -50 -51 51 -53 -54 -55 55 -57 -58 -59 -60 -61 -62 -63
leaf_value=-0.00022679500266611772 0.00093976708289822896 0.0024476654405989275 -0.00040259336777010487 0.00043817658832363024 -4.4638382879950416e-05 0.00025309868387758108 0.0031254529435504452 0.00044448989062959352 -0.0002403946049890463 0.00042464839381927994 0.00068239886593528156 0.012649469390127052 -0.00023556427668559074 0.00049234914200257246 -0.0011818643505537539 0.00015377480139974799 0.00079952989478171128 -0.00044583560495251333 0.0062584203111298101 -0.0002803772624116716 0.00010229210562869114 0.00040108852944643468 0.00035548311408004182 0.00021975327570838448 0.00045151766146400902 0.00038639127383444268 0.0020311052672046101 0.0054521088853656009 0.0020031167125438578 0.0001231919669693879 0.0021518956584585017 0.0031245142675406226 0.00025222204867289219 8.928714066162967e-05 -0.00013185092709126623 5.7282047838755382e-05 0.001873394665441882 0.00062576977925245334 0.00015502983420295581 0.00034549011199247931 6.794298823299669e-05 0 -0.00063934367054923019 0.00022108659720134678 0.00015103769251702926 -0.00028129141092088757 0.00016076453405635148 -0.00034617878293448237 9.7560945965303669e-05 -8.357474329569379e-05 0.00052529644542473981 -0.00044614999808403525 0.0009263776981175651 0.0004420966956959093 0.0028727685668986438 0.00077090922802057103 0.0028074286662532234 7.6024589028879087e-05 -0.00034792830187220015 -1.1840824577242456e-05 0.00075538717488617319 0.0012725353096249108
leaf_weight=271621 2573 651 4734 56988 1638 317 613 2010 8098 5437 4446 28 41729 3980 22 28888 5711 9734 134 41095 22940 2269 11866 5384 11323 1244 181 444 959 3709 321 1090 1052 790 15743 42211 1479 2419 12841 33971 187 515 2216 2465 19738 13081 12165 13605 61965 81108 1305 3466 1785 4793 498 510 120 6852 31256 22846 12097 846
leaf_count=271621 2573 651 4734 56988 1638 317 613 2010 8098 5437 4446 28 41729 3980 22 28888 5711 9734 134 41095 22940 2269 11866 5384 11323 1244 181 444 959 3709 321 1090 1052 790 15743 42211 1479 2419 12841 33971 187 515 2216 2465 19738 13081 12165 13605 61965 81108 1305 3466 1785 4793 498 510 120 6852 31256 22846 12097 846
internal_value=1.08666e-07 -0.000109762 -0.000129791 0.000314177 0.00124279 0.00148592 0.00284989 0.00128477 0.000185626 5.43581e-06 0.00012107 0.0038763 -6.1635e-05 0.000470198 0.00634756 6.10061e-05 0.000106793 2.52326e-06 0.00517703 -0.000184143 0.000309248 0.000282491 0.000609453 -0.000132919 0.000708982 0.00105325 0.00184082 0.00446987 0.00109251 0.000533766 0.00158709 0.00188948 0.000995582 0.000689874 8.48435e-05 0.000148957 0.00240628 7.7432e-05 0.00038618 0.000247549 0.00192267 0.000789528 -0.000189745 -6.8258e-05 7.10276e-05 -0.000149374 -3.71659e-05 -0.000258853 0.000117485 -5.15064e-05 0.000165913 -0.000179379 0.000396403 9.66288e-05 0.00132287 0.00181447 0.000534459 -0.000158213 -0.000238217 -0.000184508 0.00060869 0.00053963
internal_weight=956102 708301 697969 247801 10332 8694 1114 7580 135878 200079 73476 797 126603 111923 184 52776 48042 38622 156 497890 63396 60823 42094 226269 30228 6808 2828 625 2203 9420 5570 3680 1890 1111 69030 53287 2569 72482 69829 56911 838 3912 133221 38024 21954 73827 32098 16070 64384 93048 11940 4771 7169 47004 1643 1008 635 19933 95197 63941 23420 6283
internal_count=956102 708301 697969 247801 10332 8694 1114 7580 135878 200079 73476 797 126603 111923 184 52776 48042 38622 156 497890 63396 60823 42094 226269 30228 6808 2828 625 2203 9420 5570 3680 1890 1111 69030 53287 2569 72482 69829 56911 838 3912 133221 38024 21954 73827 32098 16070 64384 93048 11940 4771 7169 47004 1643 1008 635 19933 95197 63941 23420 6283
is_linear=0
shrinkage=0.05


Tree=23
num_leaves=63
num_cat=0
split_feature=13 12 12 12 12 0 12 13 12 20 0 11 0 14 21 12 11 11 12 13 12 13 11 10 9 0 12 0 0 0 13 12 8 11 12 12 10 12 20 11 10 14 14 24 10 11 8 9 11 0 12 0 10 12 0 9 13 25 14 0 13 11
split_gain=12.1322 69.1121 10.8242 2.6004 1.67756 1.66923 1.32286 0.795904 0.739306 0.583571 0.484853 0.470823 0.505217 0.460402 0.432323 0.411399 0.409658 0.391159 0.377188 0.368533 0.562534 0.367984 0.347187 0.400717 0.342573 0.49893 0.333274 0.331521 0.328898 0.30258 0.296265 0.293614 0.275792 0.447028 0.268962 0.261913 0.240199 0.251317 0.235105 0.328962 0.234319 0.230341 0.247146 0.227837 0.223921 0.272883 0.522012 0.264256 0.303846 0.220048 0.215259 0.237927 0.211495 0.210298 0.390278 0.208738 0.208735 0.236489 0.204165 0.202758 0.198307 0.18275
threshold=19.095279693603519 146.50000000000003 262.50000000000006 67.500000000000014 672.00000000000011 1661.5000000000002 81.500000000000014 0.16341937333345416 591.50000000000011 1.0000000180025095e-35 2060.5000000000005 0.93301269412040722 1324.5000000000002 0.73717105388641369 1.0000000180025095e-35 353.50000000000006 -0.25000000000000006 -0.25000000000000006 3.5000000000000004 0.14296822994947436 143.50000000000003 0.057386096566915519 -0.25000000000000006 -0.68301269412040699 -0.56174489110708226 1199.5000000000002 991.50000000000011 1184.5000000000002 1357.5000000000002 2255.5000000000005 0.61668714880943309 1288.0000000000002 -0.87837970256805409 1.0000000180025095e-35 114.50000000000001 14.500000000000002 0.25000000000000011 236.50000000000003 35.642858505249031 0.25000000000000011 0.25000000000000011 0.023392613045871261 0.031498016789555557 1.2731301784515383 0.25000000000000011 0.68301269412040722 1.0000000180025095e-35 -0.56174489110708226 0.93301269412040722 1791.5000000000002 18.500000000000004 2007.5000000000002 1.0000000180025095e-35 125.50000000000001 287.50000000000006 1.0000000180025095e-35 0.092158038169145598 1.0000000180025095e-35 0.033150184899568565 1991.5000000000002 2.0141066312789921 0.25000000000000011
decision_type=2 2 2 2 2 2 2 2 2 2 2 2 2 2 2 2 2 2 2 2 2 2 2 2 2 2 2 2 2 2 2 2 2 2 2 2 2 2 2 2 2 2 2 2 2 2 2 2 2 2 2 2 2 2 2 2 2 2 2 2 2 2
left_child=2 3 6 11 7 8 13 14 27 -9 17 18 -13 35 41 56 30 -5 -2 20 58 36 23 43 25 34 60 55 -29 -25 -6 -10 33 49 -19 -1 61 -38 -28 -40 -32 -4 52 -11 47 -46 -47 48 -37 -20 59 -52 -43 54 -26 -3 57 -16 -8 -34 -18 -22
right_child=1 5 4 10 16 -7 19 9 31 22 -12 12 -14 -15 15 -17 26 24 32 -21 21 -23 -24 29 53 -27 38 28 -30 -31 40 -33 50 -35 -36 44 37 -39 39 -41 -42 42 -44 -45 45 46 -48 -49 -50 -51 51 -53 -54 -55 -56 -57 -58 -59 -60 -61 -62 -63
leaf_value=-0.00027023133317043477 0.019475841204498912 0.0013486297829677354 -0.0002982882974233807 0.014969551472968669 0.0011605761209029237 0.013649434046104893 -3.0163124756562075e-05 -8.4231456802253562e-05 0.00032135514335612824 0.00079170266178817139 0.015930397695402415 0.0080250546540792164 0.013954780648196864 -0.0005901428360627107 0.0048160765744597149 0.00084254403516402206 0.00035956801158138244 0.010063703322242079 0.015144376605179415 -0.00018335498307492856 0.00054288642492682313 1.0506743211334651e-05 7.0655384930406147e-05 0.0001685174577704321 0.0012919993839453703 0.00064161403823123891 0.00048452365172273453 0.0094444912184786702 0.0028263987056590225 0.0021099672414074881 0.00061158681187267598 0.00062656500405831698 0.016553369481432809 0.0041755806953548934 0.0030306092973443723 1.2236788811943113e-05 5.8893472759673443e-05 0.0035759155049832599 6.1159540670357215e-05 0.0060850480809769578 0.00035489815475736407 0.00066872554013392078 0.00021199275369065713 0.00032528945762594466 -0.00024461485554067404 -0.00026864905481899725 0.00016734169411232447 -0.00016934557951569143 -0.00036764662864613283 0.0081049762659854436 0.012941124250848163 0.016361989199414097 0.0044053904251546002 0.013567764146052517 0.0091344894112369984 0.0056466387615755785 0.00024174578210655139 0.00066392296748331346 -0.00015760899033266565 0.012143367770011267 0.0001055060646214898 0.00015930086701886038
leaf_weight=80306 40 253 2502 20 1832 24 77748 32967 18493 4473 22 75 83 7298 35 6644 14206 45 47 42254 8142 45111 59201 43380 20 41 16651 33 51 202 21956 13879 200 20 23 43887 10620 51 49 45 15160 100 7145 6455 126366 15153 12540 125862 5978 20 320 80 65 24 123 33 9737 3110 52884 43 16885 5090
leaf_count=80306 40 253 2502 20 1832 24 77748 32967 18493 4473 22 75 83 7298 35 6644 14206 45 47 42254 8142 45111 59201 43380 20 41 16651 33 51 202 21956 13879 200 20 23 43887 10620 51 49 45 15160 100 7145 6455 126366 15153 12540 125862 5978 20 320 80 65 24 123 33 9737 3110 52884 43 16885 5090
internal_value=1.11221e-07 0.000927495 -3.40907e-05 0.0124852 0.000237238 0.000487798 -0.000142253 0.000148491 0.000477956 0.000100894 0.00853696 0.0138317 0.0111785 -0.000196175 0.000386285 0.000522417 0.000417179 0.00796537 0.0143681 -4.91913e-05 -2.07712e-05 9.46654e-05 0.000154609 0.000245695 0.00743447 0.0051352 0.000318898 0.00270274 0.00549396 0.000177636 0.000537758 0.000452365 0.0140788 0.0111382 0.00776623 -0.000189152 0.000253284 7.62043e-05 0.000498969 0.00300147 0.000506878 0.000114868 0.000256965 0.000516663 -0.000169393 -0.000213447 -7.10424e-05 -0.000130742 -3.32054e-05 0.0131328 0.014467 0.0136417 0.00217281 0.0089013 0.00807425 0.00186383 0.000356915 0.000711873 -8.17956e-05 0.0157989 0.000221753 0.000395711
internal_weight=956102 34012 922090 1246 262800 32766 659290 176016 32742 146678 318 928 158 417390 29338 19526 86784 296 770 241900 199646 69014 113711 54510 276 109 47836 370 84 43582 38948 32372 730 87 68 410092 23903 10671 16745 94 37116 9812 7310 10928 329786 154059 27693 175727 49865 67 643 400 165 167 143 286 12882 3145 130632 243 31091 13232
internal_count=956102 34012 922090 1246 262800 32766 659290 176016 32742 146678 318 928 158 417390 29338 19526 86784 296 770 241900 199646 69014 113711 54510 276 109 47836 370 84 43582 38948 32372 730 87 68 410092 23903 10671 16745 94 37116 9812 7310 10928 329786 154059 27693 175727 49865 67 643 400 165 167 143 286 12882 3145 130632 243 31091 13232
is_linear=0
shrinkage=0.05


Tree=24
num_leaves=63
num_cat=0
split_feature=13 20 1 20 22 2 15 15 17 2 8 22 2 1 3 11 2 3 9 1 2 2 3 22 2 3 2 2 8 17 3 8 2 2 1 3 1 13 2 2 2 8 2 17 3 2 8 13 13 16 13 1 6 8 2 16 22 22 9 14 3 3
split_gain=10.9542 40.9118 12.4586 8.58656 5.68116 3.13725 2.38652 1.10511 0.867821 0.611885 1.86319 1.41929 0.624792 0.530361 0.660488 0.511631 0.635094 1.1601 0.474615 0.965233 0.83408 2.97527 0.454514 1.21644 0.446177 0.881545 0.688958 0.530302 0.925616 1.04018 0.495624 0.465299 0.429048 0.875224 0.416851 0.410185 0.512307 0.4705 0.387848 0.436328 0.375194 0.359136 0.335566 0.303188 0.273283 0.267958 0.683616 0.265055 0.255984 0.253816 0.253572 0.289804 0.253874 0.247797 0.244657 0.226434 0.221516 0.220009 0.217181 0.213603 0.213111 0.207457
threshold=19.095279693603519 1.0000000180025095e-35 2023.5000000000002 1.0000000180025095e-35 5.7500000000000009 11.500000000000002 1.0000000180025095e-35 1.0000000180025095e-35 1.0000000180025095e-35 1.5000000000000002 0.6078576147556306 1.0000000180025095e-35 5.5000000000000009 2024.5000000000002 4.5000000000000009 -0.93301269412040699 2.5000000000000004 2.5000000000000004 -0.56174489110708226 2024.5000000000002 1.5000000000000002 2.5000000000000004 1.5000000000000002 0.41666667163372045 9.5000000000000018 1.0000000180025095e-35 10.500000000000002 7.5000000000000009 0.87837970256805431 1.0000000180025095e-35 1.0000000180025095e-35 0.6078576147556306 10.500000000000002 11.500000000000002 2024.5000000000002 5.5000000000000009 2024.5000000000002 0.034290870651602752 6.5000000000000009 8.5000000000000018 3.5000000000000004 -0.87837970256805409 10.500000000000002 1.0000000180025095e-35 1.5000000000000002 1.5000000000000002 1.0000000180025095e-35 0.046889657154679305 0.10785209760069848 1.0000000180025095e-35 0.044204711914062507 2023.5000000000002 1.0000000180025095e-35 0.6078576147556306 6.5000000000000009 1.0000000180025095e-35 0.050000002607703216 1.0000000180025095e-35 -0.56174489110708226 0.49731183052062994 1.0000000180025095e-35 1.5000000000000002
decision_type=2 2 2 2 2 2 2 2 2 2 2 2 2 2 2 2 2 2 2 2 2 2 2 2 2 2 2 2 2 2 2 2 2 2 2 2 2 2 2 2 2 2 2 2 2 2 2 2 2 2 2 2 2 2 2 2 2 2 2 2 2 2
left_child=3 2 5 9 40 7 8 44 18 10 35 59 34 38 15 22 17 -17 19 54 -21 -22 23 -15 27 26 -26 31 30 -30 -29 41 -27 -34 -11 -1 -37 -38 49 -40 45 -14 43 -41 -2 46 -4 -13 -18 -8 51 53 -52 -20 -5 -3 -28 -44 -42 61 -7 -12
right_child=1 55 4 6 -6 60 13 -9 -10 12 11 47 24 14 -16 16 48 -19 50 20 21 -23 -24 -25 25 32 56 28 29 -31 -32 -33 33 -35 -36 36 37 -39 39 42 58 -43 57 -45 -46 -47 -48 -49 -50 -51 52 -53 -54 -55 -56 -57 -58 -59 -60 -61 -62 -63
leaf_value=-0.00025513220515974822 0.0080346893064193042 0.00010301645747304126 0.019285503607734907 -0.0002182141183832326 -0.00087769234440694525 0.0067120488086818229 -1.7309558122884361e-05 0.00035506013026998239 0.00028161850603318982 -0.00029110374093205147 0.00049535341686651648 0.00077524682929672401 -0.00026859729889085643 0.0033469247015978326 0.00019503589464620432 0.0003944423690499391 -5.4034301471352769e-05 0.0017128437727688319 0.0049818412456549936 -0.00031147348153561286 0.0025443135495951644 0.00034218009944159123 0.0006682939331272425 0.00080444330927848895 -0.00037198239283252555 -0.00039025520674550412 0.00023055112516914367 -0.00033153014781901302 0.00036764146344524175 0.0026160597140779526 3.5595066036717185e-05 -0.00027658744205265838 1.8845598922410192e-05 -0.00032220826543975252 -0.00015875758103573007 -0.00042005889456960796 0.00026284181704921917 0.0016365202452730328 0.00063078774126604871 -0.00026488872275312245 0.012549782603887841 -1.2470739767420337e-05 -1.0594559626160063e-05 0.00036173671824877218 0.0038606488973629235 0.0084503808903342078 0.011179978860901838 0.0016051307749828708 0.00047319108893419657 0.00030108840482360056 3.4481789734921492e-05 -0.0001967723531887377 -0.00026777733830502041 -0.00052003450836765814 9.4710228056519883e-05 0.00047850096859762786 0.00076430580144940766 0.00046644146187694766 0.014977082528193342 -0.00068781685869948755 0.0099444070406481209 4.3751618469598582e-05
leaf_weight=28060 44 4757 34 10695 76 85 13366 266 42781 101778 4702 1605 17041 710 11987 3888 2638 2940 50 3115 1723 14065 2636 1417 4801 31755 10935 11023 9449 545 55308 36065 33710 42486 143932 2203 3276 774 12255 4615 180 69772 2865 3318 753 60 162 2523 17232 11726 79184 21096 7614 32 14995 27031 2381 14784 356 642 208 5597
leaf_count=28060 44 4757 34 10695 76 85 13366 266 42781 101778 4702 1605 17041 710 11987 3888 2638 2940 50 3115 1723 14065 2636 1417 4801 31755 10935 11023 9449 545 55308 36065 33710 42486 143932 2203 3276 774 12255 4615 180 69772 2865 3318 753 60 162 2523 17232 11726 79184 21096 7614 32 14995 27031 2381 14784 356 642 208 5597
internal_value=1.17457e-07 0.00088133 0.00743736 -3.23814e-05 0.0121179 0.00443691 0.000186392 0.00316646 8.25914e-05 -0.000138795 2.99734e-05 0.000493506 -0.0001534 0.000376963 0.000511468 0.000631873 0.000546334 0.000962869 2.67505e-05 0.000163994 0.0004352 0.000582838 0.00111027 0.0016556 -0.00010791 -0.000181542 0.00014103 -6.1286e-05 4.21762e-05 0.000490779 -2.53395e-05 -0.000125592 -0.000235724 -0.000171257 -0.000213598 -0.000173448 0.000192304 0.000526635 0.000284017 0.00038517 0.0133712 -6.28051e-05 0.00026731 -2.16931e-06 0.00409834 0.0116665 0.0126207 0.0012837 0.000402944 0.000131286 -2.98835e-05 -0.000185013 7.90946e-06 0.00277585 -3.5369e-05 0.000422468 0.000326371 0.00038872 0.0141738 0.000194901 0.00902636 0.000250418
internal_weight=956102 34012 2224 922090 868 1356 301727 1063 195350 620363 49382 15069 570981 106377 43448 31461 26698 6828 152569 44593 18903 15788 4763 2127 325271 126068 18117 199203 76325 9994 66331 122878 107951 76196 245710 34313 6253 4050 62929 37837 792 86813 25582 7933 797 256 196 4128 19870 25092 107976 21178 86798 82 25690 31788 13316 17649 536 10941 293 10299
internal_count=956102 34012 2224 922090 868 1356 301727 1063 195350 620363 49382 15069 570981 106377 43448 31461 26698 6828 152569 44593 18903 15788 4763 2127 325271 126068 18117 199203 76325 9994 66331 122878 107951 76196 245710 34313 6253 4050 62929 37837 792 86813 25582 7933 797 256 196 4128 19870 25092 107976 21178 86798 82 25690 31788 13316 17649 536 10941 293 10299
is_linear=0
shrinkage=0.05


Tree=25
num_leaves=63
num_cat=0
split_feature=13 20 1 20 22 0 15 2 15 21 9 1 2 2 8 2 1 4 0 0 0 11 2 9 1 9 22 13 2 2 11 8 2 11 9 2 2 0 0 0 13 1 11 2 1 4 11 2 8 0 0 0 2 0 13 11 0 2 15 9 2 0
split_gain=9.88811 36.9349 11.2437 7.74965 5.13086 4.22639 2.15402 1.4346 0.624733 0.57473 0.545522 0.841825 0.783624 2.14227 2.60347 0.97115 0.478711 0.596088 0.467905 0.466466 0.510442 0.461801 0.573178 1.04681 0.436269 0.410099 1.09755 0.406058 0.350008 0.393736 0.347686 0.769484 1.29779 0.610704 0.338485 0.652098 0.335409 0.41475 0.451334 0.467909 0.335281 0.333333 0.3282 0.708111 0.531969 0.618398 0.444362 0.663882 1.36946 0.326245 0.886294 0.441162 0.3196 0.309887 0.308233 0.331373 0.306761 0.302825 0.289766 0.267799 0.342447 0.267541
threshold=19.095279693603519 1.0000000180025095e-35 2023.5000000000002 1.0000000180025095e-35 5.7500000000000009 1671.5000000000002 1.0000000180025095e-35 11.500000000000002 1.0000000180025095e-35 1.0000000180025095e-35 -0.56174489110708226 2024.5000000000002 1.5000000000000002 2.5000000000000004 1.0000000180025095e-35 5.5000000000000009 2024.5000000000002 1.0000000180025095e-35 225.50000000000003 491.50000000000006 1214.5000000000002 -0.93301269412040699 2.5000000000000004 -0.56174489110708226 2024.5000000000002 1.0000000180025095e-35 0.41666667163372045 0.045491501688957221 6.5000000000000009 8.5000000000000018 0.68301269412040722 0.6078576147556306 11.500000000000002 0.25000000000000011 0.81174489855766307 11.500000000000002 3.5000000000000004 232.50000000000003 450.50000000000006 799.00000000000011 0.21711532771587375 2024.5000000000002 0.68301269412040722 11.500000000000002 2023.5000000000002 1.0000000180025095e-35 1.0000000180025095e-35 7.5000000000000009 0.87837970256805431 2016.5000000000002 1791.5000000000002 1922.5000000000002 5.5000000000000009 7.5000000000000009 0.010997650213539602 -0.93301269412040699 61.500000000000007 10.500000000000002 1.0000000180025095e-35 1.0000000180025095e-35 3.5000000000000004 61.500000000000007
decision_type=2 2 2 2 2 2 2 2 2 2 2 2 2 2 2 2 2 2 2 2 2 2 2 2 2 2 2 2 2 2 2 2 2 2 2 2 2 2 2 2 2 2 2 2 2 2 2 2 2 2 2 2 2 2 2 2 2 2 2 2 2 2
left_child=3 2 5 9 36 7 10 8 56 24 11 52 -13 14 -14 -15 28 21 -9 -20 -21 25 23 -23 42 -18 -27 -12 -8 53 33 34 41 -11 -32 -36 37 -4 -39 -40 -37 -33 46 44 58 -46 47 -1 -49 50 -7 -52 -5 -30 -26 -56 -2 -31 -44 -57 -61 -29
right_child=1 -3 4 6 -6 49 16 18 -10 30 27 12 13 15 -16 -17 17 -19 19 20 -22 22 -24 -25 54 26 -28 61 29 57 31 32 -34 -35 35 40 -38 38 39 -41 -42 -43 43 -45 45 -47 -48 48 -50 -51 51 -53 -54 -55 55 59 -58 -59 -60 60 -62 -63
leaf_value=-0.00024655206331315277 0.0091052281712412364 0.00040135291649697917 0.0043030073817867734 -0.00017311841556095383 -0.00083386541098544721 0.016746160607936197 0.00012471141615919351 0.0016526520302534682 0.00033731379865408834 7.28665024126904e-06 -0.00017224620205216756 -0.00025060366591602551 0.0038569459356380918 1.8263240864668832e-05 0.00036277360118988844 0.00074120376780409055 0.00063488050480257181 0.00018528418168917921 0.013714307458161715 0.0040198031150619363 0.010273898127542142 0.0016272044931544408 0.00038278387752163894 0.0003747207657108568 -0.0001631709442459039 0.0031796020390991451 0.00076422399665993456 0.00047155477732593203 0.0057724197660780855 -2.0292659088247651e-06 -0.00015148337454577008 0.00088082229984708235 -0.00035873431876489066 -0.000365971946972286 -0.00013101263451874851 0.0018847375981438077 0.013465798951029326 0.019072856488350727 0.005402431741565468 0.012041906903396382 0.00018057707835668466 0.0019110892309351696 -0.00039378797112495491 -0.00025807452743316318 0.00024921904956895724 -0.0002137283737491995 -0.00032401742240658753 -0.00011727044990503947 0.0007322014391153369 0.01457121289503095 -2.2131754570945165e-05 0.009659790868882509 0.00015456438228160919 0.00058652180292161678 0.00019487690797372691 -0.00013903618295335807 0.0029967944816233312 0.00036927021161196004 0.00035723556949110425 -0.00013488978063629442 0.00013367292768996504 4.7707754761810806e-05
leaf_weight=91798 22 31788 23 11211 76 27 25092 36 266 52661 22044 3584 1031 9397 1111 9215 2636 11987 32 79 61 2940 19870 3888 107337 710 1417 3855 29 7933 12104 2945 2150 13830 2081 844 536 21 35 177 449 1091 9041 42561 25386 10066 74552 36152 5461 77 21 24 22092 12226 12622 67597 711 17649 1490 21223 26922 111810
leaf_count=91798 22 31788 23 11211 76 27 25092 36 266 52661 22044 3584 1031 9397 1111 9215 2636 11987 32 79 61 2940 19870 3888 107337 710 1417 3855 29 7933 12104 2945 2150 13830 2081 844 536 21 35 177 449 1091 9041 42561 25386 10066 74552 36152 5461 77 21 24 22092 12226 12622 67597 711 17649 1490 21223 26922 111810
internal_value=1.16896e-07 0.000837351 0.0070666 -3.07598e-05 0.0115132 0.00421591 0.000177078 0.00322889 0.0024342 -0.000131855 7.8462e-05 0.000207621 0.000431162 0.000549138 0.00204704 0.00037647 0.00035813 0.000485924 0.0070187 0.00811116 0.00678588 0.000600312 0.000519028 0.000914763 -0.000151442 0.00105486 0.00157295 2.43636e-05 0.000269817 0.000365912 -1.35436e-05 0.000160347 0.000631736 -7.02757e-05 -2.77305e-05 0.000414734 0.0127043 0.0110858 0.0117318 0.0109724 0.00129689 0.0011606 -0.000191823 -0.000111093 2.48424e-05 0.000117632 -0.000226171 -0.000171455 -5.67004e-06 0.0121703 0.00951671 0.00504066 4.41041e-05 0.000599249 -0.000100623 -4.82823e-05 0.00318817 0.000253935 -0.000287051 -7.48428e-05 1.51828e-05 6.18778e-05
internal_weight=956102 34012 2224 922090 868 1356 301727 1207 999 620363 195350 57641 24338 20754 2142 18612 106377 43448 208 172 140 31461 26698 6828 532208 4763 2127 137709 62929 37837 88155 21664 6186 66491 15478 3374 792 256 233 212 1293 4036 296507 88544 45983 35452 207963 133411 41613 149 72 45 33303 12255 235701 128364 733 25582 10531 115742 48145 115665
internal_count=956102 34012 2224 922090 868 1356 301727 1207 999 620363 195350 57641 24338 20754 2142 18612 106377 43448 208 172 140 31461 26698 6828 532208 4763 2127 137709 62929 37837 88155 21664 6186 66491 15478 3374 792 256 233 212 1293 4036 296507 88544 45983 35452 207963 133411 41613 149 72 45 33303 12255 235701 128364 733 25582 10531 115742 48145 115665
is_linear=0
shrinkage=0.05


Tree=26
num_leaves=63
num_cat=0
split_feature=12 13 12 12 15 0 13 12 0 1 0 17 8 25 10 1 2 2 9 8 1 13 1 1 8 13 9 2 2 8 12 25 4 2 2 8 20 20 10 12 0 10 9 1 2 8 9 2 0 0 0 9 2 12 13 1 13 9 12 24 2 12
split_gain=9.27572 55.8706 5.5703 1.57345 1.34274 1.1137 0.592226 0.567198 0.808637 0.565899 0.496936 0.455852 0.440583 0.420493 0.412351 0.444821 0.882644 0.856612 0.487665 0.407995 0.402136 0.397004 0.378713 0.361165 0.60618 0.55764 0.350853 0.406209 0.765106 0.344151 0.3311 0.329448 0.313654 0.325615 1.07652 1.90635 0.53685 0.514347 0.295112 0.29177 0.276855 0.271421 0.269743 0.265769 0.358858 0.335132 0.321965 0.255209 0.24813 0.596748 0.314634 0.244666 0.296623 0.240189 0.211745 0.208763 0.346988 0.393765 0.361965 0.377097 0.293198 0.239318
threshold=344.00000000000006 19.095279693603519 84.500000000000014 95.500000000000014 1.0000000180025095e-35 1727.5000000000002 0.19305364042520526 35.500000000000007 225.50000000000003 2024.5000000000002 1882.5000000000002 1.0000000180025095e-35 0.6078576147556306 1.0000000180025095e-35 -0.25000000000000006 2023.5000000000002 10.500000000000002 9.5000000000000018 -0.56174489110708226 1.0000000180025095e-35 2024.5000000000002 0.14036607742309573 2024.5000000000002 2023.5000000000002 1.0000000180025095e-35 0.018882781267166141 -0.56174489110708226 5.5000000000000009 3.5000000000000004 0.87837970256805431 154.50000000000003 0.61260253190994274 1.0000000180025095e-35 2.5000000000000004 1.5000000000000002 -1.0000000180025095e-35 2.5000000000000004 6.9285714626312265 0.68301269412040722 24.500000000000004 1.0000000180025095e-35 0.68301269412040722 1.0000000180025095e-35 2024.5000000000002 7.5000000000000009 -0.87837970256805409 1.0000000180025095e-35 5.5000000000000009 1991.5000000000002 1791.5000000000002 1705.5000000000002 1.0000000180025095e-35 1.5000000000000002 2.5000000000000004 0.098458569496870055 2024.5000000000002 0.098458569496870055 -0.56174489110708226 429.00000000000006 0.59509205818176281 6.5000000000000009 541.50000000000011
decision_type=2 2 2 2 2 2 2 2 2 2 2 2 2 2 2 2 2 2 2 2 2 2 2 2 2 2 2 2 2 2 2 2 2 2 2 2 2 2 2 2 2 2 2 2 2 2 2 2 2 2 2 2 2 2 2 2 2 2 2 2 2 2
left_child=1 3 7 21 6 12 13 29 -9 14 26 22 30 -2 15 -5 17 -17 -18 -7 41 39 38 24 25 -16 27 28 -11 53 -4 42 33 34 -22 36 -36 -37 -8 -1 -29 -6 -28 44 -41 -45 -46 -47 49 50 -10 -25 -53 -3 -43 60 57 -57 -58 -60 -15 -62
right_child=4 2 5 9 20 19 11 8 48 10 -12 -13 -14 55 23 16 18 -19 -20 -21 32 -23 -24 51 -26 -27 31 40 -30 -31 -32 -33 -34 -35 35 37 -38 -39 -40 43 -42 54 -44 45 46 47 -48 -49 -50 -51 -52 52 -54 -55 -56 56 58 -59 59 -61 61 -63
leaf_value=-0.00022033510711589054 -0.00014539003246753993 0.017273724067258644 0.0048744461726604373 -0.0003542427319394285 0.00036475108429913459 0.017919211188766791 4.2000560569404796e-05 0.0013329901563010798 0.010181463469178947 0.00035932733830282087 0.00053652357549649249 0.00025589665673358958 0.0076837539621203701 0.00016225800062489605 0.0042086307217830314 0.0001011795102502415 0.00096638879928334198 -0.00039128433704304185 0.00025234255568847648 0.0077313599076522773 0.00037332351727251785 -0.00048722035567703889 0.00020706553809055124 -0.00024848129349117884 -0.00034931334712974587 0.0004175686597666693 -8.3048161476529341e-05 0.0058675321174545894 -0.0003512780216230071 0.015313849414587289 0.0016292924761024204 -0.00018180644911572374 0.00029528062376182808 0.00051065806876769693 0.00175169815598552 0.00021336938534316245 0.0050325109518270109 0.0017479018251158576 -0.000233374443699164 -0.00025112452453635411 0.0004815755148988791 0.0050043433788758626 0.00017912028638999435 -0.00027097497088971687 -2.3385476067714524e-05 -0.00010649269469348034 -0.00021480754143051516 4.2297723283755512e-05 0.013446859040379565 0.0031454548633498679 0.017156623872877353 0.00028155818184598456 -0.00013203167606016121 0.011727887877349123 0.00010086627259234132 0.0034061547864337512 0.00029646519917712931 0.0010968967158188302 0.001180774849680537 0.0049245681770585222 0.00065567574276907507 0.0021275085745889552
leaf_weight=138049 2270 25 160 6799 56988 20 40741 26 250 9256 5850 42318 70 4072 99 34974 3429 11811 8001 25 3980 9457 26620 44980 3553 5479 16428 24 6408 111 167 18374 11866 23420 181 1139 444 1064 12776 81705 8520 22 24294 20422 50931 79159 38716 45260 76 31 20 5068 29777 497 12819 263 1881 658 393 83 3499 304
leaf_count=138049 2270 25 160 6799 56988 20 40741 26 250 9256 5850 42318 70 4072 99 34974 3429 11811 8001 25 3980 9457 26620 44980 3553 5479 16428 24 6408 111 167 18374 11866 23420 181 1139 444 1064 12776 81705 8520 22 24294 20422 50931 79159 38716 45260 76 31 20 5068 29777 497 12819 263 1881 658 393 83 3499 304
internal_value=1.18161e-07 -9.19925e-05 0.0096188 -0.000112307 0.000263422 0.00489825 0.000157728 0.0116273 0.0100897 -9.25902e-06 9.09644e-05 0.000123112 0.00403245 0.000473142 -6.73244e-05 2.83245e-05 7.30914e-05 -2.3038e-05 0.000467 0.0123999 0.000391694 -0.000166325 5.29298e-05 -0.000137286 0.000160313 0.000485824 5.96146e-05 0.000219944 6.83056e-05 0.0125965 0.00323343 -5.97818e-06 0.000513956 0.00059963 0.000904955 0.00165134 0.00409082 0.00095683 -2.3646e-05 -0.000159633 0.000497358 0.00031792 7.3234e-05 -0.000133115 -0.000175287 -8.31901e-05 -0.000106111 -5.23269e-05 0.0106798 0.00996033 0.0107228 -0.000171391 -7.17333e-05 0.0120063 0.000109695 0.000599482 0.000936244 0.00176205 0.000611376 0.00184498 0.000458658 0.000774697
internal_weight=956102 708301 1478 706823 247801 442 135878 1036 403 243124 89154 122455 397 13423 153970 65014 58215 46785 11430 45 111923 463699 80137 88956 9131 5578 83304 24208 15664 633 327 59096 42094 30228 6808 2828 625 2203 53517 454242 8544 69829 40722 316193 171352 144841 89647 124419 377 301 270 79825 34845 522 12841 11153 3278 921 2357 476 7875 3803
internal_count=956102 708301 1478 706823 247801 442 135878 1036 403 243124 89154 122455 397 13423 153970 65014 58215 46785 11430 45 111923 463699 80137 88956 9131 5578 83304 24208 15664 633 327 59096 42094 30228 6808 2828 625 2203 53517 454242 8544 69829 40722 316193 171352 144841 89647 124419 377 301 270 79825 34845 522 12841 11153 3278 921 2357 476 7875 3803
is_linear=0
shrinkage=0.05


Tree=27
num_leaves=63
num_cat=0
split_feature=12 13 12 15 12 0 11 8 1 12 8 11 13 0 1 11 11 2 8 22 15 13 2 0 12 4 11 1 0 14 10 1 8 14 2 1 23 12 2 2 8 18 15 0 8 17 13 0 2 4 1 4 8 8 2 1 23 13 13 24 22 23
split_gain=8.38713 51.2955 4.30015 1.49571 1.13621 1.12878 0.7215 0.625046 0.54453 0.509176 0.465315 0.472136 0.462221 0.428638 0.422681 0.420453 0.43685 0.520618 1.4092 0.402288 0.452441 0.398225 0.395517 0.4103 0.386863 0.38405 0.378602 0.572123 0.366795 0.352735 0.331495 1.41305 0.614801 0.327462 0.316528 0.438145 0.40362 0.302834 0.302364 0.998592 1.93044 0.4776 0.458473 0.293403 0.28645 0.286334 0.300192 0.285425 0.285255 0.437308 0.273815 0.731951 0.593414 0.263897 0.257092 0.347126 0.281047 0.324895 0.232131 0.21613 0.207388 0.474081
threshold=290.00000000000006 19.095279693603519 70.500000000000014 1.0000000180025095e-35 62.500000000000007 1647.5000000000002 -1.0000000180025095e-35 -1.0000000180025095e-35 2024.5000000000002 146.50000000000003 -0.87837970256805409 -0.93301269412040699 0.16679546982049945 2060.5000000000005 2024.5000000000002 0.68301269412040722 1.0000000180025095e-35 7.5000000000000009 0.87837970256805431 1.0000000180025095e-35 1.0000000180025095e-35 0.018882781267166141 11.500000000000002 1324.5000000000002 479.50000000000006 1.0000000180025095e-35 0.68301269412040722 2024.5000000000002 1507.5000000000002 0.030536131002008918 -0.25000000000000006 2023.5000000000002 -0.87837970256805409 20.490151405334476 7.5000000000000009 2024.5000000000002 1.2342761158943178 3.5000000000000004 2.5000000000000004 1.5000000000000002 -1.0000000180025095e-35 1.0000000180025095e-35 13.500000000000002 1536.5000000000002 1.0000000180025095e-35 1.0000000180025095e-35 0.14296822994947436 2255.5000000000005 7.5000000000000009 1.0000000180025095e-35 2023.5000000000002 1.0000000180025095e-35 0.6078576147556306 -0.60785761475563038 11.500000000000002 2023.5000000000002 1.4390318393707278 19.095279693603519 0.43779385089874273 1.5154834389686587 0.35000000894069677 0.51123625040054332
decision_type=2 2 2 2 2 2 2 2 2 2 2 2 2 2 2 2 2 2 2 2 2 2 2 2 2 2 2 2 2 2 2 2 2 2 2 2 2 2 2 2 2 2 2 2 2 2 2 2 2 2 2 2 2 2 2 2 2 2 2 2 2 2
left_child=1 4 22 6 33 9 12 -7 15 43 -10 19 34 -9 45 16 17 -6 -19 21 -21 -12 37 -24 58 38 27 -8 -26 -29 31 -17 -33 -1 35 -2 -36 -3 39 -16 41 -41 -42 -4 53 46 -5 54 -13 -50 51 -32 -52 -31 56 -56 57 -28 -14 -40 61 -30
right_child=3 2 5 14 8 7 26 13 10 -11 11 48 24 -15 25 30 -18 18 -20 20 -22 -23 23 -25 28 -27 47 29 60 44 50 32 -34 -35 36 -37 -38 -39 59 40 42 -43 -44 -45 -46 -47 -48 -49 49 -51 52 -53 -54 -55 55 -57 -58 -59 -60 -61 -62 -63
leaf_value=-0.0001724046732549452 0.00013919693361671401 0.016385706055194068 0.006497136875936946 0.00112977104497251 -0.00016970346836160785 0.017241118602262212 -0.00021770408463086052 0.0040309784180375926 -0.00020358055124784503 0.0022496809790840048 0.00025897229797322384 8.5942187322524895e-07 0.00019314977019881194 0.013386029122459099 0.00037452453490669185 -0.00041979486800208061 -0.00027163920727241181 -5.114859335339164e-05 0.00092095834849467836 0.00012753935104494382 0.0011551817938092325 0.00165048330847354 0.0061921537972054273 0.011411428759633061 0.00028501538189461029 0.0002542744438662695 0.00030208935609858656 0.0050445650711735948 0.001196468348127712 5.8186742860381148e-05 -0.00014752086749657579 -0.00027018057331650171 0.00055320793699919363 -0.00056797492841246719 0.0010220912210197161 0.00094950220776224791 0.0062455239277968578 0.011551916872292137 0.00079991530593903582 0.0055881515284582177 0.00028088320847829599 0.002789218951703613 0.001723137581452071 0.0001862219461067095 -9.1566881832165094e-05 0.00038033229957053785 0.00015329407173838097 0.00087924042669613664 0.00013775437330138535 0.0010316027966644676 -0.00029599624662154532 0.00075444867135768278 0.0001755681243412617 0.00062100285096945945 0.00021463726720830707 -0.00025960246053730594 1.6390343601001581e-05 0.0016825794592963753 -8.4898729012886461e-05 0.00042546357586910506 0.00073518012768023942 0.0057479767208888331
leaf_weight=337109 4867 40 209 810 62810 27 26038 35 17919 170 1000 84708 16502 21 4173 7339 47103 28411 4290 10847 1191 1080 79 86 35083 12383 15560 37 223 4031 6900 2713 13567 5326 2029 2553 38 744 4851 277 1308 366 965 22 6449 41322 30223 1252 8688 1629 21826 3333 9594 4357 6928 8698 11566 440 13741 19619 518 79
leaf_count=337109 4867 40 209 810 62810 27 26038 35 17919 170 1000 84708 16502 21 4173 7339 47103 28411 4290 10847 1191 1080 79 86 35083 12383 15560 37 223 4031 6900 2713 13567 5326 2029 2553 38 744 4851 277 1308 366 965 22 6449 41322 30223 1252 8688 1629 21826 3333 9594 4357 6928 8698 11566 440 13741 19619 518 79
internal_value=1.20457e-07 -9.45226e-05 0.00935502 0.000231831 -0.000114522 0.00549784 0.000133083 0.0108444 -4.9025e-05 0.00437631 3.24903e-05 7.12941e-05 0.000245541 0.00764586 0.000368485 -9.8872e-05 -0.000146979 -8.54485e-05 7.62303e-05 0.000341126 0.000229635 0.000983936 0.0113162 0.00894805 0.000198613 0.000490972 3.33761e-05 -7.63012e-05 0.000309631 0.000170898 6.16194e-06 0.000155869 0.000415685 -0.000178572 0.000572202 0.000418682 0.00112084 0.011807 0.000583687 0.000872179 0.0015826 0.00400344 0.000895439 0.00591807 0.000158374 0.000294027 0.000178946 0.00013445 3.11519e-05 0.000279382 -7.86083e-05 0.000145776 -0.000151846 0.000351132 0.000112743 -4.90218e-05 0.000204621 0.000340376 6.66524e-05 0.000499903 0.00135653 0.00240515
internal_weight=956102 678816 1433 277286 677383 484 160989 83 334948 401 127062 109143 75633 56 116297 207886 142614 95511 32701 14118 12038 2080 949 165 66146 43942 85356 40912 35903 14874 65272 23619 16280 342435 9487 7420 2067 784 31559 7089 2916 643 2273 231 14837 72355 31033 44444 95025 10317 41653 10233 31420 8388 43192 15626 27566 16000 30243 24470 820 302
internal_count=956102 678816 1433 277286 677383 484 160989 83 334948 401 127062 109143 75633 56 116297 207886 142614 95511 32701 14118 12038 2080 949 165 66146 43942 85356 40912 35903 14874 65272 23619 16280 342435 9487 7420 2067 784 31559 7089 2916 643 2273 231 14837 72355 31033 44444 95025 10317 41653 10233 31420 8388 43192 15626 27566 16000 30243 24470 820 302
is_linear=0
shrinkage=0.05


Tree=28
num_leaves=63
num_cat=0
split_feature=13 20 1 20 22 0 15 2 17 2 2 6 22 13 1 20 0 0 0 6 2 2 2 1 11 17 2 1 2 2 10 4 10 0 0 0 0 1 2 0 0 0 0 0 0 0 17 17 13 16 11 0 1 4 0 10 13 13 1 1 24 0
split_gain=7.30275 27.3134 8.2448 5.7523 3.84819 3.1257 1.61768 1.03718 0.691444 0.508042 0.481542 0.476059 0.473671 0.4717 0.457007 0.491181 0.408275 0.41854 0.45486 0.374022 0.349688 0.666932 0.697019 0.757521 0.432278 0.690375 0.576904 0.34805 0.627895 0.609119 0.333643 0.31957 0.480823 0.293596 0.763517 0.375262 0.284005 0.280252 0.276264 0.349117 0.419536 0.411251 0.276545 0.433669 0.297251 0.275445 0.268093 0.265772 0.417116 0.284934 0.370138 0.259946 0.257412 0.251613 0.228087 0.20424 0.424572 0.234631 0.20362 0.202477 0.201632 0.19764
threshold=19.095279693603519 1.0000000180025095e-35 2023.5000000000002 1.0000000180025095e-35 5.7500000000000009 1671.5000000000002 1.0000000180025095e-35 11.500000000000002 1.0000000180025095e-35 1.5000000000000002 5.5000000000000009 1.0000000180025095e-35 1.0000000180025095e-35 21.702283859252933 2024.5000000000002 36.500000000000007 225.50000000000003 491.50000000000006 1214.5000000000002 1.0000000180025095e-35 9.5000000000000018 10.500000000000002 11.500000000000002 2023.5000000000002 -0.68301269412040699 1.0000000180025095e-35 8.5000000000000018 2024.5000000000002 1.5000000000000002 3.5000000000000004 1.0000000180025095e-35 1.0000000180025095e-35 0.68301269412040722 2016.5000000000002 1791.5000000000002 1922.5000000000002 2088.5000000000005 2024.5000000000002 3.5000000000000004 232.50000000000003 450.50000000000006 799.00000000000011 1959.5000000000002 2110.0000000000005 1465.5000000000002 534.50000000000011 1.0000000180025095e-35 1.5000000000000002 0.16679546982049945 1.0000000180025095e-35 -0.68301269412040699 61.500000000000007 2024.5000000000002 1.0000000180025095e-35 1.0000000180025095e-35 -0.93301269412040699 0.060986882075667388 0.035742057487368591 2023.5000000000002 2024.5000000000002 0.44731126725673681 2039.5000000000002
decision_type=2 2 2 2 2 2 2 2 2 2 2 2 2 2 2 2 2 2 2 2 2 2 2 2 2 2 2 2 2 2 2 2 2 2 2 2 2 2 2 2 2 2 2 2 2 2 2 2 2 2 2 2 2 2 2 2 2 2 2 2 2 2
left_child=3 2 5 9 38 7 8 13 19 12 37 14 -1 51 46 31 -9 -18 -19 27 24 -22 23 -23 30 54 -27 61 -29 -30 -12 32 -16 34 -7 -36 55 -11 39 -4 -41 -42 44 -44 45 -40 -8 49 52 -38 -51 -2 -49 -14 -26 56 57 -10 -24 -32 -48 -5
right_child=1 -3 4 6 -6 33 11 16 36 10 20 -13 53 -15 15 -17 17 18 -20 -21 21 22 58 -25 25 26 -28 28 29 -31 59 -33 -34 -35 35 -37 47 -39 42 40 41 -43 43 -45 -46 -47 60 48 -50 50 -52 -53 -54 -55 -56 -57 -58 -59 -60 -61 -62 -63
leaf_value=-4.8168331657088535e-05 0.0080737598699485279 0.00034467335470019216 0.0032207171799558581 -3.7820987533530712e-05 -0.00080040105778856133 0.01466867404300857 0.0001614164055095869 0.00099988219243089902 0.001962667545782025 -0.00024323016177120162 -0.00017973516596362412 -5.2271717917935984e-05 0.00043094024594784482 0.00024030824635053644 0.00044042946886810287 0.0044961124743333738 0.012325783836948353 0.0031641696484826566 0.0090592836373833922 -0.0002375125083154873 -0.00033206346933029279 -0.00025366928438822026 -2.5371904557915945e-05 0.00022406939856838473 0.0039935354679988813 0.00034177933743255592 0.0019534843125789667 -0.00022294716596729108 0.0006943624893340001 0.00014648559511750973 -0.00012357696100725977 0.00021886110381390351 0.00093263936757242538 0.012743788656863795 -0.0008548977400807408 0.0080942250857771181 3.6202600469516818e-05 -0.00013468584045288679 0.013619171818127745 0.017078067987309816 0.004095670948683303 0.010305631401630676 0.0049997282290092206 0.011990031840688737 0.014111273207950954 0.0099809230087544235 0.0018353860309542375 0.010110490798976711 -0.0009896988505149779 0.0082632593401601173 0.001131006723176838 0.0025695572907460987 0.0025960763674471284 -0.00011914947141138276 1.7525297267368831e-05 0.0002067676801178366 0.00059085319524000311 0.0086474481710340414 -0.00025945981663706442 6.7572700722134908e-05 0.0003619896804047723 0.00037963681920167073
leaf_weight=37212 23 31788 23 80659 76 27 33999 36 33 101778 66336 8353 9528 257 22042 76 32 79 61 13150 36556 11899 12375 27377 36 1779 814 9894 5817 40112 24252 9716 6441 77 21 24 246 143932 89 21 35 177 43 55 152 197 236 28 24 27 62 719 23 2642 73696 40269 2044 25 37861 32290 25514 2937
leaf_count=37212 23 31788 23 80659 76 27 33999 36 33 101778 66336 8353 9528 257 22042 76 32 79 61 13150 36556 11899 12375 27377 36 1779 814 9894 5817 40112 24252 9716 6441 77 21 24 246 143932 89 21 35 177 43 55 152 197 236 28 24 27 62 719 23 2642 73696 40269 2044 25 37861 32290 25514 2937
internal_value=1.24015e-07 0.00071963 0.00607644 -2.64102e-05 0.00988468 0.00363448 0.000152652 0.00278487 6.71855e-05 -0.000113509 -0.000126818 0.000309553 4.02735e-05 0.00210795 0.000340437 0.000475475 0.00600943 0.00702769 0.00577308 1.73382e-05 -8.68793e-05 -0.000152064 -7.84975e-05 7.92068e-05 -4.56012e-05 4.781e-05 0.000849713 4.14117e-05 0.0001381 0.000215986 -0.000103664 0.000467333 0.000551914 0.0104769 0.00796884 0.00381447 0.000244838 -0.000179668 0.0109163 0.00944409 0.0100353 0.00930639 0.0116082 0.00898205 0.0121822 0.0111349 0.000253848 0.00155645 0.00426395 0.000934286 0.00335769 0.00274798 0.0068312 0.00031111 1.95398e-05 0.000232024 0.000713467 0.00494002 -0.000201895 -1.43269e-05 0.000375695 -2.30941e-05
internal_weight=956102 34012 2224 922090 868 1356 301727 1207 195350 620363 570981 106377 49382 999 98024 38275 208 172 140 152569 325271 126068 89512 39276 199203 76325 2593 139419 55823 45929 122878 38199 28483 149 72 45 42781 245710 792 256 233 212 536 98 438 286 59749 410 75 335 89 742 51 12170 73732 42371 2102 58 50236 56542 25750 83596
internal_count=956102 34012 2224 922090 868 1356 301727 1207 195350 620363 570981 106377 49382 999 98024 38275 208 172 140 152569 325271 126068 89512 39276 199203 76325 2593 139419 55823 45929 122878 38199 28483 149 72 45 42781 245710 792 256 233 212 536 98 438 286 59749 410 75 335 89 742 51 12170 73732 42371 2102 58 50236 56542 25750 83596
is_linear=0
shrinkage=0.05


Tree=29
num_leaves=63
num_cat=0
split_feature=13 23 11 23 0 13 15 10 17 0 0 0 6 0 21 9 11 10 0 0 10 16 0 0 3 11 3 11 17 17 10 8 3 10 0 0 10 19 11 9 0 10 3 3 22 9 0 17 13 16 14 11 23 11 3 11 11 11 10 8 8 3
split_gain=6.59343 24.6697 5.87423 5.19196 4.73334 1.7581 1.45996 1.29666 0.624283 0.601136 0.797723 0.725929 0.429738 0.423389 0.398459 0.373753 0.549449 1.09724 0.345651 0.329871 0.320023 0.318023 0.3173 0.695079 0.311217 0.282404 0.945155 0.483574 0.446592 0.289536 0.917424 0.477716 0.263688 0.450675 0.257114 0.24878 0.286966 0.264345 0.295697 0.280976 0.245047 0.242534 0.817601 0.362889 0.242331 0.240655 0.409279 0.239425 0.377889 0.257522 0.442952 0.333556 0.245436 0.223601 0.368858 0.270328 0.650708 0.401731 0.654796 0.472382 0.387598 0.272418
threshold=19.095279693603519 1.0000000180025095e-35 0.25000000000000011 1.0000000180025095e-35 1647.5000000000002 21.702283859252933 1.0000000180025095e-35 -0.25000000000000006 1.0000000180025095e-35 225.50000000000003 132.00000000000003 491.50000000000006 1.0000000180025095e-35 2016.5000000000002 1.0000000180025095e-35 -0.56174489110708226 -0.68301269412040699 0.25000000000000011 61.500000000000007 1959.5000000000002 1.0000000180025095e-35 1.0000000180025095e-35 1791.5000000000002 1727.5000000000002 1.5000000000000002 0.68301269412040722 2.5000000000000004 0.25000000000000011 1.0000000180025095e-35 1.0000000180025095e-35 -0.93301269412040699 0.87837970256805431 3.5000000000000004 0.68301269412040722 2088.5000000000005 2088.5000000000005 0.68301269412040722 1.0000000180025095e-35 0.93301269412040722 -0.56174489110708226 1911.5000000000002 0.25000000000000011 1.0000000180025095e-35 1.0000000180025095e-35 0.25000000745058065 -0.56174489110708226 543.00000000000011 1.5000000000000002 0.16679546982049945 1.0000000180025095e-35 0.25137363374233251 -0.68301269412040699 0.43295724689960485 -0.93301269412040699 5.5000000000000009 0.68301269412040722 0.93301269412040722 -1.0000000180025095e-35 -0.68301269412040699 0.87837970256805431 -0.87837970256805409 3.5000000000000004
decision_type=2 2 2 2 2 2 2 2 2 2 2 2 2 2 2 2 2 2 2 2 2 2 2 2 2 2 2 2 2 2 2 2 2 2 2 2 2 2 2 2 2 2 2 2 2 2 2 2 2 2 2 2 2 2 2 2 2 2 2 2 2 2
left_child=3 2 19 14 5 7 8 18 15 10 -9 -11 35 22 53 16 17 21 -4 45 -21 -5 23 -6 -20 27 28 29 41 -16 31 -31 -18 -34 -10 37 -37 -8 39 -39 -24 43 -43 -27 -38 46 -2 49 52 50 -36 -51 -49 54 -1 57 60 58 59 -55 -57 -59
right_child=1 -3 4 6 13 -7 12 9 34 11 -12 -13 -14 -15 25 -17 32 -19 24 20 -22 -23 40 -25 -26 26 -28 -29 -30 30 -32 -33 33 -35 47 36 44 38 -40 -41 -42 42 -44 -45 -46 -47 -48 48 -50 51 -52 -53 -54 55 -56 56 -58 61 -60 -61 -62 -63
leaf_value=-8.3334986393995345e-05 0.016074182539825191 0.0003274397407544973 0.0087012681395255333 0.00054728380330427387 0.0073934325549011894 1.153421769784674e-05 0.00027367469277501981 0.0074243596412085743 0.00022044217281569925 0.012934439872906246 -0.00425465295977918 0.0064096264004685072 -4.9658169939680327e-05 0.012497123983521279 -4.9954248472430927e-05 -3.3785117813812995e-05 -0.00011379148005112798 -0.00020747319319968356 0.0069001827106170699 0.0050989901357385804 0.011645315501557615 0.0012198173986844568 0.0014637954831445889 0.018473078414657663 0.0025826010286156241 0.0011855850924228171 -0.00014578307592746776 -0.00032357716993287969 -8.6789027007999121e-05 0.00050234175648229977 0.00010750975949989901 0.0029555247477691116 -1.4777262033683771e-05 0.00055250610321531924 -0.0007216195527417822 0.00074583110268822107 0.0020158462166397668 0.00085159861529031551 -0.00015084384383560318 0.00040958755286522739 0.0078953518130469563 -0.00020677371033404101 0.0016876995652293704 0.00020638600367136906 0.0071912886741945514 0.012379171032051387 0.0080744165903032811 0.0033293781096604574 -0.00094041923424267664 0.0078516209051287932 0.0058463153509339923 0.0010745474201853532 0.010745009644866273 -3.1216115471341582e-05 0.00028922064741368091 -0.00025674108727866623 -0.00022410957288784822 -0.00028723258366622544 -0.00016644566437199558 0.00037346124549965734 6.7607615301597452e-05 -0.00014309217922308119
leaf_weight=39258 21 31788 27 5519 48 321 78080 31 42371 54 27 252 8353 134 42131 107976 16196 4509 46 52 34 2616 23 22 715 1339 12104 13830 2296 367 9716 447 10517 5236 217 1122 114 5232 1661 11785 56 823 1817 3285 30 255 106 30 24 27 29 62 21 54462 7995 10759 42561 75521 171174 8310 63910 58258
leaf_count=39258 21 31788 27 5519 48 321 78080 31 42371 54 27 252 8353 134 42131 107976 16196 4509 46 52 34 2616 23 22 715 1339 12104 13830 2296 367 9716 447 10517 5236 217 1122 114 5232 1661 11785 56 823 1817 3285 30 255 106 30 24 27 29 62 21 54462 7995 10759 42561 75521 171174 8310 63910 58258
internal_value=1.26218e-07 0.000683797 0.00577478 -2.50861e-05 0.00444287 0.0032996 0.00014503 0.00421139 6.38361e-05 0.00669106 0.00190355 0.00758125 0.000294088 0.0103726 -0.000107834 1.64697e-05 0.000138267 0.000417282 0.0030589 0.0107596 0.00775566 0.00076418 0.00842134 0.0109683 0.00285103 -9.31361e-06 0.0001474 -6.04492e-05 0.000519122 8.55988e-06 0.000243151 0.00185582 2.76873e-05 0.000173462 0.000232641 0.000323431 0.00102153 0.000314244 0.000483567 0.000545785 0.0060903 0.000711325 0.00109523 0.000491039 0.003133 0.0114205 0.00944816 0.00148072 0.00405153 0.000889205 3.43932e-05 0.00319313 0.00649577 -0.000124144 -2.01939e-05 -0.000134262 -6.80699e-05 -0.00015535 -0.000115786 2.22775e-05 2.08052e-05 -0.0002245
internal_weight=956102 34012 2224 922090 1756 1473 301727 1152 195350 364 58 306 106377 283 620363 152569 44593 12644 788 468 86 8135 149 70 761 88155 21664 66491 9560 52661 10530 814 31949 15753 42781 98024 1266 96758 18678 17017 79 7264 2640 4624 144 382 127 410 75 335 246 89 51 532208 47253 484955 117230 367725 233946 62772 74669 133779
internal_count=956102 34012 2224 922090 1756 1473 301727 1152 195350 364 58 306 106377 283 620363 152569 44593 12644 788 468 86 8135 149 70 761 88155 21664 66491 9560 52661 10530 814 31949 15753 42781 98024 1266 96758 18678 17017 79 7264 2640 4624 144 382 127 410 75 335 246 89 51 532208 47253 484955 117230 367725 233946 62772 74669 133779
is_linear=0
shrinkage=0.05


Tree=30
num_leaves=63
num_cat=0
split_feature=12 13 12 12 12 13 0 13 2 0 14 25 8 13 12 13 0 0 2 8 11 2 12 12 25 12 12 0 11 0 10 0 8 0 0 12 12 11 0 8 2 10 12 13 0 23 24 17 12 0 23 8 10 11 2 11 13 0 20 2 0 12
split_gain=6.52832 37.6197 3.90507 1.22204 0.895712 0.837587 0.768447 0.642483 0.446832 0.42692 0.376953 0.36771 0.365026 0.351621 0.351481 0.385713 0.343263 0.334949 0.33409 0.330919 0.322805 0.56617 0.365387 0.298861 0.324951 0.292773 0.290092 0.289218 0.276145 0.270789 0.574754 0.398355 0.502487 0.38604 0.261904 0.248114 0.241171 0.238362 0.224823 0.374016 0.216546 0.214292 0.197415 0.372789 0.196723 0.196166 0.279929 0.623414 0.192098 0.217267 0.188485 0.180948 0.51069 0.314099 0.447483 0.351095 0.179473 0.294115 0.17924 0.407861 0.177537 0.174835
threshold=344.00000000000006 19.095279693603519 84.500000000000014 114.50000000000001 686.00000000000011 0.32930481433868414 1727.5000000000002 0.20793592929840091 11.500000000000002 225.50000000000003 0.69274476170539867 1.0000000180025095e-35 0.6078576147556306 0.12509659677743915 186.50000000000003 0.043324427679181106 1843.5000000000002 1507.5000000000002 11.500000000000002 1.0000000180025095e-35 1.0000000180025095e-35 7.5000000000000009 312.50000000000006 1280.5000000000002 3.1960823535919194 32.500000000000007 18.500000000000004 1991.5000000000002 -1.0000000180025095e-35 2001.5000000000002 -0.68301269412040699 1415.5000000000002 1.0000000180025095e-35 984.50000000000011 2070.0000000000005 154.50000000000003 464.00000000000006 0.68301269412040722 1471.5000000000002 -0.87837970256805409 8.5000000000000018 -0.68301269412040699 479.50000000000006 1.2953798770904543 683.50000000000011 0.55593636631965648 0.59509205818176281 1.0000000180025095e-35 95.500000000000014 853.50000000000011 1.0908710956573489 -0.87837970256805409 -0.93301269412040699 0.68301269412040722 11.500000000000002 -0.93301269412040699 19.095279693603519 1191.0000000000002 4.5000000000000009 2.5000000000000004 2110.0000000000005 11.500000000000002
decision_type=2 2 2 2 2 2 2 2 2 2 2 2 2 2 2 2 2 2 2 2 2 2 2 2 2 2 2 2 2 2 2 2 2 2 2 2 2 2 2 2 2 2 2 2 2 2 2 2 2 2 2 2 2 2 2 2 2 2 2 2 2 2
left_child=1 3 8 10 5 11 12 14 26 -10 25 50 35 45 15 -5 -9 23 -18 -8 21 -16 -23 24 28 -1 27 38 -6 31 -31 33 -33 -28 -32 48 -15 -30 39 -3 -26 -22 56 58 -14 46 -13 -48 -4 -50 -2 52 -27 55 -55 -53 -7 -58 -44 -60 -29 -11
right_child=4 2 6 7 17 42 19 16 9 61 -12 13 44 36 20 -17 18 -19 -20 -21 41 22 -24 -25 40 51 29 60 37 30 34 32 -34 -35 -36 -37 -38 -39 -40 -41 -42 -43 43 -45 -46 -47 47 -49 49 -51 -52 53 -54 54 -56 -57 57 -59 59 -61 -62 -63
leaf_value=-0.00017841061417808908 -0.00020144009513904442 0.0039406801838038569 0.00069902124877214023 0.00012454184532255632 0.00053966798567402533 -3.3057074838783878e-05 0.015133123065806019 -0.00016477873224789727 0.00012827178009262131 0.012741996111321789 -0.00046781543283309489 0.00076313000640180193 0.010362721749878956 0.00022210639648353073 0.00013556603138548478 -8.5923633374135431e-05 0.00098308821225576094 0.0014482272074741109 0.0066028372483429802 0.0059630758014036361 -0.00035871342743442784 0.00049155381784021194 0.0015385301834582562 0.00048921901264968614 0.00025830234425366385 0.00057279378624950511 0.0085390614017473269 0.0035958415796211105 3.0041883290829997e-05 0.0050400824286043642 0.01903526337728614 0.0094845912406342475 0.0034427751705468357 0.012730800595386092 0.011774609642075632 0.0010951603553731625 0.00057374119311423566 0.00039418583851675892 0.01407203297569398 0.01170089670328036 3.1340220373925083e-05 7.5717629740815111e-05 0.00022951454782289189 -2.1169526365942024e-05 0.0044091991750915376 -0.00012052520712745729 0.00072223613294581821 0.0068019693079751382 0.0071583922497171553 0.0027259568293968575 0.0035289619713366202 6.0055796787580238e-05 -0.00023246118946690418 0.0001158055473298643 -0.00018157103867983478 -0.00013758988010439854 0.00033759394118226539 0.0063184392632103653 0.0061425951320562971 6.3022417865844595e-05 0.010017994358244105 0.0074239039575987684
leaf_weight=190746 3244 20 39 35499 17366 40780 20 45451 20 21 8398 5195 24 18964 25047 56278 205 659 31 25 3159 7530 944 20490 44172 2064 199 20 6988 25 23 72 73 88 47 167 6610 12750 105 135 13859 27819 29660 26013 46 587 134 63 58 63 34 25658 41341 38982 18723 178948 77 29 42 85 35 153
leaf_count=190746 3244 20 39 35499 17366 40780 20 45451 20 21 8398 5195 24 18964 25047 56278 205 659 31 25 3159 7530 944 20490 44172 2064 199 20 6988 25 23 72 73 88 47 167 6610 12750 105 135 13859 27819 29660 26013 46 587 134 63 58 63 34 25658 41341 38982 18723 178948 77 29 42 85 35 153
internal_value=1.2612e-07 -7.71476e-05 0.00789123 -9.3818e-05 0.000221021 0.00013157 0.00393598 1.01048e-05 0.00957334 0.00730569 -0.000135401 0.000341827 0.00321392 0.000394236 5.83467e-05 -4.46185e-06 -0.000154801 0.000322147 0.00174494 0.010174 0.000147796 0.000255347 0.000608793 0.000315684 0.000278256 -0.000129768 0.0100889 0.0113706 0.000393967 0.00931137 0.0118907 0.00872996 0.00648178 0.00984574 0.0142553 0.00248622 0.000313189 0.000265519 0.0121068 0.010735 0.000204185 3.12538e-05 5.57736e-05 0.000116948 0.0065336 0.00074005 0.000834664 0.00269435 0.00390532 0.00489604 -0.000161116 -9.94016e-05 -0.000194053 -8.37203e-05 1.92318e-05 -0.00011278 -2.75931e-05 0.0020254 0.000237733 0.00211618 0.00778417 0.00810141
internal_weight=956102 708301 1478 706823 247801 131517 442 201963 1036 194 504860 34831 397 31553 156276 91777 45687 116284 236 45 64499 33521 8474 115625 95135 496462 842 315 37104 527 95 432 145 287 70 327 25574 19738 260 155 58031 30978 96686 55800 70 5979 5392 197 160 121 3278 305716 43405 262311 57705 204606 40886 106 29787 127 55 174
internal_count=956102 708301 1478 706823 247801 131517 442 201963 1036 194 504860 34831 397 31553 156276 91777 45687 116284 236 45 64499 33521 8474 115625 95135 496462 842 315 37104 527 95 432 145 287 70 327 25574 19738 260 155 58031 30978 96686 55800 70 5979 5392 197 160 121 3278 305716 43405 262311 57705 204606 40886 106 29787 127 55 174
is_linear=0
shrinkage=0.05


Tree=31
num_leaves=63
num_cat=0
split_feature=12 13 12 15 12 0 11 3 13 12 0 12 12 25 12 13 0 11 0 0 0 2 14 12 0 24 20 0 12 13 0 3 24 12 2 2 23 22 6 14 2 3 25 12 14 13 0 13 22 21 0 13 25 13 20 12 2 14 3 2 12 12
split_gain=5.89756 34.5944 3.01496 1.00864 0.880802 0.787031 0.59669 0.516828 0.415232 0.386984 0.382801 0.376327 0.36332 0.356285 0.573804 0.355696 0.33315 0.314737 0.303402 0.804966 0.699472 0.29309 0.278774 0.275504 0.256688 0.326649 0.256547 0.252161 0.246956 0.281269 0.241255 0.239083 0.637971 0.227632 0.223067 0.215892 0.250166 0.228456 0.208052 0.203704 0.198723 0.193049 0.190607 0.187367 0.326529 0.21925 0.186946 0.1801 0.33072 0.196977 0.176266 0.240966 0.171478 0.169967 0.404893 0.283825 0.217578 0.168567 0.157592 0.305077 0.262487 0.155384
threshold=290.00000000000006 19.095279693603519 70.500000000000014 1.0000000180025095e-35 62.500000000000007 1647.5000000000002 -1.0000000180025095e-35 3.5000000000000004 0.27838629484176641 639.50000000000011 2284.5000000000005 146.50000000000003 19.500000000000004 0.61260253190994274 128.50000000000003 0.060986882075667388 2060.5000000000005 0.68301269412040722 225.50000000000003 437.50000000000006 132.00000000000003 7.5000000000000009 20.490151405334476 186.50000000000003 2299.5000000000005 0.81360203027725231 1.0000000180025095e-35 1536.5000000000002 1168.0000000000002 0.22718299180269244 2255.5000000000005 5.5000000000000009 0.55672836303710949 22.500000000000004 3.5000000000000004 11.500000000000002 1.8771384358406069 1.0000000180025095e-35 1.0000000180025095e-35 0.033150184899568565 5.5000000000000009 1.0000000180025095e-35 3.3377842903137211 505.50000000000006 0.24865591526031497 0.14036607742309573 86.500000000000014 0.098458569496870055 1.0000000180025095e-35 0.67857143282890331 1843.5000000000002 0.26556697487831121 0.53282585740089428 3.358211994171143 10.928571224212648 609.00000000000011 2.5000000000000004 0.041381279006600387 2.5000000000000004 4.5000000000000009 86.500000000000014 11.500000000000002
decision_type=2 2 2 2 2 2 2 2 2 2 2 2 2 2 2 2 2 2 2 2 2 2 2 2 2 2 2 2 2 2 2 2 2 2 2 2 2 2 2 2 2 2 2 2 2 2 2 2 2 2 2 2 2 2 2 2 2 2 2 2 2 2
left_child=1 4 10 6 22 11 8 16 21 -10 12 27 34 14 39 23 -7 26 20 -20 -14 43 61 -16 47 -26 -8 58 29 -5 35 -32 -33 -21 -3 36 37 -19 53 -6 -25 -37 -11 46 52 -46 57 48 -23 -49 -17 -52 -45 54 55 -31 -56 -2 59 -4 -60 -1
right_child=3 2 5 28 13 7 17 -9 9 42 -12 -13 18 -15 15 50 -18 30 19 33 -22 24 -24 40 25 -27 -28 -29 -30 38 31 32 -34 -35 -36 41 -38 -39 -40 -41 -42 -43 -44 44 45 -47 -48 49 -50 -51 51 -53 -54 -55 56 -57 -58 -59 60 -61 -62 -63
leaf_value=-0.00021957136516784497 0.0029153494902815712 0.0075032682114375172 0.0025023179028291422 0.00066920804594407073 -3.6764411775361275e-05 0.0028118664881697404 -0.00025315252758290518 0.01472524701844475 4.5113222486045056e-05 0.00045977778184036705 0.016498431066672006 0.0016764824528798469 0.010399491390491504 -0.00017295391273526085 0.00012426159850986718 -1.5315624281829547e-05 0.011057564041078514 2.2810463485116721e-05 0.015689550831799619 0.0040024985401135573 -0.0020371079225750531 0.0076924096077892442 -0.0005113390968510017 0.00018160576357040994 0.0082576970252211997 0.00035301930946377952 1.1657971254503653e-05 -3.6135415137825495e-05 0.00041990856683262503 0.00018418521284730322 0.00050674623363058328 0.0013192849733226794 0.010274200852621686 0.0083842568001376884 0.011015698869236062 0.00037378158408306474 -3.2618117599341809e-05 0.00040485688818051014 -3.8184626332897526e-05 -0.00015061360049663759 0.00068247512615648878 -0.00012586482964905901 0.00015515467695097782 0.00018529850487370464 -0.00056464815413654777 0.0039173431695212618 0.00021056304474168842 0.00050972523577793693 0.0012762457801046246 0.0023833147681504995 0.00026851724445691946 0.0022413291028621231 0.0018534117523914427 0.00015428412457026345 0.0051357599816405841 0.00042905928106825529 0.00053707359610186036 0.00069627996536802744 0.0075969706925837948 0.0097678784935017401 0.0027361490982599351 -0.00013054806172039068
leaf_weight=59814 96 66 24 3999 125559 35 13769 27 35254 11043 20 170 22 42676 33496 64960 21 5714 39 37 22 21 5326 3728 26 29 27143 22 34146 23120 1068 161 23 432 311 2257 9238 12614 6222 57302 4307 13369 9719 686 32 132 13186 3429 662 148 2755 165 202 24239 67 24458 46 968 43 47 95 277295
leaf_count=59814 96 66 24 3999 125559 35 13769 27 35254 11043 20 170 22 42676 33496 64960 21 5714 39 37 22 21 5326 3728 26 29 27143 22 34146 23120 1068 161 23 432 311 2257 9238 12614 6222 57302 4307 13369 9719 686 32 132 13186 3429 662 148 2755 165 202 24239 67 24458 46 968 43 47 95 277295
internal_value=1.30893e-07 -7.92313e-05 0.00768098 0.000194433 -9.56565e-05 0.00444835 0.000113333 0.00891775 0.000215601 0.000146132 0.00932375 0.0035088 0.00916215 -3.79875e-05 -1.82633e-05 7.22846e-05 0.00600733 2.26552e-05 0.00829487 0.00864946 0.00407729 0.00041371 -0.00015205 0.000187542 0.000778424 0.00418873 -7.73426e-05 0.00483432 0.000306657 0.000259523 0.000114819 0.000799558 0.00247078 0.00805016 0.0104162 9.48525e-05 0.000179058 0.000286022 0.000238494 -7.2468e-05 0.000450714 -5.33746e-05 0.000317421 0.000310533 0.000956243 0.00301253 0.000262506 0.000733124 0.00148194 0.000588708 1.69314e-06 0.00038178 0.000570553 0.000262497 0.000317391 0.000310171 0.00331007 0.000901451 0.00537068 0.00738921 0.00429136 -0.000146359
internal_weight=956102 678816 1433 277286 677383 484 160989 83 75633 56016 949 401 929 334948 292272 109411 56 85356 552 508 44 19617 342435 41531 4315 55 40912 231 116297 82151 44444 1252 184 469 377 43192 27566 18328 78152 182861 8035 15626 20762 15302 1052 164 14250 4260 683 3577 67880 2920 888 71930 47691 47578 113 1064 209 71 138 337109
internal_count=956102 678816 1433 277286 677383 484 160989 83 75633 56016 949 401 929 334948 292272 109411 56 85356 552 508 44 19617 342435 41531 4315 55 40912 231 116297 82151 44444 1252 184 469 377 43192 27566 18328 78152 182861 8035 15626 20762 15302 1052 164 14250 4260 683 3577 67880 2920 888 71930 47691 47578 113 1064 209 71 138 337109
is_linear=0
shrinkage=0.05


Tree=32
num_leaves=63
num_cat=0
split_feature=12 14 12 1 10 2 3 14 17 14 3 0 1 0 10 12 16 0 12 1 2 2 2 2 9 2 12 1 14 0 14 24 15 2 9 14 9 2 12 2 1 14 12 2 23 21 14 14 12 2 9 2 2 2 15 0 14 9 19 3 2 9
split_gain=5.34788 2.52682 0.928577 0.768324 0.694887 0.494602 0.57835 0.478804 0.45548 0.416147 0.395738 0.547046 0.391537 0.385446 0.375139 0.368745 0.351155 0.324835 0.313739 0.297025 0.514051 0.28868 0.375792 0.337903 0.263818 0.271369 0.244483 0.29015 0.243259 0.241377 0.231459 0.265208 0.22757 0.282789 0.221171 0.220683 0.20993 0.214127 0.206067 0.205265 0.422964 0.356555 0.204713 0.20402 0.201616 0.295533 0.231976 0.199911 0.206539 0.190694 0.202903 0.625925 0.297744 0.186807 0.185584 0.183819 0.182901 0.18106 0.539149 0.633254 0.480663 0.272801
threshold=344.00000000000006 20.490151405334476 114.50000000000001 2024.5000000000002 0.68301269412040722 11.500000000000002 4.5000000000000009 0.13373984396457675 1.0000000180025095e-35 0.28281377255916601 1.0000000180025095e-35 1671.5000000000002 2024.5000000000002 1882.5000000000002 -0.25000000000000006 639.50000000000011 1.0000000180025095e-35 2255.5000000000005 52.500000000000007 2023.5000000000002 10.500000000000002 8.5000000000000018 7.5000000000000009 10.500000000000002 -0.56174489110708226 4.5000000000000009 38.500000000000007 2024.5000000000002 0.36873432993888861 24.000000000000004 0.051836095750331886 0.59509205818176281 239.50000000000003 2.5000000000000004 1.0000000180025095e-35 0.027973395772278312 1.0000000180025095e-35 1.5000000000000002 464.00000000000006 11.500000000000002 2023.5000000000002 0.055250305682420738 154.50000000000003 1.5000000000000002 0.77136236429214489 0.25000000745058065 0.14208074659109118 0.18230694532394412 435.50000000000006 7.5000000000000009 1.0000000180025095e-35 9.5000000000000018 10.500000000000002 7.5000000000000009 1.0000000180025095e-35 45.500000000000007 2.4306623935699467 -0.56174489110708226 1.5000000000000002 3.5000000000000004 5.5000000000000009 1.0000000180025095e-35
decision_type=2 2 2 2 2 2 2 2 2 2 2 2 2 2 2 2 2 2 2 2 2 2 2 2 2 2 2 2 2 2 2 2 2 2 2 2 2 2 2 2 2 2 2 2 2 2 2 2 2 2 2 2 2 2 2 2 2 2 2 2 2 2
left_child=1 2 26 4 8 18 10 24 21 12 11 -7 14 42 19 28 29 -10 54 -4 -21 22 -2 -23 25 30 -1 49 38 34 35 -32 56 43 -6 -5 -16 -38 -9 41 -41 -25 55 -34 45 -19 -47 48 -24 -28 51 -51 -52 -44 -3 -14 -17 58 60 -60 -29 -59
right_child=3 5 9 7 16 6 -8 15 17 -11 -12 -13 13 -15 36 32 -18 44 -20 20 -22 23 47 39 -26 -27 27 57 -30 -31 31 -33 33 -35 -36 -37 37 -39 -40 40 -42 -43 53 -45 -46 46 -48 -49 -50 50 52 -53 -54 -55 -56 -57 -58 61 59 -61 -62 -63
leaf_value=-0.00015672669163077388 0.00014400609839011993 0.00094312412602612816 -0.00034073667199590934 0 0.0031952108126874512 0.0013376529192691557 0.0028077930054521381 0.00025780990236884817 0.00028818276003828697 -0.00014877561579190285 0.00018601372966685304 0.0084079700011316268 0.001382446345713647 0.00059181686392491045 -0.00017668010570246398 0.00052432444442521945 0.00013600815238719614 0.00093132783635026944 0.00021856027642902303 4.5776642352924517e-05 0.00049553748030603561 -0.00018581529286806667 0.00087709519618602157 -0.0002671206204167215 0.00063560231123637226 0.0027116146460135358 -0.00018544151970577356 -7.5946160816220889e-05 0.00010732877511002505 -0.00021110489139311217 -0.00016459731264430313 0.002902042073970418 0 0.00033536864609251196 -0.00027821252980593888 0.0057371305931114558 0.000407900387813668 -4.0932428917422935e-05 0.00076611878276014542 0.00026506785345997225 -0.00029238884826547656 0.00036966714990945677 0.00014698537036532042 0.0036759339298179563 -0.0019529892908361124 0.0016652361326696076 0.0066159845392854792 0.00047549806018535001 0.0027352610972192657 0.00024828358880889007 -0.0003074341906688751 -0.00014295540403549533 -1.0282854205009492e-05 0.00055205089303779378 7.8847828797370359e-05 -2.5968176533038902e-05 0.00031065914432575341 -0.00017659610624288146 0.010849881109473596 -0.00070653094543735571 0.00031766488101212046 8.2277510335797339e-06
leaf_weight=223394 24605 4442 3593 27 100 124 572 7790 54694 34325 668 36 234 4446 34924 15089 13072 137 3753 32752 7892 13476 647 2696 2069 371 78916 21895 28449 20515 341 88 49 251 80 44 3009 22688 2707 6642 6974 11726 31255 165 27 45 59 4121 201 15756 17939 29108 15971 3145 737 21816 30544 33442 25 21 12001 49422
leaf_count=223394 24605 4442 3593 27 100 124 572 7790 54694 34325 668 36 234 4446 34924 15089 13072 137 3753 32752 7892 13476 647 2696 2069 371 78916 21895 28449 20515 341 88 49 251 80 44 3009 22688 2707 6642 6974 11726 31255 165 27 45 59 4121 201 15756 17939 29108 15971 3145 737 21816 30544 33442 25 21 12001 49422
internal_value=1.34164e-07 -6.98047e-05 -8.13012e-05 0.000200064 0.000134684 0.000706342 0.00158213 0.000318764 0.000188657 9.65166e-06 0.000729147 0.00296396 4.24896e-05 0.000143337 -1.60297e-05 0.000296991 -6.66439e-05 0.0002968 0.000568494 9.46222e-05 0.000133232 0.000104975 0.000224368 1.97996e-05 0.000946862 0.00168034 -0.000117861 -8.62126e-05 0.000183477 -0.000194891 0.000904747 0.000453334 0.000392784 0.00149688 0.00162441 0.0035575 -9.68583e-05 1.14306e-05 0.000389377 0.000118804 -2.00896e-05 0.00025028 0.000107925 0.00283508 0.00203605 0.00250432 0.00452552 0.00062128 0.0013237 -0.000130464 -7.5323e-05 -5.44264e-06 -0.000167629 0.000184165 0.000821102 -1.07888e-05 0.00038142 -2.64302e-05 7.07647e-05 0.00547558 6.32663e-05 -6.63027e-05
internal_weight=956102 708301 697969 247801 159817 10332 1400 87984 126050 200079 828 160 165754 60896 104858 85044 33767 54962 8932 44237 40644 71088 29574 41514 2940 871 497890 274496 38946 20695 500 429 46098 465 180 71 60621 25697 10497 28038 13616 14422 56450 214 268 241 104 4969 848 157690 78774 44864 33910 34400 5179 22050 45633 116806 33942 46 33896 82864
internal_count=956102 708301 697969 247801 159817 10332 1400 87984 126050 200079 828 160 165754 60896 104858 85044 33767 54962 8932 44237 40644 71088 29574 41514 2940 871 497890 274496 38946 20695 500 429 46098 465 180 71 60621 25697 10497 28038 13616 14422 56450 214 268 241 104 4969 848 157690 78774 44864 33910 34400 5179 22050 45633 116806 33942 46 33896 82864
is_linear=0
shrinkage=0.05


Tree=33
num_leaves=63
num_cat=0
split_feature=12 13 12 12 12 13 1 10 13 2 3 13 10 9 11 13 2 2 13 15 12 12 8 8 11 12 1 12 13 8 11 11 2 12 13 2 2 8 23 12 2 3 2 22 8 13 10 22 16 12 10 12 3 23 2 15 2 8 1 2 13 3
split_gain=4.83122 30.2777 3.13433 0.928588 0.723412 0.653879 0.600582 0.619211 0.557085 0.430235 0.364578 0.357368 0.356242 0.328483 0.519258 0.311262 0.310856 0.420736 0.42836 0.306351 0.256042 0.253378 0.250537 0.2478 0.522612 0.245014 0.243197 0.2279 0.346489 0.226854 0.248086 0.221809 0.311619 0.219411 0.213406 0.206349 0.326963 0.702541 0.202948 0.200445 0.30198 0.368588 0.199588 0.487932 0.289758 0.189569 0.185134 0.261008 0.317853 0.176256 0.166924 0.165399 0.168381 0.19341 0.261108 0.164448 0.574562 0.16021 0.154939 0.231271 0.198059 0.21896
threshold=346.50000000000006 19.095279693603519 84.500000000000014 125.50000000000001 1009.0000000000001 0.080039061605930342 2024.5000000000002 0.68301269412040722 0.11648236587643625 11.500000000000002 2.5000000000000004 0.14036607742309573 -0.25000000000000006 -0.56174489110708226 -0.93301269412040699 0.13029664754867556 8.5000000000000018 7.5000000000000009 0.13481768965721133 1.0000000180025095e-35 3.5000000000000004 47.500000000000007 -0.87837970256805409 -0.87837970256805409 0.25000000000000011 186.50000000000003 2024.5000000000002 225.00000000000003 0.18001782894134524 -0.87837970256805409 -0.93301269412040699 0.68301269412040722 11.500000000000002 11.500000000000002 0.40015338361263281 10.500000000000002 9.5000000000000018 0.87837970256805431 1.0000000180025095e-35 149.50000000000003 4.5000000000000009 1.0000000180025095e-35 11.500000000000002 1.0000000180025095e-35 1.0000000180025095e-35 2.7634081840515141 0.93301269412040722 0.21666666865348819 1.0000000180025095e-35 564.50000000000011 0.93301269412040722 1348.0000000000002 4.5000000000000009 158.64124298095706 2.5000000000000004 21.500000000000004 2.5000000000000004 -0.87837970256805409 2024.5000000000002 5.5000000000000009 0.032207353040575988 4.5000000000000009
decision_type=2 2 2 2 2 2 2 2 2 2 2 2 2 2 2 2 2 2 2 2 2 2 2 2 2 2 2 2 2 2 2 2 2 2 2 2 2 2 2 2 2 2 2 2 2 2 2 2 2 2 2 2 2 2 2 2 2 2 2 2 2 2
left_child=1 3 9 11 6 25 7 16 46 20 39 21 -12 14 15 -10 17 49 22 27 -3 -1 -19 24 -22 -5 31 -7 -29 -28 -31 -23 -33 -11 50 36 37 -18 -17 40 -4 -42 43 -37 -44 -6 47 -8 -49 -2 -21 52 53 -47 -55 -16 -57 -14 59 -27 61 -60
right_child=4 2 10 5 45 19 8 -9 13 33 12 -13 57 -15 55 38 35 18 -20 34 23 26 -24 -25 -26 58 29 28 -30 30 -32 32 -34 -35 -36 42 -38 -39 -40 -41 41 -43 44 -45 -46 51 -48 48 -50 -51 -52 -53 -54 54 -56 56 -58 -59 60 -61 -62 -63
leaf_value=-0.00014188979208198756 4.2587649685779578e-05 0.013271404353163188 0.0021477520954689827 8.5281008802924954e-05 0.00066673187145730134 -0.00016599654668442713 0.0013311989585083541 -0.00014119728322076907 0.0062214495922033475 0.010960403194584221 0.0016758380167702161 -0.00039382096699453807 0.0029041510163095555 0.00017278214329968845 0.00029729098033850479 0.0036990227260408556 -4.4612344037518769e-05 0.0055698235087286241 0.00047339803002564981 0.00034695494865766453 0.0082226767534678037 -0.00015209698957562023 0.0016952796592776829 0.0092068929109393877 -0.00067345099199322327 -5.4805084302573089e-05 -0.00019745166570227392 0.00011854390650427347 -0.00012176108086449399 0.00023910794269959624 -1.3879121537852611e-05 0.00011018441104159848 -0.00017163625035750821 0.0056511339271085315 -0.00013859063845421854 -2.6762726358618766e-05 -0.00030143302277246668 0.0012904735004818184 0.00097346209596857317 0.0032069259746386283 0.0057991513977977078 0.014420199380518296 0.00017376038992576365 0.00051535883035366435 -0.0002413047694381894 0.00032781690240923347 -7.9170767062414199e-05 0.0058500692286636699 -0.0011205074984339341 0.00026771800732975232 -0.00039515587725605904 0.00048009616942583605 0.00010954831356708732 0.0051521787249204348 0.00014483765115924242 0.0035893723982958884 -6.1498287503705142e-05 0.00804917907215205 0.0041671550243228238 0.00038419823464075944 0.00050606306969566803 -0.0010246359646834177
leaf_weight=270259 17312 40 22 46989 4318 45950 959 25487 30 25 246 11234 32 46261 16255 72 7384 51 8470 9391 73 103004 283 709 20 4849 14114 26270 34949 11128 74836 22408 17440 169 4122 8146 8804 1136 2136 52 34 23 10425 8427 7046 28959 194 68 20 17589 818 12559 11552 49 60 168 293 38 74 7791 4454 26
leaf_count=270259 17312 40 22 46989 4318 45950 959 25487 30 25 246 11234 32 46261 16255 72 7384 51 8470 9391 73 103004 283 709 20 4849 14114 26270 34949 11128 74836 22408 17440 169 4122 8146 8804 1136 2136 52 34 23 10425 8427 7046 28959 194 68 20 17589 818 12559 11552 49 60 168 293 38 74 7791 4454 26
internal_value=1.32995e-07 -6.57462e-05 0.00707084 -8.06584e-05 0.000191877 1.54071e-05 0.000144145 7.75612e-05 0.00026486 0.00858416 0.00355116 -0.000114682 0.00260146 0.000244795 0.00042029 0.0011364 0.000136258 0.000234309 0.000543415 -5.27581e-05 0.00908839 -0.000108562 0.00230336 0.0088719 0.00625716 0.000144523 -7.14635e-05 -8.18224e-05 -1.85609e-05 -1.16379e-05 1.8812e-05 -0.000113341 -1.30327e-05 0.00636637 0.000164239 5.27374e-05 -8.75752e-05 0.000132825 0.00106477 0.00580018 0.00743771 0.00938455 0.000124285 0.000248594 6.07929e-06 0.000347045 0.00131517 0.00157828 0.00420962 0.00015619 0.000287 0.000320992 0.000271675 0.000335934 0.00244433 0.000324109 0.00125862 0.00577599 0.000306132 0.000215392 0.000556883 0.00276766
internal_weight=956102 711589 1483 710106 244513 185683 187016 120560 66456 1036 447 524423 316 65215 18954 2238 95073 43705 8804 121500 842 513189 334 802 93 64183 242930 107169 61219 100078 85964 142852 39848 194 14331 51368 17324 8520 2208 131 79 57 34044 16573 17471 57497 1241 1047 88 34901 10209 53179 40620 29068 109 16716 461 70 17194 12640 4554 100
internal_count=956102 711589 1483 710106 244513 185683 187016 120560 66456 1036 447 524423 316 65215 18954 2238 95073 43705 8804 121500 842 513189 334 802 93 64183 242930 107169 61219 100078 85964 142852 39848 194 14331 51368 17324 8520 2208 131 79 57 34044 16573 17471 57497 1241 1047 88 34901 10209 53179 40620 29068 109 16716 461 70 17194 12640 4554 100
is_linear=0
shrinkage=0.05


Tree=34
num_leaves=63
num_cat=0
split_feature=12 14 12 12 11 2 2 8 24 0 0 0 16 12 14 12 11 9 2 6 20 23 2 22 8 24 8 0 2 9 0 0 15 9 22 14 0 23 14 14 12 9 14 22 0 22 11 3 11 17 11 15 11 2 0 24 12 23 2 14 2 0
split_gain=4.37487 2.08633 0.80372 0.602368 0.428559 0.575699 0.423602 0.577278 0.359447 0.334106 0.303526 0.292983 0.275317 0.250419 0.240698 0.435518 0.239296 0.27602 0.254985 0.262562 0.303803 0.241755 0.245767 0.304327 0.322718 0.233945 0.228904 0.2207 0.211544 0.204993 0.203578 0.191798 0.188016 0.287073 0.184525 0.177963 0.177285 0.225035 0.17638 0.299724 0.168057 0.166205 0.163346 0.161496 0.1546 0.141952 0.181856 0.434543 0.169684 0.138582 0.167287 0.138356 0.137031 0.210939 0.135684 0.348296 0.132352 0.12587 0.336032 0.210328 0.123928 0.12372
threshold=290.00000000000006 20.490151405334476 686.00000000000011 62.500000000000007 -0.25000000000000006 7.5000000000000009 11.500000000000002 1.0000000180025095e-35 1.2731301784515383 1929.5000000000002 1507.5000000000002 1465.5000000000002 1.0000000180025095e-35 52.500000000000007 0.13373984396457675 143.50000000000003 0.68301269412040722 1.0000000180025095e-35 9.5000000000000018 1.0000000180025095e-35 4.7857143878936776 1.550558388233185 11.500000000000002 1.0000000180025095e-35 0.6078576147556306 3.2501053810119633 1.0000000180025095e-35 1929.5000000000002 5.5000000000000009 -0.56174489110708226 2255.5000000000005 2060.5000000000005 1.0000000180025095e-35 1.0000000180025095e-35 1.0000000180025095e-35 0.019049347378313545 2299.5000000000005 0.80164620280265819 0.045715779066085822 0.047905908897519119 54.500000000000007 -0.56174489110708226 14.030886650085451 0.35000000894069677 246.50000000000003 0.083333335816860213 -0.93301269412040699 5.5000000000000009 0.68301269412040722 1.0000000180025095e-35 -0.93301269412040699 1.0000000180025095e-35 -0.25000000000000006 7.5000000000000009 7.5000000000000009 1.0000000180025095e-35 11.500000000000002 158.64124298095706 2.5000000000000004 121.26737213134767 1.5000000000000002 1791.5000000000002
decision_type=2 2 2 2 2 2 2 2 2 2 2 2 2 2 2 2 2 2 2 2 2 2 2 2 2 2 2 2 2 2 2 2 2 2 2 2 2 2 2 2 2 2 2 2 2 2 2 2 2 2 2 2 2 2 2 2 2 2 2 2 2 2
left_child=1 3 4 56 5 11 13 9 34 29 12 28 25 51 15 45 17 18 19 20 -6 22 23 42 -25 44 30 52 54 -8 -24 -11 35 -34 -7 -29 -36 -38 -13 -40 -33 -30 -18 -43 -4 46 47 -5 -48 -47 -51 -3 53 -17 55 -2 -1 -14 59 -59 -54 -31
right_child=2 6 10 14 16 8 7 -9 -10 31 -12 38 57 -15 -16 27 21 -19 -20 -21 -22 -23 26 24 -26 -27 -28 32 41 61 -32 40 33 -35 36 -37 37 -39 39 -41 -42 43 -44 -45 -46 49 48 -49 -50 50 -52 -53 60 -55 -56 -57 -58 58 -60 -61 -62 -63
leaf_value=-0.00019359799325014868 0.0033225975670506296 0.00084216007895312984 0.00055310689246405702 6.9332743608185645e-06 0.00019827531764378869 0.0046279200876784476 0.00012087068746517921 5.8008739247670854e-05 0.00022754540034791531 0.0075027248155595076 0.0013394532078298317 -0.00033634608121736677 0.00031166743057811858 0.00018457261807626314 -0.00012407510465357652 8.1030978772115441e-05 -0.00017963426110046308 -0.00020464818602986001 -0.00029679435907705283 -0.0001236202091008351 0.0013138144205604863 -7.4335571007033295e-05 0.00011815944977998073 0.0002570300585753304 0.00078791457388990328 2.9796145568316851e-05 -0.00028290753591767335 -7.1542356290172631e-05 0.00038583822419005568 0.0023770687666607492 0.0014615072935759237 0.0051071210769512961 0.0026690250541881858 -0.00025438765142468683 0.00071009917446552401 0.00050079646278403393 0.0067079294618762678 0 0.0058132526475070147 0.0005218691206712164 0.00081560888106701384 0.00032437271600660521 0.00040377938278811365 1.1477900842091546e-05 0.00020378863872305469 -0.00020651808264791801 -8.0628710355296057e-05 0.00069945567736058231 3.9975486162936673e-05 -0.00066268180643103494 0.0004906896215074811 9.4594343649047813e-05 0.00020004993763758335 0.00041939782069903603 -2.9573441690179101e-05 -3.9782873342222874e-05 -0.0001114353048950354 0.0049135447399143405 0.00023234106469017702 0.0010280613122609567 -4.1216353719238199e-05 -0.00053358677893340417
leaf_weight=59814 108 4442 3993 13392 12809 31 154 485 6614 40 659 621 75901 3449 57542 26297 4223 19085 4410 7093 643 13349 6405 9671 4096 19388 4495 2040 7293 575 296 54 210 135 6287 3981 28 25 27 5208 45 5911 1675 13758 15860 20597 121249 2730 38340 397 1468 737 6413 5602 26583 258 277295 78 335 70 31297 36
leaf_count=59814 108 4442 3993 13392 12809 31 154 485 6614 40 659 621 75901 3449 57542 26297 4223 19085 4410 7093 643 13349 6405 9671 4096 19388 4495 2040 7293 575 296 54 210 135 6287 3981 28 25 27 5208 45 5911 1675 13758 15860 20597 121249 2730 38340 397 1468 737 6413 5602 26583 258 277295 78 335 70 31297 36
internal_value=1.32228e-07 -6.82203e-05 0.000167482 -7.89547e-05 9.50899e-05 0.000184944 0.000647971 0.00146029 0.000486823 0.00220701 0.00026767 0.000119273 0.000261517 0.000516602 -3.10968e-05 -1.1563e-05 2.0959e-05 -6.14629e-05 4.78419e-05 0.000122063 0.000251979 0.000103177 0.000180122 0.000286594 0.000415348 0.000153625 -6.44173e-06 9.01945e-05 8.26735e-05 0.00178593 0.000178266 0.00448554 0.000372153 0.00151085 0.000755197 0.000306052 0.0007354 0.00363548 0.000455351 0.000550226 0.00320968 0.00018171 -1.30962e-05 0.000105766 0.000274301 -5.05997e-05 -3.54335e-05 0.000124514 -5.16232e-05 -0.000169016 0.00024247 0.000736747 6.43361e-05 0.000140612 -1.6225e-05 0.000939374 -0.000126028 0.00031688 0.00112538 0.00311151 -5.33568e-08 0.00219733
internal_weight=956102 678816 277286 668799 161002 72752 10017 1389 12985 904 116284 59767 115625 8628 331690 274148 88250 44040 24955 20545 13452 44210 30861 19665 13767 39241 11196 75975 53911 765 6701 139 6366 345 6371 6021 6340 53 5856 5235 99 26962 5898 19669 19853 198173 175711 16122 159589 22462 1865 5179 69609 31899 26949 366 337109 76384 483 148 37710 611
internal_count=956102 678816 277286 668799 161002 72752 10017 1389 12985 904 116284 59767 115625 8628 331690 274148 88250 44040 24955 20545 13452 44210 30861 19665 13767 39241 11196 75975 53911 765 6701 139 6366 345 6371 6021 6340 53 5856 5235 99 26962 5898 19669 19853 198173 175711 16122 159589 22462 1865 5179 69609 31899 26949 366 337109 76384 483 148 37710 611
is_linear=0
shrinkage=0.05


Tree=35
num_leaves=63
num_cat=0
split_feature=12 13 12 12 0 12 13 14 13 12 13 12 1 0 8 10 22 12 10 9 8 0 0 0 11 9 12 13 3 10 14 1 3 10 0 8 10 23 1 8 12 10 11 11 3 13 13 10 8 0 3 1 6 9 14 0 13 12 3 20 0 3
split_gain=3.95885 26.9706 2.82701 0.78641 0.782564 0.595743 0.557491 0.444488 0.421657 0.409083 0.426174 0.387288 0.359125 0.347243 0.343632 0.364983 0.319049 0.308391 0.302679 0.406898 0.28171 0.272469 0.736735 0.630354 0.260029 0.251521 0.249226 0.251869 0.245107 0.240911 0.226109 0.281986 0.217957 0.206065 0.205675 0.195899 0.187208 0.184966 0.176191 0.206317 0.233908 0.237617 0.178901 0.242879 0.311996 0.168737 0.166076 0.164176 0.251884 0.391807 0.16409 0.163353 0.263855 0.152416 0.19065 0.343834 0.147959 0.14779 0.147704 0.161796 0.1442 0.162646
threshold=353.50000000000006 19.095279693603519 70.500000000000014 88.500000000000014 1727.5000000000002 1009.0000000000001 0.33701048791408544 1.1823724508285525 0.32930481433868414 639.50000000000011 2.0141066312789921 146.50000000000003 2024.5000000000002 2284.5000000000005 -0.87837970256805409 0.25000000000000011 1.0000000180025095e-35 19.500000000000004 -0.25000000000000006 1.0000000180025095e-35 0.87837970256805431 225.50000000000003 437.50000000000006 132.00000000000003 0.25000000000000011 1.0000000180025095e-35 541.50000000000011 0.14036607742309573 3.5000000000000004 0.68301269412040722 0.090398367494344725 2024.5000000000002 3.5000000000000004 0.25000000000000011 1191.0000000000002 1.0000000180025095e-35 -0.68301269412040699 1.0908710956573489 2024.5000000000002 -0.87837970256805409 11.500000000000002 0.25000000000000011 0.68301269412040722 0.93301269412040722 4.5000000000000009 2.8930305242538457 0.64362558722496044 -0.93301269412040699 -0.87837970256805409 1252.5000000000002 1.0000000180025095e-35 2024.5000000000002 1.0000000180025095e-35 -0.56174489110708226 0.20106383413076404 2255.5000000000005 0.59167307615280162 1348.0000000000002 4.5000000000000009 233.92857360839847 1094.5000000000002 2.5000000000000004
decision_type=2 2 2 2 2 2 2 2 2 2 2 2 2 2 2 2 2 2 2 2 2 2 2 2 2 2 2 2 2 2 2 2 2 2 2 2 2 2 2 2 2 2 2 2 2 2 2 2 2 2 2 2 2 2 2 2 2 2 2 2 2 2
left_child=1 3 13 7 11 6 16 38 12 -8 51 -4 18 17 -14 20 37 47 19 24 -16 23 -23 -19 -5 -20 27 30 -17 -27 31 -18 -24 -29 60 -6 -21 -2 42 -40 -41 -42 -1 44 -44 -7 -9 -3 49 -49 -45 52 56 54 -28 -56 -11 58 59 -47 61 -13
right_child=5 2 4 8 35 45 9 46 -10 10 -12 34 14 -15 15 28 26 21 25 36 -22 22 32 -25 -26 29 53 33 -30 -31 -32 -33 -34 -35 -36 -37 -38 -39 39 40 41 -43 43 50 -46 57 -48 48 -50 -51 -52 -53 -54 -55 55 -57 -58 -59 -60 -61 -62 -63
leaf_value=-0.00017056800850511123 -0.0001879090430464133 0.012995927675990416 0.0044270058438766182 0.00028344671912512015 0.012318344182066381 0.00060607688337527613 1.4431011109779219e-05 -0.00064961568286480667 -0.00018136675887219701 0.00057037327324704803 6.6603471422770991e-05 0.0043049099613149903 -0.00014650808702612621 0.015136583179087188 0.00035813856553710204 -2.3411383957051618e-05 0.00064362608174662922 0.0093781737922543316 -0.00016562105432461384 -0.00021251188538675553 -7.6081720355272101e-05 0.014421734008032953 0.0080524541903406657 -0.0024382224618309761 1.453965677193687e-05 0.00010515830602421411 0.00049334018886263646 0.00039853509769425676 0.00021423663809043067 -0.00015541305401792663 0.00033451389786594347 0.0018230233050987575 0.005706866448257554 7.4750126114996024e-05 0.0040517909225105883 0.0062227398022968033 5.2531623801219612e-05 0.004615905707637172 -0.00019519410248589197 -0.00017664957489445043 4.7663540057237619e-05 -7.8856439761915731e-05 0.00010943004618017225 9.3043495211780555e-05 -0.00021497552298460198 0.00029900754840462928 -7.0044052928542449e-06 0.00038790153117761726 0.0094667112488327227 0.010187468851976729 -0.00022679731559927657 0.00046362806808337 -0.00041345242490045068 0.0005904730107260599 0.0014038790923296273 0.0049451715898850834 0.00021275079995327438 0.00044046789046110171 9.0792817460060588e-05 0.0034501690074088785 -0.0029261751069505678 0.00025696088943649568
leaf_weight=148510 3103 34 246 19943 28 4633 80759 5217 30195 3552 38931 33 12406 20 22323 32520 1901 22 48918 14929 4464 39 280 22 16443 23374 329 10189 16260 14293 3223 704 189 9578 60 36 11988 20 31541 33768 59142 99479 25695 4737 10413 28803 1265 23 300 20 25415 11513 1481 1926 363 87 16220 12559 11461 41 24 112
leaf_count=148510 3103 34 246 19943 28 4633 80759 5217 30195 3552 38931 33 12406 20 22323 32520 1901 22 48918 14929 4464 39 280 22 16443 23374 329 10189 16260 14293 3223 704 189 9578 60 36 11988 20 31541 33768 59142 99479 25695 4737 10413 28803 1265 23 300 20 25415 11513 1481 1926 363 87 16220 12559 11461 41 24 112
internal_value=1.32151e-07 -5.89888e-05 0.00666527 -7.30253e-05 0.00375545 0.000175213 0.000131241 -0.000113766 -5.34545e-06 9.16702e-05 0.000178602 0.00303889 1.69784e-05 0.0083121 9.71854e-05 0.000137259 0.00032307 0.00815819 -3.00637e-05 5.29836e-05 0.00028559 0.00735722 0.00769248 0.00336447 0.000162064 -9.0838e-05 0.000376047 0.000327486 5.57024e-05 6.14983e-06 0.000616901 0.000964335 0.00711929 0.000241901 0.00152462 0.00898263 -9.42842e-05 -0.000155397 -0.000107678 -7.65971e-05 -5.71278e-05 -3.16518e-05 -0.000140062 -7.16127e-05 1.57376e-05 0.000315749 -0.00052498 0.00931543 0.00893235 0.00507491 -0.000176383 0.00031152 0.000228884 0.000833663 0.00142835 0.00210058 0.000277252 0.000290209 0.000243263 0.000303672 0.000595961 0.00121501
internal_weight=956102 714726 1488 713238 539 241376 183879 445182 268056 152456 71697 475 237861 949 87973 75567 31423 929 149888 63303 26787 552 508 44 36386 86585 28300 25595 48780 37667 5828 2605 469 19767 229 64 26917 3123 438700 223930 192389 158621 214770 66260 36108 57497 6482 377 343 43 30152 32766 21253 2705 779 450 19772 52864 40305 28844 169 145
internal_count=956102 714726 1488 713238 539 241376 183879 445182 268056 152456 71697 475 237861 949 87973 75567 31423 929 149888 63303 26787 552 508 44 36386 86585 28300 25595 48780 37667 5828 2605 469 19767 229 64 26917 3123 438700 223930 192389 158621 214770 66260 36108 57497 6482 377 343 43 30152 32766 21253 2705 779 450 19772 52864 40305 28844 169 145
is_linear=0
shrinkage=0.05


Tree=36
num_leaves=63
num_cat=0
split_feature=12 13 12 15 13 0 12 12 13 13 12 8 0 0 13 12 12 0 13 8 13 0 11 13 11 8 11 11 8 13 19 11 11 11 8 0 0 0 21 12 13 0 20 21 12 25 20 0 11 8 0 0 0 11 0 9 13 22 0 16 16 0
split_gain=3.61856 25.2644 1.75049 0.889893 0.460686 0.445078 0.441471 0.415184 0.389734 0.33742 0.452556 0.336262 0.317283 0.307235 0.265594 0.259724 0.253856 0.281366 0.232266 0.219623 0.206366 0.235266 0.194518 0.189187 0.181029 0.36819 0.457239 0.234276 0.371446 0.241484 0.180029 0.188631 0.216554 0.393934 0.59925 0.177264 0.172045 0.344131 0.169681 0.199097 0.199207 0.167345 0.159134 0.15838 0.157673 0.408303 0.750152 0.156348 0.901705 0.300054 0.145568 0.958907 0.440026 0.143776 0.191993 0.313945 0.180479 0.168847 0.143767 0.142376 0.141138 0.261142
threshold=236.50000000000003 19.095279693603519 67.500000000000014 1.0000000180025095e-35 0.16341937333345416 1727.5000000000002 47.500000000000007 435.50000000000006 0.52715286612510692 0.10382096469402315 143.50000000000003 -1.0000000180025095e-35 2060.5000000000005 2284.5000000000005 0.14800722151994708 13.500000000000002 146.50000000000003 407.50000000000006 0.05044777691364289 -0.60785761475563038 19.095279693603519 1471.5000000000002 1.0000000180025095e-35 0.50650408864021312 0.68301269412040722 -0.87837970256805409 0.93301269412040722 -1.0000000180025095e-35 1.0000000180025095e-35 0.043324427679181106 1.0000000180025095e-35 0.93301269412040722 0.25000000000000011 0.68301269412040722 -1.0000000180025095e-35 1599.5000000000002 826.50000000000011 1184.5000000000002 1.0000000180025095e-35 505.50000000000006 0.098458569496870055 2046.5000000000002 0.78571429848670971 1.0000000180025095e-35 639.50000000000011 0.53282585740089428 0.21428572386503222 1214.5000000000002 0.93301269412040722 -0.60785761475563038 116.50000000000001 185.50000000000003 491.50000000000006 1.0000000180025095e-35 68.500000000000014 -0.56174489110708226 0.095277912914752974 0.050000002607703216 232.50000000000003 1.0000000180025095e-35 1.5000000000000002 92.500000000000014
decision_type=2 2 2 2 2 2 2 2 2 2 2 2 2 2 2 2 2 2 2 2 2 2 2 2 2 2 2 2 2 2 2 2 2 2 2 2 2 2 2 2 2 2 2 2 2 2 2 2 2 2 2 2 2 2 2 2 2 2 2 2 2 2
left_child=1 6 13 4 38 16 14 20 43 10 24 -7 -13 15 -1 -3 35 -18 -12 -5 23 58 -10 -6 27 -26 -27 29 -29 -8 41 32 -32 34 -34 47 -19 -38 53 40 -40 -21 -35 -9 45 -41 -47 49 -49 -4 -17 -52 -53 54 55 57 -57 -2 -22 -24 -42 -62
right_child=3 2 5 19 7 11 9 8 22 -11 18 12 -14 -15 -16 50 17 36 -20 30 21 -23 59 -25 25 26 -28 28 -30 -31 31 -33 33 42 -36 -37 37 -39 39 44 60 -43 -44 -45 -46 46 -48 48 -50 -51 51 52 -54 -55 -56 56 -58 -59 -60 -61 61 -63
leaf_value=-0.00012326066531938279 0.002251703328888723 0.0091837728115366345 0.00026455079864390763 0.00013924054773700655 -3.2823245742377548e-06 0.013582053153187185 -1.3605789819755399e-05 -0.00012569242367268949 0.00014954910554731699 -0.00016601897894499888 0.00025423939086043518 0.00089756116962136194 0.0097659222587448743 0.01438351932227315 -0.0004862820732243008 0.011398045828419108 -0.0022013283283263975 0.0069306369828759807 2.9673541672071297e-05 0.0002387440132150838 0.004806602739186084 0.0066250773508684333 -8.9414031549529382e-05 -0.00018179014736809923 -0.00028825122475520723 0.00018548519780445087 -0.00013720847997885255 -5.0093243956049497e-05 -0.00029394851359695206 -0.00020409579152933213 0.00034587042224918253 -6.1731572628565112e-05 0.0032043029403894443 0.0013970606653425479 0.00086487857539108842 0.00065530990801658778 -0.0018247722071283172 0.0053710002878628602 0.00052823019859863296 0.00081147406339912109 0.00014978053043978898 0.001163363083295946 0.0003710904748610451 0.00038889335312095779 -0.0013254603279225267 0.0099537679946199685 0.00072861767920995519 0.0022421018215177577 0.015748624818686822 0.0051916777620218436 -0.0035504025904072528 0.011244419488103294 0.0068787366121785517 -4.9200973934471066e-05 0.00022494453144690204 0.0014864753616679195 -0.0020383051193194712 0.0073391771729899406 0.00032670200091031664 0.00010187306573833607 0.0061792237151946337 0.00071812461316720397
leaf_weight=271053 45 266 43 34530 47959 20 124120 1657 33489 50645 18085 22 21 20 5144 24 35 22 31859 63305 21 21 24429 21534 8023 32661 16518 36608 27312 19227 13948 1903 351 420 1296 32 33 32 6144 972 13090 496 4258 14088 68 36 60 35 20 134 20 70 528 7225 5025 127 50 30 142 16154 23 574
leaf_count=271053 45 266 43 34530 47959 20 124120 1657 33489 50645 18085 22 21 20 5144 24 35 22 31859 63305 21 21 24429 21534 8023 32661 16518 36608 27312 19227 13948 1903 351 420 1296 32 33 32 6144 972 13090 496 4258 14088 68 36 60 35 20 134 20 70 528 7225 5025 127 50 30 142 16154 23 574
internal_value=1.32507e-07 -6.77987e-05 0.00669728 0.000139411 7.27997e-05 0.00410976 -8.23345e-05 3.73722e-05 0.000108444 -4.62276e-05 -2.69159e-05 0.00806492 0.00535724 0.00794326 -0.00013004 0.00779432 0.00344936 0.00149803 0.000111091 0.000246032 -5.41709e-05 0.00161669 6.03416e-05 -5.86692e-05 -5.29969e-05 2.56819e-05 7.69987e-05 -7.47349e-05 -0.000154367 -3.9191e-05 0.000288864 0.000411921 0.000456629 0.000700075 0.00136664 0.00433126 0.0030445 0.00164377 0.000241477 0.000328507 0.000291268 0.000246012 0.000464301 0.00033442 0.000974114 0.00112532 0.00424684 0.00481625 0.00726398 0.00402375 0.00720951 0.00703694 0.00739992 9.51168e-05 0.000293654 0.00164329 0.000461953 0.00436033 0.000937116 -1.31492e-05 0.000184528 0.000937892
internal_weight=956102 642632 1377 313470 192963 449 641255 159494 89817 365058 314413 63 43 928 276197 908 386 122 49944 120507 69677 184 74072 69493 264469 57202 49179 207267 63920 143347 85977 22176 20273 6325 1647 264 87 65 33469 20967 19831 63801 4678 15745 1136 1068 96 232 55 177 642 618 598 12502 5277 252 177 75 163 40583 13687 597
internal_count=956102 642632 1377 313470 192963 449 641255 159494 89817 365058 314413 63 43 928 276197 908 386 122 49944 120507 69677 184 74072 69493 264469 57202 49179 207267 63920 143347 85977 22176 20273 6325 1647 264 87 65 33469 20967 19831 63801 4678 15745 1136 1068 96 232 55 177 642 618 598 12502 5277 252 177 75 163 40583 13687 597
is_linear=0
shrinkage=0.05


Tree=37
num_leaves=63
num_cat=0
split_feature=12 13 12 15 0 0 13 12 1 12 0 13 8 11 15 3 3 3 12 1 3 2 2 9 22 17 2 2 13 3 8 2 11 3 18 20 0 10 11 21 11 0 0 13 10 2 13 0 13 17 12 0 12 12 2 3 13 0 18 2 8 12
split_gain=3.26608 22.818 1.57549 0.803103 0.452211 0.515325 0.415988 0.398401 0.374835 0.374672 0.355084 0.351671 0.343802 0.349009 0.380751 0.973805 0.620923 0.342373 0.339806 0.289618 0.278971 0.25078 0.240237 0.536882 0.395495 0.267336 1.01304 0.305456 0.239858 0.235901 0.223558 0.223188 0.793714 1.7986 0.524213 0.400028 0.219339 0.215667 0.209208 0.218009 0.209072 0.1997 0.232945 0.195615 0.19347 0.205855 0.217416 0.202831 0.202498 0.218362 0.192654 0.442355 0.299014 0.191284 0.190517 0.347824 0.186966 0.212004 0.175792 0.404899 0.7066 0.17463
threshold=236.50000000000003 19.095279693603519 52.500000000000007 1.0000000180025095e-35 1214.5000000000002 1299.5000000000002 0.16341937333345416 47.500000000000007 2024.5000000000002 435.50000000000006 1154.5000000000002 0.52715286612510692 -0.87837970256805409 -0.93301269412040699 1.0000000180025095e-35 1.5000000000000002 3.5000000000000004 1.0000000180025095e-35 146.50000000000003 2024.5000000000002 4.5000000000000009 7.5000000000000009 8.5000000000000018 1.0000000180025095e-35 1.0000000180025095e-35 1.0000000180025095e-35 9.5000000000000018 10.500000000000002 0.15816774964332583 4.5000000000000009 0.87837970256805431 2.5000000000000004 0.68301269412040722 3.5000000000000004 1.0000000180025095e-35 6.9285714626312265 7.5000000000000009 0.68301269412040722 -0.93301269412040699 1.1785714626312258 0.68301269412040722 407.50000000000006 826.50000000000011 0.098458569496870055 0.68301269412040722 9.5000000000000018 0.098458569496870055 1617.5000000000002 0.10785209760069848 1.0000000180025095e-35 85.500000000000014 1647.5000000000002 57.500000000000007 652.50000000000011 7.5000000000000009 5.5000000000000009 19.095279693603519 1471.5000000000002 1.0000000180025095e-35 1.5000000000000002 0.6078576147556306 2.5000000000000004
decision_type=2 2 2 2 2 2 2 2 2 2 2 2 2 2 2 2 2 2 2 2 2 2 2 2 2 2 2 2 2 2 2 2 2 2 2 2 2 2 2 2 2 2 2 2 2 2 2 2 2 2 2 2 2 2 2 2 2 2 2 2 2 2
left_child=1 7 30 6 10 -6 44 28 21 56 18 -11 -10 14 16 -16 -14 -7 29 36 31 58 23 24 -23 27 -27 -24 -1 -4 61 32 33 35 -35 -21 40 -38 39 -33 43 -20 -43 -5 45 46 -2 -47 -49 -50 52 -52 -19 -13 -15 -56 -8 -58 -9 60 -60 -3
right_child=3 2 4 19 5 17 9 8 12 11 -12 53 13 54 15 -17 -18 50 41 20 -22 22 25 -25 -26 26 -28 -29 -30 -31 -32 38 -34 34 -36 -37 37 -39 -40 -41 -42 42 -44 -45 -46 47 -48 48 49 -51 51 -53 -54 -55 55 -57 57 -59 59 -61 -62 -63
leaf_value=-0.00011715782697197743 0.00063749942152214784 0.0118268292085583 0.0055341676330354266 0.0059001323865997303 0.012861725679168337 0 -5.5739349997020653e-05 -0.00014584940707078881 -0.00017212266537060576 0.00031768363853471211 -0.0028247997626355843 -3.2458376761789789e-05 -3.2284923748733902e-05 -5.1429001400370683e-06 0.0028744994746226554 -0.00020880251440032172 0.00064467760730911648 0.0020482606927811841 -0.0020915754837251966 1.6630316071499931e-05 0.00013524654065134279 0.00076392546016159084 -0.00019332379754630875 -0.00020564550062760896 0.0001352023779910161 0.0022264820213609782 -3.1197873807485956e-05 -2.1840888707855973e-06 -0.00046543172868049331 0.0015332957975243669 0.0097844842840805607 0.0012428272811126724 0.00022443207761324547 0.0051898254814891423 0.0023104520740365709 0.001337484344770021 0.00020978036034389222 -1.0714256795492374e-05 0.00027262976742264213 0.00044365741809001852 -0.0012360556136152062 0.0065856730763492804 -0.00041592309122413269 0 3.7059774780306398e-05 -1.8365913005227523e-05 0.00026078722747498672 0.00027168931676891419 0.0012314758237770343 0.0051791172055414281 0.00054362869011772099 0.00752608937672547 0.0088108286196836669 0.00012915879107028443 9.0259644782769363e-05 0.00084148426478056161 0.00089195066450215997 0.0062953935627537557 -0.00046174734158249724 -0.00012794700509586153 0.0025799931030892832 0.0072065862386809249
leaf_weight=271151 6256 25 159 46 25 29 69493 111465 20153 15745 23 32892 9652 95251 471 555 5208 23 35 1254 12903 3832 35418 7025 7277 605 2755 51130 5046 53 134 1157 4391 291 368 1068 61121 13496 20962 3404 24 22 23 22 9440 6506 10070 856 300 41 47 47 83 41180 9784 1834 163 21 339 1874 430 649
leaf_count=271151 6256 25 159 46 25 29 69493 111465 20153 15745 23 32892 9652 95251 471 555 5208 23 35 1254 12903 3832 35418 7025 7277 605 2755 51130 5046 53 134 1157 4391 291 368 1068 61121 13496 20962 3404 24 22 23 22 9440 6506 10070 856 300 41 47 47 83 41180 9784 1834 163 21 339 1874 430 649
internal_value=1.32426e-07 -6.44052e-05 0.0063648 0.000132454 0.00432827 0.00591911 6.91723e-05 -7.82198e-05 -4.39183e-05 3.55055e-05 0.00302816 0.000103022 1.92222e-05 5.06766e-05 0.000269367 0.0012019 0.000204637 0.00513408 0.0035071 0.000233744 0.000332863 -8.45587e-05 -2.99041e-05 0.000136022 0.000352533 -6.34264e-05 0.000373885 -8.0462e-05 -0.000123539 0.00455872 0.00779204 0.000410225 0.000653296 0.0012833 0.0035901 0.00062634 0.000172914 0.000169832 0.000339819 0.000647504 0.00261524 0.000655696 0.00290323 0.00404776 0.000229459 0.000304836 0.00040545 9.09414e-05 0.000689183 0.00172216 0.00586996 0.00409228 0.00739392 5.73245e-05 1.81213e-05 0.000209283 -5.14544e-05 0.00153889 -0.000136264 0.000266086 0.00123271 0.00738711
internal_weight=956102 642632 1377 313470 569 254 192963 641255 365058 159494 315 89817 142908 122755 15886 1026 14860 229 292 120507 45798 222150 108042 18134 11109 89908 3360 86548 276197 212 808 32895 7372 2981 659 2322 74709 74617 25523 4561 92 80 45 68 33469 24029 16326 7703 1197 341 200 94 106 74072 106869 11618 69677 184 114108 2643 769 674
internal_count=956102 642632 1377 313470 569 254 192963 641255 365058 159494 315 89817 142908 122755 15886 1026 14860 229 292 120507 45798 222150 108042 18134 11109 89908 3360 86548 276197 212 808 32895 7372 2981 659 2322 74709 74617 25523 4561 92 80 45 68 33469 24029 16326 7703 1197 341 200 94 106 74072 106869 11618 69677 184 114108 2643 769 674
is_linear=0
shrinkage=0.05


Tree=38
num_leaves=63
num_cat=0
split_feature=12 13 12 1 17 0 12 10 3 25 9 13 11 14 1 11 2 2 13 14 10 0 25 22 0 8 2 2 20 0 2 2 14 0 22 12 0 8 22 3 12 14 20 12 2 2 9 0 12 0 2 0 13 0 0 3 2 14 0 25 2 1
split_gain=2.95991 20.1669 1.7825 0.654447 0.613422 0.526117 0.470585 0.429613 0.400992 0.395802 0.388669 0.415862 0.412829 0.338464 0.324613 0.328631 0.285035 0.445222 0.399298 0.358609 0.304781 0.28243 0.281211 0.359252 0.27904 0.274441 0.269658 1.22744 1.56343 0.267977 0.259679 0.244692 0.284816 0.668209 0.323552 0.2425 0.241846 0.326516 0.239428 0.24094 0.234766 0.22504 0.209307 0.204362 0.199614 0.492631 0.464297 0.285591 0.198873 0.196481 0.492388 0.182432 0.177467 0.176718 0.171615 0.167934 0.16759 0.276971 0.341205 0.386425 0.167278 0.417611
threshold=290.00000000000006 10.125644207000734 70.500000000000014 2024.5000000000002 1.0000000180025095e-35 1647.5000000000002 81.500000000000014 0.68301269412040722 3.5000000000000004 0.50571158528327953 -0.56174489110708226 0.10015773773193361 -0.93301269412040699 2.8895664215087895 2024.5000000000002 -0.93301269412040699 8.5000000000000018 7.5000000000000009 0.16679546982049945 0.24865591526031497 -0.68301269412040699 2284.5000000000005 0.52574953436851513 0.21666666865348819 1544.5000000000002 0.6078576147556306 1.5000000000000002 2.5000000000000004 1.3571428656578066 2255.5000000000005 11.500000000000002 7.5000000000000009 0.060790836811065681 1191.0000000000002 0.11666667088866235 146.50000000000003 1324.5000000000002 -0.87837970256805409 1.0000000180025095e-35 5.5000000000000009 149.50000000000003 0.071858864277601256 1.0000000180025095e-35 3.5000000000000004 7.5000000000000009 8.5000000000000018 1.0000000180025095e-35 1929.5000000000002 154.50000000000003 2070.0000000000005 6.5000000000000009 45.500000000000007 0.022744516842067245 1191.0000000000002 2268.5000000000005 3.5000000000000004 1.5000000000000002 0.14208074659109118 2292.5000000000005 0.48718334734439855 11.500000000000002 2023.5000000000002
decision_type=2 2 2 2 2 2 2 2 2 2 2 2 2 2 2 2 2 2 2 2 2 2 2 2 2 2 2 2 2 2 2 2 2 2 2 2 2 2 2 2 2 2 2 2 2 2 2 2 2 2 2 2 2 2 2 2 2 2 2 2 2 2
left_child=1 6 21 4 7 24 13 16 25 14 11 31 22 -1 44 38 17 -2 19 -19 -18 30 23 -13 35 -7 -14 28 -28 -6 43 32 33 -5 -35 -4 37 -32 39 -16 -40 -34 -24 -3 -8 46 -46 -47 51 -45 -51 -17 -11 -37 -43 -25 -31 -58 59 -59 -22 -62
right_child=3 2 5 10 29 8 9 -9 -10 52 -12 12 26 -15 15 48 20 18 -20 -21 60 -23 42 55 -26 -27 27 -29 -30 56 36 -33 41 34 -36 53 -38 -39 40 -41 -42 54 -44 49 45 47 -48 -49 -50 50 -52 -53 -54 -55 -56 -57 57 58 -60 -61 61 -63
leaf_value=-9.6024293849914278e-05 8.6413849463523625e-05 0.011119638420548522 0.0041026217995776488 0.011269776492472336 0.00018836361824222216 0.0016807553655057731 -8.5113579616597146e-05 -0.00018043385001866318 0.012150008041700314 0.002839598690945945 0.0001775928214757292 0.001589587847421761 -6.9588403568728781e-05 -0.00047062669564458645 0.00069580061281971522 0.0015023395622177403 -0.00019933000463009896 0.0013196854763109051 0.00038992648344659295 0.0062029870045824248 0.00017898628917157946 0.013297418979418218 0.003351439106923251 0.0034285379582530509 -0.0021839601941392979 0.0092118274207361305 0.00023157811923050719 0.00020454292517282574 0.0024186030348786708 -0.0012181861442783868 0.0081563657425697978 0.0055060039163360927 -0.0012574624070967244 2.3478992514603854e-05 0.0068719220375924386 0.00062571807212268916 0.0069851813476873789 0.00086747288048241277 0.00011014558363948544 0.0024842426247715416 0.00078398865124986979 0.00089706097005392378 0.00071036705053943261 0.007479890818386555 0.0006677049708841247 -5.7652685660422566e-05 -7.7299947531116916e-05 0.0003523160709327076 0.000211294697452847 0.008441276342546853 0.00039784964418473835 3.8760767224015937e-06 -0.00013314484069258228 0.0048307717133333726 0.0041078105940699806 0.010351150430071711 0.00027411047319414862 0.0024921409509093451 -0.00064387563892170756 0.008451135493112839 0.00021315168885702521 -0.00029777689621146596
leaf_weight=411263 29375 40 212 23 70468 36 71615 24080 27 50 69886 151 4113 6127 881 204 15868 831 5168 40 16615 20 78 21 27 20 1749 17358 1543 43 22 41 99 74 23 132 84 57 4702 245 1795 248 3035 647 5469 47151 3368 4667 17159 41 38 44384 58301 32 52 20 127 78 37 45 7831 8166
leaf_count=411263 29375 40 212 23 70468 36 71615 24080 27 50 69886 151 4113 6127 881 204 15868 831 5168 40 16615 20 78 21 27 20 1749 17358 1543 43 22 41 99 74 23 132 84 57 4702 245 1795 248 3035 647 5469 47151 3368 4667 17159 41 38 44384 58301 32 52 20 127 78 37 45 7831 8166
internal_value=1.31353e-07 -5.60905e-05 0.00586479 0.000137784 8.07203e-05 0.00338162 -6.86418e-05 5.67435e-06 0.00704089 -1.58153e-05 0.000241287 0.0003966 0.000369452 -0.000101535 1.73496e-05 0.000104966 5.91525e-05 0.000166999 0.000558148 0.00155037 -1.95251e-05 0.0071307 0.000895092 0.00276204 0.00261401 0.00447118 0.000299092 0.000372767 0.00125822 0.000195102 0.00699114 0.00174803 0.00144052 0.00358712 0.00170423 0.00297232 0.00507199 0.00296825 0.00041482 0.00108956 0.000297095 0.000781667 0.000778254 0.00739228 -2.85637e-05 3.81221e-05 0.000383202 -2.06317e-05 6.66313e-05 0.00717853 0.00464089 1.08474e-05 -0.000130507 0.00147913 0.00147144 0.00694405 0.00161839 0.00206107 0.00344719 0.00471797 6.78095e-05 -4.73501e-05
internal_weight=956102 678816 1435 277286 178772 486 677381 107974 83 259991 98514 28628 28068 417390 201640 69370 83894 35414 6039 871 48480 949 3305 192 403 56 24763 20650 3292 70798 929 560 519 120 97 376 163 79 7623 1126 6497 399 3113 766 132270 60655 8837 51818 61747 726 79 44588 58351 164 300 41 330 287 160 123 32612 15997
internal_count=956102 678816 1435 277286 178772 486 677381 107974 83 259991 98514 28628 28068 417390 201640 69370 83894 35414 6039 871 48480 949 3305 192 403 56 24763 20650 3292 70798 929 560 519 120 97 376 163 79 7623 1126 6497 399 3113 766 132270 60655 8837 51818 61747 726 79 44588 58351 164 300 41 330 287 160 123 32612 15997
is_linear=0
shrinkage=0.05


Tree=39
num_leaves=63
num_cat=0
split_feature=12 13 12 12 13 1 10 3 2 13 14 2 1 10 9 22 2 2 1 2 14 2 12 9 11 10 13 12 10 2 10 16 9 12 12 1 3 3 2 15 13 12 1 11 2 3 3 11 9 15 3 12 2 15 12 12 11 3 16 22 12 12
split_gain=2.70593 17.3236 2.39629 0.79038 0.58603 0.37915 0.385284 0.37341 0.361156 0.347646 0.322945 0.312778 0.311747 0.326629 0.316614 0.322202 0.309553 0.350536 0.307044 0.421793 0.288685 0.269193 0.254356 0.235329 0.274255 0.231263 0.266964 0.22923 0.226824 0.203798 0.282067 0.200658 0.199292 0.3329 0.183721 0.182575 0.421662 0.227893 0.209403 0.179027 0.263566 0.17677 0.176418 0.227354 0.324281 0.371185 0.238122 0.206623 0.281845 0.331662 0.235383 0.168279 0.159923 0.158388 0.1521 0.150676 0.148684 0.199853 0.145276 0.143963 0.137555 0.268599
threshold=455.50000000000006 19.095279693603519 86.500000000000014 125.50000000000001 0.33701048791408544 2024.5000000000002 0.68301269412040722 2.5000000000000004 8.5000000000000018 0.31450997292995458 0.69274476170539867 11.500000000000002 2024.5000000000002 -0.25000000000000006 -0.56174489110708226 1.0000000180025095e-35 5.5000000000000009 3.5000000000000004 2023.5000000000002 10.500000000000002 0.312876507639885 3.5000000000000004 149.50000000000003 1.0000000180025095e-35 0.68301269412040722 1.0000000180025095e-35 0.3510726690292359 326.50000000000006 -0.25000000000000006 10.500000000000002 -0.93301269412040699 1.0000000180025095e-35 -0.56174489110708226 652.50000000000011 3.5000000000000004 2024.5000000000002 2.5000000000000004 5.5000000000000009 5.5000000000000009 219.50000000000003 73.090694427490249 20.500000000000004 2024.5000000000002 0.68301269412040722 11.500000000000002 4.5000000000000009 1.0000000180025095e-35 -0.93301269412040699 -0.56174489110708226 1.0000000180025095e-35 3.5000000000000004 11.500000000000002 5.5000000000000009 1.0000000180025095e-35 125.50000000000001 541.50000000000011 -0.68301269412040699 1.0000000180025095e-35 1.0000000180025095e-35 0.38333334028720861 23.500000000000004 39.500000000000007
decision_type=2 2 2 2 2 2 2 2 2 2 2 2 2 2 2 2 2 2 2 2 2 2 2 2 2 2 2 2 2 2 2 2 2 2 2 2 2 2 2 2 2 2 2 2 2 2 2 2 2 2 2 2 2 2 2 2 2 2 2 2 2 2
left_child=1 3 11 10 12 6 8 22 25 59 42 34 13 18 16 20 17 -14 -5 -20 -16 -17 54 -15 -25 26 32 -18 -9 30 -10 -8 33 -2 -3 41 38 -38 -37 -11 -41 52 43 -1 45 -45 -46 48 50 -50 -44 -13 -36 -12 -4 -34 58 -58 -49 -7 -53 -62
right_child=5 2 7 4 -6 9 31 28 29 39 53 51 14 23 15 21 27 -19 19 -21 -22 -23 -24 24 -26 -27 -28 -29 -30 -31 -32 -33 55 -35 35 36 37 -39 -40 40 -42 -43 47 44 46 -47 -48 56 49 -51 -52 60 -54 -55 -56 -57 57 -59 -60 -61 61 -63
leaf_value=-0.00014120461841163296 0.00176258248934354 0.010565042971375577 0.0050401326717258443 -0.00026900191560312847 -0.00011259950110051522 0.0011412897642297725 -0.00018640548245253479 0.00094368001455857789 0.00013935345264439196 0.00023776338523704991 -0.00047948100091621098 0.0087347935128259478 0.00040089698061533094 -0.00013332613125119989 0.00046215680270412151 -0.00011803525696776359 0.000477306403649665 -0.00014072507244628762 8.2400583902484547e-05 0.00047436221042018701 0.0058584278942905811 0.0001426009411267109 0.0023861827421646758 -6.4241423391637366e-05 0.0002488269735471111 0.00017495651925157244 0.00036042952500172173 0.0012961658335071625 0.0041597832561714523 0.00014479569839661259 -0.00026401879968601481 9.4159944825051656e-05 0.00023924208387805725 0.0079712380583950408 0.0043671614570517884 0.0099807241596215138 0.0023255540396832125 0.0079257795656741403 0.0035412146084344205 0.0035221339869298562 0.00062535632349523069 0.0067167148302897887 4.5491504806961046e-05 0.00014414080325248304 0.00014777210798818272 -0.00017817810811645118 -0.00020636773465875351 -0.00013784889051285005 -5.4936117749834979e-05 0.0010519088983520781 0.0005572411913223476 0.00088017678780666895 0.0094614045741003294 0.00012077755838503945 0.010539165975181695 0.0017774115687475573 -0.00018391734838881399 -1.8125885264070386e-05 0.00053280877974330504 0.00019042003457092263 0.0084613554499886941 0.0033891055589448751
leaf_weight=182244 280 40 51 4649 60330 1572 13567 305 8520 63785 7356 25 7325 38689 4312 16162 5488 5027 35787 8508 25 25556 73 18543 11219 26128 16556 1025 69 34387 8804 11993 510 24 22 56 97 24 20 97 451 453 4512 31152 5609 12513 30370 68909 24164 696 4522 31 140 1277 21 238 21176 129109 814 551 38 106
leaf_count=182244 280 40 51 4649 60330 1572 13567 305 8520 63785 7356 25 7325 38689 4312 16162 5488 5027 35787 8508 25 25556 73 18543 11219 26128 16556 1025 69 34387 8804 11993 510 24 22 56 97 24 20 97 451 453 4512 31152 5609 12513 30370 68909 24164 696 4522 31 140 1277 21 238 21176 129109 814 551 38 106
internal_value=1.34528e-07 -4.14008e-05 0.00520353 -5.21499e-05 2.24487e-05 0.000170465 0.000117695 0.00240746 0.000163877 0.000266477 -8.66755e-05 0.00657785 6.71651e-05 1.84956e-05 0.000155097 8.42803e-05 0.000327715 0.000180064 0.000117158 0.000157801 0.00049455 4.15078e-05 0.00457862 -5.19771e-05 5.36044e-05 0.000269677 0.000409945 0.000606962 0.00155134 7.42967e-05 -6.53507e-05 -5.4566e-05 0.00118434 0.00227164 0.00700854 0.00682591 0.00539279 0.00348326 0.0083587 0.000245595 0.00114778 0.00727589 -8.1587e-05 -0.000110396 -3.98374e-05 5.16598e-05 -0.000151019 -5.18516e-05 6.29878e-05 -2.37428e-05 0.000302206 0.00471554 0.00880356 -0.000390111 0.00672576 0.000735515 -6.95663e-05 -4.15202e-05 -0.000129947 0.000896878 0.00410814 0.00476726
internal_weight=956102 768639 1571 767068 242645 187463 121007 519 95447 66456 524423 1052 182315 117395 64920 46055 18865 12352 48944 44295 4337 41718 145 68451 29762 43736 17608 6513 374 51711 17324 25560 1052 304 852 812 197 121 76 64333 548 615 515790 261888 79644 43665 35979 253902 33894 24860 9034 200 162 8633 72 748 220008 150285 69723 2123 175 144
internal_count=956102 768639 1571 767068 242645 187463 121007 519 95447 66456 524423 1052 182315 117395 64920 46055 18865 12352 48944 44295 4337 41718 145 68451 29762 43736 17608 6513 374 51711 17324 25560 1052 304 852 812 197 121 76 64333 548 615 515790 261888 79644 43665 35979 253902 33894 24860 9034 200 162 8633 72 748 220008 150285 69723 2123 175 144
is_linear=0
shrinkage=0.05


Tree=40
num_leaves=63
num_cat=0
split_feature=15 13 21 11 0 17 10 8 0 0 0 0 6 21 0 9 9 0 0 9 0 8 10 13 10 13 0 16 8 16 6 11 11 9 0 9 13 23 10 11 24 9 9 10 0 10 16 22 20 11 21 20 0 0 10 11 13 24 9 8 0 22
split_gain=2.45002 4.13029 9.79858 1.77585 1.61192 0.741311 0.782426 1.54705 0.499209 0.558952 0.378501 0.363135 0.351074 0.340795 0.325643 0.322715 0.312694 0.335543 0.305164 0.296005 0.28615 0.282746 0.262733 0.250024 0.239425 0.407537 0.222091 0.218699 0.213759 0.209691 0.206568 0.197987 0.384347 0.196035 0.331293 0.196033 0.178789 0.163358 0.21105 0.159611 0.234918 0.36773 0.191043 0.317157 0.444892 0.423395 0.199617 0.191015 0.179013 0.172455 0.158371 0.271198 0.149256 0.39301 0.149214 0.146483 0.137037 0.181944 0.136818 0.127522 0.126825 0.169941
threshold=1.0000000180025095e-35 19.095279693603519 0.25000000745058065 0.25000000000000011 1835.5000000000002 1.0000000180025095e-35 -0.93301269412040699 0.87837970256805431 1178.5000000000002 61.500000000000007 1154.5000000000002 1985.5000000000002 1.0000000180025095e-35 1.0000000180025095e-35 1959.5000000000002 0.81174489855766307 1.0000000180025095e-35 1306.5000000000002 74.500000000000014 -0.56174489110708226 2088.5000000000005 -0.87837970256805409 1.0000000180025095e-35 0.15816774964332583 0.93301269412040722 0.23700591176748279 2181.5000000000005 2.5000000000000004 0.87837970256805431 1.0000000180025095e-35 1.0000000180025095e-35 0.93301269412040722 0.68301269412040722 -0.56174489110708226 543.00000000000011 0.81174489855766307 0.084066919982433333 158.64124298095706 0.68301269412040722 -0.93301269412040699 1.8284983038902285 1.0000000180025095e-35 1.0000000180025095e-35 0.68301269412040722 1985.5000000000002 -0.25000000000000006 1.0000000180025095e-35 0.41666667163372045 1.214285731315613 0.93301269412040722 1.0000000180025095e-35 1.0000000180025095e-35 2016.5000000000002 1940.5000000000002 -0.93301269412040699 -0.93301269412040699 0.20015174895524981 0.3944759219884873 -0.56174489110708226 1.0000000180025095e-35 1.0000000180025095e-35 0.050000002607703216
decision_type=2 2 2 2 2 2 2 2 2 2 2 2 2 2 2 2 2 2 2 2 2 2 2 2 2 2 2 2 2 2 2 2 2 2 2 2 2 2 2 2 2 2 2 2 2 2 2 2 2 2 2 2 2 2 2 2 2 2 2 2 2 2
left_child=1 5 3 14 8 12 7 11 9 -5 -11 -7 13 23 33 59 28 -18 60 20 24 -2 58 31 -8 -26 54 -9 -10 -21 37 32 -1 34 -3 -33 -13 39 -39 40 41 48 43 45 -45 -41 49 -43 -23 -44 -17 -52 53 -6 -20 -36 57 -22 -16 -14 61 -15
right_child=21 2 -4 4 52 6 19 27 16 10 -12 36 15 18 22 50 17 -19 26 29 56 30 -24 -25 25 -27 -28 -29 -30 -31 -32 35 -34 -35 55 -37 -38 38 -40 42 -42 47 46 44 -46 -47 -48 -49 -50 -51 51 -53 -54 -55 -56 -57 -58 -59 -60 -61 -62 -63
leaf_value=-6.9734818749607331e-05 2.34542552168585e-05 0.011661538901910963 -1.3655823221775147e-05 0.0079130252556907504 0.010111862485978567 -1.2933637367665755e-06 0.00015066647010518024 0.0027923211986589976 0.0023487397601421557 0.0019378654430456934 -0.0043603733275182294 0.0073564791602947089 -0.0001350652958981259 -0.00016199576579676816 0.0044292105678700802 -2.977395840234589e-05 0.011676177798224933 0.0049123666734671211 -0.00018140885736950114 -6.3065093934305043e-05 0.0020066605879636135 -0.00010915715776397091 0.0074604481939346563 -0.00021028501118175742 0.0017017929570070757 0.00024567120649254982 0.00027909130876899727 0.00036355745857009561 0.0057517633066489771 0.00018623818900563875 -1.3185022821453764e-05 -0.00021470240976654851 6.1979886808255326e-05 0.0084111258511800225 0.00041413194504543322 9.3958996055418373e-05 0.00088152826607766741 0.0002247493537957304 0.0029324695703749227 0.00036413459184288108 0.00024012013669748555 0.0014472089518545793 -1.401886537199069e-05 0.00051917292633777486 0.0038795372856395708 3.3399679622441904e-05 0.00024914999975357007 0.00057156016172823924 0.0010630853194934151 0.00037646026079178542 0.0010748326906397357 5.9692906887099979e-05 0.0085756040652060998 0.0019244943664768546 -1.2638688765470601e-06 0.0054676653321935539 0.0047979347773908464 -0.00028425953867311867 -0.00057948368379441876 -0.00028254592621685136 0.00028311858913211739 0.0030791847999272013
leaf_weight=349339 20196 21 4765 39 26 1915 15128 881 198 829 24 25 29531 66 24 7461 25 94 12324 28868 267 1415 34 29090 705 1542 6729 109 65 11913 8311 33011 65781 253 20 6069 22 171 130 23635 7281 1525 19616 8947 100 16445 23753 1094 421 3300 995 1976 134 38 171754 83 31 123 28 29483 7830 94
leaf_count=349339 20196 21 4765 39 26 1915 15128 881 198 829 24 25 29531 66 24 7461 25 94 12324 28868 267 1415 34 29090 705 1542 6729 109 65 11913 8311 33011 65781 253 20 6069 22 171 130 23635 7281 1525 19616 8947 100 16445 23753 1094 421 3300 995 1976 134 38 171754 83 31 123 28 29483 7830 94
internal_value=1.36311e-07 -3.25e-05 0.00120381 0.0042043 0.00334779 -4.26941e-05 0.000124137 0.000918543 0.002689 0.00203004 0.00175431 0.000102774 -5.63594e-05 -4.54449e-05 0.00691527 -0.000163488 0.00421369 0.00638393 9.63871e-06 8.40156e-05 0.000254173 0.000196403 0.00400536 -6.81134e-05 0.000222622 0.000704812 -3.01216e-06 0.00253003 0.00321066 9.63939e-06 0.000226433 -5.89967e-05 -4.88509e-05 0.00756458 0.00579166 -0.00016664 0.00444011 0.000244948 0.00141139 0.000241635 0.000416153 0.000702718 0.000220202 0.000289129 0.000556911 0.000228558 0.000147538 0.00108338 0.000156961 4.1995e-05 9.25392e-05 0.000401375 0.00755796 0.0053392 -1.33518e-05 0.00453625 0.00154406 0.00127143 0.00164032 -0.000208831 0.000312373 0.0017117
internal_weight=956102 819762 6700 1935 1472 813062 61529 2952 1274 892 853 1962 751533 682087 463 69446 382 119 198797 58577 17796 136340 86 483290 17375 2247 190807 990 263 40781 116144 454200 415120 377 124 39080 47 107833 301 107532 11736 4455 95796 49127 9047 40080 46669 2619 1836 22916 10432 2971 198 64 184078 103 421 390 52 59014 7990 160
internal_count=956102 819762 6700 1935 1472 813062 61529 2952 1274 892 853 1962 751533 682087 463 69446 382 119 198797 58577 17796 136340 86 483290 17375 2247 190807 990 263 40781 116144 454200 415120 377 124 39080 47 107833 301 107532 11736 4455 95796 49127 9047 40080 46669 2619 1836 22916 10432 2971 198 64 184078 103 421 390 52 59014 7990 160
is_linear=0
shrinkage=0.05


Tree=41
num_leaves=63
num_cat=0
split_feature=12 13 12 12 13 0 0 14 0 3 12 13 3 0 1 1 8 11 25 0 1 16 11 11 1 3 9 11 0 25 24 3 11 12 12 12 13 13 21 13 8 12 0 12 11 3 12 0 0 0 12 25 12 0 0 25 11 12 0 0 0 9
split_gain=2.29646 15.3943 1.10535 0.567243 0.56757 0.333937 0.456051 0.333026 0.310466 0.304829 0.289297 0.288861 0.281759 0.346301 0.429676 0.262217 0.302656 0.275397 0.364649 0.26126 0.260648 0.244438 0.236954 0.27364 0.672527 0.384779 0.236911 0.262131 0.249395 0.263369 0.218197 0.212281 0.279692 0.201827 0.200844 0.196894 0.242445 0.194321 0.192847 0.217982 0.178428 0.169499 0.237022 0.203973 0.164046 0.276784 0.278481 0.16335 0.158643 0.530003 0.157472 0.198115 0.157413 0.156214 0.150486 0.145974 0.140369 0.130202 0.191611 0.489134 0.487014 0.468297
threshold=236.50000000000003 19.095279693603519 52.500000000000007 686.00000000000011 0.32930481433868414 1214.5000000000002 1299.5000000000002 0.75543737411499035 853.50000000000011 1.5000000000000002 47.500000000000007 0.67580690979957592 2.5000000000000004 338.50000000000006 2023.5000000000002 2024.5000000000002 -0.87837970256805409 -0.93301269412040699 0.21814115345478061 683.50000000000011 2024.5000000000002 1.0000000180025095e-35 0.68301269412040722 0.93301269412040722 2023.5000000000002 1.0000000180025095e-35 -0.56174489110708226 -0.93301269412040699 2046.5000000000002 0.48718334734439855 2.5251482725143437 1.5000000000000002 1.0000000180025095e-35 90.500000000000014 887.00000000000011 399.50000000000006 1.2953798770904543 0.10785209760069848 1.0000000180025095e-35 0.14036607742309573 0.87837970256805431 85.500000000000014 1647.5000000000002 60.500000000000007 0.93301269412040722 4.5000000000000009 38.500000000000007 1066.5000000000002 1949.5000000000002 2168.0000000000005 464.00000000000006 0.21814115345478061 550.00000000000011 1661.5000000000002 931.50000000000011 3.4395434856414799 0.68301269412040722 2.5000000000000004 938.50000000000011 491.50000000000006 225.50000000000003 1.0000000180025095e-35
decision_type=2 2 2 2 2 2 2 2 2 2 2 2 2 2 2 2 2 2 2 2 2 2 2 2 2 2 2 2 2 2 2 2 2 2 2 2 2 2 2 2 2 2 2 2 2 2 2 2 2 2 2 2 2 2 2 2 2 2 2 2 2 2
left_child=1 7 40 4 20 8 -7 10 12 -8 -1 34 13 -4 -15 22 -17 18 -18 -14 38 55 31 24 -24 -25 27 28 47 -30 37 -12 -33 -10 -5 -6 52 -29 -2 -40 57 43 -43 -11 -9 -46 -47 -22 54 -50 51 56 -37 -19 -48 -13 -28 -3 59 60 -59 -60
right_child=3 2 5 11 35 6 9 44 33 41 15 21 19 14 -16 16 17 53 -20 -21 26 -23 23 25 -26 -27 50 30 29 -31 -32 32 -34 -35 -36 36 -38 -39 39 -41 -42 42 -44 -45 45 46 48 -49 49 -51 -52 -53 -54 -55 -56 -57 -58 58 61 -61 -62 -63
leaf_value=-9.9169564431689469e-05 -5.433729837844682e-05 0.0099185851406291201 0.00060316277976849638 0.00068528220089856542 -0.00011585992843839344 0.011405037707868089 0.00071145533136812982 -0.0003807847262209008 0.0033894728020883919 0.0029640292832019809 -0.00019296555119773266 0.00018210903378878247 0.0011640655413274914 0.014223543865911998 0.0040853846341842547 -0.00015807124388588943 0.0005063539000416228 -9.8075778730610512e-06 2.3120367637467448e-05 0.0066784632684339894 0.0015428946623658 0.00023515160526171275 -0.00044847746446343198 0.00034043309891863789 0.00018858847037032153 -0.00018339976680432807 0.00042928314639131197 0.0010214775923277654 0.0059293411802263862 -6.5798719740097961e-05 0.0051762345876869321 -5.2152428561175869e-06 -0.00017523653064294734 -0.0014815494688102857 -0.00094791868122066382 2.5300354588014043e-05 -7.4219855287675958e-05 0.00028270821323601864 0.00033644496691973691 7.7447644028791538e-05 0.0082049939667529614 0.00073605159291249963 0.0061674638558405744 0.008380026102775405 -0.00032349991161995415 -0.0011666424881066285 0.0025269745631116359 5.772803085802615e-05 0.0098468245894071608 -0.0010664201858198612 0.0006385406427498599 9.3291735948192861e-05 0.00020774841531723956 0.00013567366783491321 0.00040605784040419527 -1.6861819939470253e-05 0.0015876063072700821 0.0037676435819924805 0.0050113420451406814 0.0021524772420611709 0.010736254252144374 0.008412450470622574
leaf_weight=270791 15252 25 21 3977 32704 25 53 11401 31 29 43270 17564 123 20 26 19986 7284 82178 8462 27 561 75236 4762 4125 31696 23177 1261 1053 55 25 24 72627 36316 67 195 28980 33648 6066 11641 27145 134 44 41 62 909 101 158 287 23 20 1792 16300 20054 23777 192 19312 338 58 241 108 49 193
leaf_count=270791 15252 25 21 3977 32704 25 53 11401 31 29 43270 17564 123 20 26 19986 7284 82178 8462 27 561 75236 4762 4125 31696 23177 1261 1053 55 25 24 72627 36316 67 195 28980 33648 6066 11641 27145 134 44 41 62 909 101 158 287 23 20 1792 16300 20054 23777 192 19312 338 58 241 108 49 193
internal_value=1.36941e-07 -5.39786e-05 0.0052268 0.000111093 5.94058e-05 0.00351814 0.00488642 -6.53269e-05 0.00239775 0.00414829 -6.01739e-05 0.000198697 0.00345247 0.0061885 0.00862303 -3.06356e-05 2.21948e-05 5.18396e-05 0.00024698 0.00219376 0.000160159 0.000183431 -6.53176e-05 1.55343e-05 0.000105239 -0.000104071 0.000284772 0.000513282 0.00130627 0.00399569 0.000409542 -9.92182e-05 -6.19376e-05 1.02002e-05 0.000607727 -1.19775e-05 2.90517e-05 0.000392698 9.60462e-05 0.000155311 0.00642329 0.00515386 0.00341883 0.00671408 -0.000317856 0.000189939 0.0011447 0.00104621 0.00175158 0.00466419 0.000190854 0.000145751 0.00010002 2.27923e-05 0.00137823 7.77724e-05 0.000677343 0.00606048 0.00590265 0.00459662 0.00701261 0.00653692
internal_weight=956102 642632 1377 313470 197186 569 254 641255 315 229 628451 116284 217 67 46 357660 141687 121701 15746 150 81800 112112 215973 63760 36458 27302 27762 8071 928 80 7143 152213 108943 98 4172 115386 82682 7119 54038 38786 808 176 85 91 12804 1403 494 848 393 43 19691 17899 49034 105955 350 36876 1599 674 649 215 107 434
internal_count=956102 642632 1377 313470 197186 569 254 641255 315 229 628451 116284 217 67 46 357660 141687 121701 15746 150 81800 112112 215973 63760 36458 27302 27762 8071 928 80 7143 152213 108943 98 4172 115386 82682 7119 54038 38786 808 176 85 91 12804 1403 494 848 393 43 19691 17899 49034 105955 350 36876 1599 674 649 215 107 434
is_linear=0
shrinkage=0.05


Tree=42
num_leaves=63
num_cat=0
split_feature=12 1 10 12 25 0 2 2 25 1 0 10 1 2 2 15 16 0 15 11 2 8 2 2 2 1 20 12 0 8 10 3 16 12 10 8 8 1 2 0 12 8 20 20 22 3 11 0 2 8 15 12 23 10 25 3 2 2 3 2 22 12
split_gain=2.08015 0.434848 0.401703 0.358265 0.435958 0.302674 0.29547 0.423988 0.252536 0.229585 0.228508 0.217702 0.275017 0.265681 0.448798 0.216213 0.19638 0.19677 0.175121 0.16767 0.1673 0.256509 0.606214 0.435341 0.990555 0.640203 0.259104 0.353473 0.214409 0.206796 0.532803 0.846404 0.363063 0.369064 0.200419 0.497073 0.410812 0.247141 0.279651 0.193795 0.167161 0.164426 0.214598 0.188978 0.162154 0.161394 0.40592 0.271601 0.182757 0.510473 0.161101 0.159298 0.215825 0.207495 0.149206 0.142861 0.197103 0.64284 1.24515 0.141163 0.140264 0.231096
threshold=353.50000000000006 2024.5000000000002 0.68301269412040722 125.50000000000001 0.50571158528327953 1507.5000000000002 9.5000000000000018 10.500000000000002 0.66262921690940868 2024.5000000000002 61.500000000000007 -0.25000000000000006 2023.5000000000002 10.500000000000002 9.5000000000000018 1.0000000180025095e-35 1.0000000180025095e-35 24.000000000000004 1.0000000180025095e-35 -0.93301269412040699 5.5000000000000009 0.6078576147556306 1.5000000000000002 3.5000000000000004 4.5000000000000009 2024.5000000000002 1.0000000180025095e-35 32.500000000000007 2299.5000000000005 0.6078576147556306 -0.93301269412040699 1.5000000000000002 1.0000000180025095e-35 55.500000000000007 -0.93301269412040699 -0.87837970256805409 -0.87837970256805409 2023.5000000000002 11.500000000000002 2181.5000000000005 639.50000000000011 1.0000000180025095e-35 0.21428572386503222 0.5000000149011613 0.11666667088866235 5.5000000000000009 -0.93301269412040699 2268.5000000000005 1.5000000000000002 0.6078576147556306 1.0000000180025095e-35 534.00000000000011 1.1232953071594241 0.93301269412040722 1.1519565582275393 4.5000000000000009 2.5000000000000004 1.5000000000000002 3.5000000000000004 5.5000000000000009 1.0000000180025095e-35 173.50000000000003
decision_type=2 2 2 2 2 2 2 2 2 2 2 2 2 2 2 2 2 2 2 2 2 2 2 2 2 2 2 2 2 2 2 2 2 2 2 2 2 2 2 2 2 2 2 2 2 2 2 2 2 2 2 2 2 2 2 2 2 2 2 2 2 2
left_child=3 2 5 20 9 6 10 -8 51 11 -2 12 -5 14 -14 -10 17 -4 -9 41 21 -1 26 -24 25 -25 27 -23 -29 34 31 -31 33 -33 35 -22 37 38 -36 -38 -12 42 -11 -43 -15 48 47 -47 49 -13 -6 -3 53 -53 -52 56 57 -17 -59 -58 61 -21
right_child=1 8 16 4 50 -7 7 18 15 19 40 45 13 44 -16 55 -18 -19 -20 60 29 22 23 24 -26 -27 -28 28 -30 30 -32 32 -34 -35 36 -37 39 -39 -40 -41 -42 43 -44 -45 -46 46 -48 -49 -50 -51 54 52 -54 -55 -56 -57 59 58 -60 -61 -62 -63
leaf_value=-0.00012671374323840287 0.00059351350497164701 0.0003988880999617069 0.0014655943033767651 -0.00016832742536112438 -0.00010871619986546819 0.00054759049869935951 -0.00025964719687738414 -3.4708259848074648e-06 0.00010411345808675405 0.0010062383277025441 6.6171756969901543e-05 -0.00019307579030877059 0.00026755608557108305 0.00069225570260420183 -0.00024961509202816364 0.00014942714001018071 7.3129241379107048e-05 -0.00019164302397718869 0.00019969077018789066 0.00015638005133397192 0.00038076414176114922 1.5557882738006803e-05 -0.00023780772902576633 -0.00014282579598383656 -0.00026249988080026537 0.00053056444421964932 -0.00029630359080619838 0.00053940996363499019 0.0028697751395212736 -0.00024365545275897456 -0.00014414620568729643 0.00058890524168611126 -0.00084180349112366552 0.0017151270954454192 -0.00040694105974019615 -0.00029096334516693056 2.7922369936006607e-05 -0.00017502773981809824 0.00090124982456725802 0.00026834619076402424 0.00023111935537077391 1.7438786687979129e-06 -0.00027858669211620294 0.0040757551341224782 -5.6146050699812811e-05 0.00094217643485279752 2.0265619771058954e-05 0.0057993618629105462 -0.00011330192472191713 0.0009653711986439017 0.00025164948893908643 0.00078857614562572332 0.0062378358587029557 0.0040254181777100778 -0.00012040129826527523 0.00012015648500851354 0.00012950219970755866 0.00058571184313779812 0.0031628983634641368 0.00038075220648086831 9.6825271900198302e-05 0.00084494877918367254
leaf_weight=174268 3128 6529 180 6197 63354 3988 10974 23285 37586 1812 28704 2527 15474 3712 5746 3785 13008 19752 19409 3967 3366 4617 25771 5223 14179 10821 1694 7530 101 3297 73701 1835 276 1228 632 15035 137491 34484 1135 8934 33304 1421 389 29 884 1029 5849 30 35958 1520 6513 1003 20 53 4576 11387 10904 2126 604 11647 26346 1775
leaf_count=174268 3128 6529 180 6197 63354 3988 10974 23285 37586 1812 28704 2527 15474 3712 5746 3785 13008 19752 19409 3967 3366 4617 25771 5223 14179 10821 1694 7530 101 3297 73701 1835 276 1228 632 15035 137491 34484 1135 8934 33304 1421 389 29 884 1029 5849 30 35958 1520 6513 1003 20 53 4576 11387 10904 2126 604 11647 26346 1775
internal_value=1.37071e-07 0.00012705 7.72321e-05 -4.27168e-05 1.62799e-05 0.00011884 0.000104405 1.74332e-05 0.000217579 7.74711e-05 0.000175988 2.97864e-05 0.000130347 0.000202237 0.000127279 0.000190671 -7.77207e-05 -0.000176419 8.8771e-05 0.000182638 -6.39522e-05 -9.42475e-05 -1.3276e-05 -8.67999e-05 4.17987e-05 0.000311036 0.000281651 0.000361997 0.000570946 -3.7645e-05 -0.000105461 0.000323423 0.000884857 0.0010421 -1.05251e-05 -0.000167815 5.29142e-06 -0.000145372 0.000430525 4.2626e-05 0.000154845 0.000504256 0.000776887 8.69476e-05 0.000547221 -3.87289e-05 0.000184232 0.00108503 -7.73547e-05 0.000240799 -7.7906e-05 0.000493029 0.00105952 0.000956131 9.7668e-05 0.00027097 0.000329881 0.00057276 0.00115783 0.000259489 0.000145886 0.000370116
internal_weight=956102 241376 155732 714726 189108 122792 118804 53668 85644 114665 65136 78926 32013 25816 21220 78039 32940 19932 42694 35739 525618 244204 69936 55994 30223 16044 13942 12248 7631 281414 80337 6636 3339 3063 201077 18401 182676 36251 1767 146425 62008 3651 2201 1450 4596 46913 6908 1059 40005 4047 74443 7605 1076 1056 11089 40453 29066 6515 2730 22551 32088 5742
internal_count=956102 241376 155732 714726 189108 122792 118804 53668 85644 114665 65136 78926 32013 25816 21220 78039 32940 19932 42694 35739 525618 244204 69936 55994 30223 16044 13942 12248 7631 281414 80337 6636 3339 3063 201077 18401 182676 36251 1767 146425 62008 3651 2201 1450 4596 46913 6908 1059 40005 4047 74443 7605 1076 1056 11089 40453 29066 6515 2730 22551 32088 5742
is_linear=0
shrinkage=0.05


Tree=43
num_leaves=63
num_cat=0
split_feature=12 13 12 17 6 13 13 12 0 0 0 3 0 13 12 13 3 0 2 14 13 10 12 12 2 2 24 25 16 10 3 3 20 2 12 12 14 23 12 12 12 12 12 11 0 0 10 12 11 25 10 0 13 12 0 11 13 3 24 14 2 25
split_gain=1.89291 13.8742 0.994971 0.538376 0.468245 0.396665 0.312489 0.418228 0.303317 0.313933 0.313043 0.307519 0.346538 0.285796 0.285417 0.350617 0.274913 0.231495 0.22355 0.326311 0.274611 0.285751 0.355287 0.214106 0.205068 0.356876 0.473163 0.316251 0.192091 0.210653 0.331122 0.723277 0.172924 0.172828 0.160313 0.155962 0.153423 0.151292 0.150559 0.21835 0.182895 0.144925 0.143888 0.294187 0.143383 0.141114 0.157512 0.162364 0.136299 0.132632 0.131635 0.242609 0.131618 0.131312 0.189145 0.131218 0.181651 0.127816 0.127704 0.156686 0.196737 0.347395
threshold=236.50000000000003 19.095279693603519 52.500000000000007 1.0000000180025095e-35 1.0000000180025095e-35 0.16341937333345416 0.14036607742309573 128.50000000000003 1191.0000000000002 890.50000000000011 1299.5000000000002 1.5000000000000002 450.50000000000006 0.05044777691364289 455.50000000000006 0.64362558722496044 1.5000000000000002 2046.5000000000002 2.5000000000000004 0.32282878458499914 0.12509659677743915 -0.93301269412040699 420.50000000000006 146.50000000000003 8.5000000000000018 7.5000000000000009 1.2731301784515383 1.0000000180025095e-35 1.0000000180025095e-35 -0.93301269412040699 2.5000000000000004 1.5000000000000002 2.6428570747375493 8.5000000000000018 99.500000000000014 14.500000000000002 0.033520599827170379 0.51123625040054332 85.500000000000014 136.50000000000003 60.500000000000007 99.500000000000014 208.50000000000003 1.0000000180025095e-35 61.500000000000007 2193.5000000000005 -0.93301269412040699 15.500000000000002 0.25000000000000011 0.43217776715755468 -0.25000000000000006 1.0000000180025095e-35 0.52715286612510692 353.50000000000006 586.50000000000011 0.68301269412040722 0.11120071634650232 1.0000000180025095e-35 0.55672836303710949 0.26847471296787268 6.5000000000000009 0.62743628025054943
decision_type=2 2 2 2 2 2 2 2 2 2 2 2 2 2 2 2 2 2 2 2 2 2 2 2 2 2 2 2 2 2 2 2 2 2 2 2 2 2 2 2 2 2 2 2 2 2 2 2 2 2 2 2 2 2 2 2 2 2 2 2 2 2
left_child=1 6 45 4 5 24 7 35 9 11 -10 12 -4 42 52 32 -12 28 -19 20 21 -20 -23 34 25 53 27 -27 29 30 31 -5 37 44 -13 -1 -37 -16 40 -40 -18 -11 50 -44 -17 46 47 -3 -31 -21 51 -9 -7 -2 -55 -50 -57 -6 59 -30 -61 -62
right_child=3 2 8 17 57 14 -8 13 10 41 16 23 -14 -15 15 33 38 18 19 49 -22 22 -24 -25 -26 26 -28 -29 58 48 -32 -33 -34 -35 -36 36 -38 -39 39 -41 -42 -43 43 -45 -46 -47 -48 -49 55 -51 -52 -53 -54 54 -56 56 -58 -59 -60 60 61 -63
leaf_value=-0.00013174349182381757 0.00017115402512947226 0.011731631300230137 0.0023682697979426474 4.565671262755727e-05 0.00012263982429585601 1.1798326525157727e-05 -0.00019540590615505632 0.0020027137923152457 0.0094482206113612535 0.0024142689569261167 0.00067062130848580725 0.0018038243916310209 0.010925374304749576 -1.6049409808145391e-05 0.00012401967272178695 0.00056399299833038204 0.0028040320014011411 -0.00076115407499563123 0.00653347307956831 0.002649334453009254 -0.00027928664205233644 9.8718089436163254e-05 0.0037012217423584219 -0.00047025154513323319 4.156064663746123e-05 0.0054930754960450107 0.0082036737150331437 0.0007530321964808837 -7.0124086974287101e-05 0.00015324953522525262 -3.3151298274175732e-05 0.0025071545779969972 0.0046405643881883198 -6.5014423948694114e-05 0.0056497154480554248 -4.0911730432554097e-05 -0.00011480456438784043 0.00042289577556754374 0.00061301538664545107 0.0058276686655919377 0.007949634225763105 -0.0019531308701823125 0.0020403803553973362 0 9.0140466178115209e-05 0.0090845290698161746 0.0056751179995871487 0.0061263239071553495 -0.00020113147197246682 0.0089064632804727803 7.9217290429859765e-05 0.00026593552765642574 -0.00013844351825267114 0.0010179171046825514 0.00029358313458796923 0.0014912948336071501 4.7531051515052758e-05 -0.00025420080022765915 0.00022924823933352979 0.00081791787838826331 0.0062553950762900172 -0.00014636682642397479
leaf_weight=80225 13859 26 26 678 2634 47168 39851 206 31 29 53 78 25 54252 7407 1669 29 127 33 20 193 174 116 51 9229 36 22 2374 157 26831 1173 539 23 21626 47 348694 88129 10068 43 42 62 53 309 404 39427 44 698 40 6633 20 18843 10342 21065 1209 3684 222 12472 14807 67533 155 55 32
leaf_count=80225 13859 26 26 678 2634 47168 39851 206 31 29 53 78 25 54252 7407 1669 29 127 33 20 193 174 116 51 9229 36 22 2374 157 26831 1173 539 23 21626 47 348694 88129 10068 43 42 62 53 309 404 39427 44 698 40 6633 20 18843 10342 21065 1209 3684 222 12472 14807 67533 155 55 32
internal_value=1.35119e-07 -4.89956e-05 0.00496428 0.000100872 5.02147e-05 7.43485e-05 -5.97694e-05 -5.07734e-05 0.00334215 0.00225019 0.00461932 0.00320999 0.00667395 5.2422e-05 4.0606e-05 0.000104561 0.00393996 0.000185706 0.0011049 0.00154019 0.00119013 0.00208343 0.00155773 0.00217462 0.000238888 0.000324619 0.000895265 0.000826137 0.000180272 0.000104132 0.000562184 0.00114006 0.000302523 4.92542e-05 0.00329321 -6.76193e-05 -5.58311e-05 0.000296501 0.00489515 0.00325224 0.00636959 -0.000346602 0.000175984 0.000879314 0.000109508 0.00609985 0.00592025 0.00842453 8.03057e-05 0.005917 0.000158748 0.000300347 -3.45114e-05 0.00025034 0.000473596 -2.07013e-05 7.31859e-05 -0.000197002 0.000234612 0.00112958 0.00192827 0.00384585
internal_weight=956102 642632 1377 313470 196307 178866 641255 601404 569 309 260 227 51 84356 148453 80220 229 117163 683 556 516 323 290 176 30413 21184 2432 2410 116480 48548 2390 1217 17498 62722 125 517048 436823 17475 176 85 91 82 30104 713 41096 808 764 66 46158 40 29391 10548 68233 18752 4893 19327 12694 17441 67932 399 242 87
internal_count=956102 642632 1377 313470 196307 178866 641255 601404 569 309 260 227 51 84356 148453 80220 229 117163 683 556 516 323 290 176 30413 21184 2432 2410 116480 48548 2390 1217 17498 62722 125 517048 436823 17475 176 85 91 82 30104 713 41096 808 764 66 46158 40 29391 10548 68233 18752 4893 19327 12694 17441 67932 399 242 87
is_linear=0
shrinkage=0.05


Tree=44
num_leaves=63
num_cat=0
split_feature=15 13 12 12 12 0 1 25 13 12 6 8 1 11 3 22 11 9 11 3 3 17 9 11 3 0 13 11 8 11 0 23 12 0 0 12 22 0 1 11 12 0 0 0 0 8 0 23 0 11 17 3 13 24 12 12 23 0 25 21 12 8
split_gain=1.76475 3.00964 9.76218 0.750091 0.597519 0.374781 0.373346 0.391228 0.335232 0.283181 0.264695 0.243023 0.29422 0.295472 0.36727 0.978072 0.249499 0.886243 1.26067 0.932605 0.439359 0.232902 0.231343 0.310857 0.285471 0.21578 0.214471 0.212036 0.211919 0.245872 0.210917 0.205885 0.192723 0.186214 0.174564 0.171185 0.169599 0.243677 0.207724 0.255305 0.166866 0.165776 0.156727 0.33173 0.279368 0.152883 0.148841 0.146717 0.143936 0.240802 0.153565 0.295915 0.529762 0.262441 0.250216 0.231665 0.187687 0.187299 0.224356 0.141024 0.132198 0.20595
threshold=1.0000000180025095e-35 19.095279693603519 160.50000000000003 156.50000000000003 52.500000000000007 1471.5000000000002 2024.5000000000002 0.61260253190994274 0.10015773773193361 534.00000000000011 1.0000000180025095e-35 -0.87837970256805409 2024.5000000000002 -0.93301269412040699 1.5000000000000002 0.41666667163372045 0.25000000000000011 -0.56174489110708226 0.68301269412040722 3.5000000000000004 3.5000000000000004 1.0000000180025095e-35 -0.56174489110708226 -0.93301269412040699 3.5000000000000004 1985.5000000000002 0.098458569496870055 1.0000000180025095e-35 0.87837970256805431 -0.93301269412040699 2122.0000000000005 0.51123625040054332 367.50000000000006 1507.5000000000002 2255.5000000000005 50.500000000000007 0.050000002607703216 1.0000000180025095e-35 2024.5000000000002 -0.93301269412040699 110.50000000000001 1465.5000000000002 2016.5000000000002 1791.5000000000002 1671.5000000000002 0.87837970256805431 1599.5000000000002 47.941680908203132 7.5000000000000009 0.68301269412040722 1.0000000180025095e-35 3.5000000000000004 0.33701048791408544 0.44731126725673681 399.50000000000006 236.50000000000003 1.479938328266144 1661.5000000000002 0.37209869921207434 0.60714286565780651 251.50000000000003 0.87837970256805431
decision_type=2 2 2 2 2 2 2 2 2 2 2 2 2 2 2 2 2 2 2 2 2 2 2 2 2 2 2 2 2 2 2 2 2 2 2 2 2 2 2 2 2 2 2 2 2 2 2 2 2 2 2 2 2 2 2 2 2 2 2 2 2 2
left_child=1 3 4 8 45 59 10 9 35 28 21 -2 48 14 15 30 60 18 19 -18 -20 26 23 24 -9 -23 -5 -27 29 -8 -14 -11 -24 -33 -25 -1 38 -38 -37 -40 -16 -28 43 44 46 -3 -6 -19 49 -13 51 54 55 57 -50 -53 -56 58 -52 -4 61 -15
right_child=11 2 5 6 42 -7 7 22 -10 31 -12 12 13 16 40 -17 17 47 20 -21 -22 25 32 34 -26 27 41 -29 -30 -31 -32 33 -34 -35 -36 36 37 -39 39 -41 -42 -43 -44 -45 -46 -47 -48 -49 50 -51 53 52 -54 -55 56 -57 -58 -59 -60 -61 -62 -63
leaf_value=-8.7419125095715455e-05 6.3697845341609197e-06 0.005458688599033595 0.00077583060821439121 0.00010224473060839275 0.0035195600088918939 0.0044510612713814157 0.00078456430612436194 0.00024547124242172628 -0.00025167847237016677 0.00078789952902823951 -0.00022640898471170632 0.0037651995488916833 0.002842739553534937 -0.00029769830842751649 -0.00079082295743862171 0.00044985463961594335 0.00086326017961198547 3.4670410708874806e-05 0.0010588561457812058 0.0035241761048329062 -0.00030961219918702914 0.00011896592743092433 -0.00016919222735865822 0.00010276099904147956 0.0014422937492548835 0.0026811349233723768 -7.7762298012907542e-05 0.00031041836190084173 -8.3505505099927928e-05 0.00024488933383131657 -0.00093286119494336158 0.0017928133551581571 6.0127473281930881e-05 0.0058725939242011338 0.0025725061208237065 -4.9556717162938632e-05 0.001851843897535458 -0.00011855721158805294 0.00033634110390519715 2.4566745747660959e-05 0.00040438853883392148 0.00015216412794475569 0.0061744155364002323 -0.0014664991725989974 0.008917747930279659 0.007449928549445449 0 0.00090626518844185702 -0.00027030231070695923 -0.0011590450791255484 -0.00026953170158274545 0.0012558803071604256 5.4449946061323187e-05 0.00018982256385396002 0.00033298401462362938 0.00038145694351497564 -4.8131189064574493e-05 0.005990373853137324 0.0031897568875959704 -3.0275799930580882e-05 0.00020765436660610511 0.00055883986287338244
leaf_weight=278671 20196 674 611 27395 327 49 2331 1142 23889 538 12851 68 681 3085 313 1778 618 6080 1167 720 1171 29584 14627 14216 901 163 85569 237 4325 23485 37 115 24487 40 72 130370 157 51134 7243 70903 3899 8617 53 34 24 134 30 526 8291 37 95 1543 8421 35769 4720 1530 10186 26 88 4764 24389 906
leaf_count=278671 20196 674 611 27395 327 49 2331 1142 23889 538 12851 68 681 3085 313 1778 618 6080 1167 720 1171 29584 14627 14216 901 163 85569 237 4325 23485 37 115 24487 40 72 130370 157 51134 7243 70903 3899 8617 53 34 24 134 30 526 8291 37 95 1543 8421 35769 4720 1530 10186 26 88 4764 24389 906
internal_value=1.36477e-07 -2.75614e-05 0.00102778 -3.62641e-05 0.00496264 0.000101108 3.56515e-05 0.000119886 -6.8332e-05 0.000262689 -8.52133e-06 0.00016671 0.000194548 0.00029403 0.000600857 0.00108228 0.000240664 0.000451963 0.00107438 0.00229904 0.000371329 9.92024e-06 4.03804e-05 0.000198477 0.000775784 0.000134751 -2.08242e-05 0.00128941 0.000239506 0.000293815 0.00264111 0.00126362 -2.55009e-05 0.002881 0.000115574 -6.01887e-05 -3.09618e-05 -0.000112425 -1.08994e-05 5.35281e-05 0.000314367 -5.66733e-05 0.00351227 0.00315883 0.00358499 0.00579599 0.00321008 0.00010484 0.000130703 0.00198296 0.000127878 5.26213e-05 0.000260146 0.000200303 -4.99914e-05 0.000822172 7.22153e-05 0.00196908 0.00136748 6.04404e-05 0.000163933 -0.000101993
internal_weight=956102 819762 6700 813062 1276 5424 250695 86279 562367 30834 164416 136340 116144 45370 6708 2496 38662 10282 3676 1338 2338 151565 55445 16331 2043 29984 121581 400 30141 25816 718 693 39114 155 14288 538478 259807 51291 208516 78146 4212 94186 468 415 381 808 357 6606 70774 105 70669 34691 11494 35978 23197 3073 14906 209 183 5375 28380 3991
internal_count=956102 819762 6700 813062 1276 5424 250695 86279 562367 30834 164416 136340 116144 45370 6708 2496 38662 10282 3676 1338 2338 151565 55445 16331 2043 29984 121581 400 30141 25816 718 693 39114 155 14288 538478 259807 51291 208516 78146 4212 94186 468 415 381 808 357 6606 70774 105 70669 34691 11494 35978 23197 3073 14906 209 183 5375 28380 3991
is_linear=0
shrinkage=0.05


end of trees

feature_importances:
liaison_frequence=496
LiaisonId_code=346
Mois=289
liaison_cible_encodage_controles=274
mois_cos=195
Annee=150
jour_semaine_cos=147
mois_sin=141
jour_semaine_sin=139
JourSemaine=136
lag_1_controles=96
interaction_jour_liaison_controles=63
rolling_mean_30_controles=52
rolling_std_30_controles=46
rolling_mean_7_controles=37
lag_14_controles=31
rolling_std_7_controles=31
rolling_mean_14_controles=29
rolling_std_14_controles=29
lag_7_controles=22
EstRamadan=14
EstWeekend=9
lag_30_controles=9
lag_365_controles=9

parameters:
[boosting: gbdt]
[objective: regression]
[metric: rmse,l2]
[tree_learner: serial]
[device_type: cpu]
[data_sample_strategy: bagging]
[data: ]
[valid: ]
[num_iterations: 1000]
[learning_rate: 0.05]
[num_leaves: 63]
[num_threads: 2]
[seed: 42]
[deterministic: 1]
[force_col_wise: 0]
[force_row_wise: 1]
[histogram_pool_size: -1]
[max_depth: 8]
[min_data_in_leaf: 20]
[min_sum_hessian_in_leaf: 0.001]
[bagging_fraction: 0.8]
[pos_bagging_fraction: 1]
[neg_bagging_fraction: 1]
[bagging_freq: 0]
[bagging_seed: 400]
[bagging_by_query: 0]
[feature_fraction: 0.8]
[feature_fraction_bynode: 1]
[feature_fraction_seed: 30056]
[extra_trees: 0]
[extra_seed: 12879]
[early_stopping_round: 0]
[early_stopping_min_delta: 0]
[first_metric_only: 0]
[max_delta_step: 0]
[lambda_l1: 0.1]
[lambda_l2: 0.1]
[linear_lambda: 0]
[min_gain_to_split: 0]
[drop_rate: 0.1]
[max_drop: 50]
[skip_drop: 0.5]
[xgboost_dart_mode: 0]
[uniform_drop: 0]
[drop_seed: 17869]
[top_rate: 0.2]
[other_rate: 0.1]
[min_data_per_group: 100]
[max_cat_threshold: 32]
[cat_l2: 10]
[cat_smooth: 10]
[max_cat_to_onehot: 4]
[top_k: 20]
[monotone_constraints: ]
[monotone_constraints_method: basic]
[monotone_penalty: 0]
[feature_contri: ]
[forcedsplits_filename: ]
[refit_decay_rate: 0.9]
[cegb_tradeoff: 1]
[cegb_penalty_split: 0]
[cegb_penalty_feature_lazy: ]
[cegb_penalty_feature_coupled: ]
[path_smooth: 0]
[interaction_constraints: ]
[verbosity: 1]
[saved_feature_importance_type: 0]
[use_quantized_grad: 0]
[num_grad_quant_bins: 4]
[quant_train_renew_leaf: 0]
[stochastic_rounding: 1]
[linear_tree: 0]
[max_bin: 255]
[max_bin_by_feature: ]
[min_data_in_bin: 3]
[bin_construct_sample_cnt: 200000]
[data_random_seed: 175]
[is_enable_sparse: 1]
[enable_bundle: 1]
[use_missing: 1]
[zero_as_missing: 0]
[feature_pre_filter: 1]
[pre_partition: 0]
[two_round: 0]
[header: 0]
[label_column: ]
[weight_column: ]
[group_column: ]
[ignore_column: ]
[categorical_feature: ]
[forcedbins_filename: ]
[precise_float_parser: 0]
[parser_config_file: ]
[objective_seed: 16083]
[num_class: 1]
[is_unbalance: 0]
[scale_pos_weight: 1]
[sigmoid: 1]
[boost_from_average: 1]
[reg_sqrt: 0]
[alpha: 0.9]
[fair_c: 1]
[poisson_max_delta_step: 0.7]
[tweedie_variance_power: 1.5]
[lambdarank_truncation_level: 30]
[lambdarank_norm: 1]
[label_gain: ]
[lambdarank_position_bias_regularization: 0]
[eval_at: ]
[multi_error_top_k: 1]
[auc_mu_weights: ]
[num_machines: 1]
[local_listen_port: 12400]
[time_out: 120]
[machine_list_filename: ]
[machines: ]
[gpu_platform_id: -1]
[gpu_device_id: -1]
[gpu_use_dp: 0]
[num_gpu: 1]

end of parameters

pandas_categorical:[]
