tree
version=v4
num_class=1
num_tree_per_iteration=1
label_index=0
max_feature_idx=28
objective=tweedie
feature_names=Heure Annee Mois JourSemaine EstWeekend EstFerie EstRamadan EstVacances jour_semaine_sin jour_semaine_cos mois_sin mois_cos heure_sin heure_cos liaison_frequence liaison_cible_encodage_controles interaction_jour_liaison_controles lag_1_controles lag_7_controles lag_14_controles lag_30_controles lag_365_controles rolling_mean_7_controles rolling_mean_14_controles rolling_mean_30_controles rolling_std_7_controles rolling_std_14_controles rolling_std_30_controles LiaisonId
feature_infos=[0:23] [2024:2025] [1:12] [0:6] [0:1] [0:1] [0:1] none [-0.97492791218182362:0.97492791218182362] [-0.90096886790241903:1] [-0.8660254037844386:1] [-1:1] [-1:1] [-1:1] [166:17674] [0:1846.2699822380107] [0:401.32514734774065] [0:4089] [0:5072] [0:9800] [0:5864] [0:3844] [0:2285.28564453125] [0:3228.28564453125] [0:2693.36669921875] [0:2869.10400390625] [0:3506.93994140625] [0:2524.09326171875] [0:2405]
tree_sizes=6737 6814 6840 6848 6763 6744 6761 6840 6813 6909 6841 6896 6846 6892 6900 6932 6921 6937 6988 7000 6987 6965 6973 7017 7055 7030 7002 7082 7016 7021 7033 7045 7087 7062 7087 7083 7047 7122 7075 7121 7165 7105 7127 7124 7139 7137 7116 7119 7182 7095 7213 7103 7181 7133 7064 7101 7126

Tree=0
num_leaves=63
num_cat=0
split_feature=15 15 15 15 15 15 15 15 15 23 15 15 23 15 15 23 23 15 23 15 23 11 2 13 11 25 10 2 11 2 13 9 14 9 15 14 9 23 23 2 16 11 0 23 14 0 23 25 20 11 16 13 2 23 28 2 13 11 15 0 11 15
split_gain=1.34189e+08 6.23106e+06 5.50005e+06 789102 567538 567245 564998 130722 102980 69201.8 69053.4 63963.1 56786.3 52013 47287.7 37933.9 34240.3 31022.2 28018.6 23589.7 23433.7 21193.3 19307.9 31780.6 18522.8 17958.3 17042.1 18385.7 15745.5 21037.2 24753.3 15330.7 14004.4 12912 12642.2 12594.2 12505.4 15541.1 11976.1 11888.5 14421.9 11831.6 11746.4 11515.1 11136.9 10554.6 10514.9 10455.3 10056.4 9817.29 10779.3 10335.8 11145.9 9731.35 12107.6 9429.66 14711.5 9212.28 9202.56 8917.51 9262.73 8832.91
threshold=13.031780240831967 2.3003267973856212 48.893291391049807 104.24492360186515 0.5438784326984486 5.3598493408662913 24.469392948018903 165.67347240379698 8.5059984577076371 21.821429252624515 1.2680549082273567 41.06323319078853 53.964284896850593 0.17522012821503055 3.8124725261454491 35.035715103149421 370.96429443359381 18.339211070765078 66.250000000000014 74.775760425746668 18.250000000000004 0.6830127018922193 2.5000000000000004 -0.37940952255126015 0.6830127018922193 5.2485780715942392 0.68301270189221941 2.5000000000000004 0.6830127018922193 2.5000000000000004 -0.5 -0.22252093395631442 17655.500000000004 -0.22252093395631442 34.46516290726818 17132.000000000004 -0.22252093395631442 111.1428565979004 15.035714149475099 2.5000000000000004 3.2754160764652918 0.6830127018922193 4.5000000000000009 170.75000000000003 16031.500000000002 12.500000000000002 16.535714149475101 7.0912411212921151 411.50000000000006 0.6830127018922193 10.907577751196174 0.1294095225512602 6.5000000000000009 31.107142448425297 314.50000000000006 3.5000000000000004 -0.37940952255126015 0.6830127018922193 74.775760425746668 7.5000000000000009 0.6830127018922193 0.81228780926968436
decision_type=2 2 2 2 2 2 2 2 2 2 2 2 2 2 2 2 2 2 2 2 2 2 2 2 2 2 2 2 2 2 2 2 2 2 2 2 2 2 2 2 2 2 2 2 2 2 2 2 2 2 2 2 2 2 2 2 2 2 2 2 2 2
left_child=1 4 6 12 13 14 9 43 20 17 53 15 26 -1 25 21 -9 31 28 55 24 22 23 -8 39 57 32 -28 29 30 -10 44 -4 -11 -24 -23 -17 -38 -31 40 -7 -33 -30 -5 -2 -37 -15 -16 -46 50 -12 52 -52 61 -55 56 -14 -3 -34 -35 -61 -6
right_child=2 5 3 7 10 8 11 16 18 33 49 -13 19 46 47 36 -18 -19 -20 -21 -22 35 34 -25 -26 -27 27 -29 42 38 -32 41 58 59 -36 45 37 -39 -40 -41 -42 -43 -44 -45 48 -47 -48 -49 -50 -51 51 -53 -54 54 -56 -57 -58 -59 -60 60 -62 -63
leaf_value=0.72515617147443834 0.9029226512181161 0.80766360112388103 1.1028849328640669 1.2004891397604496 0.74755021697013213 0.87404861987423876 1.1445057705910635 1.2366735551740295 1.0147588294956127 1.0417980413660379 0.78199708114584443 1.1114803585994852 1.1848437531705787 0.73689772453092051 0.83230183519194023 1.1079516249865078 1.2597850237441959 1.000524671555493 1.0849092826771609 1.1860672338351099 0.9234597848477778 0.98223022743251054 1.0436180013598191 1.0061630301065201 0.84835835082163635 0.8263605123459774 1.1888397396160446 1.1353344954180997 1.0205752200324396 0.9135566886341161 0.91064695296265252 0.95953683129730571 1.1272263332958552 1.058315789895008 1.0812438212472333 1.0736475430062054 1.0656706433275833 1.1474850346738883 0.94695300901219415 0.87539573645352897 0.95523072487245608 0.91551518107604246 0.89691139437237766 1.2217455372960924 0.98424407115386758 1.0193041570857357 1.0548051955860331 0.85661983733386093 1.2200401810395574 0.76710126062777551 0.82791569828355072 0.80852374040297947 1.0560737449358228 1.2101486621768183 0.73416196092168973 1.1481903513490113 1.1114487479632089 0.7836078672442125 1.1615182246668281 1.0130890584588239 0.96517253033794237 0.75881799342353951
leaf_weight=15015771.18315351 4324.3953731060028 134519.76956474781 43058.586103916168 199946.47833383083 348312.6140692234 10819.792426586151 15608.366255044937 341227.50942969322 14522.315941929817 55419.678550362587 276866.27202880383 118523.9349271059 46732.233045578003 991071.1872420311 112124.92880904675 53584.551056981087 302355.44652462006 85821.077058434486 2679.9365758895874 137186.17247116566 24497.695935726166 12454.199634075165 71292.761028647423 5656.8034781217575 60485.966215729713 104081.28390085697 27326.928186178207 38962.951238393784 1983.9825149774551 95887.031311392784 9408.8305906057358 52831.135667920113 66618.924765110016 7957.8131662607193 32518.566158771515 14530.797182798386 52954.448526620865 6521.1127941608429 37288.108396291733 136095.16453659534 11067.447092533112 21469.239810109138 59859.406965732574 93617.580959558487 58119.358225464821 23222.058883190155 260.06810188293457 72965.441017627716 455.73871898651123 118790.34938955307 1232.0286574363708 11798.285729408264 946.58245635032654 260.96876001358032 273.55802297592163 97853.524937152863 8000.5277596712112 56521.737770438194 27726.613003015518 42545.496210813522 13224.779128670692 347407.40035748482
leaf_count=8257339 1616 62972 7556 15742 183809 4353 2095 14626 3817 13081 136652 19789 4404 533466 49750 9134 6033 23768 518 12762 8656 3675 16699 1535 25875 46794 2467 5584 510 34822 3444 16778 10083 1748 6404 2971 11246 856 12307 54572 3562 7755 22726 5398 17034 5999 58 30616 27 60385 552 5513 210 18 148 12777 1336 27807 3254 11253 4126 179451
internal_value=0.779914 0.735183 1.1505 1.20797 0.728282 0.860183 1.04073 1.23492 0.899571 0.993381 0.762924 1.08056 1.1568 0.725889 0.822076 1.06785 1.24753 0.976946 0.924218 1.17102 0.877088 1.05328 1.0643 1.10771 0.871888 0.80965 1.13657 1.15739 0.922251 0.930664 0.973827 0.962196 1.12652 1.02415 1.0554 1.02584 1.09043 1.07464 0.922908 0.880897 0.9151 0.946817 0.900879 1.20727 0.980363 1.04022 0.736981 0.841888 0.986079 0.779213 0.78416 0.827001 0.927058 0.753341 0.966578 1.15749 1.17412 0.800546 1.1373 1.00879 1.00173 0.753177
internal_weight=2.02374e+07 1.80578e+07 2.17965e+06 1.43061e+06 1.7113e+07 944809 749036 937147 464596 342169 1.10589e+06 406868 493466 1.60071e+07 480213 288344 643583 223021 221630 289772 242966 175284 125076 21265.2 218468 295123 203694 66289.9 218950 157106 23931.1 137200 137404 119148 103811 50207.1 113060 59475.6 133175 157982 21887.2 74300.4 61843.4 293564 62899.5 37752.9 991331 185090 58575.1 409634 290843 13976.9 2178.61 696255 534.527 152586 54732.8 191042 94345.5 63728.1 55770.3 695720
internal_count=10030313 9750702 279611 102022 9357601 393101 177589 41799 175162 97186 566738 80403 60223 8790863 217939 60614 20659 66978 78144 31279 97018 39378 26733 3630 88362 137573 28944 8051 77626 54390 7261 43210 20893 30208 23103 12645 21236 12102 47129 62487 7915 24533 23236 21140 18677 8970 533524 80366 17061 203312 142927 6275 762 363426 166 18517 5740 90779 13337 17127 15379 363260
is_linear=0
shrinkage=1


Tree=1
num_leaves=63
num_cat=0
split_feature=15 15 15 15 15 15 15 15 15 15 15 24 24 24 15 15 15 23 14 24 23 24 10 13 2 24 10 13 10 23 24 23 13 2 16 8 24 23 2 16 23 24 8 24 14 14 10 23 22 13 8 23 1 2 14 8 23 22 2 2 16 8
split_gain=1.16904e+08 6.35722e+06 5.75731e+06 873553 732782 591570 431445 159754 122754 96995.8 90136.6 77969.9 56555.9 55574.4 48627.2 44439.8 36931.1 23678.3 23428.7 22970.2 21925 20025.9 19902.4 33677.2 23598.8 19225.9 17964.9 26339 16986.6 16839.8 16219.4 15890.5 15155.5 16628.3 14734.4 18576.2 13718.8 13408.4 13033.5 12766.2 12432.9 12242.9 12147.9 12066.6 12021.8 11802.8 11532.8 11506.9 11200.7 10944.8 11905.7 10737.6 10514 10463.2 10245.2 10346.3 10058.8 10031.6 9979.52 13152.7 9810.31 14022.5
threshold=13.031780240831967 59.264869966140772 1.9381797164358681 165.67347240379698 29.613025284571467 4.9347144125480922 0.43816999097102521 104.24492360186515 20.911510359795638 8.5059984577076371 41.06323319078853 344.68331909179693 21.116666793823246 71.850002288818374 1.0738574520259025 3.2880902134745971 0.14398343986235088 34.464284896850593 15970.000000000002 61.650001525878913 21.821429252624515 13.583333492279055 0.68301270189221941 -0.5 3.5000000000000004 135.75000000000003 0.68301270189221941 -0.5 0.68301270189221941 35.035715103149421 17.550000190734867 704.42858886718761 -0.5 3.5000000000000004 5.4862023756871183 -0.8783796973249266 25.983333587646488 13.321428298950197 7.5000000000000009 63.976235375336096 31.107142448425297 75.283336639404311 -0.8783796973249266 17.94999980926514 17132.000000000004 15970.000000000002 -0.24999999999999994 137.92857360839847 245.07142639160159 -0.37940952255126015 -0.8783796973249266 120.25000000000001 2024.5000000000002 3.5000000000000004 17666.500000000004 -0.8783796973249266 0.32142858207225805 113.6428565979004 1.5000000000000002 2.5000000000000004 1.5250988836456381 -0.8783796973249266
decision_type=2 2 2 2 2 2 2 2 2 2 2 2 2 2 2 2 2 2 2 2 2 2 2 2 2 2 2 2 2 2 2 2 2 2 2 2 2 2 2 2 2 2 2 2 2 2 2 2 2 2 2 2 2 2 2 2 2 2 2 2 2 2
left_child=2 4 6 7 8 15 16 13 12 21 18 47 22 28 40 30 -1 45 -6 26 34 52 42 24 -24 39 44 53 36 38 60 -13 33 -30 -10 -36 -3 -17 56 -9 -8 -22 -2 -31 -12 -11 -32 -5 -15 -14 -51 -45 -7 -28 55 -47 -20 -19 -54 -60 -4 -62
right_child=1 3 5 11 10 9 14 25 20 17 19 31 49 48 -16 37 -18 57 29 -21 41 -23 23 -25 -26 -27 27 -29 32 43 46 -33 -34 -35 35 -37 -38 -39 -40 -41 -42 -43 -44 51 -46 54 -48 -49 -50 50 -52 -53 58 -55 -56 -57 -58 -59 59 -61 61 -63
leaf_value=-0.054785580903915526 0.18308137192334906 0.28620845732546996 0.0097543725248708264 0.41737411496767357 0.10262842856500412 0.059079826825375117 -0.030089756652331115 0.37651275481165092 0.17107125857209016 0.074032344855080687 0.25005925822720204 0.45800444340407065 0.18998298449383233 0.36132830492786167 -0.0083948625196913883 0.043260136684746216 -0.044587744386758013 0.17450772959261351 0.29438779079501709 0.32349656947630273 0.23874002703239228 0.11809500485811922 0.25142018627947077 0.14677546375097733 0.14864425516004404 0.41000664888645266 0.36290462113025179 0.27780912434670307 0.39521604488016632 0.4108208610549679 0.26812742757991775 0.4805179826281214 0.32373227353073863 0.30689809246300037 0.27061489484799112 0.20778816783605925 0.32609341334524894 0.088838756117173345 0.22037834689603464 0.40841769373181863 0.24367144756885459 0.31250635895499784 0.14233693501783998 0.26850395405806243 0.28904763247318427 0.14942596032590569 0.056713357327870306 0.43855561249897079 0.39728055405483387 0.27963273502866764 0.2123336093359813 0.33269299297447702 0.054827712298198085 0.29041163502835338 0.17549385924349664 0.11813062499167026 0.24972938091588404 0.30764066923717237 0.11947974157921573 0.082602422813166529 0.060185090086227216 0.019698553865030187
leaf_weight=14123084.308872819 21737.020642280579 27430.679621219635 190145.87603604794 89932.317574739456 2399.3222579956055 51847.507230401039 742601.08714032173 124018.92482352257 19787.517013549805 11852.284695863724 24233.741977214813 185460.47289919853 47908.740306138992 170103.36543703079 404630.37387895584 211953.09292209148 947363.02429616451 12315.83898639679 15291.925042629242 82995.60177397728 86998.737514972687 37982.948005914688 20295.858977794647 29815.571280956268 7707.1131439208984 134809.33722758293 23562.713957071304 24721.57698225975 23112.008452653885 1634.7684373855591 1066.5835146903992 135900.25695252419 28064.54540014267 6930.6159155368805 14426.038407087326 63843.721185922623 100906.25489640236 17465.903718233109 32315.924011707306 41994.795397520065 414.86337828636169 6015.2460391521454 115577.12918710709 80547.357040405273 107584.07855200768 31170.890919923782 1632.4055025577545 224008.54131102562 24842.62469291687 8005.9802238941193 36730.155303001404 7091.350841999054 25654.547314405441 6315.2694523334503 9703.5878856182098 173018.93688011169 72014.734805345535 1598.9028108119965 28346.584863901138 164507.06171119213 26144.263857483864 117529.00960767269
leaf_count=8159180 5652 4265 91163 4883 761 21297 401456 10384 5202 4424 4457 5049 12028 16466 205233 91861 532634 3400 2405 10558 17719 12981 4161 8728 2237 8148 2317 3982 1679 110 224 1704 3505 956 2640 14896 12536 6730 7119 2608 105 853 34541 14046 16563 9553 695 9023 1765 1402 8533 858 10637 963 2755 57774 13909 238 9607 62698 11180 54877
internal_value=-9.10487e-05 0.336724 -0.0443416 0.408021 0.23883 0.0656159 -0.0518941 0.368733 0.195051 0.102644 0.282439 0.450211 0.174423 0.347244 -0.0223417 0.0297609 -0.0541445 0.126505 0.257991 0.301614 0.22612 0.0840988 0.159149 0.183758 0.223135 0.395977 0.291871 0.315991 0.327726 0.259775 0.0181922 0.467525 0.350158 0.374843 0.209622 0.219368 0.317569 0.0467301 0.24751 0.384584 -0.0299369 0.243511 0.148787 0.27621 0.28188 0.122603 0.140268 0.432488 0.36591 0.206592 0.224378 0.273698 0.0793225 0.347583 0.125294 0.122908 0.257552 0.189808 0.0841256 0.0880229 0.0172052 0.027066
internal_weight=1.96091e+07 2.27707e+06 1.7332e+07 1.31751e+06 959557 1.11394e+06 1.62181e+07 682213 478849 547999 480708 635302 287778 381390 1.14765e+06 565937 1.50704e+07 239660 211295 269413 191071 308339 195133 57818.5 28003 300823 186417 54599.6 186444 208896 336518 321361 58107.2 30042.6 98057.3 78269.8 128337 229419 119623 166014 743016 93014 137314 89273.5 131818 225746 2698.99 313941 194946 92644.9 44736.1 87638.7 270356 29878 213893 204190 87306.7 13914.7 218508 192854 333819 143673
internal_count=10030313 279611 9750702 82971 196640 452094 9298608 62312 118592 195364 78048 20659 77282 41172 606794 256730 8691814 78144 39208 38840 41310 117220 55319 15126 6398 21140 28282 7262 22941 38447 158139 6753 6140 2635 22738 17536 16801 98591 23433 12992 401561 18572 40193 15014 21020 74506 919 13906 18231 21963 9935 14904 104239 3280 70082 67327 16314 3638 82942 72305 157220 66057
is_linear=0
shrinkage=0.05


Tree=2
num_leaves=63
num_cat=0
split_feature=15 15 15 15 15 15 15 15 24 15 15 15 15 24 24 15 15 22 24 22 24 24 22 9 11 2 12 25 6 14 11 2 12 11 14 2 26 11 11 24 24 24 24 12 11 14 14 15 22 27 27 9 27 25 24 26 14 16 21 16 9 16
split_gain=1.00642e+08 6.8682e+06 5.36296e+06 931775 796789 472542 439141 163342 144435 98310.8 77034.7 70327.4 49892.7 43055.6 41390.9 37404 35657.9 32164.6 29712.9 28961 23894.1 22669.2 21318.9 19726.6 18922.9 20489.7 20796 18048.9 17115 17079.8 16846.5 18601 22178.7 16169.3 15047.6 14909.6 14625 13935.7 13886.1 13503.9 13378.6 12866.9 12602.4 12167.7 11949.5 11810.2 11734.9 11660.9 11609.9 11604.7 11074.2 10759.6 10692.8 10511.8 10381.2 10221.1 10036.2 9461.48 9383.38 9144.7 8796.83 10878
threshold=13.031780240831967 74.775760425746668 1.9381797164358681 34.46516290726818 165.67347240379698 4.9347144125480922 0.42042820008430526 20.911510359795638 344.68331909179693 48.893291391049807 7.5823969632019175 104.24492360186515 0.88533128415300555 21.116666793823246 64.350002288818374 3.2880902134745971 0.14398343986235088 38.071428298950202 544.70001220703136 139.92856597900393 13.84999990463257 88.966667175292983 245.07142639160159 -0.22252093395631442 0.6830127018922193 2.5000000000000004 -0.9159756150367534 33.223628997802741 1.0000000180025095e-35 17664.500000000004 0.6830127018922193 2.5000000000000004 -0.9159756150367534 0.6830127018922193 15970.000000000002 2.5000000000000004 224.74526214599612 0.6830127018922193 0.6830127018922193 17.550000190734867 36.783332824707038 42.783332824707038 31.016666412353519 -0.9159756150367534 0.6830127018922193 17669.500000000004 17671.500000000004 1.4321105681845008 113.6428565979004 113.78726959228517 10.655876159667971 -0.22252093395631442 11.814684867858888 44.382799148559577 4.8500001430511483 49.623554229736335 17629.500000000004 7.483830398850162 725.00000000000011 2.1727581719491109 -0.22252093395631442 44.580369788364791
decision_type=2 2 2 2 2 2 2 2 2 2 2 2 2 2 2 2 2 2 2 2 2 2 2 2 2 2 2 2 2 2 2 2 2 2 2 2 2 2 2 2 2 2 2 2 2 2 2 2 2 2 2 2 2 2 2 2 2 2 2 2 2 2
left_child=2 3 6 7 11 15 16 13 36 27 38 21 -8 24 29 39 -1 23 -10 41 30 50 45 34 25 26 -2 33 59 53 31 32 -12 35 -9 43 -6 -25 55 44 -40 -13 -35 -5 -4 -16 -20 -14 -22 -19 57 -15 -36 -11 -17 -7 -30 -3 -52 -29 61 -38
right_child=1 4 5 9 8 10 12 17 18 14 20 19 47 51 22 54 -18 49 46 -21 48 -23 -24 37 -26 -27 -28 28 56 -31 -32 -33 -34 42 52 -37 60 -39 40 -41 -42 -43 -44 -45 -46 -47 -48 -49 -50 -51 58 -53 -54 -55 -56 -57 -58 -59 -60 -61 -62 -63
leaf_value=-0.054742283563658491 0.089934176627583448 0.42830164307967639 0.022078631272647996 0.15879671575973534 0.38626858633695982 0.075417604316518158 -0.031916448379786015 0.1022535593959461 0.43336712760016183 0.23662726678845677 0.040911289609063983 0.31128277020367423 -0.016804530483151177 0.19604409319572313 0.28813568244852189 0.034927489013124251 -0.044336867233006248 0.21494403201580986 0.44981252533897509 0.37610583106180673 0.12784172158732643 0.33824808124570371 0.36341159559763014 0.18893968237269329 0.11580366906663948 0.14020293309950019 0.21037412713246384 0.33291942406032404 0.34213530947836107 0.28137283169985994 0.078550815478307348 0.10093738112827211 0.16675955641326587 0.17617042442642808 0.16184402995635877 0.22796759767850744 0.36829745366819988 0.15136186224741385 0.051421423932541302 0.12503358893348712 0.31174019890749088 0.35067804009290637 0.23773360999953808 0.300570589865016 0.0012869475391729 0.32446927581277629 0.47601641054916621 -0.0017307264178393668 0.25588028976471761 0.25244049565481924 0.30970617496593317 0.16340554971735588 0.21681985622356398 0.26941327825069511 0.056627028289670679 0.11845307769316903 0.26760991124599237 0.11555854598633333 0.18588701174788633 0.24381621973522574 0.41726061888022009 0.4081025498311841
leaf_weight=13444655.601384878 4328.4523923397064 298.08322858810425 241352.17924201488 1713.2734751701355 97112.137667894363 180177.28604269028 612870.32520020008 3257.8142595291138 144817.1291680336 51602.15990281105 4157.8165459632874 23898.533795833588 341636.93201875687 46854.677688837051 100795.29897356033 150109.40170180798 877052.42755270004 67855.333742856979 78476.952931880951 134640.04507946968 85104.267503499985 106705.47024893761 12984.015356779099 87477.46867275238 62650.52024102211 124143.64759540558 20851.594676494598 2947.9220328330994 7412.8960385322571 102265.61046385765 66665.8265376091 135129.06104874611 22164.833550214767 23186.56267285347 9804.6199216842651 60626.445890665054 24002.93710064888 34370.899097919464 72793.345634698868 2870.3678306341171 496.83948922157288 156718.761282444 12962.547335863113 13007.056028366089 96830.182629704475 28758.008090734482 93969.659607887268 205459.89184272289 1808.1617755889893 29662.04993891716 110090.46362733841 54785.423647880554 90566.079632997513 46488.710496425629 87100.876910686493 14941.951527833939 11579.516006469727 1281.0872004032135 1552.4224772453308 125973.68480563164 138844.32570004463 60390.980172872543
leaf_count=8159180 1286 12 110298 350 4958 64294 342783 881 4139 7546 1514 2173 180456 9372 11174 63890 513095 11973 1667 7812 24444 8565 890 17489 17744 32185 4104 288 656 12116 22917 43012 5522 4626 2166 9641 1401 7908 28738 919 74 11155 1996 1451 46922 2616 947 103094 266 4379 10918 12591 16273 5855 34701 4583 1523 274 257 18707 5089 2458
internal_value=-0.000191924 0.301673 -0.0439337 0.219577 0.388396 0.059679 -0.0517085 0.1774 0.426154 0.264157 0.0914263 0.343412 -0.022119 0.151697 0.281727 0.0276474 -0.0541051 0.202357 0.450068 0.358552 0.108197 0.321711 0.302324 0.19198 0.138868 0.148545 0.189671 0.240931 0.252383 0.267074 0.0996967 0.108428 0.146882 0.225739 0.208017 0.238929 0.402471 0.17834 0.0717432 0.0170421 0.0531866 0.345466 0.198247 0.284071 0.0161255 0.296201 0.464092 -0.0111436 0.130506 0.22635 0.306125 0.178452 0.21145 0.252166 0.0428954 0.0787133 0.2967 0.174618 0.307985 0.245854 0.409519 0.396782
internal_weight=1.90551e+07 2.41171e+06 1.66434e+07 1.23891e+06 1.1728e+06 1.1617e+06 1.54817e+07 636609 637614 602304 583439 535185 1.15997e+06 313614 342894 578263 1.43217e+07 322994 317264 315257 315030 219928 142537 225477 211974 149324 25180 259410 147914 200356 228118 161452 26322.7 111496 103629 75346.8 320350 121848 268409 341053 73290.2 180617 36149.1 14720.3 338182 129553 172447 547097 86912.4 97517.4 113222 101640 100371 98090.9 237210 195119 18992.4 1579.17 111643 128922 223238 84393.9
internal_count=10030313 279611 9750702 217786 61825 452094 9298608 138351 20659 79435 195364 41166 626333 77282 40197 256730 8672275 61069 6753 21140 97675 20026 14680 44717 55319 37575 5390 39238 21174 25517 72965 50048 7036 18064 19320 11442 13906 25397 97689 158139 28812 13328 6622 1801 157220 13790 2614 283550 24710 16352 11461 21963 18439 13401 98591 68877 2179 286 11175 18995 8948 3859
is_linear=0
shrinkage=0.05


Tree=3
num_leaves=63
num_cat=0
split_feature=15 15 15 15 15 15 15 24 15 15 23 15 14 24 15 23 15 15 23 0 15 24 22 10 8 9 14 14 10 8 24 10 0 24 14 3 14 23 26 24 9 22 10 21 24 10 0 24 23 0 25 0 14 0 25 22 25 14 0 23 8 23
split_gain=8.58744e+07 7.20418e+06 4.46873e+06 1.0504e+06 873058 401587 342124 239000 138655 89728.2 80869.5 50290.5 42438.3 42282.2 41739.8 41006.2 40031.1 39581.6 38924.6 24906.4 24608.3 24547.3 24540.9 20109.5 17546.5 17479.4 17427.6 17363.2 16550.8 16486.2 17643.5 16070.9 26314.6 15750.7 14893.6 20852.7 17317.1 14724.5 16129.3 14420.4 14115.8 13948.6 13296.5 12688.5 12661.8 12501 19149.3 12956.9 11855.2 11768.9 11722.8 11606.2 11397.3 12605.2 11139.1 10895.9 10665.3 10422.9 10120.3 9980.45 9866.21 10240.7
threshold=11.712834224598932 74.775760425746668 1.6301629656892815 165.67347240379698 29.613025284571467 4.5658093373291395 0.33893012193934308 420.94999694824224 48.893291391049807 20.911510359795638 162.92857360839847 6.8380329228259908 17671.500000000004 21.116666793823246 104.24492360186515 137.92857360839847 0.77765035677879724 2.8201562500000006 45.464284896850593 8.5000000000000018 0.11260882731470968 47.416667938232429 224.3571472167969 0.68301270189221941 -0.8783796973249266 -0.22252093395631442 17669.500000000004 15970.000000000002 0.68301270189221941 -0.8783796973249266 75.283336639404311 0.68301270189221941 16.500000000000004 42.783332824707038 16205.000000000002 3.5000000000000004 17664.500000000004 7.4642856121063241 1.0000000180025095e-35 1.0833333730697634 -0.22252093395631442 128.71428680419925 0.93301270189221952 1092.0000000000002 16.383333206176761 0.68301270189221941 16.500000000000004 6.116666555404664 64.892856597900405 9.5000000000000018 3.7670195102691655 18.500000000000004 17671.500000000004 13.500000000000002 215.63298797607425 30.785714149475101 5.2982432842254648 17665.500000000004 17.500000000000004 17.035714149475101 -0.8783796973249266 82.678573608398452
decision_type=2 2 2 2 2 2 2 2 2 2 2 2 2 2 2 2 2 2 2 2 2 2 2 2 2 2 2 2 2 2 2 2 2 2 2 2 2 2 2 2 2 2 2 2 2 2 2 2 2 2 2 2 2 2 2 2 2 2 2 2 2 2
left_child=2 4 6 10 9 17 20 15 21 13 14 55 28 24 43 -5 -8 44 23 -14 -1 27 26 -10 51 34 -20 -6 -9 49 59 40 -33 -16 35 -17 -36 38 39 -13 -29 -12 -25 48 50 47 -47 -26 -3 -11 -4 -2 53 -35 58 -7 -19 -24 -30 -31 -15 -62
right_child=1 3 5 7 8 11 16 12 18 29 41 37 19 60 33 25 -18 56 22 -21 -22 -23 57 42 45 -27 -28 31 54 30 -32 32 -34 52 36 -37 -38 -39 -40 -41 -42 -43 -44 -45 -46 46 -48 -49 -50 -51 -52 -53 -54 -55 -56 -57 -58 -59 -60 -61 61 -63
leaf_value=-0.054783960814377697 0.13398040370016931 0.26212765826526513 0.001414294917237133 0.3437957353139805 0.072817597119644445 0.05778330804865444 -0.034401402302812953 0.42497400762041809 0.21230437581980147 0.13113124200867868 0.29857724762421556 0.067256771615909552 0.47188511702941727 0.18561442481796669 0.27009079638125522 0.37701113404780973 -0.015868735908122406 0.0256482071896891 0.24504392337101938 0.41562400645353503 -0.04624419141412664 0.22057735277719048 0.26398608685397296 0.26599554504393991 0.083834415471572485 0.38999866770942282 0.2811772994692161 0.20143252085786592 0.32382500269879688 0.14639789108741433 0.24324238479407445 0.23034931375881335 0.1691097478586909 0.32381232243865005 0.3911046372923162 0.2419490797753423 0.35005488972810339 0.10032254906868006 0.069740442048489074 0.12346375238612101 0.17463913677157317 0.34096547639631947 0.20847513161085995 0.058401624715924319 0.11776362326824158 0.14844580670865368 0.093875370874776473 0.11452730718996035 0.28657363882051745 0.21012437446629179 0.019896494369515193 0.19585609072019936 0.34792462502742083 0.2966914815702732 0.39281651137595597 0.11173115878534395 0.045386012813781101 0.34499741086478342 0.036124601382483155 0.16970215685515344 0.14380478765947868 0.21726187453985807
leaf_weight=12576015.138099909 35742.057092905045 88985.467232942581 241679.80512261391 100635.6467423439 2936.8391988277435 256937.08267498016 652301.79322338104 113113.4258685112 105298.0651102066 5531.8270649909973 22973.303026676178 17782.141265392303 78981.096947669983 20160.428462266922 26480.950921058655 5855.524178981781 526625.72873139381 174814.16325950623 159806.16676187515 26210.000901699066 904253.7741843462 121670.41137385368 6300.7749094963074 37373.084799289703 48305.582061290741 188460.63413667679 42188.64700460434 92272.232232570648 2250.7372608184814 82216.461540699005 6497.5652804374695 61956.789277553558 24473.220963001251 70192.444458007812 53089.367977619171 5584.7883639335632 49822.814180850983 152758.82174396515 127689.056838274 31856.124072551727 105238.67020320892 125389.7937412262 13745.760737419128 673.81433844566345 2644.6302127838135 48871.897495746613 23958.22802233696 119342.21328616142 112123.93352937698 31979.64088511467 133016.42504489422 9619.365448474884 19053.394602298737 110070.78646612167 28450.332620620728 9713.593421459198 112478.10380542278 10749.312585353851 353.77959489822388 104172.06042146683 97986.72339963913 4986.7274649143219
leaf_count=8018061 8261 8497 117026 4979 776 92355 380790 2429 13311 1089 1605 5806 606 3500 2214 221 282293 75263 16761 623 556443 15687 553 3608 13637 6265 3656 13571 115 16451 780 7821 3985 4275 1775 445 2285 43964 41305 8767 17157 6750 1695 125 831 10594 6393 30539 8928 4785 61341 1857 995 7777 868 2823 44826 613 48 18205 20514 795
internal_value=-0.000300078 0.263118 -0.0441817 0.351812 0.186552 0.0461243 -0.0519522 0.395234 0.221915 0.143189 0.302595 0.0758984 0.433717 0.12913 0.291558 0.371449 -0.0261229 0.0193918 0.243849 0.457867 -0.0542111 0.201757 0.257454 0.224797 0.118578 0.380639 0.252591 0.193775 0.416095 0.168145 0.162246 0.195026 0.213009 0.306326 0.365214 0.311081 0.371232 0.0889445 0.0791427 0.103329 0.187156 0.334402 0.250529 0.275031 0.00874496 0.113198 0.130495 0.105684 0.275757 0.198476 0.00797546 0.147102 0.31114 0.307252 0.383754 0.0597486 0.0333758 0.315062 0.284751 0.159423 0.153625 0.147362
internal_weight=1.85727e+07 2.65213e+06 1.59206e+07 1.22875e+06 1.42338e+06 1.26137e+06 1.46592e+07 652808 784010 639371 575944 596737 249359 408973 427581 403449 1.17893e+06 664633 375462 105191 1.34803e+07 408548 219045 156417 285839 302813 201995 286878 144168 230398 192886 283941 86430 225798 114352 11440.3 102912 330086 177327 49638.3 197511 148363 51118.8 201783 377341 240478 72830.1 167648 201109 37511.5 374696 45361.4 199317 180263 31054.8 266651 287292 17050.1 2604.52 186389 123134 102973
internal_count=10030313 298419 9731894 61825 236594 494307 9237587 20659 99194 137400 41166 195020 4689 96090 32811 15970 663083 299287 40197 1229 8574504 58997 21583 18614 71281 10991 20417 43310 3460 41310 35436 42534 11806 15261 4726 666 4060 99842 55878 14573 30728 8355 5303 17550 179198 61163 16987 44176 17425 5874 178367 10118 13047 12052 1031 95178 120089 1166 163 34656 24809 21309
is_linear=0
shrinkage=0.05


Tree=4
num_leaves=63
num_cat=0
split_feature=15 15 15 15 24 15 15 15 15 23 24 23 14 24 15 15 23 15 9 15 23 13 16 0 8 11 11 12 15 11 11 13 23 16 8 15 14 11 23 27 22 13 0 16 11 16 13 14 21 23 15 0 14 22 24 23 28 25 8 24 0 25
split_gain=7.29865e+07 6.88863e+06 3.72975e+06 1.25859e+06 762199 311881 293024 212419 166777 115781 113683 38141.6 38101.7 37419.8 36528.8 34604 33050.5 32748.2 31627.7 30974 26794.6 26286.5 23196.4 23616.8 25127.8 22238.3 33794.8 31355.1 19997.6 19029.6 21306.5 24359.7 18713 18580.5 34245.1 17370.1 17308.1 16814.1 15123.3 15094.6 14911.6 15496 16581.3 14903.8 14276.6 14247.3 16340.2 13721.4 13695.9 13565 13060.9 12974.2 12859.9 13009.7 12758.7 12596.4 12497.1 12449 11840.8 11827.7 11623.8 11616.1
threshold=10.587915746895389 104.24492360186515 1.4321105681845008 41.06323319078853 344.68331909179693 4.153881650683072 0.30023393219245847 20.911510359795638 165.67347240379698 704.42858886718761 82.099998474121108 170.75000000000003 17671.500000000004 22.883333206176761 59.264869966140772 2.3003267973856212 137.92857360839847 0.77765035677879724 -0.22252093395631442 6.3036548731642199 111.1428565979004 -0.5 63.976235375336096 8.5000000000000018 -0.8783796973249266 0.6830127018922193 0.25000000000000017 -0.9159756150367534 0.10581461722540562 0.6830127018922193 0.25000000000000017 -0.5 35.035715103149421 44.580369788364791 -0.8783796973249266 59.264869966140772 16205.000000000002 0.6830127018922193 132.50000000000003 605.48962402343761 144.50000000000003 -0.5 14.500000000000002 8.8443394472503023 0.6830127018922193 44.580369788364791 -0.5 17656.500000000004 831.00000000000011 42.321428298950202 14.790695415695417 15.500000000000002 17132.000000000004 245.07142639160159 28.816666603088382 7.4642856121063241 1105.5000000000002 13.233254909515383 -0.8783796973249266 16.383333206176761 8.5000000000000018 588.02767944335949
decision_type=2 2 2 2 2 2 2 2 2 2 2 2 2 2 2 2 2 2 2 2 2 2 2 2 2 2 2 2 2 2 2 2 2 2 2 2 2 2 2 2 2 2 2 2 2 2 2 2 2 2 2 2 2 2 2 2 2 2 2 2 2 2
left_child=2 3 6 7 8 15 28 13 11 21 14 22 -11 29 47 59 45 -8 32 -7 37 38 23 24 -3 26 49 -28 -1 30 50 -32 43 34 39 -12 -27 -20 -6 -18 -13 42 -42 -9 -17 -10 -47 57 -25 -16 -2 -36 56 -54 -39 -21 -37 -5 -24 -4 -14 -23
right_child=1 4 5 10 9 19 17 18 16 12 35 40 60 -15 25 44 33 -19 20 55 -22 61 58 48 -26 36 27 -29 -30 -31 31 -33 -34 -35 51 52 -38 54 -40 -41 41 -43 -44 -45 -46 46 -48 -49 -50 -51 -52 -53 53 -55 -56 -57 -58 -59 -60 -61 -62 -63
leaf_value=-0.054762430669132035 0.093244014926498558 0.18101044316418569 0.0010768867571055764 0.14687652383473754 0.10922304680206721 0.050248916792218268 -0.03454268346465178 0.1361248000859753 0.27596336590044634 0.39349199474017016 0.21882724194248901 0.26083626182025466 0.45718580951999588 0.13537581063159274 0.20012536050613983 0.03006030613427986 0.17364339595841571 -0.017230460117123793 0.14973744917316534 0.064349803799980884 0.2258805551433945 0.36521845281884446 0.33244583047656007 0.2487566139863906 0.29685388538691021 0.13721151610067825 0.17810235218858206 0.29575564107122326 -0.046759991270355905 0.086493813687302981 0.170106330251764 0.096387688787331879 0.18791730958562028 0.34511618985845433 0.34227152937659633 0.1979124989958583 0.20394502894050609 0.10597039330516461 0.3278881064728314 0.36610037767265935 0.29739010662915816 0.29563364511006357 0.37227305083214074 0.16951428640606678 0.0080844520961343407 0.27846621116567044 0.33073314848988483 0.19953540701702788 0.11772524969678769 0.22876782468639392 0.11696584922264562 0.30055435305172762 0.25018874082724263 0.28981896684649788 0.14820008512460819 0.084112100905886097 0.26635994809869107 0.18699782130561368 0.28106693806478555 0.12957611529240867 0.40358114802855954 0.39104867754838463
leaf_weight=11911262.140686631 121720.00026011467 5174.9654102325439 328219.1906003952 25761.642512321472 818.23000621795654 278403.4902946949 726547.55844044685 48526.375694990158 35023.92218542099 47290.118308544159 55238.194641113281 17566.764880180359 71927.526857376099 122807.50519371033 72509.098467826843 269361.29616832733 5569.8930635452271 437745.75561821461 200885.66142439842 185930.64496183395 9901.0368180274963 106484.55101585388 14568.551245689392 133819.76716804504 49135.711456775665 11285.108273983002 7170.9140830039978 26943.347142696381 835449.80822622776 113534.83834838867 28795.838735342026 18347.04155755043 88437.370790481567 165693.9362821579 47020.716482162476 20358.00084066391 69956.486443519592 46842.202631235123 23695.855600833893 1247.0456686019897 12931.26903629303 55005.235589504242 17273.475938796997 107402.4417181015 101850.69181966782 21432.972257137299 49515.981976509094 194873.12831258774 2024.8278942108154 96198.51632642746 110898.77767062187 30897.588766098022 150512.03506326675 24020.284083366394 28937.631930351257 142387.00326299667 9920.3468751907349 77539.483672142029 48778.763467788696 1800.495845913887 11779.135033607483 73692.796442508698
leaf_count=7977749 30625 433 161574 3505 73 98463 439448 8215 1831 979 5187 1077 548 22915 7421 112375 429 240220 31158 57824 975 2943 630 9033 2616 1430 732 1648 538097 29246 4841 4376 11035 5575 1630 1831 6841 9048 883 38 634 2726 535 15559 45749 1104 1948 21130 210 8278 24004 1351 11007 1327 4528 39965 657 9018 2752 513 214 1607
internal_value=-0.000411139 0.227761 -0.0444549 0.170727 0.330546 0.0362688 -0.0520447 0.134124 0.301286 0.392665 0.216226 0.277094 0.429373 0.111282 0.20395 0.013558 0.32547 -0.0280337 0.156329 0.0625173 0.145059 0.369173 0.266677 0.257946 0.285816 0.216781 0.225636 0.271025 -0.0542379 0.103759 0.110765 0.141417 0.169544 0.335375 0.316327 0.243713 0.194675 0.142167 0.32059 0.208856 0.302789 0.311437 0.340215 0.159123 0.0240307 0.302061 0.314944 0.191726 0.246804 0.216458 0.104553 0.32573 0.250424 0.255643 0.122097 0.0729205 0.220339 0.176992 0.292884 0.001778 0.449643 0.375783
internal_weight=1.81567e+07 2.93769e+06 1.5219e+07 1.88932e+06 1.04837e+06 1.30795e+06 1.3911e+07 1.04704e+06 712681 335688 842287 356279 130997 516104 582238 701232 356402 1.16429e+06 530933 606721 286567 204691 253503 190155 54310.7 284063 202822 34114.3 1.27467e+07 393296 279762 47142.9 244366 250429 84735.2 260049 81241.6 276665 24514.1 6816.94 102777 85210 30204.7 155929 371212 105973 70949 298174 135845 168708 232619 77918.3 204811 174532 75779.8 328318 30278.3 103301 63347.3 330020 83706.7 180177
internal_count=10030313 318336 9711977 276537 41799 516463 9195514 196525 34552 7247 80012 20646 1741 116007 60003 320211 13906 679668 80518 196252 45709 5506 15674 12292 3049 26350 18079 2380 8515846 93092 63846 9217 34809 9023 3448 20009 8271 44734 956 467 4972 3895 1169 23774 158124 4883 3052 33653 9243 15699 54629 2981 14822 12334 13576 97789 2488 12523 3382 162087 762 4550
is_linear=0
shrinkage=0.05


Tree=5
num_leaves=63
num_cat=0
split_feature=15 15 15 15 24 15 15 23 15 15 15 14 24 15 23 23 15 13 24 10 13 0 10 15 23 24 14 25 16 8 0 23 14 24 16 10 0 24 23 15 14 24 14 24 17 11 11 13 8 27 0 14 27 25 16 13 10 27 13 10 16 14
split_gain=6.19429e+07 5.9186e+06 3.55638e+06 962149 847514 300201 259910 163126 160422 157516 94277 60845 38283.3 37822.1 36593.4 33406.9 30283.2 28732.2 28692.6 28372.2 46751.6 29476 27350.1 24865.7 23121.5 22512.9 20669.8 20394.3 19581.7 31092.7 19484.6 16585.9 16546.9 16303.7 15810.1 15156.1 36232.5 20855.2 18269.2 14939.5 14832 14652.9 14347.3 14237 14209.8 14060.2 14879.1 13752.9 13432.7 13383.2 12879 12699.6 12420.3 12411 11966.7 14665.9 12465.7 12014.8 11452.2 11263.5 10955.7 10888.8
threshold=10.587915746895389 104.24492360186515 1.4321105681845008 41.06323319078853 344.68331909179693 0.25381195024605735 4.153881650683072 704.42858886718761 20.911510359795638 165.67347240379698 74.775760425746668 17671.500000000004 64.350002288818374 0.77765035677879724 298.25000000000006 132.50000000000003 2.3003267973856212 -0.5 21.116666793823246 0.68301270189221941 -0.37940952255126015 13.500000000000002 0.68301270189221941 6.8380329228259908 35.035715103149421 56.016666412353523 17665.500000000004 685.08245849609386 44.580369788364791 -0.8783796973249266 8.5000000000000018 106.82143020629884 17666.500000000004 221.16666412353518 5.4862023756871183 0.68301270189221941 17.500000000000004 544.70001220703136 445.07142639160162 0.073064127129388673 17671.500000000004 22.016666412353519 16174.000000000002 117.35000228881837 576.50000000000011 0.6830127018922193 0.25000000000000017 -0.5 -0.8783796973249266 605.48962402343761 15.500000000000002 17658.500000000004 199.34043884277347 4.647066831588746 44.580369788364791 -0.5 0.68301270189221941 257.58651733398443 -0.5 0.93301270189221952 2.1727581719491109 17664.500000000004
decision_type=2 2 2 2 2 2 2 2 2 2 2 2 2 2 2 2 2 2 2 2 2 2 2 2 2 2 2 2 2 2 2 2 2 2 2 2 2 2 2 2 2 2 2 2 2 2 2 2 2 2 2 2 2 2 2 2 2 2 2 2 2 2
left_child=2 3 5 8 9 39 16 17 18 14 12 22 19 -7 25 54 -4 40 34 41 21 -21 -9 60 32 26 -3 -14 29 49 -13 -12 45 -29 -2 37 51 -19 -38 -1 44 -5 -27 -30 -6 46 -10 -16 -36 -17 -31 -37 -28 -18 -11 56 -56 -57 -43 -22 -8 -24
right_child=1 4 6 10 7 13 23 11 24 15 31 30 27 -15 47 28 53 35 -20 20 59 -23 61 -25 -26 42 52 33 43 50 -32 -33 -34 -35 48 36 38 -39 -40 -41 -42 58 -44 -45 -46 -47 -48 -49 -50 -51 -52 -53 -54 -55 55 57 -58 -59 -60 -61 -62 -63
leaf_value=-0.054839414212839555 0.079518324199911214 0.17608706187255141 0.001685563625720334 0.13752110749424337 0.19213570556586498 -0.034881787904682098 0.037832273578220964 0.37767908263023414 0.1255813748381843 0.23782202631149021 0.20176772406035021 0.43526188602195515 0.19052209601178025 -0.016611071654422143 0.34417076587102979 0.14880142803188703 0.015118974026402644 0.33141318764322386 0.11701667910171472 0.18711489649207794 0.16382793029710987 0.2513043708117107 0.31550079450628982 0.067691005482874253 0.14974921148747386 0.19751161263487907 0.22387105627066078 0.33383512441736807 0.23866440090487595 0.30007968929730655 0.36711206151497855 0.22701921697807467 0.15310238073400856 0.028313459159700655 0.12479665844515933 0.28566103003242588 0.067617197564589657 0.37238533576397231 0.25476744267244128 -0.048591667491277774 0.30969969178697454 0.15541683577215912 0.24356930710747426 0.3067486525415668 0.31963352437798859 0.10783751251678518 0.16166980108124518 0.26862062582021895 0.0941351524780943 0.32274909211713571 0.26082159946739186 0.35185346088557373 0.32284589468360925 0.033669938379228097 0.21695084035975506 0.31304005233105014 0.30189296416020189 0.26433816588361297 0.1784833026093422 0.11023454208330746 0.055740961522081259 0.1991018586457356
leaf_weight=10973605.966329694 161406.17866420746 27883.925716876984 330442.66629242897 64800.730042934418 6872.2428202629089 824370.49594283104 153558.11402750015 36591.397223472595 184909.92703461647 35822.14995765686 186629.62560892105 71782.431875228882 220345.04930686951 431526.57143437862 9858.725980758667 6328.9682168960571 229474.83818018436 109889.95268344879 153744.35977101326 47526.934690952301 32569.377897262573 28679.295063972473 10596.060473442078 287431.59354805946 207175.60919642448 17941.098179340363 20119.15003824234 3886.3223376274109 8034.3538999557495 51779.781537055969 12289.360600471497 99828.530832767487 59229.998368024826 491.99223184585571 43838.065113306046 11111.52979850769 1918.1507244110107 43312.074493408203 4073.8323535919189 1048239.454885602 16485.710988044739 136667.69126749039 294937.07742357254 174567.745677948 3205.2301425933838 91779.986674547195 33782.277578115463 15498.613036155701 192960.29874396324 1339.9907007217407 35040.611228942871 20857.188490867615 3763.5865669250488 148510.16480696201 16422.900010108948 24607.668263435364 5862.6121120452881 26110.744274139404 88778.726701259613 14028.030523777008 192410.75888586044 2480.5094566345215
leaf_count=7722127 37996 1994 162087 7629 377 517681 53191 599 27308 1710 13967 548 18164 240220 274 447 99324 2710 26875 4121 3283 1907 272 79925 25593 1130 1228 146 338 1677 214 6059 7908 49 8410 352 136 761 144 715486 481 14265 15216 5380 98 15342 4367 668 42726 39 1406 447 136 58800 842 797 210 1060 8726 1696 63136 108
internal_value=-0.000520749 0.199456 -0.0440251 0.148912 0.291501 -0.0518647 0.0335497 0.355914 0.11794 0.262324 0.18674 0.399377 0.176037 -0.028604 0.239914 0.284971 0.0127419 0.329216 0.0986697 0.167001 0.187148 0.211272 0.355497 0.0568221 0.136377 0.235875 0.205329 0.192646 0.294191 0.275711 0.4253 0.210568 0.128883 0.299506 0.091586 0.335988 0.307699 0.342997 0.19486 -0.0542946 0.280485 0.158477 0.240928 0.303753 0.232691 0.124263 0.131156 0.297995 0.0998115 0.1792 0.284236 0.328848 0.23947 0.0224077 0.261495 0.273111 0.239298 0.287968 0.1645 0.147694 0.0477922 0.293423
internal_weight=1.78e+07 3.18044e+06 1.46196e+07 2.05306e+06 1.12739e+06 1.32777e+07 1.34183e+06 351466 1.12883e+06 775920 924232 133740 637774 1.2559e+06 390002 385918 708428 217726 551949 413051 122804 76206.2 49668 633400 576878 364645 51766.7 224723 277091 94489.4 84071.8 286458 369702 4378.31 398205 191163 37960.7 153202 5991.98 1.20218e+07 26563.2 290247 312878 182602 10077.5 310472 218692 25357.3 236798 7668.96 86820.4 31968.7 23882.7 377985 108826 73003.9 22285.5 50718.4 225446 46597.4 345969 13076.6
internal_count=10030313 318336 9711977 276537 41799 9195514 516463 7247 196525 34552 80012 1741 59986 757901 20646 13906 320211 5506 116007 41627 11007 6028 979 196252 80518 19704 3358 18359 9287 3569 762 20026 54925 195 89132 4550 1079 3471 280 8437613 956 30620 16346 5718 475 47017 31675 942 51136 486 3083 799 1364 158124 4619 2909 1052 1857 22991 4979 116327 380
is_linear=0
shrinkage=0.05


Tree=6
num_leaves=63
num_cat=0
split_feature=15 15 15 24 15 15 15 23 15 15 15 14 24 23 23 10 15 13 13 2 0 11 0 13 23 24 15 15 9 14 14 2 2 9 28 28 28 0 2 13 13 14 11 2 13 6 0 14 14 14 23 26 19 15 23 23 8 0 24 9 23 14
split_gain=5.26869e+07 5.08662e+06 3.0529e+06 845808 824334 263953 213539 196715 136345 108921 107652 80281.6 39103.2 32716.9 29412.5 28550 28337.3 28006.7 27333.7 24709.5 48501 48332.6 50865.7 32233.4 24629.9 24499 24191.8 23095.1 19319.8 20471.1 19666.8 18224.6 30053.6 22114.2 17779.7 17670.7 17270.3 17238.2 16585.5 41812.9 19191 16408.8 16001.3 28943.2 26608.1 15470.7 24050.9 15467.7 15369.3 15166.9 14813.6 14586.2 17700.8 14285.1 14016.8 18782.1 13996.1 13500.8 13410.5 13304.4 17631.6 12978.2
threshold=9.4980172170825909 104.24492360186515 1.2680549082273567 344.68331909179693 34.46516290726818 0.24377154534429582 3.5367159436308375 704.42858886718761 165.67347240379698 59.264869966140772 18.339211070765078 17671.500000000004 88.966667175292983 170.75000000000003 132.50000000000003 0.68301270189221941 0.59102817904440841 -0.37940952255126015 -0.5 3.5000000000000004 16.500000000000004 0.6830127018922193 13.500000000000002 -0.5 21.821429252624515 17.550000190734867 5.3598493408662913 2.1629835926621062 -0.22252093395631442 17664.500000000004 16205.000000000002 1.5000000000000002 2.5000000000000004 -0.22252093395631442 1099.5000000000002 1065.5000000000002 504.50000000000006 18.500000000000004 2.5000000000000004 -0.37940952255126015 -0.5 17669.500000000004 0.6830127018922193 2.5000000000000004 -0.5 1.0000000180025095e-35 14.500000000000002 17671.500000000004 17671.500000000004 17668.500000000004 78.392856597900405 436.40840148925787 898.50000000000011 0.073064127129388673 18.250000000000004 6.2500000000000009 -0.8783796973249266 17.500000000000004 46.216667175292976 -0.22252093395631442 98.892856597900405 17641.500000000004
decision_type=2 2 2 2 2 2 2 2 2 2 2 2 2 2 2 2 2 2 2 2 2 2 2 2 2 2 2 2 2 2 2 2 2 2 2 2 2 2 2 2 2 2 2 2 2 2 2 2 2 2 2 2 2 2 2 2 2 2 2 2 2 2
left_child=2 4 5 8 10 53 27 18 13 19 25 15 42 37 -10 -9 -7 -13 51 20 21 22 -6 49 -12 -2 -8 -4 29 30 -16 -20 33 -33 36 -17 -30 38 39 -3 -40 -31 43 44 -11 -15 -47 -39 -34 -21 -27 -5 -53 -1 55 -44 57 -19 -25 -26 -61 -62
right_child=1 3 6 7 9 16 26 11 14 12 24 17 -14 45 28 35 -18 56 31 23 -22 -23 -24 58 59 50 -28 -29 34 41 -32 32 48 -35 -36 -37 -38 47 40 -41 -42 -43 54 -45 -46 46 -48 -49 -50 -51 -52 52 -54 -55 -56 -57 -58 -59 -60 60 61 -63
leaf_value=-0.054799096223643956 0.075043262996754082 0.24888040429138114 -0.0016233561802937906 0.1908103080145378 0.16143900130081057 -0.036623618904151015 0.035182891761273385 0.33792309461941439 0.22594532136595166 0.23539475647741184 0.10250937948151964 0.41742324813292697 0.18964220539339285 0.22158042141972142 0.20210529663879342 0.28977439313101494 -0.021084550258072453 0.14287553291527258 0.33147091198982015 0.11461810044057011 0.10932768923960533 0.12495803195790792 0.23300977788605048 0.1376123211761219 0.13506052758512455 0.094610609797216139 0.054359734553382638 0.016722288116545875 0.26667927241004857 0.18596760785935071 0.27192758231592196 0.14600900238050457 0.29051045498731148 0.26682349717845771 0.28581259422324057 0.16559510730828458 0.2255251845770212 0.19590392941830387 0.1721779447772388 0.16420782475939222 0.20153197674830345 0.24172980908931146 0.14416942300843508 0.16225925297840096 0.15106377596995046 0.18697373780914461 0.31344780955440132 0.30754384683729619 0.33944260090303285 0.14604166699489066 0.16822834504173445 0.29097208427857407 0.17325935983795082 -0.048466373922752597 0.15722847097816015 0.055763798486717135 0.36850431926395838 0.36717358045171483 0.16419227981860629 0.10872213285924318 0.075600924882952586 0.20701620089755465
leaf_weight=10445906.156298041 385510.8088247776 40518.686166763306 363197.36186778545 9010.7253217697144 65005.022132396698 632660.11796915531 277828.46806812286 38795.259840965271 119362.39440441132 28187.749847412109 279779.05766892433 51221.890644073486 215639.76957082748 105224.82631015778 12517.605332374573 10281.015628814697 547118.87620508671 1408.1312122344971 30061.302304267883 163351.53438138962 41140.628239154816 41333.836266279221 40166.28177022934 99366.914151906967 131574.16341781616 167648.28215622902 403032.34809875488 325112.66815185547 80207.66180896759 24117.800626754761 51949.522708892822 5720.6195688247681 140992.62911701202 11213.681727409363 67385.138233184814 3972.4715452194214 37381.24293422699 5789.3208074569702 94314.165714263916 22778.190601348877 135966.11034107208 29134.558292388916 18691.837544441223 223837.45070934296 14000.826964855194 5545.9008378982544 11671.798199653625 6688.6129674911499 18114.614057540894 50204.615546703339 7124.0569019317627 15984.414951324463 3992.0513887405396 973536.77975344658 78236.589648246765 8854.2655448913574 32283.906377792358 1281.8421669006348 90852.767963886261 141611.72930765152 2457.8046159744263 7977.9342451095581
leaf_count=7722127 86282 1693 182787 380 5551 415009 99483 599 4619 1399 43563 344 12754 4416 544 227 322584 41 536 18048 4617 4399 2548 10577 15701 30339 116099 138981 2291 996 1489 237 3180 300 1729 153 1267 286 5193 1332 6971 971 1708 17140 1067 259 297 199 297 4784 883 414 162 694569 6124 980 361 16 7765 19705 309 632
internal_value=-0.000624936 0.172037 -0.0442274 0.254358 0.128245 -0.0519331 0.0266808 0.316988 0.226795 0.157453 0.0976022 0.364085 0.172703 0.206927 0.246966 0.315688 -0.0294174 0.39387 0.289092 0.142306 0.157298 0.170769 0.188773 0.135339 0.113035 0.0820831 0.0465345 0.00704192 0.255255 0.239419 0.258371 0.295487 0.289342 0.226012 0.265333 0.255167 0.253597 0.198188 0.195741 0.21841 0.18951 0.216476 0.162878 0.16942 0.207409 0.228771 0.272712 0.255749 0.296082 0.122006 0.0976115 0.243627 0.26745 -0.0542592 0.146428 0.115753 0.359373 0.249771 0.150308 0.123419 0.113344 0.176067
internal_weight=1.74958e+07 3.52744e+06 1.39684e+07 1.22489e+06 2.30255e+06 1.25992e+07 1.36917e+06 374335 850554 1.17887e+06 1.12368e+06 139245 587448 428498 422056 53048.7 1.17978e+06 86195.8 235090 591422 187646 146505 105171 403776 563401 560283 680861 688310 302694 117719 64467.1 206103 176042 16934.3 184974 14253.5 117589 306055 293577 63296.9 230280 53252.4 371809 266026 42188.6 122443 17217.7 12477.9 159107 213556 174772 28987.2 19976.5 1.14194e+07 105783 27546.1 34973.9 2689.97 190220 283622 152047 10435.7
internal_count=10030313 338674 9691639 41799 296875 9154289 537350 7247 34552 99461 197414 1741 41172 20646 13906 979 737593 762 5506 58289 17115 12498 8099 41174 79910 117504 215582 321768 9287 4000 2033 4550 4014 537 5287 380 3558 15674 15189 3025 12164 1967 28418 19606 2466 4972 556 485 3477 22832 31222 956 576 8416696 8812 2688 418 57 18342 36347 20646 941
is_linear=0
shrinkage=0.05


Tree=7
num_leaves=63
num_cat=0
split_feature=27 24 27 24 24 16 16 24 16 16 0 16 14 16 24 16 9 10 13 27 0 16 24 0 26 0 10 13 13 26 0 10 13 16 27 16 8 16 13 22 21 2 3 2 16 10 2 24 13 16 10 24 0 28 9 3 22 14 10 13 13 10
split_gain=4.32962e+07 4.43748e+06 2.33806e+06 917516 765102 439621 250775 190180 146784 133970 108176 100074 77198.8 74611.7 73993.2 65856.5 89211.1 65805.9 59294.6 57961.5 53987.1 50796.9 50791.2 48445.2 44095.7 41526.3 58987.1 61775.2 57171.8 39719 38803.8 43454.7 36333.2 35227.1 33546.1 32745.2 30781.3 28510.8 27642.6 27128.8 25799.5 30406.7 25421.3 24602.4 23730.5 23465.6 22092 21831.2 21782.1 21363.6 29763.9 20629.2 20256 20202.5 20090.2 29867.8 19680.5 27283.6 19610.2 19317.6 16775.3 16332.3
threshold=15.844521045684816 110.16666412353517 1.8853637576103213 27.35000038146973 544.70001220703136 1.5250988836456381 10.907577751196174 194.41666412353518 0.33515026023573585 30.592827262108496 8.5000000000000018 10.907577751196174 17671.500000000004 13.756348099058251 11.34999990463257 63.976235375336096 -0.22252093395631442 0.68301270189221941 0.60355339059327384 0.50571158528327953 20.500000000000004 0.46157835939993624 45.049999237060554 19.500000000000004 160.30290222167972 18.500000000000004 0.68301270189221941 -0.78656609248549325 -0.5 245.14466857910159 19.500000000000004 0.68301270189221941 -0.37940952255126015 2.3834848577922485 0.50571158528327953 3.6575148067762115 -0.8783796973249266 63.976235375336096 -0.5 245.07142639160159 106.50000000000001 2.5000000000000004 4.5000000000000009 2.5000000000000004 44.580369788364791 0.68301270189221941 1.5000000000000002 3.7500000000000004 -0.5 30.592827262108496 0.68301270189221941 50.283332824707038 7.5000000000000009 1099.5000000000002 -0.22252093395631442 3.5000000000000004 421.21429443359381 17658.500000000004 0.93301270189221952 0.1294095225512602 0.25881904510252057 0.68301270189221941
decision_type=2 2 2 2 2 2 2 2 2 2 2 2 2 2 2 2 2 2 2 2 2 2 2 2 2 2 2 2 2 2 2 2 2 2 2 2 2 2 2 2 2 2 2 2 2 2 2 2 2 2 2 2 2 2 2 2 2 2 2 2 2 2
left_child=2 3 8 6 7 21 14 39 34 22 12 23 -6 19 33 16 42 -12 40 -10 45 -4 -5 35 -18 26 28 43 51 -17 31 48 -29 -2 -1 -7 -32 59 -26 49 41 46 -9 -28 -44 -13 -15 -23 -8 50 -3 -11 54 -42 55 -14 -31 -58 -27 -33 -47 -20
right_child=1 4 5 9 10 11 30 15 13 25 17 20 52 18 -16 29 24 -19 61 -21 -22 47 -24 -25 38 58 27 32 -30 56 36 37 -34 -35 -36 -37 -38 -39 -40 -41 53 -43 44 -45 -46 60 -48 -49 -50 -51 -52 -53 -54 -55 -56 -57 57 -59 -60 -61 -62 -63
leaf_value=-0.054584327224012102 0.031579532685560227 0.17510798223495816 -0.022312092638202358 0.10989373620523402 0.26103492356031305 0.028842546509161661 0.093047247665647065 0.18859024419112635 -0.045826038657493538 0.1165069496368033 0.29604032704547983 0.083436789987132914 0.35626223008979641 0.095635461146555162 0.077714821619718877 0.19095282460383178 0.11876378939399185 0.19531460170752149 -0.041046727588979599 -0.02153367428210011 0.032499967777251344 -0.003128102052913809 0.13453989829769986 -0.0039115284712601455 0.17328686985067734 0.13589558498049023 0.19018867679563661 0.24813626468269026 0.19258917691454291 0.23843440258744791 0.13637883282031538 0.13798127814100566 0.18147158107122943 0.06011738082379238 -0.043195922342231831 0.055895964625350264 0.066470591214594629 0.20878480995624044 0.24107612797594574 0.20583070821204413 0.011698748721759997 0.025929321344106054 0.10244160541052068 0.12352481466624216 0.19074722448707593 0.15141972560058908 0.29236609884920112 0.026736923913002447 0.12394695353217489 0.18443148805019835 0.12414093768256305 0.14852456097224395 0.39020687703655349 0.37546805106725789 0.365462810054136 0.17358437501011392 0.22721512439052158 0.28680936177147653 0.067467062747011572 0.076181693989961205 0.062497351306063202 0.042493544558717525
leaf_weight=9797383.9770188332 186572.99089300632 93755.365315437317 430114.3574899435 366355.37947249413 19986.885005950928 276536.71985208988 184432.41107428074 83254.533781051636 762893.76735687256 71904.776078462601 78099.209510803223 61983.507896304131 5105.5427742004395 4688.2102578878403 402990.39420473576 32493.442646980286 8556.0647811889648 20465.61843585968 24847.429296731949 362098.93514692783 39465.621183991432 396122.37966382504 486836.98742651939 73465.226806402206 16543.765124320984 107996.15310502052 22824.496413230896 43995.402607440948 62565.454506874084 142716.47322845459 19393.952418923378 100152.09635746479 38177.187409877777 257225.76660180092 692331.92731845379 187822.02764189243 83718.611925959587 12826.673263072968 165447.83518028259 91327.73008275032 547.19221675395966 13781.654072165489 19862.30313205719 35164.773329496384 12332.328409194946 28276.620910644531 2051.5554112195969 72371.03925037384 82570.734046578407 238262.671230793 41250.735982179642 167541.09291553497 50351.632747650146 1261.9576721191406 20579.247177124023 3984.0342292785645 27849.834585189819 61906.654298782349 11594.716094732285 14473.278182268143 6528.8368662595749 7652.1703424453735
leaf_count=7584918 65275 4548 259675 42041 375 102099 24563 2881 558332 6267 1150 11123 43 1220 78570 1099 425 547 16112 217595 15701 202479 38458 37809 729 9358 1268 1868 2981 3618 3243 10550 1729 64599 494813 51246 17493 797 4314 3323 76 5447 976 2845 400 3318 535 26416 9923 10164 2591 10303 303 34 162 83 667 1191 1336 2545 1544 4220
internal_value=-0.00072069 0.143586 -0.0442392 0.108338 0.222397 0.0129907 0.078758 0.205157 -0.051952 0.136441 0.312301 0.0435131 0.348938 -0.0352312 0.0622044 0.224486 0.208684 0.275126 0.0217234 -0.0380071 0.0817884 -0.00990519 0.123957 0.0338162 0.229699 0.155402 0.162472 0.189279 0.15003 0.242735 0.10693 0.114069 0.217164 0.0481201 -0.0538327 0.039785 0.0796195 0.138089 0.234914 0.181404 0.0844507 0.0684922 0.174 0.149764 0.136268 0.101886 0.155524 0.00148532 0.102603 0.175427 0.159535 0.13891 0.370894 0.265453 0.338116 0.276196 0.249973 0.268319 0.129261 0.130178 0.13474 -0.0213766
internal_weight=1.72357e+07 3.99345e+06 1.32422e+07 2.75931e+06 1.23413e+06 1.57269e+06 1.34436e+06 1.03556e+06 1.16695e+07 1.41496e+06 198572 674079 100007 1.17982e+06 846789 570963 305997 98564.8 54830.2 1.12499e+06 136255 898608 853192 537824 190548 561764 442173 140162 302011 264966 497568 394455 82172.6 443799 1.04897e+07 464359 103113 127452 181992 464597 22330.6 20521.4 115449 57989.3 32194.6 96789 6739.77 468493 267003 373269 135006 239446 80020.5 1809.15 29668.8 9089.58 232473 89756.5 119591 114625 34805.5 32499.6
internal_count=10030313 435601 9594712 396012 39589 711410 277558 36926 8883302 118454 2663 222840 966 803571 208444 16300 9725 1697 27644 775927 31686 488570 80499 191154 5468 37955 27261 7710 19551 6575 69114 48378 3597 129874 8079731 153345 20736 13892 5043 20626 7312 7202 4257 4113 1376 15985 1755 228895 34486 17303 7139 16570 591 110 288 126 5476 1858 10694 13095 4862 20332
is_linear=0
shrinkage=0.05


Tree=8
num_leaves=63
num_cat=0
split_feature=15 15 15 15 24 15 15 15 15 14 15 23 10 22 9 16 17 23 8 28 16 22 16 26 15 14 8 20 10 9 9 8 28 16 9 15 27 23 28 28 2 27 16 9 2 10 24 11 2 16 27 25 24 11 8 28 21 2 23 14 16 15
split_gain=3.90111e+07 3.68433e+06 1.95404e+06 709515 671084 179895 155149 140814 127232 95403.2 64713.9 63399.8 58875.4 38376.1 35999.8 33138.7 33320.3 29790.7 27175.3 26725.4 23798.5 22266.8 21977.8 21897.8 21810 21677.4 21366.7 45914.2 21005.9 23723.7 19762.5 19475.7 18772.9 18190 22550 17892.5 17872.4 17266.8 17070.9 16289.1 18533.4 18158.5 15624.9 15112.3 13718.9 18894.5 13552.6 14034.6 18653 17286.5 13424.7 21539.4 13406.1 13366.2 13200.6 12622.8 12383 12335.5 12179.6 12134.7 11726.7 11718.5
threshold=6.3036548731642199 104.24492360186515 0.81228780926968436 24.469392948018903 544.70001220703136 165.67347240379698 2.3003267973856212 0.20590529503533087 48.893291391049807 17671.500000000004 14.790695415695417 260.82142639160162 0.68301270189221941 710.28570556640636 1.0000000180025095e-35 63.976235375336096 1179.0000000000002 102.57143020629884 -0.8783796973249266 1065.5000000000002 44.580369788364791 300.35713195800787 63.976235375336096 369.26918029785162 4.153881650683072 16174.000000000002 -0.8783796973249266 2422.0000000000005 0.68301270189221941 -0.22252093395631442 -0.22252093395631442 -0.60785761079279388 511.50000000000006 30.592827262108496 -0.22252093395631442 1.4321105681845008 18.153765678405765 298.25000000000006 828.50000000000011 1099.5000000000002 5.5000000000000009 605.48962402343761 17.449615571293052 -0.22252093395631442 4.5000000000000009 -0.6830127018922193 13.583333492279055 0.6830127018922193 2.5000000000000004 2.9359887117646672 605.48962402343761 685.08245849609386 145.6166687011719 0.6830127018922193 -1.0000000180025095e-35 454.50000000000006 2287.0000000000005 2.5000000000000004 220.57143402099612 17666.500000000004 10.907577751196174 74.775760425746668
decision_type=2 2 2 2 2 2 2 2 2 2 2 2 2 2 2 2 2 2 2 2 2 2 2 2 2 2 2 2 2 2 2 2 2 2 2 2 2 2 2 2 2 2 2 2 2 2 2 2 2 2 2 2 2 2 2 2 2 2 2 2 2 2
left_child=2 3 7 10 5 15 35 -1 30 12 46 20 37 44 22 18 28 33 42 -14 39 36 31 -16 -8 -20 27 -15 29 -17 54 -13 -24 61 59 -4 -22 -6 -30 40 -7 -41 -3 -12 -11 -46 47 48 49 -2 51 55 -27 -36 57 -19 -28 60 -53 -35 -5 -10
right_child=1 4 6 8 9 11 24 -9 17 13 43 14 19 26 23 16 -18 50 25 -21 21 -23 32 -25 -26 52 56 -29 38 -31 -32 -33 -34 34 53 -37 -38 -39 -40 41 -42 -43 -44 -45 45 -47 -48 -49 -50 -51 -52 58 -54 -55 -56 -57 -58 -59 -60 -61 -62 -63
leaf_value=-0.054231895449301772 0.042887863811264464 0.035912773730083829 -0.014244500322733854 0.10067588695297086 0.11773699105655772 0.13650667708855108 0.018293821067123569 -0.033854830310834638 0.10974498909783503 0.18179289548658004 0.088553282911803782 0.12229139610129952 0.20651032901811284 0.073683546992595716 0.19112439598838404 0.18547435098757237 0.31451044932149541 0.15696282878290954 0.10973175528773145 0.091646962802168233 0.33031575298666599 0.2269541040742051 0.23109019453554969 0.23730615945674871 0.035900471445295859 0.14885832510160926 0.31813398938981563 0.33239747335524916 0.17129306461808125 0.13350530480599909 0.093541738400277019 0.18686089871810993 0.18886644660483282 0.13455012307134373 0.12750054961807442 0.0016395652213603167 0.18233196082839417 0.26435645617778131 0.23451005993899832 0.22492467611795927 0.17740143760418575 0.090601748945378424 0.12344892024812777 0.071218811208230107 0.12038565028742204 0.29380664510315424 0.066437642820666484 0.038060817515971491 0.051418033614499717 0.10164839881425095 0.064649114340470049 0.15864658772245843 0.16990847612874749 0.095922095801322715 0.095525663842266684 0.13278022536522793 0.36335249915957263 0.11012595758228763 0.27976195649575536 0.16383394640566296 0.15270583942399865 0.12889254383700174
leaf_weight=10264170.457855463 18482.593560218811 5870.4940481185913 382491.71991765499 15301.439907073975 2058.8955688476562 58367.120995521545 396285.75415182114 924151.29846441746 272708.62463188171 5928.3526000976562 232460.62026715279 14680.81275844574 16948.13530921936 2639.9197292327881 32287.202646255493 42964.475125312805 4290.3818979263306 86246.50389957428 26260.616227149963 7222.6257181167603 2059.9608421325684 34536.825143814087 51565.195864677429 125295.02097511292 316267.42005443573 195730.97424602509 58183.542816162109 4895.001989364624 22257.18861579895 44925.380692481995 432231.86538553238 57126.137994766235 53793.686359405518 94320.159128665924 124300.0846529007 330467.50477194786 215401.16212844849 81824.044748306274 20533.896572113037 16974.489866256714 52746.829074859619 2954.265172958374 38743.67414188385 273879.43212938309 1794.6742286682129 12597.27543258667 205445.04333972931 144582.84918570518 286128.33670425415 38776.846911430359 5356.7441282272339 3872.2713317871094 123297.70994377136 45882.000904560089 116256.74177980423 144198.58634471893 20478.41622543335 191964.42652583122 4476.1410207748413 56618.739497184753 37068.960966110229 113038.32784414291
leaf_count=8337028 4417 336 220842 1574 47 2035 158124 637644 20339 118 33135 502 350 56 742 1496 75 4190 1333 234 34 738 989 2314 98463 8551 458 35 796 1850 45633 1388 1220 6086 7899 162087 5965 1083 562 434 1581 103 1784 43536 34 133 39386 37665 68549 7012 293 154 4310 3412 11681 7687 113 18528 118 3240 2987 6805
internal_value=-0.000804803 0.127372 -0.0455242 0.0951828 0.192393 0.178294 0.00960859 -0.0525488 0.115544 0.274049 0.0655877 0.194562 0.240946 0.307629 0.210458 0.156047 0.1774 0.127875 0.148654 0.172188 0.18067 0.189657 0.194993 0.227844 0.0261086 0.153399 0.322201 0.241758 0.172899 0.15891 0.100752 0.17366 0.209532 0.122674 0.131466 -0.00688199 0.183734 0.260758 0.201629 0.163386 0.15592 0.205013 0.111931 0.0791771 0.245813 0.272182 0.0556646 0.0511289 0.0566312 0.0826815 0.142933 0.144689 0.156994 0.118987 0.109395 0.141831 0.329906 0.115994 0.223588 0.145535 0.137504 0.115356
internal_weight=1.70147e+07 4.40083e+06 1.26138e+07 2.9436e+06 1.45723e+06 1.24266e+06 1.42551e+06 1.11883e+07 1.74384e+06 214571 1.19976e+06 717789 108054 106517 334748 524875 134971 951018 389903 24170.8 383041 251998 177166 157582 712553 345289 86196.9 7534.92 130681 87889.9 792823 71807 105359 706868 321121 712959 217461 83882.9 42791.1 131043 111114 19928.8 44614.2 506340 20320.3 14391.9 693416 487971 343388 57259.4 244150 238794 319029 170182 360592 230445 78662 244335 8348.41 150939 52370.4 385747
internal_count=10030313 416125 9614188 374326 41799 39138 639516 8974672 140626 2661 233700 18045 1714 947 7155 21093 4779 60223 16314 584 10890 6737 4099 3056 256587 14194 662 91 4704 3346 80403 1890 2209 47781 20637 382929 5999 1130 1358 4153 3616 537 2120 76671 285 167 157029 117643 79978 11429 12442 12149 12861 11311 34770 11877 571 23089 272 9326 4561 27144
is_linear=0
shrinkage=0.05


Tree=9
num_leaves=63
num_cat=0
split_feature=24 24 24 24 24 16 14 0 24 16 16 16 16 16 10 24 13 10 13 13 13 13 16 13 16 14 24 24 0 25 22 24 14 9 20 8 0 8 16 10 0 16 9 0 10 2 21 28 9 2 28 2 16 19 9 16 9 14 2 2 14 13
split_gain=3.23678e+07 3.06945e+06 1.53884e+06 806574 440170 358451 175530 160031 157909 139825 128635 86345.3 71391.2 70466.7 54038.9 52677.3 45286.3 43487.8 43158.6 43987.7 45489 41087 40317.2 39375.3 37590.3 35347.7 35043.1 34187.5 33951.6 33465.3 33081.3 28150.4 24411.4 23749.8 23783.3 27130.9 23558.6 23601.5 22994.6 21096.8 29677.1 20018.5 19958.2 19899.6 19248.5 18693.7 23483.4 18663.4 18520.7 18475.5 18444.7 18012.3 17599 17538.8 17431.3 28115.2 16938.1 16566.1 16109.4 18102.6 25841.8 15989.7
threshold=3.6166666746139531 64.350002288818374 0.41666667163372045 344.68331909179693 13.583333492279055 1.5250988836456381 17671.500000000004 8.5000000000000018 158.26667022705081 0.33515026023573585 4.778097130446838 17.449615571293052 13.756348099058251 10.907577751196174 0.68301270189221941 0.11666667088866235 0.60355339059327384 0.68301270189221941 1.0000000180025095e-35 -0.78656609248549325 -0.70710678118654757 0.37940952255126048 0.41237671939839493 0.60355339059327384 30.592827262108496 17666.500000000004 27.35000038146973 544.70001220703136 8.5000000000000018 215.63298797607425 386.92857360839849 0.050000002607703216 17651.500000000004 -0.22252093395631442 3530.5000000000005 1.0000000180025095e-35 8.5000000000000018 -0.8783796973249266 44.580369788364791 0.68301270189221941 18.500000000000004 30.592827262108496 -0.22252093395631442 8.5000000000000018 0.68301270189221941 2.5000000000000004 106.50000000000001 249.50000000000003 -0.22252093395631442 1.5000000000000002 1194.5000000000002 6.5000000000000009 1.3139586716337124 2339.5000000000005 -0.22252093395631442 63.976235375336096 -0.22252093395631442 17665.500000000004 2.5000000000000004 1.5000000000000002 17658.500000000004 -0.37940952255126015
decision_type=2 2 2 2 2 2 2 2 2 2 2 2 2 2 2 2 2 2 2 2 2 2 2 2 2 2 2 2 2 2 2 2 2 2 2 2 2 2 2 2 2 2 2 2 2 2 2 2 2 2 2 2 2 2 2 2 2 2 2 2 2 2
left_child=2 4 9 8 10 22 14 33 24 31 52 26 15 21 27 58 45 42 19 -19 -21 32 -4 44 36 41 -6 54 -26 51 43 -1 -7 34 35 -8 37 47 48 -30 -41 56 61 -16 -15 49 -47 -3 -31 -14 -48 -10 -2 -40 55 -5 -12 -32 59 -11 -61 -13
right_child=1 3 5 6 11 13 7 -9 29 12 25 17 16 23 30 -17 -18 18 -20 20 -22 -23 -24 -25 28 -27 -28 -29 39 38 57 -33 -34 -35 -36 -37 -38 -39 53 40 -42 -43 -44 -45 -46 46 50 -49 -50 -51 -52 -53 -54 -55 -56 -57 -58 -59 -60 60 -62 -63
leaf_value=-0.054858155098531994 0.020433503605283929 0.21324846984485327 -0.026853232649172387 0.12819762624187397 0.068885396380951314 0.026889835350514171 0.18740918345574475 0.19168527198505028 0.12879000882901251 -0.044675616470556873 0.068741199882165788 0.093700779766270337 0.087694261267182327 0.067680576821191954 0.15766229317913949 -0.018567054074175745 -0.019296576632712819 0.10277732582254806 0.080242289052017191 0.22064580966800978 0.13591465093912286 -0.0051343536037044002 -0.0061719746934389445 0.022696442387850228 0.183368003778796 0.1019768737335599 0.088524578192362549 0.22499439442412594 0.12316282916524764 0.12929886838700433 0.18825307003675507 -0.046751293104562219 0.062242142435579656 0.31392352572594384 0.33523019358820461 0.293291589134278 0.10417577367673232 0.13514857802395905 0.17349180102725026 0.15185956543228196 0.081565470139105922 0.085960433400590383 0.084059576959451501 0.07121737427067408 0.11676264625639704 0.022216596685644623 -0.0098163337054350853 0.059414063909951104 0.16366511240288567 0.25693488036781709 0.36429854530963435 0.15855859193376867 0.038627914677112136 0.31133251498960346 0.20013209420262057 0.19590116852749409 0.046793483352513481 0.10811871951883821 -0.048640682536758711 -0.019105740749723071 0.10093090116861062 0.11957624090661233
leaf_weight=8202301.2715549469 205965.35009539127 2222.5784635543823 466107.85426092148 27422.613603591919 459964.57883214951 287541.14529585838 13124.444679260254 61956.523447036743 130606.94044685364 91472.64883685112 163559.03035926819 159674.25555992126 5841.343287229538 50305.250896811485 11738.060483932495 266559.30639088154 30535.947785139084 83259.811162590981 56478.137847304344 19342.99005317688 87485.63799726963 89353.334587931633 476631.70019376278 33064.85075545311 31260.184175014496 62920.027136445045 448753.62310576439 92126.922988891602 371354.85328483582 63271.863274097443 44716.857128143311 1231630.8758027554 58820.646829009056 60527.539653778076 8079.7982940673828 11226.260746002197 272360.5169095993 144530.94780683517 234605.30572319031 147305.15748119354 16719.923081874847 71457.5012165308 281113.9460811615 15382.212550163269 33132.435995221138 14663.117472410202 506.9505627155304 17460.093176364899 103086.40610551834 2227.6467357873917 940.7400541305542 83186.764226913452 374711.17179715633 2330.8183870315552 94655.10901260376 34789.994901657104 190064.86078608036 7537.3501100540161 552898.27360796928 58981.852596998215 4852.4664431810379 95368.16605257988
leaf_count=7013977 75526 95 307723 636 71690 97822 151 1012 4358 69462 30240 12757 1269 8204 258 165763 19813 6695 6471 837 4549 47848 253291 13740 919 8195 44241 1130 16584 2208 873 995596 13255 344 39 72 16120 6904 5541 5735 980 9642 25422 556 3772 5493 64 1047 2837 536 12 2418 105425 31 1552 580 38528 214 442837 45591 2871 7962
internal_value=-0.000878964 0.107874 -0.0451107 0.153372 0.0731972 0.00234109 0.210063 0.253934 0.136463 -0.0518904 0.0480771 0.0890685 -0.0343934 0.0343308 0.189365 -0.037513 0.0211812 0.101241 0.11862 0.130023 0.151257 0.025095 -0.0163972 0.0688723 0.124221 0.0669998 0.0785839 0.200818 0.132717 0.156366 0.15344 -0.0537998 0.0328935 0.295423 0.260892 0.236225 0.113195 0.128153 0.164844 0.129759 0.144694 0.0618225 0.0932484 0.108633 0.0871708 0.0722994 0.0411855 0.0767864 0.150595 0.134421 0.233296 0.140373 0.0321744 0.174848 0.186619 0.166059 0.0569448 0.176695 -0.0446439 -0.0304154 -0.00998074 0.103376
internal_weight=1.68221e+07 4.86371e+06 1.19584e+07 2.10359e+06 2.76012e+06 1.49496e+06 483284 154915 1.6203e+06 1.04634e+07 1.06868e+06 1.69144e+06 1.02948e+06 552218 328369 974765 54715.7 782723 246567 190088 106829 435715 942740 116503 1.00321e+06 488001 908718 248995 566640 617088 79374.5 9.43393e+06 346362 92958 32430.5 24350.7 436574 164214 403294 535380 164025 425081 536156 27120.3 83437.7 24179.8 16110.8 19682.7 166358 8068.99 1447.69 213794 580677 236936 156868 62212.6 353624 52254.2 708205 155307 63834.3 255042
internal_count=10030313 521374 9508939 73194 448180 745655 7417 1618 65777 8763284 267556 180624 753711 184641 5799 726524 27187 64693 18552 12081 5386 158925 561014 25716 48384 86605 115931 3898 24218 17393 1901 8009573 111077 606 262 223 24166 8046 10617 23299 6715 78410 46141 814 11976 7374 5569 1142 5045 1805 76 6776 180951 5572 2768 1216 68768 1087 560761 117924 48462 20719
is_linear=0
shrinkage=0.05


Tree=10
num_leaves=63
num_cat=0
split_feature=27 24 27 24 16 16 14 0 24 16 24 16 16 24 16 0 13 13 27 16 0 13 2 9 16 27 12 12 22 12 3 16 21 0 13 3 16 2 21 16 16 9 3 9 26 0 0 11 11 0 2 2 14 23 13 0 3 16 26 24 25 21
split_gain=2.84688e+07 2.47163e+06 1.35906e+06 631221 405843 244733 145002 135367 119201 110060 92984.6 90848.5 64180.3 51672.2 43668.1 43005.8 41785.5 40975.9 31142.2 30648.2 30475.2 28745.6 28650.7 28559.5 28427.3 27815.8 26922.5 26497.9 25634.4 25463.9 25322.5 38321.5 28694.5 25153.4 24480.4 24227 23475.8 22763.1 24157 22703.3 22217.9 21025.9 26209.6 20327.5 20210.6 19387.3 19002.8 18278.3 18013.5 17496.3 17474 18130.3 22395.6 17403.3 17157.8 16746.8 16246.1 16235.5 16057 26805.6 20827.7 15813.2
threshold=9.9111280441284197 64.350002288818374 1.3605675101280215 344.68331909179693 4.778097130446838 1.2228625857072883 17671.500000000004 8.5000000000000018 158.26667022705081 0.33515026023573585 12.88333320617676 22.844017155724785 13.756348099058251 17.550000190734867 7.483830398850162 19.500000000000004 0.60355339059327384 -0.60355339059327384 0.35544712841510778 0.27736640293594622 19.500000000000004 0.60355339059327384 3.5000000000000004 -0.22252093395631442 30.592827262108496 0.35544712841510778 0.78656609248549325 0.78656609248549325 208.85713958740237 0.78656609248549325 5.5000000000000009 63.976235375336096 341.50000000000006 7.5000000000000009 -0.5 4.5000000000000009 44.580369788364791 5.5000000000000009 1176.0000000000002 1.0703238949897103 63.976235375336096 -0.22252093395631442 3.5000000000000004 -0.22252093395631442 701.90625000000011 8.5000000000000018 16.500000000000004 -0.5 -0.5 10.500000000000002 2.5000000000000004 1.5000000000000002 17658.500000000004 3.5357142686843877 -0.5 19.500000000000004 4.5000000000000009 63.976235375336096 701.90625000000011 544.70001220703136 193.08892059326175 106.50000000000001
decision_type=2 2 2 2 2 2 2 2 2 2 2 2 2 2 2 2 2 2 2 2 2 2 2 2 2 2 2 2 2 2 2 2 2 2 2 2 2 2 2 2 2 2 2 2 2 2 2 2 2 2 2 2 2 2 2 2 2 2 2 2 2 2
left_child=2 4 9 8 10 19 17 33 24 25 39 13 18 26 20 22 61 -5 50 -4 -7 -16 40 -15 47 -1 55 -26 37 -25 31 35 -33 41 -24 -19 -30 49 -39 -2 46 42 -8 56 -32 -41 -13 54 -35 -10 51 -11 -53 -42 -3 -6 -17 -51 -9 -60 -61 -14
right_child=1 3 5 6 11 14 7 58 28 12 -12 15 16 23 21 43 -18 30 -20 -21 -22 -23 34 29 27 -27 -28 -29 36 -31 44 32 -34 48 -36 -37 -38 38 -40 45 53 -43 -44 -45 -46 -47 -48 -49 -50 57 -52 52 -54 -55 -56 -57 -58 -59 59 60 -62 -63
leaf_value=-0.054667667236210131 0.012990744375549 0.084868372780835255 -0.029194855315765364 0.073393976556329663 0.057252256782903389 0.02221378380244356 0.23933544730937575 0.13626903194398474 0.13507336038556536 -0.044721573587179514 0.060914165445924234 0.11586359603036178 0.053701950247035758 0.088735705369194728 0.062832741850940343 0.06853695441845066 -0.023789465560942288 0.14738393576495776 -0.025196948553886024 -0.0096088925430255195 -0.01532806161033474 0.014320087291017542 0.081360019447021356 0.063701149995914183 0.11424458157923988 -0.045331459505989824 0.098435227427829078 0.16197405899182765 0.12963711762676935 0.098222058066718576 0.17496766063417499 0.15674702479028083 0.19599464656464607 0.2387778151672808 0.1067939864800386 0.079803814273872259 0.15565774960348122 0.13578778068435779 0.24592295148748688 0.054414862714176317 0.19200817947631976 0.25050315818399976 0.093976259346137042 0.051349580974909416 0.23782408688366163 0.02831501033838776 0.078751779027789931 0.092107820271736682 0.29650386063260686 0.082275481741201376 -0.049653953107906101 -0.017751437265815746 0.092741558853983636 0.12242200991523516 0.12054310968089517 0.026871928192985218 0.11485264900521763 0.12271796617743191 0.23580678992501017 0.25297711559201835 0.13126252117467174 0.19751599416124457
leaf_weight=8098205.0487816334 193535.7873455286 43905.293761253357 328805.87257432938 12005.293333053589 431103.87095546722 383572.36730027199 6739.9252853393555 27506.44677734375 54761.096467971802 81927.594576120377 302897.86815559864 108581.23834049702 22093.362672924995 330007.81191182137 102707.49886190891 49179.523737668991 27716.446992397308 89764.475266456604 280909.92287516594 508827.00506854057 62925.448030471802 43454.823653697968 292520.39855289459 348549.6670422554 580660.81807804108 884987.71597969532 36782.700197458267 30613.090183258057 143225.84016990662 63090.081525087357 33935.057107925415 99566.430070877075 87505.719860076904 20264.388523101807 139840.31928813457 15561.562819480896 219594.1400270462 147043.12467956543 5153.5607585906982 88721.537316203117 13461.510194778442 27949.347854614258 5744.5364799499512 86013.27001452446 20526.233963012695 359289.53928613663 50555.215371847153 278412.81077599525 40599.26655960083 56735.992972373962 490725.56836211681 52636.228221774101 5023.5771869421005 27026.590081930161 145088.63952803612 50696.845669865608 30787.618931889534 44112.243460655212 16111.619194030762 4263.2327251434326 20025.904224395752 2092.4152590036392
leaf_count=7268033 78251 2448 229981 395 72174 138547 44 515 1595 65045 47705 7159 7085 30132 18392 6650 18772 1592 188663 286731 36699 19104 22663 36920 23485 736628 4145 733 3890 4683 518 1535 1158 121 9158 375 4600 3946 87 20482 508 172 87 12921 226 108072 3523 14887 182 2103 414226 41605 2778 1457 6831 14702 3415 1172 186 41 270 110
internal_value=-0.000940327 0.0950108 -0.0454724 0.134291 0.0652181 0.000100004 0.182202 0.220359 0.119828 -0.0520257 0.0380817 0.0776702 -0.0359627 0.0693112 0.0246883 0.0908716 0.0181188 0.164211 -0.0390431 -0.0172972 0.016923 0.0484097 0.0968202 0.0777773 0.109537 -0.0537479 0.0572034 0.116635 0.136382 0.068992 0.167354 0.161523 0.175106 0.256976 0.0895863 0.137399 0.145386 0.125768 0.139517 0.0273016 0.112488 0.226405 0.172452 0.0682215 0.198658 0.0334837 0.104074 0.100255 0.277285 0.112321 -0.0452138 -0.0296044 -0.00812457 0.145559 0.112256 0.0540555 0.0863688 0.0999657 0.165737 0.185799 0.152627 0.0661449
internal_weight=1.66566e+07 5.28002e+06 1.13766e+07 2.27738e+06 3.00264e+06 1.43029e+06 528069 169205 1.74931e+06 9.94632e+06 944445 2.0582e+06 963125 1.26023e+06 592660 797966 51902.2 358865 911223 837633 446498 146162 631985 741648 1.07868e+06 8.98319e+06 518583 611274 670626 411640 346859 292398 187072 101297 432361 105326 362820 307806 152197 641547 199625 40433.8 12484.5 165980 54461.3 448011 159136 467407 60863.7 155609 630313 139587 57659.8 40488.1 188994 481801 79967.1 100848 67907.2 40400.8 24289.1 24185.8
internal_count=10030313 557914 9472399 73194 484720 729454 7417 1618 65777 8742945 254510 230210 738284 162756 212742 67454 25967 5799 712317 516712 175246 37496 44468 71735 48384 8004661 91021 24218 17393 41603 5404 4660 2693 606 31821 1967 8490 8903 4033 206805 12647 303 131 22986 744 128554 10682 24166 303 4870 523654 109428 44383 1965 9279 86876 10065 3275 1012 497 311 7195
is_linear=0
shrinkage=0.05


Tree=11
num_leaves=63
num_cat=0
split_feature=27 24 27 23 16 16 24 16 24 16 0 27 13 23 14 27 10 13 16 11 13 13 10 9 10 16 8 16 0 0 13 2 16 13 2 2 0 28 16 21 0 0 16 16 8 12 11 2 13 8 28 16 12 22 0 14 11 14 28 13 27 16
split_gain=2.5125e+07 2.10275e+06 1.04618e+06 532077 375932 189083 166054 108917 81074.6 80799.3 65524 63900 53843.5 52037.6 47295.7 42308 40956.7 48029.6 35087.1 33156.7 30980 34717.3 30286.7 29005.5 27355 25723.2 25067.4 24852.6 29376.5 24193.3 23855.5 22573.1 22436.4 22155.9 44353.6 36295.7 24619.3 22102.4 21844 21444.4 21091.6 19770.6 19635.2 19271.6 24092.4 23313.1 21209.3 19125.8 26833.3 18389.2 16921.6 16719.4 16304.6 16133.5 15884.4 15717.7 15642.8 15574.2 22283.2 15241.6 15184.5 14675.8
threshold=7.8889563083648691 57.866666793823249 1.2235710024833681 260.82142639160162 4.1306984259545043 1.0703238949897103 544.70001220703136 4.778097130446838 9.8499999046325701 17.449615571293052 8.5000000000000018 0.50571158528327953 0.25881904510252057 120.25000000000001 17671.500000000004 56.184988021850593 0.68301270189221941 0.1294095225512602 3.6575148067762115 -1.0000000180025095e-35 -0.78656609248549325 -0.70710678118654757 0.68301270189221941 -0.22252093395631442 0.68301270189221941 44.580369788364791 -0.8783796973249266 63.976235375336096 12.500000000000002 7.5000000000000009 0.60355339059327384 2.5000000000000004 0.26538392817081075 -0.5 2.5000000000000004 1.5000000000000002 14.500000000000002 1065.5000000000002 1.5250988836456381 2811.0000000000005 8.5000000000000018 18.500000000000004 0.18721105008583908 44.580369788364791 -0.8783796973249266 0.60355339059327384 -0.9330127018922193 3.5000000000000004 -0.37940952255126015 -0.8783796973249266 249.50000000000003 0.16717038771754847 -0.9159756150367534 38.071428298950202 13.500000000000002 17668.500000000004 -0.5 16205.000000000002 360.50000000000006 0.1294095225512602 154.69250488281253 13.756348099058251
decision_type=2 2 2 2 2 2 2 2 2 2 2 2 2 2 2 2 2 2 2 2 2 2 2 2 2 2 2 2 2 2 2 2 2 2 2 2 2 2 2 2 2 2 2 2 2 2 2 2 2 2 2 2 2 2 2 2 2 2 2 2 2 2
left_child=2 4 7 13 8 32 23 11 38 15 14 51 19 33 -8 40 52 20 41 -9 31 -22 -12 27 25 -21 -19 -5 -29 -16 -20 -18 -4 34 35 -3 -37 -25 -2 47 -6 -7 -13 44 50 -46 -45 48 -35 -48 -15 -1 -11 -10 -27 -17 -31 -54 -59 -51 -36 -52
right_child=1 3 5 6 9 18 10 12 53 16 22 42 -14 43 29 55 17 26 30 24 21 -23 -24 37 -26 54 -28 28 -30 56 -32 -33 -34 39 60 36 -38 -39 -40 -41 -42 -43 -44 46 45 -47 49 -49 -50 59 61 -53 57 -55 -56 -57 -58 58 -60 -61 -62 -63
leaf_value=-0.054561579858800668 0.010847062895791314 0.083922184198059538 -0.030137951753441524 0.10150942133936947 0.074014775971119787 0.014189867605909798 0.14842712140911429 -0.022853903367020971 0.044408568573322205 0.086557067501466689 0.16905448656639938 -0.044920181130688942 -0.031762471601114312 0.19256835311868403 0.1913806452727416 0.066816368268671975 0.11131108118519456 0.11381674723266458 0.043153839092905155 0.023110129903495445 0.17493870876701242 0.10844191157702379 0.1104767355429056 0.131104044844747 0.16738770299837299 -0.0081663915164658547 0.049315913305345065 0.08982870441559701 0.14992060832240411 0.20565384236305687 0.0051129956538929792 0.063800546464481828 -0.013002251853483455 0.12475204488169458 0.087012217506498568 0.11965728162340956 0.19575309800390375 0.15693011508443094 0.029279853370912236 0.3311297954902877 0.047011483778463488 -0.016053979695218795 -0.027260273824381343 0.1499872364902731 0.095977590715447786 0.12194580514555618 0.14057485116676027 0.10630126970327405 0.073915413447091224 0.11346482958342724 -0.003449193079134417 -0.047616695431192541 0.050476170972629957 0.071279849374948009 0.21406924737315891 0.098259486475347824 0.25699040788204314 0.044998452423465084 0.076177714068659308 0.079304514386081992 0.066610394326676259 0.074336012386490069
leaf_weight=7681532.6148260832 327798.66003990173 41956.201794624329 330660.446205616 100644.46175670624 82485.371372103691 250434.27377033234 28190.295043945312 15036.960744261742 283746.3169285059 133775.42194235325 109059.16691589355 373019.18068265915 68391.083817124367 2600.0811491012573 42001.587726593018 459274.95346426964 43348.847794055939 18832.673613786697 164597.42751157284 21266.03357899189 24015.561339020729 107461.71599161625 27665.120801925659 177094.20618247986 5622.957270860672 1076.5025919675827 75263.589032292366 26642.761343002319 85959.6751537323 22295.356201171875 54978.336349368095 59069.332852602005 452354.65440511703 33287.018986701965 200353.51179337502 28028.339564800262 17123.686349868774 155681.20137119293 315355.27203559875 1005.7553844451904 586432.44343793392 68903.446086168289 272298.51596808434 46543.528307914734 200215.09554195404 152086.13059139252 55541.470044136047 359955.53190565109 117894.63193368912 267076.5658326149 7291.1427555084229 976850.9493445158 112231.84053504467 69552.329933166504 3176.2564421892166 43511.018533706665 44395.949882507324 67797.875446557999 370274.01551234722 37204.106465339661 167415.39603281021 36019.577038526535
leaf_count=7236026 134790 1949 242049 2539 11327 100693 362 8923 53729 9734 1105 321718 52243 88 288 45083 2562 2016 39259 8358 982 5150 494 3292 1750 291 10625 515 1389 121 27121 5051 267879 1373 10079 1120 455 2502 92735 10 104603 40173 193904 1018 7370 4479 1385 15622 5365 6855 410 865920 11565 9104 171 3077 182 7041 33263 1326 8269 1436
internal_value=-0.000990672 0.0831471 -0.0462038 0.116582 0.0559048 -0.00455054 0.149892 -0.0520501 0.0304557 0.0675171 0.181685 -0.0526468 -0.0035966 0.101171 0.206139 0.0585785 0.0778655 0.0923917 0.0182433 0.0381172 0.104528 0.120588 0.157202 0.133961 0.0675575 0.0455596 0.0622254 0.119565 0.135702 0.221107 0.033629 0.0839097 -0.0202385 0.0933543 0.0853236 0.117405 0.148517 0.143186 0.0198852 0.100487 0.0503413 0.00766414 -0.0374684 0.110566 0.102748 0.107188 0.118226 0.100033 0.0851087 0.114118 0.0686792 -0.053778 0.0709007 0.0496986 0.157815 0.0695375 0.239829 0.0670947 0.0713523 0.109288 0.077725 0.0612412
internal_weight=1.65117e+07 5.77145e+06 1.07402e+07 2.59123e+06 3.18023e+06 1.32193e+06 819630 9.41827e+06 996453 2.18377e+06 273607 9.3037e+06 114570 1.7716e+06 136883 1.1717e+06 1.01207e+06 327992 538913 46178.7 233895 131477 136724 546022 31141.7 25518.8 94096.3 213247 112602 108693 219576 102418 783015 967020 454877 87108.2 45152 332775 643154 512143 668918 319338 645318 804578 398212 352301 406366 511137 151182 359822 45910.8 8.65838e+06 684079 353299 4252.76 502786 66691.3 550304 438072 304281 367769 43310.7
internal_count=10030313 623835 9406478 81398 542437 717174 12789 8689304 290358 252079 2552 8617568 71736 68609 953 164090 87989 26386 207246 19493 13745 6132 1599 10237 10570 8820 12641 4443 1904 591 66380 7613 509928 44242 21872 3524 1575 5794 227525 22370 115930 140866 515622 24367 13783 11849 10584 22360 6738 9566 1934 8101946 61603 62833 462 48160 303 51869 40304 8181 18348 1846
is_linear=0
shrinkage=0.05


Tree=12
num_leaves=63
num_cat=0
split_feature=15 15 15 15 24 15 14 15 0 15 15 15 28 9 3 28 26 11 17 21 9 20 10 9 0 10 10 13 16 3 9 14 27 10 11 11 11 17 17 21 18 16 18 3 3 13 17 11 24 21 11 11 12 23 12 23 14 15 16 10 11 10
split_gain=2.34025e+07 1.82657e+06 857184 374185 311367 83382.3 75118.4 71424.5 67313.7 60478.8 57845.9 33697.9 29079.1 36899.1 35313.3 24568.4 29498.4 22667.3 21791.7 20071.4 19918 18630.1 16843.8 16243.6 18979.2 15827.4 16889 25554.8 21680.1 15719.3 15352.8 15271 14559.4 16089.8 14206.9 13795.1 20777.6 13520.3 13312.2 12901.4 13549.2 12890 12811.8 12760.1 12383.9 12473.8 12081.7 11878.5 11410.8 11301.7 10942.9 12299.4 11735.1 10867.5 10208.1 13744.3 10046.6 9980.44 9794.41 20385.2 15035.6 9784.49
threshold=3.0291725302561221 74.775760425746668 0.43816999097102521 14.790695415695417 420.94999694824224 165.67347240379698 17671.500000000004 1.2680549082273567 8.5000000000000018 34.46516290726818 0.12846907770564789 6.8380329228259908 517.50000000000011 -0.22252093395631442 3.5000000000000004 504.50000000000006 701.90625000000011 0.6830127018922193 3717.5000000000005 1696.0000000000002 -0.22252093395631442 1391.0000000000002 0.68301270189221941 -0.22252093395631442 8.5000000000000018 -0.6830127018922193 0.25000000000000011 -0.5 63.976235375336096 3.5000000000000004 1.0000000180025095e-35 17668.500000000004 446.05894470214849 0.68301270189221941 0.6830127018922193 0.6830127018922193 0.25000000000000017 505.00000000000006 2418.5000000000005 873.50000000000011 1739.5000000000002 63.976235375336096 1323.5000000000002 5.5000000000000009 3.5000000000000004 -0.9159756150367534 302.50000000000006 0.6830127018922193 158.26667022705081 1512.0000000000002 0.6830127018922193 0.25000000000000017 -0.9159756150367534 260.82142639160162 -0.9159756150367534 66.250000000000014 17132.000000000004 0.77765035677879724 10.907577751196174 0.68301270189221941 0.25000000000000017 -0.5
decision_type=2 2 2 2 2 2 2 2 2 2 2 2 2 2 2 2 2 2 2 2 2 2 2 2 2 2 2 2 2 2 2 2 2 2 2 2 2 2 2 2 2 2 2 2 2 2 2 2 2 2 2 2 2 2 2 2 2 2 2 2 2 2
left_child=2 3 10 11 5 18 12 57 20 30 58 47 15 14 49 16 -6 -18 39 25 21 38 53 31 -25 54 27 -27 -28 -17 56 44 -21 -34 -23 36 -26 46 -8 40 41 -3 -39 -24 -11 -46 61 -2 -37 -14 51 -9 -53 -15 55 -7 -5 -4 -1 -60 -61 -10
right_child=1 4 7 9 6 19 8 50 37 23 -12 -13 13 22 -16 29 17 -19 -20 32 -22 34 43 24 35 26 28 -29 -30 -31 -32 -33 33 -35 -36 48 -38 42 -40 -41 -42 -43 -44 -45 45 -47 -48 -49 -50 -51 -52 52 -54 -55 -56 -57 -58 -59 59 60 -62 -63
leaf_value=-0.054316586981880605 0.028514605890621093 0.090035149265997136 -0.026027419991647732 0.050476349086972329 0.099752053778060429 0.22210026756134349 0.057117194601916138 0.0041544668555493743 0.062356949174051469 0.062692125868506574 -0.039332833517333216 0.040085989020408323 0.10873854292456786 0.045992892897461203 0.025673127794141205 0.14089424676708681 0.11751618102047408 0.18534014432766882 0.33035127653667801 0.082329965898019081 0.20724140295817489 0.16095332564863735 0.061850171002246712 0.086795031386054877 0.064152584059316509 0.094286266229972493 0.09529573557275868 0.12858880014807875 0.11897052523812156 0.18243365110977727 0.049442377857762607 0.09422218779247632 0.23517635614187773 0.10856712444856927 0.23201168653651211 0.050521525293849713 0.093677995820247995 0.099940327823828029 0.16354599116219554 0.057341869530449563 -0.0045038774612722607 0.10294278679456675 -0.045655713924089458 0.15607923473392049 0.10290291753707373 0.075892175011621044 0.21792571608616879 0.013221859498457189 0.17926598444476421 0.23337756339199356 -0.0075841471037533031 -0.016346269242582142 0.039665266489793904 0.15616540005630794 0.074492670560723034 0.10172018992828598 0.065228906830157946 -0.01393034762916188 -0.054455095919891318 -0.055549497351281445 0.12359528534589398 0.13957051914686139
leaf_weight=8194872.3859907389 465589.10550999641 901532.34873390198 362683.75056219101 151465.8856959343 55880.979389190674 2538.2350902557373 5775.3813171386719 371382.67235898972 4716.1913833618164 143531.76740789413 706820.04590249062 724873.06516075134 12473.422946929932 2379.1578407287598 20998.70726776123 49419.7631483078 23683.160182952881 25676.224758148193 957.28473281860352 3688.9495639801025 78549.263236999512 20734.742191314697 11884.242116928101 111749.34450650215 364313.08497667313 67477.67042350769 201068.26006317139 277977.30510997772 186311.73238182068 42249.199058532715 424841.41522431374 130606.81033420563 8145.9053535461426 3627.1044540405273 10647.797752380371 160530.71962690353 71238.862988471985 10946.29979133606 5981.4182434082031 26697.512693405151 3588.3405914306641 246267.65775108337 1752.8056983947754 5149.7460174560547 51673.489077091217 247384.1314868927 4327.504093170166 174597.28931427002 1739.6751155853271 2129.3704929351807 165861.19755613804 11633.532167553902 47665.0279109478 37877.069034576416 44476.070970535278 36031.621904373169 484821.30296564102 321775.00223636627 10961.660360574722 1742.4041870832443 3572.6000417470932 31576.169311523438
leaf_count=8083672 138752 32329 263480 17067 831 41 57 172050 62 9222 595387 139165 180 39 395 554 296 230 8 81 344 124 240 6650 23139 1386 4471 4868 3359 415 50164 6872 88 63 46 11695 3543 145 35 954 117 7549 27 79 2890 15377 36 57437 47 21 83059 5710 20755 387 942 671 50605 198995 9611 1427 1717 355
internal_value=-0.001031 0.0757123 -0.0475644 0.0535137 0.108976 0.100449 0.145857 -0.00931826 0.171723 0.0656334 -0.0530581 0.0327032 0.130237 0.107177 0.0672003 0.141115 0.124632 0.152798 0.0918983 0.112576 0.19225 0.164952 0.132018 0.0729383 0.0678812 0.111506 0.11385 0.121889 0.106682 0.16004 0.0568027 0.0791985 0.169012 0.196171 0.185064 0.0643457 0.0689818 0.124876 0.111266 0.0917045 0.0925013 0.0928046 0.0798437 0.0903387 0.074765 0.0805593 0.138954 0.0243438 0.0519019 0.126915 0.00332828 0.00753081 0.0286765 0.149654 0.090818 0.109643 0.0617171 -0.0203404 -0.0542396 -0.0154914 0.0648658 0.129537
internal_weight=1.63831e+07 6.18415e+06 1.0199e+07 3.70896e+06 2.47519e+06 2.01039e+06 464809 1.281e+06 175008 2.3439e+06 8.91797e+06 1.36506e+06 289801 92891.7 35601.5 196909 105240 49359.4 1.17904e+06 831343 121689 43139.3 57290.2 1.28277e+06 709572 815881 732835 345455 387380 91669 1.06113e+06 573196 15462 11773 31382.5 597822 435552 53319 11756.8 1.17809e+06 1.15139e+06 1.1478e+06 12699.1 17034 442589 299058 40619.9 640186 162270 14602.8 596542 430681 59298.6 40256.2 83045.9 38569.9 636287 684459 8.21115e+06 16276.7 5315 36292.4
internal_count=10030313 594450 9435863 532625 61825 56927 4898 744049 1231 197271 8691814 335354 3667 1341 596 2326 1357 526 40957 15970 606 262 745 79435 45074 15738 14084 6254 7830 969 117836 34361 232 151 170 38424 26682 625 92 40949 39995 39878 172 319 27489 18267 453 196189 11742 201 281574 198515 26465 426 1654 712 67672 462475 8096427 12755 3144 417
is_linear=0
shrinkage=0.05


Tree=13
num_leaves=63
num_cat=0
split_feature=15 15 15 15 22 15 15 14 15 15 15 0 11 26 9 8 10 0 9 21 9 14 18 27 0 9 16 8 3 14 9 26 3 20 17 0 17 11 2 15 26 26 18 11 16 10 15 17 14 16 21 11 11 3 3 11 2 18 3 27 2 0
split_gain=2.08692e+07 1.47206e+06 797267 324105 239981 92566.1 73988.1 49766.6 49365.3 40801.7 33097.5 30697.8 24173.8 20051.1 25779.6 17633.5 16794 16328.7 16004.5 15848.9 14041 14619.2 13540.3 13483.4 13479.8 16535.5 14852.4 14972.9 13421.9 13412 15978.7 15615.9 12671 12119.8 11604.6 11254.7 17094.1 11143.9 13013.8 10918.3 10903.9 12974 10606.4 11669.5 10553.8 22108.1 16013.8 10534.1 10344.2 10300.3 10246.7 14422.1 10220.4 10126.7 15214.2 10045.4 9940.93 9401.59 9303.4 9110.48 9105.19 9088.27
threshold=2.8201562500000006 74.775760425746668 0.3535955801104973 14.790695415695417 585.00000000000011 165.67347240379698 1.0738574520259025 17671.500000000004 41.06323319078853 0.10581461722540562 6.3036548731642199 8.5000000000000018 -0.9330127018922193 701.90625000000011 1.0000000180025095e-35 -0.8783796973249266 -0.6830127018922193 7.5000000000000009 1.0000000180025095e-35 708.00000000000011 -0.56174490092936669 17666.500000000004 1739.5000000000002 17.161990165710453 8.5000000000000018 1.0000000180025095e-35 44.580369788364791 -0.8783796973249266 3.5000000000000004 17669.500000000004 -0.22252093395631442 701.90625000000011 3.5000000000000004 1172.0000000000002 824.50000000000011 15.500000000000002 2065.5000000000005 0.6830127018922193 2.5000000000000004 165.67347240379698 1.0000000180025095e-35 7.9800577163696298 363.50000000000006 -0.68301270189221952 7.483830398850162 0.68301270189221941 0.0020181655262300428 998.00000000000011 15970.000000000002 13.756348099058251 1512.0000000000002 0.6830127018922193 -0.5 3.5000000000000004 5.5000000000000009 0.6830127018922193 2.5000000000000004 70.500000000000014 3.5000000000000004 446.05894470214849 6.5000000000000009 1.5000000000000002
decision_type=2 2 2 2 2 2 2 2 2 2 2 2 2 2 2 2 2 2 2 2 2 2 2 2 2 2 2 2 2 2 2 2 2 2 2 2 2 2 2 2 2 2 2 2 2 2 2 2 2 2 2 2 2 2 2 2 2 2 2 2 2 2
left_child=2 3 9 10 5 22 57 35 18 44 55 17 29 16 19 -13 -14 53 28 -15 21 -10 24 -18 25 47 59 -28 -5 30 33 -31 -23 -7 -34 36 39 38 49 -6 -12 -42 43 -17 -1 -46 -47 -3 -30 -8 -37 -52 58 -9 -55 56 -2 -4 -19 -26 -40 -50
right_child=1 4 6 8 7 12 37 11 20 -11 40 15 13 14 -16 42 23 52 -20 -21 -22 32 -24 -25 26 -27 27 -29 48 31 -32 -33 34 -35 -36 50 -38 -39 60 -41 41 -43 -44 -45 45 46 -48 -49 61 -51 51 -53 -54 54 -56 -57 -58 -59 -60 -61 -62 -63
leaf_value=-0.054380472135315931 0.043866571189993861 0.082425478569451927 -0.023324507353874049 0.050858134894088858 0.031151856800426814 0.1101813210713903 0.020709660149077481 0.15939654601092479 0.068398332669990083 -0.041523595044547584 0.051108900869840462 0.02401029179085298 0.076487108039214602 0.080350613066947851 0.14212293083032632 0.090376732473962551 0.20408233435295486 0.1786997401397811 0.046534230375433083 0.13696946991983963 0.063755661650655715 0.073163202310363551 -0.023689344622555775 0.098545536119033494 0.074240124394106696 0.10585781545909995 0.10524872092679519 0.081550986452204266 0.016826994370952742 0.075722223248607709 0.14809580440083575 0.18505857100225442 0.1039295234281979 -0.047741315085134427 0.29472348724590386 0.12100553628241195 -0.024881540264659177 -0.010295496411656644 -0.0042691487763261001 0.11212830362049951 0.020689882539735329 0.03748631210826274 0.096245763085655106 0.17228718030225618 -0.054561817968239924 0.11701005110010597 -0.031834298536241715 -0.022213629011067035 0.11565899706712812 0.11135068028887514 0.12329356708947466 0.23692563224160179 0.19423490556235457 0.049416638379631395 0.15657718296544806 0.010774239676868571 0.022076467682424883 0.13888240164789353 0.11685337823104854 0.035958687835668614 0.011479415553261162 0.063906878440791431
leaf_weight=7676271.8505626321 60312.195871591568 141258.15680885315 693467.49357640743 387088.22691965103 4592.7722434997559 29981.114517211914 60250.057569980621 30993.582077026367 213075.31670045853 682379.73141521215 108311.24837827682 4425.9436683654785 93650.472532272339 45148.837087631226 58362.750354766846 5875.1320343017578 3039.2605876922607 16619.562805175781 542808.60713744164 17020.177896499634 764459.34975671768 54548.892768859863 3038.2193927764893 721173.65690231323 458189.23985671997 118771.35338830948 79067.994752883911 424690.98223781586 11459.484573841095 22162.244831085205 58303.550540924072 3830.1858367919922 58766.037719249725 1266.1341762542725 807.88625526428223 116170.75096321106 2690.7204761505127 178255.02792549133 269059.96295940876 44483.393468856812 144231.96464347839 566695.38372993469 14521.648334503174 16738.687503814697 15142.789259791374 4089.1791548728943 3237.6985679268837 2446.7363147735596 8663.046826839447 3306.237201333046 6724.7250595092773 4775.9875259399414 53059.493453979492 6134.0631980895996 7200.6781768798828 171899.76982092857 396103.24006009102 894.35673892498016 9591.5904006958008 16088.44464302063 139294.91492700577 409573.55091309547
leaf_count=7958827 17608 4539 500013 39447 115 518 28196 144 11997 615283 21568 67 1716 650 625 62 49 66 58435 200 42554 2714 105 12787 16698 3435 2233 13248 1562 417 823 22 2708 28 13 1299 50 94192 133289 561 32002 103459 171 151 14320 1918 2684 82 648 1055 77 31 182 69 33 58373 121422 330 51 521 66678 37193
internal_value=-0.00106327 0.0679951 -0.0475078 0.0484687 0.0968093 0.0909733 -0.0117658 0.135719 0.0595469 -0.0532417 0.0297091 0.155525 0.101875 0.0992178 0.118257 0.11835 0.0964119 0.168025 0.0531888 0.0958516 0.0674656 0.0761333 0.0817338 0.0989885 0.081992 0.0920533 0.0792919 0.0852705 0.0576113 0.123456 0.132633 0.0918346 0.0905748 0.103782 0.106517 0.117489 0.0978226 0.000355395 0.00437857 0.10455 0.0363303 0.0340787 0.129594 0.151007 -0.0542803 -0.020063 0.0512365 0.0806438 0.0636947 0.0254251 0.125463 0.170484 0.181615 0.14372 0.107284 0.021076 0.0249559 -0.0231156 0.156069 0.0729416 0.00110287 0.0649789
internal_weight=1.62665e+07 6.54089e+06 9.72565e+06 3.8988e+06 2.64209e+06 2.29749e+06 1.34453e+06 344599 2.45125e+06 8.38112e+06 1.44755e+06 165160 1.05394e+06 938395 120532 41561.4 817863 123599 1.35959e+06 62169 1.09166e+06 327198 1.24355e+06 724213 1.24051e+06 262476 978037 503759 816784 115543 89550.8 25992.4 114123 31247.2 59573.9 179438 51766.9 650166 471911 49076.2 819239 710927 37135.5 22613.8 7.69874e+06 22469.7 7326.88 143705 429696 63556.3 127671 11500.7 79270.6 44328.3 13334.7 628315 456415 694362 26211.2 474278 408355 418237
internal_count=10030313 613528 9416785 551703 61825 58696 823753 3129 197271 8593032 354432 996 17835 16027 1475 451 14552 545 137285 850 59986 17432 40861 12836 40756 8056 32700 15481 78850 1808 1369 439 5435 546 2721 2133 726 323410 229218 676 157029 135461 384 213 7977749 18922 4602 4621 39403 29251 1407 108 299 246 102 197403 139030 500343 117 17219 199967 37841
is_linear=0
shrinkage=0.05


Tree=14
num_leaves=63
num_cat=0
split_feature=15 15 15 15 15 23 15 15 15 15 15 14 22 13 17 22 27 14 6 3 3 26 13 18 14 10 13 16 8 12 12 8 10 8 12 11 13 27 24 24 20 22 14 8 21 21 14 21 11 15 15 11 2 12 11 8 12 24 12 16 3 26
split_gain=1.87149e+07 1.2899e+06 594784 286535 225364 99765.4 48820 36776.1 34319 29158.2 27248 23639.9 23236.1 22229.5 21187.5 17811.9 13333.5 13066.9 18568.7 12106.1 13167.5 21485.8 17743.9 14389.4 11860.1 23424.2 41156.1 11577.8 14532.1 20679.8 15536.6 11797.8 14729.2 11322 11007.2 10807.7 17748.4 10930.2 12632.2 10700.1 10570.5 13209.1 9643.09 9518.54 17292.8 11692.3 9480.17 9439.69 9354.79 9275.61 9269.74 9251.09 13414.1 10074.6 8919.82 8809.81 12429.1 8695.61 8676.85 8586.23 8428.99 8301.66
threshold=2.1629835926621062 48.893291391049807 0.32659245566969841 165.67347240379698 10.587915746895389 704.42858886718761 0.84860388090486405 0.083521582825527144 24.469392948018903 4.5658093373291395 104.24492360186515 17671.500000000004 300.35713195800787 -0.37940952255126015 3717.5000000000005 531.35714721679699 605.48962402343761 17665.500000000004 1.0000000180025095e-35 3.5000000000000004 4.5000000000000009 542.64111328125011 -0.70710678118654757 84.500000000000014 17658.500000000004 0.68301270189221941 0.25881904510252057 63.976235375336096 -0.8783796973249266 0.78656609248549325 -0.70710678118654735 -0.8783796973249266 0.68301270189221941 -0.8783796973249266 0.37940952255126054 -0.9330127018922193 -0.5 17.161990165710453 6.6833331584930429 79.000000000000014 669.00000000000011 710.28570556640636 17666.500000000004 -0.8783796973249266 642.50000000000011 1092.0000000000002 17666.500000000004 2287.0000000000005 0.6830127018922193 74.775760425746668 0.0020639856862912161 0.6830127018922193 2.5000000000000004 -0.9159756150367534 -0.5 -0.8783796973249266 0.60355339059327384 22.883333206176761 0.78656609248549325 0.51808946099170761 3.5000000000000004 193.75492858886722
decision_type=2 2 2 2 2 2 2 2 2 2 2 2 2 2 2 2 2 2 2 2 2 2 2 2 2 2 2 2 2 2 2 2 2 2 2 2 2 2 2 2 2 2 2 2 2 2 2 2 2 2 2 2 2 2 2 2 2 2 2 2 2 2
left_child=2 4 7 10 9 12 -4 24 46 48 19 43 35 54 27 -15 17 18 -14 58 22 49 57 -23 -1 -26 -27 28 30 -30 -12 -29 -33 -17 -19 36 -5 -37 -39 -38 47 -42 -24 44 -7 -46 55 -18 -2 -22 -28 52 53 -8 -13 56 -6 -21 -3 -55 -11 -60
right_child=1 3 6 5 8 11 51 -9 -10 60 14 13 16 15 -16 33 40 34 -20 20 21 23 42 -25 25 26 50 31 29 -31 -32 32 -34 -35 -36 37 39 38 -40 -41 41 -43 -44 -45 45 -47 -48 -49 -50 -51 -52 -53 -54 59 -56 -57 -58 -59 61 -61 -62 -63
leaf_value=-0.054496283758520753 0.016861028733301264 0.058569866556747036 -0.025743443645062137 0.056444103529083738 0.057421134694693725 0.0092284026331107202 -0.022053553752715536 -0.042797498747205238 0.05447319831579589 0.023424232088527116 0.071898570526402625 0.13076378131509289 0.097704074843970867 0.17861087979635215 0.31093019620525708 0.016910444409600975 0.10596609458564701 0.067296690930110953 0.16717636735338814 0.041651115815720195 0.056854571525416557 0.17776449353654838 0.060443890469444123 0.011914872849130525 -0.053432926534730731 0.23210336258256251 0.042740874373978915 0.11032228683000439 0.068910764096782776 0.09052155148087801 0.022950511209851032 0.069877104511670993 0.10193956819068194 0.1113854354765626 0.10127001369644067 0.17046787965809876 0.19889060713143861 -0.020883248039707394 0.083589941790950362 0.10936297068691046 0.11619230078141055 0.17719648903251875 0.090388973360636546 0.11287036294031511 0.17815699180973874 0.041683389575495611 0.057098951311121651 0.024887317786498404 0.0020468514108176947 0.072838988393054846 -0.046739557144904201 -0.015319780749976298 -0.0050735390187833795 0.0028684833988062751 0.1644276463168379 0.038096407966535066 0.018321324311782263 0.10410905901453926 0.064004373060248948 0.046171424334733313 0.034066485205247958 0.09169185612374689
leaf_weight=7139250.7431262136 394863.70637857914 644657.40964365005 571381.328805089 16682.303792953491 128276.14326739311 6485.572078704834 11405.925082802773 763923.9852835536 1074328.3039546013 426572.38831090927 37582.209164619446 28599.597587585449 230437.51727676392 9858.3548355102539 964.51811599731445 3362.162281036377 122200.7891960144 66975.657579421997 10037.59614944458 6037.7946033477783 228548.57199859619 6595.5428819656372 92037.8557305336 1631.4066925048828 29995.561045467854 2045.4211130142212 4862.6472991108894 42011.928121566772 352839.2993144989 161314.04129600525 28510.437955856323 107398.49666976929 53748.419752120972 55898.169296264648 37023.351232528687 3600.4138603210449 3519.8179626464844 2907.1541042327881 606360.07525062561 64492.763929367065 36099.022277832031 11766.907497406006 37980.873838424683 88903.008827209473 3978.3685531616211 2592.1932601928711 91252.062279224396 3698.8033180236816 145958.13329029083 150550.42979335785 7150.0698254704475 170330.25240528584 381243.81732547283 18194.245893955231 63109.818012237549 789803.09124755859 24152.298475265503 72412.77969455719 82766.437256336212 30871.512089848518 329999.50804781914 40237.131963729858
leaf_count=7779289 141330 29255 439099 336 14416 85 6492 733815 80403 99978 1126 119 3043 56 5 46 1402 1044 113 347 11341 149 4181 54 31871 669 3521 876 10284 3927 997 2784 1141 320 525 53 50 81 10819 975 369 91 1456 805 25 30 10114 47 58468 5537 7097 100060 210572 10390 225 107956 3425 2771 3810 14201 75125 1322
internal_value=-0.00108694 0.0602237 -0.048303 0.0809754 0.038124 0.0979147 -0.0152329 -0.0532275 0.0482156 0.0217287 0.0693142 0.125851 0.0918765 0.137792 0.0767392 0.116379 0.0998961 0.0941998 0.100604 0.0650426 0.0703907 0.0649373 0.0805228 0.144878 -0.0543367 -0.0284728 0.0247837 0.0764509 0.0728541 0.0756911 0.0507839 0.0867236 0.0805712 0.106025 0.0793912 0.0859185 0.102661 0.0836048 0.0830914 0.113997 0.111188 0.131189 0.0691915 0.107016 0.0671488 0.124318 0.0417107 0.103584 0.012863 0.0632024 -0.0105182 -0.00542058 -0.00160333 0.0202745 0.15393 0.0402204 0.0512258 0.0993022 0.0608919 0.0301142 0.0280662 0.0730617
internal_weight=1.61623e+07 7.03162e+06 9.13066e+06 3.62642e+06 3.40521e+06 1.47859e+06 1.18343e+06 7.94723e+06 2.10781e+06 1.29739e+06 2.14783e+06 262787 1.2158e+06 160828 784369 69118.7 518240 344474 240475 1.36346e+06 595795 387326 208469 8226.95 7.1833e+06 44053.7 14058.1 783405 580246 514153 66092.6 203159 161147 59260.3 103999 697563 84694.9 612868 609267 68012.6 173766 47865.9 130019 101959 13056.1 6570.56 1.03348e+06 125900 540822 379099 12012.7 612046 441716 60471.7 91709.4 942232 152428 78450.6 767661 49065.8 756572 123004
internal_count=10030313 693237 9337076 102022 591215 20659 780814 8556262 216314 374901 81363 1711 18948 766 21140 422 6634 4725 3156 60223 25836 17081 8755 203 7822447 43158 11287 21135 16334 14211 2123 4801 3925 366 1569 12314 1361 10953 10900 1025 1909 460 5637 945 140 55 135911 1449 199798 16878 10618 341715 241655 31083 344 125797 17841 3118 34387 24591 175103 5132
is_linear=0
shrinkage=0.05


Tree=15
num_leaves=63
num_cat=0
split_feature=15 15 15 15 15 25 15 15 15 15 20 8 21 23 15 21 22 2 17 9 0 16 0 26 16 2 2 0 3 9 12 21 9 0 9 25 19 16 2 13 13 20 3 12 9 9 13 12 3 23 22 23 2 12 13 0 17 2 17 21 13 3
split_gain=1.68729e+07 1.09454e+06 521628 260674 170378 79130.9 51364.7 31019.1 30688.3 21920.9 20177.8 21236.6 19972 17959.4 17171.2 16497.3 16397.7 15258 13855.7 12777.1 27297.2 23103.3 20847.4 13009.5 11935.6 15311.8 16433.2 11547.4 11234.1 10055.8 12545.6 9985.63 9848.59 9390.62 9301.33 11187.3 13154.5 9283.84 9187.21 79959.2 44153.1 9054.56 8460.42 11967.8 8245.12 8043.41 7946.48 7526.49 7600.13 7457.31 7561.91 8220.21 7444.56 10256.6 7385.61 7255.65 7200.01 6955.36 6944.94 8816.78 6769.37 8345.49
threshold=1.9381797164358681 41.06323319078853 0.24377154534429582 165.67347240379698 10.587915746895389 896.63085937500011 0.77765035677879724 4.153881650683072 74.775760425746668 0.061997304582210248 2814.0000000000005 -0.8783796973249266 1512.0000000000002 370.96429443359381 24.469392948018903 1312.5000000000002 585.00000000000011 4.5000000000000009 3717.5000000000005 -0.22252093395631442 11.500000000000002 30.592827262108496 10.500000000000002 701.90625000000011 7.483830398850162 2.5000000000000004 1.5000000000000002 10.500000000000002 5.5000000000000009 -0.22252093395631442 0.78656609248549325 873.50000000000011 -0.22252093395631442 9.5000000000000018 -0.56174490092936669 685.08245849609386 123.50000000000001 8.8443394472503023 3.5000000000000004 -0.37940952255126015 -0.5 3530.5000000000005 3.5000000000000004 -0.78656609248549292 -0.22252093395631442 1.0000000180025095e-35 -0.78656609248549325 0.60355339059327384 3.5000000000000004 0.10714286193251611 17.214285850524906 8.7500000000000018 2.5000000000000004 -0.9159756150367534 0.25881904510252057 1.0000000180025095e-35 841.50000000000011 1.5000000000000002 251.00000000000003 1343.5000000000002 0.1294095225512602 4.5000000000000009
decision_type=2 2 2 2 2 2 2 2 2 2 2 2 2 2 2 2 2 2 2 2 2 2 2 2 2 2 2 2 2 2 2 2 2 2 2 2 2 2 2 2 2 2 2 2 2 2 2 2 2 2 2 2 2 2 2 2 2 2 2 2 2 2
left_child=2 4 9 8 7 13 -4 32 34 24 11 15 28 19 44 17 -14 -7 31 20 27 -22 33 -24 -1 26 -26 -5 -13 60 -31 38 37 -21 42 -36 -37 -2 39 -10 -40 46 -3 -44 47 52 -15 48 -6 -46 -51 -52 53 -16 -28 -50 -48 -55 -12 -60 -9 -62
right_child=1 3 6 5 14 10 -8 29 18 -11 58 12 16 41 45 -17 -18 -19 -20 22 21 -23 23 -25 25 -27 54 -29 -30 30 -32 -33 -34 -35 35 36 -38 -39 40 -41 -42 -43 43 -45 49 -47 56 -49 55 50 51 -53 -54 57 -56 -57 -58 -59 59 -61 61 -63
leaf_value=-0.054529875814117626 0.015006916528860555 0.054421316503552399 -0.028087057082637625 0.054075440146018797 0.035899016894107169 0.012403147967208754 -0.007705356719235475 0.028406876433888357 0.091705374567163822 -0.045570362441444058 0.16670548515370143 0.094046003859610428 0.040405991634964132 0.060517997024840078 0.032612563558139553 -0.0080762389713304374 0.14262022099583282 0.11701878344768549 0.23908891836775081 0.093539181952111458 0.016701258212877046 0.084340325938549773 0.073321634676272562 0.12416904876505419 -0.055494883144459932 -0.05488259588347634 0.17104528685241938 -0.025613943261412298 0.12686900416387589 0.016863411368210495 0.038343287397507753 0.039348148870605421 0.0043784431522469582 0.14508986618246572 0.052269084155053297 0.074766981092407023 0.24348044708753128 0.052071948578783958 0.051193768787454443 0.046906927998569881 0.073215005206372696 0.15507173386348899 0.05186800788491322 0.078724434665858198 0.050735608968444194 0.04192760319064856 0.087122306826997606 0.029557922463130878 0.091349509377247395 0.027166797296913084 0.20259575029070992 0.038877312380020956 0.049056209596845042 0.056537567470753863 0.045537139593720737 0.049023278238967433 0.10221979225840017 0.086394304242989897 0.09447390718405925 0.14896849288578071 0.032784847326867268 0.0691546364029854
leaf_weight=6623111.4448818564 227389.54492020607 173477.07904481888 654232.82083672285 111653.54263114929 127895.67995619774 4956.9147396087646 585994.17239296436 303039.13251280785 242924.89569473267 782143.33818048239 16804.834907531738 125392.25275421143 4232.7430839538574 21876.169456481934 20073.505220413208 6470.7967643737793 53787.259593963623 11741.207195281982 1162.9830093383789 183562.81597137451 13391.995929718018 220400.69150352478 317627.20251846313 13098.676780700684 2912.3462654352188 9870.2311361432076 1916.2243407964706 4738.7291946411133 32913.843910217285 388801.95122623444 82382.503589868546 33205.401475906372 312250.08242249489 9281.4944686889648 826199.92359495163 4070.8061275482178 1613.2768630981445 18250.244444847107 379802.25230121613 168831.28387451172 568111.41317558289 5389.0890922546387 62263.951199531555 124294.37459564209 61935.692121744156 310617.38524007797 272261.19553375244 84108.286952972412 10522.810114860535 295742.42701268196 769.35408401489258 216155.01298189163 371909.53060722351 36121.914070129395 3019.0659145712852 268097.0417983532 111249.41084289551 42412.597706794739 12543.605590820312 18185.402603149414 44092.983328819275 24558.618418216705
leaf_count=7584970 88129 8708 538598 2116 15930 76 343314 70488 6041 816167 68 1075 47 290 1696 65 241 119 8 2703 348 3605 5192 141 2948 10322 454 116 225 92049 19389 1004 123352 107 42419 109 26 5636 12470 5439 16204 27 3110 5614 8735 25798 2933 11332 882 42809 66 25572 27916 2757 1835 30585 1055 2447 55 55 9639 4687
internal_value=-0.00110317 0.0543177 -0.0484727 0.0713067 0.0325656 0.0873668 -0.0184569 0.0194163 0.0615465 -0.0534877 0.111102 0.105195 0.110068 0.0820632 0.0425415 0.0596994 0.135164 0.0859637 0.0665831 0.0780094 0.070616 0.0804659 0.0829543 0.0753355 -0.0544202 -0.0134365 0.038691 0.0508309 0.10087 0.0254696 0.020619 0.066439 0.0102707 0.0960204 0.0556559 0.05275 0.122656 0.0177608 0.0671006 0.0733368 0.0643917 0.0906859 0.0623699 0.0697611 0.0384123 0.0481723 0.0898299 0.0431729 0.0459899 0.0343475 0.0323676 0.0394581 0.0522948 0.0645092 0.0942717 0.0506219 0.0915018 0.0726619 0.140859 0.126724 0.0316186 0.0457955
internal_weight=1.60678e+07 7.40464e+06 8.6632e+06 4.15752e+06 3.24713e+06 1.57156e+06 1.24023e+06 1.40077e+06 2.58596e+06 7.42297e+06 287029 239495 216326 1.28453e+06 1.84636e+06 23168.9 58020 16698.1 1.39404e+06 873755 350185 233793 523570 330726 6.64083e+06 17717.9 7847.64 116392 158306 842875 471184 1.39288e+06 557890 192844 1.19192e+06 831884 5684.08 245640 1.35967e+06 411756 947914 410776 360035 186558 1.06523e+06 781135 405387 490624 406516 574602 512667 216924 470518 98608 4935.29 278620 383511 78534.5 47533.8 30729 371691 68651.6
internal_count=10030313 731705 9298608 121811 609894 20659 881912 413369 101152 8416696 2026 1848 1588 18633 196525 260 288 195 41166 14328 6185 3953 8143 5333 7600529 15559 5237 2232 1300 196252 111438 41158 217117 2810 59986 42554 135 93765 40154 11480 28674 4305 17432 8724 135911 60614 4278 58729 47397 77182 68447 25638 34816 6900 2289 31467 3988 5204 178 110 84814 14326
is_linear=0
shrinkage=0.05


Tree=16
num_leaves=63
num_cat=0
split_feature=15 15 15 15 15 23 15 15 15 15 15 20 8 22 28 14 10 15 24 28 23 12 6 21 21 2 20 2 17 19 14 22 26 17 26 23 18 2 12 14 24 16 12 11 2 8 24 11 2 12 26 12 11 11 3 11 2 12 12 8 16 17
split_gain=1.5278e+07 936469 455735 206039 162934 60197.6 37678 24739 24616.8 22960.3 19648.7 15682 22911.5 15379.3 16203.2 13759.9 25820.8 21797.9 12301.9 11823.1 18359.3 12396.4 18029.3 11724.5 13345.5 11388.1 14840.3 12336.1 10083.2 10859 9900.26 12986.3 11841.6 11407.1 10764.4 9697.22 9685.75 9669.74 57408 10947.3 9137.8 8803.08 15817.5 18014.9 14386 12565.5 11495.4 8716.29 8855.91 15884.3 8625.81 8484.34 8471.43 8053.82 7890.09 8173.56 8750.15 18943.8 8004.17 7874.84 12574.8 7749.58
threshold=1.7233074884193318 41.06323319078853 0.24377154534429582 165.67347240379698 7.5823969632019175 704.42858886718761 0.77765035677879724 18.339211070765078 74.775760425746668 0.061997304582210248 3.5367159436308375 3530.5000000000005 -0.8783796973249266 208.85713958740237 1293.5000000000002 17658.500000000004 0.68301270189221941 0.0020639856862912161 420.94999694824224 1194.5000000000002 370.96429443359381 -0.5 1.0000000180025095e-35 1512.0000000000002 642.50000000000011 1.5000000000000002 1969.0000000000002 2.5000000000000004 2737.5000000000005 1059.5000000000002 17664.500000000004 320.57142639160162 1.0000000180025095e-35 86.500000000000014 436.40840148925787 12.964285850524904 1739.5000000000002 3.5000000000000004 -0.9159756150367534 17392.500000000004 221.16666412353518 63.976235375336096 -0.9159756150367534 1.0000000180025095e-35 2.5000000000000004 -0.8783796973249266 52.183334350585945 0.6830127018922193 2.5000000000000004 -0.9159756150367534 40.466646194458015 -0.9159756150367534 -0.9330127018922193 0.6830127018922193 3.5000000000000004 0.6830127018922193 2.5000000000000004 -0.9159756150367534 -0.78656609248549292 -0.8783796973249266 1.0703238949897103 66.500000000000014
decision_type=2 2 2 2 2 2 2 2 2 2 2 2 2 2 2 2 2 2 2 2 2 2 2 2 2 2 2 2 2 2 2 2 2 2 2 2 2 2 2 2 2 2 2 2 2 2 2 2 2 2 2 2 2 2 2 2 2 2 2 2 2 2
left_child=2 4 9 8 10 13 -4 59 30 15 -2 12 23 41 25 -1 -17 -18 51 36 35 22 -22 24 -7 26 -15 -27 -14 -30 40 32 53 34 -33 50 37 38 -10 -39 61 44 46 -44 45 -5 -43 48 49 -12 -21 -16 -46 -32 55 56 57 -9 -58 60 -6 -3
right_child=1 3 6 5 7 11 -8 54 19 -11 47 -13 28 14 18 16 17 -19 -20 20 21 -23 -24 -25 -26 27 -28 -29 29 -31 31 33 -34 -35 -36 -37 -38 39 -40 -41 -42 42 43 -45 52 -47 -48 -49 -50 -51 -52 -53 -54 -55 -56 -57 58 -59 -60 -61 -62 -63
leaf_value=-0.054537887180421567 0.0073564714418703535 0.043962229600570196 -0.027344343605222927 -0.040095162331791563 -0.028540647484141032 0.039507761754101339 -0.0090193281800771182 0.0053142318518422721 0.035688171031727271 -0.045113557581778506 -0.0064073739541439497 0.13309540080883403 0.094848821683995707 0.091193816536480649 0.092103954956328379 -0.053166480886223694 0.091977560533847424 -0.043898248849967514 -0.036252927032793696 0.09001839401982363 0.10839757854916068 0.034751376985152412 0.26138951193568521 -0.0034559139601800779 0.12322415441419894 0.057255240758805753 0.17352534378022477 0.07979711223786437 0.088778197020304456 0.13980416369140519 0.094105465287775164 0.050307147514860311 0.052321395310916868 0.047952810839319501 0.19132103719845037 0.063649762702146076 -0.027142327405842409 0.045123850811701678 0.078337428972920314 0.058750877623102764 -0.020268758893041184 0.13504729243244881 0.045486552725719102 0.08354552113426289 0.089423425393503869 0.045246452305270052 0.082046362800784034 0.01090094438781411 0.021056532819528708 0.052979348403225796 0.2436948307550294 0.038436334979509518 0.062707146549397991 0.047763407467580468 0.04691047284161029 0.029535337888940999 0.048199108123086067 0.071001338146150353 0.033810421703229357 0.029910325413706609 0.044618360879651389 0.058164599743548817
leaf_weight=6286902.2791414857 523168.10266768932 481298.44748783112 638800.59311896563 4761.2587203979492 6101.2890739440918 12689.698421478271 500107.56620061398 13588.899426460266 113371.65919971466 751343.05279499292 14249.940754652023 29644.83634185791 199722.88820648193 82760.356824874878 10967.188316345215 24878.146224558353 7128.7554157972336 5037.2701291441917 4045.6679191589355 26840.042019844055 5375.2268218994141 2420.8850784301758 3000.9704818725586 7170.3156623840332 7618.8866653442383 67257.16294670105 5861.1482238769531 622122.34231185913 16474.258785247803 28410.770530700684 29596.049087524414 1901.6125793457031 578428.52508831024 4578.684534072876 4695.3707733154297 192617.71014881134 3298.0963363647461 189637.14039611816 259519.4376335144 661523.52308750153 5122.1861801147461 11236.053386688232 72696.678609848022 54331.698202133179 34638.982053756714 45818.691743850708 114378.14417648315 180381.79347288609 420345.21474945545 53655.828375577927 945.25764274597168 22419.560731887817 206992.44810295105 13723.715734958649 538553.44639968872 176246.38028812408 156623.26172685623 57088.641034603119 252442.77557897568 857826.56341028214 157304.19903993607 120002.05368804932
leaf_count=7561781 218874 25600 538598 127 1236 129 301889 1321 3719 816167 3735 88 1210 935 124 29114 4151 5483 61 743 77 51 21 58 50 922 39 7439 86 90 1211 60 26465 129 79 4994 102 6065 6352 19026 211 159 1310 843 518 860 1602 52162 108674 12399 16 349 3660 782 42616 16953 13180 3874 21415 133965 20915 5449
internal_value=-0.00111296 0.04916 -0.0486519 0.0645082 0.0295222 0.0783567 -0.0192976 0.0375406 0.055977 -0.0533771 0.0146143 0.0985612 0.0947985 0.073875 0.0782209 -0.0543589 -0.0239747 0.0357187 0.046088 0.0603796 0.0707519 0.134411 0.163214 0.0515087 0.0709152 0.0797669 0.0966392 0.0775979 0.0996616 0.121076 0.0507957 0.05517 0.0542098 0.108591 0.150675 0.0676332 0.0584258 0.0586563 0.0653706 0.0557148 0.0462301 0.067371 0.0742062 0.061765 0.0614613 0.0372128 0.0867874 0.0202932 0.0237631 0.0405171 0.0952475 0.0560659 0.0665371 0.0794245 0.0424256 0.0387436 0.0421265 0.058372 0.0393196 0.0318266 0.0418867 0.0467966
internal_weight=1.59817e+07 7.76749e+06 8.2142e+06 4.35992e+06 3.40758e+06 1.66202e+06 1.13891e+06 2.21578e+06 2.6979e+06 7.07529e+06 1.1918e+06 301732 272087 1.36029e+06 815433 6.32395e+06 37044.2 12166 37432.4 1.45855e+06 231200 10797.1 8376.2 27478.9 20308.6 778001 88621.5 689380 244608 44885 1.23935e+06 632924 621748 11175.7 6596.98 220403 1.22735e+06 1.22405e+06 372891 851161 606423 544854 252643 127028 292211 50580 125614 668633 488251 67905.8 27785.3 33386.7 241631 43319.8 1.19454e+06 655990 479744 70677.5 409066 1.02123e+06 163405 601301
internal_count=10030313 773130 9257183 121811 651319 20659 840487 255475 101152 8416696 395844 1711 1623 18948 9869 7600529 38748 9634 534 41166 5902 149 98 237 179 9335 974 8361 1386 176 59986 28726 28458 268 139 5753 35264 35162 10071 25091 31260 9079 3914 2153 5165 987 1761 176970 124808 16134 759 473 4178 1993 99359 56743 39790 5195 34595 156116 22151 31049
is_linear=0
shrinkage=0.05


Tree=17
num_leaves=63
num_cat=0
split_feature=15 15 15 15 15 26 15 15 15 15 20 8 11 13 19 28 0 8 22 0 22 28 17 11 2 12 10 18 22 28 10 26 26 11 2 12 27 28 27 23 27 22 28 27 11 11 13 0 0 22 12 2 3 27 2 0 13 3 21 24 2 22
split_gain=1.38788e+07 787069 430525 204728 105094 48381.6 33657.3 32746.7 22368.9 22137.7 21301.5 18141.6 14079.1 12241 13824.1 11995.9 15200 11810.9 11233 9911.57 9973.01 17566.5 9782.42 9570.25 9730.39 11281.3 9322.57 9242.09 8988.11 15083.9 8885.54 8793.65 12388.7 8761.44 15792.9 8819.84 8518.95 8498.99 17782.3 13812.4 11300.9 10558.9 9351.52 8609.11 8306.4 16573.3 36404.6 17988.9 11626.6 11147 10961.5 9541.48 8103.71 8052.46 8026.5 7701.71 7284.85 7180.05 7037.25 6508.98 6484.51 6374.24
threshold=1.6301629656892815 29.613025284571467 0.23397722567287788 165.67347240379698 4.9347144125480922 701.90625000000011 0.59102817904440841 74.775760425746668 0.061997304582210248 10.587915746895389 3530.5000000000005 -0.8783796973249266 -0.9330127018922193 -0.5 88.500000000000014 1144.5000000000002 7.5000000000000009 -0.8783796973249266 585.00000000000011 18.500000000000004 263.71427917480474 1293.5000000000002 3717.5000000000005 0.6830127018922193 2.5000000000000004 -0.9159756150367534 -1.0000000180025095e-35 2838.5000000000005 19.071428298950199 284.50000000000006 -0.6830127018922193 1.0000000180025095e-35 28.462091445922855 0.6830127018922193 2.5000000000000004 -0.9159756150367534 16.289425849914554 1194.5000000000002 351.83287048339849 220.57143402099612 605.48962402343761 43.785715103149421 360.50000000000006 446.05894470214849 0.6830127018922193 0.25000000000000017 -0.5 14.500000000000002 7.5000000000000009 44.357141494750984 -0.9159756150367534 3.5000000000000004 2.5000000000000004 17.161990165710453 11.500000000000002 18.500000000000004 -0.78656609248549325 4.5000000000000009 814.50000000000011 15.783333301544191 6.5000000000000009 24.214285850524906
decision_type=2 2 2 2 2 2 2 2 2 2 2 2 2 2 2 2 2 2 2 2 2 2 2 2 2 2 2 2 2 2 2 2 2 2 2 2 2 2 2 2 2 2 2 2 2 2 2 2 2 2 2 2 2 2 2 2 2 2 2 2 2 2
left_child=2 4 8 7 17 12 28 31 -1 -6 11 27 13 14 -5 16 -13 55 -17 20 53 -22 37 24 25 -19 59 30 -4 -30 -7 36 54 34 35 -8 -3 38 39 -9 43 -42 -40 -39 45 50 47 -47 49 -46 51 -11 -27 -14 -33 -2 -16 -12 61 -26 -36 -15
right_child=1 3 6 5 9 10 33 22 -10 44 57 15 19 58 56 18 -18 23 -20 -21 21 -23 -24 -25 26 52 -28 -29 29 -31 -32 32 -34 -35 60 -37 -38 40 42 -41 41 -43 -44 -45 48 46 -48 -49 -50 -51 -52 -53 -54 -55 -56 -57 -58 -59 -60 -61 -62 -63
leaf_value=-0.054294653853934283 0.017457217914988558 0.036665059067265741 -0.029664857997635925 0.013697458718990006 0.023182678757267518 -0.019233704228695171 -0.026344379641018729 0.053938412903337396 -0.04486947695370036 0.017278995517582219 0.1091881344392443 0.12435873850278062 0.12874411518455747 0.031945000912843656 0.13573040270951883 0.074272532053846027 0.067976657960216499 -0.013719423445854861 0.097319960306174624 0.036712278356418673 0.070831740820680722 0.012527670210954224 0.18995894888802869 -0.0028722967136038842 0.015671987280163207 0.017582529206255398 0.0021873384540269892 -0.015271447105659613 0.41853312889163607 -0.050028536900797664 0.065674170919296726 0.036342763726996456 0.045782100798931719 -0.021417083231104212 -0.016541137807703433 0.024031485856322424 0.064571328201583469 0.063866948765301232 0.055812981115028831 0.074878840483643308 0.014627191571006091 0.11946948681406198 0.030675314949586748 0.032506265347461788 0.039527895291044342 0.057083280712778565 0.022828477946432085 0.10589024482794794 0.025092379642861814 0.1062208410590329 0.030394848264994695 0.048015737800511604 0.055649091389163845 0.059238113783506435 0.0039368141807601727 0.049451186968755764 0.04946886902767561 0.16334932414010384 0.11668046990208532 0.078384098818845171 -0.0027748315993985622 0.085009956982704027
leaf_weight=6022512.1728820801 100938.80894708633 37317.171889781952 486143.28077089787 13247.455680847168 735664.48981380463 3354.225513458252 10475.707043886185 1018220.4448509216 703008.97523486614 29445.901264667511 28159.970855712891 13116.311729431152 4198.364236831665 6019.5328788757324 4832.9672470092773 73737.280174255371 134895.37147903442 13309.506752371788 186835.82787322998 33404.052856445312 508129.29267311096 13256.233825683594 1340.6620254516602 190808.28428423405 151066.13734650612 26736.840269446373 287531.02047491074 4696.0278091430664 298.80886054039001 403.69812643527985 37844.366786956787 217381.73534345627 1472231.5002250671 171125.89377176762 252712.81930649281 50930.803148627281 102383.31928396225 199350.42512512207 53314.789295196533 85350.996253967285 2875.3377304077148 14577.536956787109 120893.02519226074 24583.775255203247 26077.565079689026 59220.969760894775 63440.704440832138 27715.096097230911 359014.57968640327 8246.7733607292175 642191.92904257774 177166.45513081551 29305.946306347847 559683.31892204285 20949.975497245789 23118.536445021629 4959.4996910095215 7819.3823013305664 16929.519430160522 4254.0908970832825 129317.00165367126 94653.209033966064
leaf_count=7600529 37586 2656 434174 245 156639 39 7092 29461 796712 3688 91 113 52 97 56 658 1196 5458 879 486 5704 206 8 80625 56245 9502 110443 42 26 264 388 14406 75158 118065 167286 30070 5356 5102 1174 1634 70 212 2991 514 3202 5293 7343 2157 44356 542 72605 18131 9541 9001 1618 7516 82 21 164 835 83369 1139
internal_value=-0.0011171 0.0448676 -0.0485639 0.0567259 0.0243208 0.0706022 -0.0195863 0.0495227 -0.0533095 0.0301987 0.0839248 0.0809929 0.0654136 0.080324 0.0469968 0.0843409 0.0729732 0.00919581 0.090798 0.063539 0.0643647 0.0693494 0.0549591 0.00668581 0.0102465 0.027661 0.00751924 0.0511859 -0.0294066 0.149297 0.0587612 0.0450551 0.04407 -0.0118069 -0.00809819 0.0154375 0.057117 0.0548399 0.0532144 0.055558 0.0634445 0.102197 0.0383685 0.0604242 0.0339053 0.0363282 0.0516274 0.072643 0.0277504 0.055552 0.0336178 0.0436352 0.0374885 0.0597557 0.0334942 0.0234195 0.0920438 0.12096 0.0868532 0.0173897 -0.0118813 0.0818371
internal_weight=1.59027e+07 8.0758e+06 7.82693e+06 5.12054e+06 2.95525e+06 1.74977e+06 1.10141e+06 3.37077e+06 6.72552e+06 2.12818e+06 490459 454479 1.25931e+06 140642 23039.9 408585 148012 827069 260573 1.11867e+06 1.08527e+06 521386 1.52051e+06 703012 512204 69352.3 442851 45894.6 486846 702.507 41198.6 1.85026e+06 1.71056e+06 614562 443436 61406.5 139700 1.51917e+06 1.27778e+06 1.10357e+06 241387 17452.9 174208 223934 1.39252e+06 999181 150377 86936.1 393339 34324.3 848804 206612 56042.8 563882 238332 124057 9792.47 35979.4 117602 155320 382030 100673
internal_count=10030313 792726 9237587 161019 631707 20659 840346 140360 8397241 313956 3427 3315 17232 1783 383 2846 1309 317751 1537 15449 14963 5910 41166 272649 192024 24501 167523 469 434464 290 427 99194 91182 405882 287817 37162 8012 41158 35260 31095 5898 282 4165 5616 157317 109217 14793 7450 48100 3744 94424 21819 19043 9053 16024 45102 138 112 1400 57080 250655 1236
is_linear=0
shrinkage=0.05


Tree=18
num_leaves=63
num_cat=0
split_feature=27 24 27 16 23 16 16 24 2 16 2 26 26 16 24 16 23 11 11 13 2 12 2 2 2 11 14 13 13 13 13 2 2 12 20 27 19 21 11 12 27 13 2 2 12 12 26 18 26 2 12 25 8 8 2 14 11 5 3 21 19 13
split_gain=1.21122e+07 705726 335133 200188 139360 102108 56030.6 50435.8 34923.1 29715.7 29666.1 27825.5 44197.4 27631.3 26525.5 22437.4 21705.7 19336.3 24610.3 18917.5 18290 24169.1 16728.4 15442 15011.7 17739.5 25668.1 17153.1 14755.4 13839.2 18629.8 16347.5 29056.2 43650.1 12802.2 12631.3 11729.7 11721.1 11685.4 11565 11340.9 11133.2 17803.5 15349.4 16554.8 13254.5 10767.1 10500.1 10488 10436.7 10356.8 10305.1 10075.2 9751.33 9651.01 9602.56 9205.31 9171.16 8808.04 8704.54 11188.3 8617.75
threshold=3.0400581359863286 34.95000076293946 0.64370155334472667 2.6356379069367666 260.82142639160162 4.778097130446838 0.31840752987618476 5.3833334445953378 2.5000000000000004 0.16717038771754847 1.5000000000000002 1.0000000180025095e-35 19.753215789794925 30.592827262108496 544.70001220703136 0.76774818292412927 1.0000000180025095e-35 0.6830127018922193 -0.9330127018922193 0.25881904510252057 2.5000000000000004 -0.9159756150367534 2.5000000000000004 1.5000000000000002 2.5000000000000004 0.6830127018922193 17621.500000000004 0.1294095225512602 -0.60355339059327384 -0.60355339059327384 0.1294095225512602 3.5000000000000004 1.5000000000000002 -0.5 1391.0000000000002 1.0000000180025095e-35 1577.0000000000002 106.50000000000001 -0.68301270189221952 0.78656609248549325 1.0000000180025095e-35 -0.5 3.5000000000000004 3.5000000000000004 -1.0000000180025095e-35 -0.5 2.1361608505249028 1557.0000000000002 5.8640737533569345 4.5000000000000009 0.78656609248549325 685.08245849609386 -0.8783796973249266 -0.8783796973249266 1.5000000000000002 17392.500000000004 -0.68301270189221952 1.0000000180025095e-35 3.5000000000000004 1417.0000000000002 391.00000000000006 0.60355339059327384
decision_type=2 2 2 2 2 2 2 2 2 2 2 2 2 2 2 2 2 2 2 2 2 2 2 2 2 2 2 2 2 2 2 2 2 2 2 2 2 2 2 2 2 2 2 2 2 2 2 2 2 2 2 2 2 2 2 2 2 2 2 2 2 2
left_child=2 3 5 7 13 9 -4 15 10 40 61 20 48 41 59 -2 22 18 -16 37 21 -5 -8 -23 25 26 -11 -28 -12 31 47 32 -15 -34 36 -26 -19 -10 -22 -20 -1 42 45 44 54 57 -18 51 -13 -24 -17 -31 -32 -46 -43 -33 -54 -3 -57 -6 -61 -7
right_child=1 4 6 11 14 8 16 -9 19 24 28 12 -14 29 17 50 46 34 39 -21 38 23 49 -25 35 -27 27 -29 -30 30 52 55 33 -35 -36 -37 -38 -39 -40 -41 -42 43 -44 -45 53 -47 -48 -49 -50 -51 -52 -53 56 -55 -56 58 -58 -59 -60 60 -62 -63
leaf_value=-0.054903103317591399 -0.0088579984543528251 0.071183868938678549 -0.032979407029959357 0.017444370172637776 0.060660213634031901 0.026911889904309302 0.034442818729894353 0.02103127338864768 -0.0018080514505159134 -0.02562858568123207 0.19602537529125841 0.010541200553737636 0.034977694257690574 0.029861691504452482 0.10813363852246943 0.0045338630544086347 -0.022964767176161804 0.068959187928434654 0.051791861359370632 -0.045615591510441901 0.053304110028324872 0.0041128458533696522 -0.022414616654964793 0.080919056689173971 -0.051338409248495434 -0.045071761105114551 0.13229925514626684 0.010356960496787582 0.070969256679660114 0.058213344207102162 0.065071438334584328 0.023192253778540672 0.11727162197233132 0.055116280497607667 0.10952503701037911 -0.03478719229073686 0.10463238980513755 0.10922727469390026 0.029394386650621065 0.073424128980949452 -0.048717860522717066 0.037942133142851525 0.030483684533590117 0.049655816803571465 0.013260866728003954 0.039776095445965415 -0.0051529030893132004 -0.0019503547926943917 0.023648901691586066 0.0090421196334984268 0.02653473161210242 0.08619262361918914 0.053604515588802165 0.049915634963890183 0.0068379506801163909 0.037831249553028246 0.031791858459100333 -0.0082882407369643772 0.052318194222274156 0.068693515969095731 0.13767651175266743 -0.048294362162847465
leaf_weight=4696573.1128640175 387044.81100612879 65149.53816652298 433388.78470259905 23798.1606746912 795671.90021800995 12641.454978466034 41276.270944058895 429641.49991559982 29381.188591241837 65103.44962990284 3309.7777426242828 208481.01275962591 1412292.2297381163 69172.323578834534 34942.64769744873 352538.55086070299 198563.05178928375 73120.988861083984 115988.15370750427 36176.959121644497 75621.395584344864 7145.4023245573044 42234.131008088589 77783.766984820366 462167.87647151947 94691.505843281746 4358.6587450504303 8523.0368220210075 8209.9075019955635 801931.29358530045 45165.826596736908 64400.862526893616 35884.654232025146 132714.94570827484 57148.250846862793 153582.5662599802 33648.732757568359 2585.8422985076904 157610.42219161987 132221.28559494019 879980.96439570189 42876.544149875641 365747.51845645905 721090.56744885445 20711.13903427124 133828.69471979141 148144.48026651144 7041.6457481384277 569460.07423734665 70187.500863134861 63060.238877534866 34318.965450286865 72807.863585472107 146436.13019752502 59612.172855854034 250833.63660001755 144103.96853232384 3844.3147630691528 180377.33638572693 20166.090118408203 8296.4497966766357 5451.770114004612
leaf_count=6245154 237924 3118 428682 2479 9948 3571 19249 94376 14407 72329 891 49581 142795 2145 159 144008 142288 447 977 36823 9404 929 29094 6688 572578 106332 2868 7788 4638 15939 1626 2572 658 3852 224 157193 143 123 22319 602 1109910 1835 19370 27941 861 6610 81873 128 95192 36773 16732 463 2815 5022 2770 7900 5953 248 5232 219 70 5475
internal_value=-0.00111624 0.039842 -0.047818 0.0237338 0.052829 -0.0518636 -0.0198187 0.00720541 -0.00115085 -0.0526425 0.0441832 0.0317772 0.0297062 0.0475456 0.0669518 -0.000195332 -0.00842052 0.0767582 0.0688463 -0.0208515 0.0450421 0.0619783 0.00721971 0.0744571 -0.0435566 -0.0305281 -0.0128687 0.0516185 0.106902 0.0516977 0.055231 0.0463722 0.0571499 0.0683455 0.0904251 -0.0472102 0.0802018 0.00717385 0.0371467 0.0633154 -0.0539271 0.0426495 0.0370724 0.0458501 0.0356724 0.0489537 -0.015354 0.0588496 0.0201362 -0.00277539 0.00787215 0.0593616 0.043587 0.0453738 0.0198506 0.0412016 0.0391135 0.0667556 0.0438912 0.0616321 0.0888017 0.00425066
internal_weight=1.58303e+07 8.43373e+06 7.39653e+06 3.76448e+06 4.66925e+06 6.46274e+06 933794 1.23229e+06 97756.9 6.36498e+06 29612.9 2.53219e+06 2.19023e+06 3.39805e+06 1.2712e+06 802644 500405 447070 283152 68144 341959 108727 153698 84929.2 788427 172677 77985.1 12881.7 11519.7 1.83875e+06 1.10537e+06 733384 237772 168600 163918 615750 106770 31967 233232 248209 5.57655e+06 1.5593e+06 568570 990727 269636 202823 346708 843292 777941 112422 415599 836250 262078 167147 102489 495612 216912 68993.9 431211 824134 28462.5 18093.2
internal_count=10030313 952274 9078039 822427 129847 8340080 737959 493040 65928 8274152 14575 329387 287568 117058 12789 398664 309277 2552 1738 51353 41819 10096 85116 7617 919088 189317 82985 10656 5529 49283 26924 22359 6655 4510 814 729771 590 14530 31723 1579 7355064 67775 29346 38429 10488 9976 224161 16530 144773 65867 160740 16402 10394 5883 4605 15704 8768 3366 13132 10237 289 9046
is_linear=0
shrinkage=0.05


Tree=19
num_leaves=63
num_cat=0
split_feature=15 15 15 15 15 25 15 15 15 15 14 10 13 25 23 10 28 24 14 14 25 0 24 17 22 28 2 16 26 25 14 22 23 16 26 17 14 21 13 23 24 21 13 23 16 10 11 2 16 21 17 16 26 11 2 25 2 2 12 17 24 14
split_gain=1.15915e+07 612311 335488 133919 104261 33247.6 23964.1 22062.1 19739.1 16368.4 16039.9 26275.2 22225.8 13269.5 14478.7 11331.3 10487.2 10125.4 9813.37 11726.8 14292.4 11291.6 9555.79 16196.2 9391.76 12011 9086.39 8827.38 8738.04 12713.5 8598.4 10556.1 9880.81 9769.2 9186.91 9007.49 8574.76 9202.98 11181.4 9271.75 8092.5 7863.31 7652.23 8853.39 7374.27 11376.1 7319.27 12447.5 12844.6 7236.77 7691.15 23459.9 7892.97 7142.18 8420.68 7075.81 6785.1 9380.52 10669.8 6725.39 6538.41 7858.44
threshold=1.2680549082273567 29.613025284571467 0.20590529503533087 165.67347240379698 4.9347144125480922 896.63085937500011 0.5438784326984486 74.775760425746668 0.045236172013231789 14.790695415695417 17658.500000000004 0.68301270189221941 0.25881904510252057 5.1385517120361337 1.0000000180025095e-35 -0.6830127018922193 1144.5000000000002 0.35000000894069677 16174.000000000002 17665.500000000004 226.5472106933594 10.500000000000002 420.94999694824224 787.00000000000011 19.071428298950199 284.50000000000006 1.5000000000000002 44.580369788364791 1.0000000180025095e-35 10.810047626495363 17664.500000000004 320.57142639160162 331.96427917480474 0.61367025378736628 1.0000000180025095e-35 763.50000000000011 17670.500000000004 34.500000000000007 -0.78656609248549325 370.96429443359381 1.5500000119209292 1176.0000000000002 -0.37940952255126015 370.96429443359381 10.907577751196174 0.68301270189221941 0.6830127018922193 2.5000000000000004 17.449615571293052 873.50000000000011 1179.0000000000002 63.976235375336096 436.40840148925787 -0.68301270189221952 2.5000000000000004 23.735647201538089 2.5000000000000004 1.5000000000000002 -0.9159756150367534 41.500000000000007 14.550000190734865 16174.000000000002
decision_type=2 2 2 2 2 2 2 2 2 2 2 2 2 2 2 2 2 2 2 2 2 2 2 2 2 2 2 2 2 2 2 2 2 2 2 2 2 2 2 2 2 2 2 2 2 2 2 2 2 2 2 2 2 2 2 2 2 2 2 2 2 2
left_child=2 4 8 7 13 15 24 30 10 28 44 -12 -13 14 17 -5 22 -2 55 20 -20 -21 -7 27 -4 -26 -18 -24 56 -30 59 33 35 -32 -35 -33 49 38 -38 -40 -31 -25 -28 -44 -1 -46 47 48 -8 50 52 -52 -9 -19 -55 -17 57 -6 -59 -3 -49 -62
right_child=1 3 6 5 9 16 46 36 -10 -11 11 12 -14 -15 -16 18 26 53 19 21 -22 -23 23 41 25 -27 42 -29 29 40 31 32 -34 34 -36 -37 37 -39 39 -41 -42 -43 43 -45 45 -47 -48 60 -50 -51 51 -53 -54 54 -56 -57 -58 58 -60 -61 61 -63
leaf_value=-0.05459386479640882 -0.0018745268757414232 0.032989455547960261 -0.029942334819578899 0.042134228343788549 0.00099166119253269835 0.031260626826087184 0.0078681246011034038 0.046141852626094063 -0.045818469892221159 0.030617962651681818 -0.052879965978698151 0.17742643550229684 0.0058527774860753579 0.014473261676151662 -0.0024993159444058072 -0.029559458208858275 0.09906698379429589 0.042294258217601098 0.050529865420061264 0.061751364619789618 0.065058495238740341 0.046486638535175567 0.13591411498446429 0.01981511706592479 0.3884867861375903 -0.050984636540288335 0.082778336045995382 0.075692012884441662 0.01443123969842925 0.090490620301260982 0.27767203207344243 0.13291713644942735 0.012445896970270947 0.058702407760507107 0.039583786237867874 0.0068323481441072628 0.02337611300921914 0.03483992804489882 0.066324371644356631 0.12677297268479398 0.025008582951283026 0.089078269252552925 0.099259342064358214 0.059683999984598647 -0.055392232790014456 0.080012385055620486 -0.023739197393765534 -0.014432102418306548 0.14278986599785301 0.021774217496638375 0.038221944711320031 0.15675410591487055 0.032141789203646513 0.034180489730471157 0.0025450322961221329 0.038242283430944352 0.026040383783424804 0.0050709314387525507 0.0707989792355493 0.042561432019436622 0.31360408791688993 0.026787181851809255
leaf_weight=5244946.1772654653 65088.633367657661 810655.46706581116 469613.72531324625 153984.07622718811 8617.0573012828827 25896.075035095215 48881.347637653351 1327404.2346372604 784513.4770886302 1037346.4836497307 19532.306966006756 2425.8414735794067 8505.3448757529259 340847.72907137871 458540.62499296665 4707.8647785186768 38789.966815948486 33301.376475095749 239314.91347312927 178527.30360221863 578445.71564102173 376971.23011398315 7662.1051559448242 18435.557464599609 304.88491296768188 317.0698721408844 107600.33451461792 29571.957099914551 483903.81032657623 4760.0524353981018 436.20543098449707 8212.3153209686279 3403.9957065582275 67931.743305683136 837625.42835521698 1711.8702125549316 14429.694902420044 34059.7975025177 91856.323181152344 6814.3529663085938 536612.80744862556 5268.8761901855469 16177.509906768799 111797.64250946045 3871.2250123023987 2588.1826908588409 138790.3420291543 310839.64129513502 1829.9427893161774 32874.602352142334 12705.642597198486 6217.0421504974365 108940.64300727844 34880.628401279449 52992.110396623611 21064.716749191284 111228.64387583733 7603.3926818370819 32857.313602924347 237211.93957996368 320.15390157699585 939.44528579711914
leaf_count=7305631 34009 45404 453597 1914 2205 293 32582 34452 990816 98077 26252 643 7752 120900 199541 110 158 12128 3514 1931 5791 5023 46 144 24 214 350 200 95818 858 10 160 85 3121 39013 47 327 809 2021 77 89057 34 131 670 4672 1262 105188 224668 586 891 260 67 2262 12411 22060 350 21891 1479 4571 11354 39 363
internal_value=-0.00111094 0.0373974 -0.0488498 0.0474988 0.0200294 0.0581859 -0.021576 0.0418202 -0.053219 0.0260311 -0.0543183 -0.0181415 0.04393 0.00649388 0.00227592 0.055008 0.0718497 0.0140316 0.0564249 0.0569986 0.0608068 0.0513925 0.0567052 0.0675178 -0.0296852 0.164466 0.0766427 0.0880851 0.0220177 0.0203204 0.0382526 0.0417819 0.0859559 0.041132 0.041018 0.111169 0.0461118 0.0576255 0.0644872 0.0704992 0.0255844 0.035211 0.0729503 0.0646869 -0.0545281 -0.00113657 -0.0139739 -0.0102382 0.0127372 0.0449732 0.0454972 0.0771665 0.04508 0.0225756 0.0151026 0.0258567 0.0328734 0.0483596 0.0584475 0.0351563 -0.0139714 0.0997109
internal_weight=1.57635e+07 8.72529e+06 7.03822e+06 5.51671e+06 3.20858e+06 1.91422e+06 971837 3.60249e+06 6.06638e+06 2.22293e+06 5.28187e+06 30463.5 10931.2 985651 644803 1.55302e+06 361200 186263 1.39903e+06 1.37326e+06 817761 555499 86834.6 60938.5 470236 621.955 274365 37234.1 1.18558e+06 1.02528e+06 1.96719e+06 919322 13328.2 905993 905557 9924.19 1.6353e+06 147160 113100 98670.7 541373 23704.4 235575 127975 5.25141e+06 6459.41 501601 362811 50711.3 1.48814e+06 1.45527e+06 18922.7 1.43634e+06 121174 87872.7 25772.6 160306 49077.8 40460.7 1.04787e+06 312099 1259.6
internal_count=10030313 876024 9154289 161019 715005 20659 817261 140360 8337028 313956 7346212 34647 8395 401049 280149 18633 2026 80608 16719 16259 9305 6954 717 424 453835 238 1309 246 215879 185733 99194 42436 292 42144 42134 207 41166 3234 2425 2098 89915 178 1151 801 7311565 5934 363426 258238 33168 37932 37041 327 36714 46599 34471 460 30146 8255 6050 56758 225070 402
is_linear=0
shrinkage=0.05


Tree=20
num_leaves=63
num_cat=0
split_feature=15 15 15 15 15 26 15 15 14 14 10 28 3 3 16 8 0 16 15 28 22 14 22 22 3 3 12 25 26 27 3 12 10 2 8 11 14 17 28 22 28 22 11 2 12 3 12 28 0 18 28 24 16 10 0 11 11 8 11 2 16 11
split_gain=1.06219e+07 527236 320995 122109 83123.1 39500.7 21020.5 20682.9 17982.7 16056.6 24399.3 14794.6 14451.9 31497 13990.6 19822.6 20948.1 16460 13647.6 13364 13298.5 12876.7 12125.2 13179.7 10843.4 12815.2 19509.2 10659.2 12398.5 9335.33 9188.12 9176.66 26450.3 21042.6 17053.2 14081.3 8853.56 13100.4 8830.76 8500.98 10013.6 8392.15 8494.99 15554.7 8328.49 8138.42 8024.68 8010.18 7753.83 9010.82 8021.7 7481.75 7295.62 10172 6893.59 6838.18 8849.25 8390.47 6619.66 10553 9892.01 6434.22
threshold=1.1995905726953477 24.469392948018903 0.20590529503533087 104.24492360186515 4.153881650683072 701.90625000000011 0.5438784326984486 0.045236172013231789 17669.500000000004 17658.500000000004 0.68301270189221941 1215.5000000000002 5.5000000000000009 3.5000000000000004 63.976235375336096 -0.8783796973249266 8.5000000000000018 17.449615571293052 0.0020639856862912161 852.50000000000011 169.64286041259768 17666.500000000004 11.785714149475099 79.642856597900405 3.5000000000000004 5.5000000000000009 0.91597561503675362 4.1547436714172372 0.13364632236880428 6.3929290771484384 5.5000000000000009 -0.9159756150367534 0.68301270189221941 3.5000000000000004 -0.8783796973249266 0.6830127018922193 17668.500000000004 841.50000000000011 1267.5000000000002 19.071428298950199 284.50000000000006 24.214285850524906 0.6830127018922193 2.5000000000000004 0.37940952255126054 3.5000000000000004 -0.9159756150367534 504.50000000000006 15.500000000000002 194.50000000000003 1144.5000000000002 0.25000000745058065 10.907577751196174 0.68301270189221941 10.500000000000002 -0.68301270189221952 0.25000000000000017 0.87837969732492682 0.6830127018922193 2.5000000000000004 44.580369788364791 0.6830127018922193
decision_type=2 2 2 2 2 2 2 2 2 2 2 2 2 2 2 2 2 2 2 2 2 2 2 2 2 2 2 2 2 2 2 2 2 2 2 2 2 2 2 2 2 2 2 2 2 2 2 2 2 2 2 2 2 2 2 2 2 2 2 2 2 2
left_child=2 4 7 24 27 14 39 9 12 52 -11 21 13 20 15 17 30 -5 -12 -15 -7 41 -10 -24 61 26 36 28 51 -18 -17 34 54 -34 35 -16 38 -38 -26 -4 -41 42 43 -6 -27 -13 -25 -36 50 -50 -14 -2 -1 -54 -33 57 -57 -53 59 60 -8 -3
right_child=1 3 6 5 11 8 58 -9 22 10 18 45 48 19 31 16 29 -19 -20 -21 -22 -23 23 46 25 44 -28 -29 -30 -31 -32 32 33 -35 47 -37 37 -39 -40 40 -42 -43 -44 -45 -46 -47 -48 -49 49 -51 -52 55 53 -55 -56 56 -58 -59 -60 -61 -62 -63
leaf_value=-0.054539996928175384 -0.0046199208359887179 0.035065636461232681 -0.029200749887374269 -0.019202992548498023 0.035842838798438192 0.012646200853314391 0.0086528352962016771 -0.045370322414253143 0.11848228966941637 -0.052735416031139196 0.07760285739885725 0.025070374575661376 0.063661703496843566 0.038493735929084547 0.063784520492781854 0.050528993464827969 0.12999027735968888 0.032945820187507115 -0.041820615725852869 -0.0070479481338576793 0.063158896700388822 0.03695206791277654 -0.022225984324242068 0.053578983572901376 0.039599532915245997 0.02725339030739117 0.014442323574802305 0.011556082039799765 -0.0048864995312248556 0.040416206712702601 0.06714291449756099 0.048337378297309185 0.076169572518621595 0.037696404548985089 0.044681893529869406 0.11033706985498537 0.053218666845140199 0.19607999267075246 0.05601993678558638 0.34990633700664131 -0.050747849842507999 0.027147066442241952 0.011568141594303952 0.017822716381869625 0.042892859289432143 0.040245483317394803 0.073314029671539035 0.059236754412932247 0.10358443711489024 0.046131766553234269 -0.038519148486260882 0.028128853208443851 -0.055382951226563476 0.071981332698696734 0.034027024861625323 -0.011847752001663566 0.021992733658815166 0.10578223825910663 -0.023517612678479051 -0.013763436363058559 0.1841526804865822 0.02810227304296016
leaf_weight=4993952.3801871538 51806.415444850922 1217638.3900904655 457768.1096432209 16988.855404853821 139959.20832848549 14266.467014312744 46651.237512588501 753439.34952563047 12278.191745758057 18629.369161248207 7732.7490227818489 195158.37283337116 8781.9476280212402 35200.53413772583 49459.015110015869 421967.02218055725 2920.1687927246094 138388.239610672 3463.8148905038834 29699.599422454834 150369.26540756226 114987.14628624916 4011.4583625793457 65910.792144775391 593318.81201076508 288718.06427192688 58027.029190063477 324467.97678589821 381385.03747677803 741439.11235427856 103667.64935684204 138136.00548744202 111666.36326980591 52134.679122924805 169383.45660400391 24189.865650177002 169636.97497367859 1619.9709949493408 94989.69796037674 321.17801189422607 302.97892987728119 304165.63867354393 375728.05937695503 829499.56958246231 120722.35437774658 161444.35388159752 235816.14897918701 213924.44990921021 26712.792827606201 9167.4411811828613 2458.2795867919922 29902.954732060432 3683.0250018239021 2729.2422851324081 215374.10908317566 29042.588848352432 57696.541547775269 3936.5548965930939 128461.82781004906 289128.77522724867 816.88342535495758 455983.13887786865
leaf_count=7305631 28865 56349 453597 493 20828 168 31005 990816 94 26252 4151 29213 68 309 564 6273 55 2870 4244 372 1193 12535 37 472 27366 14388 3005 124539 177670 14304 1376 1794 1341 774 1947 230 6036 23 3950 24 214 33831 71520 142288 5566 21948 839 2253 176 62 32 11681 4672 1262 3703 13010 23545 1295 100122 212927 203 23943
internal_value=-0.00110243 0.0344108 -0.0487254 0.0429733 0.0172955 0.0501168 -0.0213509 -0.0530962 0.0616529 -0.0542534 -0.017676 0.0226519 0.0523307 0.0471528 0.0472579 0.0441015 0.0461639 0.0272439 0.040657 0.0176529 0.0587818 0.0207745 0.0697626 0.067806 0.0358449 0.0392204 0.0425026 0.00435985 0.000143377 0.0407676 0.0538057 0.0518758 0.047315 0.0639244 0.057039 0.0790748 0.0443969 0.0545702 0.0418656 -0.0289493 0.155435 0.0196466 0.0179506 0.0204243 0.0318647 0.0319406 0.069003 0.052805 0.0775531 0.0889055 0.0413138 0.0112715 -0.0544716 -0.00117205 0.0396189 0.0180993 0.010662 0.0371627 -0.0138615 -0.0101762 0.0116735 0.0331685
internal_weight=1.57012e+07 8.99415e+06 6.70708e+06 5.99497e+06 2.99918e+06 2.99431e+06 923451 5.78363e+06 594673 5.03019e+06 29825.9 2.12094e+06 276656 229536 2.39964e+06 1.42537e+06 1.26999e+06 155377 11196.6 64900.1 164636 1.76434e+06 318017 305738 3.00065e+06 1.32703e+06 917592 878238 553770 744359 525635 974268 517311 163801 456957 73648.9 859565 171257 688309 458392 624.157 1.64935e+06 1.34519e+06 969459 409440 356603 301727 383308 47120.5 35880.2 11240.2 172385 5.00036e+06 6412.27 353510 120579 86739.1 33839.5 465059 336597 47468.1 1.67362e+06
internal_count=10030313 895193 9135120 182425 712768 41799 798092 8337028 3822 7346212 34647 332163 2380 2042 37977 25371 22008 3363 8395 681 1361 281002 1442 1348 140626 60334 40380 380605 256066 14359 7649 12606 7612 2115 4994 794 37375 6059 31316 453835 238 268467 234636 163116 19954 51161 1311 4200 338 238 100 78396 7311565 5934 5497 49531 36555 12976 344257 244135 31208 80292
is_linear=0
shrinkage=0.05


Tree=21
num_leaves=63
num_cat=0
split_feature=15 15 15 15 15 26 15 15 16 10 13 28 15 11 20 3 3 10 16 8 0 16 27 2 10 22 3 3 0 0 27 22 23 22 16 0 0 13 13 13 22 28 2 0 28 3 27 23 28 22 11 15 8 16 21 25 20 21 28 0 28 28
split_gain=9.75863e+06 469740 286440 100802 83551.4 32152.9 19156.4 18140.8 14945.5 26185.9 25510.1 13265.6 12887.9 11243.3 11179.1 12206 28238.9 10431.9 9721.16 22403.1 17722.6 13966.2 12160.3 9438.05 9383.09 9251.53 9061.59 10663.7 11346.1 9245.46 9034.19 8874.16 13446 10433.7 8649.27 12559.2 12281 8397.16 8060.29 7939.62 7666.27 8130.68 6991.27 6884.53 6793.87 6412.86 6399.14 6284.36 9357.71 6251.57 6722.02 6096.57 6008.33 7216.33 5981.05 5947.28 14682.3 5860.57 5740.08 5539.08 5506.69 5473.26
threshold=1.0738574520259025 24.469392948018903 0.19079703569268 104.24492360186515 4.153881650683072 701.90625000000011 0.045236172013231789 0.5438784326984486 2.1727581719491109 0.68301270189221941 1.0000000180025095e-35 278.50000000000006 10.587915746895389 0.6830127018922193 3530.5000000000005 3.5000000000000004 5.5000000000000009 -0.24999999999999994 44.580369788364791 -0.8783796973249266 9.5000000000000018 17.449615571293052 6.3929290771484384 2.5000000000000004 -1.0000000180025095e-35 11.785714149475099 3.5000000000000004 5.5000000000000009 7.5000000000000009 5.5000000000000009 35.902206420898445 173.64285278320315 529.92858886718761 232.42856597900393 13.756348099058251 16.500000000000004 14.500000000000002 -0.5 -0.9159756150367534 -0.5 19.071428298950199 284.50000000000006 2.5000000000000004 10.500000000000002 1215.5000000000002 3.5000000000000004 605.48962402343761 31.107142448425297 320.50000000000006 128.71428680419925 0.6830127018922193 0.0020639856862912161 -0.8783796973249266 6.435778985009696 2551.0000000000005 509.38247680664068 935.00000000000011 465.50000000000006 1267.5000000000002 8.5000000000000018 511.50000000000006 404.50000000000006
decision_type=2 2 2 2 2 2 2 2 2 2 2 2 2 2 2 2 2 2 2 2 2 2 2 2 2 2 2 2 2 2 2 2 2 2 2 2 2 2 2 2 2 2 2 2 2 2 2 2 2 2 2 2 2 2 2 2 2 2 2 2 2 2
left_child=2 4 6 26 13 11 8 40 -1 -10 51 17 45 23 15 31 25 -5 19 21 -21 -13 -20 34 30 -17 38 28 29 -28 39 32 -7 -33 35 36 -2 -24 -3 -25 -4 -42 -12 60 -14 -6 49 -9 -49 50 -40 -11 53 -26 -18 -30 -57 -31 -47 -15 61 -29
right_child=1 3 7 5 12 14 -8 47 9 10 42 18 44 59 -16 16 54 -19 22 20 -22 -23 37 24 52 -27 27 43 55 57 -32 33 -34 -35 -36 -37 -38 -39 46 -41 41 -43 -44 -45 -46 58 -48 48 -50 -51 -52 -53 -54 -55 -56 56 -58 -59 -60 -61 -62 -63
leaf_value=-0.054492249965929086 0.017972492811874945 0.02310552866412496 -0.029001104632060872 0.064495314113497224 0.013039292593294236 0.0061096413409461947 -0.045285838008262559 -0.014521536731979293 -0.053371846047946307 0.1308000224260035 0.014316660985950297 -0.025221429377249017 0.022744584258243397 0.0088939438259064835 0.08005973631777874 0.08548516087655722 0.069126626208407482 -0.015316163021632634 0.12854932936593411 0.049582092997127819 0.034997835152058218 0.025611250223429416 0.040994313435709362 -5.7782716343600919e-06 0.0082900591322841461 0.026128820324192937 0.084973987997728581 0.038514070550603699 0.039985227780916635 0.010544994761356492 0.063377360783497136 0.11893761835294688 0.082154378609810591 0.060854600873857301 0.083093449045886919 -0.012483009008352853 0.07124895779061699 0.048733326267402677 0.033478701023375496 0.01997381055584603 0.3087196409544915 -0.050500097101101073 -0.055360658018045163 0.025336699477383325 0.032350439216785036 0.019004996308398386 -0.0082234437978032388 0.37534312756459243 -0.04606609018127461 0.040598564100652566 0.025153762872047587 -0.044183758383924673 -0.0030027911560492511 0.065184203297052268 0.025981464380471705 0.058230640535564537 0.26018123588554609 0.10820066809303859 0.0360525355343757 -0.0095252979977024609 0.029886802054719983 0.070413432734214368
leaf_weight=4733414.9037407041 52633.617351531982 288763.91030788422 478272.08460086584 5455.0594329833984 522448.83948850632 17151.513248443604 692158.14619588852 393939.20462524891 37579.260552167892 4687.0346540212631 8182.767829477787 15981.210185050964 1000153.4104704857 51322.113618969917 45126.732616424561 6948.7678184509277 88973.573440551758 16411.321327209473 4467.3392677307129 424672.26584243774 408855.57474327087 87463.591129302979 549042.77142524719 93000.904826760292 55304.643959760666 118800.89152526855 4856.669285774231 34696.0799908638 864024.32611560822 56918.607529640198 8476.7992573976517 7924.9453468322754 8793.071605682373 317553.73931503296 5313.32497215271 25312.246265292168 13615.087728977203 969426.69018173218 875675.29029989243 106854.61800372601 345.20691251754761 289.58170342445374 6428.0194230079651 292923.14228487015 225593.71587228775 351913.08671545982 9691.9656429290771 255.53942203521729 271.71791934967041 205845.39763259888 335350.20414686203 556.82167398929596 328866.17755222321 6197.9886276721954 8830.283748626709 17850.103086471558 947.72121238708496 1578.8657855987549 57438.426505565643 199387.79126417637 69664.328169822693 21958.259408950806
leaf_count=7272648 20673 13872 492555 122 112098 199 951858 302407 54646 2087 7115 478 112394 25665 113 72 502 403 52 6318 8093 1960 8989 40493 23888 986 178 1643 36783 2944 1974 62 56 1798 1337 11170 4689 11562 41778 44746 24 214 9005 14304 23517 73351 271 9 96 6095 18276 711 148234 1806 34 412 10 53 10803 97675 3261 746
internal_value=-0.00109123 0.0315816 -0.0488251 0.0395493 0.0157103 0.0459119 -0.0530613 -0.0222306 -0.0541846 -0.0288318 0.0176155 0.0433673 0.0211432 0.0033233 0.0560959 0.0542151 0.0450811 0.00459458 0.043712 0.0397047 0.0424283 0.017758 0.0461774 0.00659535 0.00425252 0.0294089 0.0331431 0.0361825 0.0391238 0.0186848 0.0128209 0.0600256 0.0318829 0.0622689 0.0210744 0.0174753 0.0289218 0.0459351 0.0307237 0.0106765 -0.0287706 0.144859 -0.0163377 0.0295443 0.0245125 0.016711 0.0322658 -0.0142906 0.158196 0.0325427 0.0311734 0.112218 -0.000320235 0.0140238 0.0652313 0.0405906 0.0684139 0.013181 0.0213971 -0.00575473 0.0393015 0.0508779
internal_weight=1.56428e+07 9.28646e+06 6.35638e+06 6.18262e+06 3.10383e+06 3.10188e+06 5.48301e+06 873373 4.79085e+06 57433.9 19854.6 2.48178e+06 2.15755e+06 946285 620104 574977 223554 21866.4 2.45991e+06 936973 833528 103445 1.52294e+06 695575 598701 125750 3.08074e+06 1.36542e+06 946176 63354.1 208332 351423 25944.6 325479 96874.3 91561 66248.7 1.51847e+06 1.71533e+06 199856 478907 634.789 14610.8 419242 1.22575e+06 931800 1.42656e+06 394466 527.257 1.41687e+06 1.21103e+06 5243.86 390369 61502.6 97803.9 882822 18797.8 58497.5 409352 250710 126319 56654.3
internal_count=10030313 936938 9093375 182425 754513 41799 8298070 795305 7346212 73564 18918 37977 332163 422350 3822 3709 1594 525 37452 16849 14411 2438 20603 299010 261141 1058 140626 60334 40380 3175 87213 2115 255 1860 37869 36532 25362 20551 80292 85239 492793 238 16120 19954 135911 196252 66420 302512 105 66149 60054 2798 173928 25694 536 37205 422 2997 84154 123340 5650 2389
is_linear=0
shrinkage=0.05


Tree=22
num_leaves=63
num_cat=0
split_feature=15 15 15 15 15 16 15 3 9 13 10 2 0 28 15 16 10 15 13 3 16 12 24 16 15 18 15 18 11 2 12 0 24 28 0 13 3 10 2 10 24 0 9 24 20 18 0 28 23 28 24 0 9 9 10 2 12 11 2 16 23 9
split_gain=8.99022e+06 440789 227136 100726 77303.8 26720.1 17600.7 16712.1 14236.4 14227.7 25221.5 20762.9 19661.5 19350.8 12820.6 15177.6 26378.7 27219.7 14420.3 12558.6 12576.3 12288.5 11914.1 11871.4 11505.6 10219.1 9639.44 8961.97 8716.77 9138.5 9357.6 9282.39 8610.72 12771.4 9231.56 8305.56 13965.4 13835.4 14390.6 7915.29 8474.93 7571.37 15216.4 9829.94 7184.03 7042.7 7031.43 6977.07 6721.48 6543.23 6104.81 5842.84 5703.14 5697.95 5556.31 5391.12 6880.91 5303.59 11605.2 14065.8 6337.02 5222.09
threshold=0.88533128415300555 18.339211070765078 0.14398343986235088 104.24492360186515 3.0291725302561221 63.976235375336096 0.3535955801104973 5.5000000000000009 -0.22252093395631442 -0.5 0.68301270189221941 3.5000000000000004 14.500000000000002 1144.5000000000002 0.045236172013231789 1.6566511964430635 0.68301270189221941 0.0018165319254248476 0.25881904510252057 4.5000000000000009 17.449615571293052 0.78656609248549325 344.68331909179693 3.2754160764652918 41.06323319078853 2.5000000000000004 8.5059984577076371 2838.5000000000005 0.6830127018922193 2.5000000000000004 -0.9159756150367534 14.500000000000002 1.5500000119209292 1091.5000000000002 8.5000000000000018 -0.5 4.5000000000000009 0.68301270189221941 3.5000000000000004 -1.0000000180025095e-35 16.750000000000004 18.500000000000004 -0.22252093395631442 420.94999694824224 573.00000000000011 97.500000000000014 9.5000000000000018 1091.5000000000002 370.96429443359381 278.50000000000006 221.16666412353518 13.500000000000002 -1.0000000180025095e-35 -0.56174490092936669 -0.5 2.5000000000000004 -0.9159756150367534 0.6830127018922193 2.5000000000000004 8.8443394472503023 0.25000000745058065 -0.56174490092936669
decision_type=2 2 2 2 2 2 2 2 2 2 2 2 2 2 2 2 2 2 2 2 2 2 2 2 2 2 2 2 2 2 2 2 2 2 2 2 2 2 2 2 2 2 2 2 2 2 2 2 2 2 2 2 2 2 2 2 2 2 2 2 2 2
left_child=2 4 14 24 28 7 -4 19 23 10 -7 12 -12 27 15 -1 -17 18 -18 32 49 26 25 44 50 46 -10 47 29 30 -2 53 33 -5 -34 37 -37 -25 -39 40 -31 43 -43 -15 -6 -22 -9 -11 -26 -21 52 -13 55 -32 -24 56 -3 58 59 61 -61 -8
right_child=1 3 6 5 8 9 57 22 21 13 11 51 -14 41 -16 16 17 -19 -20 20 45 -23 54 35 48 -27 -28 -29 -30 39 31 -33 34 -35 -36 36 -38 38 -40 -41 -42 42 -44 -45 -46 -47 -48 -49 -50 -51 -52 -53 -54 -55 -56 -57 -58 -59 -60 60 -62 -63
leaf_value=-0.054484605614709886 -0.018593447866917103 0.017852114948786777 -0.033526823300470104 0.18868505310374711 0.015137923730909218 0.031116053243943433 0.026650351754135417 0.059173553597137045 0.0060924970796834982 0.047196073963022916 0.048168620007589105 0.043457768054703833 0.088726171072460516 0.074875358800035638 -0.046085804942793525 -0.053426380516193188 0.1081517618919413 -0.049371038601399769 0.0085077986218717629 0.12793372563636826 0.022134552301368432 0.026089754178478447 0.038188056246651086 0.013917733966441612 0.032471729844649307 0.023566366283271897 0.01629876402791371 -0.046382112049022164 -0.0093100259307695148 0.0072558975049442148 0.038228430134856585 0.050354001045300335 0.042215962953579628 -0.0067209773223034022 0.033222146953541476 0.024079108167919978 0.049283952053320708 0.04854908479557124 0.0057223799898842558 -0.0047173239367541454 0.12045706307891434 0.069948054668591109 0.012800223319787783 0.056098019551425383 0.32275057339317603 0.047954426883277793 0.038772084349190043 0.032824860274865954 0.00033369347875232156 -0.025013592126489542 0.2518649406066531 0.0085128518266260177 0.022430940517035869 0.00083271935300470207 0.069393355869583798 0.026914611572311231 0.04190648402080363 -0.02754200229838007 -0.019452372806056707 0.18179879698947918 -0.014584357254118685 -0.0099139415615861794
leaf_weight=4488528.7555909157 14988.165319800377 37857.570449829102 369731.0386171937 2215.2004833221436 368836.97988247871 304043.2300491333 13969.352788567543 77724.584041595459 443233.76779747009 513987.18972206116 66983.495510101318 26111.604133605957 53952.264404296875 90313.607507705688 558325.43248134851 48724.292379260063 6680.7679644823074 11275.523598372936 7953.6077883243561 731.31069755554199 131671.21515083313 168726.39202404022 17691.423992156982 199575.01547467709 2188099.0607485771 56623.053607940674 483932.58424425125 2704.4516754150391 218151.05430030823 177196.72685551643 14634.703362822533 23831.716012001038 494872.92059135437 1343.086519241333 673817.70483207703 137573.05805647373 91517.282999038696 71571.530194997787 27020.76416683197 334618.63767898083 1668.8670606613159 21601.621810913086 25279.659679412842 305394.43940353394 189.80111980438232 33037.230699539185 92500.097055435181 101065.23993301392 16391.388257980347 15912.540487289429 300.15871810913086 22074.697574615479 551837.66021871567 33511.72065782547 73678.218587875366 668159.49329662323 138501.53681468964 132118.48715412617 299470.72755026817 1607.8396708965302 551.66295439004898 32443.87942045927
leaf_count=7244481 7955 2926 433852 33 83907 4714 10732 1076 113575 4685 800 360 495 936 812968 74898 3457 15960 7416 15 2526 32863 115 31794 79624 941 65522 21 123192 86188 6084 8919 6624 30 12137 21259 11998 8356 4000 172897 217 262 344 1144 6 575 1659 1028 388 484 5 338 42299 15353 457 45683 8446 120879 262744 489 289 26893
internal_value=-0.00107719 0.0288429 -0.0492652 0.0357217 0.0121855 0.0421688 -0.025327 0.0377966 0.0175008 0.0469354 0.0397257 0.0552038 0.0662624 0.0501526 -0.0532377 -0.0541128 -0.03175 0.009013 0.0539972 0.0353727 0.023128 0.0136783 0.048107 0.0221746 0.0299832 0.0419668 0.0114196 0.0444353 -0.000750068 0.00235986 0.0173483 0.0248326 0.037267 0.114929 0.0370305 0.0269887 0.034148 0.0214879 0.0368118 -0.00017865 0.00831219 0.0581327 0.0391326 0.0603837 0.0152962 0.0273136 0.0480875 0.0448346 0.0322328 -0.0182922 0.0264325 0.0274493 0.026384 0.0121998 0.0633513 0.0289671 0.036743 -0.019013 -0.0157753 0.00689506 0.13163 0.00109103
internal_weight=1.55886e+07 9.61726e+06 5.97138e+06 6.80648e+06 2.81078e+06 3.20533e+06 849893 1.67182e+06 1.99218e+06 1.53351e+06 473165 169122 120936 1.06035e+06 5.12149e+06 4.56316e+06 74634.2 25909.9 14634.4 1.3536e+06 181352 1.09589e+06 318217 896284 3.60115e+06 226848 927166 617757 818602 600451 86966.3 71978.1 1.17225e+06 3558.29 1.16869e+06 527258 229090 298167 98592.3 513484 178866 442589 46881.3 395708 369027 164708 170225 615052 2.20449e+06 16643.9 1.39666e+06 48186.3 1.39636e+06 48146.4 91369.6 844519 176359 480162 348043 48572.7 2159.5 46413.2
internal_count=10030313 1015255 9015058 221170 794085 41799 855878 26672 373280 15127 6707 1993 1295 8420 8159180 7346212 101731 26833 10873 22424 3600 211960 4248 161320 179371 3676 179097 5734 420805 297613 38311 30356 18824 63 18761 77407 33257 44150 12356 259302 86405 2686 606 2080 83913 3101 2735 5713 80012 499 99359 698 99354 21437 572 57055 11372 422026 301147 38403 778 37625
is_linear=0
shrinkage=0.05


Tree=23
num_leaves=63
num_cat=0
split_feature=24 24 16 16 23 24 13 16 24 14 23 22 2 11 14 24 14 14 16 2 23 26 2 9 11 10 14 20 16 2 16 2 2 20 28 2 13 16 11 2 13 23 0 28 21 9 16 12 26 21 13 9 14 14 22 0 20 2 16 9 17 2
split_gain=7.82493e+06 419365 230419 118214 92768.9 51569.2 48841.1 38417.7 31402.3 30982.3 25038.6 21346.7 17941.8 20098.1 16666.4 15681.6 15526.2 14919.5 13684 13306.2 13184.9 23125 11441.4 11278 11221.3 14103.5 14323.4 10845.9 12004.5 9783.56 13235.4 9226.62 10869 9519.63 8830.4 8553.11 15995.1 10417.4 9713.03 8367.21 8055.15 7802.58 22609.5 7661.17 8581.97 7648.55 7639.6 8309.82 7507.71 7310.94 7218.75 7208.7 12636.7 7063.78 6736.83 6730.33 6715.83 6669.59 6647.01 6642.41 6551.3 6499.66
threshold=0.51666668057441723 13.116666793823244 0.27736640293594622 1.0703238949897103 106.82143020629884 0.050000002607703216 0.25881904510252057 4.778097130446838 0.050000002607703216 17656.500000000004 2.7500000000000004 421.21429443359381 2.5000000000000004 0.6830127018922193 17668.500000000004 0.083333335816860213 17621.500000000004 17671.500000000004 0.091896101709185843 2.5000000000000004 1.0000000180025095e-35 4.2662096023559579 1.5000000000000002 1.0000000180025095e-35 1.0000000180025095e-35 0.68301270189221941 16205.000000000002 1823.0000000000002 30.592827262108496 2.5000000000000004 30.592827262108496 2.5000000000000004 1.5000000000000002 23.500000000000004 1357.5000000000002 2.5000000000000004 -0.37940952255126015 63.976235375336096 -0.68301270189221952 1.5000000000000002 -0.5 260.82142639160162 17.500000000000004 511.50000000000006 2013.0000000000002 -0.56174490092936669 0.18721105008583908 0.78656609248549325 131.93858337402347 72.500000000000014 -0.5 -0.22252093395631442 17660.500000000004 17602.500000000004 21.071428298950199 20.500000000000004 1.0000000180025095e-35 1.5000000000000002 8.8443394472503023 -0.22252093395631442 192.50000000000003 11.500000000000002
decision_type=2 2 2 2 2 2 2 2 2 2 2 2 2 2 2 2 2 2 2 2 2 2 2 2 2 2 2 2 2 2 2 2 2 2 2 2 2 2 2 2 2 2 2 2 2 2 2 2 2 2 2 2 2 2 2 2 2 2 2 2 2 2
left_child=2 3 5 10 14 -1 7 8 12 20 46 -6 13 16 27 29 -4 49 -7 22 35 -22 54 61 -9 26 -26 28 34 30 57 32 -30 -33 40 36 37 -5 45 -32 -3 42 -19 48 -45 -37 -2 -48 -25 51 -28 52 -13 -10 -11 -21 -24 -8 -17 -23 -50 -16
right_child=1 4 6 9 11 18 15 24 53 19 -12 17 -14 -15 23 58 -18 41 -20 55 21 59 56 43 25 -27 50 -29 31 -31 39 33 -34 -35 -36 38 -38 -39 -40 -41 -42 -43 -44 44 -46 -47 47 -49 60 -51 -52 -53 -54 -55 -56 -57 -58 -59 -60 -61 -62 -63
leaf_value=-0.054155046100493431 -0.023622323285648589 0.019603330346110278 0.0080681928153939191 0.051029115644876735 0.036117373949729067 -0.044662428152555549 -0.050261024247268943 -0.010091482985764653 -0.011920753768449487 0.013711189757503073 0.0065686779260724013 0.037416672872024735 -0.043953236411563443 -0.033934100405097985 0.037809990899228943 -0.026335191696974392 0.1189109753735158 0.037599115262663768 -0.030191058911873781 0.023778246622677884 -0.0042981113469065012 0.017913118573171266 0.056532041488868826 0.030332753660990953 -0.028467947716184761 0.089492447496453853 0.016902945941748789 -0.033955738797807833 0.027219121377927841 -0.050280022984620067 -0.019227581846831491 0.02461501194158552 0.050200287411783756 0.036156448044320041 0.036807136597307021 0.0027480768007527162 0.0069107590166208356 0.19636952552760667 0.0076886812282888715 0.13164742268523308 0.025875279341536078 0.052220361433048382 0.21943655778943827 0.020047828428551278 0.21898460489590246 0.044916119071105952 -0.013247520909627062 0.0035874734804922214 0.052001262315668074 0.046759594821600269 0.070399874424993347 0.041077039883733069 0.0038330353479106697 0.0086363223568423127 0.06125496464448469 0.0054794020035629637 0.021216286822457076 -0.01527866803589388 0.011771822602526814 0.0095224087359221596 0.12594778533307341 0.060045193611700548
leaf_weight=4114572.6446631551 124432.86463600397 935297.67701303959 12992.491456866264 44603.361488819122 2201654.5541176796 474663.25813639164 27749.563459575176 18690.445256888866 200660.13566142321 47471.29221367836 242091.87911105156 81343.876104354858 135977.99477624893 27485.976912617683 360077.76044535637 85586.373675763607 4174.292807161808 4664.5097694396973 249080.24343121052 375710.81298488379 232275.71587818861 428644.50190800428 72473.156042516232 65418.899090528488 10249.91763317585 9673.9453786015511 13679.835666656494 7577.2306900024414 94428.637684822083 190227.16842699051 1657.798799932003 609783.27475118637 113045.3893828392 252713.70905935764 123364.08363425732 14716.892240047455 27666.900742053986 1267.8811163902283 107907.6940754652 2061.5379159450531 1130973.2949109077 342063.01071929932 2698.433895111084 179257.61038804054 543.67283248901367 39933.374909937382 333193.43882226944 93973.266209959984 17769.413950920105 246373.02538108826 11698.855483114719 208281.28444671631 42721.454454421997 52779.488536894321 8838.1300818920135 58008.267806708813 16533.503811120987 26769.861132144928 13209.384232878685 524467.93073350191 3602.6581506729126 36168.552885532379
leaf_count=6945914 115911 70186 16302 6689 36615 709275 41107 10050 154652 6763 100656 774 188785 32032 13067 88324 2590 48 298737 46171 90443 90922 6772 3290 3774 2073 3642 164 3547 287891 1044 24230 3266 8199 10032 3210 5472 42 27206 650 71767 1381 16 6743 4 8083 225865 45922 569 1855 2499 1789 546 26358 765 15373 1473 31739 7530 118111 99 1309
internal_value=-0.00106119 0.0258866 -0.047782 0.00949105 0.0323758 -0.0519901 -0.0236968 -0.0136613 -0.0189932 0.0159689 -0.00683644 0.0387985 -0.034923 -0.00742388 0.0272609 -0.0380902 0.0350217 0.0451583 -0.039682 0.0257182 0.0119975 0.00984843 0.0388128 0.0344899 0.0225052 0.0359537 0.0214164 0.0257943 0.0259332 -0.0447902 -0.0268585 0.030274 0.0397408 0.0279967 0.0238121 0.0227876 0.0369369 0.0550469 0.0163866 0.0643987 0.0230363 0.0533166 0.104243 0.0265385 0.0206495 0.0335607 -0.0127198 -0.00954394 0.0387384 0.0402324 0.0415639 0.0353937 0.0258523 -0.00763967 0.0211737 0.0213309 0.049972 -0.0330843 -0.0212401 0.013296 0.0644671 0.0398396
internal_weight=1.55377e+07 9.85403e+06 5.68364e+06 2.79421e+06 7.05982e+06 4.83832e+06 845325 498063 434070 2.00052e+06 793691 3.1298e+06 180631 44652.8 3.93002e+06 347262 17166.8 928146 723744 579035 1.42148e+06 1.18539e+06 145316 662839 63993 45302.6 35628.6 3.26718e+06 3.25961e+06 248466 58238.8 1.06997e+06 207474 862497 2.18964e+06 236096 73538.1 45871.2 162558 3719.34 2.06627e+06 349426 7362.94 266592 179801 54650.3 551600 427167 86791 578720 25378.7 332347 124065 253440 56309.4 433719 89006.7 54519.4 98795.8 953112 21372.1 396246
internal_count=10030313 1175345 8854968 915849 259496 7953926 901042 442757 420719 427495 488354 43024 239709 50924 216472 458285 18892 6409 1008012 77317 350178 299476 15773 25081 22038 11988 9915 191391 191227 362431 74540 39242 6813 32429 151985 50702 12203 6731 38499 1694 141953 1445 64 10705 6747 11293 387698 271787 3958 4964 6141 3109 1320 181010 7528 61544 8245 72846 95854 209033 668 14376
is_linear=0
shrinkage=0.05


Tree=24
num_leaves=63
num_cat=0
split_feature=27 24 16 16 22 27 16 24 14 11 10 16 23 24 13 14 11 14 10 11 14 11 11 20 19 26 28 16 0 17 14 8 0 13 27 19 10 19 0 25 28 23 10 16 8 0 12 11 28 14 25 11 27 21 25 19 17 8 17 0 4 27
split_gain=7.32817e+06 345150 197532 96724.2 77153.5 42062.3 54205.9 34127.6 27869.7 22725.3 21227.5 19932.3 18929.1 16286 15478.6 14455.9 12514.6 11982.1 11950.3 25133.9 21726.2 11733.5 12954.3 11523.9 13516.6 11061.1 10680.5 10110.1 9994.35 12778.3 11774.2 10077.9 10673.7 9874.4 9004.54 8910.94 10421 14978.6 22411.7 8824.12 8710.87 8463.35 8455.37 7948.08 7736.57 7706.25 7513.2 7383.65 7310.33 7111.48 7093.67 7072.99 7030.97 6858.2 6705.07 6617.67 10164.1 7494.29 6547.26 11954.2 6357.87 8287.2
threshold=1.7947880625724795 13.38333320617676 0.17318549580436457 1.0703238949897103 128.71428680419925 0.50571158528327953 5.4862023756871183 0.050000002607703216 17656.500000000004 0.25000000000000017 0.68301270189221941 44.580369788364791 2.7500000000000004 420.94999694824224 0.60355339059327384 16205.000000000002 0.6830127018922193 17671.500000000004 0.68301270189221941 0.25000000000000017 17615.500000000004 -0.9330127018922193 0.6830127018922193 1391.0000000000002 1121.5000000000002 1.0000000180025095e-35 504.50000000000006 30.592827262108496 8.5000000000000018 702.00000000000011 17602.500000000004 -0.8783796973249266 2.5000000000000004 0.1294095225512602 1.0000000180025095e-35 1.0000000180025095e-35 0.93301270189221952 372.50000000000006 14.500000000000002 27.88624477386475 517.50000000000011 1.0000000180025095e-35 0.93301270189221952 0.27736640293594622 -1.0000000180025095e-35 19.500000000000004 -0.9159756150367534 0.25000000000000017 1194.5000000000002 17668.500000000004 5.9661741256713876 0.6830127018922193 297.32998657226568 1.5000000000000002 2.2519273757934575 686.50000000000011 1573.0000000000002 -0.8783796973249266 2065.5000000000005 12.500000000000002 1.0000000180025095e-35 605.48962402343761
decision_type=2 2 2 2 2 2 2 2 2 2 2 2 2 2 2 2 2 2 2 2 2 2 2 2 2 2 2 2 2 2 2 2 2 2 2 2 2 2 2 2 2 2 2 2 2 2 2 2 2 2 2 2 2 2 2 2 2 2 2 2 2 2
left_child=2 3 7 12 11 6 18 -1 16 -8 14 28 43 35 15 -11 27 -13 34 -20 -21 55 26 24 -24 -10 -23 45 29 31 -31 32 -3 -22 53 58 -37 38 -38 -27 -28 42 -7 -2 48 47 60 -5 49 -30 -18 -46 -50 -4 -43 57 -57 -15 -6 -60 -19 -62
right_child=1 4 5 8 13 41 9 -9 25 10 -12 17 -14 21 -16 -17 50 46 19 20 33 22 23 -25 -26 39 40 -29 44 30 -32 -33 -34 -35 -36 36 37 -39 -40 -41 -42 54 -44 -45 51 -47 -48 -49 52 -51 -52 -53 -54 -55 -56 56 -58 -59 59 -61 61 -63
leaf_value=-0.054249305738523726 -0.019077653996930614 0.065482594206463185 -0.049693043200056672 0.012447607337808033 0.030847973732448811 0.0013915833825253903 -0.033737991680271522 -0.041448970283471331 0.036398734824031304 -0.038013169564847099 0.078157990986560288 0.029587015532161216 0.0061204905283646664 0.014151777860304797 -0.045285927489059255 0.04186447158161527 -0.0023343765734700492 0.045910904585347467 -0.045919877309939433 -0.020805349883431586 0.10089733517603448 0.019091721831331662 0.034441423779841003 0.064684190925775722 0.061370122173102629 0.016287484171432172 0.051986374495363391 0.033890858447103434 0.021498925677503829 0.22236680849651289 0.047240297247896211 0.030787070609951686 0.0080731065913789892 0.01561930789386113 -0.029081932917608907 0.035947007139114778 0.036473274878285507 0.025308067241671679 0.092819450978814791 0.031840305662882769 0.034550962781027844 -0.023410635826019825 -0.036841896097500777 -0.0062880953095257319 0.02186470051829658 -0.00094296710224048806 0.03640087494029199 0.024583001217666819 0.032052219149355229 0.033026965964789212 0.01104683959552716 0.013479634219373995 0.079848253049043888 0.0087388291984651437 -0.00066541350239295971 0.024122200827718432 0.098314826370517625 0.083134748941910419 -0.015873651019633707 0.080746901709759386 0.056429616928453878 0.1215376636317554
leaf_weight=3791629.2709645033 184144.27028506994 8925.1822719573975 348537.60455471277 767740.73769962788 1163261.3341474533 103943.59582042694 29540.671872913837 603621.98294103146 142075.6747956872 7487.2497643232346 12417.793382167816 1081721.1286352873 244589.5917878747 4428.8292388916016 11639.019638538361 23260.209813475609 213159.37882918119 29864.798421859741 90300.187703430653 46219.536696195602 5699.9963647127151 82205.40796661377 150999.33225250244 82525.642032623291 67400.051872253418 340172.77833485603 96008.942304611206 61843.228996515274 783533.27473926544 1615.4024648666382 2364.9687142372131 630351.27698230743 87177.057959318161 8392.7477740049362 68809.564625918865 685800.33439660072 33735.830227375031 33364.48443365097 37007.16157579422 124608.04742181301 282227.44233322144 216259.49935686588 16797.248661398888 356951.57989913225 968002.44713795185 89483.212645709515 87958.220495939255 149802.42947411537 193865.61625862122 161326.58204936981 184999.64148056507 339777.00548243523 8012.4586896896362 5094.931970179081 38111.953015863895 18577.462585449219 6142.6727447509766 35483.750907897949 4060.5867385864258 15124.84849357605 12402.736879348755 8066.633975982666
leaf_count=6733247 165070 540 552983 183529 20705 72136 27872 898162 15333 2898 4633 33378 100906 29 14462 5495 60782 337 137087 63289 3458 685 916 281 285 51967 602 5892 46739 27 53 31464 4684 8440 84532 9640 624 531 667 12480 1500 197708 19246 215077 60181 40983 1819 28278 12115 6004 36801 21575 187 3465 27852 87 16 153 46 131 201 48
internal_value=-0.00104261 0.0242144 -0.0478683 0.0095174 0.0300488 -0.0281884 -0.0358115 -0.0524914 0.0151774 0.00161214 0.0206667 0.0259244 -0.00542275 0.0365412 0.00382348 0.0224134 0.0114495 0.0313588 -0.0413197 -0.0292271 -0.00423447 0.0424354 0.0406991 0.0487667 0.0427519 0.0241894 0.0354265 0.014268 0.0238427 0.0289771 0.118319 0.0284876 0.0134049 0.050112 -0.0456311 0.0340727 0.0381846 0.0529246 0.0659493 0.0204572 0.0389767 -0.0148285 -0.00392737 -0.0106406 0.0223148 0.013063 0.0452172 0.0144289 0.0253126 0.0234672 0.00388303 0.0196862 0.0339493 -0.0488512 -0.0200028 0.062889 0.0425588 0.0754804 0.0313258 0.060297 0.0606234 0.0820883
internal_weight=1.54907e+07 1.00629e+07 5.42776e+06 2.85957e+06 7.20332e+06 1.03251e+06 657400 4.39525e+06 2.07389e+06 84344.9 54804.3 4.40496e+06 785685 2.79835e+06 42386.5 30747.5 1.46703e+06 1.22001e+06 573055 150612 60312.3 826000 761367 300925 218399 606857 460442 1.06887e+06 3.18495e+06 730434 3980.37 726454 96102.2 14092.7 422442 1.97235e+06 789908 104107 70743 464781 378236 375112 120741 541096 2.45452e+06 1.00703e+06 138292 917543 1.14674e+06 944860 398159 1.30778e+06 201878 353633 254371 64632.7 24720.1 39912.6 1.18245e+06 19185.4 50334.2 20469.4
internal_count=10030313 1173348 8856965 917098 256250 1225556 908614 7631409 436045 55360 27488 219352 481053 36898 22855 8393 356265 35783 853254 212274 75187 4554 4269 1482 1201 79780 2787 258682 183569 36768 80 36688 5224 11898 640980 32344 11462 1822 1291 64447 2102 316942 91382 380147 146801 252790 2405 211807 65045 52743 97583 81756 12302 556448 225560 285 103 182 20882 177 586 249
is_linear=0
shrinkage=0.05


Tree=25
num_leaves=63
num_cat=0
split_feature=15 15 15 15 15 26 15 14 10 9 3 15 26 22 14 11 1 15 11 11 12 14 10 10 27 9 10 24 11 0 9 12 27 11 19 14 14 13 22 23 9 24 8 12 24 14 14 17 19 13 21 24 9 26 9 13 22 15 13 3 3 9
split_gain=7.13858e+06 300516 198025 67139.4 57757.5 15055.4 14651.2 17487.8 20691.7 12297.2 13695.1 11968.2 11481.5 12241.7 10484.4 9448.67 9441.6 8826.86 8765.01 8774.96 9015.47 8748.18 8680.28 8303.86 7932.12 8905.49 7887.75 7569.72 6754.82 6701.45 6691.47 8989 6330.1 6259.2 6065.81 5533.81 11341.1 8629.17 5291.89 5987.15 5664.03 5273.74 5138.16 5722.37 5329.37 4920.1 4898.92 4877.99 4836.64 4749.7 4687.14 4566.14 4540.14 4428.94 4398.57 4378.78 4321.06 5133.51 4307.68 4254.6 7333.52 3997.33
threshold=0.77765035677879724 16.464952505732072 0.14398343986235088 104.24492360186515 2.8201562500000006 701.90625000000011 0.045236172013231789 17658.500000000004 0.68301270189221941 -0.22252093395631442 3.5000000000000004 0.3535955801104973 1.0000000180025095e-35 2.6428570747375493 17669.500000000004 0.25000000000000017 2024.5000000000002 41.06323319078853 0.6830127018922193 0.25000000000000017 -0.9159756150367534 16174.000000000002 -0.6830127018922193 -0.24999999999999994 18.153765678405765 -0.56174490092936669 1.0000000180025095e-35 544.70001220703136 -0.9330127018922193 14.500000000000002 -0.22252093395631442 0.78656609248549325 605.48962402343761 -1.0000000180025095e-35 362.00000000000006 17666.500000000004 17665.500000000004 -0.37940952255126015 421.21429443359381 370.96429443359381 -0.22252093395631442 16.750000000000004 -0.8783796973249266 0.91597561503675362 221.16666412353518 17599.000000000004 17639.500000000004 70.500000000000014 305.00000000000006 0.1294095225512602 4.5000000000000009 98.483333587646499 -0.22252093395631442 3.7434921264648442 -0.22252093395631442 -0.5 15.214285850524904 165.67347240379698 0.60355339059327384 3.5000000000000004 4.5000000000000009 -0.22252093395631442
decision_type=2 2 2 2 2 2 2 2 2 2 2 2 2 2 2 2 2 2 2 2 2 2 2 2 2 2 2 2 2 2 2 2 2 2 2 2 2 2 2 2 2 2 2 2 2 2 2 2 2 2 2 2 2 2 2 2 2 2 2 2 2 2
left_child=2 4 6 17 18 21 7 -1 -9 10 56 47 45 33 16 -10 -12 42 19 26 -21 23 -23 34 25 -24 41 -16 -26 46 -15 -32 38 53 52 36 37 -11 59 40 -40 55 43 48 -44 -6 -22 -4 58 -17 -20 61 -5 -14 -28 -2 -7 -58 -3 -19 -61 -35
right_child=1 3 11 5 12 9 -8 8 15 35 14 -13 13 30 27 49 -18 32 50 20 29 22 24 -25 28 -27 54 -29 -30 -31 31 -33 -34 51 -36 -37 -38 -39 39 -41 -42 -43 44 -45 -46 -47 -48 -49 -50 -51 -52 -53 -54 -55 -56 -57 57 -59 -60 60 -62 -63
leaf_value=-0.054155966216488508 -0.0024430544405397475 0.028572760001006999 -0.031512232188692875 0.06943561714261394 0.013763532911740158 -0.0088395910080031354 -0.044772945403161221 -0.051929930567502204 -0.055499438365037505 0.019435681764698006 0.033692063243711511 -0.018463741870585929 0.001883096799124379 0.01998452540653901 0.062831142690453215 0.11066938558856459 -0.004492442946912199 0.023964579827949528 -0.012606918564697561 -0.018920306827780439 0.0051826351961619006 0.023538831117303191 0.13643793848334163 0.0069049505136782796 0.040230753816289884 0.04095680763643364 0.00054576790305399547 0.026106126752696291 0.03200775583981235 0.042892258624468223 0.0091614779880501134 0.026227279618460553 -0.0037785197737079967 0.0076362758777332399 -0.012775106125052386 0.04853426685500075 -0.0099328732777152033 0.049102154554565694 0.0318491907745918 0.011876576299816843 0.098899476332050776 0.096865376797736824 0.019839011172424564 -0.0016971445549741138 0.22498968570436795 0.028042608595830201 0.047331229040225999 0.26187709916876128 -0.0098913540340445274 0.034402781268379923 0.014696564893839848 0.21596181187462915 0.028567935779642492 0.015091912853820239 -0.0108514516736663 0.013200075809937595 0.09547364487661078 0.044400737138989781 0.054830311164347223 0.034004269126032917 0.025145003024517582 -0.0041270264059743754
leaf_weight=3929814.0285987258 81115.19534355402 236336.79912734032 339697.97732448578 12391.828338623047 90423.110305309296 3588.824878692627 496574.77114778757 14872.393892765045 2189.1448677182198 33795.334156036377 24124.601249694824 378549.50981032848 87714.122592687607 461881.70736861229 17878.468235015869 3082.7063106298447 49211.308155059814 1296560.0392036438 203793.87528759241 16087.479086339474 43802.733531475067 259312.70571517944 3901.6885108947754 66161.547470092773 283124.54853820801 6528.7382326126099 150340.99742031097 65210.24153137207 2118646.6509056091 26038.908602833748 481325.12978470325 91892.744591116905 17882.567375183105 130338.28298258781 5015.9836845397949 313055.94830703735 12018.84107208252 89241.163848876953 5331.6512775421143 6232.5627460479736 7697.4876861572266 1617.5802052021027 1403466.1379203796 15987.223396062851 316.54704284667969 181266.35811042786 8181.7711718082428 141.63120800256729 7710.1288843154907 6044.7609623670578 17031.945431292057 247.4214653968811 15051.016162872314 229532.97361254692 193755.72274529934 99741.393498003483 5181.0240859985352 97759.681644439697 16725.730809211731 361461.18100738525 660351.66463279724 161957.56383669376
leaf_count=7311565 43470 14427 433808 225 21012 37 812968 26252 3458 255 192 362262 23778 76477 141 622 489 45232 124754 9073 21401 3524 50 1436 3628 127 81266 266 28604 10056 86613 16246 447 28745 97 1300 106 513 100 126 117 191 102489 1225 4 35481 2988 44 419 4315 9687 14 286 45229 109178 49427 54 469 871 11512 22478 38687
internal_value=-0.00102269 0.0230903 -0.0489382 0.0282697 0.00897366 0.0333577 -0.0528684 -0.0538846 -0.0131617 0.0398477 0.031264 -0.0245786 0.0137681 0.0121953 0.0218473 0.0377875 0.0080687 0.0238812 -0.00194588 0.00109785 0.0151605 0.0316917 0.0322316 0.0170673 0.0331661 0.0766747 -0.00141547 0.0340085 0.0329771 0.0221876 0.015506 0.0118973 0.0258563 0.00657542 0.0377813 0.0448847 0.036425 0.0409535 0.026083 0.0521827 0.0714627 0.00698796 0.0211129 0.0273395 0.0198853 0.0232903 0.0118165 -0.0313899 0.0291197 0.0601625 -0.010501 0.00130015 0.0470221 0.0114399 -0.00587182 0.00618402 0.0450911 0.0469714 0.0303082 0.0258661 0.0282789 0.00111836
internal_weight=1.54463e+07 1.02753e+07 5.17097e+06 7.51726e+06 2.75809e+06 3.4812e+06 4.45258e+06 3.956e+06 26189 711065 262954 718389 1.91658e+06 1.64489e+06 156425 11316.6 73335.9 4.03606e+06 841508 620682 94110.9 2.77013e+06 2.67151e+06 98620.4 2.4122e+06 10430.4 526571 83088.7 2.40177e+06 78023.4 1.0351e+06 573218 2.35552e+06 609790 32458.8 448111 135055 123036 2.33763e+06 19261.7 13029.1 182474 1.68054e+06 276760 1.40378e+06 271689 51984.5 339840 260773 9127.47 220826 292543 27442.8 317247 344097 180857 106530 102941 253063 2.31837e+06 1.02181e+06 292296
internal_count=10030313 1075019 8955294 241246 833773 41799 8159180 7346212 34647 3822 1648 796114 372282 315789 1088 8395 681 199447 461491 327050 43518 37977 35933 2044 32409 177 283532 407 32232 34445 179336 102859 80012 136453 608 2174 874 768 79565 343 217 93088 119435 16942 102493 56493 24389 433852 15717 4937 134441 67446 511 69007 190444 92897 560 523 15298 79222 33990 67432
is_linear=0
shrinkage=0.05


Tree=26
num_leaves=63
num_cat=0
split_feature=15 15 15 15 15 16 16 2 11 15 8 15 8 12 12 16 0 15 13 15 13 10 24 0 28 10 16 28 22 18 24 23 28 11 2 12 8 23 0 13 26 28 16 23 22 28 22 21 13 8 13 18 2 15 3 23 15 12 25 23 23 28
split_gain=6.61858e+06 280614 169921 60680.8 56402 14908.3 13246.2 27409 21553.2 14108.2 13031 11194.3 10905.5 15126.7 12622 10129 9869.77 9808.25 9696.72 8806.67 8407.49 18646.1 17226 17023.8 10681.1 8367.78 8317.23 7716.01 7397.55 7259.99 6391.52 14865.7 6230.56 6030.35 9347.76 6941.06 5990.63 5896.83 5893.35 5514.85 9793.28 8363.44 5498.83 5435.59 5430.48 5339.96 5106.21 5048.85 4989.08 4967.18 6107.28 6435.8 4759.32 4748.59 4733.3 4655.79 5311.84 4546.96 4473.83 4274.15 4248.89 4071.61
threshold=0.67869861591042135 14.790695415695417 0.12846907770564789 104.24492360186515 1.9381797164358681 63.976235375336096 1.5250988836456381 2.5000000000000004 0.6830127018922193 0.033396998735196894 -0.8783796973249266 0.30023393219245847 -0.8783796973249266 0.12940952255126045 0.78656609248549325 17.449615571293052 8.5000000000000018 5.3598493408662913 -0.12940952255126037 41.06323319078853 -0.5 0.68301270189221941 544.70001220703136 14.500000000000002 1144.5000000000002 -0.6830127018922193 13.756348099058251 1293.5000000000002 169.64286041259768 2838.5000000000005 69.26666641235353 98.892856597900405 278.50000000000006 0.6830127018922193 2.5000000000000004 -0.9159756150367534 -0.8783796973249266 704.42858886718761 18.500000000000004 -0.37940952255126015 293.50477600097662 705.50000000000011 17.449615571293052 370.96429443359381 19.071428298950199 278.50000000000006 421.21429443359381 228.50000000000003 -0.37940952255126015 -1.0000000180025095e-35 -0.78656609248549325 155.50000000000003 6.5000000000000009 11.712834224598932 5.5000000000000009 68.678573608398452 7.5823969632019175 0.91597561503675362 3.7670195102691655 1.0000000180025095e-35 12.535714149475099 1293.5000000000002
decision_type=2 2 2 2 2 2 2 2 2 2 2 2 2 2 2 2 2 2 2 2 2 2 2 2 2 2 2 2 2 2 2 2 2 2 2 2 2 2 2 2 2 2 2 2 2 2 2 2 2 2 2 2 2 2 2 2 2 2 2 2 2 2
left_child=2 4 6 19 33 10 9 8 18 -1 15 44 13 26 17 45 25 58 -8 49 21 -7 23 -23 29 -12 27 -6 -19 36 31 -26 -27 34 35 -2 -22 60 -32 41 -41 -17 -37 46 -4 -5 -21 -39 -29 54 -51 -52 -36 -30 57 56 -28 61 59 -14 -18 -3
right_child=1 3 11 5 12 20 7 -9 -10 -11 16 -13 14 -15 -16 39 37 28 -20 43 24 22 -24 -25 30 32 55 48 53 -31 38 -33 -34 -35 52 42 -38 47 -40 40 -42 -43 -44 -45 -46 -47 -48 -49 -50 50 51 -53 -54 -55 -56 -57 -58 -59 -60 -61 -62 -63
leaf_value=-0.054432036867066491 -0.022112654847204122 0.024173389724895758 -0.033069071710650023 0.10341582837610613 0.018567636661247403 0.021894349633978599 0.083839927835289207 -0.052558257926505869 -0.054894397675269761 -0.045811369681236988 0.01645124907487577 -0.019990471418787247 0.0075311773255955228 0.0037131103930280879 0.019666022030887159 0.026144569589476037 0.037217689152588884 0.011182427907293221 0.010144604254556605 0.024094545673333544 0.043557960474039606 0.033928611840422514 -0.0011961701261999579 0.06638850286826177 0.057253872623226468 -0.022537792299084734 0.071449940315401542 0.023744171001582593 -0.0050251820835899557 -0.04694256701026886 0.042946140009678314 0.22110117672624977 0.035829181369193629 -0.014006271145461938 -0.009884175083205507 0.017320352854587742 0.030816386266290921 0.062930317802014343 0.024640159980422849 0.041247642662491382 0.012357572968211751 -0.010582172532612247 0.083197670220963194 -0.0036883018813580618 0.29787453329073438 -0.026700476135861864 0.053056433899935244 -0.0002958438394824605 0.068900297294739218 0.011763114960781926 0.018739178978695776 0.039990129786508136 0.0017228369550757992 0.21168982132916248 0.01649024032826572 0.19634857453761745 0.032363975325039755 0.0071457087188551982 0.0075952731293023202 -0.0049786827062297673 0.024306596913034013 0.036940063062304608
leaf_weight=3565237.8041636944 11036.05226111412 501559.75899958611 304203.73173165321 827.36651229858398 155851.26532888412 335747.57792282104 6871.9934952259064 64272.152056872845 9781.0540382862091 547495.91812175512 63981.574625015259 370280.55941325426 99444.766820907593 100000.03320813179 271392.13306641579 29922.770206451416 68881.933633804321 856576.15935182571 12736.496290504932 2369008.9158849716 109780.83777618408 101703.82570266724 21003.528663635254 67005.287666320801 12795.379718780518 4605.0787048339844 13479.366029381752 11098.836658596992 380.31723308563232 2862.3725318908691 442079.44870758057 1552.2622413635254 638713.05699729919 165810.78363454342 255078.09147411585 53844.473210990429 577787.2264251709 17771.185688018799 48823.357601165771 53888.747194290161 64379.024587631226 32161.614356994629 3365.6253699064255 17498.59486579895 123.90538465976715 16750.31711769104 15317.613716125488 3839.4808731079102 13628.51137316227 346615.25970721245 642716.98747777939 37718.872276306152 135088.70830136538 753.32081699371338 247132.83927440643 523.64652395248413 24480.081010103226 34788.526168584824 282214.70100295544 217861.53470027447 850984.69267845154 71337.501194953918
leaf_count=6984007 7383 32441 419385 15 34940 4714 3430 112539 17309 967414 778 378227 35275 22790 63934 531 1411 139305 11728 79366 934 1172 190 631 173 88 2520 2111 31 21 1943 12 7294 117978 167257 28458 4779 90 558 1010 897 663 791 388 34 484 258 26 2218 26047 50196 2170 82668 28 19469 29 2419 2649 85543 81466 13385 4313
internal_value=-0.00100187 0.0213187 -0.049125 0.0260816 0.0073224 0.0308981 -0.052861 -0.034268 0.00573103 -0.0532844 0.0277778 -0.0258296 0.0113333 0.0198266 0.00976567 0.0156554 0.029233 0.00792185 0.0359724 0.0220701 0.034246 0.0289744 0.0415045 0.0468206 0.0365626 0.0336963 0.0271822 0.0226846 0.0113514 0.03252 0.042087 0.0749822 0.0354114 -0.00583493 -0.00287929 0.0141926 0.0328508 0.02588 0.0411255 0.0191866 0.0255214 0.00711892 0.0211961 0.0240768 -0.0329342 -0.0205752 0.0242806 0.051697 0.0486324 0.0195089 0.0171653 0.0199172 -0.00586543 0.138987 0.0223246 0.0482868 0.0462437 0.0246973 0.00301536 -0.00105804 0.0252734 0.0257631
internal_weight=1.54045e+07 1.05235e+07 4.881e+06 7.85154e+06 2.67191e+06 3.56785e+06 4.2064e+06 93661.7 29389.5 4.11273e+06 1.84671e+06 674608 2.04768e+06 319062 1.72862e+06 197930 1.64878e+06 1.45723e+06 19608.5 4.28369e+06 1.72114e+06 525460 189713 168709 1.19568e+06 707300 219062 180579 857710 690430 505250 14347.6 643318 624224 458413 68246.2 687568 941477 490903 180352 118268 62084.4 57210.1 2.40183e+06 304328 17577.7 2.38433e+06 21610.7 24727.3 1.88187e+06 1.02705e+06 680436 390167 1133.64 854819 38483.1 37959.4 607686 599521 317306 919867 572897
internal_count=10030313 1136240 8894073 259096 877144 41799 8096427 145006 32467 7951421 26672 797646 472609 67027 405582 3600 23072 341648 15158 217297 15127 6707 1993 1803 8420 8160 44237 39269 139364 5734 2686 185 7382 404535 286557 36632 5713 14912 2501 3101 1907 1194 29249 80012 419419 499 79624 116 4329 137285 78413 52366 249925 59 58872 4968 4939 39403 202284 116741 14796 36754
is_linear=0
shrinkage=0.05


Tree=27
num_leaves=63
num_cat=0
split_feature=24 16 16 16 25 13 24 16 24 16 22 0 11 10 23 9 23 24 0 2 16 11 24 8 2 2 0 2 22 24 24 23 0 10 8 14 9 11 0 14 16 11 11 8 14 23 21 21 9 3 2 21 12 13 24 16 2 2 11 2 14 13
split_gain=5.75778e+06 260056 199016 70982.3 60070.4 40252.5 36665 35963.6 29352.2 25586.8 24067.6 19975.8 16558.5 17640.4 15375.9 15165.5 14355.2 13530.1 11729.9 10171.5 11280.1 9645.11 13619.1 9593.71 9587.12 9325.86 9015.02 8773.99 8618.88 10797.8 8507.93 8460.77 9146.83 9796.75 9278.68 8332.76 8258.72 8040.3 7527.6 7510.63 6997 6908.78 6832.95 6809.9 9277.77 6768.79 6741.02 6631.66 6648.93 8772.66 6564.79 11184.4 10326.4 7313.72 6467.28 6171.02 5991.72 5979.6 5948.04 5892.16 8209.35 5892.09
threshold=0.41666667163372045 2.9359887117646672 0.18721105008583908 30.592827262108496 5.839099884033204 0.25881904510252057 0.050000002607703216 1.5250988836456381 1.0000000180025095e-35 0.51808946099170761 208.85713958740237 8.5000000000000018 1.0000000180025095e-35 0.68301270189221941 40.678571701049812 -0.22252093395631442 1.0000000180025095e-35 0.083333335816860213 19.500000000000004 2.5000000000000004 30.592827262108496 0.6830127018922193 173.30000305175784 -0.8783796973249266 2.5000000000000004 2.5000000000000004 1.0000000180025095e-35 1.5000000000000002 30.357143402099613 221.16666412353518 2.2500000000000004 1.0000000180025095e-35 18.500000000000004 0.93301270189221952 -0.8783796973249266 17656.500000000004 1.0000000180025095e-35 0.6830127018922193 18.500000000000004 17580.000000000004 0.071444724429799059 0.6830127018922193 -0.5 1.0000000180025095e-35 17664.500000000004 51.178571701049812 515.50000000000011 794.50000000000011 -0.56174490092936669 3.5000000000000004 2.5000000000000004 2811.0000000000005 -0.98296291314453399 -0.12940952255126037 0.083333335816860213 44.580369788364791 2.5000000000000004 1.5000000000000002 1.0000000180025095e-35 10.500000000000002 16205.000000000002 -0.60355339059327384
decision_type=2 2 2 2 2 2 2 2 2 2 2 2 2 2 2 2 2 2 2 2 2 2 2 2 2 2 2 2 2 2 2 2 2 2 2 2 2 2 2 2 2 2 2 2 2 2 2 2 2 2 2 2 2 2 2 2 2 2 2 2 2 2
left_child=2 4 6 11 9 7 -1 8 25 42 31 23 54 35 -6 28 -11 19 21 20 41 24 -23 26 -17 27 -3 -4 -13 -30 -18 50 61 34 -34 -14 -16 -38 47 -29 -8 -7 -2 57 -45 -35 -40 48 49 -12 52 53 -5 -52 -9 -37 -15 -25 -50 -49 -61 -33
right_child=1 3 5 10 14 17 40 12 -10 16 38 15 13 56 36 18 30 -19 -20 -21 -22 22 -24 43 -26 -27 -28 39 29 -31 -32 32 33 45 -36 55 37 -39 46 -41 -42 -43 -44 44 -46 -47 -48 59 58 -51 51 -53 -54 -55 -56 -57 -58 -59 -60 60 -62 -63
leaf_value=-0.053994387454469599 -0.008181291173183074 0.048952322260670068 -0.039015642764399359 -0.015082545729575361 0.010623166433611574 -0.015488600304973947 -0.043977976452948292 -0.032725626627265962 -0.012991825159067386 0.013529033433881545 0.032249357074748713 0.017266880173412061 -0.0052615334621167187 0.071723159011484725 0.01260864975765875 0.027022522714339969 -0.0099976952053772647 -0.021554209027436228 -0.0020390481048922922 -0.049934967501281437 0.055007533182622817 0.0063315236619377688 0.044078193501811289 0.046990271508654459 0.014887012921578097 -0.047867607835666348 0.0075178718143790006 -0.011785326890080071 0.026386103421180487 -0.014326789762602847 0.0025178546373093645 0.02226863437464096 0.034566536659474283 0.0074589013172922242 0.016008932884385024 0.016437022176836243 0.03065331094904173 0.072055078995147168 0.020222699822326176 0.066897149042713239 -0.031854226935242945 -0.050011076929386104 -0.021657714254990482 0.016217920754426973 0.031310825558372106 -0.035730822405854838 -0.034866384610127435 0.035112540133970908 0.02885353668281402 0.017006953528721943 0.015558461901885524 0.28602347570438702 0.054653126025530997 0.038614755023512179 0.006042371840755646 0.08176682254219203 0.0038740689510522322 0.028432855165997601 0.036623330797845292 0.10052744303146222 0.045283177984348791 0.027734160869632207
leaf_weight=3301501.8123134375 167102.23078691959 14710.94813477993 22531.167696982622 5877.6628475189209 665015.00816488266 29785.649336636066 343145.30719253421 28598.772691011429 231568.5639294982 158867.32661855221 202190.21569442749 926106.0607201457 45748.504060804844 17070.715315163136 28607.983640670776 191882.38867902756 263844.57964468002 86440.76093351841 114969.73330074549 197635.53218150139 3952.7509488463402 446528.29889017344 25247.410655975342 48280.719211697578 1071873.4720105529 119079.1545996964 121964.58727431297 10790.448687970638 537093.77493810654 16794.960758209229 279776.29086560011 995561.22626769543 83163.448825061321 30599.046948432922 354405.65147316456 12618.00600785017 31011.687484741211 18858.212519645691 58353.89898109436 4218.5342090129852 182206.36078545451 28226.682148814201 215183.76937144995 280839.52581989765 159737.16445660591 12894.437278747559 6136.9541206359863 299186.46768951416 470476.42573738098 177071.96055078506 67060.855961918831 419.16475296020508 54814.03118956089 70614.545329868793 17243.630527317524 5066.0872659683228 4020.3986457586288 430277.72645711899 517014.06813049316 7459.2525939941406 68307.804946899414 977099.02219331264
leaf_count=6772300 139045 1798 34751 126 193157 39780 610354 31842 214675 56996 1820 108119 29885 6824 1952 13985 150337 97449 32315 359663 1694 42407 309 1666 91375 211866 5738 17220 24327 313 81203 30225 4182 2888 21660 3020 1258 618 785 4109 268096 50415 184448 13184 5896 503 81 1668 4021 1719 2343 2 1912 4154 7468 115 1758 17217 4272 30 297 16678
internal_value=-0.000980266 0.0193124 -0.0471472 0.0228608 0.00214583 -0.0254813 -0.0520421 -0.0166683 -0.024299 -0.00535741 0.0273034 0.0183448 0.00605355 0.0191769 0.0130933 0.016445 0.000307365 -0.038688 0.0134276 -0.0443931 -0.0267175 0.0144522 0.00835158 0.0243377 0.0167296 -0.0410171 0.0119777 -0.0192867 0.0202177 0.0251516 -0.00355652 0.0242721 0.0234683 0.0172864 0.019536 0.00600546 0.0340245 0.0463095 0.0317551 0.0103297 -0.0397731 -0.0322861 -0.015767 0.0261756 0.0216901 -0.00534542 0.0149803 0.0323763 0.0307603 0.0251329 0.0341934 0.0281695 0.0478995 0.0273842 -0.0181429 0.0351532 0.05879 0.0303051 0.0329215 0.0382668 0.0507222 0.0249758
internal_weight=1.53647e+07 1.06733e+07 4.69145e+06 8.84501e+06 1.82827e+06 864595 3.82685e+06 518554 388188 1.08477e+06 4.45871e+06 4.38631e+06 130366 84523.7 743493 3.3305e+06 702488 346041 1.8505e+06 259601 61965.1 1.73553e+06 471776 1.05581e+06 1.26376e+06 156619 136676 37540.2 1.47999e+06 553889 543621 2.65251e+06 2.45372e+06 481063 437569 63432.6 78477.9 49869.9 1.8062e+06 15009 525352 58012.3 382286 919135 440577 43493.5 64490.9 1.74171e+06 1.36675e+06 379262 198786 138095 60691.7 137675 45842.4 17684.1 21091.1 478558 987490 374954 75767.1 1.97266e+06
internal_count=10030313 1267029 8763284 458015 809014 1112534 7650750 563533 482621 612029 99366 358649 80912 41602 196985 313150 288536 549001 180391 451552 91889 148076 42716 45499 105360 267946 7536 56080 132759 24640 231540 84673 76136 29233 25842 33020 3828 1876 14693 21329 878450 90195 323493 37963 19080 3391 866 13827 11832 3539 8537 6499 2038 6497 39310 3135 8582 18883 8293 1995 327 46903
is_linear=0
shrinkage=0.05


Tree=28
num_leaves=63
num_cat=0
split_feature=15 15 15 15 15 14 2 2 16 15 9 14 15 12 3 18 16 10 24 2 13 10 2 0 14 9 24 19 18 25 0 2 0 11 0 12 6 24 6 13 12 24 3 2 13 2 10 26 20 21 16 3 2 16 11 2 12 16 26 26 10 9
split_gain=5.73268e+06 229242 145581 53089.9 43687.1 14540.2 22054.4 15690.2 12634.5 12356 11175.6 10785.1 10582.4 10570.6 8682.5 9833.6 8358.17 8241.37 7669.5 7992.63 7605.9 13433.6 16976.6 10034.8 8633.98 7937.27 7409.04 6777.41 6706.41 9196.03 6518.58 6239.9 19854.5 15763.8 35606.9 9530.35 14921.9 10814.9 10236.7 20005.2 15535 8096.74 6363.72 6226.25 9961.68 6961.04 6202.46 6068.07 5807.4 5798.17 5790.37 6951.33 5713.72 5679.62 5512.99 8841.03 6121.06 5407.08 5308.92 7474.24 5276.38 5275.58
threshold=0.59102817904440841 10.587915746895389 0.11260882731470968 74.775760425746668 1.7233074884193318 17649.500000000004 2.5000000000000004 1.5000000000000002 63.976235375336096 0.029609009711065823 -0.22252093395631442 17666.500000000004 0.24377154534429582 0.78656609248549325 5.5000000000000009 1.0000000180025095e-35 6.435778985009696 0.68301270189221941 3.5499999523162846 2.5000000000000004 -0.5 0.68301270189221941 3.5000000000000004 18.500000000000004 17658.500000000004 -0.22252093395631442 110.16666412353517 2867.0000000000005 181.50000000000003 685.08245849609386 10.500000000000002 2.5000000000000004 16.500000000000004 0.6830127018922193 13.500000000000002 -0.9159756150367534 1.0000000180025095e-35 19.116666793823246 1.0000000180025095e-35 -0.37940952255126015 -0.25881904510252113 98.483333587646499 3.5000000000000004 1.5000000000000002 -0.60355339059327384 2.5000000000000004 -0.24999999999999994 6.7159788608551034 2814.0000000000005 2013.0000000000002 10.907577751196174 4.5000000000000009 10.500000000000002 0.64816221997073076 0.6830127018922193 2.5000000000000004 -0.9159756150367534 44.580369788364791 369.26918029785162 326.82791137695318 -1.0000000180025095e-35 -0.56174490092936669
decision_type=2 2 2 2 2 2 2 2 2 2 2 2 2 2 2 2 2 2 2 2 2 2 2 2 2 2 2 2 2 2 2 2 2 2 2 2 2 2 2 2 2 2 2 2 2 2 2 2 2 2 2 2 2 2 2 2 2 2 2 2 2 2
left_child=2 4 5 11 54 9 7 -7 14 16 50 31 -4 46 28 26 -1 -18 19 -10 21 -20 -23 24 -22 -25 30 -17 29 57 -16 32 33 34 -3 36 41 -38 40 -40 -37 -33 -35 44 -13 47 -12 -45 -30 -31 -6 -52 -21 -47 55 56 -2 -5 59 -46 -57 -55
right_child=1 3 12 8 10 6 -8 -9 18 -11 13 43 -14 -15 15 27 17 -19 20 52 23 22 -24 25 -26 -27 -28 -29 48 49 -32 35 -34 42 -36 38 37 -39 39 -41 -42 -43 -44 45 58 53 -48 -49 -50 -51 51 -53 -54 61 -56 60 -58 -59 -60 -61 -62 -63
leaf_value=-0.054388787994762482 -0.022888845171862029 0.020045962529847052 -0.034507348675655046 0.019522303712624745 0.011620786726653183 -0.055125507153630404 -0.051443182909301291 0.04734661261794304 0.1898085532254396 -0.045952246572891667 0.0093117454327245539 -0.0051534201838989435 -0.021277234589856506 0.016639671816483539 0.04029846824753245 0.016199820273171493 -0.054281723308476908 0.043540387953886629 0.018642938686023357 0.0018128628427938331 0.026412614003650393 0.042612850361353365 0.011858248519591819 0.031421848105945387 0.035611414490901029 0.0089635818204179662 0.03917259953425653 0.097318902342630687 0.026759128472422362 0.003715281466066533 0.015182648013268711 0.024640539876427808 0.0070895377353577139 0.0079837130577322113 0.057629883118641735 0.0060967776041077233 0.015277904128301746 -0.02591162955059776 0.028635594239207807 -0.0092753490549389288 0.016180372089028196 -0.0016533055020129873 0.02581516873755374 0.056198495977328601 0.029910221835996609 0.18603314596265647 -0.00048966159452766198 0.029074683642003253 0.1273696803259064 0.079096224440432461 0.011409232899963054 0.042236868637974351 0.13124475259247484 0.028781046286695616 -0.015134966782627471 0.00082234284366467382 0.018850316119032109 0.025979323312498706 -0.039309830750237536 0.16370161522213955 -0.011613129987385791 0.019445137571680541
leaf_weight=3208753.1608168185 10388.034811615944 163638.89122724533 256063.66324096918 1002802.1608123779 679467.75109636784 5242.9851182103157 30931.730833470821 12991.950378805399 1445.495584487915 520367.10302215815 230313.34786725044 47756.007151603699 368904.11082994938 158029.65925204754 39085.241550445557 125047.7174243927 4279.4849447607994 4333.0543902516365 390707.23343849182 2254.8658819198608 379848.35384368896 160687.84910774231 62257.395732879639 72180.217847824097 776684.983959198 86478.760957717896 235002.87101745605 2628.9541473388672 554036.90655899048 94724.243574142456 76205.701376914978 561066.85607910156 182682.7476747036 111301.12413525581 102488.37735891342 625229.185359478 38284.706881523132 27300.228348255157 226685.5564789772 41108.134997606277 981702.78688406944 30889.581159591675 90900.73375248909 27863.603637218475 35365.02135848999 530.15949726104736 539506.38086771965 79327.454287052155 1437.9400310516357 2621.4946479797363 37550.655305743217 35645.605686903 1371.1347255706787 219056.08949613571 159398.0208953023 130915.51938021183 56869.92676281929 479141.17247009277 2659.8685607910156 1075.5567474365234 244808.38917249441 489397.18818926811
leaf_count=6918650 7498 8989 398635 20252 182962 10393 60385 8883 10 1009507 63110 2235 415009 43436 795 1869 7902 2341 5798 41 2951 1604 868 1075 4364 1457 2416 9 7609 1000 1820 37398 13506 8738 4389 45717 3572 1597 12412 3228 70160 969 6319 927 1762 13 151794 2795 10 25 7798 5694 20 9086 124076 87294 31233 7832 73 23 175377 22603
internal_value=-0.00095741 0.0184824 -0.0490555 0.0222085 0.00439196 -0.0527453 -0.0257314 0.017883 0.0259257 -0.0531006 0.00853308 0.0180725 -0.0266979 0.00486071 0.023658 0.0297495 -0.0542568 -0.00506593 0.0289893 0.0903959 0.0288278 0.0242313 0.0340247 0.0309725 0.0325902 0.0191808 0.0340793 0.0178702 0.0222942 0.0206321 0.0236973 0.0167044 0.0210704 0.0265239 0.03452 0.0155819 0.0207613 -0.00186749 0.0137653 0.022816 0.012257 0.0232685 0.016 0.0228954 0.0101684 0.0242498 0.0024427 0.0361254 0.0270196 0.0057454 0.0130602 0.026422 0.0507598 0.0224543 -0.00716089 -0.00429156 0.0124036 0.02161 0.028882 0.0338597 -0.00728016 0.0223318
internal_weight=1.53277e+07 1.09159e+07 4.41187e+06 8.63296e+06 2.28289e+06 3.7869e+06 49166.7 18234.9 4.54665e+06 3.73773e+06 1.68051e+06 4.08631e+06 624968 927849 2.61273e+06 477970 3.21737e+06 8612.54 1.93392e+06 5071.5 1.92884e+06 613652 222945 1.31519e+06 1.15653e+06 158659 350294 127677 2.13476e+06 1.57929e+06 115291 3.18328e+06 651012 468329 266127 2.53227e+06 657541 65584.9 1.87473e+06 267794 1.60693e+06 591956 202202 903031 86856.5 816174 769820 107191 555475 97345.7 752664 73196.3 3626 708983 602380 442982 67258 1.48194e+06 39100.4 36440.6 375724 708453
internal_count=10030313 1198608 8831705 318336 880272 8018061 79661 19276 61825 7938400 454794 256511 813644 258340 43637 6909 6928893 10243 18188 71 18117 8270 2472 9847 7315 2532 5031 1878 36728 29109 2615 216994 41941 28435 13378 175053 43536 5169 131517 15640 115877 38367 15057 39517 4093 35424 214904 3722 7619 1025 196454 13492 61 31702 425478 301402 38731 28084 1858 1785 262671 31689
is_linear=0
shrinkage=0.05


Tree=29
num_leaves=63
num_cat=0
split_feature=15 15 15 15 15 14 2 2 15 16 14 8 16 15 0 16 28 3 18 17 23 11 24 2 0 10 24 13 10 2 0 28 8 2 23 24 2 0 11 0 13 6 0 6 0 23 26 18 26 21 16 2 13 2 23 16 23 23 28 11 11 2
split_gain=5.33589e+06 212055 131422 50713.9 38353.7 14720.2 22139.9 15366.3 12975.5 10751.9 10594 9482.7 10894.7 8760.87 8464.87 8188.14 7493.04 7405.64 8346.3 7933.83 8598.13 6879.14 8323.48 7824.27 13766.2 6821.08 6392.11 6442.4 11447.8 14346.4 8507.92 7767.38 6283.82 6140.53 5901.3 5813.42 5811.38 18671.7 16428 32688.2 9534.4 22047.1 20798.4 18490.7 10389.5 7028.32 6419.23 5738.66 6528.47 6296.9 5690.86 5482.5 8469.03 6078.64 5596.04 5454.78 5390.48 5329.3 5311.17 7082.3 5229.37 8841.31
threshold=0.5438784326984486 8.5059984577076371 0.11260882731470968 74.775760425746668 1.6301629656892815 17647.500000000004 2.5000000000000004 1.5000000000000002 0.029609009711065823 63.976235375336096 17666.500000000004 -0.8783796973249266 13.756348099058251 0.24377154534429582 8.5000000000000018 7.483830398850162 1293.5000000000002 5.5000000000000009 1.0000000180025095e-35 8.5000000000000018 102.57143020629884 0.6830127018922193 36.783332824707038 2.5000000000000004 16.500000000000004 0.68301270189221941 3.5499999523162846 -0.5 0.68301270189221941 3.5000000000000004 18.500000000000004 1144.5000000000002 -0.8783796973249266 2.5000000000000004 16.535714149475101 420.94999694824224 2.5000000000000004 16.500000000000004 0.6830127018922193 14.500000000000002 -0.5 1.0000000180025095e-35 14.500000000000002 1.0000000180025095e-35 13.500000000000002 89.678573608398452 542.64111328125011 181.50000000000003 436.40840148925787 659.50000000000011 0.64816221997073076 1.5000000000000002 -0.60355339059327384 2.5000000000000004 2.0357142686843877 30.592827262108496 245.67857360839847 1.0000000180025095e-35 432.50000000000006 0.25000000000000017 0.6830127018922193 2.5000000000000004
decision_type=2 2 2 2 2 2 2 2 2 2 2 2 2 2 2 2 2 2 2 2 2 2 2 2 2 2 2 2 2 2 2 2 2 2 2 2 2 2 2 2 2 2 2 2 2 2 2 2 2 2 2 2 2 2 2 2 2 2 2 2 2 2
left_child=2 4 5 10 60 8 7 -7 15 17 36 12 16 -4 -13 -1 -6 47 19 20 -19 23 -23 24 -16 -17 33 28 -28 -30 31 -29 -32 -11 -15 -20 37 38 39 -3 41 44 -43 -42 -38 -45 -40 48 55 -50 -12 52 -52 54 -53 -5 -55 -9 59 -49 61 -2
right_child=1 3 13 9 11 6 -8 57 -10 26 50 14 -14 34 21 25 -18 18 35 -21 -22 22 -24 -25 -26 -27 27 30 29 -31 32 -33 -34 -35 -36 -37 40 -39 46 -41 43 42 -44 45 -46 -47 -48 58 49 -51 51 53 -54 56 -56 -57 -58 -59 -60 -61 -62 -63
leaf_value=-0.054333721733412138 0.011438370529010738 0.022083601027707418 -0.033797296647983116 0.017207572440584351 0.0098090931423888347 -0.055106971796595107 -0.051347144204287654 0.052491355346102414 -0.045510961694096672 0.16416869123045494 0.14861669250597828 0.013679727086903515 0.053057451892510543 -0.021489202705382935 0.0317874533581161 -0.055007227904661206 0.039440784875215761 0.023926754349248316 0.011690908024884003 0.016670008035047111 0.041857650501491206 -0.0039684226270513007 0.26110435522196629 0.003683733073610228 -0.0057387255830062328 0.04364149385409561 0.017452574447664179 0.026792688784999137 0.039216117075174799 0.011158992171906508 0.041184104393066273 0.035009711815024387 0.013749649710433626 0.046692446703103511 0.21076263969639447 0.038980739235953264 0.01285274426736961 0.0063343763257550914 0.013606618186859085 0.059744453138026968 0.019433982493329102 0.014880607139264888 0.047175740304167699 -0.0023279028392347799 0.0034883387309544746 0.046033962826841329 0.16446499759258593 0.023339862639943785 0.0087614036773758577 0.027144707281243591 -0.0049167436300800466 0.05227757321207116 0.026182733134970888 0.020383107462498832 0.026730990695205899 0.023681865214330675 0.060322633206415538 -0.052217387219327227 0.020894792160793263 0.040476965563731149 -0.015672381254579641 -0.0080962277833834025
leaf_weight=3052902.6687559485 68472.848027527332 215370.52538895607 248563.61069399118 589513.86137294769 185479.86573755741 5584.6796410381794 33518.809798300266 12971.561953693628 498634.67292121053 1583.8322372436523 877.96027565002441 246801.75795042515 18690.288038849831 320443.99992614985 68247.5623087883 3172.7509571313858 24107.684288978577 105770.03314781189 105471.2897644043 71702.085187911987 181727.64871025085 259131.36042773724 296.39031171798706 628842.02693760395 38072.558911323547 3913.7628999948502 396337.9586353302 693455.63917541504 165739.33265113831 62835.380195617676 24645.767297744751 491411.33651733398 136334.11052703857 3737.3526992797852 273.63824093341827 23945.982219696045 695048.39862823486 197337.92534637451 219229.36312413216 78661.031699180603 1186286.4832208157 144032.42926001549 76243.864962100983 134551.5140235424 516147.99799585342 7956.6653633117676 707.3372802734375 141183.45044708252 230384.7198600769 58388.256988525391 47557.30570936203 29016.628209590912 40561.849217414856 722258.68731832504 82068.620954990387 726020.98839187622 8548.2042903900146 1340.6695090830326 320461.34318351746 105225.80917167664 158185.35441255569 375917.6177085638
leaf_count=6912233 40844 12479 398635 12901 52590 11664 68805 8158 1007576 10 38 75150 3268 374109 15799 6071 5816 2297 1768 971 1763 88545 17 183063 10723 1718 5798 5226 1604 868 309 2089 2223 61 58 110 53804 15727 17709 3423 86909 9034 3650 11580 40344 249 10 1804 2793 579 2235 940 1962 32795 2894 12836 148 1836 4594 1221 129615 276265
internal_value=-0.000934794 0.0171841 -0.0490801 0.0204916 0.00275794 -0.0525993 -0.026546 0.0152344 -0.0529903 0.0241414 0.0166483 0.00711356 0.0164794 -0.0267516 0.00539127 -0.0542091 0.0132175 0.0220659 0.0276274 0.0315499 0.0352609 0.00333453 -0.00366546 0.00580473 0.0183495 -0.000524639 0.026935 0.0267873 0.0225919 0.0315032 0.0287353 0.0302006 0.0179499 0.0816622 -0.021291 0.0167404 0.0153781 0.0194081 0.0244277 0.0321589 0.0143397 0.0115084 0.0260589 0.0173897 0.00886213 0.000372283 0.0140919 0.0208143 0.0192862 0.0124784 0.0213849 0.0212647 0.00939851 0.0225067 0.0334041 0.0207806 0.0208503 0.0426823 0.0251387 0.0306581 -0.0078653 -0.00508627
internal_weight=1.52919e+07 1.11106e+07 4.18132e+06 9.03834e+06 2.07225e+06 3.61204e+06 53415.7 19896.9 3.55862e+06 4.63588e+06 4.40246e+06 1.46967e+06 228278 569281 1.24139e+06 3.05999e+06 209588 2.6598e+06 488617 359200 287498 994590 259428 735162 106320 7086.51 1.97608e+06 1.97076e+06 624913 228575 1.34585e+06 1.18487e+06 160980 5321.18 320718 129417 3.47157e+06 711306 513968 294032 2.76027e+06 1.43147e+06 220276 1.32879e+06 1.2112e+06 142508 219937 2.17118e+06 1.60431e+06 288773 930889 930011 88119.2 841892 111085 1.31553e+06 730807 14312.2 566871 246409 602576 444390
internal_count=10030313 1239450 8790863 357755 881695 8018061 90463 21658 7927598 61825 295930 434971 61674 772802 373297 6920022 58406 43637 6909 5031 4060 298147 88562 209585 26522 7789 18188 18117 8270 2472 9847 7315 2532 71 374167 1878 254918 49348 33621 15902 205570 106832 12684 98738 94148 11829 17719 36728 29109 3372 41012 40974 4197 36777 3834 25737 32943 9994 7619 3025 446724 317109
is_linear=0
shrinkage=0.05


Tree=30
num_leaves=63
num_cat=0
split_feature=15 15 15 15 15 14 2 16 2 15 9 16 15 14 8 28 11 16 0 28 28 26 24 26 9 0 9 11 2 14 0 28 13 2 2 0 0 25 0 14 28 27 14 17 2 2 18 14 2 16 3 0 26 0 1 15 27 14 0 24 24 13
split_gain=4.972e+06 206412 106108 45981.6 39809.8 15761.9 19596.8 12787.4 12779.8 10619.6 10470.2 8332.72 8237.2 7561.84 8850.57 16195.7 17952.5 17171.2 10103.6 8733.13 6292.63 7497.35 7711.6 6917.48 6304.21 8779.85 6230.64 6021.41 8152.84 6396.09 5976.32 5829.75 5593.25 9789.03 14878.7 14487.1 7864.38 9109.61 6536.43 7098.27 11429.1 5586.62 5514.22 5447.56 5247.63 5239.9 6867.02 8213.66 5229.02 4924.65 7225.46 5637.85 6431.29 4670.55 4394.42 4350.67 4926.28 4334.46 4318.03 8460.23 4179.09 4158.02
threshold=0.45788394654951498 7.5823969632019175 0.096121165226611655 59.264869966140772 1.4321105681845008 17649.500000000004 2.5000000000000004 63.976235375336096 1.5000000000000002 0.029609009711065823 -0.22252093395631442 6.435778985009696 0.2245522865366166 16174.000000000002 -0.8783796973249266 278.50000000000006 0.6830127018922193 17.449615571293052 8.5000000000000018 278.50000000000006 404.50000000000006 1.0000000180025095e-35 1.8500000238418581 9.5147366523742694 1.0000000180025095e-35 9.5000000000000018 -0.22252093395631442 0.6830127018922193 2.5000000000000004 17606.000000000004 14.500000000000002 454.50000000000006 -0.5 3.5000000000000004 1.5000000000000002 14.500000000000002 13.500000000000002 344.13665771484381 18.500000000000004 17658.500000000004 504.50000000000006 446.05894470214849 17665.500000000004 678.00000000000011 2.5000000000000004 6.5000000000000009 44.500000000000007 16174.000000000002 2.5000000000000004 4.778097130446838 4.5000000000000009 14.500000000000002 1.0000000180025095e-35 8.5000000000000018 2024.5000000000002 14.790695415695417 92.381355285644545 17641.500000000004 8.5000000000000018 0.28333334624767309 18.716667175292972 -0.5
decision_type=2 2 2 2 2 2 2 2 2 2 2 2 2 2 2 2 2 2 2 2 2 2 2 2 2 2 2 2 2 2 2 2 2 2 2 2 2 2 2 2 2 2 2 2 2 2 2 2 2 2 2 2 2 2 2 2 2 2 2 2 2 2
left_child=2 4 5 20 27 9 8 13 -7 11 49 -1 -4 26 15 16 -15 -17 19 -16 54 22 -22 -23 30 -26 43 28 29 61 -25 -20 33 34 -9 -36 -35 -38 39 41 -41 -34 -24 -5 -13 46 60 -48 -44 -6 -51 -52 -53 -12 57 -56 -57 -3 59 -59 -30 -2
right_child=1 3 12 7 10 6 -8 32 -10 -11 53 44 -14 14 18 17 -18 -19 31 -21 21 23 42 24 25 -27 -28 -29 45 -31 -32 -33 38 36 35 -37 37 -39 -40 40 -42 -43 48 -45 -46 -47 47 -49 -50 50 51 52 -54 -55 55 56 -58 58 -60 -61 -62 -63
leaf_value=-0.054255354348818258 0.013607859687753427 -0.0022816030633504305 -0.034902324457919409 0.017968946194664992 0.0085065661809447645 -0.055103450703058901 -0.050910278010754706 0.00837304895453031 0.040853762883575839 -0.045706536614783105 0.0096920448474673501 0.026869319267309816 -0.022488839688021137 0.022565017100901308 -0.0041008274128902641 -0.015801197072046476 0.16863539002702996 0.016064053250506926 0.022928138078095128 0.026677571871669383 0.0099058715581059019 0.0071260091640058245 0.024074766264903461 0.015395715320173762 0.021644908931160639 0.010163759728876983 0.0014550310609734659 -0.017854046985057607 -0.014537852763101648 0.038055466760299472 0.022096607106343778 0.017187523073578962 0.029022134859500059 0.022338801131164029 0.024542439244370801 0.052941435928624304 0.014650009574486958 -0.013131079212317166 0.018471055237499662 0.01357019411365052 0.032908362270762041 0.017160275427855028 0.061256725134831096 0.087603808525038906 -0.053882972419317068 -0.001175033175904936 0.2188383994579598 -0.0056422288585590563 0.029898381473586567 0.0087448343804622103 0.01272769897429161 0.081494653324983207 0.032559095144044342 0.00016911785550400706 0.0071196944505801264 0.018109286171652774 0.0093254178425752222 0.27959119148051154 0.0076486537182821005 0.029376434788904251 0.17428274415623385 -0.015358166295027332
leaf_weight=2910403.2162741125 28957.611166298389 99859.80636882782 266214.20485574007 71789.786507606506 517008.22940099239 4646.8555130064487 26062.245538264513 62960.719851493835 13697.786514282227 431392.34033453465 161809.73457491398 5167.8782680332661 268358.75040948391 5316.8563365936279 23653.206354141235 49014.645478248596 3480.4785060882568 307547.76687240601 736245.20632171631 899093.69626045227 68131.74130153656 231097.58122134209 134428.39512109756 748339.07308959961 220452.64480996132 680611.5759062767 96374.862977981567 155793.47892224789 241288.10545796156 15356.235779881477 599166.03812241554 1107594.0482597351 188205.70169448853 266782.0314655304 106382.72168922424 77713.141441345215 138082.54867649078 37527.451837539673 199033.24995326996 85258.019044876099 735874.52300834656 210048.98170852661 22704.367232322693 2922.898006439209 3294.1421433091164 130056.41085398197 694.32352459430695 986.08806359767914 32077.472885131836 71282.287630319595 22253.091930150986 8945.5638881921768 26919.295765757561 630304.65339016914 220107.77449655533 475113.07019281387 240383.07820510864 344.07391262054443 93083.515894412994 18345.095616340637 293.29054856300354 21653.635231018066
leaf_count=6918650 19092 10173 458252 1731 169141 10192 56175 968 8703 915997 53345 3601 334152 137 566 1463 59 6154 13639 11616 8441 27357 10993 50385 15200 50937 2322 139097 199505 7885 38601 24407 1598 4116 1245 622 2342 487 3581 955 3501 1417 837 45 6642 100156 188 527 1846 17165 4433 1799 5126 206504 29635 30820 10816 18 7096 1160 77 16623
internal_value=-0.000911713 0.0158976 -0.0493762 0.0190544 0.00146842 -0.0526368 -0.0230435 0.022034 0.0165465 -0.0530291 0.00596788 -0.0541113 -0.0286707 0.0200923 0.0206514 0.0133373 0.0803565 0.0116837 0.0216173 0.0258886 0.0149038 0.0162067 0.02433 0.0153637 0.0162103 0.0129727 0.00985631 -0.00940843 -0.00641316 0.00979092 0.0183753 0.0194798 0.0250767 0.0213824 0.0293549 0.0365307 0.0169301 0.00871322 0.0268724 0.0282437 0.0309005 0.0227659 0.0295238 0.0206934 -0.00456605 -0.00927653 -0.0136079 0.0871147 0.042895 0.0106899 0.0194134 0.0324983 0.0447651 0.00211443 0.0117953 0.0132671 0.0151582 0.00528876 0.0120523 0.0339847 -0.0143085 0.00121486
internal_weight=1.5258e+07 1.13287e+07 3.92924e+06 9.29515e+06 2.0336e+06 3.39466e+06 44406.9 5.4109e+06 18344.6 3.35026e+06 1.43852e+06 2.91887e+06 534573 3.30303e+06 3.13195e+06 365360 8797.33 356562 2.76659e+06 922747 3.88425e+06 2.73701e+06 257342 2.47967e+06 2.24857e+06 901064 171088 595079 439286 65967.5 1.34751e+06 1.84384e+06 2.10787e+06 689449 247057 184096 442392 175610 1.41842e+06 1.21939e+06 821133 398255 189210 74712.7 8462.02 373318 243262 1680.41 54781.8 646408 129400 58118 35864.9 792114 1.14724e+06 935604 715496 211632 111773 18689.2 241581 50611.2
internal_count=10030313 1317949 8712364 377286 940663 7919960 75070 82971 18895 7844890 457513 6928893 792404 62139 58041 7813 196 7617 50228 12182 294315 204597 22117 182480 155123 66137 4098 483150 344053 43600 88986 38046 20832 9780 2835 1867 6945 2829 11052 7471 4456 3015 13676 1776 10243 300453 200297 715 2683 197664 28523 11358 6925 259849 89718 71271 41636 18447 8274 1178 199582 35715
is_linear=0
shrinkage=0.05


Tree=31
num_leaves=63
num_cat=0
split_feature=15 15 15 15 15 14 10 15 22 15 15 16 10 11 9 22 23 11 12 27 12 11 11 12 12 20 19 25 25 9 21 11 11 25 14 11 10 10 20 10 18 14 14 18 10 8 10 8 19 27 14 23 27 9 26 22 21 12 19 11 10 11
split_gain=4.638e+06 181839 108527 49790.8 24434.7 16128.8 16698.6 13384.1 11790.4 10237.3 8676.81 8473.89 16370.1 15449.1 7891.9 6718.72 10483.2 7189.85 9907.85 6267.54 6134.85 5815.35 8140.41 14581.8 16473.6 7976.51 9187.06 7918.59 7792.22 7289.36 5641.14 5588.13 6646.16 5584.8 5549.52 5546.29 5468.99 5431.74 5403.87 5121.11 6046.59 6197.78 5006.3 5005.67 4733.67 7436.22 4437.23 5438.67 5076.04 4302.94 4210.11 3916.55 4306.22 3688.72 3473.07 4950.47 3911.83 3405.83 3389.33 3389.16 9632.54 4070.3
threshold=0.45788394654951498 4.9347144125480922 0.083521582825527144 48.893291391049807 1.4321105681845008 17649.500000000004 0.68301270189221941 0.0018165319254248476 208.85713958740237 0.20590529503533087 0.024799794990069835 0.72480142848346785 0.68301270189221941 0.25000000000000017 -0.22252093395631442 25.928571701049808 1.0000000180025095e-35 -0.5 -0.9159756150367534 225.07398223876956 -0.25881904510252113 0.6830127018922193 0.25000000000000017 -0.9159756150367534 -0.70710678118654735 1455.5000000000002 1291.0000000000002 509.38247680664068 509.38247680664068 -0.56174490092936669 1696.0000000000002 0.6830127018922193 0.25000000000000017 10.092420101165773 17606.000000000004 -0.9330127018922193 -0.24999999999999994 0.93301270189221952 61.500000000000007 1.0000000180025095e-35 42.500000000000007 16174.000000000002 17670.500000000004 7.5000000000000009 -0.5 0.87837969732492682 -0.24999999999999994 -0.8783796973249266 1435.5000000000002 6.7600073814392099 17656.500000000004 13.321428298950197 120.47365188598634 1.0000000180025095e-35 701.90625000000011 11.785714149475099 304.00000000000006 -0.9159756150367534 3.5000000000000004 0.25000000000000017 0.68301270189221941 -0.68301270189221952
decision_type=2 2 2 2 2 2 2 2 2 2 2 2 2 2 2 2 2 2 2 2 2 2 2 2 2 2 2 2 2 2 2 2 2 2 2 2 2 2 2 2 2 2 2 2 2 2 2 2 2 2 2 2 2 2 2 2 2 2 2 2 2 2
left_child=2 4 5 15 31 10 -7 -8 42 -4 11 -1 -13 -14 51 16 50 18 53 -17 -20 22 35 28 -25 26 29 -28 -24 -23 33 32 39 -19 57 38 43 -37 -10 58 -41 -42 -5 44 -16 -46 47 -27 -48 -44 -3 52 -6 -18 56 -56 -51 -34 -2 61 -61 -52
right_child=1 3 9 8 14 6 7 -9 21 -11 -12 12 13 -15 36 19 17 30 20 -21 -22 25 23 24 -26 46 27 -29 -30 -31 -32 -33 34 -35 -36 37 -38 -39 -40 40 41 -43 49 -45 45 -47 48 -49 -50 54 59 -53 -54 -55 55 -57 -58 -59 -60 60 -62 -63
leaf_value=-0.054606231970235258 -0.0029929508423463145 0.01433924846568497 -0.03580332270311886 0.017876728821450499 0.0076324614564299651 -0.050665473380482141 0.043573666949517115 -0.044217924652443924 0.022806666282795898 -0.022395048737804513 -0.046439958862895057 -0.054362993212009991 -0.054769755799657427 0.022009117570983425 -0.0032547100563056703 0.016697784191387816 0.028206486868772501 0.0042908550369314168 0.0049322669287720196 -0.0012309019789381931 0.014278554034023536 0.013100575601913756 -0.022065771892649175 0.079651228242278382 0.017700678466281292 0.063324571140174202 0.079655445810109415 0.034072265783149557 0.0081270746305949337 0.025809934483225674 0.24191742554952844 -0.01722174130688919 -0.027845036086570681 0.011053431880541718 0.033862670174220053 0.019715272215389778 -0.0035770350777286058 0.028349794724620587 0.039547636621861809 -0.013777853080468645 0.18470856835694424 -0.0015010204382605518 0.11268435603021282 0.031438923499878917 0.00346900891304527 0.042720846090475467 0.055759158876593218 0.012946242140264831 0.028971564661105637 0.024563472953594543 0.027417385068711095 0.028718077277599965 0.19529282289314773 0.014726232022768116 0.059782172252417942 0.016982694129156473 0.010955432208648917 0.006111418299636134 0.028271256711502542 0.015268699249755009 0.04434364448342562 0.0037311227395899066
leaf_weight=2641103.7808210254 119055.36548155546 246884.28517460823 279547.80090779066 3352634.2348804474 408919.91154682636 22856.440612137318 12354.198404371738 6693.2931227385998 103062.36521720886 290085.24893820286 425727.16634944081 53731.427786946297 10555.912460058928 17271.864698052406 84846.012239217758 1205913.6744549274 128568.444917202 638576.19535541534 287978.83616137505 50799.012625217438 449839.8755941391 156322.65931892395 33210.465908050537 11727.45153427124 126288.56093788147 6801.382568359375 11006.580570220947 70909.55590057373 59934.18158531189 405414.6513671875 256.64944267272949 153497.51706624031 8918.3794417977333 584969.24827694893 16116.438519775867 894210.27080726624 365851.54930412769 228732.94368362427 90565.997362136841 238645.08831375837 775.80050122737885 1053.6025650501251 1356.7900428771973 19199.405135035515 39822.127661347389 17311.908039331436 47746.242958068848 25232.907390594482 28090.485763549805 307441.33647155762 37131.805851221085 23606.350068092346 305.82776188850403 83845.868154764175 15146.349586486816 12197.8743019104 63766.911661148071 42930.986040532589 9349.4550542831421 57510.239124298096 56448.248357772827 35457.325534820557
leaf_count=6616344 92497 32002 514581 76350 150211 52981 6573 12640 866 375336 961856 127065 23792 21196 33812 75281 13112 78338 32290 1938 52607 1493 401 115 1065 24 60 260 549 3430 7 139097 7618 62559 8161 7570 144512 2153 549 199532 196 569 7 5982 14349 5673 179 99 57 5713 3186 5253 32 9594 78 67 937 29264 6216 5647 3225 3167
internal_value=-0.000888069 0.0149143 -0.0490785 0.0174039 -0.00101065 -0.0526679 -0.0218519 0.0127233 0.020235 -0.0289752 -0.0530781 -0.054116 -0.0382423 -0.00711533 0.00391231 0.0129699 0.0115225 0.0101069 0.0133701 0.0159731 0.0106306 0.0230545 0.0213022 0.0126483 0.0229648 0.0266631 0.0245543 0.0401972 -0.00263806 0.0222731 0.00757318 -0.0090151 -0.00613146 0.007524 0.00823624 0.0228216 -0.000196316 0.021474 0.030637 -0.00877872 -0.0130836 0.0774685 0.0185075 0.00747734 0.00423706 0.0153627 0.039246 0.0236427 0.045837 0.0237954 0.0186229 0.00891513 0.00777277 0.0228855 0.0234927 0.0406902 0.0222259 0.00027058 -0.000716472 0.0242919 0.0296708 0.0158475
internal_weight=1.52261e+07 1.14662e+07 3.75993e+06 9.91598e+06 1.55021e+06 3.19029e+06 41903.9 19047.5 6.0518e+06 569633 3.14839e+06 2.72266e+06 81559.2 27827.8 959863 3.86418e+06 2.60747e+06 2.17404e+06 950233 1.25671e+06 737819 2.29926e+06 1.54773e+06 231161 138016 751524 643653 81916.1 93144.6 561737 1.2238e+06 590343 436845 1.22355e+06 67965.8 1.31657e+06 527031 1.12294e+06 193628 368879 240474 1829.4 3.75254e+06 161179 141980 57134 107871 32034.3 75836.7 399909 433432 432832 409226 212414 398552 27344.2 371208 51849.4 128405 186548 113958 72589.1
internal_count=10030313 1317949 8712364 474975 842974 7822447 72194 19213 102022 889917 7750253 6788397 172053 44988 359824 372953 295734 248507 107603 77219 84897 18870 13268 2130 1180 5602 5243 320 950 4923 140904 483150 344053 140897 45043 11138 204328 9723 1415 299010 200297 765 83152 59816 53834 20022 359 123 236 6802 47227 155496 150243 22706 6795 145 6650 36882 98713 15225 8872 6353
is_linear=0
shrinkage=0.05


Tree=32
num_leaves=63
num_cat=0
split_feature=15 15 15 15 15 14 10 11 16 15 15 16 23 15 0 9 0 16 14 28 23 25 10 25 23 14 13 10 11 23 13 14 28 0 25 23 23 19 16 10 11 11 11 16 10 14 6 14 11 23 19 10 21 19 25 14 11 11 8 3 10 28
split_gain=4.33008e+06 179994 87145.3 51830.5 17834.6 16766 16549.6 11194.1 10414.7 8892.21 8495.19 8069.3 7568.14 7201.84 6398.99 13347.8 11561.4 7148.13 6428.98 7170.77 6327.75 8147.55 6296.16 5682.08 8365.72 5501.28 5079 7110.89 18653.5 7327.23 6009.16 5662.51 9237.04 5434.14 10241.4 5231.51 5094.63 5055.07 4921.05 10331.8 10248 4825.72 8122.02 6581.76 4644.11 4591.53 4437.63 4276.79 4266.87 4262.7 4004.83 7636.28 9268.51 5330.67 5999.8 4691.04 3813.59 8032.9 6889.9 5843.39 4651.08 3765.56
threshold=0.38536017872206313 3.2880902134745971 0.073064127129388673 48.893291391049807 0.97332896832132965 17649.500000000004 0.68301270189221941 0.25000000000000017 63.976235375336096 0.17522012821503055 14.790695415695417 7.483830398850162 31.107142448425297 0.022532770278516859 8.5000000000000018 -0.22252093395631442 7.5000000000000009 5.4862023756871183 17658.500000000004 511.50000000000006 1.0000000180025095e-35 5.839099884033204 0.68301270189221941 3.7670195102691655 1.0000000180025095e-35 17664.500000000004 -0.5 0.68301270189221941 0.25000000000000017 120.25000000000001 0.1294095225512602 17658.500000000004 432.50000000000006 13.500000000000002 279.76719665527349 179.96428680419925 331.96427917480474 342.50000000000006 0.72480142848346785 0.68301270189221941 0.25000000000000017 0.6830127018922193 0.25000000000000017 8.8443394472503023 1.0000000180025095e-35 17670.500000000004 1.0000000180025095e-35 16031.500000000002 1.0000000180025095e-35 115.82143020629884 898.50000000000011 0.68301270189221941 659.50000000000011 38.500000000000007 94.586898803710952 17664.500000000004 -0.68301270189221952 0.25000000000000017 0.87837969732492682 4.5000000000000009 0.68301270189221941 1099.5000000000002
decision_type=2 2 2 2 2 2 2 2 2 2 2 2 2 2 2 2 2 2 2 2 2 2 2 2 2 2 2 2 2 2 2 2 2 2 2 2 2 2 2 2 2 2 2 2 2 2 2 2 2 2 2 2 2 2 2 2 2 2 2 2 2 2
left_child=2 4 5 10 12 11 -7 -8 14 -4 20 13 41 38 15 16 17 -5 61 -20 -3 47 -13 24 56 -18 27 33 29 -29 31 36 -33 -10 -35 45 -28 -12 -1 -40 -41 42 44 -44 -2 -32 -37 49 -26 -22 53 52 -52 55 -55 -16 58 -58 59 -6 -59 -17
right_child=1 3 9 8 23 6 7 -9 26 -11 37 22 -14 -15 50 18 25 -19 19 -21 21 -23 -24 -25 48 -27 30 28 -30 -31 35 32 -34 34 -36 46 -38 -39 39 40 -42 -43 43 -45 -46 -47 -48 -49 -50 -51 51 -53 -54 54 -56 -57 57 60 -60 -61 -62 -63
leaf_value=-0.054599381504436897 -0.0036278267994786571 0.016387898204799283 -0.037132808232515684 -0.030662793998408207 -0.0050413945718760268 -0.05068408709656818 -0.055297082690974192 0.035727936061972165 0.018783912748778386 -0.024226288350199965 0.013917174208269548 -0.054928850045680683 0.20929604810453487 -0.046955098686543677 0.012275071328929934 0.016047959913025534 0.025860332548629919 0.0067342746911367912 0.035226985458293177 0.021979757647240472 -0.0090011838074798619 0.010624592942334496 0.034612878344790786 0.005979473868750613 -0.0020832551649671419 0.011356475583974112 0.026047359757229341 -0.0027225700432685117 0.043037211681885346 0.020946289176680497 0.016646669955260224 0.011538227578536578 0.02873879552579215 0.014620627633078571 -0.01279237951320047 0.0077273509770700265 0.014859034554288102 -0.0019565592212129643 -0.054446337996318664 -0.05470154754262993 0.014122108867015166 -0.021080879483446634 0.0050058234150760234 0.083900575560851481 -0.017267763505539591 0.037212947334865978 -0.04763329417446277 0.0046606389207846021 -0.013030236864808404 0.26430745759067881 0.0055629237942858662 -0.018740774642075266 0.055664136674353576 0.014061322139849425 0.023655332327108935 0.017253443498765751 -0.017067194233773179 -0.00071236738823062917 0.069264017662971189 0.033038085599173476 0.022381044884648447 0.027413929342388
leaf_weight=2487112.3312853873 95552.876572549343 251175.56620132923 270650.19577914476 13819.386328697205 23561.52317917347 21141.786566317081 4436.8553447723389 14146.373981326818 283448.14368057251 263276.61803260446 2471208.6222963333 3394.0752286314964 385.50190830230713 392162.35463297367 868661.52698707581 243223.68415737152 165774.23345661163 169518.84069919586 207521.01789283752 201201.25039100647 71437.294790267944 939569.35834407806 4656.4570775330067 289880.83205461502 195017.38175070286 107957.36675834656 183814.24733543396 42853.184730529785 91546.663299560547 137980.5537815094 130357.1642036438 86880.342660903931 768273.49843025208 134532.54728984833 45625.82421875 68697.995151519775 227903.1343460083 51192.761245727539 47145.066562831402 8992.3198570907116 13572.191413462162 115674.2196136713 46588.215187311172 2802.4814342260361 179894.35477566719 34274.693244934082 3821.0607566833496 471884.91568100452 163765.30379539728 142.84970283508301 51391.469350814819 23734.080821990967 11252.259130477905 259193.56580924988 438919.50380134583 1039398.7254314423 39095.201871156693 46160.500357329845 5842.3120927214622 17599.487738013268 41318.804113566875 104047.02604579926
leaf_count=6545438 86792 47556 535212 472 12011 51430 9741 8366 4433 375486 154635 7369 47 938143 22039 3105 2575 2958 2896 2894 16989 153010 2359 122205 100384 2051 1608 881 952 1307 3315 950 3506 2369 624 766 1407 2439 117969 21557 19755 120320 38106 840 174657 549 50 96911 92368 4 610 398 96 6659 7754 23163 21898 28210 2389 7818 15877 1635
internal_value=-0.000864165 0.0138194 -0.0493788 0.0159837 -0.0040038 -0.0526945 -0.0204275 0.0139947 0.018921 -0.0307687 0.0117429 -0.053128 -0.0121173 -0.0532644 0.0173622 0.0203775 0.0136321 0.00391537 0.0244556 0.0287058 0.00904899 0.00780602 -0.00313718 0.000346765 -0.00272035 0.0201402 0.0216389 0.0182354 0.0246472 0.0153373 0.0233044 0.0246718 0.0269913 0.0144682 0.00767814 0.0159996 0.0198542 0.013595 -0.0542321 -0.0411293 -0.0133051 -0.0123111 -0.00918817 0.00948266 -0.0125361 0.0209284 0.00481024 0.00293312 -0.00707999 -0.00845531 0.0160038 0.00541161 0.0145624 0.0163548 0.0200933 0.014987 0.00629093 0.0017746 0.0184527 0.0112404 0.0101952 0.0194534
internal_weight=1.51961e+07 1.16654e+07 3.53069e+06 1.04022e+07 1.26314e+06 2.99676e+06 39725 18583.2 6.14562e+06 533927 4.25661e+06 2.95703e+06 440898 2.94898e+06 3.90561e+06 1.21306e+06 457070 183338 755993 408722 1.73421e+06 1.48303e+06 8050.53 822241 532361 273732 2.24001e+06 735987 272380 180834 1.50402e+06 1.26687e+06 855154 463607 180158 237151 411717 2.5224e+06 2.55682e+06 69709.6 22564.5 440512 324838 49390.7 275447 164632 72519.1 543465 358783 71580.1 2.69255e+06 86377.8 62643.7 2.60617e+06 698113 1.90806e+06 173578 126575 47003.3 41161 87479.3 347271
internal_count=10030313 1397488 8632825 573566 823922 7722127 69537 18107 102022 910698 471544 7652590 420762 7642862 79305 18586 8056 3430 10530 5790 314470 266914 9728 403160 280955 4626 22717 10566 3140 2188 12151 7471 4456 7426 2993 4680 3015 157074 6704719 159281 41312 420715 300395 38946 261449 3864 816 113904 192752 16993 60719 1104 706 59615 14413 45202 88203 65985 22218 19829 44087 4740
is_linear=0
shrinkage=0.05


Tree=33
num_leaves=63
num_cat=0
split_feature=27 16 16 22 2 27 2 25 27 14 16 16 23 11 19 16 13 11 11 16 21 14 13 23 19 21 22 10 13 18 23 12 21 2 12 16 25 16 14 23 20 11 10 12 19 23 11 19 23 16 18 12 21 28 14 13 27 13 11 14 18 9
split_gain=3.81373e+06 153374 131894 45936.9 35420 33287.8 27471.8 20648.6 20507.6 19067.3 18432.1 17753.9 13653.3 13587.5 12584.5 11509.3 10610.1 9501.4 10667.6 8285.3 8155.85 8141.66 7971.91 7780.49 7368.53 10227 8183.66 7368.21 7298.57 6999.33 6902.95 6897.24 6765.16 6696.19 6793.35 6536.42 6249.07 6174.9 6100.26 5942.91 5828.01 6415.59 5555.97 5483.15 6213.93 5428.96 5398.73 5204.9 5199.48 5172.94 5164.3 5132.15 5082.03 4839.76 4772.8 4758.62 4740.01 4713.96 4992.07 4598.86 5988.09 4473.99
threshold=1.0014337599277499 1.3139586716337124 0.17318549580436457 38.642858505249031 2.5000000000000004 1.0000000180025095e-35 1.5000000000000002 5.839099884033204 1.0000000180025095e-35 17651.500000000004 1.4155072064593666 4.778097130446838 0.10714286193251611 0.6830127018922193 20.500000000000004 0.18721105008583908 0.60355339059327384 1.0000000180025095e-35 -0.9330127018922193 6.435778985009696 2811.0000000000005 17668.500000000004 -0.12940952255126037 704.42858886718761 471.50000000000006 1512.0000000000002 199.92857360839847 -0.24999999999999994 -0.9159756150367534 1409.0000000000002 154.32142639160159 0.78656609248549325 683.00000000000011 2.5000000000000004 -0.98296291314453399 0.068436697446165234 15.429562568664553 30.592827262108496 17584.500000000004 41.321428298950202 3530.5000000000005 0.6830127018922193 0.68301270189221941 -0.78656609248549292 31.500000000000004 220.57143402099612 0.6830127018922193 2867.0000000000005 137.92857360839847 30.592827262108496 151.50000000000003 -0.9159756150367534 725.00000000000011 1207.5000000000002 16205.000000000002 0.60355339059327384 446.05894470214849 0.37940952255126048 -0.5 17132.000000000004 995.50000000000011 -0.56174490092936669
decision_type=2 2 2 2 2 2 2 2 2 2 2 2 2 2 2 2 2 2 2 2 2 2 2 2 2 2 2 2 2 2 2 2 2 2 2 2 2 2 2 2 2 2 2 2 2 2 2 2 2 2 2 2 2 2 2 2 2 2 2 2 2 2
left_child=2 7 5 9 6 -1 19 15 11 13 38 -6 20 37 28 -2 27 18 -16 -4 33 30 -12 32 26 46 52 -13 -5 -28 48 -17 -23 34 -11 -7 45 57 61 -9 -30 -42 -41 44 -39 53 -26 -32 -14 -24 -27 -35 -19 -15 -21 -56 -45 -3 -59 60 -20 -8
right_child=1 3 4 14 8 35 10 39 -10 12 22 16 21 36 17 31 -18 24 59 54 -22 23 49 -25 25 50 29 -29 40 -31 47 -33 -34 51 -36 -37 -38 43 -40 42 41 -43 -44 56 -46 -47 -48 -49 -50 -51 -52 -53 -54 -55 55 -57 -58 58 -60 -61 -62 -63
leaf_value=-0.054092670131341274 -0.019961508011268329 0.009843603775723634 -0.035195568771107272 0.0091394922126155874 -0.047313282384938572 -0.043864498352597182 0.012615777486330221 0.0044529470117938095 -0.020277635649785047 -0.011665833623994438 0.074500656757957501 0.0170830835611404 0.01138261597843895 -0.0043640004588972256 0.026274808933555084 -0.0083407054238398524 -0.045997419819556823 0.023824619505370622 0.010410885731100057 -0.044730846115569475 0.2280545174501438 0.016727961320661167 0.011916330280574143 0.090700104929799866 0.0090200869823739115 0.01042138456646538 0.03810960178470274 -0.032713139797877891 0.016515543805263874 0.0088327581261335268 -0.0090903853270653586 0.0039076027853180498 0.04612843396023221 0.028810063691255196 0.034910249649043934 -0.031850556719691218 0.0083313028492645307 0.029022491735540185 0.022736970553834474 0.052118742877316118 0.0048516708073636505 0.061491679940770455 -0.012341397377690442 0.012044148751259268 0.0044313322320399208 0.075548273431123136 0.020754618736443436 0.077212321130767148 0.037919282557769864 0.083818001059859926 0.044226240235538478 0.013331257189228334 -0.033890405643165887 0.014118705807006932 0.034540460929423915 -0.043162118626125033 -0.028261853758183405 0.0082654411904337487 -0.01098766553169455 0.016407039721504691 -0.02115382881724516 -0.024603020826872192
leaf_weight=2275796.6237529516 175495.56275454164 1292918.6783850491 66967.626831263304 356489.89398741722 241391.82718807459 402446.33986034989 11070.307733088732 329862.22295740247 183446.50168180466 8370.4500975608826 12403.789391189814 23299.798767536879 1634143.1937374175 358469.98474645615 267783.70223736763 501357.55649024248 18258.54427844286 381355.90207600594 116429.38135719299 3778.1164661049843 483.64448547363281 416815.24444264174 16173.781471908092 3722.5804748535156 150938.04257202148 14201.496978759766 205348.21652507782 10905.542002171278 2990011.0274090767 22669.131705284119 53514.633522033691 149124.71689730883 20530.237551689148 76245.21685051918 120951.74776041508 157541.29434472322 223904.66413855553 116219.9164352417 15010.42588570714 12421.717694759369 7583.1408081054688 14675.304126739502 4573.4786388874054 133609.56723487377 32979.32115149498 2238.3437042236328 279566.29080677032 1805.8931732177734 18669.954460144043 2959.141837477684 55264.259250640869 179919.46357339621 3852.544885635376 39301.790500372648 10094.607260048389 2448.1149144768715 7715.2834892272949 79578.352429956198 58358.377934992313 746976.91530370712 17251.525819301605 29833.979808628559
leaf_count=6261749 220093 204741 115651 12342 559264 960128 15892 124032 236905 338 4664 8035 136068 72969 3994 357657 31283 10116 2233 2197 2 17413 13698 10 1559 54 1997 9043 68520 117 770 65372 250 3211 6538 301652 21752 3827 14909 529 30 30 321 8102 921 18 2169 12 305 737 109 17452 63 8287 1509 3223 98 28434 26508 11464 134 48813
internal_value=-0.000840263 0.0128504 -0.0467548 0.0147641 -0.0264036 -0.0514055 -0.00685916 -0.00429923 -0.033395 0.0112137 0.0127137 -0.0415837 0.0142196 0.00796441 0.0178415 -0.00859843 -0.0152214 0.0207265 0.0175358 -0.0274104 0.0228782 0.0126647 0.0432789 0.0187208 0.0240182 0.019513 0.0276914 0.00120657 0.0159047 0.035199 0.0111009 -0.00553274 0.0181081 0.0226207 0.0318955 -0.0404846 0.00164295 0.0102556 -0.00452551 0.00593853 0.0167053 0.0421956 0.034772 0.0169015 0.0235868 -0.00210082 0.0166404 -0.00627288 0.0116824 0.0230374 0.0373153 0.0179384 0.0232474 -0.0025378 0.00453362 0.0193737 0.00984369 0.00890622 0.000119784 0.0148785 0.00633741 -0.01453
internal_weight=1.51675e+07 1.16837e+07 3.48383e+06 1.05109e+07 648042 2.83578e+06 170740 1.17284e+06 477302 4.88047e+06 87451.4 293856 2.53517e+06 2.34529e+06 5.6304e+06 825978 52463.9 2.26164e+06 1.14844e+06 83288.5 385971 2.1492e+06 31536.7 441068 1.1132e+06 499970 613226 34205.3 3.36876e+06 228017 1.70813e+06 650482 437345 385487 129322 559988 623915 1.72138e+06 55914.7 346857 3.01227e+06 22258.4 16995.2 290524 149199 400010 430504 55320.5 1.65281e+06 19132.9 69465.8 256165 385208 397772 16320.8 12542.7 141325 1.43086e+06 137937 880658 133681 40904.3
internal_count=10030313 1440961 8589352 672957 1065823 7523529 221293 768004 844530 558026 98713 607625 182369 375657 114931 643122 48361 34009 17825 122580 27541 154828 19099 17673 16184 3891 12293 17078 80922 2114 137155 423029 17663 27539 6876 1261780 103026 272631 79614 124882 68580 60 850 12948 4748 81274 3728 782 136373 14435 163 20663 10179 81256 6929 4732 8200 259683 54942 13831 2367 64705
is_linear=0
shrinkage=0.05


Tree=34
num_leaves=63
num_cat=0
split_feature=27 16 16 16 27 2 11 27 26 16 26 16 23 16 13 3 22 23 25 16 26 13 10 3 2 12 11 19 14 19 13 3 13 11 11 10 0 11 20 3 21 12 2 14 21 26 2 14 28 2 11 28 23 26 13 23 18 0 2 22 9 11
split_gain=3.55825e+06 135906 133315 40445.7 34551.5 33826 25284.8 20241.1 19133.7 17577.8 16422 16023.3 13918.2 10115.2 10108.3 9091.04 8414.38 7964.59 9512.4 7849.89 7814.24 7330.64 6742.7 6738.06 7441.44 12998.2 27226.6 8320.19 6692.95 6602.45 6527.37 6364.98 9412.94 10327.8 8241.49 6144.15 5922.51 5732.91 5664.47 6359.95 8275.94 5663.82 8467.61 5494.69 5474.21 6271.05 5311.88 5032.99 7420.06 4847.55 4847.52 10104.3 6436.81 7141.9 5925.26 7444.43 4776.15 4640.44 17756.8 7349.45 7060.72 8778.49
threshold=1.0014337599277499 1.3139586716337124 0.17318549580436457 30.592827262108496 1.0000000180025095e-35 2.5000000000000004 0.6830127018922193 1.0000000180025095e-35 6.4050543308258066 4.778097130446838 20.155303955078129 1.4155072064593666 1.0000000180025095e-35 0.12971394015769344 0.60355339059327384 3.5000000000000004 208.85713958740237 1.0000000180025095e-35 2.2519273757934575 6.435778985009696 3.6539905071258549 -0.78656609248549325 -0.24999999999999994 5.5000000000000009 2.5000000000000004 -0.9159756150367534 0.6830127018922193 11.500000000000002 13927.000000000002 17.500000000000004 -0.12940952255126037 4.5000000000000009 -0.37940952255126015 1.0000000180025095e-35 0.25000000000000017 0.93301270189221952 8.5000000000000018 0.6830127018922193 1.0000000180025095e-35 4.5000000000000009 1176.0000000000002 -0.9159756150367534 3.5000000000000004 17584.500000000004 2811.0000000000005 542.64111328125011 4.5000000000000009 17664.500000000004 511.50000000000006 6.5000000000000009 0.6830127018922193 1293.5000000000002 125.82142639160158 701.90625000000011 -0.5 125.82142639160158 27.500000000000004 17.500000000000004 3.5000000000000004 710.28570556640636 -0.22252093395631442 -0.9330127018922193
decision_type=2 2 2 2 2 2 2 2 2 2 2 2 2 2 2 2 2 2 2 2 2 2 2 2 2 2 2 2 2 2 2 2 2 2 2 2 2 2 2 2 2 2 2 2 2 2 2 2 2 2 2 2 2 2 2 2 2 2 2 2 2 2
left_child=2 8 4 10 -1 6 11 9 13 -7 12 43 38 -2 22 21 23 35 -19 -8 -14 -12 -11 24 25 27 -27 -5 -6 44 -13 32 34 -34 -17 -15 -22 -38 39 40 -3 42 -26 -4 45 -25 -41 -23 -49 -10 57 54 -53 -54 -52 -56 -43 60 59 -59 -18 -62
right_child=1 3 5 16 28 7 19 -9 49 14 15 30 20 17 -16 31 50 18 -20 -21 36 47 -24 29 41 26 -28 -29 -30 -31 -32 -33 33 -35 -36 -37 37 -39 -40 46 -42 56 -44 -45 -46 -47 -48 48 -50 -51 51 52 53 -55 55 -57 -58 58 -60 -61 61 -63
leaf_value=-0.054011587901247715 -0.022565788699856277 0.012068676644587193 -0.013985817106237128 0.0010347895440247453 -0.046953204950996634 -0.046920148539202552 -0.034493879641485176 -0.019601749063631765 -3.6561196879406459e-05 0.016011229546594685 0.0052284890487831141 0.067227169551443852 -0.004043408490909917 0.0071960270710457082 -0.045555605244573145 0.018731299358614346 0.014484160995943428 -0.015570459196778453 -0.001423501609759719 0.00427058326903486 0.014560283253562071 0.010380912266433007 -0.031985771014207687 0.010912267582663455 0.0061974328468791095 0.038096400400475981 0.01151599545858507 0.028806954409579429 -0.035504170368805078 -0.0014008144329675102 0.021507289781461398 0.013253117985338115 0.021262325899004422 0.00082677481554935142 0.034251982307838623 -0.023700713169539506 0.0069256430563917441 -0.0021071364982316555 0.0035809888802086545 0.017157946992226995 0.19219594271623086 0.01116505406973383 0.021129604186438972 0.021220163247049582 0.11837291608784678 0.045425801499981183 0.038047268935969325 0.026128263380299624 0.012424139374668068 0.010928273710664106 0.010148471447312402 0.075584117050477628 -0.03383929024347531 0.015202659760269667 0.088845512512555999 0.025578049993866508 0.017555011240716071 -0.023748888377567754 0.01767170961599818 0.021230123070205376 0.038450893255487936 0.020662176011030767
leaf_weight=2167974.0197342932 114073.72816717625 288868.16919749975 40400.623638480902 101536.48964476585 206682.66486021876 231494.94721364975 64964.778359204531 180363.29831907153 242623.84926915169 23608.395595550537 492392.46863496304 13041.059276580811 235062.16016387939 135316.94197937846 17532.300984501839 221024.2095760107 412305.41849279404 278775.38072350621 207096.91565927863 16345.433923512697 170883.5004876852 1109150.1471021771 10603.621343225241 220037.08451932669 113830.10422730446 216235.83963865042 173756.48115241528 36721.763082504272 333851.26690450311 108009.81651592255 19451.292108058929 1152042.6961389184 138090.29747831821 111949.36956191063 139526.62474763393 18262.22033277154 622282.41354584694 244746.91024333239 106008.49216833711 72145.853421539068 638.98838996887207 967134.73301261663 572176.9969701767 15272.214864492416 1238.4366912841797 13998.731555938721 52637.352720618248 141479.91062343121 327242.94539213181 172439.82874506712 64851.590623855591 2339.1159534454346 15635.121364593506 14134.797664642334 4688.0554656982422 565789.15323638916 419182.86487030983 41102.799695968628 296440.93808555603 11657.486221313477 79315.823135375977 552236.01509475708
leaf_count=6261749 157443 45106 64705 2154 532140 559264 115651 236905 85130 8035 37873 4664 91456 79850 31283 12055 3320 229538 139393 6929 25497 67035 9043 7847 2069 5410 6029 614 729640 2934 14435 61329 7119 5414 6900 18083 116018 45255 14904 11111 10 38035 10293 14909 7 102 7677 4618 13072 58567 680 34 198 91 56 3168 10321 490 2303 78 444 3831
internal_value=-0.000816029 0.0120833 -0.0463634 0.0138625 -0.0511918 -0.0257062 -0.00659069 -0.0326942 -0.00410164 -0.0410312 0.0109538 0.0119561 0.00700449 -0.00885004 -0.014685 0.0128015 0.0171326 -0.00640323 -0.00954051 -0.0267012 0.00418834 0.0105546 0.00113491 0.0154173 0.0162864 0.0215839 0.0262538 0.0084112 -0.0398819 0.00883328 0.0398576 0.0154405 0.0195677 0.0121128 0.0247375 0.00352203 0.00605263 0.00437584 0.0138945 0.0165335 0.0124663 0.014936 0.0186519 -0.00432798 0.0135316 0.0129767 0.0259698 0.0122167 0.0165606 0.00451881 0.0195832 0.0230869 -0.00427851 -0.010554 0.0244699 0.026098 0.0130972 0.0179045 0.0129151 -0.0138106 0.0195736 0.0228963
internal_weight=1.51407e+07 1.17991e+07 3.34159e+06 1.06305e+07 2.70851e+06 633078 169475 463603 1.16859e+06 283239 5.62617e+06 88165.2 1.79327e+06 753525 51744.3 3.8329e+06 5.00436e+06 639451 485872 81310.2 1.27297e+06 2.07027e+06 34212 2.94386e+06 2.60058e+06 528251 389992 138258 540534 343284 32492.4 1.76263e+06 610591 250040 360551 153579 1.03791e+06 867029 520299 414290 289507 2.07232e+06 686007 55672.8 235274 234036 124783 1.57787e+06 468723 415064 2.0605e+06 667438 32109 29769.9 635329 570477 1.38632e+06 1.39306e+06 349201 52760.3 1.04386e+06 631552
internal_count=10030313 1440961 8589352 672957 7523529 1065823 221293 844530 768004 607625 572449 98713 357034 624307 48361 215415 100508 466864 368931 122580 278226 122598 17078 85815 74925 14207 11439 2768 1261780 10890 19099 92817 31488 12533 18955 97933 186770 161273 78808 63904 45116 60718 12362 79614 7956 7949 18788 84725 17690 143697 14693 4227 323 289 3904 3224 48356 10466 2871 568 7595 4275
is_linear=0
shrinkage=0.05


Tree=35
num_leaves=63
num_cat=0
split_feature=15 15 15 15 15 15 15 8 12 11 11 0 11 11 12 12 13 10 11 28 15 25 25 28 28 19 10 18 6 25 23 24 0 11 13 23 3 13 3 17 13 19 24 0 17 17 8 11 26 11 19 28 28 11 11 3 10 25 24 27 26 25
split_gain=3.56147e+06 138798 73481.3 37479.8 15254.4 8530.75 7093.44 7043.76 13225.6 6738.37 7309.53 6185.45 8081.89 10915.9 28920.9 10053.3 6094.28 6039.72 18019.5 7890.11 6035.86 5738.33 7019.28 6040.94 5724.23 5719.14 5649.22 5483.67 5329.78 5119.02 6945.61 6718.64 6970.25 5078.79 22553.5 6609.93 4901.58 8350.01 7353.75 4732.67 4606 7286.76 6374.81 4554.43 4525.39 4223.35 4183.67 4174.53 4027.47 8128.35 3839.19 3827.06 4028.27 3811.25 7838.75 3952.02 3840.12 3637.81 6123.15 3608.73 3597.39 3471.02
threshold=0.32659245566969841 2.8201562500000006 0.073064127129388673 34.46516290726818 0.81228780926968436 165.67347240379698 0.023092637183678665 -0.8783796973249266 0.60355339059327384 -0.9330127018922193 0.6830127018922193 8.5000000000000018 0.6830127018922193 0.25000000000000017 -0.9159756150367534 -0.9159756150367534 -0.78656609248549325 0.68301270189221941 0.25000000000000017 1390.5000000000002 0.14398343986235088 132.14418029785159 54.97551345825196 1293.5000000000002 256.50000000000006 845.50000000000011 0.68301270189221941 1739.5000000000002 1.0000000180025095e-35 3.7320988178253178 1.0000000180025095e-35 18.716667175292972 16.500000000000004 0.25000000000000017 -0.37940952255126015 33.178571701049812 3.5000000000000004 -0.78656609248549325 4.5000000000000009 521.00000000000011 -0.5 88.500000000000014 79.000000000000014 13.500000000000002 33.500000000000007 70.500000000000014 0.87837969732492682 1.0000000180025095e-35 46.761289596557624 0.6830127018922193 114.50000000000001 352.50000000000006 82.500000000000014 0.6830127018922193 0.25000000000000017 2.5000000000000004 1.0000000180025095e-35 7.0912411212921151 1.8500000238418581 168.85431671142581 1.0000000180025095e-35 252.98157501220706
decision_type=2 2 2 2 2 2 2 2 2 2 2 2 2 2 2 2 2 2 2 2 2 2 2 2 2 2 2 2 2 2 2 2 2 2 2 2 2 2 2 2 2 2 2 2 2 2 2 2 2 2 2 2 2 2 2 2 2 2 2 2 2 2
left_child=2 4 6 7 53 25 17 8 16 40 33 28 13 15 -15 -13 39 -1 -19 -20 -4 22 -12 -23 48 27 43 36 -9 30 31 -6 -33 35 -35 -11 37 -5 -38 -3 41 -7 59 44 -27 -22 -45 -32 -10 -50 -44 52 -18 54 56 60 -2 -14 -59 -42 -56 -53
right_child=1 3 20 5 29 9 -8 11 24 10 21 12 57 14 -16 -17 51 18 19 -21 45 23 -24 -25 -26 26 -28 -29 -30 -31 47 32 -34 34 -36 -37 38 -39 -40 -41 42 -43 50 46 -46 -47 -48 -49 49 -51 -52 61 -54 -55 55 -57 -58 58 -60 -61 -62 -63
leaf_value=-0.05495569496857753 -0.0049417459420082336 0.0098277491580574666 -0.036603667324717225 0.0076864046587361914 0.0037833310793360074 -0.012079390873164444 -0.045632849320789676 0.014497598511746949 0.0089303436026819099 0.029945965224225018 0.018691368385534628 0.013401785592013668 -0.0021503895444178792 -0.012855900662383117 0.025909626456573184 0.0044168615519375436 0.039170820292830533 -0.05520636774044 -0.031210008243380501 -0.050730297959668269 -0.024933897605380194 0.022524540356341556 -0.0059237618393198199 -0.0017378169751105983 -0.007800355365981131 0.043122194435993334 -0.014887766686442117 -0.02463075115768458 -0.0030572005583923544 0.0048309066634345948 -0.0027741416080857557 -0.037273562107610222 0.2746553071115973 0.026504204252473088 -0.0043073138148368778 0.014880509628914072 0.020262685337501397 0.014403358840682083 0.013793424954297301 0.20726829406829927 0.031165670019215524 0.033829695421991907 0.03173330532133653 -0.0086178837880011485 -0.010102518318097341 0.24934633138158735 0.048309077003398843 -0.013527507054346015 0.01883966756932224 0.16378421161105844 0.019193243946102233 0.023983114544560258 0.006671553449048912 -0.021318295132400307 0.015165145491006997 0.021795844828608579 -0.018252946628989436 0.034846213280717832 0.0040018265491742885 0.10962074589676636 -0.029880781536276987 0.068076781113136434
leaf_weight=1591208.9019711018 83280.602732598782 182492.48461198807 195475.75902330875 615804.38023281097 177321.15491712093 20030.2516746521 350401.36732277274 479524.73101043701 10336.552603602409 77162.324337005615 85465.940116882324 435425.40640747547 279705.24656617641 61202.678057789803 224951.95139396191 1092404.3079762459 11283.327930212021 441346.83315223455 150398.55703556538 78939.392716139555 240333.34772869945 765653.63529396057 43806.393589019775 26544.42960357666 83561.766899347305 15497.452711105347 33729.52991104126 9109.8210315704346 47521.584212899208 262297.26049226522 199797.2217053175 292.92612338066101 460.5643937587738 98639.701152801514 149266.36560058594 1290094.2789344788 683061.81837320328 1860784.2836289406 1230853.9725708961 303.91918277740479 2474.2941856384277 15203.598960876465 128598.37756347656 25033.310705184937 5379.8222332000732 140.32821619510651 3705.0462284088135 164612.41377282143 2971.568482875824 1434.0204653739929 116180.60621643066 227016.98356354237 61530.725033044815 101656.58338773251 8342.2182613611221 26071.302801668644 155071.91157484055 16867.029843568802 349364.9985973835 3596.847354888916 9455.7571705579758 4552.7548022270203
leaf_count=4836749 86723 20683 437053 19690 101197 247 940089 65705 1611 913 871 55036 54738 8631 22489 147092 1423 1333867 377861 233561 397041 4597 449 225 12077 278 620 168 6985 121564 114763 90 29 641 1313 9668 17364 48389 33476 8 25 143 889 465 91 41 60 104470 199 76 653 23788 6924 119830 7298 22771 172228 2999 41633 25 9560 171
internal_value=-0.000792114 0.0114065 -0.0490814 0.0131791 -0.00481591 0.0152314 -0.0522527 0.00898209 0.0139968 0.0173846 0.0165642 0.00799913 0.00694594 0.00865613 0.0176184 0.00697753 0.0173725 -0.0532782 -0.0492985 -0.037929 -0.0300782 0.0201177 0.01035 0.0217116 -0.0027325 0.0138756 0.000900183 0.0141214 0.0129147 -0.000903919 -0.00367678 0.0044165 0.153395 0.0145369 0.00795231 0.0157307 0.0142018 0.0127332 0.0161023 0.0101562 0.024659 0.00773053 0.0270367 0.0116332 0.0294066 -0.0247737 -0.00127835 -0.00763171 0.0259927 0.0660229 0.0257814 0.0217062 0.0117078 -0.0130172 -0.0100271 0.00939636 -0.013602 0.00214321 0.00542241 0.0776482 -0.00876673 0.0248501
internal_weight=1.5115e+07 1.20668e+07 3.04824e+06 1.08781e+07 1.18866e+06 7.30568e+06 2.6123e+06 3.57245e+06 585484 2.82272e+06 2.53663e+06 2.98697e+06 2.45992e+06 1.81398e+06 286155 1.52783e+06 487180 2.26189e+06 670685 229338 435949 921470 129272 792198 98303.9 4.48296e+06 83345.2 4.39961e+06 527046 804782 542484 178075 753.491 1.61516e+06 247906 1.36726e+06 4.3905e+06 2.47659e+06 1.91392e+06 182796 286084 35233.9 250850 49615.6 20877.3 240474 28738.4 364410 14742.1 4405.59 244779 304384 72814.1 383878 282222 43869.3 238353 645937 366232 6071.14 17798 231570
internal_count=10030313 1474051 8556262 613528 860523 141260 7722127 472268 66960 20659 18677 405308 332618 233248 31120 202128 52997 6782038 1945289 611422 834135 6142 1320 4822 13963 120601 1514 119087 72690 442113 320549 101316 119 12535 1954 10581 118919 68079 50840 20691 1982 390 1592 894 369 397082 525 219233 1886 275 1542 32306 8347 418410 298580 39629 258951 99370 44632 50 16858 23959
is_linear=0
shrinkage=0.05


Tree=36
num_leaves=63
num_cat=0
split_feature=15 15 15 15 16 2 15 11 16 0 24 15 15 28 3 28 28 3 3 2 13 27 11 11 21 2 16 2 11 2 16 3 17 10 11 28 28 3 23 28 23 16 28 3 0 26 26 2 2 0 13 24 6 18 16 0 26 23 13 2 2 13
split_gain=3.33403e+06 131072 66432.8 32985.6 18018.6 20984 15845.4 12949.3 10234.9 6941.63 8049.94 6777.98 6559.39 6547.22 10245.6 6536.91 7310.11 5216.25 9901.33 5909.38 4379.47 4297.46 4264.58 4712.33 4319.49 3903.04 10751.4 12361.7 3834.14 8223.51 8092.8 3999.09 3810.28 3725.15 3702.1 4131.62 5329.11 3869.04 3673.21 3589.47 4323.07 4052.41 3758.49 3564.93 3560.68 3552.34 5568.11 4938.15 6476.91 6065.92 4915.94 4779.01 3944.18 3443.36 4027.69 4843.71 3784.99 3461.44 3224.95 6160.34 10105.8 12475.4
threshold=0.30023393219245847 2.8201562500000006 0.061997304582210248 29.613025284571467 1.4155072064593666 2.5000000000000004 0.81228780926968436 0.6830127018922193 63.976235375336096 8.5000000000000018 14.816666603088381 0.018446403726332349 0.14398343986235088 314.50000000000006 3.5000000000000004 1215.5000000000002 1223.5000000000002 5.5000000000000009 4.5000000000000009 1.5000000000000002 0.25881904510252057 45.700008392333991 0.6830127018922193 -0.9330127018922193 4.5000000000000009 2.5000000000000004 0.11315060592953462 1.5000000000000002 0.6830127018922193 2.5000000000000004 10.907577751196174 2.5000000000000004 70.500000000000014 1.0000000180025095e-35 -0.5 1452.5000000000002 1357.5000000000002 3.5000000000000004 0.25000000745058065 1357.5000000000002 50.250000000000007 22.844017155724785 278.50000000000006 2.5000000000000004 18.500000000000004 1.0000000180025095e-35 5.8640737533569345 2.5000000000000004 1.5000000000000002 16.500000000000004 -0.5 1.0833333730697634 1.0000000180025095e-35 162.50000000000003 22.844017155724785 13.500000000000002 1.0000000180025095e-35 80.142856597900405 -0.5 3.5000000000000004 1.5000000000000002 -0.78656609248549325
decision_type=2 2 2 2 2 2 2 2 2 2 2 2 2 2 2 2 2 2 2 2 2 2 2 2 2 2 2 2 2 2 2 2 2 2 2 2 2 2 2 2 2 2 2 2 2 2 2 2 2 2 2 2 2 2 2 2 2 2 2 2 2 2
left_child=2 6 4 15 11 7 28 20 9 10 13 25 -4 14 -5 45 53 18 -12 -19 -6 -15 23 -8 -24 26 -1 -28 29 30 31 -2 -14 -31 35 36 -18 -36 -32 41 -41 43 -43 -11 -29 47 -47 48 -3 -50 -49 52 -48 54 55 -17 -56 -55 59 60 -10 -62
right_child=1 3 12 8 5 -7 22 -9 58 39 17 -13 32 21 -16 16 34 19 -20 -21 -22 -23 24 -25 -26 -27 27 44 -30 33 38 -33 -34 -35 37 -37 -38 -39 -40 40 -42 42 -44 -45 -46 46 51 50 49 -51 -52 -53 -54 57 56 -57 -58 -59 -60 -61 61 -63
leaf_value=-0.053023016266752425 -0.013960856710122628 -0.0067269462194681721 -0.03694734106673693 0.01950186272048475 0.048082800338304088 -0.051734354292838937 -0.01011745157185389 -0.055525186574460497 0.0038668222992730445 0.0058506134728275464 0.015321407364524964 -0.04639925474001879 -0.024940277391590389 0.019401848614531609 0.11501561312550648 0.031586704758471036 0.014267393478679835 0.043801915876047953 0.0014313264335301021 0.018868871797805192 0.0026108901443080978 0.057502443780295766 -0.009304280741507541 0.0029694574905082664 0.017652020191396316 -0.055131785424870197 -0.055487794493154864 0.0016548975525821103 -0.021035187625203278 -0.0053613293161965132 0.12535685033001376 0.016891050719170388 0.23064895850557798 -0.018032921852992861 0.0028080452640681011 0.0018214380420812021 0.033027854601246187 0.014227633704522794 -0.023395462923580895 0.040306156758180042 0.013069548149390278 0.00018582888150638495 0.012999260787057343 0.011422124397463073 -0.034903799551455006 0.00040266249998849221 0.032427648538938716 -0.00047664480247095614 0.033411572758445252 0.0055769623591860129 0.013932977843515833 0.0072033883700085913 0.18575294075423937 0.017920347074283468 0.079811589205609504 0.14335679600513546 0.016009692722089488 0.13404607851280101 0.018065763694879829 0.010952636945518179 0.011944778934444462 0.035640359333899876
leaf_weight=336607.60444700718 17760.731240034103 18584.491265177727 236743.16603010893 5557.4043335914612 10727.668444961309 34387.899934083223 79204.770017981529 6398.6198204159737 73580.768619537354 482333.56221437454 1024354.3853883743 335586.78608718514 206747.41661772132 44400.432638645172 5674.7572021484375 2320.473729133606 127533.8442864418 26413.562890052795 146670.26770687103 237003.01756477356 10456.647922217846 8881.5913162231445 185805.4630394578 522921.99753010273 16152.869463205338 1653428.7751830518 25814.753197640181 22768.056228965521 108001.01564311981 89519.97698032856 2061.3869279623032 25705.242723047733 145.81809914112091 164726.39856773615 159358.35080194473 38604.14647269249 53832.734589457512 138757.61183786392 519.51416820287704 24035.402137756348 36992.548550605774 58585.792922019958 2474048.0999755859 709358.74070215225 9413.9033525884151 331436.73881864548 12662.702495932579 104280.87166011333 68975.411017179489 27329.189226150513 136880.38411056995 1973535.6640124321 433.73165845870972 1021.5460381507874 2641.1895248889923 1664.8903970718384 19388.988607168198 1726.4015846252441 1663422.7988772392 521197.41233158112 99239.433681488037 126167.50749206543
leaf_count=1068552 18149 4188 558651 248 4663 95664 44685 17302 1239 19854 18084 967995 356630 1946 203 343 13677 335 3617 3387 10027 369 119165 268901 9362 5289569 78204 45534 131733 95715 430 23248 36 189294 21930 5980 6447 16441 257 852 1017 2035 55276 26286 23019 76510 2120 18585 7429 3887 22494 250656 65 66 193 71 1379 48 15012 8849 1388 1022
internal_value=-0.000768546 0.0106679 -0.0490649 0.0123892 -0.0522941 -0.0256766 -0.00493409 0.00680971 0.0141532 0.012909 0.0157888 -0.0529861 -0.0312637 0.0330666 0.0677587 0.00813507 0.0131161 0.0150117 0.0135817 0.021369 0.0256381 0.025753 -0.000860862 0.00124797 -0.00714825 -0.0540654 -0.0495972 -0.029714 -0.0129558 -0.01005 0.00939245 0.00428446 -0.02476 -0.0135713 0.011754 0.0166744 0.0198359 0.00812329 0.0954125 0.0117686 0.0237966 0.0115715 0.0127029 0.00916708 -0.00903921 0.00711646 0.00640224 0.0117664 0.0202976 0.0255128 0.00770207 0.00740316 0.0375073 0.0376507 0.0320277 0.0782825 0.0236594 0.0908805 0.0168006 0.0142347 0.019956 0.025208
internal_weight=1.50905e+07 1.22013e+07 2.88923e+06 1.09889e+07 2.44559e+06 61970.8 1.21238e+06 27582.9 7.76792e+06 5.28431e+06 1.49896e+06 2.38362e+06 443636 64514.2 11232.2 3.22097e+06 546850 1.43444e+06 1.17102e+06 263417 21184.3 53282 804085 602127 201958 2.04803e+06 394604 57996.7 408294 300293 46046.9 43466 206893 254246 518087 219971 181367 298116 2580.9 3.78535e+06 61028 3.72433e+06 2.53263e+06 1.19169e+06 32182 2.67412e+06 2.31807e+06 356050 114889 96304.6 241161 1.98663e+06 13096.4 28763.5 26015.5 3985.36 22030.2 2747.95 2.48361e+06 820185 298988 225407
internal_count=10030313 1514467 8515846 613528 7600529 127656 900939 31992 161019 133509 28189 7472873 915317 2766 451 452509 66575 25423 21701 3722 14690 2315 442113 313586 128527 6504878 1215309 146757 458826 327093 42084 41397 356666 285009 64475 26104 20124 38371 687 105320 1869 103451 57311 46140 68553 385934 329351 56583 15504 11316 41079 252841 2185 2100 1986 414 1572 114 27510 12498 3649 2410
is_linear=0
shrinkage=0.05


Tree=37
num_leaves=63
num_cat=0
split_feature=15 15 15 15 14 2 15 2 14 9 12 14 8 0 15 15 0 15 22 12 9 11 2 14 2 0 9 14 0 9 14 17 21 18 20 20 11 11 3 18 27 24 17 14 22 23 9 22 22 11 14 22 11 11 2 22 22 27 9 11 11 21
split_gain=3.12306e+06 116625 68005.6 29055.9 19176.9 15762.9 14544 9118.27 6939.61 6663.43 11991.4 7055.61 6726.76 7853.4 6613.88 6442.58 6100.15 5962.03 5740.47 5721.74 5630.76 5486.92 5455.82 13016.4 16780 7621.08 4919.05 4474.42 6939.16 11917 9359.25 8708.04 6672.45 5805.19 5052.48 4391.32 5150.37 5584.55 9988.52 5207.8 4384.16 4220.52 4183.34 4167.66 7336.57 5756.97 8671.21 4349.73 4323.73 4019.75 3995.89 3955.06 3780.74 3590.74 7502.45 4763.23 4900.29 4428.15 4784.81 3864.42 5338.18 3100.67
threshold=0.30023393219245847 2.8201562500000006 0.061997304582210248 59.264869966140772 17647.500000000004 2.5000000000000004 0.81228780926968436 1.5000000000000002 16174.000000000002 -1.0000000180025095e-35 0.78656609248549325 15970.000000000002 1.0000000180025095e-35 1.0000000180025095e-35 0.020851449275362321 0.14398343986235088 7.5000000000000009 9.4980172170825909 471.71427917480474 -0.78656609248549292 -0.22252093395631442 0.6830127018922193 2.5000000000000004 15741.000000000002 1.5000000000000002 5.5000000000000009 -0.22252093395631442 17670.500000000004 10.500000000000002 -0.22252093395631442 17671.500000000004 591.00000000000011 344.50000000000006 1358.0000000000002 1172.0000000000002 1.0000000180025095e-35 -0.9330127018922193 -0.68301270189221952 1.5000000000000002 7.5000000000000009 351.83287048339849 158.26667022705081 678.00000000000011 17660.500000000004 17.785714149475101 15.678571701049806 -1.0000000180025095e-35 30.785714149475101 18.500000000000004 0.6830127018922193 17655.500000000004 19.071428298950199 -0.5 0.6830127018922193 2.5000000000000004 23.928571701049808 24.642856597900394 1.0000000180025095e-35 -0.56174490092936669 -0.5 -0.9330127018922193 4.5000000000000009
decision_type=2 2 2 2 2 2 2 2 2 2 2 2 2 2 2 2 2 2 2 2 2 2 2 2 2 2 2 2 2 2 2 2 2 2 2 2 2 2 2 2 2 2 2 2 2 2 2 2 2 2 2 2 2 2 2 2 2 2 2 2 2 2
left_child=2 6 4 9 14 7 53 -6 26 11 17 -3 13 21 22 -4 -15 -11 41 52 61 -13 23 -1 -25 -26 42 43 29 34 -31 32 -30 -33 -29 36 -22 38 -38 -39 -12 -19 -5 44 50 47 -47 -45 -46 -21 -10 -17 -14 54 57 59 -57 -2 -59 60 -56 -8
right_child=1 3 15 8 5 -7 20 -9 27 10 40 12 19 16 -16 51 -18 18 -20 49 35 -23 -24 24 25 -27 -28 28 31 30 -32 33 -34 -35 -36 -37 37 39 -40 -41 -42 -43 -44 45 48 46 -48 -49 -50 -51 -52 -53 -54 -55 55 56 -58 58 -60 -61 -62 -63
leaf_value=-0.053865582177719057 0.058801342981710518 -0.0016976402794191857 -0.036271270111637867 0.011349682909857915 -0.055217204129244371 -0.049601654596189877 0.0026486678560367237 0.032053564621201174 0.00537578840983278 -0.0001617911524303301 0.014790619271597073 0.023832608703514266 0.017830221137595265 0.001307002339619934 -0.045734408661114959 -0.02421466347264346 0.01345718241922033 0.006761283859069051 0.11792482189279796 0.007989462618663342 -0.019583295938264259 0.06786754896181578 -0.055030009460971523 -0.055278518193774641 -0.040379148987318945 -0.0012842715703597195 -0.0027621836582894807 0.0011325165401059978 0.01887929997315228 0.076792235032323103 0.026438426387359094 0.0027065550765654808 0.0042901425202847626 -0.047950120722219991 0.018915889406765498 -0.017634991024003559 -0.0065593861997575859 -0.0062302920358537801 0.028334051704681309 0.020215042360522503 0.077874426375412018 -0.039248581185083307 0.068823408160296237 0.018708906238302733 0.063726279261301699 0.0081023318573646332 0.014901326598161405 0.10170401947656525 0.015956200030697181 0.00046205530486341561 0.019691904233933431 0.2463131951683748 0.0088337716006859912 -0.020347860634031212 -0.024947306682169771 0.37036110182699161 -0.055464162111577411 0.028911436922088168 -0.0073198679809142551 -0.022205297596094402 -0.0040373213760873418 0.021868281347976779
leaf_weight=288959.82633301616 4049.4509139657021 116401.49272930622 229288.98447275162 78017.178807258606 3714.3034966289997 18531.169402867556 335548.12074750662 15411.449806958437 264725.44145584106 420145.00295579433 336002.74808287621 23823.139039158821 208035.15175020695 111407.18291163445 296000.36894547939 202465.05781897902 1420353.4813684225 1302844.2253975868 1158.6115074157715 676059.68278670311 40410.172090053558 10062.39163351059 1608930.2435215414 46431.422491461039 18874.001358479261 36715.010032564402 103177.76254367828 70795.166521072388 431869.54811096191 9545.8075408935547 277392.31421661377 81105.716361999512 95749.792165756226 6079.495777130127 91645.71117401123 56209.482657134533 41510.687114298344 246746.09907793999 40538.021291434765 20135.456432461739 2776.8741703033447 5003.3064861297607 3299.9743003845215 244544.6607093811 4746.8792972564697 1057408.9992332458 842683.10164451599 1588.8837757110596 2229605.1396141052 240433.36801743507 59742.311424255371 135.09189999103546 266242.40110683441 106115.59171575308 39935.191050052643 162.74382573366165 115.39632833003998 13290.089968502522 28988.311513960361 81685.039465129375 129507.68329912424 22384.813666641712
leaf_count=959106 2401 21635 558651 1731 11073 55472 179961 9233 5866 98579 34747 2207 19291 11654 880293 356632 126766 92423 17 66652 23965 828 5401267 151203 55551 77331 2322 612 5320 136 943 672 966 36 206 31242 22915 143566 20310 9159 54 154 45 5525 79 17478 13017 27 26800 27763 1190 34 27787 131733 46812 10 67 11258 28425 96108 142012 10995
internal_value=-0.000745131 0.0100479 -0.0487565 0.0116539 -0.0521297 -0.0167375 -0.00470992 0.0151047 0.0140315 0.00890016 0.0067058 0.0103769 0.0108523 0.0131002 -0.0527102 -0.0305308 0.0125735 0.00502049 0.00668382 0.00832179 -0.00081928 0.0369092 -0.0537426 -0.0484448 -0.0330909 -0.0145582 0.00448574 0.0143368 0.0172647 0.0219873 0.0281136 0.0138128 0.0162317 -0.00082577 0.0111656 -0.0045709 -0.0026848 -0.000727741 0.0106805 -0.00423504 0.0153077 0.00658526 0.0136822 0.0136746 0.0150374 0.0120497 0.0111177 0.0192447 0.0160577 0.00601472 0.00801175 -0.0240341 0.01278 -0.0124506 -0.00963585 -0.013043 0.193718 0.00885354 0.00406926 -0.0132721 -0.00896554 0.00385067
internal_weight=1.50673e+07 1.23018e+07 2.76546e+06 1.10945e+07 2.33357e+06 37656.9 1.20733e+06 19125.8 5.95372e+06 5.14075e+06 2.06793e+06 3.07282e+06 2.95642e+06 1.56565e+06 2.29591e+06 431889 1.53176e+06 1.72915e+06 1.30901e+06 1.39077e+06 803483 33885.5 1.99991e+06 390980 102020 55589 184495 5.76923e+06 1.06418e+06 449379 286938 614805 527619 87185.2 162441 445550 389340 348930 82048.7 266882 338780 1.30785e+06 81317.2 4.70505e+06 2.55882e+06 2.14623e+06 1.90009e+06 246134 2.23435e+06 916493 324468 202600 474278 403849 297734 251406 278.14 46327.9 42278.4 251128 169443 357933
internal_count=10030313 1514467 8515846 613528 7600529 75778 900939 20306 82971 530557 225974 304583 282948 141455 7524751 915317 138420 191173 92594 141493 442113 3035 6644458 1243191 284085 132882 4098 78873 8891 1897 1079 6994 6286 708 818 251157 219915 195950 43225 152725 34801 92577 1776 69982 33935 36047 30495 5552 26879 94415 7056 356666 47078 458826 327093 285009 77 42084 39683 284932 188824 190956
is_linear=0
shrinkage=0.05


Tree=38
num_leaves=63
num_cat=0
split_feature=15 15 15 15 14 10 15 16 10 15 16 15 9 14 15 13 8 28 23 25 28 14 13 21 20 17 23 19 26 24 3 13 14 15 21 24 16 14 15 20 28 13 13 9 10 18 22 9 28 14 14 24 28 10 21 16 28 14 14 27 23 14
split_gain=2.92814e+06 119707 51221 29130 20406.3 14829.9 13780.1 8238.73 13115 12665.2 8041.76 7134.46 6382.09 6279.8 5891.71 5369.65 4890.44 23516 8058.8 10349.9 7615.89 7116.23 6420.74 9151.79 8073.51 5578.05 4612.98 8277.04 4685.03 4601.57 4428.52 5473.56 4744.54 4119.01 3857.15 3832.22 6935.12 4340.71 3693.11 3934.94 3613.73 3578.7 3536.73 3455.33 4337.09 3366.23 3315.57 4406.8 5568.86 5510.88 10492.2 10236 4242.41 3229.72 3206.77 3108.2 3091.18 6837.52 3024.85 6883.97 3288.3 2962.24
threshold=0.24377154534429582 2.3003267973856212 0.045236172013231789 29.613025284571467 17647.500000000004 0.68301270189221941 0.81228780926968436 0.72480142848346785 0.68301270189221941 0.0018165319254248476 63.976235375336096 0.0018165319254248476 1.0000000180025095e-35 15910.000000000002 0.11260882731470968 0.25881904510252057 -0.8783796973249266 511.50000000000006 30.178570747375492 80.574409484863295 1144.5000000000002 17665.500000000004 -0.12940952255126037 283.50000000000006 3530.5000000000005 1573.0000000000002 5.1071429252624521 24.500000000000004 245.14466857910159 252.59999847412112 3.5000000000000004 0.98296291314453421 17651.500000000004 0.018446403726332349 11.500000000000002 14.316666603088381 13.756348099058251 16174.000000000002 8.5059984577076371 3.5000000000000004 249.50000000000003 -0.5 0.1294095225512602 -0.22252093395631442 -0.24999999999999994 6.5000000000000009 199.92857360839847 -0.22252093395631442 278.50000000000006 17664.500000000004 16205.000000000002 221.16666412353518 1241.5000000000002 0.25000000000000011 3.5000000000000004 2.3834848577922485 256.50000000000006 17609.500000000004 17660.500000000004 72.824539184570327 179.96428680419925 15970.000000000002
decision_type=2 2 2 2 2 2 2 2 2 2 2 2 2 2 2 2 2 2 2 2 2 2 2 2 2 2 2 2 2 2 2 2 2 2 2 2 2 2 2 2 2 2 2 2 2 2 2 2 2 2 2 2 2 2 2 2 2 2 2 2 2 2
left_child=2 6 4 12 7 -6 -2 33 -9 15 46 -7 13 -3 -4 -10 17 18 19 -12 21 42 24 -24 -19 -20 27 -22 -28 -23 32 34 41 -1 -32 43 -37 -38 39 -14 -40 -15 -18 -8 45 -45 55 49 -49 50 -48 -51 -50 54 -46 58 57 -42 60 -60 -5 -57
right_child=1 3 14 10 5 11 35 8 9 -11 16 -13 38 30 -16 -17 20 22 25 -21 26 29 23 -25 -26 -27 28 -29 -30 -31 31 -33 -34 -35 -36 36 37 -39 40 -41 56 -43 -44 44 53 -47 47 48 52 51 -52 -53 -54 -55 -56 61 -58 -59 59 -61 -62 -63
leaf_value=-0.054369331993559866 -0.012935680578097797 -0.0041425055771116357 -0.038833508935830034 0.0084490117431816735 -0.049410710497504347 0.032973167906943407 0.0021145146147295455 -0.053725313546572173 0.046605433862713569 -0.047595463673354071 0.062043099986804864 -0.04073965040659467 0.0027955618210861143 -0.00028628320320549954 -0.027236671315197504 -0.010520582466945684 0.014066274220202313 -0.0021099217482788424 0.031934670895413145 0.24498539237279282 0.030079799996665414 0.0060824490477409988 0.028135835950422433 -0.024337657901526796 0.052243093535383194 -0.034339883454659104 0.0071892367181768772 0.16837066565785658 0.01787442057517449 -0.013981170676181313 0.0097323183395753732 0.032203473637372797 0.011127395510423604 -0.047034888960586371 0.018780547372867985 -0.011907575105817338 0.17599943827259218 0.044106427518706103 -0.0038342479776465399 -0.0097087967085904142 0.015884109875660159 0.0078523500914400527 0.0055038386078811886 0.0002856997747274913 -0.021905421694198415 0.03131527396666519 0.00055610489191790409 -0.022222488845002469 0.017396664501633501 0.015496922406314208 0.023128138960754187 -0.0067414321100360171 -0.0027090835653709486 -0.0053968793615628355 0.013055765917627436 -0.018908702745734668 0.0070354193863998264 0.12089980310628612 0.09957057265038749 0.0241715329746897 0.062271537005445715 0.010676784408349462
leaf_weight=1816817.3611100912 463573.0312654078 90101.544523239136 248065.38229194283 30281.016733646393 16149.712368071079 14330.644498378038 284346.88909196854 44582.742112994194 8334.6607706546783 13014.324283987284 7650.4117937088013 4257.7411717176437 444669.74622774124 267630.03224420547 196113.44737449288 8121.958309918642 884804.25147819519 116049.17594718933 169191.19388771057 859.98576736450195 38303.428895950317 146937.69562625885 56375.454298019409 9745.609468460083 7259.3991012573242 3235.4547958374023 117453.08264350891 1113.38023853302 810560.9162940979 35477.516796112061 873383.16854703426 31238.670828104019 377412.33853816986 213988.67644563317 136143.767111063 2989.2315171957016 1087.2285392284393 1463.914911866188 78651.852137565613 73283.618676185608 9103.9535050392151 272698.71986222267 139634.51974391937 99717.598574697971 61356.075839281082 9580.0675702095032 79419.47416305542 9337.1820487976074 696601.46639251709 99213.496269226074 146363.71500015259 108149.16687011719 27263.243278503418 177175.78234004974 7343.7826642990112 8477.6551570892334 764340.86017227173 1867.9923162460327 3706.860773563385 16512.209524154663 3131.219123840332 4159018.8784680367
leaf_count=6388221 557976 20456 671849 1187 51623 7306 164782 144320 7585 34397 181 10508 115846 50366 398635 12797 8671 1249 1699 13 652 3315 794 105 9 20 2375 21 4644 283 118718 3321 40842 689455 14588 896 91 368 7992 18288 1018 45494 3479 58727 41784 4492 1044 184 6354 1476 1628 1167 355 107311 4478 736 74653 111 139 392 30 118817
internal_value=-0.000722127 0.00932207 -0.0491642 0.0108535 -0.0523718 -0.0143619 -0.00635997 -0.0529991 -0.0366175 -0.010737 0.0125167 0.0160886 0.00699657 0.00876399 -0.0337133 0.0184114 0.0148332 0.0201441 0.0330354 0.0805329 0.0139285 0.011279 0.00783079 0.0204016 0.00108994 0.030691 0.0172336 0.0339866 0.0165221 0.00218029 0.00935776 0.0115904 0.00682581 -0.0535965 0.0109526 -0.00163432 0.0397702 0.100322 0.00435737 0.00102635 0.00637773 0.0038212 0.0128992 -0.00199303 -0.00528149 0.00300555 0.0114225 0.0137823 0.0161445 0.00978358 0.0151884 0.00389858 0.0166394 -0.0089653 -0.0181681 0.0107705 0.00741369 0.0337646 0.0227308 0.0379955 0.0134933 0.0106166
internal_weight=1.50451e+07 1.24613e+07 2.58378e+06 1.13527e+07 2.1396e+06 34738.1 1.10863e+06 2.10486e+06 74053.7 29470.9 7.93213e+06 18588.4 3.42053e+06 2.04861e+06 444179 16456.6 2.54465e+06 370367 180937 8510.4 2.17428e+06 1.20685e+06 189430 66121.1 123309 172427 967431 39416.8 928014 182415 1.95851e+06 1.04077e+06 917741 2.03081e+06 1.00953e+06 645061 5540.37 2551.14 1.37192e+06 517953 853965 540329 1.02444e+06 639520 355173 109298 5.38748e+06 1.16635e+06 733202 433146 225783 207363 723865 245876 68699.9 4.22113e+06 775313 10971.9 53631.3 20219.1 33412.2 4.1675e+06
internal_count=10030313 1613617 8416696 672712 7346212 69437 940905 7276775 199099 54779 161019 17814 511693 293785 1070484 20382 27510 4070 1913 194 23440 15748 2157 899 1258 1719 7692 673 7019 3598 273329 136627 136702 7077676 133306 382929 1355 459 217908 134134 83774 95860 12150 381574 216792 63219 133509 12208 6893 5315 2672 2643 6709 153573 46262 121301 75782 1129 1748 531 1217 119553
is_linear=0
shrinkage=0.05


Tree=39
num_leaves=63
num_cat=0
split_feature=15 15 15 15 16 2 2 15 16 9 12 14 10 14 15 12 8 28 16 24 28 14 15 3 13 11 2 25 15 28 10 28 24 11 28 8 24 24 28 12 28 11 24 19 3 17 19 17 16 25 25 16 2 26 11 13 11 2 12 11 11 9
split_gain=2.74623e+06 106986 52600.9 29056.7 20540.2 17942.8 10713.9 9400.26 7171.93 6414.69 6352.65 6272.14 6316.04 6229.58 5828.85 5572.18 12586.7 11545.8 15658.2 6250.15 5785.82 5243.92 5032.02 4572.13 5001.07 4320.06 7097.17 4691.17 4159.05 4058.85 4015.25 5645.68 9641.59 10741.2 6700.01 9108.4 6580.57 5680.29 5529.85 3988.88 3834.2 5094.84 4587.78 4485.31 4356.69 5199.6 3760.91 3715.76 4025.89 3616.79 5702.95 4655.99 3475.71 3319.88 3150.71 3137.57 3060.14 5060.68 4951.21 4201.62 5666.33 4081.67
threshold=0.24377154534429582 1.8304249134948101 0.045236172013231789 29.613025284571467 1.4155072064593666 2.5000000000000004 1.5000000000000002 0.59102817904440841 44.580369788364791 -1.0000000180025095e-35 0.78656609248549325 17655.500000000004 0.68301270189221941 15910.000000000002 0.11260882731470968 0.78656609248549325 -0.8783796973249266 278.50000000000006 13.756348099058251 14.816666603088381 278.50000000000006 17658.500000000004 8.5059984577076371 3.5000000000000004 0.98296291314453421 0.6830127018922193 2.5000000000000004 3.7827918529510502 0.015396467938840823 1188.5000000000002 -0.6830127018922193 1293.5000000000002 69.26666641235353 -0.9330127018922193 1144.5000000000002 -0.8783796973249266 420.94999694824224 3.5499999523162846 1293.5000000000002 0.98296291314453421 1194.5000000000002 0.6830127018922193 22.883333206176761 918.00000000000011 3.5000000000000004 302.50000000000006 305.00000000000006 121.50000000000001 63.976235375336096 25.702047348022464 27.306455612182621 7.483830398850162 2.5000000000000004 1.0000000180025095e-35 0.6830127018922193 0.91597561503675351 0.6830127018922193 2.5000000000000004 -0.9159756150367534 -0.5 -0.9330127018922193 -0.56174490092936669
decision_type=2 2 2 2 2 2 2 2 2 2 2 2 2 2 2 2 2 2 2 2 2 2 2 2 2 2 2 2 2 2 2 2 2 2 2 2 2 2 2 2 2 2 2 2 2 2 2 2 2 2 2 2 2 2 2 2 2 2 2 2 2 2
left_child=2 7 4 9 11 6 -6 49 15 13 22 28 -13 -3 -4 40 17 18 -17 39 -21 -19 -11 25 46 26 -15 -27 -1 -24 38 34 33 -33 35 -32 -34 -36 -10 -18 41 43 -43 -5 -42 -46 -25 48 -40 -2 51 -51 -14 -31 -26 -8 57 58 -9 60 -59 -60
right_child=1 3 14 8 5 -7 55 56 30 10 -12 12 52 23 -16 16 19 21 -20 20 -22 -23 29 24 54 27 -28 -29 -30 53 31 32 36 -35 37 -37 -38 -39 47 -41 44 42 -44 -45 45 -47 -48 -49 -50 50 -52 -53 -54 -55 -56 -57 -58 59 61 -61 -62 -63
leaf_value=-0.054149784787446024 -0.014930905749895449 -0.0037024111979118233 -0.038192054762424016 0.010099646360045711 -0.055519674326083707 -0.050856126048421595 0.032574227978916952 -0.021104501725480482 0.0066984215795252988 -0.001551543200488832 0.011466208270722495 -0.052984733261413279 0.033768969655956584 0.019942036748589371 -0.026495659707012384 0.027783669993160977 0.03393364414076077 0.0052487089858850536 0.23591792756087654 0.00020784998744361163 0.014861497908383446 -0.014971364767995963 0.0030131743597875717 0.010595692102208877 0.019459925568919678 -0.0088014741816307106 0.0060631463538024242 0.005551642995918888 -0.047283576197084426 0.036415922746870208 0.020249495978369312 -0.033696477045774963 0.0036687217757653879 0.031459480100010241 0.0812579349463666 0.011661181129815764 -0.030578247208346385 0.017822289031796414 -0.024641665272058296 -0.028762898052435884 0.0082234461116014231 -0.004061858163999451 0.0066200910813133413 -0.012172015280354938 0.021447963456175913 -0.014100030572134754 -0.021068320831531116 0.055159353021652383 0.028253850013062399 -0.00035413293977250217 -0.0063359977653437054 0.34825932347625427 -0.055547851123792381 0.0098923558751370586 0.052393412579740097 -0.013753400749584739 -0.010042279059138034 -0.014277084072338278 0.034236398705222625 -0.011742974913247509 0.0033994784344299938 0.0068538364330585069
leaf_weight=1721045.1351625621 312490.06056973338 106419.0629556179 239830.72228065133 1738122.3165230751 5495.5202974975109 26718.835216999054 17039.468056976795 10897.261666178703 354836.70233535767 490390.7250919342 227519.72346270084 6797.7474916577339 5314.2972140014172 108649.32331764698 191633.89421755075 12890.107584476471 53731.154756069183 59513.753325462341 971.67988395690918 72040.478544235229 1037361.3596124649 69521.57012462616 569093.51393079758 1052814.9409383535 22815.97373175621 87420.163913369179 605182.25946629047 163213.16508591175 252985.57088181376 12817.33818936348 365618.12838459015 7170.2092189788818 168607.29665565491 53673.96398639679 3542.845365524292 1983901.121860981 15299.531806945801 895968.51922130585 4519.5410175323486 2662.455005645752 171950.32464122772 121437.44728565216 583476.67467308044 22903.766571044922 171506.38516902924 10942.908618927002 9461.8810267448425 9271.9213180541992 17623.622871398926 150.1162628531456 802.95181441307068 264.35520076751709 1369.8942514955997 148323.12589883804 10653.805284142494 4652.396638572216 154488.61360830069 58540.005682587624 19758.650099337101 125088.76743781567 201001.26831996441 43728.21630614996
leaf_count=6339584 414319 28105 671849 51077 17215 86428 10117 7924 4761 140861 39835 23782 4113 14084 398635 412 2191 1531 13 2265 17547 1859 56557 151090 2734 21737 95914 23854 856656 1241 5125 181 2106 1108 81 29581 120 6525 77 155 5896 6543 15835 398 5041 267 607 79 245 124 548 18 4105 13241 1099 4212 130096 45176 9295 94179 136658 23302
internal_value=-0.000699382 0.00878935 -0.0488592 0.0100931 -0.0522117 -0.0217577 0.00683911 -0.00755539 0.0117726 0.00637206 0.00379571 -0.0530377 -0.0190491 0.00809405 -0.0329972 0.0103222 0.0130186 -0.000987079 0.0423754 0.0147354 0.0139099 -0.00564541 0.00236596 0.0087034 0.0109132 0.00619274 0.0081756 0.000545297 -0.0532698 0.00499677 0.0133161 0.0138509 0.00652776 0.023781 0.0144026 0.0129976 0.000819614 0.0180722 0.00847855 0.0309735 0.00907098 0.00837208 0.00477988 0.00980998 0.013934 0.0193158 0.0103136 0.0285851 0.0174573 -0.0145958 0.0714135 0.222014 0.0154626 0.0120021 0.0299433 0.0226378 -0.00395536 -0.0019067 0.0100316 -0.00421547 -0.000587487 0.0153761
internal_weight=1.50239e+07 1.25511e+07 2.47288e+06 1.16238e+07 2.04142e+06 53906.2 27187.4 927210 8.00907e+06 3.61478e+06 1.44814e+06 1.98751e+06 13481.9 2.16663e+06 431465 4.12903e+06 1.30869e+06 142897 13861.8 1.1658e+06 1.1094e+06 129035 1.22062e+06 2.06021e+06 1.09575e+06 964465 713832 250633 1.97403e+06 730234 3.88003e+06 3.49378e+06 244751 60844.2 3.24903e+06 2.34952e+06 183907 899511 386252 56393.6 2.82034e+06 2.46594e+06 704914 1.76103e+06 354400 182449 1.06228e+06 31415.1 22143.2 313707 1217.42 414.471 6684.19 161140 33469.8 21691.9 613503 459014 74384.1 384630 259541 63486.9
internal_count=10030313 1613617 8416696 751978 7346212 117972 31544 861639 161019 590959 251735 7228240 32000 339224 1070484 111030 25973 3815 425 22158 19812 3390 211900 311119 155530 155589 109998 45591 7196240 71039 49989 44827 3515 1289 41312 34706 2226 6606 5162 2346 85057 73853 22378 51475 11204 5308 151697 401 322 415009 690 142 8218 14482 3833 14329 446630 316534 40521 276013 181834 32597
is_linear=0
shrinkage=0.05


Tree=40
num_leaves=63
num_cat=0
split_feature=15 15 15 15 16 10 11 15 16 14 10 9 12 10 15 0 8 28 11 16 12 14 15 28 26 11 28 11 0 14 20 0 10 13 11 19 22 20 15 26 11 3 19 0 22 26 11 22 28 0 23 28 22 11 11 12 10 11 13 16 11 23
split_gain=2.57622e+06 98452.4 50992.5 25755.5 20741.5 16895.8 10205.9 9206.97 7697.77 6316.55 6002.24 5624.87 7864.45 5317.74 5211.7 5073.06 9918.16 11851 13751.8 5581.73 4675.97 4570.72 4360.77 4188.76 5646.87 4075 11007.8 5292.16 11310.7 7681.46 6216.54 5913.88 22525.6 6491.67 4036.46 5090.03 5044.58 4503.26 3842.39 3740.44 3707.5 3606.94 4746.33 4302.02 3476.94 3178.69 3170.51 3115.91 5223.36 3110.05 2938.38 2920.26 2853.26 2797.14 3949.08 4432.85 3606.66 5165.08 3321.15 3232.48 2678.37 2673.26
threshold=0.23397722567287788 1.8304249134948101 0.045236172013231789 24.469392948018903 1.4155072064593666 0.68301270189221941 0.25000000000000017 0.59102817904440841 44.580369788364791 17655.500000000004 0.68301270189221941 -0.22252093395631442 0.78656609248549325 -0.24999999999999994 0.11260882731470968 8.5000000000000018 -0.8783796973249266 278.50000000000006 0.6830127018922193 6.435778985009696 -0.9159756150367534 15910.000000000002 0.015396467938840823 271.50000000000006 68.51904678344728 -0.9330127018922193 1293.5000000000002 1.0000000180025095e-35 16.500000000000004 17392.500000000004 1969.0000000000002 17.500000000000004 0.68301270189221941 -0.9159756150367534 0.6830127018922193 918.00000000000011 9.7857141494750994 587.00000000000011 5.818952279707065 1.0000000180025095e-35 0.6830127018922193 3.5000000000000004 11.500000000000002 1.0000000180025095e-35 1.0000000180025095e-35 1.0000000180025095e-35 0.25000000000000017 19.071428298950199 284.50000000000006 17.500000000000004 1.0000000180025095e-35 1301.5000000000002 12.928571224212648 0.6830127018922193 0.25000000000000017 -0.9159756150367534 0.68301270189221941 -0.9330127018922193 -0.5 0.51808946099170761 0.6830127018922193 82.678573608398452
decision_type=2 2 2 2 2 2 2 2 2 2 2 2 2 2 2 2 2 2 2 2 2 2 2 2 2 2 2 2 2 2 2 2 2 2 2 2 2 2 2 2 2 2 2 2 2 2 2 2 2 2 2 2 2 2 2 2 2 2 2 2 2 2
left_child=2 7 4 11 9 -6 -7 47 15 22 -11 21 13 20 -4 16 17 18 -5 -19 45 -3 -1 24 -18 26 -10 28 29 -27 -30 33 -33 -29 35 39 37 -36 -15 -17 -25 42 -23 60 -44 -13 -12 -2 -49 -40 -8 -45 -38 54 56 -56 57 -9 -59 -57 -43 -28
right_child=1 3 14 8 5 6 50 53 25 10 46 12 -14 38 -16 34 23 19 -20 -21 -22 41 -24 40 -26 27 61 31 30 -31 -32 32 -34 -35 36 -37 52 -39 49 -41 -42 43 44 51 -46 -47 -48 48 -50 -51 -52 -53 -54 -55 55 59 -58 58 -60 -61 -62 -63
leaf_value=-0.054071771252484628 -0.014475903137365371 -0.0039345731948717952 -0.037538004087223499 0.0057639946862768441 -0.050686022801022947 -0.05493098218062558 0.025657242858237908 -0.013728210595520075 0.019500893265284876 -0.052845539788485607 -0.055547455994249408 0.036702909745621674 0.011458762485401742 -0.0041646100023356846 -0.02613642543188377 0.017643763862386776 0.020872714139147937 -0.024445226545698199 0.10461670822591052 0.00050560430988941089 0.0037205735923307097 0.0024812367674418782 -0.046889301530388866 0.012316870303068656 -0.0076145743247154202 -0.0047423597678276129 -0.034993161489003076 0.0073360416367162437 0.014902227315156003 0.0080048126587945623 -0.016006998809115259 0.016211248517364732 -0.0046836145486321623 0.016925364427509235 0.00077753689298310164 -0.013131256196227471 0.023758449569747001 -0.040845933249795269 0.0044611999191333865 0.0092760928732389166 0.018340493095435884 0.018345530889327777 0.033787261013172656 0.0087008778096220856 0.0098647920043157256 0.012230912087065629 0.031266514481272607 0.20858513215100288 -0.049614162130448336 -0.0029260623850481077 -0.05248807505636055 0.017511381538583295 0.0072807028790704198 -0.0096209006220055113 -0.020811248014976892 -0.00012981200774338201 -0.010976688838571395 -0.0037682796888598466 0.0091151168249739324 0.022534069111552243 0.048859005400681242 -0.001268171671062424
leaf_weight=1639412.1592415869 320019.35904997587 76531.026986956596 232009.0796251297 9623.5182552337646 25250.692310929298 5511.7237746417522 20780.43232780695 57854.36148583889 372712.73751354218 6482.8267521262169 1303.0927599072456 15137.561838150024 281490.29735255241 320144.81712394953 176468.15990638733 142769.98545503616 26619.591173648834 28310.895256519318 5545.6546425819397 107629.33595752716 310487.36746478081 367849.2006393671 242620.36136764288 770261.70067214966 50203.391906738281 144101.1560344696 10068.850873947144 207004.40012931824 743623.8864274025 657074.78391361237 16630.771898269653 405356.66094398499 189182.02786159515 1197374.4092741013 252201.9809756279 24431.883339881897 27479.451189041138 6669.9201955795288 517538.29610109329 2069015.1061058044 382214.71678543091 22825.137959122658 20266.263172388077 843637.79349410534 60629.631044149399 107531.18122160435 5449.040793389082 409.98596572875977 374.87743890285492 196596.94284009933 1276.7167810797691 105852.18267965317 597781.48074865341 153225.2175334692 11010.173422038555 26208.663692414761 122248.61014741659 92212.417778730392 109332.1519780159 39359.055119872093 10500.587691068649 14111.105613708496
leaf_count=6339584 434174 20877 671849 327 86716 16927 12330 45176 4759 23782 4105 2969 51537 106901 379180 4835 1099 1322 140 2484 58617 65614 856656 15349 1471 2800 247 4211 9221 9050 91 5561 3520 12309 11663 447 1088 177 61075 65340 7073 2723 2719 131056 7321 18148 4113 26 264 24222 1999 14690 17687 130096 8198 16677 92798 64948 71710 17027 1084 154
internal_value=-0.00067699 0.00826639 -0.0486746 0.00951085 -0.0520425 -0.0211377 0.005926 -0.00737188 0.0109657 -0.0529038 -0.0184818 0.00573289 0.00380339 0.00233489 -0.0326124 0.00955127 0.0120751 -1.31475e-05 0.0419041 -0.00469063 0.00698594 0.00797052 -0.0531459 0.013561 0.00225638 0.0125743 0.01738 0.0120386 0.00985751 0.00571207 0.0142261 0.0137424 0.0095625 0.0155119 0.00843475 0.00956551 0.00557473 -0.000294902 0.000387031 0.00981623 0.0143146 0.00860697 0.0048927 0.0103029 0.015858 0.0152509 0.014511 -0.0142318 0.0852634 0.00242753 0.0211336 0.00968311 0.00800489 -0.00377271 -0.00181714 0.00854517 -0.00389636 -0.000559542 0.00322057 0.0134748 0.0279603 -0.015312
internal_weight=1.50038e+07 1.26473e+07 2.35656e+06 1.1715e+07 1.94809e+06 52819.6 27568.9 932255 8.458e+06 1.89527e+06 13235 3.25702e+06 1.74893e+06 1.46744e+06 408477 4.50076e+06 1.38041e+06 151109 15169.2 135940 433156 1.50809e+06 1.88203e+06 1.2293e+06 76823 3.95724e+06 396893 3.56035e+06 1.56143e+06 801176 760255 1.99892e+06 594539 1.40438e+06 3.12035e+06 2.23622e+06 884133 258872 1.03428e+06 2.21179e+06 1.15248e+06 1.43156e+06 448745 982816 80895.9 122669 6752.13 320804 784.863 714135 22057.1 949490 625261 611451 458225 76577.9 381648 259399 201545 65567.7 33325.7 24180
internal_count=10030313 1633072 8397241 751978 7346212 117972 31256 881094 182425 7228240 32000 569553 323469 271932 1051029 130502 29265 4273 467 3806 79734 246084 7196240 24992 2570 51923 5160 46763 21162 11850 9312 25601 9081 16520 101237 70622 30615 11840 192198 70175 22422 225207 75654 149553 10040 21117 8218 434464 290 85297 14329 145746 18775 446630 316534 41902 274632 181834 136658 33704 3807 401
is_linear=0
shrinkage=0.05


Tree=41
num_leaves=63
num_cat=0
split_feature=15 15 15 15 16 2 2 15 16 14 10 21 15 2 2 12 12 13 10 6 15 12 2 28 27 17 13 3 28 27 19 20 2 23 10 28 28 28 28 27 3 15 26 19 21 13 10 13 28 2 14 2 25 25 28 21 10 2 27 21 5 25
split_gain=2.41715e+06 90799.4 49583.7 23501.6 20993.9 18633.1 10629.5 8207.66 6766.56 5795.64 5219.94 5162.81 4696.78 4693.82 9952.42 20458.9 10381.5 7631.67 12950.8 10444.9 4636.88 4114.96 5136.1 8289.19 13789.6 4121.4 4077.77 3362.7 4041.31 5585.27 4657.89 3340.93 3359.77 3235.03 3177.4 4689.8 4392.97 6327.97 8644.15 6281.05 6098.4 5227.69 4411.09 3294.43 3127.16 3103.03 5542.26 3079.53 3009.62 2998.54 7461.41 8650.61 2959.29 4337.7 3567.25 2896.13 2868.67 2726.15 2600 2569.09 2565.53 2556.83
threshold=0.2245522865366166 1.7233074884193318 0.045236172013231789 24.469392948018903 1.2228625857072883 2.5000000000000004 1.5000000000000002 0.59102817904440841 44.580369788364791 17655.500000000004 0.68301270189221941 11.500000000000002 0.10948136765270843 1.5000000000000002 2.5000000000000004 -0.9159756150367534 -0.37940952255126059 -0.5 0.93301270189221952 1.0000000180025095e-35 0.018446403726332349 0.78656609248549325 1.5000000000000002 410.50000000000006 51.247657775878913 585.00000000000011 0.98296291314453421 1.5000000000000002 504.50000000000006 5.2503421306610116 898.50000000000011 308.50000000000006 3.5000000000000004 7.1785714626312265 -0.6830127018922193 1293.5000000000002 1293.5000000000002 1144.5000000000002 1091.5000000000002 225.07398223876956 5.5000000000000009 34.46516290726818 245.14466857910159 1917.5000000000002 1092.0000000000002 -0.12940952255126037 -0.24999999999999994 0.25881904510252057 1105.5000000000002 2.5000000000000004 17380.500000000004 1.5000000000000002 25.702047348022464 27.306455612182621 284.50000000000006 2.5000000000000004 -0.6830127018922193 2.5000000000000004 10.406949520111086 708.00000000000011 1.0000000180025095e-35 2.2200320959091191
decision_type=2 2 2 2 2 2 2 2 2 2 2 2 2 2 2 2 2 2 2 2 2 2 2 2 2 2 2 2 2 2 2 2 2 2 2 2 2 2 2 2 2 2 2 2 2 2 2 2 2 2 2 2 2 2 2 2 2 2 2 2 2 2
left_child=2 7 4 11 9 6 -6 52 21 20 -11 13 -4 26 15 -15 -17 19 -19 -16 49 27 23 24 -23 -25 33 45 29 -29 -30 48 -33 -3 35 60 37 38 -36 42 -41 -39 -38 44 -37 59 -47 -8 -24 50 -1 -52 -2 54 -54 61 -13 -12 -35 -5 -10 -9
right_child=1 3 12 8 5 -7 47 55 34 10 57 56 -14 14 17 16 -18 18 -20 -21 -22 22 31 25 -26 -27 -28 28 30 -31 -32 32 -34 58 36 43 39 41 -40 40 -42 -43 -44 -45 -46 46 -48 -49 -50 -51 51 -53 53 -55 -56 -57 -58 -59 -60 -61 -62 -63
leaf_value=-0.052074022505199449 -0.014186854055232859 -0.0082635401637029312 -0.037061965370272613 0.0064764439075103569 -0.055520934251359171 -0.050944729129506962 0.037417663178629691 -0.0072974081617180123 0.004445870766101462 -0.052636337511727783 0.027037507982178861 0.019582119162928253 -0.025961112560255684 -0.013315605639028394 -0.0008956286910305882 0.030715066023115613 0.011043918262768473 0.0087796147583016175 -0.0068792572707381955 0.012873276658155616 -0.045784928195212959 0.12820327547788377 0.012704782189938549 0.013998241315912215 0.028451628361872396 -0.023579146654585287 0.029148964288350166 0.049595661818614106 0.010793710757273339 0.0058340379645387781 -0.018365573816482385 -0.0076731423594379282 0.0077478816274297356 0.14651265985490594 0.012673193658822541 0.025355488501708257 0.015023291110744894 0.055333579560182561 0.0042780422976132397 -0.002104380680735271 0.023301602421485056 0.015924073340933841 0.05619399327228717 0.080073261263723494 -0.040826041889408457 0.011799907733648302 -0.0059926012751341214 0.0014594103408214713 0.0057289128505412078 -0.055009760057758032 -0.055328060317898622 -0.0013255855587358948 0.2786976493261128 -0.0067306528624144386 -0.026950873447616069 0.010305159490001901 0.0086732059757234758 -0.055546958090135934 0.0030638925802517888 0.02729288065613622 0.01784129052095949 3.7693318461855756e-05
leaf_weight=275864.04197758436 325958.20628860593 137134.78684097528 217257.20034769177 589598.27019357681 5753.1685840785503 28914.235882461071 12430.376180708408 354925.73330378532 321681.29874229431 6050.1058416515589 5369.3378090262413 73841.279279828072 169734.58147028089 59713.897669672966 953639.15965497494 111938.68169808388 167342.18331444263 1059198.6728022099 150848.46530640125 160986.61207950115 195065.31606924534 3700.9640402793884 821965.10052585602 88838.531804084778 54238.314618110657 7949.5475978851318 10120.346557497978 7354.618115901947 1485771.8036994934 844241.69550418854 13822.619846343994 44786.944212913513 167092.4501657486 316.76899290084839 2065656.4407916069 27854.001516342163 50347.55274105072 8492.7869558334351 360074.2987112999 164413.66975212097 27582.738552093506 917576.16353607178 7471.48046875 2574.2731399536133 1906.9764709472656 64922.750625133514 134316.66884803772 11429.224245011806 190442.50121688843 1287297.7160437256 13557.215300559998 16370.849328875542 316.07715350389481 811.28182077407837 136.68529325723648 33539.92321318388 327779.71412909031 1227.6738799214363 101179.20562505722 15204.286527633667 40212.784847259521 178576.66826426983
leaf_count=1102280 452785 37821 652257 20780 20037 103164 5429 282516 4338 23282 4015 9409 379743 11405 183923 14172 24618 192314 30049 25353 710211 131 18074 1934 878 79 1519 358 47205 26294 299 592 2027 68 30116 375 1177 265 6180 1971 298 6471 159 9 18 1915 4572 11334 5068 5262669 53504 46219 27 559 122 23894 47050 4068 13004 296 546 119068
internal_value=-0.000655032 0.00777785 -0.0484761 0.00893779 -0.0518651 -0.022394 0.00548318 -0.00758503 0.010326 -0.0528229 -0.0190938 0.00536452 -0.0321932 0.00463167 0.00524508 0.0132486 0.0189283 0.00407797 0.00682752 0.00109303 -0.0530615 0.00900405 0.0112825 0.0198659 0.0348237 0.0109118 -0.00193678 0.00800825 0.00896279 0.00621199 0.0105249 0.0101977 0.00448817 -0.00325516 0.0118262 0.0075645 0.0122926 0.0127694 0.011427 0.00589629 0.0015455 0.0162855 0.0203436 0.0258087 0.0211145 0.00521696 -0.000194832 0.0201932 0.0113926 -0.0539525 -0.0495015 -0.0257886 -0.0138907 0.0624614 0.186428 -0.0039462 0.0106789 0.0116675 0.00351179 0.00699977 0.00593436 -0.00484216
internal_weight=1.49847e+07 1.27384e+07 2.24632e+06 1.18441e+07 1.85933e+06 58527 29612.8 894265 8.53009e+06 1.8008e+06 12647.1 3.31404e+06 386992 2.91242e+06 2.66367e+06 338995 279281 2.32467e+06 1.21005e+06 1.11463e+06 1.78816e+06 4.53425e+06 1.37901e+06 154727 57939.3 96788.1 248751 3.15523e+06 2.35119e+06 851596 1.49959e+06 1.22429e+06 211879 238631 3.99584e+06 394229 3.60162e+06 3.3518e+06 2.42573e+06 249815 191996 926069 57819 32335.3 29761 804042 199239 23859.6 1.01241e+06 1.59309e+06 305792 29928.1 327222 1264.04 452.762 567042 401621 6597.01 101496 604803 361894 533502
internal_count=10030313 1652101 8378212 773130 7346212 139964 36800 878971 182425 7206248 31365 590705 1032000 534246 481834 50195 38790 431639 222363 209276 7174883 130502 28783 3022 1009 2013 52412 101719 74156 26652 47504 25761 2619 50893 51923 5286 46637 43032 36296 3605 2269 6736 1336 402 393 27563 6487 16763 23142 6464672 1202003 99723 453493 708 149 425478 56459 8083 13072 21076 4884 401584
is_linear=0
shrinkage=0.05


Tree=42
num_leaves=63
num_cat=0
split_feature=15 15 15 15 16 2 2 15 16 14 2 2 11 2 12 12 13 10 6 0 13 0 0 14 15 23 0 8 28 16 16 2 14 28 15 10 11 25 27 19 14 8 28 11 12 22 22 28 11 16 27 3 27 22 12 23 25 25 19 3 25 23
split_gain=2.26874e+06 86412 45264.9 21441.6 21210.7 17874.4 9885.31 7995.36 5956.94 5902.94 9172.64 5470.84 5322.87 6644.95 20386.6 11020.2 7701.92 17854.4 9976.07 11688.8 8886.62 6185.66 6094.5 5401.33 5006.82 4293.18 3965.39 8684.26 10152.6 11304.4 5149.68 4311.61 4905.31 4189.69 3761.77 3668.99 3563.26 4536.31 6871.73 4322.36 3536.95 3524.61 12254.6 12792.3 7716.37 7781.66 6479.97 5563.39 5704.75 5065.1 4843.77 4356.85 4301.12 4174.5 3860.94 3710.14 3372.89 3301.84 3252.24 3103.24 2982.62 2887.63
threshold=0.20590529503533087 1.6301629656892815 0.045236172013231789 24.469392948018903 1.2228625857072883 2.5000000000000004 1.5000000000000002 0.5438784326984486 44.580369788364791 17629.500000000004 2.5000000000000004 1.5000000000000002 0.6830127018922193 2.5000000000000004 -0.9159756150367534 -0.37940952255126059 -0.5 0.93301270189221952 1.0000000180025095e-35 14.500000000000002 -0.78656609248549325 1.0000000180025095e-35 19.500000000000004 17602.500000000004 0.015396467938840823 1.0000000180025095e-35 8.5000000000000018 -0.8783796973249266 278.50000000000006 13.756348099058251 6.435778985009696 1.5000000000000002 16174.000000000002 271.50000000000006 0.10581461722540562 0.68301270189221941 0.6830127018922193 18.531180381774906 10.655876159667971 918.00000000000011 17132.000000000004 -0.8783796973249266 517.50000000000011 0.25000000000000017 0.25881904510252091 585.00000000000011 1023.499969482422 1144.5000000000002 -0.9330127018922193 63.976235375336096 43.794607162475593 5.5000000000000009 605.48962402343761 18.214285850524906 0.37940952255126054 7.6071429252624521 25.702047348022464 27.306455612182621 1.0000000180025095e-35 3.5000000000000004 588.02767944335949 1.0000000180025095e-35
decision_type=2 2 2 2 2 2 2 2 2 2 2 2 2 2 2 2 2 2 2 2 2 2 2 2 2 2 2 2 2 2 2 2 2 2 2 2 2 2 2 2 2 2 2 2 2 2 2 2 2 2 2 2 2 2 2 2 2 2 2 2 2 2
left_child=2 7 4 12 9 6 -6 56 26 24 11 -11 13 14 -3 22 18 35 20 -20 -15 59 -16 -23 -1 -17 27 28 29 -5 -30 32 -29 -33 -4 -18 39 40 -39 60 -38 42 43 49 45 -44 -46 48 55 -10 53 -50 -45 -49 -52 -43 -2 -58 -19 -14 -28 -8
right_child=1 3 34 8 5 -7 61 -9 41 10 -12 -13 21 16 15 25 17 58 19 -21 -22 23 -24 -25 -26 -27 36 31 30 -31 -32 33 -34 -35 -36 -37 37 38 -40 -41 -42 47 44 52 46 -47 -48 50 51 -51 54 -53 -54 -55 -56 -57 57 -59 -60 -61 -62 -63
leaf_value=-0.054095309661469075 -0.014699543460595176 -0.013446140046341818 -0.036591097520457257 0.025789614147036323 -0.055518968562667449 -0.050705851153336472 0.023184036780713995 -0.0043593518487817905 -0.00088284333065346329 -0.055052582831222031 -0.053601363498114868 0.027300619952047453 0.0073385583876488872 0.0035502502875248824 0.036401291594126549 0.020799646568576701 0.012144009187972406 -0.0030562052091263258 0.0042252738216806791 0.031825292603278814 -0.0072197070359937667 -0.0046784869851643216 0.012389824707957464 0.0037301360458647731 -0.045990434618074616 0.0046161900687130431 0.0085234413911057828 -0.01320344501962873 -0.024070906017270688 0.19151612258230483 -2.4602710116933659e-05 -0.00089132801473169431 0.022752305462479916 0.011807677367934748 -0.026196571549511678 0.0039357566732894766 -0.011149895079916461 0.10610702496511654 0.0067649616434031241 -0.01249478738095869 0.0025762815183511725 -0.036757938453943512 0.014741905772072728 0.029684323008349462 -0.017088774703304787 -0.023143224367291045 0.017487758940134202 0.025434436018006181 0.0090531742080516928 0.018592409220292937 0.010482352516675531 0.001670008091144105 0.052897337300886582 0.07813383920250043 0.016386829983446972 0.017073041471831099 0.17548999756833494 0.0037222031454398536 -0.019112564680103122 0.039442654594691512 0.021275074949914159 -0.050449667065272347
leaf_weight=1472325.0339207053 306949.79246261716 63611.12931227684 202889.17926865816 14648.823262214661 5472.7721480131149 27630.423180356622 22805.744508296251 563947.04487878084 46323.229787826538 2697.3798375576735 15617.206650197506 7990.0294396877289 14539.042377710342 528431.43542265892 86981.136258721352 60903.010472536087 765816.57724940777 117581.31708574295 126686.34286403656 55021.999173521996 300428.39379835129 286961.95935887098 37960.572842001915 570994.25429552794 218893.99795201421 125279.69985342026 2196131.0084204674 10208.363547325134 28011.618839740753 1106.6338291168213 108531.60672092438 69277.755631446838 133955.43917512894 1039643.4045314789 152449.6557328999 165576.38957691193 63093.398019313812 1745.3777084350586 645588.58128499985 24108.620346069336 183220.10669708252 3244.0756311416626 191896.81135368347 92377.785924911499 48501.423782348633 14584.168239593506 18803.501998901367 21425.363953590393 1829136.525370121 119535.68637466431 691139.08902168274 224321.0636177063 25455.091156005859 4557.2023372650146 461913.08574962616 239415.75652599335 455.29892069101334 725.65239709615707 43097.500205397606 15608.774492383003 46835.477920532227 1413.8801805973053
leaf_count=6282302 453206 12423 631537 454 20037 103164 14354 446724 825 11042 62940 9375 2539 93461 10317 8853 128782 24650 20519 7774 59653 72800 5144 104010 840589 18418 69640 378 1322 13 2484 2318 2294 20002 359279 31080 3207 84 19195 447 8129 151 2853 1239 747 110 39 497 27871 1277 7507 3210 124 90 2092 3291 132 497 7935 1943 535 2409
internal_value=-0.000633497 0.00729683 -0.0484209 0.00840441 -0.0516822 -0.0217624 0.00517095 -0.0078982 0.00972864 -0.0526807 -0.0291764 0.00651483 0.00502103 0.0062116 0.0123456 0.0176188 0.00511839 0.00802941 0.0019726 0.0125827 -0.000353421 0.00169991 0.029106 0.000917685 -0.0530463 0.00991006 0.00849187 0.0107016 -0.000572461 0.0374314 -0.00495771 0.0120718 0.0202062 0.0110143 -0.0321316 0.0106848 0.00750934 0.00483539 0.00703284 0.00856336 -0.000939672 0.011129 0.0148197 0.0221023 0.00727355 0.012066 -0.00742877 0.010537 0.00910338 0.0131531 0.0133288 0.00824663 0.034699 0.0346781 0.0128477 0.0163533 -0.014375 0.0699583 -0.00736291 0.0239604 0.00878971 0.0188851
internal_weight=1.49665e+07 1.28363e+07 2.13019e+06 1.19642e+07 1.77485e+06 57322.8 29692.4 872078 8.59874e+06 1.71752e+06 26304.6 10687.4 3.36548e+06 2.47738e+06 374736 311124 2.10264e+06 1.09207e+06 1.01057e+06 181708 828860 888104 124942 857956 1.69122e+06 186183 4.56611e+06 1.40538e+06 152299 15755.5 136543 1.25308e+06 144164 1.10892e+06 355339 931393 3.16072e+06 893647 647334 2.26708e+06 246314 4.03263e+06 557478 283692 273786 206481 67304.9 3.47515e+06 2.29612e+06 165859 1.17903e+06 2.05346e+06 117833 25982.6 1.15305e+06 242660 308131 1180.95 160679 30147.8 2.24297e+06 24219.6
internal_count=10030313 1693285 8337028 792726 7346212 139964 36800 900559 182425 7206248 83357 20417 610301 429009 55155 42732 373854 192447 181407 28293 153114 181292 15461 176810 7122891 27271 130502 29265 4273 467 3806 24992 2672 22320 990816 159862 101237 30615 19279 70622 11336 51923 7214 3465 3749 2963 786 44709 34523 2102 10186 31081 1363 587 9599 3442 453835 629 32585 4482 70175 16763
is_linear=0
shrinkage=0.05


Tree=43
num_leaves=63
num_cat=0
split_feature=15 15 15 16 10 15 11 15 14 8 12 0 11 14 21 13 26 13 10 10 23 28 10 16 8 8 28 26 12 0 11 14 16 0 10 23 11 13 13 0 10 13 8 13 23 13 10 10 11 11 14 15 14 15 17 24 24 24 21 11 11 12
split_gain=2.13015e+06 81736 41711.5 22646.1 21671.9 19006 13481.7 8269.21 5314.2 5276.35 12291.3 6245.56 9308.56 7588.67 5860.71 5339.17 6028.71 5164.27 13015.8 8196.7 4796.79 4740.64 4721.38 4547.7 5020 9586.12 11851.4 11865.2 6052.84 5045.58 7217.19 5059.35 4475.17 4419.48 6280.74 6583.55 4487.29 14613.3 12593.3 6759.28 21116.9 9904.57 4944.2 4382.65 4296.99 4183.12 9740 9481.29 8715.93 6173.7 4397.45 4052.18 3982.77 3614.71 3344.85 3268.1 3098.69 3077.02 2982.24 3930.6 4966.24 4553.39
threshold=0.19079703569268 1.6301629656892815 0.038492406469934563 0.72480142848346785 0.68301270189221941 29.613025284571467 0.25000000000000017 0.47886260159142169 17655.500000000004 -0.8783796973249266 0.60355339059327384 18.500000000000004 -0.5 17666.500000000004 725.00000000000011 -0.78656609248549325 1.0000000180025095e-35 -0.5 0.68301270189221941 0.68301270189221941 16.535714149475101 256.50000000000006 0.68301270189221941 30.592827262108496 -1.0000000180025095e-35 -0.8783796973249266 271.50000000000006 326.82791137695318 0.60355339059327384 14.500000000000002 0.6830127018922193 17664.500000000004 13.756348099058251 18.500000000000004 0.93301270189221952 38.392856597900398 1.0000000180025095e-35 -0.5 -0.78656609248549325 17.500000000000004 0.68301270189221941 -0.78656609248549325 -1.0000000180025095e-35 0.25881904510252057 1.7500000000000002 -0.37940952255126015 0.68301270189221941 0.68301270189221941 1.0000000180025095e-35 1.0000000180025095e-35 17656.500000000004 0.083521582825527144 17664.500000000004 0.015396467938840823 531.00000000000011 145.6166687011719 9.5166668891906756 1.6166666746139529 2.5000000000000004 0.6830127018922193 0.25000000000000017 -0.9159756150367534
decision_type=2 2 2 2 2 2 2 2 2 2 2 2 2 2 2 2 2 2 2 2 2 2 2 2 2 2 2 2 2 2 2 2 2 2 2 2 2 2 2 2 2 2 2 2 2 2 2 2 2 2 2 2 2 2 2 2 2 2 2 2 2 2
left_child=2 7 3 8 -5 9 -6 20 53 10 15 13 -13 17 -14 54 32 18 -11 -19 -2 -12 -10 24 25 26 27 -7 -28 30 -27 -31 -17 36 44 55 37 38 -25 41 -41 -38 -39 -8 56 47 50 52 -48 -49 -47 -4 -26 -1 -3 -36 -35 -46 59 60 -9 -62
right_child=1 5 51 4 6 23 43 58 22 11 21 12 14 -15 -16 16 -18 19 -20 -21 -22 -23 -24 33 45 29 28 -29 -30 31 -32 -33 -34 34 35 -37 39 42 -40 40 -42 -43 -44 -45 57 46 48 49 -50 -51 -52 -53 -54 -55 -56 -57 -58 -59 -60 -61 61 -63
leaf_value=-0.054078906318086754 -0.015185490920672408 0.0054563053233242882 -0.038319654047965085 -0.051395613448154354 -0.053405390671326575 0.0210363795307719 0.035917241019943515 -0.0055300737377017061 -0.053965210267922892 -0.00082696215142960799 0.019552773923606822 0.0066589990351219571 -0.0071371943421703948 0.016866380205309169 0.22025242668289358 0.021349627388446396 0.013237826987599639 0.0099850061542158565 0.0090917142966008245 3.3975229358776213e-05 0.21763161172367951 -0.010674518452729639 0.013506065564360327 0.0099992558665428916 -0.0046414181036048127 0.011313270563600101 0.0053807195071324454 0.1245194243456494 -0.0085648117482880325 0.0034493035205646304 0.022192251354143367 0.015642814313277822 0.052175179675192855 0.0017898795491934441 -0.002561292430986795 -0.037459795324366808 0.0072416144104160158 0.0084028378935500549 -0.0019455924760351986 0.013586924638458849 -0.0095658615670631674 0.015539628454855979 0.014537760343012608 -0.0026071742579080125 0.097141752447046592 0.0071697510225955403 0.012686213160255181 -4.7881908329317406e-05 -0.0082780214419076129 0.015579919980527013 0.015929298505368651 -0.027773589115761152 0.0038387080192576898 -0.046425825740183863 0.20758926486774448 0.059765136020683486 0.035958650209390125 0.005945524598608292 0.0097362570626512591 -0.012701958968134544 -0.021768086256332982 0.013500797351787698
leaf_weight=1396193.8686807752 275622.08222684264 189877.95061540604 181182.14017133415 39306.835237696767 8658.4126765877008 35071.860353469849 15466.25027307868 358413.53850287199 4790.0386921614408 956002.04605358839 15135.73210477829 226768.67987823486 285152.9374910593 130921.7996366024 283.5473461151123 35179.447304487228 276040.91363179684 745870.05635732412 505715.00549507141 286401.49636006355 221.31384360790253 90692.873444199562 5652.047507032752 441213.67653369904 279374.36224460602 485161.78496932983 191528.29158115387 3007.4476013183594 131047.02342033386 250777.19302272797 222309.18965673447 128744.21832275391 17697.926543235779 9606.8381390571594 23897.033792495728 16413.791592597961 478415.1870059967 525259.40858268738 441416.07308959961 337336.41827011108 139089.59904289246 1448084.5821332932 876341.00229454041 14124.132682293653 926.83292102813721 267938.08194446564 78008.192805767059 92087.415317058563 136039.80662345886 201423.93885850906 307958.6850643158 183185.44450113177 274503.67851257324 173477.31012703478 204.7869234085083 2306.1195373535156 21453.630345344543 433552.00016212463 34402.760567069054 140090.03869903088 10645.055372655392 65217.630589067936
leaf_count=6261017 434551 26622 615098 159124 31805 1193 9415 295963 20420 183472 2662 35534 51337 10622 12 6728 35052 131582 74961 54584 8 16934 6844 10288 10686 11506 6330 40 3895 8002 5219 3136 1600 396 864 443 10168 4732 8466 2747 1757 14344 6542 16247 30 7428 2222 2978 4220 5273 7848 475623 9068 702477 5 22 608 10568 26468 135715 8882 37930
internal_value=-0.000612587 0.00685222 -0.048335 -0.0517019 -0.0253229 0.00792981 0.00147097 -0.00781701 -0.0529966 0.00498282 0.00917863 0.00414713 -0.000903262 0.00513262 -0.00691122 0.0123453 0.0162006 0.00451666 0.00260463 0.00722412 -0.0149986 -0.00635131 -0.0174444 0.0092687 0.00774807 0.0098931 0.00282946 0.0292098 -0.000284673 0.0122368 0.0147318 0.0075857 0.031667 0.0101717 0.00574263 -0.0126296 0.0106518 0.00906507 0.00402546 0.0121602 0.0068276 0.013479 0.0122387 0.0175286 0.0074245 0.00585153 0.00846909 0.00341142 -0.000637737 0.0106768 0.0118539 -0.0330177 -0.000438632 -0.0532331 0.00567421 0.00292403 0.0253906 0.0061401 -0.0045629 -0.00541938 -0.00307014 0.00855178
internal_weight=1.49489e+07 1.29269e+07 2.02204e+06 1.65767e+06 77555.6 1.20422e+07 38248.8 884612 1.58011e+06 3.76195e+06 624830 3.13712e+06 512205 2.62491e+06 285436 519001 328918 2.49399e+06 1.46172e+06 1.03227e+06 275843 105829 10442.1 8.28029e+06 3.08498e+06 1.44765e+06 360655 38079.3 322575 1.08699e+06 707471 379521 52877.4 5.19531e+06 508156 42616.9 4.68716e+06 2.28423e+06 882630 2.40293e+06 476426 1.9265e+06 1.4016e+06 29590.4 465539 1.63733e+06 789945 847389 214048 293511 575897 364368 553878 1.56967e+06 190083 26203.2 31060.5 434479 608769 574366 434276 75862.7
internal_count=10030313 1732243 8298070 7207349 216591 792726 57467 939517 6990758 631707 89603 542104 86883 455221 51349 70007 43380 444599 258433 186166 434559 19596 27264 161019 89044 39321 11458 1233 10225 27863 16725 11138 8328 71975 12931 1329 59044 30028 18754 29016 4504 24512 11274 25662 11602 49723 21718 28005 6442 8251 15276 1090721 19754 6963494 26627 886 1004 10598 504958 478490 342775 46812
is_linear=0
shrinkage=0.05


Tree=44
num_leaves=63
num_cat=0
split_feature=15 15 15 16 16 15 15 1 14 8 13 14 13 27 21 0 8 14 22 8 12 18 17 0 8 13 19 3 15 12 3 22 26 14 19 21 15 6 23 25 17 23 15 18 21 22 19 25 25 26 27 9 3 12 1 14 21 8 3 27 19 27
split_gain=2.00037e+06 73541.4 42742.8 22942.6 13742.9 11489.9 8701.28 9646.89 8257.9 5624.88 5819.56 5359.18 5262.61 4603.06 8857.63 4441.32 6968.18 8976.79 4856.94 4419.84 7895.74 4547.21 4202.01 4016.31 8896.07 4539.46 5084.32 4579.81 14391.5 9930.06 7569.51 7392.69 4348.4 4491.66 5132.8 4248.47 4006.43 3834.21 7040.39 4892.06 4186.25 5522.13 3785.8 3711.34 3685.79 3594.72 3594.13 4674.92 3519.05 6737.81 3464.68 3398.12 3364.36 5443.19 4932.21 4372.56 4372.23 3211.55 3202.75 3328.19 3160.34 3080.77
threshold=0.19079703569268 2.3003267973856212 0.038492406469934563 0.72480142848346785 30.592827262108496 0.59102817904440841 1.0000000180025095e-35 2024.5000000000002 17664.500000000004 -1.0000000180025095e-35 -0.60355339059327384 17655.500000000004 0.25881904510252057 154.69250488281253 1092.0000000000002 12.500000000000002 -0.8783796973249266 17663.500000000004 73.500000000000014 -0.8783796973249266 0.60355339059327384 1557.0000000000002 1179.0000000000002 18.500000000000004 -0.8783796973249266 -0.60355339059327384 5.5000000000000009 3.5000000000000004 34.46516290726818 0.91597561503675362 4.5000000000000009 79.642856597900405 2.7154414653778081 17663.500000000004 686.50000000000011 450.50000000000006 0.083521582825527144 1.0000000180025095e-35 51.178571701049812 98.687812805175795 568.50000000000011 370.96429443359381 0.015396467938840823 379.50000000000006 1176.0000000000002 263.71427917480474 877.00000000000011 588.02767944335949 2.4591145515441899 1.0000000180025095e-35 120.47365188598634 -0.22252093395631442 3.5000000000000004 0.91597561503675362 2024.5000000000002 17666.500000000004 566.50000000000011 -0.8783796973249266 1.0000000180025095e-35 113.78726959228517 1794.5000000000002 0.74817627668380748
decision_type=2 2 2 2 2 2 2 2 2 2 2 2 2 2 2 2 2 2 2 2 2 2 2 2 2 2 2 2 2 2 2 2 2 2 2 2 2 2 2 2 2 2 2 2 2 2 2 2 2 2 2 2 2 2 2 2 2 2 2 2 2 2
left_child=2 5 3 11 8 -2 7 -5 9 15 13 42 -9 14 -11 16 17 -3 -18 20 -10 45 60 25 32 26 58 28 31 30 -29 -27 -25 35 -35 -34 -4 40 39 -39 -26 -42 -1 57 -30 -22 47 -28 49 50 61 -51 53 -21 55 -54 -55 -17 59 -6 -12 -7
right_child=1 4 36 6 23 48 -8 12 19 10 22 -13 -14 -15 -16 43 18 -19 -20 52 21 -23 -24 24 37 27 46 29 44 -31 -32 -33 33 34 -36 -37 -38 38 -40 -41 41 -43 -44 -45 -46 -47 -48 -49 -50 51 -52 -53 54 56 -56 -57 -58 -59 -60 -61 -62 -63
leaf_value=-0.053997081824099263 -0.013125927868962063 0.00045926542239298554 -0.037668041198060082 -0.047757817103850263 0.02323103825904077 -0.0064972025646473676 -0.048515323354210736 0.019673901174266636 0.0097895297581459314 0.00050969557060711538 0.0052071008146138409 -0.016873067266225988 -0.018418627853213018 -0.021322539653135214 0.21582610604739272 0.00894465716514827 0.0097638584199995198 0.036441159912965808 0.019678364091760943 0.0061256524595237902 -0.0079217658199344145 0.12273548762605882 -0.032998112837569836 0.040858629513424165 0.0052462292008392999 0.054384779476408511 0.011797037227345554 0.0037217742771845442 0.011508063019791154 -0.018838330327461811 0.012174370040522459 0.17448629986270198 0.023082158839333157 0.0017894990808660746 0.059268224282931208 0.16216263806100126 -0.027031341731205555 -0.0028285593694878262 -0.043012618706615074 0.091146566754498989 -0.031713030976157984 0.036442782143926419 -0.045999439580692157 -0.013390416505528892 0.018141874844957485 -0.045875194807074082 -6.8377972488591974e-05 0.034736019710470571 0.0022748204249294934 -0.0033171478042800838 0.14902904121152377 -0.013667034516938965 0.010101118807447206 0.017793545095163992 0.010565098836628064 0.029186649352419131 -0.03579396265823992 0.0033271083535457617 0.0044736361184145156 0.0073002522834860377 0.20310103212161001 0.007106909225259206
leaf_weight=1330063.2801457494 355170.73060557246 261273.05730819702 175252.24356299639 14078.833798930049 48061.223865270615 62903.555409789085 25414.222425550222 18499.436546728015 132207.49805319309 823546.80445683002 1692545.2718507051 10275.30426710844 17782.350349888206 24581.013640880585 477.82004833221436 386951.2518222332 487280.5053319931 18565.403400182724 165477.25461673737 705917.63543128967 72418.063721179962 638.79853248596191 7218.6471719741821 17102.977786540985 509204.21487569809 4740.3350429534912 508500.51010084152 394002.29141235352 1732776.0128364563 31950.592895507812 808143.48807787895 1755.9880466461182 55207.011986732483 63562.639153003693 4136.7016773223877 554.51786231994629 178914.87463924289 30956.383502721786 12332.747088909149 1449.6111452579498 15433.184355735779 3680.5834045410156 166508.13912473619 27346.017154932022 238167.7692527771 6826.9778690338135 60436.546388626099 23225.54564666748 274809.98584145308 141307.5956454277 404.21321392059326 180751.60268199444 49518.138366937637 151914.90909206867 489724.63179647923 76180.25049829483 3904.0845804214478 742893.98533844948 860764.22288131714 103149.83076953888 201.67319107055664 122969.86321812868
leaf_count=6261017 533635 29526 615098 59411 1953 56589 98437 21394 5684 120909 167980 27264 37349 1105 13 40368 59583 768 2617 31364 3300 8 107 935 23393 194 10149 3884 15599 229 8328 35 1980 2306 47 10 475623 1953 420 48 277 23 702477 891 858 131 611 172 156969 101526 26 138187 2151 6679 17059 2300 63 83603 21111 1986 2 72599
internal_value=-0.000592228 0.00647282 -0.0479964 -0.0515102 0.00763826 -0.0056666 -0.0246643 -0.0126279 0.00604701 0.00495695 0.00338025 -0.0528602 0.00100394 -1.43287e-06 0.000634581 0.00687978 0.00944741 0.00284645 0.0122772 0.0090401 0.00229046 -0.0101204 0.00506836 0.00945926 0.00595863 0.009978 0.00780589 0.011063 0.0125546 0.00867285 0.00940404 0.0868518 0.0172305 0.0139573 0.00530184 0.0244656 -0.0322947 0.00319375 -0.0108607 0.00137533 0.00438391 -0.0185884 -0.0531073 0.00481049 0.0123097 -0.0111916 0.0114858 0.012799 -0.00228365 -0.004748 0.00282102 -0.00912591 0.0100092 0.00799266 0.0128329 0.0216681 0.0164508 0.00525102 0.0056526 0.0123638 0.00523069 0.00250296
internal_weight=1.4932e+07 1.29952e+07 1.93679e+06 1.58262e+06 1.18569e+07 1.13832e+06 75774.8 50360.6 6.32761e+06 4.63836e+06 2.54857e+06 1.50685e+06 36281.8 848606 824025 2.08979e+06 932596 279838 652758 1.68925e+06 212091 79883.8 1.69997e+06 5.52929e+06 713621 4.81567e+06 1.60414e+06 3.21154e+06 1.97744e+06 1.2341e+06 1.20215e+06 6496.32 140564 123461 67699.3 55761.5 354167 573057 44738.7 32406 528318 19113.8 1.49657e+06 1.15719e+06 1.97094e+06 79245 592163 531726 783147 508337 186278 322059 1.47716e+06 861737 615423 125698 155819 1.12985e+06 1.01198e+06 151211 1.69275e+06 185873
internal_count=10030313 1732243 8298070 7207349 672712 1059531 216591 118154 576211 507472 290116 6990758 58743 122027 120922 217356 92494 30294 62200 68739 9123 3439 168089 96501 31392 65109 35982 29127 16686 12441 12212 229 5278 4343 2353 1990 1090721 26114 2421 2001 23693 300 6963494 124862 16457 3431 10932 10321 525896 368927 129214 239713 59616 38106 21510 4451 6742 123971 25050 3939 167982 129188
is_linear=0
shrinkage=0.05


Tree=45
num_leaves=63
num_cat=0
split_feature=15 15 15 14 2 15 2 15 26 25 2 14 2 13 24 20 14 14 24 9 20 2 3 2 2 14 15 21 28 27 8 17 10 15 25 2 0 9 17 21 25 24 17 19 8 0 23 10 13 2 21 15 27 25 26 24 2 2 2 27 9 10
split_gain=1.87856e+06 70210.8 39442 23252.6 18520.4 16252.4 10520.4 7001.38 5345.96 9299.76 5265.93 12172.9 14642.5 7946.15 5223.71 4516.31 4365.02 3945.03 4771.72 4169.97 6139.39 3838.58 8157.28 8540.67 3714.58 4664.64 3709.28 3665.19 3361.48 6546.09 6405.23 7323.27 3291.99 3211.46 3204.36 3148.66 3099.85 8856.94 7706.84 5580.46 5024.78 4248.5 3637.87 3408.34 4599.91 3079.85 5974.65 8703.21 4415.92 13052.3 3059.25 2997.11 2915.47 2873.09 4872.22 5072.49 3691.96 5076.22 3945.96 2819.95 2808.65 2926.65
threshold=0.17522012821503055 1.4321105681845008 0.035869709182418504 17615.500000000004 2.5000000000000004 18.339211070765078 1.5000000000000002 0.42042820008430526 1.0000000180025095e-35 5.839099884033204 2.5000000000000004 15361.000000000002 1.5000000000000002 1.0000000180025095e-35 1.3500000238418581 1.0000000180025095e-35 17670.500000000004 16031.500000000002 98.483333587646499 -0.22252093395631442 425.50000000000006 2.5000000000000004 4.5000000000000009 4.5000000000000009 1.5000000000000002 17655.500000000004 0.083521582825527144 9.5000000000000018 278.50000000000006 42.105669021606452 -0.8783796973249266 78.500000000000014 -0.24999999999999994 0.012380069276277475 0.18898614739282496 10.500000000000002 10.500000000000002 -0.22252093395631442 591.00000000000011 344.50000000000006 50.894615173339851 3.0833332538604741 1828.0000000000002 1577.0000000000002 1.0000000180025095e-35 18.500000000000004 0.17857143282890323 0.93301270189221952 -0.60355339059327384 3.5000000000000004 1176.0000000000002 0.0020181655262300428 0.2794183492660523 2.2519273757934575 1.0000000180025095e-35 18.716667175292972 2.5000000000000004 4.5000000000000009 1.5000000000000002 154.69250488281253 -0.22252093395631442 -0.24999999999999994
decision_type=2 2 2 2 2 2 2 2 2 2 2 2 2 2 2 2 2 2 2 2 2 2 2 2 2 2 2 2 2 2 2 2 2 2 2 2 2 2 2 2 2 2 2 2 2 2 2 2 2 2 2 2 2 2 2 2 2 2 2 2 2 2
left_child=2 7 3 10 6 8 -5 -2 15 17 11 -1 -13 51 27 21 28 18 -10 20 -19 24 32 -24 -3 -26 -4 35 29 30 31 -7 -23 -12 52 -11 37 42 39 41 -41 -38 -18 44 -40 48 59 -48 49 -30 -50 -14 -8 54 55 56 58 -58 -9 -47 -16 -62
right_child=1 5 26 4 -6 16 34 53 9 14 33 12 13 -15 60 -17 36 19 -20 -21 -22 22 23 -25 25 -27 -28 -29 45 -31 -32 -33 -34 -35 -36 -37 38 -39 43 40 -42 -43 -44 -45 -46 46 47 -49 50 -51 -52 -53 -54 -55 -56 -57 57 -59 -60 -61 61 -63
leaf_value=-0.053047140689133167 -0.015269244592165707 -0.0028844551252196985 -0.03738228867248776 -0.055173973837803092 -0.049923145838481148 0.039083678351234163 0.025218379532981131 -0.01952886661452502 -0.0089420835067266988 0.011635682133362142 -0.055133644012798078 -0.054472588991958407 0.025489682956367384 -0.027532104945468247 0.0071911388015659383 -0.0026517664552486407 0.0003354481013707168 0.004043698638457589 0.21762391734206774 -0.0028538857580070656 0.21507506263972892 0.010769026628175901 -0.0036608661758974893 0.032285810535516817 0.015714435374429184 0.040186568912444313 -0.026927789213663525 0.066355678546726804 0.011438102859927725 -0.00084027188803306382 0.0092346237046098938 0.20289512922244468 -0.0033878091324411504 -0.047365289797973331 -0.054782724332891733 0.049230685054101733 0.073782362176129337 0.018198346997041401 -0.018043966560717734 0.019035809949125855 -0.0064529865606192758 0.012069052484338384 0.013892342611544229 0.031783534976467819 0.0049043201163925867 0.015080588312614213 0.0043781596649094421 -0.021455538851341199 0.0087192465655522161 0.0035190079160371812 0.015488316675693746 -0.028670905307665241 0.18782578491601468 0.0003931627611758087 -0.011560230691292103 0.24169877695602071 -0.022113770679257842 0.0015987671537054612 0.019212118668549803 0.046178449535639279 0.0071686789228218341 0.00063963796606040081
leaf_weight=202185.77352970839 241128.67839717865 17169.501836538315 184339.40520223975 5303.3671315908432 25990.840252384543 11946.894291877747 21767.851274207234 8113.9368763267994 143516.63452810049 36638.436874032021 1005840.5510044694 34881.336729392409 13930.642397478223 28695.133146688342 667085.51754176617 71830.050922989845 133961.63877487183 382479.89562666416 232.66989994049072 453164.38235270977 344.85621881484985 64279.823607563972 23918.848606348038 53445.201073765755 72255.974314451218 26656.320915579796 157209.06106844544 4185.1638506650925 800862.73170232773 268693.18820571899 58608.54983997345 723.52391624450684 113700.13833975792 153338.12414354086 1257.3497346639633 6567.8195098638535 2802.280891418457 362876.20952415466 46742.860052108765 25631.035148620605 78721.641583442688 577214.74726200104 78471.247268676758 5949.3028793334961 40981.867519378662 46429.420021533966 486881.10761404037 34941.747656822205 4614152.1289768219 1485407.475230217 173182.62976932526 3127.6790709346533 279.10532978177071 167522.41345053911 257473.1065979898 216.2492983341217 32263.724869966507 75114.344412356615 34601.800505340099 8647.9058132171631 254910.08498179913 525412.96907389164
leaf_count=981816 414936 6236 675805 23239 116824 538 16343 10025 46177 9627 5002699 166030 33077 103467 99185 15399 2023 93602 7 125948 12 16493 5957 12493 14191 2635 434892 867 21471 10328 3345 17 31394 688749 2667 1673 89 2847 408 288 738 9628 144 24 294 2206 17562 1689 94070 52012 1244 11505 226 130438 253510 37 33366 73908 21955 205 42779 88954
internal_value=-0.000572013 0.00608029 -0.0479019 -0.0514008 -0.0193715 0.00702563 0.00838547 -0.00811726 0.00376809 0.00286228 -0.0526135 -0.0464963 -0.0300703 -0.0114663 0.00534382 0.00882489 0.00804286 -0.000923845 -0.00857518 0.000391806 0.00423387 0.0110444 0.00761715 0.021172 0.0185832 0.0223096 -0.0325703 0.0216786 0.0075981 0.0027332 0.0162038 0.0484398 0.00172509 -0.054106 0.0228501 0.0173507 0.0106688 0.0134516 0.00861106 0.0104521 -0.000192385 0.0123672 0.0053433 -0.00483951 -0.00732329 0.00781429 0.00430142 0.0026483 0.00810079 0.00629301 0.00896412 0.0155588 0.027278 -0.00511963 -0.00738436 -0.000231289 -0.000580046 -0.00552607 0.011853 0.0199636 0.00480898 0.0027725
internal_weight=1.49162e+07 1.30781e+07 1.83815e+06 1.4966e+06 54598.5 1.22616e+07 28607.7 816434 2.91779e+06 2.47454e+06 1.442e+06 282821 80634.8 45753.5 1.4948e+06 443256 9.34383e+06 979738 143749 835989 382825 371426 255344 77364 116082 98912.3 341548 47391.4 7.99048e+06 339972 71279 12670.4 177980 1.15918e+06 23304.3 43206.3 1.35335e+06 575309 778044 684370 104353 580017 212433 93674 87724.7 7.65051e+06 576900 521823 7.0736e+06 2.28627e+06 4.78733e+06 17058.3 22047 575306 407783 150310 150094 107378 42715.7 55077.3 1.44741e+06 780323
internal_count=10030313 1772974 8257339 7146642 159299 834799 42475 938175 613629 508831 6987343 1295895 314079 148049 243085 104798 221170 265746 46184 219562 93614 89399 66337 18450 23062 16826 1110697 12167 204687 14228 3900 555 47887 5691448 19236 11300 16483 5014 11469 10743 1026 9717 2167 726 702 190459 21662 19251 168797 73483 95314 44582 16569 523239 392801 139291 139254 107274 31980 2411 230918 131733
is_linear=0
shrinkage=0.05


Tree=46
num_leaves=63
num_cat=0
split_feature=15 15 15 14 10 15 11 26 25 11 11 12 24 11 11 11 0 24 24 0 17 8 11 19 24 15 11 14 10 11 13 22 19 10 19 10 28 23 26 25 25 23 24 21 26 20 21 8 15 21 18 21 13 20 11 8 4 11 8 18 18 1
split_gain=1.76471e+06 63194 40390.5 23400.5 17513.4 15425.8 9877.38 5879.04 8481.91 5785.76 10553 6711.22 6653.6 6141.07 9254.89 5082.19 4836.06 4606.04 4591.4 4444.08 6805.26 4382.91 5806 4359.51 4282.37 4697.05 4186.25 4095.59 8857.66 19146.4 7299.21 3950.69 5434.57 7355.36 7300.33 5413.62 4931.72 5323 8838 7870.74 7418.17 6986.42 4338.31 4001.04 3888.3 3842.12 3840.85 3778.73 3691.39 3687.38 3683.95 3441.97 3466.44 3436.37 3946.21 11116.9 11289.3 8557.45 4819.6 3280.18 3030.36 2942.43
threshold=0.17522012821503055 1.2680549082273567 0.035869709182418504 17615.500000000004 0.68301270189221941 16.464952505732072 0.25000000000000017 1.0000000180025095e-35 5.839099884033204 0.6830127018922193 0.25000000000000017 -0.9159756150367534 0.050000002607703216 -0.5 -0.9330127018922193 1.0000000180025095e-35 14.500000000000002 1.0500000119209292 1.0000000180025095e-35 19.500000000000004 3.5000000000000004 1.0000000180025095e-35 0.25000000000000017 8.5000000000000018 18.716667175292972 1.1340824205799658 -0.68301270189221952 15313.000000000002 0.68301270189221941 0.25000000000000017 1.0000000180025095e-35 76.214286804199233 1.0000000180025095e-35 -0.6830127018922193 391.00000000000006 0.93301270189221952 1194.5000000000002 179.96428680419925 245.14466857910159 50.894615173339851 66.182456970214858 704.42858886718761 252.59999847412112 1512.0000000000002 1.0000000180025095e-35 3530.5000000000005 255.50000000000003 -0.8783796973249266 0.073064127129388673 1.5000000000000002 41.500000000000007 2551.0000000000005 -0.9159756150367534 1.0000000180025095e-35 -0.68301270189221952 0.87837969732492682 1.0000000180025095e-35 0.25000000000000017 1.0000000180025095e-35 1871.0000000000002 30.500000000000004 2024.5000000000002
decision_type=2 2 2 2 2 2 2 2 2 2 2 2 2 2 2 2 2 2 2 2 2 2 2 2 2 2 2 2 2 2 2 2 2 2 2 2 2 2 2 2 2 2 2 2 2 2 2 2 2 2 2 2 2 2 2 2 2 2 2 2 2 2
left_child=2 9 3 27 -5 7 -6 53 15 10 12 -12 -2 14 -14 23 18 21 61 20 -18 60 -23 -9 50 -26 -25 -1 -29 -30 -31 36 45 -34 35 -35 -7 38 42 41 -40 -39 -38 -36 -16 51 -47 -21 -4 -11 -15 52 -33 54 55 56 -3 -56 -59 -53 -10 -13
right_child=1 5 48 4 6 31 -8 8 17 49 11 16 13 24 44 -17 19 -19 -20 47 -22 22 -24 26 25 -27 -28 28 29 30 -32 32 33 34 43 -37 37 39 40 -41 -42 -43 -44 -45 -46 46 -48 -49 -50 -51 -52 59 -54 -55 57 -57 -58 58 -60 -61 -62 -63
leaf_value=-0.053993575430118138 -0.027753256940327365 -0.0013327758870495662 -0.037685193196231037 -0.04960960344444508 -0.055201798279877361 0.0057097310853554562 0.02133483700371858 0.00014359940226867299 0.0031308051554738772 -0.017834857189060496 -0.023593918986392834 -0.035703920623995238 -0.018981690508620912 -0.01691542489290981 0.016334700101315217 -0.0051909162046979091 0.041838169255837054 0.00441913597516952 0.002159762947607296 0.074628864079833657 0.1623119389921657 -0.00047692669751517482 0.066803973869673725 0.0030937594964710333 0.37493685711442981 -0.055461449278054235 0.026477097747182095 -0.053325459821217371 -0.054017131231357499 0.013915382301180496 -0.027078440410183181 0.0011390335681399257 0.0024348853668115442 0.01293969098540964 0.0074269324213965902 0.023111365396743858 0.0097946456123989192 0.00049222922323025249 0.020585688933752296 -0.034249843697860931 0.063968045499649739 0.069528750574047574 -0.021473710627097072 0.016349434039603882 -0.00093417877174223568 0.010697102146672374 0.050071898046670504 0.0013692292497852203 -0.027086776870482179 0.0086044184237444084 0.064877127431774567 -0.022436589588331377 0.0075644931876119705 -0.001620223100105012 -0.0063851396757728177 0.063493366668694359 0.038273771445018673 0.01934264159741618 0.0033057636518221199 0.023834869231114185 0.26119471743908201 0.075549525678701601
leaf_weight=1046457.9760858268 42295.869741559029 51058.046247124672 149066.91504828632 24780.631708338857 5127.80728559196 3781633.0308282375 23689.589029073715 438604.03136277199 14331.538516759872 177597.50162652135 12899.329340070486 715.99763426184654 67309.591814130545 134371.38891202211 39914.968451321125 447589.97260731459 11180.741624444723 1318726.3607478142 47777.166114926338 2089.2291094660759 1309.4515589773655 4830.5857790708542 9536.4200447797775 45476.726481318474 145.72145175933838 112.06660914421082 33051.814445853233 221240.07512120903 61848.005826830864 17570.162239685655 28426.803898558021 229133.44178199768 258243.75351524353 723686.39376735687 925604.9287443161 159674.56665611267 719996.23030853271 45672.02437210083 63860.517199516296 16044.926183700562 11652.045860290527 3984.3067932128906 11266.437801361084 145378.6861000061 177778.05724477768 15737.701160430908 10212.84545135498 11173.997818082571 183056.52291938663 14244.812358021736 1390.7881525158882 17856.241065979004 2501006.4108476639 69000.875250041485 78653.183447480202 12433.838018357754 27780.779139816761 120733.64313989878 76559.735742986202 4875.7994918823242 114.56847202777863 3494.0080756247044
leaf_count=5411292 73476 13880 575485 117321 22742 147561 19236 130868 4093 240192 15211 1113 83271 161469 42966 137859 9399 229100 45270 1367 548 1404 2171 10229 7 41 6940 1120147 304600 45994 105310 4929 2955 9953 6916 2303 29065 379 930 130 153 9 106 297 194064 39 16 8951 535212 16626 568 89 35403 16196 23093 2738 6104 29652 20442 13 9 2411
internal_value=-0.000552375 0.00574727 -0.0475505 -0.0512006 -0.0187883 0.00659785 0.00771548 0.00329336 0.00228894 -0.00838812 -0.00579648 0.00980617 -0.00884887 -0.00694972 -0.00277797 -0.0012901 0.0153483 0.00485124 0.00657081 0.0330666 0.05447 0.0246276 0.0441821 0.00208613 -0.0156907 0.187864 0.0129356 -0.0524635 -0.0475982 -0.0358488 -0.0114193 0.00753947 0.0085166 0.0103655 0.0114135 0.0147783 0.00649152 0.00988008 0.0109946 -0.00380537 0.02728 0.00603179 0.00931289 0.00863811 0.00223213 0.00704441 0.0261934 0.01291 -0.0318437 -0.0158716 -0.0160774 0.00686389 0.00702522 0.00861742 0.0105411 0.0195535 0.0126235 0.00756011 0.0131196 -0.0125115 0.00517959 0.056627
internal_weight=1.49011e+07 1.31398e+07 1.76126e+06 1.42914e+06 53598 1.2394e+07 28817.4 2.74848e+06 2.31226e+06 745801 553958 90639.9 463318 421023 285003 964723 77740.6 1.34754e+06 51987.2 25753.4 12490.2 28813.1 14367 517133 136020 257.788 78528.5 1.37554e+06 329085 107845 45997 9.64552e+06 4.99141e+06 2.21259e+06 1.95434e+06 883361 4.65411e+06 872476 806775 65701.3 75512.6 49656.3 731263 1.07098e+06 217693 2.77882e+06 25950.5 13263.2 332123 191842 135762 2.75287e+06 2.73014e+06 436220 367219 91272.7 78838.8 275947 197293 22732 14446.1 4210.01
internal_count=10030313 1772974 8257339 7146642 159299 876024 41978 634778 522673 896950 640132 84270 555862 482386 320301 285896 69059 236777 48794 20265 9947 7677 3575 148037 162085 48 17169 6987343 1576051 455904 151304 241246 62913 22424 19469 12256 178333 30772 30254 518 1083 388 29171 7213 237030 40489 55 10318 1110697 256818 162037 40434 40332 112105 95909 22722 19984 73187 50094 102 4102 3524
is_linear=0
shrinkage=0.05


Tree=47
num_leaves=63
num_cat=0
split_feature=27 16 16 27 2 11 16 25 14 13 11 23 16 12 8 27 13 16 19 21 14 14 0 16 19 3 12 13 13 13 27 25 21 23 26 3 0 23 6 11 10 11 21 23 11 18 17 14 2 2 14 0 11 19 2 11 21 9 0 10 23 10
split_gain=1.49801e+06 98697.1 60421.4 29551 29221.1 15967.3 13478.6 10611.4 10977.9 9965.08 8570.1 7648.01 7578.65 6419.45 6453.25 5850.12 5833.55 6312.1 5564.49 5207.18 5026.39 5000.11 5787.99 4927.99 4736.61 7221.54 7170.43 4720.16 4716.09 5259.4 4709.62 4670.38 4650.85 5618.56 4665.75 6699.03 4416.84 4385.1 4354.04 4312.87 4166.97 4144.74 5340.41 5314.84 5052.86 4495.67 4279.24 3925.78 5389.38 5337.73 4384.1 3895.43 3891.62 3865.34 3749.97 5002.76 3546.87 3409.81 3262.73 3850.33 4356.03 3230.6
threshold=0.50571158528327953 0.19518098691156846 1.0703238949897103 1.0000000180025095e-35 2.5000000000000004 0.6830127018922193 0.11672020922785449 29.482440948486332 17651.500000000004 0.25881904510252057 0.6830127018922193 0.10714286193251611 4.778097130446838 0.78656609248549325 -0.8783796973249266 1.0000000180025095e-35 0.1294095225512602 17.449615571293052 411.00000000000006 2811.0000000000005 13927.000000000002 16031.500000000002 8.5000000000000018 5.4862023756871183 16.500000000000004 5.5000000000000009 0.60355339059327384 -0.9159756150367534 -0.5 -0.12940952255126037 351.83287048339849 1.8771384358406069 693.50000000000011 704.42858886718761 542.64111328125011 3.5000000000000004 18.500000000000004 1.0000000180025095e-35 1.0000000180025095e-35 -0.5 0.93301270189221952 0.6830127018922193 1512.0000000000002 529.92858886718761 -0.9330127018922193 995.50000000000011 430.50000000000006 15313.000000000002 2.5000000000000004 1.5000000000000002 17602.500000000004 5.5000000000000009 -0.9330127018922193 898.50000000000011 2.5000000000000004 0.6830127018922193 1015.0000000000001 -0.56174490092936669 18.500000000000004 0.68301270189221941 445.07142639160162 0.93301270189221952
decision_type=2 2 2 2 2 2 2 2 2 2 2 2 2 2 2 2 2 2 2 2 2 2 2 2 2 2 2 2 2 2 2 2 2 2 2 2 2 2 2 2 2 2 2 2 2 2 2 2 2 2 2 2 2 2 2 2 2 2 2 2 2 2
left_child=1 3 6 47 5 16 39 8 10 12 18 19 15 31 -15 -6 57 -18 -4 54 -5 -12 30 -7 27 41 -27 -9 -14 -30 -23 37 33 36 56 -36 -13 40 -16 52 -8 44 43 -43 46 -44 -26 -1 49 -49 -51 -52 -2 -46 55 -10 -34 -3 -29 -60 -61 -22
right_child=2 4 7 20 9 23 13 24 11 -11 21 32 28 14 38 -17 17 -19 -20 -21 61 22 -24 -25 25 26 -28 58 29 -31 -32 -33 34 -35 35 -37 -38 -39 -40 -41 -42 42 45 -45 53 -47 -48 48 -50 50 51 -53 -54 -55 -56 -57 -58 -59 59 60 -62 -63
leaf_value=-0.053952272176490346 -0.027792322064834521 0.061352351877673732 0.0041302288138857805 -0.042373632660097499 -0.035101721379921888 -0.030052039632177868 0.0018484785571027198 0.0021972241275648335 0.021962687877047068 -0.041676043858888422 -0.014364269034149403 0.0060899929781587179 -0.018671041252350244 -0.016621444764729716 0.007934416598770198 -0.0088127498092428359 -0.0068246418722054591 0.055064931832376089 -0.02110138012034667 0.15945694440372526 -0.025354119635489974 0.0079445602477728576 -0.0036314552498411725 0.0026842497934750006 0.011657971102690437 -0.0023800923239843111 0.014282451267539504 0.0075590722065628129 0.044805453598261845 -0.011202105758723081 0.054372136078717138 -0.0010978124731401153 0.029719282430344763 0.062919087569454385 0.0060248512291364393 0.099862055721004567 -0.00091551251814234354 -0.012764858574905572 -0.0146053675994241 -0.025232222306026082 -0.02813411287510716 0.0140057091235255 0.045809427523208435 0.0023886726351461073 0.0089120476922337107 0.016178536964242787 0.026525328256202459 -0.048012967722835045 -0.050842746113153758 -0.025048185454881796 0.014808554329701485 0.17325504857594631 -0.0021218703029207485 0.0029444299037720578 0.0093299674891954478 -0.0097178398984135144 -0.0070010400195419393 0.023920256505592274 0.0056715372111272935 -0.0061874391374489371 0.14017666317890815 -0.045536438683734914
leaf_weight=933694.00558808446 20446.118801057339 8324.4519985169172 1585632.9491960108 106539.73495049775 73640.125123530626 34205.891436159611 107549.44715213776 554190.35670375824 136529.5012255013 97760.854689791799 87343.447721749544 1276342.7741077542 17361.835215002298 36679.27349050343 228747.07321770489 29696.657211586833 25528.624678775668 4912.5173812508583 22156.392470121384 604.88433837890625 134835.38373124599 64541.321330904961 411131.46681982279 17315.223739877343 240600.63614040613 239978.51632797718 88330.838443040848 3831803.2026873231 8915.6990521848202 7910.4841006398201 5967.2721405029297 294889.4934771657 15089.898243904114 4177.4485473632812 3440.6089458465576 4253.2982063293457 273143.75868734717 283879.63373284042 23639.562483772635 99203.000602468848 12987.660537451506 561699.07118952274 21899.243755340576 119381.90280914307 1211416.1523793936 30813.970985412598 60588.030958652496 29276.216263741255 194380.69035947323 23260.641116604209 3119.8164126724005 442.91145165264606 53126.690622508526 349674.9485168457 288542.3254147917 13712.66585752368 11655.283813476562 22607.384582236409 310214.75499981642 102999.32659584284 510.76795196533203 23247.766144156456
leaf_count=5070805 48332 6477 298903 466779 238025 92773 90959 25423 6279 367705 24700 80728 9550 18978 95864 44623 43013 1235 637 2 449361 7865 80855 7743 4534 5202 1032 102040 1916 3006 56 184237 278 9 26 23 37123 305376 14467 217001 22769 10259 44 370 24701 42 366 143382 991064 101824 7324 754 107508 1833 22228 980 184 22655 15648 5864 6 96568
internal_value=-0.000533329 -0.043341 0.00534346 -0.0490854 -0.0194379 0.00147324 -0.00554459 0.00640334 0.00438198 -0.0294715 0.00191617 0.00702934 -0.0207957 -0.00329226 0.00297522 -0.0275469 0.018702 0.00316293 0.00378252 0.0128675 -0.0339795 -0.00335759 -0.00136156 -0.0190499 0.00750358 0.00908983 0.00210291 0.00653711 -0.000389147 0.0184744 0.011874 -0.005883 0.00541404 0.00501119 0.023588 0.0579006 0.00485506 -0.00937221 0.00582322 -0.0184291 -0.00138207 0.00997342 0.0131561 0.0119694 0.00871934 0.0284886 0.0146488 -0.0524611 -0.0469026 -0.0332501 -0.017137 0.034512 -0.00925587 0.00757534 0.0126654 0.0190712 0.0137168 0.0339944 0.00710361 0.00288526 -0.00546503 -0.0283222
internal_weight=1.48865e+07 1.79698e+06 1.30895e+07 1.4488e+06 348180 112894 1.16115e+06 1.19284e+07 4.20427e+06 235286 2.17677e+06 2.02749e+06 137525 988372 289066 103337 61373 30441.1 1.60779e+06 439389 264623 568984 481640 51521.1 7.7241e+06 2.92438e+06 328309 4.79972e+06 34188 16826.2 70508.6 699306 1.5881e+06 1.55366e+06 34439.1 7693.91 1.54949e+06 404417 252387 172776 120537 2.59607e+06 733794 681081 1.86228e+06 52713.2 301189 1.18417e+06 250480 56099.6 26823.4 3562.73 73572.8 1.56109e+06 438784 150242 26745.2 30931.8 4.24553e+06 413725 103510 158083
internal_count=10030313 8166582 1863731 7327861 838721 173896 1105491 758240 560876 664825 413016 147860 297120 732650 129309 282648 73380 44248 299540 29489 1012708 113476 88776 100516 197364 48383 6234 148981 14472 4922 7921 603341 118371 117860 511 49 117851 419104 110331 372841 113728 42149 10715 10629 31434 86 4900 6315153 1244348 253284 109902 8078 155840 26534 29487 7259 462 29132 123558 21518 5870 545929
is_linear=0
shrinkage=0.05


Tree=48
num_leaves=63
num_cat=0
split_feature=24 16 16 2 24 11 16 16 13 12 21 0 8 28 12 13 2 2 0 10 0 11 13 3 25 13 16 6 16 24 13 14 11 28 28 14 17 28 21 23 28 14 2 2 10 0 8 10 23 17 2 13 0 13 11 13 24 11 24 14 0 11
split_gain=1.38044e+06 103399 63052.4 27564.6 26695.1 14804.1 13977.3 11895 10503.9 7928.73 7114.34 6458.28 8102.86 5706.15 6103.96 5524.31 26361.6 27127.4 35209.5 22210.1 10793.5 9292.01 9796.5 5574.05 5478.43 5227.8 5788.67 5054.81 4994.82 8268.45 5665.16 4963.39 4952.65 4545.66 4305.38 4224.53 3965.68 3945.22 3885.6 3832.6 3794.81 3606.44 4777.54 4645.12 3479.81 3464.84 7295.1 5389.24 5632.22 3750.41 3705.73 21283.4 21588.5 18921.3 13750.6 13130.9 5047.44 3411.16 3370.96 3270.99 3908.4 3177.11
threshold=0.11666667088866235 0.16717038771754847 0.72480142848346785 2.5000000000000004 1.0000000180025095e-35 0.6830127018922193 0.091896101709185843 22.844017155724785 0.25881904510252057 0.78656609248549325 1.0000000180025095e-35 19.500000000000004 -0.8783796973249266 392.50000000000006 -0.9159756150367534 -0.5 3.5000000000000004 1.5000000000000002 14.500000000000002 0.68301270189221941 13.500000000000002 1.0000000180025095e-35 -0.37940952255126015 3.5000000000000004 1.5039421916007998 0.91597561503675351 44.580369788364791 1.0000000180025095e-35 1.5250988836456381 1.0000000180025095e-35 -0.60355339059327384 13927.000000000002 -0.5 1207.5000000000002 278.50000000000006 14940.000000000002 1201.0000000000002 511.50000000000006 1.0000000180025095e-35 1.0000000180025095e-35 307.50000000000006 15313.000000000002 2.5000000000000004 1.5000000000000002 0.93301270189221952 18.500000000000004 -0.8783796973249266 0.93301270189221952 51.178571701049812 568.50000000000011 3.5000000000000004 -0.37940952255126015 14.500000000000002 -0.5 0.6830127018922193 -0.78656609248549325 3.8166666030883794 1.0000000180025095e-35 1.0000000180025095e-35 17580.000000000004 5.5000000000000009 -0.68301270189221952
decision_type=2 2 2 2 2 2 2 2 2 2 2 2 2 2 2 2 2 2 2 2 2 2 2 2 2 2 2 2 2 2 2 2 2 2 2 2 2 2 2 2 2 2 2 2 2 2 2 2 2 2 2 2 2 2 2 2 2 2 2 2 2 2
left_child=1 4 6 5 41 25 -2 11 10 24 28 15 -13 14 40 16 17 36 -19 -17 23 -21 -23 -18 39 26 35 -11 29 -5 -30 -6 -14 -22 -9 -3 -4 -32 -15 61 -7 -1 43 -43 -33 50 -47 49 -49 -48 51 52 -36 55 -53 -52 -55 -41 -10 -45 -61 -8
right_child=2 3 7 8 31 13 9 34 58 27 -12 12 32 38 -16 19 20 18 -20 21 33 22 -24 -25 -26 -27 -28 -29 30 -31 37 44 -34 -35 45 -37 -38 -39 -40 57 -42 42 -44 59 -46 46 47 48 -50 -51 53 54 -54 56 -56 -57 -58 -59 -60 60 -62 -63
leaf_value=-0.053876504853577527 -0.021682388271923161 -0.043032678192155976 -0.0057109274611135165 -0.041522787115962211 -0.042171189901799321 0.0070910506041150156 0.011593928263600202 -0.0040824593332588156 -0.04579806737214609 0.0050867406241405467 0.014209549604127378 0.016402626879000581 0.00089718614357535322 -0.033581347878889188 -0.010698196953415534 0.0088180875361651093 -0.00095947929488281961 0.0067400425064741811 0.031316273123617948 0.006565643447977095 -0.0072786722341589647 0.0059596558595457778 -0.0089824912870795203 0.0065840665730538418 -0.0022876239312121516 -0.01840677247108673 0.1041880889160358 -0.019900810649276519 -0.029353898938855344 -0.0095852083753769426 0.035813435713621951 -0.023581121957103744 -0.014926710202346065 0.0035567797493493572 0.0093309538546849351 0.022244345645021021 0.26925675982127661 -0.0076020722943885635 0.027878887895006494 -0.010522737534348535 0.10958517708135312 -0.047961206376075316 -0.050735409718965001 -0.026059730985824772 -0.046045532225274452 0.014468140229913898 0.0042766142873077303 -0.0042215393157211401 -0.042605388265926802 -0.018277243537212183 0.0070791868611645966 -0.00336719294883069 0.024309494115351011 0.06105281427680586 0.011311750630305508 -0.0021646708446287151 0.0097866099946571205 -0.023062182834570302 -0.022707725158290813 0.0025539348308976249 0.14037883803487344 -0.0097445527287990438
leaf_weight=884940.34866882861 150642.99687615037 2604.3821129649878 211795.92225861549 59180.935658767819 95681.453148886561 1646.1438544243574 24059.86604487896 81215.316338598728 80821.676835224032 210063.26389546692 13541.004922300577 41306.128390967846 88762.016217753291 35842.375117078424 11778.172501474619 2084560.0975728482 514169.82868176699 430748.53625479341 220257.77335605025 274522.60958230495 585579.05981460214 153259.64508068562 385895.85723367333 467575.01084089279 213756.29633289576 9210.8452426195145 2075.1984878182411 22397.220560207963 20546.328213587403 30819.977726384997 7736.1139354109764 108655.47019231319 111641.61608456075 115959.68598514795 765568.84460920095 51245.993036404252 131.10806274414062 16168.922648072243 2770.2487067580223 118530.61107824743 2000.9276366084814 26795.233610779047 178242.14350022376 20903.433409929276 20490.331833645701 148600.25189954042 591176.41714552045 43325.275367885828 12261.875697612762 19025.193440914154 824758.4690990448 385977.99977707863 350787.26753282547 4810.9256690740585 271949.44400620461 719154.29779195786 2357774.6450462341 99989.74101960659 19650.766719758511 3546.2020289450884 601.56618604063988 63436.237404927611
leaf_count=5046190 378006 9483 34339 232056 439337 2261 23518 3896 338719 113672 6311 16641 37984 86799 20512 183388 85304 58543 21539 25673 88003 8143 51530 66162 173282 14113 221 18010 26330 49561 4231 380126 60587 14058 12840 58114 1 19018 1125 147845 489 137856 955344 94598 90289 6530 33325 4083 436 301 23312 4689 4575 131 2300 14890 19870 137568 57073 10242 1276 73665
internal_value=-0.000514438 -0.0428123 0.0049714 -0.0193232 -0.0492574 0.00044541 -0.00778064 0.00591031 -0.028805 -0.00499666 -0.0203343 0.00423557 -0.00376181 -0.0189023 0.00680376 0.00459062 0.00289139 0.00999695 0.015055 0.00608346 -0.000751258 -0.000922359 -0.00473505 0.00263328 -0.00842958 0.0164966 0.0222452 0.0026792 -0.0238134 -0.0305861 -0.0101004 -0.0335401 -0.00791803 -0.00548764 0.00735835 0.0190872 -0.00554067 0.00644787 -0.0291717 -0.0127198 0.0633262 -0.0524265 -0.0468496 -0.0334903 -0.0271454 0.00750141 0.00445136 0.00221566 -0.0126887 0.00357341 0.00793865 0.00983356 0.0140376 0.00707801 0.00270023 0.0027734 0.00989101 -0.0162605 -0.0412821 -0.0180115 0.0225473 -0.00387679
internal_weight=1.48729e+07 1.7075e+06 1.31654e+07 367640 1.33986e+06 119174 902876 1.22626e+07 248466 752233 147993 5.68616e+06 241710 54037.9 15425.2 5.44446e+06 2.54622e+06 862933 651006 2.89824e+06 1.68328e+06 813678 539156 981745 519773 65136.4 55925.6 232460 134452 90000.9 44451.4 224827 200404 701539 6.57639e+06 53850.4 211927 23905 38612.6 306016 3647.07 1.11503e+06 230089 51846.4 129146 6.49517e+06 814389 665789 55587.2 610202 5.68078e+06 1.77428e+06 1.11636e+06 3.9065e+06 657927 1.54391e+06 2.36259e+06 218520 100472 25051.2 4147.77 87496.1
internal_count=10030313 8081674 1948639 926416 7155258 193117 1065566 883073 733299 687560 337507 751895 115212 111186 23262 636683 367949 114422 80082 268734 253527 85346 59673 151466 555878 81931 67818 131682 331196 281617 49579 909752 98571 102061 131178 67597 34340 23249 87924 382596 2750 6245506 1199316 243972 470415 127282 44675 38145 4519 33626 82607 24404 17415 58203 6989 38202 20001 285413 395792 106116 11518 97183
is_linear=0
shrinkage=0.05


Tree=49
num_leaves=63
num_cat=0
split_feature=15 15 15 16 2 15 2 15 14 2 23 26 24 16 9 21 12 8 28 0 20 20 28 8 20 0 17 2 23 26 12 21 2 19 24 15 20 8 5 2 2 2 16 2 2 9 19 21 18 2 23 0 24 8 18 15 18 26 15 26 23 15
split_gain=1.47597e+06 52003.7 33661.5 25566.4 17112.7 10552.8 10029 6550.89 5825.45 6893.76 4667.71 5907.05 4952.79 4376.22 3852.22 4554.29 3929.43 3635.61 15119.8 5997.67 8346.57 5924.73 5580.4 5172 7022.95 5035.64 5341.95 3456.9 3455.35 13012.2 3466.28 3370.08 3345.69 3531.4 3342.13 3921.23 3078.5 3077.64 3089.23 3055.17 5019.12 2948.91 10382.5 5831.28 4248.16 3530.91 2713.1 3511.08 3750.8 3748.63 4416.57 2865.26 2680.42 6066.45 5862.97 4141.66 3232.19 2687.5 2675.33 2583.89 2536.72 2536.39
threshold=0.14398343986235088 1.2680549082273567 0.029609009711065823 0.72480142848346785 2.5000000000000004 14.790695415695417 1.5000000000000002 0.3535955801104973 17629.500000000004 2.5000000000000004 1.0000000180025095e-35 3.6539905071258549 0.94999998807907116 63.976235375336096 -0.22252093395631442 9.5000000000000018 0.78656609248549325 -0.8783796973249266 511.50000000000006 17.500000000000004 154.50000000000003 3530.5000000000005 432.50000000000006 1.0000000180025095e-35 2141.5000000000005 8.5000000000000018 1573.0000000000002 1.5000000000000002 3.5357142686843877 12.835389137268068 0.37940952255126054 1.0000000180025095e-35 10.500000000000002 23.500000000000004 18.716667175292972 1.1340824205799658 1.0000000180025095e-35 1.0000000180025095e-35 1.0000000180025095e-35 7.5000000000000009 6.5000000000000009 2.5000000000000004 7.483830398850162 1.5000000000000002 1.5000000000000002 -0.56174490092936669 776.00000000000011 642.50000000000011 1674.0000000000002 1.5000000000000002 298.25000000000006 12.500000000000002 420.94999694824224 -0.8783796973249266 1059.5000000000002 165.67347240379698 2838.5000000000005 436.40840148925787 0.073064127129388673 326.82791137695318 1.0000000180025095e-35 0.010212773354657026
decision_type=2 2 2 2 2 2 2 2 2 2 2 2 2 2 2 2 2 2 2 2 2 2 2 2 2 2 2 2 2 2 2 2 2 2 2 2 2 2 2 2 2 2 2 2 2 2 2 2 2 2 2 2 2 2 2 2 2 2 2 2 2 2
left_child=2 7 3 8 6 10 -5 41 61 27 36 -12 32 46 15 -14 -16 18 25 21 -21 -20 23 59 -25 -15 -27 -10 29 -24 -30 58 33 -13 -9 -36 37 38 -3 40 -39 42 44 -44 -2 -46 52 48 51 -49 -51 -48 56 54 -54 -55 57 -7 -4 -19 -8 -1
right_child=1 5 31 4 -6 13 60 34 9 -11 11 12 14 17 16 -17 -18 22 19 20 -22 -23 28 24 -26 26 -28 -29 30 -31 -32 -33 -34 -35 35 -37 -38 39 -40 -41 -42 -43 43 -45 45 -47 47 49 -50 50 -52 -53 53 55 -56 -57 -58 -59 -60 -61 -62 -63
leaf_value=-0.053913477184505482 -0.02631581937847223 0.014169097739296628 -0.037262417801007738 -0.055367094908765097 -0.049629811956858283 0.0059565777887656121 0.016978446130420707 -0.0050258033190646017 -0.05527594533866223 -0.054270446689019869 -0.0042138649098350869 0.01254998345536092 0.0036826825859570707 -0.0013953015169235869 -0.0011239921096982892 0.015308394578689728 0.0073295799819138117 0.0020106710865905346 -0.0062810686107240684 0.02184949868959106 -0.01803102352181658 0.037468527333447257 0.016700163566203231 0.0058182518463667423 0.047527502915614722 0.025757248296162695 -0.036346877252410863 0.024471945508922677 0.0065751533818367127 0.19334861920073368 0.011251675188627085 0.00064189525453360369 0.055567864968318274 0.15079424859669868 0.33480030052637422 -0.055459749993595688 -0.0023473198811614585 0.00095005936179711967 -0.022302137087414322 -0.0092182584611675781 0.025446886564120461 -0.018126745208097979 -0.05080196848077613 0.15485796799966328 0.036613342918348293 -0.0074493409600258995 0.0023777172199822613 0.056614640840553336 0.03332929860563371 0.03181196071321836 -0.002616002776244452 -0.0096032821286613154 -0.019914664636818003 -0.021902947364974126 0.053046590416715972 0.015819124223703986 -0.0527731959726781 0.0017812592174811387 -0.027666043451760249 -0.0081510348220382462 -0.049487846600401147 -0.046773796862489392
leaf_weight=993766.63705389202 18534.616067290306 208939.62424838543 166414.39844211936 6336.5946165770292 28474.482495576143 6281117.0638434887 29233.452926546335 552591.33188921213 1700.1499542146921 9070.2388692349195 344058.89964812994 38585.306062042713 707236.94600236416 20760.688400268555 782158.28316867352 95631.862528204918 166774.30399507284 145309.09448337555 124606.9204864502 64299.701127529144 16482.752330780029 8250.8607711791992 71607.838289260864 310239.87087059021 10431.713722229004 181631.44961166382 3529.7121810913086 6768.2561122477055 1178237.8797807693 1057.7954025268555 597023.81163024902 7602.0558431297541 5588.5703141093254 467.4533509016037 154.74826574325562 110.07663428783417 66017.85635226965 73527.12037217617 5971.9315893054008 34833.843196630478 29219.225077748299 172371.26055806875 444.68868616223335 1531.1903821825981 6659.8259998857975 14327.568004399538 101926.37376022339 4440.3487205505371 7165.8023681640625 13672.29442024231 29231.435802459717 97767.312854766846 23175.005079269409 7572.1902828216553 3124.5414123535156 186233.79990386963 2364.0083618164062 410595.50059986115 128885.34814596176 109848.76166057587 1509.5211016237736 142213.38701124489
leaf_count=5935456 40255 54250 726412 30212 146785 219523 21792 561208 9449 50245 139091 11783 136959 111 166471 15008 34682 3041 1249 1100 169 9 1751 4640 42 1899 20 7951 13311 6 3246 26668 1662 90 7 42 16107 20008 2026 11764 7027 353774 748 752 11402 26921 976 27 38 152 200 1317 203 107 21 821 27 4380 423189 710 3231 777790
internal_value=-0.000496608 0.00482663 -0.0471455 -0.050852 -0.0204778 0.00559769 0.00190881 -0.00781523 -0.0525782 -0.0239812 0.00273225 0.00178801 0.00293751 0.0063301 0.00251841 0.00506746 0.000361713 0.00798994 0.0122872 0.00296853 0.0137123 -0.00356403 0.00724606 0.00294817 0.00717512 0.0219552 0.0245733 0.0084604 0.00858531 0.019272 0.00814788 -0.0322279 0.0193836 0.0142052 -0.00494067 0.172607 0.00756163 0.00941748 0.0131556 0.00357819 0.00791659 -0.015246 -0.0032799 0.10857 -0.00887214 0.00653272 0.00567174 0.000598631 -0.00221257 0.0128816 0.00835522 -0.00348799 0.00585825 0.0112874 -0.0112461 0.0143452 0.00567973 0.00570039 -0.0330741 -0.00236406 0.0137145 -0.0530197
internal_weight=1.48594e+07 1.33374e+07 1.52197e+06 1.21907e+06 65554.1 1.25707e+07 37079.6 766725 1.15352e+06 17538.6 2.55901e+06 2.1405e+06 1.79644e+06 1.00117e+07 1.7518e+06 802869 948933 2.84332e+06 419562 213640 80782.5 132858 2.42376e+06 575829 320672 205922 185161 8468.41 1.84793e+06 72665.6 1.77526e+06 302902 44641.3 39052.8 552856 264.825 418510 352492 214912 137580 102746 213869 41497.9 1975.88 39522 20987.4 7.16839e+06 254204 206859 47344.1 42903.7 199694 6.91418e+06 220106 26299.5 193806 6.69408e+06 6.69171e+06 295300 255158 30743 1.13598e+06
internal_count=10030313 1871133 8159180 6982911 202020 876024 55235 995109 6780891 67645 616928 505746 366655 259096 353120 151967 201153 31304 4557 2527 1269 1258 26747 8433 4682 2030 1919 17400 18314 1757 16557 1176269 13535 11873 561257 49 111182 95075 56276 38799 27035 433852 80078 1500 78578 38323 227792 2710 2331 379 352 2293 225082 1152 224 928 223930 223903 1149601 3751 25023 6713246
is_linear=0
shrinkage=0.05


Tree=50
num_leaves=63
num_cat=0
split_feature=15 15 15 14 10 15 2 2 14 2 13 15 9 14 12 15 28 21 11 11 28 28 2 11 27 9 17 11 11 9 23 20 27 14 15 20 2 11 9 8 15 10 27 8 9 21 5 20 11 0 21 9 14 13 2 0 0 10 0 13 9 22
split_gain=1.38689e+06 46858.5 34397.2 24604.2 14815.5 9549.82 7105.96 6283.5 12522.8 13605.8 6987.51 6100.47 4506.96 4589.21 4578.39 3982.84 3539.47 3220.07 3200.32 4357.02 3170.56 6663.54 3011.59 7566.25 4680.43 3771 3488.2 3115.83 4104.7 2980.88 2874.39 2854.39 2817.54 2792.38 2749.55 2730.17 3032.69 4620.71 4577.61 2678.83 2641.98 2580.43 4032.64 2774.03 2563.69 2563.14 2956.45 2561.76 2450.64 2419.6 6167.41 5829.8 2377.19 2362.61 8332.4 13222.6 9617.17 3429.15 7437.84 7137.68 2349.93 2325.09
threshold=0.14398343986235088 1.2680549082273567 0.029609009711065823 17615.500000000004 0.68301270189221941 29.613025284571467 2.5000000000000004 2.5000000000000004 15361.000000000002 1.5000000000000002 0.25881904510252057 0.38536017872206313 1.0000000180025095e-35 15910.000000000002 0.78656609248549325 5.3598493408662913 375.50000000000006 1.0000000180025095e-35 -0.9330127018922193 0.6830127018922193 1215.5000000000002 1241.5000000000002 2.5000000000000004 0.6830127018922193 1.0000000180025095e-35 -0.56174490092936669 1.0000000180025095e-35 -0.5 -0.9330127018922193 -0.56174490092936669 80.142856597900405 721.50000000000011 1.0000000180025095e-35 17670.500000000004 0.010212773354657026 1.0000000180025095e-35 2.5000000000000004 -0.5 -0.56174490092936669 1.0000000180025095e-35 0.073064127129388673 -0.6830127018922193 6.5102922916412362 0.87837969732492682 -0.22252093395631442 2013.0000000000002 1.0000000180025095e-35 2.5000000000000004 0.6830127018922193 10.500000000000002 315.50000000000006 -0.22252093395631442 15970.000000000002 -0.60355339059327384 3.5000000000000004 14.500000000000002 14.500000000000002 -0.24999999999999994 17.500000000000004 -0.5 -0.22252093395631442 1.0000000180025095e-35
decision_type=2 2 2 2 2 2 2 2 2 2 2 2 2 2 2 2 2 2 2 2 2 2 2 2 2 2 2 2 2 2 2 2 2 2 2 2 2 2 2 2 2 2 2 2 2 2 2 2 2 2 2 2 2 2 2 2 2 2 2 2 2 2
left_child=2 11 3 7 -5 12 61 8 -1 -10 29 22 13 -3 15 47 30 40 44 35 -17 -22 23 24 -2 -26 -27 28 -24 -11 48 39 -30 52 -9 36 38 -38 -20 -18 -4 43 -43 45 -13 46 -35 -14 -15 51 -51 -44 -7 54 55 -54 -56 59 -59 -55 -37 -6
right_child=1 5 17 4 6 33 -8 34 9 10 -12 18 14 16 -16 20 31 -19 19 -21 21 -23 27 -25 25 26 -28 -29 32 -31 -32 -33 -34 41 -36 60 37 -39 -40 -41 -42 42 49 -45 -46 -47 -48 -49 -50 50 -52 -53 53 57 56 -57 -58 58 -60 -61 -62 -63
leaf_value=-0.052533263764317495 0.068013513729187611 -0.0045560698657510657 -0.036591619716264866 -0.048702083214109952 0.020405911310158079 -0.019085073314092465 -0.055234912232919459 -0.055121345713444049 -0.05457337655880027 0.043446029342618507 -0.028185059868326531 -0.0031552030301943059 -0.0026790318540828736 0.0042776164409275451 0.007272195080979588 0.00036126934366017275 0.0082374099607664623 0.00060948002288334531 0.033698963061861389 -0.01102433200826888 0.043936704045561319 0.0051829758036859548 -0.028904253231203353 -0.024922803480792722 0.036564804566698576 -0.017388687570587587 0.051507314886335157 -0.023473309889870456 -0.030706305704170257 0.00030909183235464978 -0.024325189988449767 0.11325579547473846 -0.0012712429817115086 -0.0022756752402763197 -0.04695963571815312 -0.00050315394306253561 0.0043960834599349932 -0.0097361771105562676 0.0027032092093339489 0.0041721521934947681 -0.026923999917520619 0.084389748152442656 0.0044862197989264906 0.019652149659548382 -0.026210115426518556 -0.035211328232718567 0.03148215741893811 -0.014802989112922566 -0.0028412997581083979 0.0090697022108836029 -0.0033787755534506721 0.015352397124825638 0.0050887505661207809 -0.0023450040981424737 0.0041929006884693911 0.021057333830229827 -0.0064611835144182048 0.0071333996551394205 0.0022315263275432796 0.0094040400216380965 -0.023976286844163603 -0.054761452374657085
leaf_weight=155915.41034506261 3633.5248495936394 128453.40572679043 161127.21363924444 20189.243098914623 23660.472778826952 9554.4629030227661 3930.5261559039354 771751.41845954955 27123.319172292948 5617.2025629281998 22446.138308241963 20747.535292029381 338767.61095130444 466837.63676524162 260119.24066460133 760120.92152881622 874854.08366566896 7605.9551303237677 16787.820235669613 129376.38952121139 11870.507048368454 169170.67366981506 23512.489079207182 21169.35524263978 7182.7363985776901 12814.716347634792 2144.5328362882137 92843.031339466572 9287.8921957612038 13952.509555533528 10197.759195804596 624.57829093933105 65199.60375598073 92128.164199829102 119134.15681429207 21569.825130939484 150677.72409921885 93874.244090378284 41011.516307681799 754935.10373771191 125892.83853118122 1770.5137329101562 193538.15684318542 17743.203578948975 28792.425217866898 5419.7453918457031 6976.8455562591553 50001.323082268238 163134.2730974555 586234.24343204498 119835.12440776825 340785.70584964752 570815.67242908478 141812.8775177002 1080485.3175649643 167727.83377456665 263462.08154201508 2444806.0074677467 1132261.9201173782 1461259.4427008629 21085.901439130306 1075.4158382564783
leaf_count=961866 4452 38940 726412 112959 16504 799 20773 4884125 161261 15069 89871 21406 130607 77412 50569 86819 130479 26668 10508 149486 735 17356 48569 45240 11379 24068 2878 191267 24336 38510 518 25 121456 1188 679503 18351 140056 99028 30243 130535 423189 20 1638 201 32071 16 97 18450 32560 8210 1152 2184 13763 3836 32616 2574 7098 40465 22055 23107 20315 2470
internal_value=-0.000478928 0.00456671 -0.0467631 -0.0506236 -0.0158928 0.00529329 0.00721402 -0.0521441 -0.0446792 -0.0269673 -0.00914597 -0.00747667 0.00326992 0.00463816 0.00120554 1.89723e-05 0.00515831 -0.0315003 -0.00446214 -0.0031993 0.00177757 0.00772403 -0.0141186 -0.00277316 0.0154181 0.00678664 -0.00751126 -0.0169094 -0.0106909 0.0126913 0.00200785 0.00639531 -0.00494162 0.00622785 -0.0540299 -0.000264918 0.00140571 -0.00102874 0.0117061 0.00635434 -0.0323512 0.00830345 0.00898564 0.00137276 -0.0165548 -0.00173016 0.000100805 -0.00423836 0.00243413 0.008878 0.00695692 0.0114166 0.00583841 0.0058712 0.00444887 0.00871532 0.00210431 0.006443 0.00558179 0.00836468 -0.0121067 0.0171375
internal_weight=1.48468e+07 1.33874e+07 1.45942e+06 1.1648e+06 48855.7 1.26257e+07 28666.4 1.11594e+06 225055 69139.2 42015.9 761711 3.98909e+06 2.39904e+06 1.59005e+06 1.32993e+06 2.27058e+06 294626 523923 474383 941162 181041 237788 46944.9 25775.5 22142 14959.2 190843 98000 19569.7 640170 1.63041e+06 74487.5 8.63662e+06 890886 345007 302351 244552 57799.3 1.62979e+06 287020 1.36443e+06 1.24216e+06 122268 49540 104525 99105 388769 629972 1.24039e+06 706069 534324 7.27219e+06 7.26263e+06 2.08249e+06 738544 1.34395e+06 5.18014e+06 3.57707e+06 1.60307e+06 42655.7 24735.9
internal_count=10030313 1871133 8159180 6982911 152706 876024 39747 6830205 1266577 304711 143450 995109 715005 410469 304536 253967 371529 1176269 521464 467987 104910 18091 473645 88017 42777 38325 26946 385628 194361 53579 110490 261039 145792 161019 5563628 318501 279835 239084 40751 261014 1149601 14706 13204 1502 53477 1301 1285 149057 109972 13184 9362 3822 146313 145514 56051 16337 39714 89463 62520 26943 38666 18974
is_linear=0
shrinkage=0.05


Tree=51
num_leaves=63
num_cat=0
split_feature=15 15 15 16 10 15 2 14 2 15 23 16 14 11 13 27 23 8 8 28 11 21 20 20 28 0 8 20 27 24 16 23 26 11 2 16 2 25 2 12 14 24 2 8 2 13 15 2 14 2 21 14 0 13 2 10 25 20 21 21 19 16
split_gain=1.30342e+06 46035.4 30438.2 26117.7 16946.1 10260.3 7775.32 5966.85 6433.08 5102.77 4866.19 4282.55 4238.22 5588.46 5282.02 3579.22 3547.12 4115.17 3383.66 12931.7 6680.67 5818.77 8335.29 6658.04 4817.65 4639.73 4630.58 6024.35 3565.68 3561.97 3346.91 3293.59 10257.3 3172.11 4985.44 4360.9 3163.77 7340.24 5173.41 3925.51 3139.72 3104.19 3096.08 3129.45 3008.76 2796.98 2785.51 2794.45 5020.53 6624.75 2724.21 2697.43 3961.74 3377.71 13285.8 5166.59 3201.82 10936.9 4111.35 2698.99 2634.34 2543.01
threshold=0.12846907770564789 0.97332896832132965 0.029609009711065823 0.72480142848346785 0.68301270189221941 9.4980172170825909 2.5000000000000004 17629.500000000004 2.5000000000000004 0.32659245566969841 31.107142448425297 63.976235375336096 17609.500000000004 -0.5 -0.5 18.153765678405765 1.0000000180025095e-35 0.87837969732492682 -0.8783796973249266 511.50000000000006 0.25000000000000017 506.00000000000006 3530.5000000000005 257.50000000000006 432.50000000000006 9.5000000000000018 1.0000000180025095e-35 2141.5000000000005 446.05894470214849 252.59999847412112 17.449615571293052 3.6071428060531621 12.835389137268068 0.6830127018922193 2.5000000000000004 0.43649512450088263 2.5000000000000004 226.5472106933594 1.5000000000000002 -0.9159756150367534 17658.500000000004 35.683334350585945 6.5000000000000009 -0.8783796973249266 1.5000000000000002 -0.5 0.010212773354657026 2.5000000000000004 15741.000000000002 1.5000000000000002 1.0000000180025095e-35 17668.500000000004 19.500000000000004 -0.60355339059327384 3.5000000000000004 0.25000000000000011 7.1829824447631845 1391.0000000000002 759.50000000000011 1512.0000000000002 2.5000000000000004 0.72480142848346785
decision_type=2 2 2 2 2 2 2 2 2 2 2 2 2 2 2 2 2 2 2 2 2 2 2 2 2 2 2 2 2 2 2 2 2 2 2 2 2 2 2 2 2 2 2 2 2 2 2 2 2 2 2 2 2 2 2 2 2 2 2 2 2 2
left_child=2 9 3 7 -5 12 -6 46 44 -2 33 51 13 14 15 -3 17 -16 19 20 29 23 -23 -21 26 -22 28 -28 -20 -13 -17 32 -26 34 35 -11 37 38 41 -40 -33 -14 43 -36 -9 -37 47 48 -1 -50 -4 52 53 54 -7 -55 57 58 -53 61 -44 -58
right_child=1 5 50 4 6 11 -8 8 -10 10 -12 18 36 -15 16 30 -18 -19 24 21 25 22 -24 -25 31 -27 27 -29 -30 -31 -32 40 -34 -35 42 45 -38 -39 39 -41 -42 -43 60 -45 -46 -47 -48 -49 49 -51 -52 56 -54 55 -56 -57 59 -59 -60 -61 -62 -63
leaf_value=-0.052762508724727021 -0.015264672956733522 -0.0065205934179296326 -0.03237243824101791 -0.049641553215335497 0.01247694414105204 0.0084630944377626135 -0.052675875237838149 -0.055245396782997058 -0.05412957949000833 -0.0037157576943473167 0.15741237415429116 0.020039094007601444 -0.0011654344809119582 -0.0042419582190962096 0.017496072237908382 0.0078114138447464747 0.0061699302159542281 0.073002063392715061 0.0014454709505232477 0.011991549005254133 -0.00063362536728794893 -0.022457166192411976 0.045415356464685072 -0.01141343658652904 0.015560778946855595 0.035106250854809694 0.0051992230316486787 0.04311086085122276 -0.011292600180034772 0.0029185261184382773 0.080970712689760971 0.0022005483067461507 0.16454446273851531 -0.013324534852309909 0.0054451686962133788 0.039331396778346434 0.0024144395423376878 0.24305384796015292 -0.0092646943499926099 0.018383955775147811 0.0081358510019402495 0.10733212423330991 -0.0014419765651375806 -0.013178173235962551 0.021804958724390148 0.0070043144292553997 -0.045929572472860267 -0.055115273128209033 -0.055324227222725536 -0.015198747503034495 -0.00010844688281934615 0.011545195622692265 -0.0027176546363189748 0.0072304403261572673 0.00028235553292372764 0.0037917241556480194 0.070689218665478448 0.15676857160860849 0.075720680014337016 -0.022169555543461204 0.030257944205630695 0.006268422548366891
leaf_weight=136634.89840908349 206607.91189813614 141528.98943823576 259103.93622259796 26405.512114703655 31213.299764484167 764192.52002263069 5366.4237118065357 1548.3504694402218 8258.9253707975149 27188.724969685078 456.56520676612854 70930.957523345947 89594.054292917252 523010.35842937231 25401.304878175259 34328.567377924919 203324.99678564072 3844.6925145983696 176021.5383234024 135158.03976821899 10315.299030303955 36554.558963775635 5162.1580047607422 39197.815797805786 76008.824306488037 75864.985301971436 313322.29519510269 10841.174404144287 79864.71700668335 53142.890510559082 1637.8220276832581 260481.43384599686 1173.0381269454956 107812.93152338266 26723.662924438715 14737.705738842487 845938.27868205309 334.82863283157349 14472.09283208847 113656.10876500607 1540978.5530076027 664.03364896774292 93207.272709488869 144685.41986232996 6970.2733229845762 12255.816487312317 130920.07275861502 724082.96529874206 18441.544438615441 23262.873809471726 6712.3106319308281 150829.15203428268 182153.75235676765 2247931.9213519096 1415746.0998454094 2124846.5478804111 1534.111469745636 1326.9234237670898 2537.5878314971924 8354.3922004699707 7049.4214850068092 1033029.7265553474
leaf_count=888467 459835 62015 1089320 149159 25023 33687 27838 9449 50245 28029 47 979 28022 212907 9130 7342 66949 1084 3270 2009 84 256 5 321 2100 695 4667 42 489 272 208 4361 7 142205 30292 8485 224771 21 3450 22102 12730 51 98252 175324 7951 8548 777790 4824493 118677 103819 24196 4731 13597 74914 81545 74033 41 10 29 50 6143 23750
internal_value=-0.000461782 0.00428263 -0.0467593 -0.0503896 -0.0191164 0.00493656 0.00291845 -0.0522653 -0.0226858 -0.0087967 -0.00571841 0.00554455 0.0016444 -0.000815623 0.00355441 -0.00294128 0.00851187 0.0247933 0.00719419 0.0113064 0.0201342 0.00271621 -0.0140582 0.00672972 0.00648115 0.0308283 0.00249801 0.00646715 -0.00253019 0.0127061 0.0111433 0.00771099 0.0178254 -0.0058902 -0.0034304 0.0104181 0.00380038 0.00916071 0.00880198 0.015261 0.00727764 -0.000367039 -0.00619242 -0.0102747 0.00779917 0.0246543 -0.0527455 -0.0537344 -0.0481276 -0.0329423 -0.0315577 0.00494458 0.00455577 0.00475796 0.00315017 0.00555948 0.00713108 0.0138438 0.0126071 0.00613538 0.000786941 0.00636396
internal_weight=1.48349e+07 1.3456e+07 1.37892e+06 1.11311e+06 62985.2 1.28152e+07 36579.7 1.05012e+06 16777.5 640725 434118 1.08175e+07 1.99774e+06 933077 410066 177495 232571 29246 2.88502e+06 426327 210254 216073 41716.7 174356 2.45869e+06 86180.3 580050 324163 255886 124074 35966.4 1.87864e+06 77181.9 433661 325848 54182.2 1.06466e+06 218721 218386 128128 1.80146e+06 90258.1 271666 171409 8518.62 26993.5 1.03334e+06 902422 178339 41704.4 265816 7.93248e+06 6.73487e+06 6.55272e+06 2.17994e+06 4.37278e+06 1.19761e+06 154694 153367 1.04292e+06 100257 1.03456e+06
internal_count=10030313 1933886 8096427 6982911 202020 976726 52861 6780891 67645 957160 497325 338674 638052 359635 146728 69565 77163 10214 32287 4621 2030 2591 261 2330 27666 779 8468 4709 3759 1251 7550 19198 2107 497278 355073 45062 278417 53646 53625 25552 17091 28073 310011 205616 17400 17033 6713246 5935456 1110963 222496 1113516 306387 277776 264179 115232 148947 28611 4770 4760 23841 104395 23791
is_linear=0
shrinkage=0.05


Tree=52
num_leaves=63
num_cat=0
split_feature=15 15 15 14 10 15 2 14 2 13 2 11 11 2 11 12 3 23 24 23 9 12 20 10 11 14 15 3 26 22 26 11 12 27 14 20 14 10 14 9 24 15 15 2 2 2 12 0 24 0 11 13 9 3 15 0 10 24 24 25 0 8
split_gain=1.22491e+06 41560 31069.3 24846.2 13375.6 9171.34 6750.39 12784.7 13130.1 6452.39 6191.31 4931.38 6666.67 8169.85 9030.03 6238.69 5912.93 5842.63 4575.6 4166.33 4094.11 5294.9 3939.74 3566.56 4609.97 3424.13 3028.67 2980.75 2944.22 2878.98 4618.46 4370.96 8039.45 4963.72 3624.08 3178.88 2957.16 4764.54 3287.87 2961.64 12158.8 6392.57 2761.68 2748.92 2723.8 6055.64 6241.22 6763.75 5023.67 3785.71 3336.07 4619.12 2690.86 2394.83 2368.28 2328.42 2165.11 3002.57 2756.18 10688.3 3585.06 2636.2
threshold=0.12846907770564789 0.97332896832132965 0.029609009711065823 17615.500000000004 0.68301270189221941 9.4980172170825909 2.5000000000000004 15361.000000000002 1.5000000000000002 0.25881904510252057 2.5000000000000004 -0.9330127018922193 0.6830127018922193 2.5000000000000004 -0.5 -0.9159756150367534 2.5000000000000004 31.107142448425297 0.050000002607703216 1.0000000180025095e-35 -0.22252093395631442 0.78656609248549325 1.5000000000000002 -0.24999999999999994 -0.68301270189221952 17670.500000000004 0.010212773354657026 1.0000000180025095e-35 1.0000000180025095e-35 38.071428298950202 2.8152829408645634 -0.5 -0.9159756150367534 127.38853836059572 17656.500000000004 683.50000000000011 17660.500000000004 -0.6830127018922193 17655.500000000004 -0.22252093395631442 194.41666412353518 104.24492360186515 0.0020181655262300428 5.5000000000000009 1.5000000000000002 2.5000000000000004 -0.9159756150367534 14.500000000000002 41.216667175292976 2.5000000000000004 -0.5 -0.37940952255126015 -0.22252093395631442 3.5000000000000004 0.061997304582210248 14.500000000000002 -0.6830127018922193 0.55000001192092907 544.70001220703136 685.08245849609386 16.500000000000004 0.87837969732492682
decision_type=2 2 2 2 2 2 2 2 2 2 2 2 2 2 2 2 2 2 2 2 2 2 2 2 2 2 2 2 2 2 2 2 2 2 2 2 2 2 2 2 2 2 2 2 2 2 2 2 2 2 2 2 2 2 2 2 2 2 2 2 2 2
left_child=2 11 3 6 -5 20 7 -1 -9 42 -6 52 13 15 18 -13 19 27 -15 -17 44 22 23 24 -22 29 -8 -16 -20 30 34 32 -32 -33 35 -7 37 -31 -39 40 -38 -41 -10 -25 48 46 -46 -48 49 -3 51 -47 -2 -52 -4 -18 58 -58 59 61 -60 -27
right_child=1 5 54 4 10 25 26 8 9 -11 -12 12 -14 14 17 16 55 -19 28 -21 21 -23 -24 43 -26 56 -28 -29 -30 36 31 33 -34 -35 -36 -37 39 38 -40 41 -42 -43 -44 -45 45 50 47 -49 -50 -51 53 -53 -54 -55 -56 -57 57 -59 60 -61 -62 -63
leaf_value=-0.052203156127989314 -0.0095436705256229867 0.048830812059427527 -0.035726453524820338 -0.047986589261075359 0.015178140803229909 0.0042468721862795331 -0.055070838518684079 -0.054462108051645877 0.020590350067135176 -0.027123648270094176 -0.055198261235545401 -0.024385352014982781 -0.015608988456817808 -0.021100871175220644 8.9333799426392997e-05 0.018848836625377785 0.020400696989115501 0.16682456195770368 0.015115108885017362 -0.021236420727611741 0.013823660362467571 0.0068818567971059971 -0.010217743723990515 -0.00089637385821971253 -0.00092538589380903907 -0.0017532920436926038 -0.046134997128458442 -0.021252021848867791 -0.0009553816521036875 0.00092898840539996333 0.011320809539018315 0.0032078680361740824 0.0028811352396992734 -0.0023706765015829149 0.010997264538231126 -0.037431578972832995 0.0054447207181205631 0.0060617316094210266 0.0096473053109199097 0.0023069783847992965 -0.0075280454148642754 0.0092678263240965029 -0.030829134619379313 -0.0090969922208605763 -0.011524058100120671 0.0011238803617280499 0.011515250762234683 0.040525066408236443 0.20396673036220161 -0.0079316352507444524 -0.0068649694313715889 0.011903647399426514 -0.030835550471322477 0.0023382752947963773 -0.026155722787012295 0.046015270267472291 0.079685128402750494 0.0080403749578111076 -0.0018920899665121234 0.075219380139663145 -0.038983255702287271 0.023506807860051
leaf_weight=142015.27622324228 25489.379152864218 3057.7407761216164 126203.18945451081 18462.109046712518 25332.64253538847 297446.79388833046 698976.30448609591 24613.646207019687 16508.534466683865 21679.809616550803 3564.7963437438011 10642.5393255651 161352.98263940215 24003.254879772663 19264.882947862148 12644.330539017916 26526.723014652729 428.75910639762878 35197.914604753256 13300.971720933914 83030.965791523457 197465.70816999674 129858.16668456793 387838.742870152 146380.90268051624 72761.528591156006 109721.62847778201 108543.13983362913 149778.24057608843 328105.75166940689 390951.92165327072 1347404.2007851601 1014136.0042293072 566365.30882549286 367677.59633350372 4646.3500003814697 709645.54480791092 1861367.6969642639 973864.34124946594 656890.06533050537 242286.69166183472 662461.57757949829 3101.8086768835783 138749.18464523554 17384.452489614487 206692.92340534925 60259.021074414253 30144.328707098961 286.66047382354736 74575.575496196747 101807.62838584185 191399.55430018902 35516.746646910906 231231.12467330694 132517.87538090348 13331.866804540157 1463.9447436332703 1310920.207195282 30489.489967346191 5269.7058181762695 8285.0045166015625 12037.375207901001
leaf_count=961866 39619 854 617618 112959 18974 20155 4884125 161261 40742 89871 20773 14727 270912 52976 29766 13921 28519 39 45404 16714 24290 62933 41202 130846 51041 1480 679503 174911 198705 6302 17721 91339 61203 13035 15250 110 17004 37158 13148 19731 2267 5768 12837 52189 5388 62098 13825 5630 15 27720 35381 51487 59228 73153 495898 11719 51 16602 61 24 36 229
internal_value=-0.000445157 0.0040537 -0.0463646 -0.0501434 -0.0147427 0.00467053 -0.0517925 -0.043757 -0.0255565 -0.00832518 0.00649615 -0.00842281 -0.00698874 -0.00362632 -0.00697196 0.0111317 0.016876 -0.0174169 -0.000562569 -0.00170085 0.0015591 -0.000521956 -0.00217234 -0.000790371 0.00441271 0.00524335 -0.0538585 -0.0180351 0.00210255 0.0048962 0.00387605 0.00311173 0.0052294 0.00155694 0.00766343 0.00360581 0.00564492 0.00663321 0.00729333 0.00426846 0.00214287 0.0058021 0.0124569 -0.00305714 0.00401805 0.00484862 0.0159124 0.0211884 -0.00492416 -0.00569581 0.00321752 0.00630672 -0.0219396 -0.000475079 -0.0308243 0.0289685 0.00751309 0.0081203 0.00132799 0.00612623 -0.00981762 0.00183239
internal_weight=1.48234e+07 1.35007e+07 1.3227e+06 1.06398e+06 47359.5 1.28646e+07 1.01662e+06 207919 65903.8 41290.2 28897.4 636022 575016 413663 337216 76446.4 65803.9 128237 208979 25945.3 2.00016e+06 1.08332e+06 885858 756000 229412 1.08645e+07 808698 127808 184976 9.42325e+06 3.98863e+06 3.31886e+06 1.40509e+06 1.91377e+06 669771 302093 5.43462e+06 3.16334e+06 2.83523e+06 2.27128e+06 951932 1.31935e+06 19610.3 526588 916839 838919 107788 90403.3 77920 77633.3 731131 398092 61006.1 333039 258721 39858.6 1.44123e+06 1.31238e+06 128843 90068.6 38774.5 84798.9
internal_count=10030313 1933886 8096427 6982911 152706 976726 6830205 1266577 304711 143450 39747 957160 858313 587401 501801 85600 70873 204716 297085 30635 638052 362501 299568 258366 75331 338674 5563628 204677 244109 320191 218813 183298 78924 104374 35515 20265 101378 56608 50306 44770 19271 25499 53579 183035 275551 246962 24843 19455 28589 28574 222119 113585 98847 108534 1113516 40238 18483 16653 1830 1733 97 1709
is_linear=0
shrinkage=0.05


Tree=53
num_leaves=63
num_cat=0
split_feature=15 15 15 14 10 22 23 2 14 2 26 15 13 2 11 13 24 0 19 11 19 11 26 18 13 21 21 10 13 23 27 0 2 2 2 26 13 19 2 2 14 28 27 25 26 10 11 8 11 2 15 8 19 11 24 24 11 11 11 21 0 14
split_gain=1.15094e+06 37693.9 31673.1 24910.4 12704.2 7074.68 7028.81 6985.47 12876.6 12851 6671.99 6117.48 5941.2 5775.6 5067.57 9594.85 8349.12 5887.35 4472.24 5102.65 7740.48 6163.93 5809.56 5913.03 4340.73 4291.83 4264.44 4193.73 8681.98 8958.92 13466.3 4993.69 10197.1 7990.91 12405.1 7976.21 4340.81 3843.99 3761.32 3613.4 3480.69 4940.22 3379.45 3221.33 5218.36 3213.8 3197.33 10117 3706.78 3180.31 3176.64 3106.2 3301.36 3198.32 2943.42 2929.34 2772.8 3500.56 2684.28 2666.8 2619.02 4984.53
threshold=0.12846907770564789 1.2680549082273567 0.029609009711065823 17615.500000000004 0.68301270189221941 38.642858505249031 1.0000000180025095e-35 2.5000000000000004 15361.000000000002 1.5000000000000002 3.6539905071258549 0.3535955801104973 0.25881904510252057 2.5000000000000004 -0.5 -0.5 1.0500000119209292 17.500000000000004 7.5000000000000009 1.0000000180025095e-35 471.50000000000006 -0.9330127018922193 224.74526214599612 1409.0000000000002 -0.78656609248549325 1512.0000000000002 2811.0000000000005 0.25000000000000011 -0.5 20.035714149475101 113.78726959228517 17.500000000000004 3.5000000000000004 3.5000000000000004 1.5000000000000002 111.10748672485353 -0.37940952255126015 2867.0000000000005 1.5000000000000002 7.5000000000000009 17656.500000000004 404.50000000000006 154.69250488281253 200.41152191162112 267.33038330078131 -0.24999999999999994 -0.68301270189221952 0.87837969732492682 -1.0000000180025095e-35 1.5000000000000002 0.010212773354657026 0.87837969732492682 68.500000000000014 -0.68301270189221952 194.41666412353518 18.716667175292972 -0.9330127018922193 0.6830127018922193 0.6830127018922193 1.0000000180025095e-35 14.500000000000002 17666.500000000004
decision_type=2 2 2 2 2 2 2 2 2 2 2 2 2 2 2 2 2 2 2 2 2 2 2 2 2 2 2 2 2 2 2 2 2 2 2 2 2 2 2 2 2 2 2 2 2 2 2 2 2 2 2 2 2 2 2 2 2 2 2 2 2 2
left_child=2 11 3 7 -5 6 26 8 -1 -10 -8 -2 -11 -6 15 24 38 -18 27 21 22 60 42 -24 -12 58 40 28 43 30 -30 32 35 34 -33 -29 -34 -17 -16 -31 46 -42 -21 44 -7 -27 47 -3 -48 -43 -9 52 -23 -53 -45 56 -13 -58 -22 -4 -20 -62
right_child=1 5 59 4 13 18 10 50 9 12 14 55 -14 -15 16 37 17 -19 19 20 25 51 23 -25 -26 45 -28 31 29 39 -32 33 36 -35 -36 -37 -38 -39 -40 -41 41 49 -44 54 -46 -47 48 -49 -50 -51 -52 53 -54 -55 -56 -57 57 -59 -60 -61 61 -63
leaf_value=-0.052024645404780481 -0.013852738435025311 0.0060955419832643539 -0.030927774510798384 -0.047619843776433031 0.014246518330990081 0.0029787632908890409 -0.0039760337237089395 -0.055043422062523266 -0.054401034451356439 0.011715751006576678 0.0040236542530370503 -0.015309557599989129 -0.026382970367324 -0.055178016258259258 0.0036755039550141534 0.0079494091547892866 0.0024813215492056899 -0.0031574796115895545 0.01543294672801916 0.012185203533186861 -0.0016584390487265771 -0.0042572232522073193 0.020066647011967143 -0.0041501684327143662 -0.0028084425129732572 0.03453203503190963 0.13244721324703804 0.015832015115507116 0.0043190336012603357 0.011264506149276708 0.18914443752479249 0.0031041423013899103 -0.0043422178045937161 0.0051721053385088553 -0.02116741318725698 0.004916314723680335 0.0046264113025923335 0.091047457863037098 0.032666287704002095 0.0059705186336008421 -9.0892048889557302e-05 -0.0081046068968818902 0.0031509194373220799 -0.0076093045754309892 0.044722337744276586 0.010539413443759969 -0.0075496483589262177 0.048726762768520976 0.004486461616671612 0.014064097123922698 -0.045698090966291571 -0.0095829428254348408 0.0054342715293050903 0.0039812055106593237 0.0059734806728829219 0.16030404723836192 -0.00043331330223609244 -0.0099328433833665592 0.0059431612223208134 0.0013862691632599636 0.011588983656198792 -0.0078360779037239779
leaf_weight=135541.12332358956 224860.73745627701 115182.89058065414 245429.78540289402 17693.582216367126 25631.815169110894 366449.82834625244 368006.82707220316 665209.77078709006 23438.858051165938 19791.467171028256 566933.22679400444 50324.614195197821 21186.755103692412 3392.1525274962187 17548.90632712841 1102987.5808775425 2048685.6443191767 598020.93027842045 163910.31066393852 299096.22433018684 176870.86572313309 99023.183713674545 283568.03002405167 27665.550371170044 394090.9280359745 17388.737869262695 677.68187713623047 214438.84825479984 2320.3857748508453 555385.70143580437 1713.1052694320679 107346.50109291077 367842.6012840271 199074.61339306831 103305.2106962204 762170.99795103073 213058.31618595123 1393.3542709350586 30869.802060842514 768107.15231084824 90744.569484472275 16998.899243533611 158302.48820018768 149347.57143449783 7642.854471206665 70736.014598846436 77850.187301576138 15829.289594352245 358727.67482143641 334924.58150404692 105343.38274382055 89138.008858919144 780283.80586957932 84804.03129196167 54418.1897315979 270.88326740264893 360506.73756301403 132666.19772157073 338182.0972661972 6555.0250966399908 129056.97886657715 44381.274250984192
leaf_count=961866 496605 22825 1089320 112959 18974 12642 141183 4884125 161261 53579 63663 57487 89871 20773 4619 111584 201701 55787 2186 8722 1559 2780 2572 117 39305 24 2 8102 150 9554 24 1976 9002 3973 2795 11490 3575 6 7693 12629 4971 1555 2296 3390 100 139 17358 2691 65276 19209 679503 1189 9571 1116 439 49 342709 161012 2170 24196 1766 548
internal_value=-0.000429084 0.00383763 -0.045957 -0.0498882 -0.0142255 0.00448467 0.00326144 -0.0516049 -0.0432775 -0.0248723 0.00251032 -0.00691611 -0.00798213 0.00613225 0.00301174 0.00487524 0.00158364 0.00120724 0.00561654 0.00715353 0.00931713 0.00501915 0.0126443 0.017914 0.00122198 0.00507733 0.00707193 0.00452017 0.00619206 0.00841883 0.0828221 0.00290086 0.00419292 -0.00201071 -0.00879879 0.00731313 -0.00105277 0.00805426 0.022159 0.00819207 0.00698781 0.0103111 0.00905851 0.00107642 0.00383163 0.0152737 0.00439595 0.0112464 0.00234018 0.0129933 -0.0537658 0.00313518 0.00434286 -0.00296983 -0.00398183 -0.00404764 -0.00412959 -0.00298875 0.00333274 -0.0300872 0.0109011 0.00661826
internal_weight=1.48123e+07 1.35431e+07 1.26921e+06 1.01723e+06 46717.5 1.27745e+07 6.13947e+06 970511 199958 64417.1 5.12854e+06 768629 40978.2 29024 4.76053e+06 2.06541e+06 2.69513e+06 2.64671e+06 6.63503e+06 2.76241e+06 1.37181e+06 1.3906e+06 768632 311234 961024 603178 1.01094e+06 3.87262e+06 1.90538e+06 1.32753e+06 4033.49 1.96724e+06 1.55751e+06 409726 210652 976610 580901 1.10438e+06 48418.7 1.32349e+06 1.01026e+06 442668 457399 577858 374093 88124.8 567590 131012 436578 351923 770553 1.05325e+06 879307 173942 203766 543768 543498 493173 515053 251985 337349 173438
internal_count=10030313 1933886 8096427 6982911 152706 876024 759428 6830205 1266577 304711 625541 1057862 143450 39747 484358 214558 269800 257488 116596 36755 17599 19156 13707 2689 102968 3892 133887 79841 38928 22357 174 40913 32169 8744 4771 19592 12577 111590 12312 22183 133885 25735 11018 16571 12742 163 108150 25516 82634 20764 5563628 14656 12351 2305 3829 561257 561208 503721 3729 1113516 4500 2314
is_linear=0
shrinkage=0.05


Tree=54
num_leaves=63
num_cat=0
split_feature=27 16 16 27 2 2 13 16 16 27 16 11 8 28 12 14 13 12 11 12 0 16 14 11 11 28 20 23 27 14 13 10 13 0 10 21 24 28 14 8 2 12 12 24 0 11 13 21 0 14 2 27 21 14 16 14 9 11 9 19 8 12
split_gain=942157 96056.8 30392.6 27063 26323.9 12399.8 9185.97 7542.28 6789.83 8304.04 6096.85 5349.79 5268.76 5174.57 5115.4 4663.32 4534.3 4196.58 6728.07 6044.22 4767.69 4083.18 4022 4294.57 5014.65 4003.73 4880.69 4017 6934.34 3981.04 3738.91 3623.89 3596.81 4861.49 3459.86 5494.99 3424.79 3380.56 3363.88 4266.71 3349.01 6875.77 4078.35 7444.5 4261.03 3323.1 3316.85 3262.2 3247.75 3226.39 3420.31 3219.62 3186.53 3159.43 3094.91 4177.92 3001.11 2992.29 2954.26 2933.69 2809.87 7842.09
threshold=0.50571158528327953 0.11672020922785449 1.0703238949897103 1.0000000180025095e-35 2.5000000000000004 1.5000000000000002 0.25881904510252057 0.091896101709185843 1.5250988836456381 1.0000000180025095e-35 30.592827262108496 -0.5 -1.0000000180025095e-35 392.50000000000006 -0.9159756150367534 14100.000000000002 0.91597561503675351 0.91597561503675362 0.6830127018922193 -0.9159756150367534 17.500000000000004 44.580369788364791 17602.500000000004 -0.5 -0.9330127018922193 1293.5000000000002 564.00000000000011 298.25000000000006 446.05894470214849 17644.000000000004 0.1294095225512602 0.93301270189221952 -0.5 17.500000000000004 0.68301270189221941 708.00000000000011 1.0000000180025095e-35 398.50000000000006 17132.000000000004 -0.8783796973249266 2.5000000000000004 -0.9159756150367534 -0.98296291314453399 135.75000000000003 12.500000000000002 -0.5 -0.5 1343.5000000000002 14.500000000000002 15313.000000000002 2.5000000000000004 120.47365188598634 1.0000000180025095e-35 13074.000000000002 22.844017155724785 15984.500000000002 -0.56174490092936669 -0.9330127018922193 -0.56174490092936669 1202.5000000000002 -0.8783796973249266 0.12940952255126045
decision_type=2 2 2 2 2 2 2 2 2 2 2 2 2 2 2 2 2 2 2 2 2 2 2 2 2 2 2 2 2 2 2 2 2 2 2 2 2 2 2 2 2 2 2 2 2 2 2 2 2 2 2 2 2 2 2 2 2 2 2 2 2 2
left_child=1 3 7 49 5 13 8 45 9 -6 12 38 25 14 54 -7 21 18 -14 20 -20 58 23 24 -9 40 27 28 -27 47 -25 53 -13 -34 35 -31 -8 -21 39 -10 41 -4 43 -42 -44 57 -26 59 -43 -1 -51 -36 -15 -5 55 -3 -56 -2 -17 -19 61 -12
right_child=2 4 10 31 6 15 36 22 11 -11 60 32 17 52 -16 16 -18 29 19 37 -22 -23 -24 30 46 26 -28 -29 -30 34 -32 -33 33 -35 51 -37 -38 -39 -40 -41 42 48 44 -45 -46 -47 -48 -49 -50 50 -52 -53 -54 -55 56 -57 -58 -59 -60 -61 -62 -63
leaf_value=-0.053314803827219287 -0.026077310028559925 0.1396901313158653 -0.0035427909953038468 -0.037377381173127243 -0.038551754325201547 -0.050997135634696725 -0.044588476113534121 -0.011816391637991162 0.10492285671373708 -0.010300009379588979 0.010578706515196412 -0.011984020272590414 0.0027323589262636494 -0.031958543726022089 -0.0099406631660114795 0.036264337645021918 -0.016188293665806524 -0.0008297260213920893 0.010826096939219397 -0.012436139863930671 -0.0026937550564037765 0.086539589170606668 0.0024185396070911932 -0.0063577683343443775 -0.0032894346965590794 0.0088442083743909567 0.073327459286371799 -0.047286473446296051 0.059791185985217349 0.014703028070898523 -0.021285434698752066 -0.046987201780162385 0.041023422544474969 -0.0095031300060255709 0.0109655897533519 -0.047030339149023243 -0.021938578274196659 -0.0033305171086276432 -0.044988006953217002 -0.016992165694835571 0.006446389621399754 0.0081167981971263705 0.0048385892196284759 0.035620422890839304 9.5007155878448665e-05 -0.023277493454586691 0.0082817684635050886 0.14115577444791352 0.018308782775657326 -0.032405110130867887 -0.04949689149646503 -0.009194796092333762 0.02240369282957555 -0.022701649990114411 0.16781911271671227 -0.013277271557746924 0.0092583993919658821 0.00084745826550457692 0.011437571128184479 0.063854026698474536 0.0050803185101744924 -0.0012050827660025978
leaf_weight=651971.49609661102 14194.034343481064 584.95018182694912 107191.19082596898 56530.160180538893 65298.453658014536 2687.83812302351 76552.12721824646 73904.843412548304 877.05421626567841 43230.151199012995 689427.21911242604 16210.737991169095 2237238.2988582551 35488.776204392314 11968.28745508194 16778.400041684508 9415.6924055814743 158146.52243021131 122314.91949570179 136612.7091075778 139667.15436181426 2293.4109230041504 271440.13074682653 369236.08050478995 113747.92671437562 334053.33294779062 3006.7681102752686 3102.6836471557617 6815.1534156799316 198849.60781776905 47323.600732505322 29254.560223698616 11368.966278195381 8190.0340694189072 41158.598028093576 3671.0987701416016 21343.979168012738 401530.03453660011 10878.594077780843 3946.6438494175673 177811.83748370409 314490.09441849589 991392.97633762658 24932.875946044922 906104.08882904053 68332.20782622695 135949.52171950042 409.60485076904297 104017.62929089367 38481.964584767818 122320.2593203187 38168.637840270996 2917.0562670379877 104417.06119298935 926.8069931268692 1883.0041987895966 440.23901784420013 37796.889574378729 41924.56658641994 1772.4742698669434 4962115.8195526302 177549.30049115419
leaf_count=4952602 41165 580 9844 316848 327695 14912 412886 73272 650 88339 13569 14214 253501 109370 25094 19964 15871 8403 7493 22607 14999 221 131401 320012 100897 33960 46 34 65 8095 72345 168457 5234 5115 3060 54 76282 53500 20393 4485 14468 21772 71949 284 118799 179970 97282 4 13756 220451 863140 633 1499 444028 26 2566 46 89147 55614 16 84890 2439
internal_value=-0.000413603 -0.0396261 0.00364455 -0.0477771 -0.0184029 0.000200462 -0.0275863 -0.00419517 -0.0202049 -0.0272983 0.0043671 -0.00524849 0.00330825 -0.01792 0.00616191 0.0136382 0.0161057 0.00198758 0.00132505 -0.00260994 0.00361841 0.0210908 -0.00278755 -0.00469679 -0.000375625 0.00485397 0.00990178 0.00934732 0.00986285 0.00653859 -0.00805365 -0.0307989 0.00543153 0.019866 0.0101168 0.0135839 -0.0396503 -0.00564208 -0.0295777 0.00517534 0.00418698 0.00775603 0.00329363 0.0100342 0.00257341 -0.0160295 0.00301057 0.000248239 0.01065 -0.0517502 -0.0454067 0.00126527 -0.0278294 -0.0278563 0.0564152 0.022981 0.116765 -0.00650321 0.0185337 -0.000112728 0.00553918 0.00816548
internal_weight=1.48017e+07 1.38818e+06 1.34135e+07 1.00298e+06 385206 127309 257897 1.13193e+06 160001 108529 1.22816e+07 51472 6.45246e+06 54209.1 15803.3 73099.9 70412.1 3.47954e+06 3.03736e+06 800125 261982 60996.4 1.0116e+06 740162 323602 2.97292e+06 346978 343971 340868 442177 416560 190202 35769.7 19559 281848 202521 97896.1 538143 15702.3 4823.7 2.62594e+06 525699 2.10024e+06 202745 1.8975e+06 120323 249697 160329 418508 812774 160802 79327.2 38405.8 160947 3835 2467.95 1367.05 51990.9 58703 159919 5.82909e+06 866977
internal_count=10030313 8166582 1863731 6965526 1201056 245763 955293 1105491 466125 416034 758240 50091 657342 139181 28312 106582 91670 372365 352100 98599 22492 75799 795209 663808 271451 284977 34105 34059 34025 20265 392357 929333 24563 10349 11842 8149 489168 76107 25528 5135 250872 45372 205500 14752 190748 310282 198179 8423 35528 6036193 1083591 3693 110869 760876 3218 3146 72 130312 75578 8419 100898 16008
is_linear=0
shrinkage=0.05


Tree=55
num_leaves=63
num_cat=0
split_feature=15 15 15 16 10 15 14 10 2 15 9 10 18 11 8 2 3 16 28 28 8 27 23 11 15 23 21 23 18 13 2 14 2 13 23 26 24 16 15 2 17 21 11 2 16 9 15 16 3 23 12 13 21 10 17 27 11 11 8 28 11 12
split_gain=1.02094e+06 35419.9 26534.3 27596.1 14318.6 7492.41 6640.13 5602.27 5420.5 4522.43 3613.01 4447.63 5296.1 4336.64 8303.63 3676.95 3647.03 3467.32 3664.86 5167.71 8913.45 4987.23 4074.39 5042.83 3506.81 3440.21 3335.99 4615.05 3158.13 3148.48 3077.05 5423.94 6974.54 4689.43 3028.17 4027.18 3420.16 2983.76 4889.13 2916.69 2626.98 2568.5 3088.62 6771.15 8212.08 3901.65 3202.45 2531.14 3442.63 4068.82 3484.68 10505.2 2805.12 5996.94 3289.52 2612.34 2523.7 3721.84 2492.44 7574.94 8443.34 5878.72
threshold=0.10948136765270843 0.84860388090486405 0.023092637183678665 0.72480142848346785 0.68301270189221941 6.3036548731642199 17629.500000000004 0.68301270189221941 2.5000000000000004 0.24377154534429582 -0.22252093395631442 -0.24999999999999994 6.5000000000000009 -0.68301270189221952 0.87837969732492682 5.5000000000000009 5.5000000000000009 44.580369788364791 404.50000000000006 438.50000000000006 -0.8783796973249266 1.0000000180025095e-35 529.92858886718761 -0.5 104.24492360186515 220.57143402099612 3.5000000000000004 1.0000000180025095e-35 702.00000000000011 0.1294095225512602 2.5000000000000004 14940.000000000002 1.5000000000000002 0.1294095225512602 1.1071428656578066 9.5147366523742694 158.26667022705081 8.8443394472503023 48.893291391049807 3.5000000000000004 5.5000000000000009 1.5000000000000002 0.6830127018922193 2.5000000000000004 7.483830398850162 -0.56174490092936669 0.3683809981574942 4.778097130446838 4.5000000000000009 31.107142448425297 -0.9159756150367534 -0.12940952255126037 4.5000000000000009 -0.6830127018922193 1.0000000180025095e-35 107.33999633789064 -0.5 -0.9330127018922193 -0.8783796973249266 517.50000000000011 0.25000000000000017 0.25881904510252091
decision_type=2 2 2 2 2 2 2 2 2 2 2 2 2 2 2 2 2 2 2 2 2 2 2 2 2 2 2 2 2 2 2 2 2 2 2 2 2 2 2 2 2 2 2 2 2 2 2 2 2 2 2 2 2 2 2 2 2 2 2 2 2 2
left_child=2 9 3 6 -5 10 30 -8 -6 -2 47 12 13 14 -12 29 -14 18 21 20 25 37 28 -24 -22 -20 -17 -28 -23 40 31 -1 -33 -34 36 -36 -21 38 -7 -39 -13 42 43 44 45 -11 -46 52 49 -49 51 -50 -3 54 -54 -55 57 -45 59 60 -19 -61
right_child=1 5 -4 4 8 17 7 -9 -10 41 11 15 16 -15 -16 26 -18 58 19 34 24 22 23 -25 -26 -27 27 -29 -30 -31 -32 32 33 -35 35 -37 -38 39 -40 -41 -42 -43 -44 56 46 -47 -48 48 50 -51 -52 -53 53 55 -56 -57 -58 -59 -60 61 -62 -63
leaf_value=-0.052451501238759482 -0.016153986691267188 0.00096323395093195403 -0.031071128671073218 -0.048541343642973613 0.010188779240388024 0.04563056501709848 -0.054062322761975729 0.0079765816352488084 -0.053292284355443212 0.025468798894744779 -0.00075702149911792112 -0.00075413993547980866 0.011489770697191364 -0.0046783271566806298 0.030574662699168195 -0.013145009571438769 0.046897852457320685 0.0068556794927283719 -0.0045313492723178276 0.0075516048165596844 0.01625860193956432 0.0010444656579359818 -0.02182525898773369 0.032638534483842511 0.0055269682802160944 -0.044282483789853125 0.03557720773999562 -0.010497368147361798 0.012915538236033131 -0.0095145016396813702 -0.054067078355161238 -0.05470190939057528 0.0062912441984365663 -0.034177788170356244 -0.0029990484044406969 0.0038908492339499441 0.061604986518259311 0.050229499848818075 0.19518270956851222 -0.016486825772120472 0.013291523626940442 0.010855543800647885 -0.014595157242066248 -0.018291793096166256 0.13696824851399164 -0.0043859614420847159 0.047545428542610582 -1.3401960784182507e-05 0.2509463834065262 0.075280327975955005 0.014195492575142007 0.033381416923103494 0.052735176126996922 0.00082999943620260799 0.0051459059457547628 0.33043584743481447 -0.015120063923181187 -0.00055076927605068806 0.0049985325510185936 0.0065692811217267846 0.023293776168998928 -0.009925889410118658
leaf_weight=114511.7265945524 150203.29919722676 554396.24622541666 242593.1230648458 21087.304921731353 31767.532709300518 3691.5915193557739 6402.2428479641676 8430.5392443686724 3760.7109648436308 16329.311719238758 66785.056687057018 293017.13582003117 24251.564530789852 134401.63356596231 30944.57627850771 141044.93969744444 10387.456838130951 186000.64472389221 47867.275654554367 428880.75540590286 234984.40274167061 1863920.6106910706 5358.9826431274414 20536.843147277832 112603.75342941284 6141.1081886291504 8901.5914771556854 13955.055758059025 57762.308773040771 94335.998397290707 665922.3819077909 21069.192362576723 12447.446276903152 16845.914599716663 224029.38038349152 3978599.4470705986 2946.4805355072021 3046.4845364093781 641.42121696472168 3543.4742805957794 37556.50743407011 21291.293951898813 99969.057103395462 37930.441099345684 1415.4865698218346 33179.92085647583 3422.095774769783 62395.710687458515 603.51469850540161 1847.3033384084702 46952.620837926865 6868.765212059021 11486.649655342102 35219.336948812008 5310.1808687448502 60.117457866668701 82109.340530127287 134002.18567547202 3868779.3389892578 232003.49007177353 134685.01877641678 70405.827633857727
leaf_count=898248 418227 221600 1216431 140956 24454 693 47220 16465 23563 14424 24830 122151 7168 57977 9863 66218 2894 2335 1940 33182 10394 101601 30 104 1103 103 3683 5245 680 39565 5325333 161280 51997 92522 25279 177690 43 178 15 395 12004 26687 155792 56576 443 36375 828 17122 45 230 9855 1212 3343 12267 1552 3 119163 168377 54541 3548 1485 786
internal_value=-0.000398192 0.00340644 -0.0457512 -0.0496983 -0.015903 0.00394303 -0.0519609 -0.018801 0.00346895 -0.0086858 0.00071561 -0.00148507 0.00387071 0.00114926 0.00916364 -0.00391159 0.0221081 0.00438718 0.00369102 0.00440475 0.00984575 0.00185573 0.00166677 0.0213674 0.012782 -0.00905148 -0.0102734 0.00744638 0.00140129 -0.00145761 -0.0525529 -0.0464372 -0.032762 -0.0169814 0.00393326 0.00352357 0.00792045 0.0355467 0.0677741 0.0143551 0.000841578 -0.00607494 -0.00695769 -0.00448187 0.0115364 0.00546077 0.0737141 0.00331216 0.00999032 0.0021517 0.0192429 0.0509573 0.00200544 0.0131005 0.0376906 0.00139274 -0.00790866 -0.00446469 0.00547121 0.00840602 0.0137595 0.00272892
internal_weight=1.47918e+07 1.3647e+07 1.14484e+06 902245 56615.5 1.30672e+07 845629 14832.8 35528.2 579852 1.58072e+06 855582 266770 232131 97729.6 588811 34639 1.14864e+07 6.99455e+06 5.03605e+06 401597 1.9585e+06 1.94758e+06 25895.8 347588 54008.4 163902 22856.6 1.92168e+06 424910 830797 164874 50362.6 29293.4 4.63446e+06 4.20263e+06 431827 10923 4333.01 6589.96 330574 429649 408358 308389 54346.8 49509.2 4837.58 725140 118668 64243 54424.9 7472.28 606473 52076.3 16796.8 35279.5 254042 171933 4.49187e+06 623095 320686 302409
internal_count=10030313 2031844 7998469 6782038 188973 1034952 6593065 63685 48017 996892 618827 351598 102732 92670 34693 248866 10062 416125 353430 249734 13540 103696 102415 134 11497 2043 75146 8928 102281 173720 6529380 1204047 305799 144519 236194 202969 33225 1281 708 573 134155 578665 551978 396186 52070 50799 1271 267229 28464 17352 11112 1257 238765 17165 4895 12270 344116 224953 62695 8154 3820 4334
is_linear=0
shrinkage=0.05


Tree=56
num_leaves=63
num_cat=0
split_feature=15 15 15 16 10 14 25 14 2 2 23 2 2 13 14 14 28 25 15 9 28 3 3 28 28 23 16 27 21 13 13 3 25 23 10 13 25 13 23 13 10 2 2 2 0 21 25 2 14 2 13 23 25 27 8 2 18 15 12 2 21 9
split_gain=959399 32920.4 25889.9 27705.9 13660.5 6730.43 8204.6 6699.68 5404.55 5081.75 4748.9 6011.45 5010.04 5996.76 4637.22 5079.91 5450.5 4806.28 4452.42 4351.5 6897.16 11536.9 4954.35 4872.23 6427.39 5720.66 4729.79 4399.82 4217.66 4103.1 3886 3909.37 3398.75 3389.07 3320.25 15585.9 10239.4 8295.21 17391.1 4834.41 11476.2 13095.2 11330.2 13211 5136.01 4416.03 4029.45 3200.6 5520.94 6932.67 4403.95 2986.27 2930.53 2558.72 3379.76 3629.4 2405.24 2376.94 2331.41 2307.61 2250.75 2150.55
threshold=0.10581461722540562 0.84860388090486405 0.023092637183678665 0.72480142848346785 0.68301270189221941 17655.500000000004 10.810047626495363 17629.500000000004 2.5000000000000004 2.5000000000000004 1.0000000180025095e-35 11.500000000000002 3.5000000000000004 -0.5 17660.500000000004 17664.500000000004 404.50000000000006 3.6612384319305424 0.25381195024605735 1.0000000180025095e-35 1065.5000000000002 3.5000000000000004 2.5000000000000004 1215.5000000000002 1241.5000000000002 370.96429443359381 22.844017155724785 66.880889892578139 2013.0000000000002 -0.12940952255126037 -0.37940952255126015 2.5000000000000004 588.02767944335949 57.714284896850593 0.93301270189221952 -0.37940952255126015 448.29301452636724 -0.78656609248549325 220.57143402099612 -0.5 0.68301270189221941 3.5000000000000004 3.5000000000000004 1.5000000000000002 14.500000000000002 1176.0000000000002 177.78617858886722 2.5000000000000004 14940.000000000002 1.5000000000000002 0.1294095225512602 445.07142639160162 207.9579772949219 21.462249755859379 1.0000000180025095e-35 7.5000000000000009 186.50000000000003 0.045236172013231789 -0.98296291314453399 1.5000000000000002 1.5000000000000002 -0.22252093395631442
decision_type=2 2 2 2 2 2 2 2 2 2 2 2 2 2 2 2 2 2 2 2 2 2 2 2 2 2 2 2 2 2 2 2 2 2 2 2 2 2 2 2 2 2 2 2 2 2 2 2 2 2 2 2 2 2 2 2 2 2 2 2 2 2
left_child=2 18 3 7 -5 6 10 47 59 -6 53 12 29 -14 19 33 30 28 -2 20 21 58 51 -21 25 -25 -23 -24 -18 -12 32 -32 -17 -16 39 37 52 46 -39 42 45 -42 43 -8 -44 -41 -36 48 -1 -50 -51 -22 -37 54 -3 -56 -19 -4 -7 -9 -20 -13
right_child=1 5 57 4 9 14 34 8 -10 -11 11 61 13 -15 15 16 17 56 60 23 22 26 27 24 -26 -27 -28 -29 -30 -31 31 -33 -34 -35 35 36 -38 38 -40 40 41 -43 44 -45 -46 -47 -48 -49 49 50 -52 -53 -54 -55 55 -57 -58 -59 -60 -61 -62 -63
leaf_value=-0.05228532676691941 -0.01539911984007788 0.009553773580342392 -0.036746255481394756 -0.048197090324734827 0.0096004898537082103 0.014949266632630367 -0.0035204426695498859 -0.055161264487704614 -0.054017760320953595 -0.053168948174070529 -0.001796522718529373 -0.003809440899911914 -0.0024836691826281105 0.0052598324273252263 0.0024159014950391969 -0.00080032551828019757 0.0090097558431202571 0.0038386993470696097 -0.0065296090056166578 0.0018515319046015822 0.01665400741777056 0.008816883612133097 0.0068459222375826983 0.024436015193767865 -0.0034188846867649544 -0.013907122704215055 0.021106200666207438 -0.0095291842848796524 0.054726679644452242 -0.012200971954060525 0.010387420757916955 0.00021790352718319432 -0.016703053376358173 -0.0046474334490785767 -0.0017427388476561518 -0.014664466674459678 0.12338429861512445 0.032142653249498679 -0.00085939019581864344 0.0060410184372814684 -0.01379216833069654 0.0052404971899124141 0.0006057713290906065 0.020084038973361244 -0.0079354269685347582 0.021041877596031308 0.036031444168231251 -0.05398461769081745 -0.054653994253900912 0.0059463139876887068 -0.033464075331895736 -0.043813666092517953 0.010686775251116144 -0.00097524023977510585 0.0044288942911805945 -0.013690524680963424 0.0067706279961673044 -0.026401164764742108 0.0032688545364356922 0.0185113864196822 0.010219506774070021 -0.016581339863636524
leaf_weight=109264.5173631683 164313.15896818042 258881.05267602205 93021.445458874106 20198.568233668804 32021.717552646995 50016.544312477112 103037.39449238777 1246.2024040296674 6114.4801646620035 3585.3915004730225 348536.56440156698 55600.885425925255 475017.07375192642 527863.59193080664 648682.7007510066 422724.04816246033 654885.33971720934 2389808.5814651251 395618.87545225024 533745.14893913269 54677.249478459358 109625.55135411024 70525.027836799622 81777.760484397411 43487.830803513527 11040.8366355896 273954.01709169149 98053.847180843353 5084.0736598968506 130139.54681503773 170760.17001628876 211619.98218953609 36499.18789100647 230052.2041349411 75454.866955041885 79027.413768053055 1439.3102645874023 117344.51450383663 60501.211402893066 1709607.8139672279 163369.03068387508 202273.78489637375 516105.73641592264 139572.37519109249 267091.14065796137 50511.105850219727 7788.4635896682739 634388.53650599718 20058.770967341959 12509.385296687484 16357.47745706141 2120.9122772216797 13320.801225662231 188064.93601310253 118860.3233435154 36009.263158559799 988995.34338068962 137769.59121911228 292902.53732508421 7221.9829058647156 21128.709974169731 80942.507441163063
leaf_count=898248 459864 77659 564174 140956 24454 696 8857 9391 46497 23563 89730 13442 143346 133947 50332 13369 28311 60037 531698 21274 3813 8465 9003 2323 4445 58 2754 2639 25 36766 5608 7566 266 5933 7238 4796 7 8318 594 82214 7784 10093 49357 7881 18747 276 174 5325333 161280 51997 92522 12 137 14352 36219 13727 9730 631537 10523 7797 26050 22109
internal_value=-0.000383492 0.00321718 -0.0454461 -0.0494243 -0.015352 0.00373345 0.00244711 -0.05178 -0.0181963 0.00327977 6.84939e-05 -0.00134185 -0.000416656 0.0015921 0.00473141 0.00406632 0.00469644 0.0054592 -0.00842871 0.00709299 0.00926589 0.0116365 0.00162438 0.00400617 0.0124432 0.019875 0.017594 -0.00267862 0.00936195 -0.00462523 0.001036 0.00475934 -0.00206429 0.000566719 0.00395301 0.00853809 -0.00894498 0.0148183 0.0209157 0.00343671 0.00479707 -0.00326328 0.000617656 0.0100591 -0.002307 0.00647151 0.00179149 -0.0523979 -0.0460347 -0.0320752 -0.0163855 0.0143959 -0.0110076 0.0038605 0.00605854 0.000215847 0.00469689 -0.0305708 0.00497252 0.00766839 -0.00568043 -0.0113806
internal_weight=1.47822e+07 1.36885e+07 1.09376e+06 862967 55805.7 1.31074e+07 5.72636e+06 807161 14582.7 35607.1 2.21992e+06 1.6181e+06 1.48156e+06 1.00288e+06 7.38104e+06 5.75911e+06 4.88038e+06 4.03877e+06 581061 1.62193e+06 951876 726499 225377 670052 136306 92818.6 383580 168579 659969 478676 841603 382380 459223 878735 3.50644e+06 354877 93787.5 261089 177846 3.15157e+06 2.12576e+06 365643 1.02581e+06 242610 783197 1.76012e+06 83243.3 792579 158190 48925.6 28866.9 56798.2 92348.2 601816 413751 154870 3.3788e+06 230791 342919 8468.19 416748 136543
internal_count=10030313 2052564 7977749 6782038 188973 1034952 787770 6593065 63685 48017 581297 439340 403789 277293 247182 181177 124912 98103 1017612 66005 37905 22438 15467 28100 6826 2381 11219 11642 28336 126496 26809 13174 13635 56265 206473 21264 4940 16324 8912 185209 100367 17877 84842 16738 68104 82490 7412 6529380 1204047 305799 144519 3825 4933 141957 127605 49946 69767 1195711 11219 17188 557748 35551
is_linear=0
shrinkage=0.05


end of trees

feature_importances:
liaison_cible_encodage_controles=413
Mois=264
mois_cos=250
interaction_jour_liaison_controles=241
liaison_frequence=227
heure_cos=198
Heure=185
rolling_mean_30_controles=177
rolling_mean_14_controles=171
mois_sin=162
LiaisonId=138
heure_sin=117
jour_semaine_cos=109
jour_semaine_sin=108
lag_365_controles=102
rolling_std_30_controles=100
JourSemaine=90
rolling_std_14_controles=87
rolling_mean_7_controles=84
rolling_std_7_controles=80
lag_14_controles=57
lag_1_controles=53
lag_30_controles=49
lag_7_controles=44
EstRamadan=16
Annee=6
EstFerie=4
EstWeekend=2

parameters:
[boosting: gbdt]
[objective: tweedie]
[metric: rmse,tweedie]
[tree_learner: serial]
[device_type: cpu]
[data_sample_strategy: bagging]
[data: ]
[valid: ]
[num_iterations: 1000]
[learning_rate: 0.05]
[num_leaves: 63]
[num_threads: 2]
[seed: 42]
[deterministic: 1]
[force_col_wise: 0]
[force_row_wise: 1]
[histogram_pool_size: -1]
[max_depth: 8]
[min_data_in_leaf: 20]
[min_sum_hessian_in_leaf: 0.001]
[bagging_fraction: 0.8]
[pos_bagging_fraction: 1]
[neg_bagging_fraction: 1]
[bagging_freq: 0]
[bagging_seed: 400]
[bagging_by_query: 0]
[feature_fraction: 0.8]
[feature_fraction_bynode: 1]
[feature_fraction_seed: 30056]
[extra_trees: 0]
[extra_seed: 12879]
[early_stopping_round: 0]
[early_stopping_min_delta: 0]
[first_metric_only: 0]
[max_delta_step: 0]
[lambda_l1: 0.1]
[lambda_l2: 0.1]
[linear_lambda: 0]
[min_gain_to_split: 0]
[drop_rate: 0.1]
[max_drop: 50]
[skip_drop: 0.5]
[xgboost_dart_mode: 0]
[uniform_drop: 0]
[drop_seed: 17869]
[top_rate: 0.2]
[other_rate: 0.1]
[min_data_per_group: 100]
[max_cat_threshold: 32]
[cat_l2: 10]
[cat_smooth: 10]
[max_cat_to_onehot: 4]
[top_k: 20]
[monotone_constraints: ]
[monotone_constraints_method: basic]
[monotone_penalty: 0]
[feature_contri: ]
[forcedsplits_filename: ]
[refit_decay_rate: 0.9]
[cegb_tradeoff: 1]
[cegb_penalty_split: 0]
[cegb_penalty_feature_lazy: ]
[cegb_penalty_feature_coupled: ]
[path_smooth: 0]
[interaction_constraints: ]
[verbosity: 1]
[saved_feature_importance_type: 0]
[use_quantized_grad: 0]
[num_grad_quant_bins: 4]
[quant_train_renew_leaf: 0]
[stochastic_rounding: 1]
[linear_tree: 0]
[max_bin: 255]
[max_bin_by_feature: ]
[min_data_in_bin: 3]
[bin_construct_sample_cnt: 200000]
[data_random_seed: 175]
[is_enable_sparse: 1]
[enable_bundle: 1]
[use_missing: 1]
[zero_as_missing: 0]
[feature_pre_filter: 1]
[pre_partition: 0]
[two_round: 0]
[header: 0]
[label_column: ]
[weight_column: ]
[group_column: ]
[ignore_column: ]
[categorical_feature: ]
[forcedbins_filename: ]
[precise_float_parser: 0]
[parser_config_file: ]
[objective_seed: 16083]
[num_class: 1]
[is_unbalance: 0]
[scale_pos_weight: 1]
[sigmoid: 1]
[boost_from_average: 1]
[reg_sqrt: 0]
[alpha: 0.9]
[fair_c: 1]
[poisson_max_delta_step: 0.7]
[tweedie_variance_power: 1.1]
[lambdarank_truncation_level: 30]
[lambdarank_norm: 1]
[label_gain: ]
[lambdarank_position_bias_regularization: 0]
[eval_at: ]
[multi_error_top_k: 1]
[auc_mu_weights: ]
[num_machines: 1]
[local_listen_port: 12400]
[time_out: 120]
[machine_list_filename: ]
[machines: ]
[gpu_platform_id: -1]
[gpu_device_id: -1]
[gpu_device_id_list: ]
[gpu_use_dp: 0]
[num_gpu: 1]

end of parameters

pandas_categorical:[]
