tree
version=v4
num_class=1
num_tree_per_iteration=1
label_index=0
max_feature_idx=25
objective=regression
feature_names=LiaisonId_code Annee Mois JourSemaine EstWeekend EstFerie EstRamadan EstVacances jour_semaine_sin jour_semaine_cos mois_sin mois_cos liaison_frequence liaison_cible_encodage_ventes interaction_jour_liaison_ventes lag_1_ventes lag_7_ventes lag_14_ventes lag_30_ventes lag_365_ventes rolling_mean_7_ventes rolling_mean_14_ventes rolling_mean_30_ventes rolling_std_7_ventes rolling_std_14_ventes rolling_std_30_ventes
feature_infos=[0:2414] [2023:2025] [1:12] [0:6] [0:1] none [0:1] none [-0.97492790222167969:0.97492790222167969] [-0.90096884965896606:1] [-1:1] [-1:1] [1:1462] [0.0015290520386770368:5150.10009765625] [0:6494.5] [0:8808] [0:14234] [0:9944] [0:10483] [0:10870] [0:8283.4287109375] [0:6860.5] [0:6347.2998046875] [0:3898.06298828125] [0:3714.309326171875] [0:3137.24365234375]
tree_sizes=5919 6142 6213 6202 6205 6224 6213 6174 6184 6166 6155 6200 6193 6206 6196 6196 6141 6174 6207 6187 6164 6240 6148 6215 6167 6184 6221 6231 6180 6263 6209 6226 6143 6267 6222 6161 6268 6250 6169 6188 6232

Tree=0
num_leaves=63
num_cat=0
split_feature=12 15 22 22 16 12 12 15 20 15 16 16 12 21 14 20 25 12 12 14 9 10 18 14 15 22 12 14 22 12 12 12 21 14 16 1 16 11 10 14 9 21 18 11 9 1 12 10 12 18 3 3 12 3 11 1 18 1 9 12 11 12
split_gain=61959.9 7062.03 5633.59 2154.99 982.885 883.284 815.715 493.965 437.516 315.738 314.526 311.513 281.824 167.83 156.077 132.23 132.223 115.456 113.082 112.754 162.664 121.006 110.688 101.384 99.4378 98.335 84.7113 83.7983 77.7435 70.9257 65.8632 59.7231 56.7885 53.1356 51.6516 51.6367 49.0619 48.9961 48.008 46.2831 54.4581 41.0156 40.9687 38.2695 44.1781 110.585 37.7442 37.4967 36.735 36.0706 35.3505 34.9757 33.4416 32.0943 30.2663 39.9451 29.9427 29.2069 28.7565 28.5134 27.4019 27.008
threshold=300.00000000000006 1.0000000180025095e-35 0.35000000894069677 24.149999618530277 1.0000000180025095e-35 46.500000000000007 165.50000000000003 1.0000000180025095e-35 1.0000000180025095e-35 1.0000000180025095e-35 1.0000000180025095e-35 1.0000000180025095e-35 692.50000000000011 1.0000000180025095e-35 4.9085683822631845 1.0000000180025095e-35 97.968063354492202 19.500000000000004 101.50000000000001 20.828192710876468 -0.56174489110708226 -0.25000000000000006 1.0000000180025095e-35 6.5756354331970224 1.0000000180025095e-35 9.916666507720949 101.50000000000001 20.828192710876468 7.616666555404664 231.50000000000003 941.50000000000011 1068.0000000000002 1.0000000180025095e-35 7.6889834403991708 1.0000000180025095e-35 2024.5000000000002 7.5000000000000009 0.93301269412040722 -0.25000000000000006 20.828763961791996 1.0000000180025095e-35 1.0000000180025095e-35 1.0000000180025095e-35 -0.93301269412040699 1.0000000180025095e-35 2024.5000000000002 612.00000000000011 0.25000000000000011 995.50000000000011 1.0000000180025095e-35 3.5000000000000004 1.5000000000000002 92.500000000000014 3.5000000000000004 1.0000000180025095e-35 2024.5000000000002 1.0000000180025095e-35 2024.5000000000002 1.0000000180025095e-35 941.50000000000011 1.0000000180025095e-35 231.50000000000003
decision_type=2 2 2 2 2 2 2 2 2 2 2 2 2 2 2 2 2 2 2 2 2 2 2 2 2 2 2 2 2 2 2 2 2 2 2 2 2 2 2 2 2 2 2 2 2 2 2 2 2 2 2 2 2 2 2 2 2 2 2 2 2 2
left_child=2 4 5 10 8 14 18 15 27 13 23 42 28 19 17 -8 -13 -1 -4 35 21 -21 46 -3 -20 31 47 32 60 -9 -14 49 -2 -24 -31 -7 -30 -22 61 40 50 -19 -5 44 -11 -46 54 51 -25 -12 -29 -15 -45 -40 -10 -56 -18 -55 -37 -35 -6 -17
right_child=1 3 6 11 12 9 7 29 22 43 25 16 30 26 -16 38 56 41 24 20 37 -23 33 48 -26 -27 -28 39 36 34 -32 -33 -34 59 -36 58 -38 -39 53 -41 -42 -43 -44 52 45 -47 -48 -49 -50 -51 -52 -53 -54 57 55 -57 -58 -59 -60 -61 -62 -63
leaf_value=0.18547129546251231 0.18859051695374371 0.2092389731597763 0.19106911195565554 0.21423754448283688 0.2075286135084233 0.18693412491731201 0.19330160611324149 0.20266571297511049 0.20234451566336772 0.19430119258325171 0.21334680621689989 0.22514053077441359 0.2132528023070383 0.18840967894860514 0.19293776035185101 0.19909426135188102 0.22459309675681208 0.18639755796247939 0.19362046400007474 0.22961817046592778 0.18929888187881533 0.18752930811957527 0.20348854991893187 0.21397992005677571 0.19882170644688321 0.22038356486264818 0.19250104220834124 0.22324887199909932 0.21495640133024943 0.2051868975522825 0.2201733955403018 0.2252056696576375 0.19512599579078188 0.20771402227288291 0.2108597544183613 0.18803418888809723 0.20860011261687911 0.21370283523043684 0.19634247866621549 0.194806594538387 0.19768229192087364 0.1877155332244986 0.22067272468457211 0.19283963799278295 0.19394992287927834 0.2226539593314093 0.20467228566338896 0.18854616167904073 0.22366613756555348 0.21717199109347093 0.1981689714392425 0.19132922013367618 0.1970136052631033 0.19725351727642298 0.19685478519843114 0.2047849098882279 0.22948496597656753 0.2016140558972366 0.1913886530977863 0.21552334076682259 0.20354447369868928 0.20294682440441722
leaf_weight=327511 6531 18457 33186 3433 8424 90825 13982 14184 7796 1268 12182 36901 7925 14161 8444 10097 3390 156024 40568 542 2936 249 9065 16339 11880 22832 34226 562 4251 9956 6089 1620 6766 7752 6734 15093 10675 221 19724 1386 716 95080 8940 11627 721 627 5523 44774 1044 12543 188 37288 8171 7843 8956 1931 43984 7534 11093 1380 8881 8294
leaf_count=327511 6531 18457 33186 3433 8424 90825 13982 14184 7796 1268 12182 36901 7925 14161 8444 10097 3390 156024 40568 542 2936 249 9065 16339 11880 22832 34226 562 4251 9956 6089 1620 6766 7752 6734 15093 10675 221 19724 1386 716 95080 8940 11627 721 627 5523 44774 1044 12543 188 37288 8171 7843 8956 1931 43984 7534 11093 1380 8881 8294
internal_value=0.194627 0.215228 0.188979 0.221191 0.204892 0.187282 0.196921 0.200028 0.200588 0.189627 0.215384 0.226298 0.21034 0.18912 0.186188 0.197631 0.227386 0.18609 0.193353 0.187779 0.196088 0.216363 0.203255 0.211821 0.194799 0.217981 0.190364 0.193585 0.207766 0.205266 0.21626 0.215898 0.191916 0.206202 0.207476 0.187498 0.210411 0.191009 0.198762 0.201361 0.207554 0.186897 0.218888 0.195313 0.200997 0.207299 0.20104 0.189604 0.214562 0.215288 0.21697 0.190526 0.194563 0.197678 0.199966 0.198262 0.229135 0.19939 0.189455 0.208895 0.205484 0.200832
internal_weight=1.33132e+06 286462 1.04486e+06 181665 104797 860881 183982 98348 58552 273822 85017 96648 46245 251408 587059 67474 84275 578615 85634 120959 3948 791 42403 35840 52448 49177 130449 16149 32231 30874 14014 26345 13297 18197 16690 117011 14926 3157 53492 2852 1466 251104 12373 22414 2616 1348 24206 96223 17383 24725 750 51449 19798 35101 18683 10887 47374 15377 26186 9132 17305 18391
internal_count=1331325 286462 1044863 181665 104797 860881 183982 98348 58552 273822 85017 96648 46245 251408 587059 67474 84275 578615 85634 120959 3948 791 42403 35840 52448 49177 130449 16149 32231 30874 14014 26345 13297 18197 16690 117011 14926 3157 53492 2852 1466 251104 12373 22414 2616 1348 24206 96223 17383 24725 750 51449 19798 35101 18683 10887 47374 15377 26186 9132 17305 18391
is_linear=0
shrinkage=1


Tree=1
num_leaves=63
num_cat=0
split_feature=12 22 13 23 13 23 17 17 12 12 12 13 21 13 12 12 11 1 21 10 17 12 2 1 12 12 13 11 13 21 18 18 12 17 2 6 12 11 11 1 22 22 1 11 1 1 22 21 2 2 1 10 18 25 25 6 2 1 3 10 13 23
split_gain=55926 5747.36 4808.13 1395.06 1114.35 888.838 811.02 712.356 686.504 532.446 273.357 249.642 248.895 212.031 199.331 143.684 119.218 123.413 113.944 110.488 110.185 102.248 90.4767 117.747 89.2709 88.8071 73.6613 71.8455 61.2254 61.0718 60.9366 57.2697 56.1512 69.0301 55.9994 53.5645 48.5359 54.2938 42.8266 41.3773 54.1189 40.8425 40.4579 39.5443 39.2979 39.087 38.6839 38.0595 35.6777 35.4558 59.2199 34.8255 33.1238 31.9827 31.6793 27.574 35.1802 38.5162 26.877 26.3043 25.7714 25.5854
threshold=292.00000000000006 22.883333206176761 0.25449645519256597 0.43295724689960485 20.316013336181644 1.0000000180025095e-35 1.0000000180025095e-35 1.0000000180025095e-35 45.500000000000007 177.50000000000003 871.50000000000011 71.305980682373061 1.0000000180025095e-35 8.2660970687866229 567.50000000000011 941.50000000000011 1.0000000180025095e-35 2024.5000000000002 1.0000000180025095e-35 0.68301269412040722 1.0000000180025095e-35 17.500000000000004 3.5000000000000004 2024.5000000000002 95.500000000000014 128.50000000000003 20.316013336181644 1.0000000180025095e-35 21.330213546752933 1.0000000180025095e-35 1.0000000180025095e-35 1.0000000180025095e-35 941.50000000000011 9.5000000000000018 5.5000000000000009 1.0000000180025095e-35 941.50000000000011 1.0000000180025095e-35 -0.25000000000000006 2024.5000000000002 9.5166668891906756 4.7833335399627694 2024.5000000000002 1.0000000180025095e-35 2024.5000000000002 2024.5000000000002 1.0000000180025095e-35 1.0000000180025095e-35 5.5000000000000009 3.5000000000000004 2024.5000000000002 -0.25000000000000006 1.0000000180025095e-35 35.531757354736335 9.7359685897827166 1.0000000180025095e-35 5.5000000000000009 2024.5000000000002 3.5000000000000004 0.68301269412040722 157.46121215820315 1.0000000180025095e-35
decision_type=2 2 2 2 2 2 2 2 2 2 2 2 2 2 2 2 2 2 2 2 2 2 2 2 2 2 2 2 2 2 2 2 2 2 2 2 2 2 2 2 2 2 2 2 2 2 2 2 2 2 2 2 2 2 2 2 2 2 2 2 2 2
left_child=2 3 8 10 5 18 15 14 21 25 26 31 44 27 16 22 35 19 -4 -18 38 -1 23 -3 34 46 29 39 41 -2 -13 49 33 53 -14 -5 37 -16 -11 40 -9 -28 -40 -35 59 -39 -7 -23 -26 50 -8 -22 -29 -15 -19 56 -24 -58 -53 -10 -32 -31
right_child=1 6 4 7 -6 9 11 13 12 20 -12 30 24 32 36 -17 17 54 -20 -21 51 47 55 -25 48 -27 28 52 -30 61 60 -33 -34 43 -36 -37 -38 45 42 -41 -42 -43 -44 -45 -46 -47 -48 -49 -50 -51 -52 58 -54 -55 -56 -57 57 -59 -60 -61 -62 -63
leaf_value=-0.0087604352412185543 -0.0039468273265467506 0.0056122258475240763 -0.0060714598068543155 0.012907881537313523 0.039239152814423972 -0.0077314210419443183 0.011719963739133338 0.018369608152597496 -0.006731670846133255 0.0062558510122612586 0.027818763893240353 0.026328830890384899 -0.0055963436563232728 0.022299881322199355 0.018876980584361425 0.024486887485099695 0.0080197956052615229 0.010668413171947893 -0.0018020142214904456 -0.00045288954940531621 0.011288040063143483 -0.0078733563346964405 0.02527160234316075 0.024535532639149177 -0.003261166705020638 0.0016973599257258073 0.033843906404483863 0.011537834358353125 0.0044780038960359281 0.000328738560434475 0.03061515796988545 0.027604088022259356 0.027435108137507953 0.020920296855275727 -0.003385195773017444 -0.0015447201522689206 0.024407335260198209 0.011303089971585563 0.0020691087792375938 0.015291239685172637 0.02766082990783001 -0.0026023372992584593 0.0063459508303391381 0.016490012348613439 -0.0050230655627745632 0.018770869779011615 -0.0012991100770218494 -0.0066496249708721134 0.00016097274258544672 0.025112313238019809 0.026820925207989454 0.0052132214604028483 0.015880960432481512 0.028970785986252419 0.017149607065183755 0.0048933719084522306 0.021208156253609348 0.013568215851321683 0.0095948079021924287 -0.0086283695689493844 0.032960975861317014 0.0059997766061827967
leaf_weight=300970 8213 3530 33510 27068 1913 2514 1520 11878 51012 23939 937 4812 49379 11873 6735 7146 16179 4532 29292 5047 9151 173610 1883 1072 13301 38987 352 9259 1293 7377 17354 30493 3315 10264 68211 656 1654 7530 18649 9443 1809 98 7864 9934 21984 2288 33347 100346 17814 6108 1136 7284 8378 2126 3239 350 3420 3200 6752 28542 36729 2724
leaf_count=300970 8213 3530 33510 27068 1913 2514 1520 11878 51012 23939 937 4812 49379 11873 6735 7146 16179 4532 29292 5047 9151 173610 1883 1072 13301 38987 352 9259 1293 7377 17354 30493 3315 10264 68211 656 1654 7530 18649 9443 1809 98 7864 9934 21984 2288 33347 100346 17814 6108 1136 7284 8378 2126 3239 350 3420 3200 6752 28542 36729 2724
internal_value=2.72177e-09 0.0192935 -0.00544324 0.0135111 0.00125031 0.000906315 0.0277757 0.0151675 -0.00717269 0.00301538 0.00142345 0.0296689 -0.00498665 0.0185032 0.0116825 0.0187557 0.0102211 0.00797914 -0.0040802 0.00600498 0.00603393 -0.00812417 0.0157113 0.0100218 -0.00368356 4.55058e-05 0.000189963 0.0160064 0.0100119 -0.000744593 0.0317281 0.0265793 0.0212165 0.0206134 -0.00431376 0.0125657 0.0162348 0.0154177 0.00472253 0.0178401 0.0195982 0.0258968 0.00333787 0.0187417 -0.00689501 0.0130441 -0.0017502 -0.00742514 -0.00130176 0.0230127 0.0181815 0.00888713 0.0136013 0.0233135 0.0133706 0.0186681 0.0192345 0.0175161 0.00732139 -0.00741223 0.0322084 0.00185862
internal_weight=1.33132e+06 292954 1.03837e+06 174201 213202 211289 118753 153207 825169 148487 20994 98152 250243 78279 74928 20601 56721 28997 62802 21226 73639 574926 13455 4602 148705 74848 20057 40767 1743 18314 58895 39257 37512 34197 117590 27724 18207 16553 50452 23130 13687 450 26513 20198 101538 9818 35861 273956 31115 8764 2656 23187 17637 13999 7771 8853 8503 6620 14036 79554 54083 10101
internal_count=1331325 292954 1038371 174201 213202 211289 118753 153207 825169 148487 20994 98152 250243 78279 74928 20601 56721 28997 62802 21226 73639 574926 13455 4602 148705 74848 20057 40767 1743 18314 58895 39257 37512 34197 117590 27724 18207 16553 50452 23130 13687 450 26513 20198 101538 9818 35861 273956 31115 8764 2656 23187 17637 13999 7771 8853 8503 6620 14036 79554 54083 10101
is_linear=0
shrinkage=0.05


Tree=2
num_leaves=63
num_cat=0
split_feature=12 15 13 21 13 21 16 12 15 20 17 16 15 12 12 12 21 16 21 17 17 17 12 25 12 13 13 16 16 2 12 25 17 16 25 12 21 12 12 1 3 13 21 17 12 17 17 12 2 2 1 25 1 9 2 11 12 11 17 2 25 2
split_gain=50481.6 5984.81 4622.08 1638.65 1001.56 866.257 816.208 619.877 518.01 339.253 306.317 256.112 246.718 228.526 174.974 174.251 165.734 134.225 128.652 109.251 98.5121 94.0537 93.225 83.6323 78.0568 77.7826 100.763 59.4861 56.4237 53.6488 52.0373 51.9713 49.4179 48.1529 46.7001 44.6882 41.3338 39.7689 39.332 35.4219 33.2519 32.8643 32.3473 30.11 29.0187 28.6423 28.098 27.6575 27.2312 27.1463 60.1322 26.065 24.3037 23.2956 33.9143 23.2555 21.2332 26.0424 21.2223 21.0808 20.2166 19.4759
threshold=300.00000000000006 1.0000000180025095e-35 0.25449645519256597 24.035714149475101 20.316013336181644 0.32142858207225805 1.0000000180025095e-35 45.500000000000007 1.0000000180025095e-35 1.0000000180025095e-35 1.0000000180025095e-35 1.0000000180025095e-35 1.0000000180025095e-35 692.50000000000011 165.50000000000003 201.00000000000003 1.0000000180025095e-35 1.0000000180025095e-35 1.0000000180025095e-35 1.0000000180025095e-35 1.0000000180025095e-35 1.0000000180025095e-35 20.500000000000004 74.218879699707045 532.50000000000011 20.316013336181644 21.330213546752933 1.0000000180025095e-35 1.0000000180025095e-35 5.5000000000000009 941.50000000000011 21.016413688659672 1.0000000180025095e-35 1.0000000180025095e-35 13.841902732849123 128.50000000000003 1.0000000180025095e-35 90.500000000000014 567.50000000000011 2024.5000000000002 1.5000000000000002 11.12425756454468 1.0000000180025095e-35 1.0000000180025095e-35 177.50000000000003 1.0000000180025095e-35 1.0000000180025095e-35 678.00000000000011 3.5000000000000004 3.5000000000000004 2024.5000000000002 21.560460090637211 2024.5000000000002 1.0000000180025095e-35 1.5000000000000002 1.0000000180025095e-35 995.50000000000011 1.0000000180025095e-35 1.0000000180025095e-35 6.5000000000000009 0.64370155334472667 5.5000000000000009
decision_type=2 2 2 2 2 2 2 2 2 2 2 2 2 2 2 2 2 2 2 2 2 2 2 2 2 2 2 2 2 2 2 2 2 2 2 2 2 2 2 2 2 2 2 2 2 2 2 2 2 2 2 2 2 2 2 2 2 2 2 2 2 2
left_child=2 6 7 11 5 16 9 22 14 25 28 24 18 20 59 35 -4 -12 39 47 60 41 -1 -19 32 36 34 48 -5 -20 45 55 -3 -17 -27 -10 -2 -14 -21 -9 -31 -13 52 -42 -18 -15 -29 49 -16 50 -11 -22 -24 -41 -55 -23 57 -26 -35 -7 -8 -44
right_child=1 3 4 10 -6 8 13 12 15 19 17 21 37 30 27 33 44 23 29 38 51 31 42 -25 56 26 -28 46 -30 40 -32 -33 -34 58 -36 -37 -38 -39 -40 53 43 -43 61 -45 -46 -47 -48 -49 -50 -51 -52 -53 -54 54 -56 -57 -58 -59 -60 -61 -62 -63
leaf_value=-0.0082425245789146482 -0.0050216949082032038 0.011947931835672859 -0.0057990341179511243 0.016530757434429246 0.037272428315903647 -0.0022050954219929369 0.0020031735257980843 -0.0070402530175513942 0.0011171480103276178 -0.0010017497103307017 0.023637193361415343 0.016851778957515252 -0.0011076597193366076 0.012689120276704125 4.4872318107297265e-05 0.0090817566491942867 -0.0018191574842358633 0.027942945145283022 -0.0053379494261544796 0.0086489540444562099 0.013114398181751301 0.022972712046342214 -0.0078610305598447953 0.031417486891558821 0.020916091773534262 0.032954094154628903 0.0012938676619131137 0.0038926711418723922 0.023571167370070825 -0.0049923361729890536 0.022854125514751064 0.026233695765392823 0.01661967856608065 0.011647180474796072 -0.0019306839841343373 0.0061052423261693523 0.00041741173275340024 0.0034842165789418463 0.013498880384593582 -0.0061681610826880545 -0.0031419415732159024 0.021308671188687435 -0.0070894570789246563 5.2485153395601597e-05 0.0015016594936566132 0.018959356921557615 0.0078925754332180992 0.0092894994542138606 0.0028070381936259495 0.0059258295766197282 0.0089747339742318692 0.017449806333693193 -0.0064675217112510029 0.0077988808496460968 -0.0037259328392233366 0.019499936115709996 0.025785579042026482 0.016093796608928217 0.016662912809571197 8.9977159221214036e-05 0.0093447463327396372 -0.0055845701660667511
leaf_weight=342509 7182 13092 36576 4104 1923 23382 1004 79551 6421 4840 8648 11529 15017 2854 12983 13554 27403 26567 54904 10970 11674 12812 96921 50021 5116 458 1591 12415 9338 20040 6089 8923 9995 4769 121 14953 6797 6873 6767 12667 42990 6477 36304 8901 8655 5071 6801 3782 28559 13849 2195 4949 46295 689 8628 7785 1029 6229 3801 17482 14604 52897
leaf_count=342509 7182 13092 36576 4104 1923 23382 1004 79551 6421 4840 8648 11529 15017 2854 12983 13554 27403 26567 54904 10970 11674 12812 96921 50021 5116 458 1591 12415 9338 20040 6089 8923 9995 4769 121 14953 6797 6873 6767 12667 42990 6477 36304 8901 8655 5071 6801 3782 28559 13849 2195 4949 46295 689 8628 7785 1029 6229 3801 17482 14604 52897
internal_value=1.0548e-08 0.0185948 -0.00509797 0.0240839 0.0013473 0.00103001 0.00907938 -0.00681381 0.00326111 0.00515768 0.0284388 0.0189054 -0.00473665 0.0140446 0.00130664 0.00782711 -0.00342759 0.0295453 -0.0052227 0.00750644 0.0117265 0.0213051 -0.00771796 0.0302123 0.0156891 -0.00100922 0.0077974 0.00300816 0.0214222 -0.00416078 0.0193756 0.0230431 0.0139707 0.0109378 0.0256561 0.00460701 -0.0023767 0.000333874 0.0104996 -0.00654917 -0.00326218 0.0184554 -0.0069449 -0.0025939 -0.00102192 0.0167021 0.00530863 0.00535383 0.00194391 0.00464082 0.0021104 0.0144055 -0.00741061 -0.00477191 -0.00287305 0.0216605 0.0188947 0.018269 0.0138725 -0.00122312 0.00887283 -0.00619711
internal_weight=1.33132e+06 286462 1.04486e+06 181665 219677 217754 104797 825186 145120 58552 98678 82987 250260 46245 101622 43498 72634 85236 228370 42403 32231 47526 574926 76588 35461 16149 2170 60758 13442 126835 14014 29520 23087 22124 579 21374 13979 21890 17737 101535 71931 18006 232417 51891 36058 7925 19216 24666 41542 20884 7035 16623 143216 21984 9317 20597 12374 11345 8570 40864 15608 89201
internal_count=1331325 286462 1044863 181665 219677 217754 104797 825186 145120 58552 98678 82987 250260 46245 101622 43498 72634 85236 228370 42403 32231 47526 574926 76588 35461 16149 2170 60758 13442 126835 14014 29520 23087 22124 579 21374 13979 21890 17737 101535 71931 18006 232417 51891 36058 7925 19216 24666 41542 20884 7035 16623 143216 21984 9317 20597 12374 11345 8570 40864 15608 89201
is_linear=0
shrinkage=0.05


Tree=3
num_leaves=63
num_cat=0
split_feature=12 15 13 22 13 16 23 12 12 23 16 17 15 15 12 21 16 17 15 17 21 14 12 13 13 17 25 12 2 16 17 21 22 12 17 17 22 12 21 12 12 17 10 2 12 12 17 13 14 11 2 22 8 3 21 10 25 3 12 22 16 10
split_gain=45561.6 5660.18 3913.81 1622.35 907.797 771.275 733.351 561.581 437.147 319.207 261.928 242.671 235.344 220.948 220.898 126.176 109.85 104.987 98.5667 94.9655 89.4241 87.173 76.3007 73.4599 93.4521 70.3631 65.916 60.6968 53.6564 45.1368 44.4656 43.1856 43.1497 42.8043 41.6004 40.4215 39.3412 37.879 37.6316 36.5003 36.1102 31.1291 30.0793 29.3464 27.5 26.6423 24.5892 24.3858 23.0388 22.253 21.3159 21.1024 23.2734 22.8074 19.861 19.8 19.7594 19.2118 18.8913 18.7752 18.4795 17.6773
threshold=292.00000000000006 1.0000000180025095e-35 0.25449645519256597 24.149999618530277 20.316013336181644 1.0000000180025095e-35 1.0000000180025095e-35 39.500000000000007 177.50000000000003 1.0000000180025095e-35 1.0000000180025095e-35 1.0000000180025095e-35 1.0000000180025095e-35 1.0000000180025095e-35 567.50000000000011 1.0000000180025095e-35 1.0000000180025095e-35 1.0000000180025095e-35 1.0000000180025095e-35 1.0000000180025095e-35 1.0000000180025095e-35 6.5756354331970224 941.50000000000011 20.316013336181644 21.330213546752933 1.0000000180025095e-35 74.218879699707045 14.500000000000002 5.5000000000000009 1.0000000180025095e-35 1.0000000180025095e-35 10.892857074737551 4.7833335399627694 86.500000000000014 1.0000000180025095e-35 1.0000000180025095e-35 0.050000002607703216 567.50000000000011 1.0000000180025095e-35 115.50000000000001 68.500000000000014 1.0000000180025095e-35 -0.25000000000000006 1.5000000000000002 612.00000000000011 995.50000000000011 1.0000000180025095e-35 11.12425756454468 0.1179633140563965 1.0000000180025095e-35 3.5000000000000004 0.25000000745058065 0.87837970256805431 5.5000000000000009 1.0000000180025095e-35 0.68301269412040722 0.64370155334472667 1.5000000000000002 76.500000000000014 1.1166666746139529 50.500000000000007 -0.25000000000000006
decision_type=2 2 2 2 2 2 2 2 2 2 2 2 2 2 2 2 2 2 2 2 2 2 2 2 2 2 2 2 2 2 2 2 2 2 2 2 2 2 2 2 2 2 2 2 2 2 2 2 2 2 2 2 2 2 2 2 2 2 2 2 2 2
left_child=2 5 7 10 6 9 20 27 18 23 21 29 15 35 25 43 -13 44 36 47 -4 41 34 38 32 56 -18 -1 58 -5 -15 59 -25 -14 60 49 -8 -19 -2 -20 -30 -3 -38 51 48 46 -23 -12 -11 -10 -50 53 -53 -9 -29 -22 -7 -42 -17 -21 -16 -37
right_child=1 3 4 11 -6 14 8 12 13 17 19 16 33 30 22 28 26 37 39 31 55 45 -24 24 -26 -27 -28 54 40 -31 -32 -33 -34 -35 -36 61 42 -39 -40 -41 57 -43 -44 -45 -46 -47 -48 -49 50 -51 -52 52 -54 -55 -56 -57 -58 -59 -60 -61 -62 -63
leaf_value=-0.0079949448926287647 -0.0047286216330902318 0.010711550164726007 -0.0054779367951602155 0.016414002254363326 0.03541377261378377 0.00010505266934219882 -0.0064170913408434912 -0.0047243876458933362 0.0037357696942497132 -0.0013112402252316521 0.016025244255879856 0.022787109655674691 -0.0014314788046566613 0.0076537399289596008 0.013848202963791906 -0.0059146251648512678 0.02670749745261964 0.0081070948900260238 -0.00033455192548714741 0.011032177124327427 -0.00082168978078194736 0.01468214812916932 0.021711437578860349 0.031389582679993915 0.0012291784358162455 0.012760826496501874 0.029857868590212212 -0.0072247627946371313 -0.0043307714365638239 0.02282194622656002 0.011984286704921373 0.023657793564597081 -0.0021697298771733548 0.0031001601473502824 0.01714176916006168 0.0079618406204457672 0.00092409620492329655 0.012823946582497862 0.00025086282563255757 0.0044332530710231776 -0.0040070672225132912 0.01477152601708575 -0.0015970726391547488 -0.0064853934673972562 0.0079438013708406571 0.024965883591213673 0.01856644838572458 0.019784244288906648 0.0021980871622736243 0.0011344279547784426 0.0057958293204773883 -0.0047521659231212982 0.030879984601752366 0.004015442355651897 -0.0063065580887979424 -0.0036301602690486812 0.0080803144522299548 -0.0015656447367969357 -0.0041245024381144609 0.020289709063933868 0.0079249246252907652 0.004299647178923254
leaf_weight=260859 7725 11715 33510 3972 1913 829 3209 5305 16624 1832 12101 8401 16844 17549 3678 39835 24829 11507 5610 572 20179 7808 6089 469 1591 12895 50463 179001 42706 8983 8963 16226 120 7545 9292 5202 18225 6767 7453 14095 11155 7932 33709 120395 5790 1044 8577 6740 6258 16279 12065 88 95 868 87965 9113 12605 29072 23436 14566 2060 9022
leaf_count=260859 7725 11715 33510 3972 1913 829 3209 5305 16624 1832 12101 8401 16844 17549 3678 39835 24829 11507 5610 572 20179 7808 6089 469 1591 12895 50463 179001 42706 8983 8963 16226 120 7545 9292 5202 18225 6767 7453 14095 11155 7932 33709 120395 5790 1044 8577 6740 6258 16279 12065 88 95 868 87965 9113 12605 29072 23436 14566 2060 9022
internal_value=1.6698e-08 0.0174142 -0.00491303 0.0227651 0.00112601 0.00838707 0.000815531 -0.00647336 0.00273126 0.00469536 0.0178235 0.0272278 -0.00473543 0.00546638 0.013178 -0.00515591 0.0282137 0.00695087 4.02556e-05 0.0201776 -0.00371388 0.0146355 0.0169876 -0.00105019 0.00753177 0.010122 0.0288191 -0.0074524 -0.00415486 0.0208578 0.00911801 0.0218638 0.0245447 -2.93555e-05 0.0150734 0.00341197 -0.00104432 0.00985411 -0.00228318 0.00307561 -0.00331805 0.012351 -0.000712232 -0.00631055 0.00490579 0.0172105 0.0167159 0.0173703 0.00403277 0.0024489 0.00456736 -0.00299783 0.0137249 -0.0034946 -0.00692224 -0.00169561 0.00758854 -0.00224279 -0.00525164 0.0199403 0.0117227 0.00563938
internal_weight=1.33132e+06 292954 1.03837e+06 183929 213202 109025 211289 825169 148487 61577 87281 96648 297344 73639 47448 272955 83693 44219 74848 50205 62802 37076 21119 17358 2180 26329 75292 527825 146204 12955 26512 31364 589 24389 15030 47127 55143 18274 15178 19705 82933 19647 51934 126751 25945 17429 16385 18841 20155 32903 18323 6356 183 6173 266966 29292 13434 40227 63271 15138 5738 14224
internal_count=1331325 292954 1038371 183929 213202 109025 211289 825169 148487 61577 87281 96648 297344 73639 47448 272955 83693 44219 74848 50205 62802 37076 21119 17358 2180 26329 75292 527825 146204 12955 26512 31364 589 24389 15030 47127 55143 18274 15178 19705 82933 19647 51934 126751 25945 17429 16385 18841 20155 32903 18323 6356 183 6173 266966 29292 13434 40227 63271 15138 5738 14224
is_linear=0
shrinkage=0.05


Tree=4
num_leaves=63
num_cat=0
split_feature=12 15 22 22 13 16 12 12 15 20 16 15 17 13 24 12 16 17 17 20 14 17 13 13 12 12 25 17 15 17 12 13 18 16 16 22 1 24 11 1 8 12 17 15 10 0 0 13 10 1 10 11 1 12 0 25 10 12 15 18 12 16
split_gain=41127.8 4872.2 3790.58 1409.54 1211.03 664.614 580.68 559.325 377.18 276.589 230.46 228.454 208.84 188.53 128.053 98.0315 91.8519 88.829 88.1171 87.0593 75.1687 64.0145 63.3124 82.047 62.2291 60.4447 58.3377 57.776 53.1929 45.2815 45.2307 42.1409 41.4528 40.2447 39.6921 38.613 37.7292 33.7964 33.0941 38.6322 66.5887 32.6735 32.1609 31.2924 26.7852 23.7782 26.0815 22.478 22.1062 21.7306 27.2025 21.6606 31.4114 20.9934 20.7541 22.607 20.6058 20.2646 20.2792 19.7211 19.3579 24.789
threshold=300.00000000000006 1.0000000180025095e-35 0.35000000894069677 25.516666412353519 20.316013336181644 1.0000000180025095e-35 52.500000000000007 154.50000000000003 1.0000000180025095e-35 1.0000000180025095e-35 1.0000000180025095e-35 1.0000000180025095e-35 1.0000000180025095e-35 16.840389251708988 1.0000000180025095e-35 24.500000000000004 1.0000000180025095e-35 1.0000000180025095e-35 1.0000000180025095e-35 1.0000000180025095e-35 9.5028090476989764 1.0000000180025095e-35 20.316013336181644 21.330213546752933 95.500000000000014 231.50000000000003 142.75423431396487 1.0000000180025095e-35 1.0000000180025095e-35 1.0000000180025095e-35 103.50000000000001 6.3932466506958017 1.0000000180025095e-35 1.0000000180025095e-35 1.0000000180025095e-35 4.7833335399627694 2024.5000000000002 1.0000000180025095e-35 -0.93301269412040699 2024.5000000000002 -1.0000000180025095e-35 893.00000000000011 1.0000000180025095e-35 1.0000000180025095e-35 -0.25000000000000006 206.50000000000003 1372.5000000000002 16.840389251708988 0.25000000000000011 2024.5000000000002 0.68301269412040722 1.0000000180025095e-35 2024.5000000000002 9.5000000000000018 1883.5000000000002 35.531757354736335 0.68301269412040722 893.00000000000011 43.500000000000007 1.0000000180025095e-35 917.50000000000011 56.500000000000007
decision_type=2 2 2 2 2 2 2 2 2 2 2 2 2 2 2 2 2 2 2 2 2 2 2 2 2 2 2 2 2 2 2 2 2 2 2 2 2 2 2 2 2 2 2 2 2 2 2 2 2 2 2 2 2 2 2 2 2 2 2 2 2 2
left_child=2 5 4 10 6 9 15 24 19 22 20 14 34 21 36 53 -14 32 47 -9 42 -7 37 35 -4 -10 -18 60 -26 51 48 45 -11 -27 -5 -24 56 -2 39 -13 -41 -19 -3 49 -31 -20 -47 -12 -16 50 -17 -21 -53 -1 55 -33 -8 58 -22 -29 61 -15
right_child=1 3 7 12 -6 13 11 8 25 17 18 38 16 27 30 43 26 41 31 29 57 -23 23 -25 28 33 -28 59 -30 44 -32 54 -34 -35 -36 -37 -38 -39 -40 40 -42 -43 -44 -45 -46 46 -48 -49 -50 -51 -52 52 -54 -55 -56 -57 -58 -59 -60 -61 -62 -63
leaf_value=-0.0077227042785941672 -0.0045341863004552899 0.010773536200473813 -0.003184733591772584 0.015627939482625145 0.033639353781041284 0.0078960428626259956 -0.0056277885669742721 -0.0010479875077632887 0.0065232307814288614 0.0032529626033611669 0.015725210210232543 0.00039702192599002972 0.021807944310412348 0.014986055114172959 -0.0031881529317823658 -0.0062077533533691732 0.026053400118020317 0.0088091224299565295 0.022682144205241526 0.0033242365438725524 0.017598835504449333 0.012556909196847999 0.029753190805830027 0.0011677232426076419 -0.0011304711202052902 0.0087720455323670923 0.028860761721975499 0.015649492503908902 0.002907404906562952 0.0077340697899276464 -0.0017759042163441687 0.021308942181781598 0.0074892477121821441 0.013779631422482739 0.021778191522160314 -0.0020613335947708526 -0.0038886994908030209 0.0003839984723556279 0.00031244630286103711 -0.002845673412409223 0.022252878243236685 0.016362346767788132 0.014537760374782514 -0.0033979313160117336 0.0037536875453121235 0.014828455642205455 0.021360429522804199 0.020071850980548998 -0.0048164823679191652 -0.0055446654689006412 -0.0079328464725136136 -0.00041332343874188278 0.0038564190751977155 -0.006989531076417867 0.033498965038947892 0.026251308910802573 -0.0072611548649307153 0.022597193222572989 0.012713895031972523 0.02023752300464372 0.017648356466211022 0.0069875446075486252
leaf_weight=205811 7182 13267 28910 3778 1923 14456 52445 15693 16489 15431 14965 1217 8109 1843 44172 104467 38205 16164 2220 21017 8796 15044 459 1591 37128 9956 36055 3308 10452 6685 33206 19242 9235 6734 8651 120 21720 6797 18180 413 732 1573 9945 10499 11518 5168 2179 3728 39522 80369 29289 12946 6454 186293 395 2644 30623 1503 2815 8148 1396 2050
leaf_count=205811 7182 13267 28910 3778 1923 14456 52445 15693 16489 15431 14965 1217 8109 1843 44172 104467 38205 16164 2220 21017 8796 15044 459 1591 37128 9956 36055 3308 10452 6685 33206 19242 9235 6734 8651 120 21720 6797 18180 413 732 1573 9945 10499 11518 5168 2179 3728 39522 80369 29289 12946 6454 186293 395 2644 30623 1503 2815 8148 1396 2050
internal_value=2.14871e-08 0.0167839 -0.00460147 0.0217365 -0.0059937 0.00819839 -0.00608244 0.00191295 0.00423852 0.00465956 0.0171354 -0.00400802 0.0259527 0.0126789 -0.00447544 -0.00689719 0.0268645 0.00678033 0.0193191 0.00225938 0.0140971 0.0102731 -0.000908708 0.00703658 -0.00135514 0.00867115 0.0274165 0.0169167 -0.000243353 0.00314488 -0.0033376 0.0209193 0.00483926 0.0107929 0.0199093 0.0231517 -0.00574475 -0.00214248 0.00103613 0.00660387 0.013196 0.00947935 0.0123866 -0.00606418 0.00521578 0.0181401 0.0167667 0.0165924 -0.00395715 -0.00619489 -0.00658555 0.00221205 0.00100689 -0.00737438 0.0221123 0.0219064 -0.00623 0.0171242 0.0164151 0.0189133 0.012591 0.0107757
internal_weight=1.33132e+06 286462 1.04486e+06 181665 860881 104797 858958 183982 107492 58552 86867 242230 94798 46245 221688 616728 82369 42403 50541 74313 36326 29500 16149 2170 76490 33179 74260 16745 47580 58620 116900 31848 24666 16690 12429 579 104788 13979 20542 2362 1145 17737 23212 224624 18203 9567 7347 18693 83694 214125 133756 40417 19400 392104 22281 21886 83068 13114 11611 11456 5289 3893
internal_count=1331325 286462 1044863 181665 860881 104797 858958 183982 107492 58552 86867 242230 94798 46245 221688 616728 82369 42403 50541 74313 36326 29500 16149 2170 76490 33179 74260 16745 47580 58620 116900 31848 24666 16690 12429 579 104788 13979 20542 2362 1145 17737 23212 224624 18203 9567 7347 18693 83694 214125 133756 40417 19400 392104 22281 21886 83068 13114 11611 11456 5289 3893
is_linear=0
shrinkage=0.05


Tree=5
num_leaves=63
num_cat=0
split_feature=12 15 12 22 13 15 16 12 21 20 16 17 12 13 21 12 12 16 18 17 15 12 12 13 13 17 25 12 16 17 22 10 17 1 16 21 17 12 22 17 3 21 10 8 11 9 11 12 22 10 11 1 18 12 11 17 11 9 1 12 11 1
split_gain=37118.4 4609.76 3211.23 1320.9 926.496 655.81 628.808 394.188 311.21 259.922 213.386 197.711 184.535 157.572 143.805 114.184 110.074 89.4635 87.096 77.3856 77.1438 63.5445 63.2853 59.8131 76.1075 57.2305 55.3517 44.051 43.3305 42.3466 42.1855 39.4475 39.3374 38.5038 36.7628 36.4624 36.0989 35.3426 35.1544 32.8008 32.393 30.6098 27.5478 24.826 46.0363 24.0946 27.7608 21.0762 23.0824 20.9557 20.6883 32.565 20.1893 19.0864 24.5017 19.0756 18.6646 26.1629 43.3928 19.6631 17.8375 23.1128
threshold=292.00000000000006 1.0000000180025095e-35 101.50000000000001 24.149999618530277 20.316013336181644 1.0000000180025095e-35 1.0000000180025095e-35 37.500000000000007 0.17857143282890323 1.0000000180025095e-35 1.0000000180025095e-35 1.0000000180025095e-35 567.50000000000011 20.316013336181644 1.0000000180025095e-35 174.50000000000003 196.50000000000003 1.0000000180025095e-35 1.0000000180025095e-35 1.0000000180025095e-35 1.0000000180025095e-35 532.50000000000011 941.50000000000011 20.316013336181644 21.330213546752933 1.0000000180025095e-35 74.218879699707045 10.500000000000002 1.0000000180025095e-35 1.0000000180025095e-35 1.0000000180025095e-35 0.25000000000000011 1.0000000180025095e-35 2024.5000000000002 1.0000000180025095e-35 10.892857074737551 1.0000000180025095e-35 941.50000000000011 4.7833335399627694 1.0000000180025095e-35 1.5000000000000002 1.0000000180025095e-35 -0.25000000000000006 -0.87837970256805409 -0.93301269412040699 1.0000000180025095e-35 0.68301269412040722 941.50000000000011 0.84999999403953563 0.68301269412040722 1.0000000180025095e-35 2024.5000000000002 1.0000000180025095e-35 995.50000000000011 1.0000000180025095e-35 1.0000000180025095e-35 -0.93301269412040699 1.0000000180025095e-35 2024.5000000000002 129.50000000000003 1.0000000180025095e-35 2024.5000000000002
decision_type=2 2 2 2 2 2 2 2 2 2 2 2 2 2 2 2 2 2 2 2 2 2 2 2 2 2 2 2 2 2 2 2 2 2 2 2 2 2 2 2 2 2 2 2 2 2 2 2 2 2 2 2 2 2 2 2 2 2 2 2 2 2
left_child=2 6 4 10 7 8 9 27 13 23 21 34 25 30 33 42 56 -13 32 47 31 29 39 41 38 60 -19 -1 50 -3 -4 40 -11 49 -5 52 -18 55 -25 -14 -16 -2 -10 -22 -45 -35 -47 48 -12 -9 -17 -52 -21 54 -23 -20 57 -7 -59 -58 -8 -62
right_child=1 3 5 11 -6 16 12 14 15 18 19 17 22 -15 20 28 36 26 37 35 43 53 -24 24 -26 -27 -28 -29 -30 -31 -32 -33 -34 45 -36 -37 -38 -39 -40 -41 -42 -43 -44 44 -46 46 -48 -49 -50 -51 51 -53 -54 -55 -56 -57 59 58 -60 -61 61 -63
leaf_value=-0.0073150143153045662 -0.0042645927122356162 0.009931880486547676 -0.0056948818533594306 0.014813051411312714 0.032474728146931801 0.0035768414102039362 0.0086999078567127405 -0.0057499602254603042 0.00088923627231230786 0.0029003568189544483 0.0084708052439307867 0.020566213737413075 0.010660337151941719 0.030831541688519277 -0.0048420755645739921 0.0028719704014715797 0.0072621213734846484 0.02407495206512774 0.0066792794754370862 0.015729981967640177 -0.004723012872835484 0.018124244977401394 0.019681625652496232 0.02832895306958887 0.0011093407379532737 0.011484106856803506 0.026962017545313067 -0.0063797862918941132 0.0046927486402152888 0.01412858061753681 -0.0027684903171268263 -0.004903400904240858 0.00700016788245875 -0.0054420585868247351 0.020596690039373724 0.021383611359223322 0.011497643240025028 0.016552669818122628 -0.0019583527678057717 0.015472754958588346 -0.0026526194812818101 0.00022630065681949357 -0.0014040312116937346 0.0061414871728490859 -0.0011281680441153224 -0.0033697903501037755 0.0048682958398193338 0.022651085551321226 0.015752953317784986 -0.0073175907620419119 -0.00067360218234566659 0.0038121495581428786 0.019463736394280437 0.022276959689087605 0.013437777552436057 0.010001655655270725 0.0013135700659222766 0.0043384842553248031 0.022982490432028477 0.0044549986793854246 0.0032782980583223121 0.0097622272471975177
leaf_weight=217817 7725 14027 18668 3972 1573 1677 6508 65881 20623 16346 1168 8401 5738 331 23452 19055 14652 24829 9180 6068 3638 4977 6089 469 1591 12895 50463 298869 17341 10541 36227 65281 9119 19261 8983 16226 7673 1384 120 9292 60497 7453 35868 2482 17759 13053 1109 1028 16645 31576 14548 5604 9070 1145 6386 8190 7422 663 591 15180 5033 1893
leaf_count=217817 7725 14027 18668 3972 1573 1677 6508 65881 20623 16346 1168 8401 5738 331 23452 19055 14652 24829 9180 6068 3638 4977 6089 469 1591 12895 50463 298869 17341 10541 36227 65281 9119 19261 8983 16226 7673 1384 120 9292 60497 7453 35868 2482 17759 13053 1109 1028 16645 31576 14548 5604 9070 1145 6386 8190 7422 663 591 15180 5033 1893
internal_value=2.70275e-08 0.0157181 -0.00443448 0.020547 -0.00586002 0.000989008 0.00757151 -0.00593351 -0.000479854 0.00423814 0.016088 0.0245737 0.0118974 -0.00355627 -0.00450483 0.00102311 0.00615351 0.0254637 0.00627345 0.0182129 -0.00355915 0.0132106 0.0153793 -0.000946462 0.00679739 0.00910416 0.0260101 -0.00677406 0.00261144 0.0117327 -0.00376376 -0.00398138 0.00436871 -0.00575558 0.0188239 0.019735 0.00871812 0.00885948 0.0221506 0.0136359 -0.00326433 -0.00205907 -0.000566746 -0.00092023 -0.000236473 -0.00429065 -0.0027243 0.0156786 0.0152758 -0.00625793 0.00169076 0.00057359 0.0179675 0.0161128 0.015491 0.00824612 0.0039109 0.00766624 0.0131304 0.00342365 0.00681927 0.00505131
internal_weight=1.33132e+06 292954 1.03837e+06 183929 822248 216123 109025 820675 168265 61577 87281 96648 47448 55226 303989 113039 47858 83693 44219 50205 173109 37076 21119 17358 2180 26329 75292 516686 56548 24568 54895 149230 25465 130880 12955 31364 22325 18754 589 15030 83949 15178 56491 23879 20241 33423 14162 18841 17813 97457 39207 20152 15138 12508 11363 17370 25533 2931 1254 22602 13434 6926
internal_count=1331325 292954 1038371 183929 822248 216123 109025 820675 168265 61577 87281 96648 47448 55226 303989 113039 47858 83693 44219 50205 173109 37076 21119 17358 2180 26329 75292 516686 56548 24568 54895 149230 25465 130880 12955 31364 22325 18754 589 15030 83949 15178 56491 23879 20241 33423 14162 18841 17813 97457 39207 20152 15138 12508 11363 17370 25533 2931 1254 22602 13434 6926
is_linear=0
shrinkage=0.05


Tree=6
num_leaves=63
num_cat=0
split_feature=12 15 22 22 13 16 12 12 15 20 16 15 17 22 21 12 17 20 16 17 14 12 13 13 12 12 25 16 15 17 17 13 12 16 18 16 1 22 11 12 18 21 11 1 9 21 17 9 9 1 13 11 1 11 1 14 0 12 0 6 12 12
split_gain=33508.1 3966.16 3102.22 1148.59 986.345 541.115 475.778 457.169 307.089 225.556 189.658 186.528 166.666 159.701 104.459 79.7334 73.9168 73.2099 72.5375 72.3806 65.8598 51.8504 51.5334 66.8058 50.34 49.8093 48.2706 44.4372 43.0623 39.7974 38.8758 37.54 35.5401 35.3507 33.5833 33.5084 31.5558 31.4535 30.4857 29.6934 27.9091 27.6408 27.3978 34.4343 85.5306 25.5746 24.3112 21.1865 21.1304 20.6857 20.4837 18.5457 23.1535 18.4297 31.0297 19.6958 18.4019 18.1271 17.3425 16.8791 16.4425 16.1102
threshold=300.00000000000006 1.0000000180025095e-35 0.35000000894069677 26.149999618530277 20.316013336181644 1.0000000180025095e-35 52.500000000000007 154.50000000000003 1.0000000180025095e-35 1.0000000180025095e-35 1.0000000180025095e-35 1.0000000180025095e-35 1.0000000180025095e-35 11.650000095367433 1.0000000180025095e-35 25.500000000000004 1.0000000180025095e-35 1.0000000180025095e-35 1.0000000180025095e-35 1.0000000180025095e-35 9.5028090476989764 917.50000000000011 20.316013336181644 21.330213546752933 231.50000000000003 95.500000000000014 153.84255981445315 9.5000000000000018 1.0000000180025095e-35 1.0000000180025095e-35 1.0000000180025095e-35 18.34952545166016 103.50000000000001 1.0000000180025095e-35 1.0000000180025095e-35 1.0000000180025095e-35 2024.5000000000002 4.7833335399627694 1.0000000180025095e-35 567.50000000000011 1.0000000180025095e-35 1.0000000180025095e-35 -0.93301269412040699 2024.5000000000002 1.0000000180025095e-35 1.0000000180025095e-35 1.0000000180025095e-35 -0.56174489110708226 1.0000000180025095e-35 2024.5000000000002 7.2380132675170907 -0.25000000000000006 2024.5000000000002 0.68301269412040722 2024.5000000000002 0.12352614849805833 1372.5000000000002 8.5000000000000018 1210.5000000000002 1.0000000180025095e-35 1326.0000000000002 811.00000000000011
decision_type=2 2 2 2 2 2 2 2 2 2 2 2 2 2 2 2 2 2 2 2 2 2 2 2 2 2 2 2 2 2 2 2 2 2 2 2 2 2 2 2 2 2 2 2 2 2 2 2 2 2 2 2 2 2 2 2 2 2 2 2 2 2
left_child=2 5 4 10 6 9 15 25 17 22 20 14 35 30 36 57 50 -9 -14 34 38 27 41 37 -10 -4 58 -15 -27 51 -7 40 -16 -26 -11 -5 -8 -24 59 -21 -18 -2 43 -13 -45 49 -29 -44 -38 -17 -12 -19 -53 54 -40 -55 -42 -1 -20 -3 -28 -22
right_child=1 3 7 12 -6 13 11 8 24 19 16 42 18 21 32 45 31 29 26 39 61 -23 23 -25 33 28 60 46 -30 -31 -32 -33 -34 -35 -36 -37 48 -39 53 -41 56 -43 47 44 -46 -47 -48 -49 -50 -51 -52 52 -54 55 -56 -57 -58 -59 -60 -61 -62 -63
leaf_value=-0.0070019056500873287 -0.0040942535230915613 0.013142439787137564 -0.0028515586712848677 0.01402059670452249 0.03035501116460277 0.0068777782510235086 -0.0056278170531343713 -0.00097629610684109552 0.0058818074226126005 0.0029452987574025199 0.013134212511962241 0.00014848666439000764 0.019739318167424316 0.017804972853225853 -0.003559095982603832 -0.0063383405469939723 0.015835373385889646 0.003151421512846057 0.023057391639486152 0.0069536410333722294 0.014789672526189502 0.018580106801803331 0.026849716102679656 0.0010538773029718609 0.0078843352620574705 -0.0010182001445889126 0.027037612001415003 0.008629135967921189 0.0026148741355655931 0.0048100739551879598 0.010812836654311866 0.022029361101367106 -0.0016255417106241052 0.012577644152553875 0.0067584309039063015 0.019733017133158507 -0.0048213606425185126 -0.0018605168303978835 0.002806373238709746 0.011167771016232557 0.018440018122762136 0.00035348374315612554 0.0028501741268429125 -0.0010373332277964784 0.026295928316479894 -0.004798585307274496 0.01338596898359995 -0.00085104574212219739 -0.0016633243212579565 -0.0049335082261977321 0.01645651105965484 -5.5799243579585611e-05 0.0035143339841594216 0.0049226834353090082 0.01107589114026155 0.012158098773830388 0.022802009998249162 -0.0063299958734154577 0.025759346217497071 -0.001856383109080171 0.024806474669644207 0.01952630305205948
leaf_weight=188214 7182 11758 28910 3692 1923 13149 83068 15693 16489 15431 8388 1217 7976 3751 83694 86224 9416 18648 31947 10970 11175 6026 459 1591 9956 37128 20449 4431 10452 18203 12031 7479 33206 6734 9235 8496 12538 120 2344 6767 12402 6797 5577 589 556 88761 6857 12603 9182 37709 10460 15315 6454 1134 2202 5592 3022 215820 7355 190 14038 2150
leaf_count=188214 7182 11758 28910 3692 1923 13149 83068 15693 16489 15431 8388 1217 7976 3751 83694 86224 9416 18648 31947 10970 11175 6026 459 1591 9956 37128 20449 4431 10452 18203 12031 7479 33206 6734 9235 8496 12538 120 2344 6767 12402 6797 5577 589 556 88761 6857 12603 9182 37709 10460 15315 6454 1134 2202 5592 3022 215820 7355 190 14038 2150
internal_value=3.27961e-08 0.0151496 -0.00415339 0.0196181 -0.00541288 0.00740338 -0.00549297 0.00173991 0.00384242 0.00421022 0.0155031 -0.00361524 0.0234596 0.0114462 -0.0040376 -0.00623046 0.0174684 0.0020566 0.0242729 0.00612537 0.0127514 0.014659 -0.000818163 0.00634998 0.00784205 -0.00121469 0.0247628 0.0130875 -0.000220006 0.00286862 0.00875818 0.0189203 -0.00300991 0.00977833 0.00437317 0.0180031 -0.00518404 0.0208915 0.0111426 0.00856175 0.0179839 -0.00193129 0.000942586 0.00600855 0.0122322 -0.00544676 0.0115193 0.000284096 -0.00348656 -0.00591094 0.0149783 0.00199409 0.00100244 0.00927562 0.00681323 0.010939 0.0192951 -0.00664301 0.0235632 0.0129035 0.0261296 0.0155544
internal_weight=1.33132e+06 286462 1.04486e+06 181665 860881 104797 858958 183982 107492 58552 87712 242230 93953 46245 221688 616728 51167 74313 81765 42403 36545 21065 16149 2170 33179 76490 73789 15039 47580 58620 25180 32319 116900 16690 24666 12188 104788 579 23220 17737 24840 13979 20542 2362 1145 212694 11288 18180 21720 123933 18848 40417 21769 11272 4546 6726 15424 404034 39302 11948 34487 13325
internal_count=1331325 286462 1044863 181665 860881 104797 858958 183982 107492 58552 87712 242230 93953 46245 221688 616728 51167 74313 81765 42403 36545 21065 16149 2170 33179 76490 73789 15039 47580 58620 25180 32319 116900 16690 24666 12188 104788 579 23220 17737 24840 13979 20542 2362 1145 212694 11288 18180 21720 123933 18848 40417 21769 11272 4546 6726 15424 404034 39302 11948 34487 13325
is_linear=0
shrinkage=0.05


Tree=7
num_leaves=63
num_cat=0
split_feature=12 15 12 14 13 15 16 12 24 20 16 12 13 16 24 12 12 13 15 18 13 14 12 16 18 16 10 2 12 14 1 2 1 12 18 3 0 11 1 13 13 0 11 14 6 1 10 2 1 8 11 9 2 12 18 2 18 18 1 2 1 0
split_gain=30241.2 3579.46 2793.47 1036.09 756.923 584.992 488.357 329.614 262.192 203.564 184.484 147.227 133.902 125.308 123.153 112.924 110.209 70.437 67.8939 67.3791 64.722 59.4243 47.585 42.7688 39.7061 36.7854 35.4931 35.3348 34.4049 33.5579 32.3284 32.1689 60.2556 31.299 31.2542 29.8049 29.0338 27.8273 30.445 27.4423 36.2697 26.7927 28.0141 25.9755 25.7988 31.7199 25.165 25.0448 58.8112 21.9134 39.6645 21.6639 26.0358 21.6197 21.502 24.7387 21.4965 21.0385 20.5118 20.4522 19.7817 19.5561
threshold=300.00000000000006 1.0000000180025095e-35 103.50000000000001 27.463189125061039 20.316013336181644 1.0000000180025095e-35 1.0000000180025095e-35 36.500000000000007 0.31519888341426855 1.0000000180025095e-35 1.0000000180025095e-35 692.50000000000011 20.316013336181644 1.0000000180025095e-35 1.0000000180025095e-35 174.50000000000003 219.50000000000003 7.2380132675170907 1.0000000180025095e-35 1.0000000180025095e-35 71.305980682373061 5.6686272621154794 917.50000000000011 1.0000000180025095e-35 1.0000000180025095e-35 1.0000000180025095e-35 0.68301269412040722 5.5000000000000009 11.500000000000002 7.313784360885621 2024.5000000000002 3.5000000000000004 2024.5000000000002 1032.5000000000002 1.0000000180025095e-35 1.5000000000000002 1705.5000000000002 1.0000000180025095e-35 2024.5000000000002 20.316013336181644 21.330213546752933 206.50000000000003 -0.25000000000000006 8.1027956008911151 1.0000000180025095e-35 2024.5000000000002 -0.25000000000000006 3.5000000000000004 2024.5000000000002 -0.87837970256805409 -0.93301269412040699 1.0000000180025095e-35 1.5000000000000002 129.50000000000003 1.0000000180025095e-35 3.5000000000000004 1.0000000180025095e-35 1.0000000180025095e-35 2023.5000000000002 9.5000000000000018 2024.5000000000002 118.50000000000001
decision_type=2 2 2 2 2 2 2 2 2 2 2 2 2 2 2 2 2 2 2 2 2 2 2 2 2 2 2 2 2 2 2 2 2 2 2 2 2 2 2 2 2 2 2 2 2 2 2 2 2 2 2 2 2 2 2 2 2 2 2 2 2 2
left_child=2 6 4 10 7 8 9 28 12 22 21 24 -4 44 30 46 53 36 27 31 56 -3 26 54 37 -18 39 -16 -1 -21 -9 32 -11 -13 -19 -29 41 -8 59 58 -41 61 -43 -26 -5 -46 -10 48 -23 -20 -51 -32 -53 -7 55 -17 -15 -22 -2 -39 -28 -12
right_child=1 3 5 13 -6 16 11 14 15 19 17 33 -14 20 18 23 25 34 49 29 57 47 -24 -25 43 -27 60 35 -30 -31 51 -33 -34 -35 -36 -37 -38 38 -40 40 -42 42 -44 -45 45 -47 -48 -49 -50 50 -52 52 -54 -55 -56 -57 -58 -59 -60 -61 -62 -63
leaf_value=-0.0065825894669423934 -0.0026871636177776652 0.0098793799991174561 -0.0038273578064207227 0.018187467202546204 0.029315731400341473 0.0017321069369456575 0.0094846813793226289 -0.0056588236657878436 0.00069889829117353633 -0.0010769523899926991 0.014725024109556362 0.013462635683664055 0.027848504504980838 0.018299737943715654 -0.0044558907269990839 -0.0012375515534880147 0.0070602086609895219 0.015915532613151276 -0.0042827468396316841 0.0058976477838015339 0.021017100591916072 0.0044206922978289554 0.020518500202272992 0.0043629880080690827 0.0088362424072909295 0.011535783988207447 -0.0043954667413590208 -0.0044184573348192337 -0.0057571699000172416 0.010196551554303539 -0.0049606312088325511 0.0054037577414075069 0.0084667403615946261 0.018463968164320846 0.019225310869466397 -0.0023475854918173812 0.020621794553536823 0.00019377332200565373 0.010317778195804234 0.019822242286244268 0.0015939830769295686 0.014762837995612855 0.010294424087579379 0.012955173732723591 0.0050342965045093906 0.022950290185387454 -0.0013925131734638118 0.014916556668846118 0.015323970932061809 0.0057038718067985248 -0.00094694728812769093 0.0047740294730835653 -0.0030448699485364442 0.0047571632062026132 0.0033313008899075233 0.0017744432414746212 0.021734670573932382 0.024290961869096205 0.0024960371461532757 0.0059109514463318146 0.0073706639892572555 0.022329855686237424
leaf_weight=229770 3845 16686 44842 9911 1578 8055 7979 100708 22402 5985 2256 9279 336 5977 67115 9962 11978 10646 3751 8799 5469 2092 258 18733 7826 7457 6683 24119 280661 9398 19956 15936 2285 4735 21793 62227 1682 2574 2338 422 774 7852 6363 7519 832 352 40171 15309 3031 2555 18279 1155 13538 22205 11724 21586 19526 50527 3790 3995 377 1361
leaf_count=229770 3845 16686 44842 9911 1578 8055 7979 100708 22402 5985 2256 9279 336 5977 67115 9962 11978 10646 3751 8799 5469 2092 258 18733 7826 7457 6683 24119 280661 9398 19956 15936 2285 4735 21793 62227 1682 2574 2338 422 774 7852 6363 7519 832 352 40171 15309 3031 2555 18279 1155 13538 22205 11724 21586 19526 50527 3790 3995 377 1361
internal_value=3.76026e-08 0.0143921 -0.00394573 0.0186372 -0.00527878 0.0010682 0.00703324 -0.00534505 -0.000328532 0.00399973 0.014787 0.0108739 -0.0035916 0.0223408 -0.00406865 0.000854777 0.00583945 0.0167107 -0.00320437 0.00581912 0.0230197 0.0120944 -0.000777217 0.00236704 0.00901323 0.00877775 -0.00112341 -0.00359518 -0.00612874 0.00811817 -0.00520546 0.00409056 0.00155943 0.0151529 0.0181393 -0.0029261 0.0143356 0.00733928 0.00541676 0.000988969 0.00803099 0.0137422 0.0127631 0.0108549 0.0173534 0.0103664 -0.000643679 0.0139029 0.0108727 -0.000764707 -0.000131053 -0.00388761 -0.00242987 0.00395209 0.00150284 0.000823178 0.0209299 0.0239713 -0.000113578 0.00367153 -0.00376636 0.0175885
internal_weight=1.33132e+06 286462 1.04486e+06 181665 825412 219451 104797 823834 169756 58552 89071 46245 45178 92594 313403 124578 49695 51953 178046 42403 81499 37118 16149 62005 32231 19435 15891 153461 510431 18197 135357 24206 8270 14014 32439 86346 19514 16886 8907 8831 1196 17832 14215 15345 11095 1184 62573 20432 5123 24585 20834 34649 14693 30260 43272 31548 25503 55996 7635 6569 7060 3617
internal_count=1331325 286462 1044863 181665 825412 219451 104797 823834 169756 58552 89071 46245 45178 92594 313403 124578 49695 51953 178046 42403 81499 37118 16149 62005 32231 19435 15891 153461 510431 18197 135357 24206 8270 14014 32439 86346 19514 16886 8907 8831 1196 17832 14215 15345 11095 1184 62573 20432 5123 24585 20834 34649 14693 30260 43272 31548 25503 55996 7635 6569 7060 3617
is_linear=0
shrinkage=0.05


Tree=8
num_leaves=63
num_cat=0
split_feature=12 15 22 22 13 20 12 12 12 15 17 17 15 17 12 24 22 12 20 12 12 25 17 15 12 11 1 2 11 10 17 12 10 1 1 10 1 18 2 0 3 18 18 2 25 13 13 22 15 17 6 22 6 11 6 1 12 11 1 3 3 2
split_gain=27295.8 3388.58 2383.04 977.374 804.599 449.942 441.327 304.29 249.471 223.967 153.693 151.398 128.551 100.364 91.9932 67.6026 62.9491 61.8652 61.4707 60.1024 57.4003 57.0693 46.0882 42.93 41.8814 40.5319 47.324 37.0463 35.6037 33.8745 33.6264 33.1807 32.818 31.658 31.4283 45.9627 27.987 26.451 30.7697 25.8939 25.5342 24.6898 24.1033 24.0964 23.9762 23.8185 32.888 24.8799 23.423 22.3077 21.7992 20.4616 20.4477 20.1705 20.1008 24.0845 19.3978 19.2001 34.3287 53.9689 19.8178 19.0657
threshold=292.00000000000006 1.0000000180025095e-35 0.28333334624767309 24.149999618530277 20.316013336181644 0.21428572386503222 154.50000000000003 52.500000000000007 612.00000000000011 1.0000000180025095e-35 1.0000000180025095e-35 1.0000000180025095e-35 1.0000000180025095e-35 1.0000000180025095e-35 941.50000000000011 1.0000000180025095e-35 7.116666555404664 23.500000000000004 1.0000000180025095e-35 678.00000000000011 95.500000000000014 153.84255981445315 1.0000000180025095e-35 1.0000000180025095e-35 917.50000000000011 1.0000000180025095e-35 2024.5000000000002 9.5000000000000018 -0.25000000000000006 0.68301269412040722 1.0000000180025095e-35 1068.0000000000002 -0.25000000000000006 2024.5000000000002 2024.5000000000002 0.68301269412040722 2024.5000000000002 1.0000000180025095e-35 3.5000000000000004 1883.5000000000002 3.5000000000000004 1.0000000180025095e-35 1.0000000180025095e-35 1.5000000000000002 35.531757354736335 20.316013336181644 21.330213546752933 0.48333333432674414 1.0000000180025095e-35 1.5000000000000002 1.0000000180025095e-35 5.2833335399627694 1.0000000180025095e-35 1.0000000180025095e-35 1.0000000180025095e-35 2024.5000000000002 80.500000000000014 -0.93301269412040699 2024.5000000000002 1.5000000000000002 1.5000000000000002 5.5000000000000009
decision_type=2 2 2 2 2 2 2 2 2 2 2 2 2 2 2 2 2 2 2 2 2 2 2 2 2 2 2 2 2 2 2 2 2 2 2 2 2 2 2 2 2 2 2 2 2 2 2 2 2 2 2 2 2 2 2 2 2 2 2 2 2 2
left_child=2 5 4 11 7 24 20 17 13 18 37 19 15 25 22 36 31 -1 -8 28 -4 -12 -10 -22 29 54 27 -27 52 45 50 42 49 -31 35 -30 -9 38 -5 44 -34 -15 -13 -42 53 47 51 -2 61 -20 -11 -47 -3 -18 55 -7 -17 58 -14 -60 -59 -19
right_child=1 3 6 10 -6 8 9 12 14 30 21 16 57 41 -16 56 39 48 32 -21 23 -23 -24 -25 -26 26 -28 -29 34 33 -32 -33 40 -35 -36 -37 -38 -39 -40 -41 43 -43 -44 -45 -46 46 -48 -49 -50 -51 -52 -53 -54 -55 -56 -57 -58 60 59 -61 -62 -63
leaf_value=-0.0060298719569778954 -0.0025864713082026846 0.012511746538101427 -0.0026910083941047973 0.0060867646735076296 0.027392280265929582 0.0087016181558068929 -0.00096032375863279278 -0.0051314317049409785 0.0074719267792951495 0.0060656997391789055 0.020726610627530798 0.0110794841342855 -0.00060138815376977893 0.0069185169509843802 0.016200719502821891 -0.0035398422842634041 0.017598130930534802 -0.0055899874772212315 0.0032659023173417625 0.015603785843810529 -0.0010053689056914155 0.023364511051981143 0.011942390623525569 0.0023834686159801598 0.019579667308980434 -0.001561120070288429 0.0074611035062036512 0.0035768263315698943 0.0088284326601859326 -0.0040680585880981486 0.0091213635409653961 0.021663134684304388 0.00050490533580504506 0.0061345344760037248 0.012410452241170199 -0.00011096697533461327 -0.0030679967291080473 0.017474689744432875 0.015653852868622656 0.028568303260475769 -0.00096522320430257136 0.010061809650364992 0.014750707428942984 0.0040300088929044291 0.021229299877935644 0.024233634136799114 0.0016873628131016151 0.0025031527638065113 -0.0026704309576751008 0.0072779941424553482 -0.00048718297279494688 -0.0025791063637176891 -0.0030340608064953496 0.014744269009648451 -0.0032708245893949654 0.0045507549079430477 -0.0021321080117478095 -0.0026523557369167432 0.026370046787902963 0.00088303040260819345 0.0013630429309833046 -0.0046594644114706296
leaf_weight=382217 4132 14951 44792 1254 1913 6787 16209 81099 10205 19921 47498 9068 1012 12986 8032 51753 15273 105235 15540 7177 44377 36195 13281 11838 260 6286 4002 7937 10335 7473 10379 1150 21144 846 4702 1669 20627 9139 2562 487 2940 12073 8861 13460 2915 348 797 5731 10372 4463 1354 89 214 10479 539 7221 46474 4370 399 434 10350 115699
leaf_count=382217 4132 14951 44792 1254 1913 6787 16209 81099 10205 19921 47498 9068 1012 12986 8032 51753 15273 105235 15540 7177 44377 36195 13281 11838 260 6286 4002 7937 10335 7473 10379 1150 21144 846 4702 1669 20627 9139 2562 487 2940 12073 8861 13460 2915 348 797 5731 10372 4463 1354 89 214 10479 539 7221 46474 4370 399 434 10350 115699
internal_value=4.32324e-08 0.0134789 -0.00380272 0.0176191 -0.00499584 0.00649421 0.00100606 -0.00507049 0.00800154 0.00326922 0.0210829 0.0137835 -0.00345892 0.0060509 0.0115805 -0.00380959 0.0156575 -0.00563922 0.00175926 0.0114685 -0.0013557 0.0218675 0.0100002 -0.000291641 -0.00035036 0.00422915 0.00265767 0.00130571 0.0105371 -0.0006176 0.00678734 0.0134232 0.00252536 -0.00302984 0.0089436 0.00758512 -0.00471308 0.0160132 0.0125115 0.0171194 0.00165358 0.00843314 0.0128943 0.00313422 0.0169246 0.00119033 0.00773918 0.000370397 -0.00499367 0.00416135 0.00564842 0.0187621 0.012292 0.0164371 0.00619759 0.00656229 -0.00287386 0.000773645 0.00558178 0.0130988 0.000170622 -0.00510271
internal_weight=1.33132e+06 292954 1.03837e+06 183929 831954 109025 206417 830041 89349 105410 96648 87281 216518 57831 31518 199953 48233 613523 73756 39048 101007 83693 23486 56215 19676 32772 18225 14223 31871 19416 31654 19079 57547 8319 16706 12004 101726 12955 3816 29154 37544 25059 17929 16400 28667 11097 1234 9863 231306 20003 21275 437 15165 25752 14547 14008 98227 16565 1845 833 14720 220934
internal_count=1331325 292954 1038371 183929 831954 109025 206417 830041 89349 105410 96648 87281 216518 57831 31518 199953 48233 613523 73756 39048 101007 83693 23486 56215 19676 32772 18225 14223 31871 19416 31654 19079 57547 8319 16706 12004 101726 12955 3816 29154 37544 25059 17929 16400 28667 11097 1234 9863 231306 20003 21275 437 15165 25752 14547 14008 98227 16565 1845 833 14720 220934
is_linear=0
shrinkage=0.05


Tree=9
num_leaves=63
num_cat=0
split_feature=12 22 22 13 20 16 12 12 17 17 12 21 23 16 16 12 12 13 2 12 10 21 12 18 12 14 21 22 12 2 19 19 12 16 17 25 0 6 0 12 12 22 22 17 10 2 16 18 2 2 14 9 18 2 2 6 21 17 18 6 10 18
split_gain=24638.6 2453.6 2297.91 725.057 598.03 409.741 350.763 336.662 310.114 152.251 133.47 129.458 127.879 109.998 107.348 80.2656 77.541 62.9008 62.859 58.6439 51.7586 49.2763 47.8131 46.5947 43.1593 42.511 58.7924 39.0009 36.0774 34.3883 33.6815 30.9229 27.9822 30.1956 26.3708 24.0381 27.7549 22.9774 22.6108 24.5036 22.0306 30.8953 21.6358 20.9534 20.7082 20.3042 20.1712 19.9358 19.6004 19.5834 19.5429 29.8574 19.0959 20.0445 19.0888 18.942 18.2293 18.0052 17.3613 17.2281 16.8961 16.5095
threshold=300.00000000000006 22.883333206176761 0.35000000894069677 20.316013336181644 0.35714286565780645 1.0000000180025095e-35 52.500000000000007 154.50000000000003 1.0000000180025095e-35 1.0000000180025095e-35 917.50000000000011 1.0000000180025095e-35 1.0000000180025095e-35 1.0000000180025095e-35 1.0000000180025095e-35 967.50000000000011 231.50000000000003 71.305980682373061 3.5000000000000004 26.500000000000004 -0.25000000000000006 8.0357141494750994 448.50000000000006 1.0000000180025095e-35 86.500000000000014 20.828192710876468 1.0000000180025095e-35 6.9500000476837167 95.500000000000014 3.5000000000000004 1.0000000180025095e-35 29.500000000000004 917.50000000000011 38.500000000000007 1.0000000180025095e-35 18.845728874206547 196.50000000000003 1.0000000180025095e-35 1883.5000000000002 941.50000000000011 941.50000000000011 0.94999998807907116 0.083333335816860213 1.0000000180025095e-35 0.68301269412040722 3.5000000000000004 8.5000000000000018 1.0000000180025095e-35 5.5000000000000009 5.5000000000000009 20.828763961791996 -0.56174489110708226 1.0000000180025095e-35 3.5000000000000004 5.5000000000000009 1.0000000180025095e-35 1.0000000180025095e-35 8.5000000000000018 1.0000000180025095e-35 1.0000000180025095e-35 0.68301269412040722 1.0000000180025095e-35
decision_type=2 2 2 2 2 2 2 2 2 2 2 2 2 2 2 2 2 2 2 2 2 2 2 2 2 2 2 2 2 2 2 2 2 2 2 2 2 2 2 2 2 2 2 2 2 2 2 2 2 2 2 2 2 2 2 2 2 2 2 2 2 2
left_child=2 4 3 6 10 15 19 28 14 32 25 59 60 27 23 18 43 58 31 -1 34 35 46 29 54 26 -2 -10 -4 30 -6 47 33 -7 -18 36 -15 49 39 -23 41 -24 -26 -14 -44 -35 -16 -3 -21 -20 51 -27 53 -22 -13 -25 -50 -29 -11 -8 -9 -19
right_child=1 5 7 -5 8 9 11 12 13 17 -12 24 16 21 22 -17 20 61 37 48 52 38 40 55 42 50 -28 57 -30 -31 -32 -33 -34 45 -36 -37 -38 -39 -40 -41 -42 -43 44 -45 -46 -47 -48 -49 56 -51 -52 -53 -54 -55 -56 -57 -58 -59 -60 -61 -62 -63
leaf_value=-0.0056882443655261756 -0.0041549467511593913 0.00085450989433904785 -0.002417937831102778 0.026020993173440483 0.000441078643029433 0.016955217731940413 -0.0041629112823566607 0.00046827958770914751 0.0081829215852311735 0.016468020470319394 0.020627274195643239 -0.003701524553881775 0.0020379156381411592 0.01552370464335398 0.0094424239121430383 0.016523394520443921 0.0062315575883899015 0.018434936711833851 0.01752331052868716 -0.0051731826354199442 0.0014429047065959884 0.014648400028763914 0.0041924342787110274 0.0087820548619958402 -0.0031308419347764712 0.017753213782781534 0.0018105494797240633 0.014411163740183336 -0.00017829921570538593 0.0058766646198334825 0.011875928141007817 0.020497476875118884 0.017342760306255142 0.0053794016716157871 0.010501154834444889 0.017359684907949102 0.010415509226786322 0.00021911966883099733 0.026752825179386965 0.019708232921027365 0.018007144340796918 0.011824925788910168 3.021001125506525e-05 0.0043032812444169918 -0.0022943195023686002 0.012522040060968432 0.0058176158324414569 0.0075343228082458595 -0.0047945251205162333 0.011630116317598548 -0.00018950038746207273 0.0048257506622984454 0.0062444364892160539 0.0047887842186353771 -0.0021305114425320213 0.0022146376152090584 -0.0034881075854972798 0.010648039098672074 0.019397739641121781 -0.0060408603689787567 -0.0028879211780190729 0.021856365271580323
leaf_weight=414311 6527 2257 28910 1923 6176 2566 91840 9501 14220 6393 863 35825 35393 3308 8884 6726 8939 3816 1787 94987 7696 24670 1453 13068 10332 626 11246 4713 47580 15578 719 310 5687 1493 6087 1891 13683 376 427 2658 1269 15425 34854 14355 13211 3002 6777 2215 57451 6770 910 1565 8611 10717 42065 1201 49979 9852 24798 14103 6193 50557
leaf_count=414311 6527 2257 28910 1923 6176 2566 91840 9501 14220 6393 863 35825 35393 3308 8884 6726 8939 3816 1787 94987 7696 24670 1453 13068 10332 626 11246 4713 47580 15578 719 310 5687 1493 6087 1891 13683 376 427 2658 1269 15425 34854 14355 13211 3002 6777 2215 57451 6770 910 1565 8611 10717 42065 1201 49979 9852 24798 14103 6193 50557
internal_value=4.60869e-08 0.0129907 -0.00356151 -0.00464549 0.00909679 0.0184899 -0.00471416 0.0015106 0.010249 0.0198292 0.00135924 -0.00310189 0.00331485 0.012478 0.00786591 0.0120482 0.00402793 0.0205889 0.00985298 -0.00534739 0.00560865 0.0139785 0.00989939 0.00599465 -0.00208269 0.000562298 -0.000379964 0.0100468 -0.00102486 0.00457531 0.00163437 0.00522454 0.0147299 0.0126245 0.00796155 0.0120066 0.0114104 0.01233 0.0153197 0.0151408 0.0116468 0.0111682 -0.00105494 0.0026917 -0.000608603 0.0101509 0.00787422 0.00416426 -0.0046497 0.0128616 0.00596421 0.00852224 0.00430016 0.00339061 -0.00285316 0.00822966 -0.0041868 0.0118662 0.0187975 -0.00441295 -0.0008558 0.0216164
internal_weight=1.33132e+06 286462 1.04486e+06 860881 167709 118753 858958 183982 145972 98312 21737 242230 107492 75422 70550 20441 91798 85564 13715 616728 42050 46637 33808 36742 136287 20874 17773 28785 76490 22473 6895 4782 12748 7061 15026 18882 16991 8933 27755 27328 18147 16878 58397 49748 48065 4495 15661 4472 202417 8557 3101 2191 27024 18413 77890 14269 107430 14565 31191 105943 15694 54373
internal_count=1331325 286462 1044863 860881 167709 118753 858958 183982 145972 98312 21737 242230 107492 75422 70550 20441 91798 85564 13715 616728 42050 46637 33808 36742 136287 20874 17773 28785 76490 22473 6895 4782 12748 7061 15026 18882 16991 8933 27755 27328 18147 16878 58397 49748 48065 4495 15661 4472 202417 8557 3101 2191 27024 18413 77890 14269 107430 14565 31191 105943 15694 54373
is_linear=0
shrinkage=0.05


Tree=10
num_leaves=63
num_cat=0
split_feature=12 22 22 13 20 12 16 17 12 17 24 12 16 16 20 12 12 17 13 2 1 13 12 18 12 14 24 12 22 2 1 2 25 2 1 1 24 18 12 12 16 11 1 3 1 2 1 6 1 1 2 16 2 16 12 16 22 11 14 8 3 23
split_gain=22236.4 2214.37 2076.65 649.594 539.723 408.511 369.781 279.876 211.74 137.4 134.622 120.458 99.2713 96.8801 96.4065 79.4301 72.4351 60.8277 56.7639 56.7274 76.4974 45.1537 44.1736 42.0505 41.3398 38.3666 53.0602 38.2874 35.1968 34.7306 71.7508 31.8512 31.1896 31.0339 75.5898 30.8558 27.9448 26.9681 26.2127 25.5873 26.7467 23.9526 24.6168 23.6397 22.5534 21.6763 30.6952 20.7349 23.8737 42.0917 20.8217 19.8582 19.57 18.3731 18.1989 29.4853 18.1084 17.9455 17.6393 21.3759 38.656 17.5748
threshold=300.00000000000006 22.883333206176761 0.45000000298023229 20.316013336181644 0.35714286565780645 62.500000000000007 1.0000000180025095e-35 1.0000000180025095e-35 177.50000000000003 1.0000000180025095e-35 1.0000000180025095e-35 917.50000000000011 1.0000000180025095e-35 1.0000000180025095e-35 0.21428572386503222 27.500000000000004 967.50000000000011 1.0000000180025095e-35 71.305980682373061 3.5000000000000004 2024.5000000000002 8.8995571136474627 567.50000000000011 1.0000000180025095e-35 128.50000000000003 20.828192710876468 1.0000000180025095e-35 129.50000000000003 6.9500000476837167 3.5000000000000004 2024.5000000000002 5.5000000000000009 0.61260253190994274 3.5000000000000004 2024.5000000000002 2024.5000000000002 1.0000000180025095e-35 1.0000000180025095e-35 240.50000000000003 1126.5000000000002 10.500000000000002 1.0000000180025095e-35 2024.5000000000002 2.5000000000000004 2024.5000000000002 3.5000000000000004 2024.5000000000002 1.0000000180025095e-35 2024.5000000000002 2023.5000000000002 5.5000000000000009 4.5000000000000009 5.5000000000000009 1.0000000180025095e-35 941.50000000000011 12.500000000000002 1.0000000180025095e-35 1.0000000180025095e-35 20.828763961791996 1.0000000180025095e-35 2.5000000000000004 1.0000000180025095e-35
decision_type=2 2 2 2 2 2 2 2 2 2 2 2 2 2 2 2 2 2 2 2 2 2 2 2 2 2 2 2 2 2 2 2 2 2 2 2 2 2 2 2 2 2 2 2 2 2 2 2 2 2 2 2 2 2 2 2 2 2 2 2 2 2
left_child=2 4 3 5 11 15 16 13 24 39 -7 25 28 23 -10 -1 19 29 -11 20 -3 41 32 33 -4 26 -2 31 57 30 37 35 -15 34 -6 -12 44 -16 -19 40 -8 42 -14 -33 -17 46 -42 48 49 -21 -50 -34 -38 -31 55 -23 -29 -9 59 -27 -61 -26
right_child=1 6 8 -5 7 10 9 12 14 18 27 -13 21 22 17 36 -18 38 -20 47 -22 54 -24 -25 61 58 -28 56 -30 53 -32 43 51 -35 -36 -37 52 -39 -40 -41 45 -43 -44 -45 -46 -47 -48 -49 50 -51 -52 -53 -54 -55 -56 -57 -58 -59 -60 60 -62 -63
leaf_value=-0.0053949216543485489 -0.0039472024532285002 0.0015971816069695159 -0.0012310260508592136 0.02472001107717697 -0.0021418545782065489 -0.0040522143608863791 0.01812602694241305 0.0096305217093524964 6.6443169693835739e-05 0.017857610576130233 -0.0045124218874783651 0.019596030542312112 0.014621366069789813 -0.00068741460118819993 -0.0049622423427634361 -0.0051664745803404431 0.015697237063701686 0.0049001347073116177 0.020535559106344026 0.0059098455758133739 0.016849432080724962 0.016316782981221821 0.012134442799747949 0.0078181936834215444 -0.0012439853772096901 0.003813251300622158 0.0017200227771879059 -0.0042693606910075869 0.011272877338569683 0.0033965044455051309 0.0045003297326697408 -0.002321284645081881 0.010432446100940143 0.0055828332007061398 0.0089695221102246547 -0.0018890243857682674 -0.0044692365944468317 0.003734889058959431 0.0082841489648055218 0.018027066429043875 0.0044164910504424322 0.0097528051866878802 0.010276953134142376 -0.00020517299019286533 -0.0037607015469313439 0.013304712017073143 0.016726395400910345 0.00020816679236673985 0.016548181886496979 0.017313817674975442 0.0075593114258029493 0.0073893336666110594 -0.0031513230612496505 0.005874305084907723 0.018703888097965395 0.012522754273990813 0.00043761412434647036 0.0060714000012564735 -0.00018002650309704041 0.0066147460925457223 0.028149838177341503 0.0016898825793072937
leaf_weight=421471 6527 3727 35121 1923 4602 82453 1870 6800 14854 31191 18029 863 8907 945 4266 97766 6726 11339 54373 1053 1055 9805 10308 14269 6166 1252 11246 2205 14565 20304 7121 23008 8820 15578 2293 29658 48455 1126 11578 3010 1895 9291 5163 30967 40339 5281 692 376 810 3517 3177 13735 67405 11865 2702 10769 27843 7420 910 626 313 29601
leaf_count=421471 6527 3727 35121 1923 4602 82453 1870 6800 14854 31191 18029 863 8907 945 4266 97766 6726 11339 54373 1053 1055 9805 10308 14269 6166 1252 11246 2205 14565 20304 7121 23008 8820 15578 2293 29658 48455 1126 11578 3010 1895 9291 5163 30967 40339 5281 692 376 810 3517 3177 13735 67405 11865 2702 10769 27843 7420 910 626 313 29601
internal_value=5.15676e-08 0.0123412 -0.00338343 -0.00430789 0.00864199 -0.00437064 0.0175654 0.00973656 0.0019913 0.0188378 -0.00246779 0.0012913 0.0118542 0.00747265 0.00371406 -0.00497398 0.0114458 0.0045155 0.0195594 0.00936045 0.00496345 0.0132796 0.00940446 0.00569495 -1.24583e-05 0.000534188 -0.000360952 -0.00147587 0.0095445 0.00344111 0.00120544 -0.00193933 0.00820672 0.00434657 0.00155269 -0.00288096 -0.00427538 -0.00314508 0.00661003 0.0139935 0.012746 0.0117254 0.0130276 -0.00110731 -0.0047559 0.0114665 0.00771174 0.0117136 0.0122186 0.0146874 0.00938712 0.00857959 -0.00370255 0.00431057 0.0148391 0.0143312 9.20247e-05 0.00777378 0.00566603 0.00809629 0.0138007 0.00118396
internal_weight=1.33132e+06 286462 1.04486e+06 891522 167709 889599 118753 145972 153341 98312 214163 21737 75422 70550 82453 675436 20441 67599 85564 13715 4782 46637 33808 36742 70888 20874 17773 131710 28785 44682 12513 101662 23500 22473 6895 47687 253965 5392 22917 12748 9738 23361 14070 53975 138105 7868 2587 8933 8557 4570 3987 22555 115860 32169 23276 20574 30048 14220 3101 2191 939 35767
internal_count=1331325 286462 1044863 891522 167709 889599 118753 145972 153341 98312 214163 21737 75422 70550 82453 675436 20441 67599 85564 13715 4782 46637 33808 36742 70888 20874 17773 131710 28785 44682 12513 101662 23500 22473 6895 47687 253965 5392 22917 12748 9738 23361 14070 53975 138105 7868 2587 8933 8557 4570 3987 22555 115860 32169 23276 20574 30048 14220 3101 2191 939 35767
is_linear=0
shrinkage=0.05


Tree=11
num_leaves=63
num_cat=0
split_feature=12 15 13 22 13 16 21 15 12 17 22 17 16 15 13 12 12 21 13 13 10 14 22 18 18 17 1 2 12 16 17 10 18 1 24 16 12 10 17 6 24 16 2 10 2 1 17 12 0 12 15 1 12 14 11 1 9 17 11 18 1 12
split_gain=20078.2 3018.33 1388.73 834.099 421.126 381.174 307.459 192.565 179.029 166.513 122.017 117.537 104.901 93.9498 72.8411 67.616 58.3933 56.4822 65.1546 48.7928 46.6869 40.6678 40.381 34.5792 33.1063 32.8186 32.7229 29.6572 29.6348 29.513 29.5039 25.4854 25.1102 30.6601 24.9416 23.2605 23.2238 22.4066 21.0975 21.0649 19.8375 19.637 19.6038 19.576 18.1652 50.0178 17.9104 17.709 17.6798 17.6363 17.5639 16.8599 16.2273 16.0464 15.6975 15.5245 17.3586 15.1353 14.9 14.4009 14.3361 13.9354
threshold=257.50000000000006 1.0000000180025095e-35 0.20015773177146914 14.38333320617676 20.316013336181644 1.0000000180025095e-35 0.17857143282890323 1.0000000180025095e-35 34.500000000000007 1.0000000180025095e-35 11.650000095367433 1.0000000180025095e-35 1.0000000180025095e-35 1.0000000180025095e-35 47.048534393310554 159.50000000000003 128.50000000000003 0.10714286193251611 20.316013336181644 21.330213546752933 0.68301269412040722 5.6686272621154794 1.0000000180025095e-35 1.0000000180025095e-35 1.0000000180025095e-35 1.0000000180025095e-35 2024.5000000000002 1.5000000000000002 655.50000000000011 1.0000000180025095e-35 1.0000000180025095e-35 -0.25000000000000006 1.5000000000000002 2024.5000000000002 0.3944759219884873 1.0000000180025095e-35 10.500000000000002 -0.93301269412040699 1.0000000180025095e-35 1.0000000180025095e-35 23.49473857879639 1.5000000000000002 2.5000000000000004 -0.93301269412040699 3.5000000000000004 2024.5000000000002 1.0000000180025095e-35 72.500000000000014 1705.5000000000002 231.50000000000003 42.500000000000007 2024.5000000000002 941.50000000000011 27.463189125061039 1.0000000180025095e-35 2024.5000000000002 1.0000000180025095e-35 1.5000000000000002 1.0000000180025095e-35 1.0000000180025095e-35 2024.5000000000002 73.500000000000014
decision_type=2 2 2 2 2 2 2 2 2 2 2 2 2 2 2 2 2 2 2 2 2 2 2 2 2 2 2 2 2 2 2 2 2 2 2 2 2 2 2 2 2 2 2 2 2 2 2 2 2 2 2 2 2 2 2 2 2 2 2 2 2 2
left_child=2 5 8 12 6 11 22 15 36 29 25 17 21 20 41 31 -9 18 -2 -20 34 46 -4 44 42 -7 -22 32 37 50 -14 57 -24 -34 55 -16 -1 -13 -17 49 48 -11 51 -40 45 -19 -3 -15 58 -18 -5 -12 54 -26 -23 -10 -57 -8 -32 -52 -56 -36
right_child=1 3 4 9 -6 10 7 16 13 14 24 28 30 47 35 38 39 23 19 -21 26 52 27 -25 53 -27 -28 -29 -30 -31 40 -33 33 -35 61 -37 -38 -39 43 -41 -42 -43 -44 -45 -46 -47 -48 -49 -50 -51 59 -53 -54 -55 60 56 -58 -59 -60 -61 -62 -63
leaf_value=-0.0054119345190838213 -0.0030458009432741224 0.0064105863672169715 -0.0045587556344438796 0.013869957619371745 0.023598287282676579 0.0047121098488585788 -0.00033327970252876408 0.00081095108347114435 -0.0039952541848371362 0.014708464549513132 0.00046650593203780314 0.012863502960979765 0.011016118891677008 -0.0013850277563287206 0.016033056570851082 0.00063919255490237515 0.0047340349154619526 -0.0027405578916929736 0.020209320122814983 0.00089559592644008904 -0.0056348087488968541 0.0124494651386448 0.00078694222166355405 0.0042891584386406459 0.010586844996440699 0.0079831548385796269 -0.0036111399006942403 -0.0023907677333469802 0.0088626997881534261 0.014727517821749556 0.013891141316658293 -0.0018780072027399103 0.024942925112405437 -0.00056369732691271743 -0.0030236325077247148 0.019710595293230923 -0.0047146804838246355 0.0042085875021485543 0.0099948751342121764 6.5595443415437409e-05 0.017504046794778967 0.017346615665674477 0.0097979471827633977 0.0023755144684043405 0.0021236642717545303 0.0062286674621665448 0.009352963750763936 0.0015931863440702466 0.018142058894627573 0.0076481400187484901 0.0050155927094298414 0.011943675930865554 0.017391208692472546 0.014003532599388635 0.0074601747886823763 -0.0037033082111705322 -0.0013235830339798536 0.0032562464372816236 0.01094025681817077 0.011119068142573268 0.012390164299255052 -0.0014797364616770895
leaf_weight=214326 10788 13542 25508 2478 1874 16692 19067 10794 101716 10052 1198 781 16711 13328 4661 38121 21341 6901 541 828 44581 5875 2244 12793 6015 14205 36234 41120 5130 12711 11030 40514 261 214 43233 58465 270259 17903 893 1948 3105 23962 5359 15186 15191 2006 8392 7979 1661 6873 1701 437 929 8082 4919 18693 13001 3471 7032 2251 2114 22105
leaf_count=214326 10788 13542 25508 2478 1874 16692 19067 10794 101716 10052 1198 781 16711 13328 4661 38121 21341 6901 541 828 44581 5875 2244 12793 6015 14205 36234 41120 5130 12711 11030 40514 261 214 43233 58465 270259 17903 893 1948 3105 23962 5359 15186 15191 2006 8392 7979 1661 6873 1701 437 929 8082 4919 18693 13001 3471 7032 2251 2114 22105
internal_value=5.54439e-08 0.0109965 -0.00342863 0.0149385 -6.39803e-06 0.00494719 -0.000200824 0.00101596 -0.00442825 0.0175935 0.0082179 0.00261342 0.0108389 -0.00347019 0.0184336 -1.49656e-05 0.00396747 0.00121398 -0.00174149 0.00853254 -0.00371411 0.00887645 -0.00297685 0.00218806 0.01115 0.00621617 -0.00472755 -0.00205629 0.00549552 0.01333 0.0126142 -0.00112824 0.00300022 0.0134433 -0.003302 0.0194392 -0.00502308 0.0045707 0.00128003 0.00509692 0.0137837 0.0165672 0.00833527 0.00279905 0.00107242 -0.000719935 0.00753661 -0.000269516 0.0131977 0.00544412 0.0105664 0.00353771 0.0109999 0.0125461 0.0105394 -0.00369407 -0.0027273 0.000219321 0.0127426 0.0084935 0.00894291 -0.00250138
internal_weight=1.33132e+06 316441 1.01488e+06 191591 229429 124850 227555 158208 785455 116281 51988 72862 75310 300870 97140 117252 40956 49048 12157 1369 279563 35771 69347 36891 21091 30897 80815 43839 23814 19141 39539 63052 2719 475 198748 63126 484585 18684 54200 30162 22828 34014 6994 16079 24098 8907 21934 21307 19723 28214 6430 1635 13837 14097 12908 133410 31694 22538 18062 3952 7033 65338
internal_count=1331325 316441 1014884 191591 229429 124850 227555 158208 785455 116281 51988 72862 75310 300870 97140 117252 40956 49048 12157 1369 279563 35771 69347 36891 21091 30897 80815 43839 23814 19141 39539 63052 2719 475 198748 63126 484585 18684 54200 30162 22828 34014 6994 16079 24098 8907 21934 21307 19723 28214 6430 1635 13837 14097 12908 133410 31694 22538 18062 3952 7033 65338
is_linear=0
shrinkage=0.05


Tree=12
num_leaves=63
num_cat=0
split_feature=12 22 12 13 20 20 16 17 12 12 17 12 22 12 21 13 18 12 21 11 17 2 25 12 17 11 2 10 2 18 2 8 14 8 11 2 12 9 2 19 10 11 12 11 9 19 12 16 12 17 20 2 18 14 18 14 8 25 18 19 9 8
split_gain=18131.1 1806.93 1697.18 455.711 445.762 349.252 299.777 228.5 191.884 142.479 113.342 100.609 83.0314 78.6406 71.0356 67.0646 62.9018 61.5938 58.529 52.8791 52.6717 48.9981 47.4391 41.7906 38.6903 35.7172 34.618 32.8899 32.7983 42.3938 31.4546 91.3523 28.5301 26.7957 26.5154 26.182 24.9862 24.8595 39.6652 24.764 24.7146 24.3728 28.6968 24.0921 25.88 23.6231 23.3726 24.9866 22.9593 22.295 22.2821 21.0956 29.9605 33.7262 19.501 18.9782 18.7963 18.3903 17.6252 16.6806 49.3561 19.0555
threshold=300.00000000000006 22.883333206176761 101.50000000000001 20.316013336181644 0.35714286565780645 0.21428572386503222 1.0000000180025095e-35 1.0000000180025095e-35 37.500000000000007 207.50000000000003 1.0000000180025095e-35 893.00000000000011 7.4500000476837167 567.50000000000011 1.0000000180025095e-35 20.316013336181644 1.0000000180025095e-35 967.50000000000011 1.0000000180025095e-35 1.0000000180025095e-35 1.0000000180025095e-35 3.5000000000000004 74.218879699707045 1068.0000000000002 8.5000000000000018 1.0000000180025095e-35 5.5000000000000009 0.68301269412040722 3.5000000000000004 1.0000000180025095e-35 1.5000000000000002 0.6078576147556306 0.035504203289747245 1.0000000180025095e-35 -0.25000000000000006 3.5000000000000004 10.500000000000002 -0.56174489110708226 11.500000000000002 29.500000000000004 -0.25000000000000006 1.0000000180025095e-35 941.50000000000011 1.0000000180025095e-35 0.81174489855766307 8.5000000000000018 917.50000000000011 38.500000000000007 556.50000000000011 1.0000000180025095e-35 1.0000000180025095e-35 1.5000000000000002 1.0000000180025095e-35 0.015268065501004459 1.0000000180025095e-35 7.313784360885621 -1.0000000180025095e-35 35.531757354736335 1.0000000180025095e-35 1.0000000180025095e-35 -0.56174489110708226 0.6078576147556306
decision_type=2 2 2 2 2 2 2 2 2 2 2 2 2 2 2 2 2 2 2 2 2 2 2 2 2 2 2 2 2 2 2 2 2 2 2 2 2 2 2 2 2 2 2 2 2 2 2 2 2 2 2 2 2 2 2 2 2 2 2 2 2 2
left_child=2 4 3 8 11 15 17 13 36 28 46 27 23 16 51 18 19 21 -4 -6 34 39 -12 25 57 -9 59 32 29 -7 31 -20 -2 -27 -11 -26 -1 38 -28 -3 -22 -15 -43 49 -45 -21 47 -8 -34 -32 -29 52 -10 -54 -24 -18 -42 -14 -36 61 -61 -16
right_child=1 6 5 -5 7 9 10 12 14 20 22 -13 24 41 26 -17 55 -19 30 45 40 -23 54 -25 35 33 37 50 -30 -31 43 -33 48 -35 58 -37 -38 -39 -40 -41 56 42 -44 44 -46 -47 -48 -49 -50 -51 -52 -53 53 -55 -56 -57 -58 -59 -60 60 -62 -63
leaf_value=-0.0051491262974564279 -0.0027171904899727208 0.0033944918412834898 -0.0033071239899876456 0.022781492296934762 0.0065747692583282835 -0.0016853798314516923 0.014624026317199777 0.010100440229016447 -0.0024602505090607052 0.0046820630751115986 0.016111154775456896 0.017422743409086831 0.013482262917694762 0.011916655450032235 -0.0039456376609226058 0.020168239257376354 0.0068980779627646344 0.014273473732310247 -0.0016711575934857102 0.001969545087942341 0.0087372396392295416 0.010616970252271478 0.015337599035697119 0.01755453599584075 0.0084470651517005429 0.0084793830352742836 6.8808512220027731e-06 -0.0033006089319839275 0.0016606969646196538 0.0040979772459200049 -0.00077998249135344949 0.014380603569142775 0.0021760643305487361 0.0042382429947361265 0.0010307697644317908 0.012008488787750252 -0.0044447263137623585 -0.0023899627720890895 -0.0059096571584168825 0.018011093359129423 0.0071707416065084455 0.0071761162094237862 0.014787842164903567 -0.0029674066978360009 0.0018387668827010565 0.0095965905985478696 0.014996743667001192 0.0084343574790202436 0.0087714943106178608 0.0027982492292631289 0.0035107400352536685 -0.0041899189231744041 0.02171165936327199 -0.00064754717122152573 0.01883811662613484 0.01017462385797833 0.003036880811079808 0.01839467861211189 0.0043926955642544837 0.013857638656802611 -0.0040886398807952031 -0.0021518387378288476
leaf_weight=217817 2558 4472 35704 1573 14453 17317 2566 17084 6433 17198 31264 907 13257 6951 51489 350 14664 6726 2709 15872 7529 8933 4344 1334 7125 9338 25660 6660 60051 3878 18842 1317 8588 6206 13818 18844 298869 70179 3184 310 5288 9763 1420 18477 3300 1085 5687 4495 1560 5661 1464 123749 284 414 49956 6342 5742 2234 5434 554 1241 20802
leaf_count=217817 2558 4472 35704 1573 14453 17317 2566 17084 6433 17198 31264 907 13257 6951 51489 350 14664 6726 2709 15872 7529 8933 4344 1334 7125 9338 25660 6660 60051 3878 18842 1317 8588 6206 13818 18844 298869 70179 3184 310 5288 9763 1420 18477 3300 1085 5687 4495 1560 5661 1464 123749 284 414 49956 6342 5742 2234 5434 554 1241 20802
internal_value=5.93865e-08 0.0111439 -0.00305516 -0.00410369 0.00780228 0.000817647 0.0158631 0.00879702 -0.00415523 0.00239434 0.0170087 0.00112198 0.0107104 0.00675141 -0.00315843 -0.00166993 0.00576927 0.0103531 -0.00175887 0.00435242 0.00435932 0.00842999 0.0176642 0.00887683 0.0122123 0.00852183 -0.00249376 0.00041188 0.00106384 -0.000626962 -0.000659919 0.00357874 0.00200076 0.00678645 0.00325503 0.0110316 -0.00474169 -0.00188204 -0.000646072 0.00434344 0.00652786 0.00958996 0.00814321 -0.00102876 -0.00223886 0.00245791 0.0126088 0.0106846 0.00319052 4.65109e-05 -0.00207251 -0.00403752 -0.00139206 0.00844454 0.0185582 0.00788759 0.00501924 0.0141911 0.00197997 -0.0033113 0.00144789 -0.00342954
internal_weight=1.33132e+06 286462 1.04486e+06 822248 167709 222615 118753 145972 820675 136255 98312 21737 75422 70550 303989 86360 52416 20441 86010 31410 55009 13715 85564 33962 41460 32628 173109 20830 81246 21195 50306 4026 12706 15544 36450 25969 516686 99023 28844 4782 18559 18134 11183 46280 21777 16957 12748 7061 10148 24503 8124 130880 7131 698 54300 21006 11030 15491 19252 74086 1795 72291
internal_count=1331325 286462 1044863 822248 167709 222615 118753 145972 820675 136255 98312 21737 75422 70550 303989 86360 52416 20441 86010 31410 55009 13715 85564 33962 41460 32628 173109 20830 81246 21195 50306 4026 12706 15544 36450 25969 516686 99023 28844 4782 18559 18134 11183 46280 21777 16957 12748 7061 10148 24503 8124 130880 7131 698 54300 21006 11030 15491 19252 74086 1795 72291
is_linear=0
shrinkage=0.05


Tree=13
num_leaves=63
num_cat=0
split_feature=12 15 13 22 13 20 21 14 15 12 17 15 18 14 13 12 12 11 10 17 1 10 13 13 17 1 1 12 11 12 1 10 0 0 18 2 1 2 13 11 22 10 22 2 0 21 14 8 1 2 9 12 0 20 11 14 0 22 12 18 10 1
split_gain=16371.8 2656.23 1039.43 697.72 346.772 314.481 225.166 196.267 156.139 145.119 134.39 82.3423 78.5268 71.8626 57.5566 53.0628 43.802 43.1666 40.0901 40.0863 38.8627 44.6014 32.5105 45.7396 30.7221 30.6658 29.9196 28.4045 32.4169 28.2686 27.7746 30.1288 25.0429 28.4412 24.1875 30.5592 25.5481 24.1747 23.059 22.5495 21.3253 20.7168 20.6186 30.3588 20.4655 19.358 19.2604 19.0775 19.0495 17.9314 20.3112 17.2637 17.1371 17.0427 16.82 17.8116 16.7782 16.6843 16.1377 16.0301 15.7291 21.393
threshold=249.50000000000003 1.0000000180025095e-35 0.20015773177146914 14.38333320617676 20.316013336181644 1.0000000180025095e-35 0.10714286193251611 8.1027956008911151 1.0000000180025095e-35 33.500000000000007 1.0000000180025095e-35 1.0000000180025095e-35 1.0000000180025095e-35 5.6686272621154794 47.048534393310554 159.50000000000003 128.50000000000003 1.0000000180025095e-35 0.68301269412040722 1.0000000180025095e-35 2024.5000000000002 0.68301269412040722 20.316013336181644 21.330213546752933 1.0000000180025095e-35 2024.5000000000002 2024.5000000000002 1201.0000000000002 1.0000000180025095e-35 1032.5000000000002 2024.5000000000002 0.68301269412040722 258.50000000000006 1705.5000000000002 1.0000000180025095e-35 3.5000000000000004 2024.5000000000002 5.5000000000000009 0.11543508991599084 -0.25000000000000006 4.7833335399627694 -0.25000000000000006 1.0000000180025095e-35 1.5000000000000002 118.50000000000001 1.0000000180025095e-35 0.20766969025135043 1.0000000180025095e-35 2024.5000000000002 4.5000000000000009 -0.56174489110708226 8.5000000000000018 1725.5000000000002 6.5000000000000009 0.68301269412040722 0.099450550973415389 1361.5000000000002 2.7500000000000004 67.500000000000014 1.0000000180025095e-35 -0.25000000000000006 2024.5000000000002
decision_type=2 2 2 2 2 2 2 2 2 2 2 2 2 2 2 2 2 2 2 2 2 2 2 2 2 2 2 2 2 2 2 2 2 2 2 2 2 2 2 2 2 2 2 2 2 2 2 2 2 2 2 2 2 2 2 2 2 2 2 2 2 2
left_child=2 5 9 13 6 22 42 17 15 51 34 18 24 19 56 41 -10 25 38 39 21 46 45 40 -9 37 -20 28 -15 -14 31 -30 44 53 35 36 -5 -7 -11 -3 -24 -8 -4 -44 -21 -2 -19 -22 -43 -27 -51 -1 -18 -34 -41 -56 -12 -39 -13 -16 -17 -62
right_child=1 3 4 10 -6 7 8 12 16 11 14 58 29 27 59 60 52 20 26 32 47 -23 23 -25 -26 49 -28 -29 30 -31 -32 -33 33 -35 -36 -37 -38 57 -40 54 -42 48 43 -45 -46 -47 -48 -49 -50 50 -52 -53 -54 -55 55 -57 -58 -59 -60 -61 61 -63
leaf_value=-0.0049315066120977887 -0.0031269643520646807 0.0086510230171078662 -0.0041449142232703401 0.00082067339068697112 0.021381250194737123 0.0037917951530746343 2.2431069181168046e-05 0.0035779322820862916 0.00075484386523855262 -0.0033680206144873883 0.014590418431998771 -0.0013956611585202411 0.0089480896829262652 0.012840222946069138 0.014956768906201172 0.0021671380755763229 0.0039934208405741035 -0.0014704431699582893 -0.0051634634423957278 0.010203307102058325 0.0073811475913913988 -0.0027664599944436275 0.020436279116343586 0.00017081364248483865 0.0074875221526427144 0.0067490163439287145 -0.0032709688285291016 0.017960668162723261 0.0092120144250232537 0.01327414134517433 0.012634314654717725 0.0012160740301841021 0.0072365221561225103 0.014618186050789104 0.013343101574257187 0.011908911063144335 0.013498479331828571 0.0055823585293813772 -0.0022283430896051538 0.0034259228958345303 -0.0029223702146945452 -0.0029469044424999292 0.0048495552408101689 -0.002548957717888579 0.017140575727845546 -8.5427189226056882e-05 0.0031184441490928576 0.0027193325689416508 -0.00089812399453917564 0.0054173041657724699 0.00067673009760630212 -0.0043113890451838052 0.0081097020122291013 0.011236742639253477 0.0019235497160570187 0.0083983197568859528 0.017875005066838742 0.0095526256990560617 0.0013448361183299321 0.017821541912004135 -0.00084137768095112148 0.0016595801289424094
leaf_weight=185133 10739 11865 24407 1415 1859 5968 25335 9953 11609 143980 29515 12408 20646 15712 5364 17891 25590 2699 46267 2222 4490 5434 517 1591 10164 2698 38110 1639 10007 4630 5384 1337 9602 2097 12859 4317 553 4824 64211 5184 120 19480 1454 29666 2050 10207 14914 4302 27195 3305 7152 285829 2809 3695 1309 5683 4499 5887 9472 57762 18125 16185
leaf_count=185133 10739 11865 24407 1415 1859 5968 25335 9953 11609 143980 29515 12408 20646 15712 5364 17891 25590 2699 46267 2222 4490 5434 517 1591 10164 2698 38110 1639 10007 4630 5384 1337 9602 2097 12859 4317 553 4824 64211 5184 120 19480 1454 29666 2050 10207 14914 4302 27195 3305 7152 285829 2809 3695 1309 5683 4499 5887 9472 57762 18125 16185
internal_value=6.3216e-08 0.00977051 -0.00314651 0.0134775 -0.000122311 0.00424676 -0.000304258 0.00538983 0.000626399 -0.00399979 0.0159295 -0.00316797 0.00788521 0.00981171 0.0166843 -0.000248564 0.00334297 0.00355307 -0.00338924 0.00846927 0.00227229 0.00119307 -0.0010341 0.00470733 0.00555351 0.00491975 -0.00430876 0.0115332 0.0112083 0.00974077 0.0096751 0.00827008 0.0101441 0.00920304 0.0120995 0.00955423 0.00438613 0.00634368 -0.00301654 0.00709898 0.0160283 -0.00112848 -0.00305673 -0.00220311 0.0135338 -0.00164507 0.00241496 0.00510071 -0.0017533 0.00311395 0.00217553 -0.00455517 0.00440077 0.00834856 0.0055861 0.00718691 0.0150251 0.00776504 -0.000209052 0.0175782 0.000965169 0.000338251
internal_weight=1.33132e+06 324310 1.00702e+06 194070 221605 130240 219746 107066 164219 785410 116284 314448 45393 77786 97140 124211 40008 61673 292568 43707 31839 23047 23174 2228 20117 29834 84377 34079 32440 25276 16728 11344 19666 15394 19144 6285 1968 16679 208191 24041 637 72010 55527 31120 4272 20946 17613 8792 46675 13155 10457 470962 28399 13297 12176 6992 34014 10711 21880 63126 52201 34310
internal_count=1331325 324310 1007015 194070 221605 130240 219746 107066 164219 785410 116284 314448 45393 77786 97140 124211 40008 61673 292568 43707 31839 23047 23174 2228 20117 29834 84377 34079 32440 25276 16728 11344 19666 15394 19144 6285 1968 16679 208191 24041 637 72010 55527 31120 4272 20946 17613 8792 46675 13155 10457 470962 28399 13297 12176 6992 34014 10711 21880 63126 52201 34310
is_linear=0
shrinkage=0.05


Tree=14
num_leaves=63
num_cat=0
split_feature=12 15 22 14 12 16 15 15 16 20 12 12 18 12 12 22 21 12 16 17 12 14 16 14 10 12 15 12 15 23 18 21 0 0 0 14 9 10 18 10 1 10 3 10 1 12 15 3 10 1 16 1 22 12 18 14 0 1 1 8 12 16
split_gain=14781.9 1959.15 1392.05 491.932 280.271 244.602 186.715 112.021 99.6382 89.7546 76.159 72.1 66.6512 54.9802 51.05 46.8694 40.1952 36.8534 35.1968 30.4521 29.6481 29.5159 29.0345 26.4649 26.2675 25.1438 25.5496 22.958 22.8059 22.1701 22.0841 21.1742 21.2899 20.2674 19.2417 19.0694 31.3226 18.8099 18.5434 18.2667 28.0051 38.5556 18.7196 17.9994 18.522 17.5157 17.2721 16.6546 16.4595 25.1258 16.1374 15.2555 15.2381 19.2648 15.0982 14.9046 14.8069 14.436 14.3899 14.6755 14.1531 14.0525
threshold=300.00000000000006 1.0000000180025095e-35 0.45000000298023229 25.782884597778324 63.500000000000007 1.0000000180025095e-35 1.0000000180025095e-35 1.0000000180025095e-35 1.0000000180025095e-35 1.0000000180025095e-35 692.50000000000011 154.50000000000003 1.0000000180025095e-35 165.50000000000003 27.500000000000004 9.5166668891906756 1.0000000180025095e-35 678.00000000000011 1.0000000180025095e-35 1.0000000180025095e-35 532.50000000000011 153.88712310791018 1.0000000180025095e-35 3.4083069562911992 0.68301269412040722 1126.5000000000002 74.500000000000014 730.50000000000011 1.0000000180025095e-35 2.8409981727600102 1.0000000180025095e-35 0.89285713434219371 1705.5000000000002 1361.5000000000002 2004.5000000000002 8.5748081207275408 -0.56174489110708226 0.25000000000000011 1.0000000180025095e-35 -0.25000000000000006 2024.5000000000002 0.68301269412040722 3.5000000000000004 0.68301269412040722 2024.5000000000002 1175.0000000000002 28.500000000000004 3.5000000000000004 0.68301269412040722 2024.5000000000002 12.500000000000002 2024.5000000000002 1.0000000180025095e-35 126.50000000000001 12.500000000000002 8.1027956008911151 196.50000000000003 2024.5000000000002 2024.5000000000002 0.87837970256805431 1326.0000000000002 198.50000000000003
decision_type=2 2 2 2 2 2 2 2 2 2 2 2 2 2 2 2 2 2 2 2 2 2 2 2 2 2 2 2 2 2 2 2 2 2 2 2 2 2 2 2 2 2 2 2 2 2 2 2 2 2 2 2 2 2 2 2 2 2 2 2 2 2
left_child=2 5 4 8 14 9 13 16 20 24 19 -8 25 -4 23 31 35 29 39 -7 30 54 -13 -1 27 26 -5 -2 43 55 46 -10 56 50 -9 51 -37 -24 -31 58 41 -41 -42 -16 -45 61 -3 -20 52 -50 -17 -6 -18 -54 -14 -11 -33 -26 59 -15 -23 -12
right_child=1 3 6 12 7 10 11 34 15 17 45 22 21 18 28 33 48 -19 47 -21 -22 60 37 -25 57 -27 -28 -29 -30 38 -32 32 -34 -35 -36 36 -38 -39 -40 40 42 -43 -44 44 -46 -47 -48 -49 49 -51 -52 -53 53 -55 -56 -57 -58 -59 -60 -61 -62 -63
leaf_value=-0.0043963441163852113 0.00042189448238406441 0.0069515989192382738 -0.00077087716359114042 0.013512216539183837 -0.0036751027915683993 0.0044108122315064772 0.0009825006359239451 0.00099986976782394659 0.003386016479561103 0.0043194673403786034 0.010262092291618438 0.0045005508762731312 0.01695010537215362 0.0024706632457755437 -0.0032984201582610916 0.0142449626405947 -0.0045564976889172415 0.0066939632608399736 0.0019275852465677344 0.0074873846028297485 0.010421724224841132 0.018165649374132047 0.0092952427626074152 -0.0011947594256785593 -0.0035156231270498288 0.015737287556503547 0.0085832887397932003 0.010679679543234804 -0.0015090137491013968 0.0011466891834459672 0.0091353865394340691 0.013004534506253836 0.016327994398372583 0.016442783803372728 0.0058338931302569143 0.010261934828401292 -0.0019163060345659046 0.0051840206228682848 0.0039184945022622758 0.00058839747525611002 0.00024972434285883003 -0.0042241029873234361 0.0040902032348231728 -0.0050797730913451208 -0.0034447451156315529 0.01412970001375214 0.0023334661495924558 0.0049023775855971206 -0.0045417837224626433 -0.0014675852005483698 0.011570125033362896 -0.001923796291362474 -0.0016027217024854321 0.00028087727753177801 0.014810468311109149 0.010386374473174788 0.0095238562144894651 0.0065342225017803032 -0.00016298994169041076 0.0079081130116946865 0.01618221816053236 0.0051140314171412189
leaf_weight=415846 8476 10480 46010 5968 60883 15608 11265 18895 1071 7548 9887 20453 11273 8416 175452 9981 3496 8183 10182 16623 12937 21041 6901 6561 6713 4679 4716 583 14238 15688 10608 3760 1510 4385 2311 667 2531 4675 9813 10858 7918 6747 5298 34169 35197 2591 2514 8760 11362 16032 13067 15644 60764 17474 31237 1171 16571 377 4401 1457 15867 1536
leaf_count=415846 8476 10480 46010 5968 60883 15608 11265 18895 1071 7548 9887 20453 11273 8416 175452 9981 3496 8183 10182 16623 12937 21041 6901 6561 6713 4679 4716 583 14238 15688 10608 3760 1510 4385 2311 667 2531 4675 9813 10858 7918 6747 5298 34169 35197 2591 2514 8760 11362 16032 13067 15644 60764 17474 31237 1171 16571 377 4401 1457 15867 1536
internal_value=6.66038e-08 0.0100622 -0.00275858 0.0132028 -0.00351547 0.00461793 0.00164193 -0.00191865 0.010485 0.00247102 0.00733607 0.00442361 0.015694 0.00054753 -0.00400768 0.0119278 -0.00230557 0.00367913 0.00149487 0.00599771 0.00849695 0.0162774 0.00563373 -0.00434663 -0.000700865 0.0126777 0.0113371 0.00108271 -0.00345497 0.00295803 0.00744167 0.0102574 0.0105941 0.0133227 0.00152694 -0.00315907 0.000622362 0.00763541 0.00221351 0.000735002 5.00009e-05 -0.00125569 0.00178968 -0.00356812 -0.00425022 0.0104138 0.00605852 0.0033036 -0.00168199 -0.00274284 0.0127287 -0.00331716 -0.00132637 -0.00118197 0.015378 0.00513496 0.0101679 -0.00298045 0.00221372 0.00327367 0.0173131 0.00957034
internal_weight=1.33132e+06 286462 1.04486e+06 181665 891522 104797 153341 210059 86884 58552 46245 43294 94781 110047 681463 50345 188853 42403 64037 32231 36539 79418 32029 422407 16149 15363 10684 9059 259056 34220 23602 22912 21841 27433 21206 79725 3198 11576 25501 45095 30821 17605 13216 244818 69366 14014 12994 18942 109128 27394 23048 76527 81734 78238 42510 8719 20331 7090 14274 9873 36908 11423
internal_count=1331325 286462 1044863 181665 891522 104797 153341 210059 86884 58552 46245 43294 94781 110047 681463 50345 188853 42403 64037 32231 36539 79418 32029 422407 16149 15363 10684 9059 259056 34220 23602 22912 21841 27433 21206 79725 3198 11576 25501 45095 30821 17605 13216 244818 69366 14014 12994 18942 109128 27394 23048 76527 81734 78238 42510 8719 20331 7090 14274 9873 36908 11423
is_linear=0
shrinkage=0.05


Tree=15
num_leaves=63
num_cat=0
split_feature=13 15 12 14 15 13 12 20 12 16 16 12 12 16 15 20 12 17 12 24 25 17 12 2 8 3 17 0 0 11 17 2 25 18 2 8 18 3 18 20 8 11 3 2 3 2 3 17 11 6 12 23 23 0 2 0 25 11 14 11 11 6
split_gain=13362.8 1620.77 1373.27 485.426 384.686 227.155 186.852 134.924 117.511 112.353 109.847 89.8603 64.4337 63.9828 62.8465 48.4662 46.4908 42.3371 40.6258 35.8294 35.7637 35.7462 33.4214 31.1613 53.9771 29.3354 27.3603 27.2053 40.4521 25.2903 26.888 27.7034 24.76 24.6106 22.2917 31.2555 24.216 22.968 22.2558 21.8216 21.3254 38.7968 29.717 31.5782 22.6623 20.9854 23.5273 21.5932 20.7524 20.5311 19.828 20.9228 20.2703 19.7825 18.345 17.934 17.0354 17.0151 16.8218 16.7607 26.6111 16.5708
threshold=2.1852977275848393 1.0000000180025095e-35 117.50000000000001 23.954999923706058 1.0000000180025095e-35 20.316013336181644 50.500000000000007 1.0000000180025095e-35 370.50000000000006 1.0000000180025095e-35 1.0000000180025095e-35 246.50000000000003 917.50000000000011 1.0000000180025095e-35 1.0000000180025095e-35 1.0000000180025095e-35 207.50000000000003 1.0000000180025095e-35 448.50000000000006 0.3944759219884873 142.75423431396487 1.0000000180025095e-35 15.500000000000002 1.5000000000000002 0.6078576147556306 3.5000000000000004 34.500000000000007 266.50000000000006 1705.5000000000002 1.0000000180025095e-35 1.0000000180025095e-35 7.5000000000000009 1.0000000180025095e-35 1.0000000180025095e-35 1.5000000000000002 0.6078576147556306 1.0000000180025095e-35 5.5000000000000009 1.0000000180025095e-35 0.92857143282890331 -0.87837970256805409 -0.93301269412040699 1.5000000000000002 10.500000000000002 1.5000000000000002 5.5000000000000009 1.5000000000000002 1.0000000180025095e-35 1.0000000180025095e-35 1.0000000180025095e-35 441.50000000000006 25.603199958801273 2.8409981727600102 1845.5000000000002 5.5000000000000009 1361.5000000000002 48.94264221191407 -0.25000000000000006 0.035929432138800628 1.0000000180025095e-35 0.68301269412040722 1.0000000180025095e-35
decision_type=2 2 2 2 2 2 2 2 2 2 2 2 2 2 2 2 2 2 2 2 2 2 2 2 2 2 2 2 2 2 2 2 2 2 2 2 2 2 2 2 2 2 2 2 2 2 2 2 2 2 2 2 2 2 2 2 2 2 2 2 2 2
left_child=2 5 6 10 7 9 22 23 -7 15 18 53 21 49 19 -2 -9 57 32 34 48 -10 -1 24 -4 -11 -23 -13 -29 30 -25 -32 -3 -19 35 37 -37 -8 -18 -30 -16 44 -43 -44 58 -21 -47 -48 -15 -5 52 -52 -17 61 -24 56 -35 -12 -42 -20 -61 -6
right_child=1 3 4 13 11 8 14 16 12 25 17 27 -14 20 40 50 38 33 59 45 -22 26 54 29 -26 -27 -28 28 39 -31 31 -33 -34 55 -36 36 -38 -39 -40 -41 41 42 43 -45 -46 46 47 -49 -50 -51 51 -53 -54 -55 -56 -57 -58 -59 -60 60 -62 -63
leaf_value=-0.004358005968740258 -0.00078094828008505384 -0.001279005480760462 -0.0020514047401410185 0.012182875457457033 0.0033640434178334312 0.020296071939356619 -0.0043509519064834799 0.00018079549816704546 0.0035321773326879979 0.0042623501756190027 0.010829503162539481 0.012048399198568286 0.011201415457676153 0.015395362658967153 -0.0034250059902629429 0.0045267227495854349 0.0016357773225082956 0.010368215042734261 0.010826635377009473 -0.0026867925672700837 0.016484124630089327 0.011734499860294501 -0.0040139953922813327 -0.0017318677316718321 0.012022844007987466 0.0073392705475111442 0.0059649071212500059 0.0053445891982496808 0.005214487838804311 -0.0032869053648308718 0.0010821861461257037 0.013633231392112925 0.0063389170343824443 0.012211000370831008 -0.003288070124889437 0.0013591714526089121 0.012973256248840926 0.0036975163024124216 0.0043303700501216387 0.013775864873175872 -0.0045556815206140716 -0.0028817528305756309 0.00034636698690551719 0.0076235348888042207 0.0023584111308075245 -0.0028681354173771389 -0.0010853805075031048 0.0019327958037851603 0.013276576297825303 0.0055164206074388832 0.0051746006047880908 -1.9624133446688823e-05 0.00095317594024246365 0.0074313245970880478 -0.0032676216724791571 0.016664424276348178 0.018005926935406914 0.0076616167153488058 0.014544699431173229 0.004457077416188491 0.0097665083911022323 -0.0017104147020030849
leaf_weight=279426 13156 1140 1945 10995 25890 1988 4358 56355 8260 17136 8515 3328 8617 25067 3554 5263 24049 10124 8561 38871 37993 3277 154238 17616 1048 14158 5528 9998 1027 30433 2228 548 16329 14924 119190 2013 578 1112 11254 2726 131 6015 9846 1757 1304 14257 29294 7428 21569 1294 11206 2342 16154 2842 176890 3483 1391 8480 935 3730 6447 1714
leaf_count=279426 13156 1140 1945 10995 25890 1988 4358 56355 8260 17136 8515 3328 8617 25067 3554 5263 24049 10124 8561 38871 37993 3277 154238 17616 1048 14158 5528 9998 1027 30433 2228 548 16329 14924 119190 2013 578 1112 11254 2726 131 6015 9846 1757 1304 14257 29294 7428 21569 1294 11206 2342 16154 2842 176890 3483 1391 8480 935 3730 6447 1714
internal_value=6.96974e-08 0.00955289 -0.0026267 0.0124501 0.00118124 0.00468183 -0.00349012 -9.46051e-05 0.00858328 0.00332241 0.00964647 0.00508675 0.00767634 0.0148545 -0.00231008 0.00180564 0.00107216 0.0112434 0.00757695 -0.00257616 0.0153443 0.005896 -0.00395521 -0.00208183 0.00287526 0.00565459 0.00811288 0.00798984 0.00700714 -0.00237384 -0.00101094 0.00356204 0.00584149 0.0123759 -0.00311596 -0.000570504 0.00395237 -0.00271382 0.00249492 0.0114346 0.000143485 0.00077825 -2.94217e-05 0.00144881 0.00678415 -0.00181161 -0.00114419 -0.000474734 0.0144156 0.0114814 0.00277901 0.00427633 0.00183159 0.00345805 -0.0036153 0.0134023 0.0127055 0.00924917 0.0121926 0.00919458 0.00782109 0.00304877
internal_weight=1.33132e+06 287127 1.0442e+06 180042 193001 107085 851197 145476 27670 79415 83124 47525 25682 96918 240643 48121 91658 46917 36207 217101 84629 17065 610554 53818 2993 31294 8805 17079 13751 50825 20392 2776 17469 29922 127251 8061 2591 5470 35303 3753 23542 19988 17618 11603 2370 89850 50979 36722 46636 12289 34965 13548 21417 30446 331128 19798 16315 16995 1066 18738 10177 27604
internal_count=1331325 287127 1044198 180042 193001 107085 851197 145476 27670 79415 83124 47525 25682 96918 240643 48121 91658 46917 36207 217101 84629 17065 610554 53818 2993 31294 8805 17079 13751 50825 20392 2776 17469 29922 127251 8061 2591 5470 35303 3753 23542 19988 17618 11603 2370 89850 50979 36722 46636 12289 34965 13548 21417 30446 331128 19798 16315 16995 1066 18738 10177 27604
is_linear=0
shrinkage=0.05


Tree=16
num_leaves=63
num_cat=0
split_feature=21 21 12 16 16 20 17 12 12 12 12 2 1 18 25 12 16 2 8 2 12 1 1 21 21 25 16 12 1 3 25 8 25 2 8 2 18 12 2 1 2 23 17 6 9 1 2 24 24 21 24 3 18 12 1 3 23 1 3 20 1 18
split_gain=12071 1389.75 916.877 303.03 223.4 188.857 124.869 104.935 101.427 99.7833 95.6156 83.6201 145.603 68.7244 59.9026 57.9727 50.9818 45.8102 92.6709 44.9598 43.6469 43.1984 39.1751 38.9854 38.2364 30.1637 27.3225 36.1371 27.2931 39.7065 27.1516 26.7355 26.7259 25.6842 25.2629 68.6021 43.1328 24.9535 24.2703 48.3155 23.4696 23.3506 22.7551 21.0614 21.0378 70.5452 36.9918 20.9884 20.9752 25.0244 20.6381 19.8967 19.7094 19.4634 18.9711 18.91 18.5484 18.346 45.8952 18.2475 18.1052 22.0995
threshold=1.5357142686843874 15.178571701049806 93.500000000000014 1.0000000180025095e-35 1.0000000180025095e-35 0.21428572386503222 1.0000000180025095e-35 249.50000000000003 33.500000000000007 692.50000000000011 349.50000000000006 3.5000000000000004 2024.5000000000002 1.0000000180025095e-35 71.203552246093764 376.50000000000006 5.5000000000000009 1.5000000000000002 0.6078576147556306 3.5000000000000004 159.50000000000003 2024.5000000000002 2023.5000000000002 1.0000000180025095e-35 6.6071429252624521 9.7359685897827166 8.5000000000000018 941.50000000000011 2024.5000000000002 5.5000000000000009 0.44197446107864385 1.0000000180025095e-35 17.273459434509281 5.5000000000000009 0.6078576147556306 1.5000000000000002 2.5000000000000004 1175.0000000000002 3.5000000000000004 2024.5000000000002 5.5000000000000009 2.6185988187789921 1.0000000180025095e-35 1.0000000180025095e-35 -0.56174489110708226 2024.5000000000002 7.5000000000000009 7.7093491554260263 2.9112315177917485 3.6785713434219365 3.0077735185623173 3.5000000000000004 1.0000000180025095e-35 556.50000000000011 2024.5000000000002 2.5000000000000004 2.9880689382553105 2023.5000000000002 4.5000000000000009 1.0000000180025095e-35 2024.5000000000002 1.0000000180025095e-35
decision_type=2 2 2 2 2 2 2 2 2 2 2 2 2 2 2 2 2 2 2 2 2 2 2 2 2 2 2 2 2 2 2 2 2 2 2 2 2 2 2 2 2 2 2 2 2 2 2 2 2 2 2 2 2 2 2 2 2 2 2 2 2 2
left_child=2 4 8 13 11 9 26 -6 -1 17 20 12 34 38 52 50 32 18 28 21 40 -19 -17 54 51 -14 -5 -28 -4 -30 -20 -23 48 -25 53 36 -36 41 39 -3 60 -12 -21 -24 45 59 -47 -26 -9 -50 -13 -18 -8 -2 -10 -42 -22 58 -46 -35 61 -7
right_child=1 3 5 6 7 10 14 16 23 -11 37 15 25 -15 -16 22 24 19 30 42 56 31 43 33 47 -27 27 -29 29 -31 -32 -33 -34 44 35 -37 -38 -39 -40 -41 55 -43 -44 -45 57 46 -48 -49 49 -51 -52 -53 -54 -55 -56 -57 -58 -59 -60 -61 -62 -63
leaf_value=-0.0038651781236924685 -0.0045546132683746843 -0.00039252999998265866 -0.0050835902442014037 0.013910295944976364 0.0031553146997724936 -0.0040213971396935921 0.010871901530295519 0.012087765672639222 -0.003652394982361808 0.011407191898423735 0.006763815786793268 0.0072609305946177306 0.0035217024918350486 0.0097074151552320378 0.015154569206620366 0.0018535860025957385 0.003434646774745228 -0.0047994266624255119 0.0018352769395152645 -0.001396888920131481 0.0026729481774136186 0.0019515196362450363 0.0076106023528690579 -0.0029112228190526571 0.013441471829329735 0.0087549040242427181 0.0069125960992348304 0.012051954771021183 -0.00013511712903197843 0.020686500409023964 0.014809558586037518 -0.0039982145251901977 0.012620460235717335 -0.0042791208835736855 0.0035477848810101043 -0.0044069944110523935 0.021538290867865795 0.016712451837491336 0.0065159395441320546 0.013667819671360427 -0.00042358709920873997 0.0018457776745598284 0.001237145237449405 -0.0017148631856173605 -0.0043043429909584499 0.0056172017782383996 -0.0013263642171142162 0.0079234289631304432 0.0056543006125951752 0.0096561041262563894 0.0030308985392673419 0.0070181855876157405 0.013306260905651443 0.0014051465187512751 -0.0023632348098257734 0.0021327676204015602 0.00024786223616428312 -0.0022970045447043919 0.009626080134871557 -0.0010873256488604412 -5.9909093615744807e-05 0.0044879420820739552
leaf_weight=480265 8156 3768 2375 3004 11933 6852 11332 4370 108323 1533 8382 3178 8131 17348 55289 3800 8109 18405 550 66771 40042 4812 21593 73458 1899 4168 9922 5228 1414 273 1521 3107 6708 6720 1009 2156 498 504 7654 729 12657 3394 9345 622 1271 5663 2899 18967 6156 10732 31340 7431 31568 1645 38783 16876 9824 67361 1105 13440 14099 858
leaf_count=480265 8156 3768 2375 3004 11933 6852 11332 4370 108323 1533 8382 3178 8131 17348 55289 3800 8109 18405 550 66771 40042 4812 21593 73458 1899 4168 9922 5228 1414 273 1521 3107 6708 6720 1009 2156 498 504 7654 729 12657 3394 9345 622 1271 5663 2899 18967 6156 10732 31340 7431 31568 1645 38783 16876 9824 67361 1105 13440 14099 858
internal_value=7.2323e-08 0.0086702 -0.00261434 0.012214 0.00549158 0.000215952 0.0133617 0.00746256 -0.0034061 -0.00125931 0.00164729 0.00374872 0.00136267 0.00768735 0.0140662 0.00476414 0.00826093 -0.00143821 0.00275893 -0.00168954 0.00114169 -0.00347081 0.00654672 -0.00271497 0.00702714 0.00529564 0.00955124 0.0086865 -0.00162862 0.00323242 0.0113666 -0.000382233 0.00986687 -0.00220359 -0.00222963 0.0013121 0.00949724 0.00581384 0.00480284 0.00188591 0.000118282 0.00534682 -0.00107343 0.00734927 -0.00167559 -0.000536499 0.00326561 0.00842592 0.00899767 0.00819771 0.00342051 0.0051486 0.0126634 -0.00355381 -0.00331256 0.00103702 0.00219529 -0.00214466 0.00217227 -0.00215152 -0.00112561 -0.00307375
internal_weight=1.33132e+06 308443 1.02288e+06 145842 162601 223594 116343 76305 799288 110106 113488 86296 25763 29499 98189 60533 64372 108573 6133 102440 101208 26324 26015 319023 36406 12299 18154 15150 4062 1687 2071 7919 27966 171917 13464 3663 1507 12280 12151 4497 51342 11776 76116 22215 98459 28722 8562 20866 21258 16888 34518 15540 42900 9801 147106 29533 49866 69737 2376 20160 21809 7710
internal_count=1331325 308443 1022882 145842 162601 223594 116343 76305 799288 110106 113488 86296 25763 29499 98189 60533 64372 108573 6133 102440 101208 26324 26015 319023 36406 12299 18154 15150 4062 1687 2071 7919 27966 171917 13464 3663 1507 12280 12151 4497 51342 11776 76116 22215 98459 28722 8562 20866 21258 16888 34518 15540 42900 9801 147106 29533 49866 69737 2376 20160 21809 7710
is_linear=0
shrinkage=0.05


Tree=17
num_leaves=63
num_cat=0
split_feature=13 15 21 14 12 13 12 12 15 16 16 15 12 12 16 1 10 15 16 16 23 13 21 21 12 0 0 25 3 0 11 25 3 10 2 15 12 12 11 1 3 14 23 2 1 24 2 1 25 11 16 2 11 1 10 0 0 2 0 16 10 3
split_gain=10921.9 1363.56 1175.93 391.894 223.912 188.616 179.829 119.396 100.604 84.1752 81.5138 71.0021 65.3186 56.3755 52.6452 47.455 51.0304 46.1313 38.484 43.3532 36.2718 34.994 34.7692 33.6105 30.5197 29.4339 41.824 27.6302 25.0438 23.383 21.656 20.886 20.1633 35.5266 36.5762 20.1127 19.989 19.5025 18.5673 22.212 56.1853 17.1523 16.5456 16.41 43.0682 16.2914 16.1942 15.7856 15.6944 15.1204 33.211 15.0681 14.8859 14.7751 17.9321 14.4694 14.1086 13.9107 13.7674 16.4679 13.4782 13.4266
threshold=2.1852977275848393 1.0000000180025095e-35 0.39285714924335485 20.828763961791996 231.50000000000003 18.34952545166016 57.500000000000007 390.50000000000006 1.0000000180025095e-35 1.0000000180025095e-35 1.0000000180025095e-35 1.0000000180025095e-35 128.50000000000003 941.50000000000011 1.0000000180025095e-35 2024.5000000000002 0.68301269412040722 1.0000000180025095e-35 1.0000000180025095e-35 55.500000000000007 1.0000000180025095e-35 47.048534393310554 6.7500000000000009 1.0000000180025095e-35 448.50000000000006 1845.5000000000002 215.50000000000003 1.0000000180025095e-35 3.5000000000000004 1299.5000000000002 1.0000000180025095e-35 1.0000000180025095e-35 5.5000000000000009 0.68301269412040722 5.5000000000000009 35.500000000000007 132.00000000000003 967.50000000000011 -0.93301269412040699 2024.5000000000002 1.5000000000000002 0.29805897176265722 4.2733941078186044 3.5000000000000004 2024.5000000000002 39.174728393554695 3.5000000000000004 2024.5000000000002 39.139816284179695 -0.68301269412040699 1.5000000000000002 5.5000000000000009 1.0000000180025095e-35 2024.5000000000002 0.68301269412040722 215.50000000000003 1725.5000000000002 6.5000000000000009 1210.5000000000002 24.500000000000004 0.68301269412040722 1.5000000000000002
decision_type=2 2 2 2 2 2 2 2 2 2 2 2 2 2 2 2 2 2 2 2 2 2 2 2 2 2 2 2 2 2 2 2 2 2 2 2 2 2 2 2 2 2 2 2 2 2 2 2 2 2 2 2 2 2 2 2 2 2 2 2 2 2
left_child=2 5 6 9 12 10 23 -7 30 24 20 15 46 18 35 16 27 57 45 -20 -2 -16 42 -1 31 26 -10 -8 -12 48 55 -3 49 34 -34 -5 -29 -37 39 -13 -41 -22 -11 44 -43 -9 -4 -45 52 50 -17 -25 -24 54 -32 -6 -19 -14 59 -23 -15 -40
right_child=1 3 4 14 8 7 11 13 25 22 28 38 17 60 21 32 -18 56 19 -21 41 58 29 51 -26 -27 -28 36 -30 -31 53 -33 33 -35 -36 37 -38 -39 61 40 -42 43 -44 47 -46 -47 -48 -49 -50 -51 -52 -53 -54 -55 -56 -57 -58 -59 -60 -61 -62 -63
leaf_value=-0.0037530152622970228 -0.00068743394695725219 -0.0012057008281809703 -0.0024939752690618035 0.013324250185032319 0.0086469821829521405 0.019335220155655645 -0.0033629495884892101 0.0053315881904706687 0.011417478811134503 0.010069122618310085 0.003586103950295667 0.00055129841688574802 -0.00023269507427359107 0.011740141766525327 0.012100879800722013 -0.0028584823917290072 -0.0041390875026307587 0.0029543664415593702 0.010682949859589378 0.0040282017244079498 -0.0023542802703225892 0.015869973562284496 0.010936119167372728 -0.0034958393155550267 0.0082932756882988599 0.011344932716264182 0.0049703475862286446 -0.0019996767946784968 0.0064689244658717978 0.013778800265052505 0.0012749248629608768 0.0057968812689370326 0.0087349968756562108 -0.0026330679655462209 0.00047265762482402685 0.0070103829836168641 -3.3986675355417799e-05 0.01160652056975222 -0.0016176189018698524 0.023784522024384476 -0.00068646482867774342 -0.0018116194899094841 0.0064751138103521927 0.0044749370155685239 0.004593324064233904 0.0011831151856220934 -0.00047444722862547236 0.0016720517066350776 0.013873987343034877 -0.00076002411037817306 0.0075832821425950402 -0.0025324039232012211 0.0082448661437569664 0.0037069750288997051 -0.0036028475767883325 0.0033107181721470725 0.0073261215650387628 0.0015093877781340438 0.016037116407618814 0.013646112936631653 0.0074703733806240824 0.0014866971191854858
leaf_weight=476769 12904 1138 13023 4185 1418 2010 30206 4216 3140 5484 16657 1014 26382 5204 22536 20201 42006 17519 5047 4758 1780 10305 13166 69116 17581 3457 12688 60191 13775 6210 7511 16294 2148 3849 3562 4980 16479 4318 5043 457 481 5831 7735 14001 4772 5404 41790 7845 2789 34231 791 98500 8467 3816 2515 12322 2065 20253 10646 44208 2881 11255
leaf_count=476769 12904 1138 13023 4185 1418 2010 30206 4216 3140 5484 16657 1014 26382 5204 22536 20201 42006 17519 5047 4758 1780 10305 13166 69116 17581 3457 12688 60191 13775 6210 7511 16294 2148 3849 3562 4980 16479 4318 5043 457 481 5831 7735 14001 4772 5404 41790 7845 2789 34231 791 98500 8467 3816 2515 12322 2065 20253 10646 44208 2881 11255
internal_value=7.35021e-08 0.00863645 -0.0023747 0.0112938 0.00145856 0.00416858 -0.00310916 0.00757017 0.00439284 0.00865138 0.00287391 -0.00191517 0.000322281 0.00671032 0.0133534 -0.00217086 -0.00266242 0.0013791 0.00524948 0.00745423 0.00157132 0.0138008 0.0101113 -0.00353887 0.00682281 0.0071634 0.00624973 -0.00208198 0.00489119 0.0110366 0.00245551 0.00533945 -0.0010411 0.0010788 0.00358178 0.010443 -0.00157725 0.00914547 0.00107812 0.00568655 0.0112319 0.00242299 0.00796656 0.00268521 0.00107054 0.00300175 -0.000954361 0.00346865 0.0103391 -0.00140814 -0.00246475 -0.00292971 0.00988306 0.00105914 5.0824e-05 0.00386186 0.00341563 0.000523764 0.0143887 0.0140666 0.0102194 0.000525835
internal_weight=1.33132e+06 287127 1.0442e+06 180042 167899 107085 876299 29520 46867 78864 77565 231914 121032 27510 101178 213664 148882 66219 19425 9805 47133 87695 43851 644385 35013 19285 15828 106876 30432 30632 27582 17432 64782 9559 5710 13483 76670 9298 18250 1952 938 34229 13219 32449 10603 9620 54813 21846 24422 55223 20992 167616 21633 13842 10026 13740 19584 46635 65159 54513 8085 16298
internal_count=1331325 287127 1044198 180042 167899 107085 876299 29520 46867 78864 77565 231914 121032 27510 101178 213664 148882 66219 19425 9805 47133 87695 43851 644385 35013 19285 15828 106876 30432 30632 27582 17432 64782 9559 5710 13483 76670 9298 18250 1952 938 34229 13219 32449 10603 9620 54813 21846 24422 55223 20992 167616 21633 13842 10026 13740 19584 46635 65159 54513 8085 16298
is_linear=0
shrinkage=0.05


Tree=18
num_leaves=63
num_cat=0
split_feature=13 21 15 15 14 12 12 12 16 12 15 17 18 25 12 11 17 17 0 0 12 18 18 10 21 12 10 15 13 12 12 15 16 14 12 0 11 0 10 3 9 10 23 17 10 14 17 10 8 10 11 0 3 10 11 18 10 12 11 19 19 8
split_gain=9876.51 1525.49 882.192 269.656 230.948 170.199 133.62 127.51 118.999 84.1177 62.6209 60.6933 48.3368 40.4198 36.7738 36.0318 35.8191 34.9181 32.529 43.1445 29.6916 24.0588 23.4708 23.4004 23.3479 23.3135 23.1324 22.5003 22.3006 21.1001 20.0135 21.9191 19.07 18.7684 18.7078 18.2747 18.1559 17.3861 17.3532 23.1355 17.2991 59.4017 38.4433 25.1372 16.427 17.7999 16.2938 30.7852 91.9092 15.9669 15.3657 15.2214 14.919 21.161 17.374 14.8863 14.7556 14.3274 14.2946 14.2729 14.2648 14.2463
threshold=4.2368643283844003 0.39285714924335485 1.0000000180025095e-35 1.0000000180025095e-35 27.463189125061039 63.500000000000007 154.50000000000003 219.50000000000003 1.0000000180025095e-35 207.50000000000003 1.0000000180025095e-35 1.0000000180025095e-35 1.0000000180025095e-35 1.0000000180025095e-35 20.500000000000004 1.0000000180025095e-35 1.0000000180025095e-35 1.0000000180025095e-35 215.50000000000003 1705.5000000000002 90.500000000000014 1.0000000180025095e-35 1.0000000180025095e-35 0.25000000000000011 7.6785714626312265 364.50000000000006 1.0000000180025095e-35 1.0000000180025095e-35 31.335805892944339 941.50000000000011 1126.5000000000002 74.500000000000014 5.5000000000000009 153.88712310791018 132.00000000000003 118.50000000000001 -0.25000000000000006 1883.5000000000002 1.0000000180025095e-35 3.5000000000000004 -0.56174489110708226 0.25000000000000011 1.0000000180025095e-35 1.5000000000000002 0.68301269412040722 0.39715954661369329 1.0000000180025095e-35 -0.93301269412040699 0.87837970256805431 0.25000000000000011 1.0000000180025095e-35 42.500000000000007 1.0000000180025095e-35 1.0000000180025095e-35 -0.68301269412040699 12.500000000000002 0.68301269412040722 941.50000000000011 1.0000000180025095e-35 1.0000000180025095e-35 23.500000000000004 1.0000000180025095e-35
decision_type=2 2 2 2 2 2 2 2 2 2 2 2 2 2 2 2 2 2 2 2 2 2 2 2 2 2 2 2 2 2 2 2 2 2 2 2 2 2 2 2 2 2 2 2 2 2 2 2 2 2 2 2 2 2 2 2 2 2 2 2 2 2
left_child=1 5 6 9 11 14 -2 20 16 26 13 25 30 52 -1 38 29 32 35 23 -5 50 -17 24 -20 -4 46 56 61 44 31 -6 -10 -14 -15 51 -27 55 -11 -40 41 42 -28 -43 45 -8 -3 48 -48 -42 -13 -9 53 54 -7 -23 -16 -38 -33 -46 -60 -19
right_child=2 3 4 7 12 10 8 18 17 15 -12 21 33 34 27 22 -18 28 19 -21 -22 37 -24 -25 -26 36 40 -29 -30 -31 -32 58 -34 -35 -36 -37 57 -39 39 -41 49 43 -44 -45 59 -47 47 -49 -50 -51 -52 -53 -54 -55 -56 -57 -58 -59 60 -61 -62 -63
leaf_value=-0.0036868623191908898 0.018592223732774773 -0.00018194407942346506 0.0040665418431151566 -0.0011570218196045657 0.011128987719249342 0.010590162936914725 -0.0017118127486123757 0.011299179978533837 0.0081160039701963661 0.0046990816627452874 0.0012169535887782594 0.010148103853844145 0.012642239000680662 -0.0018675494047931678 -0.002820794167527875 -0.00013242674155703135 0.004570296229058475 0.007930955082032105 0.0057366521495449546 0.01079183084284663 0.0027829048927661406 0.01217270644016619 0.0029347861176120802 0.0033513058057188711 0.012750677643670322 0.0094988945331697921 0.019403875094001401 -0.0010605033890997721 0.0099666560908127505 0.0092025652437878278 0.012970124413641291 0.009606666270690711 0.0037396212122261154 0.014199209832798494 -0.00056221670985259211 0.013253850790579553 0.0062276516831487258 0.019156831752357439 0.00061195268215584377 0.0043482209735447395 -0.0038265689701539661 -0.0025316265057335817 0.0039698513568177775 0.0048596030731728615 -0.000861284650629973 0.0029718887258547021 0.0001980402306515887 0.0010871654081698347 0.028287286382931605 -0.0012274939058170935 0.0068291873200742263 0.004480671150544238 -0.0035783477845279521 -0.0037882594446077113 0.00028653414581236144 0.0097915194772683414 -0.0035836578286426225 0.011883401783433514 0.0026797495546250546 0.0082751616490521641 0.014774212827452457 0.0047184269845556162
leaf_weight=346290 1723 26792 4630 5893 5491 474 2402 1464 3174 12126 16996 7668 40977 106218 222441 20946 15246 8672 14718 3735 25323 13184 8880 11582 1292 10569 478 15084 7835 861 4646 2003 11591 36908 37030 2340 12455 669 9635 7274 7846 8793 2596 1323 8851 13002 903 8445 430 23982 6425 1865 40676 3566 2994 13156 88754 1233 2297 449 273 5751
leaf_count=346290 1723 26792 4630 5893 5491 474 2402 1464 3174 12126 16996 7668 40977 106218 222441 20946 15246 8672 14718 3735 25323 13184 8880 11582 1292 10569 478 15084 7835 861 4646 2003 11591 36908 37030 2340 12455 669 9635 7274 7846 8793 2596 1323 8851 13002 903 8445 430 23982 6425 1865 40676 3566 2994 13156 88754 1233 2297 449 273 5751
internal_value=7.50983e-08 -0.00203047 0.00913377 0.00181343 0.0112449 -0.00294138 0.00481928 0.00439263 0.0045143 0.00056075 -0.00169118 0.00907713 0.0128834 -0.00195004 -0.00332793 0.0020014 0.00265199 0.00656702 0.00637843 0.00574731 0.00203896 0.0103118 0.000780604 0.00506424 0.00630307 0.00732014 -0.000478535 -0.00294696 0.007818 0.00150777 0.0102531 0.00899822 0.00468079 0.0133801 -0.00153015 0.00986495 0.00794094 0.0111863 0.00325527 0.00221955 -0.00123738 0.000284836 0.00637199 -0.00156445 0.00123935 0.00224121 0.000455475 0.00220252 0.00926428 -0.00186837 0.00863542 0.00748101 -0.00321062 -0.00108338 0.00169652 0.0109836 -0.00303838 0.00673756 0.00643843 -0.000419559 0.00396696 0.00665039
internal_weight=1.33132e+06 1.08918e+06 242141 208661 162584 880523 79557 68212 77834 140449 207954 69989 92595 190958 672569 58861 40811 37023 36996 31327 31216 41102 29826 27592 16010 28887 81588 326279 22258 25565 14710 10064 14765 77885 143248 5669 24257 27009 29035 16909 45018 13190 3074 10116 24704 15404 36570 9778 1333 31828 14093 3329 47710 7034 3468 26340 311195 13688 4573 9300 2570 14423
internal_count=1331325 1089184 242141 208661 162584 880523 79557 68212 77834 140449 207954 69989 92595 190958 672569 58861 40811 37023 36996 31327 31216 41102 29826 27592 16010 28887 81588 326279 22258 25565 14710 10064 14765 77885 143248 5669 24257 27009 29035 16909 45018 13190 3074 10116 24704 15404 36570 9778 1333 31828 14093 3329 47710 7034 3468 26340 311195 13688 4573 9300 2570 14423
is_linear=0
shrinkage=0.05


Tree=19
num_leaves=63
num_cat=0
split_feature=13 21 15 15 14 12 12 12 16 12 17 15 21 17 17 1 18 12 2 11 11 12 3 16 2 1 1 16 2 8 14 12 1 3 6 25 14 1 16 1 15 16 12 2 1 8 18 2 15 3 2 17 20 11 12 6 12 11 18 1 2 9
split_gain=8913.6 1376.76 796.177 243.366 208.687 154.014 120.592 115.273 107.397 76.5213 58.4957 53.5982 42.5012 40.5843 35.8899 35.1305 33.8192 33.638 30.1083 29.8898 38.2263 27.9744 26.3067 25.4588 24.2018 63.4795 24.0578 23.6672 22.6896 76.9128 21.3836 21.2211 20.0691 20.1772 18.9803 18.6163 18.6138 18.1766 17.831 17.8183 17.5715 17.5497 20.5364 17.1175 47.5146 18.8992 17.9248 16.4043 16.3862 16.1003 28.7327 28.9816 24.989 16.0891 15.9036 15.6363 15.617 15.5574 15.0389 14.76 21.7117 14.7472
threshold=4.2368643283844003 0.39285714924335485 1.0000000180025095e-35 1.0000000180025095e-35 29.252272605896 72.500000000000014 154.50000000000003 227.00000000000003 1.0000000180025095e-35 165.50000000000003 1.0000000180025095e-35 1.0000000180025095e-35 1.0000000180025095e-35 1.0000000180025095e-35 1.0000000180025095e-35 2024.5000000000002 1.0000000180025095e-35 678.00000000000011 5.5000000000000009 1.0000000180025095e-35 0.68301269412040722 117.50000000000001 1.0000000180025095e-35 1.0000000180025095e-35 3.5000000000000004 2024.5000000000002 2024.5000000000002 1.5000000000000002 7.5000000000000009 0.87837970256805431 12.77888870239258 364.50000000000006 2023.5000000000002 4.5000000000000009 1.0000000180025095e-35 166.99333953857425 0.24725142121315005 2024.5000000000002 1.0000000180025095e-35 2024.5000000000002 4.5000000000000009 6.5000000000000009 995.50000000000011 3.5000000000000004 2024.5000000000002 0.6078576147556306 1.0000000180025095e-35 6.5000000000000009 1.0000000180025095e-35 5.5000000000000009 1.5000000000000002 1.0000000180025095e-35 1.0000000180025095e-35 1.0000000180025095e-35 1126.5000000000002 1.0000000180025095e-35 140.50000000000003 -0.25000000000000006 1.0000000180025095e-35 2024.5000000000002 9.5000000000000018 -0.56174489110708226
decision_type=2 2 2 2 2 2 2 2 2 2 2 2 2 2 2 2 2 2 2 2 2 2 2 2 2 2 2 2 2 2 2 2 2 2 2 2 2 2 2 2 2 2 2 2 2 2 2 2 2 2 2 2 2 2 2 2 2 2 2 2 2 2
left_child=1 5 6 9 10 12 -2 21 17 47 31 15 -1 55 43 19 41 24 26 28 -21 32 -22 -20 25 -8 40 -12 56 -30 -18 -4 33 -5 57 53 -26 -38 -16 -36 -9 -10 -43 44 46 -45 -11 61 -14 -17 52 -52 -51 -15 -19 -6 -7 -33 -29 60 -55 -3
right_child=2 3 4 7 13 11 8 18 16 14 27 -13 48 35 38 49 30 54 23 20 22 -23 -24 -25 36 -27 -28 58 29 -31 -32 34 -34 -35 39 -37 37 -39 -40 -41 -42 42 -44 45 -46 -47 -48 -49 -50 50 51 -53 -54 59 -56 -57 -58 -59 -60 -61 -62 -63
leaf_value=-0.003366125268480256 0.01766266700218818 8.7182909127670003e-05 0.0038581062564135844 -0.0075799334815733728 0.010113650078717534 -0.0023987622592909538 -0.0025101982643965736 0.0046006639861845781 0.0075858925220848089 -0.0041561230449357802 0.0084609268194951581 0.0014239980577558417 -0.0026585974070497819 0.012891825580316511 0.0019769939164259571 -0.00094734586406541041 0.0055279866041322186 0.0044699375477576693 0.0056472613981050218 -0.0041304668757415801 0.001361960508467304 0.003020096291637811 -0.0023285832357244325 0.0091349949854456752 -0.0021483657147157785 0.0061773312784618901 0.006031026928504663 0.009003187127531195 -0.00080422316170209558 0.012891702176162728 0.0088209722113836622 0.0093365396965653675 -0.00039687462675407222 0.030541532670954382 -0.0031236540601511866 0.013567641889589397 0.0043823624722785191 0.0011629447137010173 0.0045604442663620534 0.0070103391254294758 -0.00081628113095122282 0.0029550230082916054 0.009756831328195081 0.0021451522346375182 0.0023983164768395602 -0.00033713744628967638 0.0014832583269490985 8.9615343761871225e-05 -0.0011680750800834004 0.024680251619379787 -0.00062977367265403753 0.010833376340787666 0.0048707630050407093 0.0069007752034106543 0.011459303669108098 0.0037907408196150012 -0.00010975446193000016 0.0067306274420976218 0.011661487124781234 0.012913275667519456 0.011307702566974207 -0.0022448891625776036
leaf_weight=506413 1723 9554 4631 52 10524 25404 7879 3056 3612 7123 17719 14735 179768 23972 17127 38774 7984 8528 10795 31580 5685 21709 31996 10178 1782 2868 9087 7688 7095 1198 12939 10618 10300 103 776 34434 11905 6948 10961 982 2932 11256 1232 24776 7330 11100 1755 27418 20561 229 5395 614 525 3946 901 1081 10551 12494 17457 6615 9647 23305
leaf_count=506413 1723 9554 4631 52 10524 25404 7879 3056 3612 7123 17719 14735 179768 23972 17127 38774 7984 8528 10795 31580 5685 21709 31996 10178 1782 2868 9087 7688 7095 1198 12939 10618 10300 103 776 34434 11905 6948 10961 982 2932 11256 1232 24776 7330 11100 1755 27418 20561 229 5395 614 525 3946 901 1081 10551 12494 17457 6615 9647 23305
internal_value=7.836e-08 -0.00192894 0.00867711 0.00172277 0.0106827 -0.00279431 0.00457834 0.00417302 0.00428861 0.000532722 0.0086823 -0.00146071 -0.00312222 0.0122872 0.00154471 -0.00172799 0.0062387 0.00251939 0.00611463 -0.00219868 -0.00284724 0.00199678 -0.00177165 0.0073401 0.0017323 -0.000191298 0.00440934 0.00986194 -0.00118337 0.00117381 0.00756467 0.00696812 -0.000127587 0.0177235 0.00754702 0.0126948 0.00273438 0.00319617 0.00298534 0.00253432 0.00194747 0.00451515 0.00362653 0.000767699 -0.000580655 0.001377 -0.00304076 -0.0008132 -0.00250564 -0.000554614 0.00169626 0.00054086 0.0108963 0.0120144 0.00513846 0.00952514 -0.00172719 0.00792807 0.010849 0.0109733 0.0100288 -0.00156667
internal_weight=1.33132e+06 1.08918e+06 242141 208661 162584 880523 79557 68212 77834 140449 72365 173781 706742 90219 80172 159046 37023 40811 36048 113509 69261 32164 37681 20973 31382 10747 15075 42864 44248 8293 20923 29501 10455 155 24870 78614 20635 18853 28088 1758 5988 16100 12488 52084 16208 35876 8878 60277 200329 45537 6763 6009 754 44180 9429 11605 35955 23112 25145 20208 13593 32859
internal_count=1331325 1089184 242141 208661 162584 880523 79557 68212 77834 140449 72365 173781 706742 90219 80172 159046 37023 40811 36048 113509 69261 32164 37681 20973 31382 10747 15075 42864 44248 8293 20923 29501 10455 155 24870 78614 20635 18853 28088 1758 5988 16100 12488 52084 16208 35876 8878 60277 200329 45537 6763 6009 754 44180 9429 11605 35955 23112 25145 20208 13593 32859
is_linear=0
shrinkage=0.05


Tree=20
num_leaves=63
num_cat=0
split_feature=22 14 12 13 12 16 18 23 21 2 16 12 2 21 13 25 13 19 23 20 18 2 12 19 16 12 2 16 13 6 2 2 6 3 3 3 11 18 3 12 21 11 25 2 12 2 2 12 2 18 22 16 23 25 14 22 11 2 3 11 2 0
split_gain=8072.47 850.807 733.692 243.466 187.566 185.342 160.479 141.794 78.022 65.7472 65.6446 57.4104 57.1119 55.4759 52.748 48.6365 44.7828 40.8076 39.9205 51.2599 37.1859 38.7533 37.0232 32.7465 31.2538 30.5157 29.5373 28.7476 28.0109 25.1699 24.5539 22.0262 37.3561 21.6302 37.0033 19.7998 20.2364 19.2111 19.0043 18.7518 18.3053 18.0074 17.6741 17.3899 17.2155 16.5353 31.8838 15.575 16.5559 24.5106 22.64 14.6461 14.6243 14.5459 14.2892 14.122 14.0741 31.0085 14.0593 14.0223 13.8157 13.7939
threshold=1.9499999880790713 16.83558559417725 95.500000000000014 20.316013336181644 893.00000000000011 1.0000000180025095e-35 1.0000000180025095e-35 1.0000000180025095e-35 1.0000000180025095e-35 3.5000000000000004 1.0000000180025095e-35 177.50000000000003 3.5000000000000004 8.0357141494750994 20.316013336181644 3.276965975761414 21.330213546752933 1.5000000000000002 2.9880689382553105 1.214285731315613 1.0000000180025095e-35 1.5000000000000002 364.50000000000006 2.5000000000000004 13.500000000000002 61.500000000000007 1.5000000000000002 5.5000000000000009 47.048534393310554 1.0000000180025095e-35 3.5000000000000004 5.5000000000000009 1.0000000180025095e-35 2.5000000000000004 1.0000000180025095e-35 5.5000000000000009 1.0000000180025095e-35 23.500000000000004 3.5000000000000004 967.50000000000011 0.10714286193251611 -0.25000000000000006 3.0751132965087895 6.5000000000000009 1075.5000000000002 11.500000000000002 10.500000000000002 13.500000000000002 1.5000000000000002 1.0000000180025095e-35 0.15000000596046451 1.0000000180025095e-35 1.5885795354843142 31.222568511962894 0.060790836811065681 3.0166666507720952 1.0000000180025095e-35 7.5000000000000009 2.5000000000000004 -0.68301269412040699 5.5000000000000009 1210.5000000000002
decision_type=2 2 2 2 2 2 2 2 2 2 2 2 2 2 2 2 2 2 2 2 2 2 2 2 2 2 2 2 2 2 2 2 2 2 2 2 2 2 2 2 2 2 2 2 2 2 2 2 2 2 2 2 2 2 2 2 2 2 2 2 2 2
left_child=2 5 3 8 7 12 9 14 47 17 37 35 20 15 26 -7 -16 39 19 -13 23 40 42 -2 -15 -10 33 55 -12 45 -28 32 -11 34 -4 36 -9 -8 41 53 -22 -29 -14 -26 -39 46 -24 -1 49 -49 -51 -33 -21 -3 -32 -17 57 -50 -42 -44 -27 -30
right_child=1 6 4 -5 -6 13 10 11 25 31 28 18 22 24 16 27 -18 -19 -20 52 21 -23 29 -25 43 60 30 38 61 -31 54 51 -34 -35 -36 -37 -38 44 -40 -41 58 -43 59 -45 -46 -47 -48 48 56 50 -52 -53 -54 -55 -56 -57 -58 -59 -60 -61 -62 -63
leaf_value=-0.0034707831685350885 -0.00099601922145516292 0.0048662333861082237 -0.0038149994011853275 0.017033270592176925 0.011498416916272224 0.010773017748412234 0.011023288080721278 0.00068547417053067903 -0.0024761851634498015 0.012637789082649229 0.01037568491116537 0.0021330513134647931 0.009786732781675439 0.0098787228570699197 0.016875654814006529 0.0041984167234709168 7.5381577061277115e-05 0.011421923442573714 0.00045557729145893227 0.0098694330319237054 0.038967717006771582 0.0015157585268086048 0.0056865876713558085 0.0075149909517164886 0.0053595605809313674 -0.0020582280158794476 -0.0033481630597644329 0.0043238713485451675 0.011982689620466395 -0.0032859880556683472 -0.002848387176936295 0.0050891194296176986 -0.0006343712793166629 -0.0011906846398061976 0.010646838400880149 0.0021506426941408077 -0.001023109723103859 0.0059076242242232773 0.0052738435756329912 0.0066385167709759919 0.010887424255371127 0.00024635751069908697 0.0011550212968400345 0.0084725851597442087 0.010090299767098153 0.0030552260205442129 0.013301126515793968 -0.0019785827302878788 -0.0030108230428284423 0.001908735233322913 0.019270223037922848 0.0087604425132654581 0.005175034360195817 -0.00046570287633900524 -0.00088740503782503062 0.0072634869481932197 -0.0034033363722371841 -0.0010764964245886782 0.0039599825153163572 0.0035094436864339718 -0.00077523083619478704 0.013992949148015445
leaf_weight=227931 14034 1761 644 1549 3750 3913 4555 38378 185172 5166 26717 36384 869 15051 710 5329 900 1433 22477 2074 48 6653 21467 1229 9761 37159 20608 5195 52588 820 11920 4114 590 2006 1409 11524 31598 8054 9359 1909 1670 5661 10788 8327 3551 5222 1470 20151 128493 879 239 8049 8364 4669 42169 12830 132175 24712 1310 15310 48243 10235
leaf_count=227931 14034 1761 644 1549 3750 3913 4555 38378 185172 5166 26717 36384 869 15051 710 5329 900 1433 22477 2074 48 6653 21467 1229 9761 37159 20608 5195 52588 820 11920 4114 590 2006 1409 11524 31598 8054 9359 1909 1670 5661 10788 8327 3551 5222 1470 20151 128493 879 239 8049 8364 4669 42169 12830 132175 24712 1310 15310 48243 10235
internal_value=8.00311e-08 0.00738262 -0.00205324 -0.00276933 0.000405834 0.00487952 0.0103159 0.000225862 -0.00280744 0.00692704 0.0112036 0.00112989 0.00321687 0.00666255 -0.0014704 0.00546176 0.00748789 0.00362694 0.00218789 0.00301938 0.00122688 0.00365092 0.00410403 -0.000310327 0.00819464 -0.00211555 -0.00165361 0.00492001 0.0117331 0.005345 -0.00187937 0.00872642 0.0112765 0.00249971 0.00610794 0.000230222 -8.5974e-05 0.00826941 0.00362234 0.00228671 0.00834035 0.00219808 0.00277027 0.00679299 0.00718798 0.00559653 0.00617487 -0.00315762 -0.00292484 -0.00157859 0.00562604 0.00751912 0.00610836 0.000993843 -0.00131966 0.0063643 -0.00302515 -0.00269885 0.00784405 0.00253641 -0.00133353 0.0123103
internal_weight=1.33132e+06 289707 1.04162e+06 806703 234915 156316 133391 231165 805154 27691 105700 150799 80890 75426 80366 42287 1610 9772 69299 46822 24944 9681 55946 15263 33139 270574 78756 38374 89540 28979 74697 17919 5756 4059 2053 81500 69976 16160 20215 8339 3028 10856 26967 18088 11605 28159 22937 534580 306649 21269 1118 12163 10438 6430 54089 18159 285380 153205 2980 26098 85402 62823
internal_count=1331325 289707 1041618 806703 234915 156316 133391 231165 805154 27691 105700 150799 80890 75426 80366 42287 1610 9772 69299 46822 24944 9681 55946 15263 33139 270574 78756 38374 89540 28979 74697 17919 5756 4059 2053 81500 69976 16160 20215 8339 3028 10856 26967 18088 11605 28159 22937 534580 306649 21269 1118 12163 10438 6430 54089 18159 285380 153205 2980 26098 85402 62823
is_linear=0
shrinkage=0.05


Tree=21
num_leaves=63
num_cat=0
split_feature=12 22 15 13 13 15 12 17 15 17 12 23 17 12 22 16 10 8 18 12 17 18 11 10 11 8 1 2 2 1 21 15 11 9 11 18 2 8 25 11 1 9 6 9 19 23 2 8 10 16 12 1 9 6 1 2 11 1 22 18 8 1
split_gain=7289.39 897.744 873.692 262.452 175.666 136.948 135.718 118.771 69.7691 61.6548 48.8267 41.2493 38.9614 33.889 33.1114 32.6553 29.7304 35.006 28.5276 26.6343 24.6919 23.7748 23.72 44.363 36.5483 22.2176 21.4539 26.7316 20.7356 27.5358 21.6395 20.7112 19.0594 27.9413 18.6975 23.0558 51.1831 65.4418 18.5497 17.8252 26.1778 66.244 17.7954 17.7517 17.9974 17.4374 17.3939 17.297 79.6466 19.8104 16.79 16.4954 18.9748 16.4228 16.4114 31.6195 16.3277 16.1988 16.1897 15.5794 15.5249 16.8562
threshold=349.50000000000006 0.45000000298023229 1.0000000180025095e-35 20.316013336181644 36.649675369262702 1.0000000180025095e-35 57.500000000000007 1.0000000180025095e-35 1.0000000180025095e-35 1.0000000180025095e-35 201.00000000000003 1.0000000180025095e-35 1.0000000180025095e-35 794.50000000000011 1.0000000180025095e-35 1.0000000180025095e-35 -0.25000000000000006 -1.0000000180025095e-35 1.0000000180025095e-35 17.500000000000004 6.5000000000000009 1.0000000180025095e-35 0.68301269412040722 -0.25000000000000006 1.0000000180025095e-35 -0.87837970256805409 2024.5000000000002 7.5000000000000009 5.5000000000000009 2024.5000000000002 1.5357142686843874 42.500000000000007 -0.93301269412040699 -0.56174489110708226 -0.25000000000000006 1.0000000180025095e-35 1.5000000000000002 0.6078576147556306 11.772020339965822 -0.93301269412040699 2024.5000000000002 1.0000000180025095e-35 1.0000000180025095e-35 -0.56174489110708226 1.0000000180025095e-35 1.0000000180025095e-35 8.5000000000000018 0.87837970256805431 -0.93301269412040699 1.5000000000000002 917.50000000000011 2024.5000000000002 1.0000000180025095e-35 1.0000000180025095e-35 2024.5000000000002 8.5000000000000018 -0.25000000000000006 2024.5000000000002 5.4166667461395273 1.0000000180025095e-35 0.87837970256805431 2024.5000000000002
decision_type=2 2 2 2 2 2 2 2 2 2 2 2 2 2 2 2 2 2 2 2 2 2 2 2 2 2 2 2 2 2 2 2 2 2 2 2 2 2 2 2 2 2 2 2 2 2 2 2 2 2 2 2 2 2 2 2 2 2 2 2 2 2
left_child=1 3 7 6 9 12 19 11 14 31 -7 50 34 20 51 53 47 25 58 -1 38 -13 24 -24 -16 -18 27 -21 29 -12 -30 56 33 -28 45 54 37 -37 -9 40 -10 -42 -27 44 -41 -3 -29 -14 49 -49 -2 -8 -53 -6 55 -36 -4 -55 -11 -33 -47 -62
right_child=2 5 4 -5 15 10 8 13 39 18 28 21 16 -15 22 -17 17 -19 -20 26 -22 -23 23 -25 -26 42 32 46 30 -31 -32 59 -34 -35 35 36 -38 -39 -40 43 41 -43 -44 -45 -46 60 -48 48 -50 -51 -52 52 -54 57 -56 -57 -58 -59 -60 -61 61 -63
leaf_value=-0.0032224866662017323 -0.001242617968835794 -0.0012368900982927178 0.008240810897711873 0.015717846801509477 0.0092256803248866748 0.0017003694216635751 -0.0030562532773838738 0.0045887331851108036 -2.6764527942158533e-05 0.0049991633508456243 0.00015727648320360791 0.001486929844982713 0.0030504415078632316 0.0079640508492079629 -0.0011354366665427352 0.011608459395991276 -0.00089522117009904637 -0.0010283473307532275 0.0099253098188584604 -0.0034389946314073087 0.0035473308856934886 0.0040729361277998394 0.0034453157273776542 -0.001099389874713077 -0.0029428818989870407 0.0033701076842004673 0.0028387471474432182 -0.00088094734496299782 0.0028174868192254333 0.004926436473977485 0.0068255596219981042 0.0014014472479109731 -0.0023122869565648167 -0.0017432550566338211 -0.0041585495565497231 0.00013367953696388529 -0.00025530302874409496 0.018313221836876468 0.0086108431948019992 0.0019521989617596815 -0.0002037637780331515 0.022073797733843412 0.010455840900970011 -0.00036842759853667709 0.011241340445319804 0.0017681103479455238 -0.0026098762328297873 0.030546572710139844 0.0019641309139557233 0.0090302712720644555 0.012438267305499859 -0.0028040441431695252 0.0044206535719286356 -0.0012873340296950188 0.00041191520321886936 -0.00058827992093587729 0.005802699255653688 0.013815687231867489 0.0083791943131897879 0.0063929107467435818 0.0018937059145196543 -0.0039093472643070342
leaf_weight=304662 10515 8701 13065 1980 9058 21465 52024 6158 1344 4813 4616 21155 11041 10091 82962 73579 2788 11997 35274 109113 19590 15339 6498 30917 42206 6667 4539 17531 4430 8802 14108 3295 116249 12458 10374 1081 10731 914 5378 5825 740 607 1023 14746 573 26776 85745 387 1425 149 229 2044 1636 733 9442 15428 14530 234 13524 2980 2304 2737
leaf_count=304662 10515 8701 13065 1980 9058 21465 52024 6158 1344 4813 4616 21155 11041 10091 82962 73579 2788 11997 35274 109113 19590 15339 6498 30917 42206 6667 4539 17531 4430 8802 14108 3295 116249 12458 10374 1081 10731 914 5378 5825 740 607 1023 14746 573 26776 85745 387 1425 149 229 2044 1636 733 9442 15428 14530 234 13524 2980 2304 2737
internal_value=8.2148e-08 -0.00182055 0.00751848 -0.00246499 0.00960444 0.0014288 -0.00250534 0.00348387 -0.00149478 0.00803796 0.00354514 0.00177229 0.000516752 0.00544535 -0.00177526 0.0112435 0.00191668 0.000815483 0.00909325 -0.00288159 0.0046286 0.00257401 -0.00141474 -0.000309953 -0.00174494 0.00292708 -0.00258109 -0.00289317 0.00478411 0.00328616 0.00586805 0.00636742 -0.00208361 -0.000519341 -4.44596e-05 -0.000712484 0.00111149 0.00846556 0.0064643 0.00107365 0.00490663 0.00983238 0.0043135 0.000585567 0.00278507 0.000746304 -0.00231644 0.00381979 0.00814853 0.0245775 -0.000950442 -0.0028274 0.000406479 0.00856427 -0.00137123 -0.00202395 0.00695724 0.00236326 0.00749233 0.00377276 0.00128881 -0.00125607
internal_weight=1.33132e+06 1.07178e+06 259540 894399 171085 177386 892419 88455 242122 87481 53421 47238 123965 41217 218287 83604 35477 22475 53611 650297 31126 36494 162583 37415 125168 10478 345635 212389 31956 13418 18538 33870 133246 16997 88488 47970 12726 1995 11536 23835 2691 1347 7690 21144 6398 40518 103276 13002 1961 536 10744 55704 3680 10025 35244 25802 27595 967 18337 6275 31817 5041
internal_count=1331325 1071785 259540 894399 171085 177386 892419 88455 242122 87481 53421 47238 123965 41217 218287 83604 35477 22475 53611 650297 31126 36494 162583 37415 125168 10478 345635 212389 31956 13418 18538 33870 133246 16997 88488 47970 12726 1995 11536 23835 2691 1347 7690 21144 6398 40518 103276 13002 1961 536 10744 55704 3680 10025 35244 25802 27595 967 18337 6275 31817 5041
is_linear=0
shrinkage=0.05


Tree=22
num_leaves=63
num_cat=0
split_feature=22 15 12 14 15 12 12 12 21 22 18 25 18 0 2 1 12 1 2 18 2 3 2 9 21 2 1 0 11 2 1 1 9 11 11 9 15 3 22 9 1 11 3 20 15 3 1 11 11 1 2 12 18 14 12 12 3 18 18 2 1 14
split_gain=6592.11 884.845 578.042 264.125 203.618 103.56 73.7746 59.4056 54.403 44.8791 41.6166 41.5924 39.7603 36.2226 33.5378 81.962 31.654 28.3131 43.9918 33.2327 70.6171 53.6379 28.6827 40.2726 35.1707 27.8922 68.9167 26.3841 26.2155 25.2943 43.4627 24.6201 25.3824 34.066 22.1574 54.077 44.3345 114.357 29.0489 22.0291 54.5568 21.8159 21.2709 47.5856 27.6881 21.1965 21.1784 31.9511 20.9838 26.5141 42.9103 21.4697 19.4401 19.4273 18.5843 18.2268 17.7942 17.418 17.1457 16.3768 16.2915 15.6798
threshold=1.8500000238418581 1.0000000180025095e-35 93.500000000000014 16.83558559417725 1.0000000180025095e-35 567.50000000000011 834.00000000000011 31.500000000000004 0.25000000745058065 6.5166666507720956 1.0000000180025095e-35 3.3398499488830571 1.0000000180025095e-35 1845.5000000000002 3.5000000000000004 2024.5000000000002 692.50000000000011 2024.5000000000002 7.5000000000000009 1.0000000180025095e-35 1.5000000000000002 1.0000000180025095e-35 8.5000000000000018 1.0000000180025095e-35 1.0000000180025095e-35 3.5000000000000004 2024.5000000000002 1299.5000000000002 -0.93301269412040699 3.5000000000000004 2024.5000000000002 2024.5000000000002 -0.56174489110708226 -0.93301269412040699 -0.93301269412040699 -0.56174489110708226 1.0000000180025095e-35 1.5000000000000002 0.083333335816860213 1.0000000180025095e-35 2024.5000000000002 -0.25000000000000006 3.5000000000000004 0.6428571641445161 1.0000000180025095e-35 1.5000000000000002 2024.5000000000002 -0.68301269412040699 1.0000000180025095e-35 2024.5000000000002 10.500000000000002 201.00000000000003 1.0000000180025095e-35 153.88712310791018 1211.0000000000002 967.50000000000011 3.5000000000000004 4.5000000000000009 12.500000000000002 4.5000000000000009 2024.5000000000002 22.283883094787601
decision_type=2 2 2 2 2 2 2 2 2 2 2 2 2 2 2 2 2 2 2 2 2 2 2 2 2 2 2 2 2 2 2 2 2 2 2 2 2 2 2 2 2 2 2 2 2 2 2 2 2 2 2 2 2 2 2 2 2 2 2 2 2 2
left_child=2 5 7 9 8 12 13 -1 16 11 29 -3 14 28 15 -2 -4 18 19 -9 21 -21 23 24 -20 26 54 -11 39 30 55 -16 -33 -34 35 42 38 -38 -37 -6 -41 -13 43 -19 -44 -30 47 -27 51 50 52 -10 -50 58 -7 -5 -43 -14 -12 -48 -31 -28
right_child=1 3 4 10 6 25 -8 17 48 27 53 41 57 -15 31 -17 -18 34 22 20 -22 -23 -24 -25 -26 46 61 -29 45 60 -32 32 33 -35 -36 36 37 -39 -40 40 -42 56 44 -45 -46 -47 59 -49 49 -51 -52 -53 -54 -55 -56 -57 -58 -59 -60 -61 -62 -63
leaf_value=-0.0028840798232374 -0.0035262190130704372 0.0096004110633989143 -0.0014905368995041823 -0.0021661582679071024 0.0025500810951977555 0.0003146067085593453 0.010587255468355247 -0.0032417148517001979 0.00038448436430562201 0.0070384808229325456 0.01158889363316562 0.0059206685984713979 0.0049603329115525266 0.0063332172399626525 0.0032533208122817619 0.0040653754314954665 0.0079976401170246941 -0.001327596918992033 0.0084943670443743818 -0.0049838712690143377 -0.0025233969822421824 0.019422073372250624 -0.0019877904006100357 -0.0028206021125170202 0.00085654939426548665 0.012688910031145008 0.0061045408254574119 0.010240168445175222 -0.00014960884008906035 0.010610263781183439 0.010412295250063913 0.0037122532297656145 -0.0066045977403024637 0.00068278493296580138 -0.0016687524788559676 0.0025919073576134511 0.021351637714526146 -0.0041932107398241925 -0.0041353174418294883 0.0029305235451361246 0.020154953695402288 0.0019551800725647181 0.011314565850569539 0.020587220535656241 -0.0036584588336820304 0.0024717101135086979 0.010703626589976641 0.0064740803042530413 -0.0036624913185184997 0.0013213833639355084 0.00057172468821976689 0.0026560732752431149 0.00065539271059382302 0.011652569209659867 0.008689203558435844 0.0058734390940481315 0.0052806308895451534 0.0024917422244263958 0.0095806044582119158 0.0036310177454977211 0.0066813832607230395 0.012627247926451835
leaf_weight=463200 9949 4881 84631 1720 2313 7920 3114 104346 36130 32012 14898 16899 11360 5808 17556 5532 888 1844 1843 318 3133 768 86707 6396 8283 2575 1970 8066 11033 8159 2222 3782 2175 6101 108739 2016 714 1133 7850 1154 765 9510 1756 286 374 25593 925 10559 14578 15663 18044 14611 3172 36908 723 1194 6981 19303 37417 7172 3914 1739
leaf_count=463200 9949 4881 84631 1720 2313 7920 3114 104346 36130 32012 14898 16899 11360 5808 17556 5532 888 1844 1843 318 3133 768 86707 6396 8283 2575 1970 8066 11033 8159 2222 3782 2175 6101 108739 2016 714 1133 7850 1154 765 9510 1756 286 374 25593 925 10559 14578 15663 18044 14611 3172 36908 723 1194 6981 19303 37417 7172 3914 1739
internal_value=8.19645e-08 0.00660714 -0.00187349 0.00871677 0.000292465 0.00304193 0.00313545 -0.00251675 -0.000461431 0.00651332 0.0103388 0.00528828 0.00201729 0.00263807 0.00107258 -0.000813097 -0.00139195 -0.0020111 -0.00236307 -0.0030658 0.00128384 0.0122712 -0.00162397 0.000285073 0.00224725 0.00535317 0.00346309 0.00768299 0.00211266 0.00808621 0.00514488 0.00205851 0.000318474 -0.00123185 -0.00141331 0.000325324 -0.00142885 0.00567965 -0.00276017 0.00583901 0.00980026 0.00465774 0.00514957 0.00161344 0.0086831 0.00168194 0.00645254 0.007693 0.000317175 -0.000394211 -0.00114508 0.0010387 -0.00289059 0.0107732 0.00101583 0.00112641 0.00336324 0.00340648 0.0101526 0.00443973 0.00933702 0.00916438
internal_weight=1.33132e+06 294122 1.0372e+06 184781 237497 109341 49780 799706 187717 78349 106432 38271 75758 46666 45095 15481 85519 336506 211794 108565 4219 1086 103229 16522 10126 33583 12352 40078 40858 17209 5136 29614 12058 8276 124712 15973 11713 1847 9866 4232 1919 33390 4260 2130 2130 36626 21231 13134 102198 51457 35794 50741 17750 89223 8643 2914 16491 30663 52315 8097 12073 3709
internal_count=1331325 294122 1037203 184781 237497 109341 49780 799706 187717 78349 106432 38271 75758 46666 45095 15481 85519 336506 211794 108565 4219 1086 103229 16522 10126 33583 12352 40078 40858 17209 5136 29614 12058 8276 124712 15973 11713 1847 9866 4232 1919 33390 4260 2130 2130 36626 21231 13134 102198 51457 35794 50741 17750 89223 8643 2914 16491 30663 52315 8097 12073 3709
is_linear=0
shrinkage=0.05


Tree=23
num_leaves=63
num_cat=0
split_feature=13 21 12 12 16 12 12 16 17 10 17 12 20 25 17 3 6 17 14 25 17 20 10 8 8 11 17 6 11 10 8 3 11 10 11 21 13 11 8 12 17 11 8 11 3 11 8 8 0 10 12 11 6 19 21 24 19 3 25 25 23 8
split_gain=5959 918.882 409.268 164.012 159.902 104.643 89.1671 60.6893 57.1744 55.3658 44.2431 42.5614 42.4927 40.0942 37.348 31.9498 29.9636 29.8746 26.7073 26.2254 25.2967 24.9467 23.3803 77.4561 38.9846 22.759 22.6983 21.4778 20.2588 46.3249 91.7574 62.1919 21.5979 28.6012 20.0437 19.5394 19.5154 19.9723 18.724 18.6485 18.3119 37.0072 26.4515 21.826 17.8798 17.6224 26.7751 25.0828 17.1721 16.9904 16.7588 15.8327 14.4523 14.7869 14.4297 15.1829 14.2133 14.2049 14.1809 13.9373 12.9559 12.6823
threshold=4.2368643283844003 0.39285714924335485 811.00000000000011 231.50000000000003 1.0000000180025095e-35 47.500000000000007 120.50000000000001 9.5000000000000018 1.0000000180025095e-35 -0.25000000000000006 1.0000000180025095e-35 128.50000000000003 1.0000000180025095e-35 35.531757354736335 1.0000000180025095e-35 5.5000000000000009 1.0000000180025095e-35 1.0000000180025095e-35 0.33156028389930731 3.4794139862060551 7.5000000000000009 25.214285850524906 -0.93301269412040699 0.87837970256805431 -0.87837970256805409 -0.25000000000000006 1.0000000180025095e-35 1.0000000180025095e-35 0.68301269412040722 0.25000000000000011 0.6078576147556306 1.0000000180025095e-35 1.0000000180025095e-35 -0.68301269412040699 1.0000000180025095e-35 7.6785714626312265 157.46121215820315 1.0000000180025095e-35 -0.87837970256805409 1175.0000000000002 1.0000000180025095e-35 0.25000000000000011 0.87837970256805431 0.25000000000000011 3.5000000000000004 -0.68301269412040699 0.6078576147556306 0.6078576147556306 206.50000000000003 0.25000000000000011 7.5000000000000009 1.0000000180025095e-35 1.0000000180025095e-35 1.0000000180025095e-35 1.1071428656578066 2.305033922195435 1.0000000180025095e-35 2.5000000000000004 0.61260253190994274 18.845728874206547 0.43295724689960485 1.0000000180025095e-35
decision_type=2 2 2 2 2 2 2 2 2 2 2 2 2 2 2 2 2 2 2 2 2 2 2 2 2 2 2 2 2 2 2 2 2 2 2 2 2 2 2 2 2 2 2 2 2 2 2 2 2 2 2 2 2 2 2 2 2 2 2 2 2 2
left_child=1 5 4 11 6 50 -2 13 16 17 51 -3 22 -6 27 19 18 58 -8 54 59 61 23 24 -7 38 -25 39 32 31 -31 -30 33 -24 56 48 37 52 -14 -4 43 42 -42 -27 -45 46 -40 -47 -19 57 -1 -9 53 -16 -11 -56 -22 -13 -5 -10 -20 -12
right_child=2 3 14 9 7 12 8 10 20 15 21 49 25 -15 36 -17 -18 35 60 -21 34 -23 28 26 -26 40 -28 -29 29 30 -32 -33 -34 -35 -36 -37 -38 -39 45 -41 41 -43 -44 44 -46 47 -48 -49 -50 -51 -52 -53 -54 -55 55 -57 -58 -59 -60 -61 -62 -63
leaf_value=-0.003084520963269785 0.015037798956967278 -0.00079533915220557502 0.0068672534700737579 -0.0024840130717064058 0.0075199162437076224 0.010122944634208181 -0.0017832155105471708 0.005386776363971231 0.0056079495499510188 0.0015050409002514676 0.0068787340920958414 0.00065760981069029189 -0.002325894949092851 0.011439107912979578 0.011538430609479353 0.0050720914386341463 -0.0017873656620285491 0.010215207287258164 0.0011442478115743892 0.00069673106845045659 0.0073596592510876066 0.0088052007943995817 0.0010022175759164572 0.0083051265733502713 -0.0032510229870245061 -0.0034251978139123933 0.030161025013179632 0.0019805081331398136 0.0028384220868766666 -0.0015660580622176375 0.0083838336587885153 -0.0028666610886693856 -0.003120110966652552 -0.0021501687312784658 0.0024433615277670772 0.013147918532349191 0.010857861136881261 0.0081323835732238208 0.00083786962282437387 0.011050519433572097 0.00527322156355425 -0.00093672110682387175 0.023399362414051949 -0.0019504159569205736 0.00024555206608735776 0.00038559927057349474 -0.0024724636585365246 0.0046942449759089424 0.0052035696706000893 0.00019028668522407235 -0.0024966684800422703 0.0024265687783936647 9.5799528840043136e-05 0.0088394135916485938 0.0069670950658873706 0.0029919661934421217 0.003252439209574349 0.0026021984120427311 0.0037566550815726373 0.0096193064304312108 0.003605907477815422 0.0040663901020901198
leaf_weight=170775 1673 54813 9743 968 23235 670 3146 8808 5213 8188 10488 16406 6959 9086 13233 8074 4388 2045 6901 28143 5376 11682 8004 213 2915 13121 271 1660 5645 6850 3501 31036 55194 71024 9543 1043 39469 19409 17975 3676 873 3468 262 22947 15545 9992 9252 5105 10503 30489 418926 9291 340 8273 3556 7429 3473 21990 15014 3718 23808 6509
leaf_count=170775 1673 54813 9743 968 23235 670 3146 8808 5213 8188 10488 16406 6959 9086 13233 8074 4388 2045 6901 28143 5376 11682 8004 213 2915 13121 271 1660 5645 6850 3501 31036 55194 71024 9543 1043 39469 19409 17975 3676 873 3468 262 22947 15545 9992 9252 5105 10503 30489 418926 9291 340 8273 3556 7429 3473 21990 15014 3718 23808 6509
internal_value=8.41904e-08 -0.00157715 0.00709474 0.00140615 0.00543143 -0.00228412 0.00363862 0.00695535 0.00334766 0.00309758 0.00580377 0.000244329 -0.00150791 0.00862186 0.00963536 0.00216478 0.00209941 0.00484452 0.00260334 0.00166856 0.00509459 0.00702556 -0.00196394 0.00178364 -0.000749957 -0.000706798 0.0205567 0.00734984 -0.00204809 -0.00115489 0.00179884 -0.00198854 -0.00236104 -0.00183083 0.00403377 0.00656822 0.0100622 0.00930087 7.74446e-05 0.00801366 -0.00139441 0.00162681 0.0094635 -0.00166395 -0.00106345 0.000472729 -0.000286835 0.00184291 0.00602081 0.00107168 -0.00266692 0.00386747 0.0103387 0.0105004 0.00309479 0.00427928 0.0057483 0.00177144 0.00337834 0.00727854 0.00305289 0.00580207
internal_weight=1.33132e+06 1.08918e+06 242141 208661 146338 880523 67239 79099 65566 84963 46778 123698 290822 32321 95803 55390 38243 29573 33855 47316 27323 28679 185323 4069 3585 105499 484 15079 181254 47032 10351 36681 134222 79028 18392 13591 80724 41255 49283 13419 56216 4603 1135 51613 38492 42324 27227 15097 12548 68885 589701 18099 21846 21506 19173 10985 8849 38396 15982 8931 30709 16997
internal_count=1331325 1089184 242141 208661 146338 880523 67239 79099 65566 84963 46778 123698 290822 32321 95803 55390 38243 29573 33855 47316 27323 28679 185323 4069 3585 105499 484 15079 181254 47032 10351 36681 134222 79028 18392 13591 80724 41255 49283 13419 56216 4603 1135 51613 38492 42324 27227 15097 12548 68885 589701 18099 21846 21506 19173 10985 8849 38396 15982 8931 30709 16997
is_linear=0
shrinkage=0.05


Tree=24
num_leaves=63
num_cat=0
split_feature=22 15 13 13 14 15 16 22 13 15 16 17 17 14 22 18 13 16 25 11 9 1 3 3 2 1 11 11 1 6 25 1 11 15 13 1 2 16 18 20 6 1 2 8 1 13 2 1 3 2 14 18 14 1 6 8 11 1 3 3 2 23
split_gain=5382.15 732.807 496.513 219.825 204.36 120.603 83.5548 68.4526 57.0216 52.799 51.5973 49.3622 38.2818 37.8077 31.85 29.9083 29.0726 25.8865 25.3093 23.0645 30.7964 53.7105 22.381 21.057 19.355 38.1243 19.2439 19.0776 19.1987 19.0577 18.3559 18.1799 17.5962 17.1558 16.9908 16.9795 26.5807 16.0429 15.9947 15.9471 15.7856 16.9211 15.5257 36.0417 15.684 15.0368 14.6487 33.9108 14.1329 13.5085 13.3676 13.2536 13.7427 12.8557 12.8915 12.7493 17.1989 27.3702 58.5099 17.8551 78.6369 19.3294
threshold=1.9499999880790713 1.0000000180025095e-35 0.20015773177146914 20.316013336181644 13.397916316986086 1.0000000180025095e-35 1.0000000180025095e-35 1.0000000180025095e-35 21.330213546752933 1.0000000180025095e-35 1.0000000180025095e-35 1.0000000180025095e-35 1.0000000180025095e-35 8.1027956008911151 1.0000000180025095e-35 1.0000000180025095e-35 115.32733154296876 24.500000000000004 0.37209869921207434 -0.93301269412040699 1.0000000180025095e-35 2024.5000000000002 1.5000000000000002 1.5000000000000002 3.5000000000000004 2024.5000000000002 0.25000000000000011 -0.25000000000000006 2024.5000000000002 1.0000000180025095e-35 153.84255981445315 2023.5000000000002 1.0000000180025095e-35 47.500000000000007 0.11543508991599084 2024.5000000000002 10.500000000000002 5.5000000000000009 1.0000000180025095e-35 1.0000000180025095e-35 1.0000000180025095e-35 2024.5000000000002 1.5000000000000002 0.6078576147556306 2024.5000000000002 34.300792694091804 3.5000000000000004 2024.5000000000002 1.0000000180025095e-35 6.5000000000000009 4.4504899978637704 4.5000000000000009 8.1027956008911151 2024.5000000000002 1.0000000180025095e-35 -0.87837970256805409 -0.93301269412040699 2024.5000000000002 1.5000000000000002 3.5000000000000004 10.500000000000002 0.77136236429214489
decision_type=2 2 2 2 2 2 2 2 2 2 2 2 2 2 2 2 2 2 2 2 2 2 2 2 2 2 2 2 2 2 2 2 2 2 2 2 2 2 2 2 2 2 2 2 2 2 2 2 2 2 2 2 2 2 2 2 2 2 2 2 2 2
left_child=2 6 9 5 10 7 15 -4 -5 14 46 33 29 37 -1 24 -10 -15 -7 20 -20 -22 -14 -21 25 -2 -24 28 49 39 32 -25 40 -6 -16 36 -34 -8 -35 -9 41 -13 43 -17 -45 -19 47 -3 -31 -12 -48 -44 -53 54 -26 -11 57 -57 -59 -58 -61 -62
right_child=1 4 3 8 11 18 13 12 16 55 27 30 22 17 34 42 -18 45 19 23 21 -23 26 31 53 -27 -28 -29 -30 48 -32 -33 35 38 -36 -37 -38 -39 -40 -41 -42 -43 51 44 -46 -47 50 -49 -50 -51 -52 52 -54 -55 -56 56 59 58 -60 60 61 -63
leaf_value=-0.0026855608954371203 -0.0025472081384999038 -0.0017267317136866597 -0.0026244709368377604 0.014559919307120306 0.0084631005619136297 -0.0009652652360761611 0.0043278499979372319 -0.00112343219814222 0.0025478317632047923 -0.0026593666213447324 0.0074637253786582177 0.010932689917107814 -0.00078718050074764795 0.0074894525740760547 -0.0022210359888222338 0.0020279949836376826 0.0095990739707486825 0.0027643357291832565 0.0023164239962382926 0.00040415086866772378 0.0029501325071998618 0.018789769144121001 0.0032830356878193745 0.00955141842340557 0.002946028979821943 0.0037433104331319267 0.0003391640191037741 0.0058113435035410553 0.0062612683375771307 0.0016867213663181307 0.010588232945603033 0.0026654814546188781 0.0051050206839894675 0.0025795202228237799 -0.0013899166332609133 0.0098594758476727388 0.0091378292646804218 0.001651919050454102 0.0068775675827090783 8.4723134882530528e-05 -0.0022026254255457598 0.0086338424646662422 0.0044382063201711492 0.021296948653488711 0.0060524678851963665 0.0058532657291649835 0.00383620227057134 0.0050083653650339968 -0.0031634357908928456 0.010872565719366286 0.0062260250222020402 0.00030280921757432875 0.003224623561588342 -9.7166034367967427e-05 -0.0032833770475596464 -0.0022139557220534037 -0.0012914116985428175 0.016585097100116807 -0.00020568590787147021 -0.00057258381393031734 0.0080463186816265887 0.021143158885542235
leaf_weight=401717 9983 3019 34203 2468 8989 5760 9604 42875 3463 4660 5172 19992 8738 10344 274913 1341 2533 8094 2807 11997 1160 995 14736 995 11078 3174 8913 16913 8430 1760 36188 26557 7871 3271 79261 9515 8517 13461 6426 75235 266 13408 5793 470 265 7694 12843 4902 10194 6680 10779 8730 7473 8125 897 1303 15176 908 1209 5930 655 497
leaf_count=401717 9983 3019 34203 2468 8989 5760 9604 42875 3463 4660 5172 19992 8738 10344 274913 1341 2533 8094 2807 11997 1160 995 14736 995 11078 3174 8913 16913 8430 1760 36188 26557 7871 3271 79261 9515 8517 13461 6426 75235 266 13408 5793 470 265 7694 12843 4902 10194 6680 10779 8730 7473 8125 897 1303 15176 908 1209 5930 655 497
internal_value=8.65962e-08 0.00602819 -0.00167652 0.000238845 0.00794587 -3.27257e-05 0.00273052 -0.00059144 0.00816202 -0.00229868 0.00579078 0.00924023 -0.000163366 0.0042422 -0.00238077 0.00143317 0.00552756 0.0055446 0.00215279 0.0025564 0.00577025 0.0102664 0.00137474 0.00215304 0.000461375 -0.00102928 0.00217375 0.00705251 0.00808723 -0.000546405 0.00969909 0.00291437 0.00915884 0.00688851 -0.00203505 0.00817793 0.00720126 0.00276638 0.0054283 -0.000353806 0.00991338 0.01001 0.00277555 0.00691005 0.015809 0.00427001 0.00430278 0.00244074 -0.00244892 0.00938551 0.00492694 0.00238508 0.0016507 0.00143738 0.00247897 -0.000253258 0.000183213 0.00348447 0.00699411 -0.000323822 0.00174891 0.0137023
internal_weight=1.33132e+06 289707 1.04162e+06 255389 183181 246925 106526 196654 8464 786229 68738 114443 162451 49197 755891 57329 5996 26132 50271 44511 4962 2155 32387 39549 33257 13157 23649 37195 20282 130064 95757 27552 59569 18686 354174 25903 16388 23065 9697 118110 33666 33400 24072 2076 735 15788 31543 7921 11954 11852 23622 21996 16203 20100 11975 30338 25678 3420 2117 22258 7082 1152
internal_count=1331325 289707 1041618 255389 183181 246925 106526 196654 8464 786229 68738 114443 162451 49197 755891 57329 5996 26132 50271 44511 4962 2155 32387 39549 33257 13157 23649 37195 20282 130064 95757 27552 59569 18686 354174 25903 16388 23065 9697 118110 33666 33400 24072 2076 735 15788 31543 7921 11954 11852 23622 21996 16203 20100 11975 30338 25678 3420 2117 22258 7082 1152
is_linear=0
shrinkage=0.05


Tree=25
num_leaves=63
num_cat=0
split_feature=13 22 15 15 14 22 14 18 20 20 2 14 15 1 13 13 18 16 22 11 0 0 23 18 14 8 16 22 1 2 1 4 13 2 18 2 8 2 8 9 2 4 15 1 16 16 0 21 18 16 0 0 8 24 8 2 8 11 8 9 19 11
split_gain=4867.54 773.309 459.516 142.363 112.429 94.0592 62.9235 47.1582 42.2124 39.3267 36.6821 35.7594 32.9196 31.705 29.809 29.7441 27.6742 27.5436 24.169 23.8318 23.7911 21.7257 21.2282 20.3723 20.2961 19.6864 19.4738 19.0199 18.8551 49.8234 18.6184 42.6599 17.6065 17.5186 19.1734 48.8344 61.5746 18.1574 35.4503 28.5274 22.4396 19.5654 16.6569 16.3259 15.5209 18.174 15.4843 15.2064 14.1637 13.9222 14.1907 13.3962 13.2679 12.5691 12.5139 16.9113 12.4148 12.3333 12.2383 12.0477 21.0584 11.6976
threshold=4.2368643283844003 0.45000000298023229 1.0000000180025095e-35 1.0000000180025095e-35 46.01098823547364 0.11666667088866235 20.828192710876468 1.0000000180025095e-35 1.214285731315613 1.0000000180025095e-35 3.5000000000000004 20.828763961791996 1.0000000180025095e-35 2024.5000000000002 20.316013336181644 21.330213546752933 1.0000000180025095e-35 1.0000000180025095e-35 1.0000000180025095e-35 1.0000000180025095e-35 1705.5000000000002 196.50000000000003 15.726078033447267 7.5000000000000009 8.1027956008911151 -1.0000000180025095e-35 1.0000000180025095e-35 14.38333320617676 2024.5000000000002 9.5000000000000018 2023.5000000000002 1.0000000180025095e-35 0.14297070354223254 7.5000000000000009 1.0000000180025095e-35 1.5000000000000002 0.6078576147556306 9.5000000000000018 1.0000000180025095e-35 0.81174489855766307 11.500000000000002 1.0000000180025095e-35 1.0000000180025095e-35 2024.5000000000002 1.0000000180025095e-35 13.500000000000002 118.50000000000001 7.1785714626312265 1.0000000180025095e-35 33.500000000000007 1210.5000000000002 186.50000000000003 -0.87837970256805409 12.310765266418459 0.87837970256805431 2.5000000000000004 1.0000000180025095e-35 1.0000000180025095e-35 0.87837970256805431 -0.56174489110708226 3.5000000000000004 -0.93301269412040699
decision_type=2 2 2 2 2 2 2 2 2 2 2 2 2 2 2 2 2 2 2 2 2 2 2 2 2 2 2 2 2 2 2 2 2 2 2 2 2 2 2 2 2 2 2 2 2 2 2 2 2 2 2 2 2 2 2 2 2 2 2 2 2 2
left_child=1 5 6 17 7 18 9 19 -5 -2 13 14 32 48 -8 -16 -13 33 -1 43 21 46 24 -9 -11 51 -6 -25 29 -21 31 -14 -7 34 54 36 -36 38 41 56 -41 -35 -20 -4 -24 -46 -12 -23 -10 -28 -51 -19 -45 -29 55 -3 -39 61 -40 60 -15 -27
right_child=2 3 4 8 26 12 11 23 10 22 20 16 30 59 15 -17 -18 25 42 28 -22 47 44 27 -26 57 49 53 -30 -31 -32 -33 -34 37 35 -37 -38 39 58 40 -42 -43 -44 52 45 -47 -48 -49 -50 50 -52 -53 -54 -55 -56 -57 -58 -59 -60 -61 -62 -63
leaf_value=-0.0025478835825623199 -0.0012262299949679946 -0.0020730627160885358 0.0080512673053256181 0.0015705983781389042 0.0068435970280975207 -0.0018597864240139476 0.00059315089134706644 0.008932270887720653 -0.0047735843772906562 0.0025845271038691447 0.0051923420382487956 0.0025439070824945071 -0.0025855470858944726 0.0049527792800825553 0.01442325802030304 -0.00060210072715006027 0.0059756380832268899 0.0064288581406303216 -0.0020340481073410602 -0.0021019977208401506 0.0095860755456129848 0.0037601769143129891 1.6052535982774766e-05 0.0052936878903335621 0.0053624065622751684 -0.0013671104622091893 0.011111681828350817 0.012582248422651335 0.0066946885575913636 0.0048986703472052888 0.00033904380825222537 0.020790428249410433 -0.00085407406823816362 -0.0020100419061865517 0.00038666987496543937 -1.9039069959157999e-06 0.017829161678563112 0.00067643835554598406 0.0039462439923655867 0.00044264414328004436 0.010159816072482456 0.0028708623174289807 -0.0002634797622774772 -5.0620753820697649e-05 0.0065364518247100325 0.0014559521316938313 0.010822557842218569 0.0086011717366837447 0.0025726284955595227 0.0089336473820327156 0.011162463065309575 0.0023369911851151711 0.0058081301322447888 0.0074776075244465338 -0.0029172986232763732 0.00014150723871478454 -0.0020987372086653635 -0.00080952261944396457 0.0091296455040499221 0.0023487882916863973 0.02100569903973655 0.0024775920244944506
leaf_weight=435809 6954 13125 9286 20608 6814 83712 675 19942 2167 16748 2696 10058 424 1321 2362 382 14148 2305 245261 3463 2756 22539 9084 11813 10839 2513 13158 1279 4828 9542 24989 361 90691 4230 1124 14670 921 7745 3503 1243 1140 3989 14051 1145 2535 5772 2241 1750 940 44548 8534 15225 6135 22097 7008 25108 8397 8882 1692 4532 242 9274
leaf_count=435809 6954 13125 9286 20608 6814 83712 675 19942 2167 16748 2696 10058 424 1321 2362 382 14148 2305 245261 3463 2756 22539 9084 11813 10839 2513 13158 1279 4828 9542 24989 361 90691 4230 1124 14670 921 7745 3503 1243 1140 3989 14051 1145 2535 5772 2241 1750 940 44548 8534 15225 6135 22097 7008 25108 8397 8882 1692 4532 242 9274
internal_value=8.81542e-08 -0.0014254 0.00641217 0.00143748 0.00793585 -0.0020454 0.0032983 0.00674793 0.00341843 0.00227254 0.00434293 0.00522642 -0.00109034 0.00156021 0.0100142 0.0123298 0.00454992 0.000510779 -0.00232042 0.00529468 0.00514343 0.00472428 0.00281359 0.00765458 0.00367616 0.00164275 0.0093916 0.00693034 0.00402548 0.00303413 0.000577452 0.00815933 -0.00133684 5.02086e-05 -0.000440098 0.00100682 0.00824512 0.00100147 0.00240246 -1.27269e-05 0.00509356 0.000358248 -0.00193813 0.00666061 0.00144501 0.003007 0.00774919 0.00410921 -0.00254942 0.00965363 0.00929209 0.00287535 0.00488599 0.00775717 -0.000974797 -0.000618605 -0.000766891 0.000597099 0.00563557 0.00365598 0.00744264 0.00165747
internal_weight=1.33132e+06 1.08918e+06 242141 193886 162584 895298 79557 89530 61792 51932 41184 27625 200177 9202 3419 2744 24206 132094 695121 34399 31982 29226 44978 55131 27587 38199 73054 35189 17833 13005 25774 785 174403 93895 61956 16715 2045 31939 13414 18525 2383 8219 259312 16566 17391 8307 4937 24289 3107 66240 53082 17530 7280 23376 45241 38233 16142 20669 5195 6095 1563 11787
internal_count=1331325 1089184 242141 193886 162584 895298 79557 89530 61792 51932 41184 27625 200177 9202 3419 2744 24206 132094 695121 34399 31982 29226 44978 55131 27587 38199 73054 35189 17833 13005 25774 785 174403 93895 61956 16715 2045 31939 13414 18525 2383 8219 259312 16566 17391 8307 4937 24289 3107 66240 53082 17530 7280 23376 45241 38233 16142 20669 5195 6095 1563 11787
is_linear=0
shrinkage=0.05


Tree=26
num_leaves=63
num_cat=0
split_feature=12 15 12 13 15 17 17 12 18 17 15 6 18 6 12 10 8 17 25 8 13 20 1 12 6 17 2 1 1 10 8 2 15 8 8 8 12 16 1 8 8 2 21 25 2 1 9 2 1 18 0 0 18 8 10 12 1 8 8 10 13 12
split_gain=4433.51 540.581 536.882 152.548 123.864 107.153 80.9538 73.4027 48.1611 44.6826 31.6979 27.116 26.8083 25.5368 24.8594 24.8523 74.8267 24.1612 24.0439 23.7005 22.935 24.3091 22.7192 22.3261 21.8383 21.1787 20.6379 37.2666 20.1305 35.6403 20.4934 28.6189 19.7796 18.8224 18.0264 17.7522 17.6256 17.4857 15.8014 28.762 24.8545 23.2328 14.8943 14.6682 14.0083 13.9471 18.9789 13.8882 23.8449 13.4904 13.3348 14.3905 12.9083 12.3576 16.8681 12.2094 12.1169 78.7064 29.9612 12.0595 11.9578 11.9458
threshold=349.50000000000006 1.0000000180025095e-35 128.50000000000003 20.316013336181644 1.0000000180025095e-35 1.0000000180025095e-35 1.0000000180025095e-35 42.500000000000007 1.0000000180025095e-35 1.0000000180025095e-35 1.0000000180025095e-35 1.0000000180025095e-35 1.0000000180025095e-35 1.0000000180025095e-35 941.50000000000011 -0.93301269412040699 0.87837970256805431 1.0000000180025095e-35 68.185108184814467 -1.0000000180025095e-35 18.34952545166016 1.0000000180025095e-35 2024.5000000000002 794.50000000000011 1.0000000180025095e-35 7.5000000000000009 3.5000000000000004 2024.5000000000002 2024.5000000000002 0.68301269412040722 0.87837970256805431 1.5000000000000002 42.500000000000007 -0.87837970256805409 -0.87837970256805409 -0.87837970256805409 1075.5000000000002 2.5000000000000004 2024.5000000000002 -1.0000000180025095e-35 1.0000000180025095e-35 3.5000000000000004 0.25000000745058065 23.517332077026371 1.5000000000000002 2024.5000000000002 0.81174489855766307 3.5000000000000004 2024.5000000000002 1.0000000180025095e-35 1361.5000000000002 25.000000000000004 31.500000000000004 -1.0000000180025095e-35 -0.68301269412040699 7.5000000000000009 2024.5000000000002 -1.0000000180025095e-35 1.0000000180025095e-35 -0.25000000000000006 7.7279400825500497 484.00000000000006
decision_type=2 2 2 2 2 2 2 2 2 2 2 2 2 2 2 2 2 2 2 2 2 2 2 2 2 2 2 2 2 2 2 2 2 2 2 2 2 2 2 2 2 2 2 2 2 2 2 2 2 2 2 2 2 2 2 2 2 2 2 2 2 2
left_child=2 6 3 7 9 13 12 55 47 11 28 20 26 14 32 16 -11 24 50 33 21 44 -15 25 38 43 27 -2 29 42 34 -32 60 -17 -30 -12 61 -18 39 41 -40 -6 -9 -8 -4 -13 -47 48 -7 -34 51 -10 -20 -19 -55 -1 57 -37 -58 -41 -3 -28
right_child=1 5 4 -5 17 8 23 10 18 15 35 45 -14 22 -16 19 37 53 52 -21 -22 -23 -24 -25 -26 -27 36 -29 30 -31 31 -33 49 -35 -36 56 -38 -39 40 59 -42 -43 -44 -45 -46 46 -48 -49 -50 -51 -52 -53 -54 54 -56 -57 58 -59 -60 -61 -62 -63
leaf_value=-0.0026758152245075308 -0.0028117697515383064 0.0047704552406463508 0.0026992323028173968 0.013221528514562564 -0.005871212919599072 0.00079667736436900998 0.00434837029724455 -0.001755135128968945 0.013988765235614901 0.0013864201117279734 -0.0027173548351988848 -0.0038401363926242127 0.0028652450967871362 -0.0027312303032509151 0.0085143701719317798 9.8214631586362967e-05 0.029265420625740463 0.0059801991593368097 0.011020147399377254 0.00018712390781815212 0.013599378970193577 0.00050062293618486741 0.005485820108403993 0.0063537488891505277 -0.0025380752107508112 0.0025959319657690824 -5.1539605434628809e-07 0.004964243485842481 -0.0023189068094332586 -0.0031401253941761176 0.002805441454186638 -0.0036177784321165551 0.0011083987130889206 0.0040448350674376536 -0.00035727109149251559 0.0050903754610459907 0.011369241122830781 0.0059688367592721867 0.0020835680610733951 0.001797737524267316 0.0065141801082274761 0.0046492666229459995 -0.00054586912496658562 0.0085348638945497279 -0.0013920234151803062 -0.0015656032054979408 0.0084358769052493236 0.0070089883593290742 0.0069394783877610514 0.0051555541777340043 0.010074174378720912 0.0074748366396631908 0.0090897301990115736 0.0066700010022213629 0.0019954583096307645 -0.0021686626399467137 -0.00058897951543223877 -0.0029051388001193781 0.0045468548126959959 -0.0013806199187050361 0.0069004969779310676 0.0024985301709082438
leaf_weight=170789 8572 12791 2232 1653 562 2737 9554 106067 868 1355 4479 7670 17003 1750 6782 4243 380 7922 11022 17433 307 63376 1619 10091 2232 18888 10748 1878 13967 41098 2017 12330 4265 10513 72587 4575 428 103 7607 5671 5427 7825 33525 2684 33222 3523 548 20173 3743 3988 6367 40313 41020 2685 6881 389913 5834 9405 5530 6299 13647 8609
leaf_count=170789 8572 12791 2232 1653 562 2737 9554 106067 868 1355 4479 7670 17003 1750 6782 4243 380 7922 11022 17433 307 63376 1619 10091 2232 18888 10748 1878 13967 41098 2017 12330 4265 10513 72587 4575 428 103 7607 5671 5427 7825 33525 2684 33222 3523 548 20173 3743 3988 6367 40313 41020 2685 6881 389913 5834 9405 5530 6299 13647 8609
internal_value=8.95784e-08 0.00586355 -0.00141978 -0.00195251 0.000930937 0.00750435 0.00268992 -0.00198128 0.0082502 0.000173818 -0.00136573 -0.000312536 0.00127684 0.00540445 0.00574456 0.00175876 0.00741413 0.00299652 0.00875556 0.00143566 -4.33953e-05 -8.58388e-05 0.0012161 0.0043093 0.00224902 0.00364631 0.000383405 -0.00141381 -0.0015299 -0.00184584 -0.000964067 -0.0027144 0.0052029 0.00291036 -0.000673875 0.000184184 0.00133291 0.02431 0.00256917 0.00169839 0.00392877 0.00394365 -0.00146475 0.00526701 -0.00113431 -0.00258462 -0.000217895 0.00636169 0.00434573 0.0030647 0.00794208 0.00761229 0.00949869 0.00451886 0.0033081 -0.00232315 0.000697174 -0.000288206 0.00190982 0.000124768 0.00587017 0.00111068
internal_weight=1.33132e+06 259540 1.07178e+06 873769 198016 171085 88455 872116 126243 144905 311414 110878 47238 44842 41473 34027 1838 53111 99590 32189 99137 98830 3369 41217 35623 31126 30235 10450 281591 180690 100901 14347 34691 14756 86554 29823 19785 483 33391 20357 13034 8387 139592 12238 35454 11741 4071 26653 6480 8253 47548 41181 52042 17488 9566 560702 25344 13980 11364 11970 26438 19357
internal_count=1331325 259540 1071785 873769 198016 171085 88455 872116 126243 144905 311414 110878 47238 44842 41473 34027 1838 53111 99590 32189 99137 98830 3369 41217 35623 31126 30235 10450 281591 180690 100901 14347 34691 14756 86554 29823 19785 483 33391 20357 13034 8387 139592 12238 35454 11741 4071 26653 6480 8253 47548 41181 52042 17488 9566 560702 25344 13980 11364 11970 26438 19357
is_linear=0
shrinkage=0.05


Tree=27
num_leaves=63
num_cat=0
split_feature=12 15 12 14 13 17 15 18 20 17 12 12 17 10 8 8 11 1 2 18 2 2 17 13 8 18 2 11 15 11 8 1 8 8 8 0 22 11 1 2 8 22 8 17 1 14 2 18 14 14 0 10 8 8 10 0 2 14 11 11 10 2
split_gain=4005.96 688.948 259.139 169.054 130.782 101.745 73.8177 39.4934 38.3062 35.488 33.7082 29.1196 28.9976 40.3521 101.87 25.0321 23.8813 22.4384 31.3338 27.7896 53.03 23.7342 25.7092 22.1511 20.414 32.1724 68.3605 25.0912 30.863 20.3224 27.4092 29.8494 23.5749 31.251 20.5171 19.9908 19.6409 19.4896 40.4891 23.8724 18.9404 18.4705 18.2328 16.7153 16.68 20.3895 18.5702 16.3469 16.1176 16.0613 16.0397 15.6236 22.6285 15.2185 16.5656 14.8858 14.3091 14.0387 14.0345 35.6987 15.3097 13.9997
threshold=249.50000000000003 1.0000000180025095e-35 86.500000000000014 16.83558559417725 20.316013336181644 1.0000000180025095e-35 1.0000000180025095e-35 1.0000000180025095e-35 1.0000000180025095e-35 1.0000000180025095e-35 28.500000000000004 692.50000000000011 1.0000000180025095e-35 -0.93301269412040699 0.87837970256805431 -1.0000000180025095e-35 -0.25000000000000006 2024.5000000000002 7.5000000000000009 1.0000000180025095e-35 1.5000000000000002 8.5000000000000018 1.0000000180025095e-35 20.316013336181644 -0.87837970256805409 1.0000000180025095e-35 2.5000000000000004 -0.93301269412040699 1.0000000180025095e-35 -0.93301269412040699 -0.87837970256805409 2024.5000000000002 -1.0000000180025095e-35 0.87837970256805431 -1.0000000180025095e-35 1705.5000000000002 1.0000000180025095e-35 1.0000000180025095e-35 2024.5000000000002 9.5000000000000018 -1.0000000180025095e-35 1.0000000180025095e-35 1.0000000180025095e-35 7.5000000000000009 2024.5000000000002 8.1027956008911151 4.5000000000000009 7.5000000000000009 20.828192710876468 6.9397239685058603 1845.5000000000002 -0.93301269412040699 0.87837970256805431 -0.87837970256805409 0.93301269412040722 1270.5000000000002 1.5000000000000002 8.5748081207275408 0.68301269412040722 -0.25000000000000006 -0.25000000000000006 4.5000000000000009
decision_type=2 2 2 2 2 2 2 2 2 2 2 2 2 2 2 2 2 2 2 2 2 2 2 2 2 2 2 2 2 2 2 2 2 2 2 2 2 2 2 2 2 2 2 2 2 2 2 2 2 2 2 2 2 2 2 2 2 2 2 2 2 2
left_child=2 5 4 7 10 8 12 16 48 -5 -1 43 23 14 -14 53 -3 18 19 -12 -21 41 -23 36 25 -19 -27 28 -26 30 -8 34 -33 -34 -32 47 -4 44 39 -39 -18 -20 -41 49 45 -10 -46 -9 -2 -7 -31 52 -45 -15 -55 -11 -29 -40 59 -38 -60 -47
right_child=1 3 6 9 -6 11 29 35 37 55 17 -13 13 15 -16 -17 40 24 21 20 -22 22 -24 -25 27 26 -28 56 -30 50 31 32 33 -35 -36 -37 58 38 57 42 -42 -43 -44 51 46 61 -48 -49 -50 -51 -52 -53 -54 54 -56 -57 -58 -59 60 -61 -62 -63
leaf_value=-0.0023091112691574832 -0.0016307201727532525 0.005096523931145569 -0.0021332408709470061 0.0060184029087276044 0.01270843413683401 0.0032016548704104676 -0.0022592724494452797 0.0067700339360563149 0.0027190113726397176 0.0081687892116004256 -0.0026945151034619644 0.0056338729242062435 -0.00020134769352524 -0.00061920169729498922 0.025568943038476011 -0.00088450873275364671 0.0044612027257016082 -0.0032135228568589943 0.0063324336843462465 0.011198043383061235 -0.0018799046815692552 -0.0019035393144910583 0.0014557825159949365 0.01186709542437887 0.00025538883119745613 0.020983454008938057 -0.0042347124929904183 0.00025785318786829481 0.0076263503258098891 0.0010870823825693797 0.0093826712863931908 0.0030959697154863686 0.019471968189769481 0.0023713288104621586 -0.0016291998557298418 0.010173805431887813 -8.2521063124185625e-05 -0.0019552107653486145 0.0028757023150585673 0.0028581934545606332 0.0013317711824005264 -9.1282584899192283e-05 -0.00074284482321341691 0.0033716951057645088 0.0057523547309200184 0.0034667896910513304 0.00038417586408071361 0.0047562367122364118 0.0025459110583466553 0.0065131873748222897 0.0046069213117548467 0.0017204701705102619 0.021644978434749784 0.0023694253072638841 0.0090565578083317989 0.01013257243574865 -0.0014219622913562776 0.0082834258399469146 0.0028335898664947363 -0.0020415804569259128 -0.00014201876097745875 0.010439025075036058
leaf_weight=433239 16926 20151 23768 18806 1511 14305 1061 20591 9633 81134 107733 14113 1162 3883 572 16093 8366 17182 1203 1050 2959 82495 6116 345 12833 437 697 14985 1597 33951 653 631 982 368 1199 2774 58860 11176 5174 7364 11471 15998 6722 573 1914 1257 10192 19794 2674 4928 3579 19789 241 8717 1037 10983 82149 1565 5259 38447 24264 1694
leaf_count=433239 16926 20151 23768 18806 1511 14305 1061 20591 9633 81134 107733 14113 1162 3883 572 16093 8366 17182 1203 1050 2959 82495 6116 345 12833 437 697 14985 1597 33951 653 631 982 368 1199 2774 58860 11176 5174 7364 11471 15998 6722 573 1914 1257 10192 19794 2674 4928 3579 19789 241 8717 1037 10983 82149 1565 5259 38447 24264 1694
internal_value=9.00602e-08 0.00483312 -0.00155639 0.00672102 -0.00198641 0.00201993 -6.03167e-05 0.00501637 0.00084465 0.00799876 -0.00201486 0.00368183 -0.000497264 0.000883457 0.00829768 0.000450828 0.00388391 -0.00164792 -0.00195842 -0.00254239 0.0015443 -0.00134168 -0.00167162 -0.000785108 -0.00112778 -0.00267498 0.00547998 -0.000873726 0.00107154 0.00181827 0.00484913 0.00681809 0.0110848 0.0148147 0.00225109 0.00606549 -0.000814133 0.00150346 0.000688929 -0.000229478 0.00265184 0.000357721 0.00113939 0.00299013 0.00255898 0.00383383 0.00123336 0.00578314 -0.00106064 0.00405045 0.00142289 0.00200006 0.00878998 0.00202702 0.00308097 0.00840299 -0.00116276 0.00413239 -0.000566891 -0.000856618 0.000387872 0.00747106
internal_weight=1.33132e+06 324310 1.00702e+06 194070 782184 130240 224831 83147 76291 110923 780673 53949 182407 31464 1734 29730 39988 347434 217554 111742 4009 105812 88611 150943 129880 18316 1134 111564 14430 42424 4894 3833 1981 1350 1852 43159 150598 56691 32001 25262 19837 17201 14086 39836 24690 12584 12106 40385 19600 19233 37530 20603 814 13637 9754 92117 97134 6739 126830 97307 29523 2951
internal_count=1331325 324310 1007015 194070 782184 130240 224831 83147 76291 110923 780673 53949 182407 31464 1734 29730 39988 347434 217554 111742 4009 105812 88611 150943 129880 18316 1134 111564 14430 42424 4894 3833 1981 1350 1852 43159 150598 56691 32001 25262 19837 17201 14086 39836 24690 12584 12106 40385 19600 19233 37530 20603 814 13637 9754 92117 97134 6739 126830 97307 29523 2951
is_linear=0
shrinkage=0.05


Tree=28
num_leaves=63
num_cat=0
split_feature=22 15 13 13 16 17 22 15 13 13 18 15 17 10 18 13 2 1 17 10 17 0 2 1 13 11 6 25 0 2 21 17 1 0 17 2 1 0 21 1 6 25 1 18 6 6 10 1 2 1 20 16 2 1 0 0 20 16 0 13 6 23
split_gain=3607.87 516.233 290.364 150.682 139.737 86.6514 74.5602 54.9564 40.7093 40.5772 39.3208 36.4463 28.624 27.6133 25.7335 23.6375 23.5108 34.2561 23.2748 26.3018 31.2132 22.4296 22.3042 40.7676 22.1189 18.996 17.206 17.0845 16.5023 15.5363 16.5574 15.2877 14.4023 14.0088 13.9225 13.1137 26.3936 12.9541 12.6998 14.1847 12.41 12.294 12.1153 11.6428 11.4697 10.9297 10.8757 11.6303 10.6783 23.2659 10.4997 10.348 10.3399 11.1805 10.1318 10.8788 9.79805 9.5866 9.38957 9.35602 8.77374 8.74854
threshold=1.6833333373069765 1.5000000000000002 0.20015773177146914 20.316013336181644 1.0000000180025095e-35 1.0000000180025095e-35 0.083333335816860213 1.0000000180025095e-35 21.330213546752933 11.12425756454468 1.0000000180025095e-35 1.0000000180025095e-35 1.0000000180025095e-35 -0.25000000000000006 1.0000000180025095e-35 115.32733154296876 3.5000000000000004 2024.5000000000002 1.0000000180025095e-35 -0.93301269412040699 2.5000000000000004 1725.5000000000002 3.5000000000000004 2024.5000000000002 0.066718429327011122 -0.93301269412040699 1.0000000180025095e-35 68.185108184814467 25.000000000000004 1.5000000000000002 1.0000000180025095e-35 8.5000000000000018 2024.5000000000002 1361.5000000000002 5.5000000000000009 3.5000000000000004 2024.5000000000002 1971.5000000000002 5.3214285373687753 2024.5000000000002 1.0000000180025095e-35 2.7623286247253422 2024.5000000000002 31.500000000000004 1.0000000180025095e-35 1.0000000180025095e-35 0.68301269412040722 2024.5000000000002 3.5000000000000004 2024.5000000000002 0.92857143282890331 1.0000000180025095e-35 4.5000000000000009 2024.5000000000002 328.50000000000006 206.50000000000003 1.0000000180025095e-35 1.0000000180025095e-35 837.50000000000011 11.12425756454468 1.0000000180025095e-35 113.52081680297853
decision_type=2 2 2 2 2 2 2 2 2 2 2 2 2 2 2 2 2 2 2 2 2 2 2 2 2 2 2 2 2 2 2 2 2 2 2 2 2 2 2 2 2 2 2 2 2 2 2 2 2 2 2 2 2 2 2 2 2 2 2 2 2 2
left_child=2 5 11 6 12 14 -4 18 -5 13 16 24 26 32 22 61 17 -6 44 20 -20 25 23 -2 -1 -9 -3 28 -12 30 -16 -11 -7 -30 -15 36 -31 -13 41 -40 -27 -37 -28 -29 56 52 -26 -48 49 -14 -23 -33 -24 -54 55 -45 -8 -21 -56 -50 -61 -10
right_child=1 4 3 8 10 9 7 21 15 31 27 37 48 34 29 -17 -18 -19 19 57 -22 50 45 -25 46 40 42 43 33 35 -32 51 -34 -35 -36 38 -38 -39 39 -41 -42 -43 -44 54 -46 -47 47 -49 59 -51 -52 -53 53 -55 58 -57 -58 -59 -60 60 -62 -63
leaf_value=-0.0021232403145419812 -0.0028520077474344357 0.0034171216748786213 -0.0019181799661942404 0.012063056374506224 -0.00047732823859732198 0.0052986890358516052 -0.00094632301726001752 0.0047406310794909923 0.002190397940746415 0.0071136551087961023 0.014354475061559428 -0.00071528180383155201 0.00028120476858131747 0.0031073743667817694 0.034672081687612204 0.0080983854065382697 0.0067060726377942614 0.0066047008465103712 0.0018747936134464007 0.00024297352179436624 0.016577038637767837 0.0028486147458415857 0.0040970923665075111 0.0028233837834052106 -0.0013203550589698855 0.0013420671135673577 -0.0047697141356317953 0.010130382531998902 0.0068024467795628667 -0.0031883108672130477 0.0056110528567401199 0.002942570836152496 0.00096806430557662068 0.0093284480736608496 0.0006487973170338523 0.0095272788263595521 0.0034440912695845069 0.0018081263000275351 0.0056580961218042555 0.0016051566164862004 -0.0024480414802290629 0.0011524528994321125 0.0033121314969074044 0.0095115581455138317 -0.0020279146992873229 -0.0039135605506438699 -0.002802406666674678 -0.0014447385012530374 0.0049498689365148818 0.0065313472902687438 0.0072122951108502704 0.0052965199620534911 0.0020471892220538207 -0.00027845458644103633 0.0099370301552590933 0.0057826753831475685 5.4475808404313586e-05 0.0024014782116695867 0.0080742129290284122 0.0075481958049721425 -0.0036183572136643614 -0.012256001894061595
leaf_weight=527535 10197 20135 46934 2468 3190 10877 37801 3945 3346 7717 815 23876 2723 9919 50 2533 19951 3671 945 21188 585 2945 3417 4587 165072 28638 1155 10396 37991 3107 2437 7027 2335 6432 13743 458 2900 6462 5480 3569 2335 10210 774 2734 10537 953 30144 33140 8197 3290 2601 13987 13203 8486 10208 6938 69250 6796 20295 8408 179 108
leaf_count=527535 10197 20135 46934 2468 3190 10877 37801 3945 3346 7717 815 23876 2723 9919 50 2533 19951 3671 945 21188 585 2945 3417 4587 165072 28638 1155 10396 37991 3107 2437 7027 2335 6432 13743 458 2900 6462 5480 3569 2335 10210 774 2734 10537 953 30144 33140 8197 3290 2601 13987 13203 8486 10208 6938 69250 6796 20295 8408 179 108
internal_value=9.06515e-08 0.004804 -0.00141021 0.000100573 0.00665722 0.00249903 -0.000135849 0.000310112 0.00665826 0.00380033 0.00753084 -0.00187706 0.00426919 0.0027024 0.00126265 0.00442926 0.00583756 0.00331125 -0.000138734 0.00111658 0.00750022 0.00194195 0.000460307 -0.00109077 -0.00194526 0.00147259 0.00298487 0.00800464 0.00729793 0.00242407 0.00619869 0.00520925 0.00453372 0.00716832 0.00167964 0.00205892 1.27863e-05 -0.000177626 0.00268204 0.00406017 0.00105617 0.00151256 -0.00152433 0.00863671 -0.000453855 0.00134047 -0.00153409 -0.00209152 0.00551197 0.00370184 0.00489612 0.00450962 0.00154012 0.00113703 0.00825005 0.00683733 -0.000298872 0.000767358 0.00869781 0.00616015 0.0073148 0.0017369
internal_weight=1.33132e+06 302141 1.02918e+06 242955 167482 134659 234500 187566 8455 65605 122621 786229 44861 36874 69054 5987 26812 6861 147102 29514 1530 40464 40843 14784 755891 34918 22064 95809 45238 28211 2487 28731 13212 44423 23662 25724 6007 30338 19717 9049 30973 10668 1929 50571 117588 26059 228356 63284 22797 6013 5546 21014 25106 21689 40175 9672 107051 27984 30503 16784 8587 3454
internal_count=1331325 302141 1029184 242955 167482 134659 234500 187566 8455 65605 122621 786229 44861 36874 69054 5987 26812 6861 147102 29514 1530 40464 40843 14784 755891 34918 22064 95809 45238 28211 2487 28731 13212 44423 23662 25724 6007 30338 19717 9049 30973 10668 1929 50571 117588 26059 228356 63284 22797 6013 5546 21014 25106 21689 40175 9672 107051 27984 30503 16784 8587 3454
is_linear=0
shrinkage=0.05


Tree=29
num_leaves=63
num_cat=0
split_feature=13 22 15 15 17 22 14 17 16 23 17 14 0 10 3 23 22 18 15 13 13 6 0 0 15 0 8 14 16 16 21 11 18 11 11 8 14 11 11 10 19 8 19 11 10 13 11 17 8 16 23 11 8 3 11 6 8 11 8 8 10 16
split_gain=3268.99 549.392 276.631 92.8055 73.37 72.3753 38.7209 36.2853 34.8425 26.2424 25.9054 24.9781 24.9557 23.3876 23.3494 23.0755 22.5855 20.5542 20.3778 19.2851 22.3697 18.2054 16.5633 16.3273 16.1646 15.4383 14.254 13.4503 13.3332 16.0206 13.0798 13.0487 16.7352 14.4627 25.6028 15.5467 12.9279 12.8876 12.8406 20.022 16.1297 15.7746 14.1577 12.6683 17.0996 15.2 14.1942 14.1475 12.9001 12.2734 16.578 12.055 12.048 11.6254 35.1281 13.1132 12.2841 12.2482 11.575 11.3207 52.0135 13.2062
threshold=4.8451905250549325 0.51666668057441723 1.0000000180025095e-35 1.0000000180025095e-35 1.0000000180025095e-35 0.15000000596046451 20.828192710876468 1.0000000180025095e-35 1.5000000000000002 1.0000000180025095e-35 1.0000000180025095e-35 20.828763961791996 196.50000000000003 -0.25000000000000006 3.5000000000000004 12.038628578186037 1.0000000180025095e-35 1.0000000180025095e-35 1.0000000180025095e-35 20.316013336181644 21.330213546752933 1.0000000180025095e-35 1705.5000000000002 356.50000000000006 1.0000000180025095e-35 1705.5000000000002 -0.87837970256805409 0.32282878458499914 1.0000000180025095e-35 12.500000000000002 1.5357142686843874 -0.25000000000000006 1.0000000180025095e-35 0.68301269412040722 0.93301269412040722 -0.87837970256805409 15.855400562286379 0.25000000000000011 1.0000000180025095e-35 0.68301269412040722 1.0000000180025095e-35 -0.87837970256805409 47.500000000000007 0.68301269412040722 -0.25000000000000006 0.093255918473005309 1.0000000180025095e-35 1.0000000180025095e-35 0.6078576147556306 10.500000000000002 143.44361114501956 0.68301269412040722 1.0000000180025095e-35 2.5000000000000004 -0.68301269412040699 1.0000000180025095e-35 -0.87837970256805409 -0.93301269412040699 1.0000000180025095e-35 0.87837970256805431 -0.93301269412040699 1.5000000000000002
decision_type=2 2 2 2 2 2 2 2 2 2 2 2 2 2 2 2 2 2 2 2 2 2 2 2 2 2 2 2 2 2 2 2 2 2 2 2 2 2 2 2 2 2 2 2 2 2 2 2 2 2 2 2 2 2 2 2 2 2 2 2 2 2
left_child=1 5 6 10 21 16 9 22 -6 -2 31 19 -9 59 -15 58 -1 -13 27 -8 -21 38 30 36 43 -14 -16 -7 -17 -30 -5 53 -33 35 -35 -34 -10 -28 39 40 -4 -42 51 46 45 -45 47 -18 -46 -25 -51 -40 -48 54 -3 -56 -55 -58 -11 -12 61 -61
right_child=2 3 4 7 8 18 11 12 23 15 13 17 25 14 26 28 24 -19 -20 20 -22 -23 -24 49 -26 -27 37 -29 29 -31 -32 32 33 34 -36 -37 -38 -39 42 -41 41 -43 -44 44 48 -47 52 -49 -50 50 -52 -53 -54 56 55 -57 57 -59 -60 60 -62 -63
leaf_value=-0.0020917689043987975 -0.0010793372995943856 -0.0019284729517429239 0.0064618510993962805 0.00054195278042448367 0.0056009773441898468 -0.0011983325767054706 0.00028965335733430008 0.0078075698577500102 0.0036030653377070714 0.0049238616080973683 0.0026635039568839937 0.002060641467967085 0.0030927197490406132 -0.00072743755559547636 -0.00051447879645788073 0.00018580397353542096 -0.0016411819767293686 0.0050198124873439371 0.00059708318162667647 0.011996081018355394 -0.0010330429445446177 0.00092031407900329369 0.0054400867789042929 0.0093741805164914878 -7.704547671960485e-05 0.0071508365338327261 0.0049478369082400619 -3.8340231191969244e-05 0.0055616194516037113 0.0013803602268406864 0.0024773227317949312 -0.0010871012959453232 0.0061976049370831079 0.0063643597195453903 -0.00048278822546640423 -0.0011296694892777117 0.0069812909089928786 0.00086485545722239448 0.0015843343062766993 0.0090712089657197965 -0.0023153967124878664 0.0043053247290050205 0.0093080542711804371 -0.00021445128410275632 -0.0019641313492317625 0.0040954557029095912 -0.0018095628647732493 0.00047919416257059333 -0.00015531904124206983 0.0069641696834502609 0.0087228629246881139 0.0045334371308204903 -0.0031316445023429015 -0.00054694125221820022 0.0033868701696209863 -0.0053148857757905343 0.0047961268234362519 0.0014689683148803954 0.0023682284328849419 0.025399294851817897 0.0020101696637141869 0.0084232706725065522
leaf_weight=436330 6069 11064 8220 15499 26923 115601 602 4417 3301 9934 11623 10040 17094 13298 3141 11480 145043 14148 24963 2362 382 2971 3108 13729 18022 2719 5232 31893 3262 7712 20012 34173 807 2761 2698 7018 20233 3070 4878 3987 1122 4522 1199 11068 33427 2509 39629 8314 13988 32046 23108 12016 30534 5440 5856 467 3546 12617 8017 368 1545 168
leaf_count=436330 6069 11064 8220 15499 26923 115601 602 4417 3301 9934 11623 10040 17094 13298 3141 11480 145043 14148 24963 2362 382 2971 3108 13729 18022 2719 5232 31893 3262 7712 20012 34173 807 2761 2698 7018 20233 3070 4878 3987 1122 4522 1199 11068 33427 2509 39629 8314 13988 32046 23108 12016 30534 5440 5856 467 3546 12617 8017 368 1545 168
internal_value=9.22166e-08 -0.00113888 0.00538969 0.00132406 0.00656974 -0.00164627 0.00286626 0.00289117 0.00718459 0.00198575 0.000535404 0.00435226 0.00440807 0.00161523 0.000697148 0.00244626 -0.00186155 0.00379173 -0.000723927 0.0084025 0.0101805 0.00468402 0.00193931 0.00764587 -0.0015295 0.00364991 0.0023531 -0.000947539 0.00137752 0.00262373 0.00163276 5.51211e-05 -0.000501625 0.00100413 0.00297943 -0.000373292 0.00650767 0.00343862 0.00499498 0.00594702 0.00504815 0.00298825 0.00405536 -0.00162148 -0.000982594 0.000581666 -0.0017958 -0.0015262 -0.00143062 0.00803466 0.00770112 0.00368222 -0.00238499 0.000732896 -0.000229225 0.00274332 0.00150748 0.00219925 0.0037828 0.00327234 0.0066702 0.0200903
internal_weight=1.33132e+06 1.09906e+06 232263 187741 158255 911321 74008 62849 119340 46474 124892 27534 24230 38445 24741 40405 738864 24188 172457 3346 2744 38915 38619 92417 302534 19813 11443 147494 22454 10974 35511 86447 47457 13284 5459 7825 23534 8302 35944 17851 13864 5644 18093 284512 60992 13577 223520 153357 47415 68883 55154 16894 70163 38990 17387 6323 21603 16163 17951 13704 2081 536
internal_count=1331325 1099062 232263 187741 158255 911321 74008 62849 119340 46474 124892 27534 24230 38445 24741 40405 738864 24188 172457 3346 2744 38915 38619 92417 302534 19813 11443 147494 22454 10974 35511 86447 47457 13284 5459 7825 23534 8302 35944 17851 13864 5644 18093 284512 60992 13577 223520 153357 47415 68883 55154 16894 70163 38990 17387 6323 21603 16163 17951 13704 2081 536
is_linear=0
shrinkage=0.05


Tree=30
num_leaves=63
num_cat=0
split_feature=12 12 15 13 15 12 17 12 17 21 25 6 15 12 13 17 6 10 8 2 8 14 8 12 17 0 15 12 0 20 10 20 8 17 10 8 25 0 23 2 2 8 8 8 11 8 12 23 2 19 10 19 14 2 2 20 2 9 20 23 2 0
split_gain=2983.29 359.318 357.387 100.664 78.699 72.9686 55.4389 50.6014 37.6761 30.4336 24.4339 22.4724 21.2284 20.9713 20.0359 19.5446 18.2837 17.4159 30.5951 30.178 44.6611 20.1457 21.9046 17.3944 17.7302 16.4233 16.1516 15.5246 15.4814 15.7643 15.256 15.2149 15.1154 14.9506 20.0418 49.743 14.6805 14.795 14.0043 12.7512 13.3776 34.6642 12.3153 12.0148 21.3194 16.6204 11.8536 13.4043 11.7494 19.9599 11.6268 11.6031 10.3112 9.96988 12.6291 10.0937 9.89379 9.77244 9.71686 10.4789 9.70139 9.58742
threshold=349.50000000000006 128.50000000000003 1.0000000180025095e-35 20.316013336181644 1.0000000180025095e-35 834.00000000000011 1.0000000180025095e-35 63.500000000000007 1.0000000180025095e-35 1.0000000180025095e-35 18.845728874206547 1.0000000180025095e-35 42.500000000000007 493.50000000000006 18.34952545166016 14.500000000000002 1.0000000180025095e-35 -0.25000000000000006 -1.0000000180025095e-35 1.5000000000000002 0.6078576147556306 0.52976614236831676 -0.87837970256805409 1132.5000000000002 6.5000000000000009 1202.5000000000002 1.0000000180025095e-35 15.500000000000002 1725.5000000000002 1.3571428656578066 -0.93301269412040699 19.500000000000004 1.0000000180025095e-35 1.5000000000000002 -0.93301269412040699 0.87837970256805431 0.76300743222236644 1705.5000000000002 3.0315696001052861 5.5000000000000009 1.5000000000000002 1.0000000180025095e-35 0.87837970256805431 -0.87837970256805409 -0.93301269412040699 -1.0000000180025095e-35 1075.5000000000002 32.026401519775398 3.5000000000000004 67.500000000000014 0.68301269412040722 15.500000000000002 4.2359266281127939 8.5000000000000018 10.500000000000002 0.21428572386503222 2.5000000000000004 1.0000000180025095e-35 1.0000000180025095e-35 5.2463119029998788 4.5000000000000009 1227.5000000000002
decision_type=2 2 2 2 2 2 2 2 2 2 2 2 2 2 2 2 2 2 2 2 2 2 2 2 2 2 2 2 2 2 2 2 2 2 2 2 2 2 2 2 2 2 2 2 2 2 2 2 2 2 2 2 2 2 2 2 2 2 2 2 2 2
left_child=1 3 6 7 9 8 11 27 12 14 36 13 52 58 -3 -12 28 33 21 20 -20 60 -23 24 31 48 -9 -1 29 -6 -26 -8 -32 53 35 -35 -10 -38 -31 40 41 -29 -21 -28 57 -46 47 -15 49 -7 -34 -13 61 55 -55 -11 -40 -45 -2 -60 -19 -4
right_child=2 4 5 -5 16 25 23 26 10 17 15 51 -14 46 -16 -17 -18 18 19 42 -22 22 -24 -25 30 -27 43 39 -30 38 32 -33 50 34 -36 -37 37 -39 56 -41 -42 -43 -44 44 45 -47 -48 -49 -50 -51 -52 -53 -54 54 -56 -57 -58 -59 59 -61 -62 -63
leaf_value=-0.0021109749875087773 -0.00139188708720614 -0.0015441852459057159 0.0021845166758550447 0.010725838507064047 0.0012034034186967843 0.0046368003810322821 0.0040924509765208937 -0.0010663538115502484 -0.0028653521126466215 -0.00033180814153667713 0.0081678233843922761 -0.0021146398105487615 0.001629052776735936 0.0032557445762612792 0.011301287417538108 0.0057210670023970372 -0.0011843514689533891 -0.001981498862557361 -0.0019628729566273763 -0.0008355005467934498 0.0061272218063114061 -0.00019028457727317738 0.003078771761690826 0.0072147738665477639 0.0088040702255961154 0.0089017131998002843 -0.0024043422986029022 -0.0024629988992832721 0.0055124609967100602 0.0051983190152674833 0.0033452852719460823 0.0089916608487435479 0.0019406323517554384 0.0019300471021036509 0.0021981006033158913 0.023091296027111172 0.0046232099146688646 0.0092694254047191518 0.00019335852892444751 -0.0013631286047099526 -0.0021366385330553778 0.00060364766894349469 -0.0029206694791890043 0.0018082206304453211 0.0025840558024057317 -0.00084319258134693932 0.0078352999657566296 0.00036268895553862534 0.0073418984601398346 0.0082856950058847103 -0.0016937010775702232 0.010760582630201422 0.0052271277210561764 -0.0011524164254742189 0.001808112785666179 0.0024926840428255619 0.0030051037234502496 0.0086241631674888672 0.0026813059242955296 1.1894886341347597e-05 0.00096304258811299418 0.0061183762869958368
leaf_weight=279453 5617 25748 6488 1653 17641 11598 10669 167960 610 4354 15465 6037 7958 12998 307 17338 3324 5810 3275 28015 3559 7591 15751 3034 933 12836 3269 20397 4302 6255 14290 1864 7273 825 7347 419 22120 1860 3801 215253 150688 16805 9482 952 5230 10928 1046 5792 48619 5547 3154 180 18608 9799 5696 11535 17788 1181 5958 9610 5392 2038
leaf_count=279453 5617 25748 6488 1653 17641 11598 10669 167960 610 4354 15465 6037 7958 12998 307 17338 3324 5810 3275 28015 3559 7591 15751 3034 933 12836 3269 20397 4302 6255 14290 1864 7273 825 7347 419 22120 1860 3801 215253 150688 16805 9482 952 5230 10928 1046 5792 48619 5547 3154 180 18608 9799 5696 11535 17788 1181 5958 9610 5392 2038
internal_value=9.20459e-08 -0.00116463 0.0048099 -0.00160045 0.000758459 0.00614403 0.00222944 -0.00162382 0.00519189 0.000154953 0.00598118 0.00106003 0.00390086 0.00148465 -0.0013926 0.00687477 0.00240493 0.000494258 6.32997e-05 -0.000805911 0.00224957 0.00117892 0.00201544 0.00356955 0.00327975 0.0072643 -0.00090097 -0.00182451 0.00264467 0.00237331 0.00252618 0.00482156 0.00228897 0.00134446 0.00319281 0.00906281 0.00478891 0.00498384 0.00311434 -0.00162593 -0.00192698 -0.00107759 -0.00136292 0.000387194 0.000886386 0.000265834 0.00265303 0.00236424 0.00694461 0.00581768 0.00084082 -0.00174089 0.00456695 0.000838328 -6.37913e-05 0.00171839 0.0025103 0.00558464 0.000390436 0.00103383 -0.000563723 0.00312549
internal_weight=1.33132e+06 1.07178e+06 259540 873769 198016 171085 88455 872116 92485 144905 57393 47238 35092 41021 26055 32803 53111 118850 78875 44331 6834 34544 23342 41217 38183 78600 189520 682596 49787 45485 25650 12533 24717 39975 8591 1244 24590 23980 27844 403143 187890 37202 37497 21560 18291 16158 19836 18790 65764 17145 10427 6217 27134 31384 15495 15889 21589 2133 21185 15568 11202 8526
internal_count=1331325 1071785 259540 873769 198016 171085 88455 872116 92485 144905 57393 47238 35092 41021 26055 32803 53111 118850 78875 44331 6834 34544 23342 41217 38183 78600 189520 682596 49787 45485 25650 12533 24717 39975 8591 1244 24590 23980 27844 403143 187890 37202 37497 21560 18291 16158 19836 18790 65764 17145 10427 6217 27134 31384 15495 15889 21589 2133 21185 15568 11202 8526
is_linear=0
shrinkage=0.05


Tree=31
num_leaves=63
num_cat=0
split_feature=12 12 15 13 18 15 18 12 17 2 22 2 17 12 12 25 13 15 17 6 12 0 10 9 3 3 18 17 10 9 3 2 3 2 6 13 6 11 9 3 14 23 3 17 6 2 12 10 18 3 22 0 6 12 3 10 11 18 3 11 11 11
split_gain=2692.44 324.286 322.54 90.85 72.0644 71.0266 51.8501 45.7778 28.1107 28.0107 27.7305 26.3039 20.1805 19.4375 18.4746 22.5128 18.2336 18.0837 17.0656 17.0157 16.6403 15.6021 13.7926 19.3758 31.2395 15.9877 13.4101 13.279 98.0891 44.8283 29.0642 13.5572 54.5815 15.9822 12.9879 12.9443 12.4403 12.4235 38.9529 16.3895 16.7027 12.1004 11.9539 11.6933 11.591 15.3872 12.9671 10.7952 10.7014 10.3747 10.3155 10.3089 9.92549 10.533 9.16583 12.661 11.7345 9.14996 8.91908 8.86275 16.7177 11.9777
threshold=349.50000000000006 128.50000000000003 1.0000000180025095e-35 20.316013336181644 1.0000000180025095e-35 1.0000000180025095e-35 1.0000000180025095e-35 40.500000000000007 1.5000000000000002 3.5000000000000004 0.15000000596046451 3.5000000000000004 1.0000000180025095e-35 441.50000000000006 834.00000000000011 0.76300743222236644 18.34952545166016 1.0000000180025095e-35 1.0000000180025095e-35 1.0000000180025095e-35 692.50000000000011 1280.5000000000002 -0.93301269412040699 1.0000000180025095e-35 2.5000000000000004 3.5000000000000004 4.5000000000000009 1.0000000180025095e-35 -0.93301269412040699 1.0000000180025095e-35 2.5000000000000004 1.5000000000000002 2.5000000000000004 5.5000000000000009 1.0000000180025095e-35 16.840389251708988 1.0000000180025095e-35 -0.93301269412040699 1.0000000180025095e-35 1.5000000000000002 0.038218110799789436 0.55593636631965648 1.5000000000000002 17.500000000000004 1.0000000180025095e-35 5.5000000000000009 941.50000000000011 -0.25000000000000006 6.5000000000000009 3.5000000000000004 0.28333334624767309 2031.5000000000002 1.0000000180025095e-35 772.50000000000011 5.5000000000000009 -0.25000000000000006 -0.25000000000000006 9.5000000000000018 1.0000000180025095e-35 -0.25000000000000006 0.68301269412040722 -0.68301269412040699
decision_type=2 2 2 2 2 2 2 2 2 2 2 2 2 2 2 2 2 2 2 2 2 2 2 2 2 2 2 2 2 2 2 2 2 2 2 2 2 2 2 2 2 2 2 2 2 2 2 2 2 2 2 2 2 2 2 2 2 2 2 2 2 2
left_child=1 3 6 7 9 10 11 -1 48 -4 16 -2 34 50 15 41 -3 27 19 51 26 35 23 24 -14 47 -8 31 29 -29 -30 32 -9 -33 59 57 -17 38 -19 -39 -41 49 -20 -37 45 -15 -47 -24 -6 -11 -13 54 53 -50 56 -56 -7 -10 -36 61 -61 -12
right_child=2 5 4 -5 8 18 20 17 21 14 12 13 22 44 -16 36 -18 37 42 -21 -22 -23 25 -25 -26 -27 -28 28 30 -31 -32 33 -34 -35 58 43 -38 39 -40 40 -42 -43 -44 -45 -46 46 -48 -49 52 -51 -52 -53 -54 -55 55 -57 -58 -59 -60 60 -62 -63
leaf_value=-0.0018252688378887147 -0.00063440667923583957 -0.0015208216098805188 0.0020473335555917164 0.010189578951479599 0.0064134684498731113 0.0023727596959199431 0.004233961294715035 0.0025667442127044696 0.0064585355565543387 0.011030126044809803 0.00018993302935830332 -0.0023029902664062313 0.01960864675969377 0.0061181986924775189 0.006879349438053523 0.0048108068864353435 0.010736407280800418 -0.0015370359144050462 0.0015195635133441519 -0.0025691619161332009 0.0048363646308741369 0.0085018543732361916 0.0020743949096790637 -9.7666849150757057e-05 0.0021616276620506185 0.0024954457295944471 0.0018793159194762977 0.017693844751405955 -0.0029643341894018942 -0.00089455105073120954 0.00051706726017645586 -0.0018718293033344179 -0.0022323827157405616 -0.0010619444406578592 0.0021782799056318438 0.0083014431656188506 -0.006640773388393151 -0.0022466600635199481 0.0083477298522646442 0.0042613811363864228 -0.00010548930281479444 -0.0025368364017523716 0.0044007904819657415 0.0066076779374480248 -0.0030119821426486662 0.0019438174841306733 0.0071174124778705192 -0.00065196537978608378 0.0038143120555294524 -7.4098453926026901e-05 0.0010979752211598014 0.0063335908557553876 0.0003974180976135774 0.0062373345314163213 0.00066149831217449378 0.0063432152552257148 0.00031827862370038194 0.0037820210214958051 -0.0025458091273471034 -0.0012648549332758257 0.00074727624670406414 0.0020859156482645868
leaf_weight=542130 16202 24634 11559 1653 11348 15348 9298 10387 6790 369 25416 2896 479 3441 8733 24815 307 2355 5080 2232 13908 13339 5333 801 554 14316 17333 1079 10037 463 14882 107057 13790 141454 1169 12662 239 7800 1727 2526 16429 1764 12408 52876 808 13555 1331 11372 11131 487 9683 1284 1382 7536 1677 2368 12714 6055 6834 20424 20870 12396
leaf_count=542130 16202 24634 11559 1653 11348 15348 9298 10387 6790 369 25416 2896 479 3441 8733 24815 307 2355 5080 2232 13908 13339 5333 801 554 14316 17333 1079 10037 463 14882 107057 13790 141454 1169 12662 239 7800 1727 2526 16429 1764 12408 52876 808 13555 1331 11372 11131 487 9683 1284 1382 7536 1677 2368 12714 6055 6834 20424 20870 12396
internal_value=9.22798e-08 -0.0011064 0.00456943 -0.00152043 0.00583685 0.000720543 0.00211799 -0.00154263 0.00647744 0.00419246 0.000147207 0.00100437 0.000462621 0.00184174 0.00487338 0.00424016 -0.0013697 -0.00107828 0.0022847 0.00165646 0.00343414 0.00691964 0.00151857 0.00573252 0.0102577 0.00126926 0.00270162 -0.00119712 -0.000127512 0.0121096 -0.000884995 -0.00130089 -0.000170358 -0.00141086 6.42883e-05 0.00665031 0.00470134 7.442e-05 0.00264386 -0.00031742 0.000476209 -0.000167973 0.00356414 0.006935 0.0028454 0.00310393 0.00240678 0.000218121 0.00518543 0.00470754 0.000314578 0.00193907 0.00449007 0.0047928 0.00176315 0.00398897 0.00144212 0.00519728 -0.00185512 0.000258536 -0.000247803 0.000811634
internal_weight=1.33132e+06 1.07178e+06 259540 873769 171085 198016 88455 872116 123119 47966 144905 47916 119964 31714 36407 27674 24941 329986 53111 35623 40539 91722 32855 1834 1033 31021 26631 299149 26461 1542 24919 272688 24177 248511 87109 78383 25054 30837 4082 26755 18955 2620 17488 65538 19135 18327 14886 16705 31397 856 12579 33391 20049 18667 32107 4045 28062 12845 8003 79106 41294 37812
internal_count=1331325 1071785 259540 873769 171085 198016 88455 872116 123119 47966 144905 47916 119964 31714 36407 27674 24941 329986 53111 35623 40539 91722 32855 1834 1033 31021 26631 299149 26461 1542 24919 272688 24177 248511 87109 78383 25054 30837 4082 26755 18955 2620 17488 65538 19135 18327 14886 16705 31397 856 12579 33391 20049 18667 32107 4045 28062 12845 8003 79106 41294 37812
is_linear=0
shrinkage=0.05


Tree=32
num_leaves=63
num_cat=0
split_feature=12 15 12 16 18 15 23 18 14 6 1 12 15 17 10 3 3 3 16 12 1 2 18 2 3 2 1 2 9 21 12 17 2 2 2 1 6 18 3 1 2 9 19 2 2 10 14 0 14 2 2 1 18 0 14 14 2 3 3 15 12 6
split_gain=2434.01 415.53 157.722 97.0506 85.7621 43.6857 30.6409 28.0949 26.9335 21.3667 36.6456 20.855 19.6226 19.3126 33.5366 29.531 59.836 20.6976 19.6001 18.0409 18.396 25.0739 19.0736 40.3108 35.3345 17.9664 60.2957 17.6458 30.1562 22.3752 17.5301 17.2149 62.9577 15.8253 15.7777 30.8128 15.5028 15.3728 14.4083 44.4389 18.9095 15.4721 15.8628 82.1086 20.6627 19.5186 12.445 12.1923 11.9572 11.8312 18.5334 24.6114 11.8421 11.7916 14.132 11.6615 11.6338 16.6449 11.5732 11.4261 11.1844 10.6901
threshold=249.50000000000003 1.5000000000000002 80.500000000000014 1.0000000180025095e-35 1.0000000180025095e-35 1.0000000180025095e-35 1.0000000180025095e-35 1.0000000180025095e-35 8.1027956008911151 1.0000000180025095e-35 2024.5000000000002 532.50000000000011 13.500000000000002 1.0000000180025095e-35 -0.93301269412040699 2.5000000000000004 1.5000000000000002 3.5000000000000004 1.5000000000000002 24.500000000000004 2024.5000000000002 7.5000000000000009 1.0000000180025095e-35 1.5000000000000002 1.0000000180025095e-35 3.5000000000000004 2024.5000000000002 8.5000000000000018 1.0000000180025095e-35 1.0000000180025095e-35 441.50000000000006 1.0000000180025095e-35 9.5000000000000018 10.500000000000002 3.5000000000000004 2024.5000000000002 1.0000000180025095e-35 6.5000000000000009 5.5000000000000009 2023.5000000000002 11.500000000000002 -0.56174489110708226 1.0000000180025095e-35 1.5000000000000002 5.5000000000000009 -0.93301269412040699 20.828192710876468 1299.5000000000002 20.828763961791996 3.5000000000000004 4.5000000000000009 2024.5000000000002 1.0000000180025095e-35 25.000000000000004 42.767894744873054 8.5748081207275408 1.5000000000000002 2.5000000000000004 3.5000000000000004 23.500000000000004 612.00000000000011 1.0000000180025095e-35
decision_type=2 2 2 2 2 2 2 2 2 2 2 2 2 2 2 2 2 2 2 2 2 2 2 2 2 2 2 2 2 2 2 2 2 2 2 2 2 2 2 2 2 2 2 2 2 2 2 2 2 2 2 2 2 2 2 2 2 2 2 2 2 2
left_child=2 4 19 9 6 13 46 34 37 11 -11 12 -3 36 15 16 -15 -16 -18 -1 21 22 -21 24 -24 26 -8 28 29 -23 -27 33 -33 -29 35 60 -4 -6 41 40 -40 42 44 58 -7 -46 -2 53 -48 52 51 -51 -43 -9 -55 -28 57 -39 -44 -56 -5 -19
right_child=1 3 5 7 8 38 25 47 -10 10 -12 -13 -14 14 17 -17 18 61 -20 20 -22 27 23 -25 -26 30 55 31 -30 -31 -32 32 -34 -35 -36 -37 -38 56 39 -41 -42 49 43 -45 45 -47 48 -49 -50 50 -52 -53 -54 54 59 -57 -58 -59 -60 -61 -62 -63
leaf_value=-0.0018066367397135054 -0.0014898642790652776 0.0040177140930735536 -0.00048906576094911352 -0.0046184829202671352 0.0031565878914420402 -0.0010467002170800042 -0.0022747188165989497 0.012055728574275256 0.0042028489261544946 -0.0046896624421802965 0.0051480536044077084 0.0050244933856595881 0.0010799811720577474 -0.001036101375641609 -0.00089249977082304108 -0.00049787787276239683 0.026273580842606444 0.0012050480390859235 0.0022899221223902171 -0.0022220331265817178 -0.00086076899431009534 0.0059357641278722706 -0.004658176411212368 -0.0017241286821705224 0.015982433855470823 0.0010728792662028847 0.002114680758980966 -0.0023655196206659786 -0.0021937442295272029 0.00071475522842112725 0.0030504189978503263 0.010932603888891682 -0.0014995252935307462 -0.00097922492714010113 0.005465828853841951 0.0058315037587629423 -0.0020815862809695877 0.0099084990145399676 -0.0082180468033261466 0.002268235423107967 0.021411595513609789 -0.0027137147907983373 0.031477511032328508 -0.00011779444427122241 -0.0029447166857392466 0.0044935275996224955 0.0045679997603895496 0.0079729098132532931 -0.0021582423949239355 -0.0025922559655213798 0.00028743866288855269 0.0082534724032894274 0.0025816201757636577 0.0054215049941937488 0.0084426070016316856 0.0062397174161165957 0.0005058683465856452 -0.0019893211428982263 0.005645081059690092 0.0064593829180844917 0.0014666860213144862 0.0056269827029497704
leaf_weight=393185 16138 14013 153313 1226 17866 4094 11617 901 33818 2019 1782 19892 9573 475 17192 744 532 13025 102 113020 137135 2715 292 2760 712 28082 6328 33404 7032 8416 18662 1313 4535 53704 22509 3706 16977 799 61 5403 442 5077 311 951 1031 6069 1799 13730 1043 754 17625 1703 1332 29391 8769 2353 12957 464 51 42909 1964 1528
leaf_count=393185 16138 14013 153313 1226 17866 4094 11617 901 33818 2019 1782 19892 9573 475 17192 744 532 13025 102 113020 137135 2715 292 2760 712 28082 6328 33404 7032 8416 18662 1313 4535 53704 22509 3706 16977 799 61 5403 442 5077 311 951 1031 6069 1799 13730 1043 754 17625 1703 1332 29391 8769 2353 12957 464 51 42909 1964 1528
internal_value=9.20687e-08 0.00376737 -0.00121316 0.00544757 0.00186088 -0.000120744 0.000820991 0.00617695 0.00321812 0.00351746 -7.61756e-05 0.00383175 0.00282558 -0.000431696 0.000663781 0.00720212 0.0123719 0.00028195 0.0224239 -0.0015716 -0.00131843 -0.00159379 -0.0021054 0.0013952 0.00997454 0.00132312 8.07442e-05 -0.00105604 0.000369156 0.00198872 0.0018625 -0.00133457 0.00129104 -0.0015109 0.00482454 0.00273055 -0.000647862 0.00218008 0.00129103 0.0035928 0.0178075 0.000942306 0.00239177 0.00759202 0.0017813 0.00341268 -0.000952395 0.00659243 0.00209775 0.000257784 0.000854881 0.00492315 -0.00161237 0.00636113 0.00629777 0.00323341 0.000952822 0.00553372 0.0278545 0.00679602 -0.000870507 0.00166971
internal_weight=1.33132e+06 324310 1.00702e+06 172384 151926 248792 86022 125105 65904 47279 3801 43478 23586 203888 33598 1853 1109 31745 634 758223 365038 227903 116784 3764 1004 67042 20298 111119 18163 11131 46744 92956 5848 87108 29405 6896 170290 32086 44904 5906 503 38998 12507 1313 11194 7100 18980 95700 2842 26491 20082 2457 6409 81970 81069 8681 14220 1263 362 51678 3190 14553
internal_count=1331325 324310 1007015 172384 151926 248792 86022 125105 65904 47279 3801 43478 23586 203888 33598 1853 1109 31745 634 758223 365038 227903 116784 3764 1004 67042 20298 111119 18163 11131 46744 92956 5848 87108 29405 6896 170290 32086 44904 5906 503 38998 12507 1313 11194 7100 18980 95700 2842 26491 20082 2457 6409 81970 81069 8681 14220 1263 362 51678 3190 14553
is_linear=0
shrinkage=0.05


Tree=33
num_leaves=63
num_cat=0
split_feature=12 12 15 13 16 15 17 12 13 16 6 11 1 12 22 13 8 10 8 1 17 1 10 6 1 12 12 1 2 8 11 18 2 18 6 1 10 11 10 9 11 1 2 9 8 18 2 15 11 8 1 2 8 3 11 8 11 11 11 19 1 11
split_gain=2197.5 266.658 264.59 82.3875 59.6411 53.128 45.4543 40.9932 27.7628 23.7651 18.4741 16.7949 19.5846 16.4427 15.7894 17.0069 15.6817 18.4006 15.3913 14.9665 14.9002 14.6901 26.6207 14.4234 30.4995 14.3663 14.1267 19.2621 21.2377 16.4587 21.4328 19.557 16.2061 13.3928 13.3214 13.1399 25.6916 13.0224 47.5423 34.4271 24.3491 24.3449 15.6182 13.874 12.4261 25.5068 61.4862 13.0609 33.024 14.6589 11.8135 23.7205 21.2444 20.0056 17.9615 11.5781 11.3337 11.1464 20.2954 17.3722 10.5061 10.4807
threshold=349.50000000000006 132.00000000000003 1.0000000180025095e-35 20.316013336181644 1.0000000180025095e-35 1.0000000180025095e-35 1.0000000180025095e-35 72.500000000000014 47.048534393310554 1.0000000180025095e-35 1.0000000180025095e-35 -0.25000000000000006 2024.5000000000002 493.50000000000006 1.0000000180025095e-35 18.34952545166016 1.0000000180025095e-35 -0.93301269412040699 1.0000000180025095e-35 2024.5000000000002 1.0000000180025095e-35 2024.5000000000002 0.68301269412040722 1.0000000180025095e-35 2024.5000000000002 532.50000000000011 15.500000000000002 2024.5000000000002 7.5000000000000009 -0.87837970256805409 -0.93301269412040699 1.0000000180025095e-35 8.5000000000000018 1.0000000180025095e-35 1.0000000180025095e-35 2024.5000000000002 0.68301269412040722 0.68301269412040722 -0.25000000000000006 1.0000000180025095e-35 0.25000000000000011 2024.5000000000002 7.5000000000000009 -0.56174489110708226 -0.87837970256805409 1.5000000000000002 2.5000000000000004 1.0000000180025095e-35 -0.93301269412040699 0.87837970256805431 2024.5000000000002 5.5000000000000009 1.0000000180025095e-35 2.5000000000000004 -0.93301269412040699 -0.87837970256805409 1.0000000180025095e-35 1.0000000180025095e-35 0.68301269412040722 1.0000000180025095e-35 2023.5000000000002 1.0000000180025095e-35
decision_type=2 2 2 2 2 2 2 2 2 2 2 2 2 2 2 2 2 2 2 2 2 2 2 2 2 2 2 2 2 2 2 2 2 2 2 2 2 2 2 2 2 2 2 2 2 2 2 2 2 2 2 2 2 2 2 2 2 2 2 2 2 2
left_child=1 3 6 7 23 9 10 26 11 14 13 12 -6 60 15 -3 55 -18 -11 -12 34 22 -9 25 -25 -4 -1 28 33 31 -31 -29 -30 -28 50 36 -13 40 43 -40 42 -42 -16 -39 45 -23 -47 49 -49 -46 51 -7 -52 -53 -54 -8 -20 59 -59 -27 -2 -15
right_child=2 5 4 -5 8 20 16 21 -10 18 19 35 -14 61 37 -17 17 -19 56 -21 -22 44 -24 24 -26 57 27 29 32 30 -32 -33 -34 -35 -36 -37 -38 38 39 -41 41 -43 -44 -45 47 46 -48 48 -50 -51 52 53 54 -55 -56 -57 -58 58 -60 -61 -62 -63
leaf_value=-0.0018238310611810313 -0.0019939149903547737 -0.0019435661331902701 0.0028469667080237254 0.0097400605749171504 0.00690292556236857 -0.0019587656681593394 0.0018603776540694558 -0.00060085691417308758 0.0065372599268556644 0.0022830322392224773 -0.0028636375317642134 0.0040878349365615066 0.0044297766813696845 0.0038117489366636978 -0.00014180490310280569 0.010220640252227697 0.009905515326451975 0.0016595840039707939 0.0013793673425007468 0.0034402916869123649 0.0032738016366650304 -0.0025597551150894405 -0.002582758227347515 -0.0039134340474155154 0.0054652281613420629 0.0077594624397867218 -0.0021430803053144043 -0.0024784796623949657 4.5731830077234623e-05 0.00081464754047085107 -0.00098713977401424543 0.004323925547791028 -0.001427758597481169 0.0009412958590799017 -0.0023267769203527992 0.0056875498154377131 -0.0017659511824004795 0.013315553771141015 -0.001602933498497665 0.0028686985253020781 -0.0031739192382797578 0.0011168078008588897 0.0020933962809853929 0.0051663471735805015 0.00035236911207747615 0.032701487641348594 -0.0035894716827871531 0.010170500324387164 0.00080123633080806051 -0.0021501613976707338 0.0011864396900040913 -0.00019003652394422731 0.012444394546628015 0.0035641529281758028 0.0041464629264703996 0.0045463421696755836 -0.0015294282510464315 0.00071484977016105064 0.005180401121911371 0.0036144127996874916 0.00081397545719512658 0.0014116897492149928
leaf_weight=279453 4140 14339 17223 1667 18868 5135 5133 79820 65243 19104 5061 18220 13934 7079 43372 293 705 16886 7495 1156 17220 7635 21513 1815 1659 5873 135453 22952 22443 18954 127591 1107 110529 3611 2162 10189 2088 680 10693 7204 11615 4619 9532 2272 35358 178 338 1110 6167 7012 7310 6100 765 8476 4455 18493 6053 3798 7726 4449 17045 12757
leaf_count=279453 4140 14339 17223 1667 18868 5135 5133 79820 65243 19104 5061 18220 13934 7079 43372 293 705 16886 7495 1156 17220 7635 21513 1815 1659 5873 135453 22952 22443 18954 127591 1107 110529 3611 2162 10189 2088 680 10693 7204 11615 4619 9532 2272 35358 178 338 1110 6167 7012 7310 6100 765 8476 4455 18493 6053 3798 7726 4449 17045 12757
internal_value=9.00693e-08 -0.000999539 0.00412813 -0.00136434 0.00527606 0.000705498 0.0019078 -0.00138535 0.0058132 0.000191231 0.000848918 0.00506681 0.00585252 0.00123393 -0.000176264 -0.00169957 0.00312125 0.0019904 0.00136885 -0.00169063 0.00207289 -0.00065885 -0.00102167 0.003653 0.000563912 0.00392755 -0.00154544 -0.00136968 -0.00163091 -0.000953105 -0.000754064 -0.00216526 -0.00117903 -0.00206295 0.00147163 0.00422153 0.00348572 7.13744e-05 0.00116674 0.000196739 -0.000258868 -0.00195279 0.000260832 0.00704562 -2.26637e-05 -0.00183208 0.00892373 0.000274307 0.00223119 -6.16719e-05 0.00172651 0.000963032 0.00292712 0.00199271 0.00536371 0.00396301 7.93996e-05 0.00477922 0.00370913 0.0059734 0.000265011 0.00226848
internal_weight=1.33132e+06 1.07178e+06 259540 882891 171085 188894 88455 881224 128542 137271 47238 63299 32802 41021 104619 14632 41217 17591 32652 6217 51623 159131 101333 42543 3474 39069 722093 442640 272036 170604 146545 24059 132972 139064 34403 30497 20308 89987 20849 17897 69138 16234 52904 2952 57798 8151 516 49647 7277 42370 32241 19711 12530 14576 5220 23626 13548 21846 11524 10322 21185 19836
internal_count=1331325 1071785 259540 882891 171085 188894 88455 881224 128542 137271 47238 63299 32802 41021 104619 14632 41217 17591 32652 6217 51623 159131 101333 42543 3474 39069 722093 442640 272036 170604 146545 24059 132972 139064 34403 30497 20308 89987 20849 17897 69138 16234 52904 2952 57798 8151 516 49647 7277 42370 32241 19711 12530 14576 5220 23626 13548 21846 11524 10322 21185 19836
is_linear=0
shrinkage=0.05


Tree=34
num_leaves=63
num_cat=0
split_feature=12 15 12 16 18 15 11 18 14 6 12 12 12 6 8 14 2 12 19 15 14 22 11 8 3 18 2 3 2 8 2 20 18 24 19 2 2 2 8 8 17 2 2 6 0 19 0 14 18 19 18 2 19 2 14 22 8 2 18 12 2 18
split_gain=1987.63 340.612 128.008 79.715 73.2291 34.8093 27.2876 23.9362 23.864 21.681 20.6749 19.7826 17.699 17.4755 17.3022 20.0235 17.7222 17.2372 16.7279 15.7311 16.1291 15.4733 14.0258 21.949 15.7957 13.9853 13.6103 13.5686 11.837 15.7126 54.7549 48.9584 31.5228 28.9756 27.3158 44.2692 19.1341 38.8843 15.6977 13.6907 21.6605 26.5849 83.7006 11.4463 11.1654 11.1195 10.9474 11.3127 10.8694 10.7341 10.461 10.3997 26.9476 32.2169 16.495 15.2623 10.3187 11.2594 10.251 12.6999 9.96496 17.9603
threshold=249.50000000000003 1.5000000000000002 86.500000000000014 1.0000000180025095e-35 1.0000000180025095e-35 1.0000000180025095e-35 1.0000000180025095e-35 1.0000000180025095e-35 25.782884597778324 1.0000000180025095e-35 917.50000000000011 441.50000000000006 28.500000000000004 1.0000000180025095e-35 1.0000000180025095e-35 0.37057843804359442 10.500000000000002 995.50000000000011 1.0000000180025095e-35 70.500000000000014 10.005747318267824 1.0000000180025095e-35 -0.93301269412040699 -0.87837970256805409 1.5000000000000002 4.5000000000000009 3.5000000000000004 5.5000000000000009 5.5000000000000009 0.6078576147556306 1.5000000000000002 1.0000000180025095e-35 1.0000000180025095e-35 1.0000000180025095e-35 1.0000000180025095e-35 1.5000000000000002 3.5000000000000004 4.5000000000000009 1.0000000180025095e-35 0.6078576147556306 1.0000000180025095e-35 9.5000000000000018 8.5000000000000018 1.0000000180025095e-35 1299.5000000000002 1.5000000000000002 25.000000000000004 42.767894744873054 1.0000000180025095e-35 1.5000000000000002 20.500000000000004 7.5000000000000009 1.0000000180025095e-35 1.5000000000000002 0.15430403500795367 1.0000000180025095e-35 -0.87837970256805409 8.5000000000000018 35.500000000000007 1201.0000000000002 6.5000000000000009 1.0000000180025095e-35
decision_type=2 2 2 2 2 2 2 2 2 2 2 2 2 2 2 2 2 2 2 2 2 2 2 2 2 2 2 2 2 2 2 2 2 2 2 2 2 2 2 2 2 2 2 2 2 2 2 2 2 2 2 2 2 2 2 2 2 2 2 2 2 2
left_child=2 4 12 13 6 21 9 26 25 11 14 -2 -1 17 15 -8 -17 19 -13 20 -3 -4 23 -7 -24 -6 45 60 29 34 31 33 -33 -31 -14 38 -32 -38 -36 48 -41 42 -42 -27 46 -5 -9 -48 56 -15 -49 52 -26 -54 55 -53 -30 -58 -10 -60 61 -23
right_child=1 3 5 7 8 22 10 44 58 -11 -12 18 28 49 -16 16 -18 -19 -20 -21 -22 27 24 -25 51 43 -28 -29 39 30 36 32 -34 -35 35 -37 37 -39 -40 40 41 -43 -44 -45 -46 -47 47 50 -50 -51 -52 54 53 -55 -56 -57 57 -59 59 -61 -62 -63
leaf_value=-0.0016114670437076867 0.0012321810208176525 0.0027245357232125664 -0.0015069239807981001 0.0013602875855172867 0.0033923384321656522 -0.0025978742476829024 -0.0023311323259696272 0.011235606379748291 0.006375463985760603 -0.0035055056622522135 0.00489636291546427 0.005338955644280015 -0.0018362720482241321 -0.0010886159532463957 -0.0013030599654597949 0.0002840409405512629 0.0032877592739342224 0.0061748467722553303 0.0012744832139091938 0.00041927180552776063 0.0050756976907219151 -0.0010739395802239274 -0.00063172088522898354 0.0055252191562745233 1.5224213508303482e-05 0.0019886099685211206 0.0049339624870624928 0.00096532201634220386 -0.0013894587382143296 0.0030406232675897205 -0.0027891456088493809 -0.0022708926761503636 0.012325440774022044 0.010743590961814584 0.0019867587274670293 -0.0018338030705824871 0.0016345980729822022 -0.0028315978849938195 0.023398886030587377 -0.0017902360221415685 -0.0023928497237165249 -0.0038810360268777006 0.018680978802455794 -0.0015956730789373217 0.007291231664814996 0.006300659671181018 0.0049037018007026213 0.0076070272137981317 -0.0022821959484253772 0.0068884674608522371 0.0057892270528397414 -0.0076418789126592975 0.018428919927246788 0.0017734818132608865 0.0019399431512294374 0.0088667978234869532 0.00025818759331591804 -0.00080545542434557458 0.0028101755652100739 0.007082303400451591 0.00014411560193343807 0.00094090800993395975
leaf_weight=434194 22187 22763 24758 5455 20597 1061 4840 901 5450 1827 2054 6851 114288 3318 21142 16015 7085 5159 4021 4808 10748 63804 11443 3833 13070 26884 22509 22814 24488 3191 17024 4363 404 1980 115 731 10216 9318 341 49840 1182 1040 783 2427 13730 1441 29391 9788 8863 483 41890 154 448 827 10087 1501 52689 47134 8345 2201 57654 13377
leaf_count=434194 22187 22763 24758 5455 20597 1061 4840 901 5450 1827 2054 6851 114288 3318 21142 16015 7085 5159 4021 4808 10748 63804 11443 3833 13070 26884 22509 22814 24488 3191 17024 4363 404 1980 115 731 10216 9318 341 49840 1182 1040 783 2427 13730 1441 29391 9788 8863 483 41890 154 448 827 10087 1501 52689 47134 8345 2201 57654 13377
internal_value=8.95514e-08 0.00340443 -0.00109628 0.00492565 0.00167834 -4.4785e-05 0.000717426 0.00558669 0.00293249 0.00179559 -1.80239e-05 0.00208872 -0.00139851 0.00317638 -0.000223794 0.000592701 0.00120554 0.00346061 0.0038362 0.00309503 0.00347879 -0.000344843 0.00124523 0.00376313 0.00091675 0.00239363 0.00433834 -0.000162312 -0.00113279 -0.00144535 -0.000669082 0.00262162 -0.00103258 0.00599124 -0.00175787 0.00578666 -0.00156377 -0.00049559 0.0180115 -0.000860611 -0.00154161 0.00258022 0.00600249 0.00169165 0.0059702 0.00239344 0.00574886 0.0056878 -0.000590342 -7.34835e-05 0.00613364 0.00159617 0.000692489 0.00763065 0.00269975 0.00732725 -0.000469676 -0.000243989 0.00461344 0.00370232 -0.000353144 -0.000724661
internal_weight=1.33132e+06 324310 1.00702e+06 172384 151926 224831 86022 125105 65904 34886 51136 33059 782184 47279 49082 27940 23100 43478 10872 38319 33511 182407 42424 4894 37530 49908 29405 157649 347990 161971 46496 9938 4767 5171 115475 1187 36558 19534 456 186019 52845 3005 1965 29311 95700 6896 81970 81069 133174 3801 51678 26087 14345 1275 11742 1655 124311 99823 15996 10546 134835 77181
internal_count=1331325 324310 1007015 172384 151926 224831 86022 125105 65904 34886 51136 33059 782184 47279 49082 27940 23100 43478 10872 38319 33511 182407 42424 4894 37530 49908 29405 157649 347990 161971 46496 9938 4767 5171 115475 1187 36558 19534 456 186019 52845 3005 1965 29311 95700 6896 81970 81069 133174 3801 51678 26087 14345 1275 11742 1655 124311 99823 15996 10546 134835 77181
is_linear=0
shrinkage=0.05


Tree=35
num_leaves=63
num_cat=0
split_feature=22 12 16 13 13 12 22 12 12 16 3 10 1 11 11 9 10 21 11 10 1 1 11 11 11 1 11 9 16 9 10 10 1 10 6 1 10 1 10 10 8 3 3 19 8 18 11 8 11 11 14 20 23 11 8 10 20 3 22 14 14 9
split_gain=1799.83 228.368 166.009 74.9442 58.5415 46.7166 41.5499 36.8429 30.8936 27.1165 23.0651 24.2013 54.7155 36.381 38.0881 26.1465 21.5444 19.3018 19.0463 18.5424 52.5615 26.248 36.2859 32.6668 18.1793 25.9645 35.6367 17.5877 17.5604 17.4457 19.6301 16.9659 16.704 29.6581 16.5995 19.795 15.8286 27.3259 15.0317 14.6641 22.6497 31.6927 18.2102 14.2866 14.1343 33.2418 71.8793 14.137 19.5936 15.0186 14.1078 14.0721 17.7852 13.3147 20.0736 13.2867 12.9655 12.3765 12.663 12.1908 15.3328 13.6307
threshold=3.0166666507720952 140.50000000000003 1.0000000180025095e-35 20.316013336181644 36.649675369262702 941.50000000000011 0.083333335816860213 63.500000000000007 612.00000000000011 9.5000000000000018 5.5000000000000009 -0.25000000000000006 2024.5000000000002 0.68301269412040722 0.25000000000000011 -0.56174489110708226 0.68301269412040722 8.0357141494750994 -0.68301269412040699 -0.25000000000000006 2024.5000000000002 2024.5000000000002 -0.68301269412040699 -0.68301269412040699 1.0000000180025095e-35 2024.5000000000002 0.68301269412040722 -0.56174489110708226 24.500000000000004 1.0000000180025095e-35 0.68301269412040722 -0.25000000000000006 2024.5000000000002 0.68301269412040722 1.0000000180025095e-35 2024.5000000000002 -0.25000000000000006 2024.5000000000002 -0.68301269412040699 -0.68301269412040699 1.0000000180025095e-35 2.5000000000000004 5.5000000000000009 3.5000000000000004 -0.87837970256805409 1.5000000000000002 0.25000000000000011 0.87837970256805431 -0.93301269412040699 -0.68301269412040699 1.5029411911964419 1.0714285969734194 2.9880689382553105 0.25000000000000011 0.87837970256805431 0.25000000000000011 2.2142857313156132 3.5000000000000004 7.7500000000000009 16.83558559417725 23.954999923706058 -0.56174489110708226
decision_type=2 2 2 2 2 2 2 2 2 2 2 2 2 2 2 2 2 2 2 2 2 2 2 2 2 2 2 2 2 2 2 2 2 2 2 2 2 2 2 2 2 2 2 2 2 2 2 2 2 2 2 2 2 2 2 2 2 2 2 2 2 2
left_child=1 3 8 7 9 6 59 -1 19 51 11 13 16 14 -8 -15 -13 -11 -14 20 38 23 27 -21 34 26 -26 -23 -6 -25 -31 -28 33 -9 35 -10 37 -19 53 40 42 -42 -22 -39 45 -34 -47 48 -46 -49 -12 -4 56 54 -2 -37 -53 58 -54 -3 61 -61
right_child=2 5 4 -5 28 -7 10 32 24 17 50 12 18 15 -16 -17 -18 36 -20 21 39 22 -24 29 25 -27 31 -29 -30 30 -32 -33 44 -35 -36 55 -38 43 -40 -41 41 -43 -44 -45 47 46 -48 49 -50 -51 -52 52 57 -55 -56 -57 -58 -59 -60 60 -62 -63
leaf_value=-0.0014196002156970705 0.0036655259865277638 -0.0017072556955893626 0.001508091547642233 0.0093128213626320691 0.0071300998934529626 0.0064545761459232605 0.0018984002503338736 -0.00061363749356968024 0.0073693837923740034 0.0012508223310922131 0.001335841872886379 -0.000100021411212363 -2.1308795743613231e-05 0.0098289954194654573 -0.0021645991784905593 0.0028708174977368837 -0.0022665906557312689 0.0062678487596641193 0.0023961996246141858 0.0038648013165505572 -0.0042405123557581704 0.0039008628478161204 0.0042215029307106416 -0.002720808243318142 -0.001283796409449611 0.0060413295973656576 0.01023843058231304 -0.0022692178962061623 0.0052950447255079866 0.0028849143727756417 -0.0022680256198587836 0.0028232084249977924 -0.0024579972844242883 -0.0024347473324291885 -0.002045317288603514 0.0021136404519597396 0.0028191168026920482 -0.0022327604264730104 0.0071317681761671955 -0.0031071584703797218 0.0038736587306076307 0.028094777052548443 0.0070327321561027755 0.0037857229772967241 0.0029645241441703055 -0.0031450872155642908 0.03137707857495442 -0.0037590236900450235 0.0001639315703294654 2.2360396082832222e-05 0.0039233151667614841 0.0056385808347351393 0.0021202968770871805 0.00018761696296460496 0.014104624760137158 0.0069768649793522089 0.010668117828546764 0.0058222008422469289 0.0048818528434901457 0.0066830175308508245 -0.0031397161122707581 0.00057425579849147473
leaf_weight=682596 4055 21994 2960 1685 16413 3482 28402 105546 5394 11485 12219 32198 11821 2074 7237 3877 17832 10366 26187 3546 1483 1534 9046 10324 7065 3436 895 4670 63802 3924 3493 5619 10130 28370 875 5422 25124 1601 4063 3567 869 160 472 2564 7194 423 234 4250 47394 6864 9272 3012 7021 2300 520 1898 2240 12542 10186 1305 1745 3048
leaf_count=682596 4055 21994 2960 1685 16413 3482 28402 105546 5394 11485 12219 32198 11821 2074 7237 3877 17832 10366 26187 3546 1483 1534 9046 10324 7065 3436 895 4670 63802 3924 3493 5619 10130 28370 875 5422 25124 1601 4063 3567 869 160 472 2564 7194 423 234 4250 47394 6864 9272 3012 7021 2300 520 1898 2240 12542 10186 1305 1745 3048
internal_value=8.90741e-08 -0.000892452 0.00378676 -0.0012214 0.00469059 0.000718463 0.000606982 -0.00124129 0.00197844 0.00380827 0.00093525 0.000683679 0.000214044 0.00167768 0.00107321 0.0052968 -0.000872346 0.00305648 0.00164419 0.00125928 0.00259822 0.000618229 0.00220162 -0.000515884 0.00324781 0.00215819 0.0011752 -0.000742761 0.00567059 -0.00139178 0.00045749 0.00384294 -0.000662781 -0.000999477 0.00461175 0.0050703 0.00357931 0.00489331 0.00471961 -0.000943036 0.00164224 0.00764704 -0.00151601 0.00147106 -7.32306e-05 -0.00175071 0.00914577 0.000202105 0.00053311 -0.00142321 0.00245242 0.00482091 0.00510093 0.00329325 0.00485342 0.00337539 0.00778481 0.00462691 0.00375536 -0.00115873 0.000818825 0.00240688
internal_weight=1.33132e+06 1.07738e+06 253946 894686 169316 182693 179211 893001 84630 89101 151119 129628 88038 41590 35639 5951 50030 51140 38008 54026 17489 36537 15250 21287 30604 17015 13579 6204 80215 17741 7417 6514 210405 133916 13589 12714 39655 14531 10938 6551 2984 1029 1955 4165 76489 10787 657 65702 54588 11114 21491 37961 35001 6875 4575 7320 5252 29749 17207 28092 6098 4353
internal_count=1331325 1077379 253946 894686 169316 182693 179211 893001 84630 89101 151119 129628 88038 41590 35639 5951 50030 51140 38008 54026 17489 36537 15250 21287 30604 17015 13579 6204 80215 17741 7417 6514 210405 133916 13589 12714 39655 14531 10938 6551 2984 1029 1955 4165 76489 10787 657 65702 54588 11114 21491 37961 35001 6875 4575 7320 5252 29749 17207 28092 6098 4353
is_linear=0
shrinkage=0.05


Tree=36
num_leaves=63
num_cat=0
split_feature=12 15 12 13 18 15 17 12 16 12 15 17 6 0 11 8 11 11 8 16 19 9 8 8 12 18 13 11 8 0 8 11 15 8 11 9 8 11 11 9 6 8 0 17 11 11 8 12 23 20 18 11 11 19 25 12 22 0 17 19 11 11
split_gain=1627.96 199.499 194.787 66.1245 48.5691 48.109 35.1057 25.0061 20.1452 19.1789 22.7412 19.0382 14.7387 14.2769 15.4288 18.2656 16.0051 18.1925 21.3237 19.0533 13.9847 42.9688 13.6067 13.4169 13.23 13.0273 13.0409 12.7905 13.7017 12.6724 12.3708 13.4805 11.4856 13.9018 20.6726 18.2812 13.915 11.2895 11.2419 15.0736 10.1939 10.1601 10.1173 9.77689 16.0531 51.0379 10.0248 9.76454 12.8464 10.5517 9.65394 9.51987 11.6507 9.42876 9.42707 13.0181 11.2319 9.73657 9.32052 9.09966 8.67669 32.5345
threshold=349.50000000000006 1.0000000180025095e-35 117.50000000000001 20.316013336181644 1.0000000180025095e-35 1.0000000180025095e-35 1.0000000180025095e-35 34.500000000000007 1.0000000180025095e-35 941.50000000000011 77.500000000000014 1.5000000000000002 1.0000000180025095e-35 1845.5000000000002 -0.25000000000000006 -1.0000000180025095e-35 -0.68301269412040699 -0.93301269412040699 -0.87837970256805409 1.0000000180025095e-35 1.5000000000000002 -0.56174489110708226 1.0000000180025095e-35 1.0000000180025095e-35 441.50000000000006 1.0000000180025095e-35 18.34952545166016 1.0000000180025095e-35 0.6078576147556306 1280.5000000000002 -0.87837970256805409 1.0000000180025095e-35 1.0000000180025095e-35 -0.87837970256805409 -0.93301269412040699 1.0000000180025095e-35 -1.0000000180025095e-35 1.0000000180025095e-35 1.0000000180025095e-35 0.81174489855766307 1.0000000180025095e-35 -0.87837970256805409 258.50000000000006 1.0000000180025095e-35 0.25000000000000011 -0.25000000000000006 -1.0000000180025095e-35 1175.0000000000002 32.646373748779304 0.21428572386503222 6.5000000000000009 1.0000000180025095e-35 -0.25000000000000006 38.500000000000007 153.84255981445315 1326.0000000000002 2304.5000000000005 25.000000000000004 7.5000000000000009 15.500000000000002 0.68301269412040722 0.93301269412040722
decision_type=2 2 2 2 2 2 2 2 2 2 2 2 2 2 2 2 2 2 2 2 2 2 2 2 2 2 2 2 2 2 2 2 2 2 2 2 2 2 2 2 2 2 2 2 2 2 2 2 2 2 2 2 2 2 2 2 2 2 2 2 2 2
left_child=2 6 3 7 9 8 12 -1 25 10 27 50 24 14 16 30 17 18 -7 -19 -17 -22 41 42 -2 26 38 -3 -29 54 -16 -32 43 -34 35 -35 -36 -25 40 -40 -4 -8 -10 -9 45 -45 -46 48 49 -26 -6 52 -24 -53 57 -56 -57 -13 -59 -14 -27 -62
right_child=1 4 5 -5 11 13 22 32 23 -11 -12 29 59 -15 15 20 -18 19 -20 -21 21 -23 51 37 47 60 -28 28 -30 -31 31 -33 33 34 36 -37 -38 -39 39 -41 -42 -43 -44 44 46 -47 -48 -49 -50 -51 -52 53 -54 -55 55 56 -58 58 -60 -61 61 -63
leaf_value=-0.0014516694062373181 -6.8858731405956657e-05 0.0041083977888021934 0.00021108070296676319 0.0088866651833083132 0.0051786886875949756 -0.0024145468313131213 0.001505979905141099 -0.0010685812734567064 0.004430300060351158 0.0052943430644400834 -0.00047351216439327763 0.010373172607229475 -0.0019047938387068604 0.004529567309390946 -7.5136419016207928e-05 -0.00097919799898068074 0.0038043710102770995 -0.0015254984496007556 0.0051223236800299592 0.0030505474210048627 0.019403688688162803 -0.0021173629829175254 0.0022802364351279642 0.0011550928101971972 0.00018609085208463308 0.00024857522545869616 0.0092652752437136898 0.0030501052428388632 -0.00020007210336121748 0.0068656476584778442 -0.0022614612690287261 0.0043042575916453028 -0.0025228819750699872 -1.8501061096604709e-05 0.0017561213012479903 0.0078114527611508437 -0.00089852236878576811 -0.0015970777094100189 -0.0013567529507981949 0.0010244036496293986 -0.0033423580883461704 0.0040220769033273776 0.0014140407246413821 -0.00059279126995292369 0.00027342162510723549 0.0062246869225582426 -0.0028846701237789756 0.0082774925802999236 -0.00025676465541219856 0.0030276342229598103 0.0033521291715985684 7.6949654662172344e-05 0.0089934328023871021 0.0065841390706462529 0.0068177726873972491 0.0042478432953384918 0.0092456023776610833 0.0059595324715830851 0.0042926057022257156 0.0094966807327688842 0.0063812423257231833 -0.0011760036997334232
leaf_weight=493414 16268 17754 42017 1621 11348 1181 5133 301936 3293 8906 4870 763 6037 4216 3901 13416 10996 6636 4554 3461 347 698 7844 8385 4347 20151 339 11996 4440 13339 898 5990 4520 1329 7312 1694 15193 6706 48077 7710 2120 18493 17935 12117 4267 3549 6103 563 6646 13197 20049 8446 705 596 16805 11973 1243 10899 36700 180 2743 2960
leaf_count=493414 16268 17754 42017 1621 11348 1181 5133 301936 3293 8906 4870 763 6037 4216 3901 13416 10996 6636 4554 3461 347 698 7844 8385 4347 20151 339 11996 4440 13339 898 5990 4520 1329 7312 1694 15193 6706 48077 7710 2120 18493 17935 12117 4267 3549 6103 563 6646 13197 20049 8446 705 596 16805 11973 1243 10899 36700 180 2743 2960
internal_value=8.95349e-08 0.00355314 -0.000860302 -0.00120162 0.00454993 0.000470841 0.00162516 -0.00122084 3.42743e-05 0.00319992 0.00272224 0.00507583 0.000694572 0.00173046 0.00150375 0.000616381 0.00233874 0.00132046 0.00356938 4.25755e-05 -0.000544919 0.00502525 0.00269156 0.00107191 0.00103847 -0.000264503 -0.000522583 0.00317758 0.00217181 0.00543976 0.00217338 0.00344753 -0.000902696 3.27711e-05 0.00048548 0.00436763 -3.57877e-05 -6.75626e-05 -0.000555848 -0.00102758 4.02805e-05 0.00347565 0.00188219 -0.000988416 -5.85567e-05 0.000951362 -0.00158472 0.00176643 0.00161465 0.00232386 0.00401249 0.00163818 0.00283453 0.00050649 0.00519704 0.00589374 0.00471834 0.00476444 0.00467441 -0.00157374 0.000736145 0.00245801
internal_weight=1.33132e+06 259540 1.07178e+06 853055 171085 218730 88455 851434 162436 47966 39060 123119 47238 56294 52078 25250 26828 15832 5735 10097 14461 1045 41217 36319 41021 126117 100263 34190 16436 91722 10789 6888 358020 30048 25528 3023 22505 15091 99924 55787 44137 23626 21228 327972 26036 15666 10370 24753 24190 17544 31397 17591 8549 9042 78383 30021 13216 48362 47599 6217 25854 5703
internal_count=1331325 259540 1071785 853055 171085 218730 88455 851434 162436 47966 39060 123119 47238 56294 52078 25250 26828 15832 5735 10097 14461 1045 41217 36319 41021 126117 100263 34190 16436 91722 10789 6888 358020 30048 25528 3023 22505 15091 99924 55787 44137 23626 21228 327972 26036 15666 10370 24753 24190 17544 31397 17591 8549 9042 78383 30021 13216 48362 47599 6217 25854 5703
is_linear=0
shrinkage=0.05


Tree=37
num_leaves=63
num_cat=0
split_feature=12 15 12 18 13 17 15 2 1 22 20 12 1 2 17 10 8 3 0 1 6 6 1 12 15 0 2 0 8 18 6 17 3 1 22 15 12 1 2 11 9 11 9 22 17 17 18 2 13 22 11 19 9 11 11 8 10 6 8 6 3 1
split_gain=1472.29 258.862 94.2404 56.8024 56.2762 54.8956 30.3555 22.622 65.3211 20.6384 19.0718 17.3408 17.3027 17.02 15.5686 33.6848 88.2551 20.7584 15.3835 15.2952 18.0824 15.0299 18.6559 14.7062 17.0275 14.6473 13.6811 13.1915 12.9188 12.8886 12.6849 12.5676 12.3847 41.2258 15.6627 12.2977 11.6524 17.4269 18.6678 15.2021 24.1693 14.6123 33.8048 20.2104 20.0533 13.0472 12.8504 30.2125 10.9905 10.9882 10.5353 31.8001 49.7494 19.6877 17.1869 11.1336 10.9231 10.4911 10.1148 17.7773 9.98229 23.0247
threshold=249.50000000000003 1.5000000000000002 74.500000000000014 1.0000000180025095e-35 20.316013336181644 1.0000000180025095e-35 1.0000000180025095e-35 3.5000000000000004 2024.5000000000002 14.38333320617676 0.5000000149011613 567.50000000000011 2023.5000000000002 1.5000000000000002 1.0000000180025095e-35 -0.93301269412040699 0.87837970256805431 2.5000000000000004 1705.5000000000002 2024.5000000000002 1.0000000180025095e-35 1.0000000180025095e-35 2024.5000000000002 941.50000000000011 28.500000000000004 2004.5000000000002 4.5000000000000009 1299.5000000000002 1.0000000180025095e-35 1.0000000180025095e-35 1.0000000180025095e-35 1.0000000180025095e-35 5.5000000000000009 2023.5000000000002 0.083333335816860213 17.500000000000004 6.5000000000000009 2024.5000000000002 7.5000000000000009 -0.25000000000000006 1.0000000180025095e-35 -0.93301269412040699 -0.56174489110708226 0.11666667088866235 1.0000000180025095e-35 1.0000000180025095e-35 1.0000000180025095e-35 1.5000000000000002 20.316013336181644 9.6833333969116229 -0.25000000000000006 1.0000000180025095e-35 -0.56174489110708226 -0.68301269412040699 -0.93301269412040699 0.6078576147556306 -0.25000000000000006 1.0000000180025095e-35 -0.87837970256805409 1.0000000180025095e-35 1.0000000180025095e-35 2024.5000000000002
decision_type=2 2 2 2 2 2 2 2 2 2 2 2 2 2 2 2 2 2 2 2 2 2 2 2 2 2 2 2 2 2 2 2 2 2 2 2 2 2 2 2 2 2 2 2 2 2 2 2 2 2 2 2 2 2 2 2 2 2 2 2 2 2
left_child=2 3 4 7 36 21 14 8 -2 18 13 12 -9 -5 30 16 -16 -17 -7 20 -14 23 -23 24 49 32 -21 35 -10 -26 48 57 50 34 -34 -11 -1 38 46 40 -40 42 44 -44 -39 -41 -38 -48 -4 -3 53 56 -53 54 -8 -55 -52 -12 -19 -60 61 -32
right_child=1 5 6 10 -6 9 25 11 28 27 31 -13 19 -15 15 17 -18 58 -20 26 -22 22 -24 -25 29 -27 -28 -29 -30 -31 60 -33 33 -35 -36 -37 37 41 39 45 -42 -43 43 -45 -46 -47 47 -49 -50 -51 51 52 -54 55 -56 -57 -58 -59 59 -61 -62 -63
leaf_value=-0.0016554265251662844 -0.0023155027061197843 0.0028571892475537453 -0.00045744052806722703 0.010431403652287587 0.0086551680576975043 0.0034236685649859117 0.0023260451511850338 -0.0011468629985557572 0.0045265400727874097 0.0062055994166244311 0.0022978019675451811 0.0028364270316988942 0.0022828077111972348 -0.00016923013243218542 -0.00085069904220353961 -0.0013190579772990702 0.021285579660473369 -0.00091375108848182882 0.0080375289171893075 0.0032038287408245728 -0.0036316104636219477 -0.0036150158256513265 0.003446878439865169 0.005288382709500411 -0.00035493612767385232 0.0045122493813488295 -0.00099898028334668705 0.0067648929366627732 0.00072769257347095632 0.0028957223419789901 -0.002430510061939986 0.0034701464108739706 -0.00027752856238918327 0.001629121951652287 0.021145811599871826 0.0046587044262662025 -0.0018198471534164257 0.0038335808770137364 0.0011368464194383141 -0.001333170713138496 -0.0017783720167709517 -0.00097721658188031232 0.00040633169056742335 -0.002685696516427913 -0.004267056583145675 0.00096403890284339549 0.0081049671495414168 -0.0015754253752012959 0.0076199318563181257 0.0051892405666094307 0.00062081381042905189 0.019560239615584354 -0.0024746948462053414 0.0018243083093783666 -0.0015930626933596506 0.0057120752363399706 -0.0019130851846140134 -0.0013945915974804539 0.0012754945342542934 0.0071889684808593302 -0.0022896635284806966 0.0068477202343764573
leaf_weight=147832 18419 20454 171640 397 1434 29135 4580 9971 5112 16131 21191 11926 22599 8135 1284 13590 693 4397 1928 2387 1370 1929 1815 6598 6427 2790 10251 11788 3987 5798 1865 34067 108 5327 398 63662 168474 7202 18330 138992 11615 205282 13452 8702 854 6466 1099 3021 422 6719 7105 495 530 5585 7187 2752 10587 2114 14452 1394 16037 1042
leaf_count=147832 18419 20454 171640 397 1434 29135 4580 9971 5112 16131 21191 11926 22599 8135 1284 13590 693 4397 1928 2387 1370 1929 1815 6598 6427 2790 10251 11788 3987 5798 1865 34067 108 5327 398 63662 168474 7202 18330 138992 11615 205282 13452 8702 854 6466 1099 3021 422 6719 7105 495 530 5585 7187 2752 10587 2114 14452 1394 16037 1042
internal_value=8.90975e-08 0.00293006 -0.000943506 0.00142529 -0.00123943 0.00425622 -0.000152863 0.000578979 -0.000603165 0.00482451 0.00252986 0.0011351 0.000699373 0.000323555 -0.00039346 0.000563176 0.00690691 0.000192318 0.00371022 0.00120239 0.00194453 0.00285489 -0.000190245 0.00310287 0.00273672 0.000997253 -0.000204761 0.0052024 0.00286254 0.00118637 -0.000572838 0.00285788 0.000777514 0.00292583 0.0165642 0.0049715 -0.00125884 -0.00115835 -0.00138315 -0.00101982 5.92884e-06 -0.000826121 0.000200435 -0.000807985 0.00297419 -0.00123102 -0.00175237 0.00100572 -0.000437596 0.00343403 0.000454586 -0.000398867 0.00816256 0.00124941 -6.72197e-05 0.00310829 -0.000895206 0.00196265 0.00120722 0.00179607 -0.00180091 0.000893628
internal_weight=1.33132e+06 324310 1.00702e+06 151926 732755 172384 274260 86022 27518 122644 65904 58504 46578 8532 226816 35810 1977 33833 31063 36607 23969 49740 3744 45996 39398 47444 12638 91581 9099 12225 191006 57372 44654 5833 506 79793 731321 583489 347997 175403 29945 235492 30210 22154 8056 145458 172594 4120 172062 27173 38821 18717 1025 20104 11767 8337 17692 23305 20243 15846 18944 2907
internal_count=1331325 324310 1007015 151926 732755 172384 274260 86022 27518 122644 65904 58504 46578 8532 226816 35810 1977 33833 31063 36607 23969 49740 3744 45996 39398 47444 12638 91581 9099 12225 191006 57372 44654 5833 506 79793 731321 583489 347997 175403 29945 235492 30210 22154 8056 145458 172594 4120 172062 27173 38821 18717 1025 20104 11767 8337 17692 23305 20243 15846 18944 2907
is_linear=0
shrinkage=0.05


Tree=38
num_leaves=63
num_cat=0
split_feature=22 14 13 22 25 17 10 1 21 12 1 2 8 2 9 8 2 11 2 13 12 2 17 2 1 12 1 2 12 6 3 19 1 14 25 21 6 2 1 1 2 1 6 2 2 2 1 12 11 2 2 12 9 17 3 25 9 12 1 2 2 3
split_gain=1333.66 196.492 89.475 75.6845 65.0845 42.9337 40.6913 44.3935 46.4543 32.4428 28.7043 73.382 48.8097 39.0422 40.2812 31.5245 60.4254 27.6064 27.0811 26.0149 29.131 22.7006 17.8147 21.6971 75.0565 28.1976 26.9507 35.9816 19.4045 18.4534 17.737 17.4624 16.9533 16.8323 16.5146 18.7395 16.4286 16.0661 63.9323 27.2692 22.655 21.6652 19.9798 15.6716 15.4955 14.4441 14.385 25.3932 23.7599 16.7254 16.4362 38.6225 38.9534 13.8473 19.4742 12.69 12.1663 11.5692 10.7317 17.7593 12.2423 12.1936
threshold=1.3500000238418581 12.77888870239258 20.316013336181644 0.15000000596046451 2.6484651565551762 1.0000000180025095e-35 -0.25000000000000006 2024.5000000000002 4.1785714626312265 132.00000000000003 2024.5000000000002 3.5000000000000004 1.0000000180025095e-35 4.5000000000000009 -0.56174489110708226 0.6078576147556306 1.5000000000000002 -0.93301269412040699 5.5000000000000009 21.330213546752933 941.50000000000011 8.5000000000000018 17.500000000000004 3.5000000000000004 2024.5000000000002 1075.5000000000002 2024.5000000000002 5.5000000000000009 1237.5000000000002 1.0000000180025095e-35 5.5000000000000009 1.5000000000000002 2023.5000000000002 7.313784360885621 1.755942225456238 0.60714286565780651 1.0000000180025095e-35 3.5000000000000004 2024.5000000000002 2024.5000000000002 5.5000000000000009 2023.5000000000002 1.0000000180025095e-35 8.5000000000000018 10.500000000000002 10.500000000000002 2024.5000000000002 18.500000000000004 -0.93301269412040699 7.5000000000000009 8.5000000000000018 60.500000000000007 -0.56174489110708226 1.5000000000000002 5.5000000000000009 23.517332077026371 1.0000000180025095e-35 772.50000000000011 2024.5000000000002 3.5000000000000004 6.5000000000000009 3.5000000000000004
decision_type=2 2 2 2 2 2 2 2 2 2 2 2 2 2 2 2 2 2 2 2 2 2 2 2 2 2 2 2 2 2 2 2 2 2 2 2 2 2 2 2 2 2 2 2 2 2 2 2 2 2 2 2 2 2 2 2 2 2 2 2 2 2
left_child=2 4 3 46 -2 37 7 8 43 -5 11 15 36 33 18 -8 -17 -14 -15 -4 -21 -10 -7 24 25 55 29 -28 -29 32 -16 -9 -25 -12 35 -11 -13 38 -3 41 -41 -39 -43 -6 -23 -45 49 -48 53 -1 51 56 -53 -49 -55 -24 -51 -42 59 -36 -60 -61
right_child=1 5 19 9 6 22 10 31 21 34 13 12 17 14 30 16 -18 -19 -20 20 -22 44 23 26 -26 -27 27 28 -30 -31 -32 -33 -34 -35 58 -37 -38 39 -40 40 57 42 -44 45 -46 -47 47 48 -50 50 -52 52 -54 54 -56 -57 -58 -59 60 61 -62 -63
leaf_value=-0.0016773578850782728 0.0058867677901209307 -0.0015010394237531255 0.008553707878726299 -0.00061175321633179897 0.0033883671469521442 0.0056336039920920752 -0.0035425118441931528 -0.0014779359450361709 0.0068472061914966941 0.00043358064184646045 0.0021158500429725516 0.0034634487104636862 0.0036391973442602334 5.6518302138249902e-05 -0.0025994946878455448 0.0059071400755725144 -0.003977129813970747 -0.0017871938598054337 0.0070946880702759708 -0.0013955651742116799 0.0056174438606611506 0.0020863675951611816 0.0019232118878429077 0.0026324915540242421 0.0058673744454571831 0.0024413631593024595 0.0057179044304812039 0.00012602230918588037 0.0042886474289333277 -0.0015881227131929855 0.0021335788982674072 0.0020214907128028111 0.005951996639460843 0.0048114822896211835 -0.0031098538369376399 0.0023918648549211088 -0.0034233656619472291 0.00036532673895330156 0.0066437762233954051 0.0061213432052243466 -0.0018870981414899173 0.0064138211781351265 -0.0014649372408129364 -0.00049769290735699465 0.0057158499250996309 0.0031740424022427688 -0.0013434543236475294 0.0014142198569440767 -0.00062789588616199475 0.00043843064177158337 -0.0012341093598440761 0.017177111185033057 0.00082575555477759047 -0.0016895728994197835 0.024382082199325694 -0.0035827545894902891 -0.0016791293624280866 0.0023672347773937702 0.0017011621724900882 -0.0011897542496720967 -0.0017856330508372155 0.0014556209602634923
leaf_weight=222370 8610 7834 2468 167214 7996 29862 14687 7878 9137 34570 24597 18373 2934 2846 10283 2940 3261 11645 2632 2699 3278 7294 1371 4305 11579 7015 8747 8268 4235 911 2450 6511 36573 7581 6486 18900 908 2270 3479 1797 4036 9617 877 9180 4935 3781 163804 12025 124766 17445 190475 641 845 131 157 4407 11096 2645 10591 10139 3301 7637
leaf_count=222370 8610 7834 2468 167214 7996 29862 14687 7878 9137 34570 24597 18373 2934 2846 10283 2940 3261 11645 2632 2699 3278 7294 1371 4305 11579 7015 8747 8268 4235 911 2450 6511 36573 7581 6486 18900 908 2270 3479 1797 4036 9617 877 9180 4935 3781 163804 12025 124766 17445 190475 641 845 131 157 4407 11096 2645 10591 10139 3301 7637
internal_value=8.71139e-08 0.00281177 -0.000890621 -0.000933794 0.00165064 0.00413274 0.00142526 0.00250476 0.00332044 -0.000197374 0.000842912 5.02262e-05 0.00148807 0.00170407 -0.000145713 -0.00228032 0.000708385 -0.000694781 0.00343911 0.00423431 0.00244981 0.00496113 0.00457874 0.00421831 0.00295082 0.000310618 0.00470825 0.00325786 0.0015364 0.00544566 -0.00168839 0.000105205 0.00560254 0.0027511 0.000558815 0.00112587 0.00313885 0.00252595 0.00100327 0.00333665 0.00113772 0.0047968 0.0057549 0.00164747 0.00355148 0.000573061 -0.00119007 -0.000923244 -0.000421071 -0.00137134 -0.00106271 2.43704e-05 0.00788311 0.00167424 0.0125093 -0.00227543 -0.00038465 -0.000202054 -0.000235742 -0.000870376 0.000872267 -5.29539e-05
internal_weight=1.33132e+06 320287 1.01104e+06 1.00259e+06 170459 149828 161849 56712 42323 258838 105137 54748 33860 50389 18211 20888 6201 14579 5478 8445 5977 21366 117273 87411 24372 12793 63039 21250 12503 41789 12733 14389 40878 32178 91624 53470 19281 32555 11313 21242 8478 12764 10494 20957 12229 12961 743755 300883 137079 442872 220502 30027 1486 12313 288 5778 28541 6681 38154 24262 13892 17776
internal_count=1331325 320287 1011038 1002593 170459 149828 161849 56712 42323 258838 105137 54748 33860 50389 18211 20888 6201 14579 5478 8445 5977 21366 117273 87411 24372 12793 63039 21250 12503 41789 12733 14389 40878 32178 91624 53470 19281 32555 11313 21242 8478 12764 10494 20957 12229 12961 743755 300883 137079 442872 220502 30027 1486 12313 288 5778 28541 6681 38154 24262 13892 17776
is_linear=0
shrinkage=0.05


Tree=39
num_leaves=63
num_cat=0
split_feature=22 12 15 13 16 12 22 16 21 15 2 9 1 2 15 23 20 2 1 3 16 2 1 12 2 1 1 2 12 2 6 1 18 2 14 2 2 6 2 1 3 2 14 14 3 3 12 10 1 10 12 2 3 24 3 3 21 15 6 3 1 2
split_gain=1207.54 151.548 138.192 49.3533 38.9861 33.0405 31.0418 28.1833 25.9307 21.3435 19.7043 20.8273 72.588 43.2773 31.5484 19.1174 18.2736 24.2309 17.246 50.9521 15.6713 15.0376 42.5646 15.0274 13.2327 60.726 23.2517 23.9105 16.3921 13.4236 12.8962 12.6892 21.8568 35.7119 16.578 14.4684 12.165 10.4991 13.2015 14.9678 14.0474 11.7701 10.1384 13.9159 12.13 24.5695 9.83478 12.1139 22.1175 10.6368 9.83159 9.76688 18.0384 9.73082 9.63734 9.60876 9.5851 9.52517 8.84886 9.70374 18.7845 9.35098
threshold=3.0166666507720952 140.50000000000003 1.5000000000000002 20.316013336181644 1.0000000180025095e-35 941.50000000000011 0.050000002607703216 1.0000000180025095e-35 1.0000000180025095e-35 1.5000000000000002 5.5000000000000009 -0.56174489110708226 2024.5000000000002 7.5000000000000009 1.0000000180025095e-35 3.7384730577468877 0.21428572386503222 1.5000000000000002 2023.5000000000002 4.5000000000000009 5.5000000000000009 3.5000000000000004 2024.5000000000002 567.50000000000011 3.5000000000000004 2024.5000000000002 2024.5000000000002 4.5000000000000009 941.50000000000011 8.5000000000000018 1.0000000180025095e-35 2024.5000000000002 1.0000000180025095e-35 1.5000000000000002 0.34866102039814001 4.5000000000000009 7.5000000000000009 1.0000000180025095e-35 4.5000000000000009 2024.5000000000002 3.5000000000000004 11.500000000000002 17.875961303710941 23.954999923706058 3.5000000000000004 2.5000000000000004 612.00000000000011 -0.25000000000000006 2024.5000000000002 -0.68301269412040699 177.50000000000003 1.5000000000000002 2.5000000000000004 19.53244781494141 1.5000000000000002 5.5000000000000009 41.607143402099616 47.500000000000007 1.0000000180025095e-35 5.5000000000000009 2023.5000000000002 11.500000000000002
decision_type=2 2 2 2 2 2 2 2 2 2 2 2 2 2 2 2 2 2 2 2 2 2 2 2 2 2 2 2 2 2 2 2 2 2 2 2 2 2 2 2 2 2 2 2 2 2 2 2 2 2 2 2 2 2 2 2 2 2 2 2 2 2
left_child=1 3 7 8 21 6 42 46 -1 15 31 12 14 -14 -12 16 17 -8 19 -13 53 22 51 -22 25 28 29 -28 57 30 -26 32 54 -34 35 -33 -20 38 -23 41 -41 -40 -3 44 45 -44 47 48 49 -2 -18 52 -4 -9 -10 -36 -31 -6 59 61 -61 -11
right_child=2 5 4 -5 24 -7 9 20 10 58 11 18 13 -15 -16 -17 50 -19 36 -21 23 37 -24 -25 26 -27 27 -29 -30 56 -32 34 33 -35 55 -37 -38 -39 39 40 -42 -43 43 -45 -46 -47 -48 -49 -50 -51 -52 -53 -54 -55 -56 -57 -58 -59 -60 60 -62 -63
leaf_value=-0.0012248013840315689 0.0021916099636872517 -0.0016219255413051628 0.0054536817009175655 0.0075494993345195287 -0.0001155984592344292 0.0054052949709111169 0.0048141302303195601 0.0028058285451249719 -0.00091793313651453612 0.0020926244588667479 -0.0013041396732912575 -0.0025253333796856504 0.0049079946327073862 -0.00039398250001726687 0.0027285325648287264 -0.0008756285421258616 0.00033109911745483596 -0.00039554261163121223 -0.0014099704060987995 0.0081888871122855686 0.00078374220086808121 0.006529404121430109 0.0044285908432785352 0.0028227292354547646 0.006144973974318511 0.0053482140171138602 0.0061519257252210663 0.002699557324168992 0.0020800253832297805 0.0034325917611024528 -0.0010985147606201084 -0.00068299607046653056 0.0088609602911210034 -0.0031571475478093234 0.00031543856277495009 -0.002191475128811877 -0.00041673475394766963 -0.0037280076862037399 0.004905261480335427 0.0032553785469662897 -0.00070883955822911545 0.0016349866380924887 0.0014649975902387639 -0.0030467684948063882 -0.00088727838847007579 0.012645858768096853 0.0019267701901365564 -0.00027365845614634859 -0.0010940041966439001 0.0065927055245330914 0.0017159961658991575 -0.0036795536417721739 -0.0038978219866503357 0.0053488436848736654 -0.0026438510564836806 0.004110754017757917 0.0053099012522623626 -0.005227932922840621 -0.0011401372081645228 0.015310064767862081 0.0033781926038221307 -0.0015244240381974651
leaf_weight=556144 4133 20488 1011 1685 2532 3482 2375 10018 11441 22406 33717 2422 11638 5748 5664 21803 18331 37030 48316 2047 16713 2977 4802 19695 32770 17897 6695 20038 6885 11727 625 69856 1207 1266 7915 20586 85234 527 10120 4760 4209 3786 1803 1745 1785 676 13529 24225 4052 2060 42666 3387 1052 6039 27686 2114 16257 1425 2158 363 3642 1940
leaf_count=556144 4133 20488 1011 1685 2532 3482 2375 10018 11441 22406 33717 2422 11638 5748 5664 21803 18331 37030 48316 2047 16713 2977 4802 19695 32770 17897 6695 20038 6885 11727 625 69856 1207 1266 7915 20586 85234 527 10120 4760 4209 3786 1803 1745 1785 676 13529 24225 4052 2060 42666 3387 1052 6039 27686 2114 16257 1425 2158 363 3642 1940
internal_value=8.62758e-08 -0.00073099 0.00310174 -0.000998963 0.00404542 0.0005813 0.00048754 0.00165998 -0.0010151 0.000761666 -0.000668871 -0.000342244 0.000463877 0.00315482 -0.000724005 0.000466265 0.000757717 -8.14093e-05 -0.000673837 0.00238121 0.00246104 0.00262181 0.000996073 0.00188688 0.00449166 0.00355929 0.0047957 0.00356437 0.0006058 0.00533191 0.00600926 -0.00111665 -0.00185111 0.00270664 -0.000812503 -0.00102641 -0.000776108 0.00325345 0.00339597 0.00298793 0.00139449 0.00401529 -0.00109218 0.000713186 0.00225312 0.00451632 0.000784282 0.000335722 0.00177712 0.00365645 0.00129989 -0.00202743 0.000682623 0.00376259 -0.00213931 0.00111598 0.00452339 -0.00195801 0.00194474 0.00217973 0.00446126 0.00180419
internal_weight=1.33132e+06 1.07738e+06 253946 894686 153482 182693 179211 100464 893001 152714 336857 194786 56767 17386 39381 122205 100402 39405 138019 4469 52465 36631 10252 36408 116851 28739 88112 26733 10842 61379 33395 142071 41600 2473 100471 90442 133550 26379 25852 22875 8969 13906 26497 6009 4264 2479 47999 34470 10245 6193 60997 5450 2063 16057 39127 10029 27984 3957 30509 28351 4005 24346
internal_count=1331325 1077379 253946 894686 153482 182693 179211 100464 893001 152714 336857 194786 56767 17386 39381 122205 100402 39405 138019 4469 52465 36631 10252 36408 116851 28739 88112 26733 10842 61379 33395 142071 41600 2473 100471 90442 133550 26379 25852 22875 8969 13906 26497 6009 4264 2479 47999 34470 10245 6193 60997 5450 2063 16057 39127 10029 27984 3957 30509 28351 4005 24346
is_linear=0
shrinkage=0.05


Tree=40
num_leaves=63
num_cat=0
split_feature=13 22 15 15 21 18 0 23 20 10 8 10 17 8 10 8 20 11 8 10 19 13 0 0 11 0 23 22 10 19 15 8 8 11 20 11 8 11 19 13 23 13 8 11 19 9 8 8 24 18 11 6 19 25 19 15 11 8 0 8 13 0
split_gain=1092.87 176.915 88.6791 32.4277 30.3766 29.5316 21.0077 20.6867 24.819 16.9531 22.3977 34.8163 137.484 37.8314 26.7804 32.8927 33.4887 23.3833 17.4441 16.114 23.064 17.9202 16.0846 16.0189 15.703 15.4299 14.1449 14.1082 14.0978 13.8644 37.4132 27.1114 15.6457 72.7146 69.7481 19.0379 15.5797 13.3646 15.7994 13.2155 13.1665 12.426 12.0364 11.9583 16.5079 28.9365 15.9669 11.9577 11.931 15.066 11.4922 17.3617 11.0485 10.9764 10.5722 10.2717 10.2544 10.1279 9.96039 9.91046 9.85665 12.4758
threshold=4.8451905250549325 0.58333334326744091 1.0000000180025095e-35 1.5000000000000002 1.0000000180025095e-35 1.0000000180025095e-35 1705.5000000000002 2.9880689382553105 1.3571428656578066 0.25000000000000011 0.6078576147556306 -0.93301269412040699 1.0000000180025095e-35 0.87837970256805431 -0.68301269412040699 -0.87837970256805409 0.35714286565780645 -0.25000000000000006 -0.87837970256805409 0.68301269412040722 1.0000000180025095e-35 18.34952545166016 196.50000000000003 356.50000000000006 0.93301269412040722 118.50000000000001 37.809043884277351 2.9500000476837163 -0.25000000000000006 1.0000000180025095e-35 1.0000000180025095e-35 1.0000000180025095e-35 0.6078576147556306 0.68301269412040722 1.0000000180025095e-35 1.0000000180025095e-35 0.6078576147556306 1.0000000180025095e-35 1.0000000180025095e-35 36.649675369262702 19.851232528686527 0.36370673775672918 -1.0000000180025095e-35 -0.25000000000000006 2.5000000000000004 -0.56174489110708226 -1.0000000180025095e-35 -1.0000000180025095e-35 126.25524902343751 11.500000000000002 0.25000000000000011 1.0000000180025095e-35 11.500000000000002 1.2103453278541567 1.0000000180025095e-35 3.5000000000000004 0.68301269412040722 -0.87837970256805409 42.500000000000007 1.0000000180025095e-35 20.316013336181644 276.50000000000006
decision_type=2 2 2 2 2 2 2 2 2 2 2 2 2 2 2 2 2 2 2 2 2 2 2 2 2 2 2 2 2 2 2 2 2 2 2 2 2 2 2 2 2 2 2 2 2 2 2 2 2 2 2 2 2 2 2 2 2 2 2 2 2 2
left_child=1 4 19 7 -1 37 22 8 53 10 14 12 -12 -14 17 24 -17 54 -19 21 50 40 25 60 -16 58 -23 -27 -9 32 -31 -32 41 35 -35 -34 -33 38 -4 -28 -2 56 -30 -24 46 -46 -45 -43 49 -25 51 59 -39 -3 -6 -54 -11 -40 -5 -21 -7 -62
right_child=2 3 5 6 9 23 -8 28 -10 29 11 -13 13 -15 15 16 -18 18 -20 20 -22 26 43 48 -26 27 39 -29 42 30 31 36 33 34 -36 -37 -38 52 57 -41 -42 47 -44 44 45 -47 -48 -49 -50 -51 -52 -53 55 -55 -56 -57 -58 -59 -60 -61 61 -63
leaf_value=-0.0011575973287173903 0.001990171833241313 0.0026087065014350607 0.0045884991180959586 0.0056197586496363047 0.00043971488909493354 0.0016594912854000503 0.0055905716819788353 0.00078081781570370538 0.0032234315018752854 -0.001242902049137348 -0.0016115624662358958 -0.00153319820461928 -0.0034634670714370226 0.019618817218393651 -0.0021174002772043911 0.00047815860692701446 0.0030285302490256176 0.000817466559650436 -0.0025083641819126316 0.0051558620061107263 0.0049966507544671537 0.0047022641341030961 0.0020556571880657524 0.005215756893748715 0.0017972558523833291 0.0038533376486235248 -0.00070099698308665761 0.011087884203796762 7.2624568726149143e-05 -0.00059615292218979747 -0.00053768382742337294 0.023634358503996412 -0.00034153442613544296 0.0091200266543071066 0.00057798639978377526 -0.002829395320473058 0.0046324802715671763 0.001352262109507683 -0.0031369151985587264 0.0031843783704942489 -0.00044417369049775453 0.0014385155054247058 -0.0018939581964707915 0.0016225221538774875 0.016179369229912151 0.00033171286484087444 -0.0016895176022499623 -0.0018036090425176722 0.0053423061389794094 0.0035040395932916316 -0.0015444513663203903 -0.00058312164915807086 -0.00023602884092149465 0.00036943372557497544 -0.0031652411610169117 0.0060858001779313196 -0.002422337256077883 0.0024011799753360214 0.00010466210607021345 0.00066232521618869874 0.0049681347307439705 0.0026022623074871097
leaf_weight=575544 23601 5968 13108 1186 27652 7737 3644 15928 9915 67533 4752 50550 208 1196 13396 51731 17138 4856 20913 2839 2613 9765 18940 19900 3166 1731 3068 1107 13714 3007 303 378 16878 3466 7700 14133 152 19174 986 7618 7260 7168 17969 6371 432 866 8484 4714 30146 36428 7511 7567 863 66062 2195 2498 25367 5052 2649 2166 10670 11693
leaf_count=575544 23601 5968 13108 1186 27652 7737 3644 15928 9915 67533 4752 50550 208 1196 13396 51731 17138 4856 20913 2839 2613 9765 18940 19900 3166 1731 3068 1107 13714 3007 303 378 16878 3466 7700 14133 152 19174 986 7618 7260 7168 17969 6371 432 866 8484 4714 30146 36428 7511 7567 863 66062 2195 2498 25367 5052 2649 2166 10670 11693
internal_value=8.39041e-08 -0.000658467 0.00311635 0.000799399 -0.000934501 0.00378449 0.00194918 0.000396357 0.000877969 -0.000566101 -0.000261558 -0.00110079 0.00244912 0.0161957 7.5807e-05 0.000631729 0.00111289 -0.000778047 -0.00188144 0.00168756 0.000577912 0.00217827 0.00163134 0.00419298 -0.00136876 0.00388182 0.00332629 0.00667732 -0.000432458 -0.000965435 0.00199997 0.0113765 -0.00104296 -0.000229653 0.00323 -0.00147552 0.0181961 0.00264189 0.00361349 0.00206841 0.00141733 -0.00137028 -0.00104257 0.00120326 0.000203467 0.00561082 -0.000268715 0.000151828 0.00453892 0.00410887 2.7188e-06 0.000927461 0.00181617 0.00055504 0.000174423 0.00446111 -0.00156501 0.00149595 0.00181165 0.00321226 0.00319895 0.00373133
internal_weight=1.33132e+06 1.09906e+06 232263 174966 924096 158255 45410 129556 81945 348552 197753 56706 6156 1404 141047 85431 68869 55616 25769 74008 22696 51312 41766 116574 16562 6673 20451 2838 47611 150799 3840 833 146959 42177 11166 31011 530 41681 19146 10686 30861 104782 31683 35093 16153 1298 14855 11882 86474 56328 20083 12572 22535 72030 29847 3361 92900 6038 3835 5005 30100 22363
internal_count=1331325 1099062 232263 174966 924096 158255 45410 129556 81945 348552 197753 56706 6156 1404 141047 85431 68869 55616 25769 74008 22696 51312 41766 116574 16562 6673 20451 2838 47611 150799 3840 833 146959 42177 11166 31011 530 41681 19146 10686 30861 104782 31683 35093 16153 1298 14855 11882 86474 56328 20083 12572 22535 72030 29847 3361 92900 6038 3835 5005 30100 22363
is_linear=0
shrinkage=0.05


end of trees

feature_importances:
liaison_frequence=331
Mois=214
Annee=189
mois_cos=171
lag_14_ventes=150
jour_semaine_sin=127
lag_1_ventes=126
lag_30_ventes=125
lag_7_ventes=124
liaison_cible_encodage_ventes=123
mois_sin=111
JourSemaine=92
rolling_mean_30_ventes=92
interaction_jour_liaison_ventes=87
LiaisonId_code=84
rolling_mean_14_ventes=71
EstRamadan=68
jour_semaine_cos=56
rolling_std_30_ventes=55
rolling_mean_7_ventes=50
rolling_std_7_ventes=38
lag_365_ventes=36
rolling_std_14_ventes=20
EstWeekend=2

parameters:
[boosting: gbdt]
[objective: regression]
[metric: rmse,l2]
[tree_learner: serial]
[device_type: cpu]
[data_sample_strategy: bagging]
[data: ]
[valid: ]
[num_iterations: 1000]
[learning_rate: 0.05]
[num_leaves: 63]
[num_threads: 2]
[seed: 42]
[deterministic: 1]
[force_col_wise: 0]
[force_row_wise: 1]
[histogram_pool_size: -1]
[max_depth: 8]
[min_data_in_leaf: 20]
[min_sum_hessian_in_leaf: 0.001]
[bagging_fraction: 0.8]
[pos_bagging_fraction: 1]
[neg_bagging_fraction: 1]
[bagging_freq: 0]
[bagging_seed: 400]
[bagging_by_query: 0]
[feature_fraction: 0.8]
[feature_fraction_bynode: 1]
[feature_fraction_seed: 30056]
[extra_trees: 0]
[extra_seed: 12879]
[early_stopping_round: 0]
[early_stopping_min_delta: 0]
[first_metric_only: 0]
[max_delta_step: 0]
[lambda_l1: 0.1]
[lambda_l2: 0.1]
[linear_lambda: 0]
[min_gain_to_split: 0]
[drop_rate: 0.1]
[max_drop: 50]
[skip_drop: 0.5]
[xgboost_dart_mode: 0]
[uniform_drop: 0]
[drop_seed: 17869]
[top_rate: 0.2]
[other_rate: 0.1]
[min_data_per_group: 100]
[max_cat_threshold: 32]
[cat_l2: 10]
[cat_smooth: 10]
[max_cat_to_onehot: 4]
[top_k: 20]
[monotone_constraints: ]
[monotone_constraints_method: basic]
[monotone_penalty: 0]
[feature_contri: ]
[forcedsplits_filename: ]
[refit_decay_rate: 0.9]
[cegb_tradeoff: 1]
[cegb_penalty_split: 0]
[cegb_penalty_feature_lazy: ]
[cegb_penalty_feature_coupled: ]
[path_smooth: 0]
[interaction_constraints: ]
[verbosity: 1]
[saved_feature_importance_type: 0]
[use_quantized_grad: 0]
[num_grad_quant_bins: 4]
[quant_train_renew_leaf: 0]
[stochastic_rounding: 1]
[linear_tree: 0]
[max_bin: 255]
[max_bin_by_feature: ]
[min_data_in_bin: 3]
[bin_construct_sample_cnt: 200000]
[data_random_seed: 175]
[is_enable_sparse: 1]
[enable_bundle: 1]
[use_missing: 1]
[zero_as_missing: 0]
[feature_pre_filter: 1]
[pre_partition: 0]
[two_round: 0]
[header: 0]
[label_column: ]
[weight_column: ]
[group_column: ]
[ignore_column: ]
[categorical_feature: ]
[forcedbins_filename: ]
[precise_float_parser: 0]
[parser_config_file: ]
[objective_seed: 16083]
[num_class: 1]
[is_unbalance: 0]
[scale_pos_weight: 1]
[sigmoid: 1]
[boost_from_average: 1]
[reg_sqrt: 0]
[alpha: 0.9]
[fair_c: 1]
[poisson_max_delta_step: 0.7]
[tweedie_variance_power: 1.5]
[lambdarank_truncation_level: 30]
[lambdarank_norm: 1]
[label_gain: ]
[lambdarank_position_bias_regularization: 0]
[eval_at: ]
[multi_error_top_k: 1]
[auc_mu_weights: ]
[num_machines: 1]
[local_listen_port: 12400]
[time_out: 120]
[machine_list_filename: ]
[machines: ]
[gpu_platform_id: -1]
[gpu_device_id: -1]
[gpu_use_dp: 0]
[num_gpu: 1]

end of parameters

pandas_categorical:[]
