tree
version=v4
num_class=1
num_tree_per_iteration=1
label_index=0
max_feature_idx=28
objective=tweedie
feature_names=Heure Annee Mois JourSemaine EstWeekend EstFerie EstRamadan EstVacances jour_semaine_sin jour_semaine_cos mois_sin mois_cos heure_sin heure_cos liaison_frequence liaison_cible_encodage_controles interaction_jour_liaison_controles lag_1_controles lag_7_controles lag_14_controles lag_30_controles lag_365_controles rolling_mean_7_controles rolling_mean_14_controles rolling_mean_30_controles rolling_std_7_controles rolling_std_14_controles rolling_std_30_controles LiaisonId
feature_infos=[0:23] [2024:2025] [1:12] [0:6] [0:1] [0:1] [0:1] none [-0.97492791218182362:0.97492791218182362] [-0.90096886790241903:1] [-1:1] [-1:1] [-1:1] [-1:1] [175:17674] [0:1835.5719626168225] [0:401.97729516288251] [0:6089] [0:8532] [0:3342] [0:9800] [0:4900] [0:3560.28564453125] [0:3146.642822265625] [0:2805.2333984375] [0:2881.14697265625] [0:2459.526123046875] [0:1980.3125] [0:2420]
tree_sizes=6732 6854 6834 6841 6828 6841 6768 6906 6817 6913 6924 6976 6829 6873 6874 6917 6943 6919 7070 6947 7004 6947 6982 7057 7069 7043 6999 7083 7041 7035 7070 7075 7135 7075 7165 7093 7100 7088 7108 7123 7090 7051 7125 7118 7159 7158 7206 7146 7163 7084 7165 7139 7151

Tree=0
num_leaves=63
num_cat=0
split_feature=15 15 15 15 15 15 15 23 15 23 23 23 15 15 23 15 15 15 25 23 16 3 23 23 15 3 23 23 16 16 23 15 3 15 3 14 26 23 14 11 11 23 16 11 14 23 3 23 23 11 16 16 3 25 16 16 16 3 23 15 23 14
split_gain=1.36952e+08 6.15162e+06 5.83054e+06 821860 629036 601251 505041 139885 108997 100351 90353.4 83726.5 69440.6 58919.2 43285 40165.2 40066.8 37136.4 33970.7 31385 29840.1 34345 24305.9 22672.1 22006.7 21035.7 19974.7 19849.6 17706 17161.8 16685.2 16303.6 19660 15248.2 14061.6 13879.3 13763.2 13417.6 13190.5 13012.6 12960.1 12859 12535.3 12092.2 13730.4 12015.2 11935.4 11400.6 10399.3 10209 11739.6 9721.5 9499.33 9119.52 8765.91 8737.71 8656.07 8598.43 8321.87 8233.47 8117.7 8017.82
threshold=12.638775510204082 2.0958623036903785 48.411404712880355 104.18601518604287 5.23177629134151 23.958946697927825 0.45581398489944219 241.89286041259768 8.3721071755108856 75.035713195800795 19.678570747375492 36.678571701049812 1.1040358852540066 3.4478250703967634 24.821429252624515 0.14686069869655186 33.856872136240931 169.25862785763439 176.08364105224612 11.750000000000002 5.4324850417456121 4.5000000000000009 68.464286804199233 100.60714340209962 74.994101756386655 4.5000000000000009 22.392857551574711 14.464285850524904 44.113525873693668 1.211824228160977 157.03571319580081 40.786612327004597 4.5000000000000009 16.052262163765828 2.5000000000000004 17664.500000000004 6.0358362197875985 8.5357141494750994 15973.000000000002 0.6830127018922193 0.6830127018922193 33.250000000000007 1.7925474254742551 0.6830127018922193 17132.000000000004 111.85714340209962 5.5000000000000009 5.3214285373687753 686.46429443359386 0.25000000000000017 4.727522468333432 10.750608801827498 5.5000000000000009 10.58637857437134 10.750608801827498 5.4324850417456121 30.164248600439702 5.5000000000000009 63.107143402099616 0.76929413255607659 10.321428298950197 17132.000000000004
decision_type=2 2 2 2 2 2 2 2 2 2 2 2 2 2 2 2 2 2 2 2 2 2 2 2 2 2 2 2 2 2 2 2 2 2 2 2 2 2 2 2 2 2 2 2 2 2 2 2 2 2 2 2 2 2 2 2 2 2 2 2 2 2
left_child=1 6 5 9 13 10 15 17 19 24 20 16 59 26 40 -1 34 45 47 39 37 33 25 31 35 -12 36 42 54 -27 -11 32 -13 -22 -7 56 -3 -2 -36 51 49 -21 -15 -18 -45 -5 -44 -14 -30 60 -51 -6 -53 -42 -9 -19 -4 -29 -16 -8 -10 -26
right_child=2 4 3 7 8 11 12 28 14 30 22 23 18 27 58 -17 43 55 -20 41 21 -23 -24 -25 61 29 -28 57 48 -31 -32 -33 -34 -35 38 -37 -38 -39 -40 -41 53 -43 46 44 -46 -47 -48 -49 -50 50 -52 52 -54 -55 -56 -57 -58 -59 -60 -61 -62 -63
leaf_value=0.72058311997786462 0.91794189176624696 0.78900545998931038 1.096738372465115 1.1871773558773244 0.86533765260060913 1.0142337702410844 0.74125830360520217 1.122420904579388 0.90295334717213005 1.1682345070424516 0.99667051705015308 1.0649475249204667 0.76737910875164217 0.81498285341503829 0.96916804620361729 0.73082263999376362 1.086483280798789 0.9978968064338235 1.214486733188799 0.8950338280719301 0.93528112166812372 1.0121131351794199 1.0844605012349744 1.142850113695977 1.1242709802684419 0.79099676161858068 0.9166533686530175 0.86798691283193474 1.2471122539903021 1.0450655746395041 1.1987750469891201 1.1158389435883236 1.1124055915013362 0.97585873342307439 0.9384007811630205 1.135417542682136 0.81064147332071368 0.96255531635285385 1.0526437076003341 0.84056473322104897 0.87295770110909388 0.9706140096231729 0.83240207101481467 1.001992353710131 1.0707286921065056 1.2087244005633271 0.87589229768226251 0.79645366822561936 1.263630081537495 0.91034920017414322 0.98680011069844897 0.88894023737948213 1.0002685639435009 0.91503328140926132 1.2296339477503764 1.2272629839754579 1.1277213820690193 0.96114658939405306 1.0626139326619595 0.75187128804687586 0.93056308602193005 1.161880936393197
leaf_weight=15177271.756712675 37253.831247448921 180825.94402468204 57715.927666187286 128499.85411286354 133125.75204515457 48569.631018638611 463106.59692847729 1957.463551402092 75202.214893341064 170420.87767386436 84317.089583396912 65033.662189245224 414881.45796024799 96931.582132101059 23740.968915820122 1022213.6854586601 82233.17837023735 416.4678795337677 429.66984820365906 48386.578693032265 36181.270429372787 49559.854434609413 12318.646892309189 26689.758976459503 18256.224126935005 676.18742394447327 3576.4983695745468 13950.843899846077 274860.09582483768 39180.110539078712 60672.463033676147 50595.601976156235 32855.585300326347 64314.015202045441 2617.7294833660126 102237.93981444836 123844.488940835 30783.165297985077 73186.742459535599 55671.432511568069 32787.554301023483 6368.9311459064484 101992.74939608574 10006.695113897324 26548.06660592556 130500.77325367928 18663.211660265923 36698.667485356331 146087.85797297955 9388.1323981285095 10799.369203925133 8270.0839383602142 2494.29119348526 21211.695620179176 76446.492592930794 198065.38439786434 37031.905570864677 3011.8308318853378 2649.0850397348404 301873.39546787739 41222.138952851295 63576.075874447823
leaf_count=8380999 13254 87539 10263 11283 54333 12625 246201 298 27877 18177 23391 13622 209777 44419 7236 554056 15462 115 26 18318 12248 12987 2341 3521 2746 326 1277 5657 7738 8982 4627 8035 5330 19174 878 14244 57287 9585 16226 24094 13133 1932 44970 2723 5408 8660 7421 17494 1711 3411 3102 3181 683 7608 3482 9489 5443 942 561 157296 14148 7183
internal_value=0.775398 0.730533 1.1446 1.20316 0.850244 1.03346 0.723563 1.23048 0.892503 1.15189 0.985563 1.07406 0.754627 0.813549 0.918534 0.721229 1.05508 1.21051 0.770165 0.870292 0.965595 0.978049 1.01747 1.10042 1.13169 1.01082 0.799179 0.832434 1.24878 1.04076 1.17625 1.09279 1.08088 0.96125 1.03524 1.12264 0.7978 0.938127 1.0487 0.861092 0.910224 0.903825 0.828373 1.07585 1.05191 1.19803 0.839129 0.769742 1.25284 0.918421 0.951248 0.869033 0.914739 0.889486 1.22696 1.22678 1.10885 0.884529 0.97855 0.745446 0.912729 1.15349
internal_weight=2.06703e+07 1.84306e+07 2.23967e+06 1.46675e+06 1.01412e+06 772921 1.74165e+07 956834 471318 509911 354584 418337 1.21699e+06 542797 217001 1.61995e+07 243162 457482 452010 254317 218092 150055 136492 175175 278818 124173 308247 234550 499352 39856.3 231093 148485 97889.2 100495 124374 196986 304670 68037 75804.5 199562 190611 54755.5 217588 118788 36554.8 259001 120656 451580 420948 136612 20187.5 143890 10764.4 53999.2 78404 198482 94747.8 16962.7 26390.1 764980 116424 81832.3
internal_count=10286555 9994978 291577 105459 429129 186118 9565849 42776 179617 62683 102288 83830 630794 249512 77076 8935055 53322 29547 227297 102541 67248 44409 35040 30508 39879 32699 146103 103409 13229 9308 22804 26987 18952 31422 29729 29950 144826 22839 17104 82291 69279 20250 96810 23593 8131 19943 52391 227271 9449 48538 6513 58197 3864 20741 3780 9604 15706 6599 7797 403497 42025 9929
is_linear=0
shrinkage=1


Tree=1
num_leaves=63
num_cat=0
split_feature=15 15 15 15 15 15 15 24 24 24 24 24 15 15 15 15 15 15 15 23 23 23 24 23 3 23 3 26 3 16 15 16 2 23 15 23 3 16 16 3 26 26 10 16 26 3 14 16 14 10 16 15 15 3 16 24 22 23 16 15 16 2
split_gain=1.19318e+08 6.71671e+06 5.70884e+06 874326 821659 539129 465118 189174 135713 107837 88353.1 77678.1 62816.9 56366.2 56285.4 48292 46766.2 39995.8 32729.5 30718.3 29666.8 27687.5 24808.5 23753.5 21100 21001.3 20500.8 19078.3 18639.6 19165 18316.8 18158.4 17272.7 15669 14894.7 14743.2 13887.5 13615.7 13426.3 12872.5 12589.8 20002.4 12444.1 12258.2 12011.7 11902.3 11671.4 11068.6 10974.6 10851.6 10849.4 10828.7 10520.3 10479.2 10156.8 9962.26 9932.19 9844.08 9591.31 9491.6 9324.42 9017.58
threshold=12.638775510204082 60.069952271121892 1.9851422614667651 169.25862785763439 28.998377038857633 5.23177629134151 0.40116914460053282 98.15000152587892 21.216667175292972 44.650001525878913 14.050000190734865 401.66665649414068 1.0049566979915241 3.192079874546168 20.308175013221597 8.3721071755108856 104.18601518604287 40.786612327004597 0.1263441550933361 186.1071472167969 68.464286804199233 104.17857360839845 7.4166667461395273 57.392856597900398 4.5000000000000009 22.392857551574711 4.5000000000000009 230.97685241699222 5.5000000000000009 13.674987227246651 104.18601518604287 30.164248600439702 10.500000000000002 33.250000000000007 40.786612327004597 48.964284896850593 4.5000000000000009 13.674987227246651 4.727522468333432 4.5000000000000009 1.0000000180025095e-35 12.828968048095705 0.68301270189221941 1.1332635983263601 5.1709775924682626 2.5000000000000004 15973.000000000002 4.727522468333432 17656.500000000004 0.93301270189221952 17.581253621257684 20.308175013221597 14.198711026194831 4.5000000000000009 64.295668806870154 27.916666030883793 605.14288330078136 8.2500000000000018 2.6209633965068755 1.4861071420406486 4.727522468333432 11.500000000000002
decision_type=2 2 2 2 2 2 2 2 2 2 2 2 2 2 2 2 2 2 2 2 2 2 2 2 2 2 2 2 2 2 2 2 2 2 2 2 2 2 2 2 2 2 2 2 2 2 2 2 2 2 2 2 2 2 2 2 2 2 2 2 2 2
left_child=2 4 6 7 8 13 18 16 14 17 15 27 -8 25 28 36 23 24 -1 30 26 34 -15 31 32 44 51 -5 52 -30 -9 48 -6 -12 39 59 61 -29 -38 -11 -17 -42 -19 -28 -4 -16 -26 -21 -3 -23 -44 -10 -2 -33 -18 -24 -13 -34 -47 -14 -32 -7
right_child=1 3 5 11 9 10 12 19 20 21 33 56 35 22 45 40 54 42 -20 47 -22 49 55 -25 46 -27 43 37 29 -31 60 53 57 -35 -36 -37 38 -39 -40 -41 41 -43 50 -45 -46 58 -48 -49 -50 -51 -52 -53 -54 -55 -56 -57 -58 -59 -60 -61 -62 -63
leaf_value=-0.054824693343270128 0.12837610962845403 0.27078779144306853 0.0088041581538078253 0.41544158728294778 0.24255704587451735 0.074524718205425652 -0.031393685608810201 0.36722909463190573 0.18953763499713727 0.25881113920001864 0.13535996589211752 0.4599906606386035 -0.01465204945668264 0.042185241449012395 0.18031827401400563 0.14269207241384216 0.3651092593716701 0.27299666294897168 -0.045557004942634725 0.24057525340388286 0.27748216773541945 0.3262931463697723 0.074862054660118554 0.34964359225624619 0.064802585354884285 0.1411070328077898 0.01946793980745086 0.31022675042226361 0.16463234239805163 0.24720276902259566 0.2250055341833056 0.32293042205601596 0.13612853493451749 0.18319287673698684 0.30931552181146776 0.34863524251175215 0.081884090766491946 0.44346428614572081 0.12823079791551606 0.31164017362282326 0.084184357523219386 0.12300656754921996 0.27811690233244257 0.24475393585046978 0.028766700147923138 0.1499667889362829 0.2748838118809247 0.41719037593708058 0.31453568740144033 0.37743127547658184 0.3309146439954278 0.21998509435210614 0.15656617139710594 0.36396275524279764 0.40261449990613518 0.18586955374181943 0.47903582061342453 0.21408049987962646 0.22301528707854776 -0.00043572736906882223 0.39838107670399342 0.03367511465049184
leaf_weight=14301304.305076122 44845.004853129387 21275.221870660782 174641.96025526524 86399.178215265274 91152.332326412201 151175.12199258804 781525.9979763031 84699.41175198555 56693.285802125931 33540.507907390594 77751.365461826324 117668.29176688194 278143.12464225292 230746.14165306091 36768.323206424713 30795.399015903473 78535.050549983978 94221.055202722549 1020657.7527196407 893.76193761825562 23042.473703384399 32415.972066640854 55294.881902456284 122351.36508703232 669.91077828407288 3470.4860830307007 610.65924298763275 1932.7746171951294 22575.030467748642 10205.522023439407 780.90888142585754 45137.190271139145 5836.3494637012482 21958.123541593552 117510.82998013496 288.80832934379578 46655.427829504013 263777.27865719795 23497.859606266022 17580.170391798019 55655.029769897461 82165.305685281754 18085.650495052338 54350.674619913101 132547.45794510841 4915.8262284994125 51218.66579914093 130912.18672013283 44007.059439659119 15268.823543310165 21081.224011182785 60249.942375421524 126394.27377450466 23766.463285207748 23460.236643075943 2097.826996922493 164109.03079891205 13241.805247068405 52481.845937490463 203175.15824067593 125151.88782548904 14836.557474851608
leaf_count=8296801 14132 3589 84591 4851 18142 59014 425669 7862 14508 6208 24960 3076 143882 100767 9619 9761 7258 15910 577668 161 3843 3963 22023 12976 242 1101 276 261 6255 2063 146 5733 1673 5764 16299 39 17944 9813 7931 2459 20632 27153 2983 10853 60531 1437 8765 7265 5857 1321 2622 13494 36352 2319 1565 603 2225 2947 11613 101686 8641 6458
internal_value=-9.06369e-05 0.335458 -0.0444769 0.408962 0.237824 0.0656553 -0.0518032 0.370481 0.191764 0.282201 0.103734 0.451516 -0.0226407 0.0335736 0.170555 0.0933491 0.345096 0.262565 -0.0542073 0.39706 0.224204 0.309026 0.0495023 0.333708 0.245879 0.0187995 0.217063 0.435857 0.155797 0.19034 0.385212 0.319178 0.233502 0.145894 0.299513 -0.0084367 0.0787561 0.442495 0.0974082 0.276979 0.113788 0.107329 0.282845 0.242251 0.0174177 0.202531 0.272172 0.415993 0.300279 0.342669 0.306536 0.205225 0.149184 0.337084 0.373736 0.07892 0.471083 0.190235 0.216759 -0.00865104 0.397306 0.070874
internal_weight=2.00282e+07 2.33981e+06 1.76884e+07 1.33486e+06 1.00496e+06 1.10329e+06 1.65851e+07 700971 493133 511823 504490 633887 1.26313e+06 598799 298186 404781 358533 295507 1.5322e+07 342438 194947 216316 288139 256537 162119 310660 171905 352109 204020 32780.6 210632 134186 110230 99709.5 168632 481607 236165 265710 70153.3 51120.7 168616 137820 133388 54961.3 307189 94166 51888.6 131806 65282.3 47684.8 39166.9 116943 171239 68903.7 101995 57392.7 281777 19078.2 57397.7 481318 125933 166012
internal_count=10286555 291577 9994978 83598 207979 449233 9545745 63372 124445 83534 179617 20226 671276 269616 81471 148893 39297 53284 8874469 24075 42974 30250 123393 30474 31769 146223 39131 14925 58802 8318 16649 17498 22762 30724 24966 245607 91347 10074 25875 8667 57546 47785 21515 11129 145122 22669 9007 7426 9446 5284 5605 28002 50484 8052 8823 22626 5301 4620 13050 245568 8787 65472
is_linear=0
shrinkage=0.05


Tree=2
num_leaves=63
num_cat=0
split_feature=15 15 15 15 15 15 15 24 24 24 24 15 15 15 15 22 24 15 26 6 22 24 14 24 16 18 22 24 16 16 12 16 16 14 6 27 3 3 15 12 3 25 3 6 12 24 16 11 16 15 27 6 12 8 16 3 11 16 3 16 19 16
split_gain=1.02741e+08 7.20226e+06 5.31775e+06 1.00936e+06 825485 473402 431694 185143 145571 109730 106642 79769.6 79165.9 59901.6 46919.9 40255.1 39801.8 34307.1 31541.8 30588.9 29202.1 27583.8 24180.5 24178.1 24074.9 23138.4 22671 22633.5 21533.6 21491.9 20364.9 18059.8 17581.2 17374.7 17211.4 16683.3 16187.4 16137.1 15825 15705.8 15688.8 14420.8 14026 13796.5 13711.9 13624.9 13394.1 12980.4 12943.3 12409.2 12340.3 11965.1 14719.3 11835 11665.5 11484.9 11084.5 10724.7 16915.6 10577.3 10125.1 10247.7
threshold=12.638775510204082 74.994101756386655 1.9851422614667651 28.998377038857633 169.25862785763439 0.40116914460053282 4.8425864206475717 55.849998474121101 401.66665649414068 98.15000152587892 23.316666603088382 8.3721071755108856 40.786612327004597 1.0049566979915241 20.308175013221597 110.92856979370119 4.8500001430511483 0.1263441550933361 230.97685241699222 1.0000000180025095e-35 193.21428680419925 16.383333206176761 17664.500000000004 10.083333492279055 30.164248600439702 74.500000000000014 25.071428298950199 26.483333587646488 30.164248600439702 64.295668806870154 0.78656609248549325 44.113525873693668 10.750608801827498 15973.000000000002 1.0000000180025095e-35 42.337518692016609 4.5000000000000009 3.5000000000000004 2.9599788063613279 0.78656609248549325 4.5000000000000009 176.08364105224612 4.5000000000000009 1.0000000180025095e-35 0.78656609248549325 54.416667938232429 13.674987227246651 0.6830127018922193 5.4324850417456121 104.18601518604287 25.59979343414307 1.0000000180025095e-35 -0.5 -0.8783796973249266 4.727522468333432 3.5000000000000004 0.6830127018922193 2.1510101157191679 5.5000000000000009 1.3061282486055725 97.500000000000014 4.727522468333432
decision_type=2 2 2 2 2 2 2 2 2 2 2 2 2 2 2 2 2 2 2 2 2 2 2 2 2 2 2 2 2 2 2 2 2 2 2 2 2 2 2 2 2 2 2 2 2 2 2 2 2 2 2 2 2 2 2 2 2 2 2 2 2 2
left_child=2 3 5 10 9 17 16 12 18 28 14 23 26 -7 32 24 38 -1 43 -17 48 56 35 57 -9 42 33 55 39 -10 -31 46 47 -5 60 -14 -26 -34 -4 50 -35 -15 45 -6 -30 -12 -20 -2 -11 -50 -3 -28 -53 -24 -41 -18 -13 -8 -59 -44 61 -22
right_child=1 4 6 7 8 13 11 15 29 20 25 21 22 41 -16 19 27 -19 31 -21 34 -23 53 -25 36 -27 51 -29 44 30 -32 -33 37 40 -36 -37 -38 -39 -40 54 -42 -43 59 -45 -46 -47 -48 -49 49 -51 -52 52 -54 -55 -56 -57 -58 58 -60 -61 -62 -63
leaf_value=-0.054783563700893601 0.13653334607227116 0.1910088164060478 0.011341184278703982 0.064685696956150535 0.38888662673220953 -0.030657655833559679 0.053548682348205992 0.25991444976662864 0.42638613782231716 0.19903788979449488 0.17211240558047461 0.10992040140595621 0.20794299073323105 -0.0082795508536484489 0.17640612113157225 0.29860928641129858 0.035389057210441575 -0.04509973719177119 0.2698064812533249 0.36395806427643085 0.15610699682072801 0.14306936724552319 0.30488328020354194 0.097922420570348459 0.28060202233497095 0.2354427121759354 0.22689760368977457 0.19467914318158661 0.32811159086190678 0.4489957744947628 0.47945783491230448 0.42333610456518445 0.13348661706158857 0.1890914890105212 0.4191603212174701 0.24986153801252692 0.32922832153975667 0.17731234851383579 0.030959854474256445 0.15672081839400609 0.22916202474790293 0.35994123626305113 0.015744263744842679 0.33095354475137473 0.41014456391997856 0.22713457888299168 0.3978061998041143 0.10430794162338163 0.33516188457314872 0.36169279120075926 0.28977852641630097 0.37579078858774451 0.23825659852256809 0.26419678038318523 0.33001945556321383 0.063496032640374719 0.08383302293113587 0.06738905822285117 0.11264533360225666 0.21412018394779231 0.39536945424604508 0.36315527730524433
leaf_weight=13613781.568839788 110238.73048329353 3358.4187080860138 221890.05993795395 2350.5089366436005 77526.329345941544 760807.33260154724 100514.96406185627 101888.59742426872 52484.840688467026 1374.6988568305969 93782.332891941071 141914.23796391487 29931.007495880127 477946.58191335201 114451.47119259834 63193.893665313721 81727.664677023888 980477.54042565823 2106.521586894989 24994.019387245178 603.85774111747742 52857.527307987213 21488.779761791229 78990.771019458771 50684.978825330734 32147.775408267975 84071.549954414368 2673.6492109298706 134610.64802956581 129274.17055463791 95406.492621421814 196785.4407043457 41195.487492799759 75513.125820875168 25943.856414318085 114789.44678902626 25851.731636762619 42862.51221370697 191501.38911378384 997.70202875137329 36116.031789779663 265.94342112541199 681.72371888160706 11854.327290058136 5296.5690557956696 12787.007640838623 69880.971369743347 43615.988102436066 65521.037562608719 134855.4564666748 54486.102712631226 3112.8534252643585 5190.8918941020966 106446.94468188286 36908.566120147705 65453.791798710823 57109.347976446152 131601.26547718048 24490.716734409332 47199.128391981125 33326.213699817657 60693.965059041977
leaf_count=8296801 29323 560 104910 716 3934 425669 39181 13464 1668 223 20628 43703 5073 245585 24938 6639 34836 577668 261 1710 116 14107 2313 25979 5988 5423 13982 644 11676 2808 825 6641 11043 14787 963 16318 2341 9535 83337 173 5825 22 280 917 234 2177 3172 12693 5376 8813 5912 231 815 13941 3222 26047 19266 49277 7946 8405 1613 3882
internal_value=-0.000191061 0.300575 -0.0440714 0.218416 0.38902 -0.0516139 0.0597086 0.256098 0.427993 0.344645 0.166285 0.0896951 0.23751 -0.0219415 0.1501 0.289494 0.028432 -0.054133 0.406938 0.317131 0.363604 0.110962 0.255193 0.0737332 0.275834 0.196849 0.214144 0.0505078 0.318712 0.4552 0.461931 0.415495 0.137445 0.199223 0.383075 0.241192 0.297027 0.155834 0.0204294 0.30044 0.202056 -0.00807469 0.188815 0.381204 0.331217 0.178715 0.394061 0.127398 0.351969 0.353018 0.284044 0.232554 0.289819 0.271031 0.325459 0.0478887 0.102435 0.0662871 0.0744898 0.211296 0.37318 0.361116
internal_weight=1.94619e+07 2.47788e+06 1.6984e+07 1.28459e+06 1.1933e+06 1.58333e+07 1.15073e+06 745624 635319 557977 538962 587479 479011 1.23902e+06 352364 266613 563247 1.45943e+07 358154 88187.9 322319 251881 272656 335598 178425 186598 206355 149855 235658 277166 224681 268773 237913 113980 120568 144720 76536.7 84058 413391 95750.8 111629 478213 154450 89380.7 139907 106569 71987.5 153855 201751 200376 57844.5 92375.3 8303.75 127936 37906.3 147181 199024 256607 156092 47880.9 94624 61297.8
internal_count=10286555 291577 9994978 228588 62989 9545745 449233 104143 20226 42763 124445 199459 74001 671276 87532 30142 249774 8874469 14925 8349 20986 77076 37645 122383 21793 36913 36356 61527 21777 5301 3633 10074 62594 21328 6574 21391 8329 20578 188247 9867 20612 245607 31490 4851 11910 22805 3433 42016 14412 14189 6472 15028 1046 16254 3395 60883 62969 96404 57223 8685 5611 3998
is_linear=0
shrinkage=0.05


Tree=3
num_leaves=63
num_cat=0
split_feature=15 15 15 15 23 15 15 24 15 24 15 15 22 15 15 24 24 24 23 23 15 14 23 23 24 24 10 4 22 3 6 0 0 15 6 0 10 18 0 28 20 14 23 0 23 22 8 0 0 3 14 1 23 14 18 18 18 8 19 24 28 14
split_gain=8.76975e+07 6.49087e+06 5.65994e+06 1.13923e+06 653258 534039 371836 201725 143508 126721 118227 103834 49820.9 43178.9 40985.8 39660.3 37081.5 36502.1 35523 35267.6 25622.5 24213.2 23182.9 23123.8 22916.2 21783.5 20562.6 19711.4 19596.1 19593.9 19579.6 22122.2 33427.8 18328.3 17558.8 17543.7 29224.5 17543.1 17037 16162.7 19431.6 14652.8 13807.6 13230.5 13135.5 12881.4 12776 13557.3 12764.1 12707.9 12639.5 12589.3 12396 12171.9 13111.4 11597.3 11425.9 10473.1 10476.3 10189.7 9773.73 9612.06
threshold=14.198711026194831 104.18601518604287 1.6787842515441695 40.786612327004597 262.71427917480474 4.413726011354246 0.33601292407108246 74.366668701171889 23.958946697927825 534.06668090820324 169.25862785763439 8.3721071755108856 25.071428298950199 0.76929413255607659 60.069952271121892 12.216666698455812 5.0166666507720956 18.516666412353519 111.85714340209962 209.21428680419925 0.10354855147842275 17670.500000000004 125.92856979370119 9.8928570747375506 316.93333435058599 26.483333587646488 0.68301270189221941 1.0000000180025095e-35 84.785713195800795 4.5000000000000009 1.0000000180025095e-35 14.500000000000002 16.500000000000004 2.3765408429902299 1.0000000180025095e-35 16.500000000000004 0.93301270189221952 88.500000000000014 13.500000000000002 1306.5000000000002 25.500000000000004 17664.500000000004 60.178571701049812 8.5000000000000018 78.607143402099624 1.0714285969734194 -0.8783796973249266 8.5000000000000018 14.500000000000002 4.5000000000000009 17666.500000000004 2024.5000000000002 1.0000000180025095e-35 17658.500000000004 34.500000000000007 135.50000000000003 205.50000000000003 -0.8783796973249266 1019.5000000000001 33.549999237060554 462.50000000000006 15973.000000000002
decision_type=2 2 2 2 2 2 2 2 2 2 2 2 2 2 2 2 2 2 2 2 2 2 2 2 2 2 2 2 2 2 2 2 2 2 2 2 2 2 2 2 2 2 2 2 2 2 2 2 2 2 2 2 2 2 2 2 2 2 2 2 2 2
left_child=2 3 6 8 10 16 20 14 15 24 18 23 29 -8 26 52 33 53 48 28 -1 -11 34 -7 -6 -18 46 55 57 51 49 -32 -33 -4 -12 38 -37 41 -28 40 -36 42 -16 -23 -19 -43 59 -48 -3 -14 -50 -10 -2 54 -13 -17 -20 -9 -59 -5 -30 -31
right_child=1 4 5 7 9 11 13 19 12 21 22 17 30 -15 37 27 25 44 56 -21 -22 43 -24 -25 -26 -27 35 -29 60 61 31 32 -34 -35 39 36 -38 -39 -40 -41 -42 45 -44 -45 -46 -47 47 -49 50 -51 -52 -53 -54 -55 -56 -57 -58 58 -60 -61 -62 -63
leaf_value=-0.054811468536961096 0.14753424797466788 0.31573033501181086 0.0029061908642311054 0.19920576328674236 0.37551937037790595 0.057650922424761268 -0.034157144290362616 0.29394741594696655 0.1271911611481889 0.4275948697772915 0.34723986827868214 0.083931719163307522 0.18897340780786498 -0.015367458679828847 0.213756648751524 0.14121481028800914 0.040192489230271126 0.12989537317815397 0.32004246870708464 0.3272740515595029 -0.046514144102941538 0.47227911685936058 0.37097877065531981 0.08499860876059917 0.40480802659905257 0.18119722392665361 0.23616258247009272 0.17512659816848009 0.30404736335637139 0.068373745272808831 0.19900158857781364 0.33498655900850582 0.072978258826394499 0.02203318295028819 0.15742509171333191 0.23417489213431103 0.1004848937919257 0.27913440576843829 0.29739419372028525 0.42653789919209473 0.30803185815520789 0.27842379649532034 0.25854537039478565 0.4210709082771093 0.23860528160483924 0.24031495320644811 0.23305825456584039 0.1960269445362875 0.27171043106723419 0.21869062249326399 0.30855274011208739 0.16524254760746371 0.11216923499130449 0.11129155993215296 0.1305422705487661 0.19377069497294019 0.34852388773187648 0.25035277592306587 0.36566233409297982 0.25942494712635022 0.27751784044282907 0.19391747004326149
leaf_weight=12762300.539697051 32691.166598558426 52568.41227388382 226465.37379789352 10890.979589700699 112809.55904245377 305767.88402175903 665601.01264059544 18712.757847309113 26879.314565658569 87055.418271541595 71093.266287565231 192551.29668879509 114956.34263563156 565551.51730024815 65937.263889312744 155988.23590135574 130050.14254450798 65119.432105183601 104932.52312636375 38198.866323709488 1003616.4329966307 79516.185727119446 157360.36434864998 103449.53653073311 163835.33361887932 2797.9092029333115 38409.349652528763 78481.996160387993 56580.065743923187 1561.7275998592377 10934.28919839859 9208.727641582489 1402.932585477829 280231.19506978989 3344.8365831375122 16722.170299768448 5410.8745903968811 34048.190224647522 16135.827800750732 1586.969678401947 5956.7967672348022 33834.378617286682 23290.544477462769 15005.64216709137 2902.7886080741882 64396.053559064865 30355.850122690201 133152.37234258652 63159.361723899841 52374.862382173538 36889.031203746796 113698.17464876175 102406.29148936272 73085.829920053482 16371.132452487946 11255.452671051025 53037.831740856171 89560.065630435944 2014.6859364509583 19805.426430225372 89950.545595407486 64654.836586952209
leaf_count=8171385 7289 3482 110869 1514 4372 111557 389279 1526 5630 1798 3450 57294 18145 303744 8189 33697 53097 15327 6465 2282 620592 605 6308 33012 4643 602 4468 14149 4225 445 1571 652 278 123765 387 1974 964 3056 1433 39 384 3062 2250 334 408 6780 3668 18334 5262 7009 2539 20375 25129 19969 4194 1908 2708 8996 104 2069 7660 9854
internal_value=-0.000298148 0.271146 -0.0428802 0.207373 0.370075 0.053311 -0.0518521 0.249751 0.164399 0.414168 0.333335 0.0816656 0.185487 -0.0255258 0.230162 0.142489 0.0196493 0.101658 0.312984 0.282446 -0.0542065 0.446624 0.359745 0.0645644 0.392865 0.0431624 0.217116 0.154453 0.275778 0.168531 0.204052 0.248918 0.300349 0.0134845 0.338183 0.239041 0.201492 0.246115 0.254277 0.279046 0.253877 0.240117 0.225448 0.46415 0.134535 0.253441 0.208459 0.202902 0.295779 0.198275 0.285295 0.157967 0.120727 0.0937283 0.0875842 0.144752 0.329605 0.259857 0.25289 0.23806 0.287762 0.190957
internal_weight=1.89679e+07 2.57205e+06 1.63959e+07 1.5639e+06 1.00815e+06 1.39879e+06 1.49971e+07 787406 776494 458222 549929 759248 395671 1.23115e+06 492389 380823 639545 350030 310587 295017 1.37659e+07 181577 239342 409217 276645 132848 270883 245726 256818 206794 188877 21545.9 10611.7 506697 81981.9 76678.2 22133 221506 54545.2 10888.6 9301.63 187458 89227.8 94521.8 68022.2 98230.4 194205 163508 152617 167331 100048 140577 135097 282008 208922 167244 157970 110288 91574.8 30696.4 146531 66216.6
internal_count=10286555 271461 10015094 228685 42776 530094 9485000 82554 146131 11752 31024 241761 63959 693023 57761 82172 288333 97192 20456 24793 8791977 2737 10568 144569 9015 53699 34424 49754 22511 36304 27655 2501 930 234634 4260 8839 2938 23337 5901 810 771 20281 10439 939 15735 9842 25585 22002 11283 25154 7801 26005 32418 81457 61488 35605 9173 10626 9100 3583 11885 10299
is_linear=0
shrinkage=0.05


Tree=4
num_leaves=63
num_cat=0
split_feature=15 15 15 23 15 15 15 15 24 15 23 23 16 23 14 24 16 18 15 15 23 24 18 18 0 16 16 16 16 16 3 24 15 24 23 16 0 15 21 0 16 24 16 3 16 24 3 16 0 24 23 3 16 11 28 0 11 11 0 3 15 14
split_gain=7.45163e+07 7.21817e+06 3.77542e+06 1.2518e+06 827020 318624 292994 256981 217838 134301 98231.1 73202.6 66379.9 62094.8 44677.2 38314.1 37556.7 37319 36879.8 35154.4 33785.1 31067.7 25785.8 24984.6 24404.5 23611.2 23326.5 22793.8 22750.2 22319.4 24486.9 21373.3 21205.5 20890.5 19137.9 18383.5 18829.5 18153.8 16265.1 15963.2 15949.6 15521.5 15372.4 15375.8 15311.7 15311.7 15233.2 16699.5 15162.5 14462.3 14202.5 14003 25745.1 19053.7 13895.1 13823.1 13757.6 13474.9 13886.7 13466.1 12856 12421.7
threshold=10.387627334465197 74.994101756386655 1.4861071420406486 262.71427917480474 28.998377038857633 0.29839498755471638 4.0485472719268722 169.25862785763439 534.06668090820324 48.411404712880355 19.678570747375492 100.60714340209962 44.113525873693668 80.535713195800795 17670.500000000004 14.583333492279055 30.164248600439702 121.50000000000001 16.052262163765828 0.76929413255607659 3.7500000000000004 36.31666564941407 188.50000000000003 25.500000000000004 8.5000000000000018 13.674987227246651 17.581253621257684 6.3428096848767614 30.164248600439702 2.1510101157191679 5.5000000000000009 25.183333396911625 0.097095648434528059 316.93333435058599 125.92856979370119 30.164248600439702 8.5000000000000018 104.18601518604287 898.00000000000011 8.5000000000000018 5.4324850417456121 62.750000000000007 1.9658331177480497 5.5000000000000009 64.295668806870154 33.549999237060554 2.5000000000000004 5.4324850417456121 8.5000000000000018 132.84999847412112 165.39286041259768 4.5000000000000009 44.113525873693668 0.6830127018922193 1306.5000000000002 16.500000000000004 0.25000000000000017 1.0000000180025095e-35 13.500000000000002 4.5000000000000009 17.946297998366017 17666.500000000004
decision_type=2 2 2 2 2 2 2 2 2 2 2 2 2 2 2 2 2 2 2 2 2 2 2 2 2 2 2 2 2 2 2 2 2 2 2 2 2 2 2 2 2 2 2 2 2 2 2 2 2 2 2 2 2 2 2 2 2 2 2 2 2 2
left_child=2 4 5 7 10 32 20 11 12 17 18 27 23 51 -10 29 40 26 61 -7 42 60 35 25 44 -5 45 -3 -15 -8 -31 -22 -1 54 -18 39 -37 41 59 -13 -9 -29 -4 -44 -16 -6 -20 -48 -39 -42 -19 53 -53 56 -14 -27 -11 -30 -59 -28 -12 -2
right_child=1 3 6 8 9 19 15 16 14 13 21 22 33 28 24 -17 34 50 46 -21 31 -23 -24 -25 -26 55 38 37 57 30 -32 -33 -34 -35 -36 36 -38 48 -40 -41 49 -43 43 -45 -46 -47 47 -49 -50 -51 -52 52 -54 -55 -56 -57 -58 58 -60 -61 -62 -63
leaf_value=-0.054790013242448581 0.090260890014261741 0.088192792532877581 0.0015678906101925607 0.16250724571522349 0.14311916742769371 -0.034320924427517926 0.044324827630299518 0.060261728534068942 0.39603669856071527 0.19431109132522772 0.12035154963626633 0.26952760707482737 0.3530139189716433 0.21786097682068661 0.33875066999205755 0.094694207210169676 0.30644352777392353 0.20477756211918466 0.1050414681765261 -0.016928205994122172 0.030273439634635337 0.16902286802245767 0.29920456910462023 0.33972018653785158 0.38807176301149071 0.31813233310086314 0.1695088951816226 0.21518747671096988 0.23356905372291137 0.059381163019476227 0.096575043963401941 0.17149312870443711 -0.046955285628302992 0.37802319950886304 0.33737335178383626 0.35616650006061706 0.27402193298687216 0.28759595791961629 0.38495613007565221 0.22235421777402259 0.22278194261029471 0.24681602516322798 0.013925673016294344 0.058211361905086023 0.46099642412763275 0.17027052398046863 0.10026141051879658 0.14021035003563792 0.24787395645399002 0.29663888469024746 0.30635314688719723 0.19813511113208473 0.25747996434287063 0.16640630438145385 0.28247906891696806 0.24963931493098537 0.23719405104520469 0.24146312341618781 0.3011750665971305 0.19702431689654928 0.14468975680646154 0.1447500572987615
leaf_weight=12088856.28126502 226896.64334964752 2382.5113067626953 339651.50603377819 3652.8990044593811 111798.07420897484 739476.72981798649 207151.04462790489 882.82500791549683 89248.556198120117 127978.12703514099 102721.30061912537 37779.471225738525 78952.703920841217 64660.341734409332 2653.2124662399292 78058.568584918976 76057.090789794922 50037.201249837875 95524.710669517517 478535.28546857834 187078.09271919727 83883.285284996033 92857.714329242706 41074.212535858154 15457.087300300598 23120.324127197266 134904.61531066895 74918.678316116333 30251.968746185303 282869.79382300377 52459.272307634354 2718.1478981971741 930121.57276988029 139926.57985973358 146174.24947500229 7452.6029357910156 109506.89869499207 30325.0569896698 959.29094624519348 34152.907553672791 9260.7089262008667 80468.885821342468 125373.10592162609 23231.669373869896 75479.412306785583 96977.075274705887 34265.30003786087 110618.13175654411 115756.36462068558 23339.297662734985 3696.1231455802917 64660.500389099121 25479.591753482819 56049.241309642792 7663.2523393630981 10816.049928665161 21908.55597114563 16086.107419490814 24686.950976848602 66343.730872631073 115028.78385043144 10965.216963529587
leaf_count=8131282 58229 324 163327 331 17257 448293 74157 123 1802 13953 21211 2372 2541 5679 83 20483 3499 5604 20581 262765 78889 12536 4815 1481 334 930 18364 6914 2479 93774 15174 539 601681 3486 5237 270 6565 1729 41 2597 612 6173 57101 9553 522 12499 7622 20136 8176 1097 215 6885 2036 6708 373 603 2009 1259 1462 7693 19771 2319
internal_value=-0.0004085 0.227475 -0.0444982 0.314486 0.158476 -0.0519424 0.0371153 0.277531 0.37819 0.191232 0.120824 0.25927 0.352334 0.21131 0.421349 0.0619414 0.31935 0.172578 0.106732 -0.0274876 0.0143949 0.143168 0.277629 0.312761 0.445488 0.283302 0.167455 0.242247 0.23932 0.0572286 0.0651999 0.032296 -0.0542303 0.366076 0.326788 0.267023 0.279256 0.243465 0.179559 0.24713 0.26998 0.231567 0.00743627 0.020849 0.456846 0.155731 0.120542 0.130762 0.25612 0.275659 0.211765 0.198473 0.21491 0.191279 0.346774 0.296303 0.200579 0.258856 0.277618 0.17858 0.133209 0.0927729
internal_weight=1.85413e+07 3.00574e+06 1.55356e+07 1.32936e+06 1.67638e+06 1.4237e+07 1.29859e+06 841315 488044 896477 779903 585601 305206 431761 182838 620539 255714 464716 478270 1.21801e+06 678053 301633 281750 78663.5 93589.7 37589.3 410983 303851 135685 542480 335329 189796 1.3019e+07 226543 222231 188892 116960 301469 202208 71932.4 33482.8 155388 488256 148605 78132.6 208775 240408 144883 146081 32600 53733.3 296076 90140.1 205936 86616 33936.4 149887 71025 40773.1 201248 217750 237862
internal_count=10286555 329537 9957018 62989 266548 9444021 512997 50503 12486 104143 162405 39935 9745 42470 2741 203588 10568 61673 108887 711058 309409 53518 16619 3345 939 1864 55854 23316 10879 183105 108948 79428 8732963 6400 8736 11804 6835 22992 26098 4969 1832 13087 229981 66654 605 29756 48339 27758 9905 1709 5819 31591 8921 22670 2914 1533 15962 5200 2721 26057 40982 60548
is_linear=0
shrinkage=0.05


Tree=5
num_leaves=63
num_cat=0
split_feature=15 15 15 15 24 15 15 15 23 23 24 14 16 16 16 24 0 16 24 23 4 23 25 15 23 0 15 15 0 20 6 11 11 15 16 6 16 10 25 16 4 16 16 23 24 16 13 16 27 15 6 20 10 13 10 26 26 16 4 17 24 13
split_gain=6.32732e+07 6.21631e+06 3.60158e+06 1.002e+06 920266 301034 264246 188932 182621 153788 137016 62796.2 58257.1 53261.1 48972.4 39672.2 38795.6 36597.5 36179.7 33939.3 32992.8 32579.7 30704.8 29289.2 29264 27832.3 27251.1 25262.2 25173.1 25164.6 23680.6 23432.7 25679.2 22263.5 20469.3 21274.4 20068.3 19939.3 24367.9 19254.4 19213.4 28821.3 17775.7 17287.5 17148.4 16878.1 16737.1 16575.1 16562.2 16352.6 16250 17935.2 16190.2 21243.2 23536.4 15532 19599.2 15304.5 14884.3 14768 14386.9 14225.1
threshold=10.387627334465197 104.18601518604287 1.3952956424626799 40.786612327004597 316.93333435058599 0.29839498755471638 4.0485472719268722 20.308175013221597 686.46429443359386 148.07142639160159 74.366668701171889 17670.500000000004 30.164248600439702 30.164248600439702 44.113525873693668 40.916667938232429 8.5000000000000018 64.295668806870154 13.416666507720949 7.5357143878936776 1.0000000180025095e-35 3.7500000000000004 685.96636962890636 0.76929413255607659 186.1071472167969 7.5000000000000009 169.25862785763439 60.069952271121892 8.5000000000000018 539.50000000000011 1.0000000180025095e-35 0.6830127018922193 0.25000000000000017 0.097095648434528059 10.750608801827498 1.0000000180025095e-35 4.727522468333432 0.68301270189221941 183.39587402343753 10.750608801827498 1.0000000180025095e-35 3.6155435473617294 64.295668806870154 80.535713195800795 25.183333396911625 30.164248600439702 -0.60355339059327384 30.164248600439702 52.203502655029304 2.3765408429902299 1.0000000180025095e-35 1.5000000000000002 0.68301270189221941 -0.37940952255126015 0.93301270189221952 1.0000000180025095e-35 34.782091140747077 2.1510101157191679 1.0000000180025095e-35 426.50000000000006 16.383333206176761 -0.5
decision_type=2 2 2 2 2 2 2 2 2 2 2 2 2 2 2 2 2 2 2 2 2 2 2 2 2 2 2 2 2 2 2 2 2 2 2 2 2 2 2 2 2 2 2 2 2 2 2 2 2 2 2 2 2 2 2 2 2 2 2 2 2 2
left_child=2 3 5 7 9 33 21 18 14 13 27 42 36 25 20 31 -15 -18 -2 57 -6 49 37 -7 40 34 30 52 -13 -22 -14 32 -9 -1 -3 -36 -11 -16 -39 -34 -12 -42 -10 -20 -23 48 -38 -43 -29 -4 -26 -52 61 -54 -55 -47 -57 -8 -59 -31 -21 -5
right_child=1 4 6 10 8 23 19 15 11 12 24 28 26 16 22 -17 17 -19 43 60 29 44 -24 -25 50 -27 -28 45 -30 59 -32 -33 39 -35 35 -37 46 38 -40 -41 41 47 -44 -45 -46 55 -48 -49 -50 -51 51 -53 53 54 -56 56 -58 58 -60 -61 -62 -63
leaf_value=-0.054746960209787213 0.083519469856324038 0.15202898070911353 -0.001728688700977333 0.14420688395550327 0.31312756695570504 -0.033608772036108792 0.035353886126919802 0.13056008916940962 0.30234034905903023 0.084655426162395492 0.19603836953619683 0.4367428493414604 0.26212615792889443 0.29920624718928462 0.3377216998987197 0.15852815528608311 0.22310278876859291 0.2630517549738749 0.10668052807970099 0.064782933963014891 0.25832411546600137 0.02778179101807518 0.36962067010047572 -0.017135030180047205 0.22370952062316177 0.18919822063747427 0.30329182368538027 0.12958887743879507 0.35954034303529891 0.030258249390175785 0.32889458232456659 0.11144582936597314 0.12832005007933789 -0.046548528583936724 0.28305049853545494 0.13378828796755113 0.10353876660597823 0.21350734762920434 0.31493647999505564 0.19506617523632341 0.036912668057983218 0.20283441840879918 0.37222060491969827 0.17687302810190261 0.14887969859434902 0.240758028139991 0.25134141587115044 0.24636981079660558 0.17810090728397965 0.016116371340419305 0.30497075064472229 0.19877194860416367 0.20001973632851955 0.17469222462502529 0.083898757067554133 0.14206064266119239 0.19785233929627688 0.046883709571284314 0.073019701857304414 0.23171952575417862 0.094416462842580928 0.16899794337909679
leaf_weight=11508094.722505808 279071.18913269043 4691.3820519447327 302319.95726728439 127843.78482866287 27978.876284599304 717941.20804989338 157596.8154168129 267111.65297651291 11432.120457649231 1943.63205909729 203252.67703151703 74697.919882774353 91046.32178401947 33160.803955078125 116783.48917007446 154076.08614802361 125380.93814849854 105644.78793430328 271314.38072872162 186987.75992870331 11884.714497089386 196513.12432944775 58404.507959365845 432267.75599133968 38694.682784557343 71705.14319229126 195627.9651632309 20956.91187953949 12301.982471466064 2285.3953018188477 15550.519598007202 132256.29754447937 16994.587809085846 892297.42506968975 21227.702134132385 2690.1833062171936 1967.891773223877 7176.9763488769531 33886.030676841736 29673.260152578354 2021.1117091178894 38053.763310432434 44695.634514808655 9065.3274946212769 2967.4935340881348 16622.434812545776 72204.579962730408 51407.307934761047 109707.18002176285 223126.94170343876 15802.033142566681 5313.65598487854 54684.102072238922 27290.728334903717 9666.8130984306335 18639.879404067993 101295.03589439392 170322.09494805336 80091.775322675705 1511.146824836731 52448.442737340927 105730.26886701584
leaf_count=8131282 65424 398 151179 14540 844 448293 56029 39741 319 228 15450 566 4061 1213 2780 18323 7238 4912 52037 55975 482 81480 1085 241638 2232 4854 6209 2344 235 179 465 21411 2662 601681 920 204 154 333 918 3550 257 2868 765 1059 539 1165 3348 3063 9926 97338 609 314 4808 2692 1339 1841 8061 55770 23558 66 12256 11045
internal_value=-0.000517623 0.199313 -0.0440702 0.148331 0.293036 -0.0518873 0.0331146 0.117168 0.353869 0.260031 0.18649 0.399224 0.282361 0.236853 0.328892 0.136655 0.248631 0.241371 0.0962645 0.0563304 0.280587 0.0123801 0.338645 -0.0274177 0.211075 0.205835 0.292208 0.171777 0.425827 0.222524 0.271867 0.129099 0.136539 -0.054157 0.247531 0.266263 0.243264 0.327183 0.297209 0.17076 0.204604 0.223633 0.357988 0.10895 0.0295834 0.183167 0.24742 0.227852 0.17032 0.00584907 0.242964 0.278248 0.162417 0.180229 0.150944 0.19546 0.189182 0.0475607 0.055243 0.110452 0.0712742 0.155429
internal_weight=1.81754e+07 3.25243e+06 1.4923e+07 2.10655e+06 1.14588e+06 1.35506e+07 1.37237e+06 1.15956e+06 403039 742842 946982 143128 378341 364501 259911 600112 264187 231026 559451 647447 43660.1 724928 216251 1.15021e+06 354545 100314 302225 592437 86999.9 15681.3 106597 446036 313780 1.24004e+07 28609.3 23917.9 76116.1 157846 41063 46667.8 294735 91482.2 56127.8 280380 199481 267221 74172.5 89461.1 130664 525447 59810.4 21115.7 325216 91641.6 36957.5 136557 119935 408011 250414 3796.54 239436 233574
internal_count=10286555 329537 9957018 286761 42776 9422894 534124 204207 8572 34204 82554 1885 14465 19739 6687 85687 13363 12150 118520 203588 1571 330536 5116 689931 24793 6376 10735 57761 801 727 4526 67364 45953 8732963 1522 1124 3730 4031 1251 6212 21638 6188 1084 53096 82019 23337 3502 5931 12270 248517 3155 923 34424 8839 4031 11067 9902 135357 79328 245 68231 25585
is_linear=0
shrinkage=0.05


Tree=6
num_leaves=63
num_cat=0
split_feature=15 15 15 24 15 15 15 24 24 14 0 24 18 15 18 15 3 15 18 15 15 24 26 6 0 0 15 14 26 18 26 15 23 10 15 3 0 3 14 14 2 2 13 28 0 14 15 13 20 15 19 23 10 26 3 0 3 8 14 21 13 2
split_gain=5.38955e+07 5.55321e+06 2.79169e+06 936410 928473 226698 215123 199366 180806 156026 98448.3 86355.7 56770.7 40930.4 40773.8 39695.3 37086.3 34266.1 33450.5 30644.6 30309.8 29012.7 28242.5 24799.3 33796.1 39342.9 24701.7 23251 26966.2 22321 22173.5 21017.9 18956.6 18583.1 18152 17302.7 24069.9 16659.2 21676.1 27493.3 25100.8 16474 20042.2 16098.9 17679.5 15730.1 15541.2 15463.2 15217.7 15191 14718.1 14558.1 14714.8 13986.2 13643.8 13629.7 13466 13458.2 13043.3 13040.7 13866.3 12859.6
threshold=8.3721071755108856 104.18601518604287 1.1040358852540066 401.66665649414068 28.998377038857633 0.2396820389880765 3.192079874546168 171.31666564941409 54.416667938232429 17670.500000000004 8.5000000000000018 18.183333396911625 116.50000000000001 48.411404712880355 296.00000000000006 169.25862785763439 3.5000000000000004 16.052262163765828 71.500000000000014 60.069952271121892 169.25862785763439 6.5833332538604745 522.97485351562511 1.0000000180025095e-35 16.500000000000004 14.500000000000002 1.9851422614667651 17656.500000000004 1.0000000180025095e-35 56.500000000000007 435.60791015625006 0.58890753169276666 98.214286804199233 -0.93301270189221919 74.994101756386655 4.5000000000000009 7.5000000000000009 4.5000000000000009 17641.500000000004 17664.500000000004 11.500000000000002 3.5000000000000004 -0.37940952255126015 1306.5000000000002 11.500000000000002 17670.500000000004 20.308175013221597 -0.5 926.50000000000011 0.067763687373543643 36.500000000000007 41.357141494750984 0.93301270189221952 677.90051269531261 4.5000000000000009 9.5000000000000018 5.5000000000000009 0.6078576107927941 17666.500000000004 3386.0000000000005 -0.5 5.5000000000000009
decision_type=2 2 2 2 2 2 2 2 2 2 2 2 2 2 2 2 2 2 2 2 2 2 2 2 2 2 2 2 2 2 2 2 2 2 2 2 2 2 2 2 2 2 2 2 2 2 2 2 2 2 2 2 2 2 2 2 2 2 2 2 2 2
left_child=2 4 5 7 11 49 26 15 13 18 35 17 19 54 16 32 20 58 37 -10 48 -8 59 34 25 -25 -4 -15 -29 46 -20 -7 -3 -16 -14 -11 -37 47 40 -40 -39 42 -34 44 -18 -24 -13 -5 -9 -1 -35 52 -21 57 55 -6 -19 61 -2 60 -17 -12
right_child=1 3 6 9 8 31 21 14 12 10 53 29 23 27 33 22 43 56 30 51 -22 -23 45 24 -26 -27 -28 28 -30 -31 -32 -33 41 50 -36 36 -38 38 39 -41 -42 -43 -44 -45 -46 -47 -48 -49 -50 -51 -52 -53 -54 -55 -56 -57 -58 -59 -60 -61 -62 -63
leaf_value=-0.05482844561479714 0.068174603040158127 0.18618686356392358 -0.0051521228958168958 0.18877482933300838 0.14011603078108401 -0.036524894648869322 0.034585438070738987 0.23164951355058416 0.14775168568126351 0.41702104818837027 0.25995803011185753 0.093682650957775671 0.17162286099305168 0.13110040034111922 0.15357953553585246 0.19231688210026554 0.20044120816001199 0.088773555834504761 0.2772173472191658 0.15614574871841069 0.27090718773057437 0.056139356481984627 0.26812736520287089 0.19609589736307462 0.00076582584270456523 0.31077029669213985 0.013322590654238829 0.20277449744876974 0.15206709043442629 0.13361266014034565 0.3307938038178575 -0.022657133539662328 0.25741829594575416 0.25951527872404268 0.20790738229396097 0.23785081481667555 0.39271948155538727 0.13606593333506453 0.32867015703916264 0.20331687197183862 0.35921915786649472 0.19996937670693496 0.19108193364201606 0.1514005938591475 0.24120581324600174 0.39235026700891062 0.11530148135765855 0.30057511070975573 0.11403383633606426 -0.04855951254305526 0.29080840812067843 0.17857884719949527 0.055785775158227816 0.32754624755050266 0.13938178109706648 0.11424270764758604 0.12097787300496184 0.3283878350744055 0.11392666646673183 0.4315758795977761 0.23116887745936252 0.10429476613654226
leaf_weight=10593949.897968769 381279.649715662 163903.28595209122 397797.33175778389 3289.8427820205688 65644.509674072266 655403.4944498539 429862.47448444366 46213.167394638062 185557.45413398743 66972.97146987915 4427.8279237747192 191870.17737746239 75734.542104244232 110454.97152233124 3102.6060123443604 30967.077518463135 41023.215043067932 201969.8631067276 24247.072105407715 35067.350072383881 126831.53006458282 245175.97410988808 11485.413466453552 16357.20131778717 1442.1652684211731 13783.094679355621 331877.7967069149 30643.889141559601 181650.47691249847 72543.482586145401 94993.375735282898 468558.1218072176 32447.095479011536 66531.385479450226 63272.87778711319 3307.7838573455811 10399.005453109741 6669.6163330078125 10459.110342025757 7520.343551158905 1553.7480764389038 119928.6108083725 17546.198907375336 7521.8753452301025 75673.843440532684 3276.2371406555176 146697.1444580555 51875.50087928772 2924.6754817962646 1063380.6660763025 86387.851046562195 240057.59376144409 4077.3332614898682 26646.607950210571 132765.47740149498 226701.68798065186 38678.493855953217 4249.1620721817017 16241.897399902344 740.7927360534668 88946.332796573639 1894.8710174560547
leaf_count=7864588 91546 9357 207193 120 7518 431585 152699 1843 16399 444 116 33811 5625 10656 132 1284 1804 36490 596 2698 3612 73235 329 972 148 444 146223 2186 15639 9858 1636 280689 1237 2033 3408 88 88 276 194 256 25 5828 897 349 2620 42 20550 1084 174 761690 2237 15569 411 461 14202 28481 6040 79 3226 7 3446 82
internal_value=-0.000621625 0.169983 -0.0448357 0.255914 0.126039 -0.0521889 0.0220707 0.230465 0.152944 0.329861 0.375511 0.0905715 0.172556 0.136281 0.254001 0.207582 0.243224 0.0790586 0.303032 0.163501 0.25799 0.0424139 0.230416 0.197226 0.237223 0.248537 0.00325072 0.149706 0.159387 0.108443 0.3199 -0.0307437 0.198319 0.274736 0.188139 0.406544 0.355348 0.278314 0.245483 0.27624 0.178234 0.210022 0.234137 0.222306 0.226876 0.295701 0.10305 0.293908 0.224649 -0.0542566 0.277194 0.173968 0.145692 0.308238 0.126089 0.120052 0.0939497 0.259567 0.070044 0.222428 0.221136 0.21331
internal_weight=1.78625e+07 3.67645e+06 1.4186e+07 1.24396e+06 2.43249e+06 1.27813e+07 1.40471e+06 925451 1.38321e+06 318507 117898 1.04928e+06 635350 747861 456210 469241 300188 638170 200609 464760 175969 675038 135416 170590 31582.5 30140.3 729675 322749 212294 411111 119240 1.12396e+06 333825 156022 139007 80679.8 13706.8 81368.2 26202.8 17979.5 8223.36 169922 49993.3 124219 116697 14761.7 338567 55165.3 49137.8 1.16573e+07 152919 279202 39144.7 37218.5 425112 292346 240648 10571.9 397522 120654 119913 6322.7
internal_count=10286555 368653 9917902 42776 325877 9338552 579350 37231 124356 5545 1358 201521 45674 78682 14804 22427 10402 137302 4187 35077 5629 225934 5108 10597 1564 1416 353416 28481 17825 64219 2232 712274 17319 4402 9033 620 176 1955 751 450 301 7962 2134 4773 4424 371 54361 1204 2017 8626278 4270 18678 3109 738 50201 35999 42530 277 94772 4737 4730 198
is_linear=0
shrinkage=0.05


Tree=7
num_leaves=63
num_cat=0
split_feature=27 24 27 24 24 16 16 14 16 16 16 0 16 16 16 24 16 13 0 10 0 24 22 0 16 13 16 0 27 0 16 0 16 13 16 26 25 10 24 26 21 13 0 3 2 19 3 24 26 11 0 16 25 2 16 28 10 2 11 14 20 13
split_gain=4.46392e+07 4.90143e+06 2.09357e+06 993270 769768 370173 291919 178938 166678 139435 118321 114844 100576 82031.4 74199 69340.1 64435.4 52390.1 51629.9 53559.2 51298.4 49927.3 46629.3 44679 44076.1 43845.2 42335 38747.4 37730.4 35069.2 35787.6 34047 31380.2 31154.2 30810.3 30805.6 30783.3 30535.4 29722 28748.6 26911.7 26850.1 26706.5 27661.3 26144.6 24946.3 24549.7 23788 22249.2 22220.9 22049.6 31267.3 21605.8 20840.5 20137.5 19952.9 19691.7 23793.7 18950.4 18792.8 18787.1 18685.7
threshold=15.277585029602053 115.56666564941408 1.8853637576103213 30.250000000000004 401.66665649414068 2.1510101157191679 13.674987227246651 17670.500000000004 0.40451256317952083 30.164248600439702 30.164248600439702 8.5000000000000018 2.1510101157191679 0.57146544730437354 13.674987227246651 208.51666259765628 8.7250187846123897 0.60355339059327384 19.500000000000004 0.68301270189221941 20.500000000000004 54.416667938232429 78.642856597900405 8.5000000000000018 64.295668806870154 0.25881904510252057 64.295668806870154 19.500000000000004 0.50571158528327953 8.5000000000000018 4.727522468333432 8.5000000000000018 64.295668806870154 -0.5 2.9145443521297407 0.13363929273691613 465.77616882324224 0.68301270189221941 10.250000000000002 5.1709775924682626 3386.0000000000005 1.0000000180025095e-35 8.5000000000000018 4.5000000000000009 3.5000000000000004 36.500000000000007 5.5000000000000009 8.5166668891906756 104.85314178466798 1.0000000180025095e-35 8.5000000000000018 5.4324850417456121 272.76353454589849 3.5000000000000004 17.581253621257684 1306.5000000000002 0.68301270189221941 2.5000000000000004 0.6830127018922193 17656.500000000004 1.0000000180025095e-35 -0.78656609248549325
decision_type=2 2 2 2 2 2 2 2 2 2 2 2 2 2 2 2 2 2 2 2 2 2 2 2 2 2 2 2 2 2 2 2 2 2 2 2 2 2 2 2 2 2 2 2 2 2 2 2 2 2 2 2 2 2 2 2 2 2 2 2 2 2
left_child=2 3 8 6 9 13 12 24 28 29 22 26 47 -4 25 31 27 37 19 33 35 -12 50 -14 -6 34 -9 -7 -1 30 -3 -11 41 -8 -10 53 -26 59 -25 -15 48 -21 -23 -44 -39 55 -20 -2 -33 -36 51 -5 -47 60 -32 -17 -19 -58 -51 -16 -18 -24
right_child=1 4 5 10 7 16 18 11 14 15 21 -13 23 39 17 45 20 56 46 32 -22 42 61 38 36 -27 -28 -29 -30 -31 54 40 -34 -35 49 -37 -38 44 -40 -41 -42 -43 43 -45 -46 52 -48 -49 -50 58 -52 -53 -54 -55 -56 -57 57 -59 -60 -61 -62 -63
leaf_value=-0.054511974895956043 0.023933538270582824 0.075208954962056748 -0.021712933193647158 0.10043910972147266 0.23166159902088831 0.039108057911935327 0.096754955833372347 0.20485688351478656 -0.030527888213116423 0.24388232628566878 0.13434733477442529 0.2690659871262438 0.10194055354245293 -0.0038972310406075574 0.0050191906920694085 0.22082576681699623 0.18829732749670533 -0.038360996100999696 0.070006486760903874 0.14929800431828411 0.024113478125708677 0.22481492452160429 0.11672322217525316 0.054868230350784565 0.24299007386403826 -0.046865936098095959 0.37923289131105442 -0.0069477497916568352 -0.042903894289126082 0.14451185886756288 0.17257950537704961 0.15037132819496846 0.21919335956990638 0.13460889905906606 -0.027727775813758002 0.067570269353525822 0.29366671990985599 0.26790587373800895 0.077456286718383144 0.019857115528344616 0.43976327336999343 0.074554641564241048 0.15343953831714788 0.18251255347028017 0.019665893428018607 0.21918180932964304 0.1309072767410222 0.052930976813953784 0.1954988199701182 0.095262842266881295 0.11195263698104052 0.15118043325233077 0.25618705290091365 0.09236701504989106 0.21318006592328095 0.15658842726412614 0.13225705951475691 -0.043147807981697844 0.011507090878997178 0.10750716061755013 0.060827723299928506 0.15113938638229479
leaf_weight=10099353.629434347 135782.13440358639 7055.0808048248291 515334.71303844452 44642.201869010925 73741.759317874908 310476.79001379013 187497.83733260632 3639.2879180908203 459934.12594223022 35008.430005073547 189312.95252585411 40454.835656166077 120537.0335007906 292026.32929503918 10050.365366339684 154195.01662254333 14172.021311044693 25671.871426701546 89847.190957427025 86831.550922036171 43700.288457989693 18156.211439609528 49600.361606121063 238944.70296251774 42088.001649856567 490501.01754152775 80129.249814987183 53543.785838365555 752162.56121575832 92808.338252305984 67314.435820102692 30502.988451004028 13861.754064798355 76546.922366261482 26631.969321727753 72726.815325021744 104100.26607513428 3412.4247175455093 372939.20563232899 225899.87353682518 1089.3486213684082 13945.871041059494 256136.72196674347 120224.21741771698 1539.1071149110794 61486.216124534607 20284.112706780434 147618.16289496422 261427.34531211853 9019.3231869935989 412001.53628730774 94911.425285577774 110077.20587825775 26534.387580752373 55916.549774169922 13118.633486747742 4245.1418857574463 3550.1338504552841 26882.904765963554 8059.9127831459045 3631.5461636781693 192578.54980397224
leaf_count=7848284 51358 642 308477 5161 1767 101060 23227 88 301070 966 15908 741 19711 148479 4485 4407 1826 16587 17665 8895 18084 659 4196 63195 888 363703 532 27650 536601 5017 3078 1548 874 8320 15802 14817 1613 682 68997 95235 6 2286 15485 6256 636 1805 3145 38253 10047 3655 42647 7326 2561 4366 1950 494 1874 2356 12692 1708 670 14042
internal_value=-0.000717053 0.143395 -0.0447274 0.107693 0.226774 0.00977935 0.0796076 0.290275 -0.0518513 0.202218 0.138369 0.338248 0.0643302 -0.00758937 -0.0330188 0.213665 0.043977 0.0227307 0.111356 0.120119 0.0703408 0.155455 0.125802 0.0741167 0.263179 -0.0361299 0.371658 0.0323337 -0.0537074 0.168 0.184732 0.197278 0.148657 0.107729 -0.0260508 0.0875974 0.279077 0.0807164 0.0686355 0.00646351 0.191709 0.138955 0.165584 0.162727 0.190747 0.229527 0.0812234 0.0390378 0.190784 0.00687803 0.117771 0.134949 0.242925 0.120447 0.191002 0.215789 -0.0172265 0.0523738 0.0325485 0.0506317 0.162297 0.144091
internal_weight=1.75954e+07 4.11635e+06 1.34791e+07 2.8822e+06 1.23415e+06 1.55805e+06 1.50464e+06 344153 1.1921e+07 890000 1.37756e+06 124223 1.01582e+06 1.03326e+06 1.0695e+06 666905 524786 56529 488815 378684 160765 583830 793734 732421 219930 1.01297e+06 83768.5 364021 1.08515e+07 223094 130286 328028 114639 264045 522468 117065 146188 23061.8 611884 517926 293020 100777 394517 376361 4951.53 338877 110131 283400 291930 62534.2 551555 139554 171563 44338 123231 167314 33467.1 7795.28 35902.2 18110.3 17803.6 242179
internal_count=10286555 455756 9830799 417606 38150 720664 305926 5629 9110135 32521 111680 1361 241514 552191 725250 21834 168473 28328 64412 43602 39763 38308 73372 151903 4268 696922 620 128710 8384885 10687 5670 12567 12055 31547 333219 21679 2501 7511 132192 243714 11601 11181 22400 21741 1318 9267 20810 89611 11595 32149 55134 12487 4366 6862 5028 4901 20817 4230 16347 6193 2496 18238
is_linear=0
shrinkage=0.05


Tree=8
num_leaves=63
num_cat=0
split_feature=15 15 15 24 15 24 15 15 25 15 15 16 16 23 19 22 10 6 15 4 22 10 15 23 4 26 11 14 4 20 21 2 23 22 22 18 18 20 25 25 19 20 26 18 11 14 26 26 26 25 8 2 21 14 11 14 11 16 2 21 21 23
split_gain=3.99207e+07 3.82374e+06 1.98332e+06 718201 706210 203985 165940 135820 109274 105938 90793.7 60249.9 55887 50004.4 46134.3 38791.7 38058.9 35346.5 32509.1 32011 29635.6 28461.5 24662.9 23482.6 22846.3 22111.6 21691.2 21497.8 21240.1 33870 26835.2 20236.5 18690.3 18389.6 18369.6 18306.7 18281.9 18136.1 18026 17186 16661 15917.8 19153.5 15236.4 15193.7 14318.3 24205.4 20285.2 14193.6 14190.7 14088.6 13653.3 14532.9 13428.4 13358.8 13156.3 13010.8 12965.7 16710 13006.9 12941.7 12867.2
threshold=6.2305118411000775 104.18601518604287 0.76929413255607659 534.06668090820324 28.998377038857633 208.51666259765628 2.3765408429902299 0.20174675819984747 943.11325073242199 48.411404712880355 14.198711026194831 44.113525873693668 44.113525873693668 76.892856597900405 113.50000000000001 423.57142639160162 0.68301270189221941 1.0000000180025095e-35 169.25862785763439 1.0000000180025095e-35 605.14288330078136 0.68301270189221941 1.4861071420406486 35.964284896850593 1.0000000180025095e-35 522.97485351562511 0.6830127018922193 16186.500000000002 1.0000000180025095e-35 3427.0000000000005 765.00000000000011 3.5000000000000004 6.2500000000000009 96.642856597900405 18.642856597900394 118.50000000000001 121.50000000000001 1714.5000000000002 176.08364105224612 228.64184570312503 198.50000000000003 6.5000000000000009 165.793571472168 1976.0000000000002 0.6830127018922193 17655.500000000004 1.0000000180025095e-35 32.345872879028327 57.733591079711921 218.68495941162112 -1.0000000180025095e-35 6.5000000000000009 1275.0000000000002 17663.500000000004 0.25000000000000017 17392.500000000004 0.6830127018922193 17.581253621257684 3.5000000000000004 1753.0000000000002 1063.5000000000002 38.107143402099616
decision_type=2 2 2 2 2 2 2 2 2 2 2 2 2 2 2 2 2 2 2 2 2 2 2 2 2 2 2 2 2 2 2 2 2 2 2 2 2 2 2 2 2 2 2 2 2 2 2 2 2 2 2 2 2 2 2 2 2 2 2 2 2 2
left_child=2 4 7 5 10 12 22 -1 16 36 34 19 33 45 26 21 35 40 24 -7 -18 37 -4 50 31 -20 -10 -21 -16 30 -30 -14 -8 -3 44 -5 57 -13 -24 -27 60 42 -19 -22 -2 47 -47 -11 -48 -23 -12 -17 -53 -29 -42 -26 -52 -6 59 -59 -15 -34
right_child=1 3 6 8 9 11 32 -9 14 13 23 15 18 17 28 51 20 41 25 27 43 49 38 -25 55 39 -28 53 29 -31 -32 -33 61 -35 -36 -37 -38 -39 -40 -41 54 -43 -44 -45 -46 46 48 -49 -50 -51 56 52 -54 -55 -56 -57 -58 58 -60 -61 -62 -63
leaf_value=-0.054232100790319142 0.056941992882856007 0.13193628812974251 -0.014563142103655217 0.22905071623161233 0.091263210789868959 0.1901500907654041 0.021290752663625016 -0.03415532646640438 0.23082065808596741 0.079043286847858094 0.085423269833415957 0.20635245644812025 0.17805391903134041 0.12985075012391742 0.33969996954225301 0.24620279040388304 0.14512572000237434 0.13731457586579768 0.18302086669308293 0.045295483081986436 0.21714743683489482 0.14059317796922061 0.0028074188321368446 0.09888212325074186 0.10695633275708023 0.29071150926383743 0.30333862675683609 0.1792614389161149 0.0023498263322108501 0.40016561919139665 0.26114966431738873 0.13933918071862339 0.037122168503415251 0.15622572797107784 0.071665597941381262 0.27749743735060067 0.125153293218318 0.28076922094811202 0.29988977569581393 0.2009029156270748 0.13703752340621711 0.13611440043607378 0.21167101567320576 0.3381745757945655 0.038106530549834532 0.15860949433192839 0.10243218953362372 0.11689828986814262 0.12546669942030775 0.1889154293363301 0.076077877263401095 0.20699520348641479 0.30977999608141182 0.12443406325256808 0.17734460679702302 0.19375546535101898 0.053198422983550375 0.1233053894453891 0.09811100447405266 0.4256776610935421 -0.022822599681118261 0.1109245521661657
leaf_weight=10477433.42890954 379004.2716691494 148377.48588418961 453391.11559092999 32699.720502853394 284509.25172114372 105297.60294628143 496226.78789544106 916045.0108217001 21327.336502075195 48576.647644996643 256765.67960810661 192766.09129333496 48296.39589214325 271700.94490385056 69266.227018356323 80047.291612625122 15905.885499954224 11794.830523490906 135606.51671600342 5198.4635720252991 13509.154273986816 23566.841479301453 339232.61944878101 153367.51752519608 4735.1454706192017 8885.3603610992432 19971.343912124634 23075.079013347626 1629.8650894165039 2289.7595672607422 2598.7901420593262 112124.05537128448 195163.02516317368 164141.34063959122 145865.80407309532 48327.852355957031 74288.420003414154 8551.6646575927734 511.27704524993896 13307.244789123535 47246.74568271637 17945.304478645325 32605.920888900757 3221.1866264343262 149223.49377608299 44082.289634227753 91777.348910808563 130380.43662405014 246553.54403162003 42775.549396514893 216537.2445602417 51456.843202590942 3685.94482421875 21646.981385231018 36395.489531517029 56042.067273139954 87148.933311462402 87094.907320022583 189206.63293170929 357.04580402374268 1395.0895566940308 6090.1521110534668
leaf_count=8542565 90270 7003 262765 544 29756 2830 187326 638691 315 4412 37181 4355 1776 15061 495 1390 373 651 3991 259 219 775 163934 17720 232 147 210 710 44 9 28 4816 61313 6317 28170 594 5819 144 33 314 2498 858 1140 22 38918 2665 7137 9660 16828 1012 34344 1038 48 817 1672 1949 15084 7492 18602 4 101 1109
internal_value=-0.000801958 0.127691 -0.0455222 0.193461 0.0952777 0.178495 0.00871346 -0.0526179 0.274507 0.117746 0.0691183 0.200983 0.160347 0.128053 0.308409 0.211181 0.239584 0.141122 0.173255 0.174515 0.193993 0.200154 -0.00693081 0.0815458 0.160886 0.190593 0.26589 0.141537 0.331579 0.24528 0.161403 0.150995 0.0265033 0.144694 0.0559584 0.257947 0.101844 0.209514 0.0032546 0.236861 0.135051 0.175857 0.191919 0.240452 0.051621 0.118296 0.123759 0.106623 0.119218 0.17175 0.0768017 0.233013 0.213866 0.152724 0.154577 0.186993 0.0695122 0.098758 0.106465 0.12454 0.129071 0.0393556
internal_weight=1.73682e+07 4.48415e+06 1.28841e+07 1.48033e+06 3.00382e+06 1.24958e+06 1.49061e+06 1.13935e+07 230747 1.61591e+06 1.38791e+06 558068 691516 980455 117083 402850 113664 419084 378997 155218 32636.2 267660 793135 713819 221198 157799 41298.7 49920.5 75784.6 6518.41 4228.66 160420 697480 312519 674094 81027.6 635456 201318 339744 22192.6 356738 62346.1 44400.8 16730.3 528228 561370 382413 178957 338331 66342.4 560452 135190 55142.8 44722.1 83642.2 60777.2 303686 561168 276659 87452 273096 201253
internal_count=10286555 428819 9857736 42776 386043 39923 676480 9181256 2853 124356 261687 13378 26545 62683 1101 8762 1752 21981 13225 4616 614 6286 426732 104329 8773 4452 525 1786 576 81 72 6592 249748 13320 157358 1138 61673 4499 163967 461 19332 2649 1791 241 129188 40702 26630 14072 23965 1787 86609 2476 1086 1527 4170 2181 49428 55854 26098 7496 15162 62422
is_linear=0
shrinkage=0.05


Tree=9
num_leaves=63
num_cat=0
split_feature=24 24 24 24 24 16 16 24 16 16 0 16 16 16 16 16 16 0 16 13 13 0 22 13 10 13 24 10 0 6 0 14 22 0 18 21 10 14 10 2 10 13 13 2 13 16 0 16 10 24 21 19 22 10 2 6 0 10 16 25 25 11
split_gain=3.33607e+07 3.20272e+06 1.54823e+06 630179 619792 322032 174853 165658 152223 115294 109291 84709.2 66714.9 60427.1 55704.9 54499.2 49499.5 47618.1 47134.7 45975.7 43710.2 42834.5 40303.8 39244.8 38831 72474 37289.2 35970 33289.9 33173.3 33111.3 32337.7 31967.8 31882.3 30647.8 29368.8 27533.5 24990.3 24518.9 26000.3 23712.8 23152.3 59475.9 29923.6 22692.1 21840.4 22397 21826.9 21045.1 20598.3 26735.2 19609.2 19316.4 18971.2 21889.2 18181.1 23441.2 18057.4 17749.3 17243.7 17030 16163.9
threshold=3.9833333492279057 98.15000152587892 0.45000000298023229 534.06668090820324 17.816666603088382 1.7925474254742551 0.50586247031184917 208.51666259765628 17.581253621257684 22.287635258195845 8.5000000000000018 64.295668806870154 10.750608801827498 8.7250187846123897 2.1510101157191679 44.113525873693668 0.47927253125653696 18.500000000000004 30.164248600439702 0.25881904510252057 0.60355339059327384 19.500000000000004 72.071430206298842 0.78656609248549303 0.68301270189221941 -0.5 0.083333335816860213 0.68301270189221941 8.5000000000000018 1.0000000180025095e-35 19.500000000000004 17670.500000000004 423.57142639160162 8.5000000000000018 31.500000000000004 3386.0000000000005 0.68301270189221941 17641.500000000004 0.68301270189221941 3.5000000000000004 0.68301270189221941 -0.78656609248549325 -0.37940952255126015 2.5000000000000004 -0.12940952255126037 1.3061282486055725 8.5000000000000018 13.674987227246651 0.68301270189221941 0.083333335816860213 3.5000000000000004 64.500000000000014 548.64285278320324 0.68301270189221941 2.5000000000000004 1.0000000180025095e-35 14.500000000000002 0.93301270189221952 44.113525873693668 90.393695831298842 130.82630920410159 1.0000000180025095e-35
decision_type=2 2 2 2 2 2 2 2 2 2 2 2 2 2 2 2 2 2 2 2 2 2 2 2 2 2 2 2 2 2 2 2 2 2 2 2 2 2 2 2 2 2 2 2 2 2 2 2 2 2 2 2 2 2 2 2 2 2 2 2 2 2
left_child=2 4 6 7 8 16 26 18 14 22 11 -5 19 30 -2 34 -4 24 28 37 38 48 45 40 25 -11 -1 -12 47 -19 -7 -13 36 -20 -9 59 51 49 -14 -40 -15 43 -43 -26 -38 -6 -47 57 -10 50 -8 -17 -29 -22 -55 -24 -57 -3 -50 -35 -36 -39
right_child=1 3 5 10 9 13 12 15 21 17 27 31 20 23 -16 32 -18 29 33 -21 53 -23 55 -25 41 -27 -28 52 -30 -31 -32 -33 -34 35 60 -37 44 61 39 -41 -42 42 -44 -45 -46 46 -48 -49 58 -51 -52 -53 -54 54 -56 56 -58 -59 -60 -61 -62 -63
leaf_value=-0.054523388757454654 0.028542015626840819 0.12277973991959466 -0.025411418863242753 0.18497467868045489 0.030469386044730342 0.029852008069995353 -0.038949619945831321 0.12989315111300859 0.0913641270319102 0.099266463533272245 0.22220838283543537 0.20635096075481615 0.038908797846366222 0.055847593018713053 0.053154743975896847 0.16479117085348502 -0.0031329807241872788 0.095772997631519363 0.18428133476089201 -0.046327481746937585 -0.038304175759449638 0.058098144419023001 0.09981681379069085 0.0019881296157606269 0.1546065305036857 0.14497704077356352 -0.04436324741266004 0.11074567274219152 0.10158635956423306 0.024375525291227749 -0.010116734278774483 0.30212827968771816 0.19950480332262482 0.12419833128703502 0.097314576401432332 0.39765362786848746 0.15916144807648827 -0.021137336167817208 0.21967768152516257 0.011297633860078102 0.10117827311023048 0.1870037033539419 0.11554968953440817 0.095948312739621552 0.09139598244501651 0.097477824286619066 0.078246974704868716 0.15541118935335685 0.10746569602593981 -0.011379688316317638 0.087312657275482042 0.19437932072238268 0.19034148151144434 0.11470637422481816 -0.039188603691744615 0.096514506957482121 0.18331840476316186 0.023068202133058865 0.16740952259080663 0.14669274536594731 0.17587541401867893 0.040070383440724056
leaf_weight=8906488.8964607716 342762.01328873634 49705.877400875092 506119.5641181469 22395.573648452759 20274.851063728333 312217.87179493904 201783.74055635929 100194.01270055771 109421.90906500816 386945.84317326546 97023.521327972412 9780.910493850708 23424.761258125305 81447.268048167229 698094.02778851986 106835.7378692627 491411.07340109348 176096.89330840111 48652.41092300415 374598.00493609905 28310.17455971241 74585.201468348503 198482.87926018238 23869.351647615433 33686.808622837067 111760.56332659721 1004984.2839511633 11858.487691879272 129112.19363641739 17925.426079034805 62128.37035048008 89177.160400390625 151786.42733287811 113611.38541316986 7495.5819330215454 1117.9216938018799 63086.859650611877 18944.688920378685 4342.3280377388 2284.5489531755447 44674.646393299103 56230.416903972626 60412.084295511246 61320.943766832352 15363.044055938721 201220.91957592964 611594.54473567009 73282.933855056763 33160.278837561607 138271.5081307888 4281.3679038286209 117700.24940109253 21342.039493560791 5028.6222945451736 4274.5656046867371 15205.428953289986 15922.860108733177 4997.1565637588501 19678.60037779808 340748.80801200867 86674.612755775452 25046.653764605522
leaf_count=7633417 111402 2450 328810 381 3980 103075 152778 3236 11372 26243 1246 129 7714 15640 150399 2387 253394 15466 1173 302820 19630 14707 15206 11928 1940 5394 793705 270 6720 2114 34195 522 2574 4551 264 6 1568 11486 839 892 6969 2591 2964 4508 459 19331 70064 2507 3411 79559 1577 2237 309 2212 2981 1190 1065 320 1250 11525 2107 11396
internal_value=-0.000876312 0.109306 -0.0449597 0.16575 0.0803963 0.00223883 -0.0516465 0.152747 0.0532821 0.0980081 0.23865 0.272789 -0.0296102 0.0339629 0.0450496 0.171303 -0.0144365 0.11113 0.136922 -0.0338304 0.0179722 0.0894612 0.0868412 0.0607783 0.117126 0.10951 -0.0534932 0.206836 0.1195 0.0891767 0.0232186 0.292662 0.180775 0.145808 0.149142 0.141698 0.171392 -0.0217751 0.0629311 0.147843 0.0719046 0.135071 0.149996 0.116747 0.145891 0.0817292 0.0830078 0.137571 0.103878 -0.0263087 -0.0363262 0.180301 0.161912 -0.0179482 0.0439956 0.105389 0.140917 0.113671 0.129791 0.141068 0.169622 0.0137114
internal_weight=1.71707e+07 4.90673e+06 1.22639e+07 1.66194e+06 3.24478e+06 1.52187e+06 1.07421e+07 1.41037e+06 1.2777e+06 1.96708e+06 251578 121354 830591 524338 1.04086e+06 649137 997531 904379 761229 762926 67665 236846 1.0627e+06 149991 710357 498706 9.91147e+06 130224 257098 194022 374346 98958.1 454772 504131 194364 455478 302986 388328 30051.6 6626.88 126122 211650 116643 95007.8 78449.9 833090 812815 127986 162261 344337 206065 224536 33200.5 37613.4 9303.19 229611 31128.3 54703 52838.9 454360 94170.2 43991.3
internal_count=10286555 511538 9775017 46941 464597 754011 9021006 44084 292541 172056 2857 1032 593884 171807 261801 14832 582204 61220 29252 559616 34268 30740 110836 34537 43640 31637 8427122 1825 11997 17580 137270 651 9225 17255 5607 16082 6651 256796 9445 1731 22609 12003 5555 6448 2027 93375 89395 5277 16033 233914 154355 4624 579 24823 5193 17461 2255 2770 4661 16076 2371 22882
is_linear=0
shrinkage=0.05


Tree=10
num_leaves=63
num_cat=0
split_feature=27 24 27 24 16 16 16 14 24 24 0 24 16 16 16 13 16 12 16 16 13 27 0 16 19 11 0 12 21 23 16 11 11 13 2 0 16 23 0 21 3 12 16 3 25 3 11 28 12 2 23 21 3 13 11 14 16 14 27 16 12 2
split_gain=2.92808e+07 2.5035e+06 1.46009e+06 577185 445415 221952 155921 136506 117506 113217 97797 90555 69282.8 55768.7 50421.8 48852.5 41816.9 39086.8 37394.4 37245.6 34983.4 31365.3 30407.2 29587.5 28315.8 28144.2 27487.1 27330 27185 26976.6 26464.4 25161.4 36084.1 23918.2 36744 23875 23401.2 23369.8 21377.5 20928.2 20648.2 20621.4 28053.5 21596.3 20483.3 19469.9 19093.6 19086.2 18192.5 17565.8 17019.9 16686 16650.2 19957.4 19562.6 22819.6 16248.9 16146.6 17818.1 16132 15431.1 15094.7
threshold=11.638027191162111 81.500000000000014 1.6345761418342593 401.66665649414068 5.4324850417456121 0.92078365304420362 0.34486080659092427 17670.500000000004 31.783332824707035 171.31666564941409 8.5000000000000018 14.283333301544191 7.3613656407420152 22.287635258195845 3.6155435473617294 0.60355339059327384 30.164248600439702 -0.98296291314453399 64.295668806870154 17.581253621257684 0.25881904510252057 0.35544712841510778 20.500000000000004 64.295668806870154 36.500000000000007 0.25000000000000017 18.500000000000004 0.78656609248549325 3386.0000000000005 1.0000000180025095e-35 0.9894773750645901 1.0000000180025095e-35 0.6830127018922193 -0.5 3.5000000000000004 19.500000000000004 0.25744793104808494 76.892856597900405 18.500000000000004 5.5000000000000009 5.5000000000000009 0.78656609248549325 17.581253621257684 3.5000000000000004 362.19598388671881 5.5000000000000009 -0.9330127018922193 1153.5000000000002 0.91597561503675362 2.5000000000000004 0.25000000745058065 2137.0000000000005 4.5000000000000009 -0.60355339059327384 0.6830127018922193 17665.500000000004 1.0579660584460677 17655.500000000004 0.50571158528327953 6.3428096848767614 0.78656609248549325 2.5000000000000004
decision_type=2 2 2 2 2 2 2 2 2 2 2 2 2 2 2 2 2 2 2 2 2 2 2 2 2 2 2 2 2 2 2 2 2 2 2 2 2 2 2 2 2 2 2 2 2 2 2 2 2 2 2 2 2 2 2 2 2 2 2 2 2 2
left_child=2 4 6 9 11 36 21 23 13 16 18 30 20 26 38 31 48 -15 -9 -11 39 -1 29 52 51 -26 33 28 40 49 -2 -14 -33 34 -6 50 -4 -27 -7 57 -18 42 -10 47 -25 -37 -12 -44 -3 -16 -19 -21 53 -5 -54 -56 -13 58 -8 -50 -32 -17
right_child=1 3 5 7 8 14 12 10 41 19 46 56 15 17 22 61 27 35 -20 24 -22 -23 -24 44 25 37 -28 -29 -30 -31 60 32 -34 -35 -36 45 -38 -39 -40 -41 -42 -43 43 -45 -46 -47 -48 -49 59 -51 -52 -53 54 -55 55 -57 -58 -59 -60 -61 -62 -63
leaf_value=-0.054607376354535248 0.012070957280238982 0.094220751964408475 -0.029507251171141863 0.037629975455652359 0.082313532014789803 0.015183962623251439 -0.038995007679815029 0.1226916363207165 0.077120236163663425 0.10188848359479317 0.27595382218142817 0.021465939595363262 -0.011564512600347155 0.13841367940996149 0.10303686560250871 0.023858719536548154 0.11493680011491357 0.11905819702393157 0.26301998625586459 0.13277315051445546 -0.047248872021827232 -0.045083712516848021 0.0036696781530301419 0.14838532918183506 0.14408525217758625 0.32256762557829116 0.039343176500572168 0.16488782550769954 0.36026245513078314 0.032731675291899832 0.031896803179734805 0.16867353975637792 0.041283841801253829 0.080405949632791962 0.050619935391616244 0.052653259741404307 -0.010844696674340364 0.17156008068076034 -0.014125922546693627 0.03021197051510334 0.14397629551730806 0.11249993576072126 0.083096841734266652 0.10598175512726189 0.18963437770001201 0.10447131452148513 0.16440638748554351 0.11195479962280303 0.078856487906284481 0.052466490087989454 0.084089171870292523 0.22297804394419452 0.082854817563346866 0.16755323832091984 0.20011556256764562 0.03798778836021352 0.065485499274738901 0.026170716595965045 -0.018973526551645612 0.13793955659410048 0.054668727469146007 -0.03992133335758153
leaf_weight=8287150.6294971704 149336.24672722816 264691.58563256264 274741.61645507812 3097.9924049377441 129834.14896166325 367267.49622499943 285747.78222703934 4987.0045013427734 260740.37741303444 56551.905981063843 4160.1306457519531 22467.874247431755 11067.010285615921 32468.180139899254 24735.733199715614 12476.856078147888 430000.50562238693 41635.546287894249 98973.980953216553 337859.18616104126 440996.95345497131 965236.69047904015 56775.710087418556 37389.999013900757 212464.76494026184 2624.0607490539551 107242.88980591297 35735.514245986938 1170.9508819580078 166436.7239831686 405148.09691131115 7799.6830009222031 19349.440533876419 213050.29667007923 309339.10335707664 94903.570514202118 432228.730260849 108728.06849384308 74898.115250349045 15030.151013970375 71377.563002586365 127817.57763433456 314307.5089173317 317340.60987186432 154359.11673545837 22408.265566110611 49325.553915023804 70072.697892189026 15140.544403553009 56159.387862086296 211869.86888742447 5205.9245300292969 17591.242560386658 64458.241052627563 9853.7965669631958 2783.6035022735596 313280.70409846306 12590.477865576744 181842.91460216045 48774.073662757874 91128.383082985878 36167.153839230537
leaf_count=7465702 58209 13271 190503 96 17900 148694 225232 88 22924 2117 37 4812 5586 1584 4235 7453 16117 2951 532 8270 374716 801186 27000 631 4718 35 24135 785 6 43634 115406 1446 5875 24882 45936 15576 248198 2144 42241 6841 2336 7178 20935 19031 1870 2853 704 4361 1023 12171 18864 88 427 1017 157 70 43175 6545 113385 1684 19735 27242
internal_value=-0.000938443 0.0969388 -0.0449313 0.140354 0.0695924 0.00197875 -0.0515658 0.190553 0.0818382 0.126244 0.228023 0.0414782 -0.0330434 0.070781 0.0209975 0.00967409 0.114057 0.085808 0.256289 0.140848 -0.0370067 -0.0536138 0.036669 0.170177 0.144152 0.154757 0.0628015 0.122637 0.119633 0.044244 0.0305252 0.0519793 0.0778824 0.0666587 0.0599896 0.0812019 -0.0180973 0.175119 0.0102192 -0.0278857 0.119071 0.0936303 0.0911244 0.0963279 0.181591 0.0625514 0.173083 0.0883577 0.100002 0.0679298 0.0898325 0.134142 0.147794 0.161595 0.116948 0.164405 0.0625398 -0.0297043 -0.0312088 0.123944 0.0360783 -0.0235621
internal_weight=1.70004e+07 5.2717e+06 1.17287e+07 2.03731e+06 3.23439e+06 1.45324e+06 1.02755e+07 446981 2.25303e+06 1.59032e+06 157447 981361 1.02307e+06 1.16275e+06 746273 86860.1 866891 403285 103961 723434 936208 9.25239e+06 304108 289534 666882 323817 759466 538285 502549 247332 645613 38216.1 27149.1 652224 439173 370817 706970 111352 442166 495211 501378 1.09028e+06 962461 701721 191749 117312 53485.7 384380 328606 80895.1 253505 343065 97784.9 67556.2 30228.6 12637.4 335749 480181 467591 63914.6 496276 48644
internal_count=10286555 528670 9757885 58223 470447 716676 9041209 5629 229110 52594 1361 241337 774321 154681 277975 47602 35222 41828 620 17372 726719 8266888 87040 4268 15255 6897 112853 19244 18459 60040 193350 12907 7321 88718 63836 40244 438701 2179 190935 352003 18453 74429 67251 44327 2501 18429 741 25296 15978 16406 21815 8358 1767 1113 654 227 47987 345162 338617 2707 135141 34695
is_linear=0
shrinkage=0.05


Tree=11
num_leaves=63
num_cat=0
split_feature=27 24 27 23 16 16 17 16 16 24 16 16 16 13 12 0 12 14 0 10 11 11 23 23 0 16 27 27 16 21 13 0 16 23 8 8 16 25 11 8 21 6 12 16 22 0 6 13 8 9 8 23 2 24 25 28 2 2 16 10 21 23
split_gain=2.58159e+07 2.26983e+06 925980 602412 386761 164005 151287 132187 84136.2 80168.4 69636.3 65714.9 55662.1 52654.4 52180.9 48085.4 47604 45353.9 41585.7 42691.2 41316.6 41961.6 39440.4 33552.7 30757.9 34519.1 29995.2 25376.7 25362.3 24716.4 24706.1 24496.5 23090.4 21524.8 21364.4 20628 20235.1 18167.1 18009.2 17874.7 17633.2 17504.1 16789.1 16538.3 16403.8 16289.5 19397.7 17835.8 16004.5 15917.1 15914.6 15293.5 14673.8 14029.1 13989.7 13835.4 13434.5 18003.5 18779.6 13363.8 13221.1 13083.3
threshold=7.6852223873138437 54.416667938232429 1.1960182785987856 286.39286804199224 4.727522468333432 1.0579660584460677 2140.0000000000005 3.2456657820570816 30.164248600439702 7.8833334445953378 17.581253621257684 64.295668806870154 0.17530180679361465 0.25881904510252057 0.78656609248549325 8.5000000000000018 0.78656609248549325 17670.500000000004 19.500000000000004 0.68301270189221941 -1.0000000180025095e-35 0.6830127018922193 125.92856979370119 18.464285850524906 8.5000000000000018 10.750608801827498 3.2838861942291264 0.35544712841510778 1.5210015087294306 2.5000000000000004 -0.5 14.500000000000002 0.23634247010265638 1.0000000180025095e-35 -1.0000000180025095e-35 -1.0000000180025095e-35 64.295668806870154 518.76980590820324 0.6830127018922193 -1.0000000180025095e-35 12.500000000000002 1.0000000180025095e-35 0.78656609248549325 17.581253621257684 244.3571472167969 18.500000000000004 1.0000000180025095e-35 -0.78656609248549325 -0.8783796973249266 1.0000000180025095e-35 -1.0000000180025095e-35 36.678571701049812 3.5000000000000004 0.050000002607703216 90.393695831298842 1115.5000000000002 2.5000000000000004 1.5000000000000002 30.164248600439702 -0.6830127018922193 3386.0000000000005 43.250000000000007
decision_type=2 2 2 2 2 2 2 2 2 2 2 2 2 2 2 2 2 2 2 2 2 2 2 2 2 2 2 2 2 2 2 2 2 2 2 2 2 2 2 2 2 2 2 2 2 2 2 2 2 2 2 2 2 2 2 2 2 2 2 2 2 2
left_child=2 4 7 8 9 32 11 12 24 28 16 34 53 20 22 17 23 -13 19 30 -9 -22 60 39 25 -3 -7 29 -2 -14 48 50 -4 41 43 49 -8 -33 -19 -6 -23 -28 -30 -5 -45 47 -47 -21 -12 -20 -17 -11 -38 -1 -24 -56 57 -15 -59 -36 -10 -26
right_child=1 3 5 6 10 26 36 13 14 51 18 15 27 56 -16 31 -18 38 35 45 21 40 54 -25 61 -27 33 -29 42 -31 -32 37 -34 -35 59 -37 52 -39 -40 -41 -42 -43 -44 44 -46 46 -48 -49 -50 -51 -52 -53 -54 -55 55 -57 -58 58 -60 -61 -62 -63
leaf_value=-0.054865715783015835 0.0082407695868143647 0.078997325098316418 -0.032249511127365266 0.063340946896218886 0.055968525406279904 -0.00063191832886296917 0.13699063513930854 -0.026942570804881768 0.096840652496329616 0.041880415568745832 0.088852915184931713 0.14610537693029899 -0.048049083015747604 -0.040270281847802375 0.14062276325944151 0.079034231205984587 0.086146154759571686 0.19801618623755396 0.056505248722194451 0.088249995072989335 0.1340282416684512 0.010834503460645422 0.095718553583277466 0.065119513170704912 0.058912341031368845 0.11369363165303353 0.05417493298155223 -0.031253621250134228 0.024054707105692946 0.043178843393922271 0.091138443729577051 0.13997468876803024 -0.014742811205261342 0.016508793316112585 0.092291285474445151 0.040134220811665657 0.25490056077418222 0.165502119672085 0.25776935680124957 0.037445809949338077 0.12143953621733364 -0.023145052721319382 0.05875589559583691 0.072328717969438391 0.12672646203310498 0.090624596248186307 0.00097745404203632277 0.11769834211353786 0.062656456789649387 0.098802571603883074 0.13792034343698809 0.067395818177044042 0.20884530940865642 -0.048431777928970361 0.11445406781404564 0.13483778473508046 -0.042107198671427863 0.013260008850537269 0.17066532982657157 0.14429398237384947 0.29208253779317989 0.083537940044663514
leaf_weight=7293766.1189057827 305514.53065419197 114804.71620798111 307803.43023967743 15921.023071289062 242528.45226895809 201646.34479117393 7035.9741764068604 23774.512033820152 568497.97777843475 444377.8851698637 71590.297556400299 37219.652761459351 847403.25227642059 12144.450148105621 123060.11821937561 17861.388404846191 135230.58870315552 40460.414794921875 57409.704328536987 92401.914908885956 12127.260053157806 28203.982570052147 73077.80442905426 409915.86633956432 62875.044179439545 190875.48639631271 72338.902616858482 349223.01148808002 263476.0480287075 7490.02377140522 155255.6152831316 119929.40032958984 485333.13846075535 242452.96116244793 13646.737358093262 98626.138611912727 27283.239242553711 166431.63684463501 18323.336112976074 281344.06256449223 4131.2317453622818 8143.6285191774368 40170.538595914841 16479.98390007019 87161.182029724121 21074.123626470566 8455.2635638713837 115936.38073384762 314203.10016751289 36311.55438041687 32089.366891860962 67672.178812503815 47268.420286178589 958640.70361435413 352856.87909317017 108960.84576511383 71372.030767917633 8586.9809703826904 2431.4065796136856 130573.21881771088 868.35995101928711 379524.56437444687
leaf_count=6912666 131713 6588 228918 539 41123 97741 120 15019 23603 90919 5141 500 759788 9168 2413 339 11391 226 8268 7197 3214 12290 2130 44651 4449 6480 18138 262086 83317 3896 11182 1808 295111 90255 283 15628 160 2019 78 52956 500 4336 8453 402 1674 1683 1021 6182 26164 4300 510 7470 321 860688 9173 2601 58532 5934 742 2287 6 20065
internal_value=-0.000989484 0.0831656 -0.0464993 0.116358 0.0542609 -0.00719125 0.153634 -0.051884 0.101683 0.0306698 0.067225 0.146084 -0.052653 -0.00720854 0.109739 0.158085 0.0584202 0.189296 0.076916 0.0820573 0.0262636 0.0547135 0.106298 0.0544049 0.0884658 0.100663 0.0144985 -0.0426105 0.0184119 -0.0472498 0.0742957 0.149175 -0.0215369 0.0239462 0.126417 0.0560961 0.21805 0.154811 0.216642 0.046021 0.0249662 0.0463512 0.0286455 0.110788 0.118077 0.0997114 0.0649558 0.104638 0.0675177 0.0728932 0.116864 0.0452525 0.2257 -0.0541183 0.116047 0.119263 -0.0313694 0.00171715 0.047996 0.139373 0.0971385 0.0800381
internal_weight=1.68516e+07 5.91458e+06 1.0937e+07 2.75309e+06 3.16149e+06 1.31772e+06 777685 9.61929e+06 1.9754e+06 1.12121e+06 2.04028e+06 696097 9.45652e+06 162772 1.22732e+06 432315 1.06902e+06 96003.4 971264 778917 68237 44462.5 1.10426e+06 933788 748080 305680 524582 1.20412e+06 609161 854893 541049 336312 793137 322935 263782 192347 81587.6 286361 58783.8 523873 32335.2 80482.5 303647 119562 103641 237868 29529.4 208338 385793 93721.3 49950.8 512050 74551.7 8.25241e+06 534896 461818 94534.9 23162.8 11018.4 144220 569366 442400
internal_count=10286555 647533 9639022 88774 558759 734499 11266 8904523 77508 321872 236887 10665 8799124 105399 39926 5480 150121 804 86766 58570 31023 16004 37513 138730 37582 13068 210470 1025770 223483 763684 42487 4676 524029 112729 5185 28196 601 3827 304 94079 12790 22474 91770 2615 2076 16083 2704 13379 31305 12568 849 98389 481 7773354 13904 11774 74376 15844 6676 2570 23609 24514
is_linear=0
shrinkage=0.05


Tree=12
num_leaves=63
num_cat=0
split_feature=15 15 15 15 24 15 14 15 15 0 15 18 16 13 28 6 0 14 0 18 19 10 18 6 0 0 3 17 11 11 3 16 16 11 20 11 0 13 13 23 6 3 19 26 19 28 3 21 18 11 11 0 16 21 0 3 17 14 28 11 26 16
split_gain=2.39045e+07 1.85426e+06 867228 382318 340732 91702.4 84232.4 78225.9 73257.6 61781.8 52291.9 32791.4 32533.4 36535.1 42970.6 32163.2 32150.3 27604.8 27069.5 27028.7 23332.6 22292.7 21093.8 19667.5 22941.9 30083.3 19482.6 18143.1 17622.5 17463.6 28244.7 17144.6 15476.2 14859.7 14836.2 14687.4 15019.4 17165 14187.9 14163.4 14918.9 13645.7 21035.6 13462.3 13174.5 12704 12625 16074 12492.6 14666.8 13934.4 11974.5 20861.5 11881.7 12781.4 11697.1 11584.3 11041.1 10674.5 10564 10278.2 10467
threshold=2.9599788063613279 74.994101756386655 0.40116914460053282 20.308175013221597 401.66665649414068 169.25862785763439 17670.500000000004 1.2409626182517315 6.8099233661448499 8.5000000000000018 0.10717020345657406 121.50000000000001 44.113525873693668 -0.5 1153.5000000000002 1.0000000180025095e-35 18.500000000000004 17666.500000000004 7.5000000000000009 55.500000000000007 332.50000000000006 0.68301270189221941 137.50000000000003 1.0000000180025095e-35 14.500000000000002 16.500000000000004 5.5000000000000009 2013.0000000000002 0.6830127018922193 1.0000000180025095e-35 4.5000000000000009 1.0579660584460677 44.113525873693668 -0.9330127018922193 5.5000000000000009 1.0000000180025095e-35 16.500000000000004 -0.78656609248549325 -0.5 1.0000000180025095e-35 1.0000000180025095e-35 4.5000000000000009 970.50000000000011 10.970990657806398 1742.5000000000002 1203.5000000000002 1.5000000000000002 1457.0000000000002 26.500000000000004 0.6830127018922193 0.25000000000000017 8.5000000000000018 17.581253621257684 948.50000000000011 17.500000000000004 4.5000000000000009 1028.0000000000002 17392.500000000004 289.50000000000006 0.6830127018922193 165.793571472168 13.674987227246651
decision_type=2 2 2 2 2 2 2 2 2 2 2 2 2 2 2 2 2 2 2 2 2 2 2 2 2 2 2 2 2 2 2 2 2 2 2 2 2 2 2 2 2 2 2 2 2 2 2 2 2 2 2 2 2 2 2 2 2 2 2 2 2 2
left_child=2 3 10 8 5 22 19 -4 59 18 -1 17 20 21 15 -15 -16 28 55 38 60 -14 45 -13 -25 34 48 53 39 30 -20 -28 -19 -11 -26 -24 37 -37 -6 40 -5 42 -34 -41 -30 51 -35 -48 49 50 -10 52 -3 54 -21 -8 -57 -53 -38 -2 -7 -62
right_child=1 4 7 11 6 12 9 -9 26 33 -12 23 13 14 16 -17 -18 32 29 27 -22 -23 35 24 25 -27 31 -29 44 -31 -32 -33 41 46 -36 36 58 -39 -40 43 -42 -43 -44 -45 -46 -47 47 -49 -50 -51 -52 57 -54 -55 -56 56 -58 -59 -60 -61 61 -63
leaf_value=-0.054340233475250216 0.027744215956271242 0.082047475904804518 -0.021052237045473803 0.091861656661951396 0.05522652965009324 0.063021750203324761 0.17239383563807892 0.0031722398745124038 0.040662328128866387 0.21518730821255977 -0.040873234156295117 0.07911302797856469 0.087896651739458986 0.12482716857871397 0.17796300882436702 0.064480301658998845 0.077512629479071213 0.071805367330999126 0.20772059219784322 0.14096088276316118 0.12541193886941138 0.13247446984434713 0.091374955311192149 0.082597651283375262 0.20216160120427229 -0.0042552880864353245 0.001600610637496387 0.20463384026368134 0.052838671804077787 0.23358233665037426 0.09376277897978226 0.064053863506329287 0.07566323977742169 0.15843615399670982 0.088110328958188072 0.087630613629662124 0.15507671711637608 0.1331638114260488 0.11727801902841649 0.039322962376159599 0.014330368437808197 0.11682102197637341 0.26895897412798531 0.06585996273755032 0.35174529635695934 0.1002776371323368 0.11922254540623056 0.014919727903689185 0.056350438066419789 0.028961336197873295 0.0623595359401291 0.068431697388832077 0.11811224724851691 0.16384368608531669 0.10908971567424386 0.029901380911332171 0.17258078069793992 0.084768445675714232 0.080661644566459884 0.01364103779394062 0.037894879790333902 0.097445349334378206
leaf_weight=8269353.8798972368 488087.75169420242 103012.51397514343 741519.70068824291 78076.12051987648 9922.3542957305908 32725.527676582336 45263.704551696777 605294.29628157616 512642.51268339157 4870.561336517334 789668.7610347271 219548.65095996857 113231.15219688416 294062.58383560181 58252.456413269043 23872.677673339844 9227.9287948608398 327675.57321715355 27028.277496337891 111197.39568901062 55891.86051940918 37280.790449142456 165308.00496673584 23798.943188667297 13879.585997581482 2577.4980087280273 11766.344258069992 10776.167285919189 355960.86177158356 40069.392311096191 6807.2169952392578 166370.93673419952 64945.707259654999 18496.196159362793 3589.2022390365601 27120.546357154846 5433.8099136352539 87423.829851150513 128774.22505283356 50835.62619972229 6740.6080474853516 40007.107685089111 1438.6242055892944 798638.55835771561 368.93068885803223 150906.96017169952 35824.037895202637 4118.582950592041 129773.30421805382 230881.02047872543 86483.16242980957 135096.6846909523 65657.018508911133 35964.597990036011 43873.059993743896 3048.8345184326172 2667.2779731750488 441238.21170330048 42618.073665618896 182404.32264208794 7813.6507625579834 132749.78734397888
leaf_count=8192489 147359 4113 508009 6269 204 992 222 289127 90897 37 681980 12970 2349 4949 858 618 175 22643 114 1318 1049 676 5071 1136 341 199 2827 82 31473 152 44 25189 3868 198 128 815 102 2111 1737 5562 696 1794 32 60912 5 4912 447 59 18903 45189 14397 5815 1823 357 527 57 31 16413 1303 59172 342 2917
internal_value=-0.0010303 0.0757191 -0.0476007 0.0536541 0.108992 0.0995085 0.144669 -0.0101651 0.0370177 0.171514 -0.0531663 0.068787 0.113087 0.119829 0.127988 0.120296 0.164227 0.0662775 0.191912 0.129832 0.0973201 0.0989384 0.0910195 0.0852189 0.115793 0.155201 0.0447425 0.14151 0.062609 0.211246 0.184794 0.0599287 0.0771852 0.131277 0.178729 0.10187 0.11254 0.122383 0.112839 0.0662172 0.0857001 0.0937543 0.0798527 0.0642719 0.0531483 0.0870482 0.124283 0.108468 0.0419239 0.0396683 0.0437943 0.0843684 0.0960863 0.13795 0.131944 0.163883 0.0964818 0.080939 0.0890771 0.0239075 0.0882594 0.0941351
internal_weight=1.672e+07 6.31412e+06 1.04058e+07 3.79649e+06 2.51763e+06 1.98892e+06 528702 1.34681e+06 1.80841e+06 188194 9.05902e+06 1.98808e+06 765108 535928 385416 317935 67480.4 1.72469e+06 124885 340508 229181 150512 1.22382e+06 263394 43845.2 20046.3 1.13792e+06 201811 1.29062e+06 73904.9 33835.5 178137 434067 63309.4 17468.8 327904 162596 114544 138697 934291 84816.7 106391 66384.3 849474 356330 895911 58438.8 39942.6 959780 830007 599126 745004 168670 191035 155070 50979.8 5716.11 576335 48051.9 670492 173289 140563
internal_count=10286555 614950 9671605 551961 62989 57403 5586 797136 403933 1361 8874469 148028 14925 9625 6600 5567 1033 133254 620 4225 5300 3025 42478 14774 1804 668 197402 2284 104917 310 158 28016 28337 741 469 9402 4331 2926 1941 73439 6965 5694 3900 66474 31478 33076 704 506 169386 150483 105294 28164 5936 2202 1845 310 88 22228 1405 206531 4251 3259
is_linear=0
shrinkage=0.05


Tree=13
num_leaves=63
num_cat=0
split_feature=15 15 15 15 22 15 17 15 15 15 16 15 19 16 0 6 3 3 14 19 0 18 18 3 11 18 2 6 0 16 8 27 2 0 17 10 11 3 19 10 18 11 8 19 3 14 2 2 0 0 0 16 14 26 21 3 0 8 2 16 27 3
split_gain=2.13134e+07 1.4984e+06 802598 333472 263212 74589.1 72605 59893.8 51271.3 43269.1 38653.1 38261.4 33076.3 28729.6 27908.2 26156.9 23676.6 21929.8 20925.1 17262.9 16857 16433.4 16343.2 15903.8 15803.5 17880.1 15566.9 15311.3 17472.1 14887.8 13544.8 13495.3 13396 13337.5 12704.5 12632.4 12459 12387.9 12164.4 11895 11766.6 12161.6 11546.3 10658.3 10443.5 10418.5 24537.2 29143 14707.3 10117.5 10037.5 18705.7 10823.9 12169.7 10990.7 10473.6 9995.72 9713.12 9611.24 9711.98 11770.8 10653.9
threshold=2.7379430650259429 74.994101756386655 0.35267516357688117 14.198711026194831 374.85714721679693 1.1040358852540066 2140.0000000000005 169.25862785763439 40.786612327004597 0.10354855147842275 44.113525873693668 5.23177629134151 2776.0000000000005 64.295668806870154 16.500000000000004 1.0000000180025095e-35 4.5000000000000009 4.5000000000000009 17664.500000000004 167.50000000000003 18.500000000000004 133.50000000000003 155.50000000000003 1.0000000180025095e-35 0.6830127018922193 104.50000000000001 1.5000000000000002 1.0000000180025095e-35 14.500000000000002 4.727522468333432 0.6078576107927941 113.2662925720215 5.5000000000000009 13.500000000000002 340.50000000000006 -0.93301270189221919 0.6830127018922193 1.0000000180025095e-35 16.500000000000004 -0.6830127018922193 46.500000000000007 0.6830127018922193 -0.60785761079279388 2440.0000000000005 5.5000000000000009 17658.500000000004 2.5000000000000004 1.5000000000000002 5.5000000000000009 13.500000000000002 8.5000000000000018 17.581253621257684 17132.000000000004 38.975751876831062 1457.0000000000002 3.5000000000000004 20.500000000000004 -0.8783796973249266 11.500000000000002 1.9658331177480497 87.092742919921889 5.5000000000000009
decision_type=2 2 2 2 2 2 2 2 2 2 2 2 2 2 2 2 2 2 2 2 2 2 2 2 2 2 2 2 2 2 2 2 2 2 2 2 2 2 2 2 2 2 2 2 2 2 2 2 2 2 2 2 2 2 2 2 2 2 2 2 2 2
left_child=2 3 9 11 7 -4 10 21 17 45 -6 -2 20 16 30 18 32 36 -16 26 23 50 57 -12 -18 -26 -8 -24 -29 -19 -15 -17 49 -32 44 -34 -5 -28 -30 -21 41 -13 -14 -41 -23 -1 47 -47 -49 -9 51 55 53 -52 -54 -3 -50 -10 59 -7 61 -61
right_child=1 4 5 8 6 58 19 13 22 -11 12 40 42 14 15 31 24 29 -20 39 -22 34 27 -25 25 -27 37 28 38 -31 33 -33 35 -35 -36 -37 -38 -39 -40 43 -42 -43 -44 -45 -46 46 -48 48 56 -51 52 -53 54 -55 -56 -57 -58 -59 -60 60 -62 -63
leaf_value=-0.054437383031230704 0.018109177199845217 0.089448050335366902 -0.022687811246259126 0.0523189352707365 0.087664351493577208 -0.00084559773368151801 0.2078865362686334 0.098627504400989385 0.076731938506458708 -0.041396068329254888 0.14098168659011881 0.037198212693527556 0.09636740871052496 0.084276981114904351 0.11257379250675306 0.19203286539971423 0.055591100570459268 0.04014437502653867 0.14669901285746653 0.10953895389970819 0.047935676596440817 0.083152367511476671 0.074891186945928709 0.11664410132470121 0.079512201552548276 0.17305705987015069 0.0099618324386446643 0.079211077742754182 0.19591754225411245 0.065978095913788046 0.12941143689686055 0.052983374110632378 0.03427778598696455 0.077304446334010832 0.11694465414431215 0.10988639913366186 0.039518315821684205 0.12944151007400961 0.098926781705955577 0.20857630588907408 0.054695134129881029 0.023942609637224155 0.19425186494087107 0.16554012580429733 0.11191831854204937 -0.05495073578296733 -0.054105192370537875 0.033715168475878216 0.23802695530438633 0.071679463761615603 0.033039684217771689 0.10551329106959545 0.07833148334776005 0.069642058956673775 -0.024553268958294072 0.058813928002649375 0.047926019901674465 0.062804703718426447 -0.018717993693870491 0.0070420185782384855 0.18866774461437769 0.045182847735621201
leaf_weight=7803741.6240480542 493839.62742459774 55981.87463760376 728496.28281366825 706847.49699187279 93717.807673454285 433981.12575292587 6032.2084693908691 70942.434688568115 147859.53311491013 709275.74303084612 81872.484073638916 649156.25669813156 3531.4278869628906 119629.89180183411 107332.11582183838 1932.801929473877 71694.508057594299 65218.044476985931 77262.873384475708 5592.9308319091797 8028.1720504760742 243998.03182792664 133178.85000324249 372798.33791351318 26751.02836894989 6314.1410617828369 2369.931245803833 15801.003966331482 8011.5429201126099 385006.95036911964 40668.193305969238 17951.880136489868 5746.5514602661133 17595.045377731323 40155.568391799927 143096.55739402771 260024.80140447617 25660.463857650757 5420.6189308166504 27324.515556335449 71917.943662881851 235923.02079701424 20530.51586151123 30396.743301391602 36240.489012718201 6645.1557959318161 35511.666107356548 5027.0704089403152 2011.4377006292343 68432.817087173462 28075.787806034088 83092.935806274414 569396.92107963562 118821.63561725616 2607.5338878631592 55630.408160209656 1053.9202997684479 816760.46036911011 57084.92046380043 112595.76539134979 963.00558280944824 21864.649170637131
leaf_count=8123587 165493 1968 524900 73778 1826 222675 39 1275 7636 642267 818 133664 33 2194 1561 37 1768 7942 1038 36 152 7038 6315 4207 607 94 36 592 181 33520 610 431 121 358 904 2459 30891 235 138 134 11641 54428 95 129 972 6566 35676 4221 677 1510 1500 2156 19745 4554 99 2250 658 47479 29872 50045 89 8635
internal_value=-0.00106266 0.0679606 -0.0475654 0.048542 0.0968295 -0.0118089 0.123772 0.0877406 0.0594509 -0.0532232 0.117069 0.0294125 0.122731 0.098631 0.108388 0.120988 0.0891369 0.0531209 0.126857 0.163725 0.119758 0.0808979 0.0674102 0.121027 0.0687798 0.0973762 0.135022 0.082084 0.114852 0.0622359 0.0939057 0.0665002 0.0965361 0.113676 0.0906415 0.106967 0.0488764 0.11934 0.156778 0.179167 0.0352453 0.0336649 0.179887 0.185913 0.0868724 -0.0542913 -0.0315967 0.0226393 0.0863534 0.0853962 0.0774809 0.0875516 0.0747533 0.0626465 0.0778625 0.0741793 0.172672 0.0649395 0.000841243 0.00280214 0.0144918 0.0132442
internal_weight=1.66004e+07 6.68217e+06 9.91825e+06 3.99497e+06 2.68721e+06 1.35499e+06 677856 2.00935e+06 2.54413e+06 8.56327e+06 580479 1.45084e+06 486761 775351 382373 204480 392978 1.4171e+06 184595 97376.8 462699 1.234e+06 1.12703e+06 454671 104760 33065.2 34062.6 162412 29233.2 450225 177893 19884.7 288218 58263.2 320394 148843 966872 28030.4 13432.2 63314.2 956997 885079 24061.9 57721.3 280239 7.85399e+06 50249.3 14737.6 8092.43 139375 913607 194705 718902 146897 572004 111612 3065.36 964620 626489 569405 135423 134460
internal_count=10286555 636687 9649868 573698 62989 836216 7740 55249 208472 8813652 7131 365226 5305 14063 6229 3067 7834 146131 2599 609 5177 41186 62341 5025 2469 701 310 7226 911 41462 3162 468 5365 968 8914 2580 104669 271 319 299 199733 188092 128 263 8010 8171385 47798 12122 5556 2785 32272 6374 25898 6054 19844 4218 1335 55115 311316 281444 58769 58680
is_linear=0
shrinkage=0.05


Tree=14
num_leaves=63
num_cat=0
split_feature=15 15 15 15 15 22 15 14 15 15 15 16 13 18 14 25 2 13 12 20 6 13 10 3 15 10 13 10 12 17 21 25 3 17 14 2 6 12 18 16 10 27 14 27 3 6 11 8 18 3 20 13 16 17 2 3 16 27 2 3 12 16
split_gain=1.91059e+07 1.33197e+06 595809 310479 229318 101688 53232.9 40463.3 34268.6 33513.7 31885.5 29333.8 31447.6 26954.8 24922.5 24728 23996.6 20803.5 45481.9 20618.3 19039.6 33073.9 20108.1 16578.6 16437.6 14939 14091 13578.9 16009 13312 12751 12738.3 12724.8 12454.2 16854.2 12451 12111 12576.2 12037.5 11972.9 21961.3 11775.9 11356.8 11280 10835.7 10675.7 10600.6 10464.5 10182 9803.63 9570.83 9098.17 9068.04 8819.25 8725.69 8525.88 10708.7 8394.8 8350.51 8335.91 10444.2 9353.88
threshold=2.0958623036903785 48.411404712880355 0.29839498755471638 169.25862785763439 10.387627334465197 605.14288330078136 0.87177470268056723 17670.500000000004 4.413726011354246 0.073540918714903827 20.308175013221597 44.113525873693668 -0.5 128.50000000000003 17665.500000000004 943.11325073242199 3.5000000000000004 -0.37940952255126015 -0.5 17.500000000000004 1.0000000180025095e-35 -0.12940952255126037 -0.93301270189221919 4.5000000000000009 104.18601518604287 0.68301270189221941 -0.5 -0.6830127018922193 0.78656609248549325 1258.0000000000002 178.50000000000003 176.08364105224612 3.5000000000000004 2431.5000000000005 17658.500000000004 2.5000000000000004 1.0000000180025095e-35 0.37940952255126054 104.50000000000001 10.750608801827498 0.68301270189221941 289.85060119628912 17664.500000000004 289.85060119628912 5.5000000000000009 1.0000000180025095e-35 0.6830127018922193 -0.8783796973249266 64.500000000000014 5.5000000000000009 1024.0000000000002 0.37940952255126048 0.67502327746741175 1493.0000000000002 11.500000000000002 4.5000000000000009 2.9145443521297407 107.65224456787111 2.5000000000000004 4.5000000000000009 0.78656609248549325 0.34486080659092427
decision_type=2 2 2 2 2 2 2 2 2 2 2 2 2 2 2 2 2 2 2 2 2 2 2 2 2 2 2 2 2 2 2 2 2 2 2 2 2 2 2 2 2 2 2 2 2 2 2 2 2 2 2 2 2 2 2 2 2 2 2 2 2 2
left_child=2 4 9 13 8 11 -4 14 46 39 44 23 25 24 33 36 17 18 19 -15 22 -22 -14 43 42 -13 41 -17 -29 32 53 -8 -12 34 -7 -27 37 -9 57 -1 -41 -18 -3 -5 -6 49 55 -44 50 -19 -34 -42 -46 -16 -45 -2 -57 -25 -49 60 -10 -61
right_child=1 3 6 5 10 7 31 15 59 -11 29 12 20 16 30 27 26 45 -20 -21 21 -23 -24 38 -26 35 -28 28 -30 -31 -32 -33 48 -35 -36 -37 -38 -39 -40 40 51 -43 47 54 52 -47 -48 58 -50 -51 -52 -53 -54 -55 -56 56 -58 -59 -60 61 -62 -63
leaf_value=-0.054497070186830067 0.011580893760474461 0.057401660801872423 -0.025800763208752298 0.071408468742770112 0.037866764090608962 0.090840476917990465 -0.0052445799939110898 0.036688499602237086 0.02174825654091838 -0.043766579610909448 0.04817886298969834 0.069493875231503396 0.037550091330605731 0.15758733472726941 0.030746764479366296 0.098716119170488337 0.064920434776865002 0.067808922252255668 0.078206100808463935 0.094177093764349407 0.099089995848317042 0.0066479989585921679 0.10518619682919941 0.1355909163968286 0.073001638645622077 0.13701598755635544 0.080605293932267397 0.11777038417177535 0.16052540134939935 0.20214997350683217 0.11575562856428578 0.2267260522194087 0.054883861491815435 0.1748871992351626 0.12713700735749311 0.084551090793333755 0.018455470920252289 0.12684755238787546 0.097480466634598611 -0.054551938048782167 0.18919891981478484 0.018495906589908497 0.082890895008888313 0.089206855813819319 -0.030390903625013795 0.019212301049752037 0.00078339340396220815 0.077991396794594034 0.072678725791971918 0.14104665668437097 0.23087376735479032 0.035104123682227567 0.055452056755717717 0.091996504285913938 0.12458111848756792 0.017260665439221438 0.049344494826036908 0.047306893791786209 0.061433920027164281 -0.024884875498715292 0.039923570993949525 0.037925470895718877
leaf_weight=7235142.2174888849 282719.38661527634 534328.33484315872 656254.20848202705 80928.844795227051 699579.47371578217 57156.342403411865 579116.08290636539 4741.8909111022949 446130.0284113884 823204.025154531 713249.31355667114 135663.27547645569 11201.028625488281 39591.457232475281 18137.118751525879 13156.953044891357 146583.09097671509 34173.687335014343 74752.085800170898 18959.817673683167 30935.203973770142 14079.73006439209 581246.52020645142 2801.9540777206421 587290.41802978516 16397.997928619385 193025.06236362457 27419.980892181396 108692.8775177002 1491.4745473861694 10425.124187469482 592.31876611709595 499075.48329091072 8146.4251823425293 72626.515058517456 36442.672399520874 4178.3326568603516 20990.696599960327 17051.321056365967 8060.9653321504593 1405.844873547554 15063.806499481201 92721.218489646912 94385.878469467163 3150.7670512199402 9766.5213994979858 151086.00729775429 94052.881443023682 99395.015277862549 5274.896559715271 773.65337371826172 3006.3425614237785 130125.56971716881 8694.7374954223633 21384.008687973022 81475.613744497299 38203.19633102417 69053.631956100464 400134.14319896698 6086.5387544631958 96060.81334233284 226586.05566310883
leaf_count=7916977 105926 26664 507041 1666 101712 603 325819 64 108304 805859 60213 2446 175 704 243 76 5181 984 2144 355 496 396 7493 76 16784 242 5571 233 415 45 101 26 39139 56 622 576 41 126 313 7884 332 406 3634 1616 700 370 59502 4025 6134 126 27 1911 16108 91 324 30702 11354 1736 18285 1925 23266 50190
internal_value=-0.00108653 0.0601523 -0.0483761 0.0809805 0.0379068 0.0988792 -0.016048 0.122203 0.0215783 -0.0533268 0.0480099 0.0914438 0.0962201 0.0692967 0.105115 0.138909 0.079066 0.0937974 0.104054 0.137054 0.101526 0.0701763 0.103907 0.0776308 0.0662251 0.0782788 0.071485 0.147224 0.151913 0.0528612 0.0688284 -0.00500752 0.0526915 0.114917 0.111152 0.100833 0.0974133 0.110234 0.0597123 -0.0544127 -0.0054673 0.0605942 0.0626757 0.0857298 0.0403561 0.0660153 0.0120762 0.0674771 0.0580627 0.0776024 0.0551563 0.0842073 0.0534226 0.0505949 0.095741 0.0163162 0.0275024 0.0507497 0.0645851 0.0283657 0.0249684 0.0362824
internal_weight=1.64936e+07 7.18684e+06 9.30678e+06 3.71166e+06 3.47519e+06 1.46594e+06 1.23596e+06 354367 1.32835e+06 8.07082e+06 2.14684e+06 1.11157e+06 825966 2.24572e+06 175186 179181 537190 182518 133303 58551.3 637462 45014.9 592448 285606 1.70853e+06 188504 354672 149270 136113 1.31398e+06 37257 579708 1.31249e+06 137929 129783 52840.7 29910.9 25732.6 88906.9 7.24762e+06 12473.2 161647 1.12124e+06 196699 832856 49215.1 553484 586908 599244 39448.6 499849 4412.19 133276 26831.9 115770 402398 119679 71855.6 494187 774863 542191 232673
internal_count=10286555 720706 9565849 105459 615247 20226 832886 2671 391169 8732963 224078 17555 11824 85233 1716 955 15841 4683 3203 1059 8560 892 7668 5731 69392 3264 11158 724 648 105558 435 325845 105513 1281 1225 818 231 190 2125 7927104 10127 5587 52608 3606 118520 1480 207484 25944 45300 1110 39166 2243 16808 334 1940 147982 42056 1812 22310 183685 131570 52115
is_linear=0
shrinkage=0.05


Tree=15
num_leaves=63
num_cat=0
split_feature=15 15 15 15 15 22 15 15 19 16 13 18 15 19 18 0 15 16 0 3 2 13 12 13 3 19 17 23 3 19 0 16 2 2 17 3 3 21 25 23 16 16 24 2 21 20 2 3 3 16 21 20 2 19 16 26 21 22 2 16 2 3
split_gain=1.72228e+07 1.09855e+06 557896 243303 203323 78671.3 55803.3 36201.3 29209.9 23516.5 25762.2 25068.5 23378.3 22548.2 28439.8 22268.3 22056.5 20156.9 22340.6 22175.8 29772.7 24166.3 21702.6 18651.9 17683.3 15022 14342.3 13626.5 14199.2 12880.6 12299.2 11480.8 11539.7 12497.2 10441 10680.2 10280 9962.75 9643.93 9624.49 10033.6 9335.5 9175.99 9093.68 13454.3 17657.9 12299.7 11640.4 8993.32 8938.2 8683.2 10192.1 8619.46 8548.82 8395.76 8167.24 8928.62 8092.17 7855.04 7739.44 7489.45 7385.91
threshold=1.9851422614667651 48.411404712880355 0.2396820389880765 169.25862785763439 8.3721071755108856 605.14288330078136 0.76929413255607659 20.308175013221597 241.50000000000003 64.295668806870154 -0.5 391.50000000000006 0.060803728256558449 288.50000000000006 3457.0000000000005 18.500000000000004 4.413726011354246 30.164248600439702 8.5000000000000018 4.5000000000000009 3.5000000000000004 -0.37940952255126015 -0.9159756150367534 -0.37940952255126015 4.5000000000000009 434.50000000000006 3688.5000000000005 5.1071429252624521 3.5000000000000004 91.500000000000014 13.500000000000002 10.750608801827498 2.5000000000000004 1.5000000000000002 1258.0000000000002 4.5000000000000009 4.5000000000000009 2586.5000000000005 943.11325073242199 524.85714721679699 64.295668806870154 0.40451256317952083 156.08333587646487 11.500000000000002 1943.5000000000002 611.00000000000011 8.5000000000000018 4.5000000000000009 5.5000000000000009 1.9658331177480497 975.50000000000011 1369.5000000000002 11.500000000000002 140.50000000000003 2.9145443521297407 66.188377380371108 1275.0000000000002 354.42857360839849 11.500000000000002 6.3428096848767614 1.5000000000000002 4.5000000000000009
decision_type=2 2 2 2 2 2 2 2 2 2 2 2 2 2 2 2 2 2 2 2 2 2 2 2 2 2 2 2 2 2 2 2 2 2 2 2 2 2 2 2 2 2 2 2 2 2 2 2 2 2 2 2 2 2 2 2 2 2 2 2 2 2
left_child=2 4 12 13 16 9 -4 29 43 11 38 24 31 17 -15 42 36 18 27 20 21 -19 -22 26 30 -26 37 -3 -29 41 -5 -1 33 -33 35 53 58 -10 -11 40 -21 -6 -12 46 45 -45 47 -7 -43 -37 51 -13 -8 60 -38 56 -20 -17 -2 -50 -9 -18
right_child=1 3 6 5 7 8 52 34 23 10 15 50 -14 14 -16 57 61 19 55 39 22 -23 -24 -25 25 -27 -28 28 -30 -31 -32 32 -34 -35 -36 49 54 -39 -40 -41 -42 48 -44 44 -46 -47 -48 -49 59 -51 -52 -53 -54 -55 -56 -57 -58 -59 -60 -61 -62 -63
leaf_value=-0.054527314309739061 0.0088475682865570594 0.098273819312427624 -0.027906051674533042 0.085533876741377676 -0.032575583286319779 0.10434696516526334 -0.0052305887486426665 0.029483776333593649 0.12160569068230793 0.071693150497251071 0.11840894703372318 0.086448922560990793 -0.045437904259255257 0.07458950444199007 0.3809093360049291 0.065754921517930762 0.020887816368100508 0.085173231138158001 0.038510724949778766 0.070655494419208653 0.068673917841685236 0.051224205087975316 0.04736215170819752 0.10606243860164249 0.045579380465283162 0.097261652159059284 0.1873446031129653 0.071869437464801497 0.049780288842066339 0.058551468096762288 0.064774285122620734 -0.054325840016955965 -0.054693841444439673 0.098323664310098313 0.17451883747497607 0.0077378563992613492 0.013703804883437743 0.16631470097574808 0.18126896473736751 -0.048845357880979552 0.089141251401953558 0.033014906695821612 0.095351363906828357 0.13396490843195588 0.21257734159224639 0.038574860180837611 0.051108667744936997 0.072511237204596846 0.033672828904417411 0.055800798668179143 0.14231502644006733 0.15446866065286491 -0.025799332192588811 0.061411310968472438 0.037050546888963337 0.052922296460262246 0.19647154647413956 -0.0018362011870670229 -0.01500872413100722 0.056189672019878914 0.045287403059634378 0.033131540054654414
leaf_weight=6761081.8463705778 385242.68387508392 29257.997606277466 670667.9759991765 139159.07326889038 5131.2965939044952 86472.116611480713 563286.64400053024 83003.231087207794 72819.064338684082 184838.68195152283 49004.045299530029 126401.8428401947 806865.68636536598 307568.77778816223 759.51885986328125 25243.74658203125 405232.49184966087 175128.27426528931 151749.43057346344 231834.75390052795 175787.31009674072 74815.263575553894 372802.43145656586 104379.66607666016 108161.72197914124 16161.041719436646 12089.901443481445 171796.51202011108 126197.64451026917 59936.528985738754 146428.16113090515 2070.8581333756447 5853.839284658432 3802.6527115106583 1637.173243522644 9901.3824863433838 123273.90164542198 15034.647842407227 2030.0653953552246 1538.058910369873 107422.25492858887 847440.95351195335 361351.68256568909 16744.110954284668 3410.624641418457 6830.9194793701172 19426.642871856689 42990.571506500244 68955.509793519974 420215.16656565666 8240.8491592407227 5758.4005813598633 55997.111796617508 74541.873065471649 56001.905808210373 425791.88272285461 899.82074928283691 5370.0288887023926 37899.383573293686 85463.471846580505 774681.0872130394 176966.42354261875
leaf_count=7773444 147147 1209 554978 2140 1214 700 329617 7393 383 2999 774 1743 843198 8305 2 396 103567 4932 8782 7663 5552 2631 14057 685 2403 260 32 5897 4878 6805 2629 2036 6068 1532 45 1112 47514 46 15 29 2910 129194 3965 135 14 64 185 427 10942 28871 88 56 34872 4958 17094 18355 31 87 15833 9481 63179 41002
internal_value=-0.00110295 0.054523 -0.04831 0.0728869 0.0346547 0.0882109 -0.0179129 0.0429319 0.107987 0.081829 0.0884426 0.0742836 -0.0534831 0.0627396 0.0753442 0.095036 0.0176694 0.0608392 0.0552716 0.0652651 0.060708 0.0750114 0.0541912 0.120845 0.0680379 0.0522978 0.136284 0.065712 0.0625149 0.0360329 0.0748899 -0.0544416 -0.00501221 0.0445023 0.0483284 0.0481768 0.0109623 0.129257 0.0728837 0.0759431 0.0765089 0.0346926 0.0981049 0.093049 0.119756 0.106326 0.0882084 0.0937754 0.0350371 0.0546944 0.092518 0.0894128 -0.00709048 0.0451696 0.0209969 0.0493649 0.039442 0.0538985 0.00671083 0.0461349 0.043758 0.0246095
internal_weight=1.63968e+07 7.52722e+06 8.86963e+06 3.9117e+06 3.61552e+06 1.55835e+06 1.28995e+06 2.43091e+06 380198 1.17815e+06 627838 550311 7.57967e+06 2.35335e+06 308328 440970 1.18462e+06 2.04502e+06 905693 1.13933e+06 798533 249944 548590 204323 409910 124323 99943.6 327252 297994 1.06693e+06 285587 6.77281e+06 11727.4 5873.51 1.36398e+06 1.36234e+06 602418 87853.7 186869 340795 339257 1.00699e+06 410356 175875 26985.7 23575 148889 129463 1.00186e+06 430117 140401 132160 619284 932226 179276 578441 152649 30613.8 423142 154419 857684 582199
internal_count=10286555 740810 9545745 105459 635351 20226 919467 263194 2671 17555 8236 9319 8626278 85233 8307 5222 372157 76926 39152 37774 27172 7563 19609 1146 7432 2663 461 11984 10775 157636 4769 7783080 9636 3568 105558 105513 227588 429 3014 10602 10573 150831 4739 1525 213 199 1312 1127 149617 29983 1887 1799 364489 75530 64608 27168 8813 483 162980 20423 70572 144569
is_linear=0
shrinkage=0.05


Tree=16
num_leaves=63
num_cat=0
split_feature=15 15 15 15 15 19 18 15 15 15 16 15 3 11 15 17 26 24 14 10 15 8 17 28 23 18 11 11 16 6 26 2 11 20 2 28 3 18 6 12 28 12 14 26 15 10 18 28 26 21 19 28 23 14 23 24 2 3 2 26 28 24
split_gain=1.55952e+07 957702 458679 223261 175095 63993 38953.1 37008.3 27473.3 26714.1 25526 24480.1 21236.3 18698 17611.9 14757.5 13924.8 18911.4 13665.8 29127.7 25572.6 13544.8 12732.2 14531 35605.5 11777.2 11198.2 11576.8 13647.5 10713.3 10507.5 10497.6 10397.1 10394.2 10287.7 10085.2 9853.1 9753.36 11021.4 10703.3 11363.1 9357.92 9136.04 9541.6 9418.95 9121.23 9028.33 8988.41 8917.48 8433.99 8384.29 7781.03 7630.48 7585.76 7367.69 7952.25 7309.21 7248.5 7676.51 7215.59 7162.14 7112.77
threshold=1.6787842515441695 40.786612327004597 0.2396820389880765 169.25862785763439 6.8099233661448499 1539.0000000000002 737.50000000000011 0.67400981782887881 74.994101756386655 20.308175013221597 64.295668806870154 0.060803728256558449 4.5000000000000009 -0.9330127018922193 3.4478250703967634 2140.0000000000005 522.97485351562511 132.84999847412112 17658.500000000004 0.68301270189221941 0.0020429030507908689 -0.8783796973249266 231.50000000000003 1203.5000000000002 524.85714721679699 33.500000000000007 0.6830127018922193 0.25000000000000017 3.6155435473617294 1.0000000180025095e-35 165.793571472168 7.5000000000000009 0.6830127018922193 667.00000000000011 3.5000000000000004 1230.5000000000002 2.5000000000000004 102.50000000000001 1.0000000180025095e-35 -0.5 517.50000000000011 0.78656609248549325 17664.500000000004 332.89945983886724 48.411404712880355 -0.5 104.50000000000001 409.50000000000006 1.0000000180025095e-35 2586.5000000000005 1066.5000000000002 1318.5000000000002 38.107143402099616 15973.000000000002 15.535714149475099 7.8833334445953378 11.500000000000002 4.5000000000000009 11.500000000000002 1.0000000180025095e-35 1306.5000000000002 19.85000038146973
decision_type=2 2 2 2 2 2 2 2 2 2 2 2 2 2 2 2 2 2 2 2 2 2 2 2 2 2 2 2 2 2 2 2 2 2 2 2 2 2 2 2 2 2 2 2 2 2 2 2 2 2 2 2 2 2 2 2 2 2 2 2 2 2
left_child=2 4 11 8 14 6 10 54 37 25 12 18 30 -8 57 35 61 -18 -1 -20 -21 31 23 33 29 26 27 51 -29 -25 -5 -7 49 41 -17 -15 -11 42 -39 40 -40 -10 -3 48 -45 -24 50 -14 -44 -23 -47 -6 -16 -38 -4 -56 -9 58 -2 -35 -48 -12
right_child=1 3 7 5 9 21 13 56 22 36 16 -13 47 15 52 34 17 -19 19 20 -22 32 45 24 -26 -27 -28 28 -30 -31 -32 -33 -34 59 -36 -37 53 38 39 -41 -42 -43 43 44 -46 46 60 -49 -50 -51 -52 -53 -54 -55 55 -57 -58 -59 -60 -61 -62 -63
leaf_value=-0.05455520906271713 0.0052643713022805447 0.043675278607447625 -0.028503314239772915 0.048801821708397669 0.029356087829243399 0.089624369461408643 0.13286829067436512 -0.0086166420481897672 0.054244137859168373 0.037216863067286027 0.11620463689147649 -0.044976531136470148 0.030108771217252667 0.086363971816052057 0.01859075713737449 0.15613969249129056 0.16682568083007518 0.085363368037762732 -0.053887225688462853 0.10694679811476282 -0.043918224908712361 0.096771691037971216 0.051479591342850274 0.071144690956691153 0.21889707909197353 0.045203044395708873 0.022481966392154589 0.021304775834419875 0.059247863278534332 0.033149728147788569 0.072908666867159369 0.00073507128794533133 0.12738835497543008 0.11479214760671652 0.09355679442944749 0.044722189166724491 0.011469024407926605 0.054500090391787083 0.15197592539257834 0.059509178131876873 0.076421567769725252 0.066083057548360621 0.072621237993116858 -0.00028696852766413241 0.091573433903318471 0.067626318414565817 0.088558922523359437 0.055961445650196034 0.049354438287676661 0.14071674977017162 -0.034921001284872577 0.045943052401780808 0.065766451438598231 0.047873734279987673 0.33445775027892166 -0.049123090408179769 -0.028340349957465417 0.015768839321743871 -0.019887212410874697 0.027711348300248569 0.0073427439461778675 0.071387550091909849
leaf_weight=6412701.1260545254 343986.03585147858 513420.98580121994 575265.13023775816 52634.36724281311 615908.38649606705 10582.455074310303 24559.97737121582 522499.41636347771 759954.82207012177 422599.04381275177 9063.1985607147217 775190.91230350733 50696.042255401611 254815.18632316589 595433.72235631943 12474.778503417969 7365.5633735656738 217750.4119644165 25390.611366391182 6538.4613762497902 4924.2432018518448 99298.001470565796 54895.3416929245 185401.02678108215 3949.6696624755859 157990.02455854416 306814.6674220562 33260.510141611099 82442.946516752243 20616.805820465088 320207.58559608459 4840.9797706604004 60199.255714416504 2516.9128131866455 13868.278915405273 15420.77335357666 14643.303490161896 191527.81468677521 8726.3270492553711 23881.670729637146 11582.546455383301 213904.49852800369 45239.663420677185 3140.3822860717773 25040.239103317261 140476.34065055847 91124.940620422363 99830.663704872131 459328.68946933746 12268.300338745117 2021.798318862915 79874.819349050522 8696.6695535182953 628522.96544265747 289.93820679187775 252.8892263174057 51611.336038708687 159193.71707999706 33271.185651302338 43356.135869979858 2798.0552349090576 382739.89127540588
leaf_count=7744011 146679 27996 493735 1131 96025 88 195 329742 23367 36474 150 843198 1117 2419 164989 46 75 1937 29546 4151 5372 607 1413 4873 30 19307 53264 6192 10645 534 4562 50 327 71 68 191 1668 8061 168 808 294 5900 2035 152 702 3585 1665 1852 22125 39 41 11969 1195 47545 55 154 35036 64461 15812 1215 69 5372
internal_value=-0.00111274 0.0491201 -0.0487033 0.0644852 0.0294804 0.0790857 0.0755601 -0.0193729 0.0558974 0.0373042 0.071228 -0.0533717 0.0631059 0.0909422 0.0134151 0.0874702 0.0781185 0.0880288 -0.0543807 -0.0240202 0.0421367 0.106611 0.0604419 0.0582153 0.0701935 0.0324244 0.0306191 0.0336956 0.0483407 0.0673425 0.0695055 0.061725 0.110641 0.0557489 0.123194 0.0839878 0.0431479 0.0505052 0.0596935 0.0822021 0.108887 0.0568445 0.048435 0.053022 0.0813366 0.0698408 0.0741041 0.0472546 0.0514406 0.101604 0.0661713 0.0312603 0.0192699 0.0470449 -0.0283296 0.155772 -0.0103898 0.00682168 0.00304618 0.0324896 0.0861395 0.0724243
internal_weight=1.63088e+07 7.93416e+06 8.37466e+06 4.45152e+06 3.48264e+06 1.64862e+06 1.46143e+06 1.14992e+06 2.8029e+06 2.34206e+06 1.14029e+06 7.22475e+06 523369 321139 1.14058e+06 296579 616919 225116 6.44955e+06 36853.3 11462.7 187189 1.52102e+06 1.2297e+06 209968 1.27629e+06 1.1183e+06 811487 115703 206018 372842 15423.4 171766 1.01973e+06 26343.1 270236 1.06577e+06 1.28189e+06 235718 44190.5 20308.9 973859 1.04617e+06 532749 28180.6 291316 236421 150527 504568 111566 142498 695783 604130 643166 575808 542.827 574111 536451 377257 45873 93923 391803
internal_count=10286555 801555 9485000 125330 676225 20226 19115 858722 105104 283089 16196 8626278 8662 2919 393136 2724 7534 2012 7783080 39069 9523 1111 42763 35990 5437 197402 178095 124831 16837 5407 5693 138 973 30553 114 2610 85687 62341 9331 1270 462 29267 53010 25014 854 6773 5360 2969 24160 646 3626 107994 166184 49213 493944 209 364778 226952 162491 1286 1734 5522
is_linear=0
shrinkage=0.05


Tree=17
num_leaves=63
num_cat=0
split_feature=15 15 15 15 15 19 17 15 15 15 18 15 19 3 11 24 12 3 13 2 0 2 0 2 13 13 11 3 18 22 0 8 11 11 13 0 23 19 18 26 8 28 19 28 26 28 27 23 18 11 17 10 28 8 27 2 2 13 24 3 11 20
split_gain=1.4171e+07 825124 403380 200953 143392 49842 30977.6 29949.2 29505.5 23799.4 21284.3 19265.4 19152.5 18691.6 14037.6 13917.7 13729.6 12846.3 12476.5 12358.7 34484.8 27350 37091.3 20197.4 17141.2 12354.6 11509.9 11335.2 12453.1 11417.4 11121.3 14618.2 10587.6 13482.2 16710.4 12423.2 11624.8 10447.3 16637.7 10101.8 9959.9 9747.31 9477.27 9441.85 8886.71 10306.4 8686.09 8625.63 8190.32 8176.57 8137.8 10498.4 8451.92 10430.3 10014.6 7814.04 7772.66 9112.79 7576.31 7357.48 7260.92 7190.84
threshold=1.4861071420406486 33.856872136240931 0.22965994534684389 169.25862785763439 6.8099233661448499 1539.0000000000002 1746.0000000000002 0.58890753169276666 74.994101756386655 0.060803728256558449 610.50000000000011 2.9599788063613279 178.50000000000003 5.5000000000000009 -0.9330127018922193 54.416667938232429 0.60355339059327384 2.5000000000000004 -0.37940952255126015 3.5000000000000004 16.500000000000004 1.5000000000000002 13.500000000000002 2.5000000000000004 -0.5 -0.9159756150367534 -0.68301270189221952 2.5000000000000004 3457.0000000000005 153.78571319580081 14.500000000000002 -0.8783796973249266 0.6830127018922193 0.25000000000000017 -0.5 7.5000000000000009 39.750000000000007 290.50000000000006 2610.0000000000005 185.07910919189456 -0.8783796973249266 276.50000000000006 164.50000000000003 1109.5000000000002 197.45324707031253 1101.5000000000002 353.34028625488287 15.535714149475099 1153.0000000000002 -0.9330127018922193 231.50000000000003 0.93301270189221952 1203.5000000000002 0.6078576107927941 596.28994750976574 6.5000000000000009 11.500000000000002 -0.37940952255126015 17.016666412353519 5.5000000000000009 0.6830127018922193 1.0000000180025095e-35
decision_type=2 2 2 2 2 2 2 2 2 2 2 2 2 2 2 2 2 2 2 2 2 2 2 2 2 2 2 2 2 2 2 2 2 2 2 2 2 2 2 2 2 2 2 2 2 2 2 2 2 2 2 2 2 2 2 2 2 2 2 2 2 2
left_child=2 4 9 8 11 6 10 47 19 -1 17 58 26 15 -12 32 39 43 -19 20 21 40 -23 59 30 -16 -8 56 29 -29 31 -21 33 55 -35 36 -34 50 41 -15 -3 46 -17 -5 -41 -46 -39 -4 -43 -31 52 -52 54 -54 -10 -6 57 -7 -2 -22 -13 -25
right_child=1 3 7 5 13 27 12 -9 37 -11 14 60 -14 16 25 42 -18 18 -20 24 23 22 -24 61 -26 -27 -28 28 -30 49 -32 -33 35 34 -36 -37 -38 38 -40 44 -42 48 -44 -45 45 -47 -48 -49 -50 -51 51 -53 53 -55 -56 -57 -58 -59 -60 -61 -62 -63
leaf_value=-0.054317947046330285 0.0036552649653152879 0.072313875529515306 -0.029423137952159808 0.06374662144770131 0.027159649639754747 0.11788118445142229 0.039040314574938451 -0.012489255132062053 0.050253601636435254 -0.044740766027097645 0.11098776083599815 0.020005823302190431 0.12631010400630607 0.046794455704528476 0.027344239110116228 0.042421010302427654 0.021076824630932779 0.04859323570015419 0.063456091045224816 0.060167147634633059 0.034995627724102515 0.05225806233677327 0.08881310891101192 -0.018668585006143872 0.049430874515830947 0.07606657664810923 0.090274511200966689 0.026813623444213383 0.0060015213383154799 0.026272935075560611 0.025185030229402494 0.036816846593817475 0.038488302685024692 0.060166144241618646 0.028653159186407918 0.02086320393368838 0.11267147068059287 0.095315307000085225 0.25016263370211295 0.19622874846730043 0.031614695359997259 0.063275975094468237 0.083481465262372739 0.078477930745538008 0.019125446221716705 0.13794222156976402 0.26885507562320698 0.18831393359903464 -0.015385148485112125 0.095609079009191453 0.057399557758189251 0.087850782787466872 0.068188514396311989 0.042029819994133188 0.018354787778906152 0.03615095526799366 0.14401412215172191 0.0864909512894248 0.066644418522587887 0.07590263725858265 0.0087187072028958468 0.030612159028966759
leaf_weight=6141976.6859538555 499020.28018796444 17830.892328739166 503172.77579402924 305705.49778556824 657934.10538339615 43442.750156402588 13793.615859985352 569545.55441653728 872366.59921550751 725291.2221159339 27903.961750030518 531796.36310267448 32920.32600402832 272170.05218315125 13577.580402374268 76977.83425617218 54293.771026134491 222806.68785953522 385522.26251316071 80639.36243057251 68538.334805011749 172503.73562669754 116096.87938499451 24517.163485050201 499305.85695362091 312102.21021652222 53412.273992538452 7354.3607177734375 5074.4444313049316 4497.3470611572266 150839.73610544205 397103.9435710907 37961.31785774231 91481.081171512604 77883.280947208405 405367.93466806412 6134.4128623008728 2433.6418724060059 1197.6656265258789 1903.6576561927795 95783.826006412506 248582.27429103851 17192.330454349518 168861.00263404846 3883.3105869293213 3443.6875977516174 1024.7609672546387 455.15479481220245 3353.6907730102539 78029.431091308594 208390.45228385925 32754.297351837158 137742.66120433807 52683.87032699585 25319.835077285767 381914.81132936478 11951.338714599609 49434.999526977539 4819.8422224521637 13091.875807285309 194634.15290892124 10603.642463684082
leaf_count=7783080 226612 792 451846 4132 85157 176 111 386158 26257 822786 242 147359 130 29077 176 4991 7601 3375 5564 3593 3694 7751 3837 1661 25393 2940 383 94 23 34 8630 21887 5725 10257 9928 58479 453 61 6 80 5354 5308 975 2062 233 156 11 151 57 447 5075 543 3452 1415 578 48476 51 286 972 579 59172 671
internal_value=-0.00111684 0.0446165 -0.0488514 0.0575097 0.0253122 0.0712292 0.0681747 -0.0203438 0.0501405 -0.0533064 0.0663003 0.0117708 0.0950647 0.0332888 0.0769516 0.0312188 0.0440975 0.0628225 0.0580124 0.045453 0.0518385 0.0587826 0.0669633 0.0279155 0.0425148 0.0740354 0.0797591 0.0947226 0.0822085 0.0865109 0.0370212 0.0407582 0.0301572 0.0325927 0.0456748 0.0236049 0.0488087 0.0550084 0.0642454 0.0485392 0.0380022 0.0633734 0.0499174 0.0689884 0.0999807 0.0749711 0.146745 -0.0292263 0.0622288 0.0918307 0.0532253 0.0615358 0.0513835 0.0609514 0.0493539 0.030462 0.106058 0.101174 0.00425786 0.0415565 0.0169816 -0.0037896
internal_weight=1.62283e+07 8.28791e+06 7.94044e+06 4.9691e+06 3.31881e+06 1.73639e+06 1.53661e+06 1.07317e+06 3.2327e+06 6.86727e+06 1.43648e+06 1.23027e+06 100126 2.08854e+06 353584 1.75285e+06 335694 1.0829e+06 608329 1.64686e+06 518966 402215 288601 116751 1.12789e+06 325680 67205.9 199785 94955.6 89881.1 628583 477743 1.65868e+06 1.20921e+06 169364 449464 44095.7 1.58585e+06 256592 281401 113615 255394 94170.2 474567 9230.66 7327 3458.4 503628 251936 82526.8 1.32926e+06 241145 1.08811e+06 190427 897686 1.03985e+06 104829 92877.7 503840 81630.2 726431 35120.8
internal_count=10286555 842534 9444021 146831 695703 20226 19115 838155 126605 8605866 18491 434115 624 261588 3358 224441 37147 15133 8939 83842 24339 17734 11588 6605 59503 3116 494 1111 598 575 34110 25480 218475 153818 20185 64657 6178 42763 5443 29546 6146 5437 5966 6194 469 389 72 451997 5365 481 37320 5618 31702 4867 26835 133633 513 462 227584 4273 206531 2332
is_linear=0
shrinkage=0.05


Tree=18
num_leaves=63
num_cat=0
split_feature=27 16 16 23 24 27 16 27 16 24 11 11 16 12 21 3 12 18 11 13 14 12 16 13 16 26 24 12 23 11 11 14 16 12 3 13 11 14 2 26 12 16 12 11 24 25 18 20 27 27 20 27 28 24 16 23 22 14 20 23 11 28
split_gain=1.23997e+07 690707 393018 203774 133285 70610.6 66245.9 63464.5 46078 43294.5 39390.7 46658.4 38980.5 29877 22585.1 21461.9 20944.4 17850.3 17719 16654.2 16250.5 14992.2 14523.7 14362.6 14326.4 14307.7 19262.7 23709.6 13027.1 12845 30964.2 21799.5 12345.4 12986.6 12780.1 11829.8 11821.1 19479.2 11503.1 10029.7 10025.6 10328.2 10006.7 9902.02 9778.14 9344.34 9084 19803.6 9033.79 8946.55 8925.19 8854.93 8612.85 8520.46 8431.79 8322.64 8291.5 9230.63 8855.92 8206.51 8191.5 14298.1
threshold=3.6170890331268315 10.750608801827498 0.26929582158776894 209.21428680419925 7.5833332538604745 0.7291143834590913 4.727522468333432 0.46361231803894049 0.92078365304420362 46.049999237060554 1.0000000180025095e-35 0.6830127018922193 64.295668806870154 0.78656609248549325 2.5000000000000004 3.5000000000000004 0.78656609248549325 118.50000000000001 0.6830127018922193 0.60355339059327384 17670.500000000004 0.78656609248549325 1.3061282486055725 0.60355339059327384 30.164248600439702 522.97485351562511 132.84999847412112 -0.98296291314453399 1.0000000180025095e-35 0.25000000000000017 0.6830127018922193 17656.500000000004 0.9894773750645901 0.91597561503675362 5.5000000000000009 -0.78656609248549325 0.6830127018922193 16165.000000000002 2.5000000000000004 31.545927047729496 0.78656609248549325 2.9145443521297407 -0.9159756150367534 0.6830127018922193 49.016666412353523 158.97790527343753 35.500000000000007 1416.5000000000002 1.0000000180025095e-35 1.0000000180025095e-35 2127.0000000000005 1.0000000180025095e-35 363.50000000000006 2.6833333969116215 0.093618012268479531 1.0000000180025095e-35 76.642856597900405 17666.500000000004 1714.5000000000002 1.0000000180025095e-35 0.6830127018922193 1306.5000000000002
decision_type=2 2 2 2 2 2 2 2 2 2 2 2 2 2 2 2 2 2 2 2 2 2 2 2 2 2 2 2 2 2 2 2 2 2 2 2 2 2 2 2 2 2 2 2 2 2 2 2 2 2 2 2 2 2 2 2 2 2 2 2 2 2
left_child=2 4 7 9 8 6 14 49 53 15 42 -12 21 25 29 18 24 32 23 -13 -15 46 -7 38 -11 45 27 -27 -17 48 31 -31 -6 43 -35 -28 44 -38 -3 -30 41 -10 -8 -34 -18 -14 -5 52 -4 -1 -36 -16 -48 -2 -9 -24 57 -26 -58 -43 -23 -62
right_child=1 3 5 12 17 22 10 54 40 16 11 19 13 20 51 28 36 -19 -20 -21 -22 60 55 -25 56 26 35 -29 39 30 -32 -33 33 34 50 -37 37 -39 -40 -41 -42 59 -44 -45 -46 -47 47 -49 -50 -51 -52 -53 -54 -55 -56 -57 58 -59 -60 -61 61 -63
leaf_value=-0.054678148408717576 -0.010091034164858077 0.056208301081195712 -0.052288035769253532 0.041790158130950703 0.0092589979950781134 -0.015929699924733365 0.038971861257956812 -0.042342564869369458 0.0075621788066934387 0.040404063779865759 0.089335738857133307 0.021276476186856706 0.030296682317454846 0.066516472958236594 0.069630220602882209 0.06033782551365479 0.12168368670160651 0.048162868646313244 0.021047837540251666 -0.041964686706181885 0.094467502675225995 0.058738218495233176 0.012564837853165532 0.015282061129838757 0.040262299472834426 0.27835807414434682 0.037836828341155926 0.090370310959933239 0.03323572755929674 -0.0094144385715896062 -0.042097011972376752 0.10989183877261061 0.030726577862446033 0.046539859833881897 0.010376177265220186 0.073538059426134617 -0.0037307730764278091 0.083345403415975933 0.036721742256814842 0.046207298443803113 0.029418657332000775 0.034264939171835616 -0.045564364263239815 0.019909829760934153 0.053652789294304538 0.061272514438231389 0.070238426878724794 0.15538261981906049 -0.033319529669505368 -0.049086499577847401 0.27564054203852817 -0.017836098534339741 0.046716558874102483 0.0044229897999198886 -0.030105606751926497 -0.0070808861032334225 0.053528364128211582 0.052912681035317426 -0.0091848684813055307 0.015717481326713908 0.079710465733336774 -0.029876082699858461
leaf_weight=4960312.178188324 261179.38818836212 90517.683212399483 243549.99976235628 188205.6163187027 74794.07723903656 375039.74221456051 3902.4173196554184 284626.76880043745 384492.49683684111 586295.83635282516 20681.953485906124 29188.974536299706 26622.106496810913 72485.944118499756 6302.592601954937 109833.99501913786 5388.3808660507202 133421.01253867149 230869.08592236042 16181.315197467804 184029.23121643066 201703.4031047821 83782.254676938057 66314.093042910099 362450.55154037476 2484.5894050598145 24722.799299240112 5162.4923458099365 227294.86175501347 57053.732736468315 198567.49654221535 4104.1048376560211 825166.73884606361 182909.32363009453 33107.7231310606 377796.30732727051 6991.186393737793 78959.35041809082 463727.78209960461 432746.34242463112 112417.97795909643 72087.370602726936 33988.305066764355 284539.67388701439 267309.29159069061 284994.54197120667 58913.038116455078 5025.3409233093262 84566.036211192608 835929.15303874016 320.07127380371094 5349.5750390291214 114674.49505281448 164997.50578546524 278535.65581464767 151195.89008295536 786817.14530897141 239484.25698518753 5669.7135410308838 345381.66909438372 95815.906093597412 3071.7945976257324
leaf_count=6614446 168117 5509 299105 3167 17779 266648 2132 319621 140900 24552 7749 9893 402 632 2499 8308 155 9248 20625 16600 532 2656 36082 12318 12233 15 325 67 24356 60058 221435 2707 101993 15305 2269 3062 184 1539 35006 28168 22686 14985 32054 36182 5703 3181 751 38 84530 1058800 2 3835 1685 71747 262532 77641 19056 6726 103 84708 1162 51
internal_value=-0.00111613 0.0405502 -0.047172 0.0507679 0.020624 -0.0222721 -0.0330679 -0.0523148 0.00910638 0.0446233 0.00378156 0.0270943 0.065556 0.0719119 -0.039457 0.0383438 0.0489752 0.0306875 0.0328735 -0.00127842 0.0865692 0.0562393 -0.00982293 0.0372731 0.0469621 0.0667028 0.0728389 0.151452 0.0443936 -0.0408234 -0.0325159 -0.00140793 0.0290231 0.0301378 0.0413446 0.0713453 0.0600934 0.0762626 0.0399042 0.0417404 0.015435 0.0134747 -0.0368577 0.0279531 0.0549971 0.0586262 0.0494555 0.0575325 -0.0473993 -0.0538717 0.0129171 0.0294737 0.0546996 -0.00447181 -0.0362903 -7.61129e-05 0.0497194 0.0452954 0.0530797 0.0189202 0.0645177 0.0763063
internal_weight=1.61541e+07 8.48119e+06 7.67286e+06 5.60638e+06 2.87482e+06 1.31345e+06 703437 6.3594e+06 1.34056e+06 3.96067e+06 103943 66052.2 1.64571e+06 978298 599494 1.6213e+06 2.33937e+06 1.53426e+06 851429 45370.3 256515 667410 610018 620560 1.98072e+06 721783 410166 7647.08 769875 587841 259725 61157.8 1.40084e+06 1.32604e+06 216337 402519 358648 85950.5 554245 660041 914380 801962 37890.7 1.10971e+06 272698 311617 366818 178613 328116 5.79624e+06 33427.8 11652.2 173588 426177 563162 234978 1.39442e+06 601935 792487 417469 300591 98887.7
internal_count=10286555 908188 9378367 222267 685921 1122968 742597 8255399 503143 204541 68428 34242 17726 8216 674169 134290 70251 182778 73458 26493 1164 9510 380371 52833 62670 7052 3469 82 60832 667835 284200 62765 173530 155751 17576 3387 7581 1723 40515 52524 263279 240593 34186 138175 5858 3583 5641 2474 383635 7673246 2271 6334 2436 239864 582153 113723 38118 18959 19159 99693 3869 1213
is_linear=0
shrinkage=0.05


Tree=19
num_leaves=63
num_cat=0
split_feature=15 15 15 15 15 16 13 15 28 15 15 0 24 14 10 13 15 10 4 14 14 2 26 23 11 17 14 14 27 11 26 28 17 2 13 2 13 2 14 24 16 0 27 12 22 22 22 14 2 23 4 23 2 4 16 10 11 2 21 25 25 16
split_gain=1.18327e+07 616436 342180 158862 93440.6 32608.7 30654.7 29477.2 27763.8 22772.5 22498.2 14717.6 20501.7 14626.2 27441.3 25728.9 14176.6 13779.6 13470.8 12083 11901.2 11418.3 11226.9 10221.4 9337.64 11568.1 10854.6 12763.9 9688.37 9327.97 10754.2 11220.3 9131.09 8903.82 37460.9 26367.2 22089.1 19759 8878.14 20359.8 9947.48 8837.57 8852.09 8816.4 8813.65 8299.3 8286.09 7984.2 8851.48 7301.98 7301.02 7188.21 7184.86 7167.68 8644.01 6968.83 8113.49 7834.48 6809.23 6798.77 6795.89 6717.18
threshold=1.2409626182517315 23.958946697927825 0.20973241771252668 169.25862785763439 4.413726011354246 64.295668806870154 -0.5 74.994101756386655 1153.5000000000002 0.58890753169276666 0.059193324244400103 18.500000000000004 208.51666259765628 17658.500000000004 0.68301270189221941 0.25881904510252057 10.387627334465197 -0.93301270189221919 1.0000000180025095e-35 17669.500000000004 17668.500000000004 3.5000000000000004 4.2662096023559579 1.0000000180025095e-35 0.6830127018922193 744.00000000000011 16186.500000000002 17664.500000000004 429.85842895507818 -0.9330127018922193 165.793571472168 1306.5000000000002 724.50000000000011 3.5000000000000004 -0.37940952255126015 1.5000000000000002 -0.5 2.5000000000000004 17670.500000000004 401.66665649414068 4.727522468333432 8.5000000000000018 353.34028625488287 -0.25881904510252113 184.64286041259768 36.357141494750984 31.071428298950199 17666.500000000004 1.5000000000000002 439.64285278320318 1.0000000180025095e-35 14.107142925262453 2.5000000000000004 1.0000000180025095e-35 0.71628089061468492 -0.5 0.6830127018922193 2.5000000000000004 582.00000000000011 518.76980590820324 518.76980590820324 10.750608801827498
decision_type=2 2 2 2 2 2 2 2 2 2 2 2 2 2 2 2 2 2 2 2 2 2 2 2 2 2 2 2 2 2 2 2 2 2 2 2 2 2 2 2 2 2 2 2 2 2 2 2 2 2 2 2 2 2 2 2 2 2 2 2 2 2
left_child=2 4 10 7 22 18 21 20 17 51 13 12 -10 61 -15 -16 -6 -8 29 -19 33 47 23 55 25 28 -26 -28 -20 32 -31 -32 45 34 35 -3 43 -36 40 -40 -9 49 -43 -35 -27 -5 -24 48 -7 -42 -49 -4 -17 -18 -55 -2 57 -57 -22 -23 -38 -1
right_child=1 3 9 5 16 6 8 38 11 -11 -12 -13 -14 14 15 52 53 19 24 -21 58 59 46 -25 26 44 27 -29 -30 30 31 -33 -34 36 37 -37 60 -39 39 -41 41 42 -44 -45 -46 -47 -48 50 -50 -51 -52 -53 -54 54 -56 56 -58 -59 -60 -61 -62 -63
leaf_value=-0.054458922261217457 0.043537630397070426 0.028252195820428601 -0.028613869066575294 0.12870366456782764 0.019833692347025953 0.032905365764934684 -0.00037698706327690446 -0.0048789475597763639 0.12750842638267595 -0.013058656925219651 -0.04435584521854187 0.02883580083466666 0.077689529880623331 -0.053699273985847985 0.19089639401436453 0.037629248465029755 0.025649771219148243 0.06368034150426348 0.036956525564292519 0.028462825980856973 0.044222475044943615 0.04571153769979229 0.0099408697932875482 -0.0057347453232627502 -0.015950898422880333 0.17894938316719156 0.084059320462402012 0.038725900506354077 0.0068517814024424114 0.030947750802482989 0.056574552902657164 0.013233961358337501 0.12468538985467857 0.020566571045580462 0.033526413640002486 0.057676785235645803 0.040611242025526913 -0.00084233323763726925 0.054883083335603156 0.19015894048563287 0.053081294966894503 0.045022775508237668 0.032974652119476394 0.032110195755271256 0.055879995281503683 0.058000414080760926 0.051029636759219267 0.063522538193034855 0.1016760972353616 -0.019031622138346613 0.021468681128653778 0.13991526813594093 -0.055465484524812474 -0.027473559812003969 0.034943071101147284 0.033306660296736929 -0.012627840360079051 0.0049465616453366308 0.099610038256665881 0.019469744150281434 -0.012830777364785481 -0.0052905876874182103
leaf_weight=5522973.4923161864 13982.921766042709 103731.22526216507 517858.32007300854 4671.2738189697266 851333.51012265682 6036.472038269043 8994.9594116210938 9963.7461409568787 22044.128276824951 452559.9176645875 648269.19276756048 14159.297718048096 326901.78676223755 21954.105443239212 2313.7691531181335 5719.3227170705795 813128.22327327728 516396.18144226074 68459.581681251526 25561.816425323486 424232.39000654221 143261.93288040161 454204.54337763786 286887.12550783157 5045.8031959533691 1562.4809322357178 29622.794526100159 32632.306621551514 43839.84255027771 52093.893827438354 412973.0641708374 15493.95040512085 7835.9703025817871 290759.41469812393 138833.87424659729 286190.31249380112 632602.77105379105 59845.951161623001 157871.91624832153 2831.2997283935547 338116.51120376587 1015022.6863183975 179409.14967536926 383666.34597826004 21100.566123962402 37242.505718231201 12610.617453575134 40964.359443664551 20811.252727508545 3547.0642337799072 13797.508907318115 633.38571763038635 3250.3254303336143 5631.361811876297 369374.85553836823 34681.556930780411 40332.587646484375 81763.418522238731 5622.6454076766968 29820.858547210693 6004.9654474258423 6955.3380816578865
leaf_count=7716982 6241 6269 495197 59 183685 89 98 484 221 324615 800371 182 1514 29280 654 4471 100418 4622 1341 297 19128 2015 172280 137833 126 19 381 490 719 1024 4861 226 69 18333 8221 12015 35899 4338 3519 17 7548 27458 3673 21720 264 460 2593 441 172 64 177 217 4234 1157 38673 14309 20448 37151 172 359 205 6457
internal_value=-0.00111076 0.0374055 -0.048856 0.0466992 0.0187813 0.0586164 0.0638005 0.0410883 0.0680749 -0.0212544 -0.0531711 0.0788091 0.0808368 -0.0541983 -0.0211291 0.0422422 0.0247584 0.0610006 0.0503456 0.0620193 0.0374333 0.04846 0.00559519 3.02114e-05 0.0393668 0.0317803 0.0545804 0.060297 0.0252042 0.0545329 0.0523992 0.0550073 0.0751432 0.0357349 0.0408449 0.049849 0.0334441 0.0231739 0.0460811 0.0572665 0.0449185 0.0452415 0.0432131 0.0271335 0.0643659 0.0658807 0.0110509 0.0638778 0.086214 0.0523326 0.052927 -0.028408 0.00389377 0.0282871 0.0340058 0.00971569 0.00669906 0.0133933 0.044947 0.0411903 0.0401087 -0.0543971
internal_weight=1.6086e+07 8.90351e+06 7.18249e+06 5.93958e+06 2.96393e+06 1.90132e+06 1.16875e+06 4.03825e+06 914058 971052 6.21144e+06 363105 348946 5.56317e+06 33237.5 11283.4 2.03947e+06 550953 732574 541958 2.33149e+06 254692 924463 457648 202263 134962 67300.9 62255.1 112299 530311 480561 428467 49749.7 1.90163e+06 588601 389922 1.31303e+06 198680 1.70676e+06 160703 1.54606e+06 1.5361e+06 1.19443e+06 674426 22663 41913.8 466815 81609.6 26847.7 341664 54761.9 518492 8969.65 1.18813e+06 375006 170760 156778 116445 429855 173083 638608 5.52993e+06
internal_count=10286555 904077 9382478 189289 714788 20226 10187 169063 6934 820029 8562449 1917 1735 7762078 38639 9359 323933 5017 10039 4919 126300 3253 390855 215982 3340 2343 997 871 2060 6699 6111 5087 588 107000 30843 18284 76157 12559 42763 3536 39227 38743 31131 40053 283 519 174873 879 261 7612 618 495414 8705 140248 39830 78149 71908 51460 19300 2374 36104 7723439
is_linear=0
shrinkage=0.05


Tree=20
num_leaves=63
num_cat=0
split_feature=15 15 15 15 15 19 15 15 15 10 18 14 10 15 16 3 18 26 26 19 3 16 10 2 14 25 8 0 19 18 17 28 24 20 22 11 19 26 6 16 10 6 3 26 18 27 28 2 0 24 8 3 14 27 17 24 17 10 0 0 10 10
split_gain=1.08463e+07 547763 303072 129921 93507.8 29641.1 24336.7 22361.2 16850.1 15683 17335.1 15416 26680.3 15284.6 14101.7 13423.7 13029.7 12181.1 19067.2 11748.4 11628.5 11166.3 10604.4 10039.3 9859.78 9801.03 14674 9103.05 7837.19 7801.42 7490.77 8672.67 19071.5 7745.4 7623.36 7432.33 10714.9 9265.93 7363.35 7011.95 10372.1 6950.35 6757.76 12899 9058.17 6685.81 6611.05 6576.61 8630.41 7538.88 6657.89 6473.46 6378.05 6327.95 6086.64 5845.9 5839.35 5835.77 6729.67 5821.52 5685.94 11722.3
threshold=1.1040358852540066 23.958946697927825 0.1715921745016267 169.25862785763439 4.413726011354246 848.00000000000011 74.994101756386655 0.45581398489944219 0.04855440536659595 -0.93301270189221919 872.50000000000011 17658.500000000004 0.68301270189221941 0.0020429030507908689 64.295668806870154 4.5000000000000009 28.500000000000004 0.13363929273691613 8.019379138946535 45.500000000000007 3.5000000000000004 2.9145443521297407 -0.93301270189221919 11.500000000000002 17668.500000000004 943.11325073242199 -0.8783796973249266 18.500000000000004 120.50000000000001 39.500000000000007 231.50000000000003 1203.5000000000002 401.66665649414068 667.00000000000011 1.7857142686843874 0.6830127018922193 867.50000000000011 1.0230772495269778 1.0000000180025095e-35 10.750608801827498 0.68301270189221941 1.0000000180025095e-35 4.5000000000000009 677.90051269531261 1099.0000000000002 596.28994750976574 1230.5000000000002 3.5000000000000004 16.500000000000004 19.85000038146973 0.6078576107927941 5.5000000000000009 17666.500000000004 429.85842895507818 2081.0000000000005 171.31666564941409 539.50000000000011 0.68301270189221941 10.500000000000002 5.5000000000000009 0.68301270189221941 -0.24999999999999994
decision_type=2 2 2 2 2 2 2 2 2 2 2 2 2 2 2 2 2 2 2 2 2 2 2 2 2 2 2 2 2 2 2 2 2 2 2 2 2 2 2 2 2 2 2 2 2 2 2 2 2 2 2 2 2 2 2 2 2 2 2 2 2 2
left_child=2 4 8 6 20 9 24 -4 11 -5 14 39 -13 59 15 -11 17 38 -19 54 23 -22 -7 -2 29 57 -27 -16 -18 35 31 33 34 45 -33 37 -37 -3 60 -1 -41 -28 44 -44 -31 -8 52 48 50 -49 -32 -23 -20 -50 -12 -26 -53 -24 -59 -14 61 -6
right_child=1 3 7 5 16 22 30 -9 -10 10 19 12 13 -15 27 -17 28 18 46 -21 21 51 25 -25 55 26 41 -29 -30 42 47 32 -34 -35 -36 36 -38 -39 -40 40 -42 -43 43 -45 -46 -47 -48 49 53 -51 -52 56 -54 -55 -56 -57 -58 58 -60 -61 -62 -63
leaf_value=-0.054505133178447684 0.0017365244947488206 0.046939794127815349 -0.031180506174714823 0.011306325069351572 0.042715924373636999 -0.018267203430184693 0.040452009976740998 -0.015949407776363608 -0.045700079128084443 0.047588605827060607 0.051944656584137272 -0.0536243031101322 0.044109020359916234 -0.042148400946052024 0.054593334023400567 0.030882295095540448 0.031219643865724046 0.0091723951372168818 0.0199537063569186 0.079220995732810065 0.006150888731252792 0.015321675321611015 0.064319614462747907 -0.022005905273517184 0.040637318211235729 0.006101804758177596 0.075834430607707337 0.027535897338019717 0.066992323603921072 0.035843210895321123 0.056312241735175177 0.063812236496515115 0.1517138611626333 0.020140495296091764 0.042566365758001802 0.024904362080433562 0.10647153230900919 0.031955267622269121 -0.0069191208914761316 -0.05496910886231459 0.071675175943846148 0.11720202199284263 0.047451907771264852 0.25367952050273773 -0.047990682247958716 0.016654173218255543 0.030660473255040989 0.17211950716537572 0.042260293413226395 0.043212929533698687 0.084872161476033589 0.04036461406108461 0.035334891131534041 -0.032492132200645112 0.081968175937107202 0.090838466202514082 0.43855551417581728 0.063462711264021615 0.03415076306612054 0.13329181595719314 0.042369982088542327 0.013447173874917812
leaf_weight=5148073.8422704935 508675.44871640205 115196.55360746384 452469.48176389933 25604.568660736084 63339.853812217712 3815.7184028625488 1094149.9624052048 515547.93161767721 651893.11110031605 412435.80542182922 143039.51468658447 19570.234367609024 4002.5188770294189 3487.6172654032707 652039.98375701904 169724.20550251007 249191.69569516182 327123.4764316082 940973.59354376793 76862.19372177124 339342.00376212597 64396.521854519844 209029.04280090332 48794.590700149536 438137.68995094299 7265.7920532226562 138662.74820709229 32642.452003479004 16313.381336450577 299863.68460893631 63220.827314376831 54548.592504501343 4459.7566833496094 52381.52959728241 186870.74075889587 414743.94416666031 4065.6516494750977 988164.0499048233 11766.072690010071 3962.2132114768028 2730.975664794445 10956.869064331055 125918.77902030945 762.74477767944336 3256.9802341461182 30332.463005065918 217614.25224947929 1140.0135402679443 22858.01602935791 220801.2715511322 30135.012554168701 37975.882932066917 72599.2848777771 3231.1416492462158 19140.761135101318 5877.066614151001 92.198188781738281 37914.500709533691 40499.55281829834 3371.4568690061569 104632.75597476959 74385.054305553436
leaf_count=7558014 223918 6400 473737 309 10675 32 28675 403497 861215 5364 1185 27345 3100 4414 6621 2918 29938 67912 143276 492 152622 22236 1627 24428 19184 40 452 418 1218 14341 1037 1224 29 1286 4184 26243 116 54602 2127 4869 1310 30 5208 6 84 592 30039 27 485 4711 449 11576 7950 64 80 116 1 277 381 1051 16433 14365
internal_value=-0.00110257 0.0342462 -0.0489796 0.0428755 0.0170287 0.0534192 0.0378582 -0.0230687 -0.0532766 0.0501096 0.0507694 -0.0542292 -0.0187464 0.0440954 0.048439 0.042718 0.023073 0.0215576 0.0199022 0.0631193 0.00446008 0.0105188 0.0647295 -0.000341613 0.0345767 0.0654423 0.0754942 0.0533034 0.0334177 0.0330469 0.042315 0.040719 0.0492596 0.0389346 0.0473669 0.0313672 0.0256962 0.0335197 0.0317081 -0.0544386 -0.00329427 0.078864 0.0389956 0.0486938 0.0349424 0.0398101 0.0227531 0.0489664 0.0584264 0.0438752 0.0655314 0.0249846 0.0210554 0.0330019 0.0554882 0.0413018 0.0413303 0.059956 0.0483237 0.0848862 0.0335834 0.026908
internal_weight=1.60221e+07 9.21697e+06 6.80511e+06 6.13975e+06 3.07722e+06 1.97963e+06 4.16012e+06 968017 5.83709e+06 1.53149e+06 1.50588e+06 5.1852e+06 30431.8 10861.6 1.26684e+06 582160 2.07794e+06 1.81243e+06 1.55831e+06 239042 999277 441807 448144 557470 2.39599e+06 444329 156885 684682 265505 1.95197e+06 1.76413e+06 1.42274e+06 245879 1.17686e+06 241419 1.52217e+06 418810 1.10336e+06 254124 5.15477e+06 6693.19 149620 429802 126682 303121 1.12448e+06 1.23119e+06 341386 119445 221941 93355.8 102465 1.01357e+06 26089.2 162180 444015 38068.1 287443 78414.1 7373.98 242358 137725
internal_count=10286555 948003 9338552 189289 758714 20226 169063 877234 8461318 17387 17078 7600103 35910 8565 15321 8282 323933 292777 249177 1757 434781 186435 2839 248346 126300 2807 522 7039 31156 107000 42763 35990 5437 30553 5408 87361 26359 61002 43600 7564193 6179 482 19639 5214 14425 29267 181265 6773 2035 4738 1486 33813 151226 549 1265 19300 11577 2285 658 4151 41473 25040
is_linear=0
shrinkage=0.05


Tree=21
num_leaves=63
num_cat=0
split_feature=15 15 15 15 15 15 21 15 15 10 28 26 25 16 10 13 11 3 16 23 11 26 11 6 15 16 2 13 2 13 6 27 24 13 3 0 16 16 23 28 28 16 25 3 0 11 16 3 6 13 0 16 10 2 10 23 28 11 2 2 0 25
split_gain=9.96862e+06 486295 273804 115326 80105.6 24135.1 22912.1 17678.6 17652.2 17467.7 16237.2 18233.9 16134.8 14181.2 25917 23219.6 12296.7 11854.3 11957.4 11629.3 15511.8 11498.1 10728 10312 10185.6 10073.6 15476.2 31136.8 28161.2 22964.6 19762.6 15037.9 10065.6 10154.9 12085.5 9969.72 8609.86 8497.97 7971.96 7968.29 7853.74 7525.29 6986.73 6852.52 8211.62 9507.62 7956.68 6685.63 6619.11 7337.11 14254.7 8689.07 6425.09 6298.27 6218.08 6299.67 6211.74 6137.18 8172.69 5883.17 5743.51 5717.89
threshold=1.0049566979915241 20.308175013221597 0.1715921745016267 169.25862785763439 3.7258812615955477 60.069952271121892 1943.5000000000002 0.45581398489944219 0.04855440536659595 -0.93301270189221919 1306.5000000000002 332.89945983886724 137.63452148437503 2.6209633965068755 0.68301270189221941 1.0000000180025095e-35 0.6830127018922193 4.5000000000000009 0.53817515498167634 43.250000000000007 1.0000000180025095e-35 4.2662096023559579 -0.5 1.0000000180025095e-35 8.3721071755108856 30.164248600439702 3.5000000000000004 -0.37940952255126015 1.5000000000000002 -0.5 1.0000000180025095e-35 289.85060119628912 316.93333435058599 -0.37940952255126015 3.5000000000000004 8.5000000000000018 4.727522468333432 8.7250187846123897 1.0000000180025095e-35 832.00000000000011 517.50000000000011 4.727522468333432 943.11325073242199 4.5000000000000009 8.5000000000000018 0.6830127018922193 2.6209633965068755 3.5000000000000004 1.0000000180025095e-35 -0.5 14.500000000000002 2.3744742859173789 -0.5 2.5000000000000004 -0.24999999999999994 241.89286041259768 1109.5000000000002 0.6830127018922193 2.5000000000000004 3.5000000000000004 8.5000000000000018 518.76980590820324
decision_type=2 2 2 2 2 2 2 2 2 2 2 2 2 2 2 2 2 2 2 2 2 2 2 2 2 2 2 2 2 2 2 2 2 2 2 2 2 2 2 2 2 2 2 2 2 2 2 2 2 2 2 2 2 2 2 2 2 2 2 2 2 2
left_child=2 4 8 5 21 43 9 -4 13 -5 11 23 -8 -1 -15 -16 -13 24 -19 20 -12 38 -21 -11 60 35 27 28 -27 31 -29 -28 54 42 -35 36 -7 -37 52 -39 -38 -20 -34 44 -3 59 -45 -31 -23 50 -50 -52 -2 -17 -14 -56 -47 58 -54 -46 -6 -48
right_child=1 3 7 6 17 25 12 -9 -10 10 19 16 32 14 15 53 -18 18 41 22 -22 48 -24 -25 -26 26 29 30 -30 47 -32 -33 33 34 -36 37 40 39 -40 -41 -42 -43 -44 46 45 56 61 -49 49 -51 51 -53 57 -55 55 -57 -58 -59 -60 -61 -62 -63
leaf_value=-0.05442433483975806 0.036313453793796593 0.0368460721306356 -0.030443402837938918 0.0076557022850903865 0.022891288147054729 0.0047353735587030502 -0.013353339363889187 -0.01636463764853803 -0.045247783426341365 0.044193289506853112 0.0087979208433984265 0.048797657532205364 0.18440124306594452 -0.053720200503244997 0.12395851918514443 0.018573121017219554 0.059183862024657564 -0.014885453954046375 0.020564308894385291 0.04210992796241661 0.10205192327395739 0.0060336349790652017 0.0052324971423807652 0.022932642431387925 0.020995824262595591 0.032010904265703709 0.033678006058354103 0.039705183950580362 0.065145069684776985 0.040008880132303554 -0.0023590792728131202 0.010028591637701085 0.042970916306307429 0.068161550518305608 0.0050497507318784411 -0.019255308426549406 0.048966770895742112 0.024273620983059657 -0.0074470721291366049 0.036500319237930096 0.034379925125322709 0.031886376974316594 0.086431188864498174 0.007237742335898501 0.036011237125130241 0.015377959504193723 0.036283972082467905 0.052594081078417287 0.013534934939293886 0.001024683477432191 0.057773757120904004 0.15491805591621599 0.028082000606662522 -0.054541589737178646 0.13802798859089183 0.032163297352501057 0.031394328641883747 -0.013958288977290696 2.3836667841637136e-06 0.027073291111705217 0.0096878628312071693 -0.026610694806282566
leaf_weight=4890762.2837480307 15610.619863271713 259346.225918293 440559.93337261677 27119.441188812256 101541.878028512 16500.632657051086 5563.467041015625 451485.94930970669 626143.58822220564 514246.94392299652 7499.2800598144531 777801.12146854401 2951.3129959106445 31362.639594733715 4278.7388340234756 7172.06169962883 449794.00489425659 17471.930226445198 255216.22833931446 33409.381580352783 11000.957805633545 367087.92299985886 48136.704936981201 64149.170800209045 839358.71969604492 86983.519380569458 484372.56064796448 105054.50277614594 244051.27331733704 229423.79186820984 38030.690371513367 78050.416379928589 10843.352424621582 22648.632392883301 11405.664035797119 8773.1753082275391 184012.44494438171 267830.89135169983 323646.74233186245 265216.58790969849 185109.86480426788 345374.03740048409 62870.718353271484 25093.601897716522 259544.64753723145 232088.71910429001 645578.681848526 195421.09353733063 20952.376976132393 20357.873104572296 9922.2944614887238 2997.3197197914124 36776.590496659279 4997.881784081459 3485.9696846008301 2354.6491050720215 81901.816861152649 41238.365110993385 87727.490999698639 633509.46663999557 436152.69281566143 3633.8525037765503
leaf_count=7541256 7417 15146 473737 330 24779 749 67 365083 861215 6796 131 6567 16 44109 1950 5816 3599 4858 49909 390 149 151344 588 1170 112896 2198 13796 2419 4268 5145 1152 1748 50 95 81 434 4042 9413 170243 8844 4918 42349 144 2057 13861 16647 34008 4246 8276 8248 3317 540 16400 6972 29 24 5818 23166 44156 39759 107502 123
internal_value=-0.00109101 0.0314726 -0.0490342 0.0390052 0.0144945 0.0345479 0.0488284 -0.0233178 -0.0531567 0.0475015 0.0480684 0.0491546 0.0698325 -0.0541594 -0.0270604 0.0237714 0.0526032 0.0201361 0.025889 0.028461 0.0642509 0.00234366 0.0203413 0.0418353 0.017554 0.0380029 0.0405896 0.0480146 0.0564387 0.0370238 0.0285249 0.0303961 0.073803 0.069606 0.047024 0.0339271 0.0400721 0.0295537 -0.00274451 0.030357 0.0416517 0.0270752 0.0800383 0.0306924 0.028774 0.0270396 0.0348641 0.0457979 0.00844245 0.0247478 0.0390058 0.0803124 0.00564775 -0.011453 0.125246 0.0953507 0.0195557 0.00275942 0.00829673 0.0296709 0.0121813 0.0359319
internal_weight=1.5963e+07 9.50624e+06 6.45676e+06 6.58481e+06 2.92143e+06 4.52953e+06 2.05528e+06 892046 5.56472e+06 1.93316e+06 1.90604e+06 1.80599e+06 122124 4.93857e+06 47811.3 16448.7 1.2276e+06 1.99512e+06 618062 100046 18500.2 926318 81546.1 578396 1.37705e+06 2.38883e+06 1.46139e+06 474120 331035 987268 143085 562423 116560 107768 34054.3 927444 385623 541821 505000 533047 369122 600590 73714.1 2.1407e+06 1.46639e+06 1.20704e+06 674306 424845 421318 54229.9 33872 12919.6 181353 12169.9 8791.93 5840.62 313991 165742 124504 893054 537695 649213
internal_count=10286555 986417 9300138 211017 775400 190791 20226 838820 8461318 19720 19390 18132 506 7600103 58847 14738 10166 342293 97116 1258 280 433107 978 7966 245177 63372 34972 10037 6466 24935 3571 15544 439 370 176 28400 9709 18691 261382 18257 8960 92258 194 127419 91231 76085 36188 9391 171725 20381 12133 3857 91139 12788 69 53 22465 83722 60556 53620 132281 34131
is_linear=0
shrinkage=0.05


Tree=22
num_leaves=63
num_cat=0
split_feature=15 15 15 15 15 19 15 15 15 16 10 13 18 18 16 13 28 26 4 11 11 12 9 18 11 23 28 26 11 28 19 11 0 13 6 23 19 16 0 16 28 20 19 3 19 11 3 12 28 0 3 10 21 13 18 2 6 13 0 16 3 10
split_gain=9.1784e+06 412068 278030 95493.8 70228.9 21291 20228.7 18483.6 17001.3 14479.9 24793.7 19203.7 11425.8 11107.8 10907.7 10686.1 11309.4 10312 10028.5 10005.8 9280.49 12495.3 8907.28 8690.56 8637.55 8414.61 8411.8 8319.23 9066.62 8257.09 7977.26 7733.5 7409.36 8549.49 8199.89 7216.63 7002.13 6935.91 10353.1 6808.63 6755.25 6692.83 6662.51 6469.12 6432.24 10022.4 6538.74 9217.53 6372.57 8637.29 6548.28 6350.05 6349.58 6292.61 6233.7 5889 5801.77 6324.8 11798.3 6731.84 5682.57 5616.11
threshold=1.0049566979915241 20.308175013221597 0.1715921745016267 169.25862785763439 3.7258812615955477 848.00000000000011 60.069952271121892 0.0463958762886598 0.40116914460053282 2.6209633965068755 0.68301270189221941 1.0000000180025095e-35 872.50000000000011 18.500000000000004 64.295668806870154 -0.5 1153.5000000000002 4.2662096023559579 1.0000000180025095e-35 0.6830127018922193 0.25000000000000017 -0.9159756150367534 -0.22252093395631442 137.50000000000003 1.0000000180025095e-35 1.0000000180025095e-35 283.50000000000006 435.60791015625006 -0.5 1306.5000000000002 45.500000000000007 -0.9330127018922193 17.500000000000004 -0.78656609248549325 1.0000000180025095e-35 1.0000000180025095e-35 347.00000000000006 10.750608801827498 8.5000000000000018 7.3613656407420152 409.50000000000006 171.50000000000003 15.500000000000002 5.5000000000000009 245.00000000000003 1.0000000180025095e-35 2.5000000000000004 0.60355339059327384 1109.5000000000002 8.5000000000000018 4.5000000000000009 0.68301270189221941 1753.0000000000002 0.98296291314453421 2383.0000000000005 2.5000000000000004 1.0000000180025095e-35 -0.5 14.500000000000002 2.3744742859173789 3.5000000000000004 -0.24999999999999994
decision_type=2 2 2 2 2 2 2 2 2 2 2 2 2 2 2 2 2 2 2 2 2 2 2 2 2 2 2 2 2 2 2 2 2 2 2 2 2 2 2 2 2 2 2 2 2 2 2 2 2 2 2 2 2 2 2 2 2 2 2 2 2 2
left_child=2 4 7 6 17 12 44 9 -4 -1 -11 -12 14 19 18 51 -17 35 31 20 29 -22 41 26 27 -23 36 28 -25 -6 48 -5 33 -26 -34 61 39 43 -39 -8 -20 -7 60 -28 46 -46 47 52 50 -50 -14 -16 -3 -21 -24 -13 -19 58 -58 -60 -15 -2
right_child=1 3 8 5 13 22 23 -9 -10 10 11 55 30 42 15 16 -18 56 40 53 21 25 54 24 32 -27 37 -29 -30 -31 -32 -33 34 -35 -36 -37 -38 38 -40 -41 -42 -43 -44 -45 45 -47 -48 -49 49 -51 -52 -53 -54 -55 -56 -57 57 -59 59 -61 -62 -63
leaf_value=-0.054388213047201976 0.019816904896804998 0.021378810475912179 -0.030820715027068693 0.05853832405387828 0.016158138018803222 0.034882775971054873 0.16312560410361721 -0.044969883521115396 -0.016690187620664359 -0.053618213278572746 0.1097980661382878 0.01757378043103484 0.046495136104518053 0.016515344876599978 0.029124894850411455 0.043527422730319981 0.059726456733445454 0.0057039998025890833 0.01184807683319682 0.010199149341931214 0.0049853558146141239 0.053440681575202292 0.055966833573909761 0.041116602625109161 0.033860149253836479 0.028067576274298969 0.030232241344445278 0.003407890670004356 0.01944889102238978 0.029160063725337582 0.063941043229734471 0.037109904669889629 0.034478230032345562 0.054281708487559116 -0.037131167677696836 -0.0071188200607444439 0.072886702929761113 0.044567632314018245 0.033141727424342841 0.0048470856877895286 0.032320234223508944 0.053968122239850529 0.041877867137616522 0.004102254992157277 0.025198561999763461 0.053374073391268852 0.030126679061222059 0.034073258743401683 0.054607186359920602 0.023866673331689871 0.077029583540476815 0.048122337684594646 0.18032268298208448 0.050328327883185954 0.074960453756301629 -0.054461767171597834 0.012720254254773059 0.00097263266878487077 0.052651019603517563 0.13507773327515024 0.032359672857292257 1.2305215307848044e-05
leaf_weight=4632455.4289063215 48962.535464882851 642771.66029834747 366122.86338764429 47027.190864562988 940178.07981264591 83871.413906097412 689.81830024719238 627173.08549314737 508531.87067043781 29573.568617403507 4587.9408396482468 7256.5817411541939 59968.899723052979 123319.75804638863 148244.33919143677 385647.18725204468 149525.27295684814 368840.59612298012 60959.583505630493 457551.88901019096 39332.264225959778 49698.586314201355 248490.81643295288 219640.62008953094 68509.101894378662 95404.571011543274 71484.676252365112 20560.913803100586 61882.817701339722 140338.60348808765 87062.211860656738 402398.98042106628 45818.059062957764 203477.06820774078 4379.6754531860352 321692.89036846161 4461.7212333679199 229793.76864337921 1444795.8844881058 44782.742775917053 118876.97863674164 101566.80244064331 65520.423796653748 35425.897066116333 62461.18182849884 63805.156043052673 1230672.6253762245 189801.16960811615 38892.056976318359 55402.732833862305 24829.669885635376 62548.476474761963 628.86888599395752 9982.1103146076202 52292.449340820312 4658.4301201701164 21173.708161592484 20374.530702829361 10332.176335692406 3258.405641078949 104583.85879969597 133126.3293620348
leaf_count=7501697 23526 41387 413151 519 162895 635 19 901425 425669 43627 1935 5797 460 18048 1943 3526 1031 151344 1109 88246 6836 7691 1579 4854 1527 14722 2394 335 1454 21871 515 4966 878 3365 122 170243 103 4823 40580 1568 1809 499 7103 1350 2860 2593 69816 10747 195 455 188 671 16 1394 126 6837 8276 8248 3317 540 13487 67613
internal_value=-0.00107718 0.0291967 -0.0487245 0.0359924 0.0136124 0.0447653 0.0319748 -0.0530303 -0.0226051 -0.0541108 -0.0262196 0.022879 0.0420429 0.0188298 0.0402077 0.0442976 0.0480534 0.00221938 0.0353593 0.0173062 0.0196163 0.0299823 0.0539552 0.0350906 0.0401854 0.0367581 0.033354 0.0341114 0.0363538 0.0178468 0.0515256 0.0393522 0.0458804 0.0491379 0.0282303 -0.00261649 0.0131138 0.0339213 0.0347096 0.00724863 0.0253808 0.0453361 0.0278261 0.0215739 0.0284812 0.0394363 0.027811 0.0243906 0.0454901 0.0365458 0.055436 0.034762 0.0215342 0.011056 0.059269 -0.0105899 0.00796547 0.023093 0.0360571 0.0724144 0.0237863 0.00533767
internal_weight=1.59075e+07 9.72712e+06 6.18036e+06 6.77345e+06 2.95367e+06 2.12761e+06 4.64584e+06 5.30571e+06 874655 4.67853e+06 46076.5 16503 1.64138e+06 2.02591e+06 1.37523e+06 745965 535172 927761 629263 1.73249e+06 1.26495e+06 184435 486221 2.4557e+06 624268 145103 1.83143e+06 302084 281523 1.08052e+06 266156 449426 322184 271986 50197.7 503782 49934.3 1.7815e+06 1.67459e+06 45472.6 179837 185438 293424 106911 2.19014e+06 126266 2.06387e+06 833202 179093 94294.8 84798.6 210793 643401 467534 300783 11915 423979 55138.8 34764.3 13590.6 227904 182089
internal_count=10286555 986417 9300138 211017 775400 20226 190791 8461318 838820 7559893 58196 14569 17387 342293 15574 7171 4557 433107 8403 303655 214015 29249 2839 63372 12535 22413 50837 6643 6308 184766 1813 5485 5892 4892 1000 261382 1690 49147 45403 1587 2918 1134 38638 3744 127419 5453 121966 52150 1298 650 648 2614 41403 89640 1705 12634 171725 20381 12133 3857 31535 91139
is_linear=0
shrinkage=0.05


Tree=23
num_leaves=63
num_cat=0
split_feature=24 16 16 16 23 24 13 16 24 16 24 0 16 10 23 11 11 0 21 16 24 28 24 2 22 24 6 0 11 11 28 2 22 16 0 21 10 10 2 17 0 12 20 11 19 17 4 12 26 2 10 13 10 10 14 11 14 22 2 22 0 24
split_gain=7.99483e+06 385946 317127 107498 77263.8 58859.6 53973.5 42971 36303.6 18866.2 18465.4 17746.9 19216.2 17642.6 16755.2 16605.8 25980.4 16509.4 16419.3 14920.6 14196.9 14073.5 13768.5 13570.9 13644.7 13143.4 12101 12087 11976 15890.9 10901.4 10662.4 18273 10414.5 14171.9 10372.2 10336.8 10165.6 12715.5 9907.35 9863.54 9365.4 9324.61 11512.5 9202.56 9170.56 9112.93 10020.1 8565.52 8309.71 8236.54 7723.68 10276.2 8046.46 7420.93 7244.82 16411.5 11752.9 7197.66 6977.53 6675.49 6547.48
threshold=0.71666666865348827 10.750608801827498 0.28208162465534864 1.0579660584460677 186.1071472167969 0.050000002607703216 0.25881904510252057 1.6495573528765999 10.083333492279055 7.3613656407420152 0.050000002607703216 8.5000000000000018 44.113525873693668 -0.93301270189221919 2.5357142686843877 1.0000000180025095e-35 0.6830127018922193 18.500000000000004 1895.5000000000002 0.093618012268479531 1.0000000180025095e-35 1277.5000000000002 1.0000000180025095e-35 6.5000000000000009 423.57142639160162 0.083333335816860213 1.0000000180025095e-35 19.500000000000004 0.25000000000000017 0.6830127018922193 1153.5000000000002 2.5000000000000004 6.6428573131561288 64.295668806870154 8.5000000000000018 1.5000000000000002 -0.24999999999999994 0.68301270189221941 2.5000000000000004 66.500000000000014 18.500000000000004 -0.9159756150367534 2127.0000000000005 0.6830127018922193 23.500000000000004 1876.0000000000002 1.0000000180025095e-35 -0.9159756150367534 677.90051269531261 3.5000000000000004 -0.93301270189221919 -0.5 0.93301270189221952 0.93301270189221952 17621.500000000004 0.6830127018922193 17501.000000000004 184.64286041259768 2.5000000000000004 548.64285278320324 14.500000000000002 156.08333587646487
decision_type=2 2 2 2 2 2 2 2 2 2 2 2 2 2 2 2 2 2 2 2 2 2 2 2 2 2 2 2 2 2 2 2 2 2 2 2 2 2 2 2 2 2 2 2 2 2 2 2 2 2 2 2 2 2 2 2 2 2 2 2 2 2
left_child=2 3 5 14 11 -1 7 10 27 25 28 55 17 -6 50 22 20 39 21 -7 58 33 -9 24 -20 -8 -19 -5 -4 54 46 32 -32 34 -15 -31 -18 -11 -39 41 -35 -13 43 -23 51 -33 47 -14 -48 -41 -2 53 -53 -10 -30 -3 61 -58 -17 -25 -55 -57
right_child=1 4 6 8 13 19 9 15 44 37 -12 12 30 18 -16 16 36 26 23 -21 -22 42 -24 59 -26 -27 -28 -29 29 35 31 45 -34 40 -36 -37 -38 38 -40 49 -42 -43 -44 -45 -46 -47 48 -49 -50 -51 -52 52 -54 60 -56 56 57 -59 -60 -61 -62 -63
leaf_value=-0.05403801587015155 0.034624941954447534 0.035300871511744214 -0.04817164490678584 0.012578741257365623 0.0043964766697231813 -0.044448901332903724 -0.047009898499237625 -0.034769084821321947 0.012449817224012368 -0.023031499300959303 -0.012503563537184357 0.031695734058963289 0.035798532604838951 0.044945889260141064 0.0046543584086765639 0.11607479773974977 0.029642270149754336 0.018280268163125023 -0.0039030547777356966 -0.03032382765883292 0.022484303476862581 0.030254502682573122 0.0099481054851035724 0.12671321651135742 0.05472913543150796 -0.025162586806705814 -0.015532583745806164 -0.0061479002969512982 0.012016959935279804 -0.037265901843597099 0.090728081487671752 0.035986340748592346 0.036524544581558974 0.046246688464271386 0.031974513361621285 0.050095778487874658 -0.0086409510134058468 0.065569656603300483 -0.02037613769121227 0.045176708408987874 0.024644833995129074 0.023350104850685279 0.10170535338723791 -0.0080629265289957081 0.030712368460302439 0.15850785781440654 0.037420740432241299 0.024370342563940998 0.20924468182340467 0.029520808980548298 -0.011964755257531295 0.025809108920875998 0.0015882806183462606 0.018300219027040304 0.11344881382501025 0.014856570027876829 0.054544930431583642 0.10691718378095826 0.054142273018239866 0.072352909542944085 0.050405640482757509 0.061161934499570914
leaf_weight=4208699.2250588536 9712.3069781661034 374979.33531445265 76271.186403095722 1119179.6836114526 31776.177356719971 512385.12831032276 219708.57742798328 31585.852343678474 350510.09558296204 37091.819637238979 277111.8702377677 474629.45186626911 285350.29520797729 375414.78804206848 297079.20062762499 9652.4713044166565 26898.577217102051 281795.37968254089 11416.819570541382 294373.59747934341 16578.079978704453 73154.898696899414 37830.743788480759 6895.9988212585449 75814.093364715576 100256.77782660723 29202.36082726717 93353.388922095299 12724.209428071976 53430.379921853542 26932.608984768391 267302.93750655651 36787.722026050091 995931.42177581787 479561.0970864296 3628.1563124656677 51183.88106828928 8782.1683214306831 8438.4732308387756 127113.08260726929 55805.825338363647 1152322.6173201799 3617.146900177002 26777.930362701416 300580.29880309105 1535.9629211425781 337277.57940471172 585095.80761915445 726.79569244384766 254367.5605096817 407738.8482465744 631475.00320029259 47055.807386398315 39842.899948716164 2100.9044032096863 34548.039519786835 64534.594535827637 12844.762395858765 9128.8166509270668 41017.489845275879 27274.839465498924 9799.4567928314209
leaf_count=7130624 5999 10180 110948 277956 370 759647 337777 30828 39970 32021 208664 16641 7216 4106 117940 4432 10546 33981 123 342227 6135 938 13400 32 253 105148 5486 44023 15588 70384 760 8146 1038 7038 6556 1725 24415 3798 5690 4523 721 65326 28 355 23518 15 10509 27386 5 9626 273247 51003 4031 4481 1520 964 2033 162 1410 112 2702 129
internal_value=-0.00106082 0.0266327 -0.0465782 0.0127614 0.0336886 -0.0516665 -0.0206006 -0.0114063 0.0174669 -0.0355393 -0.0201217 0.0298453 0.0287007 0.0413802 -0.00442176 0.00886275 0.0206493 0.0258253 0.0419279 -0.0392949 0.0562067 0.0407938 -0.010399 0.0587982 0.0470553 -0.0401644 0.0151053 0.011137 -0.0343709 -0.0197276 0.0330286 0.0410452 0.0594349 0.0417687 0.0376702 -0.0317107 0.00454717 -0.00829233 0.0234543 0.0274853 0.0451005 0.0257848 0.0228416 0.0199869 0.0229619 0.0366864 0.0308225 0.0281167 0.0377903 0.0347375 -0.0108808 0.0208367 0.0241294 0.0154869 0.0263921 0.0387415 0.0493401 0.0632388 0.0859726 0.0801771 0.0313471 0.0250889
internal_weight=1.5856e+07 9.85813e+06 5.99786e+06 3.3238e+06 6.53433e+06 5.01546e+06 982403 608125 2.60927e+06 374278 425267 4.35715e+06 3.86044e+06 2.17718e+06 714530 182858 113442 2.31943e+06 2.14541e+06 806759 35359.4 2.01026e+06 69416.6 135144 87230.9 319965 310998 1.21253e+06 148155 71883.7 1.54101e+06 332559 63720.3 1.90671e+06 854976 57058.5 78082.5 54312.5 17220.6 2.00843e+06 1.05174e+06 1.62695e+06 103550 99932.8 1.39674e+06 268839 1.20845e+06 870446 338004 381481 417451 1.09616e+06 678531 417628 14825.1 496706 121727 77379.4 18781.3 47913.5 67117.7 44347.5
internal_count=10286555 1069628 9216927 844870 224758 8232498 984429 499995 447684 484434 408829 204126 190658 20632 397186 91166 46938 135583 20262 1101874 11977 19742 44228 520 376 442925 39467 321979 200165 89217 55075 9959 1798 18421 10662 72109 34961 41509 9488 96116 7759 81967 1321 1293 125705 8161 45116 34602 10514 14149 279246 102187 55034 47153 17108 13468 3288 2195 5842 144 7183 1093
is_linear=0
shrinkage=0.05


Tree=24
num_leaves=63
num_cat=0
split_feature=27 16 16 16 25 16 27 27 19 24 13 16 28 0 11 11 27 27 21 4 27 10 13 10 11 10 20 14 8 11 12 16 10 16 10 13 0 21 17 8 12 20 11 11 14 10 11 16 27 21 19 14 16 23 0 13 10 10 11 13 17 11
split_gain=7.44054e+06 310375 305095 84785.5 66303.5 48549.7 53917.8 45339.2 31591.7 30056.8 27992.4 17654.3 18522.3 17403.3 16994.3 18584.7 13913.6 12372.1 12211.9 12202.2 12891.1 11784.1 11689.2 35576.7 48602.5 26302.3 12461.5 11758.1 11161.5 10630 16397.8 19830.4 12655.9 10573.7 10280.3 10069.9 10020.7 10013 10660.3 9927.27 9310.4 9146.32 8288.14 23069.2 14207.9 8129.76 15783.8 10193.2 7978.47 7715.09 7678.55 7192.39 7145.34 7127.06 7091.03 6631.92 9362.59 6771.23 6391.74 6319.09 5956.28 8135.36
threshold=2.6549667119979863 0.19049789469114906 10.750608801827498 0.92078365304420362 272.76353454589849 1.7925474254742551 0.50571158528327953 0.35544712841510778 36.500000000000007 10.083333492279055 0.60355339059327384 44.113525873693668 1153.5000000000002 18.500000000000004 1.0000000180025095e-35 0.6830127018922193 1.0000000180025095e-35 1.0000000180025095e-35 1.5000000000000002 1.0000000180025095e-35 596.28994750976574 -0.24999999999999994 -0.5 0.68301270189221941 1.0000000180025095e-35 0.93301270189221952 1.5000000000000002 17668.500000000004 -0.8783796973249266 0.25000000000000017 -0.9159756150367534 64.295668806870154 0.68301270189221941 0.25744793104808494 0.93301270189221952 -0.5 19.500000000000004 724.00000000000011 2013.0000000000002 -1.0000000180025095e-35 0.78656609248549325 3026.5000000000005 0.25000000000000017 0.6830127018922193 17621.500000000004 0.68301270189221941 0.25000000000000017 30.164248600439702 0.32543723285198217 373.50000000000006 23.500000000000004 15984.500000000002 0.072732029874887028 68.464286804199233 8.5000000000000018 -0.5 0.93301270189221952 0.93301270189221952 0.6830127018922193 -0.60355339059327384 3688.5000000000005 -0.68301270189221952
decision_type=2 2 2 2 2 2 2 2 2 2 2 2 2 2 2 2 2 2 2 2 2 2 2 2 2 2 2 2 2 2 2 2 2 2 2 2 2 2 2 2 2 2 2 2 2 2 2 2 2 2 2 2 2 2 2 2 2 2 2 2 2 2
left_child=1 7 3 33 11 6 18 -1 37 36 14 13 19 22 17 16 -16 -7 42 20 54 39 23 27 -25 -24 -27 -4 35 -14 31 -31 -32 -2 -15 -21 58 38 51 -17 -35 53 -3 44 -44 48 -47 -48 -12 -30 55 -6 -9 -10 -13 57 -57 -11 -5 -53 61 -40
right_child=2 5 4 9 8 10 -8 52 41 50 45 12 29 34 15 21 -18 -19 -20 28 -22 -23 25 24 -26 26 -28 -29 49 30 32 -33 -34 40 -36 -37 -38 -39 60 -41 -42 -43 43 -45 -46 46 47 -49 -50 -51 -52 59 -54 -55 -56 56 -58 -59 -60 -61 -62 -63
leaf_value=-0.053870977753197227 -0.016058020062534938 -0.048104352623528072 0.01480339631915163 0.014235518175227167 0.1208025613945551 -0.036116732352972226 -0.016451806160553972 -0.043334444983126906 0.12924045966041695 0.01172871273249242 -0.04681508636502224 0.042206023953652777 0.034742529562802799 0.017044624718525071 0.073254735950964697 0.048474670128894129 0.014871086102014401 0.0052579199685521784 0.016561961666016322 0.03919451284833033 -0.0040716763451057632 -0.012142862479864992 0.033429128010319928 0.011160991835683566 0.04609814604634193 -0.0063423684998754268 0.029409880391285465 0.027698818513913866 0.042933499705581774 0.0099876736938535604 0.028986058549638722 0.094059784534838264 0.068549578271405759 -0.0054844231732119322 -0.01358260899418999 0.017843097001780377 -0.0053725654694798284 0.042877789579399132 0.0084005587794919526 -0.012334535142032751 0.010032579587382479 0.064751245004930652 -0.01563584264657383 -0.044132390242648367 0.061367323172412891 -0.039052612416239016 0.0096504285712934318 0.10776451404280166 -0.013189325201251396 0.078598936084295967 0.028312990957168677 0.020683644837164384 -0.031655583514173503 0.043239080036284155 0.026009735035347273 0.023983263272712631 0.0010641999566568358 0.028788907212656107 0.0059720397911068937 0.031133751357697966 0.0090378574392702415 0.069769399349005487
leaf_weight=4057592.8633056283 147387.04770451784 258517.86621791124 702038.28913033009 870484.84079790115 2143.3635816574097 33497.411262333393 424866.82570385933 310794.28381145 2414.8387279510498 356955.64847576618 50581.827823340893 72967.453815460205 210836.26572930813 284503.06020736694 20533.890607655048 19568.462027072906 20286.739082813263 39226.481388866901 9018.5988317728043 120329.29366147518 34079.871877670288 49780.359233498573 906450.41095763445 145725.25645852089 314135.33461558819 65659.376059889793 38760.349992394447 236258.76858901978 142637.27711832523 8724.1153445243835 67264.323631763458 35786.186903476715 28898.114313483238 308709.34400999546 30318.124817430973 102062.47965306044 89071.556212425232 196650.61213207245 6375.421802520752 10215.154711663723 140742.6838594079 53056.342758178711 41392.679489970207 151899.32267296314 7003.8422784209251 16906.935493528843 12566.435473024845 3353.6555085778236 27088.479510068893 16967.243670463562 309764.98965346813 179507.48830032349 226360.65983515978 996625.05537986755 915538.04581540823 652409.19776988029 47826.727960944176 69484.35412311554 320050.1482437849 745307.52535676956 6533.0323486328125 35316.90731048584
leaf_count=7205827 114908 406209 43930 216703 65 35287 358633 471379 58 40552 72190 780 6021 33751 6829 6583 7976 16216 6267 2860 461 27189 27286 7340 14041 2524 1224 9657 4239 212 2184 405 713 173812 5655 3341 41437 1749 51 5708 51865 123 57667 228094 6569 20715 10916 911 22069 244 23887 3543 279829 8322 34188 52321 4130 7346 81155 10152 38 219
internal_value=-0.0010424 -0.0461574 0.0250402 0.0126271 0.0311745 -0.0234721 -0.0293463 -0.0520638 0.038232 0.0163767 -0.0062002 0.027671 0.0315802 0.0251508 0.00528423 0.0168128 0.0442399 -0.0137996 -0.0410565 0.0290113 0.0261629 0.00274109 0.0265956 0.0236341 0.0350269 0.0306917 0.00692875 0.0180504 0.0366363 0.041845 0.0524898 0.0775816 0.0408755 -0.00443641 0.0140951 0.0293957 0.0108038 0.0325854 0.0305098 0.0276183 -0.000625373 0.0445213 -0.0421891 -0.0345543 -0.0044919 -0.0262708 -0.00540911 0.0303196 -0.0350878 0.0467251 0.0213411 0.0293174 -0.0384129 0.043447 0.0272053 0.0194242 0.0224179 0.0145085 0.0120141 0.0291054 0.0534294 0.0603853
internal_weight=1.58078e+07 5.79105e+06 1.00168e+07 3.31289e+06 6.70387e+06 1.1963e+06 892699 4.59475e+06 2.22393e+06 2.71605e+06 303606 4.47994e+06 1.75609e+06 2.72385e+06 193108 120385 40820.6 72723.9 467832 1.40458e+06 1.02259e+06 79564 2.40903e+06 1.39816e+06 459861 1.01087e+06 104420 938297 381996 351509 140673 44510.3 96162.4 596839 314821 222392 1.27961e+06 1.17183e+06 975184 29783.6 449452 1.0521e+06 458814 200296 48396.5 110497 32827 15920.1 77670.3 159605 1.43644e+06 926958 537155 999040 988505 1.12668e+06 700236 426440 1.19053e+06 924815 48225.4 41692.3
internal_count=10286555 9253063 1033492 808116 225376 1296028 1063439 7957035 24320 467531 232589 201056 55648 145408 105788 54285 14805 51503 704806 46113 35429 39480 106002 74968 21381 31034 3748 53587 10684 9535 3514 617 2897 340585 39406 6201 339295 15817 14068 12291 225677 8503 698539 292330 64236 126801 32542 11827 94259 4483 128236 13760 751208 8380 34968 104349 56451 47898 297858 13695 308 270
is_linear=0
shrinkage=0.05


Tree=25
num_leaves=63
num_cat=0
split_feature=15 15 15 15 15 17 10 15 14 10 15 19 17 8 12 13 3 12 19 11 9 14 11 11 13 10 6 13 10 26 15 11 3 21 12 26 11 26 21 10 12 19 11 22 14 19 19 10 17 14 8 17 8 0 11 27 0 11 8 23 22 19
split_gain=7.28692e+06 299589 206255 66759.8 50508.3 18464.6 15565.6 14735.1 18349.3 24485.4 13506.1 12312.4 12214.2 11076.3 10311.8 9346.04 9337.74 11655.8 9150.91 8812.98 8554.28 8375.54 8303.39 8276.42 8257.01 21558.3 17315.3 8195.22 7989.25 7743.43 6838.93 6349.2 6239.45 7156.53 6073.46 5793.72 12530.9 9951.92 5856.31 5481.8 5690.42 5350.66 5141.09 5047.94 10851.2 5589.22 8662.71 5082.21 5803.44 4789.34 4616.57 6334.43 4567.65 4538.87 4455.32 5766.83 5324.56 4156.69 4002.41 3968.62 3921.97 5227.71
threshold=0.76929413255607659 14.198711026194831 0.13604029449218655 104.18601518604287 2.7379430650259429 1746.0000000000002 -0.93301270189221919 0.035003805175038059 17658.500000000004 0.68301270189221941 0.33601292407108246 367.50000000000006 92.500000000000014 -0.60785761079279388 0.91597561503675362 -0.70710678118654757 3.5000000000000004 0.78656609248549325 1186.5000000000002 0.6830127018922193 -0.22252093395631442 17132.000000000004 0.93301270189221952 -1.0000000180025095e-35 -0.5 0.68301270189221941 1.0000000180025095e-35 0.1294095225512602 -0.24999999999999994 677.90051269531261 1.3952956424626799 1.0000000180025095e-35 4.5000000000000009 3.5000000000000004 -0.78656609248549292 1.0000000180025095e-35 0.25000000000000017 6.1476788520812997 12.500000000000002 -0.24999999999999994 -0.9159756150367534 867.50000000000011 -0.68301270189221952 299.28570556640631 17666.500000000004 167.50000000000003 322.00000000000006 -0.24999999999999994 2431.5000000000005 17606.000000000004 0.6078576107927941 464.00000000000006 1.0000000180025095e-35 8.5000000000000018 0.6830127018922193 142.35761260986331 1.0000000180025095e-35 0.25000000000000017 0.87837969732492682 165.39286041259768 29.785714149475101 35.500000000000007
decision_type=2 2 2 2 2 2 2 2 2 2 2 2 2 2 2 2 2 2 2 2 2 2 2 2 2 2 2 2 2 2 2 2 2 2 2 2 2 2 2 2 2 2 2 2 2 2 2 2 2 2 2 2 2 2 2 2 2 2 2 2 2 2
left_child=2 4 7 12 22 6 52 8 -1 -10 -4 24 13 14 21 19 17 39 28 23 -13 42 30 -15 25 -8 -26 -11 -17 -22 -2 -20 -24 -34 -23 36 -18 -37 -38 40 -6 -21 -3 44 -7 47 -47 -45 -49 -41 -14 -52 -5 -53 55 -39 -56 -29 -54 -51 -32 -62
right_child=1 3 10 5 16 43 11 -9 9 27 -12 20 50 15 -16 18 35 -19 31 41 29 34 32 -25 26 -27 -28 57 -30 -31 60 -33 33 -35 -36 37 38 54 -40 49 -42 -43 -44 45 -46 46 -48 48 -50 59 51 53 58 -55 56 -57 -58 -59 -60 -61 61 -63
leaf_value=-0.054313605545037995 -0.0057596501712229202 0.030811039572135851 -0.031879664987122448 -0.016082294193320707 0.025531682999860084 0.029272987804439689 0.019078184873648422 -0.045696123811925449 -0.053062433147286182 0.11828878601294671 -0.018445683375842736 0.031458138096913627 0.027370168314645255 0.01618636668723723 0.0073661516204523957 0.028088672671053701 0.0096689261976332826 0.022447211911943418 -0.0076647212615966439 0.0083693210047631594 0.037926372176281087 0.025007846499525168 -0.027946187105073152 0.02810095611009435 0.033838480443166931 0.038536492310985965 0.015561490144011226 -0.055548361400143811 0.02045387560911301 0.051702912370268042 0.0033222547261111228 0.12514439916307687 -0.0073631035535690493 0.074782931154607796 0.033700426255069325 0.0034850334877320312 0.036607646206455423 0.020547524197619897 0.082264423163332434 -0.0019389895507911606 0.0089548643344714123 0.10850286128875748 0.014526462360255822 0.018270981918422378 0.14955737220105675 0.080718852847731795 0.046028997760904633 0.026372786120144289 0.056550832364496754 0.0078652857370528715 0.032308765123942144 0.086818822720914846 0.028705830190731332 0.045169345150236656 0.055385079284765049 0.07703242354278049 0.0081629303789106968 0.038701788231262579 -0.012683680213833398 0.25975998382710158 0.029721803649535722 0.19173366914809239
leaf_weight=3896231.1434137225 321386.12722587585 69508.284678936005 347805.77111673355 18461.519399642944 70988.931946396828 3942.8424301147461 419405.45585250854 611323.67578929663 14340.892898499966 2964.8019118309021 404909.29981386662 359011.5025100708 499287.93025302887 482293.05933475494 64744.611403226852 508611.92850494385 54159.186134338379 155491.23513758183 1198.722095489502 252781.59724092484 402068.03192520142 334216.17695665359 49273.462999939919 208885.41946673393 1589827.5075368881 215480.29068183899 141088.38647556305 1467.3323059678078 1050141.7961905003 136674.45640182495 442556.35154259205 3609.1650686264038 19571.378804981709 3066.7209689617157 503965.8737885952 137881.50329744816 56818.82479095459 392080.6020219326 8014.4137672185898 183357.85683751106 191235.81738698483 1341.0880279541016 160110.95825028419 29775.057062149048 3575.3161544799805 20952.991104125977 127572.88249588013 28507.792844772339 36114.110523223877 363079.54942667484 156710.69527387619 8920.9315090179443 19121.238700866699 24529.695233345032 6276.7658610343933 4571.3566741943359 121896.70212030411 5767.7599565982819 8409.5814914703369 156.33446884155273 4083.339773774147 566.99967813491821
leaf_count=7278644 218626 3765 454234 265 14578 38 7461 1026797 24920 618 389279 3257 18785 29331 3982 28503 12095 32452 31 17049 3895 16120 31947 9770 20562 2869 2489 2539 60969 609 204036 50 11573 1493 24224 36470 12608 68598 1438 44978 41763 30 8983 180 27 55 325 189 162 74783 6278 190 263 625 948 327 24184 4225 130 4 906 31
internal_value=-0.00102286 0.0231219 -0.0488908 0.0279625 0.00835424 0.0330351 0.0320445 -0.0529164 -0.0540421 -0.0109424 -0.0246531 0.0324516 0.0237928 0.0226374 0.0267418 0.0207846 0.013202 0.00990984 0.0231575 0.0168598 0.0374371 0.0279166 -0.00171617 0.0197872 0.0305597 0.0256823 0.0323487 0.0482773 0.0229451 0.0414214 -0.000196037 0.0920314 -0.0179633 0.00376505 0.0302344 0.0172632 0.0274218 0.0154392 0.0422517 0.00749958 0.0134425 0.00889782 0.019456 0.0461254 0.086477 0.0448765 0.0509229 0.0353629 0.043238 0.00464848 0.0298952 0.036525 0.0031595 0.0562772 0.0185798 0.0211985 0.0104755 0.0195859 0.0160628 0.00797378 0.00380226 0.0494801
internal_weight=1.57622e+07 1.04774e+07 5.28481e+06 7.89085e+06 2.58651e+06 3.55999e+06 3.30955e+06 4.5321e+06 3.92077e+06 24540.8 752715 3.26356e+06 4.33086e+06 3.64141e+06 1.13255e+06 2.50886e+06 1.74601e+06 964310 1.56356e+06 945301 897754 1.0678e+06 840504 691178 2.3658e+06 634886 1.73092e+06 10199.9 1.55875e+06 538742 768593 4807.89 71911.6 22638.1 838182 781699 118992 662707 64833.2 808818 262225 254123 229619 250441 7518.16 242923 148526 94397 64621.9 546594 689449 190161 45992.3 33450.6 524825 396652 128173 7235.09 27530.8 363236 447207 4650.34
internal_count=10286555 1105299 9181256 271461 833838 42776 41800 8337743 7310946 32302 843513 41142 228685 202807 57074 145733 365226 208558 89553 56180 7761 53092 468612 39101 33381 10330 23051 7382 89472 4504 423599 81 45013 13066 40344 156668 26141 130527 14046 176106 56341 17079 12748 976 65 911 380 531 351 119765 25878 7093 658 815 94057 68925 25132 6764 393 74787 204973 937
is_linear=0
shrinkage=0.05


Tree=26
num_leaves=63
num_cat=0
split_feature=15 15 15 16 15 22 23 15 16 10 15 23 3 28 21 12 2 15 8 12 26 21 6 13 20 0 13 2 2 12 11 26 21 21 11 20 2 2 10 16 24 15 18 26 2 10 22 2 15 13 25 23 3 24 23 2 11 10 20 6 21 15
split_gain=6.75747e+06 303014 147155 71631.9 51025.1 21971.5 18443.3 12402.9 15846 23046.2 12313.2 11692 10952.3 13952.6 12313.7 10456.3 21157.7 10199.5 10176.8 11076.8 10144.7 9611.51 9370.24 28145.5 22858 25279.8 17195.7 11873.8 16188.8 9080.15 11602.5 8329.24 8187.86 8062.16 10282.1 7928.07 7865.85 7770.06 7335.54 7302.65 7110.85 6728.47 6575.71 7320.85 6451.49 8198.96 6910.78 6322.05 6160.55 6131.35 6035.34 8671.98 5789.56 5679.53 11508.5 5773.33 5640.08 5590.56 5387.56 5559.59 5282.44 5267.86
threshold=0.58890753169276666 10.387627334465197 0.11804065331425848 44.113525873693668 1.7661884363455045 282.64285278320318 47.964284896850593 0.035003805175038059 2.3744742859173789 0.68301270189221941 0.0018264855415738134 1.0000000180025095e-35 5.5000000000000009 1153.5000000000002 207.50000000000003 -0.98296291314453399 10.500000000000002 0.2396820389880765 -0.60785761079279388 0.78656609248549325 13.897683620452883 3386.0000000000005 1.0000000180025095e-35 -0.37940952255126015 1.0000000180025095e-35 14.500000000000002 -0.5 2.5000000000000004 1.5000000000000002 0.91597561503675362 0.6830127018922193 299.24317932128912 1943.5000000000002 1943.5000000000002 -0.9330127018922193 325.50000000000006 11.500000000000002 11.500000000000002 -0.24999999999999994 0.9894773750645901 44.650001525878913 169.25862785763439 30.500000000000004 21.906645774841312 6.5000000000000009 -0.5 548.64285278320324 2.5000000000000004 5.7108472602524172 -0.12940952255126037 92.735664367675795 286.39286804199224 3.5000000000000004 230.50000000000003 262.71427917480474 1.5000000000000002 0.6830127018922193 -0.93301270189221919 3427.0000000000005 1.0000000180025095e-35 351.00000000000006 104.18601518604287
decision_type=2 2 2 2 2 2 2 2 2 2 2 2 2 2 2 2 2 2 2 2 2 2 2 2 2 2 2 2 2 2 2 2 2 2 2 2 2 2 2 2 2 2 2 2 2 2 2 2 2 2 2 2 2 2 2 2 2 2 2 2 2 2
left_child=2 4 7 6 36 12 11 8 -1 -10 49 38 13 50 53 16 -15 -4 39 37 -13 -17 26 24 25 -24 27 28 -8 -28 -31 -29 -22 34 41 -26 57 48 61 -6 -39 -7 -19 -44 46 -46 -35 -16 -20 -11 51 -5 56 54 -14 -55 -40 -2 59 -36 -43 -3
right_child=1 3 17 5 18 33 22 -9 9 10 -12 20 14 15 47 21 -18 42 19 -21 32 -23 23 -25 35 -27 29 31 -30 30 -32 -33 -34 44 58 -37 -38 40 52 -41 -42 60 43 -45 45 -47 -48 -49 -50 -51 -52 -53 -54 55 -56 -57 -58 -59 -60 -61 -62 -63
leaf_value=-0.05432065358825882 0.028855320650981731 0.036412016075789491 -0.035230713546874001 0.021307650732342177 0.0025882451471379128 -0.0024830175767514731 0.0093486519959714177 -0.045821850475700525 -0.053191387020199855 0.092679297046636577 -0.044038868413293429 0.0099399128611437418 0.033191503967387917 0.036539535649990337 0.094756202056692648 0.031069087689422216 0.10963479138157049 -0.022760403333800045 0.0028207902873286931 0.01801884260301357 0.018860613317057663 0.16668822646896775 0.033642031691595811 -0.0024477347460025783 0.0079213463880899136 0.074350618132965673 0.02438980643382084 0.014764108018563061 0.045070507593436858 0.026669714451385374 0.045281542708724178 -0.0099941497547085881 0.1627798351028347 -0.0049394992241201495 0.031491530055795823 0.048764664121876772 -0.024993131238199937 -0.011132541215105528 0.023237379420560689 0.018352173947229065 0.21767498316218017 0.061921804667243868 0.013353531274182798 0.27952638312457889 0.039890440928213117 0.080149424873559888 0.043755208972081669 0.050779862140547707 0.011380593408635139 0.019988454502978571 0.027017413511544075 -0.026124271651414815 0.030175899980929583 0.077897892207071273 0.11923149592947367 0.00096844116938238096 0.0015808619078728752 -0.0059671971121254622 0.053588660973257596 0.042971162982623365 0.035135634005018082 0.08307643891701802
leaf_weight=3690236.8761339188 11762.052514910698 78335.402305841446 254301.2461078167 636593.82660245895 89245.058986067772 5617.1234912872314 55131.150227546692 534996.99050652981 27224.709921181202 4674.6394165158272 5222.9805752038956 374031.55739092827 163472.24620819092 38430.324655532837 10130.588809013367 404432.08820295334 13335.250553131104 395077.18399882317 531560.5872631073 191770.43718421459 1936870.4966144562 1310.5972938537598 86473.34402513504 44911.904748916626 53627.695630550385 68226.856430053711 1078717.0170459747 423223.91318655014 74680.611998558044 225833.80323219299 133084.0060300827 36935.139226913452 988.67928791046143 8082.8029556274414 970098.96187973022 15262.959297180176 55314.095315992832 78841.903568029404 85891.943613052368 415567.98341143131 340.93043088912964 61901.517650604248 864.73447179794312 368.31123018264771 23435.780113220215 27472.936737060547 73915.06526184082 42295.927136421204 347691.54421710968 7645.9723020195961 839530.05234003067 9784.379581451416 142933.42492365837 2744.2343444824219 3981.0973587036133 21909.166957855225 46254.802449226379 573754.96855700016 31894.594215393066 118338.99062728882 26196.603420257568 6554.0637378692627
leaf_count=7248548 7381 5987 370128 24038 33392 85 2023 945204 46944 1608 8151 40049 4116 478 135 8670 100 430797 179752 53890 137405 6 2604 1259 1514 1524 27214 16073 2182 4872 2657 978 21 64 6689 285 42824 26084 6027 95192 22 351 701 87 70 66 184 617 64710 5695 16012 107 9435 24 36 242 4098 395908 86 870 147 137
internal_value=-0.0010021 0.0211272 -0.0495669 0.0254794 0.00500867 0.0309199 0.0216082 -0.0529421 -0.0539619 -0.0243934 0.020296 0.0187841 0.027827 0.0265721 0.0377999 0.0342072 0.0553698 -0.0274154 0.00964699 0.0070495 0.0174789 0.0315072 0.0248946 0.033672 0.0409273 0.0515957 0.0237322 0.0165444 0.0298995 0.0266819 0.0335709 0.0127768 0.0189341 0.035944 0.0346641 0.0169705 -0.0069703 0.00485467 0.0271663 0.0155653 -0.010147 0.0505739 -0.0224006 0.0928797 0.0476354 0.0616165 0.0389551 0.0592778 0.00620569 0.0475695 0.0242213 0.0205897 0.0232012 0.0319384 0.0352372 0.00953214 0.0156571 -0.00526766 0.0333332 0.0327396 0.0539569 0.040015
internal_weight=1.57193e+07 1.07987e+07 4.92061e+06 8.50287e+06 2.29585e+06 3.5349e+06 4.96797e+06 4.27e+06 3.73501e+06 44768.3 17543.6 2.67186e+06 2.18795e+06 1.94342e+06 244533 457508 51765.6 650611 1.65502e+06 1.15021e+06 2.31189e+06 405743 2.29611e+06 268503 223591 154700 2.02761e+06 589971 129812 1.43763e+06 358918 460159 1.93786e+06 1.34695e+06 1.21405e+06 68890.7 640831 958435 359970 504813 79182.8 93715.2 396310 1233.05 132907 50908.7 81997.9 52426.5 879252 12320.6 1.48591e+06 646378 275080 192107 167453 24653.4 132147 585517 1.12033e+06 1.08844e+06 88098.1 84889.5
internal_count=10286555 1228692 9057863 329537 899155 63193 266344 8256150 7310946 62398 15454 203159 54581 49411 5170 9254 578 801713 453042 324458 177475 8676 63185 7186 5927 4128 55999 21256 4205 34743 7529 17051 137426 8612 8228 1799 446113 270568 25684 128584 26106 583 431585 788 384 136 248 752 244462 7303 40157 24145 19560 4418 4152 266 10125 403289 7645 7559 498 6124
is_linear=0
shrinkage=0.05


Tree=27
num_leaves=63
num_cat=0
split_feature=24 16 16 24 16 24 13 16 0 0 16 11 11 16 8 0 6 10 24 11 11 13 3 16 0 2 21 16 10 16 10 24 2 23 23 24 3 2 16 8 0 12 3 24 24 17 22 11 14 17 10 14 2 2 0 0 11 16 25 22 11 22
split_gain=5.83693e+06 287639 237938 71898.4 59054 46106.8 42726.5 33949.5 29751.2 20479.4 18065 17863.5 18665.3 15923.3 15421.9 14363.7 19419.1 14145.3 13189.1 13736.6 16738.2 12513.9 11304.4 10905.1 11851.2 13586.4 10058.2 9668.5 9619.89 9533.93 9365.19 9194.01 8288.53 8030.89 8813.31 11409.4 7406.43 7316.41 7307.55 7190.45 7154.5 7026.41 6644.3 6597.73 6324.17 6250.21 6998.7 7916.9 8405.2 6159.25 6066.41 6040.49 5992.47 5885.35 23901.2 18627 5708.01 5654.39 5742.72 5601.26 5595.43 5522.6
threshold=0.45000000298023229 4.727522468333432 0.25744793104808494 2.3833333253860478 30.164248600439702 0.050000002607703216 0.25881904510252057 1.7925474254742551 8.5000000000000018 8.5000000000000018 0.57146544730437354 1.0000000180025095e-35 0.6830127018922193 7.3613656407420152 -1.0000000180025095e-35 18.500000000000004 1.0000000180025095e-35 -0.6830127018922193 0.050000002607703216 0.25000000000000017 0.6830127018922193 -1.0000000180025095e-35 5.5000000000000009 64.295668806870154 16.500000000000004 3.5000000000000004 1.0000000180025095e-35 0.090928499340113364 0.68301270189221941 0.9894773750645901 -0.24999999999999994 0.050000002607703216 2.5000000000000004 21.107142448425297 68.464286804199233 208.51666259765628 3.5000000000000004 1.5000000000000002 44.113525873693668 1.0000000180025095e-35 18.500000000000004 0.78656609248549325 5.5000000000000009 1.0000000180025095e-35 41.849998474121101 562.00000000000011 473.28572082519537 0.6830127018922193 16186.500000000002 74.500000000000014 -0.24999999999999994 17621.500000000004 4.5000000000000009 3.5000000000000004 16.500000000000004 16.500000000000004 0.6830127018922193 13.674987227246651 518.76980590820324 919.28570556640636 -1.0000000180025095e-35 707.07144165039074
decision_type=2 2 2 2 2 2 2 2 2 2 2 2 2 2 2 2 2 2 2 2 2 2 2 2 2 2 2 2 2 2 2 2 2 2 2 2 2 2 2 2 2 2 2 2 2 2 2 2 2 2 2 2 2 2 2 2 2 2 2 2 2 2
left_child=2 3 5 10 9 -1 7 18 17 45 -2 43 -13 31 57 23 22 -6 19 -4 51 37 38 53 25 -25 -22 -7 -15 50 36 -8 -30 -19 35 -35 -14 -16 -17 -26 56 -31 -43 -9 -18 46 47 -3 -49 -39 -5 -21 -24 54 -10 -55 -12 -11 -59 -36 -23 -60
right_child=1 4 6 29 8 27 13 11 15 14 40 12 30 28 21 16 44 33 -20 20 26 60 52 24 39 -27 -28 -29 32 41 -32 -33 -34 34 59 -37 -38 49 -40 -41 -42 42 -44 -45 -46 -47 -48 48 -50 -51 -52 -53 -54 55 -56 -57 -58 58 61 -61 -62 -63
leaf_value=-0.053723042341946525 -0.015501731998395721 0.022105391054652628 -0.046953491357245837 0.012524547232324558 0.018109110425091772 -0.043257540646484745 -0.046413514690536423 -0.031461107256550713 0.036195971676892584 0.01726328224330129 0.0051710275449075973 0.056799635845890484 -0.010832673506221698 -0.023998600932301155 0.0033406953809675018 0.0043630815538329521 0.0056730445708339169 0.0097105655027981564 -0.011618932400634205 0.016073053031261608 -0.035199346811399197 0.009239692191039631 0.054196959735494904 0.034663787613095284 0.038517287442284991 0.020564532688920365 0.042893601239273112 -0.029895574856584325 0.058401209874892515 0.010203568767331059 -0.0096564015985541596 -0.026228734630328005 -0.0197183977736839 0.057632228980215694 0.0352772015138531 0.17089483380371195 0.048437433109799581 0.014860365239514351 0.02086401656648804 0.029138735181818712 -0.014611305568725747 0.021633426314764451 0.0032676506457332958 0.0086521447641824522 -0.030201928675955406 0.040928977893752175 -0.0062474834844926663 0.011269864225576257 0.037401407641743482 0.024755625087064654 -0.002573673729374486 0.10097244971481799 0.028004956886800537 0.016300350406620385 0.014308642124613828 0.028999683171882219 -0.0080189507054991803 0.024426764147581107 -0.017112059521072198 0.045008932131963886 -0.0081942434980904252 0.082985286486330856
leaf_weight=3453269.6316913068 381094.55479490757 574054.114153862 72459.443026810884 101535.54387927055 95987.728275299072 406245.80207136273 185113.28753268719 27120.916130065918 353098.66690254211 597941.89751791954 304026.66828489304 27705.056849062443 7559.1446080207825 28622.847220897675 118133.0244628191 80877.308381676674 25713.546065092087 23362.222637653351 193164.78577578068 13220.6451369524 51199.983298748732 101925.03610795736 32581.604294538498 260974.62492513657 434991.99578475952 494862.63788795471 4484.2226740121841 203052.86929243803 8317.7134008407593 852285.56804400682 34717.817377090454 81147.939312070608 5737.4394319057465 20957.582528114319 451714.46056938171 2487.372127532959 17410.012509226799 1026619.8208678961 393776.10171753168 385506.54291248322 81207.665853500366 295848.51090806723 59081.07162052393 16479.223317027092 23521.843246936798 62558.926936149597 18061.193727493286 36747.153783082962 189274.92333507538 185707.28664493561 192975.90267002583 2489.5968139767647 66231.219314992428 624715.41539645195 192858.69547319412 536924.85173130035 112327.92736238241 727679.29359406233 13442.040155410767 219819.30181121826 83915.199157238007 1535.2500419616699
leaf_count=7093715 332337 22350 124367 37419 778 715180 338291 28325 8744 62626 133882 8125 4127 29227 9197 6935 3323 382 162599 17535 77865 19059 1501 4003 3159 9922 2221 276091 3335 178429 18944 103252 4760 421 3629 20 4837 77442 19736 2973 55861 33294 4789 6575 918 934 239 1605 6357 8161 73241 1635 3192 21224 3250 7899 48995 38506 274 476 18050 17
internal_value=-0.00098068 0.0194047 -0.0466372 0.00405055 0.0237256 -0.0514856 -0.0212857 -0.0117592 0.0274429 0.0190302 -0.0073098 0.00984124 0.0228831 -0.0357172 0.0169753 0.0256307 0.0186682 0.0361367 -0.0201549 -0.0316167 -0.016051 0.0135211 0.0212554 0.0269509 0.0299498 0.0254327 -0.0289104 -0.0388046 -0.00736386 0.0106975 0.00713981 -0.0402619 0.0265118 0.0385456 0.0395149 0.0696496 0.0304939 0.0152187 0.0180524 0.0341108 -0.0010354 0.0126652 0.0185763 -0.0162997 -0.0114659 0.0256963 0.0245315 0.0252263 0.0331529 0.0163762 0.00263156 0.0295279 0.0366414 0.0241825 0.0284643 0.0221701 0.0016125 0.0208822 0.023796 0.0384628 0.00136746 -0.00685074
internal_weight=1.56785e+07 1.08389e+07 4.83952e+06 2.38038e+06 8.45856e+06 4.06257e+06 776950 468011 4.72096e+06 3.7376e+06 878657 130992 87392 308939 2.8569e+06 3.90664e+06 622702 814329 337019 143854 71394.4 1.5163e+06 573466 3.28393e+06 1.57634e+06 755837 55684.2 609299 42678 1.50173e+06 59687 266261 14055.2 718341 694979 23445 24969.2 1.33046e+06 474653 820499 497562 1.20722e+06 354930 43600.1 49235.4 880696 818137 800076 226022 1.21233e+06 294511 15710.2 98812.8 1.7076e+06 545957 1.16164e+06 416355 1.3406e+06 742657 671534 185840 14977.3
internal_count=10286555 1265549 9021006 898247 367302 8084986 936020 457155 102485 264817 571075 70933 36033 478865 233332 96779 35605 5706 386222 223623 99256 131909 31364 61174 20057 13925 80086 991271 37322 327172 27908 441543 8095 4928 4546 441 8964 94800 26671 6132 238738 216512 38083 34900 4241 31485 30551 30312 7962 85603 110660 19170 4693 41117 11994 29123 182877 101423 38797 4105 37109 291
is_linear=0
shrinkage=0.05


Tree=28
num_leaves=63
num_cat=0
split_feature=15 15 15 16 15 22 19 14 2 2 15 15 2 12 2 24 22 26 3 16 12 18 18 21 26 26 21 14 11 16 25 11 2 11 13 12 10 21 11 2 10 14 21 12 14 3 18 18 16 26 26 22 15 22 19 3 10 21 25 16 25 0
split_gain=5.85128e+06 225978 153182 52101.2 40970.3 15363.4 14911.8 14126 23572.4 16480.6 12506.2 11828.2 9260.8 11686.3 19456.7 20209.7 9884.18 9181.41 9166.68 12704.8 11798.9 8967.2 8672.66 8104.64 7984.1 10541.4 7843.22 7632.29 7513.15 7321.7 7278.77 6888.02 6677.66 6570.13 15619.6 7165.54 6275.63 6681.79 7948.93 7163.97 6155.23 6080.58 5901.08 5834.57 10239.2 6863.83 10306.9 5779.25 6109.57 5728.99 5623.97 5574.03 5409.87 5311.39 5223.12 5170.27 4960.41 4903.07 5195.28 4663.36 4591.71 4426.12
threshold=0.58890753169276666 10.387627334465197 0.10717020345657406 44.113525873693668 1.6787842515441695 282.64285278320318 250.50000000000003 17649.500000000004 2.5000000000000004 1.5000000000000002 0.028929356029471106 0.22965994534684389 2.5000000000000004 -0.98296291314453399 3.5000000000000004 52.483333587646491 206.3571472167969 1.0000000180025095e-35 5.5000000000000009 6.3428096848767614 0.78656609248549325 224.50000000000003 121.50000000000001 1457.0000000000002 0.13363929273691613 13.897683620452883 3386.0000000000005 17651.500000000004 0.6830127018922193 10.750608801827498 4.6572859287261972 0.6830127018922193 11.500000000000002 -0.24999999999999994 -0.37940952255126015 -0.9159756150367534 -0.93301270189221919 1943.5000000000002 -0.9330127018922193 6.5000000000000009 0.68301270189221941 17668.500000000004 5.5000000000000009 0.91597561503675362 17668.500000000004 4.5000000000000009 41.500000000000007 30.500000000000004 3.2456657820570816 677.90051269531261 0.13363929273691613 548.64285278320324 169.25862785763439 423.57142639160162 1097.5000000000002 3.5000000000000004 -0.93301270189221919 55.500000000000007 1.0000000180025095e-35 0.34486080659092427 10.970736026763918 10.500000000000002
decision_type=2 2 2 2 2 2 2 2 2 2 2 2 2 2 2 2 2 2 2 2 2 2 2 2 2 2 2 2 2 2 2 2 2 2 2 2 2 2 2 2 2 2 2 2 2 2 2 2 2 2 2 2 2 2 2 2 2 2 2 2 2 2
left_child=2 4 7 6 32 12 22 10 9 -9 29 -4 17 14 15 -14 -16 -5 20 42 28 23 24 -19 27 -26 61 -3 33 -1 -30 54 56 35 -35 -6 -7 38 52 51 -31 -27 59 45 55 -33 -47 -13 -49 -23 -11 -39 -38 -46 -8 -45 -2 58 -44 -20 -22 -15
right_child=1 3 11 5 18 36 31 8 -10 50 -12 47 13 26 16 -17 -18 21 19 -21 60 49 -24 -25 25 41 -28 -29 30 40 -32 43 -34 34 -36 -37 37 39 -40 -41 -42 -43 57 44 53 46 -48 48 -50 -51 -52 -53 -54 -55 -56 -57 -58 -59 -60 -61 -62 -63
leaf_value=-0.054383482070400752 0.027681859227808414 0.015780734884482669 -0.034942580162666034 0.052989473246823085 0.013236498394065058 0.001624650730862377 0.024892462239085467 -0.054160060078856646 -0.052460139475847392 0.061371999121303748 -0.045955086585526439 -0.021596128448580856 0.046840547603089547 0.025717013360346427 0.043270587160243956 -0.034127616647091484 0.018941948959699018 0.025693910997942201 -0.019923185703527958 0.038800691684126087 0.011780044360005928 0.042022575671034144 0.023282372914800377 -0.049174896941378859 0.0085276821492246638 0.01643093001518741 0.1354293421497553 0.030258072824360716 -0.0087353223200055796 -0.054759082806719865 0.0066213581057712433 0.021776884810451966 -0.02410335215503933 0.023212942994417132 -0.001278131147312526 0.0011186336117940245 -0.0036045837199107375 -0.0062298200150189588 0.028845744605560709 0.056346950770634611 0.049606684477691988 0.022658114021276647 0.081410664273188618 0.051559129555388598 0.15282784206138178 0.026611008417456745 0.08085026559372227 0.0017968146587692673 0.22751036785596837 0.12296322006273269 -0.053982525553766182 0.036925490250881932 0.046456489925582843 0.042124315699020261 0.0030197750814915871 0.0061370791821514755 -0.0058009430091034257 0.0021889145139998741 0.024045786884156459 0.010798523677397089 0.026075515475566746 0.019409170192334849
leaf_weight=3276274.2497217655 11295.927489995956 158808.36287355423 262029.44278234243 41749.947630405426 167120.21929967403 18228.559234619141 318281.56711435318 5331.3244503438473 31086.407369405031 11434.396919906139 522323.88046303391 395025.05308359861 12356.198219299316 360675.15537881851 175436.38370609283 20480.751792907715 54787.96319770813 321538.37833213806 13274.008654356003 53508.019761443138 153614.21994435787 67039.192080497742 664893.85851192474 3655.6610984802246 381377.56451821327 2738327.0500354767 1494.976993560791 213333.58707594872 170257.17140185833 2582.687126159668 141117.37896180153 83047.869114875793 50554.200353980064 167446.52886462212 106513.06048107147 451788.80676722527 5726.1765213012695 8268.3931465148926 1161280.3879718781 51547.476806640625 3118.5017378926277 457517.74061489105 7465.4867298603058 30922.325457572937 3457.969633102417 22523.243413925171 14332.714347839355 820.41478550434113 472.39154815673828 2259.87646484375 1164.0610000193119 78690.022109985352 93729.865928649902 1578.2216262817383 29854.625464439392 7857.1516966819763 532680.89267987013 7582.2175523042679 8375.1174876689911 177859.53374755383 88554.737734913826 1214825.7972369194
leaf_count=7085108 7070 12941 413377 1253 44519 141 7587 10351 60546 7249 1022294 451195 236 6900 2345 404 534 7850 5725 8769 50185 1032 19579 49 40054 152907 7 12743 60167 4254 36591 1806 41001 40458 30173 124607 85 64 7515 125 1099 16734 1828 395 54 696 244 661 141 13 1588 184 498 11 452 141 379066 1677 2087 46960 18272 33958
internal_value=-0.0009579 0.0185141 -0.0489895 0.0221597 0.00458912 0.0266868 0.0188975 -0.0527977 -0.0261269 0.019529 -0.0531413 -0.0267002 0.0241422 0.0225893 0.0323455 -0.00365995 0.037481 0.030692 0.00851117 0.0170037 0.00693724 0.0283322 0.0179993 0.0248522 0.0171099 0.0163848 0.0209618 0.02408 0.00491214 -0.054285 -0.00177554 0.0269944 -0.00672107 0.00724437 0.013691 0.00439076 0.0307732 0.0311529 0.0300076 0.0415773 0.00232709 0.0173224 0.0115677 0.0354525 0.0510671 0.0297465 0.0477041 -0.0212507 0.0842877 0.0446623 0.0507128 0.032822 0.0435742 0.118139 0.0230168 0.0423563 -0.00510564 0.035255 0.0510818 0.0086649 0.0170075 0.0208532
internal_weight=1.56406e+07 1.11289e+07 4.51166e+06 8.81989e+06 2.30901e+06 3.69377e+06 5.12611e+06 3.85332e+06 49016.2 17929.8 3.8043e+06 658347 2.2763e+06 1.84006e+06 263061 32837 230224 436243 1.71448e+06 268064 1.44641e+06 394493 4.61426e+06 325194 3.94936e+06 3.57722e+06 1.577e+06 372142 1.20424e+06 3.28198e+06 311375 511856 594531 892869 273960 618909 1.41747e+06 1.39924e+06 1.26074e+06 138506 5701.19 3.19584e+06 214556 163719 43815.7 119904 36856 396318 1292.81 69299.1 12598.5 86958.4 99456 5036.19 348136 38779.5 543977 23422.8 15840.6 191134 242169 1.5755e+06
internal_count=10286555 1228692 9057863 329537 899155 63193 266344 8192489 79734 19188 8112755 865374 54581 44384 3519 640 2879 10197 472018 67046 404972 8944 254958 7899 235379 209695 40865 25684 336515 7090461 96758 11386 427137 239757 70631 169126 8612 8471 8098 373 5353 169641 58277 3347 601 2746 940 451997 802 1045 8837 248 583 65 8039 536 386136 5592 3915 52685 68457 40858
is_linear=0
shrinkage=0.05


Tree=29
num_leaves=63
num_cat=0
split_feature=15 15 15 16 15 0 14 2 2 3 0 6 21 15 10 21 15 16 0 11 16 28 3 19 28 16 3 17 16 10 13 16 10 2 23 14 24 13 23 2 16 21 2 2 26 18 17 17 2 14 26 24 19 14 23 28 28 2 23 14 22 10
split_gain=5.44564e+06 210435 139092 54467.4 31083.9 23636.1 14413.3 22303.7 14846.7 14079.4 16563.4 18004.7 15248.7 12416.3 12188 10930.7 10571.8 10075.4 9466.97 11516.5 8779.5 8862.35 8284.91 8106.42 8015 8882.44 8782.56 7762.06 7708.25 7404.78 7484.88 7319.72 15945.7 15626.3 7318.14 7274.19 7106.21 7057.62 6820.01 6506.13 6317.6 5814.4 5759.39 5739.61 5508.63 5421.64 5499.81 5222.01 5085.44 4986.02 5595.13 9764.79 5224.07 4841.18 4828.99 4815.56 4723.32 5216.81 4660.11 4438.36 4420.52 4278.63
threshold=0.54179669583516954 6.8099233661448499 0.10354855147842275 22.287635258195845 1.4861071420406486 8.5000000000000018 17649.500000000004 2.5000000000000004 1.5000000000000002 5.5000000000000009 18.500000000000004 1.0000000180025095e-35 205.50000000000003 0.028929356029471106 -0.6830127018922193 2586.5000000000005 0.22965994534684389 64.295668806870154 8.5000000000000018 0.6830127018922193 0.67502327746741175 882.50000000000011 3.5000000000000004 147.50000000000003 402.50000000000006 17.581253621257684 5.5000000000000009 2736.0000000000005 2.9145443521297407 -0.24999999999999994 -0.5 0.80809066741373015 0.68301270189221941 2.5000000000000004 16.535714149475101 16186.500000000002 6.1833331584930429 1.0000000180025095e-35 41.357141494750984 5.5000000000000009 44.113525873693668 1275.0000000000002 11.500000000000002 1.5000000000000002 522.97485351562511 993.00000000000011 924.00000000000011 539.50000000000011 8.5000000000000018 17670.500000000004 677.90051269531261 171.31666564941409 1929.0000000000002 16186.500000000002 1.0000000180025095e-35 750.50000000000011 1369.5000000000002 3.5000000000000004 37.535715103149421 16031.500000000002 707.07144165039074 -0.93301270189221919
decision_type=2 2 2 2 2 2 2 2 2 2 2 2 2 2 2 2 2 2 2 2 2 2 2 2 2 2 2 2 2 2 2 2 2 2 2 2 2 2 2 2 2 2 2 2 2 2 2 2 2 2 2 2 2 2 2 2 2 2 2 2 2 2
left_child=2 4 6 18 42 14 13 8 -8 10 17 40 27 31 48 43 -4 44 20 41 -3 24 29 55 25 -22 -26 36 -24 30 -6 -1 -33 37 -18 -19 -11 -34 -32 -31 -12 56 61 -14 -7 46 -23 -30 -5 50 52 -52 -16 -36 -10 60 57 -20 -43 -57 -21 -2
right_child=1 3 16 5 22 9 7 -9 54 12 11 -13 15 -15 49 -17 34 35 19 23 21 45 28 -25 26 -27 -28 -29 47 39 38 32 33 -35 53 -37 -38 -39 -40 -41 -42 58 -44 -45 -46 -47 -48 -49 -50 -51 51 -53 -54 -55 -56 59 -58 -59 -60 -61 -62 -63
leaf_value=-0.054622700931192231 0.024571187131077778 -0.013378813922273481 -0.034464430113589788 0.019610388738909353 0.00015931547755603136 0.020528955785006055 -0.05432049166767039 -0.052338004240851381 0.055845690496398509 0.050993387215550724 0.0060460578229618702 -0.018741855177112597 0.078088897771394633 -0.045659060065821044 0.03157546241238305 -0.041537585868490226 -0.021422477571396811 -0.0022436124441211004 0.019371278126776047 0.0019473911903969119 0.016346035035416939 0.014726403851865575 0.0063717327040766882 0.029107757867541224 0.032635283282878125 0.048873461247592523 0.0055711437588648084 -0.05555202472354577 0.018093530352679445 0.0025121055159599017 0.016733694296199583 -0.054610925984084749 0.06185757700582644 -0.0533367709721633 0.38751567958116739 0.025643631864874922 0.023894213083712579 -0.0050205064318557943 0.13304471390777362 -0.010477653662866862 0.018561658704565019 0.16396788341173352 -0.024698688527197282 0.042658368144071146 0.010912292152476352 -0.047418337927031873 0.068264019475112667 0.27822633110582745 -0.0095901837019129708 0.038175903165521254 0.094610638160939439 0.015340355141148638 0.096574258358100004 -0.041082577742020607 -0.053873982303706373 -0.011912729855411872 0.025548313375608089 0.013455742372463218 0.035042055519139158 0.012081299829291457 0.20281632625596757 -0.0070985417141935505
leaf_weight=3039666.5770182312 10897.897925853729 20090.892967104912 265877.59720304608 100866.45161151886 110332.49953520298 1829979.3225262165 5057.8497797548771 29093.925790548325 11925.566319674253 25466.832147121429 135287.8664586544 41709.912539958954 12656.041672229767 490552.77283388376 516136.55976963043 3658.4521923065186 346749.46932065487 23765.561037063599 528232.44117021561 283041.42945075035 316915.1802816391 471049.70816493034 391824.00394225121 44518.43302989006 272470.08346033096 22476.755081176758 33681.975672006607 2989.4437446594238 204759.39844036102 357873.53948378563 128453.37982928753 58565.322882801294 6799.9022386670113 11408.3252569139 181.5263432264328 1454057.8537278175 483276.52869653702 9394.9666843414307 1272.7311668395996 131933.55372130871 395890.58710670471 1164.6598320007324 47083.516184031963 118094.80411577225 162107.77891540527 3473.8982219696045 4846.3196516036987 193.00970649719238 17496.353826522827 261164.94784545898 4059.0576133728027 90524.610412597656 3109.9071502685547 103.33198964595795 1094.776576757431 20380.141073703766 117429.78343820572 1265829.9087712765 1760.4887027740479 354794.7255012989 274.06314849853516 498469.1424446106
leaf_count=6925811 7189 3850 434481 938 37305 50288 10317 59507 7238 1391 10148 2763 174 1002294 5718 30 409606 1499 38901 27392 17947 30263 137965 2214 10087 311 1495 25 48193 120445 41456 121899 6258 23205 9 17007 11594 13288 119 48624 16183 35 40958 1730 1717 49 62 8 182 518 32 637 20 48 1568 2704 10561 106412 37 33503 2 380345
internal_value=-0.000935015 0.0172135 -0.0490082 0.0202565 0.00195143 0.0233462 -0.0526965 -0.0252366 0.0183785 0.0218619 0.0207666 0.0128902 0.0287153 -0.0530547 0.0303524 0.0437028 -0.0269622 0.022067 0.0155902 0.0139314 0.0193823 0.0199674 0.00611186 0.00845827 0.0237918 0.0185002 0.0296578 0.0247787 0.0104816 0.00253895 0.00973275 -0.0542153 -0.0398445 -0.00851438 -0.0212143 0.0251952 0.0252508 0.0230602 0.017875 -0.000986784 0.015374 0.0159412 -0.00796752 0.046088 0.0197464 0.0148173 0.0152716 0.0183387 0.0152939 0.0323894 0.0299274 0.0187424 0.0319648 0.232065 0.0466195 0.00706221 0.0158334 0.0151975 0.08638 0.0107779 0.00214179 -0.00642095
internal_weight=1.56043e+07 1.13278e+07 4.27647e+06 9.44473e+06 1.88309e+06 5.6823e+06 3.66356e+06 47172.1 18078.2 4.68894e+06 4.0428e+06 572888 646142 3.61639e+06 993358 134409 612912 3.46991e+06 3.76243e+06 2.61743e+06 1.145e+06 1.12491e+06 1.32664e+06 703009 645544 339392 306152 511733 596776 729866 240059 3.12584e+06 86168.5 27603.2 347034 1.47782e+06 508743 16194.9 129726 489807 531178 1.91442e+06 556451 130751 1.99209e+06 479370 475896 204952 118363 874995 613830 94583.7 519246 284.858 13020.3 658490 1.91149e+06 1.79406e+06 2925.15 375175 283315 509367
internal_count=10286555 1271026 9015529 408419 862607 122594 8171385 78630 19123 114549 99605 29094 14944 8092755 8045 1934 844144 70511 285825 221761 64064 60214 434115 65815 29840 18258 11582 13010 186166 247949 78880 7090461 164650 42751 409663 18506 12985 19546 41575 169069 26331 155946 428492 1904 52005 30374 30325 48201 1120 6925 6407 669 5738 57 8806 63601 155874 145313 72 36207 27394 387534
is_linear=0
shrinkage=0.05


Tree=30
num_leaves=63
num_cat=0
split_feature=15 15 15 16 15 0 14 2 2 3 0 6 15 24 28 0 15 16 3 16 2 2 24 14 11 13 6 0 24 26 11 2 26 16 0 27 2 17 0 24 13 2 2 16 16 27 2 3 14 18 27 25 2 11 14 14 2 19 2 0 0 26
split_gain=5.07365e+06 206659 112690 53887.7 28051.2 20270.1 15249.5 20633 13248 12400.2 15010.7 15774.8 10724.8 10085 9724.91 11797.6 9223.34 8638.77 7844.2 7819.2 14683.6 15556.7 7581.7 7445.89 9790.11 7286.45 11848.5 18084.1 17664.4 7253.85 6861.11 8577.63 6822.67 6699.69 6675.75 6330.51 6121.5 8851.82 6882.69 6070.73 5978.58 5926.06 5806.43 5663.08 5653.45 5599.27 5550.45 5375.34 5448.36 5348.27 5275.43 4726.6 4622.24 4701.33 4576.32 4416.02 4371.22 4330.27 4265.42 4178.09 4015.98 3978.63
threshold=0.45581398489944219 5.23177629134151 0.083793794710545336 22.287635258195845 1.3952956424626799 8.5000000000000018 17649.500000000004 2.5000000000000004 1.5000000000000002 5.5000000000000009 18.500000000000004 1.0000000180025095e-35 0.20973241771252668 16.383333206176761 1101.5000000000002 11.500000000000002 0.022446434933075476 64.295668806870154 3.5000000000000004 0.80809066741373015 2.5000000000000004 1.5000000000000002 5.6499998569488534 17660.500000000004 0.25000000000000017 -0.60355339059327384 1.0000000180025095e-35 14.500000000000002 98.15000152587892 0.13363929273691613 0.6830127018922193 8.5000000000000018 5.2959134578704843 0.71628089061468492 16.500000000000004 134.38126373291018 6.5000000000000009 1084.0000000000002 7.5000000000000009 68.049999237060561 1.0000000180025095e-35 1.5000000000000002 2.5000000000000004 2.1510101157191679 44.113525873693668 353.34028625488287 11.500000000000002 5.5000000000000009 16186.500000000002 7.5000000000000009 202.40107727050784 3.7764923572540288 11.500000000000002 -0.9330127018922193 17664.500000000004 16037.000000000002 1.5000000000000002 223.00000000000003 4.5000000000000009 4.5000000000000009 8.5000000000000018 0.13363929273691613
decision_type=2 2 2 2 2 2 2 2 2 2 2 2 2 2 2 2 2 2 2 2 2 2 2 2 2 2 2 2 2 2 2 2 2 2 2 2 2 2 2 2 2 2 2 2 2 2 2 2 2 2 2 2 2 2 2 2 2 2 2 2 2 2
left_child=2 4 6 13 46 30 16 8 -8 10 17 44 -4 29 23 -16 19 45 52 -1 21 -21 -17 24 -11 26 35 57 -29 55 31 47 -31 -27 -19 56 37 -35 -38 59 -23 -20 43 -43 -12 -7 51 48 -5 -44 -49 -2 53 -6 -37 -3 -15 -28 -25 -32 -55 -10
right_child=1 3 12 5 18 9 7 -9 61 14 11 -13 -14 25 15 22 -18 34 41 20 -22 40 -24 58 -26 33 27 28 -30 32 39 -33 -34 36 -36 54 38 -39 -40 -41 -42 42 49 -45 -46 -47 -48 50 -50 -51 -52 -53 -54 60 -56 -57 -58 -59 -60 -61 -62 -63
leaf_value=-0.054697434170426322 -0.0099607354227048452 0.0017322930068557304 -0.035846436262475516 0.015086834834717093 -0.011814468810043315 0.019769848149988882 -0.054279191584999255 -0.052217106763295398 0.051191676183256068 0.028579778720188312 0.0055365330660671229 -0.017649312895264013 -0.022425680225586699 -0.0031434823030051756 -0.011544037624123121 0.065799592273588378 -0.046836975827467715 0.019974697158584201 -0.0091586269775231054 -0.05509771866248956 -0.054465786196389532 0.057186087491795018 0.02017428961758972 0.032802400113321632 0.049798727468557541 -0.029482991196502113 0.01227434571944324 0.079332515669776726 0.00099884588738117282 4.4317554547456528e-05 0.051130196506249927 -0.0091842205473365249 0.010932117518324054 0.015172576572886435 0.026640294688291266 -0.014065343738170069 0.029432418949548129 0.06453064613544772 0.018703024285897665 0.036147734199994529 -0.0042748717452634651 0.012259455916258323 0.0067670407505542075 0.04774489037150359 0.017217303045336831 0.013144174395456967 -0.025004755623373759 0.040512552779788269 0.029225213190109359 0.024793908434399461 0.00069769289285117882 0.0017545218888287591 -0.014164277703570934 0.012599274758263782 0.0071008778046521247 0.020590238975822281 0.012972236896270545 0.055552306049816619 0.018916191975488592 -0.013507150732897081 0.0011954686889515029 -0.055544328492697907
leaf_weight=2811525.1107749045 436515.04342877865 35351.619960784912 302701.01240891218 77242.997772216797 55994.175879478455 1625734.393434763 4691.4916252791882 25493.422423273325 12227.627910256386 131855.60403227806 139050.3573243618 41754.24725151062 292903.47685784101 45904.780875682831 29409.138275146484 9621.9526946544647 488581.4697303772 715930.52686166763 40359.508315205574 10842.94783437252 50705.723484009504 6983.8769673705101 169592.84560108185 92738.130804777145 92494.582168102264 7377.749707698822 94085.61653470993 24882.319609165192 10125.658416748047 164857.00375771523 3292.1465015411377 17359.819334030151 1131070.8506364822 958845.97749948502 790292.70108222961 43980.99103975296 206377.14551591873 9170.4102592468262 542061.46103000641 282792.65284156799 9128.1252613663673 25796.652194023132 347254.32235467434 19929.983120918274 406196.75493144989 396677.66673660278 50336.933031737804 10847.417980194092 578371.79564094543 46675.19963312149 35703.012004852295 107249.02931058407 48899.383943259716 96716.517909169197 60894.276944160461 254827.21925520897 504518.09229803085 6158.2366604804993 137000.78294038773 10389.86682844162 382644.62940490246 940.08288151025772
leaf_count=6732553 366070 5598 535020 776 21867 47163 10071 55050 7052 2478 10754 2871 372606 3497 572 543 1068112 12931 15950 23247 110858 6125 3606 2514 1521 1006 5685 1193 285 30874 140 182 152446 43064 5575 2302 7770 145 26301 1662 12937 10125 124225 4805 17062 4842 46518 366 4409 13276 310 75251 22324 37244 2117 30620 33557 222 4033 202 142651 1424
internal_value=-0.000911747 0.0159178 -0.0493181 0.0186554 -0.000416877 0.0217595 -0.0528125 -0.0233462 0.0178658 0.0203958 0.0193737 0.0119702 -0.0292465 0.0142692 0.0267433 0.0178074 -0.0531907 0.0206053 0.00444169 -0.0542651 -0.0386141 -0.00879475 0.022624 0.0308488 0.0373279 0.0162386 0.012264 0.0257376 0.0566756 0.0111471 0.0281729 0.0255354 0.00954707 0.0180614 0.023472 0.00948304 0.0182657 0.0156402 0.0216616 0.034574 0.0223658 0.00917748 0.0108607 0.027726 0.0142385 0.0184703 -0.00912051 0.0263938 0.0275595 0.00890299 0.00997573 -0.00765007 0.000550831 0.00189492 -0.00177545 0.0182929 0.0116282 0.0149331 0.0245216 0.00204569 0.00349633 0.0435707
internal_weight=1.55699e+07 1.15532e+07 4.01672e+06 9.89484e+06 1.65837e+06 5.79435e+06 3.42112e+06 43352.6 17859.2 4.77835e+06 4.11564e+06 587001 595604 4.10049e+06 662713 208624 3.37777e+06 3.52864e+06 1.06427e+06 2.88919e+06 77660.7 26955 179215 454089 224350 2.51438e+06 790550 135252 35008 1.58611e+06 1.016e+06 719525 1.29593e+06 1.72383e+06 1.50622e+06 655298 1.71645e+06 968016 748439 296475 16112 480016 439656 45726.6 545247 2.02241e+06 594101 702165 655615 393930 46550.4 543764 584255 535355 104875 290179 550423 100244 229739 13682 479361 13167.7
internal_count=10286555 1351500 8935055 471194 880306 124512 8027429 73597 18547 116465 101198 30687 907626 346682 15267 4721 7953832 70511 392467 6885720 153167 42309 4149 10546 3999 127144 48858 7385 1478 219538 8047 6043 183320 78286 18506 41473 77280 43209 34071 2004 19062 168381 152431 14930 27816 52005 487839 5861 5185 137501 676 441321 224086 201762 4419 36218 37054 5907 6547 342 179895 8476
is_linear=0
shrinkage=0.05


Tree=31
num_leaves=63
num_cat=0
split_feature=15 15 15 16 15 12 14 10 3 21 15 21 10 19 11 3 16 15 16 10 11 17 26 12 6 10 10 12 11 16 14 16 11 10 14 17 11 21 22 16 3 12 14 12 20 10 11 25 18 23 23 27 23 12 12 27 3 21 11 16 19 17
split_gain=4.73322e+06 197696 96078.5 46615.9 29872.7 17225.9 15737.3 16017.6 11668.6 11753.1 10142.6 9259.19 9175.47 8539.96 7819.33 7749.12 7662.87 7405.94 9665.41 19286.4 13766.6 6983.96 6890.27 6837.42 13987.7 12493.5 6594.84 6269.36 9275.59 7291.68 6430.16 12254.9 5907.95 5852.48 5680.06 5554.06 8394.04 7040.07 5529.88 5432.46 5418.77 5058.82 5601.48 4962.19 4712.69 4462.57 4361.19 5628.04 5098.95 4321.57 5631.19 10604.1 6451.46 4279.82 4276.77 4111.07 4005.69 6944.1 5234.28 4129.88 3949.35 4153.1
threshold=0.40116914460053282 5.23177629134151 0.073540918714903827 22.287635258195845 1.2409626182517315 0.78656609248549325 17658.500000000004 0.68301270189221941 5.5000000000000009 199.00000000000003 0.1715921745016267 2586.5000000000005 -0.6830127018922193 111.50000000000001 0.25000000000000017 3.5000000000000004 44.113525873693668 0.022446434933075476 0.80809066741373015 0.68301270189221941 0.25000000000000017 2736.0000000000005 522.97485351562511 -0.9159756150367534 1.0000000180025095e-35 0.68301270189221941 -0.24999999999999994 0.78656609248549325 0.6830127018922193 0.71628089061468492 17669.500000000004 17.581253621257684 -0.5 0.25000000000000011 17132.000000000004 33.500000000000007 1.0000000180025095e-35 1943.5000000000002 2.3571429252624516 10.750608801827498 5.5000000000000009 -0.9159756150367534 16186.500000000002 -0.9159756150367534 60.500000000000007 -0.93301270189221919 0.93301270189221952 592.11810302734386 1259.5000000000002 22.750000000000004 68.464286804199233 429.85842895507818 111.85714340209962 0.25881904510252091 0.37940952255126054 1.0000000180025095e-35 5.5000000000000009 1.5000000000000002 0.93301270189221952 1.1332635983263601 1742.5000000000002 511.00000000000006
decision_type=2 2 2 2 2 2 2 2 2 2 2 2 2 2 2 2 2 2 2 2 2 2 2 2 2 2 2 2 2 2 2 2 2 2 2 2 2 2 2 2 2 2 2 2 2 2 2 2 2 2 2 2 2 2 2 2 2 2 2 2 2 2
left_child=2 4 6 13 38 8 17 -8 16 21 -4 43 -7 27 -9 26 22 18 -1 -20 -21 32 -5 24 -18 -25 -6 28 35 -29 44 -32 -10 -28 -30 37 -37 -3 45 -17 53 42 -42 -11 -31 -2 47 60 -48 -14 51 -51 -52 -41 -55 -22 58 59 -47 -58 61 -15
right_child=1 3 10 5 15 12 7 14 9 11 -12 -13 49 46 -16 39 23 -19 19 20 55 -23 -24 25 -26 -27 33 29 34 30 31 -33 -34 -35 -36 36 -38 -39 -40 40 41 -43 -44 -45 -46 56 48 -49 -50 50 52 -53 -54 54 -56 -57 57 -59 -60 -61 -62 -63
leaf_value=-0.054621129221324095 0.021048489350542321 0.011921982037679496 -0.03747955093951915 0.015709313678218036 0.0073237241282347963 0.013140257663919103 -0.052118595438367825 -0.054859744917407888 0.015613007265940249 0.048092781063552095 -0.02419689264754056 -0.041286917205060648 0.011066964789618772 0.017685366216005069 0.043923373203230032 0.0068772570848345876 0.023260508950553416 -0.047017535956113625 -0.054507147404614632 -0.053330430651884003 0.029737541427208289 -0.055551921303409107 -0.0028072842481845339 0.013762998323322357 0.0012558521501850504 0.023477571892017501 -0.013472099611566988 -0.0054740735940342657 -0.0023647454365000619 0.01724745759722978 0.025451579054019863 0.10984647637461649 0.026355342907863191 -2.016909320187893e-05 0.0087496161775910443 0.013525599555615001 0.030506974168835577 0.1824847911253335 0.0024308547485642376 0.0044881802375785667 0.22849350954808109 0.03999667264167469 0.031665878765899998 0.029075417253980704 0.0074992026919076249 -0.012876368822275884 0.03334256676118743 -0.036785359506708387 0.16982683588810332 0.036527265886257793 0.0090406100934055707 0.11609398703770193 0.028984853738918293 0.18836235116350686 0.030695507684343055 -0.054573343754620911 -0.012243343337610135 0.05393925895726083 -0.032535618123749346 0.018930864915402149 0.086228839962064527 0.044638156527920393
leaf_weight=2682602.4194021225 9972.0216083526611 1660292.2879228592 279815.01783636212 1287916.5253419876 207274.83710503578 117553.85921287537 13868.041235774755 2473.8784863054752 209053.87850856781 79657.997009754181 295504.78264051676 3601.8648090362549 36145.813344955444 359445.41580319405 10528.865331888199 473220.8942964673 1325435.0087370872 424741.17510163784 53214.858294516802 8978.6113822460175 16550.981811642647 2904.3234634399414 52279.385854721069 944378.12234425545 76382.48331451416 509530.00314116478 110204.02329546213 37957.761106967926 142909.13596010208 727967.06550478935 81718.138722419739 4540.424861907959 330092.64422464371 303618.67051553726 587637.04455971718 222469.78048586845 108150.46313071251 605.11568164825439 75691.836923420429 21244.231882333755 785.34224009513855 14136.107644677162 669.83724808692932 60247.111454486847 149433.52656030655 382443.83307385445 40167.565991401672 4551.5419883728027 696.10202407836914 24314.867107391357 42761.899951934814 5058.724292755127 783254.86030960083 634.83725166320801 1333.7114129066467 1584.1344113647938 54652.124941885471 5168.448738694191 37147.214314877987 13187.302529335022 2181.4016036987305 14884.453002929688
leaf_count=6746113 7635 163050 534214 44812 78965 958 31695 5243 5628 823 413151 30 516 15189 5271 175718 14770 976908 121302 20268 17661 25 663 28733 1521 11427 48743 8109 15486 50197 3603 56 8005 119487 61575 15831 6219 12 55210 6264 79 3148 132 1124 5482 343154 1525 74 6 362 536 43 4536 59 288 2643 50758 3951 37570 9731 35 233
internal_value=-0.000888189 0.0147864 -0.0494753 0.0174649 -0.000921008 0.0203236 -0.0528432 -0.0147387 0.0190942 0.025142 -0.0306571 0.0378656 0.0262705 0.0134029 0.0251284 0.00379807 0.0181061 -0.0531644 -0.0541094 -0.0370192 -0.0026963 0.0217735 0.014987 0.0195699 0.0220615 0.0171675 4.38092e-05 0.012639 0.0113945 0.0160212 0.0168678 0.0298941 0.02219 -0.00360253 0.00657542 0.0131622 0.0190805 0.0119841 -0.0101682 0.00835206 0.0263373 0.0491357 0.137903 0.0399034 0.0155872 -0.0120657 0.0201446 0.01848 0.0356681 0.0280018 0.0287174 0.0502308 0.0279524 0.011024 0.081551 0.0223723 -0.0127361 -0.0019269 -0.0146169 -0.0061833 0.0191481 0.0187571
internal_weight=1.55374e+07 1.17476e+07 3.78986e+06 1.00362e+07 1.71139e+06 5.89057e+06 3.21454e+06 26870.8 4.88148e+06 685558 575320 143507 1.00909e+06 4.14561e+06 13002.7 1.13312e+06 4.19592e+06 3.18767e+06 2.76293e+06 80328.6 27113.7 542051 1.3402e+06 2.85573e+06 1.40182e+06 1.45391e+06 621098 3.72368e+06 2.72206e+06 1.00162e+06 963659 86258.6 539147 413823 730546 1.99152e+06 330620 1.6609e+06 578263 512025 38804.1 15591.3 1455.18 139905 877401 502571 421926 381063 40863.7 891536 855390 29373.6 826017 23212.8 1968.55 18135.1 492599 73007.9 419591 67839.4 376511 374330
internal_count=10286555 1412086 8874469 471194 940892 124512 7927104 42209 117561 15635 947365 1977 6951 346682 10514 432883 101926 7884895 6907987 161874 40572 13658 45475 56451 16291 40160 247195 329620 262173 67447 59338 3659 13633 168230 77061 185112 22050 163062 508009 185688 9970 3359 211 1947 55679 452799 17062 15531 1531 5993 5477 405 5072 6611 347 20304 445164 64440 380724 60489 15457 15422
is_linear=0
shrinkage=0.05


Tree=32
num_leaves=63
num_cat=0
split_feature=15 15 15 16 15 14 10 0 15 13 6 13 6 0 6 20 13 20 15 10 18 15 16 10 11 20 0 3 14 0 10 11 6 20 3 14 3 10 20 10 11 14 10 20 23 28 14 15 16 18 23 18 14 13 0 21 11 11 25 10 16 13
split_gain=4.42041e+06 183869 87085.4 42272.1 28262.9 15921.3 18433.6 14933.9 11484.1 9549.5 17207.7 8886.63 36473.8 29476 27218.1 22708.5 14293.8 15228.4 8312.77 8152.29 8007.1 7946.33 8242.04 16429.5 11585.8 7789.56 8483.91 7628.46 7536.34 7188.58 26011.4 49848.1 19496 16407 9894.28 8648.78 7054.12 6918.29 6303.68 6153.64 6078.62 6007.21 5974.25 5872.14 5753.97 5748.07 5629.19 12788.8 5488.46 5343 5320.33 5313.24 5301.58 4962.17 4941.43 4923.44 5890.89 6358.06 5713.25 6047.44 4768.43 4340.82
threshold=0.36777739828373829 4.8425864206475717 0.073540918714903827 22.287635258195845 1.0049566979915241 17649.500000000004 0.68301270189221941 8.5000000000000018 0.0018264855415738134 -1.0000000180025095e-35 1.0000000180025095e-35 -0.5 1.0000000180025095e-35 14.500000000000002 1.0000000180025095e-35 1.0000000180025095e-35 -0.37940952255126015 1.0000000180025095e-35 0.1715921745016267 -0.6830127018922193 649.00000000000011 0.022446434933075476 0.80809066741373015 0.68301270189221941 0.25000000000000017 14.500000000000002 20.500000000000004 3.5000000000000004 16186.500000000002 16.500000000000004 0.68301270189221941 1.0000000180025095e-35 1.0000000180025095e-35 14.500000000000002 5.5000000000000009 17132.000000000004 5.5000000000000009 -0.24999999999999994 101.50000000000001 0.25000000000000011 0.25000000000000017 16101.000000000002 -0.24999999999999994 175.50000000000003 0.10714286193251611 409.50000000000006 16031.500000000002 5.7108472602524172 10.750608801827498 15.500000000000002 0.17857143282890323 133.50000000000003 17669.500000000004 1.0000000180025095e-35 17.500000000000004 4.5000000000000009 0.6830127018922193 0.25000000000000017 1.0000000180025095e-35 1.0000000180025095e-35 7.3613656407420152 -0.5
decision_type=2 2 2 2 2 2 2 2 2 2 2 2 2 2 2 2 2 2 2 2 2 2 2 2 2 2 2 2 2 2 2 2 2 2 2 2 2 2 2 2 2 2 2 2 2 2 2 2 2 2 2 2 2 2 2 2 2 2 2 2 2 2
left_child=2 4 5 11 -2 21 -7 19 -8 29 36 12 41 -14 28 20 46 54 -4 -5 -15 22 -1 -24 -25 26 -12 37 40 30 35 -32 34 -34 -31 -9 50 61 -19 -39 -13 -3 44 -17 -30 -43 47 -16 -44 55 -11 -38 -27 -26 -18 56 57 -29 59 -57 -48 -6
right_child=1 3 18 7 27 6 8 9 -10 10 25 14 13 15 16 43 17 38 -20 -21 -22 -23 23 24 53 52 -28 49 42 32 31 -33 33 -35 -36 -37 51 39 -40 -41 -42 45 48 -45 -46 -47 60 -49 -50 -51 -52 -53 -54 -55 -56 58 -58 -59 -60 -61 -62 -63
leaf_value=-0.054598478851402038 -0.011796902764058675 -0.0064089806753811207 -0.036812504629293592 0.012290316255495088 -0.0014374485652191248 -0.052191406852680991 0.042894547069586161 0.0040484855707726237 -0.042849645110594199 0.028153265834493891 -0.044921406622269788 0.015088209912707991 0.01410826311677346 0.068258484248024318 0.29159108241520676 -0.0048648482607711761 -0.014592513469390694 0.028823626698219685 -0.024250713649047163 0.025985882545489138 0.0018719798132680447 -0.046597559722381415 -0.054698482336303755 -0.053111005275357892 0.049978990532137113 -0.0030620273377184072 0.01099072027101297 0.004799851443431865 0.038834170629025652 0.020775661622343133 0.003755222840522065 0.031478587681230047 -0.016267552036272181 0.022530853778930989 0.031467482212078547 0.014515739351533843 0.020478612134711086 -0.014844181817189911 -0.012420829285467104 -0.0012125149985008281 0.0027794472829328161 0.0030289522849709944 0.012568226517681311 0.069230642754198254 0.020096294394213624 0.0098050754831293854 -0.0081089463134728212 0.038848389449959941 0.019684524898934547 0.025554511573877073 0.010793518865071895 0.046845625972890187 0.062414367871780986 -0.0049830608267488119 -0.038221687856300902 0.063433838736471071 -0.0052891035438516251 0.024670167319643277 0.0062588759602932448 -0.0040341441664501288 0.022864626040713269 0.012812727164421674
leaf_weight=2548535.2382541597 485751.84877026081 76595.303785800934 270869.9914444685 122945.84553909302 99628.993815243244 21966.682781755924 12421.18099552393 236322.33392548561 5695.5415317416191 48292.902725219727 24362.728869915009 244471.6200735569 145884.17606902122 66638.348786830902 535.18953514099121 18873.512955665588 60754.85365319252 25120.076242923737 256336.89219939709 935073.62702894211 4874.4998216629028 404666.89164286852 47596.845598578453 8216.3500702381134 7396.2502109408379 13992.775048971176 9402.9984774589539 285799.83122515678 43983.69827246666 1571671.0581746101 222528.52500247955 597513.58785676956 62501.980581760406 48309.345126152039 250931.86998796463 1196618.4531946182 104350.63187241554 112250.19053632021 14676.46194767952 315442.35332685709 170090.54974162579 432523.5205988884 693628.49620640278 3115.2022380828857 598103.99998617172 1132263.1919513941 20350.695720911026 7706.2867963314056 444635.60634350777 36129.53323662281 512781.7748708725 23389.350441932678 3968.1477193832397 9232.6721085011959 34799.596888780594 12060.633973062038 120884.6977866888 46859.071406185627 22620.019210994244 4583.4313228130341 31909.290289878845 115270.80165404081
leaf_count=6732553 466554 12284 534214 1120 42790 52778 6573 9748 11600 3419 1558 20612 12289 3644 45 1091 5688 2607 372266 6927 79 970433 114628 19477 6125 860 838 115566 4052 17481 5592 10921 1323 794 3089 31321 4577 55643 750 137237 15527 42004 66381 95 41557 112286 2003 575 17144 10432 24756 519 164 12937 4551 4072 54785 17470 8345 1842 765 47199
internal_value=-0.000864302 0.013796 -0.0494761 0.0162928 -0.00165664 -0.0527042 -0.0213985 0.0190047 0.0159379 0.0178472 0.0126134 0.0124933 0.00992198 0.0281546 0.014516 0.05007 -0.00334367 -0.0123746 -0.0307048 0.0243944 0.0637335 -0.0531189 -0.0541258 -0.0374949 -0.00453723 -0.0151997 -0.029351 0.00254782 0.0161097 0.0187731 0.0168537 0.0239555 0.0210097 0.000646975 0.0222477 0.0127895 0.0147021 -0.00111272 0.0136131 -0.00479023 0.0100381 0.00726286 0.0175234 0.00563251 0.0213799 0.00793209 0.0168598 0.0552651 0.015348 0.00699493 0.0122877 0.0253065 0.0114038 0.0194629 -0.023198 0.00563424 0.00416376 0.00759885 0.0226197 0.0448543 0.010803 0.00620623
internal_weight=1.55067e+07 1.19138e+07 3.59293e+06 1.02565e+07 1.65728e+06 3.06573e+06 40083.4 5.98496e+06 18116.7 4.92694e+06 740541 4.27153e+06 1.88077e+06 239386 2.39077e+06 93501.6 195852 135351 527207 1.05802e+06 71512.8 3.02564e+06 2.62098e+06 72442.1 24845.3 51726.7 33765.7 1.17153e+06 2.19491e+06 4.1864e+06 2.25298e+06 820042 1.93341e+06 110811 1.8226e+06 1.43294e+06 688815 642592 39796.5 427693 414562 1.64138e+06 1.78035e+06 21988.7 642088 1.56479e+06 60501.5 8241.48 1.13826e+06 528937 561075 127740 17960.9 16628.9 95554.5 492808 453544 332659 39264.1 16644.1 52260 214900
internal_count=10286555 1452971 8833584 491036 961935 7927104 70951 125007 18173 116960 36691 366029 183772 17198 182257 4909 16984 13596 906480 8047 3723 7856153 6885720 153167 38539 3420 2396 495381 165273 80269 57582 16513 22687 2117 20570 41069 33271 282869 3357 192880 36139 166574 129134 1186 45609 154290 3388 620 83525 212512 28175 5096 1024 19062 10239 202080 187821 133036 14259 5914 2768 89989
is_linear=0
shrinkage=0.05


Tree=33
num_leaves=63
num_cat=0
split_feature=27 16 16 11 11 23 16 27 21 27 16 16 12 12 3 3 10 13 10 3 3 13 21 28 18 21 28 14 16 13 12 10 17 18 11 18 2 16 12 28 18 23 14 11 16 13 12 14 27 22 23 23 14 16 23 23 16 28 21 23 3 13
split_gain=3.82977e+06 173096 162822 38748.4 48549.7 37753.8 36433.7 32694.3 26504.3 21676.7 19157.1 15354.8 12442.8 10993.9 13881.2 10966.8 16015.5 8295.96 7778.62 7631.12 7569.14 11013.9 10948.3 9763.88 8701.77 7919.76 7164.2 6875.2 6723.46 6557.96 6529.43 6526.78 6401.1 6298.85 6173.08 9030.42 6144.21 6039.01 9493.07 6363.98 5872.06 6514.09 5829.02 5789.53 5774.89 6079.54 5731.16 5442.13 5198.45 5193.74 5187.96 8305.77 8372.77 5152.95 9118.68 9049.53 5072.57 5071.96 4999.04 4980.09 4789.21 4749.1
threshold=1.0014337599277499 2.3744742859173789 0.19049789469114906 0.25000000000000017 0.6830127018922193 2.0357142686843877 30.164248600439702 1.0000000180025095e-35 3.5000000000000004 1.0000000180025095e-35 1.211824228160977 0.23634247010265638 0.78656609248549325 0.78656609248549325 3.5000000000000004 5.5000000000000009 -0.24999999999999994 -1.0000000180025095e-35 -0.93301270189221919 2.5000000000000004 5.5000000000000009 0.37940952255126048 205.50000000000003 1153.5000000000002 1390.5000000000002 2586.5000000000005 1079.5000000000002 17641.500000000004 0.072732029874887028 0.37940952255126048 0.60355339059327384 -0.6830127018922193 2736.0000000000005 123.50000000000001 0.6830127018922193 831.50000000000011 1.5000000000000002 22.287635258195845 -0.9159756150367534 1101.5000000000002 44.500000000000007 686.46429443359386 17669.500000000004 -0.5 30.164248600439702 0.91597561503675351 0.78656609248549325 17602.500000000004 36.405956268310554 423.57142639160162 21.107142448425297 68.464286804199233 16186.500000000002 13.674987227246651 439.64285278320318 327.85714721679693 0.63846921341805229 1215.5000000000002 1.0000000180025095e-35 107.75000000000001 5.5000000000000009 0.25881904510252057
decision_type=2 2 2 2 2 2 2 2 2 2 2 2 2 2 2 2 2 2 2 2 2 2 2 2 2 2 2 2 2 2 2 2 2 2 2 2 2 2 2 2 2 2 2 2 2 2 2 2 2 2 2 2 2 2 2 2 2 2 2 2 2 2
left_child=2 5 7 9 10 11 13 58 15 37 47 -2 20 14 17 27 61 34 -13 -10 21 23 30 26 43 36 -8 -6 -9 -29 32 -14 -22 -7 -3 -36 -24 -4 39 -39 57 49 -15 -23 45 -12 56 -5 -25 -42 -33 52 -52 -44 55 -55 -20 -16 -1 -53 -46 -17
right_child=1 6 3 4 8 33 12 28 19 -11 44 18 31 42 40 16 -18 -19 46 -21 22 24 25 48 -26 -27 -28 29 -30 -31 -32 50 -34 -35 35 -37 -38 38 -40 -41 41 -43 53 -45 60 -47 -48 -49 -50 -51 51 59 -54 54 -56 -57 -58 -59 -60 -61 -62 -63
leaf_value=-0.053967362419428989 -0.020395948056564792 0.011149254220267316 -0.048082357711482171 -0.0095384753150751199 -0.038535374777234489 0.0053141106609071488 0.016634943554533429 -0.04399267983305611 -0.034848895763642494 -0.01980192776070306 0.044289939411988326 0.030841336174605091 0.011549008748293276 0.015365253657603956 0.011580244347054887 0.053255693272146701 -0.030926784473315816 0.00018065329505259493 -0.014379054052756657 0.051235489025782371 0.020345768608508674 0.014588214371378225 0.069864669934108239 0.047021234646241916 0.18821098496767891 -0.040376272696230342 0.0092142254559131626 0.0085939518271743766 -0.032060727211146181 -0.039418959970167047 -0.011875303453498057 0.0025736288254536062 -0.055551780026092602 0.037539850759468703 0.0035705016043399598 0.068949817082278694 0.033406257708144947 -0.018724964015516665 -0.040058896087216064 0.13645306182272224 0.021077896749885344 0.1717459260958123 0.021320844711955431 0.0004470506244723903 0.068031512985760989 -0.01597444910146428 0.0040869703406644234 0.033350835067466077 0.021188785532152157 -0.034715831650513139 0.0094614701227232773 0.0038177002887602447 0.078774040522958791 0.045847099940877621 -0.022742990758128308 0.13571651149439315 -0.0044705250777627619 0.019502403190851832 -0.0047619060826271367 0.02565195849809529 0.18231250155503964 -0.0090191188901832635
leaf_weight=2340538.2919758856 216527.18273624778 1285038.6052455306 184884.11628082395 40248.393195480108 139861.01817297935 829675.01117652655 2249483.6760258675 424236.15850779414 3140.4850596785545 130848.32171675563 31626.936935395002 14698.592003524303 101419.5792388916 1003860.0567878783 1239878.7411795557 10860.026669889688 22346.299279779196 285094.05531430244 201601.03216779232 14279.589724928141 434602.22456097603 127786.97580325603 12843.326687812805 19963.423604011536 660.79903411865234 3389.0992851257324 380229.28299105167 16725.107741266489 163594.46827873588 12373.375217348337 16830.78454709053 24984.33780670166 2795.7881851196289 15445.606271624565 445008.03299802542 5344.967134475708 115328.25748968124 1131.0519124269485 6226.4029318392277 1588.4708331823349 286490.35193365812 711.35866165161133 83775.0818618536 166929.00811636448 5344.1392008066177 4822.9576300382614 118118.72336471081 9061.2757585644722 796921.60949230194 4232.5593528747559 6320.1568260192871 27074.907867431641 14027.976509094238 19743.207401275635 4052.1199531555176 3264.3885688781738 359505.0996606946 241369.39224556088 5173.4362353384495 737521.42465209961 1106.6706447601318 4263.0287772715092
leaf_count=6459833 267578 110162 410538 63991 245158 251728 41291 1012310 2239 171646 17627 7867 695 38589 130926 8381 35923 63416 173778 3634 10815 9562 134 587 4 26 9926 9915 304976 21685 317 302 24 1651 43505 64 1336 251 5974 170 14375 4 2654 14483 791 5389 49204 9311 10125 57 79 284 127 290 35 28 194427 23365 11096 3690 162 8045
internal_value=-0.000841017 0.0127888 -0.046229 -0.0233946 -0.0109323 -0.00170736 0.0152968 -0.0512164 -0.0235097 -0.0355261 0.0196005 -0.00877172 0.0181966 0.0122013 0.0109184 -0.0285077 -0.00403498 0.00808528 -0.00514456 0.0357158 0.0170785 0.0162511 0.0223634 0.0170452 0.00698501 0.0350648 0.015562 -0.0339348 -0.040672 -0.0118222 0.0186847 0.0235066 0.0198606 0.00590309 0.00938386 0.00434648 0.0370596 -0.046141 -0.00601857 0.0719142 0.0141476 0.0206354 0.0165667 0.00657859 0.0440335 0.0363157 -0.00592331 -0.00165687 0.0218201 0.0202656 0.0250039 0.0257179 0.0572459 0.0274482 0.0464179 0.0585988 -0.00803059 0.0128712 -0.0538588 0.0248788 0.0876403 0.0357008
internal_weight=1.54768e+07 1.19025e+07 3.57428e+06 640738 316059 1.75557e+06 1.0147e+07 2.93354e+06 223849 324678 92210.4 910451 5.23911e+06 4.90786e+06 3.79317e+06 206429 37469.4 2.02049e+06 693923 17420.1 4.32776e+06 3.74197e+06 585789 3.4466e+06 295377 131561 2.62971e+06 168960 587831 29098.5 454229 911348 437398 845121 1.73539e+06 450353 128172 193830 8945.93 2719.52 1.77268e+06 291434 1.11469e+06 294716 42900.7 36449.9 679225 49309.7 816885 290723 809929 784944 20348.1 110835 27059.7 23007.6 561106 1.48125e+06 2.34571e+06 764596 6450.81 15123.1
internal_count=10286555 1477510 8809045 1020830 432251 946233 531277 7788215 334980 588579 97271 692854 103807 427470 385874 329107 52349 217147 425276 5873 98630 85978 12652 61929 24049 1496 51217 276758 1317286 31600 11156 5177 10839 253379 153731 43569 1470 416933 6395 421 168727 14436 41596 24045 23969 23016 417409 73302 10712 14432 4482 4180 206 3007 353 318 368205 154291 6470929 3974 953 16426
is_linear=0
shrinkage=0.05


Tree=34
num_leaves=63
num_cat=0
split_feature=27 16 16 11 11 26 27 16 21 27 16 18 10 16 13 14 28 28 0 0 13 13 13 2 2 0 10 11 12 3 3 13 11 19 28 16 3 13 12 10 16 16 12 10 14 3 12 28 16 21 23 14 10 1 18 11 20 21 14 11 26 10
split_gain=3.572e+06 163782 153006 37119.7 44460.6 35082.9 33929.6 31769.7 24298 21522.4 16527.2 14585.2 13683.8 13604.3 10805.5 11431.9 10170.7 9202.48 10006.8 8682.76 8625.83 8555.83 8118.8 21897.6 23295.5 20858.2 12587.8 8046.36 7839.15 7519.1 7307.71 10253.4 9046.79 7225.42 7062.65 6767.23 6637.93 6395.34 6392.13 6318.73 5975.2 5903.82 8476.28 5826.48 5461.08 5343.51 5235.97 5189.42 5170.87 5006.16 4958.3 4867.93 4799.34 4713.63 4658.44 4595.57 4361.45 4297.89 4237.3 4225.99 6946.68 4049.84
threshold=1.0014337599277499 0.19049789469114906 2.3744742859173789 0.25000000000000017 0.6830127018922193 4.7500722408294687 1.0000000180025095e-35 17.581253621257684 3.5000000000000004 1.0000000180025095e-35 1.211824228160977 56.500000000000007 -0.93301270189221919 0.16250318390219057 0.60355339059327384 17609.500000000004 1115.5000000000002 1101.5000000000002 18.500000000000004 18.500000000000004 -0.9159756150367534 -0.78656609248549325 -0.5 3.5000000000000004 1.5000000000000002 13.500000000000002 0.93301270189221952 0.25000000000000017 -0.25881904510252113 5.5000000000000009 5.5000000000000009 -0.12940952255126037 0.25000000000000017 1929.0000000000002 1109.5000000000002 0.072732029874887028 2.5000000000000004 -0.60355339059327384 0.91597561503675362 0.93301270189221952 0.67502327746741175 22.287635258195845 -0.9159756150367534 -0.93301270189221919 16871.500000000004 5.5000000000000009 0.78656609248549325 1115.5000000000002 0.63846921341805229 1.0000000180025095e-35 1.0000000180025095e-35 17599.000000000004 -0.24999999999999994 2024.5000000000002 123.50000000000001 -0.68301270189221952 26.500000000000004 880.50000000000011 17666.500000000004 0.6830127018922193 7.7077443599700937 -0.93301270189221919
decision_type=2 2 2 2 2 2 2 2 2 2 2 2 2 2 2 2 2 2 2 2 2 2 2 2 2 2 2 2 2 2 2 2 2 2 2 2 2 2 2 2 2 2 2 2 2 2 2 2 2 2 2 2 2 2 2 2 2 2 2 2 2 2
left_child=1 6 5 9 10 13 49 19 14 41 51 16 -13 -2 15 45 17 18 38 22 -14 59 23 24 -4 -26 44 37 -25 39 31 -22 -32 -28 -29 61 -10 -19 -9 -21 -7 -3 47 -15 56 -6 48 -43 -45 -1 -12 53 -17 -5 -42 -20 -24 -46 -30 60 -18 -8
right_child=2 3 7 4 8 40 35 11 36 -11 50 12 20 43 -16 52 21 27 55 29 30 -23 26 28 25 -27 33 34 58 -31 32 -33 -34 -35 -36 -37 -38 -39 -40 -41 54 42 -44 46 57 -47 -48 -49 -50 -51 -52 -53 -54 -55 -56 -57 -58 -59 -60 -61 -62 -63
leaf_value=-0.053879565277803389 -0.023127182310786389 -0.047719443158593056 -0.0012755977030660835 0.060029053288944825 -0.034539585652402005 -0.0015930622643599236 -0.0079384860238333379 0.015149398887883681 -0.034142902599952896 -0.019133759234459299 0.043989903545234244 -0.010837956330133744 0.010018435875855096 0.024860334634855208 -0.046411288729375687 0.022917187906213134 0.041367073548580165 0.0015387882662410489 0.015105221994689458 0.0012270303104842612 0.021701003228539045 0.021214564336528966 0.012027574802844417 -0.00067853671793200701 0.012497533887269662 0.036170418298234724 -0.0012541785041841169 -0.015677584366907051 0.0063363416738071322 0.019512969194188174 0.021275932481024634 0.013393962517051987 0.04069622421495394 0.23765705939246462 0.0053047552579139207 -0.031328642080162984 0.046885331370043276 0.017118888072372974 0.03094837719397402 -0.02573240616804745 0.0070721788037515707 0.016224103446677664 -0.039443899051759476 -0.014521024729425694 0.016999284734907118 -0.0051660123915366479 0.0024383320035298978 0.15853544225214874 -0.0048604271556082559 -0.0045417218233719438 -0.040528232196113526 0.02928007406058343 -0.012268120367624553 -0.013923999232366778 0.035016237169932976 0.0041767864956354494 -0.0034080278090105674 -0.028182671700855366 0.017743370869446946 0.00070500316239774613 0.011464340707552846 -0.04418183314351639
leaf_weight=2229926.911321938 139775.14308747649 177171.37295201421 127062.25828844309 2288.602133244276 86146.800327122211 232990.72431486845 7859.3507131636143 2227821.3600854874 3047.5378471314907 128702.47188362479 42416.597082078457 36989.008212566376 206640.30054891109 14903.003237396479 56206.646091550589 16399.507749289274 21847.705091357231 99440.493943572044 138037.98317342997 220108.44353118539 1528625.9982433319 833050.71809667349 272997.12449526787 429273.98433965445 200127.01010817289 173911.33412289619 137609.46296772361 59298.615804433823 521201.76621598005 51948.928257733583 157362.48375713825 490713.76250433922 96895.39843249321 317.09745788574219 123904.37592154741 159160.45479401946 14809.903048396111 195087.8045219779 65916.641300201416 24115.575403302908 647305.66819930077 1850.702459692955 6012.7674033045769 232437.80637326837 1104227.5270669162 18875.897787481546 127410.6978931725 979.69164752960205 342797.7904202342 5153.5598483383656 1809.1758217811584 10143.868210405111 23694.059558987617 36791.928361475468 15266.004123210907 317376.12211602926 54980.039480209351 5288.4222984313965 96482.305154323578 73096.37481212616 174944.14254033566 400289.73141390085
leaf_count=6459833 190653 410538 16942 2470 139095 123804 18166 53891 2239 171646 21786 614 4860 8666 128650 11111 576 4273 10430 59398 16499 20578 18845 50422 22440 14437 11801 2497 71338 12629 2599 7868 1247 2 3516 304976 3634 5514 694 10308 155518 316 5974 215779 67648 26997 61847 105 188455 11096 2183 10288 23254 60544 1511 24962 2596 142 5142 2065 4504 994144
internal_value=-0.000816819 -0.0458244 0.0120259 -0.0227312 -0.0105283 -0.00162678 -0.050994 0.0143569 -0.0228404 -0.0348532 0.0183487 0.0163225 0.0193491 -0.00885642 -0.0277985 -0.0205893 0.014563 0.0131462 0.0142593 0.0104212 0.0197993 0.018708 0.011197 0.0086254 0.017221 0.0235044 0.0137239 0.00674089 0.00451131 0.00223925 0.0206882 0.0196823 0.0286769 -0.000704706 -0.00148673 -0.0400738 0.0330567 0.0118587 0.0156034 -0.00143503 0.00529416 -0.0457294 -0.00585775 -0.00607653 0.0151084 -0.0292603 -0.00673271 0.0654883 -0.00876403 -0.0537658 0.0405323 -0.00158209 0.00212365 -0.00959295 0.00771604 0.00748926 0.00944003 0.0167839 0.00811813 0.010971 0.0147842 -0.0434839
internal_weight=1.54493e+07 3.42974e+06 1.20196e+07 627348 312631 1.75289e+06 2.80239e+06 1.02667e+07 219180 314717 93450.2 6.84705e+06 2.51723e+06 857324 201323 145116 4.32982e+06 3.22688e+06 2.74915e+06 3.41965e+06 2.48024e+06 1.10294e+06 3.12348e+06 1.54806e+06 501101 374038 1.57542e+06 477731 1.04696e+06 296173 2.2736e+06 2.01934e+06 254258 137927 183203 567310 17857.4 294528 2.29374e+06 244224 895562 186015 8843.16 717549 1.43749e+06 105023 702646 2830.39 575236 2.23508e+06 44225.8 49224.4 40093.6 39080.5 662572 455414 327977 1.10952e+06 617684 269888 196792 408149
internal_count=10286555 8809045 1477510 1020830 432251 946233 7788215 531277 334980 588579 97271 167187 33687 665400 329107 200457 133500 105777 89977 364090 33073 27723 281755 180721 53819 36877 101034 15800 126902 82335 28213 24367 3846 11803 6013 1317286 5873 9787 54585 69706 280833 416933 6395 474747 89231 166092 466081 421 404234 6470929 23969 73302 34365 63014 157029 35392 21441 67790 76480 7145 5080 1012310
is_linear=0
shrinkage=0.05


Tree=35
num_leaves=63
num_cat=0
split_feature=15 15 15 15 15 10 18 15 19 23 26 15 17 11 10 11 28 25 25 28 24 0 10 17 28 8 19 19 3 11 27 20 0 27 12 24 10 24 10 13 11 8 8 28 27 3 28 28 19 26 28 19 10 19 17 28 10 13 12 3 10 10
split_gain=3.63682e+06 132630 82540.9 33737.5 15206.2 10254.3 10883.5 7510.87 7420.5 8575.95 13660.5 6936.69 6548.48 5918.6 5904.81 15717.9 7443.47 5579.74 5480.55 5494.58 5943.02 5870.47 5456.92 6155.68 5193.34 6189.85 9186.65 6004.71 5085.8 6468.18 4811.58 4707.91 4589.96 5852.99 4470.32 5443.24 4432.81 5567.46 4496.48 3846.42 3839.36 3820.64 3967.14 3815.44 3671.79 3670.13 3617.84 4741.35 3617.1 4638.67 4369.92 3476.58 3413.54 3217.47 3822.34 3213.63 2978.47 2952.09 2948.24 2844.16 2693.57 2634.83
threshold=0.33601292407108246 2.9599788063613279 0.067763687373543643 48.411404712880355 0.87177470268056723 -0.93301270189221919 79.500000000000014 0.14686069869655186 54.500000000000007 1.0000000180025095e-35 3.6483470201492314 0.022446434933075476 1746.0000000000002 1.0000000180025095e-35 0.68301270189221941 0.25000000000000017 1403.5000000000002 44.36053657531739 592.11810302734386 324.50000000000006 123.46666717529298 17.500000000000004 0.25000000000000011 1227.0000000000002 1203.5000000000002 -0.8783796973249266 373.50000000000006 133.50000000000003 5.5000000000000009 0.93301270189221952 289.85060119628912 7.5000000000000009 15.500000000000002 1.0000000180025095e-35 0.78656609248549325 22.183333396911625 0.93301270189221952 5.5499999523162851 0.68301270189221941 -0.37940952255126015 0.93301270189221952 1.0000000180025095e-35 0.87837969732492682 363.50000000000006 224.0469665527344 3.5000000000000004 206.50000000000003 510.50000000000006 69.500000000000014 197.45324707031253 1101.5000000000002 656.50000000000011 -0.93301270189221919 367.50000000000006 539.50000000000011 1369.5000000000002 -0.93301270189221919 -0.12940952255126037 0.37940952255126054 5.5000000000000009 -0.93301270189221919 -0.93301270189221919
decision_type=2 2 2 2 2 2 2 2 2 2 2 2 2 2 2 2 2 2 2 2 2 2 2 2 2 2 2 2 2 2 2 2 2 2 2 2 2 2 2 2 2 2 2 2 2 2 2 2 2 2 2 2 2 2 2 2 2 2 2 2 2 2
left_child=2 4 11 8 40 41 24 60 9 31 -11 14 30 39 -1 -16 55 45 22 21 -21 -20 58 -24 48 26 -26 -27 29 34 -12 36 -30 -34 35 52 38 -38 -3 53 56 -5 57 -37 -41 51 -19 -48 50 -50 -7 -15 -6 54 -10 -17 -2 -43 -8 -42 -4 -9
right_child=1 3 7 5 28 6 18 61 13 10 12 -13 -14 17 15 16 -18 46 19 20 -22 -23 23 -25 25 27 -28 -29 32 -31 -32 -33 33 -35 -36 43 37 -39 -40 44 59 42 -44 -45 -46 -47 47 -49 49 -51 -52 -53 -54 -55 -56 -57 -58 -59 -60 -61 -62 -63
leaf_value=-0.054974535397143753 0.018752360002778912 0.013875425265391365 0.002139903798872985 -0.014183255447238752 0.022447759081438028 0.013240674181387177 0.017612288271782128 0.013571150504637553 0.0066672713787766296 -0.0050450108551993939 0.0091213564070441091 -0.045734076903472497 0.14624002666181043 0.0033948700661473631 -0.05492358640310803 -0.033978236012757769 -0.051202252967633782 -0.0011491007499313008 0.043295436824918723 -0.025413391485628486 0.021163198981758974 0.01431435183948924 0.013611159892897415 0.044136584567845083 0.031933604291524122 0.012829804494917408 -0.0040435777122761031 0.023178523411506963 0.0011702302719982204 -0.018590143033989853 -0.014114966825979042 0.0043772966870837598 0.087336132977140712 0.01636910269335044 0.0086975519584722039 0.13189255928588564 0.014514936494299441 -0.03686196281430295 0.024578016972856519 0.018630469569164903 -0.033784758068807118 0.0078759272207235258 -0.012831137628233794 0.01423633220406011 -0.038347103774565842 0.022144277999801194 0.048720726931978597 0.025170720388832696 0.011479313542115163 0.018746667779310916 0.0077455006746990967 0.078565974509930359 -0.0032864535010698249 -0.020203370741026641 0.18964468413256852 -0.0027170230004533043 -0.010899746115875606 0.039917663218395683 0.023680916113556258 0.0028189244411402866 -0.037132506475654803 -0.024574182078567999
leaf_weight=1641383.9547053874 8661.1597907543182 221080.42338681221 4451.714224666357 34937.205694198608 13219.739418387413 1844071.6402921677 566905.25806808472 4611.6996954679489 129954.38953638077 182682.91639459133 3286873.7993028164 342044.02461260557 868.87424278259277 60617.988831758499 437771.39143028855 139993.83097621799 78138.887751340866 9043.9944605827332 57105.377256393433 6935.4995155334473 546475.211145401 25178.784404754639 869712.29128074646 16835.313758850098 127215.07964134216 512037.96814918518 20619.323415756226 193010.55432701111 73402.662862896919 52478.196133494377 22430.654538154602 83199.724208116531 3088.4923179745674 48996.122631549835 112910.83903765678 1258.8926780223846 14623.499813318253 8246.5374174118042 176480.41393887997 110069.53937029839 29765.240624725819 28499.656428337097 17442.191780090332 1522.4288234710693 2901.9561476707458 67404.597285509109 29746.274569511414 75933.244846105576 363000.84402656555 555744.17417907715 450093.93675422668 1578.0740928649902 510477.08529961109 11793.533427238464 285.94357872009277 8734.2705118060112 380934.35406684875 9613.4613285064697 309356.6088218689 6458.1282942295074 226365.58850264549 245819.02033865452
leaf_count=4997861 7562 34732 9144 687 5906 41347 7997 6913 9386 46764 359909 928547 12 5261 1328373 364295 232629 430 273 98 2163 139 11870 71 1740 8561 194 1866 37941 34932 837 9580 1439 22117 61194 64 2518 853 21528 7436 35336 537 342 236 119 4980 1242 3256 8301 5823 9518 59 267772 582 7 12883 398351 149 3783 6778 507267 404065
internal_value=-0.000792915 0.0114568 -0.0489171 0.0131987 -0.00402686 0.0154867 0.0157207 -0.0298686 0.00986285 0.00914483 0.00826532 -0.0523789 0.0089999 0.0156097 -0.0533645 -0.0493883 -0.0387072 0.021171 0.0183919 0.022372 0.0205795 0.0344274 0.0169566 0.0141908 0.014145 0.0176133 0.0269156 0.0156628 -3.54913e-05 -0.0017152 0.00896386 0.0152445 0.00922545 0.0205775 -0.000330171 -0.00226631 0.017395 -0.00401054 0.0186264 0.0102813 -0.0116882 -0.00122785 0.00691937 0.067495 0.0171668 0.0140618 0.0292021 0.0317996 0.0132242 0.0158753 0.0121626 0.00530236 -0.00263683 0.00480461 0.00706918 -0.0321424 -0.0102405 0.0159582 0.0197548 -0.0272587 -0.036375 -0.0238717
internal_weight=1.54231e+07 1.22938e+07 3.12931e+06 1.10506e+07 1.24317e+06 6.55479e+06 6.4643e+06 481248 4.49582e+06 3.99649e+06 3.49286e+06 2.64807e+06 3.31017e+06 499330 2.30602e+06 664638 226867 244324 2.3985e+06 635695 553411 82284.2 1.76281e+06 886548 4.06579e+06 852883 147834 705049 817354 691867 3.3093e+06 503631 125487 52084.6 639389 526478 420431 22870 397561 255005 425819 90492.5 55555.3 2781.32 112971 129601 114724 105680 3.21291e+06 918745 2.29417e+06 62196.1 523697 142034 130240 148728 389596 38113.1 876262 36223.4 230817 250431
internal_count=10286555 1494578 8791977 614950 879628 105459 103744 927389 509491 476733 407522 7864588 360758 32758 6936041 1938180 609807 15228 26394 2673 2261 412 23721 11941 77350 12361 1934 10427 431601 370104 360746 69211 61497 23556 335172 273978 59631 3371 56260 17530 448027 1715 1028 300 7555 10300 4928 4498 64989 14124 50865 5320 273678 9975 9393 377178 405913 686 11780 42114 516411 410978
is_linear=0
shrinkage=0.05


Tree=36
num_leaves=63
num_cat=0
split_feature=15 15 15 16 15 16 2 2 0 16 15 15 10 13 6 6 0 20 13 20 27 11 0 3 2 2 0 17 20 27 24 10 0 6 2 24 26 3 24 28 2 23 0 10 3 2 27 16 2 10 1 13 20 23 2 24 20 28 26 11 17 3
split_gain=3.40508e+06 128405 71311.8 31559.5 16506.1 16341.4 23135.3 13993.5 11449.5 8037.29 7011.43 6988.05 6425.78 6161.91 23251.7 21942 17764 16070.5 8234.03 11498.2 7821.04 6357.21 9018.42 6344.26 5720.42 16417.7 10788.8 6892.79 5462.72 5020.74 7329.12 6537.72 6002.66 8369.81 7103.87 4950.39 4904.5 8864.4 8550.72 7799.59 7543.81 7420.25 4892.87 4691.42 5545.57 5904.58 5216.25 4535.14 4498.98 4460.01 4434.59 4392.03 4376.17 4155.06 4107.97 4044.75 4010.38 4796.71 3916.85 3895.5 5658.61 5491.03
threshold=0.29839498755471638 2.9599788063613279 0.059193324244400103 17.581253621257684 0.87177470268056723 1.211824228160977 2.5000000000000004 1.5000000000000002 8.5000000000000018 64.295668806870154 0.14686069869655186 0.018356281876522034 -0.6830127018922193 -0.5 1.0000000180025095e-35 1.0000000180025095e-35 14.500000000000002 1.0000000180025095e-35 -0.37940952255126015 1.0000000180025095e-35 1.0000000180025095e-35 0.25000000000000017 17.500000000000004 4.5000000000000009 2.5000000000000004 1.5000000000000002 13.500000000000002 6.5000000000000009 119.50000000000001 353.34028625488287 115.56666564941408 0.68301270189221941 18.500000000000004 1.0000000180025095e-35 3.5000000000000004 1.0000000180025095e-35 435.60791015625006 3.5000000000000004 132.84999847412112 517.50000000000011 1.5000000000000002 228.89285278320315 17.500000000000004 -0.24999999999999994 3.5000000000000004 5.5000000000000009 1.0000000180025095e-35 22.287635258195845 1.5000000000000002 -0.5 2024.5000000000002 -0.98296291314453399 117.50000000000001 70.750000000000014 11.500000000000002 17.816666603088382 27.500000000000004 1153.5000000000002 123.87565231323244 0.6830127018922193 1121.5000000000002 2.5000000000000004
decision_type=2 2 2 2 2 2 2 2 2 2 2 2 2 2 2 2 2 2 2 2 2 2 2 2 2 2 2 2 2 2 2 2 2 2 2 2 2 2 2 2 2 2 2 2 2 2 2 2 2 2 2 2 2 2 2 2 2 2 2 2 2 2
left_child=2 4 5 13 54 11 7 -7 12 29 -4 -1 -5 14 24 20 -16 23 56 42 49 53 -23 -18 25 -3 -26 -27 -21 32 47 -32 34 -34 -10 -9 37 40 41 -39 -11 -38 -20 46 45 58 50 -31 -46 -15 -6 -40 -19 -22 -2 -48 57 -17 -45 60 61 -14
right_child=1 3 10 8 43 6 -8 35 9 36 -12 -13 59 15 16 18 17 52 19 28 21 22 -24 -25 26 27 -28 -29 -30 30 31 -33 33 -35 -36 -37 38 39 51 -41 -42 -43 -44 44 48 -47 55 -49 -50 -51 -52 -53 -54 -55 -56 -57 -58 -59 -60 -61 -62 -63
leaf_value=-0.054162724384638539 -0.010419289406579827 -0.0017612689315948298 -0.036490582585051952 0.008978469473596205 0.053689788367555939 -0.054809768260723403 -0.052789187124514227 0.030540564961981011 0.017685836539807168 -0.0047277360312413669 -0.024137626588015781 -0.046305862281097912 0.020200708718574475 0.062985408009020735 0.010763573796647483 0.023977817665624353 0.040307083749512154 -0.013692967958383423 -0.013240793031326662 0.023117664741020796 0.015541336378184176 0.011529533142605394 4.3436922274744329e-05 0.072999788658903608 0.0069517057832432505 0.014672291940550405 -0.0024816618110087103 0.036630444514391118 -0.01932261841544225 0.066355075106881448 0.012876181877462787 0.00081490939684746846 0.0093685247718258875 -0.017286508056371958 0.011975112902342051 -0.053786399393364132 0.028818872848028105 0.024209539010181746 -0.0051118591665817994 0.012210311470297471 0.012163301184550897 0.081559854306394772 -0.036884265446484224 -0.0035370488820080114 -0.015187328749411456 -0.019246559502872688 0.0032105233295355688 -0.020001840815623912 0.0053428781391606957 0.017451878321418746 -0.0076502104682591547 0.018397435309711812 0.045798214981221379 0.0082455918854201869 -0.027342469325947905 0.079233596622033164 -0.015246220471504686 -0.02354901229920553 0.11258179014295221 0.024191775704457512 0.026210104475595037 0.010526877418531123
leaf_weight=2086462.9584327936 424013.8042100668 152339.33759152889 262975.66363027692 148949.63815975189 9732.8669200539589 7573.7764449417591 43035.531004309654 21053.009687840939 794408.81197476387 72684.047457098961 203969.5627976954 327436.06620433927 313462.23752784729 11663.824598193169 140804.59257984161 37879.665543556213 45890.704399824142 14907.097898244858 60594.050351142883 26597.687674999237 991815.25025141239 662783.86182761192 230266.87917232513 21932.792488217354 737302.76469254494 137356.32199478149 514671.34474503994 48309.404355406761 10605.198050737381 1600.7352418899536 355241.09153461456 164323.09727096558 410358.47153460979 31727.669018983841 1731595.4534440041 1897.0964469611645 23319.275051116943 304936.21885204315 20366.372188568115 243629.3072013855 729961.05104100704 9340.5398979187012 34251.078732728958 221459.04447001219 30412.008948385715 76698.717771410942 254430.30540519953 30222.067493438721 217738.95663487911 9979.7875088453293 4225.5585196614265 809192.59975814819 3899.8087537288666 242964.95904874802 39172.78039675951 1761.6293375492096 12039.03346323967 6174.0607861280441 728.51215696334839 374956.6600394249 162595.65280914307 275718.14752054214
leaf_count=6654994 459305 22603 618921 1498 4751 20330 116905 14257 21107 1770 351964 952519 2830 1527 15314 2989 3368 1243 7396 3281 110329 54573 30703 1462 98167 15863 68892 4234 566 39 3749 2085 28617 2959 53511 3073 307 4941 180 4959 16376 65 5980 119648 17329 48379 128539 594 109513 2339 3188 4551 141 6285 47736 222 502 568 32 2724 457 3306
internal_value=-0.000769039 0.0106874 -0.0490239 0.0124075 -0.00430993 -0.0523895 -0.0291738 0.00412129 0.0144544 0.0135011 -0.0310946 -0.053097 0.0187386 0.00895478 0.00677104 0.0106526 0.0217243 0.0395393 -0.00572109 -0.0125386 0.0120857 0.0117815 0.00856793 0.0508794 0.00463207 0.010404 0.00307376 0.0203858 0.0110193 0.0120165 0.00763491 0.00906156 0.0128304 0.00745553 0.0137711 0.0235695 0.0158619 0.0139817 0.0188082 0.0188804 0.0106337 0.0439029 -0.0217792 -3.58675e-05 -0.00269817 -0.00728528 0.0053551 -0.0156576 0.00282678 0.0419905 0.0351204 0.0178203 -0.00135641 0.0141058 -0.0118505 0.00373332 0.0103278 0.0173169 -0.00315624 0.0200288 0.0179525 0.0156737
internal_weight=1.53984e+07 1.2444e+07 2.9544e+06 1.11636e+07 1.28037e+06 2.48746e+06 73559.4 30523.9 7.00859e+06 5.73291e+06 466945 2.4139e+06 1.27568e+06 4.15503e+06 1.81741e+06 2.33762e+06 227435 86630.4 188141 132048 2.14947e+06 2.12783e+06 893051 67823.5 1.58998e+06 338005 1.25197e+06 185666 37202.9 3.51948e+06 551387 519564 2.96809e+06 442086 2.526e+06 22950.1 2.21343e+06 1.35121e+06 862219 548566 802645 32659.8 94845.1 817188 547037 298886 270150 31822.8 248151 21643.6 13958.4 829559 18806.9 1.23478e+06 463187 256192 56092.8 44053.7 222188 1.12673e+06 751776 589180
internal_count=10286555 1553592 8732963 614950 938642 7762078 154565 37660 156625 145810 970885 7607513 10815 458325 231287 227038 21528 6214 21282 17223 205756 201890 85276 4830 209759 42700 167059 20097 3847 112661 6467 5834 106194 31576 74618 17330 33149 28046 5103 9900 18146 372 13376 431601 294901 168059 136700 633 126842 3866 7939 4731 1384 116614 507041 128761 4059 3557 119680 9317 6593 6136
is_linear=0
shrinkage=0.05


Tree=37
num_leaves=63
num_cat=0
split_feature=15 15 15 15 14 2 15 14 2 3 12 18 22 15 14 28 28 15 28 11 2 3 28 24 20 17 3 3 2 14 2 0 22 22 14 24 22 3 23 20 21 15 21 0 0 12 22 28 18 2 24 27 24 2 22 24 28 2 3 2 26 14
split_gain=3.18943e+06 121162 64872.7 27619.2 18318.2 17711.4 15964.3 10224.3 9618.89 9399.64 8124.03 7481.22 11467.5 6724.62 5879.81 5907.73 8439.66 5755.48 5120.19 4984.18 5733.98 4967.36 8462.68 10263.6 8456.57 7200.89 5806.41 4769.39 4685.39 12545.6 15782.5 6904.19 4647.06 4643.36 5977.04 4539.54 4416.88 4804.6 6755.06 4614.07 4308.03 4301.41 4249.41 4180.94 4180.58 4120.43 4843.47 3868.95 3682.88 3617.05 3563.18 5519.23 3438.39 3248.02 5770.03 4556.43 3220.25 3185.57 3180.78 3151.17 6101.04 5455.63
threshold=0.27265766392872065 2.7379430650259429 0.059193324244400103 33.856872136240931 17647.500000000004 2.5000000000000004 0.76929413255607659 17670.500000000004 1.5000000000000002 5.5000000000000009 -0.5 79.500000000000014 919.28570556640636 0.020782220089379445 17666.500000000004 1230.5000000000002 1238.5000000000002 0.13604029449218655 283.50000000000006 0.6830127018922193 8.5000000000000018 5.5000000000000009 792.50000000000011 230.50000000000003 2127.0000000000005 2013.0000000000002 1.0000000180025095e-35 2.5000000000000004 2.5000000000000004 15749.500000000002 1.5000000000000002 5.5000000000000009 1.0000000180025095e-35 142.50000000000003 16101.000000000002 84.983333587646499 2.0714285373687749 5.5000000000000009 1.0000000180025095e-35 1.0000000180025095e-35 1895.5000000000002 60.069952271121892 8.5000000000000018 19.500000000000004 1.0000000180025095e-35 0.60355339059327384 167.50000000000003 1086.5000000000002 15.500000000000002 11.500000000000002 1.5166666507720949 6.643681764602662 0.38333334028720861 8.5000000000000018 21.214285850524906 1.0000000180025095e-35 1115.5000000000002 10.500000000000002 2.5000000000000004 2.5000000000000004 1.5949746370315554 17602.500000000004
decision_type=2 2 2 2 2 2 2 2 2 2 2 2 2 2 2 2 2 2 2 2 2 2 2 2 2 2 2 2 2 2 2 2 2 2 2 2 2 2 2 2 2 2 2 2 2 2 2 2 2 2 2 2 2 2 2 2 2 2 2 2 2 2
left_child=2 6 4 9 13 8 49 11 -6 14 33 12 18 28 15 47 35 -4 41 20 27 25 24 -24 -23 40 -27 32 29 -1 -31 -32 -8 50 -35 -17 37 -21 39 -39 -13 -5 44 -20 -12 -16 52 48 -3 53 51 -11 -47 -2 55 58 -36 -57 -55 61 -61 -29
right_child=1 3 17 7 5 -7 19 -9 -10 10 42 21 -14 -15 45 16 -18 -19 43 36 -22 22 23 -25 -26 26 -28 59 -30 30 31 -33 -34 34 56 -37 -38 38 -40 -41 -42 -43 -44 -45 -46 46 -48 -49 -50 -51 -52 -53 -54 54 -56 57 -58 -59 -60 60 -62 -63
leaf_value=-0.054164470771037615 -0.013137551582501603 0.0053559414027227513 -0.036331294134135349 0.0085661569294108331 -0.054133176554678079 -0.051803738519041048 0.0033077028241284934 0.017552527671227582 0.034997169597572084 0.029859077548907532 0.031174791687589451 0.013463933044907513 -0.016352595051310103 -0.045670063371439307 0.011089027168341398 0.029164771621679388 0.0096983503008011684 -0.024672606989375876 0.012226179069255341 -0.015505606103985936 0.027959908219128162 0.027198418701043406 0.017444293246514243 -0.026031135884809792 0.14213556979438061 0.00074857199522442627 0.050422448120906675 0.0027572188650457422 -0.054952447728675191 -0.055117781447628335 -0.040210029350222748 -0.0025297192379517986 -0.010741083313010741 0.19778057045830225 0.0073042988431177907 0.084811862429773857 0.0044374123570803913 0.060728124603008055 -0.010899880889960757 -0.032334867348032002 0.039479159098466658 -0.007536891935823159 0.020874020457044812 0.0019809536683232085 0.0036436753037144423 0.13643153674053868 0.13145587814852261 0.0013479662001661648 0.011326562377247945 -0.028049081224124972 0.016871356876796868 0.12647886914716641 0.023342674297128944 -0.022032006601931969 0.34752800132794115 0.020975587629824485 0.092997042642273722 -0.013565366793164686 0.056306720534693835 -0.0080271863188039819 0.007272611185192044 0.037596841036185484
leaf_weight=287051.06371513009 332602.93467372656 1575106.3831443787 234436.97188046575 137829.63966608047 3798.4296402931213 18828.83680921793 102094.5018261075 1210550.86348629 14902.750181078911 30418.562554955482 14650.90080845356 1825237.4431591034 37029.600921630859 290870.06602072716 186420.20545327663 26073.955103874207 428728.8600744009 193018.64492836595 3992621.1352000237 132000.32885032892 19819.383753418922 160825.3435344696 69876.030756950378 16848.488359451294 1616.3563232421875 7864.3484153747559 23351.574394226074 28775.75602132082 1657604.7640821934 46140.164976119995 18410.838522493839 35789.332699537277 139006.42519837618 742.59331512451172 2520.6617012023926 4264.448335647583 58038.346151471138 7208.8336157202721 16033.10435628891 1633.5943985581398 16053.513193130493 59317.025131225586 52848.459480404854 102128.11835670471 234349.72646760941 681.51436257362366 1090.2938833236694 490078.07734847069 308938.92943286896 35595.823822855949 261533.50729441643 1553.4799590110779 48449.57328748703 1715.2036860585213 119.56787896156311 8398.220471560955 1940.3070812225342 32530.630259633064 5296.7644513249397 94938.133206963539 207727.37986928225 18435.896038174629
leaf_count=959615 389543 239528 575665 6009 11067 55803 60325 13915 9195 5664 1385 24990 211 871477 14843 1896 55437 353429 92528 90226 9189 1959 1371 154 5 32 83 16311 5572134 150560 55386 76841 77848 15 85 119 28674 3841 9780 1112 86 1535 5316 3953 31109 79 30 72405 31469 46429 25791 140 4493 2357 15 7993 52 38045 5702 61343 102366 7597
internal_value=-0.000745917 0.0100025 -0.0489975 0.0116274 -0.0522268 -0.017572 -0.00482316 0.013336 0.0168933 0.00806111 0.0137818 0.0125448 0.0113527 -0.0527836 0.00694196 0.00630954 0.0115018 -0.0310668 0.0115917 -0.000798235 0.00150605 0.014977 0.0216093 0.00899799 0.0283422 0.0140945 0.0379081 0.000618862 -0.0537954 -0.0488446 -0.0336255 -0.0153292 -0.00479209 0.0196277 0.0664464 0.0369871 -0.00734714 -0.011707 0.00844962 0.0435345 0.0136908 0.00372108 0.00799674 0.0119707 0.00526361 0.0145136 0.0272251 0.00530554 0.00633499 -0.0128072 0.0187976 0.0345542 0.0249117 -0.0113819 0.00076807 -9.73927e-05 0.0445789 -0.00647773 0.0371435 0.00434757 0.00247345 0.0163621
internal_weight=1.53744e+07 1.25735e+07 2.80085e+06 1.13315e+07 2.3734e+06 37530 1.24197e+06 7.66115e+06 18701.2 3.67039e+06 600558 6.4506e+06 4.32893e+06 2.33587e+06 3.06983e+06 2.83319e+06 459067 427456 4.2919e+06 825712 610797 2.12167e+06 249166 86724.5 162442 1.87251e+06 31215.9 590978 2.045e+06 387391 100340 54200.2 241101 298709 5203.56 30338.4 214914 156876 24875.5 8842.43 1.84129e+06 197147 301849 4.09475e+06 249001 236642 50221.4 2.37412e+06 1.88405e+06 416259 293506 31972 49131.1 380663 48060.4 47940.8 4460.97 40928.9 7011.97 349877 302666 47211.7
internal_count=10286555 1595383 8691172 636687 7762078 76065 958696 146831 20262 489856 69557 132916 104236 7686013 420299 400854 57452 929094 104025 468612 334979 28680 3489 1525 1964 25191 115 325790 6814536 1242402 282787 132227 138173 31747 152 2015 133633 104959 14733 4953 25076 7544 37810 96481 32494 19445 4602 343402 270997 490084 31595 5804 4572 443655 54112 54097 137 46038 8059 187617 163709 23908
is_linear=0
shrinkage=0.05


Tree=38
num_leaves=63
num_cat=0
split_feature=15 15 15 16 14 15 10 19 10 15 16 10 15 25 20 10 14 23 17 24 15 13 10 10 13 21 15 19 14 19 28 28 3 22 22 10 3 10 25 26 13 18 13 18 18 22 21 10 22 21 19 25 10 22 26 22 25 24 20 24 24 1
split_gain=2.99086e+06 117762 54318.7 25910.5 19099 17213.1 17088.1 8766.56 7817.95 7472.32 7408.59 12643.8 11131.6 6482.99 8620.65 6426.94 6079.12 7077.48 6677.52 6176.26 5598.54 5515.47 11326 8602.29 6995.61 5371.47 5346.38 5175.85 5013.48 4884.32 4806.28 4712.5 6410.5 4630.99 4473.32 4417.32 4665.12 6617.34 4483.63 4283.11 4213.03 4183.38 4116.24 3985.09 3947.44 9705.97 4795.87 3823.7 5105.57 3713.52 3698.5 3471.31 3398.96 3234.36 11770.2 19983.2 4428.2 5429.24 4323.74 3156.24 3101.98 4678.29
threshold=0.2396820389880765 2.7379430650259429 0.04855440536659595 17.581253621257684 17647.500000000004 0.76929413255607659 0.68301270189221941 69.500000000000014 -0.93301270189221919 0.0018264855415738134 0.80809066741373015 0.68301270189221941 0.0018264855415738134 228.64184570312503 882.00000000000011 1.0000000180025095e-35 17651.500000000004 1.0000000180025095e-35 99.500000000000014 208.51666259765628 0.017870449222908241 -0.5 0.68301270189221941 0.93301270189221952 -0.78656609248549325 880.50000000000011 0.1263441550933361 93.500000000000014 17670.500000000004 1539.0000000000002 1277.5000000000002 283.50000000000006 3.5000000000000004 299.28570556640631 605.14288330078136 -0.24999999999999994 3.5000000000000004 0.25000000000000011 176.08364105224612 1.0000000180025095e-35 -0.5 1508.5000000000002 0.25881904510252057 5.5000000000000009 88.500000000000014 919.28570556640636 880.50000000000011 -0.5 20.357143402099613 2586.5000000000005 152.50000000000003 685.96636962890636 -0.24999999999999994 98.214286804199233 299.24317932128912 57.785715103149421 943.11325073242199 534.06668090820324 3026.5000000000005 263.96665954589849 1.0000000180025095e-35 2024.5000000000002
decision_type=2 2 2 2 2 2 2 2 2 2 2 2 2 2 2 2 2 2 2 2 2 2 2 2 2 2 2 2 2 2 2 2 2 2 2 2 2 2 2 2 2 2 2 2 2 2 2 2 2 2 2 2 2 2 2 2 2 2 2 2 2 2
left_child=2 5 4 16 10 47 -6 28 -9 -8 20 -12 42 14 15 -10 18 19 21 -18 -1 23 33 30 -25 29 -4 51 31 50 -3 32 52 -23 -20 40 37 -37 -39 -24 -7 -34 -13 -38 45 -33 -46 48 -2 -29 -19 -15 -5 54 59 -56 58 -58 -55 -30 61 -42
right_child=1 3 26 7 6 35 9 8 13 -11 11 12 -14 27 -16 -17 17 25 34 -21 -22 22 39 24 -26 -27 -28 49 53 -31 -32 44 41 -35 -36 36 43 38 -40 -41 60 -43 -44 -45 46 -47 -48 -49 -50 -51 -52 -53 -54 56 55 -57 57 -59 -60 -61 -62 -63
leaf_value=-0.054385229099959215 -0.0047446803574875476 -0.00079914469175365675 -0.037320060498345152 0.0074749179273583518 -0.051554286265635289 -0.0024671963051672036 0.035501615050907098 -0.0085395257722444863 0.018238732572456402 -0.040738049260215001 -0.053901255423715461 0.041595535861006915 -0.046893813081975093 0.027793480367942963 -0.012635056169502374 0.010184761053015867 0.019028018925212949 0.0083273762846644735 0.015245584152373204 0.15906658513167515 -0.04637187099951403 0.01087098325344711 0.010854808786656981 0.0034343047292923973 0.028015645600121694 -0.036556551084966783 -0.025874380698084638 0.016534558689604666 0.014020089937800401 0.083848726438987733 0.010541966714260543 0.010483199368648062 0.012998783691731181 -0.025423508591737261 0.10666195184815769 -0.020318714478285656 -0.00034005013658078363 -0.0036093006501979226 0.12950761201441283 -0.0028988602558126107 0.06445527797857574 0.15858775718434306 -0.0094182915134912119 0.021185059713302253 0.012911063543232407 -0.022268554584004237 0.026395990316236226 -0.015356119399904604 0.28993495933774499 0.030266899582522596 0.016160133172184721 0.068281959616863119 -0.015321953631477946 0.010210290009546442 0.027532711346303914 0.11643438946767992 0.040573115618507988 0.015161505187766372 -0.039816341498356271 0.048162241490680997 0.0082026492661775065 -0.010772451354502399
leaf_weight=1856001.1340183616 100751.70502391458 706426.12074196339 263794.75050291419 24049.589065551758 17216.027959257364 122232.36591088772 13981.402023226023 34278.649819135666 410143.01144385338 4173.0554853081703 43647.611624181271 8129.606246471405 12117.574187099934 61516.637174606323 32868.230894088745 625412.07832670212 169517.25261378288 1576300.7497779131 158669.38667607307 790.94046020507812 246984.12214663625 903620.72661828995 71164.329072237015 60177.278896093369 55766.433724284172 6445.9719038009644 166385.07706865668 1274318.1387605667 192082.08275830746 2186.6973419189453 107656.11292767525 2866898.5892698765 55865.061816215515 8875.0104637145996 1349.5070934295654 75749.996431767941 226988.06390285492 224488.3871666193 634.24742317199707 276698.97953557968 5943.4390332698822 497.71792984008789 7698.7333525121212 23752.348793268204 933327.60811662674 22800.624599456787 70946.925806045532 351835.89079672098 147.10313558578491 51210.220222473145 166642.01819872856 5792.4839286804199 51073.543654680252 276528.90075397491 32436.480920791626 7850.9269180297852 27138.712051391602 93220.241325378418 4387.5311965942383 7016.3857460021973 142026.28637504578 3168.1658226251602
leaf_count=6548622 118620 129232 696698 1324 53724 69241 7306 586 8355 10773 136262 6698 32061 625 372 13245 16356 121153 8730 12 793105 117890 11216 9173 6508 176 329477 7743 6712 25 16533 93122 2484 162 12 52295 127606 130469 15 36701 2983 6 11552 10263 15068 140 468 436339 19 90 5603 38 2859 3145 291 54 136 263 19 60 73181 2559
internal_value=-0.00072277 0.00933495 -0.0491486 0.0109437 -0.0523128 -0.0050614 -0.0158664 0.0127821 0.0151742 0.0179765 -0.0529056 -0.037088 -0.0108278 0.0155044 0.0125745 0.0133746 0.00786204 0.00994782 0.00615653 0.0196785 -0.0534441 0.00543619 0.00759146 0.00251539 0.0152575 0.00900168 -0.0328931 0.0177519 0.0115028 0.00916997 0.000700625 0.0108489 0.00153897 0.010518 0.0160166 -0.000762252 -0.0033379 -0.00753554 -0.00323419 -8.51791e-05 0.00443493 0.0142848 0.0167827 0.00169899 0.0111633 0.0102248 0.0138637 -0.0128954 -0.00431472 0.0170651 0.00907627 0.031278 -0.0080238 0.015611 0.0202107 0.0448576 0.012867 0.0208914 0.00942891 0.0152233 0.010017 0.0382977
internal_weight=1.53518e+07 1.27117e+07 2.64013e+06 1.14339e+07 2.20995e+06 1.27772e+06 35370.5 7.16166e+06 2.49554e+06 18154.5 2.17458e+06 71593.5 27945.9 2.46126e+06 1.06842e+06 1.03556e+06 4.27229e+06 1.92188e+06 2.3504e+06 170308 2.10299e+06 2.19038e+06 1.26036e+06 930026 115944 1.75158e+06 430180 1.39284e+06 4.66612e+06 1.74513e+06 814082 4.02546e+06 131486 912496 160019 824983 551613 300873 225123 347863 273370 56362.8 15828.3 250740 3.89397e+06 2.8897e+06 1.00427e+06 452735 100899 1.32553e+06 1.74294e+06 67309.1 75123.1 640661 239386 40287.4 401275 120359 280916 199098 151138 9111.6
internal_count=10286555 1660277 8626278 636687 7600103 1023590 71803 157205 31054 18079 7528300 186573 50311 30468 21972 21600 479482 143325 336157 16368 7341727 327415 165969 161446 15681 126957 1026175 8496 126151 126781 145765 115471 6673 118052 8742 468612 320648 182779 130484 47917 147964 2490 18250 137869 108798 93262 15536 554978 118639 7833 126756 663 4183 10680 7117 345 3563 399 3164 6772 78723 5542
is_linear=0
shrinkage=0.05


Tree=39
num_leaves=63
num_cat=0
split_feature=15 15 15 16 14 10 15 12 16 16 2 2 3 2 10 13 27 18 15 3 13 11 16 11 17 22 22 27 22 15 12 18 2 3 14 26 12 2 13 6 13 27 27 10 27 19 15 24 3 12 26 24 26 11 3 3 18 17 5 3 10 14
split_gain=2.80496e+06 105334 55723.8 27587.6 19175.2 16139.9 11097.7 9963.1 8414.16 7592.08 13872.7 9502.19 7527.34 7191.72 7000.52 10966.3 13784.7 6073.85 5866.49 5859.61 5850.71 6671.77 5809.8 5690.82 7519.01 7192.29 5452.99 5293.37 6434.18 5285.98 4782.93 4566.76 4532.47 4461.84 5959.08 5094.56 4381.75 17146.4 15449.6 15354.2 15518.9 6348.76 5894.8 4330.4 4327.69 3997.31 3977.94 3503.92 3472.66 3008.14 3001.08 8608.27 3259 2969.84 4234.49 3649.76 4575.33 3491.67 3056.47 3118.61 2963.33 2854.23
threshold=0.2396820389880765 1.9851422614667651 0.04855440536659595 10.750608801827498 17647.500000000004 0.68301270189221941 0.58890753169276666 0.78656609248549325 44.113525873693668 0.80809066741373015 2.5000000000000004 1.5000000000000002 2.5000000000000004 2.5000000000000004 -0.24999999999999994 -0.5 1.0000000180025095e-35 17.500000000000004 0.017870449222908241 2.5000000000000004 -0.12940952255126037 -0.5 2.6209633965068755 0.6830127018922193 315.50000000000006 173.50000000000003 548.64285278320324 429.85842895507818 354.42857360839849 0.11804065331425848 0.60355339059327384 30.500000000000004 11.500000000000002 4.5000000000000009 16186.500000000002 81.772529602050795 -0.9159756150367534 3.5000000000000004 -0.78656609248549325 1.0000000180025095e-35 -0.12940952255126037 429.85842895507818 69.395416259765639 -0.93301270189221919 16.642107963562015 463.50000000000006 169.25862785763439 1.0000000180025095e-35 4.5000000000000009 -0.25881904510252113 0.13363929273691613 208.51666259765628 3.9986258745193486 -0.9330127018922193 3.5000000000000004 4.5000000000000009 1.0000000180025095e-35 85.500000000000014 1.0000000180025095e-35 3.5000000000000004 -0.93301270189221919 17392.500000000004
decision_type=2 2 2 2 2 2 2 2 2 2 2 2 2 2 2 2 2 2 2 2 2 2 2 2 2 2 2 2 2 2 2 2 2 2 2 2 2 2 2 2 2 2 2 2 2 2 2 2 2 2 2 2 2 2 2 2 2 2 2 2 2 2
left_child=2 6 4 14 9 -6 31 8 12 18 11 -11 20 -7 15 49 -17 22 -1 43 26 -22 -16 24 25 -21 -5 30 -29 -4 -14 60 53 35 -35 -25 39 38 -38 42 -41 -39 -10 -9 -33 -19 -18 -13 -34 -3 51 -24 -52 54 57 56 -56 -8 -55 -60 -2 -26
right_child=1 3 29 7 5 13 32 19 36 10 -12 47 27 -15 17 16 46 45 -20 23 21 -23 50 33 61 -27 -28 28 -30 -31 -32 44 48 34 -36 -37 37 41 -40 40 -42 -43 -44 -45 -46 -47 -48 -49 -50 -51 52 -53 -54 58 55 -57 -58 -59 59 -61 -62 -63
leaf_value=-0.054319960376433864 0.018449005970920498 -0.0015170334502723818 -0.037054253942337537 0.0082941928962314941 -0.051344202467518987 0.03039821772111917 -0.0246165691382829 -0.0098723249576091864 0.029135715723651309 -0.054710677666744506 -0.053243935798066022 0.020814566119999919 0.012019113920097139 -0.055315723853423308 -7.1896811007177407e-05 0.064095166424697911 0.012962241153321131 0.010104519986925672 -0.045943520454345257 0.011207751094235821 0.0085307018408890285 -0.0058265190996069334 0.011098769971051985 -0.019072720477684778 0.0037452040233582652 -0.0035379451663685932 -0.046339179275194153 -0.010979278703722518 0.015861421772162206 -0.025700062367179213 0.00155818938798724 0.015490362071893825 -0.02615191250864626 -0.014610264198230784 0.031700031280484917 0.016018484857675472 0.0076406615539311752 0.0086127902866701064 0.023739133452760554 0.016561430243117205 -0.024295543496960937 -0.0025181027322439221 0.014729788656794977 0.018706162795051284 0.21255371994112596 0.055439846809339215 -0.040523971145909277 -0.052627883641508333 0.0010016659492479275 0.006879328766773188 -0.0051129344975117605 0.24403847264218848 0.0054370959162333707 0.00015165610813264817 0.057131391405860002 -0.010166191168811569 -0.01103436552584394 0.2500201992679229 -0.024848000339271949 0.012174542151536887 -0.015348550356983282 0.019353272766312071
leaf_weight=1767551.5878893435 6620.8278241157532 176998.5155261755 238268.03690823913 860875.49349689484 16441.734085530043 15473.277997940779 35315.188790261745 13480.876366138458 74298.919329404831 7262.7434546351433 44366.573786705732 15793.047969549894 1829302.4617727995 2906.8248473405838 684982.97691690922 13302.084409713745 636455.26684427261 351117.55203509331 237074.31646800041 187202.14649379253 139434.70645678043 192807.18395698071 180951.18156695366 11179.063131809235 35160.541442871094 148127.93710327148 4591.5274963378906 58414.361009597778 36142.404941558838 179914.77066385746 116210.84062302113 840.57892507314682 35389.009973466396 7613.3985843658447 79274.521162986755 138280.78141784668 244187.14359712601 1042038.53565979 382471.06488382816 43143.97894859314 50382.999052524567 146061.51413917542 1605147.0822687149 791207.11210024357 416.67939460277557 4930.4493045806885 3495.2306575775146 1810.0750894248486 17645.177253603935 268478.37795686722 79123.941247701645 397.38858795166016 977778.60195672512 537153.22548061609 5484.2451569437981 21218.414550065994 4466.2217743396759 116.01086926460266 23678.750609636307 7486.2639493346214 317030.21287757158 175478.96590995789
leaf_count=6548622 7215 33404 656047 34772 53724 8977 27320 190 2110 23421 142912 16569 80667 9102 174617 2285 81395 33100 793105 3336 7814 11899 24983 273 320 1274 46 859 360 370128 4344 706 33246 130 732 1005 5036 32402 8572 505 1227 1433 14751 7234 82 112 84 3671 13599 48119 19114 4 101339 370772 3395 14496 3044 26 17260 4724 423582 963
internal_value=-0.000700003 0.00880139 -0.0488427 0.0101306 -0.0521493 -0.0153532 -0.00667194 0.0116632 0.0108335 -0.0527671 -0.036488 -0.00659107 0.00898554 0.016842 0.00631387 0.00959225 0.0137173 0.00473353 -0.0533293 0.0152317 0.00583912 0.00019888 0.00362297 0.0121504 0.00934453 0.00469401 0.00800434 0.0108328 -0.000719907 -0.0321694 0.0113943 -0.0142877 -0.00307515 0.0186319 0.0276421 0.0133937 0.0125012 0.0107741 0.0174661 0.0142691 -0.00544818 0.00724439 0.0153671 0.0182274 0.0808166 0.0107323 0.0126701 0.0132622 -0.0171175 0.00354324 0.00566692 0.0116094 0.00464727 -0.0019022 -0.0118915 0.00155038 0.0265352 -0.0237165 -0.000731556 -0.0159545 -0.0146571 0.016748
internal_weight=1.53303e+07 1.28034e+07 2.52686e+06 1.17905e+07 2.10868e+06 34821.8 1.01286e+06 8.41252e+06 6.82551e+06 2.07386e+06 69232.4 24865.9 3.23778e+06 18380.1 3.37801e+06 1.09873e+06 653253 2.27928e+06 2.00463e+06 1.58701e+06 1.19771e+06 332242 1.92323e+06 782317 545970 335330 865467 2.04007e+06 94556.8 418183 1.94551e+06 324908 687953 236348 86887.9 149460 3.58773e+06 1.81476e+06 626658 1.77297e+06 93527 1.1881e+06 1.67945e+06 804688 1257.26 356048 639950 17603.1 53034.2 445477 1.23825e+06 181349 1.0569e+06 634918 66600.1 31168.9 9950.47 35431.2 568318 31165 323651 210640
internal_count=10286555 1660277 8626278 740810 7600103 71803 919467 222254 206797 7528300 186573 43661 140761 18079 518556 165287 83764 353269 7341727 15457 54531 19713 320057 8033 5893 4610 34818 86230 1219 1026175 85011 431585 487882 2140 862 1278 66036 47443 13608 18593 1732 33835 16861 7424 788 33212 81479 20240 46845 81523 145440 24987 120453 441037 48281 20935 6439 27346 392756 21984 430797 1283
is_linear=0
shrinkage=0.05


Tree=40
num_leaves=63
num_cat=0
split_feature=15 15 15 16 14 10 15 14 16 10 11 0 10 13 3 17 20 11 10 13 27 20 11 8 0 3 15 18 19 10 16 0 20 15 11 3 18 19 0 16 0 3 0 18 17 17 17 20 17 19 18 0 16 3 27 0 19 27 20 26 10 3
split_gain=2.63152e+06 96896.8 53868.6 24344.2 19421.4 15248.7 10839.1 9239.54 7862.59 12395 10255.6 6799.16 12836 10089.2 10866.3 8827.32 6983.15 6500.26 6212.73 9760.47 10973.2 7951.8 5970.15 5836.45 5702.37 5686.1 5591.39 5464.5 5357.2 5149.14 5081.93 5013.35 5302.17 4954.75 4171.77 4168.65 4068.69 3772.55 3752.07 3657.3 3565.57 6271.68 5250.47 4280.94 9458.8 4050.25 5157.33 7161.17 4491.46 4446.2 4214.48 3521.1 3291.98 3251.62 3179.03 3370.81 3053.94 3052.52 5407.17 2898.92 2898.18 2808.29
threshold=0.22965994534684389 1.9851422614667651 0.0463958762886598 10.750608801827498 17647.500000000004 0.68301270189221941 0.58890753169276666 17670.500000000004 0.80809066741373015 0.68301270189221941 0.25000000000000017 18.500000000000004 0.93301270189221952 -0.60355339059327384 4.5000000000000009 2431.5000000000005 1951.5000000000002 0.25000000000000017 -0.24999999999999994 -0.37940952255126015 1.0000000180025095e-35 2127.0000000000005 1.0000000180025095e-35 -0.8783796973249266 15.500000000000002 5.5000000000000009 0.015720181389084532 17.500000000000004 1539.0000000000002 -0.93301270189221919 2.6209633965068755 20.500000000000004 14.500000000000002 0.10717020345657406 0.93301270189221952 5.5000000000000009 29.500000000000004 1929.0000000000002 13.500000000000002 3.2456657820570816 10.500000000000002 5.5000000000000009 7.5000000000000009 2610.0000000000005 3688.5000000000005 578.00000000000011 1062.0000000000002 854.50000000000011 278.00000000000006 1390.5000000000002 2610.0000000000005 18.500000000000004 13.674987227246651 4.5000000000000009 1.0000000180025095e-35 6.5000000000000009 1.0000000180025095e-35 353.34028625488287 1333.5000000000002 1.0000000180025095e-35 -0.93301270189221919 5.5000000000000009
decision_type=2 2 2 2 2 2 2 2 2 2 2 2 2 2 2 2 2 2 2 2 2 2 2 2 2 2 2 2 2 2 2 2 2 2 2 2 2 2 2 2 2 2 2 2 2 2 2 2 2 2 2 2 2 2 2 2 2 2 2 2 2 2
left_child=2 6 4 18 8 -6 36 11 26 -10 -11 13 16 14 15 -5 25 -7 19 38 -21 27 -16 24 -15 -13 -1 30 -25 -4 -20 32 -14 -31 -8 -33 60 56 59 -38 41 42 -9 44 -43 48 -47 -48 49 -42 -50 -32 -41 -36 55 -12 -29 58 -22 -3 -2 -62
right_child=1 3 29 7 5 17 34 40 9 10 54 12 31 23 22 -17 -18 -19 21 20 57 -23 -24 28 -26 -27 -28 37 -30 33 51 35 -34 -35 53 -37 39 -39 -40 52 45 43 -44 -45 -46 46 47 -49 50 -51 -52 -53 -54 -55 -56 -57 -58 -59 -60 -61 61 -63
leaf_value=-0.054318019000671749 0.017680002707947215 0.020795505889967435 0.0073692881758665582 0.0056642727286124626 -0.051164102808230694 -0.055298313203691919 -0.0018120313840368923 0.011686401532933433 -0.05376247578762075 -0.052096899712892879 -0.039271012889772368 0.0056120074701378154 -0.03594052112676268 0.015495401160922212 0.0084304372906209325 0.097252727015330456 0.21048930094482785 0.028318180941472766 -6.8306000104840622e-05 0.063441058487237356 0.013332156254063799 0.25482682966816861 0.017403372155102816 0.012698200270937505 0.0044951302242653415 0.01665776505919115 -0.046196807003777457 0.007011270142868925 0.022789066266053908 -0.038103989454569893 0.0060654811371983024 -0.0072814826070653985 0.00083198314933045393 -0.026941675952432489 -0.025415078950685517 0.047856387852439793 0.0058532859770062083 0.17539265475856103 -0.0014429840193606513 0.23822328266516643 0.01376854097625343 -0.018044863399591823 0.023337934737493318 0.038275339229674799 0.054066958864304009 -0.0093912503378629861 0.020726694447327488 -0.034682321753224353 0.030436134453856692 -0.008567233932491326 -0.049954729242304985 -0.0038943804247825358 -0.055469833916557909 0.00095080248052782645 -0.052422551455673941 0.028419132894717265 0.017194210812345092 -0.021647086731055493 0.30065646112368499 0.005965442374375322 -0.016917595770171785 -0.0038397898679041285
leaf_weight=1656803.5735738873 6940.9512426257133 36099.391868948936 8100.3208881914616 1558001.0472742319 15518.128399521112 2724.8859771192074 633857.48113226891 137952.23544311523 39098.814906150103 9363.5859455764294 2119.0443911254406 615988.66351902485 31259.734205245972 165351.3831101656 351494.17758905888 2635.1535949707031 424.66775512695312 15804.730017900467 684943.57336008549 11013.001638889313 498494.63069176674 317.04623413085938 392255.37213563919 3373787.7322566509 409777.40042757988 143688.67744374275 243047.8392175436 255195.17111003399 136866.06160545349 213116.12171459198 1147256.4018697739 13535.717334985733 14280.760093688965 186351.86143746972 34614.268921375275 4590.369824886322 835.59839254617691 344.8046875 176783.12127590179 423.96874690055847 597566.2551766634 30007.365368843079 323259.37083721161 6088.2600555419922 5359.4873352050781 44183.417621612549 46280.867153167725 6671.7656555175781 52540.267304420471 23143.16136932373 1682.3867492675781 96176.82513654232 123.03736805915833 17659.291486263275 1700.3468725979328 13919.248676866293 103491.06419503689 6281.4579067230225 163.69958114624023 378063.72354364395 276000.15042683482 48223.371492773294
leaf_count=6447490 7559 6747 18477 57804 53074 8992 441037 325 134509 29548 3294 43012 2581 2645 12658 15 5 8940 174617 1889 66934 1 12229 54571 8048 7600 857176 25195 692 621346 123493 1910 870 406150 33246 376 712 2 33404 92 12451 279 2575 11 8 430 277 41 702 131 8 21946 55 13599 3614 13256 8015 155 2 56156 379702 63877
internal_value=-0.000677724 0.00827718 -0.0486644 0.00954584 -0.0520404 -0.0146 -0.00652231 0.010977 -0.0526888 -0.0357497 -0.0097634 0.0102835 0.00600823 0.0108347 0.00818919 0.00581893 0.00781459 0.0160214 0.00596715 0.00904229 0.0140671 0.00447927 0.0131628 0.0123267 0.00765775 0.00770126 -0.0532791 0.00444456 0.0130916 -0.0320965 0.00339006 -0.0155574 -0.0244092 -0.0328968 -0.00293166 0.00668191 -0.0139307 0.0101083 0.00465513 0.0716597 0.0149012 0.0181785 0.0198529 -0.000450124 -0.00711679 0.0127674 0.00322133 0.0137453 0.0141413 0.0129357 0.0279416 0.0052951 0.172156 -0.016508 0.0125828 0.0194751 0.00994935 0.0129902 0.0134265 0.00725808 -0.0142881 -0.0149725
internal_weight=1.53096e+07 1.2902e+07 2.40767e+06 1.18833e+07 2.0001e+06 34047.7 1.01868e+06 8.48867e+06 1.96605e+06 66201 27102.2 7.21394e+06 823769 6.39017e+06 2.30439e+06 1.56064e+06 760102 18529.6 3.39462e+06 1.1069e+06 515953 2.28772e+06 743750 4.08578e+06 575129 759677 1.89985e+06 2.28741e+06 3.51065e+06 407568 1.92838e+06 63666.6 45540.5 399468 686131 18126.1 332547 359031 590946 1382.6 1.27473e+06 502667 461212 41455.1 35366.9 772068 97136.1 52952.6 674932 620709 54222.7 1.24343e+06 547.006 52273.6 17738.6 16038.3 358686 504940 498658 414163 331164 324224
internal_count=10286555 1680689 8605866 740810 7559893 71006 939879 222254 7488887 184221 49712 205016 56354 148662 82706 57819 50617 17932 518556 165287 68980 353269 24887 65956 10693 50612 7304666 353268 55263 1045973 320056 5737 3451 1027496 487882 2286 451997 33212 96307 859 17238 3198 2900 298 287 14040 748 318 13292 12582 710 145439 147 46845 20164 16550 33210 67091 66936 62903 451138 443579
is_linear=0
shrinkage=0.05


Tree=41
num_leaves=63
num_cat=0
split_feature=15 15 15 16 14 10 15 16 2 2 28 28 3 1 21 15 12 2 13 10 2 15 20 6 6 13 13 20 26 26 15 13 3 15 21 26 20 28 13 6 2 2 12 20 2 18 2 2 12 23 21 17 18 10 22 25 25 3 21 16 2 19
split_gain=2.46906e+06 86779.2 55160.9 19587.8 19478.8 14406.2 12299 8038.43 13419.8 8484.17 6201.5 7032.64 11084.3 7535.24 6733.29 6152.18 6148.57 6028.69 5968.17 6087.52 5950.87 5856.39 5369.69 5348.58 5268.27 13765.8 9260.64 5107.1 5097.74 8155.85 5048.9 4798.88 12465.9 12333.9 11479.2 5507.05 5779.94 5135.92 4475.5 15936.6 14717.9 13163 7524.79 7509.92 5554.54 4229.01 4081.94 4237.99 6257.93 5282.3 4019.99 4957.99 3701.47 3675.19 3692.02 3499.48 4139.86 4117.58 7320.52 6745.97 5242.93 4463.11
threshold=0.22965994534684389 2.3765408429902299 0.0463958762886598 30.164248600439702 17647.500000000004 0.68301270189221941 0.76929413255607659 0.80809066741373015 2.5000000000000004 1.5000000000000002 1115.5000000000002 1101.5000000000002 5.5000000000000009 2024.5000000000002 389.00000000000006 14.198711026194831 -0.5 1.5000000000000002 0.1294095225512602 -0.93301270189221919 2.5000000000000004 0.015720181389084532 359.50000000000006 1.0000000180025095e-35 1.0000000180025095e-35 -0.37940952255126015 -0.37940952255126015 2127.0000000000005 1.0000000180025095e-35 7.7077443599700937 0.10354855147842275 -0.5 3.5000000000000004 33.856872136240931 3386.0000000000005 165.793571472168 86.500000000000014 1203.5000000000002 -0.5 1.0000000180025095e-35 3.5000000000000004 1.5000000000000002 -0.25881904510252113 1.0000000180025095e-35 2.5000000000000004 158.50000000000003 1.5000000000000002 5.5000000000000009 -0.98296291314453399 0.46428571641445165 701.50000000000011 90.500000000000014 322.50000000000006 -0.5 17.500000000000004 4.5303180217742929 1.0000000180025095e-35 5.5000000000000009 2.5000000000000004 22.287635258195845 11.500000000000002 1.0000000180025095e-35
decision_type=2 2 2 2 2 2 2 2 2 2 2 2 2 2 2 2 2 2 2 2 2 2 2 2 2 2 2 2 2 2 2 2 2 2 2 2 2 2 2 2 2 2 2 2 2 2 2 2 2 2 2 2 2 2 2 2 2 2 2 2 2 2
left_child=2 6 4 15 7 -6 53 21 9 -9 11 12 18 16 27 28 -13 -16 19 -5 -7 -1 38 -20 26 -26 -15 -14 -3 -30 -4 32 33 -12 -35 36 -34 -37 40 44 41 -17 -42 -41 -40 -18 50 49 -49 -48 51 -33 -24 54 -2 56 57 60 59 -59 61 -8
right_child=1 3 30 10 5 20 55 8 -10 -11 31 13 14 24 17 22 45 -19 23 -21 -22 -23 52 -25 25 -27 -28 -29 29 -31 -32 46 35 34 -36 37 -38 -39 39 43 42 -43 -44 -45 -46 -47 47 48 -50 -51 -52 -53 -54 -55 -56 -57 -58 58 -60 -61 -62 -63
leaf_value=-0.054249101664485544 -0.0037276967524072207 0.011144854030908686 -0.036889445265434521 -0.0086414382545765486 -0.050935493042479962 0.026321493854688783 0.0032349080972478277 -0.05462974214957899 -0.053109008143919015 0.011831127752094361 0.062635388752554741 -0.020893971483147495 0.014977868329059927 -0.00084175121708809702 0.069088862956353234 -0.00029007555505711338 -0.0052427188936675431 0.02639790989086474 0.0059449654368940001 0.011134525634012777 -0.055283718193705957 -0.045762121388925325 -0.0017947731019728741 -0.016801168969378891 0.032841918333437518 -0.022605434304161429 0.013842853987557593 0.091862450352319824 -0.0018189721833982834 0.0059316015334675877 -0.02560184227009088 0.041571601892503696 0.022666513132734427 0.013383800105402752 0.1187614669611927 -0.038009989198886734 -0.018214521285039639 -0.0013775508255062137 0.0062889228812001447 -0.010984917412571245 -0.001505384623811208 0.017718339884331819 0.0068907905017551426 0.012299300088975963 0.01269927856554727 0.022688464756952735 0.037763152005471853 0.028182368485321064 0.01486025548515112 0.00933046986929781 0.0088503208903164717 0.016673644904420384 0.014962284791744621 -0.014116201004769839 0.2123564442233537 0.0046959148906926783 -0.0084234263307461001 0.0017505110951215306 0.068940541490213919 0.080602964591435483 -0.022440214421258892 -0.018074218939369783
leaf_weight=1577952.7893803865 101231.25936967134 275819.26064109802 202564.95381727815 39495.488971233368 14825.905551329255 16144.370066851377 195741.90753722191 6563.6589462161064 39632.65260964632 17889.714154720306 13680.297736644745 44860.618409872055 364850.87430286407 237150.77673864365 9297.2760953903198 133961.66617298126 44612.597955226898 74836.412434577942 397324.61871743202 2641298.3504309654 2592.659094914794 233335.49707189202 200260.33963871002 27642.02449297905 52118.957553863525 14255.377322912216 196176.42760872841 2172.70556640625 466489.37042677402 1246094.5145186186 193908.69540429115 45909.340721011162 44081.595781326294 332996.16288089752 2604.5058975219727 10195.579944610596 10755.472779273987 155457.75385951996 426771.77099108696 123955.48556184769 462711.29255914688 418371.98336315155 630429.64040613174 48055.159583568573 1623341.6978154182 19464.465991973877 17151.008132100105 112385.03913879395 408811.68788099289 343499.97274553776 28306.946849822998 35424.205639839172 39445.844182014465 349613.95776590705 197.9639350771904 189175.59435337782 221725.64610487223 40238.656903982162 5375.878281712532 2908.3682385087013 27861.261259317398 28099.716313362122
leaf_count=6447490 122734 60890 611492 755 53074 8940 120738 23338 140719 20164 586 1315 7398 5679 65 8236 1140 608 18537 39059 8992 857176 5017 1974 746 486 3681 10 124744 211372 434481 690 975 4229 9 176 215 1703 17512 6328 27270 16154 34506 2185 64395 151 494 762 4384 3374 81 181 495 452619 37 93688 144106 24200 2395 947 23694 16964
internal_value=-0.000655712 0.00781049 -0.0483396 0.00909206 -0.0518644 -0.0141096 -0.00522664 -0.05254 -0.0351367 -0.00600793 0.0111918 0.0101845 0.0110343 0.00521797 0.0183576 0.0071194 -0.0066973 0.0311157 0.00997049 0.0108432 0.0150292 -0.0531558 0.00822461 0.00446542 0.00781557 0.0209333 0.00580627 0.015433 0.00483643 0.00382043 -0.0313689 0.0138794 0.0102226 0.0160987 0.0142017 0.000914175 0.0146482 -0.00363224 0.00867469 0.0101383 0.00669813 0.0133506 0.0033368 -0.0044799 0.0113648 0.00324178 0.0159808 0.0148495 0.0177329 0.0106826 0.0250794 0.0307276 0.000962738 -0.0116852 -0.0033057 -0.00113021 -0.00324183 0.000584918 0.0139213 0.00706593 -0.00198603 0.000559861
internal_weight=1.52901e+07 1.29847e+07 2.30541e+06 1.18225e+07 1.90894e+06 33562.9 1.16217e+06 1.87537e+06 64086 24453.4 5.72682e+06 4.16556e+06 3.55692e+06 608639 451157 6.09571e+06 108938 84133.7 3.10576e+06 2.68079e+06 18737 1.81129e+06 4.1073e+06 424967 499702 66374.3 433327 367024 1.9884e+06 1.71258e+06 396474 1.56126e+06 569771 349281 335601 220490 54837.1 165653 3.8676e+06 2.22212e+06 1.64547e+06 552334 1.09314e+06 172011 2.05011e+06 64077.1 991488 881848 521197 360651 109640 81333.5 239706 451043 101429 711127 521951 300226 48522.9 43147 251703 223842
internal_count=10286555 1680689 8605866 678567 7559893 71006 1002122 7488887 184221 43502 99463 81604 68406 13198 8081 579104 2606 673 60325 39814 17932 7304666 182098 20511 10592 1232 9360 7408 397006 336116 1045973 17859 7893 4824 4238 3069 1190 1879 176586 90420 86166 24390 61776 8513 81907 1291 9966 9014 5146 3868 952 871 5512 575390 122771 426732 333044 188938 27542 25147 161396 137702
is_linear=0
shrinkage=0.05


Tree=42
num_leaves=63
num_cat=0
split_feature=15 15 15 16 14 2 2 15 0 16 16 3 11 0 10 2 10 27 13 15 16 3 17 22 17 0 0 14 13 3 15 2 17 14 16 10 13 15 18 6 19 11 3 3 19 3 12 28 16 3 2 2 23 3 27 13 0 16 3 23 28 13
split_gain=2.31757e+06 82904.1 50369.2 20611.5 20512.8 22036.7 12069.7 9091.59 7900.45 6881.82 6713.91 6039.42 6020.42 5775.1 6097.25 5681.92 5639.98 8705.88 7315.57 5636.44 5345.45 5241.25 5933.55 5066.97 4862.44 4220.98 3931.51 3924.41 3901.06 3759.23 3660.31 3654.74 3818.73 3616.61 3560.86 6483.97 4550.49 3523.69 3505.33 3454.17 3415.67 3596.87 3354.26 6393.59 5134.46 3235.68 3146.03 3073.24 3023.53 3004.93 3004.68 2959.9 2927.31 2913.79 2885.85 2874.73 2864.22 2927.32 2841.52 7396.72 4294.86 2826.97
threshold=0.20973241771252668 1.7661884363455045 0.037750099754887995 10.750608801827498 17615.500000000004 2.5000000000000004 1.5000000000000002 0.58890753169276666 8.5000000000000018 10.750608801827498 44.113525873693668 2.5000000000000004 0.6830127018922193 17.500000000000004 -0.24999999999999994 8.5000000000000018 -0.24999999999999994 1.0000000180025095e-35 -0.5 0.097095648434528059 1.211824228160977 2.5000000000000004 315.50000000000006 548.64285278320324 1227.0000000000002 18.500000000000004 9.5000000000000018 16101.000000000002 0.1294095225512602 5.5000000000000009 0.015359672438831308 11.500000000000002 85.500000000000014 16186.500000000002 0.60451772725248853 0.68301270189221941 0.25881904510252057 169.25862785763439 29.500000000000004 1.0000000180025095e-35 45.500000000000007 0.6830127018922193 4.5000000000000009 3.5000000000000004 2440.0000000000005 5.5000000000000009 -0.60355339059327362 1101.5000000000002 2.9145443521297407 4.5000000000000009 11.500000000000002 8.5000000000000018 14.107142925262453 5.5000000000000009 1.0000000180025095e-35 -0.37940952255126015 17.500000000000004 0.9894773750645901 5.5000000000000009 686.46429443359386 1153.5000000000002 -0.70710678118654757
decision_type=2 2 2 2 2 2 2 2 2 2 2 2 2 2 2 2 2 2 2 2 2 2 2 2 2 2 2 2 2 2 2 2 2 2 2 2 2 2 2 2 2 2 2 2 2 2 2 2 2 2 2 2 2 2 2 2 2 2 2 2 2 2
left_child=2 7 4 16 9 6 -6 38 12 30 11 13 15 23 -15 21 17 29 -19 -4 -18 -5 -23 -10 26 40 -13 -14 48 55 34 32 -9 47 -1 -36 -37 -20 50 45 41 -22 43 -29 -44 -27 56 -12 -8 -33 51 -2 -40 -52 -53 -3 57 -34 60 -60 -35 -54
right_child=1 3 19 8 5 -7 28 31 10 -11 33 24 27 14 -16 -17 20 18 37 -21 25 22 -24 -25 -26 39 -28 42 -30 -31 -32 49 46 58 35 36 -38 -39 52 -41 -42 -43 44 -45 -46 -47 -48 -49 -50 -51 53 54 61 -55 -56 -57 -58 -59 59 -61 -62 -63
leaf_value=-0.054363973475216737 -0.014122475803950849 0.009666252373524524 -0.037749858291174741 0.014710498385919686 -0.05404387907215677 -0.05228022533440807 0.084474564902281224 -0.0022906544204122441 0.0068703861427295149 0.007174662619509802 0.010365509409662915 0.00035756043460944754 -0.018304980487066091 0.0083468883151599921 -0.0063016207048277387 -0.011271557851257698 -0.0019472731611176266 0.0024950517215582575 0.010990822413089303 -0.025999746299417977 0.0060304003391829673 0.0041450504038000975 0.014644922510542668 -0.046203958491525948 -0.0219702413942508 -0.0047787489721520492 0.0097299902193223337 0.018858255569231135 0.0085027630409309479 0.076722387910640344 -0.046547526723938408 -0.026328766814724493 0.028038630230658224 0.0090271864255562738 -0.054689344927422681 0.017772360192944824 -0.036635091942924712 -0.040049222857308116 0.018918349370707986 -0.025907431998413125 0.011351627060471776 0.00078518928416048566 0.029672436849120916 0.0024455000371505602 -0.012838026074798468 0.017285386026363894 -0.013712186704787271 -0.006778734170934244 0.02555546535071512 0.0010038929737271392 -0.036203773078505509 0.030694628335277092 0.32442853299001956 0.0044175513342968875 -0.0055080391154836376 0.046871599237207587 -0.015359810309656561 0.26641105488452788 0.016224817287482162 -0.0092192042221535941 0.013126042895743067 0.061802544213839364
leaf_weight=1476119.5962725133 275504.55570870638 10718.10774576664 232993.35077527165 592084.36957538128 6109.4618198722601 31309.420094713569 3832.2044033706188 551530.44058632851 878553.53323924541 4742.6306335031986 49500.43200480938 118818.91515564919 7592.2557301521301 108056.41569697857 207352.8940486908 28293.571520805359 344575.80414289236 450509.09805703163 667611.91178166866 181627.21785965562 1226861.0969247818 364855.14231753349 213161.3126449585 4519.9736366271973 12602.063091278076 94486.243103742599 1919305.8672516346 329659.49676120281 13797.86113037169 4814.5048263072968 187555.25291307271 29329.99093234539 182.50825297832489 2233198.6435619593 26938.037245318294 6492.5225191712379 9417.1057289987803 3398.6298599243164 1019.1529414057732 15697.238047719002 213302.20838451385 445539.28084981441 88945.160127282143 72361.824392318726 7719.2550582885742 20161.685886144638 531.64609622955322 55388.241141557693 5043.4492416381836 15301.234042227268 24423.582535713911 6551.3556649684906 181.48560810089111 5388.2931907176971 34451.922676354647 10070.472257852554 215.08313572406769 438.1280198097229 414284.00452435017 30678.101181030273 895324.67062556744 235.44671452045441
leaf_count=6341356 393356 2426 754854 6319 23308 121533 2874 402841 34816 4782 2118 4232 164 5891 12850 421 113786 84646 88028 431167 156576 6101 1252 46 165 23899 80432 3017 15486 846 725668 30397 77 42569 104445 9695 26294 84 822 4383 14694 63599 1199 666 24 3871 233 2824 987 12427 39040 8871 6 7487 45777 1858 100 38 6488 139 12150 55
internal_value=-0.00063435 0.00732688 -0.0482903 0.00843743 -0.0519623 -0.0232492 0.00833003 -0.00693558 0.00975074 -0.0529706 0.00900039 0.00734421 0.0128001 0.00452441 -0.00128316 0.0108687 0.00520548 0.00808158 0.00742344 -0.0326027 0.00380787 0.0114041 0.00801721 0.00659872 0.00899215 0.00479152 0.0091836 0.0173717 0.0251373 0.0369105 -0.0531378 -0.00319475 -0.00208374 0.0104633 -0.0539515 -0.0397416 -0.0144318 0.0107323 -0.0133632 -0.00391038 0.00539302 0.00463304 0.0179149 0.0159041 0.0262777 -0.000898552 0.0813675 0.00131216 0.050996 -0.016958 -0.0136865 -0.0122571 0.0645888 -0.0288616 0.000276231 0.0276898 0.141853 0.196338 0.0107319 0.0144706 0.0102002 0.176183
internal_weight=1.52713e+07 1.30853e+07 2.18598e+06 1.214e+07 1.77136e+06 60092.4 28783 945285 8.63226e+06 1.71127e+06 6.92758e+06 3.24921e+06 1.70467e+06 1.19848e+06 315409 1.19839e+06 3.50775e+06 1.14712e+06 1.12152e+06 414621 2.36062e+06 1.1701e+06 578016 883074 2.05073e+06 2.01605e+06 2.03812e+06 506278 22673.5 25603.1 1.70652e+06 597529 552898 3.67837e+06 1.51897e+06 42847.7 15909.6 671011 347756 130345 1.8857e+06 1.6724e+06 498686 402021 96664.4 114648 1367.37 104889 8875.65 44631.2 346320 316508 1436.09 29811.9 41003.3 20788.6 835.719 620.636 3.57349e+06 444962 3.12852e+06 416.932
internal_count=10286555 1724106 8562449 782579 7376428 164188 42655 941527 223883 7212240 204720 138432 19163 53603 18741 14093 558696 177888 172758 1186021 380808 13672 7353 34862 84829 267022 84664 5070 19347 5130 7207458 446113 403289 66288 6481790 140434 35989 88112 495414 32153 234869 220175 4906 3683 1223 27770 448 4942 3861 42824 494531 448004 883 46527 54648 4284 215 115 61346 6627 54719 61
is_linear=0
shrinkage=0.05


Tree=43
num_leaves=63
num_cat=0
split_feature=15 15 15 16 10 16 11 15 14 14 0 21 6 18 23 26 10 10 24 19 10 10 18 10 28 28 11 23 17 24 14 14 15 13 15 28 11 21 4 24 10 0 4 11 0 10 17 17 18 12 19 23 17 16 11 10 11 8 17 5 4 18
split_gain=2.17576e+06 85335.6 39864.3 21076.5 21433.2 18742.6 10568.6 10223 7165.64 5760.32 5647.51 8368.7 6902.44 5453.65 5652.16 10244.3 5444.26 5416.72 7062.27 5262.78 5111.46 5095.37 5090.54 7337.69 5862.98 5435.24 4765.12 4684.86 4504.55 4396.56 4112.75 4056.18 3753.05 3724.14 3321.64 3278.93 3188.78 3534.86 4328.79 3160 3158.55 2865.24 4712.17 5786.24 4862.14 4419.34 3550.51 5921.32 4085.63 4599.79 3347.05 3343.82 3017.58 2851.03 6486.23 9649.64 2662.98 3829.78 3830.63 2846.3 2753.49 3802.7
threshold=0.1715921745016267 1.6787842515441695 0.035003805175038059 0.80809066741373015 0.68301270189221941 10.750608801827498 0.25000000000000017 0.54179669583516954 17670.500000000004 17655.500000000004 7.5000000000000009 1275.0000000000002 1.0000000180025095e-35 15.500000000000002 1.0000000180025095e-35 3.6483470201492314 0.68301270189221941 -0.5 208.51666259765628 1.0000000180025095e-35 -0.6830127018922193 -0.93301270189221919 56.500000000000007 -0.93301270189221919 1369.5000000000002 283.50000000000006 0.6830127018922193 16.535714149475101 2013.0000000000002 88.866668701171889 17656.500000000004 16549.500000000004 0.073540918714903827 0.91597561503675351 0.012322136102033145 1109.5000000000002 0.93301270189221952 1.0000000180025095e-35 1.0000000180025095e-35 1.0000000180025095e-35 -0.5 10.500000000000002 1.0000000180025095e-35 -0.9330127018922193 7.5000000000000009 -0.6830127018922193 464.00000000000006 357.00000000000006 1390.5000000000002 -0.98296291314453399 1390.5000000000002 241.89286041259768 371.50000000000006 10.750608801827498 0.25000000000000017 0.68301270189221941 -0.9330127018922193 -1.0000000180025095e-35 89.500000000000014 1.0000000180025095e-35 1.0000000180025095e-35 1.0000000180025095e-35
decision_type=2 2 2 2 2 2 2 2 2 2 2 2 2 2 2 2 2 2 2 2 2 2 2 2 2 2 2 2 2 2 2 2 2 2 2 2 2 2 2 2 2 2 2 2 2 2 2 2 2 2 2 2 2 2 2 2 2 2 2 2 2 2
left_child=2 7 3 9 -5 13 -6 27 10 34 11 12 20 14 17 -16 -11 -3 30 -15 -7 -4 24 -24 25 -12 29 40 -25 -17 -19 -28 -23 39 -1 -13 56 -38 -39 -8 -2 42 44 51 -10 -45 47 50 49 -48 -43 -44 -49 -42 -55 -56 57 60 -59 -58 61 -9
right_child=1 5 21 4 6 8 33 36 41 16 22 35 -14 19 15 26 -18 18 -20 -21 -22 32 23 28 -26 -27 31 -29 -30 -31 -32 -33 -34 -35 -36 -37 37 38 -40 -41 53 46 43 45 -46 -47 48 52 -50 -51 -52 -53 -54 54 55 -57 59 58 -60 -61 -62 -63
leaf_value=-0.054184530844923376 -0.0057337888757129822 0.027835390275690871 0.0067236064760590802 -0.052523841763756032 -0.051740768236476914 0.0012640218924333364 0.028369906371156179 0.052630780848512804 0.0099253955245504413 -0.053543527607905698 -0.00043003693219274781 0.096540103369090288 -0.0094964573954648412 0.0062481256898568403 -0.0057951558685249011 0.0061484138374104866 0.019414957109477819 0.0046379793318423674 0.20766497298061892 0.016665103172718448 0.016738684205173361 -0.040019387838660658 -0.013992891013336551 0.010246409960766686 0.024828444541536477 0.0074942382339888806 -0.0082783572841670997 0.17824131600846294 0.028370459902784952 -0.0073655380653583754 0.016950279474464102 0.0023706842592905106 -0.02986463687213288 -0.020648820177535544 -0.047237868581782971 0.028839265809537076 -0.022192072470898598 -0.020589925805738683 0.063846321019596558 -0.054233169484203397 -0.017857455553978354 0.011915577093936001 0.016849077007987989 -0.024621921579546919 0.0214506618614566 0.012834275280399338 -0.020953191331986656 0.076342423389962333 0.033973903473621683 0.0050392157353149379 -0.0063577921450497267 -0.055553707983297909 0.028730969001475665 -0.029119273230154525 -0.042138184625411683 0.14013600902081408 -0.00048230038103864623 -0.02594576088810437 0.30184119481272592 -0.017215425951278462 -0.010146080283959046 -0.014294775512667002
leaf_weight=1393292.5147033334 79551.611596882343 36207.602859735489 7597.7005551457405 37007.415782079101 7432.6448832601309 61963.931872844696 22029.203260689974 4983.9088891744614 134336.50536727905 4930.4371595531702 227548.019734025 4102.3938789367676 31863.870898008347 415890.31495785713 286134.28973388672 1590303.6144639254 5311.3498411625624 302979.85724043846 440.59812545776367 171142.63946795464 384489.41468071938 171959.2084389329 30921.466558933258 2148146.8933036327 47139.581560134888 4412865.8375852108 109082.43147695065 315.42366647720337 34839.436954498291 62551.853235244751 87389.343520700932 496087.0448923111 193253.59775814414 5834.6666838228703 196354.69844558835 3171.44016456604 38098.523796021938 3253.0262092351913 2845.5902538299561 1221.8984917104244 268180.517798841 636325.33031249046 2211.6792316436768 8718.8819694519043 287053.89657402039 81346.560465812683 21769.123001098633 4102.1924200057983 9326.9609069824219 78036.061218261719 26085.922485351562 5714.8695755004883 17636.783887863159 3750.8493980467319 1190.2830183207989 1861.5668357610703 466615.15179026127 30200.943691849709 89.292594313621521 26877.454492807388 18027.196598351002 3696.6352424025536
leaf_count=6276546 117939 6439 20306 144511 27253 1181 14898 3301 281 20833 12891 26 815 42684 102188 236154 6724 72471 4 13356 6713 605338 606 33228 2225 149345 17447 57 126 1835 9785 74641 524728 5897 811783 27 39503 3577 1827 2501 428514 12892 55 96 2104 634 150 43 35 684 141 28 225 5210 1682 809 357022 26250 14 21211 13899 2867
internal_value=-0.000613061 0.00681978 -0.0485887 -0.0518827 -0.0257072 0.00793837 0.00146842 -0.00762057 0.00918874 -0.0530857 0.00858384 0.0137958 0.0129863 0.00488125 0.00401115 0.00311771 -0.0157072 0.00933423 0.00762012 0.00928509 0.0145909 -0.0338029 0.00821712 0.0101931 0.00728389 0.00710566 0.00424714 -0.0143368 0.0105357 0.00563698 0.00739427 0.000451174 -0.034646 0.0150659 -0.0533265 0.0670236 -0.00361299 -0.0165346 0.0188073 0.0240285 -0.0145082 0.0125929 0.0154799 0.00560373 0.0177765 0.00920821 0.0107027 0.0120386 0.0023273 -0.000630113 0.011196 -0.0353512 0.0377159 -0.0170466 0.014919 0.0690447 -0.00257554 -0.0128082 -0.0249783 -0.00139366 0.000994161 0.0241299
internal_weight=1.52537e+07 1.32075e+07 2.04623e+06 1.67341e+06 73525.8 1.22579e+07 36518.4 949538 8.69972e+06 1.59989e+06 7.38705e+06 485591 478317 3.55821e+06 2.97118e+06 2.54416e+06 10241.8 427017 390810 587033 446453 372811 6.90146e+06 2.21391e+06 4.68755e+06 4.64041e+06 2.25802e+06 354850 2.18299e+06 1.65286e+06 390369 605169 365213 29085.8 1.58965e+06 7273.83 594688 44197.1 6098.62 23251.1 354535 1.31266e+06 519382 97992 421390 90065.4 793282 684150 109132 99805.2 662411 7926.55 21739 274983 6802.7 3051.85 550491 56998 30290.2 493493 26707.7 8680.54
internal_count=10286555 1825237 8461318 7310946 195060 801555 50549 1023682 224551 7115886 207183 8762 8709 577004 520964 432265 27557 88699 82260 56040 7894 1150372 198421 33960 164461 162236 330077 554211 33354 237989 82256 92088 1130066 23296 7088329 53 469471 44907 5404 17399 554154 17368 3198 813 2385 730 14170 13301 869 834 13033 83 268 436215 7701 2491 424564 46331 26264 378233 20067 6168
is_linear=0
shrinkage=0.05


Tree=44
num_leaves=63
num_cat=0
split_feature=15 15 15 14 16 13 19 15 16 23 26 0 1 6 20 25 20 23 21 0 18 1 3 6 27 12 26 14 19 15 9 6 18 14 15 16 15 21 23 14 22 23 15 27 1 26 1 26 23 26 6 19 17 19 27 25 21 3 13 1 15 1
split_gain=2.04381e+06 76742.8 40892.6 21407.1 18410.7 8162.15 8056.67 7568.93 6814.83 6341.85 8406.13 6213.48 6027.44 5953.61 7457.22 5741.7 8467.4 6044.91 5510.39 5447.56 5414.45 5121.35 9492.83 4881.19 4782.37 4647.79 4426.88 4062.87 4037.8 3977.33 3967.85 3859.16 3786.07 3616.82 3331.95 3892.27 3252.38 3176.53 4955.43 3143.42 3118.6 3111.5 3104.45 3028.96 2990.77 2962.46 3304.47 2884.98 3183.26 2878 2870.66 2796.27 2765.19 2718.67 2604.45 19540.4 2493.6 4231.09 2404.97 2738.6 2176.51 2112.87
threshold=0.1715921745016267 1.3952956424626799 0.035003805175038059 17615.500000000004 6.3428096848767614 0.25881904510252057 45.500000000000007 0.45581398489944219 10.750608801827498 1.0000000180025095e-35 20.593528747558597 8.5000000000000018 2024.5000000000002 1.0000000180025095e-35 5.5000000000000009 243.41337585449222 681.00000000000011 92.285713195800795 549.50000000000011 18.500000000000004 18.500000000000004 2024.5000000000002 3.5000000000000004 1.0000000180025095e-35 289.85060119628912 1.0000000180025095e-35 522.97485351562511 17599.000000000004 10.500000000000002 0.073540918714903827 -0.56174490092936669 1.0000000180025095e-35 1259.5000000000002 17668.500000000004 0.013344462993878689 0.57146544730437354 74.994101756386655 19.500000000000004 131.92857360839847 17664.500000000004 2.3571429252624516 1.0000000180025095e-35 2.0958623036903785 164.84938049316409 2024.5000000000002 1.0000000180025095e-35 2024.5000000000002 10.280275344848635 138.46427917480472 1.5082148313522341 1.0000000180025095e-35 317.50000000000006 1746.0000000000002 315.00000000000006 289.85060119628912 426.26458740234381 1.5000000000000002 3.5000000000000004 1.0000000180025095e-35 2024.5000000000002 0.0020429030507908689 2024.5000000000002
decision_type=2 2 2 2 2 2 2 2 2 2 2 2 2 2 2 2 2 2 2 2 2 2 2 2 2 2 2 2 2 2 2 2 2 2 2 2 2 2 2 2 2 2 2 2 2 2 2 2 2 2 2 2 2 2 2 2 2 2 2 2 2 2
left_child=2 7 3 8 20 12 9 -2 34 13 11 33 -5 21 -15 16 42 18 31 23 27 22 -6 -12 -16 -23 28 37 43 -4 52 -17 -21 -11 35 -1 -13 54 -39 -7 45 -29 -8 -22 -44 50 -47 -43 -49 -48 56 -18 -19 -32 55 -3 -9 -58 59 -37 -14 -30
right_child=1 4 29 5 6 39 15 40 -10 10 19 36 60 14 24 17 51 30 -20 32 26 25 -24 -25 -26 -27 -28 41 61 -31 53 -33 -34 -35 -36 58 -38 38 -40 -41 -42 47 44 -45 -46 46 49 48 -50 -51 -52 -53 -54 -55 -56 -57 57 -59 -60 -61 -62 -63
leaf_value=-0.054312386702551889 -0.01487012733802829 -0.00089236375521405001 -0.038674416098506942 -0.051356163214173481 -0.0066532462740821795 -0.039714446892889228 0.10775772823950519 -2.2227447944889805e-05 0.0070669440775034623 0.015139664983238935 0.0076495433079951164 0.0011711431307030848 0.031708990030391786 -0.041630458340004388 0.0036865794326161683 0.018755365851106483 -0.024575088973998859 0.0070581789191669214 0.10555476914441014 0.0026152113590474321 0.0075140753175096794 0.013089148685916124 0.018645447963989335 0.013179244005562168 0.11727448565899828 0.024893588056616761 0.15635312537938154 0.010069027699185714 0.038043841612541512 -0.028172372527225816 0.018803129861773807 0.072807039652115907 0.047448025399238258 0.079523271326421008 -0.046596996628557798 -0.054065992161826351 -0.013438579854471625 0.0083038204680924554 0.10796844634305525 -0.0042917805681763422 0.0039705852999228864 -4.2936647392373986e-05 0.014055232190873266 -0.017020913626827658 0.0081115469494804898 -0.020413707629499782 -0.012783394908515584 0.0054631092644678581 -0.019255132659290634 -0.002425892467054892 -0.027514762634541376 -0.0022192556600993227 0.016932162931702275 0.012659763404197506 -0.035413895448293535 0.30509477184848977 -0.016006155887802929 0.059497107313212096 -0.046918218054459941 -0.0049418605301681413 -0.048800017307533083 0.015589196787604452
leaf_weight=1315543.4100750685 284811.07257401943 744013.7133488059 169533.84245948493 3207.0631931871176 75422.100523412228 33477.448411613703 797.35697674751282 117062.49869763851 4737.4652022719383 52058.796115636826 4346127.1067130566 567574.2110490799 11249.991472035646 11067.500741958618 20998.948175191879 17259.14305973053 20630.585625648499 432834.46499061584 2649.1518096923828 565753.93830895424 252985.16504275799 273748.71978068352 72938.840631902218 439436.91790676117 969.34445190429688 119916.10577106476 512.49662590026855 209106.23418879509 12272.180871605873 192561.73131495714 232137.08161830902 4083.7222108840942 4748.5324420928955 2276.6531772613525 179800.84088002145 4194.2017969042063 40834.611185073853 70817.541540682316 1269.4791450500488 7704.6957387030125 85199.609814703465 397838.20709002018 252803.340082407 13237.484382152557 1300126.3831510544 53118.266003608704 115937.77250427008 863928.8826622963 13224.188902854919 159118.69305044413 8953.9230071902275 43439.7956199646 84798.094192504883 803263.34379482269 5435.5820112228394 522.02063751220703 3092.2525861263275 4638.7512753009796 27785.032485187054 8768.9708455204964 907.04194036126137 71597.645603060722
leaf_count=6233062 473737 218598 616158 10860 5607 123361 107 112920 4766 3932 112453 63788 9088 975 994 379 346 2958 39 31019 33540 18056 4473 10951 10 5547 7 46422 899 534214 1852 83 47 54 768098 16495 1141 12801 32 14587 60364 116897 6490 457 33960 53471 115560 117140 441 130817 8280 448 154 4330 197 5 3348 3079 106648 20655 3326 6032
internal_value=-0.000592317 0.00644254 -0.0482606 -0.0516995 0.00742536 -0.0214844 0.00842723 -0.00826004 -0.0528084 0.00742875 0.00694945 0.00163738 0.00961605 0.0124453 -0.00816184 0.010488 0.00839523 0.0126349 0.0375409 0.00760674 0.003734 0.0137013 0.00578435 0.00815731 0.00869935 0.016685 0.00952304 0.00285389 0.00930804 -0.0330895 0.0122501 0.0290981 0.00298839 0.0178376 -0.0529931 -0.053841 0.000190571 3.40585e-05 0.0100592 -0.0330874 -0.00481907 0.00441582 0.00912978 0.00629409 0.00907913 -0.0064403 -0.00899654 0.00348866 0.00509044 -0.00679166 -0.000168028 -0.00941791 0.00867574 0.0140371 -0.000929547 -0.000677778 0.00179408 0.0292968 -0.0386211 -0.0208365 0.0257014 0.018875
internal_weight=1.52369e+07 1.32774e+07 1.95947e+06 1.59738e+06 1.24455e+07 56546.2 9.78869e+06 831933 1.54083e+06 6.59387e+06 6.01881e+06 662744 15364.1 575062 33035.8 3.19482e+06 1.6178e+06 1.57703e+06 23992 5.35607e+06 2.65676e+06 542026 148361 4.78556e+06 21968.3 393665 350605 2.30616e+06 350092 362096 1.55303e+06 21342.9 570502 54335.4 1.53609e+06 1.35629e+06 608409 822058 72087 41182.1 547122 1.4841e+06 1.55373e+06 266223 1.55293e+06 461922 328175 1.27499e+06 877153 275056 133747 64070.4 517633 1.0354e+06 749971 744536 124794 7731 40748.2 12963.2 12157 83869.8
internal_count=10286555 1825237 8461318 7310946 863661 161222 310193 961576 7149724 259047 223385 68915 23274 35662 1979 51146 41351 9795 501 154470 553468 33683 10080 123404 1004 23603 40935 512533 40928 1150372 9294 462 31066 3986 7144958 6376860 64929 231633 12833 137948 487839 280900 40557 33997 40450 427475 299848 234478 117581 246377 127627 794 3112 6182 218800 218603 119347 6427 143798 37150 12414 6931
is_linear=0
shrinkage=0.05


Tree=45
num_leaves=63
num_cat=0
split_feature=15 15 15 14 10 15 2 15 3 0 10 19 0 9 15 6 0 10 25 14 1 10 28 2 25 21 2 14 2 13 15 21 17 27 20 15 13 25 21 15 10 6 0 0 23 10 3 2 2 27 21 21 8 8 23 25 28 27 14 23 10 13
split_gain=1.91977e+06 68977.1 41895.6 21658.3 20274.7 16043.2 10375.3 7061.06 6338.15 6321.09 6115.46 6256.93 5635.01 5527.32 5176.51 5004.23 6788.92 5001.99 4960.31 4620.2 4556.51 6372.6 5288.7 4386.04 4505.66 4238.35 4159.39 11394.6 12952.2 6574.33 4249.42 4156.46 4098.6 4280.41 4077.41 3846.71 3772.07 4013.87 3754.11 3713.68 3558.88 3640.35 3556.84 4395.67 3336.61 3162.5 3778.42 3441.53 5179.85 6088.57 3280.81 3066.72 3022.12 3403.73 2897.28 2877.46 2779.24 3786.18 2699.44 2506.06 2408.08 2324.81
threshold=0.1715921745016267 1.3952956424626799 0.035003805175038059 17615.500000000004 0.68301270189221941 23.958946697927825 2.5000000000000004 0.40116914460053282 5.5000000000000009 16.500000000000004 -0.93301270189221919 35.500000000000007 8.5000000000000018 -0.56174490092936669 5.7108472602524172 1.0000000180025095e-35 20.500000000000004 -0.93301270189221919 0.18898900214162498 17670.500000000004 2024.5000000000002 -1.0000000180025095e-35 1101.5000000000002 5.5000000000000009 218.68495941162112 7.5000000000000009 2.5000000000000004 15446.000000000002 1.5000000000000002 0.25881904510252057 0.0020429030507908689 782.50000000000011 142.50000000000003 224.0469665527344 267.50000000000006 0.010138561482374872 -0.5 518.76980590820324 2586.5000000000005 0.083793794710545336 -0.93301270189221919 1.0000000180025095e-35 1.0000000180025095e-35 9.5000000000000018 14.892857074737551 -0.93301270189221919 2.5000000000000004 1.5000000000000002 2.5000000000000004 1.0000000180025095e-35 1.5000000000000002 2586.5000000000005 1.0000000180025095e-35 0.87837969732492682 1.0000000180025095e-35 121.15888595581056 1230.5000000000002 101.9955291748047 15984.500000000002 82.464286804199233 -0.93301270189221919 0.91597561503675351
decision_type=2 2 2 2 2 2 2 2 2 2 2 2 2 2 2 2 2 2 2 2 2 2 2 2 2 2 2 2 2 2 2 2 2 2 2 2 2 2 2 2 2 2 2 2 2 2 2 2 2 2 2 2 2 2 2 2 2 2 2 2 2 2
left_child=2 7 3 26 -5 8 54 60 12 25 44 19 32 51 40 18 -17 -4 31 20 22 -22 -12 24 -15 42 27 -1 -29 30 -30 -11 33 -3 -20 -28 37 -21 -38 -19 -14 -42 -10 -44 -7 -9 -47 -48 49 -49 -50 -13 -46 55 61 -54 57 -16 -25 -58 -2 -6
right_child=1 5 17 4 6 10 -8 45 9 15 11 13 14 23 56 16 -18 39 34 36 21 -23 -24 58 -26 -27 35 28 29 -31 -32 -33 -34 -35 -36 -37 38 -39 -40 -41 41 -43 43 -45 52 46 47 48 50 -51 -52 -53 53 -55 -56 -57 59 -59 -60 -61 -62 -63
leaf_value=-0.053347648885288014 0.019593696124372766 0.0069782209237753291 0.0081881283814386197 -0.051704839125827323 0.034771814193938703 0.01873347675318068 -0.054709746510108272 0.019133335227243892 0.024829033828542919 0.028196153987598817 0.0061181778653686637 0.0066632230457247367 0.02085772059454984 0.0058436126892188883 0.0035527114331861398 -0.030873629458853882 0.042816634747373683 -0.037896133931514669 0.011316498538928531 0.0094308996424177314 0.010959469174645936 0.0063380995282358386 -0.0018053077702683117 -0.039975108125113977 0.012332728837237 0.018100561389033997 -0.055149771676218623 -0.054140592475691578 0.021018612236029577 -0.029894937611088114 -0.039596694902097468 0.27665156197351431 0.037938291338972273 0.16607015686660023 0.11377185976321738 -0.047223672700745949 0.015276676027309775 -0.005759727665050389 -0.010067366876412579 -0.027450810885202809 -0.002808943405771128 0.0081513857823026416 -0.0080927976520964728 0.005355243882077477 -0.016541465645126454 -0.010386660949435604 -0.01813403030617455 0.099794116248852469 -0.0043168025274763697 0.012479447145114184 0.016989048887078844 0.028265745513157643 -0.0078083579603400724 -0.01637463858849646 -0.055546061575834998 0.018083926884707984 0.0076227940953005257 -0.0075181196777148601 0.013812250350819727 0.037678495257373296 -0.015960857498954064 -0.007699792184731733
leaf_weight=202619.73129960895 4862.5667947232723 555025.43515068293 7442.0480691343546 27152.882883056998 18036.218235343695 15540.936407089233 5244.9126430600882 13284.406152188778 17301.407070994377 69094.657723546028 698062.28654384613 1001298.341152668 18008.507068037987 516458.08013153076 1224716.1772553921 11643.774189949036 4272.1682611703873 191037.77308051288 123954.50672578812 281394.0087480545 998427.63373470306 2950076.0419487953 301583.27227592468 2337.4879245758057 554941.73924827576 52781.158657431602 1010810.3993400484 33030.285902053118 15325.947336181998 23874.776036903262 3563.5607174634933 168.64912700653076 10987.14109814167 423.01925849914551 978.66142654418945 180414.90160797536 380875.27021312714 51434.47469329834 15194.102645874023 153455.84671932459 700170.75988018513 84950.744474112988 85106.450161337852 212443.16943269968 41925.526969909668 237135.25946208835 30698.969413161278 2134.0731760859489 257163.41237598658 30968.538620650768 19433.809602677822 16702.885486602783 17322.263764381409 20335.110757827759 1111.7218399345875 28195.278244972229 264875.93259882927 82426.40899515152 1099043.8477396965 7121.9893321990967 230567.85595571995 3922.5500807613134
leaf_count=992743 6854 113399 20306 119495 12654 635 22568 9252 2240 11068 19030 14537 5427 11604 148709 2325 456 703925 16789 6132 25967 76293 8416 123 3644 7052 5038848 158201 38432 88770 13882 4 821 19 46 818848 4587 391 53 426141 248584 26449 19613 36165 996 228209 30336 1132 237858 26346 15292 32 575 482 2655 401 29269 5649 15391 288 406297 3850
internal_value=-0.000571942 0.00608801 -0.0479174 -0.0515058 -0.0208355 0.0070116 0.00876644 -0.00790422 0.00415339 0.00894223 0.00813263 0.0082864 0.0032151 0.010058 0.00214928 0.0158602 -0.0110932 -0.0323671 0.0180693 0.0072907 0.00674324 0.00750667 0.00372773 0.0114824 0.00920472 0.00498838 -0.0526633 -0.047161 -0.0306223 -0.012457 0.00958294 0.0288016 0.00769762 0.00709942 0.0121192 -0.0539493 0.0110072 0.00708336 0.0143044 -0.0332433 -0.00111893 -0.00162302 0.00279026 0.00150876 -0.00292518 -0.00498641 -0.00554123 -0.00216569 -0.000582809 0.0181089 -0.00281982 0.00701767 -0.00604829 0.000632202 0.0231977 0.00823019 0.00381145 0.0028546 0.0136981 0.0084098 -0.0152265 0.0271848
internal_weight=1.52209e+07 1.33438e+07 1.87704e+06 1.52511e+06 55468.3 1.25176e+07 28315.4 826249 3.52645e+06 577745 8.99115e+06 8.86783e+06 2.94871e+06 3.19078e+06 2.38227e+06 210112 15915.9 351936 194196 5.67705e+06 4.94815e+06 3.9485e+06 999646 2.17278e+06 1.0714e+06 367632 1.46964e+06 278414 75794.6 42764.3 18889.5 69263.3 566436 555448 124933 1.19123e+06 728898 332828 396069 344494 803130 785122 314851 297550 123319 590818 577534 340399 309700 33102.6 276597 1.018e+06 107778 65852.7 23070.5 45517.5 1.57914e+06 1.30714e+06 1.10138e+06 271998 235430 21958.8
internal_count=10286555 1825237 8461318 7310946 161222 863661 41727 961576 674372 95758 189289 186200 578614 45331 464375 30688 2781 1150372 27907 140869 129706 102260 27446 30762 15248 65070 7149724 1292028 299285 141084 52314 11072 114239 113418 16835 5857696 11163 6523 4640 1130066 280460 275033 58018 55778 3089 548425 539173 310964 280628 27478 253150 14569 2454 1458 19159 976 183915 154358 15514 29557 413151 16504
is_linear=0
shrinkage=0.05


Tree=46
num_leaves=63
num_cat=0
split_feature=15 15 15 14 10 15 11 15 19 10 26 26 10 25 24 0 10 28 14 17 22 21 0 20 17 23 21 11 24 28 15 11 22 10 10 11 14 8 21 4 14 10 11 13 15 11 1 10 19 18 11 26 24 8 28 18 11 8 24 24 10 8
split_gain=1.80354e+06 67220.6 37253 22396.7 19790.1 14331.1 8813.64 7979.35 6398.77 6685.68 4712.95 8884.74 4704.81 6005.8 7103.76 5805.55 4640.31 4342.06 8521.31 5302.05 4837.75 6642.71 5675.26 4697.76 4643.48 4321.44 4304.12 4301.13 7086.46 6164.08 3794.76 3738.38 3714.5 3575.29 6250.1 5482.76 8099.29 5871.25 5392.88 5335.32 3544.75 8638.29 15774 6435.63 3529.73 3504.62 4989.29 3489.83 5092.43 3777.73 3178.69 11704.4 3738.7 3171.37 4325.76 4104.87 3116.36 2758.31 2751.23 2505.44 5130.96 3576.47
threshold=0.15267815974179008 1.3952956424626799 0.028929356029471106 17615.500000000004 0.68301270189221941 14.198711026194831 0.25000000000000017 0.35267516357688117 43.500000000000007 -0.93301270189221919 1.0000000180025095e-35 3.4740008115768437 0.25000000000000011 218.68495941162112 123.46666717529298 17.500000000000004 -0.93301270189221919 409.50000000000006 17132.000000000004 132.50000000000003 1.0000000180025095e-35 1457.0000000000002 18.500000000000004 2127.0000000000005 1062.0000000000002 0.10714286193251611 701.50000000000011 0.25000000000000017 534.06668090820324 1109.5000000000002 0.06981750744584421 -0.5 2.3571429252624516 -0.24999999999999994 0.68301270189221941 0.25000000000000017 17656.500000000004 0.6078576107927941 1.5000000000000002 1.0000000180025095e-35 15348.500000000002 0.68301270189221941 0.25000000000000017 0.25881904510252057 0.0020429030507908689 0.6830127018922193 2024.5000000000002 -0.93301270189221919 1.0000000180025095e-35 18.500000000000004 0.25000000000000017 1.0000000180025095e-35 1.0000000180025095e-35 0.6078576107927941 1145.5000000000002 3457.0000000000005 0.93301270189221952 1.0000000180025095e-35 1.0000000180025095e-35 1.0000000180025095e-35 -0.24999999999999994 -1.0000000180025095e-35
decision_type=2 2 2 2 2 2 2 2 2 2 2 2 2 2 2 2 2 2 2 2 2 2 2 2 2 2 2 2 2 2 2 2 2 2 2 2 2 2 2 2 2 2 2 2 2 2 2 2 2 2 2 2 2 2 2 2 2 2 2 2 2 2
left_child=2 7 3 40 -5 10 -6 -2 17 57 33 -12 53 15 -15 -14 -4 19 27 25 21 -20 -22 24 -21 31 -27 28 -19 -29 -18 -7 45 58 38 37 -37 -36 -35 -40 -1 -42 -43 44 -44 46 -9 48 -13 56 52 -52 -48 55 -55 -11 -49 -10 -3 60 61 -47
right_child=1 5 16 4 6 8 -8 32 9 12 11 47 13 14 -16 -17 30 18 20 23 22 -23 -24 -25 -26 26 -28 29 -30 -31 -32 -33 -34 34 35 36 -38 -39 39 -41 41 42 43 -45 -46 59 50 49 -50 -51 51 -53 -54 54 -56 -57 -58 -59 -60 -61 -62 -63
leaf_value=-0.054195344131827507 -0.016258497955377156 0.030053470854579836 0.0052474806533305334 -0.051946797297564046 -0.05467932221048169 0.025064777291872675 0.021760006729576925 0.070296222383586238 -0.024153564917492737 0.010262236660506213 -0.005555456217344679 0.03111301323327291 0.0065053393166754686 0.026786901400271179 0.0092460876619602176 -0.0045794645488922139 -0.039317141716258226 0.0064132251416308466 0.012294108129693488 0.012537730900087335 0.0081476254190841063 -0.041170404118491682 0.0014870721836564825 0.057509013382695068 -0.0025371980648298399 0.0015651257135092991 0.014654285730218833 -0.012259243335587871 -0.035383299753221457 0.0028407935379529646 -0.028871211954792753 0.0068972140507206642 0.0042635393738900988 -0.0099647056938672908 -0.006259368648457996 0.01223279933781715 0.049812890290506902 0.023842253856652094 -0.0041336885942542005 0.049233120962160676 -0.053793104677652553 -0.053104477967573595 0.017648102307786257 -0.0306880631327161 -0.040072785925518863 0.055942295289570822 -0.027167910123756925 0.002965349962097354 -0.0092868081461941043 0.0088596849386430362 0.027392918042928899 -0.020574245421451108 -0.0051274798540960585 0.011827450322342958 0.02224946344150008 -0.019130714133872552 -0.0061740873347543275 0.00047682360363781652 0.01144664293717796 -0.015917337985576319 -0.020060948091118067 -0.020805043607351525
leaf_weight=1048555.7250711769 215134.94849097729 27016.977039933205 7574.6008144319057 24924.111417606473 4498.3035678714514 35599.39329624176 23321.68040317297 2230.2253177165985 18990.143209457397 1174418.7897386551 307322.16080540419 25715.023413538933 643171.58893156052 62505.082928657532 754072.37311553955 144694.23763561249 181382.31948551536 482102.94704008102 746909.0473241806 254243.20262670517 3050038.1857681274 5855.1076860427856 357286.04700231552 5180.3131866455078 63926.097913742065 1242215.9935343266 66150.554103851318 99240.239879369736 10358.965213775635 211883.19150400162 166996.91818250716 138404.69860863686 90581.827778339386 82427.90790861845 59650.012173175812 70633.383074760437 17989.029193282127 22238.209002614021 10527.292293787003 8436.2988699674606 216324.20597095788 57833.907524183393 16230.691159456968 23486.789254561067 3164.9542760103941 5554.7666454315186 20457.859420061111 1402302.8950413465 11196.13754427433 262401.47255599499 29670.516242474318 22257.365741193295 323401.29066669941 357941.32977294922 137931.94709634781 11999.420791625977 99916.812219440937 28314.468725681305 75069.929363131523 124161.5513317883 9500.4396414458752 2088.6246888041496
leaf_count=5458034 412325 7361 21743 115003 20591 1438 18908 1651 445 19015 122293 4865 16443 1073 4213 4033 729327 17205 29538 5297 82302 59 13991 23 509 49289 805 4516 66 7097 505381 6207 66542 28292 16489 17320 2362 6289 3428 1726 1100295 287372 41323 90491 12859 4473 25861 297222 2163 40009 25364 22544 312833 5710 1551 26 23910 610 18471 135320 12234 2420
internal_value=-0.000552196 0.0057065 -0.0479302 -0.0515597 -0.0195893 0.00662305 0.00939995 -0.00794474 0.00745942 0.0092524 0.00321958 0.0023022 0.00952101 0.00758392 0.0105888 0.00446957 -0.0334681 0.00657635 0.00734013 0.00447683 0.00825064 0.0118782 0.00744921 0.0102779 0.00950888 0.00321143 0.00222691 0.00262648 0.00553402 -0.00197571 -0.0343099 0.0106141 -0.00510528 0.0083925 0.00539693 0.0112426 0.0198611 0.00191522 -0.00443368 0.0196074 -0.0527945 -0.0481615 -0.0360657 -0.0130859 0.00822887 -0.00667883 -0.00427724 0.00364263 0.0188585 0.00332435 -0.00469749 0.0068331 -0.00643879 0.0113685 0.0147264 0.00996495 0.00235746 -0.00941082 0.016371 -0.0134434 0.00447366 0.0349698
internal_weight=1.52056e+07 1.34313e+07 1.77429e+06 1.41834e+06 52744.1 1.25863e+07 27820 845039 1.01034e+07 3.33404e+06 2.48284e+06 2.10885e+06 3.28673e+06 1.60444e+06 816577 787866 355954 6.76939e+06 4.96367e+06 1.80572e+06 4.16009e+06 752764 3.40732e+06 323350 318169 1.48237e+06 1.30837e+06 803585 492462 311123 348379 174004 629904 373989 271902 170511 88622.4 81888.2 101391 18963.6 1.3656e+06 317041 100716 42882.4 19395.6 539323 398017 1.80153e+06 36911.2 1.76462e+06 395787 51927.9 343859 1.68229e+06 495873 1.18642e+06 1.50222e+06 47304.6 102087 141305 17143.8 7643.39
internal_count=10286555 1885228 8401327 7144876 154502 863661 39499 1021567 271461 53119 592200 490462 52064 25762 5286 20476 1256451 218342 154774 63568 125890 29597 96293 5829 5806 57739 50094 28884 17271 11613 1234708 7645 609242 101738 75906 42460 19682 22778 33446 5154 6990374 1532340 432045 144673 54182 542700 388253 368169 7028 361141 386602 47908 338694 26302 7261 19041 321132 1055 25832 154447 19127 6893
is_linear=0
shrinkage=0.05


Tree=47
num_leaves=63
num_cat=0
split_feature=16 27 27 13 16 14 14 27 2 2 11 27 27 16 14 0 6 13 2 2 0 10 2 0 0 2 8 0 19 3 11 13 1 19 3 26 27 10 10 10 25 21 3 27 3 21 11 25 27 10 19 26 21 16 26 3 16 21 2 21 10 8
split_gain=1.49726e+06 100044 87531.2 20025.8 16562 14428.3 11607.6 9051.11 11958.5 10438.9 8692.79 8602.99 7764.08 7151.62 6870.74 6821.42 13627.7 10543.3 42506.3 34122.7 42091.1 13966.3 12544.1 22040.1 11808.1 7990.9 7335.36 6462.21 6430.7 6277.34 5188 4995.75 4839.16 5848.45 4502.99 4258.4 4361.72 4179.95 3815.31 3779.06 3739.69 6775.97 3735.91 3665.84 3647.95 5163.97 5168.21 4901.9 3662.7 7018.16 3578.36 3551.95 3462 5015.26 3457.72 3263.4 4203.17 3198.02 3027.95 2981.58 2953.49 3429.18
threshold=0.15617133551703352 2.6549667119979863 0.21814115345478061 0.60355339059327384 4.727522468333432 17609.500000000004 13165.000000000002 0.48718334734439855 2.5000000000000004 1.5000000000000002 1.0000000180025095e-35 1.0000000180025095e-35 0.64370155334472667 22.287635258195845 15278.500000000002 18.500000000000004 1.0000000180025095e-35 -0.5 3.5000000000000004 1.5000000000000002 14.500000000000002 0.68301270189221941 3.5000000000000004 17.500000000000004 14.500000000000002 4.5000000000000009 -0.8783796973249266 20.500000000000004 1462.0000000000002 5.5000000000000009 0.6830127018922193 0.25881904510252057 2024.5000000000002 1113.5000000000002 5.5000000000000009 7.7518165111541757 255.15137481689456 -0.93301270189221919 -0.24999999999999994 -0.93301270189221919 6.8103525638580331 1620.0000000000002 3.5000000000000004 14.469329357147219 2.5000000000000004 1.0000000180025095e-35 0.6830127018922193 1.0000000180025095e-35 1.0000000180025095e-35 0.68301270189221941 1.0000000180025095e-35 1.0000000180025095e-35 78.500000000000014 2.1510101157191679 1.0000000180025095e-35 1.5000000000000002 4.727522468333432 467.50000000000006 1.5000000000000002 1.0000000180025095e-35 -0.24999999999999994 1.0000000180025095e-35
decision_type=2 2 2 2 2 2 2 2 2 2 2 2 2 2 2 2 2 2 2 2 2 2 2 2 2 2 2 2 2 2 2 2 2 2 2 2 2 2 2 2 2 2 2 2 2 2 2 2 2 2 2 2 2 2 2 2 2 2 2 2 2 2
left_child=2 3 14 5 35 6 -2 8 9 -5 11 55 39 -11 -1 17 29 18 19 28 -21 40 23 -23 26 -26 -20 -18 -6 32 54 59 33 -17 -29 37 -37 50 -14 -4 41 -19 -24 58 48 46 -46 -47 49 -8 -3 -34 -38 -54 -12 56 -7 -45 -31 -16 61 -32
right_child=1 4 12 7 15 10 44 -9 -10 13 30 -13 38 -15 31 16 27 21 24 20 -22 22 42 -25 25 -27 -28 34 -30 43 60 -33 51 -35 -36 36 52 -39 -40 -41 -42 -43 -44 57 45 47 -48 -49 -50 -51 -52 -53 53 -55 -56 -57 -58 -59 -60 -61 -62 -63
leaf_value=-0.053158029410225363 -0.053733271467462124 0.034454848723054203 0.012098022045003291 -0.047153058459128698 -0.0016539355238708604 -0.032901310886984468 -0.0415591910064953 -0.010744315416464966 -0.043670251055177994 -0.0033670262751769398 0.031585784943412486 0.002894220562463684 -0.0070341341705226672 0.06625626067153749 -0.037731788338519923 -0.0055033105592569029 -0.025931529593570524 0.015684343553760412 0.011126954671494035 0.0087786788563278591 0.028658883133963805 0.0055765386096014776 0.0076501967239555185 -0.012917720895809457 -0.013766693415168353 -0.00082931800184237381 0.0026916296459299832 -0.0071284969839162486 0.076675941182198698 -0.030311400301833571 0.024073743757468589 -0.05001368215672071 0.016982559117564543 0.1051941527603833 0.041873765541281319 0.0042166969233466958 -0.032988586610265123 -0.0011459667218095485 -0.021938647266902683 -0.032349918682380879 0.0099519018757004193 -0.041531082701165442 0.016846807827530921 0.0087649243589459757 -0.0041696283116584359 0.029811782647656462 -0.018764950498182293 -0.020448995929330457 -0.011890022913147278 0.0026527375646802792 -0.020499408409235836 0.0037712016183828927 0.14050287582070084 -0.022135253571391213 -0.0056285320028376731 -0.048493745644372047 0.046238815076229338 0.045734885726791609 0.033970657572667332 0.016909007535008118 -0.0039732394925319709 -0.021632325501249799
leaf_weight=1015004.2336311936 15739.128919571638 14385.484306007624 4909.1940224915743 11938.924106806517 351932.94923532009 5490.4171356111765 30000.670959740877 66835.634741321206 86349.111883819103 18755.374026864767 39674.992887094617 46293.848521664739 64602.669353917241 4591.1518123745918 116690.57246656716 163760.22784048319 55803.669086009264 412613.50643026829 310267.86116755009 664097.9877910614 444431.59166938066 645214.91504493356 293071.80576598644 214698.74756914377 142974.12065792084 722524.26068341732 1521917.4816274047 20777.1477676332 2639.8051910400391 1968.1304937303066 24849.538200050592 163949.67622292042 55432.294981747866 1201.832088470459 6054.2265757620335 1362317.4414950311 12614.220269203186 809074.53037497401 128039.37424512208 184450.18726578355 3369853.3587419987 5240.2800388336182 177198.60974007845 162093.01739633083 200232.81590141356 17147.232682406902 87010.083229601383 6764.876573741436 162315.85157200694 12807.824333265424 3730.2146064341068 618977.06950888038 745.57711696624756 1300.9177799224854 7406.8087121397257 14830.202089816332 2415.8650189042091 6068.5488815307617 26443.385841757059 2551.0220877528191 42893.528001964092 4915.3417046517134
leaf_count=5472345 75859 5244 13599 44909 16213 12209 100148 91812 335163 35247 14977 25377 109959 964 519903 13732 5674 13769 13766 24607 9601 12769 5452 5627 4722 29797 73394 5757 19 359 9809 847565 6070 13 1041 253819 478 353860 237487 636503 52326 54 3598 7316 290980 8736 132851 6140 177207 27449 1611 48527 18 43 5323 32911 1455 83 4078 6212 34439 5580
internal_value=-0.000533103 0.00500255 -0.045046 -0.0110149 0.00615829 -0.00722053 -0.0114344 -0.0255261 -0.0336484 -0.00912307 0.00465543 -0.00947583 -0.0240078 0.0103246 -0.0512366 0.0069929 0.00330432 0.00743757 0.00556829 0.0124305 0.0167491 0.00895727 0.0045497 0.000958982 0.0018465 -0.00296649 0.0041201 -0.0162361 -0.00107073 0.00486303 0.0128022 -0.04435 0.00297948 -0.00469673 0.00392829 0.00222139 0.00392477 -0.000614113 -0.0169404 -0.0311976 0.0105051 0.0149668 0.0111155 0.0129058 -0.0101448 -0.0067323 -0.00859079 0.0155925 -0.0153213 -0.0283314 0.0231389 0.0048571 -0.0232018 0.0371184 0.0257312 -0.0346627 -0.00871813 0.0100991 0.0295174 -0.0365628 0.00442419 0.0165257
internal_weight=1.51909e+07 1.35107e+07 1.6802e+06 909259 1.26014e+07 720789 532018 188470 121635 35285.4 188771 69030.3 382001 23346.5 1.2982e+06 1.03973e+07 1.11858e+06 9.27868e+06 4.16079e+06 1.4631e+06 1.10853e+06 5.11789e+06 1.33018e+06 859914 2.69768e+06 865498 1.83219e+06 82635 354573 1.03594e+06 119740 283191 839371 164962 26831.4 2.20417e+06 1.37698e+06 827190 192642 189359 3.78771e+06 417854 470270 196573 516279 311155 287243 23912.1 205124 42808.5 18115.7 674409 14660.7 2046.49 47081.8 22736.5 7906.28 168162 28411.5 119242 72658.4 29764.9
internal_count=10286555 2442982 7843573 1469545 973437 961450 819370 508095 416283 81120 142080 71952 997548 36211 6846025 358364 92650 265714 172119 50440 34208 93595 27446 18396 121679 34519 87160 12472 16232 80178 70128 1373680 68342 13745 6798 615073 254358 360715 347446 650102 66149 13823 9050 11836 743511 438707 423831 14876 304804 127597 6855 54597 539 61 20300 46575 13664 7399 4437 526115 49828 15389
is_linear=0
shrinkage=0.05


Tree=48
num_leaves=63
num_cat=0
split_feature=16 24 16 24 11 11 16 0 26 14 21 16 13 13 14 10 21 12 3 12 28 28 3 0 6 13 2 2 13 0 26 10 2 0 3 8 0 3 3 10 14 28 17 10 10 17 16 8 14 25 8 23 3 28 21 14 17 28 24 9 24 12
split_gain=1.404e+06 84774.4 83558.8 43509.1 14006.7 14454.3 13864.3 13320.4 7174.98 6899.12 6773.05 6690.62 4980.23 4753.91 4878.39 4698.86 4535.65 4851.26 6275.36 4506.63 4420.37 8672.61 5256.17 4376.17 9033.91 6842.19 30574.7 21746.8 28231.5 8982.84 7444.92 7347.07 9528.87 17928.2 5913.21 5622.71 5433.85 4868.48 4300.5 6053.23 3953.21 4389.73 3847.94 3840.15 3610.63 3596.41 3372.91 3356.1 3311.66 3169.89 3119.11 2883.09 2798.17 2951.83 2780.66 2741.64 2687.3 2651.28 2544.16 2500.81 2405.76 2364.59
threshold=0.15057796360059031 0.050000002607703216 1.0579660584460677 0.050000002607703216 0.25000000000000017 0.6830127018922193 17.581253621257684 21.500000000000004 2.1361608505249028 15278.500000000002 1.0000000180025095e-35 0.072732029874887028 0.25881904510252057 0.37940952255126048 14760.500000000002 -0.93301270189221919 880.50000000000011 0.78656609248549325 2.5000000000000004 0.78656609248549325 523.50000000000011 402.50000000000006 5.5000000000000009 18.500000000000004 1.0000000180025095e-35 -0.5 3.5000000000000004 1.5000000000000002 -0.78656609248549325 14.500000000000002 299.24317932128912 0.68301270189221941 3.5000000000000004 17.500000000000004 5.5000000000000009 -0.8783796973249266 20.500000000000004 5.5000000000000009 5.5000000000000009 -0.24999999999999994 17664.500000000004 1203.5000000000002 183.50000000000003 -0.24999999999999994 -0.5 2140.0000000000005 44.113525873693668 -0.8783796973249266 17392.500000000004 1.0000000180025095e-35 1.0000000180025095e-35 0.25000000745058065 5.5000000000000009 1306.5000000000002 1.0000000180025095e-35 17668.500000000004 1284.5000000000002 539.50000000000011 1.0000000180025095e-35 -0.56174490092936669 1.0000000180025095e-35 0.78656609248549325
decision_type=2 2 2 2 2 2 2 2 2 2 2 2 2 2 2 2 2 2 2 2 2 2 2 2 2 2 2 2 2 2 2 2 2 2 2 2 2 2 2 2 2 2 2 2 2 2 2 2 2 2 2 2 2 2 2 2 2 2 2 2 2 2
left_child=1 9 3 4 -2 13 7 16 19 58 38 15 54 14 -6 -3 17 18 43 -5 21 -19 -22 25 37 26 27 47 -29 35 -31 42 33 -33 -34 -28 55 46 -7 -40 48 -42 50 -4 -44 -20 59 -8 -39 -48 -27 -17 -38 -54 -11 -26 -18 -16 -1 -25 -9 -13
right_child=2 11 6 8 5 10 23 60 -10 12 -12 61 -14 -15 57 51 56 20 45 -21 22 -23 -24 24 36 31 29 28 -30 30 -32 32 34 -35 -36 -37 52 40 39 -41 41 -43 44 -45 -46 -47 49 -49 -50 -51 -52 -53 53 -55 -56 -57 -58 -59 -60 -61 -62 -63
leaf_value=-0.053725186287635208 -0.044615596864618738 0.016202191055217238 0.0044159135866625255 -0.011085298004522459 -0.046477240660520905 -0.041182468739660583 0.012872916111774109 -0.037065673290897015 -0.00017888345224084814 -0.037223039098446313 0.026347744964005566 -0.020064810759769292 -0.049808157693859489 -0.011340776772034418 0.080243641006212563 -0.034495679580374881 -0.025033075427961689 0.005803991245867151 0.0048771398868677962 0.0026933489944697838 0.0058628162551747917 0.019210721616586098 -0.0073907753038256266 0.0064388554165962968 -0.032508944237178906 0.013422628267084817 0.011590293667171805 0.0065366504815314273 0.025265061409993947 -0.00071276277204276926 -0.016663544830440746 0.0068039495724959752 0.0096140385316163552 -0.012065536236613345 0.030374376345913574 0.0028997258045260622 -0.004026282369100612 0.0082234563461000883 0.038099832609656679 -0.038182033475063611 -0.0014019270578464749 0.024045910477420634 0.0033664658533307228 -0.0012936689699634379 0.009804953149467284 0.23305077570000587 0.013488370220952972 -0.0024855956052287458 0.028810732621440911 0.003676239112404027 0.0092532361546406507 -0.021509218626979684 0.024845382731636223 0.14524389351071687 0.01575162892319527 -0.0031415562661571382 0.054238516685987094 0.029882156150897989 -0.04347522018053044 -0.0052195507721804479 -0.01376526562023498 -0.0069013001044503381
leaf_weight=901318.78544336557 91175.995546877384 5495.5154660791159 431974.90629030764 361816.61889103055 1708.5096231102943 45804.407232582569 42507.453455090523 18188.706270769238 538391.06884457171 111375.07920433581 4971.5240623503923 103181.06885974109 155406.73325608671 9995.7226198762655 3555.4990630745888 144209.13970169425 17948.437023162842 371497.36936499178 2074461.6745476574 70986.680823162198 530825.57533240318 178629.42878396809 87078.25224879384 65972.098171830177 30682.495928287506 1066950.474867925 226648.13096177578 373318.74960929155 436494.2189078331 548999.34504196048 84399.871959686279 458207.53089794517 313579.94607025385 173560.45293748379 38512.900070697069 1040818.1593216658 16350.245710372925 31995.855452224612 4507.0206860899925 6148.1809492707253 62860.90333366394 23200.707050055265 312367.11313676834 925338.70527797937 718883.1421957016 172.6097412109375 105009.5558321476 217919.10816276073 50156.080454558134 380804.28283983469 773968.76844370365 60743.704950928688 4563.1586548984051 572.95473748445511 2533.3064190149307 10725.920605182648 1136.6912040710449 9864.9932951778173 64907.493368402123 151928.23943728209 28340.601814344525 50969.31809514761
leaf_count=5152241 387413 14285 84878 439932 7599 180605 1140 63321 282096 513750 3913 227515 840750 28465 4656 529472 435 20224 389552 50648 54505 6476 10342 9379 2254 12891 6332 8875 5762 14676 1086 4729 3304 2725 512 32632 3264 2826 10871 23256 3400 859 2036 188338 4302 1 10364 6487 2631 14453 8827 143428 523 48 6137 456 10 18531 311673 19295 37093 68076
internal_value=-0.000514616 -0.0448123 0.00470636 -0.00819452 -0.0309394 -0.0165332 0.00589905 0.00374498 -0.00403211 -0.051064 -0.0296003 -0.0236265 -0.0439869 0.0154161 0.0330947 -0.0294234 0.00401312 0.00411404 0.00316677 -0.00882537 0.00689736 0.0101572 0.00399504 0.00719382 0.00398543 0.00763314 0.00582987 0.0125896 0.0166314 0.00202397 -0.0028382 0.00902257 0.00529354 0.00162008 0.0118849 0.00445378 -0.0143156 0.00530554 -0.0345269 -0.00591521 0.0129473 0.00545833 0.0102999 0.000523444 0.00785473 0.00489614 0.00347887 2.12426e-05 0.0207927 0.00579716 0.0116697 -0.0306468 0.00608651 0.0382799 -0.0360448 -0.0249021 -0.0203112 0.0432253 -0.0530366 -0.0016898 -0.0228738 -0.0157124
internal_weight=1.51766e+07 1.60014e+06 1.35765e+07 1.14893e+06 177732 86555.9 1.24276e+07 4.66559e+06 971194 1.23554e+06 61431.1 364599 269315 25124.7 15129 210448 4.61906e+06 4.59998e+06 3.43195e+06 432803 1.16803e+06 550127 617904 7.76196e+06 934822 6.82714e+06 2.97111e+06 1.07024e+06 809813 1.90087e+06 633399 3.85603e+06 983861 631768 352093 1.26747e+06 62894.8 871928 56459.6 10655.2 168214 86061.6 2.87217e+06 1.35731e+06 1.03125e+06 2.07463e+06 703714 260427 82151.9 485814 1.84092e+06 204953 21486.4 5136.11 113908 41408.4 19085.1 13420.5 966226 217900 46529.3 154150
internal_count=10286555 7807327 2479228 1437985 665309 277896 1041243 855175 772676 6824551 218645 982776 1360637 59251 30786 687185 754761 754316 662769 490580 91547 26700 64847 186068 69752 116316 76990 22264 14637 54726 15762 39326 11270 7454 3816 38964 6545 63207 214732 34127 9716 4259 28056 273216 6338 389553 53491 7627 5457 24817 21718 672900 3835 571 519887 2710 445 23187 5463914 28674 100414 295591
is_linear=0
shrinkage=0.05


Tree=49
num_leaves=63
num_cat=0
split_feature=15 16 15 16 2 16 2 0 3 15 13 2 2 0 2 0 0 2 14 2 17 17 14 20 2 2 24 15 12 3 28 19 15 28 3 21 20 24 23 20 28 17 17 28 17 17 13 15 21 23 12 2 2 20 13 0 15 24 16 26 2 13
split_gain=1.50874e+06 52585.9 34567.7 23311.9 17446.7 11365.1 8933.41 8624.71 12349.6 8117.11 6717.71 37465.1 27342.7 29705.1 13085.7 15861.3 8686.94 7635.04 6258.95 7813.72 5454.23 5422.75 4798.4 4761.56 4307.53 4033.24 3986.8 3790.6 3656.29 4367.19 3205 3577.06 3100.19 3027.87 5827.79 6721.02 6355.6 5753.09 4110.65 3703.86 3417.83 6620.48 7067.7 5506.15 6142.24 3283.22 2992.4 10352.4 5871.43 4723.92 7432.45 11893.4 6501.91 4688.91 4453.76 2926.42 2833.57 2646.81 2581.56 2454.31 2794.54 2377.46
threshold=0.13604029449218655 0.67502327746741175 0.028929356029471106 0.80809066741373015 2.5000000000000004 44.113525873693668 1.5000000000000002 18.500000000000004 5.5000000000000009 0.47696504839152076 -0.5 3.5000000000000004 1.5000000000000002 14.500000000000002 3.5000000000000004 16.500000000000004 13.500000000000002 1.5000000000000002 17630.500000000004 2.5000000000000004 1746.0000000000002 862.00000000000011 17668.500000000004 234.50000000000003 4.5000000000000009 1.5000000000000002 8.3833332061767596 3.4478250703967634 0.78656609248549325 5.5000000000000009 1203.5000000000002 193.50000000000003 0.067763687373543643 1153.5000000000002 5.5000000000000009 429.50000000000006 2127.0000000000005 5.5499999523162851 524.85714721679699 904.50000000000011 324.50000000000006 2431.5000000000005 908.50000000000011 409.50000000000006 330.50000000000006 2736.0000000000005 -0.5 33.856872136240931 3386.0000000000005 524.85714721679699 -0.98296291314453399 6.5000000000000009 11.500000000000002 99.500000000000014 -0.37940952255126015 11.500000000000002 0.010138561482374872 1.0000000180025095e-35 22.287635258195845 1.0000000180025095e-35 11.500000000000002 0.91597561503675351
decision_type=2 2 2 2 2 2 2 2 2 2 2 2 2 2 2 2 2 2 2 2 2 2 2 2 2 2 2 2 2 2 2 2 2 2 2 2 2 2 2 2 2 2 2 2 2 2 2 2 2 2 2 2 2 2 2 2 2 2 2 2 2 2
left_child=2 9 3 18 6 7 -5 10 27 -2 11 12 58 -14 15 21 22 -17 56 25 23 -12 -13 -16 -18 -20 30 -9 -11 59 31 -10 -4 34 40 36 37 -36 39 -37 41 42 -7 44 -42 -45 47 55 53 50 51 -48 -52 -49 -51 -35 -1 61 -3 60 -30 -8
right_child=1 5 32 4 -6 33 57 8 26 28 14 16 13 -15 20 17 24 -19 19 -21 -22 -23 -24 -25 -26 -27 -28 -29 29 -31 -32 -33 -34 46 35 38 -38 -39 -40 -41 43 -43 -44 45 -46 -47 49 48 -50 54 52 -53 -54 -55 -56 -57 -58 -59 -60 -61 -62 -63
leaf_value=-0.053941777766544047 -0.014156247695785855 -0.0055096280425550887 -0.036888054763448447 -0.054266311315445993 -0.051124682644541043 0.0098120042724804141 0.02293514353004222 -0.0098540366341076675 0.015332994130533427 -0.0067131054157554305 0.0062584099351515599 0.0012194901270721446 0.0079860808820751954 0.026704441540886754 0.0092128263442299001 0.0031493865044039566 -0.011246881513662974 -0.010194739908264373 -0.054147285271498952 -0.054025656135223976 -0.025168656482344866 0.030488752039721369 0.00975266988875053 0.0026307595866323207 -0.0022845527324037436 0.031611584175333322 0.003760740077178748 -0.0011855841864037483 0.022027616866103154 -0.013502743659879291 0.043343480109640002 0.3332219257952464 -0.026766122599136539 0.003873191493784121 0.043223111809521854 0.029985806165781777 0.098288583303699675 0.0074747081449296517 0.0068461934715014112 0.072841339538432082 -0.0036109314636944122 0.043234576450932254 -0.0093806575980792117 0.0061140987747528106 0.018836211017092 -0.047136239698072922 0.00961126304891987 0.0074512361782090551 0.079537177868030967 0.012824908410999656 0.013333768060636395 0.042124629730953572 -0.011051913674428751 -0.0037083964938908493 0.0035256287699652247 0.053720251866220661 -0.046450134376115129 -0.054159956938362258 0.0047481529786332806 0.0017731234358413139 -0.01853650048510767 -0.015008033757496611
leaf_weight=1018245.2518698275 272599.80848237872 210721.72469237447 162287.10332606733 5942.8316040635109 27842.99393863976 622981.44061455131 23291.034574538469 183684.24941641092 61692.568378925323 387161.26908442378 538059.60319426656 1152799.8697531819 569752.77124604583 337504.59243568778 2394650.5028649569 170704.94186627865 158879.35333839059 288114.60186102986 1748.2271798700094 9326.2499150186777 12112.994440078735 24126.304416656494 192215.81386947632 310383.50408816338 858540.74604284763 6351.9255640208721 68127.650811433792 402389.85190844536 30667.223664581776 40583.172248780727 12727.675698906183 88.523263454437256 141715.84143830836 3697.6040620803833 11733.336138874292 40248.694163322449 2003.80810546875 275795.16813051701 17436.935791015625 5763.980052947998 277947.59294837713 13867.61882019043 51968.647365570068 1842319.0398566127 34227.803650856018 2899.0819244384766 55809.488594055176 393343.8348236084 2639.8758773803711 241326.78157806396 302846.51705670357 56705.963123321533 30046.133109092712 123735.58605861664 276029.89398193359 14459.00620174408 144095.42183950543 1402.3396543562412 86519.159580349922 146416.80841127038 4927.9572707414627 5017.6349853873253
leaf_count=6103118 526135 39588 719712 27790 135050 12880 14824 134528 22768 310833 37260 179059 60690 22866 179821 12305 17436 23882 9522 51063 108 205 6560 5300 108767 7966 4310 45855 20233 20184 4621 4 473155 222 1321 284 7 4269 60 26 7285 39 257 32922 355 13 499 4684 8 349 6162 356 644 1222 771 512 787541 3208 2899 83120 4328 4794
internal_value=-0.000496377 0.00482029 -0.0472832 -0.0509787 -0.0214665 0.00563824 0.00169426 0.00449572 -0.00069128 -0.00698385 0.00501315 0.00346094 0.0106374 0.0149494 0.00649426 0.00166831 -0.000198028 -0.00523001 -0.0525671 -0.0228234 0.00830767 0.00729827 0.00243897 0.00845758 -0.00368411 0.0131015 0.0125028 -0.00390241 -0.00377732 0.00132889 0.0204961 0.0157891 -0.0321696 0.00759123 0.00672203 0.0127819 0.00955201 0.00893355 0.0275201 0.0353545 0.0059705 0.00903688 0.00833423 0.00499146 -0.00114974 0.00603043 0.00944425 0.00645705 0.0051605 0.0111131 0.0148878 0.0259975 0.0111328 0.00478076 0.00786339 0.0435692 -0.053013 0.0128879 -0.00252383 0.00463592 0.0164116 0.0162096
internal_weight=1.51633e+07 1.3616e+07 1.54727e+06 1.24326e+06 63496.8 1.27336e+07 35653.8 8.0338e+06 728711 882356 7.30509e+06 3.56693e+06 1.2045e+06 907257 3.73815e+06 1.02101e+06 2.36244e+06 458820 1.17977e+06 17426.4 2.71715e+06 562186 1.34502e+06 2.70503e+06 1.01742e+06 8100.15 142636 586074 609756 222595 74508.8 61781.1 304003 4.69983e+06 3.19919e+06 352982 289532 287529 63449.6 46012.7 2.84621e+06 688818 674950 2.15739e+06 312175 1.84522e+06 1.50064e+06 537876 519719 962765 445408 112515 332893 517079 517357 18156.6 1.16234e+06 29711 297241 182012 35595.2 28308.7
internal_count=10286555 1948812 8337743 7144876 185666 983979 50616 908832 212086 964833 696746 437865 126043 83556 258881 73652 311822 36187 6959210 68551 185229 37465 185619 185121 126203 17488 31703 180383 438698 127865 27393 22772 1192867 75147 59718 5967 5597 5590 370 310 53751 13176 13137 40575 7640 32935 15429 6648 5914 8781 7661 855 6806 5906 1120 734 6890659 22826 42487 107681 24561 19618
is_linear=0
shrinkage=0.05


Tree=50
num_leaves=63
num_cat=0
split_feature=15 15 15 14 10 15 2 15 14 2 14 2 13 3 12 12 27 20 23 11 22 11 13 12 10 28 2 15 13 2 11 0 27 8 0 2 13 27 0 10 2 0 15 2 3 21 17 27 10 0 11 3 5 12 11 3 10 23 0 10 10 5
split_gain=1.41788e+06 49973.9 32227.1 23012.5 17414.7 10771.6 7145.64 5870.8 5180.35 5124.28 12252.2 12818.5 5866.19 4779.23 7221.1 5677.67 5470.96 4608.74 5487.11 4440.92 6311.22 5613.98 14295.8 5681.27 4106.71 4059.07 3637.64 3348.24 3204.46 11139.6 11493.8 16762.9 10384.3 9459.19 6450.66 4791 7802.75 8986.31 5012.8 14147.7 13684.3 4845.61 3057.7 2819.85 2914.28 3691.57 2800.77 3371.53 2564.53 2444.26 2402.16 4086.92 2601.98 2288.23 2415.6 2248.4 2178.94 2148.52 2004.09 2076.14 1998.63 2658.66
threshold=0.1263441550933361 1.0049566979915241 0.028929356029471106 17615.500000000004 0.68301270189221941 14.198711026194831 2.5000000000000004 0.33601292407108246 17670.500000000004 2.5000000000000004 15446.000000000002 1.5000000000000002 0.25881904510252057 5.5000000000000009 0.78656609248549325 0.60355339059327384 1.0000000180025095e-35 260.50000000000006 23.892857551574711 0.6830127018922193 2.6428570747375493 -0.24999999999999994 -0.37940952255126015 -0.9159756150367534 -0.5 1306.5000000000002 4.5000000000000009 0.010138561482374872 -0.60355339059327384 3.5000000000000004 0.6830127018922193 14.500000000000002 429.85842895507818 -0.8783796973249266 14.500000000000002 5.5000000000000009 -0.37940952255126015 596.28994750976574 16.500000000000004 0.93301270189221952 3.5000000000000004 18.500000000000004 0.0020429030507908689 11.500000000000002 4.5000000000000009 1.0000000180025095e-35 142.50000000000003 224.0469665527344 -0.93301270189221919 12.500000000000002 -0.9330127018922193 3.5000000000000004 1.0000000180025095e-35 -0.9159756150367534 -0.5 3.5000000000000004 -0.6830127018922193 1.0000000180025095e-35 6.5000000000000009 -0.6830127018922193 -0.93301270189221919 1.0000000180025095e-35
decision_type=2 2 2 2 2 2 2 2 2 2 2 2 2 2 2 2 2 2 2 2 2 2 2 2 2 2 2 2 2 2 2 2 2 2 2 2 2 2 2 2 2 2 2 2 2 2 2 2 2 2 2 2 2 2 2 2 2 2 2 2 2 2
left_child=2 7 3 9 -5 13 57 48 28 10 -1 -12 42 14 19 16 53 25 -19 21 49 23 -23 -3 -4 -18 -17 -11 29 30 31 -7 34 -32 -31 38 37 -37 40 -40 -30 -38 -13 50 -45 -46 47 -16 -2 -21 51 -9 -52 -15 -55 -54 -34 -6 59 -28 -10 -62
right_child=1 5 24 4 6 8 -8 43 60 27 11 12 -14 15 46 26 17 18 -20 20 -22 22 -24 -25 -26 -27 58 -29 35 32 33 -33 56 -35 -36 36 41 -39 39 -41 -42 -43 -44 44 45 -47 -48 -49 -50 -51 52 -53 55 54 -56 -57 -58 -59 -60 -61 61 -63
leaf_value=-0.052904672111451494 0.020343006183055078 0.005789488307370718 -0.020453793033948297 -0.051295882703095819 0.021720761788684251 0.0071793986823954813 -0.054519447321238791 -0.029341383818404378 -0.007846764262527537 -0.055027376655360144 -0.054212305862461597 0.020746427544707544 -0.026956902273462608 0.077684031747918006 0.0071320679103942216 -0.019048899457996829 0.006398928234292476 0.033842888960185717 0.30174692904606087 -0.0020030086756956072 0.0024634585290282118 0.013023298436579917 -0.0056564796454804094 -0.0029039091118352278 -0.035117732290315909 0.022263845105226193 0.024431731505630088 -0.046113711358232605 0.010789950529557857 0.0037017981192843741 0.021687898163365013 0.024855360432069772 0.022196356601263352 -0.0056141454146263732 -0.0043390757067647417 0.0049598206243771014 0.0099762831147050465 -0.013609174195666022 0.004669518729000499 -0.0090009241712481463 0.00038941406013651082 0.0037861938014269085 -0.038110841983466703 -0.029380175001336412 -0.011763814073221692 0.062073292774428947 0.048465135471679105 0.14161453101097152 -0.016025902656457383 -0.012414122598056545 -0.0019431399631723552 0.0010644831848562347 -0.029745037432698841 -0.046176312682475129 0.040744115076330911 0.0087503790067565181 -0.027481806758493734 -0.055544278369849487 0.0079890597594565547 -0.03146933233854321 0.0084544275248661389 0.018359655540073128
leaf_weight=156168.08520200849 4954.9905689656734 257739.93643438816 60918.229951828718 21404.681039750576 23192.769364699721 534513.64686393738 3863.1060069650412 23832.542653232813 17929.732820510864 796799.13447755575 25730.54107427597 15346.015942081809 20324.932538717985 3661.6270343065262 376302.5473228693 28894.998523175716 296651.96526038647 561.69280672073364 289.67112922668457 81984.531211018562 210247.27714341879 282969.36823320389 160530.02982127666 693899.88494455814 220842.88033881783 46658.858451247215 2188.448345720768 121418.04888415337 845729.63842821121 1444490.9647521973 37884.654509067535 179063.64629364014 2355.8545265197754 195125.66304826736 301480.24840116501 822332.92078518867 1966376.7923176289 70760.839262008667 1341916.0752072334 220336.95416736603 505180.5789244175 376722.71704626083 2577.1012692451477 23046.561924368143 9517.6898202896118 2058.8789810836315 4177.469379901886 466.53553199768066 222307.71100205183 180492.60114723444 353686.76666888595 20606.806734740734 15430.694238215685 933.27997243404388 5563.8943065404892 5029.1158903539181 34955.070589065552 935.91733580827713 40716.288827121258 6888.9006769061089 1349688.2092342377 71325.486696243286
leaf_count=972215 8410 64810 239776 115003 16462 15733 20591 28828 305 5038848 153968 38432 86623 822 104407 8955 67112 52 8 30201 46498 61758 45619 189836 912149 8221 550 688655 19034 59634 1261 3088 35 8512 11888 22181 40023 458 33358 8715 12906 15429 11633 33899 12095 1745 403 19 486766 69881 386480 22099 18071 467 1621 4944 489 2446 11432 2284 17505 907
internal_value=-0.000479134 0.00453413 -0.04715 -0.0507563 -0.0173459 0.00522552 0.00861487 -0.0086745 0.00595928 -0.0522061 -0.0453547 -0.0269256 -0.00856884 0.00240243 0.00147623 0.00721262 0.00991076 0.00884329 0.125026 0.00019668 -0.00399162 0.00161584 0.00626191 -0.000549404 -0.0319473 0.00855513 -0.00493656 -0.0538487 0.00550827 0.00408265 0.00846658 0.011615 0.0017556 -0.00117514 0.00231336 0.00614115 0.00746529 0.00348857 0.00467017 0.00274146 0.00690061 0.00898105 0.0122831 -0.00538575 -0.0190991 0.00136802 0.0077501 0.00729864 -0.0152329 -0.00916224 -0.00425144 -0.0152419 -0.00294602 0.0460737 0.0282572 -0.0202824 -0.0243449 0.0187233 0.00325269 -0.0179915 0.00874229 0.00895161
internal_weight=1.515e+07 1.36805e+07 1.46952e+06 1.18776e+06 49396.5 1.3e+07 27991.8 680472 1.03182e+07 1.13836e+06 220147 63978.6 38248 2.68182e+06 2.24881e+06 433010 354321 344162 851.364 1.86786e+06 472724 1.39514e+06 443499 951640 281761 343311 78688.6 918217 8.87923e+06 2.72987e+06 946588 713577 1.78328e+06 233010 1.74597e+06 6.14936e+06 3.23619e+06 893094 2.91316e+06 1.56225e+06 1.35091e+06 2.3431e+06 17923.1 453209 34623.1 11576.6 380947 376769 227263 262477 418586 44439.3 374147 10158.8 6497.17 20459.8 37310.9 24128.7 49793.6 9077.35 1.43894e+06 1.42101e+06
internal_count=10286555 1989754 8296801 7144876 154502 986417 39499 1003337 271461 6990374 1262871 290656 136688 714956 613432 101524 78303 75393 60 508603 146580 362023 107377 254646 1151925 75333 23221 5727503 252744 100640 28594 18821 72046 9773 71522 152104 78091 22639 74013 42073 31940 55452 50065 508161 47739 13840 104829 104426 495176 100082 460422 50927 409495 2910 2088 23015 524 18908 14266 2834 18717 18412
is_linear=0
shrinkage=0.05


Tree=51
num_leaves=63
num_cat=0
split_feature=15 16 15 16 10 16 10 0 10 16 14 2 2 13 2 11 20 10 13 12 2 11 20 24 14 8 17 27 2 10 13 2 17 2 15 10 8 0 20 19 14 28 28 0 23 23 14 27 10 25 21 14 25 2 28 10 21 21 23 19 23 27
split_gain=1.33273e+06 45600.4 32934.8 23777.2 17728.3 9698.08 9021.33 7092.51 6847.79 6470.01 6412.25 7252.52 6322.54 5472.46 30996.2 22466.1 26971.8 13641.2 7882.59 6696.75 11654.2 4799.56 4491.25 4519.15 4394.49 4387.9 4241.3 4230.82 7210.75 4012.32 3650.62 3456.24 3181.45 3985.39 3112.04 2992.68 2955.95 2856 3364.75 2767.17 2642.9 2489.54 4083.73 4590.99 6815.11 9010.73 4491.56 7116.13 6190.25 4336.35 3815.52 3262.08 3159.68 6871.35 5840.4 9850.7 8163.18 7058.01 5380.73 8415.69 7181.15 5278.88
threshold=0.1263441550933361 0.67502327746741175 0.028929356029471106 0.80809066741373015 0.68301270189221941 44.113525873693668 -0.24999999999999994 18.500000000000004 0.93301270189221952 0.11517812631821146 17630.500000000004 2.5000000000000004 2.5000000000000004 -0.5 3.5000000000000004 0.6830127018922193 1.0000000180025095e-35 0.68301270189221941 -0.78656609248549325 0.78656609248549325 3.5000000000000004 0.6830127018922193 667.00000000000011 102.51666641235353 17132.000000000004 -0.60785761079279388 862.00000000000011 1.0000000180025095e-35 9.5000000000000018 -0.5 -0.5 1.5000000000000002 1.0000000180025095e-35 5.5000000000000009 0.010138561482374872 -0.93301270189221919 -0.60785761079279388 20.500000000000004 1.0000000180025095e-35 1.0000000180025095e-35 17669.500000000004 1153.5000000000002 1101.5000000000002 7.5000000000000009 369.10714721679693 262.71427917480474 17665.500000000004 429.85842895507818 -0.93301270189221919 340.43341064453131 1275.0000000000002 16186.500000000002 1.1232953071594241 2.5000000000000004 1306.5000000000002 -0.24999999999999994 3386.0000000000005 1620.0000000000002 115.8928565979004 113.50000000000001 209.21428680419925 429.85842895507818
decision_type=2 2 2 2 2 2 2 2 2 2 2 2 2 2 2 2 2 2 2 2 2 2 2 2 2 2 2 2 2 2 2 2 2 2 2 2 2 2 2 2 2 2 2 2 2 2 2 2 2 2 2 2 2 2 2 2 2 2 2 2 2 2
left_child=2 6 3 10 -5 7 27 13 21 -8 34 31 -6 14 15 16 -3 22 25 20 -19 32 40 -24 -20 -16 -21 28 -2 -4 -29 -12 36 -34 -1 39 -9 38 -10 -32 -15 42 46 51 45 -45 48 50 -7 -50 -48 -44 53 61 -54 57 -57 -56 59 -55 -60 -43
right_child=1 5 29 4 12 41 9 8 37 -11 11 -13 -14 17 18 -17 -18 19 24 26 -22 -23 23 -25 -26 -27 -28 30 -30 -31 35 -33 33 -35 -36 -37 -38 -39 -40 -41 -42 52 43 44 -46 -47 47 -49 49 -51 -52 -53 54 58 55 56 -58 -59 60 -61 -62 -63
leaf_value=-0.053765159017392317 -0.017625525023636717 0.018411714603180768 -0.019775153518357728 -0.051523288586542593 0.011530546213323344 -0.017957944279732602 -0.021223525284462596 0.011524824721426531 -0.031303670542876631 -0.0077609755611055447 -0.053991198976340284 -0.053855223646289307 -0.049838727577964578 0.0076259980952245636 0.0060094940807602464 -0.0024426967658591312 -0.0010728271760976338 -0.0091760758647815386 -0.010414297983431679 0.0038489001781320193 0.006752567388681247 -0.005884468462063799 0.025886245586184048 -0.0046359114033924882 -0.0020446987261595381 0.00010431878627243498 0.026145323638508994 -0.0079931939211009898 0.047006828909070986 -0.034415048229389213 0.041959598204490009 0.028140802194165915 -0.016764762465159948 0.0036323562928606795 -0.045576918238365946 0.0017898556694527857 0.0022623048412413445 1.9931880688665789e-05 0.0016810818806415669 -0.017016633632418347 0.014078069108256817 0.019062941687902707 0.0066309534074606331 0.00069934517619032587 -0.012043755299547048 0.024389718323066703 0.0067681588937707361 -0.0041206670343484414 0.0067248542260174779 0.011818842950333724 -0.031361808419347256 0.038978918750670978 0.0091599351957889989 0.0098900045257375394 0.010126194511547761 -0.0081605085284969237 0.10501134851508032 0.063987173961577007 -0.029292840703648598 0.05200556996145022 0.010509125955874896 0.053007236913641877
leaf_weight=924553.76118469238 6788.3068750798702 685894.75255933404 59885.16692738235 25917.116559267044 30210.675283044577 22294.237266331911 109759.22065743804 134204.8089595437 33289.675536155701 477548.70661655068 1590.3975915461779 8480.342031955719 4873.9028913080692 2476329.9397521615 477775.80973091722 296791.98019531369 239673.3536259234 313977.22738859057 196973.0108564496 482225.25950199366 181047.16801831126 193119.78107458353 13532.050582408905 116819.82603502274 769631.5025665462 920974.01842677593 22315.937135696411 114862.89112478495 11845.30001026392 214253.42442834377 8697.0822920203209 6580.1482921987772 39681.437021642923 60399.706064134836 132708.72880645096 154455.90273863077 240481.79649570584 18063.039584159851 10070.016988366842 2578.4519468545914 169588.57143637538 36438.304990649223 18528.997337341309 337446.72133183479 86197.198852539062 45556.838062286377 671227.97988405824 210925.67542457581 1166128.246845156 651023.41154098511 6625.4849433898926 13452.204864501953 1070672.0098615885 98765.970298707485 75403.360087394714 152496.27069199085 1610.1105346679688 6616.0331802368164 18663.902248382568 13480.650037527084 28848.992343902588 16705.170913696289
leaf_count=6103118 15180 66410 239776 138245 22826 480 216891 33875 10435 466730 9522 51063 24595 177538 58044 42494 17292 31268 29470 27596 16042 60997 378 1312 89423 135880 192 131989 12834 912149 6894 7966 7560 11196 787541 148651 78709 9417 2108 2103 5658 750 121 10045 424 280 18602 1636 24861 3165 88 57 8103 2891 977 1950 3 25 213 219 192 106
internal_value=-0.00046216 0.00429081 -0.0467707 -0.0505276 -0.0201618 0.00504795 -0.00667675 0.00399537 -0.00070796 -0.0102769 -0.0522525 -0.0214651 0.00300495 0.00446121 0.00306286 0.00952779 0.0133662 0.00578989 -0.000278068 0.000781296 -0.00335042 0.000761304 0.00759317 -0.0014673 -0.00375025 0.00212137 0.00483509 0.000389483 0.0234607 -0.031217 -0.00114261 0.0121527 0.0034646 -0.00445491 -0.0527374 0.00360526 0.00557996 -0.0166842 -0.0236431 0.0284726 0.00803954 0.00684162 0.0060563 0.0019079 0.00065851 0.00351724 0.00681837 0.00389976 0.00822858 0.00854986 0.00639546 0.0202377 0.00851043 0.0141589 0.00759018 0.000472397 -0.00697798 0.014471 0.00897807 0.0149481 -0.00512571 0.0297332
internal_weight=1.51376e+07 1.37285e+07 1.40905e+06 1.13492e+06 61001.7 1.2842e+07 886536 8.09286e+06 729310 587308 1.07391e+06 16650.9 35084.6 7.36355e+06 3.58771e+06 1.22236e+06 925568 3.77584e+06 2.36535e+06 999566 495024 667888 2.77627e+06 130352 966605 1.39875e+06 504541 299228 18633.6 274139 280594 8170.55 474768 100081 1.05726e+06 165731 374687 61422.7 43359.7 11275.5 2.64592e+06 4.74911e+06 3.22941e+06 501182 469201 383004 2.72823e+06 888779 1.83945e+06 1.81715e+06 677853 31981.2 1.5197e+06 212903 1.3068e+06 236126 154106 82019.4 159760 112247 47512.9 53143.5
internal_count=10286555 1989754 8296801 7144876 185666 988482 1001272 913294 214297 683621 6959210 68551 47421 698997 439013 126196 83702 259984 312817 75098 47310 192337 184886 1690 118893 193924 27788 317651 28014 1151925 289637 17488 131340 18756 6890659 157648 112584 21960 12543 8997 183196 75188 59759 10927 10749 10325 48832 20326 28506 28026 18690 178 15429 4371 11058 2955 1953 1002 3515 3110 405 856
is_linear=0
shrinkage=0.05


Tree=52
num_leaves=63
num_cat=0
split_feature=15 15 15 14 10 15 2 14 2 13 2 15 14 3 12 10 10 11 23 3 23 11 23 2 13 13 14 13 20 1 15 2 3 0 3 13 6 20 2 20 0 2 5 2 24 0 10 10 25 11 27 11 3 26 3 23 15 5 3 11 10 10
split_gain=1.25238e+06 44168.6 30822.7 24077.6 15841 9484.11 5833.09 12808.1 12891.6 5677.37 5385.04 4986.88 4448.92 4034.06 6428.07 4344.07 3869.25 3637.71 5008.57 5389.61 4565.36 4378.34 8248 5090.11 5909.04 5102.44 4052.24 3334.82 3274.65 3224.43 3198.44 2741.32 2810.04 2687.04 3700.17 3644.23 31356.1 28089.9 26032.1 15969.4 10307.3 9275.09 2526.53 2619.6 2522.76 2455.38 2351.29 2337.43 2332.21 3656.98 2790.57 2314.67 3413.85 2281.35 2278.51 2606.44 2068.83 2051.56 2078.71 2031.41 2009.29 1947.78
threshold=0.11804065331425848 0.87177470268056723 0.022446434933075476 17615.500000000004 0.68301270189221941 11.434723454599233 2.5000000000000004 15446.000000000002 1.5000000000000002 0.25881904510252057 2.5000000000000004 0.29839498755471638 17670.500000000004 2.5000000000000004 0.78656609248549325 -0.93301270189221919 -0.93301270189221919 0.6830127018922193 1.0000000180025095e-35 5.5000000000000009 4.6071429252624521 0.25000000000000017 1.0000000180025095e-35 4.5000000000000009 -0.5 -0.5 17656.500000000004 -0.37940952255126015 319.50000000000006 2024.5000000000002 0.059193324244400103 11.500000000000002 5.5000000000000009 19.500000000000004 1.5000000000000002 -0.37940952255126015 1.0000000180025095e-35 1.0000000180025095e-35 3.5000000000000004 1.0000000180025095e-35 14.500000000000002 2.5000000000000004 1.0000000180025095e-35 11.500000000000002 1.0000000180025095e-35 3.5000000000000004 -0.5 0.93301270189221952 13.234154224395754 -0.5 6.7825417518615732 -0.9330127018922193 3.5000000000000004 1.0000000180025095e-35 4.5000000000000009 0.39285714924335485 0.0095739610258666532 1.0000000180025095e-35 3.5000000000000004 0.6830127018922193 -0.24999999999999994 -0.6830127018922193
decision_type=2 2 2 2 2 2 2 2 2 2 2 2 2 2 2 2 2 2 2 2 2 2 2 2 2 2 2 2 2 2 2 2 2 2 2 2 2 2 2 2 2 2 2 2 2 2 2 2 2 2 2 2 2 2 2 2 2 2 2 2 2 2
left_child=2 11 3 6 -5 13 7 -1 -9 44 -6 46 33 14 15 -3 -4 21 19 60 45 23 26 25 -25 -15 -23 -24 -22 -21 -18 51 -33 35 -35 38 41 -38 39 -7 -40 -37 43 -17 -10 -20 -2 59 -16 -50 -51 52 -13 -34 55 -54 -8 -53 -59 -36 -19 -14
right_child=1 5 16 4 10 12 56 8 9 -11 -12 31 61 17 48 42 30 18 20 29 28 22 27 24 -26 -27 -28 -29 -30 -31 -32 32 53 34 47 36 37 -39 40 -41 -42 -43 -44 -45 -46 -47 -48 -49 49 50 -52 57 54 -55 -56 -57 -58 58 -60 -61 -62 -63
leaf_value=-0.052827994601432837 -0.0055234318717993164 0.018864669928971876 0.0056518395482895757 -0.050948930627952686 0.016643615517199922 0.012381918198724692 -0.055002840860797687 -0.054562792216123368 0.020146790847134111 -0.025453108091196993 -0.055182486168843019 -0.02989171809874952 0.002623736844412328 0.0044207581077110088 0.004031627738189535 -0.0016546939807228316 -0.037825543764806735 0.018637331721613248 0.026853878521206822 0.039531981417817053 0.0028806452322429213 0.020378576809668907 0.011021467445654465 0.00086478633491230512 0.010576643363144319 -0.0089921024457036217 0.053140599661751012 -0.00903953261043847 0.24184097914973571 -0.010831130444923814 -0.027149312554215568 -0.027506213736527292 0.042197417853503699 -0.0087285311463827456 0.0079093966617285027 0.0024463769033760841 -0.025408483568369923 0.0092707254335678609 0.003066980110874991 0.0016703091281327213 -0.0035894052617759433 0.0084696664244049945 -0.015521905289178682 -0.012344233861538857 -0.0473177490126334 -0.010459230028172194 -0.018460024113126351 -0.013314624885745183 0.0023228655292854903 0.25494296837441072 0.027012091032441832 -0.0024958869201526439 -0.022002048284844762 -0.01790180101737486 -0.012742173900866877 0.047705165488371948 -0.046889337476499593 -0.029354926299019254 0.0093743790446310597 -0.0021187008768952967 -0.0044051882307289949 0.0084865915653527923
leaf_weight=138104.72345638275 45368.844156801701 22886.645902514458 6594.5423499941826 18471.331463307142 24446.157962337136 1165850.6832380295 717256.57121571898 22600.84811578691 15806.421195104718 18781.435704261065 2921.2691311389208 21176.814052253962 158979.24549198151 150677.81376767159 119576.72008496523 667706.38092511892 158116.16340878606 12837.330163300037 4537.3369999527931 18984.408645808697 132535.95303750038 55683.41339302063 48525.493341505527 287129.14912819862 344586.98391479254 133926.36453521252 11364.920356631279 36147.792770206928 143.42422580718994 3816.8789554834366 126111.93864400685 25360.687229067087 2916.9292742311954 82146.118621110916 164164.06759023666 806199.60171747208 143775.75597476959 98324.089626789093 2413492.7146894932 495981.08802700043 766209.63223361969 3084244.4398117065 39714.013992607594 62695.259658157825 1518.703164383769 155623.97351199389 155568.47521065176 19197.892995357513 25273.855244159698 134.78534173965454 30505.914274275303 322314.15225377679 2003.3639107048512 3442.349364221096 12428.317715078592 4055.2019820809364 88249.285558879375 13816.782668054104 4623.8268487453461 72937.672517061234 35966.43818628788 1300914.2941155434
leaf_count=948407 101435 6132 22702 108814 18470 36716 5003143 149455 41007 84318 17484 28505 2256 39011 44811 213020 812093 3724 1857 5231 26888 15892 12000 85988 93675 43111 1600 9968 8 1640 485314 40045 3234 5407 8176 20011 6748 2968 89002 11782 30824 74153 13571 26566 7178 65984 375378 1348 4270 25 5241 386079 2733 4457 15106 3984 557765 17973 4925 4118 16211 16618
internal_value=-0.000445874 0.0040379 -0.0466119 -0.0506079 -0.0151713 0.00464843 -0.0522285 -0.0445117 -0.0249481 -0.00641057 0.00897636 -0.00908083 0.0052818 0.0018067 -0.000685841 -0.0026021 -0.0322101 0.0034919 -0.000821457 0.0110322 -0.00371993 0.00496374 0.0128311 0.00366107 0.0061624 -0.00189092 0.025932 0.00245719 0.00313918 0.0311011 -0.0330885 -0.00593208 -0.020054 0.00487948 0.000506023 0.00504442 0.00613501 -0.0113242 0.00411353 0.00918499 0.001463 0.00722149 -0.00324006 -0.00257226 0.0142324 -0.00940211 -0.0155392 0.00346579 0.00797322 0.0164024 0.0280157 -0.00475455 -0.0161862 0.00966448 -0.0004861 0.0246545 -0.054114 -0.00342389 -0.0196436 0.00482451 0.00165583 0.00784814
internal_weight=1.51255e+07 1.37865e+07 1.33898e+06 1.04816e+06 45838.8 1.31734e+07 1.00232e+06 196812 58707.4 36106.6 27367.4 613076 1.07724e+07 2.40098e+06 968494 793002 290823 1.43249e+06 364446 71605.1 292841 1.06804e+06 151722 916320 631716 284604 67048.3 84673.3 132679 22801.3 284228 412138 31720 9.31252e+06 338446 8.97408e+06 4.13254e+06 242100 4.84153e+06 1.66183e+06 3.1797e+06 3.89044e+06 770116 730402 17325.1 160161 200937 256300 175491 55914.6 30640.7 380418 39663.7 6359.28 18486.9 6058.57 805506 340755 18440.6 237102 48803.8 1.45989e+06
internal_count=10286555 2030405 8256150 6936041 144768 1046551 6791273 1230365 281958 132503 35954 983854 310127 736424 313636 259289 1320109 422788 121543 26806 94737 301245 39460 261785 179663 82122 17492 21968 26896 6871 1297407 507041 47736 291253 19049 272204 103880 9716 168324 48498 119826 94164 253157 239586 48185 67841 476813 13642 54347 9536 5266 459305 50328 7691 21823 6717 5560908 408977 22898 12294 19935 18874
is_linear=0
shrinkage=0.05


end of trees

feature_importances:
liaison_cible_encodage_controles=369
interaction_jour_liaison_controles=299
mois_sin=207
Mois=200
Heure=188
JourSemaine=186
mois_cos=180
liaison_frequence=160
heure_cos=149
rolling_mean_30_controles=147
rolling_mean_14_controles=142
lag_365_controles=97
LiaisonId=97
rolling_std_14_controles=93
rolling_std_30_controles=91
lag_7_controles=88
heure_sin=87
lag_14_controles=85
lag_1_controles=77
lag_30_controles=68
rolling_mean_7_controles=65
EstRamadan=63
rolling_std_7_controles=56
jour_semaine_sin=48
EstWeekend=17
Annee=15
EstFerie=6
jour_semaine_cos=6

parameters:
[boosting: gbdt]
[objective: tweedie]
[metric: rmse,tweedie]
[tree_learner: serial]
[device_type: cpu]
[data_sample_strategy: bagging]
[data: ]
[valid: ]
[num_iterations: 1000]
[learning_rate: 0.05]
[num_leaves: 63]
[num_threads: 2]
[seed: 42]
[deterministic: 1]
[force_col_wise: 0]
[force_row_wise: 1]
[histogram_pool_size: -1]
[max_depth: 8]
[min_data_in_leaf: 20]
[min_sum_hessian_in_leaf: 0.001]
[bagging_fraction: 0.8]
[pos_bagging_fraction: 1]
[neg_bagging_fraction: 1]
[bagging_freq: 0]
[bagging_seed: 400]
[bagging_by_query: 0]
[feature_fraction: 0.8]
[feature_fraction_bynode: 1]
[feature_fraction_seed: 30056]
[extra_trees: 0]
[extra_seed: 12879]
[early_stopping_round: 0]
[early_stopping_min_delta: 0]
[first_metric_only: 0]
[max_delta_step: 0]
[lambda_l1: 0.1]
[lambda_l2: 0.1]
[linear_lambda: 0]
[min_gain_to_split: 0]
[drop_rate: 0.1]
[max_drop: 50]
[skip_drop: 0.5]
[xgboost_dart_mode: 0]
[uniform_drop: 0]
[drop_seed: 17869]
[top_rate: 0.2]
[other_rate: 0.1]
[min_data_per_group: 100]
[max_cat_threshold: 32]
[cat_l2: 10]
[cat_smooth: 10]
[max_cat_to_onehot: 4]
[top_k: 20]
[monotone_constraints: ]
[monotone_constraints_method: basic]
[monotone_penalty: 0]
[feature_contri: ]
[forcedsplits_filename: ]
[refit_decay_rate: 0.9]
[cegb_tradeoff: 1]
[cegb_penalty_split: 0]
[cegb_penalty_feature_lazy: ]
[cegb_penalty_feature_coupled: ]
[path_smooth: 0]
[interaction_constraints: ]
[verbosity: 1]
[saved_feature_importance_type: 0]
[use_quantized_grad: 0]
[num_grad_quant_bins: 4]
[quant_train_renew_leaf: 0]
[stochastic_rounding: 1]
[linear_tree: 0]
[max_bin: 255]
[max_bin_by_feature: ]
[min_data_in_bin: 3]
[bin_construct_sample_cnt: 200000]
[data_random_seed: 175]
[is_enable_sparse: 1]
[enable_bundle: 1]
[use_missing: 1]
[zero_as_missing: 0]
[feature_pre_filter: 1]
[pre_partition: 0]
[two_round: 0]
[header: 0]
[label_column: ]
[weight_column: ]
[group_column: ]
[ignore_column: ]
[categorical_feature: ]
[forcedbins_filename: ]
[precise_float_parser: 0]
[parser_config_file: ]
[objective_seed: 16083]
[num_class: 1]
[is_unbalance: 0]
[scale_pos_weight: 1]
[sigmoid: 1]
[boost_from_average: 1]
[reg_sqrt: 0]
[alpha: 0.9]
[fair_c: 1]
[poisson_max_delta_step: 0.7]
[tweedie_variance_power: 1.1]
[lambdarank_truncation_level: 30]
[lambdarank_norm: 1]
[label_gain: ]
[lambdarank_position_bias_regularization: 0]
[eval_at: ]
[multi_error_top_k: 1]
[auc_mu_weights: ]
[num_machines: 1]
[local_listen_port: 12400]
[time_out: 120]
[machine_list_filename: ]
[machines: ]
[gpu_platform_id: -1]
[gpu_device_id: -1]
[gpu_device_id_list: ]
[gpu_use_dp: 0]
[num_gpu: 1]

end of parameters

pandas_categorical:[]
