tree
version=v4
num_class=1
num_tree_per_iteration=1
label_index=0
max_feature_idx=25
objective=regression
feature_names=LiaisonId_code Annee Mois JourSemaine EstWeekend EstFerie EstRamadan EstVacances jour_semaine_sin jour_semaine_cos mois_sin mois_cos liaison_frequence liaison_cible_encodage_ventes interaction_jour_liaison_ventes lag_1_ventes lag_7_ventes lag_14_ventes lag_30_ventes lag_365_ventes rolling_mean_7_ventes rolling_mean_14_ventes rolling_mean_30_ventes rolling_std_7_ventes rolling_std_14_ventes rolling_std_30_ventes
feature_infos=[0:2453] [2024:2025] [1:12] [0:6] [0:1] [0:1] [0:1] none [-0.97492791218182362:0.97492791218182362] [-0.90096886790241903:1] [-1:1] [-1:1] [105:3660] [0.0017211703958691911:5093.8487544483987] [0:5896.3846153846152] [0:15889] [0:15889] [0:15889] [0:15889] [0:14234] [0:7374.4287109375] [0:7144.78564453125] [0:6131.83349609375] [0:4575.18359375] [0:3764.622802734375] [0:3394.511962890625]
tree_sizes=5537 5971 5922 5955 5938 5936 5948 6014 5912 5967 5921 5978 5975 5969 5966 5987 5980 6007 5975 6031 5970 5974 6006 5985 5998 6032 6062 6022 6036 5964 5992 5999 6031 6015 5996 5959 5994 6021 6002 6026 5957 5995 6010 5982 5900 5948 5965 5968 5930 5946 5963 6029 5898 5945 5959 5980 5991 5876 5936 5957 6010 5864 6011 5979 6033 5953 5895 5969 5930 5994 5883 5917 5952 6013 5967 5921 5978 5901 5985 6013 5967 5972 5970 5987 5911 5949 5953 5934 5958 5952 6049 5950 5984 6011 5983 5990 5841 5983 5874 6000 5922 5868 5989 5850 5955 5914 5911 5849 6036 5924 5940 6025 5964 5878 5928 6049 5808 6024 5880 5882 5943 5954 5928 5865 5977 5933 5884 5907 5886 5910 5968 5968 5816 5694 5850 5854 5974 5891 5858 5880 5906 5901 5714 5882 5903 5818

Tree=0
num_leaves=63
num_cat=0
split_feature=12 12 0 13 12 13 0 22 0 0 0 13 12 12 12 13 0 0 13 25 13 12 25 13 13 12 0 25 0 0 13 12 22 3 2 12 0 12 25 20 0 13 12 10 13 20 0 13 0 0 16 3 14 13 13 13 21 3 14 23 12 22
split_gain=80.1787 14.2586 9.53749 8.12757 8.42412 5.46807 4.5441 3.82479 6.56504 10.4994 4.15785 3.89214 3.60301 3.16645 3.01124 2.94197 2.72414 2.66386 2.41572 1.95895 1.85348 1.8488 1.45783 1.37845 1.1068 1.19516 1.14283 1.10136 1.01835 0.965511 0.925115 2.07583 0.88521 0.845512 0.998117 0.821401 0.796325 0.742961 0.742543 0.701627 0.677872 0.67432 0.58189 0.910055 0.493784 0.454933 0.420431 0.401765 0.393609 0.391651 0.387829 0.665187 0.383451 0.38175 0.360152 0.534047 0.35277 0.347033 0.319977 0.352308 0.31163 1.03981
threshold=1470.5000000000002 744.50000000000011 1238.5000000000002 0.85582108717363403 1747.5000000000002 1.5068359635771318 46.500000000000007 486.01667785644537 326.50000000000006 848.50000000000011 1162.5000000000002 5.597182034465022 1398.0000000000002 1473.5000000000002 1468.5000000000002 1096.8329721921275 455.50000000000006 39.500000000000007 0.01811713126860948 12.483206748962404 2.6046396683673474 1471.5000000000002 512.47799682617199 0.32389916115969125 0.72632661901667761 1444.0000000000002 1371.5000000000002 21.441031455993656 320.50000000000006 1063.5000000000002 7.209014681830797 1420.5000000000002 1.1499999761581423 2.5000000000000004 7.5000000000000009 1471.5000000000002 690.50000000000011 2060.0000000000005 1.6926137208938601 0.78571429848670971 433.50000000000006 0.026721807579183601 1240.5000000000002 -0.5 1.4503023970108611 0.21428572386503222 69.500000000000014 73.342223741070654 575.50000000000011 46.500000000000007 1.5000000000000002 3.5000000000000004 0.58380149812734095 1.9518080787228189 8.8744369369369398 7.3987979554969572 0.32142858207225805 1.5000000000000002 1.0314144736842108 1.1232953071594241 1472.5000000000002 38.81666564941407
decision_type=2 2 2 2 2 2 2 2 2 2 2 2 2 2 2 2 2 2 2 2 2 2 2 2 2 2 2 2 2 2 2 2 2 2 2 2 2 2 2 2 2 2 2 2 2 2 2 2 2 2 2 2 2 2 2 2 2 2 2 2 2 2
left_child=1 -1 3 4 32 12 17 11 15 40 -11 20 18 35 30 22 -15 58 42 54 44 -19 -9 -20 25 41 38 53 -17 -22 31 -7 33 34 39 -13 48 -6 -27 -2 -10 -14 43 -3 -8 -39 49 -38 -21 -33 51 -35 -28 -4 55 -16 -47 -58 -5 -60 61 -23
right_child=2 5 27 6 37 14 7 8 9 10 -12 13 24 16 19 28 -18 21 23 36 29 60 -24 -25 -26 26 52 -29 -30 -31 -32 46 -34 50 -36 -37 47 45 -40 -41 -42 -43 -44 -45 -46 56 -48 -49 -50 -51 -52 -53 -54 -55 -56 -57 57 -59 59 -61 -62 -63
leaf_value=0.96479023644494344 0.94343426258250396 0.95007436888109731 0.95680603035715284 0.96374795526645507 0.96314252419695801 0.96435982191468594 0.95829020679827293 0.95803925783073629 0.96195730582017958 0.95743728769382808 0.96176426587255825 0.96277111054672082 0.95361177901569927 0.96022015082943146 0.9619573678662281 0.95679685473218246 0.96166604790650612 0.96200039446728014 0.96293466270548078 0.96300071554365574 0.95958354391887335 0.95782791761386332 0.96225341579361456 0.96400657928835753 0.9626446260656617 0.96002271391134264 0.964125277970865 0.96353872260526907 0.95267394809913886 0.95700314202203174 0.96416917409824254 0.9635453836184894 0.93904513670390266 0.95801423295272559 0.93671016804238028 0.96194453487377107 0.96349895925988183 0.95527498701029467 0.95629670397427213 0.95617941078344193 0.96337633660901822 0.96202557919752052 0.94968679781188536 0.96135504391631321 0.96234560469755948 0.96376805258643583 0.96325914440363081 0.96438805777136749 0.96104684052028322 0.95966851029542666 0.95620208003615803 0.94710797594128848 0.96029093230068396 0.96146040971321478 0.96300243939435271 0.95965281429352411 0.95574592072054798 0.9599140302016248 0.95475191681925908 0.96126945530123997 0.95799163734412629 0.9539931333856706
leaf_weight=25919 25 25 51 128 102 6445 85 835 1387 1936 783 4582 24 5042 2135 316 9275 221 7055 4027 1749 477 276 5206 4058 832 207 4637 304 467 20400 107 28 20 27 8829 4327 92 163 22 2135 3999 27 67 687 38 9548 1819 275 159 37 63 95 379 646 288 73 186 22 525 538 293
leaf_count=25919 25 25 51 128 102 6445 85 835 1387 1936 783 4582 24 5042 2135 316 9275 221 7055 4027 1749 477 276 5206 4058 832 207 4637 304 467 20400 107 28 20 27 8829 4327 92 163 22 2135 3999 27 67 687 38 9548 1819 275 159 37 63 95 379 646 288 73 186 22 525 538 293
internal_value=0.962971 0.963785 0.961266 0.961017 0.955722 0.963422 0.961109 0.961235 0.960259 0.961015 0.958681 0.961489 0.96276 0.961674 0.963709 0.957532 0.961156 0.958899 0.96332 0.963071 0.959773 0.957743 0.959082 0.963389 0.962021 0.961546 0.960224 0.963313 0.954766 0.959037 0.963945 0.963663 0.947635 0.948912 0.944589 0.962227 0.963398 0.959391 0.959407 0.949267 0.962819 0.961974 0.956236 0.958225 0.961892 0.958395 0.963204 0.963763 0.962877 0.961246 0.951633 0.949667 0.962935 0.960895 0.961961 0.961681 0.959381 0.958718 0.961526 0.960997 0.957028 0.956361
internal_weight=144525 97853 46672 41605 713 71934 40892 38688 7972 6241 2719 30716 21758 27728 50176 1731 14317 2204 12380 13517 2988 1529 1111 12261 9378 5320 1297 5067 620 2216 36659 16259 222 194 74 13411 10448 491 995 47 3522 4023 119 92 772 389 9814 6146 4302 266 120 83 302 430 3069 2423 297 259 675 547 1308 770
internal_count=144525 97853 46672 41605 713 71934 40892 38688 7972 6241 2719 30716 21758 27728 50176 1731 14317 2204 12380 13517 2988 1529 1111 12261 9378 5320 1297 5067 620 2216 36659 16259 222 194 74 13411 10448 491 995 47 3522 4023 119 92 772 389 9814 6146 4302 266 120 83 302 430 3069 2423 297 259 675 547 1308 770
is_linear=0
shrinkage=1


Tree=1
num_leaves=63
num_cat=0
split_feature=14 0 0 0 22 0 0 0 19 22 24 0 0 0 0 0 0 0 0 0 0 25 0 0 0 22 0 0 0 0 22 0 0 0 14 0 0 0 0 0 0 0 0 14 0 0 0 14 0 0 25 0 0 0 20 0 0 0 0 14 0 0
split_gain=24.8388 7.62841 6.90516 5.53843 4.29413 5.5954 10.1964 3.80312 3.25879 2.92966 2.53749 2.0677 4.57425 3.7558 2.92586 2.80765 2.37965 1.92599 1.67052 2.30579 1.50554 1.46598 1.41751 1.7894 1.38893 1.19419 1.30219 3.03541 1.09689 1.49522 1.51777 1.0418 0.993079 0.926975 1.12211 0.917536 0.836554 0.710251 0.684043 1.1965 0.960529 0.635422 0.973349 0.58526 0.978177 0.698958 0.583167 0.570876 0.476856 0.47068 0.459872 0.397501 0.75564 0.311573 0.275498 0.250951 0.24846 0.241426 0.208537 0.207245 0.218029 0.192342
threshold=77.036877394636022 65.500000000000014 1238.5000000000002 31.000000000000004 463.83332824707037 326.50000000000006 848.50000000000011 897.50000000000011 1.0000000180025095e-35 913.18331909179699 1.4638453125953677 455.50000000000006 297.50000000000006 848.50000000000011 46.500000000000007 869.50000000000011 312.50000000000006 1322.5000000000002 1162.5000000000002 1217.5000000000002 897.50000000000011 512.47799682617199 419.50000000000006 331.50000000000006 254.50000000000003 0.15000000596046451 238.50000000000003 353.50000000000006 46.500000000000007 39.500000000000007 38.81666564941407 238.50000000000003 1121.5000000000002 852.50000000000011 309.43501589825127 320.50000000000006 276.50000000000006 1217.5000000000002 600.50000000000011 419.50000000000006 850.50000000000011 433.50000000000006 411.50000000000006 58.911306179775288 353.50000000000006 850.50000000000011 276.50000000000006 9.3578167115902975 328.50000000000006 2033.5000000000002 65.103450775146499 419.50000000000006 523.50000000000011 7.0000000000000009 89.785713195800795 317.50000000000006 286.50000000000006 850.50000000000011 207.50000000000003 7.445195195195196 93.500000000000014 1333.5000000000002
decision_type=2 2 2 2 2 2 2 2 2 2 2 2 2 2 2 2 2 2 2 2 2 2 2 2 2 2 2 2 2 2 2 2 2 2 2 2 2 2 2 2 2 2 2 2 2 2 2 2 2 2 2 2 2 2 2 2 2 2 2 2 2 2
left_child=1 3 4 53 11 9 41 57 25 21 -5 12 14 -13 54 33 -14 31 32 -20 -17 56 23 -18 -16 -3 -27 36 29 -12 47 58 -9 34 -15 -11 -28 -22 39 -29 -40 42 -7 44 46 -46 -33 -31 -38 -19 -30 -45 -53 -1 -2 -23 -6 -8 59 -10 -61 -4
right_child=2 8 61 10 5 6 7 18 17 35 28 13 16 15 24 20 22 49 19 -21 37 55 -24 -25 -26 26 27 38 50 30 -32 43 -34 -35 -36 -37 48 -39 40 -41 -42 -43 -44 51 45 -47 -48 -49 -50 -51 -52 52 -54 -55 -56 -57 -58 -59 -60 60 -62 -63
leaf_value=-0.00013940230846285837 -0.0087828804596062123 0.0010127524055747828 0.00083601172818408866 0.0013774205071357965 -0.000771911334998213 0.00022888702185456676 -0.0089668950568036962 -0.0031466629953202721 0.00098139087443835523 -0.0058658665831577018 -0.0017387262871447441 0.001092647493318606 -0.0060416933793141199 -0.0012830617405732462 0.0010566929479487344 0.0013914621307803852 -0.0030861441289039507 0.00091015548771057684 0.00014937994039070185 -0.0059320832427693128 -0.0010804881072087023 0.00064358836340612665 -0.0046549138495799855 -0.0001164696682846269 -0.0012231013595069031 0.0011756550243764282 6.381676439813111e-05 0.00090561231428767019 -0.002408610309817 -0.0058137833372524251 -0.0084761182188228135 -6.2172248161367338e-05 -0.0058590571735119409 -0.0064236457078953148 -0.0093137333237507062 -0.0097826991964037255 -0.0019235750275283952 -0.0041775632883096761 0.0011708638413537413 -0.00031503046188784215 0.00051454105627539361 0.00041418777648257225 -0.0024102097168966375 0.00034573104928987963 0.00026568835539850808 -0.00032284804394915609 -0.0014533404358387774 -0.0031466757282624679 -0.00057729232897653566 -0.00028135777555343884 0.00076958422139470056 -0.0037123163107199322 -0.00090155138394267898 0.0011941371321788959 -0.0042627295102456745 -0.0021934361511358898 -0.0047645597559976254 -0.0067622193446948021 0.0014268431253060335 0.00081991095682398612 -0.0004711625707430011 0.00010483517235289157
leaf_weight=700 41 14526 2695 341 44 782 257 873 1097 316 505 2240 587 279 1558 626 1285 6358 615 208 6232 175 610 844 1169 6486 1604 3174 1318 313 251 1160 566 304 52 304 1614 192 6718 5456 33262 2227 627 441 9378 10911 2190 607 1132 946 122 281 1679 1143 302 138 867 314 756 552 800 1375
leaf_count=700 41 14526 2695 341 44 782 257 873 1097 316 505 2240 587 279 1558 626 1285 6358 615 208 6232 175 610 844 1169 6486 1604 3174 1318 313 251 1160 566 304 52 304 1614 192 6718 5456 33262 2227 627 441 9378 10911 2190 607 1132 946 122 281 1679 1143 302 138 867 314 756 552 800 1375
internal_value=-2.79504e-08 0.000326256 -0.00131676 -0.00152654 -0.00163203 -0.00255751 -0.00186365 -0.00411251 0.000415152 -0.00498874 -0.00270695 -0.00116032 -0.00186185 -0.000707717 -0.000468142 -0.00123314 -0.00314674 2.87557e-05 -0.00318808 -0.00138207 -0.00094538 -0.0035623 -0.00252429 -0.00191128 7.75569e-05 0.000606 0.000506522 0.000424477 -0.00315556 -0.00402853 -0.00501152 -0.000152493 -0.00421733 -0.00441943 -0.00256221 -0.00779571 -0.000840447 -0.0011739 0.000537776 0.000133332 0.000624953 -0.000110006 -0.000942041 -0.00025733 -0.000181524 -5.05678e-05 -0.000973131 -0.00406004 -0.00137045 0.000755147 -0.00213584 -0.00100155 -0.00130724 0.000684945 -0.00482001 -0.000591572 -0.00457731 -0.00776467 0.000697705 0.000470532 5.22858e-05 0.00059023
internal_weight=144525 115821 28704 5300 24634 8313 6469 2833 110521 1844 3457 16321 6396 9925 3070 7685 3326 36549 2262 823 7050 1224 2739 2129 2727 73972 59446 52960 3116 1676 1171 29245 1439 635 331 620 4350 6424 48610 8630 39980 3636 1409 26040 23639 20289 3350 920 2746 7304 1440 2401 1960 1843 343 313 911 571 3205 2449 1352 4070
internal_count=144525 115821 28704 5300 24634 8313 6469 2833 110521 1844 3457 16321 6396 9925 3070 7685 3326 36549 2262 823 7050 1224 2739 2129 2727 73972 59446 52960 3116 1676 1171 29245 1439 635 331 620 4350 6424 48610 8630 39980 3636 1409 26040 23639 20289 3350 920 2746 7304 1440 2401 1960 1843 343 313 911 571 3205 2449 1352 4070
is_linear=0
shrinkage=0.05


Tree=2
num_leaves=63
num_cat=0
split_feature=12 12 13 12 0 13 0 12 12 13 12 0 13 0 13 0 25 13 12 13 13 12 0 24 0 0 12 12 13 3 2 20 15 13 13 25 13 25 13 21 13 12 0 2 13 23 20 0 24 21 13 13 13 0 21 12 20 3 23 13 12 0
split_gain=67.5531 12.5587 8.19516 7.63056 7.21407 5.0134 3.63134 3.14312 2.63943 2.62681 4.87173 3.75484 5.10548 4.3802 2.19717 2.16633 1.78185 1.65511 1.59678 1.27398 1.06272 1.07323 1.02321 1.0153 0.898201 1.31533 0.867871 0.824744 1.84849 0.75295 0.968227 0.800255 0.766724 0.724887 0.807553 0.718186 0.666707 0.65024 0.612978 0.557892 0.55628 0.523472 0.468108 0.462414 0.452193 0.410598 0.373144 0.369612 0.347627 0.962644 0.33507 0.328227 0.516385 0.320511 0.317379 0.301492 0.303093 0.299393 0.37733 0.29042 0.281455 0.272631
threshold=1470.5000000000002 744.50000000000011 0.85582108717363403 1747.5000000000002 1238.5000000000002 1.5689315775183277 46.500000000000007 1398.0000000000002 1468.5000000000002 5.597182034465022 1473.5000000000002 326.50000000000006 1096.8329721921275 848.50000000000011 0.01811713126860948 39.500000000000007 12.483206748962404 2.6046396683673474 1471.5000000000002 0.32389916115969125 0.72632661901667761 1444.0000000000002 1371.5000000000002 19.903200149536136 1063.5000000000002 1170.5000000000002 1471.5000000000002 1414.5000000000002 7.209014681830797 2.5000000000000004 6.5000000000000009 0.78571429848670971 1.5000000000000002 33.630190872809308 27.001027904328023 28.619913101196293 0.53867423167169137 1.6926137208938601 0.026721807579183601 0.96428570151329052 593.01489036182454 1240.5000000000002 869.50000000000011 7.5000000000000009 1.4503023970108611 0.80164620280265819 0.21428572386503222 69.500000000000014 0.3944759219884873 0.25000000745058065 1.9518080787228189 8.1652845383942267 7.3987979554969572 46.500000000000007 0.32142858207225805 1165.5000000000002 1.7857142686843874 1.5000000000000002 0.92546257376670849 0.67630541121511156 1465.5000000000002 1165.5000000000002
decision_type=2 2 2 2 2 2 2 2 2 2 2 2 2 2 2 2 2 2 2 2 2 2 2 2 2 2 2 2 2 2 2 2 2 2 2 2 2 2 2 2 2 2 2 2 2 2 2 2 2 2 2 2 2 2 2 2 2 2 2 2 2 2
left_child=1 -1 3 29 6 7 15 14 27 17 26 12 -12 -13 41 -4 51 44 -17 55 21 38 37 50 42 -26 35 -7 47 30 31 -2 39 34 -18 -11 46 -23 -9 45 -28 43 -19 -3 -8 -31 48 53 -5 -50 -6 52 -10 -29 -48 -16 -57 58 -56 -24 -49 -36
right_child=2 5 4 36 23 8 9 20 16 10 11 13 -14 -15 19 18 33 24 -20 -21 -22 22 59 -25 25 -27 40 28 -30 32 -32 -33 -34 -35 61 -37 -38 -39 -40 -41 -42 -43 -44 -45 -46 -47 54 60 49 -51 -52 -53 -54 -55 57 56 -58 -59 -60 -61 -62 -63
leaf_value=0.0016901794032117463 -0.019458284913813427 -0.0019267065837711046 -0.001309186135606295 -0.0020739104613033748 -0.0058702221610483132 0.0013768717735115742 -0.0044602640747988974 -0.0089439600505151189 -0.00098374933088867769 -0.00086863874367771481 -0.0025456909858220522 -0.00060605690866577403 -0.0074064533655883004 -0.0022573115231411373 0.00025243347605473642 -0.00076395904595356261 0.00033719377662104146 -0.0035619474487343771 -0.0053865116813740753 0.00095738532196620602 -0.00031252936078366166 -0.002824319608347474 0.00093943169724314431 0.00051139473534956388 -0.0072452369421387572 -0.0011360156468464128 -0.00089831716829367233 0.00048570943003682117 0.0010804144306144519 -0.009756705599397484 -0.024082487047516227 -0.0058098226499098994 -0.019350580786945813 0.00087439154145777247 -0.0014091154472357162 0.00038789947351723316 1.0151775702356089e-05 -0.0063140495650008876 -0.0009203340020796923 -0.015159622038046409 -0.0022258674161745643 -0.012673224940401163 -0.0013736017127449365 -0.0095681427100559532 -0.00057900111811927033 -0.0010839692700954412 0.0007433190992016677 0.00043003702789202688 -0.016015404044199235 -0.003542688901734814 -0.0015013660079052499 0 -0.003305656474133706 -0.0030174448989603339 -0.0098058120184947584 -0.00035829481365327377 -0.0056807482264578562 -0.0029594999814662143 -0.0021925673836080475 -0.0024366851344001287 -0.00022369653428928426 0.00055816290867339528
leaf_weight=25919 24 61 675 26 51 7395 85 24 2110 2082 4278 6781 620 9885 3559 221 4673 1445 1308 5250 4248 832 211 4641 346 121 8679 107 18726 48 41 22 30 4505 1063 2500 109 163 3999 36 875 27 304 31 687 21 37 8001 29 36 375 661 273 159 44 3469 27 181 29 91 2062 207
leaf_count=25919 24 61 675 26 51 7395 85 24 2110 2082 4278 6781 620 9885 3559 221 4673 1445 1308 5250 4248 832 211 4641 346 121 8679 107 18726 48 41 22 30 4505 1063 2500 109 163 3999 36 875 27 304 31 687 21 37 8001 29 36 375 661 273 159 44 3469 27 181 29 91 2062 207
internal_value=-5.49144e-08 0.000746466 -0.00156532 -0.00688628 -0.00148265 0.000406359 -0.00170318 -0.000222496 0.000683376 -0.00159048 -0.00147101 -0.00194406 -0.00316214 -0.00158576 0.000301765 -0.00367898 8.55148e-05 -0.00301617 -0.00472174 0.000367563 -0.000903766 -0.00137491 -0.00262787 0.000296087 -0.00371158 -0.00567362 -0.000749022 0.000904537 0.000784144 -0.0145836 -0.0183368 -0.013066 -0.0121161 0.000396008 3.2526e-05 -0.00018197 -0.00339358 -0.00340161 -0.000969664 -0.00998508 -0.00102045 -0.00645454 -0.00318454 -0.00456342 -0.00101334 -0.00719492 -0.00437764 0.00024653 -0.00722358 -0.0092003 -0.00203739 -0.000978533 -0.00125198 -0.00158984 -0.00346832 -7.06543e-05 -0.000400992 -0.00410156 -0.00685691 -6.17941e-05 0.000295583 -0.00108451
internal_weight=144525 97853 46672 713 45959 71934 40892 21992 49942 38688 35700 21564 4898 16666 12424 2204 13492 2988 1529 12305 9568 5320 1297 5067 2216 467 14136 36450 29055 222 87 46 135 10448 5943 4582 491 995 4023 105 9554 119 1749 92 772 69 382 10329 91 65 426 3044 2383 266 291 7055 3496 254 73 302 10063 1270
internal_count=144525 97853 46672 713 45959 71934 40892 21992 49942 38688 35700 21564 4898 16666 12424 2204 13492 2988 1529 12305 9568 5320 1297 5067 2216 467 14136 36450 29055 222 87 46 135 10448 5943 4582 491 995 4023 105 9554 119 1749 92 772 69 382 10329 91 65 426 3044 2383 266 291 7055 3496 254 73 302 10063 1270
is_linear=0
shrinkage=0.05


Tree=3
num_leaves=63
num_cat=0
split_feature=12 12 0 25 25 0 12 22 0 0 0 25 12 12 12 12 0 22 0 14 12 25 12 14 8 25 0 25 14 0 0 0 14 12 0 0 20 12 0 14 12 0 0 22 20 8 10 12 3 18 3 22 12 0 25 0 2 20 22 14 14 0
split_gain=60.9746 11.3345 7.11702 5.72232 4.46201 3.41382 3.29798 2.77543 5.25648 7.52181 3.60154 2.64632 2.485 3.62174 2.1784 1.99231 2.12072 1.79916 1.76519 1.6539 1.4402 1.30507 1.10996 1.64141 0.98358 0.900137 0.828323 0.826488 0.808053 1.13542 1.10605 1.3514 0.807197 0.708787 0.664348 0.646543 0.609504 0.562199 0.85141 0.554753 1.0708 0.549148 0.534337 0.530676 0.441501 0.402396 0.412682 0.375927 0.487379 0.353692 0.340063 0.372739 0.335323 0.329749 0.305541 0.286011 0.268256 0.267517 0.860337 0.265049 0.264109 0.25551
threshold=1470.5000000000002 744.50000000000011 1238.5000000000002 1.1950566768646242 4.2435889244079599 46.500000000000007 1398.0000000000002 508.94999694824224 326.50000000000006 848.50000000000011 1162.5000000000002 8.1988573074340838 1747.5000000000002 1471.5000000000002 1468.5000000000002 1473.5000000000002 455.50000000000006 913.18331909179699 39.500000000000007 0.42933947772657455 1471.5000000000002 12.483206748962404 1747.5000000000002 0.66838487972508598 0.6078576107927941 21.441031455993656 320.50000000000006 512.47799682617199 0.22068372803666922 1794.0000000000002 1729.5000000000002 1742.5000000000002 0.014389233954451347 1471.5000000000002 1101.5000000000002 690.50000000000011 0.78571429848670971 1468.5000000000002 85.500000000000014 6.9602631578947376 1425.5000000000002 1101.5000000000002 433.50000000000006 1.0000000180025095e-35 1.0000000180025095e-35 1.0000000180025095e-35 0.68301270189221941 1380.0000000000002 5.5000000000000009 1.0000000180025095e-35 1.5000000000000002 0.45000000298023229 1240.5000000000002 575.50000000000011 83.492202758789077 523.50000000000011 6.5000000000000009 179.78571319580081 38.81666564941407 1.1184618188445417 3.4326341266639777 288.50000000000006
decision_type=2 2 2 2 2 2 2 2 2 2 2 2 2 2 2 2 2 2 2 2 2 2 2 2 2 2 2 2 2 2 2 2 2 2 2 2 2 2 2 2 2 2 2 2 2 2 2 2 2 2 2 2 2 2 2 2 2 2 2 2 2 2
left_child=1 -1 3 12 6 18 19 11 17 42 -11 22 13 -2 39 33 -17 27 59 32 -20 61 23 -7 45 -4 -19 -9 29 30 34 -32 43 -13 -8 53 -26 60 -39 40 -6 44 -10 52 -14 46 -15 -34 -49 -43 51 -46 -3 55 -37 -23 -45 58 -22 -5 -30 -16
right_child=2 4 25 5 14 7 28 8 9 10 -12 15 41 24 21 16 -18 26 20 -21 57 35 -24 -25 36 -27 -28 -29 37 -31 31 -33 47 -35 -36 54 -38 38 -40 -41 -42 49 -44 56 50 -47 -48 48 -50 -51 -52 -53 -54 -55 -56 -57 -58 -59 -60 -61 -62 -63
leaf_value=0.001605670761730476 3.7334727246151522e-06 -0.0033942437596944869 -0.0019046337342613876 0.00070891009762246793 0.0012102940942697133 -0.017101759138689221 -0.0025899186164095767 -0.0043507474949255852 -0.00091348556312748075 -0.0049026522252433999 -0.00079171124335617685 -0.00023017877954388256 -0.010516920763245676 -0.014621611241416142 0.00066175684866366896 -0.0023912878467043899 -0.0011257230655801664 -0.0052024603967178625 -0.0007257784217531186 0.0010800889827660384 -0.0045586970965020967 -0.00012164445430897191 -0.00049678989638622271 -0.0030407969007192098 -0.025436254585040487 0.00048498779167672991 -0.0089235245456275314 -0.00083494374177252968 -0.00047447246685674432 0.00031268035666076762 -0.014081238954352926 -0.0032817999299768041 0.00016549269164695712 -0.00098978968941752549 -0.00057249410587528911 0.0004981778561258301 -0.013140556843006782 -0.0081170917088412477 -0.0013332764514772423 0.0010560571668535197 0.00028070404186294063 0.0001961089530640467 0.00036352607932991371 0.00081905375395654057 -0.0028807134235499005 -0.0056404710888202777 -0.0074692743396164918 -0.00049606985295568473 -0.0042607729873158457 -0.0059304762705913016 -0.0029802012426552562 -0.011269937135348811 -0.0098243999988790534 -0.0017678962030553984 0.0013123255764780264 0.0012610279238580249 -0.0026427131560539984 -0.0037936067157219571 -0.0078254588139590169 -0.0018417925718075207 0.00079225046094804025 -0.0010465734407988918
leaf_weight=25919 64 144 430 124 5037 21 1061 774 1367 1854 752 4699 35 88 238 5116 9458 316 221 5256 699 3610 469 2455 26 4637 304 218 7960 609 41 105 7306 8970 675 4588 21 49 924 20280 8097 102 2038 129 26 27 31 609 101 30 149 32 25 275 1558 417 97 315 294 510 431 2312
leaf_count=25919 64 144 430 124 5037 21 1061 774 1367 1854 752 4699 35 88 238 5116 9458 316 221 5256 699 3610 469 2455 26 4637 304 218 7960 609 41 105 7306 8970 675 4588 21 49 924 20280 8097 102 2038 129 26 27 31 609 101 30 149 32 25 275 1558 417 97 315 294 510 431 2312
internal_value=-1.12127e-07 0.000709127 -0.00148722 -0.00170271 0.000386017 -0.00162976 -0.00014486 -0.00152179 -0.00237784 -0.00169659 -0.00371837 -0.00131238 -0.00643029 -0.0102265 0.000678054 -0.00116334 -0.00157034 -0.0049148 -0.0035647 0.000384256 -0.00448583 0.000128379 -0.00273992 -0.00316276 -0.013643 0.000281177 -0.00703619 -0.00358332 -0.000755269 -0.00155668 -0.00216424 -0.0063563 -4.99798e-05 -0.000729027 -0.00180845 0.000376231 -0.0200882 -0.00054153 -0.00168084 0.000891726 0.000637597 -0.00380628 -0.000147697 -0.00225657 -0.00522695 -0.0115217 -0.0128082 5.81562e-05 -0.00103918 -0.00116188 -0.00430372 -0.00760674 -0.00438027 -9.28668e-05 0.000705394 2.03189e-05 -0.000645146 -0.00511721 -0.00553162 -0.001335 -0.000408803 -0.000885149
internal_weight=144525 97853 46672 41605 71934 40974 25522 38811 7623 6011 2606 31188 631 257 46412 28243 14574 1612 2163 13667 1529 12998 2945 2476 193 5067 620 992 11855 2491 1882 146 8411 13669 1736 10448 47 9364 973 33414 13134 374 3405 395 242 146 119 8016 710 132 207 58 169 4302 6146 4027 226 1308 993 634 8391 2550
internal_count=144525 97853 46672 41605 71934 40974 25522 38811 7623 6011 2606 31188 631 257 46412 28243 14574 1612 2163 13667 1529 12998 2945 2476 193 5067 620 992 11855 2491 1882 146 8411 13669 1736 10448 47 9364 973 33414 13134 374 3405 395 242 146 119 8016 710 132 207 58 169 4302 6146 4027 226 1308 993 634 8391 2550
is_linear=0
shrinkage=0.05


Tree=4
num_leaves=63
num_cat=0
split_feature=12 12 13 12 0 13 0 12 22 0 0 0 13 12 12 25 22 13 0 13 25 12 13 0 13 12 0 24 0 22 0 13 12 3 13 13 12 25 13 13 13 12 10 10 13 0 14 3 0 0 0 0 23 24 25 8 13 11 3 12 12 12
split_gain=55.0368 10.2296 6.75268 6.26655 5.87432 4.1295 2.9593 2.60068 2.5742 4.40099 7.4366 3.13327 3.06521 2.1317 2.06445 2.1764 1.91812 1.89436 1.765 1.45729 1.4226 1.29919 1.04739 0.985627 0.852023 0.929874 0.88295 0.84058 0.797982 0.772312 0.707394 0.689645 1.52223 0.629485 0.614972 0.695031 0.584303 0.569503 0.561752 0.543905 0.524072 0.451301 0.761379 0.40074 0.386652 0.333646 0.330997 0.29392 0.287787 0.276399 0.362915 0.343309 0.277272 0.275818 0.27201 0.317008 0.268594 0.270451 0.270342 0.267745 0.266757 0.252713
threshold=1470.5000000000002 744.50000000000011 0.85582108717363403 1747.5000000000002 1238.5000000000002 1.5068359635771318 46.500000000000007 1398.0000000000002 486.01667785644537 326.50000000000006 848.50000000000011 897.50000000000011 5.597182034465022 1468.5000000000002 1473.5000000000002 212.49812316894534 716.91665649414074 0.01811713126860948 39.500000000000007 2.6046396683673474 12.483206748962404 1471.5000000000002 0.32389916115969125 286.50000000000006 0.72632661901667761 1444.0000000000002 1371.5000000000002 15.809129238128664 1063.5000000000002 1.1499999761581423 320.50000000000006 7.209014681830797 1411.5000000000002 2.5000000000000004 33.630190872809308 27.001027904328023 1471.5000000000002 1.6926137208938601 0.53867423167169137 0.026721807579183601 1174.3343828736549 1240.5000000000002 -0.5 1.0000000180025095e-35 1.4503023970108611 69.500000000000014 0.58380149812734095 3.5000000000000004 46.500000000000007 288.50000000000006 876.50000000000011 503.50000000000006 1.0000000180025095e-35 1.3393828868865969 1.068082928657532 -0.8783796973249266 1.9518080787228189 -0.68301270189221952 4.5000000000000009 1165.5000000000002 1465.5000000000002 1423.5000000000002
decision_type=2 2 2 2 2 2 2 2 2 2 2 2 2 2 2 2 2 2 2 2 2 2 2 2 2 2 2 2 2 2 2 2 2 2 2 2 2 2 2 2 2 2 2 2 2 2 2 2 2 2 2 2 2 2 2 2 2 2 2 2 2 2
left_child=1 -1 3 29 6 7 18 17 12 16 40 -12 19 31 36 -16 23 41 -4 44 49 -20 59 -10 25 39 37 56 -21 33 -18 32 -7 43 35 -22 -14 -27 53 -9 -11 42 -3 -2 -8 48 -28 -35 -34 -15 51 -51 -52 -5 55 -49 58 -58 -6 -19 -47 -26
right_child=2 5 4 38 27 13 8 24 9 10 11 -13 14 20 15 -17 30 22 21 28 34 -23 -24 -25 61 26 46 -29 -30 -31 -32 -33 45 47 -36 -37 -38 -39 -40 -41 -42 -43 -44 -45 -46 60 -48 54 -50 50 52 -53 -54 -55 -56 -57 57 -59 -60 -61 -62 -63
leaf_value=0.0015253875412875042 -0.020516765550818553 -0.011699544907031782 -0.0011806898560739547 -0.0045154334099834085 -0.0023318800883565297 0.0012552032011342502 -0.0040568661371510164 -0.0083877251541466143 0.0011559147216397368 0.00023269886684841373 -0.0069882729307045206 -0.0027299762910195161 -0.00015689243491238952 0.00063426983445145706 -0.0018796499695974756 -0.00052615050570336305 -0.0049218885447207253 0.00023647970305780069 -0.00068950585861724467 -0.0029051268979289179 0.00030527898007264958 -0.0048617903928919754 0.0008664174023492948 -0.0035678729432753031 0.00043747953660445315 -0.0025973636579547932 0.0010698045360644851 0.00044338002234106823 -0.0052518028341067523 -0.021232574478162989 -0.0079842893118678045 0.0010080296277059744 0.00044668532575782392 -0.0044682928691228549 0.00079803802285536261 -0.0010136819434566188 -0.00085424451669302874 -0.0058650134551578104 4.4231797337163271e-05 -0.0008292676215119791 -0.0012172831560517741 -0.011788128977607098 -0.00137450276317433 -0.012381974161684919 -0.00046785071134799582 0.00039782056062968754 -0.0024925423842844033 -0.007637992952621824 -0.0028706800515133023 -0.00081368830930009207 -0.0037354735666718306 -0.0023885954966496197 -0.00027947244167539619 -0.00048530330012718685 -0.0063105393503534836 -0.015386253630831129 -0.0036905088276955097 -0.000435295157657972 -0.01008064692182031 -0.00037926678318250188 -0.00022957254745673429 -0.00050340849035832827
leaf_weight=25919 30 25 675 330 31 5416 85 24 126 2714 542 2177 4582 275 10092 4225 442 3559 221 1749 4673 1308 5206 812 918 832 207 4717 467 28 351 20400 107 25 4505 1270 8829 163 109 3999 808 27 67 44 687 8470 95 24 159 726 61 685 1322 52 27 44 96 203 20 3496 2107 3140
leaf_count=25919 30 25 675 330 31 5416 85 24 126 2714 542 2177 4582 275 10092 4225 442 3559 221 1749 4673 1308 5206 812 918 832 207 4717 467 28 351 20400 107 25 4505 1270 8829 163 109 3999 808 27 67 44 687 8470 95 24 159 726 61 685 1322 52 27 44 96 203 20 3496 2107 3140
internal_value=-1.58868e-07 0.000673661 -0.001413 -0.00624319 -0.00133795 0.000366699 -0.00153695 -0.000208423 -0.00143519 -0.00223653 -0.00161652 -0.00358088 -0.00122704 0.000616191 -0.00106278 -0.00148058 -0.00446881 0.000267042 -0.00332074 -0.00274963 7.90759e-05 -0.00426209 0.000328385 -0.00292795 -0.00083662 -0.00125313 -0.0024195 0.000267068 -0.00340214 -0.0132193 -0.00628452 0.0008141 0.000570466 -0.0120267 0.00035742 2.25676e-05 -0.000616363 -0.00313823 -0.00307677 -0.000875809 -9.85544e-05 -0.00600626 -0.00424417 -0.0157706 -0.000869964 0.000227976 -3.47046e-05 -0.00966511 -0.00151779 -0.000866862 -0.00101642 -0.00158192 -0.00043578 -0.00398019 -0.010974 -0.0127402 -0.00209428 -0.00149805 -0.00548224 -6.79366e-05 0.000272366 -0.000289323
internal_weight=144525 97853 46672 713 45959 71934 40892 21758 38688 7972 6241 2719 30716 50176 27728 14317 1731 12380 2204 2988 13517 1529 12261 938 9378 5320 1297 5067 2216 222 793 36659 16259 194 10448 5943 13411 995 491 4023 3522 119 92 74 772 10843 302 120 266 3069 2794 1411 1383 382 95 68 350 299 51 7055 10577 4058
internal_count=144525 97853 46672 713 45959 71934 40892 21758 38688 7972 6241 2719 30716 50176 27728 14317 1731 12380 2204 2988 13517 1529 12261 938 9378 5320 1297 5067 2216 222 793 36659 16259 194 10448 5943 13411 995 491 4023 3522 119 92 74 772 10843 302 120 266 3069 2794 1411 1383 382 95 68 350 299 51 7055 10577 4058
is_linear=0
shrinkage=0.05


Tree=5
num_leaves=63
num_cat=0
split_feature=12 12 13 12 0 13 0 0 0 0 13 0 0 0 13 12 13 13 12 13 0 13 13 0 13 13 14 13 12 0 0 0 0 24 13 12 13 24 13 20 8 13 0 2 23 24 19 12 13 12 10 0 14 20 20 0 20 0 24 12 23 13
split_gain=49.6774 9.23254 6.1019 5.66461 5.33404 3.72753 3.00457 3.07245 5.18879 4.22867 3.17253 3.17057 8.53009 2.86267 2.43087 2.34742 2.22937 1.93773 1.9241 1.7182 1.42365 1.27247 1.20245 1.03652 0.992688 0.911852 0.899518 0.824557 0.834486 0.824059 0.797309 0.73013 0.682064 0.681561 0.636925 0.623948 1.38779 0.616215 0.703826 0.600954 0.733653 0.574878 1.76628 0.5431 0.633852 0.581067 0.543369 0.509617 0.48971 0.405993 0.686655 0.405073 0.372513 0.344176 0.342599 0.297125 0.311169 0.297114 0.283758 0.413683 0.28282 0.27109
threshold=1470.5000000000002 744.50000000000011 0.85582108717363403 1747.5000000000002 1127.5000000000002 1.5068359635771318 1121.5000000000002 328.50000000000006 291.50000000000006 65.500000000000014 5.597182034465022 848.50000000000011 857.50000000000011 455.50000000000006 1096.8329721921275 1395.0000000000002 593.01489036182454 1241.1937533749906 1468.5000000000002 0.01811713126860948 1063.5000000000002 32.090363027915451 3.4706893066504958 1256.5000000000002 21.524571428571431 0.32389916115969125 349.24499105545624 0.72632661901667761 1444.0000000000002 406.50000000000006 1699.5000000000002 1217.5000000000002 320.50000000000006 1.5949746370315554 1.9518080787228189 1414.5000000000002 7.209014681830797 10.592475891113283 27.001027904328023 1.3571428656578066 0.87837969732492682 57.42212993923706 1225.5000000000002 6.5000000000000009 0.80164620280265819 0.75043764710426342 1.0000000180025095e-35 2060.0000000000005 0.026721807579183601 1240.5000000000002 -0.5 1219.5000000000002 17.763708873379866 119.35714340209962 0.21428572386503222 665.50000000000011 1.7857142686843874 69.500000000000014 0.3944759219884873 2164.0000000000005 125.55827713012697 8.1652845383942267
decision_type=2 2 2 2 2 2 2 2 2 2 2 2 2 2 2 2 2 2 2 2 2 2 2 2 2 2 2 2 2 2 2 2 2 2 2 2 2 2 2 2 2 2 2 2 2 2 2 2 2 2 2 2 2 2 2 2 2 2 2 2 2 2
left_child=1 -1 3 39 6 15 7 8 9 24 20 13 -13 -12 26 19 -11 53 35 49 29 37 -22 31 -4 55 -10 28 48 -9 33 52 -16 -30 -25 -7 57 61 -39 40 43 51 -43 46 45 -45 -2 -5 -17 50 -3 -33 -6 -8 58 -21 -57 -37 -49 -60 -44 -20
right_child=2 5 4 47 23 18 17 10 14 16 11 12 -14 -15 32 27 -18 -19 21 25 22 -23 -24 34 -26 -27 -28 -29 30 -31 -32 41 -34 -35 -36 36 -38 38 -40 -41 -42 42 60 44 -46 -47 -48 54 -50 -51 -52 -53 -54 -55 -56 56 -58 -59 59 -61 -62 -63
leaf_value=0.0014491184446031417 -0.011240451464039809 -0.011116898766314366 -0.0019535653425165329 0.00017615117002223841 -0.0012013994129398946 0.0011809057172964032 -0.0018273687913931353 -0.0055850080792651108 -0.0035888154464830111 -0.00017989531240119078 -0.0011293485110078457 -0.0044594105788700487 -0.00079316341784456997 0.00057916881480539831 -0.0046964031256138995 -0.0079700789711905709 -0.0048996998100135636 -0.0072000999174134288 -0.0011619832120629465 -0.00073228205102060387 -0.0031983218379301858 0.0007426265792251697 -0.0082756307934726252 -0.0052142349467293866 -0.0037090854603339866 0.00083075124650449457 -0.0019907043289777325 -0.00025361823267350817 -0.0021977881835021844 -0.0018304274928785302 0.00075748443854473893 0.0012864278870635131 -0.0080784119671747819 -0.0053968570470149376 0.0003937052095248365 -0.0014410111299103104 0.00092588214963570568 0.00024746181581650418 -0.0011537807997831744 -0.020935486317104637 -0.019546559461258436 -0.0053789312171383542 -0.0016820010431263582 -0.010606110558549375 -0.0077011346289965893 -0.022516398590015269 -0.0034717213751034402 -0.0016484337988721424 -0.00079706169735082623 -0.011200897425853019 -0.0013058799178785078 -0.0011781017568127401 9.2429543364280645e-05 -0.0034573429624061925 -0.0028900278020601244 0.00013434451172407959 -0.0049594777020505101 0.00024911724865896986 -0.011551377844170232 -0.0032669400153317058 0.00023604137734104444 7.2167410314278948e-05
leaf_weight=25919 52 25 1859 102 737 7503 563 164 2321 4821 4760 1975 8094 5052 316 24 264 308 2144 1297 290 4674 201 51 1449 5090 1450 4174 908 1482 181 236 304 208 4505 266 18726 5058 1089 21 27 316 509 21 31 26 44 25 4094 27 67 559 2246 825 297 5633 30 10164 39 28 302 552
leaf_count=25919 52 25 1859 102 737 7503 563 164 2321 4821 4760 1975 8094 5052 316 24 264 308 2144 1297 290 4674 201 51 1449 5090 1450 4174 908 1482 181 236 304 208 4505 266 18726 5058 1089 21 27 316 509 21 31 26 44 25 4094 27 67 559 2246 825 297 5633 30 10164 39 28 302 552
internal_value=-2.09953e-07 0.00063996 -0.0013425 -0.00593413 -0.00127115 0.000348336 -0.00154542 -0.00144502 -0.00206201 -0.00133241 -0.00108656 -0.000889414 -0.00151282 -0.000249161 -0.00345538 -0.00019807 -0.00042601 -0.00360238 0.000585376 0.000262637 -0.00291818 7.50642e-05 -0.00528826 -0.000212548 -0.00272413 0.000322094 -0.00297572 -0.000783251 -0.00119057 -0.00220787 -0.00229876 -0.000717248 -0.00636378 -0.00279894 0.000329719 0.000773402 0.00066836 -0.000277217 0 -0.0125671 -0.011658 -0.00147767 -0.00220502 -0.0103946 -0.0135848 -0.0173348 -0.00773913 -0.00292298 -0.000840273 -0.00571119 -0.00403538 -0.000440135 -0.000225586 -0.00279997 -0.0037483 -4.91871e-05 0.00010639 0.000205521 -0.00645858 -0.00817377 -0.000961655 -0.000907446
internal_weight=144525 97853 46672 713 45959 71934 36498 34802 12784 8393 22018 19881 10069 9812 4391 21758 5085 1696 50176 12169 2137 13517 491 9461 3308 12050 3771 9589 5415 1646 1297 4905 620 1116 4556 36659 29156 8843 6147 222 201 1922 1127 174 78 47 96 491 4118 119 92 795 2983 1388 389 6960 5663 10430 92 67 811 2696
internal_count=144525 97853 46672 713 45959 71934 36498 34802 12784 8393 22018 19881 10069 9812 4391 21758 5085 1696 50176 12169 2137 13517 491 9461 3308 12050 3771 9589 5415 1646 1297 4905 620 1116 4556 36659 29156 8843 6147 222 201 1922 1127 174 78 47 96 491 4118 119 92 795 2983 1388 389 6960 5663 10430 92 67 811 2696
is_linear=0
shrinkage=0.05


Tree=6
num_leaves=63
num_cat=0
split_feature=12 12 13 12 0 13 0 0 0 0 13 0 0 0 13 12 13 12 13 13 0 25 13 0 13 13 25 0 13 0 12 13 0 0 25 12 13 21 3 2 0 13 0 13 0 12 10 14 19 14 20 13 20 21 24 21 0 0 0 25 0 17
split_gain=44.8411 8.33258 5.51632 5.1198 4.81458 3.36599 2.71194 2.77312 4.68293 3.81622 2.86414 2.86152 7.69817 2.58361 2.1938 2.10154 2.01201 1.75907 1.74805 1.55038 1.28469 1.19579 1.08427 0.935401 0.895392 0.865864 0.841271 0.743363 0.725889 0.757711 1.15151 0.921266 0.658916 0.614376 0.584657 0.584146 1.23854 0.550209 0.747187 0.833888 0.52523 0.518763 1.59394 0.463326 0.365674 0.365159 0.619224 0.336241 0.312923 0.3224 0.310089 0.284353 0.279835 0.288036 0.281436 0.83049 0.26884 0.264887 0.739381 0.272921 0.25975 0.258338
threshold=1470.5000000000002 744.50000000000011 0.85582108717363403 1747.5000000000002 1127.5000000000002 1.5689315775183277 1121.5000000000002 328.50000000000006 291.50000000000006 65.500000000000014 5.597182034465022 848.50000000000011 857.50000000000011 455.50000000000006 1096.8329721921275 1398.0000000000002 593.01489036182454 1468.5000000000002 1241.1937533749906 0.01811713126860948 1063.5000000000002 12.483206748962404 3.4706893066504958 1256.5000000000002 21.524571428571431 0.32389916115969125 326.72120666503912 406.50000000000006 0.72632661901667761 590.50000000000011 1466.5000000000002 0.09204280371755473 1217.5000000000002 320.50000000000006 14.528608322143556 1414.5000000000002 7.209014681830797 1.2500000000000002 2.5000000000000004 6.5000000000000009 690.50000000000011 57.42212993923706 1225.5000000000002 0.53867423167169137 1219.5000000000002 1240.5000000000002 -0.5 17.763708873379866 1.0000000180025095e-35 0.69752141982864146 119.35714340209962 73.342223741070654 0.21428572386503222 0.32142858207225805 0.3944759219884873 0.25000000745058065 69.500000000000014 1812.0000000000002 1729.5000000000002 0.60122093558311474 46.500000000000007 48.500000000000007
decision_type=2 2 2 2 2 2 2 2 2 2 2 2 2 2 2 2 2 2 2 2 2 2 2 2 2 2 2 2 2 2 2 2 2 2 2 2 2 2 2 2 2 2 2 2 2 2 2 2 2 2 2 2 2 2 2 2 2 2 2 2 2 2
left_child=1 -1 3 37 6 15 7 8 9 24 20 13 -13 -12 26 19 -11 35 50 45 27 -19 -22 32 -4 -21 -10 -9 29 30 31 -17 47 -16 -25 -7 56 38 39 -2 -23 44 -43 52 -34 46 -3 61 49 -40 -8 -42 54 -54 -5 -56 60 58 -31 -59 -37 -6
right_child=2 5 4 43 23 17 18 10 14 16 11 12 -14 -15 33 28 -18 21 -20 25 22 40 -24 34 -26 -27 -28 -29 -30 57 -32 -33 41 -35 -36 36 -38 -39 48 -41 51 42 -44 -45 -46 -47 -48 -49 -50 -51 -52 -53 53 -55 55 -57 -58 59 -60 -61 -62 -63
leaf_value=0.0013766628329102846 -0.0096856098917439178 -0.010563268013803133 -0.001855892332481355 -0.0014231907111018098 -0.00097630654170906142 0.0011360628024672326 -0.0017360166093231756 -0.0053059278562442797 -0.0033841970782761974 -0.00017090074167885115 -0.0010728822701865171 -0.0042364513905402646 -0.00075350571978782918 0.00055021095442348337 -0.004461657461774798 -0.0065190582894683567 -0.0046548075837163205 -0.00080185021040934034 -0.0068402121082330354 -6.1545542759801792e-05 -0.0030384608669773443 -9.8572099004710955e-05 -0.0078620548240276832 -0.0019529896186957941 -0.0035236439948975805 0.00078588435989394704 -0.0018134177722340572 -0.0017389122647863322 -0.00025254247766215893 -0.00076818193429546483 -0.0060225176171984623 -0.0012441132999261775 0.0012221337705371333 -0.0076746242123312053 0.00045545492379606709 0.00049635529142902704 0.00087958832842690128 -0.018912259945680295 -0.014153800029668782 -0.020731227363106872 0.00039856240711424584 -0.0051100697336563458 -0.00091327323039624259 5.2403447608353343e-05 -0.0011192071941243727 -0.010642919073575537 -0.0012406832348394324 8.7808265325816314e-05 -0.0054803097271983008 -0.0065732784082799429 -0.0032844967898130678 0.001146859297369529 0.0012124140849813941 -0.0034133836458408191 -0.014164432860219602 -0.002585222523587232 0.00023878796001434801 0.00084105732068129693 -0.0037054009987987865 -0.00067564406411958625 -0.002655231072681551 -0.0067746528938924661
leaf_weight=25919 39 25 1859 26 717 7395 563 164 2430 4821 4760 1975 8094 5052 316 89 264 3044 308 7055 290 4302 201 267 1449 5250 1341 1482 4248 2183 165 1292 236 304 4289 107 18726 27 36 35 4327 316 811 109 559 27 67 2246 56 29 825 1819 37 254 29 36 10063 437 239 915 159 20
leaf_count=25919 39 25 1859 26 717 7395 563 164 2430 4821 4760 1975 8094 5052 316 89 264 3044 308 7055 290 4302 201 267 1449 5250 1341 1482 4248 2183 165 1292 236 304 4289 107 18726 27 36 35 4327 316 811 109 559 27 67 2246 56 29 825 1819 37 254 29 36 10063 437 239 915 159 20
internal_value=-2.59545e-07 0.00060795 -0.00127554 -0.00564139 -0.00120769 0.000330899 -0.00146827 -0.00137287 -0.00195906 -0.00126588 -0.00103229 -0.000844957 -0.00143721 -0.000236678 -0.0032828 -0.000184348 -0.000404764 0.000557888 -0.00342259 0.000244279 -0.00277266 6.97365e-05 -0.00502447 -0.000201928 -0.00258801 0.000299612 -0.002827 -0.00209765 -0.000741437 -0.00113087 -0.00206499 -0.00158813 -0.000681394 -0.00604609 0.000313173 0.00073844 0.000637063 -0.0119477 -0.0109485 -0.0149983 0.000324155 -0.0014038 -0.0020948 -0.00277805 -0.000417813 -0.00543082 -0.003837 -0.000214225 -0.00842015 -0.0108638 -0.00266018 0.000620861 -0.00359858 -0.00280783 -0.00606649 -0.00784196 0.000196886 -0.000746836 -0.00106023 -0.000181685 -0.00136899 -0.00114134
internal_weight=144525 97853 46672 713 45959 71934 36498 34802 12784 8393 22018 19881 10069 9812 4391 21992 5085 49942 1696 12424 2137 13492 491 9461 3308 12305 3771 1646 9568 5320 1546 1381 4905 620 4556 36450 29055 222 195 74 10448 1922 1127 491 795 119 92 2983 121 65 1388 6146 382 291 91 65 10329 3774 2422 1352 266 737
internal_count=144525 97853 46672 713 45959 71934 36498 34802 12784 8393 22018 19881 10069 9812 4391 21992 5085 49942 1696 12424 2137 13492 491 9461 3308 12305 3771 1646 9568 5320 1546 1381 4905 620 4556 36450 29055 222 195 74 10448 1922 1127 491 795 119 92 2983 121 65 1388 6146 382 291 91 65 10329 3774 2422 1352 266 737
is_linear=0
shrinkage=0.05


Tree=7
num_leaves=63
num_cat=0
split_feature=14 0 0 0 22 0 0 0 0 0 0 0 24 24 19 0 0 0 0 0 0 0 0 0 0 22 14 0 0 0 0 22 0 22 0 0 0 0 14 0 0 0 0 25 14 0 0 0 0 0 0 0 0 0 25 0 22 0 25 22 14 20
split_gain=13.7013 4.16965 3.79579 3.18207 2.59254 3.09099 6.35651 2.70986 1.89652 1.71755 2.21736 1.58128 1.52012 1.51065 1.4136 1.16661 1.71948 1.12211 3.50913 1.31989 1.13382 1.32509 1.15698 1.06701 1.00181 0.904171 0.739329 0.687375 0.675352 0.642681 0.988837 1.0997 0.642424 0.627674 0.580834 0.565519 0.591206 0.556375 0.553828 0.553346 0.501917 0.648013 0.644828 0.496538 0.458404 0.43156 0.613353 0.387688 0.856328 0.383518 0.675222 0.495742 0.382382 0.61555 0.286794 0.242348 0.223461 0.42614 1.0284 0.287356 0.205264 0.19881
threshold=77.036877394636022 65.500000000000014 1238.5000000000002 31.000000000000004 463.83332824707037 326.50000000000006 848.50000000000011 897.50000000000011 1322.5000000000002 254.50000000000003 353.50000000000006 286.50000000000006 1.4638453125953677 220.00867462158206 1.0000000180025095e-35 1162.5000000000002 1217.5000000000002 455.50000000000006 297.50000000000006 312.50000000000006 848.50000000000011 869.50000000000011 852.50000000000011 46.500000000000007 419.50000000000006 913.18331909179699 56.375825385179759 1089.5000000000002 1729.5000000000002 46.500000000000007 39.500000000000007 38.81666564941407 523.50000000000011 590.46667480468761 254.50000000000003 60.500000000000007 897.50000000000011 266.50000000000006 0.074271079590228536 320.50000000000006 328.50000000000006 340.50000000000006 323.50000000000006 12.761044502258303 9.3578167115902975 455.50000000000006 254.50000000000003 433.50000000000006 411.50000000000006 1043.5000000000002 600.50000000000011 1116.5000000000002 323.50000000000006 312.50000000000006 65.103450775146499 850.50000000000011 6.9166667461395273 1742.5000000000002 0.62743628025054943 0.18333333730697635 9.6160256410256419 89.785713195800795
decision_type=2 2 2 2 2 2 2 2 2 2 2 2 2 2 2 2 2 2 2 2 2 2 2 2 2 2 2 2 2 2 2 2 2 2 2 2 2 2 2 2 2 2 2 2 2 2 2 2 2 2 2 2 2 2 2 2 2 2 2 2 2 2
left_child=1 3 4 -1 13 11 47 55 9 60 37 -6 -5 17 49 33 -17 18 23 -20 -19 22 -22 61 -21 52 43 -23 -10 30 -14 44 -28 -9 -25 -15 45 -11 -30 -27 42 -42 -39 -16 -32 46 -37 48 -7 50 -12 -51 53 -13 -31 -8 57 58 -40 -59 -3 -2
right_child=2 8 -4 12 5 6 7 15 28 10 14 25 29 35 26 16 -18 20 19 24 21 27 -24 34 -26 39 32 -29 38 54 31 -33 -34 -35 -36 36 -38 40 56 -41 41 -43 -44 -45 -46 -47 -48 -49 -50 51 -52 -53 -54 -55 -56 -57 -58 59 -60 -61 -62 -63
leaf_value=0.0005480384385768241 -0.0070825591157677005 0.0008945303521085727 0.00043538318446119801 0.0011366955298964263 0.00068895722059910498 0.00041780242021307668 -0.0074633568215235705 -0.0010193478015161227 0.0008265042735690893 7.2397058035120009e-05 0.00016608910786226232 -0.0044943987650368621 -0.0011748317874893301 -0.0029833166643418708 -0.00035466334965534853 0.00042180471678959758 -0.0048306153295047012 0.00087693128449882777 -0.0050502952511820975 -0.0016511324926190504 -0.00088633817954348248 -0.00013993750813381863 -0.0054048712960995948 0.00094700462013252149 -0.0040683029005491736 -0.004238644988051851 -0.0029658237329173989 -0.001322113297917089 0.00081767443936785937 -0.0018035250445124712 -0.0045966946469739476 -0.0067876606589359016 -0.00062394042378735267 -0.0037620140863634231 -0.00079822364849622951 0.0010919422246496782 -0.00074697103607260142 -0.0011191284478927295 -0.0053716273776205012 -0.007291018791295849 0.00014085841229972401 -0.0017745879900686883 -0.0038887740532784448 0.00015987500681148895 -0.0022094910611470844 0.00093951296158352709 -0.0010316078185925962 0.00037893460622210576 -0.0020584123347272697 -0.00038583367498229898 0.00069248399113361586 0.00033771937155119785 -0.0049580469895022725 -0.0015825885253661573 0.00070168718376809416 -0.0052823746761331428 0.00097222153071156692 0.0006308843924783215 0.001394377654167475 -6.5297344998977799e-05 0.00043246468326613115 -0.0029474842152540908
leaf_weight=1843 41 7673 4070 341 180 782 257 260 18722 1770 10166 304 505 168 7497 615 208 927 587 1489 271 2418 304 1018 610 316 348 2524 4357 1318 313 251 1919 1179 895 540 1829 3598 116 304 1722 592 225 12508 607 1652 914 2227 627 3267 15311 8561 269 471 122 314 717 1989 107 5781 3575 134
leaf_count=1843 41 7673 4070 341 180 782 257 260 18722 1770 10166 304 505 168 7497 615 208 927 587 1489 271 2418 304 1018 610 316 348 2524 4357 1318 313 251 1919 1179 895 540 1829 3598 116 304 1722 592 225 12508 607 1652 914 2227 627 3267 15311 8561 269 471 122 314 717 1989 107 5781 3575 134
internal_value=-3.09243e-07 0.000242014 -0.00097826 -0.00112774 -0.00121202 -0.00193121 -0.00141517 -0.00319076 0.000307747 0.000176048 8.06224e-05 -0.00373866 -0.00202257 -0.000845395 0.000185102 -0.00241003 -0.000900011 -0.00116989 -0.00175164 -0.00294695 -0.000738107 -0.00101039 -0.00328449 -0.00021153 -0.00235614 -0.00422063 -0.000129939 -0.00074473 0.000633766 -0.00236993 -0.00303884 -0.00383826 -0.000985756 -0.00327005 0.000127884 -0.000131067 -3.2897e-05 -0.000705962 0.00035723 -0.00574429 -0.000931264 -0.000347073 -0.00128354 -3.27024e-05 -0.0030275 0.000385994 -0.000239485 -3.02912e-05 -0.000680624 0.000373323 0.000482636 0.000137443 -0.00331052 -0.00273165 -0.00158777 -0.0062739 0.000126322 4.98047e-05 -0.00210358 0.000112277 0.00074812 -0.00394832
internal_weight=144525 115821 28704 5300 24634 8313 6469 2833 110521 78732 67484 1844 3457 16321 59577 2262 823 11218 4774 2686 6444 5517 575 2088 2099 1664 22272 4942 31789 3116 1676 1171 2267 1439 1913 5103 4935 7907 13067 620 6137 2314 3823 20005 920 3106 1454 3636 1409 37305 25477 11828 1044 775 1440 571 8710 7993 223 7770 11248 175
internal_count=144525 115821 28704 5300 24634 8313 6469 2833 110521 78732 67484 1844 3457 16321 59577 2262 823 11218 4774 2686 6444 5517 575 2088 2099 1664 22272 4942 31789 3116 1676 1171 2267 1439 1913 5103 4935 7907 13067 620 6137 2314 3823 20005 920 3106 1454 3636 1409 37305 25477 11828 1044 775 1440 571 8710 7993 223 7770 11248 175
is_linear=0
shrinkage=0.05


Tree=8
num_leaves=63
num_cat=0
split_feature=12 12 13 12 0 25 0 0 0 0 13 0 0 12 0 13 13 13 13 12 0 13 13 13 0 0 13 12 25 0 22 0 25 13 0 23 13 2 25 12 13 0 13 23 25 25 24 13 24 12 10 13 9 25 22 21 2 20 0 21 23 20
split_gain=37.8584 7.3488 5.05088 4.61771 3.96927 3.05726 2.35159 2.20937 3.87349 3.09755 2.64562 2.40983 6.53226 2.17652 2.10133 1.75923 1.63192 1.48091 1.44243 1.4344 1.15101 1.00099 0.999534 0.977879 0.767788 0.766607 0.730441 0.73217 0.710845 0.682192 0.646785 0.635436 0.53071 0.572003 0.498322 0.484174 1.71562 0.470775 0.47018 0.446185 0.976542 0.429481 0.406352 0.332306 0.359539 0.518437 0.43602 0.369969 0.734171 0.328148 0.557368 0.316716 0.295622 0.275863 0.399764 0.909701 0.70402 0.270279 0.25869 0.258411 0.414859 0.257906
threshold=1470.5000000000002 744.50000000000011 0.85582108717363403 1747.5000000000002 1127.5000000000002 4.0046668052673349 1121.5000000000002 328.50000000000006 291.50000000000006 65.500000000000014 5.597182034465022 848.50000000000011 857.50000000000011 1398.0000000000002 455.50000000000006 1096.8329721921275 593.01489036182454 1241.1937533749906 0.01811713126860948 1468.5000000000002 1063.5000000000002 0.32389916115969125 32.090363027915451 3.4706893066504958 1305.5000000000002 39.500000000000007 0.72632661901667761 1444.0000000000002 326.72120666503912 1371.5000000000002 1.1499999761581423 406.50000000000006 9.2016053199768084 27.001027904328023 320.50000000000006 312.92514038085943 397.01947800983203 8.5000000000000018 1.6926137208938601 1425.5000000000002 7.209014681830797 1101.5000000000002 0.026721807579183601 0.77136236429214489 0.7291143834590913 1.035294830799103 0.72815948724746715 0.46198442103383636 0.55672836303710949 1240.5000000000002 -0.5 1.9518080787228189 -0.22252093395631442 1.0998939871788027 0.88333332538604747 0.75000000000000011 3.5000000000000004 119.35714340209962 1333.5000000000002 3.5357142686843877 2.9880689382553105 1.5000000000000002
decision_type=2 2 2 2 2 2 2 2 2 2 2 2 2 2 2 2 2 2 2 2 2 2 2 2 2 2 2 2 2 2 2 2 2 2 2 2 2 2 2 2 2 2 2 2 2 2 2 2 2 2 2 2 2 2 2 2 2 2 2 2 2 2
left_child=1 -1 3 30 6 13 7 8 9 25 20 14 -13 18 -12 28 -11 57 49 39 31 -20 32 -22 35 -4 27 42 -10 38 37 -9 59 -34 -17 36 51 53 -29 -7 -41 43 -15 44 47 46 -46 48 -5 50 -3 -6 -39 54 55 -2 -56 -8 -26 -21 -61 -28
right_child=2 5 4 41 24 19 17 10 15 16 11 12 -14 26 -16 34 -18 -19 21 22 23 -23 -24 -25 58 -27 61 29 -30 -31 -32 -33 33 -35 -36 -37 -38 52 -40 40 -42 -43 -44 -45 45 -47 -48 -49 -50 -51 -52 -53 -54 -55 56 -57 -58 -59 -60 60 -62 -63
leaf_value=0.0012804410613984425 -0.012327792355931419 -0.010064301339991066 -0.0008247711864012129 0 -0.0042773804280551242 0.0010414349847842602 -0.0015976052269878285 -0.0049521177366274047 -0.0030860876057816847 -0.00016104514794638676 -0.00096673049245656669 -0.0038929350226969981 -0.00068446867140788147 -0.0072507685800063662 0.00049702446443701217 -0.0040267798963584157 -0.0041994873191336136 -0.0063102729850699861 -7.943632408132344e-05 -0.0003035631857639715 -0.002867949805549907 0.00078800274471780207 0.00067679784297078186 -0.0074508110739287016 0.00085954106827329773 -0.0027251000806352752 1.9278898636313665e-05 -0.0022790444456779559 -0.0016414605637365813 -1.9680934019987101e-05 -0.018672576779996796 -0.0016522193066760404 0.00013964302869792379 -0.001097014332220305 -0.0069265877720200084 0.00030886261335169173 -0.004331012562703262 -0.0093498924663707374 -0.0053053436578746026 0.00014929628943333937 0.00081015279748883643 -0.00097133914727461036 -0.00071440197861194097 -0.0019230861964365069 -0.016789206055597673 -0.0016977694846386283 -0.0064926263182405455 0.0004510829385132671 -0.012523540488375732 -0.010144118785968126 -0.0012125805830902208 -0.00048130620536572478 -0.018080140719401467 -0.0049129908556058222 -0.0062016945067457675 0.00041359189204323343 -0.018800277040204122 -0.0030447347907299749 1.949106638914489e-05 -0.0057134157298029155 -0.0013651844347629912 -0.000633851934501827
leaf_weight=25919 33 25 675 24 56 7705 563 164 2430 4821 4760 1975 8094 24 5052 316 264 308 7055 587 290 6276 4664 201 1498 2633 3233 832 1341 299 28 1482 5887 1111 304 1215 322 20 156 8086 18257 222 3996 118 21 22 25 36 23 27 67 3977 29 40 21 23 28 825 2393 60 772 2815
leaf_count=25919 33 25 675 24 56 7705 563 164 2430 4821 4760 1975 8094 24 5052 316 264 308 7055 587 290 6276 4664 201 1498 2633 3233 832 1341 299 28 1482 5887 1111 304 1215 322 20 156 8086 18257 222 3996 118 21 22 25 36 23 27 67 3977 29 40 21 23 28 825 2393 60 772 2815
internal_value=-3.17938e-07 0.00055853 -0.00117211 -0.00534971 -0.00110718 0.000298343 -0.00134378 -0.00125494 -0.00177821 -0.0011477 -0.000950879 -0.000770823 -0.00131433 -0.000150806 -0.000212566 -0.00298219 -0.000371772 -0.00316374 0.000279274 0.000534846 -0.00262353 0.000328566 8.93805e-05 -0.00475535 -0.000193906 -0.00233888 -0.000660675 -0.00108911 -0.00257375 -0.00212916 -0.0113391 -0.00198432 -0.000235527 -5.59866e-05 -0.00545757 -0.000570705 -0.000817245 -0.0102458 -0.00276243 0.000705843 0.000607494 -0.00262974 -0.000754848 -0.00397894 -0.00555007 -0.00829277 -0.0113279 -0.00323559 -0.00616055 -0.00519634 -0.00368054 -0.000535361 -0.0146449 -0.00871572 -0.0101107 -0.00701419 -0.0135263 -0.00246151 0.000344202 -0.00111737 -0.00168542 -0.000283895
internal_weight=144525 97853 46672 713 45959 71934 36498 34802 12784 8393 22018 19881 10069 24805 9812 4391 5085 1696 13450 47129 2137 13331 13081 491 9461 3308 11355 5307 3771 1287 222 1646 8417 6998 620 5570 4355 194 988 34048 26343 491 4020 269 151 68 46 83 47 119 92 4033 49 145 105 56 49 1388 3891 1419 832 6048
internal_count=144525 97853 46672 713 45959 71934 36498 34802 12784 8393 22018 19881 10069 24805 9812 4391 5085 1696 13450 47129 2137 13331 13081 491 9461 3308 11355 5307 3771 1287 222 1646 8417 6998 620 5570 4355 194 988 34048 26343 491 4020 269 151 68 46 83 47 119 92 4033 49 145 105 56 49 1388 3891 1419 832 6048
is_linear=0
shrinkage=0.05


Tree=9
num_leaves=63
num_cat=0
split_feature=12 12 13 12 0 13 0 0 0 0 13 0 0 0 12 13 12 12 13 13 13 0 13 13 0 13 25 22 0 0 13 12 0 24 25 25 13 13 12 0 13 0 22 21 9 18 13 13 17 0 12 10 13 0 20 24 0 0 12 16 12 20
split_gain=34.1733 6.63263 4.56809 4.17159 3.58298 2.76029 2.12259 1.99414 3.49587 2.82389 2.38851 2.17494 5.89516 1.89649 1.76064 1.58763 1.39969 1.33725 1.33585 1.30999 1.2749 1.03864 0.96096 0.881688 0.699737 0.669048 0.641049 0.58097 0.573157 0.539981 0.535838 0.648133 0.6427 0.538812 0.503576 0.495465 0.516247 0.490402 0.940252 0.448715 0.405512 1.18942 0.402785 0.829799 0.813779 0.721497 0.398852 0.36601 0.338436 0.330161 0.295004 0.502558 0.275386 0.261788 0.278508 0.255666 0.246237 0.248071 0.245582 0.348412 0.342567 0.24346
threshold=1470.5000000000002 744.50000000000011 0.85582108717363403 1747.5000000000002 1127.5000000000002 1.4503023970108611 1121.5000000000002 328.50000000000006 291.50000000000006 46.500000000000007 5.597182034465022 848.50000000000011 857.50000000000011 455.50000000000006 1395.0000000000002 1096.8329721921275 1471.5000000000002 1468.5000000000002 1241.1937533749906 593.01489036182454 0.01811713126860948 1063.5000000000002 32.090363027915451 3.4706893066504958 1256.5000000000002 0.32389916115969125 326.72120666503912 1.1499999761581423 406.50000000000006 1217.5000000000002 0.72632661901667761 1444.0000000000002 1699.5000000000002 1.4190534949302676 14.223200321197512 9.2016053199768084 27.001027904328023 4.2266975801621216 1437.5000000000002 320.50000000000006 57.42212993923706 1225.5000000000002 0.68333333730697643 0.96428570151329052 -0.22252093395631442 1.0000000180025095e-35 0.53867423167169137 0.026721807579183601 8.5000000000000018 1219.5000000000002 1240.5000000000002 -0.5 30.281716806539865 665.50000000000011 1.7857142686843874 1.1459335684776308 1206.5000000000002 990.50000000000011 1458.5000000000002 14.500000000000002 1461.5000000000002 119.35714340209962
decision_type=2 2 2 2 2 2 2 2 2 2 2 2 2 2 2 2 2 2 2 2 2 2 2 2 2 2 2 2 2 2 2 2 2 2 2 2 2 2 2 2 2 2 2 2 2 2 2 2 2 2 2 2 2 2 2 2 2 2 2 2 2 2
left_child=1 -1 3 27 6 14 7 8 9 16 21 13 -13 -12 20 26 -4 37 61 -11 50 28 35 -23 29 53 -10 42 -9 52 31 47 33 -33 -26 48 -37 38 -7 -17 49 -42 44 45 -2 -44 -5 -16 -19 -31 51 -3 -6 -22 -55 -45 57 -40 59 -32 -60 -8
right_child=2 5 4 46 24 17 18 10 15 19 11 12 -14 -15 30 39 -18 22 -20 -21 25 23 -24 -25 34 -27 -28 -29 -30 40 58 32 -34 -35 -36 36 -38 -39 56 -41 41 -43 43 55 -46 -47 -48 -49 -50 -51 -52 -53 -54 54 -56 -57 -58 -59 60 -61 -62 -63
leaf_value=0.0012164192445485843 -0.0064226230513725882 -0.0095630910321773295 0 -0.0032623990596089489 -0.00082371874935218954 0.00077889635278311842 -0.0015177391431727874 -0.004704662793078151 -0.0029317896320788053 -0.00038754517880163365 -0.00091839499169446342 -0.0036982980989936892 -0.00065024565509745255 0.00047217373289456382 -0.0068897345284950678 -0.0038255046759648097 -0.0032319798322148507 -0.00063475019548992666 -0.0059948615697162644 -0.00398959233131103 -0.0007032873859871289 -0.0027246018131237872 0.00063964912687838058 -0.0070784557519227263 -0.0018631562134765588 0.00069253201802127169 -0.0015593936194826105 -0.01774227042745441 -0.0015696138932139146 0.001177756466804128 0.00022387136346557334 -0.0018635076246378583 0.00073357383092666857 -0.0045379763934761284 0.00039203516833049152 0.00013266098580728557 -0.0010421685556777209 0.0007539308970276261 -0.00016724294570580461 -0.0065803724657437146 -0.0044693906125941067 -0.0008422094596502764 -0.0098397022577759209 -0.017104909717442978 -0.019955761633613556 -0.00060404195076478292 0.00012306453951222161 -0.00068530372904932499 -0.0023450526487347957 -0.0010469424302294043 -0.009638784462895341 -0.0011520419924918302 0.00017870310853181835 0.00011031814990223774 -0.0047091644257307051 -0.0097364683021023829 0.00046639044611809338 -0.0011977160577918804 -0.0032786901753927076 -0.0060858574773846571 -0.00048028737959482831 -0.0028925165390796597
leaf_weight=25919 22 25 412 382 1060 5655 563 164 2430 5925 4760 1975 8094 5052 24 316 1792 1490 308 264 1297 290 4674 201 262 5067 1341 28 1482 236 1863 870 181 246 4294 5887 1111 26701 2768 304 316 811 42 25 26 45 109 4094 364 559 27 67 1923 5633 30 34 1107 746 117 22 1868 825
leaf_count=25919 22 25 412 382 1060 5655 563 164 2430 5925 4760 1975 8094 5052 24 316 1792 1490 308 264 1297 290 4674 201 262 5067 1341 28 1482 236 1863 870 181 246 4294 5887 1111 26701 2768 304 316 811 42 25 26 45 109 4094 364 559 27 67 1923 5633 30 34 1107 746 117 22 1868 825
internal_value=-3.6751e-07 0.000530584 -0.00111367 -0.00508669 -0.00105192 0.000283395 -0.00127671 -0.00119229 -0.00168945 -0.00109041 -0.000903397 -0.000732296 -0.00124864 -0.000201912 -0.000191901 -0.00283327 -0.00262784 0.000485187 -0.00300588 -0.000542065 0.000204019 -0.00249274 5.93774e-05 -0.00451819 -0.000184188 0.000255388 -0.00244513 -0.0107798 -0.00188528 -0.000598913 -0.000710352 -0.00103177 -0.00200862 -0.00245787 0.000261211 -0.000246455 -5.31523e-05 0.00064081 0.000346388 -0.00518519 -0.00125288 -0.00186398 -0.00974047 -0.00833566 -0.0138833 -0.00512622 -0.00250079 -0.000722844 -0.000973343 -0.000380175 -0.00494162 -0.00349984 -0.000175844 -6.21466e-05 8.38211e-05 -0.012967 -0.000181823 -0.000387457 -0.000259312 0.000147259 -0.000647907 -0.00233863
internal_weight=144525 97853 46672 713 45959 71934 36498 34802 12784 8393 22018 19881 10069 9812 21431 4391 2204 50503 1696 6189 12146 2137 13526 491 9461 12027 3771 222 1646 4905 9285 5415 1297 1116 4556 8852 6998 36977 10276 620 1922 1127 194 146 48 87 491 4118 1854 795 119 92 2983 6960 5663 59 4621 3514 3870 1885 1985 1388
internal_count=144525 97853 46672 713 45959 71934 36498 34802 12784 8393 22018 19881 10069 9812 21431 4391 2204 50503 1696 6189 12146 2137 13526 491 9461 12027 3771 222 1646 4905 9285 5415 1297 1116 4556 8852 6998 36977 10276 620 1922 1127 194 146 48 87 491 4118 1854 795 119 92 2983 6960 5663 59 4621 3514 3870 1885 1985 1388
is_linear=0
shrinkage=0.05


Tree=10
num_leaves=63
num_cat=0
split_feature=12 12 13 12 0 25 0 12 0 0 13 0 0 0 0 0 0 13 12 13 13 0 13 13 13 0 13 12 0 13 22 0 13 0 13 25 13 3 15 18 3 12 13 13 0 13 0 22 23 25 25 14 14 11 0 14 22 22 12 14 0 14
split_gain=30.8462 5.98632 4.12808 3.7726 3.23393 2.51899 1.91592 1.83233 1.7998 3.18383 2.15643 1.96295 5.32017 1.71163 1.6558 2.22391 1.28823 1.20496 1.1994 1.11839 1.09864 0.937226 0.924439 0.832659 0.794915 0.631548 0.543018 1.19546 1.42725 1.10813 0.521506 0.516965 0.505735 0.487435 0.478333 0.468877 0.468207 0.450478 0.627674 0.479031 0.4215 0.396658 0.824365 0.389262 0.368854 0.366031 1.07314 0.325174 0.299982 0.326777 0.46528 0.461116 0.444552 0.327039 0.298052 0.286996 0.286337 0.277495 0.275033 0.271679 0.265189 0.263443
threshold=1470.5000000000002 744.50000000000011 0.85582108717363403 1747.5000000000002 1127.5000000000002 3.896210908889771 1121.5000000000002 1404.0000000000002 328.50000000000006 320.50000000000006 5.597182034465022 848.50000000000011 857.50000000000011 455.50000000000006 46.500000000000007 286.50000000000006 39.500000000000007 1241.1937533749906 1468.5000000000002 0.01811713126860948 1096.8329721921275 1063.5000000000002 0.32389916115969125 32.090363027915451 3.4706893066504958 1256.5000000000002 0.12882395757512741 1406.5000000000002 1101.5000000000002 0.11421117604490365 1.1499999761581423 406.50000000000006 593.01489036182454 1217.5000000000002 1.9518080787228189 9.2016053199768084 29.618845271126641 2.5000000000000004 1.5000000000000002 1.0000000180025095e-35 3.5000000000000004 1425.5000000000002 7.209014681830797 0.12123728984194103 1101.5000000000002 57.42212993923706 1225.5000000000002 0.15000000596046451 0.77136236429214489 0.7291143834590913 1.035294830799103 0.33508771929824566 0.47478813559322036 -0.24999999999999994 1219.5000000000002 17.763708873379866 1.0000000180025095e-35 18.750000000000004 1165.5000000000002 0.63943957300800625 2043.5000000000002 0.014389233954451347
decision_type=2 2 2 2 2 2 2 2 2 2 2 2 2 2 2 2 2 2 2 2 2 2 2 2 2 2 2 2 2 2 2 2 2 2 2 2 2 2 2 2 2 2 2 2 2 2 2 2 2 2 2 2 2 2 2 2 2 2 2 2 2 2
left_child=1 -1 3 30 6 7 8 19 9 14 21 13 -13 -12 16 -16 -4 -8 41 56 32 31 58 35 -23 33 27 29 47 -9 37 -10 -11 55 -27 -20 -37 39 40 -2 -39 -7 -43 -30 48 54 -47 -29 49 51 52 53 -51 -5 -35 57 61 -6 -21 -42 -60 -3
right_child=2 5 4 44 25 18 17 26 10 20 11 12 -14 -15 15 -17 -18 -19 23 22 -22 24 -24 -25 -26 34 -28 28 43 -31 -32 -33 -34 45 -36 36 -38 38 -40 -41 59 42 -44 -45 -46 46 -48 -49 -50 50 -52 -53 -54 -55 -56 -57 -58 -59 60 -61 -62 -63
leaf_value=0.0011555985194905403 -0.017208189354785876 -0.0075974797365028829 -0.0006676834735882903 -0.00061544082243347644 -0.00081869490373464519 0.00095063202998185324 -0.0022218958571542814 -0.00067976770854471537 -0.0044695729581825895 -0.0036854107636765023 -0.00087247619169253117 -0.0035133925848653026 -0.00061773376576205303 0.00044856550996105662 -0.00029000445584721567 -0.0019217057183763702 -0.0033004256954793317 -0.0056952158029649749 -0.0010375558115058117 0.00021084366648194361 -0.0062514619943427044 -0.0025884186833427872 0.00072163097191296581 0.00061097690640179959 -0.0067247090422226964 -0.0045561623152658905 -0.00053041176488348451 -0.0031795609478102271 0.00088204641783867256 -0.013571815200131433 -0.016858313705944507 -0.0014911384884195315 -0.0018661526074881471 0.0011188935862830654 0.00030369186718920676 9.45916837465898e-05 -0.001198137711367932 0.00058892145415776463 -0.014236867915967417 -0.0086408733737581983 -0.0116033667721689 0.00012981797563672555 0.00073194903404402408 -0.0029973029444158162 -0.00083672457300411687 -0.0042459917711126427 -0.00080010418293029358 -0.0073063974765166326 -0.0016711979722769761 -0.014999691171436017 -0.0014738614675146424 0.0016722953741981233 -0.0046008587550761086 -0.0091015752129424421 -0.00099460465998869418 0.00011197326534196886 0 -0.005837484298848397 -0.00064386060983360311 -0.0047461753707231952 0.00033202259219949735 -0.0014748398681958225
leaf_weight=25919 32 66 675 20 708 7821 1388 30 164 971 4760 1975 8094 5052 5107 3543 1529 308 1456 3559 304 290 6356 4664 201 51 9852 193 422 40 28 1482 655 236 4505 6209 789 22 26 42 24 8286 18257 76 222 316 811 68 118 26 22 32 20 31 559 2246 28 29 2818 48 917 27
leaf_count=25919 32 66 675 20 708 7821 1388 30 164 971 4760 1975 8094 5052 5107 3543 1529 308 1456 3559 304 290 6356 4664 201 51 9852 193 422 40 28 1482 655 236 4505 6209 789 22 26 42 24 8286 18257 76 222 316 811 68 118 26 22 32 20 31 559 2246 28 29 2818 48 917 27
internal_value=-4.09491e-07 0.000504032 -0.00105813 -0.00483505 -0.000999419 0.000269191 -0.00121298 -0.000142961 -0.00113277 -0.0016051 -0.000858289 -0.000695695 -0.00118623 -0.000191791 -0.00127162 -0.000958934 -0.00249645 -0.00285591 0.000481543 0.000237961 -0.00347779 -0.0023685 0.000280746 7.4382e-05 -0.00429289 -0.000175009 -0.000634549 -0.00186589 -0.00128089 -0.00812683 -0.0102494 -0.00179119 -0.0029558 -0.000569024 0.000248094 -0.000221065 -5.04596e-05 -0.00926153 -0.00725645 -0.0124314 -0.00525948 0.000636826 0.00054417 0.000279496 -0.00237527 -0.00119038 -0.00177103 -0.00427629 -0.00362564 -0.00511774 -0.00773189 -0.00290913 -0.0106067 -0.00587924 -0.000360851 -0.000166969 -0.00454349 -0.00102373 -0.000102761 -0.00711418 -0.000402925 -0.00587714
internal_weight=144525 97853 46672 713 45959 71934 36498 24452 34802 12784 22018 19881 10069 9812 10854 8650 2204 1696 47482 13771 1930 2137 13650 13118 491 9461 10681 829 759 70 222 1646 1626 4905 4556 8454 6998 194 120 74 94 34364 26543 498 491 1922 1127 261 269 151 68 83 46 51 795 2983 121 737 7294 72 3735 93
internal_count=144525 97853 46672 713 45959 71934 36498 24452 34802 12784 22018 19881 10069 9812 10854 8650 2204 1696 47482 13771 1930 2137 13650 13118 491 9461 10681 829 759 70 222 1646 1626 4905 4556 8454 6998 194 120 74 94 34364 26543 498 491 1922 1127 261 269 151 68 83 46 51 795 2983 121 737 7294 72 3735 93
is_linear=0
shrinkage=0.05


Tree=11
num_leaves=63
num_cat=0
split_feature=12 12 0 25 0 25 0 12 0 0 0 25 22 12 22 12 12 0 24 8 20 22 0 22 15 0 12 25 0 24 11 12 25 0 22 12 0 12 8 2 20 0 22 12 0 0 3 12 12 22 0 21 0 0 20 19 20 21 0 12 0 12
split_gain=27.8447 5.40275 3.22824 3.28209 2.74808 2.27394 1.70901 1.654 1.6293 1.42831 3.5268 2.14871 1.73987 1.14373 1.08699 1.0825 1.07946 0.890413 0.771475 0.72065 0.767349 0.645696 0.62171 0.613515 0.50051 0.493109 0.439774 0.435308 0.382593 0.377004 0.358583 0.357846 0.60211 0.348312 0.414957 0.333948 0.949615 0.272557 0.351849 0.273639 0.262439 0.259966 0.252535 0.247563 0.282426 0.246328 0.244866 0.239522 0.239142 0.258262 0.237646 0.219696 0.217698 0.373662 0.22725 0.212698 0.276102 0.212003 0.207167 0.191812 0.426582 0.230829
threshold=1470.5000000000002 744.50000000000011 1127.5000000000002 1.1609040498733523 1109.5000000000002 3.896210908889771 1121.5000000000002 1404.0000000000002 46.500000000000007 276.50000000000006 328.50000000000006 9.4995765686035174 985.71667480468761 1471.5000000000002 985.71667480468761 1468.5000000000002 1473.5000000000002 65.500000000000014 12.845339298248293 0.6078576107927941 0.78571429848670971 38.81666564941407 1256.5000000000002 0.55000001192092907 1.5000000000000002 1217.5000000000002 2060.0000000000005 14.528608322143556 690.50000000000011 51.772668838500984 -0.5 1425.5000000000002 21.916561126708988 1187.5000000000002 0.41666667163372045 1472.5000000000002 1225.5000000000002 1437.5000000000002 -0.8783796973249266 1.5000000000000002 179.78571319580081 1219.5000000000002 14.34999990463257 1469.5000000000002 85.500000000000014 1137.5000000000002 4.5000000000000009 1473.5000000000002 1473.5000000000002 215.03333282470706 575.50000000000011 29.892857551574711 1060.5000000000002 503.50000000000006 1.0000000180025095e-35 1.0000000180025095e-35 0.21428572386503222 48.750000000000007 365.50000000000006 1465.5000000000002 328.50000000000006 1432.5000000000002
decision_type=2 2 2 2 2 2 2 2 2 2 2 2 2 2 2 2 2 2 2 2 2 2 2 2 2 2 2 2 2 2 2 2 2 2 2 2 2 2 2 2 2 2 2 2 2 2 2 2 2 2 2 2 2 2 2 2 2 2 2 2 2 2
left_child=1 -1 3 4 26 7 8 23 13 17 12 -12 -11 -5 48 31 21 -10 42 24 -21 -15 25 -3 30 47 -2 -24 50 -19 -6 -7 59 34 37 41 -37 39 -39 -9 -38 -27 52 45 -45 -36 55 -4 -8 51 58 -50 53 -17 -54 56 -28 -18 -20 61 -61 -33
right_child=2 5 22 6 19 15 14 33 9 10 11 -13 -14 16 -16 18 57 29 28 20 -22 -23 27 -25 -26 35 46 -29 -30 -31 -32 32 -34 -35 43 36 40 38 -40 -41 -42 -43 -44 44 -46 -47 -48 -49 49 -51 -52 -53 54 -55 -56 -57 -58 -59 -60 60 -62 -63
leaf_value=0.0010978188252577046 0.00036224649175516175 -3.272120791575929e-05 -0.00059749837590532295 7.9380981587292014e-05 -0.011245861863301383 0.00090310103563244828 -0.0012825692806598102 -0.0030373085179952459 -0.0013732890266722976 -0.0018937068331491428 -0.0023984732822530342 -0.00067330207893175151 -0.0046860588012582654 -0.0032040885800299688 -0.0054105473711907725 -0.00043905627821866713 -0.00049127275336482415 -0.00027638608810278033 -0.00038357196830643507 -0.022129013441904946 -0.0082775760126944202 -0.0060360842407275912 -0.0017196102140102872 0.00065559612722945499 -0.013920291007214989 0.0010629726334553432 -0.009004523603379588 0.00035855118612541014 0.00054746306523273717 0.00080673240088864932 -0.0043807969737242698 -0.00090836328316944853 0.00076654959257183182 -0.00033461611274515071 -0.00035730531727731042 -0.0040337592994747692 -0.0014087292448939771 0.00097623931841748699 -0.0025754317184727565 -0.0005236244343078786 0.00033395228117139941 -0.00096684279327672023 0.00057881048200587545 -0.0063805083400947805 -0.0013680272032049225 -0.0020559255497587083 -0.00079443080849734811 0.00029759680248889333 -0.0071889392823092082 -0.0038478821870008293 -0.0014881352072835426 -0.0017648939178595672 -0.0035204336956444968 -0.0019164325091873568 -3.0500360753549317e-05 -0.0014686524727590333 -0.0039347017690390526 -0.0021972691106731256 0.00035777291103886611 -0.0011702240165132323 0.0002206572245640793 0.00046087333424531187
leaf_weight=25919 92 8587 1526 376 29 7821 550 130 1104 5680 1986 20126 622 699 308 950 300 1576 1725 24 20 293 267 5184 32 236 43 4289 5851 1629 69 316 12662 5700 2939 316 718 75 719 701 303 469 390 36 149 232 60 1457 20 298 280 520 49 796 1002 45 90 500 2075 647 3719 9199
leaf_count=25919 92 8587 1526 376 29 7821 550 130 1104 5680 1986 20126 622 699 308 950 300 1576 1725 24 20 293 267 5184 32 236 43 4289 5851 1629 69 316 12662 5700 2939 316 718 75 719 701 303 469 390 36 149 232 60 1457 20 298 280 520 49 796 1002 45 90 500 2075 647 3719 9199
internal_value=-4.4716e-07 0.000478822 -0.00100539 -0.00121676 -0.0052266 0.000255716 -0.00116138 -0.000135867 -0.00108579 -0.000997577 -0.00112624 -0.000828485 -0.00217017 -0.00241483 -0.00271329 0.000457477 -0.00294093 -0.000147969 7.06433e-05 -0.0103188 -0.0159793 -0.00404612 -0.000186586 0.000226031 -0.00835364 -0.000570387 -0.00252418 0.00023563 0.000288201 0.000272577 -0.00647266 0.000604999 0.000516971 -0.000602928 -0.000908954 -0.0011694 -0.00163448 -0.00156664 -0.00223357 -0.000923194 -0.000886679 -0.000280213 -0.000605705 -0.000588971 -0.00237336 -0.000483219 -0.00366062 -0.000158632 -0.00211081 -0.00264822 -8.23784e-05 -0.00197634 -0.000772671 -0.00111553 -0.000198285 -0.00459769 -0.00561692 -0.00156391 1.99244e-05 0.000288945 1.33745e-05 0.000414865
internal_weight=144525 97853 46672 37091 504 71934 36587 24452 34891 32723 28414 22112 6302 2168 1696 47482 1792 4309 13118 174 44 992 9581 13771 130 5025 330 4556 9931 3205 98 34364 26543 10681 4981 2042 1337 1625 794 831 1021 705 3187 3356 185 3171 238 2983 1388 838 4080 540 2797 1746 1051 178 133 800 3800 13881 4366 9515
internal_count=144525 97853 46672 37091 504 71934 36587 24452 34891 32723 28414 22112 6302 2168 1696 47482 1792 4309 13118 174 44 992 9581 13771 130 5025 330 4556 9931 3205 98 34364 26543 10681 4981 2042 1337 1625 794 831 1021 705 3187 3356 185 3171 238 2983 1388 838 4080 540 2797 1746 1051 178 133 800 3800 13881 4366 9515
is_linear=0
shrinkage=0.05


Tree=12
num_leaves=63
num_cat=0
split_feature=12 12 13 12 13 12 13 18 13 13 12 19 25 13 24 25 13 13 22 12 25 13 13 2 3 14 12 12 12 20 12 24 12 13 12 12 10 19 20 14 25 23 24 24 13 13 21 21 21 24 17 23 17 25 20 3 22 12 12 25 21 19
split_gain=25.1335 4.87629 3.39342 3.13834 2.08316 1.38519 1.35942 1.6024 1.43188 1.0647 0.994815 0.977204 0.967103 0.927912 0.740208 0.703037 0.605411 0.495143 0.490159 0.432468 0.433765 0.684538 0.407409 0.40302 0.408307 0.396063 0.707525 0.369904 0.355509 0.340274 0.333788 0.377583 0.326016 0.293119 0.275289 0.267545 0.447286 0.253127 0.404545 0.41089 0.243824 0.233627 0.256288 0.56129 0.231827 0.43464 0.230753 0.229624 0.470592 0.412203 0.350862 0.215902 0.20636 0.200646 0.224044 0.197411 0.197132 0.275386 0.194716 0.247187 0.19248 0.182011
threshold=1470.5000000000002 744.50000000000011 0.85582108717363403 1747.5000000000002 1.4503023970108611 1380.0000000000002 6.0007451564828624 20.500000000000004 2.6046396683673474 0.01811713126860948 1468.5000000000002 9.5000000000000018 1187.6896972656252 1174.3343828736549 12.845339298248293 619.77780151367199 0.32389916115969125 0.64003546099290787 1.1499999761581423 1444.0000000000002 1.6926137208938601 0.41782955799312005 0.03054212465602214 8.5000000000000018 2.5000000000000004 6.5202739726027401 1411.5000000000002 1464.5000000000002 1458.5000000000002 11.071428775787355 1471.5000000000002 131.71826934814456 2060.0000000000005 73.342223741070654 1461.5000000000002 1240.5000000000002 -0.5 1.5000000000000002 10.214285850524904 3.8161430119176605 28.619913101196293 1.2342761158943178 1.3393828868865969 1.0324271321296694 8.1652845383942267 7.3987979554969572 8.3214282989501971 0.96428570151329052 0.82142856717109691 1.1459335684776308 1.0000000180025095e-35 0.77136236429214489 3.5000000000000004 44.691053390502937 5.6428573131561288 1.5000000000000002 0.75000000000000011 1191.5000000000002 1473.5000000000002 86.04770660400392 0.67857143282890331 1.5000000000000002
decision_type=2 2 2 2 2 2 2 2 2 2 2 2 2 2 2 2 2 2 2 2 2 2 2 2 2 2 2 2 2 2 2 2 2 2 2 2 2 2 2 2 2 2 2 2 2 2 2 2 2 2 2 2 2 2 2 2 2 2 2 2 2 2
left_child=1 -1 3 18 5 9 8 30 -4 35 25 53 13 15 44 -13 56 19 23 22 27 -22 -7 47 -25 26 -6 -21 -19 37 40 -32 -5 -16 -30 36 -3 38 39 -10 -8 42 43 51 45 52 -39 48 50 -49 -2 -34 -12 54 -9 -33 -11 -58 -55 -60 -46 -24
right_child=2 4 6 32 10 17 7 11 29 16 14 12 -14 -15 33 -17 -18 28 -20 20 21 -23 61 24 -26 -27 -28 -29 34 -31 31 55 41 -35 -36 -37 -38 46 -40 -41 -42 -43 -44 -45 60 -47 -48 49 -50 -51 -52 -53 -54 58 -56 -57 57 -59 59 -61 -62 -63
leaf_value=0.001042928094797554 -0.011554502659863599 -0.0088132368467481025 -0.00028070091513398491 0.00033720739894563907 0.00085559166469687149 -0.0061380521599148736 -0.000364230359125946 0.00053799184343705959 -0.0029711145442382963 9.9763576437319589e-06 -0.00027600835558803694 -0.0012655844108905238 0.00041261025779373373 -0.0023879094065773817 0.00011468795987403333 -0.0001183833847276329 0.00075712295214438812 0.00018579041636241725 -0.015714868925697439 -0.0028210578168049588 -0.013026745789753859 -0.002905540494009675 -0.00071031096590070189 -0.017895134337140486 -0.008085761593117833 0.00069450749994545333 0.00013592847097836292 -0.0007194154453179012 -0.0030432933912851894 -0.00031717507572746759 -0.00075080240293726652 -0.00064306768304123966 -0.004033424678353356 0.00074032761515209131 -0.00053854524837233905 -0.0089417011178067694 -0.00087936032791073734 -0.0035566467974381664 -0.0077211322588344906 -0.0012313959114705309 0.00047997611730205345 -0.00010562799817825351 0.0019388836822403011 -0.0097470192785276653 -0.0046036830037090573 -0.0027295888682613498 -0.0010111659046480412 -0.014467949384593393 0 -0.0054293085644291144 -0.0034863455413287219 -0.00099400847952786338 -0.0013476794973535937 0.00010541781911269709 -0.0012375063771011927 7.2377599127362849e-05 0.0015636401295096953 -0.0053774022785446534 -0.0016142398463646259 -0.00032272213036593257 0.00010677649091811559 0.00065909151367972679
leaf_weight=25919 31 25 1054 102 4996 34 1898 204 663 6541 1510 17262 876 1737 7414 1458 4105 2654 28 313 20 117 4383 21 28 21117 10864 662 117 175 7734 1443 166 2517 2053 27 67 844 33 725 1556 70 20 35 22 272 106 25 30 31 28 98 650 1793 1208 2876 21 39 469 1845 1141 253
leaf_count=25919 31 25 1054 102 4996 34 1898 204 663 6541 1510 17262 876 1737 7414 1458 4105 2654 28 313 20 117 4383 21 28 21117 10864 662 117 175 7734 1443 166 2517 2053 27 67 844 33 725 1556 70 20 35 22 272 106 25 30 31 28 98 650 1793 1208 2876 21 39 469 1845 1141 253
internal_value=-4.78199e-07 0.000454859 -0.000955249 -0.0043798 0.000242898 -0.000169985 -0.000902003 -0.00082251 -0.00183591 0.000227575 0.000418204 -0.00105633 -0.00120989 -0.00127962 5.08824e-05 -0.0011765 0.000280313 -0.000576223 -0.00931853 -0.000888523 -0.00177743 -0.00442798 -0.000675758 -0.00836196 -0.0124195 0.000552432 0.000362946 -0.00139944 -0.000200856 -0.00247775 -0.000417298 -0.000541489 -0.00213518 0.000273765 -0.000676032 -0.00447135 -0.00309682 -0.00263509 -0.00220153 -0.00206616 1.46334e-05 -0.00279624 -0.00337077 -0.00374318 -0.000563419 -0.000841103 -0.00327802 -0.00694872 -0.00523302 -0.00957214 -0.00782253 -0.00292489 -0.000600864 -0.000461832 -0.000977429 -0.000165508 -1.54531e-05 -0.00286628 -0.000283331 -0.000586705 1.29836e-05 -0.000634488
internal_weight=144525 97853 46672 713 71934 21431 45959 42359 3600 10825 50503 26852 21333 20457 13526 18720 10706 10606 222 5782 1112 137 4670 194 49 36977 15860 975 4824 2546 15507 12053 491 9931 2170 119 92 2371 1421 1388 3454 389 319 299 3595 2432 950 145 89 56 59 264 2160 5519 1412 4319 6601 60 4107 2314 1163 4636
internal_count=144525 97853 46672 713 71934 21431 45959 42359 3600 10825 50503 26852 21333 20457 13526 18720 10706 10606 222 5782 1112 137 4670 194 49 36977 15860 975 4824 2546 15507 12053 491 9931 2170 119 92 2371 1421 1388 3454 389 319 299 3595 2432 950 145 89 56 59 264 2160 5519 1412 4319 6601 60 4107 2314 1163 4636
is_linear=0
shrinkage=0.05


Tree=13
num_leaves=63
num_cat=0
split_feature=12 12 25 25 12 12 14 12 25 22 25 12 25 22 12 12 14 14 8 14 22 25 15 8 11 14 25 11 25 23 14 22 23 24 12 12 25 12 14 15 14 11 14 15 25 22 14 25 23 21 22 23 25 14 22 24 25 21 17 16 22 11
split_gain=22.7202 4.98204 2.87002 1.91464 1.88591 1.51193 1.20259 0.940274 0.840186 1.10155 2.05745 0.807908 0.709118 1.0707 0.636636 0.59715 1.24102 0.886955 0.534154 0.428669 0.421922 0.408916 0.393613 0.359372 0.352712 0.397646 0.349946 0.43753 0.330219 0.328419 0.45521 0.863883 0.32237 0.304514 0.286093 0.251632 0.337646 0.24588 0.227295 0.289739 0.218935 0.33452 0.299665 0.209708 0.209181 0.364379 0.206381 0.20518 0.202888 0.218387 0.216464 0.199711 0.446678 0.525334 0.258513 0.268521 0.2609 0.318807 0.203224 0.19692 0.168397 0.163052
threshold=1471.5000000000002 771.50000000000011 1.1950566768646242 12.212203979492189 1747.5000000000002 1465.5000000000002 0.42933947772657455 1469.5000000000002 1187.6896972656252 508.94999694824224 181.44040679931643 1408.5000000000002 512.47799682617199 1183.4166259765627 1380.0000000000002 1747.5000000000002 0.69752141982864146 6.1094820205479463 0.6078576107927941 0.014389233954451347 1.0000000180025095e-35 3.896210908889771 1.5000000000000002 1.0000000180025095e-35 -0.5 0.69752141982864146 619.77780151367199 0.25000000000000017 42.915185928344734 1.0000000180025095e-35 0.52865353037766838 0.083333335816860213 1.479938328266144 1.3837753534317019 1467.5000000000002 1468.5000000000002 7.9771583080291757 1466.5000000000002 0.50257731958762897 1.0000000180025095e-35 586.29548647699346 0.6830127018922193 661.4812659846549 1.0000000180025095e-35 430.37222290039068 440.58334350585943 1017.6188446969699 25.072366714477543 0.98795002698898327 0.25000000745058065 0.15000000596046451 0.43295724689960485 0.7675113081932069 0.30368444846292952 0.51666668057441723 1.0324271321296694 0.81825372576713573 0.39285714924335485 1.0000000180025095e-35 10.500000000000002 1055.299987792969 -0.9330127018922193
decision_type=2 2 2 2 2 2 2 2 2 2 2 2 2 2 2 2 2 2 2 2 2 2 2 2 2 2 2 2 2 2 2 2 2 2 2 2 2 2 2 2 2 2 2 2 2 2 2 2 2 2 2 2 2 2 2 2 2 2 2 2 2 2
left_child=1 -1 4 5 18 6 14 37 9 10 15 -8 40 26 19 16 -4 -18 22 20 -3 59 23 24 -2 -26 27 -14 -9 30 31 -7 61 51 -33 -34 -37 -5 39 -17 41 -11 -42 -20 45 -12 -15 -39 50 -50 -16 52 53 -6 56 58 57 -53 -56 -13 -28 -31
right_child=2 3 8 7 33 29 11 28 -10 12 44 21 13 46 48 38 17 -19 43 -21 -22 -23 -24 -25 25 -27 60 -29 -30 32 -32 34 35 -35 -36 36 -38 47 -40 -41 42 -43 -44 -45 -46 -47 -48 -49 49 -51 -52 54 -54 -55 55 -57 -58 -59 -60 -61 -62 -63
leaf_value=0.00098705981389105024 -0.01204963852632865 -0.00365509142814568 -0.013596950389852572 0.00074785868793302869 -0.007037018783045833 0.001289305388332603 0.00071440285711241907 -0.0001857585173004595 0.00044831729786414621 -0.0011075334271159342 -0.00015575394698339408 -0.00024801749000331143 -0.00046521939231063759 -0.00083398330577775484 -0.00040538286572128164 0.00056781571663359312 -0.0021289319666596418 -0.0010413362747776966 -0.016693301932270307 8.3343565377381459e-05 -0.00016005818281859116 0.00031974864955063763 -0.011730212693837633 0 -0.0083486525532776631 -0.00037335545579559383 0.00025796509854545741 -0.0025224499989346737 0.00037640745833673927 -0.0021320899800610911 -0.00086272846679987978 -0.0084804752472206531 -0.00031126666024677081 0.0024858083854366452 -0.0028553093287340924 -0.0013572483570062862 -0.00045183777583869062 0.00010315407611173479 0.00056026501589270404 -0.006607713723034237 -0.0035422613145348171 -0.0033183850309251531 -0.0020805136304189835 -0.0091209716652414646 0.00055129218717608409 -0.0012385361779374076 -0.0022872851971369045 0.00057236885220061917 -0.0027628754443285108 -2.3971558881036988e-05 -0.0012783942422545692 0.00067101805498222082 -0.0092557766534119758 0.0023218097063410319 -0.0042473041304518034 -0.007893284557572898 0.0026979777445323276 -0.0048997689228193822 0.00085500692360820961 -0.0028205843530986928 -0.00078494823894041828 0.00020648512174406824
leaf_weight=26194 25 155 20 14746 28 50 8720 6088 1034 799 6810 4479 703 300 1116 28 2080 20026 25 7086 202 6806 35 23 36 30 1132 416 4570 78 385 71 2735 28 38 2208 1970 3302 667 26 528 223 1159 22 835 880 1665 8148 78 1130 2052 51 36 31 49 31 41 49 30 76 586 1555
leaf_count=26194 25 155 20 14746 28 50 8720 6088 1034 799 6810 4479 703 300 1116 28 2080 20026 25 7086 202 6806 35 23 36 30 1132 416 4570 78 385 71 2735 28 38 2208 1970 3302 667 26 528 223 1159 22 835 880 1665 8148 78 1130 2052 51 36 31 49 31 41 49 30 76 586 1555
internal_value=-5.01301e-07 0.000390545 -0.00100548 0.000189756 -0.0045304 -4.52615e-05 0.000116708 0.000451283 -0.000955009 -0.000992457 -0.000861871 0.000352339 -0.0015372 -0.00117002 -0.000283218 -0.00110926 -0.00115545 -0.00114391 -0.00851236 -1.16505e-06 -0.00169211 7.39981e-05 -0.00696646 -0.00545109 -0.00686136 -0.00480521 -0.000546228 -0.00123464 5.48225e-05 -0.000614213 -0.00180921 -0.0040676 -0.000537539 -0.00242851 -0.00656965 -0.000686877 -0.000931549 0.000612394 0.000301272 -0.00280048 -0.00218617 -0.00159511 -0.00254116 -0.0132819 -0.000198279 -0.000280326 -0.00206801 0.000437493 -0.0007618 -0.000205174 -0.000972457 -0.00284125 -0.0048335 -0.00203946 -0.00206567 -0.00388999 -0.000605264 -0.00201089 -0.00224788 -0.000292099 -9.48815e-05 9.15981e-05
internal_weight=144525 104038 40487 77844 570 40990 31900 36854 39917 38883 31372 20081 7511 4802 11819 22847 22126 22106 196 7443 357 11361 149 114 91 66 2837 1119 10658 9090 544 159 8546 374 109 6913 4178 26196 721 54 2709 1022 1687 47 8525 7690 1965 11450 4376 1208 3168 346 95 59 251 110 141 100 79 4555 1718 1633
internal_count=144525 104038 40487 77844 570 40990 31900 36854 39917 38883 31372 20081 7511 4802 11819 22847 22126 22106 196 7443 357 11361 149 114 91 66 2837 1119 10658 9090 544 159 8546 374 109 6913 4178 26196 721 54 2709 1022 1687 47 8525 7690 1965 11450 4376 1208 3168 346 95 59 251 110 141 100 79 4555 1718 1633
is_linear=0
shrinkage=0.05


Tree=14
num_leaves=63
num_cat=0
split_feature=12 12 0 13 12 0 13 12 13 0 0 0 0 13 13 12 13 12 0 13 23 22 0 12 13 12 13 13 20 20 3 19 13 9 0 0 0 22 16 12 2 13 19 12 0 12 3 23 13 23 21 0 23 21 12 12 3 22 19 21 0 22
split_gain=20.5076 4.49655 3.50294 2.329 2.57484 1.96323 1.50447 1.3818 1.40586 0.962733 3.14132 1.88158 3.70812 2.17854 1.31251 0.950961 0.810369 1.27599 0.728626 0.770641 0.625764 0.594602 0.537166 0.52763 0.650532 0.650831 0.493388 0.458629 0.453274 0.492078 0.789056 0.404483 0.402942 0.372369 0.367334 0.321121 0.316911 0.309949 0.300724 0.281416 0.277695 0.265702 0.264312 0.258381 0.406437 0.314001 0.247553 0.241797 0.237876 0.235981 0.232385 0.218068 0.203544 0.19333 0.190234 0.324543 0.177542 0.165248 0.161549 0.150197 0.468009 0.292352
threshold=1471.5000000000002 771.50000000000011 1238.5000000000002 1.4503023970108611 1747.5000000000002 46.500000000000007 0.29348965454379733 1468.5000000000002 8.4928903564930263 276.50000000000006 331.50000000000006 848.50000000000011 857.50000000000011 131.88808278564599 1096.8329721921275 1473.5000000000002 4.2266975801621216 1382.5000000000002 2043.5000000000002 0.012358406516482118 56.744205474853523 38.81666564941407 320.50000000000006 1380.0000000000002 0.12882395757512741 1406.5000000000002 33.630190872809308 0.67630541121511156 1.3571428656578066 1.0714285969734194 2.5000000000000004 3.5000000000000004 1.9518080787228189 1.0000000180025095e-35 320.50000000000006 1653.5000000000002 1238.5000000000002 0.15000000596046451 1.5000000000000002 2060.0000000000005 6.5000000000000009 28.08976049219952 28.500000000000004 1458.5000000000002 1850.5000000000002 1464.5000000000002 4.5000000000000009 2.6185988187789921 0.01811713126860948 39.261335372924812 4.9642856121063241 1137.5000000000002 1.2342761158943178 48.750000000000007 1425.5000000000002 1432.5000000000002 4.5000000000000009 28.516666412353519 1.5000000000000002 0.53571429848670971 2399.5000000000005 0.31666667759418493
decision_type=2 2 2 2 2 2 2 2 2 2 2 2 2 2 2 2 2 2 2 2 2 2 2 2 2 2 2 2 2 2 2 2 2 2 2 2 2 2 2 2 2 2 2 2 2 2 2 2 2 2 2 2 2 2 2 2 2 2 2 2 2 2
left_child=1 -1 3 4 28 15 18 16 27 20 14 13 -13 -12 22 21 17 -8 19 -3 -7 50 -11 47 25 -25 41 36 29 30 40 35 46 -31 -16 -29 -9 -26 -32 -6 -2 49 -33 44 -19 -45 -4 48 -21 -10 -5 -43 56 -17 -18 -56 58 -57 -41 -20 61 -61
right_child=2 6 32 5 39 9 7 8 26 10 11 12 -14 -15 34 53 54 43 59 23 -22 -23 -24 24 37 -27 -28 31 -30 33 38 42 -34 -35 -36 -37 -38 -39 -40 52 -42 51 -44 45 -46 -47 -48 -49 -50 -51 -52 -53 -54 -55 55 57 -58 -59 -60 60 -62 -63
leaf_value=0.00093770702289353134 -0.0096671350968636563 -0.0085289175810825402 -0.0011109982309316455 -0.005846399299265722 0.00037088690871321743 -0.00067031505573418462 0.00071983499115188358 -0.0047419589939860715 -4.6056168144581233e-05 -0.0015038144882875649 -0.0011535197301797398 -0.003187512355957363 -0.00085979454285888847 0.00039310697560339939 -0.0030703857762645367 -0.00036555436571007326 0.00089863460584660806 0.00024091287411397502 0.0004649456137768202 -0.0038204595761741319 0.00079673693680452787 -0.0056292440791505362 -0.0026121253651923098 -0.0053183837497737772 0.00039988024712061637 -0.0016555570106528508 0.00051174828948782663 -0.00034890645707245406 -0.01565325638837671 -0.0073943158638138332 -0.0076095917456723396 -0.0016773266103333102 0.00035144220158325176 0.0018653555398021266 -0.0055632162253613998 -0.0028577269039380595 0.0019156210143026428 -0.0010319802435781974 -0.00082353717119340261 -0.0041771645224296626 -0.017169495384855526 -0.0010769443447947594 0.0006738037180976465 -0.0013108779500064028 -0.00057070822442881902 -0.00021468850162943711 -0.0084692410309219826 -0.0053834476786387428 -0.00020164660114035181 0.00086206701433175356 -0.0026072491958855585 0.00016721431718799861 -2.401993688350057e-05 -0.0019940379523898303 -0.001131160743039364 0.00046568918583179524 -0.00087652638231486128 0.00076699260479443836 0 -0.008034866736417982 0.0013496933738275513 -0.001704282711120074
leaf_weight=26194 30 31 31 64 102 2068 7212 113 6630 3484 3951 1975 12915 5367 316 300 4304 7048 2236 46 1119 293 1626 155 487 597 5998 3520 21 21 76 1242 4806 21 304 133 20 1621 23 218 30 1055 129 774 1973 4320 20 23 4169 801 635 519 70 500 287 15554 76 6556 25 22 138 131
leaf_count=26194 30 31 31 64 102 2068 7212 113 6630 3484 3951 1975 12915 5367 316 300 4304 7048 2236 46 1119 293 1626 155 487 597 5998 3520 21 21 76 1242 4806 21 304 133 20 1621 23 218 30 1055 129 774 1973 4320 20 23 4169 801 635 519 70 500 287 15554 76 6556 25 22 138 131
internal_value=-5.16487e-07 0.000370999 -0.00095531 -0.00112705 -0.00395839 -0.00106908 0.000180241 0.000263002 -8.4201e-05 -0.000981636 -0.00106961 -0.00082009 -0.0011689 -0.000262159 -0.00212288 -0.00268259 0.000408847 0.000178703 -0.000403676 -0.000662495 -0.000153635 -0.00371994 -0.0018575 -0.000627315 -0.00115261 -0.00241778 0.000160319 -0.000796529 -0.00843242 -0.00764573 -0.00893084 -0.00071853 0.000303531 -0.00265228 -0.00430144 -0.000441693 -0.00370257 -0.00069881 -0.00608591 -0.00192402 -0.0135238 -7.32072e-05 -0.00145242 -9.74356e-05 6.28431e-05 -0.000382251 -0.00410536 -0.000271623 -0.000242416 5.11694e-05 -0.00291177 -0.000663543 -0.00253857 -0.00138973 0.000592482 0.000533422 -0.0030745 0.00055526 -0.00374072 0.000324505 -0.000737236 -0.00265187
internal_weight=144525 104038 40487 35630 713 34917 77844 68188 20160 33125 29938 24208 14890 9318 5730 1792 48028 21327 9656 7129 3187 992 5110 7098 2860 752 15003 5157 222 201 159 5024 4857 42 620 3653 133 2108 99 491 60 9005 1371 14115 9021 5094 51 4238 4215 7431 699 1574 389 800 26701 22397 319 22110 243 2527 291 153
internal_count=144525 104038 40487 35630 713 34917 77844 68188 20160 33125 29938 24208 14890 9318 5730 1792 48028 21327 9656 7129 3187 992 5110 7098 2860 752 15003 5157 222 201 159 5024 4857 42 620 3653 133 2108 99 491 60 9005 1371 14115 9021 5094 51 4238 4215 7431 699 1574 389 800 26701 22397 319 22110 243 2527 291 153
is_linear=0
shrinkage=0.05


Tree=15
num_leaves=63
num_cat=0
split_feature=12 12 13 0 18 13 15 0 0 0 13 0 13 12 14 12 13 0 12 13 0 22 0 0 0 13 12 0 13 0 12 13 0 0 13 0 22 13 0 2 0 24 12 0 24 24 14 0 0 14 12 12 8 0 8 0 23 0 0 25 19 2
split_gain=18.5851 3.57498 2.53638 2.17025 1.78848 1.60589 1.22719 1.08624 1.88226 2.75035 1.75755 1.40288 1.08295 2.32711 1.25166 1.04318 0.825476 0.799524 0.696479 0.863632 0.591219 0.434364 0.376743 0.366789 0.520811 0.379678 0.354336 0.477586 0.388395 1.34407 1.0071 0.371663 0.349309 0.349011 0.346721 0.341979 0.444046 0.443846 0.404852 0.337763 0.337675 0.311366 0.47647 0.309734 0.294545 0.282847 0.272014 0.268609 0.267922 0.25974 0.25971 0.30067 0.245328 0.258365 0.231615 0.24228 0.275133 0.228633 0.2265 0.226371 0.222884 0.293583
threshold=1470.5000000000002 744.50000000000011 6.0007451564828624 1238.5000000000002 20.500000000000004 0.99824097280237634 29.500000000000004 326.50000000000006 848.50000000000011 857.50000000000011 131.88808278564599 291.50000000000006 0.85582108717363403 1747.5000000000002 2.3631368631368637 1380.0000000000002 0.01811713126860948 46.500000000000007 1465.5000000000002 7.9519030349763256 46.500000000000007 1.1499999761581423 60.500000000000007 1063.5000000000002 1170.5000000000002 3.4706893066504958 1466.5000000000002 651.50000000000011 0.12882395757512741 1794.0000000000002 1406.5000000000002 0.70347615949437692 611.50000000000011 575.50000000000011 0.32389916115969125 1013.5000000000001 6.3166668415069589 3.2609225874867449 990.50000000000011 8.5000000000000018 542.50000000000011 17.194746971130375 1382.5000000000002 869.50000000000011 19.903200149536136 11.12380361557007 0.66838487972508598 1529.5000000000002 60.500000000000007 349.24499105545624 1471.5000000000002 1473.5000000000002 1.0000000180025095e-35 1653.5000000000002 -0.60785761079279388 1101.5000000000002 1.2629922032356264 551.50000000000011 1619.0000000000002 1.8315559029579165 2.5000000000000004 9.5000000000000018
decision_type=2 2 2 2 2 2 2 2 2 2 2 2 2 2 2 2 2 2 2 2 2 2 2 2 2 2 2 2 2 2 2 2 2 2 2 2 2 2 2 2 2 2 2 2 2 2 2 2 2 2 2 2 2 2 2 2 2 2 2 2 2 2
left_child=1 -1 12 4 20 15 22 11 10 -10 -9 17 13 21 40 16 52 -8 41 35 50 39 -6 43 25 -25 28 31 29 30 -17 -28 33 57 -18 36 38 -37 -20 -2 -14 42 -7 45 -5 -16 54 -29 -44 -13 -4 -52 53 -3 -15 56 -56 -21 -54 -49 -45 -62
right_child=2 5 3 44 6 18 7 8 9 -11 -12 49 14 46 23 26 34 -19 19 32 -22 -23 -24 24 -26 -27 27 47 -30 -31 -32 -33 -34 -35 -36 37 -38 -39 -40 -41 -42 -43 48 60 -46 -47 -48 59 -50 -51 51 -53 58 -55 55 -57 -58 -59 -60 -61 61 -63
leaf_value=0.00089454392147577094 -0.0058206348251204796 -0.0088300537639310114 2.3397004779725843e-05 -0.0011514713502088403 -0.0017888159959046923 0.0008614103332732553 -0.0026821229058193534 -0.0019023362467846965 -0.0037394361042939524 -0.0011679140195681823 0.00017830604988208334 -0.0039623835499075161 0.00040719081331083777 -0.00014690091340490124 -0.0024703038486817842 -0.0070735264879179839 -1.9333383225301721e-05 -0.00070129337454549333 -0.00017131496757988592 6.2907051218190712e-05 -0.00031143952454811344 -0.014027395235288398 -0.00038871277803275176 -0.0025314823774279863 -0.00097821015477496539 -0.0059844495216581362 -0.0048524076032628169 0.00051250310146280862 -0.00037844352317012745 0.0011213566087106793 -0.0018542430646558659 -0.00039171095096469797 0.00049529480257046621 -0.0015821345148071394 0.00059955287859868875 -0.00038464559700843924 -0.0015514012891698027 0.00092915329121376312 -0.0032371446493993311 -0.010829679885700862 -0.0013638985655599334 0.00077922930498223347 -0.0012966573235496325 0.00074456889208245698 0.00038060741817589971 -0.00048772385811298206 0.0015690313546449935 -0.0009382551939778 0.00030139242333178102 -0.0026493907965238323 -0.0030224006533377365 -0.00059553166796421665 0.0020414724664027948 -0.0024679297339339993 -0.0048042341985040007 -0.0013193374820390641 0.00096577888363087348 0.0012085364872604077 -0.0046736404670719286 -0.0041537840203253584 -0.0009079772408822572 -0.0072705139064680934
leaf_weight=25919 145 37 157 335 527 4505 711 1373 1254 6170 3879 595 716 106 1442 119 6601 1837 2401 7104 13327 28 5782 143 149 201 163 219 6509 309 436 69 12034 308 3432 1876 1021 977 113 49 429 8351 266 167 4641 213 51 219 14242 1176 399 196 25 33 164 148 22 465 24 76 118 22
leaf_count=25919 145 37 157 335 527 4505 711 1373 1254 6170 3879 595 716 106 1442 119 6601 1837 2401 7104 13327 28 5782 143 149 201 163 219 6509 309 436 69 12034 308 3432 1876 1021 977 113 49 429 8351 266 167 4641 213 51 219 14242 1176 399 196 25 33 164 148 22 465 24 76 118 22
internal_value=-5.34838e-07 0.000391012 -0.000821561 -0.000703759 -0.000834365 0.00020951 -0.00110329 -0.00132454 -0.00109034 -0.00160299 -0.000364698 -0.00201074 -0.00197733 -0.00376289 -0.0016222 -0.000195186 0.000142279 -0.00125607 0.000347393 0.000163374 -0.00038887 -0.00801657 -0.000506484 -0.00225915 -0.00349134 -0.00456474 -0.000617764 -0.00165913 -0.000511699 -0.00150964 -0.00298341 -0.00354802 0.000325796 6.62087e-05 0.000191875 -0.000342098 -0.000670872 6.35246e-05 -0.000311231 -0.00711649 -0.000252082 0.000524066 0.000411725 -0.00194682 0.000276437 -0.00221821 -0.00182821 -0.000796314 0.000271739 -0.00309354 -0.00175422 -0.0022316 -0.00399393 -0.00590989 -0.00223361 -0.00288065 -0.00409474 0.000133964 -0.00114855 -0.00178473 -0.000467252 -0.00194797
internal_weight=144525 97853 46672 42359 37383 71934 23304 16995 12676 7424 5252 4319 4313 713 3600 18271 10152 2548 53663 26299 14079 222 6309 2455 493 344 8119 746 7373 864 555 232 19911 7877 10033 6388 3535 2853 2514 194 1145 27364 19013 1962 4976 1655 491 514 14508 1771 752 595 119 70 440 334 186 7569 49 295 307 140
internal_count=144525 97853 46672 42359 37383 71934 23304 16995 12676 7424 5252 4319 4313 713 3600 18271 10152 2548 53663 26299 14079 222 6309 2455 493 344 8119 746 7373 864 555 232 19911 7877 10033 6388 3535 2853 2514 194 1145 27364 19013 1962 4976 1655 491 514 14508 1771 752 595 119 70 440 334 186 7569 49 295 307 140
is_linear=0
shrinkage=0.05


Tree=16
num_leaves=63
num_cat=0
split_feature=12 12 0 25 0 25 12 12 22 0 0 0 13 0 12 13 12 0 13 0 12 13 0 0 13 22 21 20 21 9 0 21 0 13 12 25 9 13 13 10 8 16 13 12 25 0 20 25 13 13 0 8 13 16 0 0 0 0 12 22 12 13
split_gain=16.8201 3.65251 2.86966 1.92327 1.60214 1.4816 1.44464 1.25574 0.882659 1.77046 3.25121 1.83799 1.04046 0.96415 0.867363 0.854911 0.83682 0.708122 0.659475 0.615003 0.575119 0.799453 0.551792 1.89302 0.908916 0.537939 0.41842 1.03748 0.570581 0.443562 0.41826 0.395195 0.385951 0.665253 0.5373 0.364254 0.351438 0.351423 0.35118 0.330016 0.320589 0.284723 0.275222 0.263878 0.411917 0.267304 0.253256 0.323466 0.370105 0.23047 0.502746 0.223704 0.223413 0.221356 0.216711 0.206858 0.198019 0.402532 0.194551 0.174584 0.250509 0.168852
threshold=1471.5000000000002 771.50000000000011 1238.5000000000002 1.1950566768646242 46.500000000000007 7.9771583080291757 1747.5000000000002 1380.0000000000002 508.94999694824224 326.50000000000006 848.50000000000011 1162.5000000000002 326.68300764977664 1217.5000000000002 1469.5000000000002 0.32389916115969125 1473.5000000000002 320.50000000000006 0.01811713126860948 312.50000000000006 1468.5000000000002 0.53867423167169137 492.50000000000006 419.50000000000006 9.7496601845734343 38.81666564941407 1.2500000000000002 1.0714285969734194 0.96428570151329052 -0.22252093395631442 848.50000000000011 3.6785713434219365 1229.5000000000002 0.096919000158202831 1421.5000000000002 28.041851043701175 -0.56174490092936669 1174.3343828736549 1.9518080787228189 -0.24999999999999994 -1.0000000180025095e-35 8.5000000000000018 1096.8329721921275 1465.5000000000002 23.011291503906254 995.50000000000011 0.21428572386503222 0.7675113081932069 0.38523932321132548 0.67630541121511156 651.50000000000011 -0.60785761079279388 3.2609225874867449 3.5000000000000004 49.500000000000007 1653.5000000000002 254.50000000000003 262.50000000000006 1458.5000000000002 0.75000000000000011 1191.5000000000002 44.002055108216133
decision_type=2 2 2 2 2 2 2 2 2 2 2 2 2 2 2 2 2 2 2 2 2 2 2 2 2 2 2 2 2 2 2 2 2 2 2 2 2 2 2 2 2 2 2 2 2 2 2 2 2 2 2 2 2 2 2 2 2 2 2 2 2 2
left_child=1 -1 3 6 16 7 26 15 12 17 37 -12 22 30 43 18 25 19 36 -10 21 32 23 -6 -24 53 27 28 29 -2 -14 49 33 -9 -34 -16 -3 -11 51 -38 -33 -42 -19 -7 45 -45 47 48 -8 50 -22 -4 -47 -5 -23 -51 -37 -58 -56 -20 -61 -59
right_child=2 5 38 4 8 14 46 20 9 10 11 -13 13 -15 35 -17 -18 42 59 -21 31 54 24 -25 -26 -27 -28 -29 -30 -31 -32 40 34 -35 -36 56 39 -39 -40 -41 41 -43 -44 44 -46 52 -48 -49 -50 55 -52 -53 -54 -55 58 -57 57 61 -60 60 -62 -63
leaf_value=0.00084666647019704269 -0.0035887787676333518 -0.0084445481197299253 -0.0079896243567119784 -0.0040279003338683653 -0.00085047113894006247 0.00063531827441748847 -0.0056904342631961024 -0.0038964579585486873 -0.0025932743820217675 0.0003281877948938934 -0.0031474523089478294 -0.0002094597299404598 0.00045434200337090181 -0.003650219734557418 -0.00029259621568444492 0.00069116349250556266 -0.0012185682773580317 -0.0031460896753546389 -2.050020521621853e-05 0.00054102848248761728 -0.0042626648015860608 -0.0012413060058758928 -0.0020560041705563314 -0.0027514964977205371 -0.00055704399914787155 -0.0052208277921183448 -0.01365178289648843 0.0011976897708328763 -0.01619772292073304 -0.010056636133992632 -0.00058972035527359956 -0.0007615412709893254 -0.00072389866076171829 -0.00095213346953822566 0.00092026477647842416 0.0010811205929130809 -0.007504128850069805 -0.00086544389107032411 0.00031884171272905247 0 -0.0034141925443664672 -0.00081084005127345397 -0.0051830667555846687 -0.00035229652876742388 0.0005347828451863361 -0.0022771247372087261 -0.001293810915611671 -0.0079395440072212321 0.0022842269280849785 -0.00026558216727137247 0.0015802148422629709 -0.00098765130285966289 0.00042811557622059063 -0.0020351862507378745 0.00020178142163510384 -0.0023262681963332802 -0.00094239590480620474 6.7412896426330624e-05 -0.00019791718007739596 0.0014870720663906838 -0.0051260841005217397 0.00066004286878946659
leaf_weight=26194 55 32 20 208 6943 16177 30 213 692 2597 1854 752 2789 179 5746 6757 800 417 6279 199 113 345 1112 1619 11546 293 25 34 21 58 1460 410 2207 2078 639 656 20 808 4806 54 367 155 304 2744 10101 78 279 38 27 1736 53 31 2626 491 7051 132 719 2823 5352 21 39 2121
leaf_count=26194 55 32 20 208 6943 16177 30 213 692 2597 1854 752 2789 179 5746 6757 800 417 6279 199 113 345 1112 1619 11546 293 25 34 21 58 1460 410 2207 2078 639 656 20 808 4806 54 367 155 304 2744 10101 78 279 38 27 1736 53 31 2626 491 7051 132 719 2823 5352 21 39 2121
internal_value=-5.53514e-07 0.000335904 -0.000865258 -0.00102071 -0.000973795 0.00016397 -0.00391219 -8.32749e-05 -0.000895112 -0.00136831 -0.00097241 -0.00230161 -0.000754271 -5.59156e-05 0.000356348 0.000298106 -0.00243172 -0.00284132 -0.000113207 -0.00188765 -0.00032499 -0.00021769 -0.000899761 -0.00121055 -0.000689137 -0.00340481 -0.00743461 -0.00647212 -0.00845492 -0.00695873 9.44093e-05 -0.000970296 -0.000744299 -0.00122822 -0.000352966 -4.08704e-06 -0.00402314 4.34558e-05 0.000274048 -0.00203489 -0.00182536 -0.00265105 -0.00401249 0.000493575 0.000345781 -3.72718e-06 -0.0020796 -0.00433098 -0.00182801 -0.000575967 -0.00236724 -0.00384163 0.000348149 -0.0026358 -5.08831e-06 -0.000413991 0.00025747 0.000161158 2.89047e-05 -4.69744e-05 -0.00272966 0.000322674
internal_weight=144525 104038 40487 35630 35063 77844 567 34053 33271 7623 6011 2606 25648 4428 43791 13202 1792 1612 6445 891 20851 17885 21220 8562 12658 992 193 168 134 113 4249 2966 5137 2291 2846 12065 106 3405 4857 74 932 522 721 31726 15549 5448 374 95 57 2034 166 51 2704 699 12748 1868 6319 5663 12403 6339 60 4944
internal_count=144525 104038 40487 35630 35063 77844 567 34053 33271 7623 6011 2606 25648 4428 43791 13202 1792 1612 6445 891 20851 17885 21220 8562 12658 992 193 168 134 113 4249 2966 5137 2291 2846 12065 106 3405 4857 74 932 522 721 31726 15549 5448 374 95 57 2034 166 51 2704 699 12748 1868 6319 5663 12403 6339 60 4944
is_linear=0
shrinkage=0.05


Tree=17
num_leaves=63
num_cat=0
split_feature=13 0 0 0 0 0 0 0 0 0 22 13 0 0 20 13 0 22 0 0 0 0 0 0 13 13 19 0 23 14 21 0 13 0 24 0 14 14 0 22 0 13 0 13 24 0 14 20 10 0 14 0 13 0 24 11 22 22 24 14 16 0
split_gain=5.44944 2.21246 2.01741 1.67472 1.4465 3.14229 1.7008 3.43822 1.82149 2.25729 1.24487 1.10975 1.19742 0.925725 0.922283 0.887243 0.870313 0.819748 0.614994 0.584144 0.638288 1.22433 0.721115 0.492374 0.450661 0.405046 0.396963 0.393471 0.346103 0.39303 0.344468 0.324008 0.313728 0.303563 0.280099 0.270194 1.12572 0.787216 0.69107 0.475659 0.237507 0.210145 0.194808 0.216371 0.186759 0.187003 0.170492 0.270474 0.233134 0.16866 0.203855 0.165046 0.2764 0.156713 1.12172 0.710774 0.15159 0.146407 0.146313 0.144041 0.158699 0.119302
threshold=67.181493510148499 1238.5000000000002 65.500000000000014 39.500000000000007 254.50000000000003 331.50000000000006 848.50000000000011 869.50000000000011 455.50000000000006 411.50000000000006 366.48333740234381 440.84422146753121 852.50000000000011 46.500000000000007 234.21428680419925 1096.8329721921275 60.500000000000007 38.81666564941407 897.50000000000011 1330.5000000000002 254.50000000000003 328.50000000000006 317.50000000000006 1217.5000000000002 57.42212993923706 0.35451913877554364 1.0000000180025095e-35 1729.5000000000002 12.137113094329836 6.9602631578947376 4.9642856121063241 850.50000000000011 0.086988585353341044 320.50000000000006 51.772668838500984 297.50000000000006 349.24499105545624 453.24780701754395 320.50000000000006 87.416667938232436 266.50000000000006 44.002055108216133 526.50000000000011 673.12306270159718 20.312125205993656 600.50000000000011 4.5847605224963717 8.2142858505249041 0.93301270189221952 2043.5000000000002 1.0000000180025095e-35 202.50000000000003 33.630190872809308 1742.5000000000002 0.55672836303710949 -0.24999999999999994 0.48333333432674414 5.4500000476837167 33.209003448486335 8.6438729787648558 2.5000000000000004 1520.5000000000002
decision_type=2 2 2 2 2 2 2 2 2 2 2 2 2 2 2 2 2 2 2 2 2 2 2 2 2 2 2 2 2 2 2 2 2 2 2 2 2 2 2 2 2 2 2 2 2 2 2 2 2 2 2 2 2 2 2 2 2 2 2 2 2 2
left_child=2 4 3 41 16 15 8 11 9 -7 18 12 -8 17 -11 35 -2 30 -9 20 51 22 24 -12 40 -15 44 -21 -24 -30 57 -13 49 -17 56 37 39 -6 -38 -37 -22 -1 -10 -44 45 -23 47 48 -27 50 -29 52 -4 54 55 -34 -28 -5 -54 60 -32 -3
right_child=1 61 19 13 5 6 7 10 42 14 23 31 -14 25 -16 33 -18 -19 -20 27 21 26 28 -25 -26 46 34 32 29 -31 59 -33 53 -35 -36 36 38 -39 -40 -41 -42 -43 43 -45 -46 -47 -48 -49 -50 -51 -52 -53 58 -55 -56 -57 -58 -59 -60 -61 -62 -63
leaf_value=0.00036270397638907688 -0.0019149141731735133 0.00046889605880101018 0.00039136877225226584 -0.0036073876379174941 -0.00054752950755788509 0.00056590630328715399 0.00044389044146518055 0.00098624004621952386 0.0011136272200783378 -0.0033330256575069815 -0.0013446065573639206 -0.0061366673807222759 -0.0040772752168097412 0.001069287420613813 -0.0010242547018868161 -0.0026548646557198147 0.00092970173946300494 -0.0049598754539638404 -0.00049743551984962684 0.00054948323736605002 -8.5925173972825283e-05 -9.5711443244447821e-06 0.00061706283803050288 -0.0034750902689318465 0.00097268410522672103 -0.0012565894988804292 0.00054106607323269171 -0.00099221633097434253 -0.0063752383712361877 -0.0022269757569901446 -0.0045108680110833828 -0.0037843738143818273 -0.0095669933382541011 -0.0049239985937597486 0.00044560075759663385 -0.0015438256665545721 0.00026181465819012439 -0.0033153362222634515 -0.0019538864332541059 -0.0036287163296828185 -0.00085843111757083305 -0.0010802546070994765 0.00075480405498055568 -0.00019246624328343539 0.0004591472667938544 0.00026161684297093253 -0.00076979884794470483 -0.0065699602715497789 -0.0055025412426317252 0.00074296633501794152 0.00040053030014675599 0.00077434816481764077 -0.0057321885870809941 5.469235009705059e-05 0.00049595543137603718 -0.00059859138957580129 -0.00012423082484956682 -0.0090088826374391372 -0.0011140821898464426 -0.0012341345476746984 -0.0016156227775111364 -0.00055547845769946631
leaf_weight=2127 316 4483 7636 46 1130 1447 279 771 1645 815 2471 309 304 237 940 316 1773 293 7236 17368 1519 8916 84 309 506 418 895 335 68 429 83 314 53 304 2747 390 589 335 861 1002 2970 285 1670 932 7683 21849 1019 30 36 2974 1206 3430 23 8156 303 40 18645 21 85 640 130 299
leaf_count=2127 316 4483 7636 46 1130 1447 279 771 1645 815 2471 309 304 237 940 316 1773 293 7236 17368 1519 8916 84 309 506 418 895 335 68 429 83 314 53 304 2747 390 589 335 861 1002 2970 285 1670 932 7683 21849 1019 30 36 2974 1206 3430 23 8156 303 40 18645 21 85 640 130 299
internal_value=-5.73738e-07 -0.00058527 0.000160621 -0.000785515 -0.000764221 -0.000872539 -0.000586348 -0.00095491 6.37668e-06 -0.000893391 -0.000671247 -0.00348771 -0.00190535 -0.00158406 -0.0020994 -0.0020008 0.000496936 -0.00264623 -0.000353936 0.000207703 0.0001347 7.5701e-05 -0.000633191 -0.00158333 -0.000438005 -0.000840614 0.000140867 0.000393398 -0.00230228 -0.00280577 -0.00190349 -0.0049599 0.000185553 -0.00377615 -2.68262e-05 -0.001744 -0.00203084 -0.00118404 -0.00105045 -0.00304833 -0.00059815 0.000190095 0.000685934 0.000413589 0.000238202 0.000182862 -0.00114515 -0.00192476 -0.00160542 0.000522745 9.44701e-05 0.00048437 0.000355278 6.94444e-06 -0.000963612 -0.00576811 -9.34994e-05 -0.00538581 -0.00214821 -0.00162351 -0.00276887 0.00040379
internal_weight=144525 31240 113285 5365 26458 24369 19442 11993 7449 3202 10787 1206 583 2953 1755 4927 2089 1213 8007 107920 77485 66311 5576 2780 4995 1740 60735 30435 581 497 920 623 13067 620 22287 4307 2842 1465 1450 1392 4489 2412 4247 2602 38448 30765 1503 484 454 4515 1541 11174 7744 8552 396 93 19540 67 108 853 213 4782
internal_count=144525 31240 113285 5365 26458 24369 19442 11993 7449 3202 10787 1206 583 2953 1755 4927 2089 1213 8007 107920 77485 66311 5576 2780 4995 1740 60735 30435 581 497 920 623 13067 620 22287 4307 2842 1465 1450 1392 4489 2412 4247 2602 38448 30765 1503 484 454 4515 1541 11174 7744 8552 396 93 19540 67 108 853 213 4782
is_linear=0
shrinkage=0.05


Tree=18
num_leaves=63
num_cat=0
split_feature=12 12 13 0 0 0 13 0 0 0 0 13 0 13 12 13 13 13 12 20 13 0 12 25 0 0 13 13 0 13 22 11 22 0 22 12 0 12 20 20 3 12 0 0 19 0 16 22 25 9 13 0 0 25 25 0 0 20 13 3 12 15
split_gain=14.1536 2.8629 2.12701 1.68631 2.2579 1.46853 1.36663 1.05771 2.1835 1.97766 4.00043 1.41372 1.00047 0.90109 1.94262 1.07842 0.899466 0.885208 0.847193 0.804774 0.586385 0.652673 0.573972 0.782021 0.557362 1.23448 0.586429 0.464809 0.439628 0.770565 0.610806 0.603182 0.470792 0.439492 0.418374 0.713233 0.450297 0.404538 0.398379 0.405174 0.688569 0.369001 0.354806 0.658597 0.396601 0.366698 0.362673 0.346665 0.505272 0.342999 0.282127 0.296776 0.274186 0.270669 0.262954 0.258086 0.288046 0.252416 0.248941 0.245142 0.244647 0.468308
threshold=1470.5000000000002 771.50000000000011 6.0007451564828624 328.50000000000006 291.50000000000006 46.500000000000007 0.99824097280237634 411.50000000000006 455.50000000000006 848.50000000000011 857.50000000000011 440.84422146753121 1256.5000000000002 0.85582108717363403 1747.5000000000002 2.6046396683673474 9.7496601845734343 593.01489036182454 1411.5000000000002 234.21428680419925 0.012358406516482118 1721.5000000000002 1425.5000000000002 9.9908003807067889 312.50000000000006 320.50000000000006 1096.8329721921275 106.55619971764197 1371.5000000000002 0.096919000158202831 0.11666667088866235 0.6830127018922193 0.18333333730697635 903.50000000000011 42.349998474121101 1473.5000000000002 43.500000000000007 1465.5000000000002 1.3571428656578066 1.0714285969734194 2.5000000000000004 1469.5000000000002 1063.5000000000002 1170.5000000000002 1.5000000000000002 869.50000000000011 2.5000000000000004 0.15000000596046451 0.46361231803894049 1.0000000180025095e-35 0.29348965454379733 1929.5000000000002 2043.5000000000002 20.214723587036136 0.93618154525756847 551.50000000000011 1210.5000000000002 11.071428775787355 1313.683155277834 3.5000000000000004 1421.5000000000002 1.0000000180025095e-35
decision_type=2 2 2 2 2 2 2 2 2 2 2 2 2 2 2 2 2 2 2 2 2 2 2 2 2 2 2 2 2 2 2 2 2 2 2 2 2 2 2 2 2 2 2 2 2 2 2 2 2 2 2 2 2 2 2 2 2 2 2 2 2 2
left_child=1 -1 13 4 5 34 18 -5 19 53 11 -11 -12 14 38 33 -6 -7 20 -9 21 -3 -8 -24 -18 27 -27 -26 29 30 31 -20 -30 -15 36 -36 -4 -32 39 40 -2 -25 45 44 -44 57 -46 -31 -49 -41 52 -52 -22 -10 -53 -43 -57 -17 -21 -42 61 -34
right_child=2 6 3 7 16 17 22 8 9 10 12 -13 -14 15 -16 42 24 -19 28 58 50 -23 23 41 25 26 -28 -29 32 47 37 -33 60 -35 35 -37 -38 -39 -40 49 59 55 43 -45 46 -47 -48 48 -50 -51 51 54 -54 -55 -56 56 -58 -59 -60 -61 -62 -63
leaf_value=0.00078848824329691685 -0.012005437967892793 -0.011326542529142249 -6.8557153057544464e-05 0.00053346065082827976 0.0015305405593815441 -8.2405140172457363e-05 0.00063422839859704017 -0.0029590321881210703 -0.00073039716190341345 -0.001822415478239672 -0.00057333634862658986 -0.0047123889372594529 0.00028215607392376017 0.00070491883987490239 -0.0016358815492809251 -0.0021782793932694721 -0.0033270029542579824 -0.003047389583362408 -0.0045965240641192839 -0.000384066015727379 -0.00036291598319189997 0 -0.00013173519761051786 0.00043768558696779468 -0.0020012960694170676 -0.0022636315131666427 -0.0046778796139010587 0.00023372733942294904 0.0014956320214023844 0.00047696578923880163 -0.013356244843809997 0.002421521818969753 -0.0037797216115363881 -0.0013900075810319872 -0.0047089754806627759 -0.0015887745653659253 -0.0021803146108432055 -0.0042327883581173816 -0.014053039273944513 -0.0065838383872644599 -2.1207745747543612e-05 -0.00029783316436054287 -0.0026691189533118468 -4.8413362995622193e-05 -0.0084249400611791491 -0.0001376300881437342 -0.0036302887595255256 -0.0074292782810153994 -0.0010819476161583433 0.0023243214680164419 0.0004554423557592862 -0.0018358668470938645 0.00029312491776067802 0.00061519235894167594 4.1614695196833124e-06 0.00065086435715794116 -0.00035882180142749219 2.0668460674350232e-05 -0.0021197921140676283 -0.0063516436301519989 -0.0002205572656692903 0.0001955782636989448
leaf_weight=26194 60 24 495 2679 164 5492 10580 1141 403 1352 14475 623 4465 646 491 1626 903 264 100 624 5535 26 11414 25141 347 1626 304 696 344 365 26 43 152 408 287 528 526 27 21 21 21 3272 177 121 87 316 82 32 2246 21 4669 269 2228 4649 678 2229 1027 137 316 78 1092 140
leaf_count=26194 60 24 495 2679 164 5492 10580 1141 403 1352 14475 623 4465 646 491 1626 903 264 100 624 5535 26 11414 25141 347 1626 304 696 344 365 26 43 152 408 287 528 526 27 21 21 21 3272 177 121 87 316 82 32 2246 21 4669 269 2228 4649 678 2229 1027 137 316 78 1092 140
internal_value=-5.76155e-07 0.000341112 -0.000717069 -0.000609179 -0.00112217 -0.000613055 0.000177509 -0.000414815 -0.00050557 -0.000380441 -0.000595007 -0.00273676 -0.000371394 -0.00177548 -0.00340459 -0.00145135 -0.00207763 -0.000219314 -0.000199382 -0.00206444 3.10153e-07 -0.00539853 0.000303993 0.000222779 -0.00223163 -0.00189714 -0.00264672 -0.000505179 -0.000787649 -0.00117064 -0.0042022 -0.00245104 -0.0001555 -0.000101332 -0.00184466 -0.00269412 -0.0011615 -0.00881933 -0.00729146 -0.00655352 -0.00771865 0.000350709 -0.00200825 -0.00326573 -0.00437608 -0.00172323 -0.00613163 -0.000943779 -0.00117363 -0.00201605 2.09006e-05 0.00029118 -0.000173985 0.000506852 -0.000513367 1.49746e-05 0.000330855 -0.00200458 -0.000973047 -0.00506065 -0.000569587 -0.00185722
internal_weight=144525 97853 46672 42359 11632 7592 71659 30727 28048 25967 20915 1975 18940 4313 713 3600 4040 5756 17996 2081 13429 50 53663 43083 3876 2973 1930 1043 4567 2839 196 143 1728 1054 1836 815 1021 53 222 201 159 31669 2546 467 346 2079 169 2643 2278 42 13379 5616 7763 5052 947 6528 3256 1763 940 99 1384 292
internal_count=144525 97853 46672 42359 11632 7592 71659 30727 28048 25967 20915 1975 18940 4313 713 3600 4040 5756 17996 2081 13429 50 53663 43083 3876 2973 1930 1043 4567 2839 196 143 1728 1054 1836 815 1021 53 222 201 159 31669 2546 467 346 2079 169 2643 2278 42 13379 5616 7763 5052 947 6528 3256 1763 940 99 1384 292
is_linear=0
shrinkage=0.05


Tree=19
num_leaves=63
num_cat=0
split_feature=12 12 25 25 12 12 12 25 22 25 14 25 25 22 12 14 12 14 14 23 21 16 8 14 22 22 22 24 25 11 25 12 25 12 19 2 14 14 15 23 25 22 25 11 14 25 12 19 3 3 12 23 16 14 22 14 25 2 12 22 12 15
split_gain=12.7888 2.9148 1.77309 1.22084 1.13007 1.02879 0.694595 0.587498 0.755349 1.28918 0.571211 0.521122 0.503035 0.699423 0.489229 0.608057 0.462698 0.890332 0.579311 0.422007 0.389246 0.449977 0.404035 0.340528 0.334473 0.508444 0.324979 0.254531 0.229462 0.328899 0.203797 0.195273 0.399922 0.206825 0.18719 0.357166 0.293295 0.182923 0.265658 0.17873 0.176766 0.281027 0.164197 0.159948 0.276893 0.197764 0.156777 0.2002 0.164869 0.155521 0.15434 0.152 0.141666 0.138718 0.156832 0.138032 0.137167 0.137133 0.136933 0.170271 0.150033 0.128388
threshold=1471.5000000000002 771.50000000000011 1.1950566768646242 7.9771583080291757 1747.5000000000002 1380.0000000000002 1466.5000000000002 1187.6896972656252 508.94999694824224 181.44040679931643 0.79469617140850024 27.424693107604984 512.47799682617199 1183.4166259765627 1468.5000000000002 0.23164313222079594 1747.5000000000002 0.69752141982864146 6.3129664179104488 2.8990706205368046 1.2500000000000002 1.5000000000000002 0.87837969732492682 0.014389233954451347 0.61666667461395275 0.88333332538604747 1.0000000180025095e-35 1.3837753534317019 619.77780151367199 0.25000000000000017 0.57184895873069774 1465.5000000000002 0.2794183492660523 1387.5000000000002 3.5000000000000004 10.500000000000002 1.1184618188445417 0.50257731958762897 1.0000000180025095e-35 1.0000000180025095e-35 430.37222290039068 440.58334350585943 3.6762675046920781 0.25000000000000017 586.29548647699346 368.40257263183599 2060.0000000000005 1.5000000000000002 4.5000000000000009 4.5000000000000009 1240.5000000000002 1.0000000180025095e-35 1405.5000000000002 0.037268518518518527 0.083333335816860213 1017.6188446969699 26.838565826416019 11.500000000000002 1425.5000000000002 2.4166667461395268 1431.0000000000002 12.500000000000002
decision_type=2 2 2 2 2 2 2 2 2 2 2 2 2 2 2 2 2 2 2 2 2 2 2 2 2 2 2 2 2 2 2 2 2 2 2 2 2 2 2 2 2 2 2 2 2 2 2 2 2 2 2 2 2 2 2 2 2 2 2 2 2 2
left_child=1 -1 4 5 20 10 56 8 9 16 23 -8 43 28 15 31 17 -4 -19 39 21 22 24 26 -2 -26 50 46 29 -14 -28 33 -33 -7 36 -36 -21 38 -18 -16 41 52 49 44 -10 -46 -6 48 51 -17 -3 -48 -11 -25 -55 61 58 -39 -5 -60 -61 -15
right_child=2 3 7 6 27 14 11 -9 12 40 -12 -13 13 55 19 42 37 18 -20 34 -22 -23 -24 53 25 -27 30 -29 -30 -31 -32 32 -34 -35 35 -37 -38 57 -40 -41 -42 -43 -44 -45 45 -47 47 -49 -50 -51 -52 -53 -54 54 -56 -57 -58 -59 59 60 -62 -63
leaf_value=0.00074906397726163913 -0.010213330920605786 -0.0024518831308382692 -0.011413572072537979 0.00070891852163861317 0.00060898460259618207 -0.00302022529953937 -0.00012514123133142757 0.00045837240140398153 -0.00071224592253836029 -6.3541969162783616e-05 0.00076591156496151256 0.00033826518939094626 -0.00027284449190746095 -0.004479663600839341 -0.0015787026674006076 -8.3719930380791888e-05 0.00085646964317963217 -0.0016521364745490322 -0.000780831870857791 -0.0030717311213799359 -0.012602528312303352 -0.00018904756731426232 -0.013681379639409222 0.00082733760707785786 -0.00055075771575547044 -0.0083731311840257918 0.00050539700524232631 0.0026018859851720914 -1.7441257350259892e-05 -0.0020565972382957471 -0.0040110844849925676 0.0014936055095788247 -0.0035584565385357973 -0.0006637847725361473 -0.0016423199339443012 -0.0053908072614797129 -0.00075968584797376734 0.00085454285456521136 -0.0060240219793214651 6.2496644139878039e-05 0.00057678253912072785 -0.0010294235041165885 0.00011167050054288872 -0.0023885749427489159 -0.0028845355534313417 -0.0015123055736499106 -0.0068974427878856666 0.00090561486060345645 -0.00070702362738537519 -0.00055510282310251889 -0.0069863865747120365 -0.0031175451375155022 -0.0036898410147935753 -0.00039009052498186164 0.00015918794425666752 -0.0017931580796908286 0.00073217873092122545 -0.0017920346412451976 -0.0042362040992993026 -0.0015536032067832899 0.00037417276975844062 -0.00030445952936604002
leaf_weight=26194 32 131 20 3575 39 98 10638 1034 722 6783 3922 14083 703 20 196 6035 28 2123 19983 160 25 32 20 622 49 38 173 28 1718 416 29 50 162 2561 421 77 1065 615 26 1047 835 880 6495 730 401 856 35 33 61 2484 24 178 27 1610 6691 1665 6327 52 20 101 9047 280
leaf_count=26194 32 131 20 3575 39 98 10638 1034 722 6783 3922 14083 703 20 196 6035 28 2123 19983 160 25 32 20 622 49 38 173 28 1718 416 29 50 162 2561 421 77 1065 615 26 1047 835 880 6495 730 401 856 35 33 61 2484 24 178 27 1610 6691 1665 6327 52 20 101 9047 280
internal_value=-5.90812e-07 0.000292785 -0.000754591 0.000139185 -0.00352557 -8.52429e-05 0.00031382 -0.000714888 -0.000746218 -0.000638042 0.000259934 0.000138649 -0.00119737 -0.000887874 -0.000304035 -0.000205041 -0.000833865 -0.000874556 -0.000864743 -0.000899255 -0.00661037 -0.00569825 -0.00692956 4.55482e-05 -0.00574229 -0.00403052 -0.00146752 -0.00189424 -0.000383333 -0.000940566 -0.000119932 -0.000871896 -0.00234322 -0.000752624 -0.00140627 -0.00223291 -0.00106597 0.000407855 -0.00236895 -0.000192377 -0.000112647 -0.000188164 -7.7186e-05 -0.00174408 -0.00150371 -0.00195424 -0.00227318 -0.00265568 -0.00310301 -0.000221759 -0.00319029 -0.00376506 -7.87075e-05 0.000106661 5.20482e-05 -0.00161371 0.000540636 0.00064048 0.000445136 0.000341724 0.000352326 -0.000600868
internal_weight=144525 104038 40487 77844 570 34053 43791 39917 38883 31372 13202 24721 7511 4802 20851 17885 22847 22126 22106 2966 196 171 139 9280 119 87 357 374 2837 1119 202 2871 212 2659 1723 498 1225 721 54 1243 8525 7690 15014 2709 1979 1257 346 307 274 8519 155 213 6810 8923 8301 1965 19070 667 12743 9168 9148 300
internal_count=144525 104038 40487 77844 570 34053 43791 39917 38883 31372 13202 24721 7511 4802 20851 17885 22847 22126 22106 2966 196 171 139 9280 119 87 357 374 2837 1119 202 2871 212 2659 1723 498 1225 721 54 1243 8525 7690 15014 2709 1979 1257 346 307 274 8519 155 213 6810 8923 8301 1965 19070 667 12743 9168 9148 300
is_linear=0
shrinkage=0.05


Tree=20
num_leaves=63
num_cat=0
split_feature=12 12 13 0 0 0 14 0 0 0 0 13 0 13 13 20 13 12 14 12 13 12 25 0 0 13 13 0 12 20 20 15 23 12 0 0 13 9 0 13 0 12 0 0 0 0 25 13 13 0 14 24 0 0 0 18 13 0 0 0 13 13
split_gain=11.566 2.32946 1.77613 1.50522 2.00344 1.31735 1.10118 0.927411 1.92411 1.74699 3.54782 1.24611 0.895024 0.801087 0.759678 0.739798 0.727586 1.60143 0.954573 0.589356 0.594599 0.542862 0.810272 0.486852 1.07972 0.519319 0.417076 0.35045 0.515091 0.343687 0.366245 0.675315 0.626192 0.336163 0.308243 0.426434 0.321638 0.307731 0.283887 1.12485 0.254112 0.246816 0.243293 0.261102 0.246219 0.241852 0.238362 0.235823 0.394867 0.844588 0.234913 0.221168 0.215999 0.318723 0.213837 0.212014 0.211658 0.205952 0.385788 0.515089 0.203369 0.202587
threshold=1470.5000000000002 744.50000000000011 6.0007451564828624 328.50000000000006 291.50000000000006 46.500000000000007 0.75882841711674287 411.50000000000006 455.50000000000006 848.50000000000011 857.50000000000011 440.84422146753121 1256.5000000000002 9.7496601845734343 593.01489036182454 234.21428680419925 0.85582108717363403 1747.5000000000002 2.3631368631368637 1380.0000000000002 0.01811713126860948 1420.5000000000002 9.7575492858886737 312.50000000000006 320.50000000000006 1096.8329721921275 106.55619971764197 39.500000000000007 1471.5000000000002 1.3571428656578066 1.0714285969734194 1.5000000000000002 0.80164620280265819 1469.5000000000002 1063.5000000000002 1170.5000000000002 3.4706893066504958 1.0000000180025095e-35 280.50000000000006 0.15717848522448782 542.50000000000011 1469.5000000000002 551.50000000000011 1210.5000000000002 97.500000000000014 869.50000000000011 20.214723587036136 0.05174198614978226 0.12882395757512741 1794.0000000000002 0.66838487972508598 11.12380361557007 60.500000000000007 258.50000000000006 526.50000000000011 12.500000000000002 1313.683155277834 924.50000000000011 1619.0000000000002 2033.5000000000002 32.090363027915451 16.884285714285721
decision_type=2 2 2 2 2 2 2 2 2 2 2 2 2 2 2 2 2 2 2 2 2 2 2 2 2 2 2 2 2 2 2 2 2 2 2 2 2 2 2 2 2 2 2 2 2 2 2 2 2 2 2 2 2 2 2 2 2 2 2 2 2 2
left_child=1 -1 16 4 5 27 19 -5 15 46 11 -11 -12 -6 52 -9 17 29 40 20 57 -8 -23 -15 26 -26 -25 -4 -29 30 31 32 -2 60 45 36 -36 -32 39 -21 -18 -41 44 -44 -35 51 -10 -40 49 -49 -19 -20 61 -54 -48 -38 -17 -3 -59 -60 -24 -7
right_child=2 6 3 7 13 14 21 8 9 10 12 -13 -14 23 -16 56 18 50 34 38 -22 22 33 24 25 -27 -28 28 -30 -31 37 -33 -34 42 35 -37 55 -39 47 41 -42 -43 43 -45 -46 -47 54 48 -50 -51 -52 -53 53 -55 -56 -57 -58 58 59 -61 -62 -63
leaf_value=0.00071473727511894977 -0.0079858661224745751 -0.0074601786032718713 -0.00055252043541767655 0.00052187519918757896 0.0014699557424492577 0.00041564771944578897 0.00058407639285167859 -0.0027720553849038074 -0.00066012093891027292 -0.0016934298324574532 -0.00051567776636867748 -0.0044072818372753149 0.00029349043616476629 -0.003103954081262282 -0.0028015668208780319 -0.00032416105621791997 0.0004444999849995227 -0.0018507718552221175 -0.0020561595015434549 -0.013271657605446989 0.00010768483247116201 -0.00015741550778502217 0.00031452377685327099 -0.0018821247329947708 -0.0021071198741339655 -0.0043800861959366151 0.00023490849311765509 4.9864672585518986e-05 -0.002567299703676475 -0.012898478801781533 -0.0059462050055440569 -0.014684800180305999 -0.00062170684577157916 0.00069155545573014237 -0.0021068531433058547 -0.00073296380893782959 -0.0046151937342632015 0.0025018892039090253 0.0017470569550790877 -0.00082199986770054067 -0.0010926474957427706 -0.0045462547708953359 0.00061272384368824028 -0.00034504377968829256 -0.00048782470453583818 -0.00028530108099561002 0.0010432909464423465 -0.0025517469172375035 -0.00033647457323267342 0.00087903511158799071 0.0016860636530731988 -0.00030158583614492288 0.00049219494402268679 -0.00032679125703831348 0.00033805985508927379 -0.0097779031982552639 -0.0019252281939983252 0.0020706666267920875 -0.0092796593359934544 0 0.00062820112820379545 -0.0013864954960375914
leaf_weight=25919 89 26 484 2679 164 217 10952 1141 403 1352 14475 623 4465 903 264 624 716 440 1442 20 9296 12135 18514 347 1626 304 696 221 1131 21 21 25 45 523 143 149 176 21 119 478 429 50 2238 1036 2785 307 1733 585 5581 256 51 213 2296 2457 2916 25 316 32 30 31 7247 522
leaf_count=25919 89 26 484 2679 164 217 10952 1141 403 1352 14475 623 4465 903 264 624 716 440 1442 20 9296 12135 18514 347 1626 304 696 221 1131 21 21 25 45 523 143 149 176 21 119 478 429 50 2238 1036 2785 307 1733 585 5581 256 51 213 2296 2457 2916 25 316 32 30 31 7247 522
internal_value=-6.07128e-07 0.000308267 -0.000648303 -0.000549699 -0.00103436 -0.000554748 0.000161739 -0.00036606 -0.00045105 -0.000333577 -0.000535254 -0.00255221 -0.000324656 -0.00193438 -0.000181786 -0.0019144 -0.00161553 -0.00308003 -0.00132401 -0.000196602 6.21887e-05 0.000268524 0.000190711 -0.00207975 -0.00176689 -0.00246794 -0.000464736 -0.00172121 -0.00213582 -0.00660964 -0.00592165 -0.00702808 -0.00555242 0.000321482 -0.00188017 -0.0030094 -0.00398039 -0.00160748 -0.000541007 -0.00163752 -0.000127106 -0.00118494 1.81545e-06 0.000308127 -0.000299836 -0.00159374 0.000500356 -0.000448354 -0.00048984 -0.00150149 -0.00147295 -0.0018334 -5.48938e-05 6.7781e-05 0.00060204 -0.00528673 -0.000867858 -0.00344699 -0.0022645 -0.00462019 0.000402963 -0.000850564
internal_weight=144525 97853 46672 42359 11632 7592 71934 30727 28048 25967 20915 1975 18940 4040 5756 2081 4313 713 3600 16504 9415 55430 44478 3876 2973 1930 1043 1836 1352 222 201 159 134 32343 2455 493 344 42 7089 548 1145 528 6582 3274 3308 1962 5052 6541 6422 841 491 1655 5492 4753 4649 201 940 119 93 61 25761 739
internal_count=144525 97853 46672 42359 11632 7592 71934 30727 28048 25967 20915 1975 18940 4040 5756 2081 4313 713 3600 16504 9415 55430 44478 3876 2973 1930 1043 1836 1352 222 201 159 134 32343 2455 493 344 42 7089 548 1145 528 6582 3274 3308 1962 5052 6541 6422 841 491 1655 5492 4753 4649 201 940 119 93 61 25761 739
is_linear=0
shrinkage=0.05


Tree=21
num_leaves=63
num_cat=0
split_feature=12 12 0 25 0 0 0 0 0 0 0 25 0 12 13 13 13 12 12 0 0 20 13 25 12 13 21 20 3 23 24 13 0 2 12 12 0 20 13 12 22 25 0 0 24 23 3 10 13 22 11 0 21 19 11 0 19 2 13 0 0 0
split_gain=10.4493 2.37429 1.92876 1.59558 1.32808 1.40182 1.34666 1.43098 1.11139 1.43227 1.62028 1.01353 0.985059 0.851162 0.832346 0.62434 0.61642 0.590666 0.578602 0.578303 1.3639 0.530147 0.485248 0.440322 0.421993 0.564061 0.408502 1.03376 0.591016 0.374057 0.372443 0.389722 0.814272 0.34636 0.338784 0.615718 0.290419 0.37049 0.284732 0.271268 0.237139 0.224821 0.221144 0.424573 0.422962 0.217302 0.24667 0.685571 0.2127 0.212366 0.207785 0.205234 0.197087 0.191728 0.192246 0.176326 0.169705 0.320081 0.204808 0.169461 0.379009 0.322106
threshold=1471.5000000000002 771.50000000000011 1127.5000000000002 1.1609040498733523 1121.5000000000002 331.50000000000006 291.50000000000006 46.500000000000007 411.50000000000006 455.50000000000006 848.50000000000011 7.9771583080291757 1109.5000000000002 1380.0000000000002 1241.1937533749906 0.32389916115969125 593.01489036182454 1466.5000000000002 1473.5000000000002 312.50000000000006 320.50000000000006 234.21428680419925 0.01811713126860948 27.424693107604984 1468.5000000000002 0.72632661901667761 1.2500000000000002 1.0714285969734194 2.5000000000000004 2.8990706205368046 338.26847839355474 397.01947800983203 1238.5000000000002 6.5000000000000009 1444.0000000000002 1464.5000000000002 1653.5000000000002 1.0000000180025095e-35 0.03054212465602214 1473.5000000000002 215.03333282470706 76.38049697875978 320.50000000000006 312.50000000000006 16.461827278137211 1.2342761158943178 2.5000000000000004 -0.5 6.6403386760736787 1.0000000180025095e-35 -0.5 2033.5000000000002 29.892857551574711 1.0000000180025095e-35 -0.68301270189221952 69.500000000000014 3.5000000000000004 10.500000000000002 1.2255093153984309 690.50000000000011 238.50000000000003 331.50000000000006
decision_type=2 2 2 2 2 2 2 2 2 2 2 2 2 2 2 2 2 2 2 2 2 2 2 2 2 2 2 2 2 2 2 2 2 2 2 2 2 2 2 2 2 2 2 2 2 2 2 2 2 2 2 2 2 2 2 2 2 2 2 2 2 2
left_child=1 -1 3 12 5 6 7 18 -7 21 -11 13 45 15 39 22 -9 -13 -5 -8 -21 -10 49 42 25 34 27 28 33 36 31 41 -33 -14 38 -36 -26 -38 -15 -6 52 -4 43 48 -45 46 47 -2 -19 51 -49 -3 -41 54 -48 -27 58 -58 -31 60 -25 -62
right_child=2 11 30 4 14 8 19 16 9 10 -12 17 26 24 -16 -17 -18 23 -20 20 -22 -23 -24 59 29 55 -28 -29 -30 56 -32 32 -34 -35 35 -37 37 -39 -40 40 -42 -43 -44 44 -46 -47 53 50 -50 -51 -52 -53 -54 -55 -56 -57 57 -59 -60 -61 61 -63
leaf_value=0.00067638377113347524 -0.010993061152376315 -0.0060511693169500343 -0.00046188096511299746 -0.002774210624192888 -0.00076989488504493125 0.00067923071629512181 -0.002913532596692896 -0.00017528408762914265 -0.0023665947987829214 0.00029940736260715894 -0.00079039864706183975 0.00049422111999261966 -0.0073261663741410049 -0.0049614411557524782 -0.0045349856116136374 0.00057133957097451899 -0.0026615415207141731 0.00090910518073906315 -0.00095456009318710703 -0.000111329855301727 -0.0023446897536936258 -0.00082474325525681087 -5.9083681235967326e-05 0.00074434820585136778 5.7209413990586706e-05 -0.0012099215395805002 -0.013476577171640939 0.002224245023467485 -0.0050960906317406834 -0.0026274006137832055 0.0006507141168691418 -0.0031894910345925268 0.00016018331864948711 -0.016781141203963412 -0.0030005475941999264 -0.00050808972755324994 -0.0077637838454044181 -0.00081663296125426626 -0.00036453258389156865 -0.0065000403352748985 -0.0033635712635387994 0.00020938064064793648 6.5325090229890918e-06 -0.00076975052768488465 -0.0046700967954869587 0.0019843124088357845 -0.006070393166575299 0.0011147517463321772 -0.00049090404287262539 0.00070687029763584226 -0.0038789929599736296 -9.4266444162169889e-05 -0.0013732398518348109 0.0016363750201569428 -0.00086019943070725011 5.0921861380699112e-05 -0.0015350253354598567 -0.0050855727098947437 -0.00072081537477864375 0.00048026038028740192 -0.00064061322326643957 0.00019369835838869748
leaf_weight=26194 28 63 1913 992 550 1858 1073 4615 1416 5098 10271 19070 21 34 308 6757 264 315 800 1066 1930 940 6339 1860 1143 284 21 31 77 166 1779 312 427 24 379 734 27 73 5100 20 298 3580 8146 183 116 30 25 33 1878 22 51 21 520 45 71 11354 421 77 1059 7060 1746 3417
leaf_count=26194 28 63 1913 992 550 1858 1073 4615 1416 5098 10271 19070 21 34 308 6757 264 315 800 1066 1930 940 6339 1860 1143 284 21 31 77 166 1779 312 427 24 379 734 27 73 5100 20 298 3580 8146 183 116 30 25 33 1878 22 51 21 520 45 71 11354 421 77 1059 7060 1746 3417
internal_value=-6.11284e-07 0.000264573 -0.000682169 -0.000853571 -0.000811495 -0.000735085 -0.00119446 -0.000755933 -0.000482888 -0.000604991 -0.000428578 0.000125937 -0.00378981 -7.85408e-05 -0.00217458 0.000235407 -0.000310891 0.000285057 -0.00196476 -0.00191214 -0.00155174 -0.00175361 -0.000116016 0.000123503 -0.00027756 -0.000185596 -0.00676105 -0.00579845 -0.0078781 -0.000830391 1.20631e-05 -0.000169453 -0.0012475 -0.0125057 -0.000568877 -0.00136151 -0.000164668 -0.0027482 -0.000396046 -0.00164691 -0.00221639 -2.34878e-05 -0.000118953 -0.000531137 -0.0023007 -0.00194356 -0.00242967 -0.00419468 -0.000287496 -0.00347027 -0.00185872 -0.00462328 -0.00157355 -0.000990266 -0.00227395 1.9714e-05 -0.00130771 -0.00209495 -0.000983452 0.000307003 0.000132117 -8.74839e-05
internal_weight=144525 104038 40487 32476 32019 30323 10740 6671 19583 17725 15369 77844 457 34053 1696 13202 4879 43791 1792 4069 2996 2356 6445 24721 20851 17885 174 153 122 2966 8011 6232 739 45 6247 1113 1243 100 5134 1388 838 5493 10638 2492 299 283 253 112 2193 106 84 84 540 141 96 11638 1723 498 1225 14083 7023 5163
internal_count=144525 104038 40487 32476 32019 30323 10740 6671 19583 17725 15369 77844 457 34053 1696 13202 4879 43791 1792 4069 2996 2356 6445 24721 20851 17885 174 153 122 2966 8011 6232 739 45 6247 1113 1243 100 5134 1388 838 5493 10638 2492 299 283 253 112 2193 106 84 84 540 141 96 11638 1723 498 1225 14083 7023 5163
is_linear=0
shrinkage=0.05


Tree=22
num_leaves=63
num_cat=0
split_feature=12 12 0 25 0 0 0 0 0 0 0 25 0 12 13 13 13 12 0 0 20 13 12 12 8 20 8 24 13 0 0 0 13 0 8 14 10 8 12 12 12 13 14 23 14 24 12 13 9 25 0 25 13 20 21 13 12 13 0 13 13 12
split_gain=9.43226 2.143 1.74141 1.44206 1.19946 1.26554 1.21516 1.29148 1.00315 1.29278 1.46239 0.936464 0.889762 0.822996 0.819766 0.750495 0.556283 0.52182 0.521494 1.23063 0.478127 0.403977 0.585344 0.440411 0.395396 0.591591 0.435392 0.336101 0.351527 0.735142 0.31174 0.74021 0.40968 0.559206 0.346951 0.358997 0.301885 0.368373 0.264561 0.2581 0.244745 0.241869 0.225279 0.293219 0.444941 0.383664 0.206438 0.218349 0.205823 0.203036 0.200937 0.187909 0.182448 0.179402 0.174932 0.167604 0.164604 0.157887 0.146511 0.314198 0.192521 0.147578
threshold=1471.5000000000002 771.50000000000011 1127.5000000000002 1.1609040498733523 1121.5000000000002 331.50000000000006 291.50000000000006 46.500000000000007 411.50000000000006 455.50000000000006 848.50000000000011 21.022101402282718 1109.5000000000002 1465.5000000000002 0.53867423167169137 1241.1937533749906 593.01489036182454 1473.5000000000002 312.50000000000006 320.50000000000006 234.21428680419925 0.012358406516482118 1082.5000000000002 1380.0000000000002 0.6078576107927941 0.78571429848670971 1.0000000180025095e-35 338.26847839355474 397.01947800983203 1238.5000000000002 1013.5000000000001 903.50000000000011 0.70347615949437692 651.50000000000011 -0.8783796973249266 3.1885425211922347 0.68301270189221941 -0.8783796973249266 1408.5000000000002 1466.5000000000002 1473.5000000000002 4.2266975801621216 0.40765107212475638 0.77136236429214489 0.27806414662084772 0.6483249068260194 1470.5000000000002 3.2609225874867449 0.81174490092936691 74.181808471679702 2286.5000000000005 8.6575989723205584 0.29348965454379733 196.3571472167969 29.892857551574711 8.4928903564930263 1441.5000000000002 48.621298933404702 1013.5000000000001 27.001027904328023 32.090363027915451 1469.5000000000002
decision_type=2 2 2 2 2 2 2 2 2 2 2 2 2 2 2 2 2 2 2 2 2 2 2 2 2 2 2 2 2 2 2 2 2 2 2 2 2 2 2 2 2 2 2 2 2 2 2 2 2 2 2 2 2 2 2 2 2 2 2 2 2 2
left_child=1 -1 3 12 5 6 7 17 -7 20 -11 13 42 14 21 40 -9 -5 -8 -20 -10 22 -3 52 26 -26 36 28 49 -30 31 32 33 -15 -33 -36 37 -14 -16 -13 -6 -40 43 44 -2 -46 47 51 -34 -4 -25 -32 -23 54 -42 -49 -43 58 59 -41 -61 -60
right_child=2 11 27 4 15 8 18 16 9 10 -12 39 24 30 38 -17 -18 -19 19 -21 -22 23 -24 50 25 -27 -28 -29 29 -31 46 34 48 -35 35 -37 -38 -39 41 57 53 56 -44 -45 45 -47 -48 55 -50 -51 -52 -53 -54 -55 -56 -57 -58 -59 61 60 -62 -63
leaf_value=0.0006425647154488333 -0.0005938081656846673 0.00033626039851442606 -0.00044244600717895414 -0.0026355140698208594 -0.00073140712450502651 0.00064527100216102656 -0.0027678695475995404 -0.00016652006638929827 -0.0022482734076359804 0.00028443727901543517 -0.0007508791030235402 0.00058685174596806086 -0.0022085955678337837 -0.0036973905653595279 0.00050883442945644176 -0.0043083098331023169 -0.0025285148274101282 -0.00090683804756024511 -0.00010576389903570795 -0.0022274613354166194 -0.00078351046030302243 -8.8199219219286713e-05 -0.010303008191565755 -0.00063658411619528597 -0.015975005579996409 -0.003908595277821246 0.0010937198190203992 0.00061818024224297434 -0.0030300675603378777 0.00015217601621534511 -0.00018280739587575012 -0.007577418823628574 -0.0002558265226795327 0.0014765474864439406 -0.0037932428323926024 1.2836166771193328e-05 -0.0018256311994850436 -0.010197611896958399 -2.7445095634195908e-05 0.00031724168834275856 -0.0061766549991212078 -0.00011992439462580867 -0.00065089857989469445 2.3308188920205974e-05 -0.0041390005884499384 -0.013755300989494988 -0.00067878561692707149 0.00085847082599220092 -0.0010097882439037862 0.00019711504492819385 0.00073328442177137245 -0.0021169081400271026 0.00046286046422505965 -0.0030847364876530978 -0.0013378176768538998 7.9180380081776786e-05 0.00048886986126590903 0.00048178368551326308 0.00054403426297609499 -0.00078283461358682202 0 -3.7966591978576458e-05
leaf_weight=26194 32 26 1892 992 550 1858 1073 4615 1416 5098 10271 8787 22 200 9159 308 264 800 1066 1930 940 6080 24 4551 24 20 23 1779 312 427 2487 37 6506 69 157 98 30 55 7711 3611 20 1353 169 36 26 20 1151 1029 1060 3601 281 133 1992 307 511 2145 5887 5195 3363 1474 1690 1588
leaf_count=26194 32 26 1892 992 550 1858 1073 4615 1416 5098 10271 8787 22 200 9159 308 264 800 1066 1930 940 6080 24 4551 24 20 23 1779 312 427 2487 37 6506 69 157 98 30 55 7711 3611 20 1353 169 36 26 20 1151 1029 1060 3601 281 133 1992 307 511 2145 5887 5195 3363 1474 1690 1588
internal_value=-6.23208e-07 0.000251323 -0.000648164 -0.00081103 -0.000771019 -0.000698391 -0.00113488 -0.000718254 -0.000458745 -0.000574757 -0.000407133 0.000119608 -0.00360258 -2.07423e-06 0.00012451 -0.00206649 -0.0002954 -0.00186667 -0.00181666 -0.00147424 -0.00166604 -0.000196058 -0.00468116 -0.000178256 -0.00642703 -0.010625 -0.00496068 1.14583e-05 -0.000160943 -0.00118481 -0.000313691 -0.000523989 -0.000431102 -0.00235161 -0.00299822 -0.00231148 -0.00630859 -0.00798571 0.000296954 0.000366575 -0.00156515 0.000166819 -0.00184668 -0.00357344 -0.0052954 -0.00844923 -6.68772e-05 5.38274e-05 -0.00036213 -2.22681e-05 -0.000555873 -0.000282974 4.71754e-05 -0.00210623 -0.00153061 0.000333418 0.000374409 0.000251888 0.000149607 -7.43153e-07 -0.000365231 0.000356355
internal_weight=144525 104038 40487 32476 32019 30323 10740 6671 19583 17725 15369 77844 457 52136 37064 1696 4879 1792 4069 2996 2356 12954 50 12904 174 44 130 8011 6232 739 15072 8127 7835 269 292 255 107 77 24110 25708 1388 14951 283 114 78 46 6945 5794 7566 5493 4832 2620 8072 838 531 3174 7240 16921 11726 6775 3164 4951
internal_count=144525 104038 40487 32476 32019 30323 10740 6671 19583 17725 15369 77844 457 52136 37064 1696 4879 1792 4069 2996 2356 12954 50 12904 174 44 130 8011 6232 739 15072 8127 7835 269 292 255 107 77 24110 25708 1388 14951 283 114 78 46 6945 5794 7566 5493 4832 2620 8072 838 531 3174 7240 16921 11726 6775 3164 4951
is_linear=0
shrinkage=0.05


Tree=23
num_leaves=63
num_cat=0
split_feature=12 12 13 25 19 12 13 12 13 16 13 20 25 15 12 22 12 13 12 25 13 25 25 21 2 25 13 23 14 22 3 23 13 21 14 12 19 21 25 21 23 3 19 13 14 23 20 13 20 17 17 22 12 14 14 22 23 3 3 25 14 16
split_gain=8.5149 1.93411 1.26389 0.851385 0.707637 0.706715 0.576575 0.558945 1.39115 0.544257 0.481424 0.468182 0.461384 0.446147 0.430456 0.400546 0.377744 0.356371 0.529388 0.322387 0.278406 0.275715 0.257143 0.338116 0.488869 0.254803 0.235344 0.224621 0.328833 0.73846 0.336652 0.274496 0.312795 0.26261 0.222133 0.216044 0.191689 0.191689 0.18221 0.202826 0.201623 0.192354 0.185417 0.178515 0.225437 0.188325 0.176958 0.17069 0.165142 0.241472 0.201906 0.151119 0.148838 0.147266 0.22252 0.194896 0.209055 0.142657 0.141793 0.138233 0.235239 0.12876
threshold=1471.5000000000002 771.50000000000011 6.0007451564828624 12.212203979492189 26.500000000000004 1465.5000000000002 0.32389916115969125 1747.5000000000002 1.4503023970108611 26.500000000000004 0.53867423167169137 2.0714285373687749 1187.6896972656252 24.500000000000004 1380.0000000000002 1.1499999761581423 1469.5000000000002 0.012358406516482118 1082.5000000000002 56.791410446166999 1313.683155277834 159.25228118896487 0.7291143834590913 0.96428570151329052 10.500000000000002 1.035294830799103 0.64003546099290787 1.0000000180025095e-35 0.17963123019302799 0.083333335816860213 3.5000000000000004 1.7524306774139407 0.81271878464252822 1.964285731315613 2.4619520264681563 1411.5000000000002 370.50000000000006 0.46428571641445165 5.5865705013275155 1.0357142686843874 4.4694724082946786 1.5000000000000002 2.5000000000000004 9.1755234140554141 7.1913329161451829 11.6445369720459 10.214285850524904 44.002055108216133 1.6428571343421938 1.5000000000000002 1.0000000180025095e-35 47.116666793823249 1470.5000000000002 0.66838487972508598 0.58380149812734095 0.75000000000000011 0.92546257376670849 3.5000000000000004 1.5000000000000002 0.7291143834590913 0.50257731958762897 5.5000000000000009
decision_type=2 2 2 2 2 2 2 2 2 2 2 2 2 2 2 2 2 2 2 2 2 2 2 2 2 2 2 2 2 2 2 2 2 2 2 2 2 2 2 2 2 2 2 2 2 2 2 2 2 2 2 2 2 2 2 2 2 2 2 2 2 2
left_child=1 -1 7 5 19 6 11 8 15 36 53 17 13 46 -8 22 -5 18 -3 43 21 -15 -2 24 -24 -25 37 28 29 -7 -31 -29 33 -33 57 -19 -6 -16 41 -40 -41 -36 -43 -4 45 -45 -11 -18 -12 50 58 -21 -34 54 55 56 -9 -10 -50 -30 -61 -38
right_child=2 3 4 16 9 27 14 10 34 12 48 -13 -14 20 26 -17 47 35 -20 51 -22 -23 23 25 -26 -27 -28 31 59 30 -32 32 52 -35 38 -37 61 -39 39 40 -42 42 -44 44 -46 -47 -48 -49 49 -51 -52 -53 -54 -55 -56 -57 -58 -59 -60 60 -62 -63
leaf_value=0.00061043659801802985 -0.010147657257197131 0.0003195117074296849 0.00044942661332616763 0.00039014574543897785 -0.00044277908258082122 0.0012934725805931258 0.00052069320229584666 -0.0019603344311921005 -0.0012269146219809715 -0.0045437078611309306 0.0014870311773777407 -0.0076955909836348762 0.00031406031582926667 -0.0012101520459864171 0.00016923268393824692 -0.011478156452249484 -8.4608577536326299e-05 -0.00010466238622192298 -0.0097899951102575333 0.00098088281662539467 -0.0018996210673160618 -0.00075748885867225457 -0.0005297875909996303 -0.0037728521871078051 -0.0083309396908951873 -0.010604871940672202 0.00012873523291620812 0.00016119986092724662 0.0018421056397311096 -0.010630950031329765 -0.0031009223213128469 -0.0036093485012416494 -0.00034141068167187151 0.0010323406510918611 -0.0045795143540303769 -0.00073404614710120321 -0.00018517121615580984 -0.00088071734757787224 -0.0065483940264849513 6.55796982496254e-05 -0.0016993091655933537 -0.0013539578269966329 -0.0038853339569348139 -0.0013021561080470436 -0.00053221613302823184 -0.0060807756104666938 -0.00031382000600470002 0.0003659291174840497 0.002227806841650332 0.0013130648135705324 -0.0061225702174595277 -2.2692276235788166e-05 -0.00094558975829109901 0.0015976407005057218 -0.0056814531412194766 -0.005344263201933412 0.0011375667419908084 0.00068393760247914635 -0.0021813065801334071 -0.0057227801545826412 -0.00076526595012740796 0.00068501757067467668
leaf_weight=26194 22 26 453 26196 4529 40 7420 212 271 25 248 21 871 5398 695 28 7781 8224 24 401 782 9255 84 31 27 30 12718 1890 43 35 30 139 5192 37 108 1642 1020 1130 20 188 963 258 107 65 4653 33 3462 2877 25 103 24 5689 1288 28 39 32 71 149 61 26 370 722
leaf_count=26194 22 26 453 26196 4529 40 7420 212 271 25 248 21 871 5398 695 28 7781 8224 24 401 782 9255 84 31 27 30 12718 1890 43 35 30 139 5192 37 108 1642 1020 1130 20 188 963 258 107 65 4653 33 3462 2877 25 103 24 5689 1288 28 39 32 71 149 61 26 370 722
internal_value=-6.29229e-07 0.000238751 -0.000615877 0.000113616 -0.000534823 -4.30701e-05 6.76202e-05 -0.00158197 -0.00198846 -0.000678152 -0.000473624 -0.000248172 -0.000806887 -0.000858751 0.000210726 -0.00575716 0.000288021 -0.000231818 -0.00444311 -0.000203605 -0.000974328 -0.000924593 -0.0049002 -0.00419446 -0.00247816 -0.00722655 5.22311e-05 -0.000432068 -0.00142035 -0.00394497 -0.00724246 -0.000368557 -0.000519736 -0.00260511 -0.00158042 -0.000209924 -0.000271026 -0.000478146 -0.00184387 -0.00149935 -0.00140671 -0.00268574 -0.00211059 -0.000492662 -0.000583549 -0.00296681 -0.000345709 3.65419e-05 0.000605933 -0.0003967 -0.00204281 4.25828e-05 -0.000462285 -0.00178934 -0.00207174 -0.00160729 -0.00116533 -0.000537114 -0.000840417 -0.000804361 -0.00110474 0.000172641
internal_weight=144525 104038 40487 77844 37358 40990 31900 3129 2286 26064 843 9937 19793 18922 21963 222 36854 9916 50 11294 15435 14653 194 172 111 61 14543 9090 544 105 65 8546 6656 176 2064 9866 6271 1825 1644 1171 1151 473 365 5204 4751 98 3487 10658 461 213 110 6090 6480 382 354 315 283 420 86 439 396 1742
internal_count=144525 104038 40487 77844 37358 40990 31900 3129 2286 26064 843 9937 19793 18922 21963 222 36854 9916 50 11294 15435 14653 194 172 111 61 14543 9090 544 105 65 8546 6656 176 2064 9866 6271 1825 1644 1171 1151 473 365 5204 4751 98 3487 10658 461 213 110 6090 6480 382 354 315 283 420 86 439 396 1742
is_linear=0
shrinkage=0.05


Tree=24
num_leaves=63
num_cat=0
split_feature=12 12 0 25 0 0 0 0 0 0 0 22 25 12 13 13 2 24 13 12 0 0 20 2 3 21 12 13 22 20 24 13 0 0 0 13 0 14 15 12 12 12 13 3 3 22 13 14 2 0 15 12 13 25 25 21 13 12 0 0 0 0
split_gain=7.68662 1.7468 1.55011 1.20107 1.08502 1.14049 1.098 1.14388 0.890373 1.1206 1.30046 0.77863 0.774754 0.69676 0.667079 0.650416 0.606309 1.37293 0.498735 0.465252 0.43356 1.09277 0.432724 0.373836 0.833824 0.404023 0.350864 0.423804 0.324198 0.350775 0.288758 0.31319 0.661233 0.274696 0.65625 0.340983 0.504915 0.315156 0.339026 0.223367 0.222328 0.220458 0.209268 0.20808 0.205114 0.198301 0.183762 0.292972 0.212062 0.181849 0.181775 0.177341 0.18282 0.170047 0.167284 0.16552 0.15741 0.148631 0.14221 0.267081 0.312323 0.206063
threshold=1471.5000000000002 744.50000000000011 1127.5000000000002 1.1609040498733523 1121.5000000000002 331.50000000000006 291.50000000000006 46.500000000000007 411.50000000000006 455.50000000000006 848.50000000000011 0.88333332538604747 21.022101402282718 1465.5000000000002 1241.1937533749906 0.53867423167169137 3.5000000000000004 1.1590536236763003 593.01489036182454 1473.5000000000002 312.50000000000006 320.50000000000006 234.21428680419925 8.5000000000000018 2.5000000000000004 0.82142856717109691 1380.0000000000002 0.01811713126860948 0.65000000596046459 0.21428572386503222 338.26847839355474 397.01947800983203 1238.5000000000002 1013.5000000000001 903.50000000000011 0.70347615949437692 651.50000000000011 4.4239856189008737 8.5000000000000018 1408.5000000000002 1466.5000000000002 1473.5000000000002 4.2266975801621216 1.5000000000000002 3.5000000000000004 205.01667022705081 1.9518080787228189 1.9453300124533004 8.5000000000000018 2286.5000000000005 1.0000000180025095e-35 1470.5000000000002 3.2609225874867449 8.6575989723205584 2.1990070343017583 29.892857551574711 8.4928903564930263 1441.5000000000002 690.50000000000011 238.50000000000003 331.50000000000006 575.50000000000011
decision_type=2 2 2 2 2 2 2 2 2 2 2 2 2 2 2 2 2 2 2 2 2 2 2 2 2 2 2 2 2 2 2 2 2 2 2 2 2 2 2 2 2 2 2 2 2 2 2 2 2 2 2 2 2 2 2 2 2 2 2 2 2 2
left_child=1 -1 3 11 5 6 7 19 -7 22 -11 23 13 15 41 26 -13 -18 -9 -5 -8 -22 -10 25 -25 28 27 44 29 -2 31 46 -33 34 35 36 -15 38 -36 -17 -14 -6 -41 -37 -3 55 47 48 50 54 -4 52 53 -35 -28 -43 -54 -44 59 -42 -61 -62
right_child=2 12 30 4 14 8 20 18 9 10 -12 16 40 33 -16 39 17 -19 -20 -21 21 -23 -24 24 -26 -27 49 -29 -30 -31 -32 32 -34 51 37 43 -38 -39 -40 42 58 45 57 -45 -46 -47 -48 -49 -50 -51 -52 -53 56 -55 -56 -57 -58 -59 -60 60 61 -63
leaf_value=0.00058253166372607655 -0.0044117791214943755 -0.0011026274859267534 -6.7470675464802814e-05 -0.0024583438532944377 -0.00066966034106000476 0.00063436174965442584 -0.0025636242464869177 -0.00013143657465512144 -0.0020849283509594562 0.00029318505874505267 -0.00068313669328876536 -0.0021450569641958805 0.00053800243163900838 -0.0034304423459340936 -0.0040484565977310641 0.00046361704232628819 -0.020600504995370073 -0.0028424219329119759 -0.0023678168741014987 -0.00082559272403799622 -9.3273780007400574e-05 -0.0020928702068941474 -0.00069131077399713753 -0.010721997400302717 -0.0011918795888364163 0.004715713725668761 -0.00062718077654522891 7.0736639260953398e-05 -0.0065096854877013431 -1.0595622128892613e-05 0.00059943979249933222 -0.0028392002235075116 0.0001786165944488237 -0.00015766073962443069 -0.0029749723287591607 -0.00076480639459670929 0.0014852874487767862 0.00067228727673049186 -0.0099034433426863668 -3.1361946047905921e-05 0.00054049048773000289 -0.0058543197407540104 -0.00012726192181100124 -0.00017384774004520597 -0.0054380762882060285 -0.0029544380281758798 5.9281073853749956e-05 -0.0073084620244578645 0.0025979294470317464 0.00071956635499522174 -0.004128403773999768 -0.00062398666367422309 0.00081969224019938156 -0.0019974720434290604 0.0015455994911817992 -0.001150171379284407 6.4494569419661064e-05 0.00045120520816143285 0.00036921562463201988 -0.00060564806313183491 0.00026582372744185436 -0.001045319679789975
leaf_weight=25919 64 70 67 992 550 1858 1073 4615 1416 5098 10271 29 8787 200 308 9159 22 23 264 800 1066 1930 940 39 59 24 4462 8278 35 162 1779 312 427 2487 221 2060 69 51 20 7711 2272 20 1353 5506 49 325 5322 20 34 281 50 1151 1029 133 89 493 2145 5887 8635 2004 3685 325
leaf_count=25919 64 70 67 992 550 1858 1073 4615 1416 5098 10271 29 8787 200 308 9159 22 23 264 800 1066 1930 940 39 59 24 4462 8278 35 162 1779 312 427 2487 221 2060 69 51 20 7711 2272 20 1353 5506 49 325 5322 20 34 281 50 1151 1029 133 89 493 2145 5887 8635 2004 3685 325
internal_value=-6.3338e-07 0.000226804 -0.000585194 -0.000738859 -0.000702327 -0.000633242 -0.0010476 -0.000651529 -0.000405734 -0.000515046 -0.000358959 -0.00328676 0.000108713 -1.47217e-06 -0.00193445 0.000114258 -0.00800745 -0.0116614 -0.000253517 -0.00173231 -0.00169569 -0.00138309 -0.00153108 -0.00235976 -0.00504251 -0.00141829 -0.00016723 2.75406e-05 -0.00200307 -0.00128046 3.71316e-05 -0.000122591 -0.00108893 -0.000288509 -0.000485914 -0.000398412 -0.00215087 -0.00281572 -0.00357456 0.000268915 0.000333541 -0.00146149 0.000149304 -0.000335417 -0.00293286 -0.00197507 6.52251e-06 -0.00160532 -0.000812514 -0.000506728 -0.00184765 -5.67825e-05 5.50407e-05 -0.000253037 -0.000583558 -0.00134442 0.00031092 0.000342411 0.000227068 7.83267e-05 -9.54466e-05 0.000158289
internal_weight=144525 104038 40487 32476 32019 30323 10740 6671 19583 17725 15369 457 78119 52411 1696 37339 74 45 4879 1792 4069 2996 2356 383 98 285 13229 8397 261 226 8011 6232 739 15072 8127 7835 269 292 241 24110 25708 1388 14951 7566 119 838 5493 171 151 4832 117 6945 5794 2620 4551 513 3174 7240 16921 8286 6014 4010
internal_count=144525 104038 40487 32476 32019 30323 10740 6671 19583 17725 15369 457 78119 52411 1696 37339 74 45 4879 1792 4069 2996 2356 383 98 285 13229 8397 261 226 8011 6232 739 15072 8127 7835 269 292 241 24110 25708 1388 14951 7566 119 838 5493 171 151 4832 117 6945 5794 2620 4551 513 3174 7240 16921 8286 6014 4010
is_linear=0
shrinkage=0.05


Tree=25
num_leaves=63
num_cat=0
split_feature=12 12 0 25 0 0 0 0 0 0 0 22 25 22 12 13 25 13 0 12 20 14 13 2 24 13 12 13 23 13 9 14 24 12 12 25 13 13 22 13 21 22 15 24 24 21 25 0 20 13 2 13 0 22 0 0 0 23 21 13 21 13
split_gain=6.93936 1.57748 1.4129 0.893704 0.795102 0.973412 1.03237 0.935972 0.833588 1.48966 2.2396 0.871002 0.710201 0.652677 0.595008 0.450079 0.448571 0.434338 0.433151 0.415442 0.390245 0.382775 0.738808 0.353028 1.03434 0.342249 0.314675 0.386229 0.331797 0.310443 0.303165 0.461784 0.295011 0.271674 0.58052 0.256092 0.254179 0.249794 0.24679 0.242556 0.240082 0.362832 1.18839 0.425981 0.340087 0.339032 0.223042 0.206092 0.371079 0.19245 0.346437 0.259926 0.188374 0.179971 0.158838 0.154828 0.15402 0.127076 0.122013 0.128773 0.121936 0.121271
threshold=1471.5000000000002 771.50000000000011 1238.5000000000002 1.1950566768646242 331.50000000000006 291.50000000000006 46.500000000000007 411.50000000000006 455.50000000000006 848.50000000000011 857.50000000000011 32.116666793823249 7.9771583080291757 0.88333332538604747 1380.0000000000002 593.01489036182454 2.0399740934371953 0.29348965454379733 39.500000000000007 1466.5000000000002 234.21428680419925 349.24499105545624 1096.8329721921275 3.5000000000000004 1.1590536236763003 0.01811713126860948 1468.5000000000002 0.72632661901667761 3.5690327882766728 32.090363027915451 -0.56174490092936669 0.014389233954451347 64.229690551757827 1444.0000000000002 1464.5000000000002 14.528608322143556 0.03054212465602214 29.618845271126641 87.416667938232436 44.002055108216133 0.82142856717109691 0.51666668057441723 1.5000000000000002 0.6483249068260194 0.93319860100746166 0.39285714924335485 23.011291503906254 1653.5000000000002 1.0000000180025095e-35 1.2255093153984309 3.5000000000000004 2.1533812203969971 419.50000000000006 0.75000000000000011 69.500000000000014 611.50000000000011 46.500000000000007 1.0908710956573489 46.678571701049812 31.038208317409588 4.5357143878936776 23.616357172843149
decision_type=2 2 2 2 2 2 2 2 2 2 2 2 2 2 2 2 2 2 2 2 2 2 2 2 2 2 2 2 2 2 2 2 2 2 2 2 2 2 2 2 2 2 2 2 2 2 2 2 2 2 2 2 2 2 2 2 2 2 2 2 2 2
left_child=1 -1 3 13 5 6 18 -6 20 11 -11 -10 14 40 17 39 -7 25 -5 61 32 38 -23 -15 -25 30 27 33 47 37 -3 -32 -9 36 -35 -4 -16 46 -18 -8 41 44 43 -43 45 -2 55 -28 -49 50 -30 -51 -22 -27 56 -21 -29 -56 -39 -60 -20 -14
right_child=2 12 35 4 7 16 15 8 9 10 -12 -13 19 23 26 -17 21 -19 60 29 52 22 -24 24 -26 53 28 54 49 -31 31 -33 -34 34 -36 -37 -38 58 -40 -41 -42 42 -44 -45 -46 -47 -48 48 -50 51 -52 -53 -54 -55 57 -57 -58 -59 59 -61 -62 -63
leaf_value=0.00055113583899601146 -0.00070095670394617227 -0.007018061212011587 -0.0012579764080110876 -0.00035538188475049069 0.00060264537069957766 0.00086168010145669729 -0.00053366139666928558 -0.0014531850389010257 -0.0011377002829505061 -0.0022797795697624443 -0.00047192850729570434 0.00058049369213078082 0.00034898304356502618 -0.0022188101970018678 -0.0046301874138218214 -0.0022494708600996039 -0.0015878011732634919 0.00046088932993000598 -0.004924703912665496 -0.00037574395573152669 -0.0011585920102735396 -0.0006212101122682706 -0.0026903306708499636 -0.016637786324191616 -0.0025217521691669252 -4.1743129209708623e-05 8.3013421696775074e-06 0.00012281679596340986 -0.0080353505670812207 0.00033888603519027294 -0.0037098747983775071 0.0048739876783541426 -0.0029983910706619832 -0.0027734336394357731 -0.00035413155783089095 0.00033161993198451345 -0.0002881337922412749 -0.00054310127006989499 -0.0027793722111209948 0.0001956476020454223 0.0012357998242505223 -0.0066854458788936331 -0.014406165149820297 -0.00071996002868033888 0.0021897870966678056 -0.0053775344196700381 0.00024847205461324677 -0.0073363763269903032 -0.00050641019861514473 0.00046870668127491609 -0.0016864189737451193 -0.0013484633425134445 0.00033262027712893205 -0.0036870166326154713 0.00036498337263371646 5.0634588533228814e-05 -0.0021867705452285765 -4.2876531491626305e-05 -0.00092217554005311433 -0.0040769674521294215 -0.0020266549314020619 0.00067145650478263579
leaf_weight=26194 136 32 267 484 1858 174 2035 936 893 1975 13040 4205 15414 31 34 264 819 7072 40 3906 627 1450 620 25 29 5990 1321 125 28 8781 52 22 480 379 734 4590 5100 947 1002 2580 52 42 24 112 60 56 6296 27 82 232 107 1169 313 34 2425 4642 159 8929 95 54 1268 3656
leaf_count=26194 136 32 267 484 1858 174 2035 936 893 1975 13040 4205 15414 31 34 264 819 7072 40 3906 627 1450 620 25 29 5990 1321 125 28 8781 52 22 480 379 734 4590 5100 947 1002 2580 52 42 24 112 60 56 6296 27 82 232 107 1169 313 34 2425 4642 159 8929 95 54 1268 3656
internal_value=-6.39862e-07 0.000215458 -0.000556062 -0.000665153 -0.000633117 -0.000991954 -0.000619069 -0.000474546 -0.000563845 -0.000459245 -0.000710071 0.000278526 0.00010244 -0.00263699 -6.87091e-05 -0.000240895 -0.00160263 0.000193744 -0.00164585 0.000235644 -0.00145463 -0.00171413 -0.00124346 -0.00669796 -0.00916805 -0.00011364 -0.000235124 -0.000155663 -0.000712564 0.000100114 -0.00292977 -0.00108731 -0.00198069 -0.000472824 -0.00118262 0.000243183 -0.000317953 -3.11084e-05 -0.00224632 -0.000124865 -0.00190923 -0.00230139 -0.00403904 -0.00238264 -0.00105305 -0.00209308 2.23498e-05 -0.000160426 -0.00224924 -0.0012233 -0.00304522 -0.00104397 -0.000656749 -6.32082e-05 1.41536e-05 -0.000143616 -0.00115294 4.37967e-05 -0.000759633 -0.00210103 -0.00211947 0.000411071
internal_weight=144525 104038 40487 35630 35063 10736 6671 24327 22469 20113 15015 5098 77844 567 34053 4879 4065 13202 1792 43791 2356 3891 2070 85 54 6130 20851 17885 2966 24721 106 74 1416 6247 1113 4857 5134 15940 1821 4615 482 430 178 154 252 192 14844 1430 109 1536 135 1401 940 6024 11638 8548 284 11354 1096 149 1308 19070
internal_count=144525 104038 40487 35630 35063 10736 6671 24327 22469 20113 15015 5098 77844 567 34053 4879 4065 13202 1792 43791 2356 3891 2070 85 54 6130 20851 17885 2966 24721 106 74 1416 6247 1113 4857 5134 15940 1821 4615 482 430 178 154 252 192 14844 1430 109 1536 135 1401 940 6024 11638 8548 284 11354 1096 149 1308 19070
is_linear=0
shrinkage=0.05


Tree=26
num_leaves=63
num_cat=0
split_feature=19 18 16 15 25 17 21 25 13 13 25 9 6 14 14 20 25 15 15 13 14 25 25 13 13 25 3 19 23 21 13 23 14 20 17 3 13 13 25 18 25 25 21 11 21 19 13 23 3 18 25 21 11 19 3 16 13 16 21 25 23 25
split_gain=2.38316 1.0633 0.593489 0.402535 0.370181 0.271568 0.17866 0.191038 0.177115 0.266848 0.170314 0.153851 0.204273 0.167407 0.246465 0.259103 0.163739 0.179795 0.160217 0.147879 0.26794 0.141654 0.140603 0.220316 0.203962 0.227439 0.194416 0.160904 0.138146 0.130113 0.125132 0.110401 0.317934 0.101126 0.0963984 0.0954148 0.106535 0.132833 0.0916722 0.154106 0.0896609 0.087179 0.13998 0.083452 0.0698019 0.0693539 0.128106 0.300848 0.0756798 0.0729592 0.069117 0.0880288 0.0689738 0.068561 0.0682191 0.0626927 0.0918074 0.0797589 0.0618719 0.0884014 0.0813225 0.06154
threshold=9.5000000000000018 31.500000000000004 48.500000000000007 31.500000000000004 1187.6896972656252 73.500000000000014 0.39285714924335485 0.93618154525756847 440.84422146753121 470.52577774887698 159.25228118896487 1.0000000180025095e-35 1.0000000180025095e-35 0.50257731958762897 0.55612829324169544 0.5000000149011613 0.65607663989067089 1.0000000180025095e-35 1.0000000180025095e-35 0.22559557572319913 0.18878406708595391 0.79833617806434642 21.916561126708988 27.001027904328023 2.5257293833932293 7.9771583080291757 1.5000000000000002 2.5000000000000004 40.088296890258796 3.3928571939468388 2.3773425278549314 1.4390318393707278 0.17963123019302799 11.642857074737551 20.500000000000004 3.5000000000000004 0.09204280371755473 0.077529743398416465 145.80478668212893 421.50000000000006 0.79833617806434642 45.637691497802741 18.678570747375492 0.93301270189221952 185.75000000000003 41.500000000000007 27.001027904328023 0.55593636631965648 4.5000000000000009 4.5000000000000009 4.2435889244079599 0.46428571641445165 -0.5 1.0000000180025095e-35 5.5000000000000009 5.5000000000000009 1096.8329721921275 1.0000000180025095e-35 0.67857143282890331 1.4552717208862307 1.5196915268898012 56.791410446166999
decision_type=2 2 2 2 2 2 2 2 2 2 2 2 2 2 2 2 2 2 2 2 2 2 2 2 2 2 2 2 2 2 2 2 2 2 2 2 2 2 2 2 2 2 2 2 2 2 2 2 2 2 2 2 2 2 2 2 2 2 2 2 2 2
left_child=6 30 44 33 5 38 -1 11 10 -10 -7 13 18 35 15 -15 -16 -18 19 40 -21 -14 24 61 50 26 29 -28 34 -26 -2 43 -33 -4 -27 53 37 -37 39 -5 -13 42 -25 -20 54 -32 -47 -48 49 -49 58 -52 -38 -8 -3 56 -46 -58 60 -60 -9 -24
right_child=1 2 3 4 -6 8 7 22 9 -11 -12 12 21 14 16 -17 17 -19 31 20 -22 -23 23 41 25 28 27 -29 -30 -31 45 32 -34 -35 -36 36 52 -39 -40 -41 -42 -43 -44 -45 55 46 47 48 -50 -51 51 -53 -54 -55 -56 -57 57 -59 59 -61 -62 -63
leaf_value=0.00024875726903895697 0.00067678171164855595 -0.00030783572652156379 -0.0037054294636890066 -0.0006203596045943542 0.00024182334309888096 -0.0010244506499160748 0.00080124075439843277 0.00043704565000796602 -0.0023967378995476043 -0.0010833554904935176 -0.000385048351198661 0.00063452360282086669 -0.0068513445822255955 0 -0.0043161537730100237 -0.0065159128240819255 0.0011371204638665094 -0.0013958177120965134 0.00071776778500120565 -0.006568214071852695 -0.0013470623571733289 -0.00099920301952145319 0.00037185542959344755 0.00052617427121810301 -0.00024055354376652729 0.00013448980781141217 1.6656597087180067e-05 -0.00067765681504722199 -0.0037940495252131497 -0.001081113498278341 -0.00016291483073220008 -0.006771304921834107 0.00098559851181381059 -0.00013547771847078168 -0.00019417733427472847 -4.4442600605823734e-05 -0.00057607737825829473 -0.0054416331647943825 -9.7415626366342841e-05 -0.0050620797986804106 -0.0012738358371179521 0.00015424420537087351 -0.0003545290194428993 -0.0019615207780811369 1.4229968419837293e-05 0.00035101534113368319 -0.0050554599964904579 -0.0002387490315953095 0.00019704787615736427 0.00011469797435144331 -0.002262005642799202 0.00034510523195757626 0.00042780139546656158 -0.00047451943968679382 0.00017623254719984448 0.00052060639610351236 -0.00046196183004338758 -0.0039888193288721771 -0.00017143533234058623 0.00013169667229608078 -5.2202902397690297e-05 0.00083930683859855665
leaf_weight=26658 589 5372 20 1745 785 2493 661 2880 426 5175 1844 146 23 28 24 37 153 129 327 27 362 23 7798 572 844 11761 4189 1038 23 1063 9359 21 33 2935 2743 29 313 21 1169 20 105 11289 2088 31 979 2335 30 4782 2358 2080 32 5033 376 120 828 619 49 27 2962 12567 1180 797
leaf_count=26658 589 5372 20 1745 785 2493 661 2880 426 5175 1844 146 23 28 24 37 153 129 327 27 362 23 7798 572 844 11761 4189 1038 23 1063 9359 21 33 2935 2743 29 313 21 1169 20 105 11289 2088 31 979 2335 30 4782 2358 2080 32 5033 376 120 828 619 49 27 2962 12567 1180 797
internal_value=-6.49817e-07 -0.000297739 -0.00052314 -0.000692708 -0.000807288 -0.000871658 0.000138091 9.696e-05 -0.000996855 -0.00118418 -0.000753758 -0.000293894 -0.000764745 -1.78266e-05 -0.000972344 -0.00377436 -0.000359772 -3.92387e-06 -0.000616309 -0.00111224 -0.0017239 -0.00404225 0.000113999 0.0002165 6.39982e-05 -4.77642e-05 -0.000279094 -0.000120277 6.54954e-05 -0.000711752 -4.11941e-05 0.000142022 -0.00194549 -0.000161456 7.19866e-05 0.00021191 -0.000190212 -0.0024174 -0.00044587 -0.000673807 -0.000144071 9.33401e-05 -0.000163252 0.000471317 -0.000164759 -6.16274e-05 1.97673e-05 -6.33127e-05 -4.64724e-05 -0.000130884 0.000162395 0.000327602 -2.10038e-05 0.000598784 -0.000242381 0.000119742 -0.000110745 -0.00178422 0.000119422 7.35546e-05 0.000293621 0.000415792
internal_weight=144525 46019 24486 16612 13657 12872 98506 71848 9938 5601 4337 2989 1098 1891 371 65 306 282 1052 640 389 46 68859 22544 46315 21661 7134 5227 14527 1907 21533 412 54 2955 14504 1520 739 50 2934 1765 251 13949 2660 358 7874 20944 11585 9250 9220 6862 24654 5065 689 781 6200 1674 1055 76 19589 15529 4060 8595
internal_count=144525 46019 24486 16612 13657 12872 98506 71848 9938 5601 4337 2989 1098 1891 371 65 306 282 1052 640 389 46 68859 22544 46315 21661 7134 5227 14527 1907 21533 412 54 2955 14504 1520 739 50 2934 1765 251 13949 2660 358 7874 20944 11585 9250 9220 6862 24654 5065 689 781 6200 1674 1055 76 19589 15529 4060 8595
is_linear=0
shrinkage=0.05


Tree=27
num_leaves=63
num_cat=0
split_feature=12 12 13 0 0 25 0 0 0 13 0 0 0 0 0 0 0 12 0 25 0 21 0 0 12 12 13 13 22 12 12 0 14 25 13 22 13 23 23 0 0 0 0 0 0 13 20 24 21 14 13 13 13 13 12 0 22 21 22 13 8 0
split_gain=5.95777 1.23111 1.1921 0.90185 1.19181 0.68266 0.560179 0.85471 2.2616 1.09508 0.952176 0.902619 1.60162 0.680791 1.60307 0.512427 0.810896 0.555719 0.502999 0.491344 0.467447 0.655615 0.465432 0.812407 0.651376 0.460551 0.37832 0.369909 0.356049 0.505091 0.34251 0.351047 0.446455 0.335437 0.508691 0.353948 0.333115 0.307268 0.470099 0.296104 0.272756 0.272677 0.252425 0.335112 0.277648 0.250074 0.239001 0.23025 0.358311 0.317869 0.229193 0.226303 0.243935 0.369189 1.649 0.216761 0.215556 0.213801 0.206914 0.202591 0.199523 0.236182
threshold=1470.5000000000002 744.50000000000011 6.0007451564828624 328.50000000000006 320.50000000000006 3.6762675046920781 1256.5000000000002 848.50000000000011 857.50000000000011 440.84422146753121 852.50000000000011 1092.5000000000002 1098.5000000000002 455.50000000000006 411.50000000000006 46.500000000000007 276.50000000000006 1472.5000000000002 312.50000000000006 113.35121154785158 326.50000000000006 238.89286041259768 1063.5000000000002 1170.5000000000002 1747.5000000000002 1404.0000000000002 259.92204015330725 57.42212993923706 42.349998474121101 1473.5000000000002 1465.5000000000002 995.50000000000011 11.015504807692309 1.3571859002113345 3.4706893066504958 1.1499999761581423 0.01811713126860948 4.7106740474700937 0.92546257376670849 850.50000000000011 207.50000000000003 312.50000000000006 503.50000000000006 328.50000000000006 611.50000000000011 0.29348965454379733 11.071428775787355 0.3944759219884873 0.25000000745058065 0.40765107212475638 1096.8329721921275 0.026721807579183601 0.068067070014510359 0.12882395757512741 1406.5000000000002 43.500000000000007 0.68333333730697643 0.32142858207225805 0.15000000596046451 48.621298933404702 1.0000000180025095e-35 1619.0000000000002
decision_type=2 2 2 2 2 2 2 2 2 2 2 2 2 2 2 2 2 2 2 2 2 2 2 2 2 2 2 2 2 2 2 2 2 2 2 2 2 2 2 2 2 2 2 2 2 2 2 2 2 2 2 2 2 2 2 2 2 2 2 2 2 2
left_child=1 -1 22 4 15 25 7 13 9 10 -9 26 -13 14 -5 28 27 41 -19 -16 50 -22 37 24 33 36 -10 40 55 -30 -7 32 42 35 -35 56 60 38 47 -11 -17 -18 43 -32 -44 -38 -39 -2 49 -49 -6 -27 -53 54 -54 -4 -24 -50 -55 -34 -3 -62
right_child=2 5 3 6 20 30 -8 8 11 39 -12 12 -14 -15 19 16 17 18 -20 -21 21 -23 23 -25 -26 51 -28 -29 29 -31 31 -33 59 34 -36 -37 45 46 -40 -41 -42 -43 44 -45 -46 -47 -48 48 57 -51 -52 52 53 58 -56 -57 -58 -59 -60 -61 61 -63
leaf_value=0.00051653798831543293 0.0018457050337621164 -0.0042254957086216727 8.4344360280671105e-05 0.00041698139371218755 -0.0020416373414757524 0.00036140376692203493 0.00027462368955525734 0.00028784818193290759 0.00029545490251437433 -0.0049965207086859762 -0.0024144750269533451 -0.0041638118114436734 -0.00053272827178473187 0.0004429537750939865 -0.0021473314769626189 -0.00059645669243742791 0.00084099161136608398 -0.0015316394429373036 -0.00010745830425165105 -0.00059757761818116908 -0.0023729078327084218 0.0010079791334792212 -0.0073577815724881427 -0.00027909529788449017 0.00069381042976975884 -0.0048530716939540943 -0.00080981855788937913 0.00093208240813194522 -0.0037643577457351775 -0.0011370683038879033 -0.00072681738806295508 0.00030528118181380307 -3.7856221925085891e-05 -0.0014565058633161734 -0.0047517527038087384 -0.010578421341566854 -9.8172821004146877e-05 -0.0016342529482239938 0.00013732311715434863 -0.0027582462686975358 0.00039984036128974215 -0.0013282232852788725 -0.0020889862852417561 0.00047929611199879521 -0.00060749406480602479 0.00033365006257787561 0.00036480357562165947 -0.010524825361512957 0.0029875622667146448 -0.0021483620025674272 -0.0036326546768560772 0.001946326584198515 -0.010142410157244734 0.0005775516056997275 -0.00078958195933304652 -0.001364406070037675 -0.0033177083225882247 -0.0019159340735167806 -0.00035316359911616633 0.00045445844900526611 0.003193261090423412 -0.0036683839649209343
leaf_weight=25919 38 71 495 2679 1055 23136 4465 539 5170 309 813 316 8080 5052 1117 1534 607 2340 854 964 287 284 48 419 102 28 909 1103 287 528 1235 11039 6954 296 201 28 6925 1393 1085 314 1239 189 419 1075 1365 6477 163 23 23 26 304 114 51 637 636 526 140 328 8744 2978 26 24
leaf_count=25919 38 71 495 2679 1055 23136 4465 539 5170 309 813 316 8080 5052 1117 1534 607 2340 854 964 287 284 48 419 102 28 909 1103 287 528 1235 11039 6954 296 201 28 6925 1393 1085 314 1239 189 419 1075 1365 6477 163 23 23 26 304 114 51 637 636 526 140 328 8744 2978 26 24
internal_value=-6.43537e-07 0.00022103 -0.000465513 -0.000384707 -0.000759878 0.000114483 -0.000242518 -0.000330632 -0.000550949 -0.00213853 -0.0013335 -0.000333977 -0.000670035 3.82256e-05 -0.00039028 -0.000533417 -0.000356971 -0.000857515 -0.00115243 -0.00143189 -0.00189561 -0.000682709 -0.00125794 -0.00208164 -0.00300207 -0.000104884 0.000129349 0.000157013 -0.00128658 -0.00206874 0.000222598 9.42749e-05 -7.14396e-05 -0.00353782 -0.00279994 -0.00521043 8.6203e-05 -0.000926131 -0.000416565 -0.00387705 -0.000149501 0.000319557 -0.000511024 -0.00016337 -0.000958346 0.000110149 -0.00142162 -0.00179977 -0.00215896 -0.00619543 -0.00240146 -0.000358465 -0.000345567 -0.000372033 -0.00149255 -0.000657188 -0.00437916 -0.00157962 -0.000289427 0.000109259 -0.00252268 -1.27623e-06
internal_weight=144525 97853 46672 42359 11632 71934 30727 26262 16450 1975 1352 14475 8396 9812 4760 9702 7866 3990 3194 2081 1930 571 4313 1234 815 23733 6079 3876 1836 815 48201 25065 14026 713 497 216 13523 3079 1523 623 2773 796 4094 2310 1784 13402 1556 438 400 49 1359 10210 10182 10068 687 1021 188 351 9381 9932 121 50
internal_count=144525 97853 46672 42359 11632 71934 30727 26262 16450 1975 1352 14475 8396 9812 4760 9702 7866 3990 3194 2081 1930 571 4313 1234 815 23733 6079 3876 1836 815 48201 25065 14026 713 497 216 13523 3079 1523 623 2773 796 4094 2310 1784 13402 1556 438 400 49 1359 10210 10182 10068 687 1021 188 351 9381 9932 121 50
is_linear=0
shrinkage=0.05


Tree=28
num_leaves=63
num_cat=0
split_feature=12 12 13 0 0 0 25 13 0 0 0 13 0 0 0 0 0 22 25 0 0 12 12 13 13 12 0 22 13 0 25 13 22 12 13 22 25 13 0 22 0 13 12 0 24 0 13 13 13 12 2 12 0 0 0 22 0 18 22 25 20 24
split_gain=5.37792 1.11189 1.07638 0.81409 1.07856 0.793848 0.630318 0.546068 0.505664 0.771504 2.04131 0.988431 0.859604 0.814658 1.44539 0.614426 1.44706 0.472214 0.443169 0.420574 0.733418 0.588911 0.402894 0.363539 0.341461 0.309123 0.316871 0.379449 0.30415 0.505374 0.302673 0.458589 0.318472 0.274988 0.339213 0.26721 0.265726 0.570493 0.293132 0.282383 0.26684 0.256338 0.239319 0.220945 0.222812 0.208414 0.204253 0.22024 0.333398 1.48827 0.202487 0.200685 0.198593 0.418134 0.35775 0.19146 0.191398 0.190651 0.186797 0.186469 0.184101 0.300432
threshold=1470.5000000000002 771.50000000000011 6.0007451564828624 328.50000000000006 291.50000000000006 60.500000000000007 3.6762675046920781 9.7496601845734343 1256.5000000000002 848.50000000000011 857.50000000000011 440.84422146753121 852.50000000000011 1092.5000000000002 1098.5000000000002 455.50000000000006 411.50000000000006 560.68334960937511 113.35121154785158 1063.5000000000002 1170.5000000000002 1747.5000000000002 1404.0000000000002 17.864298089511525 259.92204015330725 1465.5000000000002 995.50000000000011 47.116666793823249 0.012358406516482118 1721.5000000000002 1.3571859002113345 3.4706893066504958 1.1499999761581423 1473.5000000000002 44.002055108216133 667.10000610351574 283.66304016113287 1096.8329721921275 320.50000000000006 87.416667938232436 320.50000000000006 0.29348965454379733 2169.0000000000005 258.50000000000006 50.657327651977546 2043.5000000000002 0.026721807579183601 0.068067070014510359 0.12882395757512741 1406.5000000000002 2.5000000000000004 1472.5000000000002 575.50000000000011 611.50000000000011 397.50000000000006 0.75000000000000011 1055.5000000000002 12.500000000000002 0.15000000596046451 20.214723587036136 1.0000000180025095e-35 0.3944759219884873
decision_type=2 2 2 2 2 2 2 2 2 2 2 2 2 2 2 2 2 2 2 2 2 2 2 2 2 2 2 2 2 2 2 2 2 2 2 2 2 2 2 2 2 2 2 2 2 2 2 2 2 2 2 2 2 2 2 2 2 2 2 2 2 2
left_child=1 -1 19 4 5 23 22 -6 9 15 11 12 -11 24 -15 16 -5 43 -18 42 21 30 28 -4 -12 -8 27 52 29 -3 32 -32 50 34 -25 -13 39 38 -38 -9 -39 45 56 44 -7 55 -24 -48 49 -49 -21 -45 54 -54 -27 -30 60 -33 -50 -17 61 -2
right_child=2 6 3 8 7 17 25 36 -10 10 13 35 -14 14 -16 59 18 -19 -20 20 -22 -23 46 33 -26 26 -28 -29 41 -31 31 57 -34 -35 -36 -37 37 40 -40 -41 -42 -43 -44 51 -46 -47 47 48 58 -51 -52 -53 53 -55 -56 -57 -58 -59 -60 -61 -62 -63
leaf_value=0.0004887946134261357 0.0019725717074498181 -0.0090445596678375706 -0.00029989941809893526 0.00039613310099769893 0.0014273221245844833 -4.6049370742722871e-05 0.00034333365623216602 -0.0012409879068904809 0.00026089281496234645 0.00027345844140617715 0.00028068243882986912 -0.0048647109208039023 -0.0022937661363221042 -0.0039556871264364492 -0.00050609219078303865 -0.00060515897128385267 -0.0020399745130806868 -0.0018710398012426717 -0.00056770183715737358 -0.00068489965904915758 -0.0002651438779335604 0.00065915387750481945 -0.0046112816343315977 -0.0014100313002188135 -0.00076933208148869184 -0.00032792937138485649 0.00029001725900547332 0.00040722527232458865 -0.000284121017356039 0.00084858072557668579 -0.0013837051880836856 -0.0038781169582936281 -0.01005138216135871 -0.00095808900728494887 -0.003697952182066558 -0.00272255884900547 0.00030128759730926224 -0.0013389224063587246 -0.0011435961719302842 -0.0025172091327412605 -0.0034510816639152669 0.00031696781734020228 0.0011228228513042388 0.00031188731919411022 0.00094487687933317006 0.00029835185583274243 0.0018490955622101125 -0.0096362818725071776 0.00054867854436151684 -0.0007501090638546838 -0.0049796678442976423 -0.00060167530000488679 -0.0016736206562897593 -0.00025876951649405819 0.00039819770164037415 -0.0049639508094453163 0.00095638885036468358 -0.008760396954399419 -0.00033550561944192277 0.00051082924080040931 -0.00098035320287670935 -0.0045938033844575695
leaf_weight=26194 21 24 950 2679 164 1056 23136 805 4465 539 5170 277 813 316 8080 403 1117 317 964 37 419 102 28 439 909 4627 11039 3228 4668 26 296 176 28 918 268 346 579 316 874 998 304 6477 140 1052 1203 2031 114 51 637 636 151 1389 643 2853 2675 22 120 25 8744 4649 2718 80
leaf_count=26194 21 24 950 2679 164 1056 23136 805 4465 539 5170 277 813 316 8080 403 1117 317 964 37 419 102 28 439 909 4627 11039 3228 4668 26 296 176 28 918 268 346 579 316 874 998 304 6477 140 1052 1203 2031 114 51 637 636 151 1389 643 2853 2675 22 120 25 8744 4649 2718 80
internal_value=-6.38645e-07 0.00020997 -0.000442309 -0.000365517 -0.000721976 -0.000369849 0.000107979 -0.00138243 -0.000230411 -0.000314133 -0.000523452 -0.00203176 -0.00126665 -0.000317297 -0.000636566 3.62878e-05 -0.000370769 -2.55299e-06 -0.00136042 -0.00119531 -0.00197848 -0.00285305 -0.000104446 -0.0010835 0.00012284 0.000211463 8.95408e-05 -6.78863e-05 7.71567e-05 -0.0038089 -0.00336253 -0.00266051 -0.00495271 -0.00153848 -0.00228478 -0.00368366 -0.00150264 -0.00111082 -0.000564408 -0.00195028 -0.00238301 9.22865e-05 -0.000879761 0.000122444 0.00047946 -0.000123496 -0.000340573 -0.000328293 -0.000353462 -0.00141836 -0.00416182 -0.000205911 -0.000210384 -0.000520466 -6.12349e-05 -0.000307245 -0.00097689 -0.00451428 -0.000274928 0.000420807 -0.00106099 -0.00317846
internal_weight=144525 97853 46672 42359 11632 7592 71659 4040 30727 26262 16450 1975 1352 14475 8396 9812 4760 5017 2081 4313 1234 815 23458 2575 6079 48201 25065 14026 13248 50 713 497 216 1625 707 623 3876 2073 1453 1803 620 13198 3079 4700 2259 6721 10210 10182 10068 687 188 2441 10798 3496 7302 4690 2939 201 9381 5052 2819 101
internal_count=144525 97853 46672 42359 11632 7592 71659 4040 30727 26262 16450 1975 1352 14475 8396 9812 4760 5017 2081 4313 1234 815 23458 2575 6079 48201 25065 14026 13248 50 713 497 216 1625 707 623 3876 2073 1453 1803 620 13198 3079 4700 2259 6721 10210 10182 10068 687 188 2441 10798 3496 7302 4690 2939 201 9381 5052 2819 101
is_linear=0
shrinkage=0.05


Tree=29
num_leaves=63
num_cat=0
split_feature=12 12 13 0 0 13 17 0 0 0 0 0 0 13 0 0 12 0 0 21 0 0 12 12 13 13 14 21 18 25 13 25 12 24 12 13 14 25 25 24 24 18 0 0 2 0 0 0 8 0 0 24 13 0 0 24 12 19 0 13 12 18
split_gain=4.85496 1.00377 0.971841 0.735056 0.97684 0.585075 0.468542 0.602758 0.795877 1.60069 0.712844 0.620638 0.797214 0.526606 0.421009 0.873571 0.457713 0.424004 0.41884 0.57345 0.380291 0.662293 0.532585 0.336877 0.32807 0.302364 0.283198 0.435656 0.710719 0.533334 0.357174 0.266455 0.26164 0.253044 0.248038 0.305721 0.230179 0.336097 0.290763 0.352918 0.340305 0.32565 0.25322 0.224593 0.214677 0.213774 0.20722 0.288728 0.204085 0.333805 0.301064 0.195366 0.192666 0.281308 0.538949 0.211934 0.209903 0.190298 0.186032 0.95136 0.275439 0.270546
threshold=1470.5000000000002 787.50000000000011 6.0007451564828624 328.50000000000006 320.50000000000006 1.4503023970108611 26.500000000000004 1238.5000000000002 848.50000000000011 857.50000000000011 1092.5000000000002 455.50000000000006 411.50000000000006 440.84422146753121 60.500000000000007 276.50000000000006 1472.5000000000002 312.50000000000006 326.50000000000006 238.89286041259768 1063.5000000000002 1170.5000000000002 1747.5000000000002 1380.0000000000002 17.864298089511525 0.01811713126860948 0.87119815668202782 0.96428570151329052 1.0000000180025095e-35 1.035294830799103 3.4706893066504958 20.603704452514652 1468.5000000000002 12.845339298248293 1473.5000000000002 44.002055108216133 2.4619520264681563 0.91412833333015453 0.7291143834590913 0.72815948724746715 0.75043764710426342 1.0000000180025095e-35 869.50000000000011 312.50000000000006 4.5000000000000009 542.50000000000011 254.50000000000003 291.50000000000006 1.0000000180025095e-35 1653.5000000000002 1619.0000000000002 51.772668838500984 0.17328655817043084 177.50000000000003 120.50000000000001 1.1459335684776308 1159.5000000000002 239.50000000000003 280.50000000000006 0.15717848522448782 1469.5000000000002 1.0000000180025095e-35
decision_type=2 2 2 2 2 2 2 2 2 2 2 2 2 2 2 2 2 2 2 2 2 2 2 2 2 2 2 2 2 2 2 2 2 2 2 2 2 2 2 2 2 2 2 2 2 2 2 2 2 2 2 2 2 2 2 2 2 2 2 2 2 2
left_child=1 -1 20 4 14 23 31 8 11 13 -11 12 -8 -10 24 51 43 -18 -6 57 36 22 26 25 -4 48 27 28 -22 -29 -28 -5 -7 46 35 -26 37 38 40 -40 44 -41 -38 -17 -2 -39 -34 -48 49 -3 -50 -16 53 54 -27 -55 -54 -20 59 -25 61 -61
right_child=2 5 3 6 18 32 7 -9 9 10 -12 -13 -14 -15 15 16 17 -19 19 -21 21 -23 -24 58 34 52 30 29 -30 -31 -32 -33 33 -35 -36 -37 42 45 39 41 -42 -43 -44 -45 -46 -47 47 -49 50 -51 -52 -53 56 55 -56 -57 -58 -59 -60 60 -62 -63
leaf_value=0.00046309960694239502 -0.0013621034540254125 -0.0078565155113751797 -0.00028490603323915104 -0.000504857786348967 -0.0021930635538400067 0.00026313272741014879 0.00036058151071317418 0.00023167586707719073 -0.0015088214153354687 7.9181204433902803e-05 -0.00085991580964292773 0.00041458585139833375 -0.0012387888203311615 -0.0034351267089222297 -6.5875701059586348e-05 0.00076829116083272772 -0.0013890357536876588 -8.1038388949673134e-05 -0.0013461224500909679 0.0010147576019957905 -0.0068532509864788586 -0.00025188984907930392 0.00062622845972852602 -0.011769381072835544 -0.0013395457852254499 0.00016872114438238456 -0.001588067642865618 -0.0022792655532634753 0.0010113658306021896 -0.012099791784572789 -0.0042901264873611957 0.000163264959676732 0.00077400036960121243 0.00013623426446861042 -0.00091018977604816328 -0.0035131235196947429 -0.0014162113277262627 0.00045114804579440967 -0.0090815573545839513 -0.0051373024427246849 -0.0048500066443210076 0.0021840052567867643 0.00013664972297176389 -0.001199830661554654 0.0035784848653886907 -0.0016704869794118334 -0.002449236593277834 -0.00036575578723157973 0.0041606258718945854 -0.00031749781515590103 -0.0040922189055524801 0.00072108963389320676 0.00072822842905338357 1.3625317730966401e-05 -0.0056620796198383234 -0.0017249134217110704 8.928818942444327e-05 -0.0043413911939917333 -0.00025197722998048752 -2.1496192587602491e-05 -0.0043694304998967799 -0.0020701320578586802
leaf_weight=26382 41 33 950 1795 1359 36977 1349 3530 925 3266 5261 3370 1832 592 1508 607 2340 854 212 284 59 419 102 20 439 95 337 24 54 38 201 8807 363 9931 918 268 1631 797 27 36 32 25 306 189 45 139 177 3055 22 29 22 1629 1910 4003 66 183 3999 75 9666 654 50 216
leaf_count=26382 41 33 950 1795 1359 36977 1349 3530 925 3266 5261 3370 1832 592 1508 607 2340 854 212 284 59 419 102 20 439 95 337 24 54 38 201 8807 363 9931 918 268 1631 797 27 36 32 25 306 189 45 139 177 3055 22 29 22 1629 1910 4003 66 183 3999 75 9666 654 50 216
internal_value=-6.37474e-07 0.000199467 -0.000420286 -0.00034731 -0.000686035 0.000102083 -0.000218918 -0.00036066 -0.000486961 -0.000766643 -0.000499641 -5.73841e-05 -0.000558965 -0.00226402 -0.000480945 -0.000281991 -0.000773203 -0.00104089 -0.00171434 -0.000566028 -0.00113582 -0.00188069 -0.0027118 -0.000119789 -0.00102963 8.25872e-05 -0.00319636 -0.0049757 -0.00305316 -0.0083886 -0.00260747 4.96713e-05 0.000194299 5.75298e-06 -0.00146188 -0.00217093 -0.000835613 -0.00026686 -0.0020962 -0.00427637 -0.000425724 -0.00205627 -0.00116832 0.000294613 0.00116617 0.00013059 -0.000353298 -0.000481477 -0.00257095 -0.00441691 0 0.0003412 0.000110525 -0.00014136 -0.00219254 -6.12236e-05 0.000296671 -0.00214751 -0.00031798 -0.000991266 -0.000750271 -0.000536049
internal_weight=144525 97853 46672 42359 11632 71471 30727 20125 16595 10044 8527 6551 3181 1517 9702 7127 3990 3194 1930 571 4313 1234 815 20968 2575 10362 713 175 113 62 538 10602 50503 13526 1625 707 3079 1142 206 88 118 61 1937 796 86 936 3595 3232 106 62 44 3137 10256 4347 161 4186 5909 287 10606 940 920 870
internal_count=144525 97853 46672 42359 11632 71471 30727 20125 16595 10044 8527 6551 3181 1517 9702 7127 3990 3194 1930 571 4313 1234 815 20968 2575 10362 713 175 113 62 538 10602 50503 13526 1625 707 3079 1142 206 88 118 61 1937 796 86 936 3595 3232 106 62 44 3137 10256 4347 161 4186 5909 287 10606 940 920 870
is_linear=0
shrinkage=0.05


Tree=30
num_leaves=63
num_cat=0
split_feature=12 12 0 0 25 0 0 25 13 21 20 22 0 0 0 0 0 3 0 12 13 20 12 13 21 3 25 22 0 0 22 14 3 12 16 15 18 12 0 21 12 13 25 25 22 13 22 0 20 13 14 2 15 21 13 0 13 12 14 22 2 0
split_gain=4.39269 1.0325 1.02981 0.940154 0.819015 0.718008 1.00652 0.682117 0.584011 0.577513 0.526009 0.742546 0.483331 0.540551 0.371528 0.668055 0.723096 0.368911 0.324829 0.316253 0.367574 0.308726 0.286871 0.294345 0.273963 0.281414 0.268977 0.290934 0.291781 0.262342 0.301309 0.289886 0.473694 0.314601 0.255382 0.290569 0.250018 0.2118 0.201543 0.517987 0.201426 0.195599 0.199882 0.17813 0.174688 0.171017 0.156524 0.150217 0.160923 0.148389 0.265578 0.197292 0.162357 0.147469 0.147214 0.335581 0.145131 0.201021 0.189665 0.265468 0.235345 0.304559
threshold=1471.5000000000002 1159.5000000000002 1127.5000000000002 1121.5000000000002 1.1609040498733523 326.50000000000006 320.50000000000006 7.9771583080291757 1241.1937533749906 1.2500000000000002 1.0714285969734194 0.94999998807907116 46.500000000000007 276.50000000000006 411.50000000000006 455.50000000000006 848.50000000000011 2.5000000000000004 39.500000000000007 1468.5000000000002 0.53867423167169137 0.5000000149011613 1465.5000000000002 32.090363027915451 3.6785713434219365 3.5000000000000004 352.63537597656256 440.58334350585943 1256.5000000000002 2043.5000000000002 1.0833333730697634 0.12637628554143984 2.5000000000000004 1444.0000000000002 8.5000000000000018 10.500000000000002 1.0000000180025095e-35 1420.5000000000002 331.50000000000006 238.89286041259768 1473.5000000000002 29.618845271126641 23.011291503906254 705.46627807617199 215.03333282470706 0.082487113402061871 6.3166668415069589 1653.5000000000002 1.0000000180025095e-35 1.9518080787228189 1.9453300124533004 8.5000000000000018 1.0000000180025095e-35 29.892857551574711 0.67630541121511156 651.50000000000011 0.05543928932632234 744.50000000000011 0.014389233954451347 0.050000002607703216 6.5000000000000009 1794.0000000000002
decision_type=2 2 2 2 2 2 2 2 2 2 2 2 2 2 2 2 2 2 2 2 2 2 2 2 2 2 2 2 2 2 2 2 2 2 2 2 2 2 2 2 2 2 2 2 2 2 2 2 2 2 2 2 2 2 2 2 2 2 2 2 2 2
left_child=1 56 3 4 9 6 12 19 40 10 11 17 18 -14 38 21 -17 -2 -6 20 29 -16 -9 41 47 34 27 49 -29 31 45 32 -3 -33 35 -26 -32 -22 39 -7 -5 42 46 -8 53 -31 -24 54 -49 50 51 52 -4 -42 55 -21 57 -1 59 60 -59 -62
right_child=2 7 26 8 5 14 43 22 -10 -11 -12 -13 13 -15 15 16 -18 -19 -20 24 37 -23 23 -25 25 -27 -28 28 -30 30 36 33 -34 -35 -36 -37 -38 -39 -40 -41 44 -43 -44 -45 -46 -47 -48 48 -50 -51 -52 -53 -54 -55 -56 -57 -58 58 -60 -61 61 -63
leaf_value=0.00031550900350578307 -0.0040606985203589822 -0.00013425411971461218 0 -0.00051578445500647491 -0.00023467292609469744 -0.0020411074281432048 -0.0017804154951908244 0.00036092957263961613 -0.0036930179921683456 -0.010749232712322053 0.0031265159747098773 -0.011519336076332378 4.8665066221132767e-05 -0.00083126970902013984 -0.0072279527236076323 0.00022780770121747071 -0.00050009132304256116 -0.00083480984668917097 -0.0017634220413123296 -0.0031402403232404781 0.00026925672287047311 -0.0011065275658356285 0.0002528499768265427 0.00031150284114887859 -0.0018160921265054622 -0.00032450646541252234 0.00063121369747850588 -0.0024536276972122969 -0.00016956799644907077 0.0017755767762226264 -0.0075988009251755284 -0.00012444373802948818 -0.0016545934608170319 -0.0013859675155157968 -0.00035194433771607031 -0.0048933412446055882 0 -8.5868730118872708e-05 0.00053322396820104331 0.00096403758500460753 -0.0054712229924952956 -0.0006696437986493985 0.00022740352861550807 -0.0032269941357785069 -0.0027479114199631446 0.00016117390791684205 -0.00023218807645085084 -0.0054750579127406706 -0.00098872395073441996 6.8847697942581401e-05 -0.0068527237440352863 0.0026216618014810894 -0.0038236358779377513 -0.0010349126488315115 -2.4611799762658888e-05 0.0016327470093755059 0.00046806529149050593 -0.00098407194527767492 -5.0708517204648633e-05 0.00060582785063729018 -0.0019422372657088936 -0.0085648167929035304
leaf_weight=5503 157 968 67 550 484 287 1078 16141 308 21 41 23 3187 3831 21 5098 10271 215 1308 113 7709 2335 2111 10025 250 410 1662 247 334 185 22 4940 1107 551 155 117 22 9191 1858 284 20 1112 6644 281 298 1548 7722 26 106 5597 20 34 50 520 1736 53 24638 84 694 80 42 33
leaf_count=5503 157 968 67 550 484 287 1078 16141 308 21 41 23 3187 3831 21 5098 10271 215 1308 113 7709 2335 2111 10025 250 410 1662 247 334 185 22 4940 1107 551 155 117 22 9191 1858 284 20 1112 6644 281 298 1548 7722 26 106 5597 20 34 50 520 1736 53 24638 84 694 80 42 33
internal_value=-6.36651e-07 0.000171288 -0.000442548 -0.000567806 -0.000504423 -0.000472554 -0.000815361 6.84124e-05 -0.00171507 -0.00260755 -0.00220156 -0.00276791 -0.000619166 -0.000430968 -0.000299334 -0.000378924 -0.000258317 -0.00221044 -0.00135335 -0.000118593 -6.30686e-05 -0.00116352 0.000193364 9.52354e-05 -0.000608164 -0.00131947 6.4616e-05 -8.29243e-05 -0.00114945 -0.000314843 0.000229998 -0.000443471 -0.000947796 -0.000251966 -0.00209117 -0.00281181 -0.00384226 7.58279e-05 0.000279389 -0.000537767 -0.00127233 -2.77449e-05 1.5276e-05 -0.00208342 -0.00176278 0.000336491 -0.000127548 -0.000279727 -0.00191372 2.36559e-05 -0.00142547 -0.00066948 -0.00167 -0.00120946 -0.000163604 -0.00158617 0.000412685 0.000199901 -0.000476577 -0.00169175 -0.00287884 -0.00493027
internal_weight=144525 104038 40487 32476 30780 30323 10169 72964 1696 457 436 395 8810 7018 20154 17725 15369 372 1792 29209 26243 2356 43755 27614 2966 932 8011 6349 581 9343 1777 7566 2075 5491 522 367 44 16900 2429 571 1388 17589 16477 1359 838 1733 9833 2034 132 5768 171 151 117 540 1902 166 31074 6436 933 239 159 75
internal_count=144525 104038 40487 32476 30780 30323 10169 72964 1696 457 436 395 8810 7018 20154 17725 15369 372 1792 29209 26243 2356 43755 27614 2966 932 8011 6349 581 9343 1777 7566 2075 5491 522 367 44 16900 2429 571 1388 17589 16477 1359 838 1733 9833 2034 132 5768 171 151 117 540 1902 166 31074 6436 933 239 159 75
is_linear=0
shrinkage=0.05


Tree=31
num_leaves=63
num_cat=0
split_feature=12 13 12 0 0 0 13 13 22 0 0 0 13 0 0 0 0 0 12 0 0 12 20 13 13 13 23 23 2 23 0 13 0 14 12 22 0 0 0 0 0 12 14 13 22 0 0 6 0 20 14 3 20 24 20 20 0 12 13 0 13 2
split_gain=3.96585 0.834608 0.819634 0.598577 0.830128 0.614602 0.474912 0.440524 0.390125 0.383784 0.581903 1.68225 0.805693 0.77367 0.68134 1.28874 0.478505 1.11401 0.360279 0.329455 0.581497 0.478044 0.320082 0.316003 0.315173 0.284735 0.269605 0.385399 0.267579 0.402737 0.269735 0.266412 0.566121 0.606791 0.312595 0.286193 0.255728 0.705949 0.414095 0.916571 0.559926 0.248918 0.24793 0.468145 0.273562 0.245173 0.24346 0.236744 0.414744 0.374761 0.235764 0.230978 0.310743 0.242139 0.217065 0.260584 0.212692 0.210211 0.267853 0.204694 0.201016 0.19766
threshold=1470.5000000000002 6.0007451564828624 744.50000000000011 328.50000000000006 291.50000000000006 60.500000000000007 4.2266975801621216 9.7496601845734343 560.68334960937511 1256.5000000000002 848.50000000000011 857.50000000000011 440.84422146753121 852.50000000000011 1092.5000000000002 1098.5000000000002 455.50000000000006 416.50000000000006 1408.5000000000002 1063.5000000000002 1170.5000000000002 1747.5000000000002 234.21428680419925 0.32389916115969125 168.87867287677537 17.864298089511525 4.7106740474700937 0.55593636631965648 2.5000000000000004 0.51123625040054332 340.50000000000006 0.72632661901667761 651.50000000000011 0.041885964912280707 1466.5000000000002 0.15000000596046451 600.50000000000011 575.50000000000011 238.50000000000003 328.50000000000006 280.50000000000006 1467.5000000000002 349.24499105545624 1096.8329721921275 87.416667938232436 850.50000000000011 320.50000000000006 1.0000000180025095e-35 419.50000000000006 5.5000000000000009 3.1885425211922347 2.5000000000000004 0.78571429848670971 6.4394900798797616 11.071428775787355 6.2142856121063241 442.50000000000006 1473.5000000000002 44.002055108216133 320.50000000000006 0.01811713126860948 1.5000000000000002
decision_type=2 2 2 2 2 2 2 2 2 2 2 2 2 2 2 2 2 2 2 2 2 2 2 2 2 2 2 2 2 2 2 2 2 2 2 2 2 2 2 2 2 2 2 2 2 2 2 2 2 2 2 2 2 2 2 2 2 2 2 2 2 2
left_child=2 19 -1 4 5 25 18 -6 -7 10 16 12 13 -12 24 -16 17 -5 23 26 21 51 -19 60 -13 -3 27 28 56 30 -30 32 33 -20 -35 -34 37 38 -8 40 -40 -37 44 46 -9 -14 -44 54 49 -49 -50 52 -21 -54 55 -28 -2 58 -27 -45 61 -4
right_child=1 3 6 9 7 8 36 42 -10 -11 11 14 45 -15 15 -17 -18 22 31 20 -22 -23 -24 -25 -26 57 47 -29 29 -31 -32 -33 35 34 -36 41 -38 -39 39 -41 -42 -43 43 59 -46 -47 -48 48 50 -51 -52 -53 53 -55 -56 -57 -58 -59 -60 -61 -62 -63
leaf_value=0.00042133298327211326 0.0036267628592194208 -0.00024278078986169203 0.0021260112064992085 0.00026289034788021774 0.001325129694629032 0.00012786990222154359 0.00048516291320712253 -0.0010382074220554923 -0.0016839814160162486 0.0002315395140822448 0.0003318351902795457 0.00034329841387547091 -0.0043308155220218867 -0.0021037471253787196 -0.0036899864882064589 -0.00043275110089490039 0.00037429523280570664 -0.0018193048388100526 -0.009381033065902742 -0.0075123131134067524 -0.00020960522050437726 0.00064577707039314546 -0.00040291744409590228 0.00031223974724071713 -0.00049500758915821689 -0.0012135705705834943 -0.00056758113541104777 8.8318207862748027e-05 -0.0056031303273429856 -0.0091469613504616219 -0.0009912945092053324 -9.740569591538911e-05 0.0007079048035052455 -0.00098062777132620102 -0.0033512507589540416 -0.00055601369662705211 0.00030949288500999668 -0.0014569115955929413 -0.00041658670192774768 0.00021461115777646517 -0.002147658538844726 0.0027207436019951845 0.0003464722935910239 -0.0011610173006400863 -0.0022922277756413493 -0.0022927503104566869 -0.00096795006823611378 -0.010257434399476219 -0.0051031446446148879 -0.0016469469059672193 0.0005771518994134552 -0.0022223399039590676 -0.0024091700143680532 -0.0067287258361963982 0.00073834835105611755 -0.002023275287637349 -0.0018505630884168925 -0.00083099538556318095 -0.0032493946323652722 -0.0030152816174748454 -8.3011633964099392e-05 -0.0030840486016396169
leaf_weight=25919 33 950 21 2990 164 4700 5036 804 317 4465 539 4600 309 813 316 8080 5052 1141 24 56 419 102 629 9175 1479 439 680 1242 42 23 146 11555 675 987 165 2157 24596 743 1451 6351 696 59 589 316 1002 314 861 31 25 24 63 432 183 42 152 581 37 918 268 304 8143 100
leaf_count=25919 33 950 21 2990 164 4700 5036 804 317 4465 539 4600 309 813 316 8080 5052 1141 24 56 419 102 629 9175 1479 439 680 1242 42 23 146 11555 675 987 165 2157 24596 743 1451 6351 696 59 589 316 1002 314 861 31 25 24 63 432 183 42 152 581 37 918 268 304 8143 100
internal_value=-6.48184e-07 -0.000379932 0.000180204 -0.000312294 -0.000617978 -0.000308957 9.32518e-05 -0.00119743 1.23599e-05 -0.00019641 -0.00026936 -0.000451153 -0.0018204 -0.00112911 -0.000263973 -0.000555982 3.49121e-05 -0.00032424 -4.59318e-05 -0.00104304 -0.00173651 -0.00251525 -0.00131884 0.000110098 0.000138514 -0.000936913 -0.000763446 -0.000286209 -0.00195882 -0.0028518 -0.00205061 -0.000220429 -0.000568716 -0.00149422 -0.00132477 -0.000190472 0.000211754 4.30214e-05 0.000125745 -8.66637e-05 -0.000980157 -0.000466396 -0.00130549 -0.000926689 -0.00173682 -0.00331216 -0.000430588 -0.0012273 -0.00318217 -0.00660068 -0.000983776 -0.00297449 -0.00411184 -0.00324033 -0.00102571 -0.00124236 0.000661768 -0.0013396 -0.0019927 -0.00207861 -0.000113724 -0.00213753
internal_weight=144525 46672 97853 42359 11632 7592 71934 4040 5017 30727 26262 16450 1975 1352 14475 8396 9812 4760 33061 4313 1234 815 1770 17439 6079 2575 3079 1523 281 211 188 15622 4067 1176 1152 2891 38873 14277 13534 8498 2147 2216 3876 2070 1806 623 1450 1556 143 55 88 713 281 225 1413 1261 70 1625 707 620 8264 121
internal_count=144525 46672 97853 42359 11632 7592 71934 4040 5017 30727 26262 16450 1975 1352 14475 8396 9812 4760 33061 4313 1234 815 1770 17439 6079 2575 3079 1523 281 211 188 15622 4067 1176 1152 2891 38873 14277 13534 8498 2147 2216 3876 2070 1806 623 1450 1556 143 55 88 713 281 225 1413 1261 70 1625 707 620 8264 121
is_linear=0
shrinkage=0.05


Tree=32
num_leaves=63
num_cat=0
split_feature=12 0 12 0 13 0 0 13 0 13 0 0 21 0 0 0 12 13 22 0 0 0 22 21 9 20 0 21 12 12 14 0 11 13 9 14 23 21 16 20 22 14 8 13 22 9 13 8 13 22 21 0 0 0 0 8 2 13 12 14 22 13
split_gain=3.59472 0.863524 0.853666 0.853627 0.644221 0.614828 0.846149 0.585521 0.540938 0.526595 0.410153 0.680803 0.706688 0.488387 0.399067 0.460091 0.316063 0.311028 0.282205 0.277705 0.261785 0.410583 0.217463 0.500406 0.412948 0.210058 0.198339 0.298806 0.181835 0.176513 0.198567 0.434556 0.24858 0.444617 0.348787 0.170142 0.210112 0.381303 0.162823 0.162786 0.237111 0.52802 0.518863 0.187597 0.158372 0.153111 0.161825 0.152155 0.246351 0.141908 0.136176 0.135898 0.238131 0.209843 0.180832 0.166256 0.128995 0.128947 0.165314 0.164788 0.235978 0.218049
threshold=1471.5000000000002 1127.5000000000002 1159.5000000000002 1121.5000000000002 1.4503023970108611 326.50000000000006 320.50000000000006 1.406493050328667 1109.5000000000002 1241.1937533749906 1109.5000000000002 1092.5000000000002 158.17856597900393 1084.5000000000002 46.500000000000007 276.50000000000006 1468.5000000000002 33.630190872809308 1.1499999761581423 39.500000000000007 1167.5000000000002 1238.5000000000002 0.68333333730697643 0.96428570151329052 -0.22252093395631442 0.21428572386503222 1217.5000000000002 148.46428680419925 1473.5000000000002 1466.5000000000002 0.12637628554143984 2043.5000000000002 -0.5 0.026721807579183601 -0.56174490092936669 0.40765107212475638 0.77136236429214489 0.17857143282890323 17.500000000000004 1.0000000180025095e-35 0.083333335816860213 0.50257731958762897 -1.0000000180025095e-35 0.12123728984194103 205.01667022705081 1.0000000180025095e-35 0.30873634406621625 -0.8783796973249266 0.75155927851761573 667.10000610351574 29.892857551574711 254.50000000000003 367.50000000000006 207.50000000000003 575.50000000000011 -1.0000000180025095e-35 2.5000000000000004 0.05543928932632234 744.50000000000011 0.014389233954451347 0.050000002607703216 0.034279953917050694
decision_type=2 2 2 2 2 2 2 2 2 2 2 2 2 2 2 2 2 2 2 2 2 2 2 2 2 2 2 2 2 2 2 2 2 2 2 2 2 2 2 2 2 2 2 2 2 2 2 2 2 2 2 2 2 2 2 2 2 2 2 2 2 2
left_child=2 3 57 4 8 6 14 29 35 28 11 13 -13 -7 19 -16 -9 51 22 -6 -3 26 24 -24 -10 -23 -22 -28 -5 30 31 32 33 -4 -34 36 37 -2 45 40 -31 42 -42 -41 50 -32 -47 48 -45 56 -30 53 55 -18 -54 -53 -8 58 -1 60 61 -60
right_child=1 20 7 9 5 10 49 16 18 -11 -12 12 -14 -15 15 -17 17 -19 -20 -21 21 25 23 -25 -26 -27 27 -29 44 39 38 -33 34 -35 -36 -37 -38 -39 -40 43 41 -43 -44 47 -46 46 -48 -49 -50 -51 -52 52 54 -55 -56 -57 -58 -59 59 -61 -62 -63
leaf_value=0.00027866757662894719 0.0019606103536797992 0.00076483366187445805 -0.007712583210562513 -0.00046836629146916272 -0.00019136409551206112 -0.00030085765239958658 -0.00039151998092422759 0.00022394387959236647 -0.00099836853227464333 -0.0034867964599115901 0.00080888682948392565 -0.00071718533544297067 -0.0035029486411400032 0.00078022412092950647 5.3864515651033731e-05 -0.00075937275706774825 -0.00010688696998488125 0.00027418626908457482 -0.0088431581175385642 -0.001605564762771735 7.5679281142675626e-06 -0.004657429745609132 4.7418029912577432e-05 -0.0058590260838582335 -0.010580265290889769 0.00021921116563313977 -0.00058142443120862261 -0.0023560200261526494 -0.0051774930472448652 0.0014046091103271357 0.00010228269272448274 0.00067671684595065583 -0.0016833024260033851 -0.0013624305884772144 0.00011941979928509125 -0.00013168750053951358 0.00047974899849470933 -0.0057905261990763308 -0.0043505678804616581 0.0026291012901352179 -0.0010876615236768518 -0.00062219093525551746 -0.010381417673524893 -0.0070738494254966484 -0.0025290279014517905 -0.00065338196079382956 -6.1783130425636817e-05 -0.00039489505726284175 -0.0012479794414098331 -0.0027271344968949761 -0.00091192934600006423 -0.00020688340783031617 0.00026762841984041667 0.0011342649250308829 -0.00023416522731326136 -0.0010995856540604626 -0.0018593134722067637 0.00042656824253394887 -0.0016134679201535768 -4.2110776906826885e-05 0.00059145393429065919 -0.0060993670142002188
leaf_weight=5503 20 1143 29 550 484 16935 197 36970 22 308 854 832 317 1111 3187 3800 1092 5998 28 1308 716 22 87 59 26 4835 976 319 20 40 6943 561 392 721 836 249 39 63 22 46 28 109 36 21 325 1719 3597 1292 166 389 493 974 2368 491 7349 1164 773 24638 122 694 80 37
leaf_count=5503 20 1143 29 550 484 16935 197 36970 22 308 854 832 317 1111 3187 3800 1092 5998 28 1308 716 22 87 59 26 4835 976 319 20 40 6943 561 392 721 836 249 39 63 22 46 28 109 36 21 325 1719 3597 1292 166 389 493 974 2368 491 7349 1164 773 24638 122 694 80 37
internal_value=-6.53582e-07 -0.00040042 0.00015487 -0.000515123 -0.00045472 -0.000422447 -0.000740043 6.13199e-05 -0.00208879 -0.00160831 -0.000261599 -0.000309491 -0.00149034 -0.00023402 -0.000559499 -0.000387717 0.000138114 -2.48909e-05 -0.00404701 -0.00122643 6.39544e-05 -5.19702e-05 -0.00332482 -0.00230759 -0.00630372 0.000195997 -0.000653332 -0.00102257 -0.00118765 -0.00019998 -0.000143644 -0.000546396 -0.00089584 -0.00161563 -0.000452061 -0.000902773 -0.0024342 -0.0038625 -5.99667e-05 -0.000677452 -0.00197977 -0.00279153 -0.00640144 -0.000492158 -0.00165365 -5.18235e-05 -0.000254034 -0.000592787 -0.00193238 -0.00190253 -0.00108895 -0.000158756 -0.000217095 0.000274971 -0.000111364 -0.000695268 -0.00156644 0.00037437 0.000173768 -0.000439551 -0.00157221 -0.00269196
internal_weight=144525 40487 104038 32476 30780 30187 10138 72964 593 1696 20049 19195 1149 18046 8779 6987 56406 19436 222 1792 8011 6868 194 146 48 4857 2011 1295 1388 16558 14820 2539 1978 750 1228 371 122 83 12281 1738 213 173 64 1525 838 12259 5316 1479 187 1359 513 13438 11855 1583 9717 2138 970 31074 6436 933 239 159
internal_count=144525 40487 104038 32476 30780 30187 10138 72964 593 1696 20049 19195 1149 18046 8779 6987 56406 19436 222 1792 8011 6868 194 146 48 4857 2011 1295 1388 16558 14820 2539 1978 750 1228 371 122 83 12281 1738 213 173 64 1525 838 12259 5316 1479 187 1359 513 13438 11855 1583 9717 2138 970 31074 6436 933 239 159
is_linear=0
shrinkage=0.05


Tree=33
num_leaves=63
num_cat=0
split_feature=12 0 0 12 24 24 21 13 0 0 13 2 22 3 0 0 21 0 0 0 21 13 12 24 12 0 0 14 13 14 14 0 21 19 21 12 12 0 13 24 12 8 0 12 16 14 1 13 24 14 14 22 16 22 13 12 2 22 14 12 13 12
split_gain=3.24505 0.779613 0.771083 0.770511 0.695839 0.582641 1.02991 0.52876 0.528342 0.773434 0.474717 0.423931 0.517477 0.594399 0.370552 0.40713 0.329029 0.329273 0.680581 0.319314 0.368332 0.292589 0.285273 0.309191 0.255918 0.236279 0.370516 0.222521 0.20456 0.191838 0.183417 0.179199 0.269489 0.176913 0.166402 0.164072 0.16162 0.300358 0.246681 0.417623 0.861837 0.302514 0.217604 0.188963 0.182423 0.192426 0.155109 0.284842 0.147041 0.145493 0.1438 0.142541 0.127921 0.127754 0.12132 0.177915 0.337223 0.506298 0.77265 0.425813 0.416411 0.296008
threshold=1471.5000000000002 1127.5000000000002 1121.5000000000002 1159.5000000000002 1.1459335684776308 1.0324271321296694 0.75000000000000011 1.406493050328667 326.50000000000006 320.50000000000006 1241.1937533749906 6.5000000000000009 0.45000000298023229 2.5000000000000004 46.500000000000007 276.50000000000006 8.3214282989501971 1109.5000000000002 1092.5000000000002 1073.5000000000002 0.96428570151329052 2.2279136167210516 1468.5000000000002 12.845339298248293 1473.5000000000002 1167.5000000000002 1238.5000000000002 0.3521927016645327 10.962830103027674 11.276228906823187 0.27806414662084772 1217.5000000000002 148.46428680419925 3.5000000000000004 14.392857074737551 1473.5000000000002 1444.0000000000002 1699.5000000000002 0.72632661901667761 1.2055270075798037 1464.5000000000002 -0.8783796973249266 903.50000000000011 1461.5000000000002 14.500000000000002 0.79469617140850024 2024.5000000000002 0.026721807579183601 1.5154834389686587 0.42933947772657455 2.5519814719505924 215.03333282470706 2.5000000000000004 667.10000610351574 0.17328655817043084 787.50000000000011 10.500000000000002 0.28333334624767309 0.08941897654584223 980.50000000000011 0.03054212465602214 1032.5000000000002
decision_type=2 2 2 2 2 2 2 2 2 2 2 2 2 2 2 2 2 2 2 2 2 2 2 2 2 2 2 2 2 2 2 2 2 2 2 2 2 2 2 2 2 2 2 2 2 2 2 2 2 2 2 2 2 2 2 2 2 2 2 2 2 2
left_child=3 2 4 54 5 11 -7 36 9 14 35 27 -13 -14 24 -16 19 18 -18 21 -21 -10 -9 29 -6 -3 31 30 -28 33 -2 -27 -33 -24 -35 -4 44 38 39 41 -41 -38 -40 -44 45 46 -5 -48 -39 -29 52 -37 -47 -11 55 -1 61 59 -59 -58 -61 -57
right_child=1 25 10 7 8 6 -8 22 16 53 -12 12 13 -15 15 -17 17 -19 -20 20 -22 -23 23 -25 -26 26 28 49 -30 -31 -32 32 -34 34 -36 51 37 48 42 40 -42 -43 43 -45 -46 50 47 -49 -50 -51 -52 -53 -54 -55 -56 56 57 58 -60 60 -62 -63
leaf_value=0.00032877341088295882 -0.00010893017023920536 0.0007265953212340704 -0.00044495223354345387 0.00020712908108514686 -0.0017048532703748697 0.00013814895490418263 -0.014036744454277618 0.00021274671718065488 0.0012655956362773539 -0.0014878119224868984 -0.0033125132090463163 0.00039723422646798239 -0.0092004821590146221 -0.0023316948709500196 5.8310217936875831e-05 -0.00070570309155961949 -0.00015670141455088508 0.00076675997398759478 -0.0014160632547433607 0.0021965962617829476 -0.0025046767011889931 -0.0008485221443771863 -0.00027370025982511654 9.9186946294283894e-05 -0.00049152573467686755 7.1895877137748034e-06 -0.0012362651605335446 0.0041930844526889633 0.00026086455298536814 0.00020035806096343727 -0.0063738173489789086 -0.00055235617971575871 -0.0022382559442339742 -0.00088606626011090604 -0.0048182892705499469 -0.0010703493428174473 0.002337174896257847 0.00086600797601346614 0.00011671358663355494 -0.007479275998100156 -0.0013393304626923255 -0.0010200667237580156 -0.0028548399020952211 -0.00065792137251030451 -0.0038102235381098971 0.00061784624599855737 -0.00367742980481316 -0.00024451631658815718 -0.00026724408150008183 -7.7613067254977565e-05 -0.003706580388990906 -0.0024625226695787852 -0.00045074029021391663 -0.0025908128100793851 0.00044868264976753724 -0.00041329143485570861 0.0011982066585793246 -0.00053415900694268219 -0.013690149739607058 -0.0072821297134157406 -0.0012451906128794583 0.00081060622261958397
leaf_weight=12071 25 1143 550 2124 992 23 27 36970 196 969 308 58 55 80 3181 3829 16506 851 1149 45 423 951 2741 14073 799 716 239 22 4618 1223 25 976 319 1371 28 540 73 500 1014 77 233 733 116 716 33 1534 61 8326 660 185 21 298 337 389 16532 1062 167 27 20 33 242 920
leaf_count=12071 25 1143 550 2124 992 23 27 36970 196 969 308 58 55 80 3181 3829 16506 851 1149 45 423 951 2741 14073 799 716 239 22 4618 1223 25 976 319 1371 28 540 73 500 1014 77 233 733 116 716 33 1534 61 8326 660 185 21 298 337 389 16532 1062 167 27 20 33 242 920
internal_value=-6.58861e-07 -0.000380486 -0.000489475 0.000147105 -0.000432055 -0.00228406 -0.00742923 5.82244e-05 -0.000401302 -0.000695515 -0.00152852 -0.00169974 -0.003473 -0.00517184 -0.00052333 -0.0003583 -0.000252503 -0.000192431 -0.000238952 -0.000937718 -0.00204158 -0.000482823 0.000131203 -2.36464e-05 -0.00116641 6.07214e-05 -4.9377e-05 -0.000347787 0.000186141 -0.0003469 -0.00334764 -0.000620672 -0.000971649 -0.000509775 -0.000968679 -0.00112884 -0.000190081 -0.000461744 -0.000729225 -0.00131782 -0.00288246 -0.000709544 -0.000370633 -0.000970538 -9.96317e-05 -8.93253e-05 -0.000173207 -0.000270124 0.000216949 0.00035394 0.000374021 -0.00157162 0.000422689 -0.00180762 0.000355643 0.000249525 -0.000135585 -0.00131246 -0.00625579 -0.000774211 -0.00199018 0.000152304
internal_weight=144525 40487 32476 104038 30780 500 50 72964 30280 10159 1696 450 193 135 8801 7010 20121 18506 17655 1615 468 1147 56406 19436 1791 8011 6868 257 4857 5363 50 2011 1295 4140 1399 1388 16558 4122 2962 1116 310 806 1846 832 12436 12403 10511 8387 1160 207 1892 838 1871 1358 31074 14542 2471 489 47 442 275 1982
internal_count=144525 40487 32476 104038 30780 500 50 72964 30280 10159 1696 450 193 135 8801 7010 20121 18506 17655 1615 468 1147 56406 19436 1791 8011 6868 257 4857 5363 50 2011 1295 4140 1399 1388 16558 4122 2962 1116 310 806 1846 832 12436 12403 10511 8387 1160 207 1892 838 1871 1358 31074 14542 2471 489 47 442 275 1982
is_linear=0
shrinkage=0.05


Tree=34
num_leaves=63
num_cat=0
split_feature=12 12 0 25 0 22 12 0 0 14 25 21 20 22 0 0 14 0 0 0 0 12 25 14 22 25 24 14 25 24 19 14 0 0 14 0 3 0 0 12 25 0 21 22 25 20 25 0 0 0 12 0 0 21 22 22 0 12 25 0 10 14
split_gain=2.92995 0.610059 0.592657 0.526595 0.489631 0.824908 0.754373 0.613022 0.702145 0.674525 0.525608 0.383263 0.562445 0.502716 0.38157 1.23686 0.855523 0.848527 0.31862 0.268419 0.223651 0.212334 0.219317 0.21065 0.644947 0.306094 0.186929 0.182914 0.177618 0.20341 0.351481 0.167149 0.164845 0.17875 0.161987 0.323443 0.275562 0.191452 1.21756 0.187079 0.185294 0.195733 0.180306 0.176616 0.234038 0.277369 0.152686 0.143069 0.341781 0.260241 0.140413 0.144226 0.156883 0.13941 0.124279 0.136436 0.162044 0.119748 0.141237 0.135941 0.123911 0.304255
threshold=1470.5000000000002 1159.5000000000002 1137.5000000000002 3.6762675046920781 1092.5000000000002 667.10000610351574 1473.5000000000002 1084.5000000000002 1063.5000000000002 249.7119593881857 1.1609040498733523 1.2500000000000002 1.0714285969734194 0.94999998807907116 869.50000000000011 848.50000000000011 309.43501589825127 455.50000000000006 1167.5000000000002 897.50000000000011 1305.5000000000002 1425.5000000000002 26.24662017822266 0.63943957300800625 0.84999999403953563 1.3088974952697756 4.2325918674469003 6.9602631578947376 4.2435889244079599 8.7412438392639178 1.5000000000000002 12.324133993148079 1333.5000000000002 1362.5000000000002 0.11853256021409457 2066.0000000000005 2.5000000000000004 1742.5000000000002 1729.5000000000002 1406.5000000000002 0.32543723285198217 297.50000000000006 0.25000000745058065 0.15000000596046451 0.51412335038185131 1.0000000180025095e-35 430.37222290039068 523.50000000000011 238.50000000000003 331.50000000000006 1426.5000000000002 1362.5000000000002 266.50000000000006 0.10714286193251611 0.18333333730697635 0.28333334624767309 2111.5000000000005 1193.5000000000002 1.0000000180025095e-35 709.00000000000011 0.93301270189221952 0.29051012753188304
decision_type=2 2 2 2 2 2 2 2 2 2 2 2 2 2 2 2 2 2 2 2 2 2 2 2 2 2 2 2 2 2 2 2 2 2 2 2 2 2 2 2 2 2 2 2 2 2 2 2 2 2 2 2 2 2 2 2 2 2 2 2 2 2
left_child=1 -1 4 34 7 10 -7 8 14 31 11 12 13 -6 15 17 -17 -2 -4 27 -20 -5 50 24 -12 -25 -21 -16 -10 30 -30 -9 -22 -34 35 36 40 38 -38 57 41 -3 -42 -41 45 -45 -27 48 -24 -50 -23 52 -52 -46 -37 56 -56 60 59 -59 -36 -62
right_child=2 3 18 21 5 6 -8 9 28 -11 23 -13 -14 -15 19 16 -18 -19 20 26 32 22 47 25 -26 46 -28 -29 29 -31 -32 -33 33 -35 39 54 37 -39 -40 43 42 -43 -44 44 53 -47 -48 -49 49 -51 51 -53 -54 -55 55 -57 -58 58 -60 -61 61 -63
leaf_value=0.00033784125186978883 -0.0004847664060260159 -0.0036716291564999771 0.0010020733695563515 0.00039541451119864821 -0.0023481606673397219 0.0015039168512940293 -0.0031858465405670069 0.00049472020374522862 9.6299341343599363e-05 -0.00047812474750162805 0.0014612435811876855 -0.009483777647793859 0.0034924100073944787 -0.010410562009667551 -0.00048502350337529534 -0.00093495057334073745 -0.0031241336819082658 0.00020716866456646605 -0.00031720480174297894 -0.0019493401365270836 0.0006302865368981083 -0.001725338022729974 0.00048991980751454667 0.0050430451595851501 -0.0089600431855463066 -0.00055618424571080916 -2.7208862109032641e-05 0.0013959569894678274 -0.0015293669767345733 -0.0011656281539384841 -0.0046857882717359989 0.0022775022909903727 -0.0011666976676552765 0.00012659050183790309 -0.0002577387752596446 0.0011207285272136771 -0.0014263996417186117 -0.0001545910696962281 -0.013365711649348834 0.0005678638858080615 -0.0014314751213046605 0.00095295280894122181 0.00050561997160817609 -0.0071275173161906751 -0.0012153190325188078 -0.0011578330879886745 0.00075372512763344527 0.00034323197391358546 -0.00088580822793558509 4.8074202724963079e-05 0.00026221225294051944 0.00031986049558460649 -0.00010338459606425339 -0.0002333678596064079 0.0016672431866070665 0.0013646625390744465 -0.0028757495064035401 -0.0055121632135329557 0.00019459969165976397 -0.00061881464642871262 -0.0055962529660998333 0.00079471163366764703
leaf_weight=31074 18286 24 795 7864 143 99 580 189 93 614 30 21 34 23 164 1614 623 5836 3887 131 1498 116 2354 25 28 3815 3808 553 201 289 167 500 306 2087 935 348 765 249 22 609 362 357 175 26 382 89 233 11801 1200 1947 3606 3366 15677 7848 25 56 75 20 6350 59 37 35
leaf_count=31074 18286 24 795 7864 143 99 580 189 93 614 30 21 34 23 164 1614 623 5836 3887 131 1498 116 2354 25 28 3815 3808 553 201 289 167 500 306 2087 935 348 765 249 22 609 362 357 175 26 382 89 233 11801 1200 1947 3606 3366 15677 7848 25 56 75 20 6350 59 37 35
internal_value=-6.60256e-07 0.000154783 -0.000326672 6.95265e-05 -0.000411204 -0.000871382 -0.00249458 -0.000341039 -0.000384743 0.000720523 -0.00061693 -0.00299648 -0.00228593 -0.00350094 -0.000347987 -0.000421721 -0.00154698 -0.000317154 4.84136e-05 6.83703e-05 -4.843e-05 0.000157625 0.000110828 -0.000488349 -0.00349043 -0.000444287 -9.24507e-05 0.000958739 -0.00189784 -0.00218769 -0.00297623 0.00179586 0.000218785 -3.67386e-05 -0.000154244 -0.000533199 -0.000825556 -0.00138522 -0.00176816 -9.71043e-05 -0.000188422 0.000647634 -0.00079092 -0.000251189 -0.000311567 -0.00255596 -0.000479535 0.000245021 3.34237e-05 -0.000306458 8.61686e-06 1.77259e-05 -3.47562e-05 -0.000279567 0.000590284 -0.000560944 -0.00168952 8.77641e-05 0.000167731 -0.00192625 -0.000417772 -0.00242339
internal_weight=144525 97853 46672 66779 38099 5031 679 33068 31765 1303 4352 221 200 166 31015 26359 2237 24122 8573 4656 7778 47931 40067 4131 58 4073 3939 717 750 657 368 689 3891 2393 18848 2458 1954 1036 787 16390 918 381 537 8954 8345 115 4048 17302 5501 3147 22765 22649 19283 8230 504 156 100 7436 6429 79 1007 72
internal_count=144525 97853 46672 66779 38099 5031 679 33068 31765 1303 4352 221 200 166 31015 26359 2237 24122 8573 4656 7778 47931 40067 4131 58 4073 3939 717 750 657 368 689 3891 2393 18848 2458 1954 1036 787 16390 918 381 537 8954 8345 115 4048 17302 5501 3147 22765 22649 19283 8230 504 156 100 7436 6429 79 1007 72
is_linear=0
shrinkage=0.05


Tree=35
num_leaves=63
num_cat=0
split_feature=12 12 13 13 17 12 14 21 18 3 21 17 15 16 12 13 13 13 22 22 17 17 18 8 12 14 3 23 11 5 12 13 16 5 23 2 22 13 15 14 13 2 16 15 23 3 14 8 16 23 23 13 17 13 13 8 13 12 22 14 8 2
split_gain=2.67412 0.62257 0.537602 0.440482 0.375938 0.305159 0.522326 0.329273 0.633463 0.523856 0.400155 0.318032 0.286704 0.236411 0.231686 0.256835 0.227231 0.209782 0.191474 0.323983 0.159005 0.223377 0.155267 0.146378 0.146333 0.158612 0.251606 0.210574 0.188277 0.319683 0.226864 0.161908 0.149789 0.172005 0.145692 0.241616 0.197158 0.269147 0.822722 0.195782 0.212406 0.160365 0.136677 0.133063 0.130721 0.171108 0.128553 0.123456 0.199838 0.118308 0.118059 0.143958 0.117388 0.237385 0.164008 0.15857 0.110296 0.138213 0.150778 0.2215 0.254772 0.205293
threshold=1471.5000000000002 1159.5000000000002 6.0007451564828624 1.406493050328667 21.500000000000004 1747.5000000000002 0.87119815668202782 0.96428570151329052 1.0000000180025095e-35 2.5000000000000004 1.1071428656578066 1.5000000000000002 24.500000000000004 24.500000000000004 1468.5000000000002 33.630190872809308 1528.6715882853325 1313.683155277834 0.61666667461395275 0.88333332538604747 21.500000000000004 25.500000000000004 31.500000000000004 1.0000000180025095e-35 1466.5000000000002 0.12637628554143984 2.5000000000000004 1.1232953071594241 -0.5 1.0000000180025095e-35 1444.0000000000002 0.1651269468743333 1.0000000180025095e-35 1.0000000180025095e-35 0.55593636631965648 2.5000000000000004 0.51666668057441723 0.48577212261422792 1.0000000180025095e-35 0.47478813559322036 0.46198442103383636 1.5000000000000002 17.500000000000004 1.5000000000000002 2.3754646778106694 3.5000000000000004 15.328884986830555 0.87837969732492682 1.5000000000000002 18.280877113342289 104.53400039672853 9.1755234140554141 3.5000000000000004 8.4928903564930263 28.08976049219952 0.87837969732492682 0.05543928932632234 744.50000000000011 0.050000002607703216 0.014389233954451347 0.87837969732492682 6.5000000000000009
decision_type=2 2 2 2 2 2 2 2 2 2 2 2 2 2 2 2 2 2 2 2 2 2 2 2 2 2 2 2 2 2 2 2 2 2 2 2 2 2 2 2 2 2 2 2 2 2 2 2 2 2 2 2 2 2 2 2 2 2 2 2 2 2
left_child=1 56 5 24 50 6 7 8 9 -2 -9 34 46 -14 -5 52 17 22 -8 -20 49 -22 -15 -10 25 26 27 -3 29 -28 -30 -29 33 -26 35 -7 41 38 -38 40 -37 -36 -27 -35 47 -46 -6 -34 -49 -21 51 -4 -16 55 -55 -54 57 -1 59 61 -61 -59
right_child=2 3 4 14 12 11 18 10 23 -11 -12 -13 13 16 15 -17 -18 -19 19 20 21 -23 -24 -25 32 42 28 31 30 -31 -32 -33 44 43 36 39 37 -39 -40 -41 -42 -43 -44 -45 45 -47 -48 48 -50 -51 -52 -53 53 54 -56 -57 -58 58 -60 60 -62 -63
leaf_value=0.00023140432759952232 -0.011751792086409285 0.00023978381627368279 0.00069754884593051898 0.00019369136158055509 -0.001154650898521652 0.0014064861611150967 -0.0058440176553812354 -0.011835230472850136 -0.00066474999502762081 -0.0018869274809254833 -0.0033679587411320194 0.0014265721023980318 -0.0001194942003072028 -0.00026878240934255715 -8.6494210803540394e-06 0.00025243479623785723 0.00013391731397074681 -0.0015792378533345608 0.0048459064977412871 -0.0009428000918808876 -0.0062803922196811388 -0.00054505980784460065 -0.00066642507644857263 0.004429452012680783 -0.00080218880110021276 -3.9380462159129338e-05 -0.0020189605738319015 -0.00066419044140600359 -0.00020611433497493443 0.0017901201173043291 -0.0040851078175026872 -0.005205330471253663 0.00090968683989987767 -0.0052560202893510728 -0.0022340777840010179 -0.0019324862570674331 0.0024751705613302354 -0.00036168446001658095 -0.011349876460985901 -0.00063765433042209645 -0.0076905417667325077 0.0024154905105763943 -0.0039776908857452921 -8.9219796925924381e-05 0.00035017926008265175 -0.0022288923657783001 -3.3874728761441684e-05 0.00141662835231542 -0.0054104335429544133 -0.0048624739358410123 0.00014752739664215949 -0.00023852824253134993 -0.00066879919304660689 1.3630909373711468e-05 -0.00078817347317026846 -0.0023435433223133453 0.0003692131386706601 -0.00077751177306620322 0.00028612197200381795 0.00015906519954093085 -0.0040091179678366133 -0.0044641480474830793
leaf_weight=5503 23 1101 435 36970 269 36 21 25 29 36 37 229 3598 3171 7492 5998 1064 553 23 1975 35 37 11634 25 1043 12259 530 62 715 60 40 31 341 40 22 35 20 302 22 49 35 93 22 21 130 122 5496 20 21 20 4413 6725 1323 3693 768 162 24638 84 408 325 41 75
leaf_count=5503 23 1101 435 36970 269 36 21 25 29 36 37 229 3598 3171 7492 5998 1064 553 23 1975 35 37 11634 25 1043 12259 530 62 715 60 40 31 341 40 22 35 20 302 22 49 35 93 22 21 130 122 5496 20 21 20 4413 6725 1323 3693 768 162 24638 84 408 325 41 75
internal_value=-6.40072e-07 0.000133494 -0.000345442 5.35913e-05 -0.00029252 -0.00097567 -0.00127582 -0.00391071 -0.00223474 -0.00583053 -0.00687626 -0.00015575 -0.000398812 -0.000488335 0.000120205 -1.932e-05 -0.000568841 -0.000617854 -0.00105485 -0.00100406 -0.0010718 -0.00340726 -0.000581596 0.00160508 -0.00017303 -0.000121703 -0.000481657 4.26212e-05 -0.000950762 -0.00162289 -0.000418759 -0.00223557 -0.000607786 -0.000959525 -0.000754177 -0.00208448 -0.000293699 -0.000901907 -0.00465751 -0.00318285 -0.0048897 0.0014814 -4.6875e-05 -0.00356218 0 -0.000878974 -8.70575e-05 0.000587826 -0.00196316 -0.000984843 -5.52635e-05 -0.00018095 -0.00014099 -0.000306896 -0.0001233 -0.000855011 0.000320949 0.000135408 -0.000425402 -0.000987829 -0.000295172 -0.00254963
internal_weight=144525 104038 40487 72964 37358 3129 2286 175 113 59 62 843 25785 20020 56406 19436 16422 15358 2111 2090 2067 72 14805 54 16558 14820 2539 1194 1345 590 755 93 1738 1104 614 155 459 344 42 119 70 115 12281 61 634 252 5765 382 41 1995 11573 7160 13438 5946 4461 1485 31074 6436 933 525 366 159
internal_count=144525 104038 40487 72964 37358 3129 2286 175 113 59 62 843 25785 20020 56406 19436 16422 15358 2111 2090 2067 72 14805 54 16558 14820 2539 1194 1345 590 755 93 1738 1104 614 155 459 344 42 119 70 115 12281 61 634 252 5765 382 41 1995 11573 7160 13438 5946 4461 1485 31074 6436 933 525 366 159
is_linear=0
shrinkage=0.05


Tree=36
num_leaves=63
num_cat=0
split_feature=12 0 0 24 12 24 21 0 0 24 2 22 13 0 0 0 0 0 20 3 12 13 12 14 24 14 0 22 18 13 24 13 12 24 24 20 13 13 0 20 3 22 12 0 12 14 22 21 12 17 2 12 14 12 13 0 14 0 22 13 14 2
split_gain=2.4141 0.644664 0.653675 0.570912 0.561984 0.511436 0.896319 0.463263 0.697489 0.412129 0.370944 0.463008 0.362805 0.328203 0.365082 0.296464 0.529814 0.53484 0.274267 0.239007 0.232412 0.224836 0.343299 0.213368 0.210733 0.208806 0.200759 0.270796 0.226135 0.200174 0.376695 0.358419 0.193664 0.382165 0.182965 0.208438 0.187843 0.182382 0.352349 0.175285 0.160614 0.338227 0.146874 0.386499 0.146345 0.129896 0.127143 0.123146 0.121513 0.120216 0.138812 0.116459 0.11384 0.111068 0.137601 0.171866 0.131159 0.120472 0.173317 0.107997 0.232961 0.171199
threshold=1471.5000000000002 1127.5000000000002 1121.5000000000002 1.1459335684776308 1159.5000000000002 1.0324271321296694 0.75000000000000011 326.50000000000006 320.50000000000006 20.312125205993656 6.5000000000000009 0.88333332538604747 1241.1937533749906 46.500000000000007 276.50000000000006 411.50000000000006 455.50000000000006 848.50000000000011 234.21428680419925 2.5000000000000004 1473.5000000000002 0.53867423167169137 1465.5000000000002 0.3521927016645327 338.26847839355474 15.801315789473685 2043.5000000000002 1.0833333730697634 1.0000000180025095e-35 0.12882395757512741 0.82708111405372631 0.11421117604490365 1444.0000000000002 1.9079059958457949 1.2731301784515383 0.21428572386503222 18.157612791341695 397.01947800983203 1238.5000000000002 0.21428572386503222 2.5000000000000004 0.31666667759418493 1472.5000000000002 331.50000000000006 1473.5000000000002 0.42933947772657455 205.01667022705081 29.892857551574711 1432.5000000000002 938.50000000000011 2.5000000000000004 1466.5000000000002 31.171463815789476 1420.5000000000002 1.9518080787228189 60.500000000000007 0.83087757313109434 1850.5000000000002 0.58333334326744091 1.9518080787228189 1.9453300124533004 8.5000000000000018
decision_type=2 2 2 2 2 2 2 2 2 2 2 2 2 2 2 2 2 2 2 2 2 2 2 2 2 2 2 2 2 2 2 2 2 2 2 2 2 2 2 2 2 2 2 2 2 2 2 2 2 2 2 2 2 2 2 2 2 2 2 2 2 2
left_child=4 2 3 5 -1 10 -7 8 13 21 23 19 44 20 -15 42 18 -18 -17 -12 -5 26 53 39 37 34 29 40 -29 30 31 -6 48 -34 35 -24 -36 59 -39 -2 41 -28 43 -9 -4 -25 47 -46 -31 50 -10 -11 -44 57 56 -56 -55 -23 -59 60 61 -3
right_child=1 24 12 7 9 6 -8 15 49 51 11 -13 -14 14 -16 16 17 -19 -20 -21 -22 22 25 45 -26 -27 27 28 -30 32 -32 -33 33 -35 36 -37 -38 38 -40 -41 -42 -43 52 -45 46 -47 -48 -49 -50 -51 -52 -53 -54 54 55 -57 -58 58 -60 -61 -62 -63
leaf_value=0.00030490046254349183 -0.0062589347702586302 -0.0014255611548664717 -0.00038757253101105266 -0.0015767333230298367 -0.00067891113560584289 0.00017302954545268763 -0.013037881813256064 -0.0017807043151250907 -0.00022770642102787065 0.00036673397631580831 -0.0041178167729164468 -0.0084953848622149383 -0.0029451383973318561 9.1289436432317518e-05 -0.00063226664679328466 -0.0014147617160910708 0.00024823495081394994 -0.00037840316121445772 -0.00030620539160056961 -0.0001609810982990142 -0.00042043856235874386 0.0003181895867088836 -0.00080703131744914644 0.0040720331335094718 0.0005531722771738532 0.00026769645359937724 0.00063432128886498898 -0.0072084375652927083 0 -0.00017514190155775184 0.0015791124399163496 -0.0025608331268276822 -0.00066831694492820845 -0.0051112205896828257 -0.00028246190032326474 0.00084515890304385588 -0.002924311377768639 -0.0020789160415502902 0.00012122157531116107 -0.00013148355301312558 0.00075157687447749996 -0.0015180838207083205 -0.0029505263584206909 0.00043295168803305224 -0.0048294493911176248 0 -0.0022371870983599763 -0.00077579746987413846 0.0010121852654875628 -0.0025842714595611001 -0.0017004803911502176 0.00013770846544965444 0.00070814714892343457 0.00035658448822111139 -0.0011244649112757263 0.00016153850870570475 -0.00045717504405942759 -0.002140452304679334 -2.0531326438326908e-05 7.5605310246804706e-05 -0.0062786545380903629 0.0025763621942967701
leaf_weight=31074 24 117 550 992 1234 23 27 266 207 8504 72 34 308 3181 3829 1422 5085 10267 940 87 799 9438 256 22 1779 2349 458 22 22 5066 145 323 622 53 11909 727 68 312 427 26 973 302 21 757 20 185 325 493 224 299 852 16330 1363 636 266 9757 2154 107 1019 5322 20 34
leaf_count=31074 24 117 550 992 1234 23 27 266 207 8504 72 34 308 3181 3829 1422 5085 10267 940 87 799 9438 256 22 1779 2349 458 22 22 5066 145 323 622 53 11909 727 68 312 427 26 973 302 21 757 20 185 325 493 224 299 852 16330 1363 636 266 9757 2154 107 1019 5322 20 34
internal_value=-6.45954e-07 -0.000328258 -0.000427372 -0.000374491 0.000126798 -0.00205213 -0.00687285 -0.000346617 -0.000622098 5.08789e-05 -0.00150397 -0.00316214 -0.00138407 -0.000458563 -0.000303221 -0.000207277 -0.000278174 -0.000170518 -0.00097574 -0.00198564 -0.00106373 -3.43902e-05 1.88842e-05 -0.000238547 7.29228e-05 -0.000165022 -0.000253148 0.000223951 -0.00363597 -0.00036438 -0.000843734 -0.00107267 -0.000226756 -0.00102528 -0.000243839 0.000409759 -0.000297903 -6.33747e-05 -0.00080105 -0.00317908 0.000325041 -0.000214486 0.000312393 -0.000137873 -0.00103388 0.000448777 -0.00145201 -0.00094449 -0.000123902 -0.00167815 -0.00141737 0.000216337 0.000648811 0.000139534 4.01113e-05 0.0001269 -0.000269875 0.000259647 -0.000226593 3.49709e-05 -0.00119977 -0.000490266
internal_weight=144525 40487 32476 30780 104038 500 50 30280 10159 72964 450 193 1696 8801 7010 20121 17714 15352 2362 159 1791 48130 38686 257 8011 15309 9444 1777 44 7667 1702 1557 5965 675 12960 983 11977 6232 739 50 1733 760 2407 1023 1388 207 838 513 5290 1358 1059 24834 1384 23377 12813 10023 2790 10564 1126 5493 171 151
internal_count=144525 40487 32476 30780 104038 500 50 30280 10159 72964 450 193 1696 8801 7010 20121 17714 15352 2362 159 1791 48130 38686 257 8011 15309 9444 1777 44 7667 1702 1557 5965 675 12960 983 11977 6232 739 50 1733 760 2407 1023 1388 207 838 513 5290 1358 1059 24834 1384 23377 12813 10023 2790 10564 1126 5493 171 151
is_linear=0
shrinkage=0.05


Tree=37
num_leaves=63
num_cat=0
split_feature=12 12 13 25 19 12 14 21 18 25 3 16 14 12 23 13 20 25 15 12 13 25 12 22 22 18 20 21 14 25 3 3 14 13 13 25 23 18 20 18 21 8 25 13 3 25 15 22 22 11 25 25 13 13 14 23 19 22 16 14 13 12
split_gain=2.17955 0.507233 0.458593 0.392203 0.345227 0.276119 0.449755 0.291018 0.569066 0.486025 0.462392 0.27153 0.254803 0.183333 0.263084 0.204768 0.400827 0.18042 0.204037 0.176079 0.181123 0.175164 0.173457 0.16965 0.294771 0.169252 0.164907 0.290076 0.156872 0.300738 0.152892 0.149017 0.261446 0.148247 0.140153 0.153084 0.138504 0.24678 0.163635 0.158186 0.180019 0.132759 0.125769 0.124868 0.122778 0.151783 0.129675 0.122186 0.120592 0.117294 0.292228 0.332296 0.21735 0.116501 0.152792 0.184151 0.116264 0.111086 0.10499 0.103921 0.103732 0.154104
threshold=1471.5000000000002 1159.5000000000002 6.0007451564828624 7.9771583080291757 26.500000000000004 1747.5000000000002 0.87119815668202782 0.96428570151329052 1.0000000180025095e-35 1.1308105587959292 2.5000000000000004 24.500000000000004 0.66838487972508598 1468.5000000000002 2.8990706205368046 0.32389916115969125 2.0714285373687749 1187.6896972656252 24.500000000000004 1465.5000000000002 32.090363027915451 56.791410446166999 1301.5000000000002 0.61666667461395275 0.88333332538604747 43.500000000000007 1.7857142686843874 1.6071428656578066 0.20106382978723406 1.4029927849769595 4.5000000000000009 5.5000000000000009 0.10760959470636892 326.68300764977664 28.912843643925267 27.424693107604984 7.0845227241516122 12.500000000000002 6.357142686843873 11.500000000000002 5.9642856121063241 1.0000000180025095e-35 159.25228118896487 13.376151879191395 1.5000000000000002 5.4319193363189706 25.500000000000004 38.016666412353523 6.3166668415069589 1.0000000180025095e-35 0.74817627668380748 0.88441157341003429 0.38523932321132548 9.1755234140554141 7.1913329161451829 11.6445369720459 370.50000000000006 2.4166667461395268 2.5000000000000004 99.458004122294753 0.17328655817043084 787.50000000000011
decision_type=2 2 2 2 2 2 2 2 2 2 2 2 2 2 2 2 2 2 2 2 2 2 2 2 2 2 2 2 2 2 2 2 2 2 2 2 2 2 2 2 2 2 2 2 2 2 2 2 2 2 2 2 2 2 2 2 2 2 2 2 2 2
left_child=1 60 5 13 21 6 7 8 10 -9 -2 56 30 15 -15 16 31 18 43 57 34 53 -17 -8 -25 33 -14 -28 29 -24 49 58 -33 -20 35 48 37 38 -16 -38 -41 -10 -27 -13 45 -26 -46 -23 -21 50 -7 -52 -51 -4 55 -55 -6 -5 -3 -56 61 -1
right_child=2 3 4 19 11 12 23 9 41 -11 -12 17 26 14 36 22 -18 -19 25 20 -22 47 28 24 44 42 27 -29 -30 -31 -32 32 -34 -35 -36 -37 39 -39 -40 40 -42 -43 -44 -45 46 -47 -48 -49 -50 52 51 -53 -54 54 59 -57 -58 -59 -60 -61 -62 -63
leaf_value=0.00026534880357418847 -0.011021274834613265 -0.00020141764492990442 0.00051683430914805815 -0.0028507973017747714 -0.00020830279523476365 0.0014062523024337844 -0.0054841118268845199 -0.0028331858036286955 -0.00056234307049475997 -0.012232196855145101 -0.0017416207063066002 -0.0039812182850906212 0.0017130997130306255 8.4493205088960021e-05 -0.0011424047218083439 0.00034468671074149178 -0.0071748807637894889 0.00024603733396995114 -0.0004896024738176378 0.0002542167919649811 0.00023582761182571488 0.00139303249442724 0 0.0046531161430465196 -0.0029519317437597501 -0.00090248543232125276 -0.0059808228313181534 0.0003714714087385988 -2.9287929119135913e-05 -0.0073985709398278685 0.0006708212126604686 -0.0023020779571140035 -0.00037874904416016012 0.00019610815459460606 -0.00050191390993217127 0.00025488699011301898 8.926358265958394e-05 0.0010004750977055325 -0.0029324853012441328 -0.0062343135332831971 -1.2536447066846842e-05 0.0042786380728758655 -0.0005455164718430372 -0.00011464449140997727 -0.00068614254701697148 -0.0010777495946503676 -0.0039861349748309778 0.00010851859409561742 -0.00016273784128705389 -0.0050691261181334182 -0.0071333065345847982 -0.0017905929145660808 0.00040413212820972308 -0.00064331205752563784 -0.00025514881064613119 -0.0053369227817192041 0.00027459155010235589 0.00028012807976079116 0.0010966629375271045 -0.0030817012307501404 0.00037565121984171494 -0.00016695880657670607
leaf_weight=12071 23 5711 453 28 4439 40 21 39 29 23 36 21 220 1243 925 3612 21 873 2291 2119 10025 192 39 23 161 3590 20 163 15667 21 106 232 781 1189 1446 4626 478 116 154 22 28 25 8443 3491 1499 376 31 5898 9398 21 42 108 123 65 4620 33 1727 16113 159 33 16532 2471
leaf_count=12071 23 5711 453 28 4439 40 21 39 29 23 36 21 220 1243 925 3612 21 873 2291 2119 10025 192 39 23 161 3590 20 163 15667 21 106 232 781 1189 1446 4626 478 116 154 22 28 25 8443 3491 1499 376 31 5898 9398 21 42 108 123 65 4620 33 1727 16113 159 33 16532 2471
internal_value=-6.43338e-07 0.00012045 -0.000311935 4.83192e-05 -0.000263043 -0.000894047 -0.0011795 -0.00362522 -0.00204628 -0.00641451 -0.00545624 -0.000363115 -0.000113978 -9.34589e-05 -0.000466269 -5.11316e-05 -0.000284958 -0.000452999 -0.00048534 0.000143079 6.61544e-05 -3.16551e-05 3.20868e-05 -0.000974227 -0.00092626 -0.000563356 0.000787461 -0.000298348 -3.93915e-05 -0.00258996 -0.000950966 -0.000263107 -0.000824354 -0.000253882 -3.02688e-05 1.16717e-05 -0.000866481 -0.00116524 -0.00140278 -0.000180749 -0.0028569 0.0015902 -0.000652439 -0.000139301 -0.000990984 -0.00164941 -0.000756529 0.000149859 -8.55871e-05 -0.00148068 -0.00230134 -0.00332362 -0.000362317 -0.000245032 -0.000318737 -0.00227861 -7.22385e-05 0.000274369 -0.000165387 -0.000276336 0.000289655 0.000191546
internal_weight=144525 104038 40487 72964 37358 3129 2286 175 113 62 59 26064 843 29209 2966 26243 6904 19898 19025 43755 27614 11294 19339 2111 2090 15513 403 183 15727 60 440 6883 1013 3480 17589 16143 1723 1195 1079 528 50 54 12033 3512 2067 537 1530 6090 11517 334 190 150 144 5204 4751 98 6166 16141 5870 4653 31074 14542
internal_count=144525 104038 40487 72964 37358 3129 2286 175 113 62 59 26064 843 29209 2966 26243 6904 19898 19025 43755 27614 11294 19339 2111 2090 15513 403 183 15727 60 440 6883 1013 3480 17589 16143 1723 1195 1079 528 50 54 12033 3512 2067 537 1530 6090 11517 334 190 150 144 5204 4751 98 6166 16141 5870 4653 31074 14542
is_linear=0
shrinkage=0.05


Tree=38
num_leaves=63
num_cat=0
split_feature=19 0 0 15 21 0 0 0 0 21 0 0 14 25 0 0 0 0 0 0 25 0 0 14 0 0 14 23 0 25 25 21 0 21 25 25 21 25 0 0 18 3 24 0 0 14 14 21 14 21 2 21 18 9 18 23 10 14 15 0 0 23
split_gain=0.822746 0.475733 0.67696 0.333925 0.310554 0.292128 0.485958 0.401936 1.37723 0.419975 0.306391 0.403672 0.269826 0.239043 0.413956 0.163312 0.232903 0.167987 0.16262 0.520855 0.200386 0.156947 0.187349 0.205765 0.156648 0.349538 0.155811 0.281123 0.404769 0.202616 0.14387 0.187448 0.180583 0.142445 0.14032 0.164868 0.138812 0.137514 0.138013 0.1891 0.261505 0.353353 0.265325 0.126642 0.422056 0.126147 0.127872 0.123419 0.122353 0.125632 0.116536 0.115584 0.113108 0.349114 0.105329 0.202163 0.105105 0.344613 0.0992239 0.0974348 0.181896 0.223833
threshold=3.5000000000000004 1127.5000000000002 1121.5000000000002 28.500000000000004 174.60713958740237 326.50000000000006 291.50000000000006 848.50000000000011 857.50000000000011 571.07144165039074 455.50000000000006 411.50000000000006 309.43501589825127 191.64984130859378 320.50000000000006 60.500000000000007 93.500000000000014 39.500000000000007 353.50000000000006 266.50000000000006 1.8315559029579165 65.500000000000014 39.500000000000007 0.30368444846292952 1084.5000000000002 1073.5000000000002 25.859126984126988 9.5556015968322772 328.50000000000006 34.388769149780281 352.63537597656256 379.14286804199224 1284.0000000000002 26.821429252624515 4.2435889244079599 5.5865705013275155 0.10714286193251611 25.643052101135257 433.50000000000006 442.50000000000006 1.0000000180025095e-35 3.5000000000000004 1.0324271321296694 600.50000000000011 590.50000000000011 0.58380149812734095 0.69752141982864146 1.6071428656578066 928.33283705541783 460.89285278320318 10.500000000000002 6.6071429252624521 1.0000000180025095e-35 -0.56174490092936669 260.50000000000006 93.199352264404311 0.93301270189221952 4.880476190476192 42.500000000000007 600.50000000000011 568.50000000000011 3.7670195102691655
decision_type=2 2 2 2 2 2 2 2 2 2 2 2 2 2 2 2 2 2 2 2 2 2 2 2 2 2 2 2 2 2 2 2 2 2 2 2 2 2 2 2 2 2 2 2 2 2 2 2 2 2 2 2 2 2 2 2 2 2 2 2 2 2
left_child=18 2 3 24 54 6 15 10 12 -10 11 -7 -9 58 -15 17 -17 -5 19 21 47 22 -1 -24 25 43 27 36 29 -29 31 -3 -33 51 -27 -36 -22 38 -20 40 41 42 -40 44 -2 -42 -47 52 49 -6 -45 -28 -21 -54 -4 -56 -25 -58 -8 60 -41 -62
right_child=1 30 4 5 48 7 13 8 9 -11 -12 -13 -14 14 -16 16 -18 -19 37 20 26 -23 23 56 -26 34 33 28 -30 -31 -32 32 -34 -35 35 -37 -38 -39 39 59 45 -43 -44 50 -46 46 -48 -49 -50 -51 -52 -53 53 -55 55 -57 57 -59 -60 -61 61 -63
leaf_value=0.00017395173778015854 -0.00012017740576169058 9.1536924524706899e-05 -0.00016046899366132061 5.9007548730734068e-05 -0.0020278268946237435 0.00025356990100908644 0.00062186352992386808 -0.0013234000665980879 8.6680109443557099e-05 -0.0012293358781340362 0.00029792354931859778 -0.00084968540270495107 -0.0027912703255190447 1.3772606422942611e-05 -0.0017223232772686928 0.00058683677771345004 -0.00039683914301733215 -0.0011977843673717826 0.00040599114895606989 0.00020577649576382099 -0.004247245963477371 0.00021016360093397074 0.00068649266499684397 -0.00071666988143464811 0.00056075518915491473 0.0016552873052270763 -0.0019378553296199423 -0.0020023828228765122 -0.00013706578786724347 -0.0053015243449939416 0.00056590870634665679 -0.0015311938391495143 -2.9346007428399001e-05 -0.00050203758274579584 -0.0039958342443604453 -0.0012527109114040772 -0.00039852289248506074 0.00026387929545126427 -0.001345871724666838 3.3821312545286961e-05 0.0029601343920969418 0.00031932179566646681 -0.0051904645532568801 0.00023734845388761333 -0.002792611537196954 -0.0037321053037595985 0.000884340459973455 0.0020853705527725968 -0.0027447001575529113 -0.00051214192081443797 -0.00031781011225274716 0.001021798681125477 -0.0073019918398622655 6.7770420821104644e-05 0.00038119334973459376 -0.0061288546792408489 -0.0066861693215559265 -0.00081787200371786226 -0.0021068532211086879 0.00010138606644403248 -0.00020183829890650705 -0.0016660484970965261
leaf_weight=1531 10385 11502 519 379 376 1534 32 759 3893 717 4360 1791 560 680 682 847 2064 836 3265 714 24 10223 242 999 995 25 36 585 342 53 1451 359 468 998 85 179 1582 14034 105 4326 48 122 85 4843 150 20 57 78 291 231 1168 298 21 62 23 22 33 114 705 50368 870 379
leaf_count=1531 10385 11502 519 379 376 1534 32 759 3893 717 4360 1791 560 680 682 847 2064 836 3265 714 24 10223 242 999 995 25 36 585 342 53 1451 359 468 998 85 179 1582 14034 105 4326 48 122 85 4843 150 20 57 78 291 231 1168 298 21 62 23 22 33 114 705 50368 870 379
internal_value=-6.36583e-07 -0.000157649 -0.000246654 -0.000205524 -0.00130288 -0.000346694 -0.000630852 -0.000216392 -0.000525727 -0.000116939 2.16141e-05 -0.000339199 -0.00195056 -0.00125102 -0.000851942 -0.000314123 -0.000108896 -0.000801661 8.99903e-05 -4.48253e-05 -0.000491196 0.000117592 -0.000204898 -0.000626364 -4.81662e-05 -8.44554e-05 -0.000644266 -0.000871141 -0.00154065 -0.00228507 9.47358e-05 3.88737e-05 -0.000687448 -0.000200017 -0.00180857 -0.00215602 -0.000459412 0.000122875 8.96136e-05 7.12026e-05 -0.00096387 -0.00174358 -0.00309395 -5.40283e-05 -0.000158729 0.00094215 -0.000253171 0.000188492 -0.00188175 -0.00145943 0.00012864 0.000687344 0 -0.00174324 -0.000372171 -0.00269716 -0.000907998 -0.00217289 -0.00198152 7.93792e-05 -0.000118546 -0.000650243
internal_weight=144525 52911 39131 37669 1462 19839 6225 13614 5929 4610 7685 3325 1319 2099 1362 4126 2911 1215 91614 17935 4793 13142 2919 1388 17830 16835 3918 2586 980 638 13780 12329 827 1332 289 264 1606 73679 59645 56380 437 312 190 16546 10535 125 77 875 898 607 6011 334 797 83 564 45 1146 147 737 55943 5575 1249
internal_count=144525 52911 39131 37669 1462 19839 6225 13614 5929 4610 7685 3325 1319 2099 1362 4126 2911 1215 91614 17935 4793 13142 2919 1388 17830 16835 3918 2586 980 638 13780 12329 827 1332 289 264 1606 73679 59645 56380 437 312 190 16546 10535 125 77 875 898 607 6011 334 797 83 564 45 1146 147 737 55943 5575 1249
is_linear=0
shrinkage=0.05


Tree=39
num_leaves=63
num_cat=0
split_feature=12 13 16 12 13 19 12 14 13 25 13 14 13 8 12 12 25 5 14 13 13 24 14 23 18 23 6 23 14 15 25 15 18 15 16 25 13 20 23 13 5 25 24 21 12 20 24 13 21 13 14 12 23 14 12 21 24 2 23 24 20 8
split_gain=1.83871 0.421977 0.36452 0.334655 0.329473 0.25577 0.217429 0.253768 0.251285 0.476905 0.285843 0.191879 0.222867 0.190479 0.175846 0.340506 0.179121 0.161963 0.361033 0.205308 0.475177 0.223842 0.176529 0.191063 0.560918 0.203246 0.160748 0.258125 0.425787 0.159687 0.169534 0.158356 0.153696 0.152291 0.145457 0.160746 0.128141 0.126571 0.16996 0.126453 0.125138 0.123211 0.270746 0.121601 0.121151 0.117425 0.215009 0.114052 0.112724 0.112148 0.10328 0.101473 0.100228 0.103475 0.100103 0.0934102 0.18542 0.0920996 0.103897 0.104666 0.0901779 0.124705
threshold=1469.5000000000002 6.0007451564828624 19.500000000000004 744.50000000000011 4.2266975801621216 13.500000000000002 1439.5000000000002 0.014389233954451347 0.17328655817043084 0.88441157341003429 0.068067070014510359 0.033520599250936332 0.29348965454379733 0.6078576107927941 914.00000000000011 1055.5000000000002 0.21814115345478061 1.0000000180025095e-35 0.66838487972508598 2.2279136167210516 0.99824097280237634 11.12380361557007 0.27806414662084772 0.77136236429214489 1.5000000000000002 1.0908710956573489 1.0000000180025095e-35 4.8378412723541269 2.6485001485001489 15.500000000000002 1015.3329162597657 12.500000000000002 43.500000000000007 1.5000000000000002 1.0000000180025095e-35 21.916561126708988 326.68300764977664 1.6428571343421938 5.2212927341461191 0.18852473582613063 1.0000000180025095e-35 4.0046668052673349 2.3020534515380864 3.3928571939468388 1473.5000000000002 10.214285850524904 28.712529182434086 1.8956416286545557 4.9642856121063241 7.9519030349763256 5.3430703624733482 1301.5000000000002 0.80164620280265819 0.21118935837245698 1470.5000000000002 0.10714286193251611 1.2055270075798037 5.5000000000000009 16.153283119201664 21.189426422119144 0.21428572386503222 -0.60785761079279388
decision_type=2 2 2 2 2 2 2 2 2 2 2 2 2 2 2 2 2 2 2 2 2 2 2 2 2 2 2 2 2 2 2 2 2 2 2 2 2 2 2 2 2 2 2 2 2 2 2 2 2 2 2 2 2 2 2 2 2 2 2 2 2 2
left_child=3 17 34 -1 6 -4 7 13 9 10 -8 -9 40 14 16 -16 -5 19 -19 20 22 26 52 24 -24 -25 41 -28 -29 45 32 -20 36 -12 50 49 -31 60 47 -10 -13 42 -21 -43 -34 46 -7 -39 -23 -36 -3 -14 53 -2 -51 -41 -57 -37 -59 -60 61 -22
right_child=1 2 5 4 -6 29 8 11 39 -11 33 12 51 -15 15 -17 -18 18 31 21 37 48 23 25 -26 -27 27 28 -30 30 -32 -33 44 -35 35 57 -38 38 -40 55 -42 43 -44 -45 -46 -47 -48 -49 -50 54 -52 -53 -54 -55 -56 56 -58 58 59 -61 -62 -63
leaf_value=0.00028974010577624765 0.00029365296460104101 0.00088256339772084893 -3.1805175545616134e-05 -0.0049316154753608551 0.00018977433979906598 -0.00064728176482235409 0.002437198634109634 0.00096674082123156832 0.00192179246387111 -0.0068701828255084661 -0.0010984088527115005 -0.0002090153914985468 0.00034152800614532412 0.00060231950523299328 0.0024979260975629258 -0.002135501313983228 -0.00083328799737652235 -0.0065131983288932707 -0.0005642644586519944 0.0008455519847647482 -0.0019747036242816259 -0.0032239361698577062 -0.0012450032952514044 0.00062413556884914601 -0.0067235293401381978 -0.0012798946789740974 0.00025239488420744763 -0.010108648263228621 -0.0023458525749905073 -0.00038242832530372534 0.00012016347494178448 -0.0041093871956862258 -0.0002058476940380126 -0.0048974200093072906 0.00040502493704406461 0.00033756112137032753 0.00020964467902067163 -0.00018660969718601597 0.00092371479402651312 -0.0012084215491901854 0.00067563838847879297 -0.00022252500588887969 -0.0037140572789831025 -0.0010442542082576463 -0.00063416043515128733 -5.3962357003507874e-05 -0.0063803682872905056 -0.0022131851128788468 0.000616767224290297 8.9092017890623641e-05 -0.00020545269364491729 6.0797159815612886e-05 -0.0017592142115882281 0.004319189925425241 -0.00069460895018769392 0.00050100881350203326 -0.00025954575983390095 0.00064475640799422913 -0.0024780057349838929 -9.2348728873034428e-05 0.0013651211938145731 0.0011848519538069291
leaf_weight=25919 42 223 7364 71 32137 104 54 578 70 37 305 7773 5161 109 54 143 48 36 216 45 54 20 307 206 56 421 65 21 135 3642 1270 38 1997 30 497 5378 1208 291 280 227 419 664 104 1519 10663 4297 20 94 304 592 7493 8704 22 29 1236 896 7317 508 47 2470 422 73
leaf_count=25919 42 223 7364 71 32137 104 54 578 70 37 305 7773 5161 109 54 143 48 36 216 45 54 20 307 206 56 421 65 21 135 3642 1270 38 1997 30 497 5378 1208 291 280 227 419 664 104 1519 10663 4297 20 94 304 592 7493 8704 22 29 1236 896 7317 508 47 2470 422 73
internal_value=-6.20689e-07 -0.000229959 -0.000183349 0.000138052 7.66697e-05 -0.000289281 -3.67773e-05 4.41768e-05 -0.000246243 -0.00143292 -0.000901271 6.71161e-05 4.33106e-05 -0.00116551 -0.00179111 -0.000839434 -0.00332258 -0.000647097 -0.001805 -0.000581197 -0.000225736 -0.000863242 -0.00098854 -0.00118661 -0.00210556 -0.000646355 -0.00102087 -0.00232377 -0.00342868 -0.000370787 -0.000434511 -0.00111572 -0.000475028 -0.0014549 -7.52983e-06 0.000111268 -0.000233927 0.000450662 -5.78904e-06 -0.000186236 -0.00016315 -0.000895161 -0.00230382 -0.000796622 -0.000566995 -9.89593e-05 -0.00161666 -0.00069484 0.000363338 -0.000255695 -0.000173349 0.000165657 0.00106523 0.00201197 -0.00043808 -0.000204334 -0.000175959 0.000213399 -5.69367e-06 -0.000138979 0.00101256 -0.000119739
internal_weight=144525 54473 49009 90052 64133 30565 31996 23060 8936 426 389 22635 22057 425 316 197 119 5464 290 5174 2297 2877 1083 990 363 627 2553 221 156 23201 18780 254 17510 335 18444 10728 4850 1214 665 8510 8192 2332 149 2183 12660 4421 124 385 324 2325 7716 13865 93 71 1828 8440 8213 8403 3025 2517 549 127
internal_count=144525 54473 49009 90052 64133 30565 31996 23060 8936 426 389 22635 22057 425 316 197 119 5464 290 5174 2297 2877 1083 990 363 627 2553 221 156 23201 18780 254 17510 335 18444 10728 4850 1214 665 8510 8192 2332 149 2183 12660 4421 124 385 324 2325 7716 13865 93 71 1828 8440 8213 8403 3025 2517 549 127
is_linear=0
shrinkage=0.05


Tree=40
num_leaves=63
num_cat=0
split_feature=12 0 0 24 24 21 12 0 0 0 0 0 0 2 21 22 13 13 25 14 20 22 25 21 12 12 24 0 9 0 8 8 9 12 0 17 0 0 0 25 12 14 20 12 0 21 0 14 25 0 25 12 20 21 2 24 1 13 0 14 14 25
split_gain=1.67345 0.524198 0.546109 0.477063 0.450623 0.797037 0.407564 0.385529 0.426575 0.42226 0.362223 0.419285 0.433666 0.326676 0.435901 0.988671 0.322504 0.291827 0.288765 0.281295 0.251543 0.249568 0.236111 0.5214 0.228544 0.455141 0.884729 0.719839 0.29657 0.254549 0.246819 0.345682 0.225075 0.205212 0.190806 0.256214 0.188184 0.281357 0.176859 0.176687 0.274358 0.289837 0.167095 0.14267 0.169481 0.171146 0.164061 0.140436 0.139599 0.124034 0.185153 0.122673 0.117287 0.113075 0.144541 0.110722 0.106363 0.249551 0.420559 0.178685 0.178209 0.11324
threshold=1471.5000000000002 1127.5000000000002 1121.5000000000002 1.1459335684776308 1.0324271321296694 0.75000000000000011 1159.5000000000002 331.50000000000006 291.50000000000006 46.500000000000007 411.50000000000006 455.50000000000006 848.50000000000011 6.5000000000000009 0.32142858207225805 0.88333332538604747 0.72632661901667761 1241.1937533749906 2.0399740934371953 349.24499105545624 234.21428680419925 560.68334960937511 0.67678761482238781 0.39285714924335485 1444.0000000000002 1464.5000000000002 1.1590536236763003 736.50000000000011 -0.56174490092936669 426.50000000000006 1.0000000180025095e-35 -0.8783796973249266 -0.56174490092936669 1473.5000000000002 531.00000000000011 1.0000000180025095e-35 1167.5000000000002 1238.5000000000002 503.50000000000006 26.838565826416019 1425.5000000000002 0.37011669203450032 0.21428572386503222 1432.5000000000002 1362.5000000000002 0.10714286193251611 266.50000000000006 1.3128765060240966 1.5656141638755801 1217.5000000000002 91.555351257324233 1473.5000000000002 0.5000000149011613 0.17857143282890323 3.5000000000000004 0.76494169235229503 2024.5000000000002 0.026721807579183601 924.50000000000011 0.037268518518518527 0.13221420643729193 0.40470799803733831
decision_type=2 2 2 2 2 2 2 2 2 2 2 2 2 2 2 2 2 2 2 2 2 2 2 2 2 2 2 2 2 2 2 2 2 2 2 2 2 2 2 2 2 2 2 2 2 2 2 2 2 2 2 2 2 2 2 2 2 2 2 2 2 2
left_child=6 2 3 4 13 -6 -1 8 9 33 -9 20 -13 22 38 -16 24 51 -10 -20 -12 -11 23 -2 56 26 30 -28 -29 53 31 -26 -24 -5 48 -36 -3 49 -15 40 41 -18 -39 47 46 -46 -45 -42 -31 -38 -51 -4 -49 -27 -55 -32 -8 58 -58 61 -61 -59
right_child=1 36 17 7 5 -7 16 10 18 21 11 12 -14 14 15 -17 39 -19 19 -21 -22 -23 32 -25 25 29 27 28 -30 34 55 -33 -34 -35 35 -37 37 42 -40 -41 43 -43 -44 44 45 -47 -48 52 -50 50 -52 -53 -54 54 -56 -57 57 59 -60 60 -62 -63
leaf_value=0.00025717175918510361 0.00016809686161820128 0.00068242948706428725 -0.00033003087699025427 -0.0014210883848563491 0.00026030569091374739 -0.012188449848402031 0.00019797903342319299 0.0005112771255942663 0.001032370102009009 5.3116164540219019e-05 -0.0012665917696446547 0.00024699215509844247 -0.00031729294302470671 -0.0022535401620482863 -0.0026207005169199033 -0.014785504208608944 -0.0046408665592339747 -0.0026381414444672461 -0.0014797858393434454 -0.00062143686497098552 -0.00020536881808183257 -0.0013971087153421969 -0.0015802981805355034 -0.0092238128503069495 0.0032708738184692452 0.00059790776039545359 -0.015003824866072261 -0.008593944444139889 -0.0010384810887215212 0.002371217241640286 -0.00020528798111639791 -0.0030817709078035018 0.0020078347198324437 -0.00033457405493310952 0.00022063155285552942 -0.002222915503698541 1.3451004013214342e-05 -0.0041311748846269702 0.0030577241782495735 0.00020519408793724829 0.0006439419143110085 0.00026428931516685178 0.00021620196452742246 0.00017890594494592124 -0.0026693719113896233 0.0002597027042712212 -0.00014884590241597863 -0.0043436697046844858 -0.0020060718597019488 -0.00045188407723192008 -0.001852739272858445 -0.0013054306299921309 -0.0010349670313445495 -0.0070707430237578681 -0.0020628197640974988 0.0031175048623092016 -0.008361918387185056 0.0019689207599734968 0 -0.00067247462495447126 -9.112133147063574e-05 -0.00061502144511403709
leaf_weight=31074 46 1143 550 992 23 27 2039 1836 176 4556 1422 5085 10267 29 111 20 30 308 1820 2070 940 317 66 21 24 22 21 22 36 125 86 156 124 799 525 134 716 22 33 20654 118 10245 4835 4682 50 5001 20455 30 20 977 318 838 394 20 72 34 25 153 36 1700 6000 55
leaf_count=31074 46 1143 550 992 23 27 2039 1836 176 4556 1422 5085 10267 29 111 20 30 308 1820 2070 940 317 66 21 24 22 21 22 36 125 86 156 124 799 525 134 716 22 33 20654 118 10245 4835 4682 50 5001 20455 30 20 977 318 838 394 20 72 34 25 153 36 1700 6000 55
internal_value=-6.05495e-07 -0.000273376 -0.000362761 -0.000314412 -0.00184797 -0.00637313 0.000105497 -0.000288918 -0.000529933 -0.000282595 -0.000156379 -0.000225864 -0.00013006 -0.00133276 -0.00288822 -0.00452592 4.08324e-05 -0.00123722 -0.000934063 -0.00102434 -0.000846403 -4.0225e-05 -0.00014453 -0.00271048 -0.000204533 -0.000829666 -0.00228858 -0.00700374 -0.00400026 -0.000221718 -0.00102834 -0.00220564 0.000734953 -0.00093921 8.59071e-05 -0.000268911 8.83629e-05 -9.78449e-06 0.000493279 8.59008e-05 2.56911e-05 0.000249436 0.000195396 -4.8959e-05 -3.43493e-05 0.000229666 -8.75997e-05 -0.000853303 0.00173203 -0.000507812 -0.000799855 -0.000922579 -0.00128183 -0.00243328 -0.00321228 0.00069635 -0.000123011 -0.00020577 -0.00339354 -0.000180506 -0.000220128 0.00126167
internal_weight=144525 40487 32476 30780 500 50 104038 30280 10730 6664 19550 17714 15352 450 193 131 72964 1696 4066 3890 2362 4873 257 67 11305 1297 379 79 58 918 300 180 190 1791 804 659 8011 6868 62 61659 41005 10275 4857 30730 30188 5051 25137 542 145 2011 1295 1388 424 114 92 120 10008 7969 61 7908 7700 208
internal_count=144525 40487 32476 30780 500 50 104038 30280 10730 6664 19550 17714 15352 450 193 131 72964 1696 4066 3890 2362 4873 257 67 11305 1297 379 79 58 918 300 180 190 1791 804 659 8011 6868 62 61659 41005 10275 4857 30730 30188 5051 25137 542 145 2011 1295 1388 424 114 92 120 10008 7969 61 7908 7700 208
is_linear=0
shrinkage=0.05


Tree=41
num_leaves=63
num_cat=0
split_feature=12 0 0 0 0 0 14 14 25 0 0 14 0 12 21 20 0 12 25 0 0 14 22 25 14 21 12 0 14 22 10 22 2 12 25 22 25 14 25 20 0 9 0 14 25 22 14 12 0 15 0 12 14 0 12 25 0 22 20 0 20 0
split_gain=1.51531 0.345471 0.353149 0.696258 0.51924 0.522876 0.485115 0.410937 0.368457 0.360388 0.950963 0.760376 0.566137 0.317983 0.316173 0.494586 0.28178 0.274644 0.301937 0.26567 0.250824 0.336111 0.20038 0.207154 0.189569 0.176149 0.170764 0.325489 0.44925 0.367837 0.471366 0.307104 0.28171 0.248266 0.389046 0.171296 0.342932 0.140252 0.139281 0.155466 0.178973 0.17885 0.150489 0.131073 0.127659 0.148516 0.12284 0.126711 0.118499 0.117978 0.116238 0.114505 0.171952 0.111434 0.133596 0.176116 0.111254 0.202522 0.138674 0.11695 0.111328 0.106167
threshold=1469.5000000000002 1137.5000000000002 1092.5000000000002 1098.5000000000002 1084.5000000000002 1063.5000000000002 1096.74846390169 249.7119593881857 1.1609040498733523 869.50000000000011 848.50000000000011 309.43501589825127 515.50000000000011 1471.5000000000002 1.2500000000000002 1.0714285969734194 897.50000000000011 787.50000000000011 3.6762675046920781 1167.5000000000002 1121.5000000000002 272.09445621468933 3.1500000953674321 6.9776327610015878 4.5847605224963717 2.2500000000000004 1411.5000000000002 1362.5000000000002 0.11853256021409457 0.11666667088866235 0.68301270189221941 0.18333333730697635 5.5000000000000009 1420.5000000000002 0.57184895873069774 0.15000000596046451 0.46361231803894049 0.58380149812734095 0.37209869921207434 1.0000000180025095e-35 2066.0000000000005 -0.56174490092936669 2343.5000000000005 6.9602631578947376 315.44653320312506 440.58334350585943 0.033520599250936332 942.00000000000011 1127.5000000000002 10.500000000000002 1320.5000000000002 1425.5000000000002 8.8657626501638163 1690.5000000000002 1384.5000000000002 0.93618154525756847 1653.5000000000002 0.84999999403953563 6.0714285373687753 1256.5000000000002 0.21428572386503222 266.50000000000006
decision_type=2 2 2 2 2 2 2 2 2 2 2 2 2 2 2 2 2 2 2 2 2 2 2 2 2 2 2 2 2 2 2 2 2 2 2 2 2 2 2 2 2 2 2 2 2 2 2 2 2 2 2 2 2 2 2 2 2 2 2 2 2 2
left_child=17 2 4 -4 5 9 8 13 14 10 12 -12 -2 -6 15 -5 43 -1 26 -3 21 -10 49 24 -24 -18 38 28 29 32 -31 -29 -28 34 -33 -30 -37 -35 39 40 41 -19 -42 -11 45 56 -41 -48 -22 -7 -47 -20 61 -40 -55 -56 58 -58 60 -60 -21 -53
right_child=1 19 3 6 7 22 -8 -9 20 16 11 -13 -14 -15 -16 -17 25 18 51 44 48 -23 23 -25 -26 -27 27 31 35 30 -32 33 -34 37 -36 36 -38 -39 53 46 42 -43 -44 -45 -46 50 47 -49 -50 -51 -52 52 -54 54 55 -57 57 -59 59 -61 -62 -63
leaf_value=0.00026100311500240196 -0.00031998414411590833 0.00092990876567204575 -0.0029329407565668107 -0.0028835307162871542 0.00036454573303692952 0.00029593885973857779 -0.002661566956949038 -0.00033390366169410812 -0.00030781167443042975 -0.00033703885365212334 -0.00072198006046980082 -0.0027334369789809958 0.00022792898227410471 0.0021975908559763715 -0.0082747125158955936 0.0036811614430938299 -0.001643375408285118 -0.0018061695983853912 0.00031873585922821343 -0.00075517914233612946 -0.0009236974163583829 0.0010893659192749764 -0.0022511255608723096 -0.0011240625004452919 -0.0055912010893132908 4.7840246037033604e-05 -0.0027278533824812517 0.0015123602499062187 0.00072574635060169762 -0.0050248300749112119 0.0021485607614348218 -0.0071670605019591316 0.0012441540264345537 0.00099691603458198423 -0.0008026352704606182 -0.0057374955481367474 -0.00044975948215392907 -3.5982894839232168e-05 0.00021272574510660414 0.0016357899418911325 0.0010743631505968361 -0.00049905640271832679 -0.00079687111794366568 0.0011907885795818477 0.00040015631724845476 -0.0017101013335792522 -0.0017461805394566419 0.00026252651550492441 -0.00020846639245998539 -0.0036457528818125053 -0.00019087323075970942 0.00029574984101252101 0.00019836414832322059 8.8301941491683545e-05 -0.0010809439822906353 0 0.00074865484603799093 -0.0048470006788605292 -0.00037204841557279285 6.36471463564418e-05 0.00071407094505256932 -0.00010212548286588876
leaf_weight=26382 22881 795 316 166 466 183 249 614 1406 164 1961 623 5927 497 21 34 160 342 8134 147 1448 619 217 375 57 3978 85 346 308 147 26 26 92 383 357 31 3693 2261 7607 138 274 1203 174 809 1507 246 90 610 1000 21 275 1995 20249 3153 679 857 29 33 2601 3740 908 10410
leaf_count=26382 22881 795 316 166 466 183 249 614 1406 164 1961 623 5927 497 21 34 160 342 8134 147 1448 619 217 375 57 3978 85 346 308 147 26 26 92 383 357 31 3693 2261 7607 138 274 1203 174 809 1507 246 90 610 1000 21 275 1995 20249 3153 679 857 29 33 2601 3740 908 10410
internal_value=-6.00374e-07 -0.000208799 -0.000269551 -0.000654599 -0.000217409 -0.000255024 -0.00050788 0.000670399 -0.000392515 -0.000226264 -0.000289713 -0.00120896 -0.000207082 0.00131589 -0.00238816 -0.00174126 0.000162464 0.000125285 6.897e-05 5.18528e-05 -0.000292746 0.00011684 -0.00147972 -0.00190974 -0.00296599 -1.63822e-05 -7.62566e-05 -0.000267071 -0.000551441 -0.00227258 -0.00391724 0.000100888 -0.000635538 -5.8843e-05 -0.00124949 -0.000400744 -0.000495272 0.00011178 2.1237e-05 -0.000294521 -0.000535627 -0.000791732 0.000336415 0.000928126 -2.1217e-05 -0.000101433 0.000272926 0 -0.000633591 -8.69132e-05 -0.000917991 0.000150564 0.00010852 9.43448e-05 -9.66397e-05 -0.000479512 -4.37078e-05 -0.00215217 -2.53279e-05 -0.000114284 0.00050456 -3.77334e-05
internal_weight=144525 54473 44192 5259 38933 37356 4943 1577 4694 36503 31392 2584 28808 963 221 200 5111 90052 63670 10281 4473 2025 853 649 274 4138 22882 7755 4382 350 173 3373 177 3027 383 4032 3724 2644 15127 2831 1993 1545 448 973 9486 7979 838 700 2448 204 521 40788 32654 12296 4689 1536 7458 62 7396 6341 1055 12405
internal_count=144525 54473 44192 5259 38933 37356 4943 1577 4694 36503 31392 2584 28808 963 221 200 5111 90052 63670 10281 4473 2025 853 649 274 4138 22882 7755 4382 350 173 3373 177 3027 383 4032 3724 2644 15127 2831 1993 1545 448 973 9486 7979 838 700 2448 204 521 40788 32654 12296 4689 1536 7458 62 7396 6341 1055 12405
is_linear=0
shrinkage=0.05


Tree=42
num_leaves=63
num_cat=0
split_feature=12 0 0 24 24 21 0 0 12 2 25 23 25 0 0 13 0 0 0 23 25 21 9 12 0 0 25 12 13 13 25 21 0 12 23 0 23 9 13 0 22 22 13 24 12 23 16 24 3 15 17 11 25 0 12 0 25 2 22 22 16 15
split_gain=1.38256 0.434651 0.442051 0.40981 0.396781 0.709896 0.33991 0.571126 0.33438 0.29146 0.402455 0.364776 0.281965 0.247725 0.277737 0.240837 0.23004 0.369242 0.398295 0.265983 0.210246 0.466872 0.203337 0.185092 0.160548 0.235955 0.163521 0.133148 0.135452 0.136012 0.146253 0.130075 0.381526 0.126125 0.227056 0.195762 0.300179 0.212604 0.153459 0.170696 0.245189 0.205442 0.155693 0.325258 0.203284 0.149438 0.160265 0.154333 0.148274 0.131103 0.189759 0.112819 0.112326 0.111727 0.110725 0.103679 0.152757 0.100569 0.0991013 0.0985892 0.116515 0.239213
threshold=1471.5000000000002 1127.5000000000002 1121.5000000000002 1.1459335684776308 1.0324271321296694 0.75000000000000011 326.50000000000006 320.50000000000006 1159.5000000000002 6.5000000000000009 0.60122093558311474 0.77136236429214489 7.9771583080291757 46.500000000000007 276.50000000000006 1241.1937533749906 411.50000000000006 455.50000000000006 526.50000000000011 0.92546257376670849 0.67678761482238781 0.39285714924335485 -0.56174490092936669 1473.5000000000002 1167.5000000000002 1238.5000000000002 14.223200321197512 1465.5000000000002 32.090363027915451 27.001027904328023 41.080423355102546 248.25000000000003 331.50000000000006 1468.5000000000002 3.5690327882766728 1295.5000000000002 1.0000000180025095e-35 1.0000000180025095e-35 0.53867423167169137 2043.5000000000002 1.0833333730697634 1.1499999761581423 0.12882395757512741 0.82708111405372631 1466.5000000000002 7.0845227241516122 2.5000000000000004 6.4394900798797616 2.5000000000000004 15.500000000000002 9.5000000000000018 -0.24999999999999994 705.46627807617199 328.50000000000006 1473.5000000000002 1217.5000000000002 91.555351257324233 10.500000000000002 2.4166667461395268 215.03333282470706 1.5000000000000002 4.5000000000000009
decision_type=2 2 2 2 2 2 2 2 2 2 2 2 2 2 2 2 2 2 2 2 2 2 2 2 2 2 2 2 2 2 2 2 2 2 2 2 2 2 2 2 2 2 2 2 2 2 2 2 2 2 2 2 2 2 2 2 2 2 2 2 2 2
left_child=8 2 3 4 9 -6 7 13 -1 20 -11 -12 33 23 -15 54 31 19 -19 -18 21 -2 -22 -5 -3 55 51 58 29 30 53 32 -8 38 35 -35 37 -37 39 42 48 -42 43 -10 -44 46 47 -36 -41 -47 -51 -27 -9 -29 -4 -26 -57 -38 -14 60 61 -56
right_child=1 24 15 6 5 -7 16 52 12 10 11 -13 27 14 -16 -17 17 18 -20 -21 22 -23 -24 -25 25 26 -28 28 -30 -31 -32 -33 -34 34 45 36 57 -39 -40 40 41 -43 44 -45 -46 49 -48 -49 -50 50 -52 -53 -54 -55 59 56 -58 -59 -60 -61 -62 -63
leaf_value=0.00023323974936189111 0.00019513764489369382 0.00062955451085488622 -0.00026735585936348396 -0.0013340435259266757 0.00029410415720113942 -0.011444513302131443 -0.0016042933919620907 -0.0012121445653608617 -0.00095002980114189991 0.0033940026181794344 -0.0053965899091261808 -0.00055294914062609753 -0.0027207361835840543 0.00012838895094494448 -0.000502771743992569 -0.0023901638319547792 -0.0060430320787931554 0.00056590683358594249 -0.00021122532725461934 -0.00073185627823452951 -0.0014692388004348609 -0.0086881369917313628 0.0019389993459358514 -0.00030185023270719015 1.006751440730819e-05 -0.0021710307181096937 0.00024822510582294343 -0.00030063080057266884 0.00019746365282476399 -0.00040902557614134441 0.0004957503368896918 0.00079579496379355392 0.00041646840239809556 0.00044927488691593641 -0.0013724475806478197 -0.0086241726897916381 8.719422039021684e-07 -0.0010093995569208961 4.1873384723979932e-05 -0.00019291769713163375 -0.0070084768131163447 0 -0.00016969736559637426 0.0015300093139284231 -0.0043669952380493331 0.00036118336133459739 -0.00041015072880148527 -0.0037991024452528679 0.00073497470806319011 -0.00059672592003162423 -0.0056893877852845056 -5.0142586343823445e-05 -0.002363576977663236 4.2716241414948073e-05 -0.0052648313745313584 -0.00041619414739819602 -0.0016897962338193431 -0.0019484261155182929 0.00023725644639445342 -0.0019354173608051774 -0.0003701949183460489 -0.00046682942160581117
leaf_weight=31074 46 1143 550 992 23 27 288 1077 1551 23 104 66 28 3181 3829 308 24 1876 13476 2338 66 21 124 799 716 119 4595 3015 10025 2113 1455 887 1232 993 509 20 315 20 16900 760 21 23 5843 143 29 379 420 79 973 127 22 143 281 11006 41 977 318 82 16113 298 421 78
leaf_count=31074 46 1143 550 992 23 27 288 1077 1551 23 104 66 28 3181 3829 308 24 1876 13476 2338 66 21 124 799 716 119 4595 3015 10025 2113 1455 887 1232 993 509 20 315 20 16900 760 21 23 5843 143 29 379 420 79 973 127 22 143 281 11006 41 977 318 82 16113 298 421 78
internal_value=-5.85055e-07 -0.000248521 -0.000329917 -0.000286395 -0.00170785 -0.00595514 -0.000262752 -0.000498712 9.58527e-05 -0.0012236 -0.00269256 -0.00354694 3.72733e-05 -0.00035069 -0.000215652 -0.00111678 -0.000143367 -0.000205858 -0.000115932 -0.000788193 -0.000100392 -0.00252346 0.000728633 -0.000876396 8.08303e-05 -9.7704e-06 0.000178064 0.000117628 5.07116e-05 -3.26474e-05 1.84202e-05 0.000314438 3.02176e-05 -8.29271e-05 -0.000392209 5.79323e-05 -0.00081978 -0.00495349 -4.77799e-05 -0.000210482 0.000228871 -0.00344309 -0.000314334 -0.000737646 -0.000191352 -0.000814518 -0.00117203 -0.00170757 0.000325179 -0.000122429 -0.00138551 -0.00103298 -0.00145424 -3.07603e-05 -0.000830454 -0.000465903 -0.000732907 -0.000389552 0.000231799 -0.00119399 -0.000775288 -0.00216494
internal_weight=144525 40487 32476 30780 500 50 30280 10159 104038 450 193 170 72964 8801 7010 1696 20121 17714 15352 2362 257 67 190 1791 8011 6868 4857 43755 27614 17589 15476 2407 1520 29209 2966 1430 437 40 26243 9343 1777 44 7566 1694 5872 1536 1008 588 1733 528 149 262 1358 14021 1388 2011 1295 397 16141 838 540 119
internal_count=144525 40487 32476 30780 500 50 30280 10159 104038 450 193 170 72964 8801 7010 1696 20121 17714 15352 2362 257 67 190 1791 8011 6868 4857 43755 27614 17589 15476 2407 1520 29209 2966 1430 437 40 26243 9343 1777 44 7566 1694 5872 1536 1008 588 1733 528 149 262 1358 14021 1388 2011 1295 397 16141 838 540 119
is_linear=0
shrinkage=0.05


Tree=43
num_leaves=63
num_cat=0
split_feature=12 13 12 25 17 12 14 21 25 25 17 9 17 16 17 24 22 22 22 9 25 12 14 9 25 13 11 12 25 13 25 22 13 22 14 12 23 22 13 22 25 21 24 20 22 21 24 13 12 25 25 13 12 21 12 21 23 24 12 14 23 20
split_gain=1.24824 0.322061 0.302488 0.342755 0.265 0.218731 0.330152 0.259498 0.466131 0.295077 0.275903 0.294651 0.251873 0.175497 0.156729 0.273996 0.158747 0.253601 0.149089 0.165646 0.260828 0.224058 0.149613 0.138009 0.133816 0.131447 0.549823 0.507096 0.271826 0.116071 0.122861 0.266393 0.139993 0.106657 0.198013 0.13393 0.103991 0.196879 0.244889 0.179879 0.179571 0.495887 0.244294 0.155656 0.131092 0.112251 0.515127 0.101157 0.15823 0.233539 0.472679 0.175095 0.419947 0.156387 0.132982 0.306871 0.139902 0.100671 0.123087 0.098514 0.112463 0.153065
threshold=1471.5000000000002 6.0007451564828624 1380.0000000000002 7.9771583080291757 21.500000000000004 1747.5000000000002 0.87119815668202782 0.96428570151329052 1.1308105587959292 1.1609040498733523 1.0000000180025095e-35 -0.22252093395631442 1.5000000000000002 22.500000000000004 21.500000000000004 10.337837219238283 0.61666667461395275 0.88333332538604747 5.116666555404664 0.81174490092936691 7.1695797443389901 1464.5000000000002 8.1626028202115162 1.0000000180025095e-35 1187.6896972656252 0.12882395757512741 -0.24999999999999994 1406.5000000000002 0.35544712841510778 1313.683155277834 152.48030853271487 440.58334350585943 104.26171476788913 0.15000000596046451 0.070505385252692634 1384.5000000000002 0.55593636631965648 0.51666668057441723 0.48577212261422792 0.65000000596046459 0.7675113081932069 0.25000000745058065 0.52669849991798412 1.6428571343421938 0.61666667461395275 0.46428571641445165 0.75043764710426342 0.17328655817043084 787.50000000000011 1.035294830799103 1.0998939871788027 0.012358406516482118 1082.5000000000002 0.67857143282890331 1092.0000000000002 0.39285714924335485 1.1232953071594241 49.707523345947273 1465.5000000000002 4.2803508771929835 6.9264843463897714 6.0714285373687753
decision_type=2 2 2 2 2 2 2 2 2 2 2 2 2 2 2 2 2 2 2 2 2 2 2 2 2 2 2 2 2 2 2 2 2 2 2 2 2 2 2 2 2 2 2 2 2 2 2 2 2 2 2 2 2 2 2 2 2 2 2 2 2 2
left_child=2 5 47 18 -3 6 7 9 -9 10 11 -2 36 -6 16 -16 -8 -18 22 59 -21 -22 25 -19 29 26 27 -4 -28 30 32 -32 -15 35 -35 -27 40 45 39 -39 42 -42 -7 -40 -43 46 -38 48 -1 51 -51 52 -50 -52 55 -53 -56 58 -5 60 61 -20
right_child=1 4 3 57 13 12 14 8 -10 -11 -12 -13 -14 24 15 -17 17 23 19 20 21 -23 -24 -25 -26 33 28 -29 -30 -31 31 -33 -34 34 -36 -37 37 38 43 -41 41 44 -44 -45 -46 -47 -48 -49 49 50 53 54 -54 -55 56 -57 -58 -59 -60 -61 -62 -63
leaf_value=0.00019536465144174517 -0.0012201430354538551 3.1702898983502781e-06 -0.0054389244571294345 0.00017931884114687173 -3.8131408366737992e-05 0.0028126659248109975 -0.0050683731681080224 -0.0022026548976712213 -0.011387875647530025 0.0038080595248374178 0.00015050109907522471 -0.0090053387842644224 0.0013790584125018236 -0.00034109505652348725 -0.00045131517648064855 -0.0068745524712111733 0.0045095365567060256 -0.00036868036591275206 -0.00095773670226618102 -0.00038623733561631804 -0.00059309771408048865 -0.0073709243610230405 0.00095277679996463502 -0.0012190543833394524 0.00022822618786525552 -0.0029519009070532783 0.0016189841791386618 -0.0011477304205202033 -0.00062152316174519441 -0.0009797732113280529 4.6995786950347748e-05 -0.00045411020622229101 -0.00079041430764730056 -0.0049739534432571642 -0.00012117996777784984 0.00060082989850643092 0.0033787432705003426 -0.007656101741214498 0.00057420807064960302 -0.00080966510196432684 -0.010151760804638341 0.0014173206352890598 -0.0029306879283016564 -0.0017755032522937149 -0.0031546527694269245 0.0032346052149760311 -0.0064262673573855737 0.00026218111615915917 0.001213530787905514 -0.0073827508285506625 0.00048540867994886663 -0.00026228009929484257 -0.0078093232270098319 -0.0036709955995562066 0.00028586465166560753 -0.0038014427027933877 -0.00098920646715815771 0.00024195227926391934 -1.9508537143614578e-05 -0.00012211569948762687 -0.00010952265188361287 -0.0046948323437919813
leaf_weight=12071 26 11573 88 13050 5685 39 21 39 23 20 41 26 229 4598 43 29 23 1149 79 74 21 36 322 846 931 27 238 340 310 789 4469 6464 2849 21 17824 749 40 21 192 21 20 28 35 110 33 55 20 24300 26 33 86 1561 24 30 2394 64 235 10118 19195 570 106 46
leaf_count=12071 26 11573 88 13050 5685 39 21 39 23 20 41 26 229 4598 43 29 23 1149 79 74 21 36 322 846 931 27 238 340 310 789 4469 6464 2849 21 17824 749 40 21 192 21 20 28 35 110 33 55 20 24300 26 33 86 1561 24 30 2394 64 235 10118 19195 570 106 46
internal_value=-5.89469e-07 -0.000236175 9.1042e-05 2.24387e-05 -0.000195178 -0.000724029 -0.000977957 -0.00307448 -0.00570344 -0.00158406 -0.00280021 -0.00521852 -2.94759e-05 -0.000284395 -0.000801651 -0.00311375 -0.000717407 -0.000669403 -0.000143413 -0.000762421 -0.00241972 -0.00496681 -0.000114195 -0.000731839 -0.000353798 -0.000131987 -0.00069846 -0.00204278 0.000342539 -0.000382328 -0.000356404 -0.000248821 -0.000513671 -0.000102023 -0.000127199 0.00047041 -0.00056309 -0.00017264 -0.000781183 -0.0043617 -0.00168623 -0.00331249 2.84493e-05 -0.000265401 -0.000975324 0.00160336 2.19573e-05 0.000197148 0.000101208 -0.000152904 -0.00209975 -8.42971e-05 -0.00302458 -0.000548693 -4.84925e-05 -0.000404971 0.000169954 0.000104189 6.08049e-05 -0.000484867 -0.00135789 -0.00237561
internal_weight=144525 40487 104038 63214 37358 3129 2286 175 62 113 93 52 843 25785 2111 72 2039 2018 20851 932 131 57 19919 1995 20100 19597 976 428 548 19169 18380 10933 7447 18621 17845 776 614 459 344 42 155 81 74 302 61 115 60 40824 16524 4453 149 4304 50 116 4254 1625 2629 42363 32245 801 231 125
internal_count=144525 40487 104038 63214 37358 3129 2286 175 62 113 93 52 843 25785 2111 72 2039 2018 20851 932 131 57 19919 1995 20100 19597 976 428 548 19169 18380 10933 7447 18621 17845 776 614 459 344 42 155 81 74 302 61 115 60 40824 16524 4453 149 4304 50 116 4254 1625 2629 42363 32245 801 231 125
is_linear=0
shrinkage=0.05


Tree=44
num_leaves=63
num_cat=0
split_feature=12 13 0 0 0 13 0 0 17 12 0 0 0 14 0 0 13 13 23 23 20 20 3 9 0 12 25 0 3 11 0 14 21 0 8 21 24 17 23 5 24 3 23 20 21 13 25 0 13 13 21 25 25 24 23 0 14 14 0 21 2 12
split_gain=1.13357 0.300221 0.389043 0.424586 0.33756 0.311044 0.300216 0.282399 0.267454 0.219905 0.269237 0.373538 0.864881 0.526028 0.2118 0.358859 0.302515 0.221229 0.334624 0.323235 0.219312 0.213923 0.325794 0.294313 0.211274 0.20347 0.309002 0.203315 0.201473 0.198841 0.19728 0.259375 0.275498 0.221838 0.266231 0.201361 0.191118 0.188685 0.165024 0.15133 0.140292 0.139229 0.13739 0.134573 0.133399 0.132483 0.172721 0.127396 0.124604 0.301601 0.227874 0.148629 0.130305 0.119595 0.142778 0.15508 0.148483 0.381393 0.115857 0.11458 0.215482 0.303653
threshold=1469.5000000000002 5.597182034465022 328.50000000000006 286.50000000000006 60.500000000000007 6.6403386760736787 254.50000000000003 280.50000000000006 24.500000000000004 1472.5000000000002 1238.5000000000002 848.50000000000011 857.50000000000011 144.36486298511616 1170.5000000000002 1109.5000000000002 2.1533812203969971 1.4503023970108611 3.5690327882766728 3.8544915914535527 1.3571428656578066 1.0714285969734194 2.5000000000000004 1.0000000180025095e-35 39.500000000000007 1159.5000000000002 3.6762675046920781 1295.5000000000002 3.5000000000000004 0.25000000000000017 1063.5000000000002 4.5847605224963717 5.5357143878936776 869.50000000000011 0.6078576107927941 3.6785713434219365 50.657327651977546 1.0000000180025095e-35 0.55593636631965648 1.0000000180025095e-35 17.573784828186039 1.0000000180025095e-35 8.1430654525756854 0.21428572386503222 4.9642856121063241 1096.8329721921275 483.34988403320318 207.50000000000003 74.884008507691561 55.038455681225805 127.67857360839845 26.838565826416019 11.102474689483644 4.5346648693084726 5.2212927341461191 433.50000000000006 1.6614143920595537 1.073606811145511 320.50000000000006 14.678571701049806 11.500000000000002 1470.5000000000002
decision_type=2 2 2 2 2 2 2 2 2 2 2 2 2 2 2 2 2 2 2 2 2 2 2 2 2 2 2 2 2 2 2 2 2 2 2 2 2 2 2 2 2 2 2 2 2 2 2 2 2 2 2 2 2 2 2 2 2 2 2 2 2 2
left_child=25 14 3 4 24 -5 36 -8 48 59 11 13 -13 -11 15 16 17 18 38 -20 21 22 37 -23 -3 -1 53 29 -24 39 33 35 -33 34 -18 -32 47 -17 -2 -16 44 -29 -35 -43 -26 46 -7 -6 49 51 -51 52 -4 54 -27 -56 57 -57 -47 60 -10 -62
right_child=1 2 8 5 6 45 7 -9 9 10 -12 12 -14 -15 27 20 30 -19 19 -21 -22 23 28 -25 40 26 -28 41 -30 -31 31 32 -34 42 -36 -37 -38 -39 -40 -41 -42 43 -44 -45 -46 58 -48 -49 -50 50 -52 -53 -54 -55 55 56 -58 -59 -60 -61 61 -63
leaf_value=0.00021187785765366268 -0.0013471026022918813 0.00015058778172821291 0.00057304724320736747 0.0014252703793985076 -0.00022591889174079687 -0.00079274136877464712 -0.00050236725473783053 0.001255495494419211 -0.00024537538680407622 -0.00084478034817788187 0.00019432178157702078 -0.0016244913832480987 -0.00031176424148692634 0.00027678839571682615 0 -0.0080505780995459228 -0.00055474674243781409 0.00059353763417295383 -0.0091456378882936243 -0.001539117609791597 -0.0075946869937729491 -0.0030522979566412513 0.0031121060380191311 0.0052404980744583905 -0.0021459584380362647 -0.00011412151788318896 0.00013092052875233751 0.0017050335235288883 -0.0023318329458715211 0.0014409188789762445 0 -0.0066572284785239664 0 0.0010709374937357054 -0.0019676990036294139 -0.0023249903059110451 0.00085264958526528743 -0.0018751006480727799 0.00024514191676652933 -0.0042772672901865583 -0.0011328087001583002 -0.0054210745097919436 -0.0015768626470819191 -0.0012608067772991317 -0.00012230607696778604 -0.00077339955400143275 0.00013928208928963524 0.0009589767186131403 0.00032578573491047128 -0.00070362223252589187 -0.0061217906756270953 0.00032750502296016547 -0.00023375528790574139 0.0011564868779772182 0.00059163447344441633 -0.00048182527406137208 -2.9948413033376982e-06 -0.007246059939924842 -0.0021750619417027807 0.00018311001667452347 0.00060796854880713468 -0.0070780566547072382
leaf_weight=31074 243 772 589 164 1063 4182 2100 255 380 1416 2798 1533 7008 3992 311 38 1314 744 21 48 21 21 21 21 91 18088 40518 27 78 331 162 51 24 244 455 213 1456 22 482 22 1333 26 60 100 844 316 554 288 4749 957 20 3945 3253 182 58 47 45 40 304 4961 21 29
leaf_count=31074 243 772 589 164 1063 4182 2100 255 380 1416 2798 1533 7008 3992 311 38 1314 744 21 48 21 21 21 21 91 18088 40518 27 78 331 162 51 24 244 455 213 1456 22 482 22 1333 26 60 100 844 316 554 288 4749 957 20 3945 3253 182 58 47 45 40 304 4961 21 29
internal_value=-5.94562e-07 -0.000180673 -0.000142809 -0.000369104 -0.000140172 -0.000708351 0.000105171 -0.000309857 -5.55681e-05 -0.000162659 -0.000252162 -0.00034208 -0.000547984 -1.59624e-05 -0.000546241 -0.00068722 -0.000578596 -2.25284e-05 -0.000606098 -0.00393639 -0.00265058 -0.00210565 -0.00295171 0.000977934 -0.000558407 0.000108281 5.36128e-05 0.000186693 -0.00112463 0.000570753 -0.000915575 -0.00187123 -0.00458089 -0.000705632 -0.000921086 -0.00131489 0.000455149 -0.00587632 -0.000281751 -0.000279349 -0.000801941 -0.0014467 0.000531557 -0.00216254 -0.000324816 -0.000774641 -0.00068266 2.30233e-05 0.000119506 7.1551e-06 -0.000820269 0.00011162 -0.000108755 -0.000115799 -0.000128748 -0.00149407 -0.00244812 -0.00365397 -0.00146897 0.000114451 -0.000665916 -0.00375536
internal_weight=144525 54473 49373 13722 8202 5520 5162 2355 35651 22138 16747 13949 8541 5408 5100 4283 4061 1538 794 69 222 201 159 42 3040 90052 58978 817 99 664 2523 450 75 2073 1769 375 2807 60 725 333 2268 153 304 126 935 5356 4736 1351 13513 8764 977 7787 3842 18460 18278 190 132 87 620 5391 430 50
internal_count=144525 54473 49373 13722 8202 5520 5162 2355 35651 22138 16747 13949 8541 5408 5100 4283 4061 1538 794 69 222 201 159 42 3040 90052 58978 817 99 664 2523 450 75 2073 1769 375 2807 60 725 333 2268 153 304 126 935 5356 4736 1351 13513 8764 977 7787 3842 18460 18278 190 132 87 620 5391 430 50
is_linear=0
shrinkage=0.05


Tree=45
num_leaves=63
num_cat=0
split_feature=12 13 17 15 12 14 14 14 16 8 14 5 14 25 24 13 20 8 18 17 15 13 20 20 20 8 9 14 25 20 20 21 25 21 25 9 25 13 12 14 25 13 5 12 17 15 13 12 25 18 8 11 16 14 25 21 21 2 18 21 25 14
split_gain=1.02345 0.271519 0.300183 0.208927 0.185505 0.219364 0.175805 0.175169 0.173216 0.170142 0.16871 0.346273 0.219933 0.169616 0.20357 0.219589 0.156614 0.151414 0.420642 0.201474 0.340388 0.160657 0.218948 0.292235 0.156781 0.142862 0.250678 0.18623 0.139287 0.13915 0.259506 0.221659 0.13628 0.432097 0.321372 0.213891 0.1692 0.157882 0.130409 0.212084 0.287852 0.136014 0.156719 0.14492 0.129175 0.126721 0.171624 0.142785 0.128555 0.126484 0.119448 0.125501 0.1088 0.10596 0.105566 0.315307 0.162367 0.445067 0.094369 0.091282 0.0877417 0.0849824
threshold=1469.5000000000002 5.597182034465022 20.500000000000004 11.500000000000002 740.50000000000011 7.9075498575498591 0.014389233954451347 0.033520599250936332 22.500000000000004 0.6078576107927941 0.66838487972508598 1.0000000180025095e-35 2.2074321214910269 0.7291143834590913 0.75043764710426342 0.23540501008264933 10.500000000000002 1.0000000180025095e-35 9.5000000000000018 3.5000000000000004 15.500000000000002 4.2266975801621216 5.5000000000000009 8.7857141494750994 7.6428573131561288 1.0000000180025095e-35 1.0000000180025095e-35 1.0000000180025095e-35 0.21814115345478061 0.5000000149011613 1.0714285969734194 0.25000000745058065 1.1609040498733523 1.1785714626312258 1.2786934971809389 -0.22252093395631442 1.3571859002113345 0.7787690201820846 1465.5000000000002 0.17963123019302799 0.35544712841510778 0.29348965454379733 1.0000000180025095e-35 1301.5000000000002 4.5000000000000009 24.500000000000004 12.614229103837337 1472.5000000000002 1015.3329162597657 43.500000000000007 -0.8783796973249266 0.25000000000000017 1.0000000180025095e-35 37.395170618854834 5.5865705013275155 0.67857143282890331 1.8214285373687746 11.500000000000002 14.500000000000002 0.39285714924335485 3.5674936771392827 3.8161430119176605
decision_type=2 2 2 2 2 2 2 2 2 2 2 2 2 2 2 2 2 2 2 2 2 2 2 2 2 2 2 2 2 2 2 2 2 2 2 2 2 2 2 2 2 2 2 2 2 2 2 2 2 2 2 2 2 2 2 2 2 2 2 2 2 2
left_child=4 3 -3 10 -1 6 9 59 52 25 11 13 32 14 15 -2 17 21 19 24 -21 50 -23 -24 -19 26 -6 -28 -27 31 -31 -15 33 35 37 -12 -36 -34 41 40 -40 42 -9 -43 -41 46 47 -10 49 -47 51 -5 -4 -51 56 -56 60 -58 -20 -8 -14 -57
right_child=1 2 8 16 5 -7 7 38 45 -11 12 -13 54 29 -16 -17 -18 18 58 20 -22 22 23 -25 -26 28 27 -29 -30 30 -32 -33 34 -35 36 -37 -38 -39 39 44 -42 43 -44 -45 -46 48 -48 -49 -50 53 -52 -53 -54 -55 55 61 57 -59 -60 -61 -62 -63
leaf_value=0.00021711613989438107 -0.0016753479363680547 1.8861553107968719e-05 -0.00025510039471383325 0 0.00072137860619641788 0.00017858066245209165 0.00091182951288907926 -0.0001917869445390832 -0.00089567345643535982 0.00055222083497458055 0.0017011005184159871 -0.0058915661591159348 -0.0011868509440597151 -0.0031562017877111814 -0.0026550780665480864 0.0028750700915395624 0.00034155785283299881 0.00021919708829249066 -0.010057826064888588 -0.0092340444428713822 -0.00046414869562704902 0.00039559867558779636 -0.00575207319499077 0.001041307554473702 -0.0038933858614658163 -0.0057977930756177437 -0.0011826508931632672 -0.0049933129675377901 -0.00080057375435459664 -0.0030739620488520331 -0.00020582911057637419 0.00074348123502024008 0.0074298041814220535 -0.0074876928714091894 -0.0029824263204883163 -0.0018654497124998928 0.00030541699775954553 0.0012531405290612928 0.0012042997590818133 -4.8820603000741228e-05 -0.0032623352883890534 0.00030190558110703466 0.00075683434123225931 1.6524297289111449e-05 -0.00060798501525479744 -0.00016624040493514044 -2.3163201243904402e-05 -0.0052449774802954541 0.00011219216212744659 -0.00148545242505118 0.00060644941610276 -0.0050294694400126981 0.00011605306725297453 -0.00046535024278791435 -0.0049555255398102665 -0.00062766551855008971 -0.0011832490819086658 -0.0074005645186224073 -0.0044627492550056219 -0.0023709922783977187 0.00092074997316626047 0.00016031555800359579
leaf_weight=25499 36 19165 3351 24 114 23725 648 8510 76 128 79 36 81 48 37 90 107 105 20 21 26 42 59 20 29 36 118 47 27 195 139 148 23 23 40 89 1344 23 49 4579 123 5847 457 18781 1343 4154 4467 27 1276 265 147 22 4791 11801 36 646 477 31 20 21 125 712
leaf_count=25499 36 19165 3351 24 114 23725 648 8510 76 128 79 36 81 48 37 90 107 105 20 21 26 42 59 20 29 36 118 47 27 195 139 148 23 23 40 89 1344 23 49 4579 123 5847 457 18781 1343 4154 4467 27 1276 265 147 22 4791 11801 36 646 477 31 20 21 125 712
internal_value=-5.86295e-07 -0.000171696 -0.000135681 -0.000519367 0.000102863 5.7655e-05 -1.24923e-05 -1.17035e-06 -0.000233893 -0.000973842 -0.000396321 -0.00109407 -0.000258548 -0.000836826 0.000552179 0.001535 -0.00136581 -0.00171663 -0.00273214 -0.00166876 -0.00450006 -0.000985324 -0.00241422 -0.00396988 -0.000635794 -0.00155961 -0.00104818 -0.00230076 -0.00374003 -0.00127347 -0.00189572 -0.000187168 0.000176961 -0.00107075 0.000347173 -0.000158563 0.000206572 0.00445935 -1.48192e-05 -0.000227696 -0.00196085 2.36475e-05 -0.000142875 8.44814e-05 -0.000176481 -0.000306652 -7.08457e-05 -0.00208826 -0.000367959 -0.00040604 -6.28048e-05 -0.00230664 -3.60896e-05 -0.000488181 -0.000595808 -0.000337328 -0.00109334 -0.00157387 -0.00740308 0.00080097 6.75993e-05 -0.000210864
internal_weight=144525 54473 49373 5100 90052 64553 40828 40358 30208 470 4458 729 3729 693 163 126 642 535 221 181 47 314 121 79 134 342 279 165 63 530 334 196 1621 191 1430 168 1384 46 39689 6094 172 33595 8967 24628 5922 22066 4570 103 17496 16220 193 46 8142 12066 2108 1394 714 508 40 669 206 1358
internal_count=144525 54473 49373 5100 90052 64553 40828 40358 30208 470 4458 729 3729 693 163 126 642 535 221 181 47 314 121 79 134 342 279 165 63 530 334 196 1621 191 1430 168 1384 46 39689 6094 172 33595 8967 24628 5922 22066 4570 103 17496 16220 193 46 8142 12066 2108 1394 714 508 40 669 206 1358
is_linear=0
shrinkage=0.05


Tree=46
num_leaves=63
num_cat=0
split_feature=19 0 0 0 0 21 22 0 0 13 0 0 22 21 0 0 25 14 13 15 2 16 24 22 13 21 22 25 22 24 0 0 18 3 22 14 0 21 20 20 14 22 14 0 0 0 14 14 11 14 25 20 14 13 14 11 14 25 19 23 3 22
split_gain=0.421731 0.279739 0.428036 0.281845 0.348791 0.495474 0.268421 0.226433 0.863734 0.470088 0.382064 0.18309 0.254184 0.13145 0.123719 0.34625 0.156034 0.160757 0.292944 0.21849 0.21746 0.160452 0.160947 0.149506 0.120242 0.117112 0.152578 0.11701 0.135703 0.115877 0.123283 0.119141 0.237975 0.310551 0.362772 0.130286 0.111798 0.103619 0.115943 0.107562 0.102716 0.0994259 0.0992258 0.0976411 0.0952941 0.123557 0.150062 0.0994861 0.30383 0.0913148 0.118923 0.101903 0.0841285 0.0832763 0.301954 0.455856 0.100903 0.095356 0.0755216 0.134535 0.30432 0.0753099
threshold=3.5000000000000004 1127.5000000000002 1121.5000000000002 1109.5000000000002 1092.5000000000002 158.17856597900393 158.25000000000003 869.50000000000011 848.50000000000011 440.84422146753121 600.50000000000011 876.50000000000011 7.7166664600372323 48.750000000000007 353.50000000000006 266.50000000000006 1.8315559029579165 25.859126984126988 30.281716806539865 46.500000000000007 4.5000000000000009 27.500000000000004 18.661604881286625 0.68333333730697643 259.92204015330725 26.821429252624515 9.1500000953674334 352.63537597656256 440.58334350585943 17.573784828186039 433.50000000000006 442.50000000000006 1.0000000180025095e-35 3.5000000000000004 0.45000000298023229 0.58380149812734095 397.50000000000006 1.6071428656578066 1.6428571343421938 1.214285731315613 0.69752141982864146 486.01667785644537 0.33508771929824566 1256.5000000000002 65.500000000000014 39.500000000000007 0.30368444846292952 4.880476190476192 1.0000000180025095e-35 36.400252525252533 91.555351257324233 45.928571701049812 37.395170618854834 0.17328655817043084 0.23164313222079594 0.6830127018922193 0.074271079590228536 0.32543723285198217 1.0000000180025095e-35 1.0908710956573489 3.5000000000000004 44.116666793823249
decision_type=2 2 2 2 2 2 2 2 2 2 2 2 2 2 2 2 2 2 2 2 2 2 2 2 2 2 2 2 2 2 2 2 2 2 2 2 2 2 2 2 2 2 2 2 2 2 2 2 2 2 2 2 2 2 2 2 2 2 2 2 2 2
left_child=14 2 3 4 7 13 61 8 10 -10 -2 12 -9 -6 15 44 37 18 21 20 -20 23 -23 -18 -13 26 -19 28 -3 30 36 32 33 34 -32 -34 52 38 39 42 -37 -5 -17 -30 45 58 -47 48 -48 51 -51 -27 -16 54 56 -56 -46 -58 -1 60 -60 -4
right_child=1 27 6 41 5 -7 -8 11 9 -11 -12 24 -14 -15 29 16 17 25 19 -21 -22 22 -24 -25 -26 49 -28 -29 43 -31 31 -33 35 -35 -36 40 -38 -39 -40 -41 -42 -43 -44 -45 53 46 47 -49 -50 50 -52 -53 -54 -55 55 -57 57 -59 59 -61 -62 -63
leaf_value=0.00031212486697159878 -0.00020992269653307576 6.7248061953615514e-05 -0.0024437779486701588 0.00043810338390220773 0.00053542031899793863 -0.002712662647203783 -0.0015226559888704791 -0.0021885764390940847 -0.00070992038700667612 -0.0023764936690652454 0.00028911445862297226 0.00012050791319876563 0.0010957719529559498 -0.00081032652046553449 3.8755931180697617e-05 0.00030378047352150106 -0.0040403523437463201 -0.0034659481239018596 -0.0093649452313825151 0.00016035202259453833 -0.0025229913256128809 -0.0036756788445985486 -0.00066865384697257146 -0.00052347122878764472 -0.00052864526808750923 -0.0026179346334205956 0.0009858188204524671 0.00050539176797200229 -0.0014714115140326428 0.0002072970850475032 -4.9147034142259395e-05 4.7756878167615782e-05 0.0030867028493519384 0.00040743128002989644 -0.0045759264426265085 -0.0033016897988185946 0.0006111476183677468 0.001920485183138701 -0.0030856680429038105 0.0026505025972303311 0.00083753576913225467 0.0017304530199659597 -0.0010960092093135448 -0.00013880342666272417 0.00036055457751695577 0.00060525628596637361 -0.00020556284482629953 -0.00038307063096944217 -0.0029145099122163151 0.00052760650808791095 -0.00066700868609695634 9.0503626844475683e-05 -0.0032236688597178757 0.00019857489138401659 0.00012038606653739678 -0.0098878947049564694 -0.0015295597264295977 0 0.00063008302310576516 0.00014538601890883043 -0.0048333859641826208 5.0273590769342386e-05
leaf_weight=1228 22363 11751 32 700 262 317 945 63 1585 585 4622 4832 740 568 1118 565 31 20 23 21 29 88 100 2294 836 87 314 1451 247 17069 76 53185 48 122 114 20 1850 78 29 40 57 196 163 331 536 242 250 714 182 348 511 52 20 9223 24 20 183 237 49 204 50 485
leaf_count=1228 22363 11751 32 700 262 317 945 63 1585 585 4622 4832 740 568 1118 565 31 20 23 21 29 88 100 2294 836 87 314 1451 247 17069 76 53185 48 122 114 20 1850 78 29 40 57 196 163 331 536 242 250 714 182 348 511 52 20 9223 24 20 183 237 49 204 50 485
internal_value=-5.77385e-07 -0.000113001 -0.000181264 -0.000148529 -0.000169988 -0.00102885 -0.00102122 -0.000142194 -0.000201645 -0.0011616 -0.000124261 0.000124892 0.000831629 -0.000379488 6.42974e-05 -5.32938e-05 -0.000417238 -0.000552373 -0.00078252 -0.00391745 -0.00565738 -0.000689312 -0.00210398 -0.000572685 2.38715e-05 -0.000101775 0.000703323 8.04834e-05 3.00667e-05 9.29894e-05 5.84348e-05 4.09118e-05 -0.000780545 -0.00152549 -0.00279249 0.00103861 0.000371213 0.000182138 5.51933e-06 0.00012914 -0.000175625 0.000726546 -2.87427e-06 -0.000717079 7.90613e-05 -0.000172102 -0.000514489 -0.000755339 -0.00135881 -0.00037627 -0.000177218 -0.00156942 -1.44651e-05 0.000151267 -0.000280033 -0.00432756 -8.80829e-05 -0.000672481 0.000135052 -0.000565959 -0.00208088 -9.48705e-05
internal_weight=144525 52911 39131 37669 36773 1147 1462 35626 29155 2170 26985 6471 803 830 91614 17935 4793 3918 2586 73 52 2513 188 2325 5668 1332 334 13780 12329 73679 56610 53622 437 312 190 125 2988 875 797 768 77 896 728 578 13142 2919 1388 1146 432 998 859 139 1138 10223 1000 44 956 420 1531 303 99 517
internal_count=144525 52911 39131 37669 36773 1147 1462 35626 29155 2170 26985 6471 803 830 91614 17935 4793 3918 2586 73 52 2513 188 2325 5668 1332 334 13780 12329 73679 56610 53622 437 312 190 125 2988 875 797 768 77 896 728 578 13142 2919 1388 1146 432 998 859 139 1138 10223 1000 44 956 420 1531 303 99 517
is_linear=0
shrinkage=0.05


Tree=47
num_leaves=63
num_cat=0
split_feature=12 0 0 25 0 0 12 25 0 0 21 0 0 23 23 8 22 25 15 3 22 14 3 22 12 0 21 0 0 25 22 3 25 12 14 0 0 12 21 0 14 0 21 11 14 12 14 12 14 0 0 12 8 23 0 14 12 3 10 10 12 12
split_gain=0.870712 0.326666 0.376808 0.273597 0.282412 0.477981 0.227927 0.263969 0.216667 0.285906 0.427434 0.208903 0.221597 0.201777 0.198083 0.530436 0.708775 0.53131 0.404235 0.394048 0.276369 0.197632 0.176398 0.174393 0.158022 0.14623 0.215941 0.143709 0.191757 0.13787 0.130982 0.149997 0.235863 0.199306 0.129146 0.103587 0.551536 0.348508 0.188976 0.170288 0.275394 0.177277 0.146246 0.101877 0.10013 0.143887 0.125523 0.0970364 0.0905022 0.300891 0.522881 0.372963 0.123704 0.16677 0.143046 0.0903786 0.14744 0.218417 0.201663 0.451219 0.207866 0.164673
threshold=1471.5000000000002 1127.5000000000002 1121.5000000000002 1.068082928657532 326.50000000000006 320.50000000000006 1380.0000000000002 7.9771583080291757 411.50000000000006 455.50000000000006 8.3214282989501971 46.500000000000007 276.50000000000006 187.51895141601565 0.77136236429214489 0.6078576107927941 0.45000000298023229 0.88441157341003429 1.5000000000000002 3.5000000000000004 0.55000001192092907 928.33283705541783 1.5000000000000002 0.38333334028720861 1473.5000000000002 397.50000000000006 248.25000000000003 1167.5000000000002 1238.5000000000002 14.223200321197512 5.116666555404664 1.0000000180025095e-35 7.1695797443389901 1464.5000000000002 8.1626028202115162 238.50000000000003 328.50000000000006 1446.0000000000002 2.4642857313156132 312.50000000000006 6.9602631578947376 291.50000000000006 9.8214282989501971 -0.24999999999999994 123.93088803088804 1473.5000000000002 39.403535980148895 1473.5000000000002 0.23164313222079594 1794.0000000000002 1729.5000000000002 1387.5000000000002 0.6078576107927941 3.2950099706649785 69.500000000000014 0.014389233954451347 744.50000000000011 5.5000000000000009 1.0000000180025095e-35 -0.5 1055.5000000000002 914.00000000000011
decision_type=2 2 2 2 2 2 2 2 2 2 2 2 2 2 2 2 2 2 2 2 2 2 2 2 2 2 2 2 2 2 2 2 2 2 2 2 2 2 2 2 2 2 2 2 2 2 2 2 2 2 2 2 2 2 2 2 2 2 2 2 2 2
left_child=6 2 3 14 5 11 55 30 25 13 -11 24 -13 -10 15 17 -17 20 22 -20 -2 47 -16 -24 -5 26 -6 -3 -29 43 34 32 -32 -34 48 -9 37 38 -37 41 -41 -39 -40 -30 46 -46 -7 -4 49 50 -8 -51 54 -54 -50 56 -1 58 59 60 -58 -59
right_child=1 27 21 4 8 44 7 35 9 10 -12 12 -14 -15 18 16 -18 -19 19 -21 -22 -23 23 -25 -26 -27 -28 28 29 -31 31 -33 33 -35 -36 36 -38 39 42 40 -42 -43 -44 -45 45 -47 -48 -49 52 51 -52 -53 53 -55 -56 -57 57 61 -60 -61 -62 -63
leaf_value=4.1154093186350854e-05 -0.00073661310127889272 0.00060726396018471194 -0.00020703151689288382 -0.001195668580685944 -0.00024258512575444643 -0.002045619210390346 -0.00045480661079403501 0.00029075929829678172 -0.0010512563053807805 -0.00096047900147101849 -4.2635060435699811e-06 0.00014071195847469649 -0.00042250113368473341 -0.00010175337903261107 -0.0018727471494690746 -0.00094099446494808406 -0.012396125490130904 -0.0062604878303617485 0 -0.0088123336051787841 0.0049258331625699151 -0.0021484450087995931 -0.0019310921889298888 0.0031337553644765767 -0.00024198695694022649 0.0013350953883180632 0.00078083599745401978 -0.00040880107567981162 -0.0020204321316610141 0.00023625814532150422 -0.00034947940858530945 -0.00044490562271305462 -0.00056801869454506729 -0.0069773906328485782 0.00088951732261235484 -0.0072726454647636281 0.00011629921007374149 -0.00039709168481315797 -0.00092174685224083095 -0.0033316566848155984 -0.00062131345739934818 0.0012634177838679549 -0.004559392203229643 -4.8175405124872706e-06 -0.00065259909082385366 -0.0020309952011012167 -0.00013260220072387985 -0.0010745966167196661 -0.0010086228506785285 -0.0045764577248667039 -0.0033614788570131234 0.0006817200542665263 0.0004051841446743097 -0.00023154936311709832 -0.00011927995043396549 0.00018743784839797615 0.0017097072909779594 -0.0069566929327004928 0.00063895782837586378 -0.0065526063023550619 -0.0024215808314745602 -0.0013347236445213012
leaf_weight=2183 89 1143 550 992 1220 120 1940 5502 1422 1275 14136 3187 3838 943 37 28 28 37 25 24 28 308 20 83 800 322 887 2011 119 4595 74 801 21 36 322 22 33782 2223 91 125 403 172 43 143 289 627 323 838 472 35 169 766 2640 1674 11901 38247 62 25 177 38 59 33
leaf_count=2183 89 1143 550 992 1220 120 1940 5502 1422 1275 14136 3187 3838 943 37 28 28 37 25 24 28 308 20 83 800 322 887 2011 119 4595 74 801 21 36 322 22 33782 2223 91 125 403 172 43 143 289 627 323 838 472 35 169 766 2640 1674 11901 38247 62 25 177 38 59 33
internal_value=-5.53121e-07 -0.000197319 -0.000267895 -0.000227704 -0.000210427 -0.000425389 7.59714e-05 1.64102e-05 -0.000101915 -0.00016263 -8.37044e-05 -0.000290115 -0.000166281 -0.000674794 -0.00153033 -0.00259045 -0.00676957 -0.00103492 -0.000325229 -0.00424892 0.000578853 -0.000994307 0.00101443 0.00210087 -0.000772745 0.000340347 0.000185896 8.8169e-05 1.04354e-06 0.000171771 -0.000129129 -0.000709344 -0.00228654 -0.00470874 -0.000101726 8.81623e-05 5.77857e-05 -0.000582569 -0.0028905 -0.00045759 -0.00127294 -0.000275705 -0.00212887 -0.000939805 -0.00129926 -0.00160168 -0.00066243 -0.000734463 -0.000118273 -0.000375989 -0.000690245 0.000445178 -7.30291e-05 0.000156948 -0.000153618 0.000168076 -0.000117336 -0.00100794 -0.000501153 -0.00180136 -0.00026377 -0.00385185
internal_weight=144525 40487 32476 30780 30381 10176 104038 63214 20205 17776 15411 8817 7025 2365 399 210 56 154 189 49 117 1696 140 103 1792 2429 2107 8011 6868 4857 20851 932 131 57 19919 42363 36861 3079 156 2923 528 2395 134 262 1359 916 443 1388 19597 2910 2109 801 16687 4314 12373 40824 2577 394 336 159 121 58
internal_count=144525 40487 32476 30780 30381 10176 104038 63214 20205 17776 15411 8817 7025 2365 399 210 56 154 189 49 117 1696 140 103 1792 2429 2107 8011 6868 4857 20851 932 131 57 19919 42363 36861 3079 156 2923 528 2395 134 262 1359 916 443 1388 19597 2910 2109 801 16687 4314 12373 40824 2577 394 336 159 121 58
is_linear=0
shrinkage=0.05


Tree=48
num_leaves=63
num_cat=0
split_feature=12 13 0 0 17 15 0 22 17 12 14 12 0 0 13 0 22 25 12 25 13 20 13 13 0 22 14 14 21 21 20 20 22 14 3 24 21 8 18 20 0 0 22 12 20 13 24 0 25 22 25 20 21 25 21 13 21 13 25 22 24 25
split_gain=0.792432 0.22472 0.305742 0.351512 0.197822 0.190858 0.249936 0.2436 0.591478 0.192918 0.182484 0.169946 0.206162 0.66226 0.487612 0.25048 0.16583 0.156196 0.15482 0.252733 0.151817 0.166597 0.149095 0.187472 0.173887 0.169614 0.154791 0.14241 0.224631 0.403681 0.262332 0.282032 0.242554 0.198376 0.17056 0.174245 0.287088 0.265406 0.13736 0.13517 0.133847 0.482063 0.218084 0.244672 0.181871 0.177137 0.175098 0.167708 0.167323 0.143126 0.122646 0.147668 0.203761 0.138141 0.1181 0.111449 0.265144 0.197762 0.132328 0.10927 0.10912 0.107002
threshold=1469.5000000000002 5.597182034465022 328.50000000000006 320.50000000000006 24.500000000000004 11.500000000000002 1170.5000000000002 3.9833333492279057 2.5000000000000004 1472.5000000000002 4.5847605224963717 1472.5000000000002 1127.5000000000002 1092.5000000000002 673.12306270159718 874.00000000000011 3.6500000953674321 294.07920837402349 1159.5000000000002 3.6762675046920781 4.6609049532185978 8.5000000000000018 1096.8329721921275 593.01489036182454 326.50000000000006 87.416667938232436 31.973328591749645 0.66838487972508598 0.96428570151329052 1.1071428656578066 1.3571428656578066 2.0714285373687749 0.88333332538604747 2.2074321214910269 4.5000000000000009 0.62228676676750194 0.25000000745058065 0.87837969732492682 2.5000000000000004 0.78571429848670971 60.500000000000007 254.50000000000003 42.349998474121101 1473.5000000000002 6.7857143878936776 6.6403386760736787 50.657327651977546 49.500000000000007 12.483206748962404 16.250000000000004 0.69685250520706188 1.0000000180025095e-35 0.75000000000000011 2.4458503723144536 379.14286804199224 74.884008507691561 127.67857360839845 55.038455681225805 26.838565826416019 9.1500000953674334 4.5346648693084726 457.00421142578131
decision_type=2 2 2 2 2 2 2 2 2 2 2 2 2 2 2 2 2 2 2 2 2 2 2 2 2 2 2 2 2 2 2 2 2 2 2 2 2 2 2 2 2 2 2 2 2 2 2 2 2 2 2 2 2 2 2 2 2 2 2 2 2 2
left_child=18 5 3 40 55 27 7 8 16 20 -11 61 13 15 -15 -13 38 54 -1 60 -9 -22 23 25 -25 26 -5 28 34 32 39 -32 -30 50 35 36 -2 -37 -7 -31 42 46 44 -44 59 -43 49 -46 -47 -42 -29 53 -53 -52 -14 56 57 58 -4 -3 -20 -6
right_child=1 2 4 22 11 6 -8 9 -10 10 -12 12 17 14 -16 -17 -18 -19 19 -21 21 -23 -24 24 -26 -27 -28 33 29 30 31 -33 -34 -35 -36 37 -38 -39 -40 -41 41 45 43 -45 47 48 -48 -49 -50 -51 51 52 -54 -55 -56 -57 -58 -59 -60 -61 -62 -63
leaf_value=0.00018082023989090859 -0.0007288312561704851 -0.00069968881475013841 -0.00010497593069951812 -0.0022477419177638121 6.3882940040245416e-05 -0.00038512389780393533 0.0011646555370278088 0.00057670643885261903 -0.010041306390877251 -0.0056370473047137864 -0.00033491580163903323 -0.00031609939552397037 -1.1173625822623087e-05 -0.00063423566886304679 -0.0023584861066024195 0.00024448155789362247 -0.0056407406965406229 0.00041642497814400035 -0.00012283320669973858 0.00011267628842294197 -0.0035887489685154958 0 -0.0019426142388329383 -0.00081330864555390634 0.00081871096467552279 -0.0018096846136621038 -0.00023742028231817363 -0.0027207152208212518 -0.0025627911127918393 -0.00084145515860314382 -0.0071898429518943768 0 -0.01059687900698293 -0.00054352056166019494 0.0010441795780340038 -0.0022653334489326168 0.0049440289562715286 0.0013608715235071253 -0.0047839814957180713 0.0042763134552053798 0.0005841427313759785 0.00076837642552292861 -0.0023241544749214786 -0.0006040080956615084 0.00022169607088336069 -0.0017671791851507938 0.00080930821376274178 -0.0012451259711426987 -0.00037910171496389989 -0.00044938658658609835 -0.0047109744356897045 0.0018433007928092119 0.00014077375769529191 -0.00030444053246929452 -0.00081418732748487837 0.00030461219031229208 -0.0050280622366309109 -0.00065866231382369573 0.00030679730368202271 -0.0029051572164812312 0.0011047172171274944 0.0012018093945233583
leaf_weight=31074 92 215 3842 117 5175 108 88 176 27 38 32 7115 2484 1335 600 2758 26 1890 18278 40518 60 65 304 350 305 503 572 35 20 25 26 29 22 2108 129 273 29 60 22 24 612 319 287 787 1445 229 1456 225 5176 739 27 205 1294 60 565 4749 26 957 3939 81 182 216
leaf_count=31074 92 215 3842 117 5175 108 88 176 27 38 32 7115 2484 1335 600 2758 26 1890 18278 40518 60 65 304 350 305 503 572 35 20 25 26 29 22 2108 129 273 29 60 22 24 612 319 287 787 1445 229 1456 225 5176 739 27 205 1294 60 565 4749 26 957 3939 81 182 216
internal_value=-5.73742e-07 -0.000151142 -0.000118367 -0.000318973 -4.10129e-05 -0.000467452 -0.00127636 -0.00167327 -0.00317696 -0.000917423 -0.00328848 -0.000133134 -0.000211836 -0.000325359 -0.00117157 -0.000158995 -0.00195119 5.85595e-05 9.04506e-05 4.27521e-05 -0.0003485 -0.00169058 -0.000906602 -0.00073328 -4.57192e-05 -0.00110686 -0.000586328 -0.000349813 -0.000990922 -0.00275261 -0.00102261 -0.00341909 -0.00690506 -0.000223116 -0.000540773 -0.00100226 0.000592452 -0.00159674 -0.00117108 0.00156698 -0.000209296 -0.000107031 -0.00049462 -0.0010685 -0.000178534 -0.000370703 0.000428857 2.10138e-05 -0.000438869 1.51078e-05 0.000190472 0.000258037 0.00037705 -0.00173323 -0.000161639 0.000109536 3.25637e-06 1.88567e-05 0.000102836 -0.00132088 -0.000110454 0.000110425
internal_weight=144525 54473 49373 13722 35651 5100 642 554 183 371 70 22138 16747 11808 1935 9873 156 4939 90052 58978 301 125 2151 1847 655 1192 689 4458 729 146 104 55 42 3729 583 454 121 333 130 49 11571 8531 3040 1074 1966 5724 2807 1670 5405 1351 1621 1586 1499 87 3049 13513 8764 8738 7781 296 18460 5391
internal_count=144525 54473 49373 13722 35651 5100 642 554 183 371 70 22138 16747 11808 1935 9873 156 4939 90052 58978 301 125 2151 1847 655 1192 689 4458 729 146 104 55 42 3729 583 454 121 333 130 49 11571 8531 3040 1074 1966 5724 2807 1670 5405 1351 1621 1586 1499 87 3049 13513 8764 8738 7781 296 18460 5391
is_linear=0
shrinkage=0.05


Tree=49
num_leaves=63
num_cat=0
split_feature=12 0 24 24 21 0 2 22 25 22 0 0 25 0 12 24 25 0 0 0 0 0 23 0 12 14 20 14 20 21 0 21 14 0 0 24 12 0 24 12 24 22 14 0 17 2 14 12 2 0 0 12 0 22 0 24 0 0 15 16 0 25
split_gain=0.719283 0.273545 0.269529 0.343303 0.62061 0.280877 0.244645 0.370331 0.298213 0.380161 0.238052 0.39429 0.225353 0.193149 0.191014 0.227739 0.184601 0.178594 0.183348 0.169589 0.263564 0.327384 0.234624 0.16651 0.13755 0.131941 0.125064 0.121511 0.275234 0.227545 0.103643 0.18799 0.0899663 0.271264 0.472004 0.595661 0.336798 0.232914 0.152154 0.123518 0.186356 0.142644 0.0963811 0.0858463 0.083108 0.11633 0.0828822 0.132449 0.199027 0.277221 0.285689 0.159172 0.149739 0.211117 0.411781 0.0812758 0.0802154 0.142999 0.108948 0.0929946 0.0760889 0.113423
threshold=1471.5000000000002 1130.5000000000002 1.1459335684776308 1.0324271321296694 0.75000000000000011 1121.5000000000002 6.5000000000000009 0.88333332538604747 1.0048722028732302 0.45000000298023229 326.50000000000006 320.50000000000006 0.60122093558311474 1167.5000000000002 1380.0000000000002 20.312125205993656 483.34988403320318 46.500000000000007 286.50000000000006 411.50000000000006 455.50000000000006 526.50000000000011 0.92546257376670849 1238.5000000000002 1473.5000000000002 19.095817545904989 0.21428572386503222 0.61209259823332329 0.6428571641445161 0.82142856717109691 397.50000000000006 248.25000000000003 0.23164313222079594 1794.0000000000002 1729.5000000000002 0.81360203027725231 1387.5000000000002 1349.5000000000002 1.1459335684776308 1466.5000000000002 0.8467639982700349 0.55000001192092907 0.2422647527910686 1729.5000000000002 938.50000000000011 2.5000000000000004 0.014389233954451347 744.50000000000011 6.5000000000000009 2129.5000000000005 1812.0000000000002 1206.0000000000002 1043.5000000000002 1.0000000180025095e-35 1999.5000000000002 1.1590536236763003 1333.5000000000002 1362.5000000000002 1.0000000180025095e-35 4.5000000000000009 1217.5000000000002 91.555351257324233
decision_type=2 2 2 2 2 2 2 2 2 2 2 2 2 2 2 2 2 2 2 2 2 2 2 2 2 2 2 2 2 2 2 2 2 2 2 2 2 2 2 2 2 2 2 2 2 2 2 2 2 2 2 2 2 2 2 2 2 2 2 2 2 2
left_child=14 2 3 6 -5 10 12 8 9 -8 11 17 -2 -3 46 25 -7 24 -19 30 22 -22 -21 60 -4 32 -25 28 -14 -29 31 -12 33 34 37 -36 -35 -16 -38 42 -41 -42 55 -44 45 -13 47 -1 52 50 51 -50 -49 54 -54 -34 58 -58 59 -28 -15 -62
right_child=1 13 5 4 -6 16 7 -9 -10 -11 19 44 27 23 15 -17 -18 18 -20 20 21 -23 -24 26 -26 -27 56 29 -30 -31 -32 -33 39 36 35 -37 38 -39 -40 40 41 -43 43 -45 -46 -47 -48 48 49 -51 -52 -53 53 -55 -56 -57 57 -59 -60 -61 61 -63
leaf_value=3.0055888630808975e-05 -0.0035377331700607775 0.00079547999288084696 -0.0011016758980826869 0.00048838398495922876 -0.010481073047855794 -0.0005881554105853611 0.00067332720928259216 -0.0070514033387396001 0.0029202718197669144 -0.0047915906809092249 -0.00021968347974893256 8.0143575418181997e-05 0.001232436677666565 2.3776279390498564e-05 -0.00064701173842634542 0.00013333317062982276 -0.001921001426548398 7.5954564718492656e-05 -0.00043937717075174712 -0.0055647928895683832 0.00055394364785052864 -0.00015075467728448437 -0.00057924541598060016 -0.0035843808646945962 -0.00021116860398828486 0.00031980478178755714 -0.0025750630862697577 0.00030634406156744288 -0.0039147782447629328 0.0055213347340895046 0.0011788874057603994 0.00073502245437336629 0.0019506793656937325 -0.0043421626122843509 -0.0046081468670653922 0.002971107531877959 0.00087307403112504378 0.00093220687692480348 -0.0016321325442895365 0.00081755689033666994 -0.0022916923666330817 -0.0002178105896598602 3.7511980072074448e-05 -0.00025958643377025357 -0.0019310174063991517 -0.0012192166391813059 0.0001718403166157994 0.0022948954015332749 -0.00088414701087541825 0.0020372981852417589 -0.006997473274262163 -0.0058864502745926079 -0.0069175157138955936 0.00062954604915154333 0.001598316189906409 -0.0006348924154019732 -0.0010391920844005169 0.00011788725745370913 0.00046355164360295271 0 -0.00033824726164676379 -0.001436967629652049
leaf_weight=2183 37 857 992 23 27 1668 55 34 33 71 1220 207 80 716 1671 24619 314 3979 3031 24 1876 13476 2338 22 799 2140 54 71 38 31 300 887 113 35 138 31 701 269 65 436 84 10943 19146 2785 299 852 38247 56 96 31 36 20 32 99 24 38 306 2078 2301 96 977 318
leaf_count=2183 37 857 992 23 27 1668 55 34 33 71 1220 207 80 716 1671 24619 314 3979 3031 24 1876 13476 2338 22 799 2140 54 71 38 31 300 887 113 35 138 31 701 269 65 436 84 10943 19146 2785 299 852 38247 56 96 31 36 20 32 99 24 38 306 2078 2301 96 977 318
internal_value=-5.73884e-07 -0.000179416 -0.000242565 -0.00139636 -0.00534442 -0.000224524 -0.000945487 -0.0022909 -0.00123772 -0.00236782 -0.000186563 -0.000384005 4.59347e-05 8.77557e-05 6.89755e-05 1.44431e-05 -0.000801921 -0.000260909 -0.000146156 -8.6625e-05 -0.000140328 -6.43125e-05 -0.000632253 0 -0.000707229 -6.12652e-05 0.000157849 0.000672693 -0.000384715 0.00194412 0.000306504 0.000179869 -8.37729e-05 -0.000350812 -0.000649257 -0.00318737 0.000428724 -0.000425424 0.000653779 -6.04575e-05 -0.00019364 -0.000234083 8.45329e-06 0 -0.00117802 -0.000960529 0.000153294 -0.000120026 -0.000964055 -0.00217113 -0.00306307 -0.00179401 5.96817e-05 -0.000716601 -0.0031824 0.00126693 0.000175985 -2.85706e-05 0.000376982 -0.000917111 -0.000383161 -0.000612
internal_weight=144525 40487 32762 500 50 32262 450 193 159 126 30280 10159 257 7725 104038 63214 1982 8801 7010 20121 17714 15352 2362 6868 1791 38595 4857 220 118 102 2407 2107 36455 2910 2109 169 801 1940 766 33545 11463 11027 22082 21931 1358 1059 40824 2577 394 183 152 116 211 155 56 151 4835 2384 2451 150 2011 1295
internal_count=144525 40487 32762 500 50 32262 450 193 159 126 30280 10159 257 7725 104038 63214 1982 8801 7010 20121 17714 15352 2362 6868 1791 38595 4857 220 118 102 2407 2107 36455 2910 2109 169 801 1940 766 33545 11463 11027 22082 21931 1358 1059 40824 2577 394 183 152 116 211 155 56 151 4835 2384 2451 150 2011 1295
is_linear=0
shrinkage=0.05


Tree=50
num_leaves=63
num_cat=0
split_feature=12 13 0 0 19 0 0 23 22 25 17 21 22 0 11 6 8 0 22 19 2 25 21 13 5 0 0 25 13 0 22 22 13 0 16 0 0 20 0 13 22 16 0 12 12 13 3 13 2 12 10 0 0 0 13 13 22 23 0 0 0 10
split_gain=0.652634 0.189305 0.255682 0.294362 0.179676 0.160859 0.272114 0.267345 0.213728 0.232502 0.313509 0.253493 0.234758 0.176198 0.177126 0.175825 0.279691 0.474286 0.229319 0.227973 0.41753 0.171238 0.601547 0.304374 0.141173 0.137906 0.934225 0.360057 0.265228 0.568637 0.208015 0.200106 0.162455 0.144652 0.131565 0.136153 0.166347 0.373273 0.230767 0.158268 0.162772 0.13061 0.13551 0.145659 0.129135 0.168675 0.124512 0.123927 0.316514 0.168122 0.44145 0.126187 0.341412 0.329918 0.122068 0.163601 0.148816 0.165875 0.139261 0.120258 0.230181 0.115386
threshold=1469.5000000000002 5.597182034465022 328.50000000000006 320.50000000000006 4.5000000000000009 1170.5000000000002 1109.5000000000002 4.7106740474700937 1.1499999761581423 1.0048722028732302 1.5000000000000002 0.96428570151329052 0.68333333730697643 1295.5000000000002 0.6830127018922193 1.0000000180025095e-35 1.0000000180025095e-35 419.50000000000006 3.3499999046325688 5.5000000000000009 9.5000000000000018 8.1988573074340838 1.3214285373687746 4.07316557784078 1.0000000180025095e-35 848.50000000000011 854.50000000000011 113.35121154785158 440.84422146753121 852.50000000000011 667.10000610351574 93.350002288818374 1313.683155277834 690.50000000000011 18.500000000000004 286.50000000000006 312.50000000000006 128.64285278320315 302.50000000000006 57.42212993923706 42.349998474121101 1.5000000000000002 60.500000000000007 1470.5000000000002 740.50000000000011 1.9518080787228189 1.0000000180025095e-35 0.03054212465602214 1.5000000000000002 1346.5000000000002 -0.24999999999999994 1055.5000000000002 1812.0000000000002 802.50000000000011 1096.8329721921275 593.01489036182454 87.416667938232436 98.523986816406264 326.50000000000006 897.50000000000011 869.50000000000011 -0.93301270189221919
decision_type=2 2 2 2 2 2 2 2 2 2 2 2 2 2 2 2 2 2 2 2 2 2 2 2 2 2 2 2 2 2 2 2 2 2 2 2 2 2 2 2 2 2 2 2 2 2 2 2 2 2 2 2 2 2 2 2 2 2 2 2 2 2
left_child=44 5 3 34 -4 6 7 21 9 10 12 -11 -8 14 24 19 18 -18 -17 -9 -21 61 -23 -24 -7 27 28 31 29 -27 -30 -6 -29 -33 41 39 38 -38 -37 40 -36 42 -3 -44 -1 47 -15 48 -46 51 -51 53 -53 -50 55 56 57 -5 -57 60 -28 -2
right_child=1 2 4 54 25 13 8 15 -10 11 -12 -13 -14 46 -16 16 17 -19 -20 20 -22 22 23 -25 -26 26 59 32 30 -31 -32 33 -34 -35 35 36 37 -39 -40 -41 -42 -43 43 -45 45 -47 -48 -49 49 50 -52 52 -54 -55 -56 58 -58 -59 -60 -61 -62 -63
leaf_value=0.00017738289791111042 -0.0018600419268045437 -0.00088077282121884091 0.00013982165399441709 -0.00076848215381709753 -0.00015717620250067267 0.00014047844753801541 -0.0075213534130419884 -0.00039453061744903323 -0.006399200905406072 0.0023393939480780474 0.001694028881739183 -0.0030000334515203684 -0.0018501476167946517 0.0016694840782655344 0.0015937592234183393 -0.0046508425617732873 -0.011213387788816299 -0.0020303442872072748 0.00034474305932802508 -0.00095025019352374242 -0.0050457742589133815 -0.0095763292653547934 -0.0040140585227089682 0.0014478778939127541 -0.0039646296766144111 0.00059479946846658195 -0.00033339066240528501 0.0004409035513027763 -0.0033455561428035103 -0.0019953381421696135 -0.0013976401432517918 -0.0015303988583562805 -0.00041461311287087642 0.00048272809762005682 -0.00010530862069110834 -0.00063927965620989326 -0.0027979660535700276 0.00066884128499070127 -0.0022241410494674633 0.00021091257496940374 -0.00094438226535462078 0.00026218138395634052 -0.00084141594526406611 0.00016621365646121402 0.0023536942704362228 0.00010780164733079653 -0.0019868936400532261 -4.4137837945047138e-05 -2.9709836968130466e-05 0.00076904781162738804 -0.0083160944487835533 0.0026824368697165421 -0.0020457915368407779 -0.0055325662608470003 -0.0017668450862660498 -0.00071618468580385102 -0.001678512516927655 0.0020499571796785544 0.00074449182485429599 -0.00011586781715767479 0.0011264552402647269 9.7808170290477353e-05
leaf_weight=25499 78 635 10276 633 3150 384 40 1242 28 55 23 37 39 27 258 30 21 48 91 317 79 21 38 76 22 379 508 4350 249 474 336 485 630 105 1558 1397 93 465 280 1626 934 2446 455 1682 60 39943 126 24224 69 23 29 64 94 47 304 350 503 56 305 14142 567 2020
leaf_count=25499 78 635 10276 633 3150 384 40 1242 28 55 23 37 39 27 258 30 21 48 91 317 79 21 38 76 22 379 508 4350 249 474 336 485 630 105 1558 1397 93 465 280 1626 934 2446 455 1682 60 39943 126 24224 69 23 29 64 94 47 304 350 503 56 305 14142 567 2020
internal_value=-5.51815e-07 -0.000137198 -0.000107105 -0.000290558 -3.63539e-05 -0.000427538 -0.000550506 -0.000455748 -0.00226039 -0.00163429 -0.00327928 0.000136801 -0.00479073 0.000210971 0.000568723 -0.000904402 -0.00235585 -0.00490973 -0.000855361 -0.000732856 -0.00178098 -8.62029e-05 -0.00181208 -0.000330869 -7.05751e-05 -0.000107896 -0.000192303 5.27453e-05 -0.00141063 -0.000838707 -0.00223573 -0.000317313 0.000331665 -0.00116364 -0.000190146 -0.00034295 -0.000657927 8.16833e-05 -0.000906994 -0.000170774 -0.000421824 -3.1424e-06 -0.000239068 -4.60158e-05 8.20509e-05 4.43163e-05 -0.00130832 -5.85198e-05 -0.000947884 -0.0015714 -0.00420793 -0.00105145 -9.8449e-05 -0.00230523 -0.000828354 -0.000671092 -0.00102003 -0.000531887 -2.83801e-05 -7.68344e-05 0.000431976 2.25504e-05
internal_weight=144525 54473 49373 13722 35651 5100 4283 4061 222 194 102 92 79 817 664 1828 190 69 121 1638 396 2233 135 114 406 25375 16655 8720 1438 853 585 3740 4980 590 11571 6353 2235 558 1677 4118 2492 5218 2772 2137 90052 64553 153 24610 386 326 52 274 158 116 2151 1847 1192 689 655 15217 1075 2098
internal_count=144525 54473 49373 13722 35651 5100 4283 4061 222 194 102 92 79 817 664 1828 190 69 121 1638 396 2233 135 114 406 25375 16655 8720 1438 853 585 3740 4980 590 11571 6353 2235 558 1677 4118 2492 5218 2772 2137 90052 64553 153 24610 386 326 52 274 158 116 2151 1847 1192 689 655 15217 1075 2098
is_linear=0
shrinkage=0.05


Tree=51
num_leaves=63
num_cat=0
split_feature=17 0 0 14 14 0 22 13 16 23 25 13 18 0 0 25 0 22 13 13 0 22 25 0 21 0 0 0 25 0 0 0 20 24 22 0 0 14 0 8 25 13 8 17 24 0 0 0 24 18 8 25 13 20 25 24 0 0 0 25 21 0
split_gain=0.28219 0.207105 0.412994 0.28167 0.595233 0.156484 0.201627 0.153224 0.145795 0.310144 0.15614 0.350198 0.132925 0.16207 0.929216 0.207552 0.208068 0.167885 0.140763 0.14042 0.193673 0.253892 0.187916 0.12291 0.114591 0.383477 0.172692 0.107479 0.102633 0.0980112 0.0966947 0.36383 0.362674 0.095527 0.0954297 0.0923298 0.301192 0.152399 0.182076 0.359923 0.143849 0.148818 0.113581 0.106613 0.106473 0.112534 0.103263 0.183801 0.103338 0.101856 0.098283 0.097688 0.100223 0.0888013 0.0876548 0.102146 0.0835949 0.105956 0.0830832 0.0827012 0.150256 0.0776764
threshold=20.500000000000004 326.50000000000006 291.50000000000006 7.1913329161451829 5.522408026755854 60.500000000000007 560.68334960937511 57.42212993923706 27.500000000000004 30.538812637329105 191.64984130859378 550.63515248226963 31.500000000000004 848.50000000000011 857.50000000000011 113.35121154785158 600.50000000000011 103.51666641235353 1313.683155277834 153.59809199758811 1127.5000000000002 627.41668701171886 315.44653320312506 39.500000000000007 229.46428680419925 852.50000000000011 850.50000000000011 254.50000000000003 130.59555816650393 900.50000000000011 600.50000000000011 575.50000000000011 1.3571428656578066 16.461827278137211 667.10000610351574 353.50000000000006 266.50000000000006 0.38814749780509222 568.50000000000011 -1.0000000180025095e-35 1.9017534255981448 0.40050578402894571 -1.0000000180025095e-35 1.5000000000000002 2.0728473663330083 477.50000000000006 60.500000000000007 39.500000000000007 17.573784828186039 1.5000000000000002 0.6078576107927941 7.7591621875762948 153.59809199758811 32.928571701049812 3.6762675046920781 1.0324271321296694 526.50000000000011 433.50000000000006 411.50000000000006 3.4694893360137944 2.0357142686843877 590.50000000000011
decision_type=2 2 2 2 2 2 2 2 2 2 2 2 2 2 2 2 2 2 2 2 2 2 2 2 2 2 2 2 2 2 2 2 2 2 2 2 2 2 2 2 2 2 2 2 2 2 2 2 2 2 2 2 2 2 2 2 2 2 2 2 2 2
left_child=30 2 5 4 -4 23 7 27 34 -10 53 -12 -3 15 24 16 17 -14 56 28 21 -21 -22 -2 25 -15 -26 -7 29 -16 31 35 -33 -32 -5 36 46 38 44 -40 43 -42 -43 50 49 -46 47 -1 -49 -37 -38 54 58 -11 55 -39 57 -17 -53 -34 -61 -62
right_child=1 12 3 8 -6 6 -8 -9 9 10 11 -13 13 14 19 18 -18 -19 -20 20 22 -23 -24 -25 26 -27 -28 -29 -30 -31 33 32 59 -35 -36 37 40 51 39 -41 41 42 -44 -45 45 -47 -48 48 -50 -51 -52 52 -54 -55 -56 -57 -58 -59 -60 60 61 -63
leaf_value=0.0001652434865576642 7.2757155073534019e-05 6.8770965045847102e-05 3.4542982841188869e-05 0.00016451483205137478 -0.011235273085460438 8.9103818353019509e-05 -0.0012261606235178558 0.00042472776502522141 -0.0061553036181085756 0.0015773192248469338 0.001412636332107265 -0.00094076026440722985 -0.00038857511576950661 0.00058990574614489722 0.00076125255071504737 0.00027294144514845256 0.00035801244710928211 -0.0017403786526925828 -0.00039648040412777633 -0.00020571835566928927 -0.0003413388486831949 -0.0012365911368994818 0.00040718907132687027 -0.00081917714036973096 -0.0030102532534103305 -0.001965725979988371 -0.001224338047729546 -0.00064886269012469995 0.00080303626391296865 -5.3421681485346211e-05 4.4591203230487493e-05 0.00010908702096203503 0.00025163581682431115 0.00018383384367754699 -0.0021720513738227114 -0.00014091246133417524 -0.00034220853639939483 0.00078367006656321347 -0.0064383020053707793 0.00030496962486751498 -0.0047684704889520181 -0.00016952213373290297 -0.00064339163218431466 0.0015270805270060355 -0.0031633112180327293 0.00083870321504158892 0.00013365584842282786 -0.00034741053342231482 -0.0013242998843818962 0.0012445386836277142 0.00090078897520337847 0.00027386529029368827 0.00075337348144127302 -0.0016807615690453842 0.00076480563514131174 -4.8964280885521643e-05 0.0001210478337409671 0.0010263683382386965 -0.00010697315239065399 -0.0045702106742154984 -0.0010620362345955521 -0.0021994192971569351
leaf_weight=1844 568 13018 26 467 20 1374 294 2155 29 20 184 1067 1365 220 409 1012 799 281 630 1649 1900 950 1500 1145 272 426 297 762 475 3743 52192 725 69 16191 48 2700 573 536 34 44 20 2328 2862 134 56 23 12321 1277 353 139 220 2418 553 607 1308 1146 1429 905 3492 39 671 211
leaf_count=1844 568 13018 26 467 20 1374 294 2155 29 20 184 1067 1365 220 409 1012 799 281 630 1649 1900 950 1500 1145 272 426 297 762 475 3743 52192 725 69 16191 48 2700 573 536 34 44 20 2328 2862 134 56 23 12321 1277 353 139 220 2418 553 607 1308 1146 1429 905 3492 39 671 211
internal_value=-5.51235e-07 -0.000113436 -0.000328337 -0.000876862 -0.00477066 -0.000112582 3.87464e-05 0.000126604 -0.00080065 -0.00100237 -0.000919815 -0.000590535 -5.30507e-05 -0.000140165 -0.000249934 6.14849e-05 -0.000300019 -0.00062248 0.000285047 -9.96509e-05 -0.00025952 -0.000584485 -9.63313e-06 -0.000520522 -0.00156003 -0.00108769 -0.00208723 -0.000171837 0.000106544 2.56414e-05 4.26688e-05 -2.34315e-05 -0.000734207 7.76329e-05 -4.39348e-05 1.18802e-05 -4.96903e-05 0.000120753 -0.000189095 -0.00257486 -0.000347075 -0.000449504 -0.000431806 0.000223196 -0.000123522 -0.00193537 6.55409e-05 -0.000174596 -0.000562106 -7.1277e-05 0 0.000219485 0.000109137 -0.00156863 0.000456322 0.000213428 0.000414871 0.000631271 4.7998e-05 -0.00135677 -0.00148271 -0.00134002
internal_weight=144525 40046 8766 2468 46 6298 4585 4291 2422 1907 1878 1251 31280 18262 11841 6421 2445 1646 3976 10626 5999 2599 3400 1713 1215 646 569 2136 4627 4152 104479 36096 1715 68383 515 34381 21932 12449 2996 78 6137 5210 5190 927 2918 79 15795 3474 1630 2839 793 9453 6463 627 2990 1682 3346 1917 5910 990 921 882
internal_count=144525 40046 8766 2468 46 6298 4585 4291 2422 1907 1878 1251 31280 18262 11841 6421 2445 1646 3976 10626 5999 2599 3400 1713 1215 646 569 2136 4627 4152 104479 36096 1715 68383 515 34381 21932 12449 2996 78 6137 5210 5190 927 2918 79 15795 3474 1630 2839 793 9453 6463 627 2990 1682 3346 1917 5910 990 921 882
is_linear=0
shrinkage=0.05


Tree=52
num_leaves=63
num_cat=0
split_feature=12 0 0 25 23 8 22 25 15 9 22 0 14 21 0 0 13 20 0 0 12 13 0 13 14 13 14 23 22 22 12 21 14 25 25 14 0 3 22 21 25 23 14 25 12 23 21 14 3 0 25 13 13 21 11 13 12 3 14 11 14 12
split_gain=0.555977 0.221935 0.239959 0.213605 0.186272 0.478431 0.609805 0.477274 0.348646 0.368304 0.255142 0.180774 0.35989 0.246511 0.213656 0.432103 0.579349 0.41718 0.390587 0.172006 0.16004 0.200711 0.21979 0.601691 0.22488 0.219077 0.191704 0.166992 0.216925 0.335849 0.316105 0.18621 0.277789 0.192202 0.165243 0.154351 0.149715 0.149036 0.16435 0.135333 0.113654 0.144095 0.159081 0.112481 0.109439 0.136315 0.0960925 0.137102 0.096055 0.13646 0.294939 0.123627 0.107495 0.0939108 0.0871542 0.0866142 0.11375 0.23896 0.42086 0.147437 0.14111 0.137406
threshold=1471.5000000000002 1130.5000000000002 1121.5000000000002 1.068082928657532 0.77136236429214489 0.6078576107927941 0.45000000298023229 0.88441157341003429 1.5000000000000002 -0.22252093395631442 0.55000001192092907 1109.5000000000002 0.69752141982864146 0.96428570151329052 1092.5000000000002 1084.5000000000002 353.76529208633787 119.35714340209962 1073.5000000000002 1167.5000000000002 1380.0000000000002 0.72632661901667761 297.50000000000006 0.15717848522448782 0.18878406708595391 0.05174198614978226 0.21118935837245698 0.98795002698898327 0.15000000596046451 0.21666666865348819 1406.5000000000002 0.25000000745058065 0.11853256021409457 0.79833617806434642 1.1308105587959292 848.73818707811006 1238.5000000000002 1.5000000000000002 0.38333334028720861 44.035715103149421 26.838565826416019 1.479938328266144 0.37011669203450032 14.528608322143556 1425.5000000000002 7.4370369911193857 1.1785714626312258 118.75036630036631 4.5000000000000009 1754.5000000000002 3.384718775749207 1.0863592588312341 1.1542306515754055 1.0000000180025095e-35 -0.24999999999999994 0.05543928932632234 1206.0000000000002 3.5000000000000004 0.041885964912280707 0.6830127018922193 0.019049346879535561 1130.0000000000002
decision_type=2 2 2 2 2 2 2 2 2 2 2 2 2 2 2 2 2 2 2 2 2 2 2 2 2 2 2 2 2 2 2 2 2 2 2 2 2 2 2 2 2 2 2 2 2 2 2 2 2 2 2 2 2 2 2 2 2 2 2 2 2 2
left_child=20 2 3 4 5 7 -7 10 37 -10 -2 14 13 -13 15 18 -17 39 -5 -3 55 22 23 -22 -25 -24 -26 28 30 -30 -27 32 -29 -33 -28 -4 -21 -6 -39 -16 41 48 -43 54 -44 -46 -14 -48 51 52 -51 53 -50 -23 -38 56 61 59 -59 60 -58 -1
right_child=1 19 35 11 8 6 -8 -9 9 -11 -12 12 46 -15 17 16 -18 -19 -20 36 21 40 25 24 26 27 34 31 29 -31 -32 33 -34 -35 -36 -37 43 38 -40 -41 -42 42 44 -45 45 -47 47 -49 49 50 -52 -53 -54 -55 -56 -57 57 58 -60 -61 -62 -63
leaf_value=-1.7290387717358353e-05 -0.00061210526464931369 0.00075071499207871983 -0.00054374814111997512 -0.00016930438897080913 -0.0015633038147239672 -0.00090438484403162253 -0.011546426173630983 -0.0058344653990832634 -0.0088004664734217791 0 0.0048235838006505764 -6.8979385385523615e-05 0.0037709734738015804 -0.0077809277416253236 0.00077670120826590526 0.0020769673956130383 -0.00021278092498718847 -0.0020518852166280504 -0.0014563926332975166 -0.00036328614456265649 -0.0097576926744992274 -0.0016305646276681086 0.0019512418804551056 0.0016130004138478387 -0.0048196751021872958 -0.0013867189919312892 0.0003549883638003897 -0.0066554931900560596 -0.0018001414673814054 -0.00037507651404544598 0.00060695272693069924 0.0015125548569169429 -0.00029229337769404125 6.1433623436370487e-05 -0.0017959881646754179 -0.0017267888669599924 -0.0018135710613855363 -0.001829830317095441 0.0030808722710592186 -0.00061080705180438489 0.00013475092521376389 -0.0042058658370852983 0.00018683135833632842 0.00020862834155863541 -0.00024219245791664253 -4.8006265532071931e-06 -0.0022955178720575338 0.00078213908619091449 -0.00082298304899195188 -0.0004196390378924874 -0.0052974586359995877 0.00021416405206889076 0.00028060380327254612 0.0010367567000731034 0 0.00017005443426309588 -0.0044715412686784544 0 -0.007428333038023734 0.002302835401064145 2.1528033170666065e-05 0.0018586324362458305
leaf_weight=6376 89 857 1643 26510 37 28 28 37 21 28 28 23 26 21 267 497 614 447 604 2011 20 33 119 74 37 254 137 24 515 2180 905 268 66 1593 239 339 124 20 83 508 20537 23 4130 4590 9425 16997 37 827 265 208 37 3080 1290 758 143 34135 23 44 35 49 63 99
leaf_count=6376 89 857 1643 26510 37 28 28 37 21 28 28 23 26 21 267 497 614 447 604 2011 20 33 119 74 37 254 137 24 515 2180 905 268 66 1593 239 339 124 20 83 508 20537 23 4130 4590 9425 16997 37 827 265 208 37 3080 1290 758 143 34135 23 44 35 49 63 99
internal_value=-5.25207e-07 -0.000157764 -0.000214651 -0.000180098 -0.00133109 -0.00235756 -0.00632563 -0.000879004 -0.000163484 -0.00381176 0.000649053 -0.000164813 0.000518569 -0.00387236 -0.00018666 -0.000158415 0.000807121 -0.000834868 -0.000198166 8.28486e-05 6.06171e-05 1.06957e-05 -0.000253934 -0.00125452 -0.000893119 -0.000167436 -0.00135454 -0.000211762 -0.00040294 -0.000649311 0.000165635 0.000163327 -0.00205014 0.000273164 -0.000999074 -0.000748694 0 0.00107953 0.00207799 -0.000126299 4.0755e-05 -1.23654e-05 -5.5431e-05 0.000149715 -5.21291e-05 -8.96706e-05 0.000741676 0.000644305 0.000218937 -8.05669e-05 -0.00117855 0.000359495 8.92767e-05 0.000918965 -0.000844043 0.000137795 -2.60801e-05 -0.00116019 -0.00334428 8.24207e-05 -0.00112583 1.06477e-05
internal_weight=144525 40487 32762 30780 399 210 56 154 189 49 117 30381 934 44 29447 28225 1111 1222 27114 7725 104038 63214 6431 507 487 5924 413 5805 3854 2695 1159 1951 90 1861 376 1982 6868 140 103 775 56783 36246 30575 4857 30552 26422 890 864 5671 1800 245 3871 1555 791 267 40824 6689 214 79 135 86 6475
internal_count=144525 40487 32762 30780 399 210 56 154 189 49 117 30381 934 44 29447 28225 1111 1222 27114 7725 104038 63214 6431 507 487 5924 413 5805 3854 2695 1159 1951 90 1861 376 1982 6868 140 103 775 56783 36246 30575 4857 30552 26422 890 864 5671 1800 245 3871 1555 791 267 40824 6689 214 79 135 86 6475
is_linear=0
shrinkage=0.05


Tree=53
num_leaves=63
num_cat=0
split_feature=12 13 0 0 15 0 13 0 0 0 0 13 24 25 25 0 3 23 24 24 13 0 0 15 0 10 23 21 0 0 3 11 12 25 13 13 25 20 15 0 24 23 15 0 3 0 0 13 12 13 25 0 23 24 13 20 19 19 13 20 2 13
split_gain=0.509351 0.166153 0.200254 0.251375 0.174636 0.244403 0.202953 0.155964 0.195674 0.23451 0.827686 0.367726 0.295367 0.216387 0.253958 0.192823 0.147491 0.187225 0.172259 0.144779 0.143589 0.140697 0.135051 0.132197 0.130084 0.119176 0.117857 0.171531 0.285369 0.256859 0.183033 0.15116 0.108428 0.19386 0.104417 0.145569 0.135799 0.194567 0.119383 0.119253 0.0983313 0.128202 0.198254 0.222476 0.203918 0.0970115 0.374019 0.156486 0.233833 0.151802 0.147941 0.157591 0.135699 0.132738 0.146896 0.128534 0.0951546 0.286235 0.104387 0.189149 0.269193 0.174895
threshold=1469.5000000000002 5.597182034465022 328.50000000000006 320.50000000000006 8.5000000000000018 1101.5000000000002 1.5068359635771318 411.50000000000006 455.50000000000006 848.50000000000011 854.50000000000011 440.84422146753121 55.173377990722663 36.653465270996101 113.35121154785158 1092.5000000000002 3.5000000000000004 10.174664974212648 8.9694228172302264 64.229690551757827 673.12306270159718 397.50000000000006 433.50000000000006 20.500000000000004 551.50000000000011 -0.5 1.0000000180025095e-35 0.17857143282890323 531.00000000000011 433.50000000000006 4.5000000000000009 -0.68301270189221952 1159.5000000000002 3.6762675046920781 1096.8329721921275 593.01489036182454 135.52005004882815 62.500000000000007 52.500000000000007 326.50000000000006 4.5346648693084726 5.2212927341461191 2.5000000000000004 433.50000000000006 4.5000000000000009 254.50000000000003 85.500000000000014 42.822368767556192 1473.5000000000002 6.6403386760736787 12.483206748962404 312.50000000000006 10.626785755157472 50.657327651977546 20.434625721518334 6.7857143878936776 18.500000000000004 20.500000000000004 0.85582108717363403 1.3571428656578066 8.5000000000000018 1.8956416286545557
decision_type=2 2 2 2 2 2 2 2 2 2 2 2 2 2 2 2 2 2 2 2 2 2 2 2 2 2 2 2 2 2 2 2 2 2 2 2 2 2 2 2 2 2 2 2 2 2 2 2 2 2 2 2 2 2 2 2 2 2 2 2 2 2
left_child=32 4 3 45 26 6 -6 21 13 12 11 -11 24 -9 19 -12 17 18 -8 -15 -14 -4 -16 -18 -10 -25 27 -2 29 31 -30 -29 -1 40 35 36 38 -38 -5 -37 41 -34 43 -43 -45 46 47 55 -49 -47 52 -52 -51 54 -48 -3 58 -58 59 -28 -61 -60
right_child=1 2 7 34 5 -7 16 8 9 10 15 -13 20 14 22 -17 23 -19 -20 -21 -22 -23 -24 25 -26 -27 56 28 30 -31 -32 -33 33 -35 -36 39 37 -39 -40 -41 -42 42 -44 44 -46 49 53 48 -50 50 51 -53 -54 -55 -56 -57 57 -59 61 60 -62 -63
leaf_value=0.00014807520367196645 0.00056977813864221864 -0.0010323182723850431 0.00018108128967594001 -4.1690107270813199e-05 -0.0060303940659477591 0.0010719843562099392 -0.0020299132902500735 0.00090420800465689964 -0.00060911643606815537 -0.00060258777798543424 0.000189023036130686 -0.0021329619771698698 0.00067602264380556547 -0.0006955835457356941 -0.00048709045639396778 -0.00012645331150364504 0.00010228639495570095 0.00022008780990452671 -0.006460242004660644 -0.001874126834974209 7.3885858826016923e-05 0.0012514586723971202 0.00077831566114192161 0.00022352041910330309 0.00018271748566489114 -0.0037633001131514815 -0.00034310838381530691 -0.0061084010920936785 0.00071640262447329685 -0.008967430587558757 -0.0032745770252025925 -0.00068605986646357107 -9.9550351584285266e-05 9.3762370487674761e-05 -0.0016209083015951476 -0.00063746872302775895 -0.0065959537759149884 -0.0014456683228746714 -0.0012706411526183898 0.00071474784866880608 0.0010518114659285715 0.00073157488440984508 0.00058140744915086823 -0.0056168479708561094 -3.6050203029971662e-05 0.00074557282667619767 0.00064650334180924929 -0.0020773814106222212 -0.00042305281686622233 -0.00072875141631056407 -0.00045040664633389128 0.00024850120591895055 -0.0033825486461903547 0.00075063534226075136 -0.00053277792910666727 4.7192587877320417e-05 -0.0067355354219607632 0 0.00062448802980333209 -0.0040752740136200056 0.001658748977343013 -0.00023780976570976785
leaf_weight=31074 92 323 3082 474 23 117 303 240 1155 1098 7294 623 2876 647 654 14399 261 83 25 461 1540 344 310 27 928 48 712 20 92 22 41 43 18088 40518 304 350 20 348 350 305 182 32 73 60 25 319 493 287 883 154 4187 989 75 1456 568 1837 22 59 802 80 26 2202
leaf_count=31074 92 323 3082 474 23 117 303 240 1155 1098 7294 623 2876 647 654 14399 261 83 25 461 1540 344 310 27 928 48 712 20 92 22 41 43 18088 40518 304 350 20 348 350 305 182 32 73 60 25 319 493 287 883 154 4187 989 75 1456 568 1837 22 59 802 80 26 2202
internal_value=-5.25914e-07 -0.000121248 -9.30492e-05 -0.000255407 -0.000393252 -0.00103275 -0.00135915 -3.04172e-05 -6.46435e-05 -3.02116e-05 -0.000104117 -0.00115958 0.000235277 -0.000507946 -0.000673965 -2.01475e-05 -0.00120784 -0.00184658 -0.0023847 -0.00119057 0.000467177 0.000290049 -7.49405e-05 -0.000411337 -0.000253953 -0.00226308 -0.000257405 -0.0011985 -0.0019676 -0.00423652 -0.00047787 -0.00249363 7.24441e-05 3.2511e-05 -0.000752387 -0.000606649 -0.000935687 -0.00174087 -0.000569854 -1.65213e-07 -0.000101659 -0.000113424 -0.00140712 -0.00268996 -0.00403616 -0.000162583 -1.8426e-05 -0.000366914 -0.000833274 -0.000308961 -0.000372137 -0.000315895 -0.00162082 0.000440634 1.04794e-05 -0.00011196 -0.000181347 -0.00188128 -0.000143963 -0.000644742 -0.00262145 -5.91826e-06
internal_weight=144525 54473 49373 13722 5100 887 770 35651 32225 29913 23414 1721 6499 2312 2072 21693 747 411 328 1108 4416 3426 964 336 2083 75 4213 310 218 85 133 63 90052 58978 2151 1847 1192 368 824 655 18460 18278 190 117 85 11571 5847 3330 1170 5724 5405 5176 229 2517 1061 2160 3903 81 3822 818 106 3004
internal_count=144525 54473 49373 13722 5100 887 770 35651 32225 29913 23414 1721 6499 2312 2072 21693 747 411 328 1108 4416 3426 964 336 2083 75 4213 310 218 85 133 63 90052 58978 2151 1847 1192 368 824 655 18460 18278 190 117 85 11571 5847 3330 1170 5724 5405 5176 229 2517 1061 2160 3903 81 3822 818 106 3004
is_linear=0
shrinkage=0.05


Tree=54
num_leaves=63
num_cat=0
split_feature=19 0 25 10 18 16 0 0 0 0 0 0 25 25 14 0 13 0 0 0 23 22 22 13 14 0 0 0 3 11 13 14 22 21 14 14 25 23 13 8 18 25 22 23 22 10 22 0 0 10 0 22 21 3 0 0 0 3 3 22 23 25
split_gain=0.222357 0.159522 0.124995 0.145331 0.115274 0.085549 0.132363 0.509661 0.294721 0.202497 0.148774 0.262891 0.0946382 0.0917223 0.0856236 0.0849233 0.167687 0.0833293 0.163615 0.14852 0.249263 0.465446 0.601862 0.345825 0.221773 0.322504 0.131438 0.135428 0.132624 0.162027 0.157319 0.456832 0.132076 0.129666 0.117939 0.10636 0.104094 0.103698 0.174415 0.0871889 0.131001 0.241415 0.142069 0.082552 0.0929543 0.0807205 0.0804277 0.0815185 0.102555 0.0784362 0.110612 0.188117 0.075036 0.189809 0.0735705 0.0724653 0.0723774 0.272915 0.113972 0.0680863 0.174874 0.0667676
threshold=2.5000000000000004 1328.5000000000002 1.035294830799103 -0.6830127018922193 17.500000000000004 53.500000000000007 848.50000000000011 854.50000000000011 433.50000000000006 426.50000000000006 1127.5000000000002 1092.5000000000002 368.40257263183599 42.915185928344734 109.3935483870968 1333.5000000000002 161.09460132450334 385.00000000000006 266.50000000000006 326.50000000000006 9.5556015968322772 7.7166664600372323 7.116666555404664 5.597182034465022 31.973328591749645 317.50000000000006 433.50000000000006 467.50000000000006 3.5000000000000004 0.25000000000000017 0.40050578402894571 0.38814749780509222 115.11666488647462 38.250000000000007 0.22068372803666922 0.15569985569985573 27.424693107604984 0.80164620280265819 0.17328655817043084 1.0000000180025095e-35 2.5000000000000004 3.029927253723145 0.45000000298023229 60.491439819335945 0.94999998807907116 1.0000000180025095e-35 42.349998474121101 455.50000000000006 297.50000000000006 0.25000000000000011 60.500000000000007 2.7500000000000004 1.0000000180025095e-35 5.5000000000000009 286.50000000000006 187.50000000000003 2397.5000000000005 5.5000000000000009 2.5000000000000004 1.0833333730697634 1.5039421916007998 68.360370635986342
decision_type=2 2 2 2 2 2 2 2 2 2 2 2 2 2 2 2 2 2 2 2 2 2 2 2 2 2 2 2 2 2 2 2 2 2 2 2 2 2 2 2 2 2 2 2 2 2 2 2 2 2 2 2 2 2 2 2 2 2 2 2 2 2
left_child=17 4 3 -3 43 13 8 14 9 54 11 -9 -12 -6 -8 -4 56 18 55 20 39 22 23 -22 25 -23 32 28 29 30 45 -32 34 -26 35 -19 -29 38 -37 40 42 -42 -20 44 -2 -28 -15 48 -48 59 51 -51 53 -30 -7 -1 -17 58 -58 60 -46 -10
right_child=1 2 15 -5 5 6 7 10 61 -11 12 -13 -14 46 -16 16 -18 26 19 -21 21 24 -24 -25 33 -27 27 36 52 -31 31 -33 -34 -35 -36 37 -38 -39 -40 -41 41 -43 -44 -45 49 -47 47 -49 -50 50 -52 -53 -54 -55 -56 -57 57 -59 -60 -61 -62 -63
leaf_value=-2.5306589753571582e-05 0.0004893678360805236 -0.0044156929659053832 0.00066041798592077758 -0.00042875504928442356 -0.00023534891259654992 0 0 -2.1634465682692318e-05 -0.00022637443684754029 -0.0019005536860523414 -0.00018888290207114703 -0.00087998476879958649 0.00042548438901792503 0.00062678846379990883 -0.0016418708172841107 0.00027111294316203627 -0.00053868048867443093 9.856036892409275e-05 -0.0010679924926801788 -1.7565823457862521e-05 -0.0046493588471410606 -0.00069425701682281863 -0.0091574689772038424 -0.00016813034732091333 0.001300292449147345 -0.0038039673122955485 0.00067173422172384653 4.0632466509921296e-05 0.0007279571139783722 3.1136193248550667e-05 -0.0076039749201758603 -0.0014020128226203304 -0.0027788515071711186 -0.00037733305824052854 0.00053752335672211597 0.00032968046135059472 0.00020876315481396934 0.00096131539701996163 -0.0045112259044404884 0.00033477173672257486 -0.0043608184740751878 -0.000449493842858902 0.00038157973547724389 0.00012775671516093801 0.0005630775828812405 -0.0012966503353950241 0.00014618961823479717 0.0001562367041432477 -0.00058844385701509747 -0.0047620893406210901 6.8493765180006836e-05 -0.00045363945624190887 0.00030519092981494357 -0.0052248958560397922 -0.00039693351517487989 0.00022695315133329088 -0.0014532812716880185 -0.0056929509051113205 0.0012104109776290982 -0.00020272104396314356 -0.0053860540150947088 0.00038719479721628907
leaf_weight=8519 668 30 825 111 4572 1669 93 1767 529 200 1752 1827 974 573 866 4526 831 251 251 3281 72 370 35 113 147 110 102 54656 31 320 34 268 32 530 2730 27 11106 23 49 694 55 152 513 6195 25 103 851 3197 1051 27 6489 499 563 22 3818 4255 73 24 89 8460 22 2478
leaf_count=8519 668 30 825 111 4572 1669 93 1767 529 200 1752 1827 974 573 866 4526 831 251 251 3281 72 370 35 113 147 110 102 54656 31 320 34 268 32 530 2730 27 11106 23 49 694 55 152 513 6195 25 103 851 3197 1051 27 6489 499 563 22 3818 4255 73 24 89 8460 22 2478
internal_value=-5.15297e-07 -7.95459e-05 0.000152581 -0.001315 -0.000110737 -0.000181923 -0.000254371 -0.000411961 -0.000121851 -0.000333934 -0.000248023 -0.000459378 2.8804e-05 -6.847e-05 -0.001487 0.000185881 0.00011434 4.814e-05 -4.43187e-05 -0.000252483 -0.000504205 -0.00100223 -0.00311523 -0.00194076 -0.000595897 -0.00141796 7.33214e-05 5.85234e-05 -0.000420128 -0.000834614 -0.0013908 -0.00211908 0.000391273 -5.54015e-06 0.000425921 -0.000430197 6.9103e-05 -0.00181998 -0.00272755 -8.9285e-05 -0.000397522 -0.00151448 -8.81879e-05 -2.71398e-05 -8.67193e-05 -0.000293031 6.51655e-05 1.06156e-06 -0.000257132 -0.000111837 1.12613e-05 -0.000685163 0.000128262 -0.00165406 -0.000275886 5.83304e-05 0.000230576 -0.000728573 0 -0.000213932 -0.00212099 0.000277587
internal_weight=144525 55111 6509 141 48602 26217 15973 7279 8694 5687 6320 3594 2726 10244 959 6368 5543 89414 19097 6323 3042 1377 220 185 1157 480 70317 67205 1443 827 507 302 3112 677 3080 350 65762 99 76 1665 971 207 764 22385 16190 205 5672 5099 1902 15522 7015 526 616 53 5487 12774 4712 186 162 8507 47 3007
internal_count=144525 55111 6509 141 48602 26217 15973 7279 8694 5687 6320 3594 2726 10244 959 6368 5543 89414 19097 6323 3042 1377 220 185 1157 480 70317 67205 1443 827 507 302 3112 677 3080 350 65762 99 76 1665 971 207 764 22385 16190 205 5672 5099 1902 15522 7015 526 616 53 5487 12774 4712 186 162 8507 47 3007
is_linear=0
shrinkage=0.05


Tree=55
num_leaves=63
num_cat=0
split_feature=12 13 0 0 13 0 21 0 0 0 14 0 13 0 12 12 20 21 12 14 13 0 21 24 9 18 19 3 13 12 13 21 0 24 17 14 24 14 13 12 13 0 12 14 3 0 13 2 0 18 20 13 21 0 0 21 0 0 13 24 14 2
split_gain=0.438015 0.250923 0.201592 0.556769 0.408706 0.405715 0.281082 0.278756 0.20786 0.201334 0.29123 0.278599 0.237605 0.234747 0.210583 0.202342 0.18348 0.490789 0.507477 0.268618 0.213831 0.173109 0.156815 0.210874 0.353072 0.886394 0.400683 0.145399 0.144799 0.128928 0.183179 0.212966 0.127253 0.126317 0.115364 0.187478 0.229958 0.112122 0.109642 0.111791 0.152666 0.613023 0.703597 0.703411 0.544959 0.51787 0.803279 0.469835 0.37394 0.109144 0.108801 0.10383 0.266942 0.13869 0.0909465 0.281424 0.179765 0.0905273 0.0899305 0.0884817 0.0868087 0.095739
threshold=1466.5000000000002 0.81271878464252822 869.50000000000011 848.50000000000011 440.84422146753121 850.50000000000011 81.821426391601577 876.50000000000011 850.50000000000011 331.50000000000006 144.36486298511616 254.50000000000003 2.3773425278549314 65.500000000000014 1467.5000000000002 1473.5000000000002 1.0000000180025095e-35 1.0000000180025095e-35 1467.5000000000002 0.18878406708595391 0.48577212261422792 39.500000000000007 0.96428570151329052 2.848269104957581 1.0000000180025095e-35 1.5000000000000002 1.0000000180025095e-35 5.5000000000000009 673.12306270159718 1469.5000000000002 1.3539373243864972 1.964285731315613 340.50000000000006 1.8671525716781618 2.5000000000000004 0.91192630898513261 1.3837753534317019 2.3631368631368637 23.616357172843149 1380.0000000000002 0.12882395757512741 1794.0000000000002 1406.5000000000002 0.074271079590228536 2.5000000000000004 1101.5000000000002 0.12123728984194103 1.5000000000000002 1078.5000000000002 1.0000000180025095e-35 220.3571472167969 3.4706893066504958 6.8214285373687753 1137.5000000000002 1137.5000000000002 627.00000000000011 1167.5000000000002 751.50000000000011 11.675192317756034 8.7412438392639178 0.070505385252692634 7.5000000000000009
decision_type=2 2 2 2 2 2 2 2 2 2 2 2 2 2 2 2 2 2 2 2 2 2 2 2 2 2 2 2 2 2 2 2 2 2 2 2 2 2 2 2 2 2 2 2 2 2 2 2 2 2 2 2 2 2 2 2 2 2 2 2 2 2
left_child=38 16 3 9 5 -5 37 -4 -6 11 12 13 59 21 -15 -14 17 -2 -19 -18 -20 -3 34 24 26 -26 -24 33 57 51 31 49 -25 -13 35 36 -21 -7 39 -1 41 42 43 48 -45 47 -47 -44 -41 -31 -29 52 53 -9 55 -32 -56 -12 -53 -11 61 -42
right_child=1 2 7 4 8 6 -8 29 -10 10 28 27 15 14 -16 -17 19 18 20 22 -22 -23 23 32 25 -27 -28 50 -30 30 54 -33 -34 -35 -36 -37 -38 -39 -40 40 60 -43 45 44 -46 46 -48 -49 -50 -51 -52 58 -54 -55 56 -57 -58 -59 -60 -61 -62 -63
leaf_value=0.00012377531788901404 0.0014410408719356339 0.00025254336070486348 0.00084884617811648109 0.0012731768471909276 -0.0028859581403007633 -0.0023487741372509191 -0.0021170671162885368 0.0014407547028985515 -0.0010249532684827049 0.0012132062696082616 0.00090990495053569021 0.00068332497520694094 -7.0111246518585229e-05 -0.00033379143616751774 0.00040845605439494397 -0.00065900934074610224 0.0020156743449849623 -0.0096825381279758323 0.00017585523773455566 -0.00072577673871195155 -0.0046510801682996365 -0.00052797838851370853 -0.0073122267388973433 -0.0030502113249542104 0.002321607500584411 -0.0089604614608925146 -0.0007228330556916403 0.00038522643520954978 0.00012091230999121275 -0.00027706750874815399 -7.8139242231885895e-05 -0.0066073379720287834 0.0015308970027617392 -0.00051932712007034818 0.0025208922020359854 -0.0042670857927231028 0.0021021978589218608 -0.00040441227489268391 0.00035097083854448942 0.0047243994266832649 1.1883373951437447e-05 0.0011168965844444109 0.0036640375304273706 -0.0038706398695459651 -0.013041507286157493 0.001869438911472159 -0.0056482075671543709 -0.0039110246781639607 -0.0040597237757967154 -0.0037212987645433293 -0.0006278086554067034 0.00062844333860735387 -0.0049751442879689628 -0.00028571233260582545 0.00076781327206531743 -0.00091933695337722589 -1.5387252415147449e-05 0.000197262967580232 0.00015065729883479711 -0.00055556434686859606 1.9585564832521151e-05 -0.0045263770310317768
leaf_weight=40824 57 963 973 279 309 79 321 127 314 439 1335 221 9371 1288 3644 1734 92 31 45 511 43 2633 61 20 70 23 40 905 3068 115 10315 20 59 7781 32 32 83 1640 3658 20 20 309 23 36 33 223 42 148 30 30 373 1193 29 1313 795 1103 9207 699 5992 80 29250 22
leaf_count=40824 57 963 973 279 309 79 321 127 314 439 1335 221 9371 1288 3644 1734 92 31 45 511 43 2633 61 20 70 23 40 905 3068 115 10315 20 59 7781 32 32 83 1640 3658 20 20 309 23 36 33 223 42 148 30 30 373 1193 29 1313 795 1103 9207 699 5992 80 29250 22
internal_value=-5.06486e-07 -9.04956e-05 -7.78971e-05 -0.000156081 -0.000816593 -0.000508176 -0.000754304 1.58179e-05 -0.00195633 -9.96643e-05 2.46383e-05 -0.000216695 -0.000113264 -9.79086e-06 0.0002136 -0.000162521 -0.000808 -0.00230763 -0.0041449 -0.000544911 -0.00212861 -0.000317565 -0.000803504 -0.00181559 -0.00270482 -0.000421503 -0.00475532 -0.000406291 0.0003398 -1.08239e-05 -7.63502e-05 -0.00173658 0.000305522 -0.000485479 -0.000375786 -0.000532224 -0.000321919 -0.000496809 8.36875e-05 6.9842e-05 -3.00517e-06 -0.000658153 -0.00165545 -0.00506836 -0.00834159 -0.000711537 0.000657421 -0.00286139 -0.000443857 -0.0010262 8.56217e-05 0.000152035 -0.000229273 -0.000129886 -6.33199e-05 -0.000159846 4.63719e-05 0.00066748 0.000230693 0.000930877 1.61506e-05 -0.00225164
internal_weight=144525 69887 68688 37476 2942 2319 2040 31212 623 34534 16726 17808 11624 8528 4932 11105 1199 176 119 1023 88 3596 931 273 194 93 101 9280 5102 30239 21585 165 79 8002 658 626 594 1719 74638 70980 30156 864 555 119 69 436 265 171 50 145 1278 8654 1469 1440 21420 11418 10002 2034 7185 519 29292 42
internal_count=144525 69887 68688 37476 2942 2319 2040 31212 623 34534 16726 17808 11624 8528 4932 11105 1199 176 119 1023 88 3596 931 273 194 93 101 9280 5102 30239 21585 165 79 8002 658 626 594 1719 74638 70980 30156 864 555 119 69 436 265 171 50 145 1278 8654 1469 1440 21420 11418 10002 2034 7185 519 29292 42
is_linear=0
shrinkage=0.05


Tree=56
num_leaves=63
num_cat=0
split_feature=12 13 0 0 13 0 12 0 0 0 14 0 0 0 0 12 0 25 20 12 20 13 13 13 13 9 13 3 2 25 13 13 0 0 12 13 13 0 13 3 12 24 2 14 25 14 0 13 12 25 18 3 25 12 25 24 0 13 8 17 20 23
split_gain=0.395435 0.226503 0.181908 0.502871 0.368873 0.366361 0.266932 0.2516 0.187229 0.181701 0.262988 0.251398 0.220487 0.3355 0.216028 0.185555 0.182371 0.176794 0.317541 0.425258 0.192444 0.226596 0.220298 0.182541 0.161084 0.156486 0.150138 0.211821 0.174471 0.146887 0.160461 0.227365 0.152507 0.28133 0.146512 0.144383 0.137109 0.151788 0.135148 0.131191 0.129027 0.114096 0.10766 0.156483 0.330595 0.105932 0.0998091 0.0989377 0.100897 0.157934 0.159284 0.151632 0.740559 0.540851 0.1513 0.12345 0.249275 0.206005 0.112314 0.110107 0.154147 0.291327
threshold=1466.5000000000002 0.81271878464252822 869.50000000000011 848.50000000000011 440.84422146753121 850.50000000000011 1473.5000000000002 876.50000000000011 850.50000000000011 331.50000000000006 144.36486298511616 254.50000000000003 426.50000000000006 600.50000000000011 202.50000000000003 1467.5000000000002 397.50000000000006 0.2794183492660523 1.0000000180025095e-35 1467.5000000000002 0.35714286565780645 0.43670068360972109 0.48577212261422792 0.7787690201820846 84.127614401228726 -0.22252093395631442 0.48577212261422792 2.5000000000000004 4.5000000000000009 6.7810163497924814 156.40154159556673 125.99754684759533 1127.5000000000002 1121.5000000000002 1468.5000000000002 212.79248562355164 1313.683155277834 526.50000000000011 2.3013182019087535 5.5000000000000009 1473.5000000000002 1.8671525716781618 1.5000000000000002 0.26572389240506333 0.84452250599861156 0.25308830257739828 995.50000000000011 23.616357172843149 1380.0000000000002 0.93618154525756847 1.5000000000000002 5.5000000000000009 0.88441157341003429 1387.5000000000002 1.0998939871788027 0.81360203027725231 2043.5000000000002 0.13608405056905956 0.6078576107927941 1.0000000180025095e-35 0.6428571641445161 1.184843182563782
decision_type=2 2 2 2 2 2 2 2 2 2 2 2 2 2 2 2 2 2 2 2 2 2 2 2 2 2 2 2 2 2 2 2 2 2 2 2 2 2 2 2 2 2 2 2 2 2 2 2 2 2 2 2 2 2 2 2 2 2 2 2 2 2
left_child=47 17 3 9 5 -5 38 -4 -6 11 12 14 16 -14 24 -16 -11 -2 19 -19 42 45 25 -24 -3 -23 27 -21 -28 34 31 46 33 -32 -9 -34 37 -12 -7 41 -33 -13 -20 -44 -45 -22 -31 48 -1 50 51 55 53 -53 59 56 -50 -57 -52 -51 -61 -62
right_child=1 2 7 4 8 6 -8 29 -10 10 36 39 13 -15 15 -17 -18 18 20 26 21 22 23 -25 -26 -27 28 -29 -30 30 32 40 35 -35 -36 -37 -38 -39 -40 -41 -42 -43 43 44 -46 -47 -48 -49 49 54 58 52 -54 -55 -56 57 -58 -59 -60 60 61 -63
leaf_value=0.00011758656713185665 0.0018953230940510811 -0.00029559845882260973 0.00080640823402698875 0.0012095408088627559 -0.0027417069207304446 -0.0022218439909247696 -0.0014207333270376324 0.00019349448861800475 -0.00097372192201194106 -9.3275583228925093e-05 0.00067398310001254356 0.00064917417742903346 -0.00053337587665904689 0.00022983864579814766 -0.00016412644248114095 0.00077462469280729538 0.00053077065062799307 -0.0078477762515690198 -0.0021099140104662447 -0.0021045556668968716 -0.00020856898888556237 -0.006261226781218255 -0.00069634798076536784 -0.0039961404969144024 0.00030745804705831599 -0.001218749937888618 2.7185972242509535e-05 0.004285668825368745 -0.005682600208926609 -0.00034985412984717671 -0.00011700268882395889 8.243465139096942e-05 -0.00059209780903638485 -0.0010175833274308347 -0.00065083976786379746 0.00017020583995991178 -0.00036214093316171039 8.2130219419664324e-05 -0.00010212603571421162 8.1144021324038504e-05 0.0013519375190662948 -0.0004933610958871192 0.0036368763844374478 -0.002974956466384588 0.0022359577092669917 0.0032182305327372457 0.00010003301271559119 0.00033342277582943075 -0.00071110655048554981 0.0012039486331387867 0.0015430352376695855 -0.0073941344520395292 -0.0080034440664469072 -0.00023238403423153403 1.964091446256811e-05 0.0026986401179310091 0.0006646643701338792 2.2191886355980034e-06 -0.0016161595433486213 0.00087143225575684539 -0.0053332312475190763 0.00085517904575904626
leaf_weight=40824 58 4891 973 279 309 81 813 736 314 3040 2550 221 4606 2084 842 1371 1894 36 27 33 42 36 594 46 1424 32 20 21 32 1328 3235 326 737 1193 1643 3915 632 1920 1146 1278 557 7781 49 48 82 43 16569 3658 1711 467 174 28 37 462 25919 80 404 645 32 123 35 39
leaf_count=40824 58 4891 973 279 309 81 813 736 314 3040 2550 221 4606 2084 842 1371 1894 36 27 33 42 36 594 46 1424 32 20 21 32 1328 3235 326 737 1193 1643 3915 632 1920 1146 1278 557 7781 49 48 82 43 16569 3658 1711 467 174 28 37 462 25919 80 404 645 32 123 35 39
internal_value=-4.90507e-07 -8.59957e-05 -7.40219e-05 -0.000148291 -0.000776031 -0.000482883 -0.000716845 1.49928e-05 -0.00185894 -9.46664e-05 2.34067e-05 -0.000205846 -0.000107622 -0.00029488 -9.27212e-06 0.000415199 0.000145268 -0.000767714 -0.000907619 -0.0031274 -0.000586809 -0.000943323 -0.00124004 -0.000941919 -0.000158818 -0.00396699 -0.00147124 0.000291438 -0.00339472 -1.03098e-05 2.1723e-05 0.000105317 -0.000150621 -0.000360785 -0.000387526 4.83518e-05 0.000322909 0.00042089 -0.000246303 -0.000385949 0.000888967 -0.000461174 0.000761129 0.00122304 0.000272688 0.00146798 6.63692e-05 7.9505e-05 6.63482e-05 -2.85054e-06 -0.000315109 -0.000398764 -0.00118021 -0.000653254 3.89328e-05 -0.00025196 -0.000445929 0.000306982 0.00102748 0.000784338 -0.000185112 -0.00200754
internal_weight=144525 69887 68688 37476 2942 2319 2040 31212 623 34534 16726 17808 11624 6690 8528 2213 4934 1199 1141 142 999 793 708 640 6315 68 106 54 52 30239 27860 18780 9080 4428 2379 4652 5102 4470 1227 9280 883 8002 206 179 130 85 17897 74638 70980 30156 3573 3367 527 490 26583 2840 2115 725 206 664 197 74
internal_count=144525 69887 68688 37476 2942 2319 2040 31212 623 34534 16726 17808 11624 6690 8528 2213 4934 1199 1141 142 999 793 708 640 6315 68 106 54 52 30239 27860 18780 9080 4428 2379 4652 5102 4470 1227 9280 883 8002 206 179 130 85 17897 74638 70980 30156 3573 3367 527 490 26583 2840 2115 725 206 664 197 74
is_linear=0
shrinkage=0.05


Tree=57
num_leaves=63
num_cat=0
split_feature=12 0 24 24 15 23 20 2 21 22 12 25 18 25 13 24 0 15 0 2 12 14 2 20 22 22 12 13 0 13 0 14 0 12 22 0 12 13 25 15 2 14 12 14 24 0 13 24 3 13 13 25 22 6 14 14 9 14 13 0 0 23
split_gain=0.357761 0.164093 0.144104 0.275489 0.454395 0.169055 0.351249 0.702462 0.259514 0.216395 0.268679 0.19888 0.1813 0.166577 0.141949 0.225392 0.129821 0.128204 0.261517 0.163164 0.116394 0.229748 0.126122 0.115368 0.189446 0.184419 0.108942 0.145875 0.38245 0.11606 0.302392 0.529633 0.494373 0.167973 0.402384 0.549807 0.298208 0.15667 0.131398 0.113826 0.147737 0.210253 0.107558 0.204088 0.210785 0.105899 0.1243 0.101004 0.0996777 0.0961687 0.0948059 0.0896443 0.0746898 0.0626575 0.142365 0.0550024 0.0501356 0.0505562 0.0475742 0.0347211 0.0339894 0.0438384
threshold=1471.5000000000002 1305.5000000000002 1.1459335684776308 1.0324271321296694 1.0000000180025095e-35 0.77136236429214489 0.35714286565780645 6.5000000000000009 0.75000000000000011 0.65000000596046459 2164.0000000000005 0.9699496626853944 1.5000000000000002 1.0998939871788027 0.51166980934422812 1.3837753534317019 46.500000000000007 1.5000000000000002 1109.5000000000002 1.5000000000000002 1747.5000000000002 0.87119815668202782 11.500000000000002 6.9285714626312265 9.1500000953674334 42.349998474121101 787.50000000000011 0.012358406516482118 1721.5000000000002 0.17328655817043084 177.50000000000003 0.100561797752809 120.50000000000001 1438.5000000000002 0.11666667088866235 1179.5000000000002 1421.5000000000002 0.18852473582613063 1.035294830799103 1.0000000180025095e-35 5.5000000000000009 0.16291708796764412 1159.5000000000002 0.13221420643729193 0.44731126725673681 1333.5000000000002 161.09460132450334 0.93319860100746166 3.5000000000000004 0.72632661901667761 0.068067070014510359 14.528608322143556 12.316666603088381 1.0000000180025095e-35 0.42933947772657455 0.074271079590228536 -0.56174490092936669 0.17089216944801031 0.19717059014835017 109.50000000000001 1385.5000000000002 193.94954681396487
decision_type=2 2 2 2 2 2 2 2 2 2 2 2 2 2 2 2 2 2 2 2 2 2 2 2 2 2 2 2 2 2 2 2 2 2 2 2 2 2 2 2 2 2 2 2 2 2 2 2 2 2 2 2 2 2 2 2 2 2 2 2 2 2
left_child=26 2 3 5 -5 6 9 8 -8 10 -2 -9 17 48 15 -15 23 19 -19 -7 21 -18 -22 24 -16 -25 -1 28 -28 30 31 55 -33 36 50 -36 38 39 -32 56 41 -41 53 44 -44 -3 51 -42 -4 -45 -35 52 -47 58 -55 59 57 -31 -39 -29 61 -48
right_child=1 45 13 4 -6 12 7 11 -10 -11 -12 -13 -14 14 16 -17 20 18 -20 -21 22 -23 -24 25 -26 -27 27 29 -30 37 33 32 -34 34 35 -37 -38 42 -40 40 47 -43 43 49 -46 46 60 -49 -50 -51 -52 -53 -54 54 -56 -57 -58 -59 -60 -61 -62 -63
leaf_value=0.00013638451986592535 -0.0026844392735104038 0.00051131383763287181 0.0047887984477670868 -0.00034846771997331348 -0.0094881335147791769 -0.0034245878126731703 -0.0026889969959207199 -0.0049320558801081507 0.0041787549535527609 0.0027249848067634058 0.0016355477950789712 -0.012514272272883365 0.0037368201114072195 -0.0053029351769257171 -0.00090973011859832905 0.00124634372728381 -0.0045843323417443177 0.00093408016201989783 -0.0065454284903279968 0.0014417172607317031 0.00072865589224298179 -0.00013432345212364036 -0.00178880617952083 0.00010617141406361183 -0.0050483898272598547 -0.0009574450598565775 -0.0072502546290639028 0.0014953811410930696 0.0013631671210358428 0.0014887426606396215 -5.677949230473255e-05 -0.00084261177796451231 -0.0095935207824260418 0.0023251857699894862 -0.0041401708681342957 0.00013293744810063431 0.0021165133885640551 -0.0013667716304251074 -0.0013683828230084698 -0.0061666975632242481 0.002560786735646579 0.00041592516762463378 0.0015021178078296121 -0.00015031069115648297 -0.0024722005085704912 -0.00023792378285033124 -0.00071235842016029811 -0.00080290469661744353 0.00013399217393697543 4.5713851526308925e-05 0 0.0004041648678170168 -0.0028687996017607992 -0.0021020201522015157 0.00051531300686070709 -0.0020258207602062441 0.0017623407572758055 -0.00052335756514126886 0.00050694603645891898 -0.00054789704105285837 -0.00025520102573598191 -0.0029429000267987334
leaf_weight=26382 96 1498 27 34 24 20 39 21 21 50 56 20 36 33 140 20 29 24 21 108 622 33427 53 802 36 813 24 48 26 61 5068 31 37 57 164 135 155 33 199 22 44 24 41 6955 152 141 280 42 24 61659 180 1302 35 80 143 26 256 59 1903 32 609 26
leaf_count=26382 96 1498 27 34 24 20 39 21 21 50 56 20 36 33 140 20 29 24 21 108 622 33427 53 802 36 813 24 48 26 61 5068 31 37 57 164 135 155 33 199 22 44 24 41 6955 152 141 280 42 24 61659 180 1302 35 80 143 26 256 59 1903 32 609 26
internal_value=-4.67285e-07 -0.000126607 -0.000159502 -0.000949832 -0.00422628 -0.000568156 -0.00132719 -0.00373463 -0.000199136 -9.74698e-05 -0.00105996 -0.0087738 0.000508452 -0.000146856 -0.000151039 -0.00273965 -0.000147073 -0.000136232 -0.00245227 0.000640245 -0.00012511 -0.000138344 0.000523347 -0.000562804 -0.00178705 -0.000426189 4.85726e-05 1.86758e-05 -0.00267769 2.04809e-05 -0.000188134 -0.00224387 -0.00568465 -0.000127222 -0.000971949 -0.00219472 -4.27764e-05 3.84489e-05 -0.000107309 0.000913669 -0.000318939 -0.00263037 3.2112e-05 2.1131e-05 -0.00160168 0.000181494 -2.28938e-05 0.000860957 0.0027007 2.57709e-05 0.000549896 0.000258438 -0.000790834 0.000379741 -0.00040175 0 0.00135966 0.000458216 0.000472356 0.000615984 -0.000482772 -0.000919116
internal_weight=144525 40487 36596 570 58 512 303 101 60 202 152 41 209 36026 35975 53 35922 173 45 128 34131 33456 675 1791 176 1615 104038 77656 50 77606 6132 174 68 5958 536 299 5422 71474 5267 508 132 46 70966 68807 193 3891 2393 86 51 68614 237 1478 176 2159 223 106 376 120 1936 80 915 306
internal_count=144525 40487 36596 570 58 512 303 101 60 202 152 41 209 36026 35975 53 35922 173 45 128 34131 33456 675 1791 176 1615 104038 77656 50 77606 6132 174 68 5958 536 299 5422 71474 5267 508 132 46 70966 68807 193 3891 2393 86 51 68614 237 1478 176 2159 223 106 376 120 1936 80 915 306
is_linear=0
shrinkage=0.05


Tree=58
num_leaves=63
num_cat=0
split_feature=12 13 0 0 13 0 22 0 22 13 0 0 13 10 3 0 13 20 21 12 22 22 20 10 0 11 8 11 8 12 15 11 10 19 0 17 11 12 13 22 21 22 13 23 22 13 12 0 13 13 21 0 12 13 11 0 13 12 22 22 13 0
split_gain=0.331746 0.181196 0.158379 0.452651 0.331537 0.331936 0.242112 0.228154 0.17303 0.161058 0.278922 0.364114 0.185194 0.206745 0.197497 0.175993 0.165661 0.146775 0.407894 0.417999 0.277683 0.290554 0.292352 0.253394 0.294381 0.1813 0.167859 0.476849 0.274198 0.145769 0.142091 0.133341 0.281168 0.292937 0.129511 0.128219 0.114554 0.110392 0.160297 0.216495 0.110324 0.105793 0.112433 0.0964113 0.268118 0.0951052 0.0935679 0.0916535 0.0896136 0.088555 0.24203 0.128975 0.0857963 0.138533 0.728529 0.570166 0.697958 0.855529 0.271167 0.198626 0.106928 0.165184
threshold=1466.5000000000002 0.81271878464252822 869.50000000000011 848.50000000000011 440.84422146753121 850.50000000000011 68.216663360595717 876.50000000000011 560.68334960937511 153.59809199758811 326.50000000000006 320.50000000000006 2.5257293833932293 0.93301270189221952 2.5000000000000004 600.50000000000011 634.82196237781329 1.0000000180025095e-35 1.0000000180025095e-35 1467.5000000000002 0.51666668057441723 0.55000001192092907 0.35714286565780645 -0.5 433.50000000000006 0.25000000000000017 0.87837969732492682 0.25000000000000017 1.0000000180025095e-35 1467.5000000000002 5.5000000000000009 0.6830127018922193 -0.24999999999999994 1.0000000180025095e-35 312.50000000000006 3.5000000000000004 -0.24999999999999994 1469.5000000000002 1.3539373243864972 0.78333333134651195 1.964285731315613 0.61666667461395275 0.64003546099290787 0.77136236429214489 0.45000000298023229 2.3013182019087535 1473.5000000000002 842.00000000000011 23.616357172843149 3.4706893066504958 6.8214285373687753 1137.5000000000002 1380.0000000000002 0.12882395757512741 1.0000000180025095e-35 1340.5000000000002 0.11421117604490365 1406.5000000000002 0.11666667088866235 0.050000002607703216 0.026721807579183601 1371.5000000000002
decision_type=2 2 2 2 2 2 2 2 2 2 2 2 2 2 2 2 2 2 2 2 2 2 2 2 2 2 2 2 2 2 2 2 2 2 2 2 2 2 2 2 2 2 2 2 2 2 2 2 2 2 2 2 2 2 2 2 2 2 2 2 2 2
left_child=48 17 3 9 5 -5 45 -4 -6 12 11 34 13 29 15 -14 47 18 36 -20 31 25 41 -21 -25 -22 28 -28 -24 -3 -16 43 -33 -34 -11 -15 -2 49 39 -39 -41 -23 -43 44 -19 -7 -13 -12 52 50 51 -9 -1 54 55 58 -57 -58 59 -54 -56 -62
right_child=1 2 7 4 8 6 -8 37 -10 10 16 46 14 35 30 -17 -18 20 19 23 21 22 26 24 -26 -27 27 -29 -30 -31 -32 32 33 -35 -36 -37 -38 38 -40 40 -42 42 -44 -45 -46 -47 -48 -49 -50 -51 -52 -53 53 -55 60 56 57 -59 -60 -61 61 -63
leaf_value=0.00010753354183604153 -0.0010894347492342667 -0.00038839557436963799 0.0007686261296471743 0.0011557992135604364 -0.0029182907523589933 -0.0021131716586784925 -0.0018997980948839564 0.0013990061219036434 -0.0011319922676009551 -0.00010482918983286803 0.00087446798304606976 -0.00034292694640739333 -0.00043418460414247563 -0.0024103018744387329 0.00011169873688723423 0.00030496712621344894 0.00010011973537621109 0.0017782279591052304 -0.0087352962739214637 -0.0060063818876428168 -0.0085663312703222767 0.004843596639148743 -0.001576484665980893 -0.0041720696764202406 0.002793933081226501 -0.0015538020858373407 -0.0060937113782852147 0.0020733562726313356 0.00090182032152862383 0.00088248925255849514 -0.00021517922824716967 0.0017939472030197422 -0.005746822710829283 0.0015915016222059432 0.00069680913762654878 0.001282874697377694 0.0033295952028445787 0.0012573114129613482 -5.7539008400193355e-05 -0.001988452141239242 -0.0062485090117503084 -0.0011175580446506261 0.0035775898245132363 0.0028098181372129966 -0.0043423080690441086 -0.00034277014366983222 -0.0014633626586272608 0.00012844844287388004 0.00031446646258468151 0.00021425375139097456 -0.0047293435087702729 -0.00026602362217216345 -0.0054879660216661606 1.4723740380625218e-05 0.0041750493109630775 0.0012935843202797669 -0.011059097793460685 -0.0012626549536433078 -0.0084047730556895909 -0.00062865019021577902 -0.00073225282442059177 0.0012958869246617417
leaf_weight=40824 24 286 973 279 216 81 340 127 407 3473 1552 289 8630 97 6067 880 3144 90 31 26 20 25 350 26 36 21 52 26 161 990 7324 60 37 20 589 29 33 45 21420 100 20 30 21 88 22 1619 601 583 3658 7185 29 1313 48 29292 22 159 30 92 40 42 154 277
leaf_count=40824 24 286 973 279 216 81 340 127 407 3473 1552 289 8630 97 6067 880 3144 90 31 26 20 25 350 26 36 21 52 26 161 990 7324 60 37 20 589 29 33 45 21420 100 20 30 21 88 22 1619 601 583 3658 7185 29 1313 48 29292 22 159 30 92 40 42 154 277
internal_value=-4.59237e-07 -7.87793e-05 -6.80611e-05 -0.000137363 -0.000732936 -0.000454873 -0.000677652 1.49888e-05 -0.00175971 -8.64783e-05 7.96187e-05 -0.000189285 -0.000156607 0.00040006 -0.000190906 -0.00036526 0.000332812 -0.000688575 -0.00203015 -0.00370667 -0.000452703 -0.00100773 -0.000746638 -0.00187056 -4.87928e-05 -0.00510872 -0.00112886 -0.00330817 -0.000785842 0.000593709 -6.6709e-05 0.00076757 -0.000541432 -0.00308613 1.01937e-05 -0.00152029 0.00138274 -9.09805e-06 -6.97437e-05 -0.00162286 -0.00274471 0.00214748 0.000721109 0.00155821 0.000528576 -0.000430185 -0.00110523 0.000673111 7.28085e-05 0.000141587 -0.000210419 -0.000115618 6.02836e-05 -3.51574e-06 -0.000627601 -0.00215478 -0.000865742 -0.00371965 -0.00489984 -0.00327899 0.000747117 0.000559615
internal_weight=144525 69887 68688 37476 2942 2319 2040 31212 623 34534 10231 4952 24303 1402 22901 9510 5279 1199 176 119 1023 706 665 88 62 41 589 78 511 1276 13391 317 117 57 4062 126 57 30239 21585 165 120 76 51 200 112 1700 890 2135 74638 8654 1469 1440 70980 30156 864 411 281 122 130 90 453 431
internal_count=144525 69887 68688 37476 2942 2319 2040 31212 623 34534 10231 4952 24303 1402 22901 9510 5279 1199 176 119 1023 706 665 88 62 41 589 78 511 1276 13391 317 117 57 4062 126 57 30239 21585 165 120 76 51 200 112 1700 890 2135 74638 8654 1469 1440 70980 30156 864 411 281 122 130 90 453 431
is_linear=0
shrinkage=0.05


Tree=59
num_leaves=63
num_cat=0
split_feature=17 0 0 14 14 22 13 0 0 0 19 0 0 22 0 13 22 24 0 0 22 0 0 24 15 23 0 22 25 17 17 22 22 8 2 13 24 20 13 14 0 25 20 9 8 0 14 0 0 0 23 13 13 3 2 13 18 22 0 24 9 6
split_gain=0.159277 0.122733 0.292888 0.25407 0.537842 0.124314 0.184336 0.11286 0.347163 0.0974491 0.0970168 0.0964614 0.44481 0.178807 0.168876 0.148534 0.088451 0.0870384 0.0818971 0.105196 0.20706 0.108097 0.0779786 0.0749681 0.0653068 0.0637228 0.0627474 0.248907 0.108759 0.0613754 0.0761072 0.0598356 0.10003 0.162516 0.0562287 0.111276 0.087939 0.0534998 0.0528043 0.0544187 0.129733 0.132648 0.16819 0.0942011 0.0926163 0.169496 0.0976563 0.0536065 0.0525479 0.344305 0.219291 0.143458 0.141328 0.1967 0.28404 0.129844 0.151042 0.143773 0.0787139 0.0938688 0.0778775 0.116309
threshold=20.500000000000004 326.50000000000006 291.50000000000006 7.1913329161451829 5.522408026755854 560.68334960937511 57.42212993923706 312.50000000000006 320.50000000000006 302.50000000000006 47.500000000000007 848.50000000000011 857.50000000000011 226.34999847412112 600.50000000000011 673.12306270159718 93.350002288818374 36.591335296630866 897.50000000000011 1127.5000000000002 667.10000610351574 1197.5000000000002 60.500000000000007 5.9295310974121103 428.50000000000006 40.925018310546882 852.50000000000011 205.01667022705081 406.86978149414068 45.500000000000007 57.500000000000007 42.349998474121101 44.116666793823249 0.6078576107927941 5.5000000000000009 16.884285714285721 65.704738616943374 35.642858505249031 27.001027904328023 33.6257530120482 616.50000000000011 39.206563949584968 43.357141494750984 -0.22252093395631442 -0.8783796973249266 323.50000000000006 32.809769966399593 254.50000000000003 600.50000000000011 568.50000000000011 3.6774675846099858 33.630190872809308 2.9735035937315897 3.5000000000000004 5.5000000000000009 34.40005570602586 1.5000000000000002 29.183333396911625 590.50000000000011 10.337837219238283 1.0000000180025095e-35 1.0000000180025095e-35
decision_type=2 2 2 2 2 2 2 2 2 2 2 2 2 2 2 2 2 2 2 2 2 2 2 2 2 2 2 2 2 2 2 2 2 2 2 2 2 2 2 2 2 2 2 2 2 2 2 2 2 2 2 2 2 2 2 2 2 2 2 2 2 2
left_child=25 2 5 4 -4 6 31 9 -9 -5 23 13 26 14 16 -15 17 -12 -14 20 -20 -21 -8 -3 -18 48 27 -13 -29 -10 -31 34 33 -33 36 -36 -2 -34 -27 40 41 42 43 -40 45 -43 -46 -41 49 51 60 -1 53 -52 -55 56 -53 -58 -54 -60 61 -51
right_child=1 10 3 7 -6 -7 22 8 29 -11 11 12 18 15 -16 -17 24 -19 19 21 -22 -23 -24 -25 -26 38 -28 28 -30 30 -32 32 37 -35 35 -37 -38 -39 39 47 -42 44 -44 -45 46 -47 -48 -49 -50 50 52 55 58 54 -56 -57 57 -59 59 -61 -62 -63
leaf_value=2.8700169823694434e-05 0.00019769402450661714 -0.0029889388783691235 0.00015170298671970766 -0.00071872720542241276 -0.010556353412716841 -0.0010729071810255406 -0.00041878264783103928 0.00063799053990528645 0.0011298041603966895 -0.0018915561785805839 -0.0011005942680640153 0.00066387760758543531 0.00058013102914424648 0.00072990226933305341 0.00032013158614932843 4.2838544957020325e-05 -0.00096500933221739147 -3.3699197950030462e-05 -0.00013707994720124199 0.00049211796246501711 -0.00099925920388616745 -9.1606009457627515e-05 0.00042005208637130607 6.2108308906509295e-05 -0.0038909891449241626 0.000356268503567131 -0.0017669466044020667 -0.0023320407400485512 -0.00086017878481079173 -0.0034447832181730602 -0.00090656675897188657 -0.00044187579731900535 0.00050106662321289751 -0.0058681767912646069 -0.00093070068335986307 2.9211084837420579e-05 -0.0028443110205862996 -0.00057259902562154961 0.00083062297881556142 0.00048440777797207566 0.0002471152383164458 -0.005478275974915861 -0.0065145586858230149 -0.0026394622117291125 -5.1046781224058465e-05 0.00039939335499978641 -0.0025539905232965787 9.3725602834047005e-05 4.3429556642536989e-05 0.00046150362539321122 -0.00063379152300171646 0 -0.00073310291706873726 -0.0083845682463846924 -0.00041566277061825369 -0.00038402593765418793 -0.0067997197336891945 -0.00125047837007591 -0.0013788447033439839 -0.0043825065579177957 -0.00068991562625635963 -0.0018958034873867919
leaf_weight=27034 1168 20 26 559 20 294 312 539 33 277 257 185 418 1152 749 2535 564 787 3348 972 886 4294 2155 14205 21 2207 329 215 343 32 982 40 128 23 493 754 24 907 30 980 843 24 20 48 596 22 42 9298 60384 491 46 38 562 30 20 1026 26 26 162 34 432 58
leaf_count=27034 1168 20 26 559 20 294 312 539 33 277 257 185 418 1152 749 2535 564 787 3348 972 886 4294 2155 14205 21 2207 329 215 343 32 982 40 128 23 493 754 24 907 30 980 843 24 20 48 596 22 42 9298 60384 491 46 38 562 30 20 1026 26 26 162 34 432 58
internal_value=-4.45331e-07 -8.52625e-05 -0.000250716 -0.00071261 -0.00440831 -6.89103e-05 -1.88974e-05 -0.000640176 -0.000387478 -0.00111349 -3.8735e-05 -0.000119249 -0.000207659 4.01283e-05 -0.000296934 0.000258881 -0.000583727 -0.000301204 -0.000102522 -0.000133091 -0.000318698 1.51958e-05 0.000311926 5.74461e-05 -0.00107924 3.20166e-05 -0.00117561 -0.00090683 -0.00143657 -0.00092018 -0.000991931 -0.000251057 -0.000558685 -0.00250831 -0.000110501 -0.000346324 0.000132018 -0.000434951 0.000130889 8.86769e-05 -0.000178886 -0.000644484 -0.0023741 -0.00124144 -0.000389054 -0.00256399 -0.000224028 0.000131468 1.65236e-05 -3.74931e-05 -0.000701103 5.58999e-06 -0.00128788 -0.00312121 -0.005304 -0.000549704 -0.00238042 -0.00412879 -0.00104872 -0.00192735 -0.000185113 0.000203056
internal_weight=144525 40046 8766 2468 46 6298 6004 2422 1586 836 31280 17055 10990 6065 2378 3687 1629 1044 9918 9500 4234 5266 2467 14225 585 104479 1072 743 558 1047 1014 3537 1098 63 2439 1247 1192 1035 14110 11903 1625 782 98 78 684 46 638 10278 90369 29985 1835 28150 854 96 50 1116 90 52 758 196 981 549
internal_count=144525 40046 8766 2468 46 6298 6004 2422 1586 836 31280 17055 10990 6065 2378 3687 1629 1044 9918 9500 4234 5266 2467 14225 585 104479 1072 743 558 1047 1014 3537 1098 63 2439 1247 1192 1035 14110 11903 1625 782 98 78 684 46 638 10278 90369 29985 1835 28150 854 96 50 1116 90 52 758 196 981 549
is_linear=0
shrinkage=0.05


Tree=60
num_leaves=63
num_cat=0
split_feature=12 13 25 25 20 8 12 10 21 24 9 18 17 0 0 21 0 12 0 25 21 20 14 13 0 0 0 13 13 0 13 0 0 0 21 18 17 21 13 12 14 25 13 13 12 25 0 25 12 13 12 13 13 12 13 12 14 21 0 20 21 0
split_gain=0.284987 0.165677 0.155578 0.142989 0.254148 0.422133 0.391526 0.213569 0.179085 0.182847 0.313262 0.798667 0.353708 0.137024 0.377214 0.274607 0.308121 0.214757 0.203918 0.203797 0.210479 0.470121 0.155348 0.259101 0.275192 0.151697 0.134787 0.126316 0.209322 0.126351 0.124657 0.121083 0.493546 0.113926 0.113097 0.110634 0.121257 0.0866375 0.079119 0.0776018 0.218045 0.126605 0.202828 0.253244 0.280106 0.239154 0.108608 0.0920724 0.295813 0.336552 0.253388 0.622553 0.121331 0.0955269 0.209304 0.177771 0.245545 0.191595 0.0985543 0.275607 0.0819431 0.0817249
threshold=1466.5000000000002 0.81271878464252822 1.6926137208938601 0.2794183492660523 1.0000000180025095e-35 -1.0000000180025095e-35 1469.5000000000002 -0.24999999999999994 0.96428570151329052 2.848269104957581 1.0000000180025095e-35 1.5000000000000002 1.0000000180025095e-35 869.50000000000011 848.50000000000011 229.46428680419925 850.50000000000011 1473.5000000000002 876.50000000000011 6.7810163497924814 3.8214286565780644 1.7857142686843874 249.7119593881857 550.63515248226963 326.50000000000006 850.50000000000011 288.50000000000006 156.40154159556673 125.99754684759533 1127.5000000000002 0.12123728984194103 600.50000000000011 575.50000000000011 340.50000000000006 0.10714286193251611 2.5000000000000004 2.5000000000000004 0.17857143282890323 23.616357172843149 1408.5000000000002 0.019049346879535561 0.32543723285198217 0.24637327766179543 0.22559557572319913 1465.5000000000002 0.74817627668380748 455.50000000000006 0.65607663989067089 1395.0000000000002 0.05174198614978226 1406.5000000000002 0.1651269468743333 0.24637327766179543 1388.5000000000002 0.72632661901667761 1385.5000000000002 0.23164313222079594 0.53571429848670971 2092.5000000000005 1.0000000180025095e-35 0.46428571641445165 49.500000000000007
decision_type=2 2 2 2 2 2 2 2 2 2 2 2 2 2 2 2 2 2 2 2 2 2 2 2 2 2 2 2 2 2 2 2 2 2 2 2 2 2 2 2 2 2 2 2 2 2 2 2 2 2 2 2 2 2 2 2 2 2 2 2 2 2
left_child=38 3 -3 -2 5 37 -7 -8 30 10 12 -12 -10 14 22 16 -16 -18 -15 20 34 -22 31 26 -25 -17 -24 28 -21 -29 -6 32 -4 -11 -20 36 -32 -5 39 47 -41 46 43 44 -43 -45 -42 48 -1 -50 51 -51 -52 55 58 -49 57 -57 -55 -60 -58 -44
right_child=1 2 13 4 8 6 7 -9 9 33 11 -13 -14 18 15 25 17 -19 19 27 21 -23 23 24 -26 -27 -28 29 -30 -31 35 -33 -34 -35 -36 -37 -38 -39 -40 40 41 42 61 45 -46 -47 -48 53 49 50 52 -53 -54 54 -56 56 60 -59 59 -61 -62 -63
leaf_value=4.4291461734537554e-05 0.0017371404858341315 0.00077936203527922618 -0.00014404451733122047 0.0025935423247708603 0.0028202681215824905 -0.010817957168857978 -0.0068682568324771936 -0.00060871416326711944 -0.0013517444885394851 -0.0028005639054066505 0.0023368374264524047 -0.0083753795352929719 -0.0074151749273121004 0.00072044352917616488 0.0011480247462230147 -0.0023900054537115789 -0.00021308345801839828 -0.0012674571725574497 -0.003039886988699436 5.7566538226012638e-05 -0.0085304061223014978 -0.0011036792427737011 1.4940910111495631e-05 -0.00056801295310246729 0.00016568090924321915 -0.00080557411183523008 0.00071826591834069824 -0.00032344194601699184 0.00084683541841617345 4.891846094140229e-05 -0.000558898808091868 0.00019459247638622013 -0.0015506760285350872 0.0015170518143068435 -0.00019909476142148899 0.0023004535251201835 0.0025271093410058538 -0.0012564530367174022 0.00029453552427691595 -0.0037461800729412863 -0.0018371237027009141 -0.00020135466888256638 -0.00069538345475023578 -0.0047334084829097206 -0.0040324271900092296 -0.00068924902915324228 0.0011501537446653015 0.00013509148318287668 0.0025985865151499682 -0.0051046134277189575 0.00031338041798158645 -0.00066177790807555898 -0.0033739709521669785 0.0013266404264649302 0.00014394386247620978 -0.00096699721562914012 0.0010547848010815889 -0.007781442645852921 -0.0036349342202307874 0.00097300621407191341 -0.00085584827725603593 2.3478431525760581e-05
leaf_weight=17277 58 543 22818 27 35 22 22 41 52 20 70 23 49 973 273 315 1227 812 36 17897 23 333 1071 2034 3424 315 1945 4428 883 4652 617 2325 642 60 1719 40 33 30 3658 39 32 1124 402 69 50 85 354 24536 56 125 195 222 25 712 2187 23 68 22 40 169 281 22887
leaf_count=17277 58 543 22818 27 35 22 22 41 52 20 70 23 49 973 273 315 1227 812 36 17897 23 333 1071 2034 3424 315 1945 4428 883 4652 617 2325 642 60 1719 40 33 30 3658 39 32 1124 402 69 50 85 354 24536 56 125 195 222 25 712 2187 23 68 22 40 169 281 22887
internal_value=-4.51563e-07 -7.30452e-05 -6.2793e-05 -0.000656147 -0.000782327 -0.0027686 -0.00500451 -0.00288125 -0.000494741 -0.00158441 -0.00241716 -0.000264865 -0.00434729 -6.9578e-05 -0.000134249 -0.000677808 -0.000422668 -0.000635465 8.00885e-06 -1.49556e-05 -0.000488699 -0.0015998 -8.74235e-05 9.79473e-05 -0.00010683 -0.00160598 0.000470177 2.07628e-05 9.4947e-05 -0.00013212 -7.58648e-05 -0.000148538 -0.000182758 0.000373077 -0.000260386 -0.000230403 -0.000394169 0.000481012 6.74542e-05 5.56806e-05 -1.49564e-05 -8.92144e-06 -2.32099e-05 -0.000624276 -0.000369106 -0.00253558 0.000889142 9.42954e-05 5.41307e-06 -0.00106457 -0.00143557 -0.00227764 -8.42624e-05 0.000150861 0.000412887 0.000117992 -0.000933914 -0.00441924 0.001046 6.58751e-05 -0.000469058 1.08523e-05
internal_weight=144525 69887 68688 1199 1141 142 85 63 999 274 194 93 101 68145 37201 2942 2312 2039 30944 29971 2111 356 34259 8474 5458 630 3016 27860 18780 9080 725 25785 23460 80 1755 690 650 57 74638 70980 25042 25003 24617 1328 1174 154 386 45938 17900 623 567 347 220 28038 3108 24930 394 45 921 209 349 23289
internal_count=144525 69887 68688 1199 1141 142 85 63 999 274 194 93 101 68145 37201 2942 2312 2039 30944 29971 2111 356 34259 8474 5458 630 3016 27860 18780 9080 725 25785 23460 80 1755 690 650 57 74638 70980 25042 25003 24617 1328 1174 154 386 45938 17900 623 567 347 220 28038 3108 24930 394 45 921 209 349 23289
is_linear=0
shrinkage=0.05


Tree=61
num_leaves=63
num_cat=0
split_feature=12 0 24 24 21 25 23 20 2 21 22 12 25 18 11 14 11 13 24 20 21 23 18 25 0 13 20 2 12 13 11 13 0 14 0 11 0 0 0 12 20 13 11 2 14 12 12 14 20 13 25 22 24 10 13 24 2 0 16 13 14 3
split_gain=0.262094 0.136813 0.117046 0.246734 0.382633 0.160483 0.153055 0.308927 0.634576 0.234033 0.190784 0.240643 0.175518 0.160082 0.131047 0.157618 0.138925 0.120579 0.203614 0.123556 0.186134 0.193713 0.135071 0.126178 0.0966829 0.110498 0.0944389 0.0904069 0.0821614 0.131968 0.356619 0.100018 0.274688 0.475221 0.448973 0.158671 0.143662 0.182182 0.90545 0.23629 0.138234 0.138184 0.116049 0.0934931 0.364407 0.093138 0.0907222 0.182945 0.195872 0.0896348 0.0811488 0.0672592 0.0553976 0.0760284 0.0522601 0.0971514 0.0570775 0.0306271 0.039881 0.0305193 0.039935 0.0487102
threshold=1471.5000000000002 1305.5000000000002 1.1459335684776308 1.0324271321296694 0.75000000000000011 1.0998939871788027 0.77136236429214489 0.35714286565780645 6.5000000000000009 0.75000000000000011 0.65000000596046459 2164.0000000000005 0.9699496626853944 1.5000000000000002 0.6830127018922193 0.52865353037766838 -0.24999999999999994 0.51166980934422812 1.3837753534317019 1.6428571343421938 8.3214282989501971 18.280877113342289 17.500000000000004 60.30589675903321 1333.5000000000002 161.09460132450334 1.0000000180025095e-35 5.5000000000000009 787.50000000000011 0.012358406516482118 0.6830127018922193 0.17328655817043084 177.50000000000003 0.100561797752809 120.50000000000001 -0.24999999999999994 2043.5000000000002 1721.5000000000002 1742.5000000000002 1438.5000000000002 1.214285731315613 0.18852473582613063 -0.68301270189221952 1.5000000000000002 0.16291708796764412 1130.0000000000002 1159.5000000000002 0.13221420643729193 0.21428572386503222 0.57067091454272878 14.528608322143556 12.316666603088381 0.62228676676750194 0.93301270189221952 0.18099133901908396 1.3393828868865969 8.5000000000000018 1385.5000000000002 43.500000000000007 0.05543928932632234 0.13221420643729193 3.5000000000000004
decision_type=2 2 2 2 2 2 2 2 2 2 2 2 2 2 2 2 2 2 2 2 2 2 2 2 2 2 2 2 2 2 2 2 2 2 2 2 2 2 2 2 2 2 2 2 2 2 2 2 2 2 2 2 2 2 2 2 2 2 2 2 2 2
left_child=28 2 3 6 -5 27 7 10 9 -9 11 -2 -10 14 16 -16 -8 18 -7 23 21 -21 -22 26 -3 50 -19 -4 59 30 -30 32 33 35 -35 42 37 39 -39 -34 45 43 -31 44 -33 -38 52 48 -48 -49 51 -26 -43 -54 56 -56 -45 58 -27 60 -1 -62
right_child=1 24 5 4 -6 17 13 8 12 -11 -12 -13 -14 -15 15 -17 -18 19 -20 20 22 -23 -24 -25 25 57 -28 -29 29 31 -32 41 36 34 -36 -37 40 38 -40 -41 -42 46 -44 54 -46 -47 47 49 -50 -51 -52 -53 53 -55 55 -57 -58 -59 -60 -61 61 -63
leaf_value=2.6104914395939344e-05 -0.0025019975712486046 0.00048804425958160256 0.00038619304068700564 0.00022499285555853613 -0.0077380982133293365 -0.0049569562572727034 0 -0.0024760173095385437 -0.0046245520749080794 0.004049740130549641 0.0025918924983984932 0.0015858354129946379 -0.011782146724686955 0.0035667646493133249 0.0010740723012641258 -0.0039640246748709152 0.0042025573781702616 -0.00077884152285794819 0.0012646171704527752 -0.00049174651729195302 4.0822602698606805e-05 -0.0033378446141359868 -0.00017841930511779835 -0.0027153278926437038 -0.00022838605001164851 -0.0025925035144269866 0.00083242209755479137 0.0048317708256858521 -0.0060382290177072003 0 0.00243978851396053 -0.0064124543979689856 8.4726925604838084e-05 -0.00077295278729062368 -0.0091203915231391746 0.0016832614594884531 -9.1063742290314534e-05 -0.0078688010932400389 -0.00053723582586860435 -0.0012046381734189561 -0.0038539553932215444 0.00082128424942531832 -0.0048476661930526542 5.0898839762509035e-06 0.0022833653018390597 0.00062847609445187177 9.8484435627372473e-05 -0.00017433511066026694 -0.0030395961139060039 3.8968036792700021e-05 0.00038159556196544687 -0.0027279288600864913 0.00032586164900333018 -0.00075828952957641505 0.001954652496434004 -0.0014840397595370551 0.0018331610366776462 -0.00023944351527974605 -0.00065024366376879633 0.00014590816859904216 -0.0032998826959406702 0
leaf_weight=5615 96 1498 26 27 31 33 86 39 21 21 50 56 20 36 24 38 25 102 20 2332 10150 62 22578 29 141 32 669 25 30 25 20 20 2674 31 37 59 810 44 1019 409 20 485 22 167 29 982 92 5335 101 63279 1302 35 1495 179 211 21 60 609 274 20726 20 21
leaf_count=5615 96 1498 26 27 31 33 86 39 21 21 50 56 20 36 24 38 25 102 20 2332 10150 62 22578 29 141 32 669 25 30 25 20 20 2674 31 37 59 810 44 1019 409 20 485 22 167 29 982 92 5335 101 63279 1302 35 1495 179 211 21 60 609 274 20726 20 21
internal_value=-4.41783e-07 -0.000108412 -0.000138458 -0.000850827 -0.00395108 -0.000127046 -0.000489161 -0.00121209 -0.00346946 -0.00010587 -5.75101e-05 -0.000963028 -0.00825789 0.000535082 -6.85999e-05 -0.00193469 0.000929519 -0.000131155 -0.00251707 -0.000127489 -0.000141595 -0.00056768 -0.000110273 0.000485487 0.000172893 -2.23126e-05 0.000612701 0.00266844 4.15273e-05 1.55546e-05 -0.00254912 1.72747e-05 -0.000176383 -0.00213573 -0.00539509 0 -0.000118288 -0.00028117 -0.000846121 -8.47359e-05 0.000251637 3.39594e-05 -0.00220608 0.00085592 -0.00116995 0.000300461 2.80039e-05 1.79129e-05 -0.00151855 2.23098e-05 0.000242812 -0.000755114 0.00034727 0.000206909 0.00108329 0.00162134 0.000510892 -0.000456012 -0.000870471 0.000117789 1.38628e-05 -0.00153704
internal_weight=144525 40487 36596 570 58 36026 512 303 101 60 202 152 41 209 173 62 111 35975 53 35922 35122 2394 32728 800 3891 2393 771 51 104038 77656 50 77606 6132 174 68 106 5958 4146 1063 3083 1812 71474 47 508 49 1792 70966 68807 193 68614 1478 176 2159 1674 459 232 227 915 306 26382 5656 41
internal_count=144525 40487 36596 570 58 36026 512 303 101 60 202 152 41 209 173 62 111 35975 53 35922 35122 2394 32728 800 3891 2393 771 51 104038 77656 50 77606 6132 174 68 106 5958 4146 1063 3083 1812 71474 47 508 49 1792 70966 68807 193 68614 1478 176 2159 1674 459 232 227 915 306 26382 5656 41
is_linear=0
shrinkage=0.05


Tree=62
num_leaves=63
num_cat=0
split_feature=17 0 0 14 0 0 22 0 22 0 16 14 16 19 0 0 22 0 22 22 24 0 0 22 25 24 2 24 15 23 14 0 21 25 23 25 24 22 21 0 25 24 19 0 23 0 22 21 0 0 8 17 0 17 21 22 17 14 21 21 22 14
split_gain=0.130137 0.100583 0.256963 0.34815 0.178061 0.302149 0.0989976 0.134825 0.111316 0.0899589 0.0858422 0.200926 0.172983 0.0818453 0.0788194 0.358214 0.154353 0.144979 0.105976 0.0794718 0.0770736 0.0696671 0.0844027 0.179255 0.0957582 0.0679442 0.0675017 0.140292 0.0591744 0.0586421 0.0559049 0.0542952 0.217015 0.109222 0.051034 0.0507791 0.0985369 0.0880261 0.0505666 0.0500719 0.0484166 0.046874 0.0439815 0.0602609 0.105862 0.104327 0.0555924 0.0434501 0.0431945 0.101607 0.0803433 0.0905059 0.26733 0.105729 0.0822911 0.166824 0.0819903 0.130975 0.105463 0.0770084 0.119301 0.0441898
threshold=20.500000000000004 326.50000000000006 297.50000000000006 7.1913329161451829 312.50000000000006 320.50000000000006 560.68334960937511 60.500000000000007 47.116666793823249 39.500000000000007 9.5000000000000018 123.93088803088804 60.500000000000007 47.500000000000007 848.50000000000011 857.50000000000011 226.34999847412112 600.50000000000011 716.91665649414074 93.350002288818374 36.591335296630866 897.50000000000011 1125.5000000000002 627.41668701171886 352.63537597656256 5.9295310974121103 5.5000000000000009 10.592475891113283 428.50000000000006 40.925018310546882 9.3578167115902975 852.50000000000011 229.46428680419925 386.29345703125006 28.777471542358402 86.04770660400392 97.096546173095717 78.816669464111342 238.89286041259768 719.50000000000011 512.47799682617199 65.704738616943374 2.5000000000000004 1362.5000000000002 1.479938328266144 1917.5000000000002 64.716663360595717 127.67857360839845 331.50000000000006 254.50000000000003 1.0000000180025095e-35 3.5000000000000004 258.50000000000006 5.5000000000000009 19.392857551574711 28.516666412353519 1.0000000180025095e-35 29.73144505638605 99.678573608398452 23.464285850524906 26.483333587646488 32.809769966399593
decision_type=2 2 2 2 2 2 2 2 2 2 2 2 2 2 2 2 2 2 2 2 2 2 2 2 2 2 2 2 2 2 2 2 2 2 2 2 2 2 2 2 2 2 2 2 2 2 2 2 2 2 2 2 2 2 2 2 2 2 2 2 2 2
left_child=29 2 6 -4 -5 38 7 9 26 -2 11 -7 -12 25 16 31 17 19 39 20 -15 -17 23 -23 -24 -3 41 -28 -21 35 -11 32 47 -34 -32 36 37 42 -6 -18 -8 -9 46 44 -44 -45 -1 -16 49 61 54 59 -53 -54 55 -51 57 -56 -58 -52 -61 -31
right_child=1 13 3 4 5 10 40 8 -10 30 12 -13 -14 14 15 21 18 -19 -20 28 -22 22 24 -25 -26 -27 27 -29 -30 48 34 -33 33 -35 -36 -37 -38 -39 -40 -41 -42 -43 43 45 -46 -47 -48 -49 -50 50 51 52 53 -55 56 -57 58 -59 -60 60 -62 -63
leaf_value=3.1031292076906892e-05 0.00012149061228240362 -0.0028466704496140798 -0.0055892175249239416 -0.0014230380837015782 -0.00010774483102252235 0.0012192169588149111 -0.0011827013689986998 0.0002210334086136499 0.00036829451846878838 -0.0032449403180745185 -0.003845464354040973 -0.0018202110212469386 -0.00088327883199174116 -0.001027868299222309 -0.00030667036111791459 0.00053501829263949993 0.00079825376672917165 0.00029337774456016292 2.9608476369275418e-05 -0.00090431933700570004 -2.3678476218053678e-05 -0.00010453623024965185 -0.00011046665330873392 -0.00088394142803789621 0.00038319256442828241 5.7820872357381656e-05 -0.0028101879809873751 -0.00027948695023461448 -0.0036926228012911693 -7.6621035874845653e-05 -8.167178313871414e-05 -0.0016080232768854966 -0.0022968038343009357 -0.0007808466387218447 -0.00082015384033092334 0.00052499093643070015 -0.0031203475292861105 -0.002565049871048268 0.00092437063705988996 0.00013972762169501063 -0.00026154173571534385 -0.0016281970872801125 0.00028002773360448697 0.00026257806729432942 -0.0001489589539864377 -0.00069073343900914513 -0.0025960078511030331 0.001196356520421321 0.00017459057301949982 0.00029773012506261842 0.0013544095789920698 -0.0069705811143804218 -0.0025422463426318814 6.1155654833306509e-05 -0.0023647492635667801 -0.0055206900728931325 0.00097378957709281881 -2.0449773738673599e-05 -0.00017962579836663901 -0.0040811031652630602 -0.00037888358695383146 0.00047175152924958336
leaf_weight=72629 568 20 36 520 161 137 271 932 2377 21 54 90 766 257 72 418 924 749 2314 564 787 3026 4209 984 1281 14205 59 898 21 555 360 329 191 358 764 484 25 33 378 449 339 35 1614 2498 12744 322 20 122 10555 28 58 21 61 98 77 20 379 282 403 23 540 1010
leaf_count=72629 568 20 36 520 161 137 271 932 2377 21 54 90 766 257 72 418 924 749 2314 564 787 3026 4209 984 1281 14205 59 898 21 555 360 329 191 358 764 484 25 33 378 449 339 35 1614 2498 12744 322 20 122 10555 28 58 21 61 98 77 20 379 282 403 23 540 1010
internal_value=-4.25641e-07 -7.70957e-05 -0.000226887 -0.000703194 -0.000617037 -0.000349549 -7.21002e-05 -9.69054e-06 0.000138862 -0.000385581 -0.000846687 0 -0.00108489 -3.49574e-05 -0.000108918 -0.00018884 3.50796e-05 -0.000278026 0.000238381 -0.000543824 -0.000275742 -9.44324e-05 -0.00012266 -0.000297056 3.81465e-06 5.33658e-05 -0.000141996 -0.000441009 -0.00101357 2.89136e-05 -0.000641479 -0.00105753 -0.000806858 -0.00131768 -0.000588106 1.40493e-05 1.12419e-05 1.21722e-05 0.000606839 0.000586569 -0.0006791 0.00014877 1.31775e-05 -5.86732e-05 -0.000100386 0.000151931 3.02357e-05 0.000612902 0.000123758 -2.57598e-05 -0.000264089 -0.00065114 -0.00164581 -0.000907177 0 -0.0020291 8.20834e-05 -0.000537708 0.000373042 -0.00035456 -0.000539706 0.000274094
internal_weight=144525 40046 8766 2142 2106 1586 6624 6014 4301 1713 1047 227 820 31280 17055 10990 6065 2378 3687 1629 1044 9918 9500 4010 5490 14225 1924 957 585 104479 1145 1072 743 549 1124 90369 89885 89860 539 1373 610 967 89827 17178 14358 2820 72649 194 14110 3555 1990 801 180 159 1189 48 1141 359 782 621 563 1565
internal_count=144525 40046 8766 2142 2106 1586 6624 6014 4301 1713 1047 227 820 31280 17055 10990 6065 2378 3687 1629 1044 9918 9500 4010 5490 14225 1924 957 585 104479 1145 1072 743 549 1124 90369 89885 89860 539 1373 610 967 89827 17178 14358 2820 72649 194 14110 3555 1990 801 180 159 1189 48 1141 359 782 621 563 1565
is_linear=0
shrinkage=0.05


Tree=63
num_leaves=63
num_cat=0
split_feature=12 25 13 20 9 0 11 0 0 20 14 0 25 12 0 0 22 0 0 17 13 14 13 12 22 14 0 12 21 1 0 21 25 0 12 0 25 20 9 25 12 25 14 25 15 14 13 12 3 14 0 12 12 13 0 12 13 20 13 22 14 0
split_gain=0.229483 0.122097 0.263072 0.424073 0.440189 0.388235 0.118962 0.110473 0.191203 0.180012 0.17128 0.196465 0.168897 0.166422 0.229442 0.235793 0.165118 0.156193 0.319557 0.148619 0.144053 0.191572 0.167617 0.187896 0.139901 0.137686 0.132315 0.1269 0.11091 0.128102 0.110608 0.108062 0.104381 0.102246 0.105796 0.153464 1.16899 0.502677 0.20755 0.114262 0.217681 0.227612 0.197614 0.152372 0.146357 0.109247 0.202798 0.0820713 0.0793714 0.101445 0.0761882 0.110897 0.0744342 0.191609 0.241587 0.238928 0.424044 0.179645 0.131779 0.481754 0.132987 0.100061
threshold=1465.5000000000002 0.2794183492660523 0.23540501008264933 0.21428572386503222 -0.22252093395631442 651.50000000000011 -0.5 331.50000000000006 297.50000000000006 1.928571403026581 349.24499105545624 320.50000000000006 16.306211471557621 1470.5000000000002 397.50000000000006 433.50000000000006 87.416667938232436 503.50000000000006 611.50000000000011 25.500000000000004 57.42212993923706 87.762133699633708 28.912843643925267 1473.5000000000002 0.58333334326744091 0.47478813559322036 254.50000000000003 1472.5000000000002 0.25000000745058065 2024.5000000000002 1238.5000000000002 6.3928570747375497 457.00421142578131 1729.5000000000002 1189.0000000000002 1742.5000000000002 0.62743628025054943 1.0000000180025095e-35 -0.56174490092936669 0.60122093558311474 1206.0000000000002 0.40470799803733831 0.070505385252692634 1.0000000180025095e-35 4.5000000000000009 0.074271079590228536 0.09204280371755473 1411.5000000000002 3.5000000000000004 0.13221420643729193 1545.5000000000002 1427.5000000000002 1425.5000000000002 4.2266975801621216 1457.5000000000002 1441.5000000000002 6.6403386760736787 0.78571429848670971 0.12123728984194103 0.083333335816860213 0.10760959470636892 1043.5000000000002
decision_type=2 2 2 2 2 2 2 2 2 2 2 2 2 2 2 2 2 2 2 2 2 2 2 2 2 2 2 2 2 2 2 2 2 2 2 2 2 2 2 2 2 2 2 2 2 2 2 2 2 2 2 2 2 2 2 2 2 2 2 2 2 2
left_child=33 -2 3 4 6 -6 -3 8 20 28 16 -12 13 17 31 -16 -11 24 -19 -14 22 -22 25 -24 -9 -4 -23 32 -10 -30 -29 -15 -21 50 -35 36 37 -36 45 40 41 -40 -41 -42 -44 -37 -47 -48 49 -5 52 -52 -1 54 58 56 57 -55 59 -54 -60 -57
right_child=1 2 7 48 5 -7 -8 12 9 10 11 -13 19 14 15 -17 -18 18 -20 27 21 26 23 -25 -26 -27 -28 30 29 -31 -32 -33 -34 34 35 38 -38 -39 39 42 43 -43 44 -45 -46 46 47 -49 -50 -51 51 -53 53 55 -56 61 -58 -59 60 -61 -62 -63
leaf_value=0.0001138076113718376 0.0017859694847939527 -0.0027656048589266868 -0.0041878546731759659 0.0043232790169473803 -0.010407981624670118 -0.0027387112236160146 0.0023278952104993072 -0.0027840332349708414 -0.0027867265851982742 -0.0004763398217096201 0.00061526571037247432 -0.00050369915633892935 0.00013272788210730852 -0.0030234793113658237 0.0010982795732733133 -0.00045234572517560147 -0.0012777751323669218 -0.0013623621453854439 -4.0742843660628992e-05 6.9354619826522587e-05 0.00097015685397469338 0.0003330771564543094 -0.0009168459832207326 3.0605916412874157e-05 0.00059240645043738907 -4.010351712978335e-05 -0.00027364762088992977 -0.00019461413262324704 -0.00064915396347172642 0.0012928158056648596 0.00014959385070726874 0 0.0011839104527999744 6.6713177871000003e-05 -0.0023843532242411561 0.0017863100595149784 0.00044361364996836758 -0.010970703426075755 -0.0038271780699243533 -0.0043933301471916573 -0.0012375075809538715 0.00086331498667486292 -0.00065804499251747423 0.00069121845028696565 0.00028808388162789055 -0.0040109649002286881 0.00057771346458769686 -0.00017430971263985217 -0.00094608699250067936 -0.00012924467782838648 0.00015380922920801648 0.00071649670235858531 0.00060997507854998771 -0.0049905899831076961 0.0017963232044854874 0.00027563824444629858 0.00016973554132809372 -0.0015270830339365197 0.0024577212254160239 -0.0077394080338003025 -0.00031959331838776555 -5.4624707431382901e-05
leaf_weight=36133 89 21 20 26 32 39 25 31 23 1894 589 1165 17856 122 259 4093 1000 495 6144 8673 642 1810 1374 829 1100 6597 1781 13878 115 297 2789 42 216 6703 35 116 220 37 66 33 119 40 2236 679 492 28 881 603 31 21 4256 1116 45 44 137 7153 617 343 43 27 4863 3342
leaf_count=36133 89 21 20 26 32 39 25 31 23 1894 589 1165 17856 122 259 4093 1000 495 6144 8673 642 1810 1374 829 1100 6597 1781 13878 115 297 2789 42 216 6703 35 116 220 37 66 33 119 40 2236 679 492 28 881 603 31 21 4256 1116 45 44 137 7153 617 343 43 27 4863 3342
internal_value=-4.3408e-07 -6.18757e-05 -6.41671e-05 -0.0018986 -0.0038096 -0.00627538 0 -5.9252e-05 -0.00016648 -0.000426814 -0.000518394 -0.000125082 -2.42471e-05 -0.000187956 -0.000429471 -0.000358892 -0.000755032 -4.69377e-05 -0.000140054 2.19691e-05 -6.47171e-05 0.000174446 -0.000180067 -0.00055806 0.000495202 -5.34589e-05 3.07731e-05 -5.52228e-05 0.000540116 0.000738602 -0.000136715 -0.00227057 9.70135e-05 6.41749e-05 -6.66291e-05 -0.000227557 -0.00134565 -0.00687523 -0.000164906 -0.000374191 0.000109127 -0.00201091 -0.000534246 0.000397218 -0.000485572 0.000303163 0.000185959 0.000268781 0.000905086 0.00223165 9.19167e-05 0.000271646 7.3517e-05 -1.38085e-05 -0.000268663 9.91228e-05 -0.000636673 -0.00193497 -0.000326533 -0.00245809 -0.000294182 0.000169994
internal_weight=144525 74118 74029 195 117 71 46 73834 18136 5083 4648 1754 55698 12286 4516 4352 2894 7770 6639 43412 13053 4233 8820 2203 1131 6617 3591 25556 435 412 16667 164 8889 70407 12288 5585 292 72 5293 3665 904 106 2761 798 2728 1628 1512 1484 78 47 58119 5372 52747 16614 5115 11499 1004 387 4978 72 4906 10495
internal_count=144525 74118 74029 195 117 71 46 73834 18136 5083 4648 1754 55698 12286 4516 4352 2894 7770 6639 43412 13053 4233 8820 2203 1131 6617 3591 25556 435 412 16667 164 8889 70407 12288 5585 292 72 5293 3665 904 106 2761 798 2728 1628 1512 1484 78 47 58119 5372 52747 16614 5115 11499 1004 387 4978 72 4906 10495
is_linear=0
shrinkage=0.05


Tree=64
num_leaves=63
num_cat=0
split_feature=12 23 21 24 13 5 13 10 8 0 0 3 25 21 10 25 25 0 0 12 0 25 11 9 25 12 25 13 0 25 21 25 8 0 13 13 0 16 11 19 25 13 3 0 12 12 13 0 12 12 21 0 13 10 0 13 12 25 25 13 0 12
split_gain=0.207184 0.125617 0.187506 0.262489 0.128403 0.122654 0.111993 0.0967669 0.350099 0.564573 0.0966809 0.134576 0.161582 0.200592 0.118952 0.231229 0.169145 0.106116 0.0923106 0.0955384 0.13851 1.0566 0.500971 0.18726 0.103097 0.196044 0.205838 0.16326 0.22426 0.137599 0.125456 0.0902769 0.213075 0.0860617 0.0795831 0.131452 0.0764818 0.106891 0.0846002 0.0758394 0.075487 0.0721371 0.0708291 0.0687778 0.100034 0.0671773 0.17279 0.218088 0.215656 0.383706 0.231917 0.199889 0.118528 0.406461 0.116389 0.0929612 0.156136 0.267969 0.323883 0.169801 0.0903372 0.118936
threshold=1465.5000000000002 1.0000000180025095e-35 1.0357142686843874 1.0000000180025095e-35 0.09204280371755473 1.0000000180025095e-35 0.1075449534652571 0.68301270189221941 1.0000000180025095e-35 990.50000000000011 1328.5000000000002 1.5000000000000002 21.022101402282718 3.2500000000000004 0.25000000000000011 0.60122093558311474 0.65607663989067089 1391.5000000000002 1729.5000000000002 1189.0000000000002 1742.5000000000002 0.62743628025054943 -0.24999999999999994 -0.56174490092936669 0.60122093558311474 1206.0000000000002 0.40470799803733831 0.11421117604490365 1999.5000000000002 1.0000000180025095e-35 1.6071428656578066 0.40470799803733831 1.0000000180025095e-35 331.50000000000006 0.95459969624647434 1.8956416286545557 1917.5000000000002 1.5000000000000002 1.0000000180025095e-35 3.5000000000000004 1.068082928657532 0.1021640460366348 1.5000000000000002 1545.5000000000002 1427.5000000000002 1425.5000000000002 4.2266975801621216 1457.5000000000002 1441.5000000000002 1440.5000000000002 3.1071428060531621 1457.5000000000002 0.12123728984194103 -0.24999999999999994 719.50000000000011 0.29348965454379733 1411.5000000000002 0.62743628025054943 0.7675113081932069 0.077529743398416465 1043.5000000000002 1457.5000000000002
decision_type=2 2 2 2 2 2 2 2 2 2 2 2 2 2 2 2 2 2 2 2 2 2 2 2 2 2 2 2 2 2 2 2 2 2 2 2 2 2 2 2 2 2 2 2 2 2 2 2 2 2 2 2 2 2 2 2 2 2 2 2 2 2
left_child=18 2 3 34 -3 7 -6 31 9 -9 11 12 13 -8 16 -16 -13 -12 43 -20 21 22 -21 36 25 26 -25 28 -26 -27 -29 -5 -33 -14 41 -36 -22 39 -39 -38 -19 -2 -42 45 -45 55 47 52 49 51 -51 -48 53 -47 -54 56 -1 59 -59 -58 -50 -62
right_child=1 4 -4 5 6 -7 10 8 -10 -11 17 14 33 -15 15 -17 -18 40 19 20 23 -23 -24 24 27 29 -28 30 -30 -31 -32 32 -34 -35 35 -37 37 38 -40 -41 42 -43 -44 44 -46 46 48 -49 60 50 -52 -53 54 -55 -56 -57 57 58 -60 -61 61 -63
leaf_value=4.0057172728321283e-05 -0.00066387456666920836 0.0030594778050221164 6.4462332603171927e-05 0.0013702067278925029 -0.0037880747694874284 -0.0060196957857705548 7.3581537661329926e-05 -0.0014938122682807229 0.00062444089705884645 -0.012249882579273522 0.00032935086463655328 0.0025830170842370084 -0.00030502522987482057 -0.00063302824563749201 -0.0040612613525558422 5.7125991641418983e-05 -0.00011477881167657929 0.0013596733795412201 6.3377569414716861e-05 -0.01028548586751309 -0.00021988673756613065 0.00042144304364818107 -0.0016756226386979362 -0.003636108780119135 -0.0072698954757638452 -0.0011756841574993382 0.00082025688067264397 -0.00071437122749913639 -0.00080916326959766527 0.00065666262045044072 -7.6543226722023983e-06 -0.00042530741300972596 -0.0042959709532985847 -2.1038495809012435e-05 -0.0034021691194588729 0.00073033643277429226 0.00089233345941765847 0.00033552310072075043 -0.0014616500076325208 -0.0014972701815049814 0.00024688583549757387 0.0023943627865755939 -0.00022232512593949375 0.00014611894806436645 0.00068067508063719858 -0.0067843147686549605 0.00037984461567844378 0.0017065725754606823 0.00026185652559182194 -0.0068550457679774877 -0.0018755715962773672 -0.0012429377084606217 -3.3895877690817445e-05 0.00073766153739353822 -0.00052329309657967924 0.00017229545339661701 -0.0026363858223103004 -0.0044555254309834331 -0.00063824853957038675 0.00081903791289500687 0.00065288715826791288 -0.00017912895476522559
leaf_weight=13594 26 33 459 26 20 21 1390 32 32 21 3322 58 3643 3510 34 24211 22839 92 6703 40 500 220 32 66 21 119 40 1666 43 679 1031 114 54 10134 31 47 822 169 104 33 1122 56 2791 4256 1116 30 554 137 7153 30 133 287 2455 42 2451 22030 42 89 158 220 505 2837
leaf_count=13594 26 33 459 26 20 21 1390 32 32 21 3322 58 3643 3510 34 24211 22839 92 6703 40 500 220 32 66 21 119 40 1666 43 679 1031 114 54 10134 31 47 822 169 104 33 1122 56 2791 4256 1116 30 554 137 7153 30 133 287 2455 42 2451 22030 42 89 158 220 505 2837
internal_value=-4.20564e-07 -5.88025e-05 -0.00064018 -0.00135402 -5.14342e-05 -0.00222783 -5.29098e-05 -0.00192245 -0.00336521 -0.00586486 -5.1815e-05 -7.10421e-05 -0.000184673 -0.000431564 -2.59169e-05 5.11276e-05 -0.000107715 0.00012022 6.09675e-05 -6.3307e-05 -0.000216245 -0.00127859 -0.00653586 -0.000156671 -0.000355492 0.000103375 -0.00190815 -0.000507543 -0.00301513 0.00037704 -0.000446074 -0.00126315 -0.00170101 -9.64966e-05 0.000253517 -0.000850302 0.000287846 0.000517336 -0.00033109 0.000794092 -5.20025e-05 0.00136415 -8.65046e-05 8.73288e-05 0.000258111 6.98402e-05 -1.31058e-05 -0.000255135 9.41205e-05 -0.000604871 -0.00282634 -0.000168084 -0.000310161 -0.00233221 -0.00027942 0.000108117 7.51077e-06 -0.000851731 -0.00203519 0.000245244 0.000161471 -5.18936e-05
internal_weight=144525 74118 919 460 73199 300 73166 279 85 53 73146 65819 18677 4900 47142 24245 22897 7327 70407 12288 5585 292 72 5293 3665 904 106 2761 64 798 2697 194 168 13777 160 78 1628 1128 273 855 4005 82 3913 58119 5372 52747 16614 5115 11499 1004 163 841 4978 72 4906 36133 14103 509 247 262 10495 3342
internal_count=144525 74118 919 460 73199 300 73166 279 85 53 73146 65819 18677 4900 47142 24245 22897 7327 70407 12288 5585 292 72 5293 3665 904 106 2761 64 798 2697 194 168 13777 160 78 1628 1128 273 855 4005 82 3913 58119 5372 52747 16614 5115 11499 1004 163 841 4978 72 4906 36133 14103 509 247 262 10495 3342
is_linear=0
shrinkage=0.05


Tree=65
num_leaves=63
num_cat=0
split_feature=12 0 13 0 20 21 17 18 25 9 24 25 9 13 0 20 6 16 17 10 21 24 18 12 0 0 0 0 21 3 21 2 13 12 16 20 20 10 0 13 14 20 25 21 12 14 0 13 0 0 25 8 24 25 12 24 18 0 0 23 24 14
split_gain=0.191039 0.108008 0.119541 0.157419 0.202718 0.323545 0.172205 0.187236 0.228342 0.25331 0.149323 0.181007 0.131084 0.125217 0.112187 0.145138 0.162106 0.158403 0.131269 0.127789 0.108707 0.129316 0.102071 0.146226 0.11805 0.152599 0.217494 0.20128 0.107411 0.112046 0.0946229 0.173924 0.0867412 0.173871 0.138501 0.0835919 0.301209 0.0795524 0.0752348 0.0799216 0.0669975 0.0637308 0.0636275 0.0605838 0.0591955 0.151891 0.198772 0.121271 0.268972 0.381112 0.930609 0.299822 0.386965 0.221737 0.287487 0.194109 0.184208 0.110796 0.20744 0.099529 0.132769 0.110518
threshold=1471.5000000000002 46.500000000000007 5.597182034465022 542.50000000000011 1.0000000180025095e-35 0.17857143282890323 21.500000000000004 1.5000000000000002 11.383947372436525 1.0000000180025095e-35 0.6483249068260194 5.8871085643768319 1.0000000180025095e-35 0.43670068360972109 302.50000000000006 6.9285714626312265 1.0000000180025095e-35 12.500000000000002 1.5000000000000002 -0.93301270189221919 4.9642856121063241 6.2846839427948007 26.500000000000004 1472.5000000000002 1238.5000000000002 1089.5000000000002 1125.5000000000002 857.50000000000011 1.1785714626312258 2.5000000000000004 10.035714149475099 10.500000000000002 42.822368767556192 1473.5000000000002 4.5000000000000009 6.9285714626312265 5.7857143878936776 0.68301270189221941 1333.5000000000002 161.09460132450334 8.4044547224926998 4.5000000000000009 512.47799682617199 23.464285850524906 1408.5000000000002 0.019049346879535561 995.50000000000011 0.72632661901667761 455.50000000000006 433.50000000000006 1.3571859002113345 -0.8783796973249266 1.5949746370315554 0.37209869921207434 1467.5000000000002 0.6483249068260194 2.5000000000000004 542.50000000000011 695.00000000000011 1.479938328266144 7.6653923988342294 0.95171006607073461
decision_type=2 2 2 2 2 2 2 2 2 2 2 2 2 2 2 2 2 2 2 2 2 2 2 2 2 2 2 2 2 2 2 2 2 2 2 2 2 2 2 2 2 2 2 2 2 2 2 2 2 2 2 2 2 2 2 2 2 2 2 2 2 2
left_child=44 20 3 4 5 -3 7 8 13 -10 -9 -12 -7 -5 15 16 -6 -17 19 -16 21 -2 28 30 25 27 -27 -25 -4 -30 31 -24 34 -34 35 36 -22 40 -26 -40 -31 -39 -32 -37 -1 46 -46 48 49 51 -51 52 -47 57 55 -55 -53 -50 -59 61 -61 -49
right_child=1 2 22 6 14 12 -8 10 9 -11 11 -13 -14 -15 18 17 -18 -19 -20 -21 32 -23 23 24 38 26 -28 -29 29 37 42 -33 33 -35 -36 43 -38 41 39 -41 -42 -43 -44 -45 45 47 -48 59 53 50 -52 56 -54 54 -56 -57 -58 58 -60 60 -62 -63
leaf_value=7.7654769940040677e-05 -0.0008288843306855292 0.0023849150686749911 -0.0033341945046196121 0.0026818091102192164 0.00030585763376207422 -0.0075044064697219557 -0.0040654716194164281 -0.0058590026924488555 -0.00042210284033803499 -0.0072533461659435652 -0.002267628996805686 -1.2852884896477787e-05 -0.0019561216095559052 -0.00020835208387650074 -0.0035708744918417448 -0.0034269321124181257 -0.0038046745445366975 0.0008060742816103693 0.0012490993378678544 0.00014348941768436548 0.00014879337673125349 -0.0057509681885241047 0.00011739420829415574 -0.00022073820568711515 0.0003736387172166773 -0.00088752399695859237 -0.00015836138036793565 0.00027020952746629963 -9.8790363988216447e-05 0.00097647433186444019 0.00017770397576194886 -0.0040345172015598639 -0.0017525316510293232 -0.00024413831919933211 0.00042247301063352442 -1.7206793030546282e-05 -0.0064587161407285631 0.0016555564390061343 0.00045830075502679545 -0.00043445325163975516 5.2354504433186777e-05 0.00039647551615566836 0.0010231148781080241 -0.0024112614023287394 -0.0061432711522042488 -0.0010645850878351789 0.00045294723200115986 0.00079539170191625689 0.0028421249017462754 0.00026565359853138437 -0.012596143729582863 -0.00015002605228984673 -0.0096506378096991811 -0.00090470836100846721 0.0029521251399556893 -3.1262390630429316e-05 -0.0042028595034367218 -0.0016070038563041429 0.0011536998174113643 -0.00016071505264397376 4.3110969850585345e-05 0.00013526870718361377
leaf_weight=46152 45 21 23 39 294 25 39 20 35 24 220 157 24 851 24 74 26 29 318 591 41 21 72 10815 1549 1804 2409 2579 5263 206 3038 37 287 601 562 175 28 109 359 809 4575 1993 244 32 23 39 20 730 65 32 24 468 21 969 68 1888 30 84 336 10128 37836 5125
leaf_count=46152 45 21 23 39 294 25 39 20 35 24 220 157 24 851 24 74 26 29 318 591 41 21 72 10815 1549 1804 2409 2579 5263 206 3038 37 287 601 562 175 28 109 359 809 4575 1993 244 32 23 39 20 730 65 32 24 468 21 969 68 1888 30 84 336 10128 37836 5125
internal_value=-4.12336e-07 -9.25968e-05 -7.48681e-05 -0.00038912 -1.67678e-05 -0.00264168 -0.000768855 -0.000669327 -0.000281415 -0.00329309 -0.00158371 -0.00134215 -0.00489823 -7.58002e-05 0.000115234 -0.000555018 -1.35872e-05 -0.00218699 0.000424496 0 -0.000472601 -0.00247698 -5.01106e-05 -0.000110597 -0.000161446 -0.000208899 -0.000471788 -0.000125832 6.73551e-05 7.42355e-05 0.000192683 -0.00124855 -0.000392921 -0.000737421 -2.18552e-05 -0.000944545 -0.00246562 0.000207263 0.000144221 -0.000155757 9.32376e-05 0.00046422 0.000242109 -0.000412431 3.54138e-05 1.649e-06 -0.00296532 3.94618e-06 -0.000260713 -0.0012246 -0.00517005 -0.000818826 -0.00416396 -8.56596e-05 -0.000251184 -0.000329278 -0.000405006 0.000902148 0.000589406 2.38279e-05 0 0.000218439
internal_weight=144525 40487 38695 2811 1426 70 1385 1346 949 59 397 377 49 890 1356 423 320 103 933 615 1792 66 35884 23715 20324 17607 4213 13394 12169 12146 3391 109 1726 888 838 276 69 6883 2717 1168 4781 2102 3282 207 104038 57886 43 57843 4024 614 56 558 60 3410 2925 2857 498 485 420 53819 47964 5855
internal_count=144525 40487 38695 2811 1426 70 1385 1346 949 59 397 377 49 890 1356 423 320 103 933 615 1792 66 35884 23715 20324 17607 4213 13394 12169 12146 3391 109 1726 888 838 276 69 6883 2717 1168 4781 2102 3282 207 104038 57886 43 57843 4024 614 56 558 60 3410 2925 2857 498 485 420 53819 47964 5855
is_linear=0
shrinkage=0.05


Tree=66
num_leaves=63
num_cat=0
split_feature=12 13 21 21 21 15 18 20 21 10 2 21 11 21 2 19 3 22 20 12 3 20 21 2 3 22 15 2 0 22 3 14 17 2 12 0 0 12 0 14 20 20 22 12 13 22 21 3 12 2 11 22 0 15 3 8 0 20 0 11 13 14
split_gain=0.174894 0.109101 0.180068 0.245522 0.18222 0.16301 0.268528 0.157626 0.297576 0.23005 0.34139 0.16306 0.334719 0.1282 0.155076 0.522826 0.615315 0.182011 0.139559 0.132282 0.127683 0.096406 0.140323 0.223761 0.25335 0.117817 0.120381 0.251245 0.105399 0.130061 0.114164 0.132351 0.144143 0.110953 0.0913455 0.0887766 0.0846372 0.0848274 0.125567 0.735773 0.175318 0.291471 0.112906 0.293915 0.184431 0.18316 0.200101 0.223086 0.164428 0.151905 0.128258 0.117866 0.253865 0.0984222 0.0967564 0.0799751 0.0954962 0.0962991 0.208068 0.0757201 0.0719801 0.121761
threshold=1465.5000000000002 0.81271878464252822 1.1785714626312258 1.964285731315613 1.7500000000000002 3.5000000000000004 1.5000000000000002 1.0000000180025095e-35 1.0000000180025095e-35 -0.5 10.500000000000002 0.25000000745058065 0.6830127018922193 1.1071428656578066 1.5000000000000002 1.0000000180025095e-35 2.5000000000000004 0.45000000298023229 0.35714286565780645 1466.5000000000002 3.5000000000000004 1.928571403026581 1.5357142686843874 8.5000000000000018 2.5000000000000004 1.5500000119209292 3.5000000000000004 3.5000000000000004 1328.5000000000002 1.3500000238418581 1.5000000000000002 16.246844319775601 24.500000000000004 5.5000000000000009 2145.5000000000005 455.50000000000006 1729.5000000000002 1189.0000000000002 1742.5000000000002 0.14686274509803923 0.35714286565780645 1.0000000180025095e-35 0.18333333730697635 1215.5000000000002 0.09204280371755473 0.25000000745058065 0.10714286193251611 4.5000000000000009 1416.5000000000002 1.5000000000000002 -0.68301270189221952 1.0000000180025095e-35 2343.5000000000005 4.5000000000000009 4.5000000000000009 -0.8783796973249266 31.000000000000004 0.78571429848670971 900.50000000000011 -0.24999999999999994 42.822368767556192 45.625686813186825
decision_type=2 2 2 2 2 2 2 2 2 2 2 2 2 2 2 2 2 2 2 2 2 2 2 2 2 2 2 2 2 2 2 2 2 2 2 2 2 2 2 2 2 2 2 2 2 2 2 2 2 2 2 2 2 2 2 2 2 2 2 2 2 2
left_child=36 2 7 4 5 6 20 8 59 10 -10 12 -11 14 15 16 -9 19 -19 -16 -4 34 23 25 -25 26 27 -23 30 -30 31 32 -24 -32 55 -33 -1 -38 39 -39 41 -41 43 44 -40 46 47 -44 -48 -46 54 52 -45 -52 -47 56 -3 58 -58 -2 -57 -62
right_child=1 21 3 -5 -6 -7 -8 13 9 11 -12 -13 -14 -15 17 -17 -18 18 -20 -21 -22 22 28 24 -26 -27 -28 -29 29 -31 33 35 -34 -35 -36 -37 37 38 42 40 -42 -43 45 51 49 50 48 -49 -50 -51 53 -53 -54 -55 -56 60 57 -59 -60 -61 61 -63
leaf_value=8.1235395161271873e-05 -0.00050710171783381196 -0.0034608835253972731 0.0013938737876176737 0.0013815441749227115 -0.0063554966000316411 -0.0055366920146705774 -0.0063084064625309536 0.00040051805499558143 -0.0012733700117845647 -0.0052289607873356528 -0.0097983522116519613 0.0013169855341275106 0.0017174131754371857 0.0030415065217861506 -0.00072162329261416403 0.0025411827684608981 -0.0089190568609258565 0.0012951296029627931 -0.00066870919541627113 0.0018240096261049833 -0.0019507840598482645 -0.0067321272895196835 -0.00031980017359047302 2.5663604091734892e-05 -0.0065614042174163946 0.00074948001121745032 0.00056935852622470981 9.1796584308622361e-05 -0.0033783636537605315 0.0001510227587095661 4.4313112544269301e-05 -0.00026635887186293397 -0.0012298127314624924 -0.00011522193683669203 0.001232951743637247 8.9530286633701297e-07 5.6326059704341971e-05 -0.0081268436463872006 -0.0052264380708959704 0.00034076615677503501 0.00033954573542919358 -0.0070893335958450909 -0.0014123405530521724 0.00015575893001798556 -0.0045092457778987838 0.00060082404120188058 -0.0002027877877874497 -0.0084325512120528006 -0.0030188204159908188 6.7294158504554354e-05 -0.00047622011141779563 0.00088530438244457856 -0.00587921138222686 0.00027594756898983682 -0.00052732801884943674 0.00024087488531114115 0.00027351436305894986 0.00032699299107113452 -0.0020745280470562764 0.0025653648550783654 -0.0040443024878172472 -1.6936100755497548e-05
leaf_weight=58119 34 24 61 48 28 26 21 32 26 47 24 37 26 34 64 41 37 108 524 211 53 26 3853 22 36 99 30 25 26 6379 22174 5139 497 21381 193 7766 6703 34 31 28 207 23 31 121 22 759 237 20 68 90 2343 777 20 525 249 4083 199 366 174 42 26 76
leaf_count=58119 34 24 61 48 28 26 21 32 26 47 24 37 26 34 64 41 37 108 524 211 53 26 3853 22 36 99 30 25 26 6379 22174 5139 497 21381 193 7766 6703 34 31 28 207 23 31 121 22 759 237 20 68 90 2343 777 20 525 249 4083 199 366 174 42 26 76
internal_value=-4.08365e-07 -5.4051e-05 -0.000473063 -0.00174261 -0.0025628 -0.00186863 -0.0011216 -0.000235275 -0.00140307 -0.00263569 -0.00547655 -0.00129518 -0.00268755 2.23033e-05 -7.40069e-05 -0.00184921 -0.00453025 0.000135956 -0.000325055 0.00121335 -0.000117624 -4.51849e-05 -6.11462e-05 -0.0012738 -0.00398106 -0.000371978 -0.00180354 -0.00329559 -5.67761e-05 0.000135863 -7.71487e-05 -0.000186058 -0.000424947 -3.38874e-05 0.000163261 -0.000105144 5.59906e-05 -6.30033e-05 -0.000207114 -0.00121874 -0.0002862 -0.00291953 -0.000150339 0.000308667 -0.00178989 -0.000266601 -0.00135378 -0.00427433 -0.000847796 -0.000790287 -0.000165425 0.000641172 -0.000668389 -0.000336784 0.000317159 0.000120502 -0.00034781 -0.000239489 -0.00080868 0.00112628 0.000207085 -0.00109545
internal_weight=144525 74118 1524 237 189 161 135 1287 236 160 50 110 73 1051 1017 110 69 907 632 275 114 72594 67453 238 58 180 81 51 67215 6405 60810 17255 4350 43555 5141 12905 70407 12288 5585 292 258 51 5293 1061 143 4232 356 51 305 112 3876 918 141 2868 1008 4948 763 739 373 76 4185 102
internal_count=144525 74118 1524 237 189 161 135 1287 236 160 50 110 73 1051 1017 110 69 907 632 275 114 72594 67453 238 58 180 81 51 67215 6405 60810 17255 4350 43555 5141 12905 70407 12288 5585 292 258 51 5293 1061 143 4232 356 51 305 112 3876 918 141 2868 1008 4948 763 739 373 76 4185 102
is_linear=0
shrinkage=0.05


Tree=67
num_leaves=63
num_cat=0
split_feature=17 0 0 14 0 0 22 13 21 23 0 0 13 0 14 0 22 13 21 21 0 15 23 13 13 0 0 0 13 17 15 0 0 16 13 0 13 23 0 0 21 22 17 15 10 13 13 20 18 2 0 2 22 14 8 23 22 22 2 20 14 17
split_gain=0.0913933 0.0755633 0.212394 0.315193 0.144207 0.258296 0.0843596 0.143424 0.0761299 0.0902315 0.0660398 0.283873 0.182298 0.277123 0.129753 0.156347 0.221109 0.143595 0.116085 0.114521 0.114159 0.0957523 0.0744023 0.0699385 0.121901 0.119729 0.112029 0.205092 0.112245 0.0673587 0.108642 0.0726322 0.0598248 0.0580912 0.0563754 0.10994 0.0775647 0.053271 0.0530946 0.0504036 0.0485708 0.0750798 0.0562195 0.0453384 0.0470722 0.045324 0.0445056 0.0505633 0.187807 0.237092 0.0699075 0.118486 0.0448137 0.098191 0.143632 0.296175 0.116322 0.0509961 0.061353 0.0500522 0.132151 0.0472682
threshold=20.500000000000004 326.50000000000006 297.50000000000006 7.1913329161451829 312.50000000000006 320.50000000000006 560.68334960937511 57.42212993923706 21.464285850524906 30.538812637329105 820.50000000000011 857.50000000000011 440.84422146753121 852.50000000000011 151.44446883230907 600.50000000000011 124.01666641235353 673.12306270159718 660.89285278320324 35.964284896850593 897.50000000000011 421.50000000000006 130.01940917968753 156.40154159556673 125.99754684759533 1130.5000000000002 1127.5000000000002 1121.5000000000002 470.52577774887698 21.500000000000004 1.5000000000000002 426.50000000000006 60.500000000000007 1.0000000180025095e-35 1313.683155277834 526.50000000000011 931.25999214642854 40.925018310546882 995.50000000000011 515.50000000000011 127.67857360839845 196.81666564941409 199.50000000000003 148.50000000000003 -0.5 593.01489036182454 27.001027904328023 20.357143402099613 6.5000000000000009 10.500000000000002 326.50000000000006 2.5000000000000004 25.816666603088382 35.41719409282701 0.87837969732492682 53.326488494873054 19.583333969116214 38.81666564941407 3.5000000000000004 27.214285850524906 32.809769966399593 5.5000000000000009
decision_type=2 2 2 2 2 2 2 2 2 2 2 2 2 2 2 2 2 2 2 2 2 2 2 2 2 2 2 2 2 2 2 2 2 2 2 2 2 2 2 2 2 2 2 2 2 2 2 2 2 2 2 2 2 2 2 2 2 2 2 2 2 2
left_child=37 2 6 -4 -5 43 7 -2 -7 -10 14 12 13 40 15 16 29 -16 -14 33 -13 22 -18 24 38 -26 27 -25 -28 30 -3 -31 -9 -15 35 -19 -37 -1 -22 -36 42 -42 -12 44 -6 -34 -39 48 49 50 -48 -52 53 54 56 -56 -49 58 -54 60 -59 -61
right_child=1 10 3 4 5 8 -8 32 9 -11 11 20 18 19 17 -17 21 34 -20 -21 23 -23 -24 26 25 -27 28 -29 -30 31 -32 -33 45 -35 39 36 -38 46 -40 -41 41 -43 -44 -45 -46 -47 47 52 -50 -51 51 -53 57 -55 55 -57 -58 59 -60 61 -62 -63
leaf_value=1.0018273044435184e-05 -0.00020049380026187591 -0.004307826964436952 -0.0052761143686474304 -0.0012709733832046042 -0.0013302389418342589 0.0022170849434049122 -0.00061395536015280061 -0.00034264111679293912 -0.0032874705187877205 -0.0007299943833698403 -8.1065986301140245e-05 0.00049531032129533767 -0.0021552177250526577 -0.0014542921468297472 0.00073503091301507697 0.00028389989965881863 -0.0018062175025043772 0.00050707043140589417 -0.00071232782839422985 -0.0015699957512138906 -0.0006346513240024932 -0.0048700333841663985 -0.00023496904111658043 -0.00011450322186000279 0.0016790673259980656 9.2797684150488797e-05 -0.00021850062478549444 -0.0009831973070446975 0.00031884292464992158 0.00010922293213166685 0 -0.00032540933380474559 0.00041693646232060034 0.00038354163449977937 -0.00076859006701009743 -0.00045565084527570115 0.00074926368995117975 0.0003214972335670057 2.2078472804997628e-05 0.00011348259055425927 0.0014655743454072118 0.00012930202857283496 -0.0026231434952177397 0.00096820543810458883 0.00041853235507222504 -0.0017257380819033167 0.0015205617323800018 0.00071054422679193172 0.0014010468542154256 -0.0063724208330973031 -0.0041223902244145808 0.00050037636723140996 0.00075226932439735508 0.00034842177167559215 0.00034834675206621359 -0.0073893311921134205 -0.0013782115684942925 -0.0046445122767073002 8.3151247879832224e-05 1.9216000855115726e-05 -0.000162784471296162 0.00027822840933164556
leaf_weight=90369 3547 25 36 520 49 20 610 312 37 990 490 1040 261 60 1277 2118 207 1295 331 469 318 20 131 2228 219 276 2240 988 1715 1946 36 1878 2131 146 316 693 163 2207 9461 315 141 454 23 314 176 24 23 114 58 25 26 26 646 271 23 24 154 20 770 7271 106 2346
leaf_count=90369 3547 25 36 520 49 20 610 312 37 990 490 1040 261 60 1277 2118 207 1295 331 469 318 20 131 2228 219 276 2240 988 1715 1946 36 1878 2131 146 316 693 163 2207 9461 315 141 454 23 314 176 24 23 114 58 25 26 26 646 271 23 24 154 20 770 7271 106 2346
internal_value=-3.94741e-07 -6.46517e-05 -0.000194489 -0.0006275 -0.000545416 -0.000304311 -5.37041e-05 2.30012e-06 -0.000764176 -0.000827312 -2.81053e-05 -7.95684e-05 -0.000594185 -0.000337989 7.44394e-05 -6.58611e-05 -0.000241634 0.000295537 -0.00135717 -0.00113739 -1.31758e-05 -0.00143189 -0.00121228 -4.3779e-05 3.94691e-05 0.000804898 -0.000163746 -0.000382955 1.32447e-05 -0.000130632 -0.00178273 -0.000102924 0.000295896 -0.000127936 9.19835e-05 0.000215285 -0.000220309 2.41866e-05 2.04932e-07 -0.000320382 0.000144557 0.00045456 -0.000205272 0.000579674 1.50547e-05 0.000390675 0.000114574 7.57852e-05 -0.000809339 -0.00214143 -0.000657917 -0.00171851 8.81248e-05 -0.000335929 -0.00094048 -0.00350395 -0.000471128 0.000110844 0.000391975 6.94694e-05 -0.00091694 8.29224e-05
internal_weight=144525 40046 8766 2142 2106 1586 6624 6014 1047 1027 31280 20860 2375 1783 10420 6361 4243 4059 592 675 18485 358 338 17445 10274 495 7171 3216 3955 3885 61 3824 2467 206 2782 2151 856 104479 9779 631 1108 595 513 539 225 2155 14110 11903 158 100 75 52 11745 586 315 47 268 11159 1416 9743 126 9617
internal_count=144525 40046 8766 2142 2106 1586 6624 6014 1047 1027 31280 20860 2375 1783 10420 6361 4243 4059 592 675 18485 358 338 17445 10274 495 7171 3216 3955 3885 61 3824 2467 206 2782 2151 856 104479 9779 631 1108 595 513 539 225 2155 14110 11903 158 100 75 52 11745 586 315 47 268 11159 1416 9743 126 9617
is_linear=0
shrinkage=0.05


Tree=68
num_leaves=63
num_cat=0
split_feature=12 13 17 20 23 0 0 12 22 0 20 11 14 15 13 0 0 14 12 0 0 0 0 0 0 25 0 12 20 20 14 14 2 12 23 12 19 25 14 14 17 11 20 17 12 14 3 13 12 2 12 12 23 14 13 0 0 14 13 12 14 12
split_gain=0.156061 0.0987897 0.138997 0.270739 0.110077 0.109682 0.17231 0.166661 0.142393 0.139039 0.15222 0.132115 0.131327 0.129076 0.0932167 0.116964 0.141746 0.110827 0.161589 0.119231 0.0921416 0.238563 0.112932 0.0902494 0.405838 0.257142 0.0897697 0.0897457 0.142503 0.0866397 0.0785057 0.0806284 0.13827 0.0867932 0.0759022 0.0619943 0.239869 0.270625 0.0999339 0.0716958 0.0614861 0.0503703 0.0790645 0.0533872 0.0503684 0.133771 0.172746 0.151386 0.186499 0.157056 0.404884 0.171587 0.138383 0.131153 0.119805 0.292573 0.457306 0.647256 0.120423 0.117904 0.390108 0.247243
threshold=1471.5000000000002 6.0007451564828624 21.500000000000004 6.9285714626312265 18.280877113342289 1073.5000000000002 1055.5000000000002 1747.5000000000002 0.61666667461395275 575.50000000000011 1.0000000180025095e-35 -0.24999999999999994 4.5847605224963717 1.0000000180025095e-35 9.1755234140554141 326.50000000000006 320.50000000000006 47.25448556209701 1473.5000000000002 43.500000000000007 411.50000000000006 433.50000000000006 426.50000000000006 848.50000000000011 857.50000000000011 70.021434783935561 312.50000000000006 1473.5000000000002 43.357141494750984 6.9285714626312265 31.973328591749645 118.75036630036631 2.5000000000000004 1473.5000000000002 6.1314952373504648 1472.5000000000002 243.50000000000003 126.27492141723634 31.171463815789476 56.375825385179759 24.500000000000004 -0.68301270189221952 5.0714285373687753 5.5000000000000009 740.50000000000011 0.014389233954451347 5.5000000000000009 0.03054212465602214 1346.5000000000002 6.5000000000000009 1055.5000000000002 1006.5000000000001 0.77136236429214489 0.033520599250936332 0.17328655817043084 177.50000000000003 120.50000000000001 0.10760959470636892 0.18852473582613063 1438.5000000000002 0.22068372803666922 1417.5000000000002
decision_type=2 2 2 2 2 2 2 2 2 2 2 2 2 2 2 2 2 2 2 2 2 2 2 2 2 2 2 2 2 2 2 2 2 2 2 2 2 2 2 2 2 2 2 2 2 2 2 2 2 2 2 2 2 2 2 2 2 2 2 2 2 2
left_child=44 2 4 40 5 6 9 8 -7 10 -2 13 -10 -9 41 16 17 27 19 -19 35 22 -22 25 -25 -23 -20 28 -16 -29 -18 32 -32 -33 -11 36 -17 -38 -37 -40 -4 42 43 -3 -1 46 47 48 49 51 -51 -46 -49 -47 55 56 -55 -58 -56 61 -61 -57
right_child=1 14 3 -5 -6 7 -8 11 12 34 -12 -13 -14 -15 15 20 30 18 26 -21 21 23 -24 24 -26 -27 -28 29 -30 -31 31 33 -34 -35 -36 38 37 -39 39 -41 -42 -43 -44 -45 45 53 -48 52 -50 50 -52 -53 -54 54 58 59 57 -59 -60 60 -62 -63
leaf_value=9.308485603272751e-05 -0.0022499864712695909 0 -0.0023596171620928119 -0.0068670426443203716 -0.0040072875125194661 -0.0040372303112328435 0.0018475192146120943 0.00097949568043555896 -0.00061509508785516213 -0.00047595446618894742 3.2862198713785042e-05 0.0018047363568679091 -0.0026006247769095811 -0.002278574763761582 -0.0003425880744884947 0.00021649687274677621 -0.0035160737154834652 -0.0017907671677214897 -0.00026695921076736265 0.00074202300641568056 -0.00044882318504876933 -0.0004274868117171756 -0.0015818390734991751 -0.00074400001829794994 1.275136851212076e-05 0.00035960423851386059 0.00031013764474581478 -0.0020556550535805857 -0.0014117704510376678 0.00010392066919592497 0.0017518887145937683 -0.00015790094914896156 -0.00052790401822112702 -0.001221928621477345 -0.0030210242348593232 -0.0028064790278016292 -0.00047399451048901964 -0.0066004545625643176 0.001428343910012357 0.00039283569398716007 0.0012043062401626164 0.00098839040464717819 0.00058310307513654625 -0.0038381173516350304 -0.00066095780329390036 0.00071384254644061423 -0.0032753346696357275 0.00076647124803559978 -0.0053423351909819448 9.5636902966919041e-05 -0.0081213297634238034 0.0046897949224606675 -0.0032836141387299019 0 0.00079931030620796243 -0.00015041521647342614 -0.00084296503764951327 -0.011108516266767923 2.3404646762550093e-05 -0.0005816899586668058 -0.0075658045929825699 0.0015954806149528244
leaf_weight=25499 76 21 21 24 20 39 111 59 626 65 1736 103 99 60 1157 857 25 48 3100 852 928 1376 298 1975 17095 4176 854 49 437 850 84 289 316 645 63 22 56 28 202 1168 27 323 107 20 55 670 63 216 28 43 22 20 23 82 504 4984 35 29 71071 462 21 211
leaf_count=25499 76 21 21 24 20 39 111 59 626 65 1736 103 99 60 1157 857 25 48 3100 852 928 1376 298 1975 17095 4176 854 49 437 850 84 289 316 645 63 22 56 28 202 1168 27 323 107 20 55 670 63 216 28 43 22 20 23 82 504 4984 35 29 71071 462 21 211
internal_value=-3.78559e-07 -8.37008e-05 -0.000353901 -0.00253324 -0.000300855 -0.000274669 -6.3636e-05 -0.000708523 -0.00106097 -0.000175652 -6.02461e-05 0.000481829 -0.000893439 -0.000621781 -6.09349e-05 -6.99826e-05 -0.000230225 -0.000142594 -2.38351e-06 0.000601202 -2.03007e-05 -4.76286e-05 -0.000728406 -1.35248e-05 -6.53635e-05 0.000163628 -0.000141046 -0.000413575 -0.000638914 -8.44144e-06 -0.000700247 -0.000643469 -3.63325e-05 -0.0008981 -0.00176902 0.000280319 -2.81632e-05 -0.00258102 0.000492433 0.000549259 -0.000252624 0.0006369 -9.65933e-05 -0.00198919 3.19988e-05 1.21024e-05 -0.000828597 -0.000436871 -0.00159211 -0.000803093 -0.00261689 0.000703676 0.000354592 1.72288e-05 1.11331e-05 -0.000206837 -0.00241835 -0.00558262 2.89392e-05 -0.000149049 -0.0008972 -7.85122e-05
internal_weight=144525 40487 3129 72 3057 3037 2051 986 764 1940 1812 222 725 119 37358 36887 8706 7347 4854 900 28181 25848 1226 24622 19070 5552 3954 2493 1594 899 1359 1334 400 934 128 2333 941 84 1392 1370 48 471 148 41 104038 78539 470 407 168 140 65 75 239 78069 77399 5824 146 64 71575 5678 483 5195
internal_count=144525 40487 3129 72 3057 3037 2051 986 764 1940 1812 222 725 119 37358 36887 8706 7347 4854 900 28181 25848 1226 24622 19070 5552 3954 2493 1594 899 1359 1334 400 934 128 2333 941 84 1392 1370 48 471 148 41 104038 78539 470 407 168 140 65 75 239 78069 77399 5824 146 64 71575 5678 483 5195
is_linear=0
shrinkage=0.05


Tree=69
num_leaves=63
num_cat=0
split_feature=19 15 23 19 13 16 16 16 3 11 19 25 23 14 24 17 3 13 21 10 21 13 3 17 24 13 16 2 2 23 17 16 15 23 8 2 21 24 16 23 14 24 21 3 13 13 17 11 10 5 17 16 23 17 19 16 16 16 13 14 10 23
split_gain=0.0794142 0.0524377 0.123034 0.124007 0.142299 0.400301 0.0579196 0.068319 0.0576285 0.0572366 0.0553776 0.0506695 0.110694 0.333118 0.0516536 0.0501408 0.231391 0.185771 0.629016 0.122777 0.0828279 0.246057 0.0637118 0.15056 0.114951 0.0440994 0.0595954 0.0455815 0.0792296 0.139308 0.067803 0.0433707 0.0474883 0.173276 0.180079 0.0454567 0.0858551 0.0506977 0.043217 0.0794993 0.0606342 0.0565587 0.119262 0.0995918 0.0821321 0.104341 0.070433 0.0421251 0.0417206 0.0498012 0.0427878 0.0682379 0.0788456 0.0736763 0.0404102 0.0397753 0.0381079 0.0379257 0.0362171 0.114896 0.0883132 0.0318362
threshold=2.5000000000000004 11.500000000000002 5.2212927341461191 12.500000000000002 2.7151362717535261 6.5000000000000009 19.500000000000004 2.5000000000000004 1.5000000000000002 1.0000000180025095e-35 1200.5000000000002 23.011291503906254 38.497680664062507 13.63863764838892 1.3837753534317019 20.500000000000004 1.0000000180025095e-35 9.4906774358023558 8.5357141494750994 0.68301270189221941 6.8214285373687753 4.8369573677601476 2.5000000000000004 21.500000000000004 16.137203216552738 0.53867423167169137 1.0000000180025095e-35 1.5000000000000002 2.5000000000000004 1.479938328266144 1.0000000180025095e-35 1.0000000180025095e-35 6.5000000000000009 134.49092864990237 1.0000000180025095e-35 10.500000000000002 15.535714149475099 51.772668838500984 11.500000000000002 12.425971031188967 2.2074321214910269 11.679440498352053 3.6785713434219365 1.5000000000000002 1.9518080787228189 1.7853498479297716 10.500000000000002 -0.68301270189221952 0.68301270189221941 1.0000000180025095e-35 3.5000000000000004 19.500000000000004 0.51123625040054332 5.5000000000000009 11.500000000000002 21.500000000000004 39.500000000000007 57.500000000000007 8.1652845383942267 4.2803508771929835 -0.5 1.5039421916007998
decision_type=2 2 2 2 2 2 2 2 2 2 2 2 2 2 2 2 2 2 2 2 2 2 2 2 2 2 2 2 2 2 2 2 2 2 2 2 2 2 2 2 2 2 2 2 2 2 2 2 2 2 2 2 2 2 2 2 2 2 2 2 2 2
left_child=11 8 3 4 -3 -6 7 58 25 -8 54 12 15 -14 -13 38 17 20 -19 -20 -17 -22 23 -18 -25 -2 27 -27 29 -29 -30 32 33 35 -35 37 -37 -16 41 -40 -41 42 46 -44 45 -43 -1 -46 -10 50 57 52 -52 -53 -11 -56 -42 -50 59 -4 -61 -28
right_child=1 2 6 -5 5 -7 9 -9 48 10 -12 14 13 -15 31 16 22 18 19 -21 21 -23 -24 24 -26 26 61 28 30 -31 -32 -33 -34 34 -36 36 -38 -39 39 40 56 44 43 -45 47 -47 -48 -49 49 -51 51 53 -54 -55 55 -57 -58 -59 -60 60 -62 -63
leaf_value=1.2790996145523205e-05 0.0009747806956933281 -0.0003779430450363593 0.00032773978446520825 0.00024613292249896782 -0.0074466259627657171 0.00028322172526004517 -5.9002398157574092e-05 0.00018477870176275394 2.0886800712633858e-05 0.00065494716652687499 8.6025238051886638e-05 0.0010646800101876304 0.00039490991427208998 -0.006899515700272538 0.00012910364273756091 0.0013360881251970793 -0.0037791356213638426 -0.010619641505783621 -0.00023096411405736417 -0.0038339569549105446 -0.0060936530906039836 0 0.00010062577445559337 0.00042153840304422332 -0.00099251112303779042 0.00052251649417528934 0.00062492689706255687 0.00129105467267875 -0.00062943013660501218 -0.0024130422537852435 -1.1468520361628733e-05 0.00013261248519740859 0.00012426581874482997 0 -0.0066657450506949177 -0.001490784358441351 0 -0.00052761822805956124 0.00034930073661124545 -0.0024293939526943745 -0.0002136904130968015 0.00022169892255815239 -0.00055948068400633118 -9.0834510773768148e-05 -7.0738392944671551e-05 -0.004503028837178273 0.00049753735070242092 0.00029798984234742507 0.00033561315995665303 -0.001559931167469817 -0.0025219248997317666 -0.0023301811810938758 0.00040709911297117236 -0.00016055178043691701 -0.0012634043140629517 -0.00027015611914588025 0.00026395267846999348 0.0011036258553782468 -3.1360228894521838e-05 6.3069685050003597e-05 -0.0012368567488576399 -4.9759772335113523e-05
leaf_weight=52363 90 56 356 71 36 29 13754 3871 11825 113 1243 139 45 23 1179 50 33 22 83 35 20 86 1918 280 289 135 183 31 895 110 914 14953 1886 20 21 168 223 390 2595 27 1166 22 1573 4189 996 21 761 3192 1394 38 23 42 1007 708 105 7677 646 191 5939 186 389 3700
leaf_count=52363 90 56 356 71 36 29 13754 3871 11825 113 1243 139 45 23 1179 50 33 22 83 35 20 86 1918 280 289 135 183 31 895 110 914 14953 1886 20 21 168 223 390 2595 27 1166 22 1573 4189 996 21 761 3192 1394 38 23 42 1007 708 105 7677 646 191 5939 186 389 3700
internal_value=-3.83051e-07 -4.76268e-05 -8.63372e-05 -0.00134973 -0.00232687 -0.00392598 -7.89723e-05 1.6407e-05 1.36521e-05 -0.000123943 -0.000221139 2.86801e-05 9.06392e-06 -0.00200541 0.000101216 1.10845e-05 -0.000195468 -0.00151812 -0.0028441 -0.00134433 -0.000295049 -0.00111211 -3.80704e-05 -0.00048821 -0.000287932 -0.000116486 -0.000133796 -0.000349536 -0.000412497 -0.00156289 -0.000319986 9.38366e-05 -5.40445e-05 -0.000224604 -0.00344339 -0.000154549 -0.000637517 -3.09717e-05 1.97694e-05 0.00017072 -7.85608e-05 9.08556e-06 -3.51835e-06 -0.000219648 0.000185681 -0.00197481 1.983e-05 0.000209105 6.57523e-05 0.00022018 0.000241814 7.01903e-05 0.000336601 -0.000289011 -0.000270133 -0.000284216 -4.06405e-05 0.00043138 -7.77379e-05 -0.000368183 -0.000807727 -1.66599e-05
internal_weight=144525 55111 33825 192 121 65 33633 10741 21286 22892 9138 89414 70435 68 18979 70367 2816 296 140 118 156 106 2520 602 569 6058 5968 2085 1950 141 1809 18840 3887 2001 41 1960 391 1569 67551 4434 1839 63117 58886 5762 4231 43 53124 4188 15228 3403 3365 1780 1030 750 7895 7782 1812 1585 6870 931 575 3883
internal_count=144525 55111 33825 192 121 65 33633 10741 21286 22892 9138 89414 70435 68 18979 70367 2816 296 140 118 156 106 2520 602 569 6058 5968 2085 1950 141 1809 18840 3887 2001 41 1960 391 1569 67551 4434 1839 63117 58886 5762 4231 43 53124 4188 15228 3403 3365 1780 1030 750 7895 7782 1812 1585 6870 931 575 3883
is_linear=0
shrinkage=0.05


Tree=70
num_leaves=63
num_cat=0
split_feature=12 13 24 11 25 17 13 24 22 23 23 21 24 21 11 25 25 25 21 3 23 3 25 17 21 25 23 23 2 23 18 24 22 25 21 23 15 23 22 21 25 20 23 22 2 17 24 13 25 18 3 18 12 22 13 13 25 11 24 20 22 25
split_gain=0.138248 0.121955 0.134258 0.200326 0.274247 0.340503 0.276556 0.145908 0.13188 0.128093 0.2694 0.500707 0.235498 0.166698 0.145554 0.223402 0.159673 0.124946 0.100627 0.0919285 0.117868 0.089474 0.110865 0.266522 0.346429 1.03939 0.0857599 0.0804797 0.0795445 0.167176 0.149084 0.152435 0.144264 0.136313 0.0961408 0.0798605 0.0786724 0.0755177 0.118839 0.116709 0.0707409 0.0676263 0.0656835 0.0632646 0.0630991 0.0617319 0.0818734 0.0601191 0.0493629 0.0467652 0.0535606 0.0587068 0.04632 0.118842 0.369311 0.1777 0.341581 0.590567 0.244759 0.182465 0.241485 0.233501
threshold=1466.5000000000002 0.99824097280237634 1.4638453125953677 0.25000000000000017 2.0399740934371953 1.0000000180025095e-35 0.7787690201820846 3.6063128709793095 0.68333333730697643 1.184843182563782 1.0908710956573489 0.75000000000000011 1.2966498136520388 1.2500000000000002 -0.5 0.79833617806434642 0.91412833333015453 1.6926137208938601 0.82142856717109691 3.5000000000000004 2.6591818332672124 1.5000000000000002 21.022101402282718 33.500000000000007 14.964285850524904 17.4218282699585 2.2307312488555913 2.7817136049270634 5.5000000000000009 1.0000000180025095e-35 10.500000000000002 3.0150711536407475 1.2833333015441897 5.4319193363189706 3.6785713434219365 4.9183790683746347 1.0000000180025095e-35 1.5039421916007998 0.68333333730697643 0.60714286565780651 2.7735407352447514 1.5000000000000002 1.8191978931427004 14.34999990463257 5.5000000000000009 12.500000000000002 12.845339298248293 23.616357172843149 3.896210908889771 3.5000000000000004 5.5000000000000009 1.0000000180025095e-35 1408.5000000000002 0.15000000596046451 0.24637327766179543 0.22559557572319913 0.74817627668380748 0.6830127018922193 1.2055270075798037 0.21428572386503222 0.21666666865348819 0.67678761482238781
decision_type=2 2 2 2 2 2 2 2 2 2 2 2 2 2 2 2 2 2 2 2 2 2 2 2 2 2 2 2 2 2 2 2 2 2 2 2 2 2 2 2 2 2 2 2 2 2 2 2 2 2 2 2 2 2 2 2 2 2 2 2 2 2
left_child=47 2 9 4 5 8 -7 44 -4 10 12 36 14 18 15 -2 -16 49 37 -5 -21 22 23 26 25 -25 40 -28 29 30 31 -23 -30 34 -34 -35 -12 38 -11 -39 -19 -15 -10 -24 -6 48 -47 52 -31 50 -3 -52 -1 -54 55 59 57 -57 -58 60 -55 -61
right_child=1 17 3 19 7 6 -8 -9 42 13 11 -13 -14 41 16 -17 -18 21 -20 20 -22 28 43 24 -26 -27 27 -29 32 45 -32 -33 33 35 -36 -37 -38 39 -40 -41 -42 -43 -44 -45 -46 46 -48 -49 -50 -51 51 -53 53 54 -56 56 58 -59 -60 61 -62 -63
leaf_value=6.6494210834875672e-05 0.0022128244797477957 0.0014371555528686871 0.0014645156117653415 0.00091310934354127805 0.001707472864893614 -0.0035793195777603622 -0.01162596394206393 -0.0035127610387421268 -0.0053232039607579431 0.0033312321795374539 0.0016265929580675407 -0.0078486054392853787 0.0032650890236886098 -0.0040246279023022731 -0.0016303250673620551 -0.00074296006834544744 0.00014188987611199436 0.0012568818109890934 0.0026722236002056409 0.00043878886347028091 -0.0033811738840090937 -0.0027212247211163957 0.00043742288778843112 -3.1009886007811776e-05 -0.00011467947835666563 -0.01059273919227588 -0.0018136788721793244 -0.00032582816344320397 0.0014054806565892714 -0.00030964025927241471 -0.0046198131798247119 0.0013768121948605086 -0.00041287434465024446 0.00033218509543002936 -0.001689938462444245 -8.2860868011782314e-05 -0.0024130903036143651 -0.0031314631213539656 -0.001191525268964293 0.001243468048515114 -7.2455081568282371e-06 0 -0.00095199216598583058 -9.2245099929905464e-05 -0.00077089236703849749 -0.00053027027869785917 1.888480162371133e-05 0.0002448284307151177 0.00017169825746502824 -0.00073787821217989309 -0.0015499004518395644 0.0015956243915683718 0.00056888713036375301 -0.0032572564290361278 2.2985363686908552e-06 -0.0010710602045250859 0.00086942401521384433 -0.011838729508640447 -0.0053072046982874802 0.0013832174588762464 -0.00058485535311467206 -0.00088464070877817657
leaf_weight=45938 114 249 22 111 45 27 21 33 20 39 30 34 46 21 304 142 210 138 89 40 37 45 584 60 109 39 95 3451 163 553 34 44 762 1221 189 21503 20 29 21 30 519 21 21 14326 57 717 12561 3658 10846 35 35 25 833 132 23196 31 64 23 21 178 252 312
leaf_count=45938 114 249 22 111 45 27 21 33 20 39 30 34 46 21 304 142 210 138 89 40 37 45 584 60 109 39 95 3451 163 553 34 44 762 1221 189 21503 20 29 21 30 519 21 21 14326 57 717 12561 3658 10846 35 35 25 833 132 23196 31 64 23 21 178 252 312
internal_value=-3.65909e-07 -5.09373e-05 -0.000484938 -0.00123637 -0.00217517 -0.00402363 -0.00722053 -0.000616457 -0.00150107 -0.000196925 -0.000478526 -0.00317693 -0.000194267 0.000796636 -0.00040782 0.000554114 -0.000896656 -4.07985e-05 0.0013912 0 -0.00133393 -4.56806e-05 -0.000136726 -0.000357209 -0.00210741 -0.00424864 -0.000269356 -0.000367149 -9.41059e-06 5.31613e-05 -0.00178347 -0.000639841 -7.47173e-05 -8.51254e-05 -0.000672084 -6.03383e-05 0 0.000389696 0.00166572 -0.00082398 0.000250821 -0.0020254 -0.00321371 -7.11607e-05 0.000274134 6.25256e-05 -1.03963e-05 4.69194e-05 0.000147906 0.000908877 0.00111176 -0.000155596 3.66492e-05 -1.78999e-05 -3.82993e-05 -0.000972764 -0.00264584 -0.00576312 -0.000602255 -0.000700688 -0.00151712 -5.04904e-05
internal_weight=144525 69887 1584 434 246 111 48 135 63 1150 900 84 816 250 770 256 514 68303 208 188 77 67959 19321 4411 208 99 4203 3546 48638 24800 123 89 23838 23675 951 22724 50 119 60 59 657 42 41 14910 102 24677 13278 74638 11399 344 309 60 70980 25042 24209 1013 139 54 85 874 384 490
internal_count=144525 69887 1584 434 246 111 48 135 63 1150 900 84 816 250 770 256 514 68303 208 188 77 67959 19321 4411 208 99 4203 3546 48638 24800 123 89 23838 23675 951 22724 50 119 60 59 657 42 41 14910 102 24677 13278 74638 11399 344 309 60 70980 25042 24209 1013 139 54 85 874 384 490
is_linear=0
shrinkage=0.05


Tree=71
num_leaves=63
num_cat=0
split_feature=12 21 23 21 15 20 21 20 16 23 22 14 14 25 18 25 13 13 13 12 17 17 22 21 2 16 15 15 3 16 15 15 18 2 19 19 14 14 15 22 15 25 24 20 9 14 16 21 22 25 13 12 24 13 12 9 20 3 24 21 13 24
split_gain=0.126396 0.089769 0.16596 0.294154 0.0893834 0.0829974 0.138494 0.18169 0.359231 0.183409 0.290384 0.169136 0.125104 0.0889008 0.0775015 0.0823864 0.106436 0.0846506 0.081553 0.0836655 0.0750145 0.142358 0.16671 0.0857267 0.235975 0.123078 0.0698561 0.0919472 0.0694937 0.11344 0.118743 0.122319 0.253605 0.117655 0.0804506 0.16852 0.0659805 0.0649419 0.0623515 0.0792298 0.0736824 0.131276 0.374746 0.0711613 0.0583359 0.0559328 0.0524657 0.0935822 0.0565689 0.10571 0.049239 0.0692539 0.0871615 0.312827 1.01177 0.682693 0.16694 0.295448 0.218735 0.186248 0.225238 0.15874
threshold=1471.5000000000002 8.3214282989501971 18.280877113342289 6.6071429252624521 25.500000000000004 2.928571462631226 1.6071428656578066 1.928571403026581 1.0000000180025095e-35 0.77136236429214489 3.4500000476837163 0.66838487972508598 91.561041698028006 1.6338726878166201 28.500000000000004 152.48030853271487 104.26171476788913 131.88808278564599 156.40154159556673 1472.5000000000002 20.500000000000004 22.500000000000004 6.116666555404664 2.9642857313156132 3.5000000000000004 11.500000000000002 62.500000000000007 56.500000000000007 2.5000000000000004 4.5000000000000009 2.5000000000000004 1.0000000180025095e-35 58.500000000000007 2.5000000000000004 165.50000000000003 213.50000000000003 11.758828417116744 32.809769966399593 91.500000000000014 37.250000000000007 85.500000000000014 43.752708435058601 36.591335296630866 26.642856597900394 1.0000000180025095e-35 87.762133699633708 507.50000000000006 185.75000000000003 22.149999618530277 34.388769149780281 48.621298933404702 1463.5000000000002 1.2731301784515383 0.81271878464252822 1464.5000000000002 -0.56174490092936669 0.21428572386503222 5.5000000000000009 0.62228676676750194 1.0000000180025095e-35 1.0401313191535493 0.55672836303710949
decision_type=2 2 2 2 2 2 2 2 2 2 2 2 2 2 2 2 2 2 2 2 2 2 2 2 2 2 2 2 2 2 2 2 2 2 2 2 2 2 2 2 2 2 2 2 2 2 2 2 2 2 2 2 2 2 2 2 2 2 2 2 2 2
left_child=50 2 5 -4 28 6 7 9 -9 10 -2 -11 20 -8 38 16 26 -18 -17 -20 23 -22 -23 24 -7 -25 27 -16 29 30 31 33 -33 -3 45 -36 -5 44 40 -40 -6 42 -42 -41 -15 -32 48 -48 49 -31 51 -1 56 54 55 -54 57 58 61 -59 -61 -53
right_child=1 4 3 36 14 12 13 8 -10 11 -12 -13 -14 37 15 18 17 -19 19 -21 21 22 -24 25 -26 -27 -28 -29 -30 46 34 32 -34 -35 35 -37 -38 -39 39 43 41 -43 -44 -45 -46 -47 47 -49 -50 -51 -52 52 53 -55 -56 -57 -58 59 -60 60 -62 -63
leaf_value=5.0656091195082062e-05 -0.00070548006970944923 -0.0020427652001248037 -0.0066931143909522072 -0.0021991958144197475 -8.7163589609748983e-05 -0.003740958136331329 0.0028008791121832653 0.00052429278693900776 -0.0076264438274097571 -0.00061687299735407701 -0.0059252214988475965 0.0010311990974732521 -0.0040359757779874798 0.00055403028925996251 -0.0002246934269112791 0.00056149271926973201 -0.00094491057382964361 -0.00034032923393332638 0.00036878235160789867 -0.00013997390703927363 -0.0052011613141845804 -0.0039991707374244477 0.0018502601660421406 -0.00048736808959897035 0 0.00061931290595885189 4.2365660476523976e-05 -0.0013113651260363414 0.000180625208238162 -0.00017212486790088628 0.00014843921200492782 -0.0025981356967540409 0.00015805809420990264 0 -0.0045026789044762009 0 0.0014457557523012933 0.0018772562085793334 0.0011164810312922087 -0.0024873377976518023 0.00041586442833776646 -0.00012808573697917845 -0.0082014960795219524 0.00012363054854210988 -0.00029925983687036426 0.0016210819870025681 -0.003684458110627157 -0.00023684818943409342 0.00027291851253810628 -0.0039277891103706468 0.00016283937834923727 -8.4766740581390044e-05 -0.013970044067832817 -3.686414828710924e-05 -0.00047279148052908676 -0.0027898209684255118 0.00065454191194246113 0.00036102332164164629 0.0020646308968080228 -0.0057508949839430584 -0.0001865001172569899 -0.0038675112872573227
leaf_weight=63674 383 84 28 23 2397 68 38 27 25 285 29 338 25 463 1413 480 873 1855 868 10917 24 20 30 1177 117 316 2380 230 6129 350 367 215 131 461 27 81 26 62 205 26 27 97 22 4221 345 81 21 397 2263 20 6435 398 24 31562 462 35 1180 35 118 55 30 30
leaf_count=63674 383 84 28 23 2397 68 38 27 25 285 29 338 25 463 1413 480 873 1855 868 10917 24 20 30 1177 117 316 2380 230 6129 350 367 215 131 461 27 81 26 62 205 26 27 97 22 4221 345 81 21 397 2263 20 6435 398 24 31562 462 35 1180 35 118 55 30 30
internal_value=-3.65672e-07 -7.53552e-05 -0.000305317 -0.00260887 -5.10594e-05 -0.0002569 -3.28519e-05 -0.000415905 -0.00330548 -0.000265593 -0.00108637 0.000269263 -0.000505604 0.000420205 -0.000101057 -0.000153458 -0.000293992 -0.000535664 -7.56942e-05 -0.000102075 -0.000452146 -0.00202481 -0.000393024 -0.000379696 -0.0014006 -0.00024976 -0.000128862 -0.000379928 7.08454e-05 -7.76302e-05 -0.000442835 -0.000801368 -0.00154041 -0.000322806 0.000122771 -0.0010887 -0.000164301 0.000310165 4.0681e-05 0.000154068 -0.000155857 -0.0012486 -0.00336015 0.000106411 0.000183513 0.000426159 9.39458e-05 -0.000422852 0.000177901 -0.00038965 2.87689e-05 1.98782e-05 -3.77347e-05 -5.70889e-05 -0.00127246 -0.00743825 0.000295912 -0.000331993 0.000153223 -0.00257965 -0.00384827 -0.000362433
internal_weight=144525 40487 3849 77 36638 3772 1995 1087 52 1035 412 623 1777 908 26011 19016 6751 2728 12265 11785 1752 74 50 1678 185 1493 4023 1643 10627 4498 1447 891 346 545 556 108 49 870 6995 4452 2543 146 49 4247 808 448 3051 418 2633 370 104038 97603 33929 32083 521 59 1846 666 546 120 85 428
internal_count=144525 40487 3849 77 36638 3772 1995 1087 52 1035 412 623 1777 908 26011 19016 6751 2728 12265 11785 1752 74 50 1678 185 1493 4023 1643 10627 4498 1447 891 346 545 556 108 49 870 6995 4452 2543 146 49 4247 808 448 3051 418 2633 370 104038 97603 33929 32083 521 59 1846 666 546 120 85 428
is_linear=0
shrinkage=0.05


Tree=72
num_leaves=63
num_cat=0
split_feature=12 23 14 22 0 14 13 18 12 2 11 14 14 21 13 13 20 13 13 22 16 21 21 20 17 0 0 0 0 12 0 14 9 20 20 14 13 13 22 12 22 12 12 11 0 21 12 0 2 0 0 12 13 3 13 0 14 2 12 16 21 20
split_gain=0.116119 0.0947685 0.1648 0.373778 0.385135 0.265048 0.131309 0.154946 0.295527 0.209293 0.115344 0.115176 0.146871 0.122393 0.110443 0.102756 0.0805058 0.11339 0.136455 0.152801 0.110812 0.0929148 0.122618 0.462906 0.126409 0.0910763 0.205158 0.10638 0.076152 0.0741511 0.113349 0.663221 0.163458 0.157849 0.26394 0.0963617 0.178129 0.0892861 0.139435 0.228462 0.0996107 0.0698601 0.0674084 0.0827514 0.146274 0.0747162 0.064952 0.156944 0.0658567 0.0616994 0.06515 0.334492 0.375027 0.298623 0.165978 0.149465 0.14853 0.217447 0.368136 0.175968 0.0854644 0.068572
threshold=1465.5000000000002 1.0000000180025095e-35 0.18878406708595391 0.083333335816860213 651.50000000000011 0.29051012753188304 4.3772028560533345 2.5000000000000004 1468.5000000000002 5.5000000000000009 1.0000000180025095e-35 0.50257731958762897 1.4913767469521264 0.17857143282890323 0.09204280371755473 0.1075449534652571 1.3571428656578066 5.597182034465022 2.4532910723718966 2.7500000000000004 3.5000000000000004 1.3214285373687746 0.96428570151329052 0.78571429848670971 1.5000000000000002 331.50000000000006 302.50000000000006 411.50000000000006 1729.5000000000002 1189.0000000000002 1742.5000000000002 0.14686274509803923 -0.56174490092936669 0.35714286565780645 1.0000000180025095e-35 0.074271079590228536 0.09204280371755473 0.072695816294432225 1.0000000180025095e-35 1327.5000000000002 0.18333333730697635 1411.5000000000002 1100.0000000000002 -0.9330127018922193 1921.5000000000002 0.53571429848670971 1470.5000000000002 97.500000000000014 4.5000000000000009 1371.5000000000002 1021.5000000000001 1458.5000000000002 1.2255093153984309 1.5000000000000002 0.67630541121511156 1206.5000000000002 0.05486978774650008 11.500000000000002 737.50000000000011 1.0000000180025095e-35 5.1071429252624521 0.21428572386503222
decision_type=2 2 2 2 2 2 2 2 2 2 2 2 2 2 2 2 2 2 2 2 2 2 2 2 2 2 2 2 2 2 2 2 2 2 2 2 2 2 2 2 2 2 2 2 2 2 2 2 2 2 2 2 2 2 2 2 2 2 2 2 2 2
left_child=28 2 3 -2 -5 -4 7 11 -9 -10 -6 13 -13 -7 -3 -16 21 18 19 -18 -20 22 24 -24 -17 26 -19 -27 49 42 31 -31 35 34 -33 -32 -37 -34 39 -39 -40 -38 -30 44 -44 -46 47 -23 -48 50 -1 56 53 -53 -55 60 57 59 -59 -52 -54 -58
right_child=1 14 5 4 10 6 -8 8 9 -11 -12 12 -14 -15 15 16 17 25 20 -21 -22 46 23 -25 -26 27 -28 -29 29 30 32 33 37 -35 -36 36 41 38 40 -41 -42 -43 43 -45 45 -47 48 -49 -50 -51 51 52 55 54 -56 -57 61 58 -60 -61 -62 -63
leaf_value=7.6208045137809126e-05 0.0011471129728950001 0.0028478173164825245 0.0050896222049968817 -0.010361336793097274 0.00030224238445748498 0 0.00034040842508392861 0.00080142160157610368 -0.0076302075673978778 -0.0020708125657422629 -0.0044643935388054582 0.0010162870322389041 -0.0011575673193270136 -0.0050426147678346014 -0.0036162003559704441 -1.9310823542073657e-05 -0.00021575066200865375 -2.9426704976796367e-05 -0.00068527372611554543 0.000673634876958722 -9.8967422467515618e-05 -0.0032838135209159892 -0.0027380644248369678 0.00057777635305579663 0.0012325929499743084 0.00024781911715537528 -0.00044230283019036708 -1.9398026816448042e-05 -1.9640716388431878e-05 -0.0077224510178363227 0.0016598997561423096 0.00031830967433777146 0.00080714550194192357 0.00031562971944130601 -0.0067445519311732545 -0.0037765524432964597 0.00051997592333408703 -0.0071114461804133141 0.00027540250829881613 -0.00080696413775688508 -0.00045613627784415556 -0.00017372301160530074 -0.0038018786664000184 0.00061278505612379942 0.0010017720925304162 -0.0024369612479795567 0.0013736237932182448 0.00030453375151152923 0.00036191068535945231 0.00017074118074947853 -0.00021768835304835049 0.00063951371770924065 -0.0015809094085428546 -0.0022475485490437951 -0.0079840053889353516 -7.3643696018516787e-05 -7.5969565868162675e-05 0 -0.0087451740408589912 -0.0048565512924715519 -0.00058882542008706004 0.0002490894034349078
leaf_weight=35249 44 33 22 21 23 24 309 40 31 45 24 153 157 26 20 1574 1773 11874 2139 663 1328 31 180 249 230 4076 4044 43113 5747 34 116 28 161 207 23 28 881 20 546 59 2879 603 30 836 70 20 308 1190 374 11986 865 24 330 24 36 1141 2293 26 21 21 720 5383
leaf_count=35249 44 33 22 21 23 24 309 40 31 45 24 153 157 26 20 1574 1773 11874 2139 663 1328 31 180 249 230 4076 4044 43113 5747 34 116 28 161 207 23 28 881 20 546 59 2879 603 30 836 70 20 308 1190 374 11986 865 24 330 24 36 1141 2293 26 21 21 720 5383
internal_value=-3.70705e-07 -4.40864e-05 -0.000549046 -0.00235189 -0.00468773 -0.000292382 -0.000450213 -0.000973918 -0.00257154 -0.00441121 -0.00202994 -0.000444672 -6.85594e-05 -0.00267198 -3.76777e-05 -3.90514e-05 -3.8e-05 -5.0898e-05 -0.00026057 2.42764e-05 -0.000462146 0.000175993 -4.07411e-05 -0.000802147 0.000137588 -3.12058e-05 -0.000134635 3.57766e-06 4.55781e-05 -6.73041e-05 -0.000202023 -0.00116338 -0.000148022 -0.000276977 -0.00277602 0.000267165 0.000156906 -0.000333815 -0.000387688 -0.00247322 -0.000338053 0.000234741 4.42e-05 0.000433171 -0.00077598 0.000180259 0.000432927 0.000209073 0.000826278 6.95307e-05 4.31261e-05 -6.35534e-05 -0.000602999 -0.00388795 -0.00578017 -0.000474605 7.8424e-05 -0.000516029 -0.00383676 -0.000333817 -0.000905506 0.000151336
internal_weight=144525 74118 919 112 68 807 785 476 116 76 47 360 310 50 73199 73166 73146 69010 5903 2436 3467 4136 2233 429 1804 63107 15918 47189 70407 12288 5585 292 5293 258 51 1628 1512 3665 3504 79 3425 1484 6703 956 120 90 1903 1221 682 58119 46133 10884 2275 84 60 2191 8609 933 47 886 1050 7676
internal_count=144525 74118 919 112 68 807 785 476 116 76 47 360 310 50 73199 73166 73146 69010 5903 2436 3467 4136 2233 429 1804 63107 15918 47189 70407 12288 5585 292 5293 258 51 1628 1512 3665 3504 79 3425 1484 6703 956 120 90 1903 1221 682 58119 46133 10884 2275 84 60 2191 8609 933 47 886 1050 7676
is_linear=0
shrinkage=0.05


Tree=73
num_leaves=63
num_cat=0
split_feature=0 0 0 0 13 10 0 0 13 23 24 13 24 20 22 10 13 0 0 10 16 0 17 15 1 0 22 20 0 24 23 0 8 11 24 23 20 24 10 20 20 8 24 8 19 14 24 22 13 4 23 14 17 8 21 22 15 19 15 20 8 16
split_gain=0.0745415 0.28741 0.128409 0.184897 0.105954 0.0750651 0.06975 0.0990529 0.107021 0.115685 0.0793574 0.0706302 0.0700369 0.061859 0.223662 0.208057 0.0977694 0.0591706 0.0846567 0.123357 0.0837051 0.080513 0.18165 0.443273 0.0782022 0.077806 0.171537 0.132155 0.120493 0.095279 0.153594 0.092643 0.110849 0.107937 0.175524 0.0882253 0.0815205 0.149413 0.0776573 0.068214 0.0729418 0.133235 0.0677948 0.0621143 0.0894226 0.479981 0.111913 0.0590488 0.151399 0.05588 0.0843968 0.478125 0.506718 0.124994 0.155365 0.0762397 0.0607301 0.0606791 0.0916477 0.0902398 0.0834685 0.11271
threshold=331.50000000000006 266.50000000000006 60.500000000000007 39.500000000000007 353.76529208633787 -0.93301270189221919 93.500000000000014 202.50000000000003 33.630190872809308 55.529914855957038 117.75465774536134 0.17328655817043084 126.89474868774415 0.6428571641445161 4.3833334445953378 0.93301270189221952 9.4906774358023558 416.50000000000006 397.50000000000006 0.93301270189221952 10.500000000000002 406.50000000000006 16.500000000000004 1.5000000000000002 2024.5000000000002 455.50000000000006 45.016666412353523 234.21428680419925 419.50000000000006 64.229690551757827 35.587249755859382 433.50000000000006 -1.0000000180025095e-35 1.0000000180025095e-35 1.0324271321296694 0.51123625040054332 0.35714286565780645 2.0728473663330083 -0.6830127018922193 2.3571429252624516 4.7857143878936776 0.6078576107927941 5.6122412681579599 -1.0000000180025095e-35 141.50000000000003 38.375672043010759 10.592475891113283 1.0000000180025095e-35 0.03054212465602214 1.0000000180025095e-35 9.5556015968322772 6.9602631578947376 20.500000000000004 1.0000000180025095e-35 0.96428570151329052 7.3166668415069589 1.0000000180025095e-35 1.5000000000000002 2.5000000000000004 3.3571429252624516 -0.8783796973249266 1.5000000000000002
decision_type=2 2 2 2 2 2 2 2 2 2 2 2 2 2 2 2 2 2 2 2 2 2 2 2 2 2 2 2 2 2 2 2 2 2 2 2 2 2 2 2 2 2 2 2 2 2 2 2 2 2 2 2 2 2 2 2 2 2 2 2 2 2
left_child=1 2 3 -1 6 -5 -4 8 11 -10 -9 -8 -12 -7 15 -15 -16 18 20 -20 24 -21 23 -23 39 26 31 29 -29 -28 -31 36 -33 34 -34 -35 37 38 -19 -2 41 -41 -22 -26 46 -46 -45 -3 -49 50 53 52 -52 54 -50 -53 -55 60 -59 -60 61 -51
right_child=17 47 4 5 -6 13 7 10 9 -11 12 -13 -14 14 16 -17 -18 25 19 21 42 22 -24 -25 43 -27 27 28 -30 30 -32 32 33 35 -36 -37 -38 -39 -40 40 -42 -43 -44 44 45 -47 -48 48 49 57 51 55 -54 56 -56 -57 -58 58 59 -61 -62 -63
leaf_value=0.00013524694975935447 0.00081462035575239158 0.0010478134592875801 0.00027190421350612587 0.00077646222064875221 0.00077884146932371244 0.00018198320007734636 -0.00060082081450396987 0.00022078360463781812 -0.0025400494705823725 0.0013953826605127408 -0.0029428494400843097 -3.4616271126970405e-05 -0.00029091218831623272 -0.0015597684183335809 0.00020962663014180077 -0.0066736822567368126 -0.00061289962371611671 -0.0021608329608612986 0.00051057442935209692 0.00030475910993281886 -0.0021531963690417746 -0.00020032562833403289 0.00031017482452851499 -0.0084102162155748981 4.4164866288427338e-05 1.6068957722436729e-05 -0.00049311326090069839 -0.00069379644247528547 0.00069002202242285349 -0.0055871332899722105 -0.0012383386643104297 0.00034981619269204784 0.00013537559332948892 0.0014508686803296614 -0.002203634210243036 -0.00045413941896734817 0.00069476195721280664 -0.0042869040583433131 0.00048890704242155142 -0.00013066696257630757 0.00020243656628913414 -0.0047557833780454495 0.00034200970058058372 -0.00070747702029246538 -0.0080399714233266775 -2.7474868833845196e-05 0.00012083706603596955 -0.0045662542158446456 -0.0016806007834300333 -0.00024788337229786605 -0.0015994029097219033 -0.0020720000992938137 -0.0077524713326312241 -3.2345522476399015e-05 -2.504475449297417e-05 -0.00033269350853203875 0.00080187479673959514 0.00076747651946346791 -0.0034554917367629295 -6.8521131952341459e-05 6.5589810388748117e-06 -0.0019941916391343962
leaf_weight=2412 390 78 3546 114 562 273 624 5251 86 22 27 4922 443 200 447 23 1718 33 2247 120 27 48 72 26 1297 102547 621 316 313 22 456 491 127 79 201 262 756 22 166 61 404 22 1963 850 24 89 767 21 215 233 267 65 39 475 434 4593 387 370 20 1224 453 162
leaf_count=2412 390 78 3546 114 562 273 624 5251 86 22 27 4922 443 200 447 23 1718 33 2247 120 27 48 72 26 1297 102547 621 316 313 22 456 491 127 79 201 262 756 22 166 61 404 22 1963 850 24 89 767 21 215 233 267 65 39 475 434 4593 387 370 20 1224 453 162
internal_value=-3.68179e-07 -7.09983e-05 3.1612e-05 -0.000183349 0.00010395 -0.000462065 7.81903e-05 1.73612e-05 -0.000130563 -0.00169158 0.000164427 -9.92332e-05 -0.000454487 -0.000517031 -0.000599041 -0.00211238 -0.000440764 1.78618e-05 0.000145594 0.000388816 4.10397e-05 -0.000620733 -0.00141532 -0.00315982 -9.25068e-05 7.72322e-06 -0.000212409 -0.000583194 0 -0.000913979 -0.00145008 8.50857e-05 -0.000214133 -0.000635497 -0.00128298 0 0.000445454 -0.000384698 2.35253e-05 0.000320946 -6.42208e-05 -0.00142102 0.000305536 -0.000213953 -0.000410348 -0.00177906 -0.000311503 -0.000306272 -0.000318632 -0.000308041 -0.00038542 -0.000485144 -0.00240223 -5.4484e-05 -0.000581373 -0.000358082 0.000336432 -0.000102497 7.47853e-05 -0.000127266 -0.000445783 -0.000977069
internal_weight=144525 29706 20670 5187 15483 2775 14921 11375 5654 108 5721 5546 470 2661 2388 223 2165 114819 8407 2513 5894 266 146 74 3904 106412 3865 1728 629 1099 478 2137 1160 669 328 341 977 221 199 877 487 83 1990 3027 1730 113 1617 9036 8958 8937 6475 4964 306 1511 649 4658 862 2462 1614 1244 848 395
internal_count=144525 29706 20670 5187 15483 2775 14921 11375 5654 108 5721 5546 470 2661 2388 223 2165 114819 8407 2513 5894 266 146 74 3904 106412 3865 1728 629 1099 478 2137 1160 669 328 341 977 221 199 877 487 83 1990 3027 1730 113 1617 9036 8958 8937 6475 4964 306 1511 649 4658 862 2462 1614 1244 848 395
is_linear=0
shrinkage=0.05


Tree=74
num_leaves=63
num_cat=0
split_feature=12 21 23 21 0 0 12 21 11 21 22 22 14 14 3 23 16 20 21 20 11 6 15 0 16 0 0 0 21 0 0 15 15 21 3 16 0 0 17 15 0 17 14 23 8 16 21 22 11 23 20 14 12 3 2 12 0 0 22 12 12 12
split_gain=0.101943 0.0819324 0.14868 0.265021 0.0917316 0.166423 0.15616 0.154363 0.238742 0.473894 0.437929 0.180896 0.176436 0.102208 0.105314 0.0988134 0.0913299 0.0837495 0.163434 0.132994 0.233939 0.0821964 0.0778649 0.0736541 0.0902845 0.0828213 0.116875 0.187908 0.0676762 0.0621534 0.0712654 0.0611275 0.068411 0.0661216 0.0604346 0.103597 0.133068 0.249304 0.32143 0.122114 0.347548 0.117698 0.060021 0.0525522 0.0522263 0.0516609 0.0830144 0.0494469 0.0786792 0.0481989 0.075982 0.047763 0.0989079 0.16875 0.16607 0.154072 0.12944 0.475087 0.534582 0.247354 0.0764894 0.0500927
threshold=1471.5000000000002 8.3214282989501971 18.280877113342289 6.6071429252624521 433.50000000000006 323.50000000000006 1473.5000000000002 0.67857143282890331 0.25000000000000017 0.53571429848670971 0.68333333730697643 0.75000000000000011 0.66838487972508598 0.66838487972508598 4.5000000000000009 1.7524306774139407 1.0000000180025095e-35 1.7857142686843874 1.6071428656578066 0.5000000149011613 -0.68301270189221952 1.0000000180025095e-35 22.500000000000004 1238.5000000000002 28.500000000000004 1217.5000000000002 1127.5000000000002 1092.5000000000002 148.46428680419925 1333.5000000000002 1362.5000000000002 66.500000000000014 51.500000000000007 56.964284896850593 2.5000000000000004 4.5000000000000009 1125.5000000000002 1130.5000000000002 4.5000000000000009 2.5000000000000004 46.500000000000007 166.50000000000003 11.758828417116744 193.94954681396487 0.6078576107927941 507.50000000000006 185.75000000000003 22.716667175292972 0.6830127018922193 4.7106740474700937 3.0714285373687749 0.014389233954451347 744.50000000000011 5.5000000000000009 11.500000000000002 914.00000000000011 1619.0000000000002 1999.5000000000002 1.0000000180025095e-35 1411.5000000000002 1283.5000000000002 1159.5000000000002
decision_type=2 2 2 2 2 2 2 2 2 2 2 2 2 2 2 2 2 2 2 2 2 2 2 2 2 2 2 2 2 2 2 2 2 2 2 2 2 2 2 2 2 2 2 2 2 2 2 2 2 2 2 2 2 2 2 2 2 2 2 2 2 2
left_child=51 2 4 -4 5 17 7 8 10 -10 -6 -9 -13 14 15 -8 -16 19 -19 20 -2 -20 34 24 31 26 27 -26 -27 -25 43 32 44 -33 35 36 39 38 -38 40 -3 -39 -5 -31 -24 47 -47 48 -37 -7 -51 52 -1 54 56 -55 59 58 -58 60 -54 -53
right_child=1 22 3 42 6 49 13 11 9 -11 -12 12 -14 -15 16 -17 -18 18 21 -21 -22 -23 23 29 25 28 -28 -29 -30 30 -32 33 -34 -35 -36 45 37 41 -40 -41 -42 -43 -44 -45 -46 46 -48 -49 -50 50 -52 61 53 55 -56 -57 57 -59 -60 -61 -62 -63
leaf_value=-4.4818491234505429e-05 -0.005259184639406278 -0.0060611325230787499 -0.0063447677001715027 -0.0020882473430027821 -0.0058342517252075732 0.001818411345426952 -0.00050213512301456415 0.0034297561185345107 -0.00085270091125341221 -0.010569367808715454 0.0033764537542022967 -0.0033344298120767824 -0.00054353531085358175 0.0010277757218845258 0.0022691405546250072 -0.0041974004040662176 -0.0010370332709292776 -0.0046849308855730484 -0.00019388838209453995 0.0012592234448958711 0.00040185493787421123 -0.0020441446174544135 0.0001969807136886815 0.00031449732621230327 -0.00011992504755912004 -0.00029512575288815121 0.00035159386826413754 -0.00062622636719347855 -0.0012498598479251648 -0.00061340222622195098 4.2409590668261122e-05 0.00057273782862610006 -0.00073906952103851449 5.4825807812056184e-05 0.00017611354582683288 4.989443300208622e-05 -0.0092260688883874023 0.00011162017650172057 -0.00070479479024698776 0.00046446999823910657 -0.00037782031142584931 -0.0030095704931818196 0.0013884635643062978 -0.0033481654450436358 -0.00049342667063416131 -0.0034923550037234598 -0.00023993907051121752 0.00027431249881613729 -0.0016434158868560496 -0.0018204845957047043 0.00098682181351935467 8.7395957018989229e-05 0.00094552695177837695 -0.006383198846977545 -0.0049015428185166408 -0.00099636673534021346 -0.0096056228689209294 0.00075260768837715798 -0.00050193200178463447 -0.0041126940576401766 0.0040396550855817002 9.1923367722807127e-06
leaf_weight=2183 24 28 28 23 21 134 261 27 32 22 33 60 1324 237 62 20 29 22 955 204 70 65 890 1918 13051 491 1053 2142 318 262 1400 772 438 3202 5925 276 22 121 25 420 748 39 26 20 395 21 388 2184 89 28 142 28584 124 25 20 34 29 118 39 22 26 72834
leaf_count=2183 24 28 28 23 21 134 261 27 32 22 33 60 1324 237 62 20 29 22 955 204 70 65 890 1918 13051 491 1053 2142 318 262 1400 772 438 3202 5925 276 22 121 25 420 748 39 26 20 395 21 388 2184 89 28 142 28584 124 25 20 34 29 118 39 22 26 72834
internal_value=-3.65946e-07 -6.77154e-05 -0.000287399 -0.00246806 -0.000241494 3.62255e-05 -0.000458389 -0.00073033 -0.00256519 -0.00491598 -0.000117229 -0.000586172 -0.000668372 0.0002117 -0.000294919 -0.00078433 0.00116066 -0.000200255 -0.000414349 0.00053147 -0.000994435 -0.000316887 -4.44993e-05 -9.01234e-05 -0.000123482 -0.00018111 -0.000156119 -0.000191639 -0.000676698 0.000119315 -0.000100287 4.81582e-05 -0.000199296 0.000156707 7.18999e-05 -6.85424e-05 -0.000423052 -0.00159702 -0.00481075 -0.000215568 -0.000590085 -0.000619344 -0.000142558 -0.000826199 -1.13768e-05 9.79224e-05 -0.000419968 0.000182995 -0.000349637 0.00109477 0.000494249 2.57955e-05 -0.000184703 -0.000871877 -0.000467873 -0.00337046 -0.00020492 -0.00112986 -0.00446621 0.000766324 0.00151749 3.12829e-05
internal_weight=144525 40487 3849 77 3772 1644 2128 1519 108 54 54 1411 1384 609 372 281 91 1340 1042 298 94 1020 36638 26352 22752 17055 16246 15193 809 3600 1682 5697 1723 3974 10286 4361 1403 207 47 1196 776 160 49 282 1285 2958 409 2549 365 304 170 104038 2620 437 378 59 358 186 68 172 150 101418
internal_count=144525 40487 3849 77 3772 1644 2128 1519 108 54 54 1411 1384 609 372 281 91 1340 1042 298 94 1020 36638 26352 22752 17055 16246 15193 809 3600 1682 5697 1723 3974 10286 4361 1403 207 47 1196 776 160 49 282 1285 2958 409 2549 365 304 170 104038 2620 437 378 59 358 186 68 172 150 101418
is_linear=0
shrinkage=0.05


Tree=75
num_leaves=63
num_cat=0
split_feature=12 25 23 14 3 21 25 22 12 21 10 22 3 23 15 2 25 15 9 12 12 3 25 12 25 25 24 12 8 24 14 17 19 24 14 1 21 2 14 14 5 12 21 24 25 16 12 14 12 2 25 22 8 14 14 3 12 12 15 24 2 12
split_gain=0.0931194 0.0967121 0.126888 0.331929 0.236664 0.200379 0.167235 0.310073 0.217371 0.0776133 0.127103 0.108226 0.166826 0.14067 0.114562 0.105556 0.101115 0.21998 0.297104 0.237334 0.0857161 0.0834612 0.074399 0.0699001 0.0598103 0.0882941 0.0593549 0.075471 0.0780857 0.164436 0.0808166 0.268832 0.248365 0.122121 0.0611853 0.174822 0.196871 0.190725 0.171141 0.11989 0.201274 0.111575 0.0875479 0.0590091 0.0551478 0.0512536 0.103292 0.0452398 0.0703504 0.132519 0.126759 0.066284 0.0544784 0.0420819 0.0458885 0.0414238 0.034521 0.0316731 0.0756728 0.180013 0.0620393 0.147841
threshold=1465.5000000000002 0.2794183492660523 1.0000000180025095e-35 0.18878406708595391 3.5000000000000004 0.10714286193251611 0.7291143834590913 0.61666667461395275 1471.5000000000002 0.10714286193251611 0.68301270189221941 0.45000000298023229 3.5000000000000004 0.43295724689960485 1.5000000000000002 1.5000000000000002 1.0048722028732302 1.5000000000000002 -0.22252093395631442 1471.5000000000002 2164.0000000000005 5.5000000000000009 21.022101402282718 1469.5000000000002 1.9017534255981448 2.3714051246643071 4.7866570949554452 1159.5000000000002 0.87837969732492682 4.6563200950622567 0.31876094919573184 1.0000000180025095e-35 1.0000000180025095e-35 0.72815948724746715 0.014389233954451347 2024.5000000000002 1.0000000180025095e-35 4.5000000000000009 0.041885964912280707 0.11853256021409457 1.0000000180025095e-35 1444.0000000000002 0.46428571641445165 0.76494169235229503 0.67678761482238781 8.5000000000000018 1414.5000000000002 0.014389233954451347 685.50000000000011 11.500000000000002 0.32543723285198217 0.050000002607703216 0.87837969732492682 0.084422195825555754 0.3521927016645327 2.5000000000000004 914.00000000000011 1092.0000000000002 2.5000000000000004 1.1590536236763003 10.500000000000002 1130.0000000000002
decision_type=2 2 2 2 2 2 2 2 2 2 2 2 2 2 2 2 2 2 2 2 2 2 2 2 2 2 2 2 2 2 2 2 2 2 2 2 2 2 2 2 2 2 2 2 2 2 2 2 2 2 2 2 2 2 2 2 2 2 2 2 2 2
left_child=26 53 3 4 5 -3 55 8 23 10 -4 12 14 -14 20 -15 17 18 -13 -19 -11 22 -18 -8 -9 -26 27 47 34 30 31 32 -30 -33 35 -29 37 -37 41 40 -40 -36 -41 -23 -16 -32 -47 48 -1 51 -51 52 -50 -2 -55 -5 -53 -49 60 -60 -59 -62
right_child=1 2 9 6 -6 -7 7 24 -10 11 -12 16 13 15 44 -17 21 19 -20 -21 -22 43 -24 -25 25 -27 -28 28 29 -31 45 33 -34 -35 38 36 -38 -39 39 42 -42 -43 -44 -45 -46 46 -48 57 49 50 -52 56 -54 54 -56 -57 -58 58 59 -61 61 -63
leaf_value=6.3666375340935399e-05 0 -0.0022423995223211412 -0.0038993668299325914 0.00073818019530796398 -0.00045088468361477126 -0.0095035835761915557 -0.0032977118686895661 0.0022510946121576908 -0.0079578299428473154 0.0018731845397019439 0.0008473570462805114 0.0016515518423505166 -0.0042880888027486512 -0.0020825350858333035 0.001585358725073029 0.0010768487310069967 -0.00014754593190888398 0.00027620794960478347 -0.0021752394979467765 -0.0063198555621751017 0.0052500214917488783 0.0017488089768287454 -2.2914703322722288e-05 0.00018868908387233767 -0.0033875741898946096 -0.00015171796146894526 0.00011035539790615064 0.0015319550977241638 0.0003169548020200941 -0.0035947249918924212 0.00049789692698017378 -0.0061790932044090028 -0.0032863505199230815 -0.0010998830444500964 0.0013151274560893093 -0.0008352796888459323 0.00030095132399811847 -0.0073954995707832139 -0.00063008800489636652 0.00010098395117539637 0.0022122393898352075 -0.0022234443760601988 -0.00015427687973916567 8.7784559598323719e-05 -0.0018304115638989142 -0.0038828880954719148 0.00094580052787126201 6.5833204888315886e-05 -0.00050642917550359232 -0.0057383867152019105 -0.00050716098374977141 -3.6027929600817128e-06 -0.0023796249162553558 0.0033438592921580163 0.00023120772262099642 0.0040453076161660597 0.0012981195469217682 0.00057342445378981996 -0.0036398920802223258 4.1271870661963152e-05 -0.0018864778247606872 0.00044809435803925
leaf_weight=1545 27 20 33 23 33 23 31 24 21 128 22 101 20 36 20 96 16284 20 101 35 25 54 45761 22 22 618 21363 37 731 28 1576 25 51 28 299 22 33 27 1609 4942 64 23 10380 10405 27 20 22 24806 527 23 28 262 44 40 22 24 61 1250 39 204 93 245
leaf_count=1545 27 20 33 23 33 23 31 24 21 128 22 101 20 36 20 96 16284 20 101 35 25 54 45761 22 22 618 21363 37 731 28 1576 25 51 28 299 22 33 27 1609 4942 64 23 10380 10405 27 20 22 24806 527 23 28 262 44 40 22 24 61 1250 39 204 93 245
internal_value=-3.71301e-07 -3.95225e-05 -4.15697e-05 -0.000645309 -0.00380459 -0.00625534 -0.000332628 -0.000522544 -0.00359378 -3.4396e-05 -0.00191184 -3.29127e-05 0.000840974 -0.000380572 0.00179406 0.000176424 -3.72102e-05 -0.00102769 -0.000237233 -0.00383439 0.00246068 -3.3629e-05 -5.57055e-05 -0.00175873 -0.000172249 -0.000271274 4.07724e-05 1.03608e-05 -6.45236e-05 0.000197239 0.000242706 -0.000152328 7.51734e-05 -0.00359702 -0.000102058 -0.00123493 -0.00254466 -0.00455963 -9.39773e-05 -0.000115881 -0.000518242 0.00104624 -7.16179e-05 9.68551e-05 -0.000270455 0.000449658 -0.00123857 6.17383e-05 -0.000141338 -0.000481766 -0.0029708 -0.000333866 -0.00065992 0.00160537 0.00232204 0.00253809 0.000227084 8.09098e-05 0.00028242 -0.000530219 0.000409946 -0.000179838
internal_weight=144525 74118 74029 861 76 43 785 738 74 73168 55 73113 352 152 200 132 72761 257 202 55 153 72504 62045 53 664 640 70407 49044 19917 2481 2453 835 782 53 17436 119 82 49 17317 16995 1673 322 15322 10459 47 1618 42 29127 2490 945 51 894 571 89 62 47 323 26637 1831 243 1588 338
internal_count=144525 74118 74029 861 76 43 785 738 74 73168 55 73113 352 152 200 132 72761 257 202 55 153 72504 62045 53 664 640 70407 49044 19917 2481 2453 835 782 53 17436 119 82 49 17317 16995 1673 322 15322 10459 47 1618 42 29127 2490 945 51 894 571 89 62 47 323 26637 1831 243 1588 338
is_linear=0
shrinkage=0.05


Tree=76
num_leaves=63
num_cat=0
split_feature=12 0 0 0 0 0 22 0 20 22 23 0 17 21 0 22 0 3 24 2 9 21 2 24 24 23 2 19 0 0 12 20 20 20 3 0 0 20 12 0 22 12 22 0 0 24 3 12 12 2 22 0 24 12 0 0 0 11 11 24 12 0
split_gain=0.089136 0.0956468 0.10904 0.274239 0.31225 0.210823 0.277996 0.209926 0.207065 0.17943 0.161039 0.159202 0.129471 0.173874 0.123922 0.346304 0.213355 0.0965979 0.0947524 0.0921344 0.106319 0.0859224 0.170118 0.0834836 0.166191 0.147684 0.0921109 0.0731773 0.0546445 0.291156 0.245854 0.0930305 0.159706 0.0886107 0.0703051 0.10086 0.151198 0.109886 0.100931 0.248477 0.0691325 0.235955 0.263751 0.0631896 0.0748696 0.137826 0.156309 0.0587005 0.189785 0.34895 0.0704621 0.0534178 0.537566 0.104842 0.291866 0.0975677 0.0750924 0.0784338 0.122166 0.0605508 0.123196 0.0707842
threshold=1472.5000000000002 1238.5000000000002 1089.5000000000002 1084.5000000000002 1073.5000000000002 1127.5000000000002 667.10000610351574 1217.5000000000002 552.78570556640636 3.1500000953674321 1.5196915268898012 995.50000000000011 1.0000000180025095e-35 3.8214286565780644 848.50000000000011 305.03334045410162 455.50000000000006 2.5000000000000004 352.97955322265631 11.500000000000002 -0.56174490092936669 40.607143402099616 4.5000000000000009 1.2055270075798037 1.3393828868865969 1.7524306774139407 6.5000000000000009 1.5000000000000002 600.50000000000011 575.50000000000011 1462.5000000000002 1.0714285969734194 1.6428571343421938 2.5000000000000004 1.5000000000000002 378.50000000000006 302.50000000000006 22.928571701049808 1471.5000000000002 442.50000000000006 0.050000002607703216 744.50000000000011 1.0000000180025095e-35 903.50000000000011 897.50000000000011 17.194746971130375 1.0000000180025095e-35 1196.0000000000002 1185.5000000000002 4.5000000000000009 5.7833335399627694 1055.5000000000002 157.6262130737305 1437.5000000000002 995.50000000000011 1021.5000000000001 1060.5000000000002 0.6830127018922193 0.25000000000000017 31.230092048645023 1470.5000000000002 1119.5000000000002
decision_type=2 2 2 2 2 2 2 2 2 2 2 2 2 2 2 2 2 2 2 2 2 2 2 2 2 2 2 2 2 2 2 2 2 2 2 2 2 2 2 2 2 2 2 2 2 2 2 2 2 2 2 2 2 2 2 2 2 2 2 2 2 2
left_child=18 2 3 4 11 6 10 -7 -5 17 -4 14 13 -11 16 -16 -2 -6 28 -13 -21 22 -12 26 -25 -26 -9 -14 29 34 47 -32 -33 -34 35 36 -1 -38 -37 -40 41 -36 -43 44 -30 -46 -47 48 -31 -50 -49 52 53 55 -55 -45 57 58 -53 60 -58 -61
right_child=1 -3 5 8 9 7 -8 23 -10 12 21 19 27 -15 15 -17 -18 -19 -20 20 -22 -23 -24 24 25 -27 -28 -29 43 30 31 32 33 -35 40 38 37 -39 39 -41 -42 42 -44 51 45 46 -48 50 49 -51 -52 56 -54 54 -56 -57 59 -59 -60 61 -62 -63
leaf_value=-9.1974356610000885e-05 -0.0001513240038433024 0.00017093291441866855 0.0018070362070427889 0.0019719819970997307 -0.0016264417967991219 0.00031330462147916927 -0.0015905397930337161 -0.00024439195389313592 9.0267030190264942e-05 -0.0058225152468608932 -0.0055676364560159411 0.00048268902244449907 0 -0.0017629100165307305 -0.00010403165336454223 -0.0013143495808446478 0.00026932405799202133 0.0015085385090504394 0.0004567534031428132 -0.0024550441737350359 3.705873413409377e-05 -0.00038343191434469007 0 -0.0052256961923037 0.0036079169135188579 -0.00068908167358804322 0.0035198675090098285 -0.0015567419190163445 0.00010712427581537356 0.00018648179839018242 0.00049376595847031924 -0.0048111672866550485 0.00056256242854555729 -0.0012448215311909106 8.1767839650746316e-05 0.00020134982797118182 -0.0009879232303797161 -0.00013159949284028956 0.00070200830316139514 -0.0025392851780189352 5.8257529120659567e-05 -3.060954525178464e-06 -0.0033468080631583619 0.00021872026825989883 0.0014087017226360008 -0.0038935687489293769 0.00024815061842716488 0.00065893485884010485 -0.0072858637063210946 -0.00034878284179715711 -0.0022080918866719595 0.0006262237714469536 -0.0079079241845841051 -0.00099511377682400806 7.0627407737380236e-05 -0.00040644758076755719 2.3191586964289865e-05 0.0016341420172577125 -0.0022414100960895349 0.00056767916965794803 -0.00035375908993336738 9.8417337135812109e-05
leaf_weight=5535 11080 3484 82 286 34 1859 580 40 311 39 24 1825 103 101 2747 757 4137 81 1230 57 156 2040 34 20 20 931 25 246 16262 318 80 31 69 952 698 2955 952 642 118 115 25164 119 123 2857 300 26 169 365 26 65 22 256 22 1024 1703 795 39826 146 43 913 2292 7213
leaf_count=5535 11080 3484 82 286 34 1859 580 40 311 39 24 1825 103 101 2747 757 4137 81 1230 57 156 2040 34 20 20 931 25 246 16262 318 80 31 69 952 698 2955 952 642 118 115 25164 119 123 2857 300 26 169 365 26 65 22 256 22 1024 1703 795 39826 146 43 913 2292 7213
internal_value=-3.56829e-07 -7.53815e-05 -0.000106639 -5.59402e-05 -8.56954e-05 -0.000302628 -0.000615298 -2.80064e-06 0.00100028 -0.00120664 -0.000353475 -5.2834e-05 -0.0016271 -0.00293284 -9.87305e-05 -0.000366964 -3.66341e-05 0.000537626 2.01693e-05 0.000366301 -0.000607218 -0.000440384 -0.00235334 -0.000574822 -0.000694183 -0.000593087 0.00112978 -0.00108829 1.53381e-05 -3.30122e-05 -0.000631796 -0.00110538 -0.00123177 -0.00111774 -1.17572e-06 -0.000111809 -0.000216604 -0.000646196 0.000120964 -0.000876725 4.23582e-05 -0.000377911 -0.0017239 4.05143e-05 0.000125926 0.00073337 -0.000280163 3.54621e-05 -0.000375329 -0.00239151 0.000482507 1.53565e-05 -0.000120579 -9.28142e-05 -0.000327751 8.12517e-05 3.26212e-05 0.000679666 0.000196493 2.67896e-05 2.55898e-06 0.000151763
internal_weight=144525 31099 27615 21960 21363 5655 2760 2895 597 604 2180 20759 489 140 18721 3504 15217 115 113426 2038 213 2098 58 1036 971 951 65 349 112196 38349 1928 1132 1052 1021 36421 10317 7129 1594 3188 233 26104 940 242 73847 16757 495 195 796 409 91 387 57090 6401 6379 2727 3652 50689 445 299 50244 42118 8126
internal_count=144525 31099 27615 21960 21363 5655 2760 2895 597 604 2180 20759 489 140 18721 3504 15217 115 113426 2038 213 2098 58 1036 971 951 65 349 112196 38349 1928 1132 1052 1021 36421 10317 7129 1594 3188 233 26104 940 242 73847 16757 495 195 796 409 91 387 57090 6401 6379 2727 3652 50689 445 299 50244 42118 8126
is_linear=0
shrinkage=0.05


Tree=77
num_leaves=63
num_cat=0
split_feature=12 24 24 15 25 23 8 20 24 25 25 18 22 21 18 11 25 11 22 2 21 22 25 17 8 22 23 22 22 12 22 25 23 12 11 8 21 10 8 22 25 25 5 21 8 21 25 12 12 5 11 2 12 12 9 25 12 21 12 25 8 20
split_gain=0.0813378 0.0751973 0.233566 0.394212 0.151213 0.123259 0.309648 0.544061 0.276813 0.193043 0.359364 0.250029 0.211312 0.22148 0.137879 0.112377 0.15544 0.109428 0.0843445 0.0827981 0.0776 0.0971196 0.0942447 0.256465 0.0524164 0.0771447 0.0631667 0.0470914 0.0372134 0.0463684 0.10241 0.205659 0.298394 0.355554 0.438647 0.181947 0.149547 0.303102 0.290514 0.187676 0.130498 0.243365 0.113636 0.0877898 0.0808926 0.0751341 0.0669925 0.131103 0.131303 0.154792 0.108691 0.0578216 0.0535117 0.055017 0.216879 0.0515749 0.0347821 0.0792455 0.0345364 0.198049 0.265476 0.207401
threshold=1471.5000000000002 1.1459335684776308 1.0324271321296694 1.0000000180025095e-35 1.0998939871788027 0.77136236429214489 0.6078576107927941 0.35714286565780645 0.59509205818176281 0.88441157341003429 1.0048722028732302 1.5000000000000002 0.55000001192092907 0.39285714924335485 1.5000000000000002 0.6830127018922193 0.74817627668380748 -0.24999999999999994 0.65000000596046459 5.5000000000000009 0.60714286565780651 0.75000000000000011 1.3571859002113345 1.0000000180025095e-35 -1.0000000180025095e-35 1.0833333730697634 1.5885795354843142 0.84999999403953563 50.650001525878913 1408.5000000000002 0.15000000596046451 0.51412335038185131 1.0000000180025095e-35 1437.5000000000002 0.6830127018922193 1.0000000180025095e-35 0.17857143282890323 -0.6830127018922193 0.6078576107927941 0.25000000745058065 0.67678761482238781 0.69685250520706188 1.0000000180025095e-35 0.32142858207225805 0.87837969732492682 0.10714286193251611 0.37209869921207434 1185.5000000000002 1191.5000000000002 1.0000000180025095e-35 -0.5 8.5000000000000018 1130.0000000000002 1119.5000000000002 1.0000000180025095e-35 0.46361231803894049 1152.0000000000002 1.0000000180025095e-35 1396.5000000000002 0.65607663989067089 -0.8783796973249266 0.5000000149011613
decision_type=2 2 2 2 2 2 2 2 2 2 2 2 2 2 2 2 2 2 2 2 2 2 2 2 2 2 2 2 2 2 2 2 2 2 2 2 2 2 2 2 2 2 2 2 2 2 2 2 2 2 2 2 2 2 2 2 2 2 2 2 2 2
left_child=28 2 5 -4 19 6 9 8 -8 12 -11 -12 13 -2 15 17 -17 18 -7 -3 -6 -22 23 -23 25 -24 -26 -16 29 46 42 32 35 34 -34 -32 37 38 -33 -39 43 -42 44 -38 51 -46 47 52 -49 50 -50 55 53 -1 -55 -31 -54 -58 -48 60 -60 -62
right_child=1 4 3 -5 20 14 7 -9 -10 10 11 -13 -14 -15 27 16 -18 -19 -20 -21 21 22 24 -25 26 -27 -28 -29 -30 30 31 36 33 -35 -36 -37 40 39 -40 -41 41 -43 -44 -45 45 -47 58 48 49 -51 -52 -53 56 54 -56 -57 57 -59 59 -61 61 -63
leaf_value=-1.0425609975252304e-05 0.0015715726775689639 0.00046552674259662169 -2.5741273367946789e-05 -0.0085364913210442834 -0.002314344476624282 -0.0011048041691215167 -0.0048175371884977142 -0.0099284125743163334 0.0025315681677908234 -0.0076165717312908585 0.0018100538455624261 -0.0039128866480324168 0.0050460491291026482 -0.0039676839122510053 0.0050712356807209955 -0.0049490275788745836 0.00010965504609715298 0.0037991759017595157 0.0021250986973747809 0.0047401997264459785 0.0019042420769243157 0.0010873639096434299 0.0030350000345947051 -0.0047876888584857677 0.00057902407560299677 8.8169069462546984e-06 -0.00011337577498509288 0.0011981010592232149 0.00013767337995985719 3.0934675774571778e-05 -0.0084772616268026756 -0.0058477305550193835 0.00070895197260420755 0.0023982836629045431 -0.0081771460105757796 -0.0015817607247933228 0.00010822358629581392 -0.0018454992607654756 0.0010639556919905678 6.3849245825277484e-05 -0.0031209976325275025 -1.3392156707612324e-05 -0.0024927710099424236 0.0017832562319074518 0.0034239509291235045 0.00011175933795925983 6.9512837377599872e-05 -0.0033545359837711579 -0.0012732702268629867 0.0025754464969057543 -0.00019984123542148309 0.0012191273615861724 0.0011615656760735067 0.0015220513793103624 -0.0052171616335258339 0.0013696175425199353 0.0011234126815985706 -0.00084444396009839744 0.002593262045929075 0.00037937611155269314 -0.0020655242432426209 0.0014459009765971703
leaf_weight=9517 71 26 34 24 38 54 23 24 28 20 55 29 29 24 20 23 39 26 32 25 63 35 21 37 332 16955 22380 20 6637 560 23 51 29 54 25 20 159 168 20 530 63 48995 30 168 47 32 31876 41 365 40 707 191 158 23 23 84 104 99 46 2860 244 49
leaf_count=9517 71 26 34 24 38 54 23 24 28 20 55 29 29 24 20 23 39 26 32 25 63 35 21 37 332 16955 22380 20 6637 560 23 51 29 54 25 20 159 168 20 530 63 48995 30 168 47 32 31876 41 365 40 707 191 158 23 23 84 104 99 46 2860 244 49
internal_value=-3.40325e-07 -6.05032e-05 -0.000628958 -0.00364212 -5.21868e-05 -0.000280616 -0.000935959 -0.00372068 -0.000687829 0 -0.00160638 -0.000108574 0.00131312 0.000116905 0.000623928 0 -0.00169139 0.000959895 4.00205e-05 0.00266398 -5.57941e-05 -5.35075e-05 -5.67401e-05 -0.00186487 -5.33293e-05 1.28728e-05 -0.000103032 0.00326717 2.30244e-05 1.51606e-05 -1.75046e-05 -2.72816e-05 -0.00186954 -0.000415067 -0.00332007 -0.00539717 -2.16317e-05 -0.000713581 -0.0038317 -0.000388744 -1.07543e-05 -1.74912e-05 0.000498157 0.000984359 0.000602059 0.00214735 5.15416e-05 -5.53797e-05 -0.000560034 -0.00045221 -0.000570076 0.000449631 2.75368e-06 -1.93011e-05 -0.0017431 0.000213494 0.000600682 0.000139157 8.54509e-05 0.000242694 -0.000895463 -0.00146094
internal_weight=144525 40487 575 58 39912 517 303 75 51 228 104 84 124 95 214 174 62 112 86 51 39861 39823 39760 72 39688 16976 22712 40 104038 97401 51249 50305 151 108 54 43 50154 769 71 698 49385 49058 944 327 914 79 46152 11077 1153 1112 1072 835 9924 9563 46 644 361 203 35075 3199 339 293
internal_count=144525 40487 575 58 39912 517 303 75 51 228 104 84 124 95 214 174 62 112 86 51 39861 39823 39760 72 39688 16976 22712 40 104038 97401 51249 50305 151 108 54 43 50154 769 71 698 49385 49058 944 327 914 79 46152 11077 1153 1112 1072 835 9924 9563 46 644 361 203 35075 3199 339 293
is_linear=0
shrinkage=0.05


Tree=78
num_leaves=63
num_cat=0
split_feature=12 13 0 0 0 0 0 13 13 0 13 23 13 0 0 13 0 13 2 25 21 16 24 24 23 2 24 9 25 12 21 0 18 0 21 21 22 24 25 13 22 23 0 23 12 0 13 17 22 0 13 0 12 0 0 13 21 3 13 12 12 18
split_gain=0.0741969 0.138036 0.0862744 0.0984166 0.247825 0.282683 0.191103 0.313822 0.193718 0.188937 0.186674 0.170978 0.166324 0.14353 0.111746 0.325824 0.192266 0.107098 0.0974229 0.0878465 0.133261 0.0782123 0.0775289 0.148328 0.13195 0.0849333 0.0694707 0.0599656 0.050559 0.0835209 0.126517 0.123498 0.23283 0.116014 0.182408 0.0969508 0.199067 0.0692741 0.0662001 0.0552452 0.060757 0.114474 0.197277 0.0484198 0.0858102 0.0483015 0.0614449 0.0476646 0.0474664 0.0441554 0.121575 0.04033 0.040311 0.0385631 0.219755 0.639738 0.29322 0.15027 0.0813976 0.117458 0.0952125 0.0556573
threshold=1472.5000000000002 748.76002495509886 1238.5000000000002 1089.5000000000002 1084.5000000000002 1073.5000000000002 1127.5000000000002 673.12306270159718 380.52666342038725 1217.5000000000002 1174.3343828736549 1.5196915268898012 1.8956416286545557 995.50000000000011 848.50000000000011 259.92204015330725 455.50000000000006 27.001027904328023 11.500000000000002 4.1273546218872079 4.2500000000000009 1.5000000000000002 1.2055270075798037 1.3393828868865969 1.7524306774139407 6.5000000000000009 3.6063128709793095 -0.22252093395631442 42.915185928344734 1468.5000000000002 49.821428298950202 1653.5000000000002 1.5000000000000002 331.50000000000006 54.535715103149421 0.39285714924335485 0.68333333730697643 3.3070846796035771 6.9776327610015878 27.001027904328023 27.183333396911625 1.2342761158943178 385.00000000000006 77.716670989990249 1469.5000000000002 60.500000000000007 44.002055108216133 2.5000000000000004 54.516666412353523 1333.5000000000002 161.09460132450334 1328.5000000000002 1468.5000000000002 328.50000000000006 276.50000000000006 6.0007451564828624 10.035714149475099 2.5000000000000004 3.2609225874867449 1401.5000000000002 1466.5000000000002 1.0000000180025095e-35
decision_type=2 2 2 2 2 2 2 2 2 2 2 2 2 2 2 2 2 2 2 2 2 2 2 2 2 2 2 2 2 2 2 2 2 2 2 2 2 2 2 2 2 2 2 2 2 2 2 2 2 2 2 2 2 2 2 2 2 2 2 2 2 2
left_child=1 28 3 4 5 13 7 8 11 -8 -6 -5 27 14 16 -16 -2 -15 -19 26 -21 -13 25 -24 -25 -11 -14 -7 29 53 31 35 37 34 -32 38 -37 -33 -31 52 41 42 -41 47 -45 46 -42 -43 -36 51 -51 -4 -30 54 58 56 -56 -57 59 -1 -60 -55
right_child=2 -3 49 6 10 12 9 -9 -10 22 -12 21 19 17 15 -17 -18 18 -20 20 -22 -23 23 24 -26 -27 -28 -29 39 30 33 32 -34 -35 48 36 -38 -39 -40 40 45 43 -44 44 -46 -47 -48 -49 -50 50 -52 -53 -54 61 55 57 -58 -59 60 -61 -62 -63
leaf_value=8.8839050629773419e-06 -0.00014079724243278526 0.0011736698700545384 0.00016485410781165547 0.0017074451469855972 0.0018764788670643084 0.0030008071307628973 0.00030069091746947224 -0.0015705014962512081 0.00077136818574959391 -0.00021416709904658823 8.8849412345627535e-05 -0.0015051458672433278 -0.00099417487398602874 0.0014631496421738334 -5.6281090267646858e-05 -0.0011550566437375672 0.00025852575218076397 0.00035686929194423593 -0.0008139408158680839 -0.0031350025029441946 -0.0011477529040883709 -0.0004791387183784528 -0.0049399723386883143 0.0034074709412470379 -0.00065221818775221437 0.0033949807731516336 0.0026665921735986053 -0.00013611781035310864 0.00017833387470281214 0.0012034159607612715 -0.0053185591067663185 -0.0014293410982147879 -0.0062669438352372184 -0.00026861048728260252 0.00054614250608191824 -0.0020386900702285089 -6.6420515309817418e-05 0.0010121714329565329 -0.00083366030773046693 -0.0054978432838810815 6.3018632394815712e-05 -0.00044461668108661078 0.00072153073192631465 -1.5337353581291342e-06 -0.0028740676920047947 9.3166714410369765e-05 -0.0014307320053438171 0.00051330849960122972 -0.0019780209243757704 0.00045277716000980442 -0.0004075172887656308 0.0006731892924854943 0.0006386181702607793 8.6607591415416802e-06 -0.00025820621748348974 -0.0095520241499448631 -0.0042031995424194014 -0.0035227615762986513 0.00031626792538171013 -0.00047625488377056016 -0.00029787582896071167 0.00010933369143773783
leaf_weight=6074 11080 258 1224 82 286 29 1859 624 354 40 311 220 29 197 2586 918 4137 1644 197 115 383 1480 20 20 931 25 22 26 1595 234 37 92 22 154 29 129 17390 40 45 28 149 284 21 72 44 14451 119 239 42 744 915 601 709 44873 882 22 50 27 3105 1564 784 19862
leaf_count=6074 11080 258 1224 82 286 29 1859 624 354 40 311 220 29 197 2586 918 4137 1644 197 115 383 1480 20 20 931 25 22 26 1595 234 37 92 22 154 29 129 17390 40 45 28 149 284 21 72 44 14451 119 239 42 744 915 601 709 44873 882 22 50 27 3105 1564 784 19862
internal_value=-3.07333e-07 1.84169e-05 -6.87599e-05 -9.84539e-05 -5.0277e-05 -7.85743e-05 -0.00028465 -0.000582328 -0.000291247 0 0.000953779 -0.000505176 -0.00114513 -4.72958e-05 -9.08871e-05 -0.000345597 -3.19049e-05 0.000350664 0.000228831 -0.00141239 -0.00161723 -0.000614938 -0.000541895 -0.000657073 -0.000561235 0.00110024 0.00048926 0.0014296 1.57379e-05 1.28929e-06 -9.49693e-05 -7.87477e-05 -0.00148964 -0.00118693 -0.00244866 -6.62505e-05 -8.12401e-05 -0.000651433 0.00085676 9.33288e-05 5.87815e-05 -0.000399223 -0.00273452 -0.000211924 -0.00113572 8.05319e-05 -0.000581888 0 -0.000877383 0.000165163 -1.86894e-05 0.000335024 0.000322167 2.4052e-05 -5.6154e-05 -0.00077455 -0.00047564 -0.00634555 4.55714e-06 -8.98062e-05 0.00019117 3.96266e-05
internal_weight=144525 113426 31099 27615 21960 21363 5655 2760 2136 2895 597 1782 604 20759 18721 3504 15217 2038 1841 549 498 1700 1036 971 951 65 51 55 113168 95457 18214 17952 154 262 108 17798 17519 132 279 17711 15407 688 49 639 116 14719 268 523 71 3484 1659 1825 2304 77243 12508 981 932 49 11527 7638 3889 64735
internal_count=144525 113426 31099 27615 21960 21363 5655 2760 2136 2895 597 1782 604 20759 18721 3504 15217 2038 1841 549 498 1700 1036 971 951 65 51 55 113168 95457 18214 17952 154 262 108 17798 17519 132 279 17711 15407 688 49 639 116 14719 268 523 71 3484 1659 1825 2304 77243 12508 981 932 49 11527 7638 3889 64735
is_linear=0
shrinkage=0.05


Tree=79
num_leaves=63
num_cat=0
split_feature=12 13 17 13 13 22 14 17 16 13 19 14 22 16 19 21 12 19 10 24 24 19 24 11 16 18 13 13 13 24 13 18 23 17 21 23 16 13 21 16 8 13 19 19 19 11 21 13 24 13 13 13 13 20 20 13 24 15 18 16 16 12
split_gain=0.0669247 0.124583 0.0680549 0.0737904 0.135379 0.0620711 0.141779 0.194295 0.192064 0.174118 0.357804 0.27143 0.152319 0.132014 0.182259 0.115226 0.110313 0.105091 0.103565 0.0589985 0.106303 0.105615 0.106573 0.118284 0.0556409 0.0520358 0.0588291 0.0865545 0.16914 0.0810483 0.0538508 0.0487987 0.0670448 0.0771805 0.04776 0.0699466 0.0913251 0.063461 0.0833647 0.0607517 0.0580142 0.0425748 0.150754 0.0425253 0.066714 0.0980623 0.0428975 0.0606066 0.0407021 0.104293 0.0380415 0.116496 0.0661756 0.0657441 0.0732499 0.0585278 0.242869 0.0532794 0.0556551 0.049623 0.0697216 0.0492745
threshold=1472.5000000000002 748.76002495509886 12.500000000000002 39.371154303347303 42.822368767556192 9.3499999046325701 4.2803508771929835 2.5000000000000004 11.500000000000002 5.4336336336336348 1.0000000180025095e-35 5.9127717391304353 8.9499998092651385 8.5000000000000018 1.0000000180025095e-35 5.3928570747375497 2060.0000000000005 1.0000000180025095e-35 1.0000000180025095e-35 51.772668838500984 43.82451248168946 83.500000000000014 46.708940505981452 0.25000000000000017 7.5000000000000009 17.500000000000004 886.96632710809297 550.63515248226963 496.37555774740503 401.80415344238287 1096.8329721921275 1.5000000000000002 17.87189865112305 29.500000000000004 56.964284896850593 74.173061370849624 146.50000000000003 71.713582410511705 58.178571701049812 7.5000000000000009 0.6078576107927941 48.621298933404702 4.5000000000000009 5.5000000000000009 223.50000000000003 0.93301270189221952 106.60714340209962 125.99754684759533 3.901253461837769 1.8956416286545557 48.621298933404702 42.822368767556192 64.895039146868257 2.928571462631226 33.642858505249031 73.342223741070654 193.579460144043 230.50000000000003 46.500000000000007 131.50000000000003 129.50000000000003 1408.5000000000002
decision_type=2 2 2 2 2 2 2 2 2 2 2 2 2 2 2 2 2 2 2 2 2 2 2 2 2 2 2 2 2 2 2 2 2 2 2 2 2 2 2 2 2 2 2 2 2 2 2 2 2 2 2 2 2 2 2 2 2 2 2 2 2 2
left_child=1 50 5 19 -5 6 7 13 9 10 -8 -12 17 15 -15 16 -2 -11 -17 20 -4 22 23 -22 48 31 27 28 -27 -29 -28 32 -6 -34 35 36 39 38 -36 40 -7 -40 -43 46 45 -45 -39 -48 49 -9 51 59 -52 -53 -55 56 -54 58 -56 60 61 -1
right_child=2 -3 3 4 25 34 8 24 -10 12 11 -13 -14 14 -16 18 -18 -19 -20 -21 21 -23 -24 -25 -26 26 30 29 -30 -31 -32 -33 33 -35 37 -37 -38 43 41 -41 -42 42 -44 44 -46 -47 47 -49 -50 -51 52 53 55 54 57 -57 -58 -59 -60 -61 -62 -63
leaf_value=4.7710599558003555e-05 0.00080666407784430914 0.0011150091020041507 -0.00038726449798657012 0.00079386610318480169 -0.0028144227225914017 0.00021856761572855486 0.000157314264084834 0.0016674679625276305 0.00091321530236176821 -0.0013056637262551251 -0.0082842973131194431 -0.0015699874379753521 -0.0042866635207564055 -0.0049079258632614029 0.00055049465112555105 -0.0052217151630271352 -0.00034359539482681602 0.00050354724926925413 -0.00026267546682697598 0.00048520265766673613 -0.00042142493735660807 -0.0048998012880821749 0 -0.0053207759454603739 -0.00049904846386516924 -0.00018916163900041885 0.00035970801086420242 -0.00091597629640825069 0.00060797062725803837 -0.00026198812349073738 -7.5400625240259323e-05 0.00022602660665219749 -0.0016089570113633888 -1.608636023615018e-05 -0.0035777115370892796 0.0010901360169732312 -0.0030482343449345587 0.00089395161793197645 0.0001868934219798455 0.00052207689643267517 -0.00056187968540369294 -0.0049351945429058205 -0.00032214052006337675 -0.00012540327469270723 0.00018081568779494217 -0.001509583468785872 -0.00090695474760792984 0.00037784562439018661 0.00269268826326516 -0.0017606394012734357 0.00033087067910962062 -0.0026414064383557573 -0.00015844333305170611 0.00024429068332769459 -0.00022499483068502652 9.502808918340064e-05 -0.0045084461957719908 -0.0028298899244836692 -0.0010022349832379605 0.00041544478332647969 -0.0026252294214817126 -2.2456628447596266e-05
leaf_weight=46140 317 258 1257 427 23 828 48 138 119 162 37 29 28 34 25 20 605 154 27 149 28 24 77 26 33 9876 923 728 711 1453 3072 2075 80 1657 23 255 21 283 141 1027 334 21 131 1033 1789 148 111 501 66 25 2497 34 1230 334 613 6518 33 27 392 757 25 54568
leaf_count=46140 317 258 1257 427 23 828 48 138 119 162 37 29 28 34 25 20 605 154 27 149 28 24 77 26 33 9876 923 728 711 1453 3072 2075 80 1657 23 255 21 283 141 1027 334 21 131 1033 1789 148 111 501 66 25 2497 34 1230 334 613 6518 33 27 392 757 25 54568
internal_value=-3.00164e-07 1.7481e-05 -6.53133e-05 -0.000110796 -8.58745e-05 5.47709e-05 -0.000198913 8.90003e-05 -0.00085117 -0.00132062 -0.00302776 -0.00541655 -0.00073963 -0.000216646 -0.00251342 -7.13976e-05 4.65065e-05 -0.000408261 -0.00248567 -0.000443236 -0.000544777 -0.00178884 -0.00117745 -0.00287827 0.00130696 -0.000104358 -0.000142459 -0.000194897 -0.00013515 -0.000482608 2.38813e-05 6.08799e-05 -0.000130985 -9.2415e-05 0.00012679 0.000301518 0.000208216 2.25748e-05 -0.00065688 0.000241879 -1.4871e-06 -0.000409398 -0.000995169 7.94358e-05 -9.97478e-06 -0.000303212 0.000381693 0.000136539 0.00158914 0.00111027 1.49337e-05 5.72e-06 0.000106682 -0.000447157 -0.000388693 3.40918e-05 -0.000276408 -0.000598402 -0.000533201 1.20169e-05 8.93513e-06 9.64129e-06
internal_weight=144525 113426 31099 22586 21025 8513 1867 1290 577 458 114 66 344 1028 59 969 922 316 47 1561 1412 155 131 54 262 20598 16763 12768 10587 2181 3995 3835 1760 1737 6646 2465 2210 4181 316 2189 1162 293 152 3865 2970 1181 895 612 229 163 113168 102890 10278 1400 1366 7781 1263 1032 1005 101490 100733 100708
internal_count=144525 113426 31099 22586 21025 8513 1867 1290 577 458 114 66 344 1028 59 969 922 316 47 1561 1412 155 131 54 262 20598 16763 12768 10587 2181 3995 3835 1760 1737 6646 2465 2210 4181 316 2189 1162 293 152 3865 2970 1181 895 612 229 163 113168 102890 10278 1400 1366 7781 1263 1032 1005 101490 100733 100708
is_linear=0
shrinkage=0.05


Tree=80
num_leaves=63
num_cat=0
split_feature=12 23 13 22 14 0 24 13 21 14 13 13 13 22 20 13 22 21 0 21 8 20 0 0 0 14 0 0 12 20 0 12 12 0 2 21 24 0 22 0 24 14 12 21 12 11 12 22 21 20 12 23 13 12 12 14 0 0 0 0 13 12
split_gain=0.0613163 0.0758491 0.133658 0.165185 0.270147 0.338247 0.388546 0.192092 0.155166 0.248236 0.12513 0.0962485 0.0957466 0.0947362 0.0723745 0.103492 0.446246 0.765374 0.213746 0.0791325 0.117803 0.191254 0.118147 0.0716499 0.0781279 0.0739372 0.0647447 0.0641358 0.588491 0.0940429 0.0572255 0.0975263 0.057042 0.140503 0.0588263 0.0567487 0.138238 0.119937 0.172505 0.157188 0.106995 0.0965875 0.0821865 0.11759 0.0783432 0.160769 0.249849 0.0774365 0.192972 0.0770066 0.0578329 0.0483968 0.0478489 0.0774162 0.121639 0.155566 0.0912104 0.397219 0.151718 0.0696016 0.0678539 0.123447
threshold=1465.5000000000002 1.0000000180025095e-35 3.2609225874867449 0.083333335816860213 0.18878406708595391 651.50000000000011 0.3944759219884873 0.48577212261422792 1.0357142686843874 1.6042811355311357 2.6046396683673474 0.09204280371755473 0.1075449534652571 0.25000000745058065 1.3571428656578066 0.81271878464252822 1.2833333015441897 2.0357142686843877 1238.5000000000002 1.3214285373687746 -1.0000000180025095e-35 0.21428572386503222 1754.5000000000002 1328.5000000000002 1391.5000000000002 11.516862447896932 1729.5000000000002 1742.5000000000002 1404.0000000000002 1.0000000180025095e-35 1545.5000000000002 1427.5000000000002 1470.5000000000002 97.500000000000014 4.5000000000000009 0.39285714924335485 0.6483249068260194 2043.5000000000002 0.31666667759418493 2033.5000000000002 0.6483249068260194 0.18878406708595391 1377.5000000000002 0.25000000745058065 1335.5000000000002 -0.68301270189221952 1346.5000000000002 0.58333334326744091 0.25000000745058065 0.5000000149011613 1373.0000000000002 1.1232953071594241 23.616357172843149 1425.5000000000002 1432.5000000000002 0.22068372803666922 280.50000000000006 331.50000000000006 65.500000000000014 177.50000000000003 0.29348965454379733 1411.5000000000002
decision_type=2 2 2 2 2 2 2 2 2 2 2 2 2 2 2 2 2 2 2 2 2 2 2 2 2 2 2 2 2 2 2 2 2 2 2 2 2 2 2 2 2 2 2 2 2 2 2 2 2 2 2 2 2 2 2 2 2 2 2 2 2 2
left_child=26 2 3 -2 5 -5 -7 13 9 -9 -10 -3 -13 -6 19 16 18 -18 -16 20 21 -14 -22 25 -25 -17 30 28 -28 -30 52 -32 33 -21 -34 36 37 38 39 -29 41 -37 51 -44 -42 49 -47 50 -49 -46 -39 -38 53 60 55 -55 58 -58 -56 -57 61 -1
right_child=1 11 -4 4 7 6 -8 8 10 -11 -12 12 14 -15 15 23 17 -19 -20 32 22 -23 -24 24 -26 -27 27 35 29 -31 31 -33 34 -35 -36 40 42 47 -40 -41 44 -43 43 -45 45 46 -48 48 -50 -51 -52 -53 -54 54 56 59 57 -59 -60 -61 -62 -63
leaf_value=1.1308511967088682e-05 0.0013656351110181227 0.0026677082627561514 0.00026176518197485653 -0.0095399683420833263 0 -0.0060488543395264688 0.0029603510083655964 -0.00098564226504918215 0.00075963150709309135 -0.0048302080260050791 -0.0025467937455746041 -0.0034799859594942919 -0.0022431335917878592 0.0043905866421233564 -0.0017856794334285564 -0.00016417802470981824 -0.010418676601976554 0.0011344394421782986 0.0018649362984867121 -0.0031006951421840637 0.000114839138496591 -0.00015681633441108354 0.0015979687661805996 0.00029509529062520792 -4.7350961868386222e-05 -2.5392492005258349e-05 -4.8681467065094517e-05 -0.00032339546672982333 -0.0035836328897995971 -0.0090001918116019135 0.00010034852003338175 0.0006277228119310101 0.0012998947866041249 0.00029371458595132857 0.00034235231073136819 -0.0051047690788734159 0.00067997985712127753 8.0603940082096302e-05 0.00098651596287072118 -0.0020173806872742441 0.00013687518204255557 -0.00039964496154749099 -0.0011974714452696739 0.00200911692064943 0.0014550292216101014 -0.0056317305354656524 -0.00048786181836726585 0.0012911848381013419 -0.0054084632086669098 7.03415038767616e-05 0.00068268218116396425 -0.0001606489707274442 0.00025952416802649725 0.0014586229905613651 -0.00091575994809906772 0 -0.0025522962383188455 -6.498984670774661e-05 0.00033495623765433363 -0.0013144873426028253 0.00012348668078755165 -0.00078150596864048807
leaf_weight=13594 65 33 357 21 21 25 22 163 125 59 37 20 126 24 73 11902 30 26 88 31 1038 913 156 3266 3356 50269 378 2348 21 20 4256 1116 308 1190 374 21 423 3520 235 147 1385 28 32 176 122 24 2019 20 21 619 455 274 2360 70 266 136 163 10824 2565 444 21816 509
leaf_count=13594 65 33 357 21 21 25 22 163 125 59 37 20 126 24 73 11902 30 26 88 31 1038 913 156 3266 3356 50269 378 2348 21 20 4256 1116 308 1190 374 21 423 3520 235 147 1385 28 32 176 122 24 2019 20 21 619 455 274 2360 70 266 136 163 10824 2565 444 21816 509
internal_value=-3.05754e-07 -3.20819e-05 -0.000483788 -0.000966245 -0.00128149 -0.00422461 -0.00172829 -0.000802454 -0.00117334 -0.00203162 0 -2.63418e-05 -2.76289e-05 0.00224715 -2.66118e-05 -3.88472e-05 -0.00112955 -0.00497314 0.000178571 0.000176325 -2.3461e-05 -0.000414828 0.00031292 -3.53324e-05 0.000120792 -5.20422e-05 3.30742e-05 -7.10233e-05 -0.00067985 -0.00636298 5.51695e-05 0.000210848 0.000413373 0.000203192 0.000782248 -4.91037e-05 3.15115e-05 -4.56464e-05 -0.000301891 -0.000425282 -0.000196514 -0.00252425 0.000612123 0.00149143 -0.000167896 -0.00032131 -0.000551009 0.000127302 -0.0020235 0.000305232 0.000150794 0.000342369 3.92193e-05 2.88011e-05 -6.86794e-05 -0.000737481 -3.68519e-05 -0.000102369 0.000215645 -0.00101135 6.8205e-05 -1.69562e-05
internal_weight=144525 74118 919 562 497 68 47 429 384 222 162 73199 73166 45 73146 69010 217 56 161 4136 2233 1039 1194 68793 6622 62171 70407 12288 419 41 58119 5372 1903 1221 682 11869 7651 6746 2730 2495 4218 49 905 208 4169 2784 2043 4016 41 741 3975 697 52747 50387 14468 650 13818 10987 2831 580 35919 14103
internal_count=144525 74118 919 562 497 68 47 429 384 222 162 73199 73166 45 73146 69010 217 56 161 4136 2233 1039 1194 68793 6622 62171 70407 12288 419 41 58119 5372 1903 1221 682 11869 7651 6746 2730 2495 4218 49 905 208 4169 2784 2043 4016 41 741 3975 697 52747 50387 14468 650 13818 10987 2831 580 35919 14103
is_linear=0
shrinkage=0.05


Tree=81
num_leaves=63
num_cat=0
split_feature=0 0 0 0 13 3 0 18 11 0 10 23 14 14 25 0 0 0 16 2 3 23 19 24 18 14 13 6 22 14 24 23 14 22 23 8 24 25 19 21 14 18 25 24 21 2 23 24 24 21 16 23 13 13 21 3 25 0 13 25 24 23
split_gain=0.0548875 0.222 0.0937251 0.151495 0.0981632 0.0763196 0.0681523 0.0683812 0.0680666 0.137192 0.0680446 0.0642391 0.0625599 0.21645 0.521546 0.0691446 0.0573175 0.107333 0.0760154 0.0753736 0.0722883 0.0664976 0.481697 0.0606026 0.0596885 0.0577725 0.0849784 0.0664239 0.0726774 0.0535241 0.052482 0.334659 0.0758993 0.0697832 0.0511013 0.115657 0.516448 0.0705775 0.0764555 0.0510425 0.122263 0.118776 0.102578 0.049421 0.0705796 0.0474505 0.100585 0.167207 0.276654 0.171385 0.079487 0.172655 0.0770876 0.0612582 0.213561 0.452047 0.07287 0.04565 0.153648 0.122034 0.10579 0.126831
threshold=331.50000000000006 266.50000000000006 60.500000000000007 39.500000000000007 353.76529208633787 5.5000000000000009 326.50000000000006 467.50000000000006 0.25000000000000017 320.50000000000006 -0.93301270189221919 2.6591818332672124 11.516862447896932 13.309691482226695 19.438334465026859 238.50000000000003 411.50000000000006 397.50000000000006 10.500000000000002 10.500000000000002 5.5000000000000009 34.221616744995124 141.50000000000003 5.6122412681579599 71.500000000000014 31.171463815789476 37.75916339663187 1.0000000180025095e-35 20.550000190734867 1.8920997920997922 38.150403976440437 32.365840911865241 5.522408026755854 100.11666488647462 1.5196915268898012 -0.8783796973249266 1.2055270075798037 1.4552717208862307 1.0000000180025095e-35 0.32142858207225805 4.147844565877354 4.5000000000000009 8.6575989723205584 3.7988574504852299 3.1071428060531621 4.5000000000000009 1.1232953071594241 2.9333244562149052 2.5316669940948491 1.5357142686843874 31.500000000000004 23.129552841186527 0.034279953917050694 0.11421117604490365 0.25000000745058065 2.5000000000000004 1.3571859002113345 455.50000000000006 20.434625721518334 113.35121154785158 64.229690551757827 34.946897506713874
decision_type=2 2 2 2 2 2 2 2 2 2 2 2 2 2 2 2 2 2 2 2 2 2 2 2 2 2 2 2 2 2 2 2 2 2 2 2 2 2 2 2 2 2 2 2 2 2 2 2 2 2 2 2 2 2 2 2 2 2 2 2 2 2
left_child=1 2 3 34 11 45 7 30 -9 -10 -5 12 -4 14 -14 -15 17 18 19 20 21 22 -2 -20 -22 26 27 -19 29 -29 31 32 -7 -32 35 36 -1 38 -37 -12 41 -41 -42 -21 -45 46 -3 48 49 -48 -49 -52 -47 -54 55 -55 -56 58 -18 60 -60 -62
right_child=16 5 4 10 -6 6 -8 8 9 -11 39 -13 13 15 -16 -17 57 25 23 43 24 -23 -24 -25 -26 -27 -28 28 -30 -31 33 -33 -34 -35 -36 37 -38 -39 -40 40 42 -43 -44 44 -46 52 47 50 -50 -51 51 -53 53 54 56 -57 -58 -59 59 -61 61 -63
leaf_value=0.00044181799370662908 -0.00037711024388105825 0.00070679547970279807 -3.0476637562641947e-05 0.00077281422619944592 0.00074060091139831088 0.00061868732222083772 0.0010628820575853536 -0.00014866718501592381 -0.00028838802159724053 -0.0050475509532181351 0.00034425446631217182 0.00014123630878170375 -0.0097930097758275655 0.00056942549198325582 0 -0.0010598919221286615 0.00012709631404408741 0.00054753958899985734 -0.0020252889272244817 0.00083969324366372469 0.00062215398831018973 8.5045641763261954e-05 -0.0081752189130415744 0.00033192558618218054 -0.0010501395169581239 0.0012950625646202783 -0.0026626304769677813 -0.0013209148564911539 -0.0029933818349284508 0.00074232631874045067 0.001476733905682462 -0.0061043117364195229 -0.00070998665461081967 9.2875890111221622e-05 0.00030810882181135342 0.00011168230148921657 -0.0066269783022180799 0.0010020180783928132 -0.0012432516384794595 -0.00098594608622477745 0.00035144083616324982 -0.0036641753546807795 -0.00054247106329205204 -0.0020570932905066685 0.0001975949555148183 -0.0033393135876898768 -0.0022518583957673271 0.00010644679909422013 -0.0072813684054566499 0.0019323749221926909 -0.0032442818391627917 -0.00032258662710523219 0.00065519443162102148 0.00037391767303667704 0.0010873649379429225 -0.0076841211570816128 -0.00042702327239684668 1.286623255551183e-05 -0.00041509372739742415 -1.7936063715487837e-05 -0.0053361267918276027 -0.0011866837125956565
leaf_weight=87 1815 292 4780 114 562 260 158 118 42 26 177 9819 21 149 38 114 2419 1346 27 306 384 763 20 1963 60 204 22 51 25 81 134 23 182 312 1541 457 36 158 133 261 384 52 1787 37 519 23 80 1274 21 34 53 1341 127 37 79 31 4389 102547 805 964 20 441
leaf_count=87 1815 292 4780 114 562 260 158 118 42 26 177 9819 21 149 38 114 2419 1346 27 306 384 763 20 1963 60 204 22 51 25 81 134 23 182 312 1541 457 36 158 133 261 384 52 1787 37 519 23 80 1274 21 34 53 1341 127 37 79 31 4389 102547 805 964 20 441
internal_value=-2.94914e-07 -6.09074e-05 2.92486e-05 -0.000154341 9.1077e-05 -0.000267692 9.10213e-05 -4.44817e-05 -0.000921224 -0.00218623 -0.000406706 6.62728e-05 -7.70174e-05 -0.000752155 -0.00348962 -0.000117949 1.53433e-05 0.000147844 4.52895e-05 -8.1908e-05 -0.000199882 -0.000301727 -0.000465269 0.000297331 0.000384724 0.00049453 0.000384086 0.000432182 -0.000524697 -1.73814e-05 0.000129118 -0.00023517 6.02398e-05 0.0005201 0.000133936 -0.000168476 -0.00159018 5.88053e-05 -0.000185438 -0.000459144 -0.000518415 -0.00144789 -0.000382047 0.000328597 3.82186e-05 -0.000326192 -0.000171539 -0.000264844 -0.00198458 -0.000959508 -0.000175881 -0.000437481 -0.000427264 -0.000411757 -0.000442746 -0.00323207 -0.000399104 5.87397e-06 -0.000147282 -0.000447149 -0.000769998 -0.00137866
internal_weight=144525 29706 20670 5187 15483 9036 1255 1097 186 68 2775 14921 5102 322 59 263 114819 7623 5894 3904 3042 2598 1835 1990 444 1729 1525 1503 157 132 911 465 442 446 2412 871 123 748 590 2661 2484 313 2171 862 556 7781 3095 2803 135 114 2668 1394 4686 4663 4536 68 4468 107196 4649 2230 1266 461
internal_count=144525 29706 20670 5187 15483 9036 1255 1097 186 68 2775 14921 5102 322 59 263 114819 7623 5894 3904 3042 2598 1835 1990 444 1729 1525 1503 157 132 911 465 442 446 2412 871 123 748 590 2661 2484 313 2171 862 556 7781 3095 2803 135 114 2668 1394 4686 4663 4536 68 4468 107196 4649 2230 1266 461
is_linear=0
shrinkage=0.05


Tree=82
num_leaves=63
num_cat=0
split_feature=12 13 17 14 23 23 20 23 15 21 21 17 9 23 25 13 13 17 25 22 22 16 25 11 16 15 16 21 14 25 14 17 8 14 22 25 17 14 25 21 23 16 25 11 21 23 16 3 23 15 22 20 15 15 25 12 13 22 13 22 17 25
split_gain=0.0549846 0.112744 0.0607241 0.0688321 0.109588 0.187931 0.0924224 0.0741545 0.0682329 0.0707817 0.158753 0.102127 0.0724263 0.0988493 0.0556301 0.105057 0.0777101 0.0782005 0.0635188 0.0542416 0.133461 0.187773 0.122304 0.167697 0.347904 0.133942 0.0832845 0.123364 0.102352 0.345894 0.300702 0.196478 0.0808415 0.0692388 0.0686172 0.0622072 0.132538 0.0493903 0.0443169 0.0421786 0.06364 0.0823545 0.0600848 0.063543 0.0753364 0.19237 0.055372 0.0751783 0.0491348 0.0785185 0.0484825 0.0950683 0.0471866 0.0447743 0.041768 0.0663612 0.134725 0.133944 0.124746 0.114686 0.460247 0.137088
threshold=1472.5000000000002 748.76002495509886 12.500000000000002 19.095817545904989 11.129112243652346 11.899379730224611 10.214285850524904 1.2342761158943178 23.500000000000004 44.892856597900398 46.678571701049812 57.500000000000007 -0.56174490092936669 45.917110443115241 113.35121154785158 161.09460132450334 104.26171476788913 37.500000000000007 212.49812316894534 9.3499999046325701 5.9500000476837167 11.500000000000002 21.916561126708988 0.25000000000000017 1.0000000180025095e-35 1.5000000000000002 8.5000000000000018 5.9642856121063241 4.5847605224963717 5.5865705013275155 5.9127717391304353 2.5000000000000004 -0.8783796973249266 10.742833742833744 3.8833333253860478 5.5865705013275155 1.5000000000000002 137.57549191505944 5.7398085594177255 56.964284896850593 74.173061370849624 146.50000000000003 101.68946838378908 0.93301270189221952 163.17856597900393 174.81398773193362 7.5000000000000009 2.5000000000000004 134.49092864990237 6.5000000000000009 107.51666641235353 40.928571701049812 63.500000000000007 657.50000000000011 42.915185928344734 1471.5000000000002 1.9518080787228189 53.183334350585945 2.2279136167210516 1.1499999761581423 1.0000000180025095e-35 1.0048722028732302
decision_type=2 2 2 2 2 2 2 2 2 2 2 2 2 2 2 2 2 2 2 2 2 2 2 2 2 2 2 2 2 2 2 2 2 2 2 2 2 2 2 2 2 2 2 2 2 2 2 2 2 2 2 2 2 2 2 2 2 2 2 2 2 2
left_child=1 54 19 4 38 -6 -7 -5 9 12 11 -11 13 -9 16 -16 17 -10 -17 20 26 22 23 25 -25 -22 28 35 31 30 -30 32 -2 -31 -33 36 -28 -18 -4 40 41 46 48 50 45 -45 47 -21 49 -41 -44 -52 -51 -46 55 -1 59 58 -58 61 -61 -57
right_child=2 -3 3 7 5 6 -8 8 14 10 -12 -13 -14 -15 15 18 37 -19 -20 39 21 -23 -24 24 -26 -27 27 -29 29 33 -32 34 -34 -35 -36 -37 -38 -39 -40 42 -42 -43 43 44 53 -47 -48 -49 -50 52 51 -53 -54 -55 -56 56 57 -59 -60 60 -62 -63
leaf_value=9.4676288085984687e-06 0.0012813362990797086 0.0010599063318764187 -0.0015047229382717708 -0.002866109455085487 -0.0055563832314866612 -0.0033347602796749451 -0.00054617241973067203 0.00042227231318069878 -0.00064915291713046755 -0.00030179286546919539 5.0778107209000447e-05 -0.0049572550074350784 0.00092042469402888382 -0.0021149859177931707 0.00037698325821460048 -0.00038798572821134613 -0.00081245269216717218 -2.1265212793006516e-05 -6.815901137534203e-05 -0.00046553638652958976 -0.0032536969530274685 0.00089558703614282288 0.0010614972443204146 -0.0013398003305079833 -0.007207254362218943 0.00020781425313691257 -0.0054278791012657042 0.0016022774394376755 -0.0088618603058799889 0.0010185845896335324 -0.00095261530300905543 0.0011904731114973761 -0.00016422498254410937 -0.0018321651317289821 0.0035754649028962391 -0.00036659936625691738 -0.00056154010802435532 -0.00018717662017416723 0.00037288262679699641 0.00070622919138906633 0.0010381770187598059 -0.0028949239128903746 0.00078376179888344985 0.00012484332352808512 0.00047864583030026564 -0.0032049441031051654 0.0004962595347011992 0.00034540435178687822 -0.0022359110784711442 -0.0012356951085697328 -0.0032842563113095746 0.00015831604836573463 -0.00024570111493386714 -0.00099693508881080898 8.392504683554924e-05 -0.0019421086378894139 0.0016757277096833144 -0.0020809300145154578 -0.00011841036920525892 8.063631120078135e-06 -0.0084332458614612901 0.00056327663348672372
leaf_weight=91072 109 258 36 24 24 35 256 149 613 26 3324 26 461 51 1175 1847 894 2693 10201 506 39 91 33 73 41 90 30 29 22 102 30 188 852 26 40 41 31 525 226 160 255 21 324 100 195 73 1027 656 34 173 20 2574 459 69 17711 106 99 85 3920 42 25 108
leaf_count=91072 109 258 36 24 24 35 256 149 613 26 3324 26 461 51 1175 1847 894 2693 10201 506 39 91 33 73 41 90 30 29 22 102 30 188 852 26 40 41 31 525 226 160 255 21 324 100 195 73 1027 656 34 173 20 2574 459 69 17711 106 99 85 3920 42 25 108
internal_value=-2.84208e-07 1.58297e-05 -5.92163e-05 -0.000102187 -0.000642602 -0.00127208 -0.000899776 -8.77895e-05 -8.45161e-05 0.000100523 6.37729e-06 -0.00273054 0.00057373 -0.000200475 -0.000126415 -7.32772e-05 -0.000274061 -0.000139217 -0.000117607 5.42035e-05 -0.000182847 -0.00103767 -0.00169329 -0.00208825 -0.00349831 -0.000801669 2.30218e-05 -0.00117684 0.000141567 -0.000962481 -0.00440539 0.000312978 0 0.000399516 0.0016322 -0.00201675 -0.00304162 -0.000584667 9.53387e-05 0.00012155 0.00028578 0.000196659 2.35246e-05 0.000118696 -0.00043992 -0.00125237 0.000228733 -3.43186e-06 -0.000356951 -0.000269704 0.00020408 0.00012972 -0.000524759 7.3819e-05 1.34043e-05 2.67464e-07 -0.000189666 -0.000115787 -7.29307e-05 -0.00125045 -0.00307504 -0.000654682
internal_weight=144525 113426 31099 22586 577 315 291 22009 21985 4037 3376 52 661 200 17948 13223 4725 3306 12048 8513 1867 367 276 243 114 129 1500 131 1369 180 52 1189 961 128 228 102 61 1419 262 6646 2465 2210 4181 3355 437 173 2189 1162 826 792 2918 2594 632 264 113168 95457 4385 4104 4019 281 67 214
internal_count=144525 113426 31099 22586 577 315 291 22009 21985 4037 3376 52 661 200 17948 13223 4725 3306 12048 8513 1867 367 276 243 114 129 1500 131 1369 180 52 1189 961 128 228 102 61 1419 262 6646 2465 2210 4181 3355 437 173 2189 1162 826 792 2918 2594 632 264 113168 95457 4385 4104 4019 281 67 214
is_linear=0
shrinkage=0.05


Tree=83
num_leaves=63
num_cat=0
split_feature=0 0 0 0 13 3 0 0 13 24 24 13 20 24 23 10 23 13 10 0 0 6 24 22 14 13 16 2 3 23 24 20 20 0 25 25 0 14 0 3 0 24 20 24 9 25 13 14 13 24 24 19 24 25 23 22 10 13 13 11 0 0
split_gain=0.0485061 0.201178 0.0815753 0.133274 0.0882525 0.0684956 0.0638954 0.0815083 0.0944772 0.110071 0.0745571 0.0637384 0.0621509 0.0957022 0.255366 0.0618718 0.0527131 0.0703107 0.0518453 0.0507221 0.0642044 0.106304 0.070417 0.290199 0.0930403 0.144679 0.0682951 0.0681286 0.0651214 0.0616695 0.109435 0.0596912 0.0564947 0.0548032 0.130146 0.13848 0.100624 0.0918413 0.083001 0.0811303 0.0904024 0.197975 0.0695601 0.135536 0.0745185 0.0678793 0.0626963 0.0581787 0.0898758 0.0554684 0.0547036 0.0530335 0.0485656 0.0471018 0.0468116 0.159003 0.173151 0.0786418 0.0464332 0.079447 0.0808077 0.116756
threshold=331.50000000000006 266.50000000000006 60.500000000000007 39.500000000000007 353.76529208633787 5.5000000000000009 93.500000000000014 202.50000000000003 33.630190872809308 33.209003448486335 97.096546173095717 0.17328655817043084 220.3571472167969 38.150403976440437 33.624679565429695 -0.93301270189221919 1.5885795354843142 6.1354784128727191 -0.6830127018922193 416.50000000000006 397.50000000000006 1.0000000180025095e-35 34.477018356323249 12.583333492279055 1.8920997920997922 1.6170549420953408 10.500000000000002 10.500000000000002 5.5000000000000009 14.580646038055422 5.0676736831665048 2.3571429252624516 2.7857142686843877 455.50000000000006 49.534528732299812 113.35121154785158 433.50000000000006 48.648204736440043 433.50000000000006 3.5000000000000004 442.50000000000006 1.0324271321296694 0.35714286565780645 2.0728473663330083 -0.56174490092936669 1.5656141638755801 57.42212993923706 2.7486842105263163 0.48577212261422792 5.4744660854339608 5.6122412681579599 62.500000000000007 78.395465850830092 91.555351257324233 0.92546257376670849 4.3833334445953378 0.93301270189221952 9.4906774358023558 0.012358406516482118 1.0000000180025095e-35 1999.5000000000002 1929.5000000000002
decision_type=2 2 2 2 2 2 2 2 2 2 2 2 2 2 2 2 2 2 2 2 2 2 2 2 2 2 2 2 2 2 2 2 2 2 2 2 2 2 2 2 2 2 2 2 2 2 2 2 2 2 2 2 2 2 2 2 2 2 2 2 2 2
left_child=1 2 3 -1 6 -3 -4 8 11 -10 -9 -8 13 14 16 -5 -7 -18 -15 20 26 53 23 24 25 -23 27 28 29 30 -2 -29 -33 34 38 37 -37 -36 42 40 41 -40 43 44 -21 -44 -39 48 -41 -49 -28 -31 -48 -22 -17 56 -56 -57 59 60 61 -35
right_child=19 5 4 15 -6 12 7 10 9 -11 -12 -13 -14 18 -16 54 17 -19 -20 33 21 22 -24 -25 -26 -27 50 31 -30 51 -32 32 -34 58 35 36 -38 46 39 47 -42 -43 45 -45 -46 -47 52 49 -50 -51 -52 -53 -54 -55 55 57 -58 -59 -60 -61 -62 -63
leaf_value=0.00012759553489832519 -0.00016686237686219709 -0.00030954759316002568 0.00024804170040322929 0.0007448588217649749 0.00070214634551802333 0.00098898676137236887 -0.00057679564314364442 0.00020175945926076516 -0.0046976098045152384 -0.00069443288152984351 -0.00037507767626907934 -3.8746077573689319e-05 -0.00045200690328077989 -0.00057239215459912985 -0.0046729871652151462 0.00020351519410413164 -0.0009481375964214766 0.00047210114854992729 0.0011535496275115356 -0.0013739324149599573 0.00054725568875347121 0.00031805724566791506 0.00045500954515729196 -0.005876083138027623 0.00083677007676392586 -0.0045683327614699067 -0.0019251445260215069 0.00077829553188560688 0.00036334238705679168 0.0002185324239851393 -0.0010533547834817342 -0.002117588920099511 8.1677668601902017e-05 -0.0010618697025011439 -0.0039323487310131506 -0.0005816725891583266 0.00066096649137538073 0.00049645897686540722 0 -0.00010833440410737575 -0.00013853482110939459 -0.0027293846933621677 0.0018847167792194941 -0.0040989231066967937 0.00069522499604023806 0.00043100060336445016 -0.0006989238428452741 -0.0024678257850651768 0.0016193750159357878 -1.9561992364903913e-05 0.00031339376006969764 -0.00057853733447153083 -0.00158363059946829 -0.00010154464712310468 -0.0012236812550775805 0.000222874728613637 -0.0056207846125794778 -0.00051406264311517681 1.4517125596566394e-05 0.00021020813749462417 -3.5677528883309927e-05 -0.0046073144591069993
leaf_weight=2412 980 7781 3546 114 562 135 624 5097 23 85 624 4922 371 46 29 253 160 187 327 64 1945 32 92 28 78 26 27 382 444 778 555 31 449 135 26 343 310 73 137 146 494 126 94 22 135 716 515 26 145 244 1963 285 249 312 216 448 26 1718 102013 238 131 30
leaf_count=2412 980 7781 3546 114 562 135 624 5097 23 85 624 4922 371 46 29 253 160 187 327 64 1945 32 92 28 78 26 27 382 444 778 555 31 449 135 26 343 310 73 137 146 494 126 94 22 135 716 515 26 145 244 1963 285 249 312 216 448 26 1718 102013 238 131 30
internal_value=-2.85909e-07 -5.72681e-05 2.8546e-05 -0.000142702 8.62397e-05 -0.000254121 6.27019e-05 4.48356e-06 -0.000129694 -0.00159677 0.000137963 -0.000100195 8.55394e-05 0.00031682 -0.000119034 -0.00037944 0.0001455 -0.000168443 0.000927201 1.4413e-05 0.000132668 0.000344551 -0.000612588 -0.00124186 -0.000247407 -0.00179043 4.1476e-05 -7.90422e-05 -0.000191249 -0.000287964 -0.000490691 0.000311114 -5.03553e-05 5.02326e-06 -0.00017972 -0.000541156 6.03037e-07 -0.000956831 5.14291e-05 -0.000208974 -0.000548682 -0.00129972 0.000389158 -0.000383222 4.29849e-06 0.000606087 -0.00085797 0.000240525 0.000735636 -0.000274659 0.000280414 9.32039e-08 -0.000993977 0.000455352 -0.000429511 -0.000498103 -0.00171888 -0.000359328 1.20352e-05 -0.00045266 -0.00100242 -0.00173918
internal_weight=144525 29706 20670 5187 15483 9036 14921 11375 5654 108 5721 5546 1255 884 511 2775 482 347 373 114819 8407 2513 256 164 136 58 5894 3904 3042 2598 1535 862 480 106412 3865 1516 653 863 2349 1318 757 263 1031 221 199 810 837 561 291 270 1990 1063 764 2257 2661 2408 242 2166 102547 534 296 165
internal_count=144525 29706 20670 5187 15483 9036 14921 11375 5654 108 5721 5546 1255 884 511 2775 482 347 373 114819 8407 2513 256 164 136 58 5894 3904 3042 2598 1535 862 480 106412 3865 1516 653 863 2349 1318 757 263 1031 221 199 810 837 561 291 270 1990 1063 764 2257 2661 2408 242 2166 102547 534 296 165
is_linear=0
shrinkage=0.05


Tree=84
num_leaves=63
num_cat=0
split_feature=12 25 13 12 25 0 12 21 20 10 0 21 21 18 25 25 0 25 21 11 3 20 0 12 13 0 18 0 25 3 12 23 20 13 25 21 23 11 13 13 23 23 3 2 0 0 16 16 16 11 18 18 23 12 11 0 21 0 0 12 13 0
split_gain=0.0474451 0.0970031 0.127773 0.587538 0.570259 0.408294 0.156644 0.129474 0.124395 0.335883 0.2169 0.168383 0.199483 0.132313 0.12353 0.156149 0.123098 0.0978783 0.0864473 0.0861998 0.0714446 0.0699803 0.068543 0.0695041 0.0985216 0.132257 0.0964114 0.286353 0.614851 0.514061 0.130904 0.12101 0.115908 0.115336 0.0754249 0.12173 0.12092 0.0732678 0.0669352 0.113554 0.0945791 0.168275 0.0770113 0.0773411 0.06525 0.120859 0.0646022 0.218199 0.0980728 0.0642907 0.0640327 0.0624885 0.060819 0.0546723 0.0738743 0.130509 0.0669564 0.0544042 0.102143 0.0788245 0.0878817 0.0642149
threshold=1463.5000000000002 0.2794183492660523 0.81271878464252822 1464.5000000000002 1.3571859002113345 1349.5000000000002 1465.5000000000002 0.17857143282890323 1.0000000180025095e-35 -0.5 651.50000000000011 1.1785714626312258 1.964285731315613 2.5000000000000004 1.5656141638755801 1.7546324729919436 340.50000000000006 1.7546324729919436 1.0000000180025095e-35 -0.24999999999999994 5.5000000000000009 0.6428571641445161 1729.5000000000002 1189.0000000000002 0.072695816294432225 1812.0000000000002 1.0000000180025095e-35 1742.5000000000002 0.62743628025054943 1.5000000000000002 1437.5000000000002 0.55593636631965648 0.5000000149011613 0.09204280371755473 1.1950566768646242 1.6785714626312258 0.80164620280265819 -0.9330127018922193 4.8369573677601476 2.2279136167210516 5.4707007408142099 5.0849897861480722 3.5000000000000004 5.5000000000000009 331.50000000000006 238.50000000000003 31.500000000000004 38.500000000000007 14.500000000000002 0.6830127018922193 3.5000000000000004 15.500000000000002 1.5885795354843142 1100.0000000000002 -0.9330127018922193 1921.5000000000002 0.53571429848670971 492.50000000000006 515.50000000000011 1075.5000000000002 0.81271878464252822 455.50000000000006
decision_type=2 2 2 2 2 2 2 2 2 2 2 2 2 2 2 2 2 2 2 2 2 2 2 2 2 2 2 2 2 2 2 2 2 2 2 2 2 2 2 2 2 2 2 2 2 2 2 2 2 2 2 2 2 2 2 2 2 2 2 2 2 2
left_child=22 -2 3 4 -3 -6 7 19 9 10 -8 13 -13 -10 52 -16 -11 18 -4 -5 50 -22 57 53 25 -25 27 28 29 -26 33 37 -32 -29 36 -36 -33 -28 39 40 41 -19 44 51 45 -40 48 -48 -41 -42 -20 -44 -9 -24 55 -55 -57 61 59 -59 -61 -1
right_child=1 2 17 6 5 -7 8 14 11 16 -12 12 -14 -15 15 -17 -18 38 20 -21 21 -23 23 24 26 -27 31 30 -30 -31 32 34 -34 -35 35 -37 -38 -39 42 46 49 -43 43 -45 -46 -47 47 -49 -50 -51 -52 -53 -54 54 -56 56 -58 58 -60 60 -62 -63
leaf_value=4.7462718720081957e-07 0.0014431313668061166 0 -0.0024368495471331466 -0.0030925503412603961 -0.012871100440014542 -0.0038642360580729536 -0.0085844539013146381 0.0022340805714063561 -0.00013956090801664183 -0.0036429036924720323 -0.0019222886459375932 -0.0022225894797583351 0.0013660307793068301 0.002141474291857294 -0.0037115284891064424 0.0010333113048686998 0.00033642366984867206 1.8150201897505215e-05 0.0011335257487756244 0.00036729744988960576 -0.002117716025589677 0.00040662239387341531 -2.5950657886403961e-05 -0.0024847242531591449 0 0.0012509865440678946 -0.0017816064323152977 -0.0020388969730730003 0.0012394274980442165 -0.0091559814006225339 0.0015279162814474014 -0.00073841837383398332 -0.00016033169258515055 -0.00038182619015181859 -0.0010228858221558268 2.1466177775637687e-05 0.0016788475524455106 0.001194923555580589 2.6918272206202191e-05 -0.00036238444542290553 0.00020367233349923345 -0.0019523974071618316 0.00023039267637547792 -3.0581911381810973e-05 -1.6736180340926763e-05 -0.000327371265419748 -0.0050632355478672231 0.00099964207821290319 0.00044700832336003996 0.0012466368017213527 -0.00086152225850634912 2.993054699166716e-05 -0.00011665337848281519 -0.0036177791098126535 0.00055192872079777892 0.00092062878013241748 -0.0023365109982849352 0.00013320045056013714 7.9160026298549487e-05 0.0023177542592553438 0.00055442736909879734 -0.00048475628440126055
leaf_weight=14647 112 46 22 32 22 35 24 172 952 23 30 186 47 68 25 54 115 2480 472 36 39 86 5747 26 24 202 21 111 51 44 165 82 253 2663 393 931 131 273 4378 4356 404 113 7781 14388 30171 5282 29 28 404 247 41 7899 28 30 836 70 20 296 35859 127 182 714
leaf_count=14647 112 46 22 32 22 35 24 172 952 23 30 186 47 68 25 54 115 2480 472 36 39 86 5747 26 24 202 21 111 51 44 165 82 253 2663 393 931 131 273 4378 4356 404 113 7781 14388 30171 5282 29 28 404 247 41 7899 28 30 836 70 20 296 35859 127 182 714
internal_value=-2.8453e-07 -2.58221e-05 -2.79294e-05 -0.000433741 -0.00410689 -0.00744459 -0.000219609 0.00072872 -0.000450834 -0.00164068 -0.00498607 -0.000264405 -0.00147698 7.80165e-06 0.00121444 -0.000407803 -0.00029275 -1.80839e-05 0.000587914 -0.0011896 0.000700418 -0.000342066 3.18608e-05 -7.52533e-05 -0.000209408 0.000802162 -0.000255249 -0.000416364 -0.00282904 -0.00595115 -0.000324765 3.33708e-05 0.000494329 -0.000450006 -0.000141589 -0.000284804 0.000724884 0.00096478 -2.32791e-05 -0.000159736 6.76755e-05 -6.58678e-05 -7.47061e-06 5.28506e-05 -5.3132e-05 -0.000166288 -0.000313923 -0.00200088 -0.00029263 0.0006072 0.000964196 0.000129727 0.0018801 3.14785e-05 0.000381911 -0.000760391 0.000139536 5.69103e-05 9.01872e-05 0.000735397 0.00129585 -2.17571e-05
internal_weight=144525 80627 80515 1895 103 57 1792 347 1445 192 54 1253 233 1020 279 79 138 78620 660 68 638 125 63898 12073 5370 228 5142 3311 119 68 3192 1831 418 2774 1537 1324 213 294 77960 8061 3244 2593 69899 30068 39831 9660 4817 57 4760 651 513 15680 200 6703 956 120 90 51825 36464 605 309 15361
internal_count=144525 80627 80515 1895 103 57 1792 347 1445 192 54 1253 233 1020 279 79 138 78620 660 68 638 125 63898 12073 5370 228 5142 3311 119 68 3192 1831 418 2774 1537 1324 213 294 77960 8061 3244 2593 69899 30068 39831 9660 4817 57 4760 651 513 15680 200 6703 956 120 90 51825 36464 605 309 15361
is_linear=0
shrinkage=0.05


Tree=85
num_leaves=63
num_cat=0
split_feature=12 25 18 14 13 21 25 20 24 18 14 22 18 21 25 25 18 2 13 13 18 22 22 18 13 15 18 13 13 21 15 2 21 8 24 21 13 23 13 22 23 15 25 24 15 9 15 18 14 12 8 12 12 13 8 9 2 13 14 12 13 13
split_gain=0.0438416 0.102017 0.0541181 0.0892817 0.131564 0.0981026 0.228657 0.0998942 0.206217 0.0612412 0.0848197 0.381238 0.0805244 0.052248 0.0973621 0.0926907 0.111898 0.119361 0.169066 0.0916021 0.125791 0.109671 0.0888506 0.0567773 0.0550631 0.0587836 0.121975 0.058082 0.0519712 0.0507775 0.0504447 0.048846 0.0411841 0.295388 0.188938 0.0955303 0.140136 0.120323 0.0938682 0.0929092 0.0401346 0.0371707 0.0346078 0.0530286 0.0379215 0.0758712 0.0373369 0.0345109 0.0338733 0.0842328 0.133051 0.171897 0.243444 0.321447 0.144838 0.185163 0.0565652 0.0473066 0.0413654 0.141726 0.189803 0.0877196
threshold=1472.5000000000002 430.37222290039068 10.500000000000002 22.048199767711967 32.090363027915451 3.6785713434219365 6.2518503665924081 10.214285850524904 16.461827278137211 4.5000000000000009 4.5847605224963717 4.2500000000000009 7.5000000000000009 64.821426391601577 113.35121154785158 70.021434783935561 159.50000000000003 4.5000000000000009 69.586901897888282 161.09460132450334 145.50000000000003 205.01667022705081 111.35000228881837 59.500000000000007 104.26171476788913 2.5000000000000004 206.50000000000003 153.59809199758811 84.127614401228726 16.535714149475101 22.500000000000004 6.5000000000000009 0.25000000745058065 1.0000000180025095e-35 0.52669849991798412 0.32142858207225805 0.40050578402894571 0.43295724689960485 0.53867423167169137 0.35000000894069677 1.8961009383201601 1.0000000180025095e-35 8.9422478675842303 6.5952446460723886 1.0000000180025095e-35 -0.56174490092936669 4.5000000000000009 12.500000000000002 0.014389233954451347 744.50000000000011 0.6078576107927941 914.00000000000011 1055.5000000000002 0.03054212465602214 1.0000000180025095e-35 1.0000000180025095e-35 1.5000000000000002 0.026721807579183601 0.033520599250936332 1082.5000000000002 0.022807495572261926 0.082487113402061871
decision_type=2 2 2 2 2 2 2 2 2 2 2 2 2 2 2 2 2 2 2 2 2 2 2 2 2 2 2 2 2 2 2 2 2 2 2 2 2 2 2 2 2 2 2 2 2 2 2 2 2 2 2 2 2 2 2 2 2 2 2 2 2 2
left_child=1 48 9 4 5 -4 -7 8 -8 32 12 -12 -11 15 24 16 29 18 -18 20 21 -16 -21 -24 25 26 -15 30 -27 -5 -26 -14 33 34 -2 -34 -37 38 -38 -39 -17 -9 43 -13 45 -44 -46 -31 49 -1 51 54 -53 -54 55 -51 -52 -58 59 -50 -61 -62
right_child=2 -3 3 13 -6 6 7 41 -10 10 11 42 31 14 19 40 17 -19 -20 22 -22 -23 23 -25 27 28 -28 -29 -30 47 -32 -33 35 -35 -36 36 37 39 -40 -41 -42 -43 44 -45 46 -47 -48 -49 58 50 56 52 53 -55 -56 -57 57 -59 -60 60 61 -63
leaf_value=-3.8163999495324437e-05 0.0035058371576387713 0.00058003664361538356 0.0013105636982506392 0.0013030654347635552 -0.0037260946318446696 -0.0055706377266160336 -0.00066822047576500147 0.00093708963426940089 -0.004936686799215574 0.0024828505634464826 -0.0066019659460984413 -0.00014205899493077693 0.0014262448990935755 -0.00052450773854187827 -8.303580047817026e-05 -0.0012958735594676811 -0.0010083281314111599 0.00026580035727912145 -0.0065075099645224626 -0.0030701786877060551 0.00063267504749528361 -0.0028060620290080917 0.00035926334950267292 -0.00010990430309135626 1.8866624462486985e-05 -0.00018816140149678493 -0.0046982485565834151 -5.7530585670381285e-05 0.00053788281349992047 -0.0016438396759540078 -0.00088054186385609504 -0.0016672185950630432 0.0028167873989184238 -0.0049220099546177735 -0.0024764621511137032 -0.0037354158111421233 0.0045991936947810319 -0.0033271345146600666 0.00068146087897488967 -3.2978756641299747e-06 0.00089896064387065826 -0.0002541298819719361 -0.0034377170350768631 0.0028089437637849549 0.0010077606048511688 7.1980118072894275e-05 0.00021596296892534419 5.8293129952987206e-05 6.1570617810027822e-05 0.00099661112558151275 0.0030395813110233537 0.0024226681634012519 -0.0043885588831878986 0.00033719644351520238 -0.0061400914076729452 -0.0035531158249652119 -0.0015640589450181966 0.00084086170048076772 9.760308480082007e-06 0.0058054309152949478 0.0012834318538429311 -0.00072552273712161823
leaf_weight=2183 33 791 68 82 33 23 195 80 34 85 20 22 27 178 544 20 46 50 22 25 1048 40 674 13020 172 1408 20 441 297 30 996 24 30 32 21 25 24 21 53 6996 425 353 20 34 182 55 1011 2060 2043 34 20 54 58 90 27 58 29 67 107636 21 249 66
leaf_count=2183 33 791 68 82 33 23 195 80 34 85 20 22 27 178 544 20 46 50 22 25 1048 40 674 13020 172 1408 20 441 297 30 996 24 30 32 21 25 24 21 53 6996 425 353 20 34 182 55 1011 2060 2043 34 20 54 58 90 27 58 29 67 107636 21 249 66
internal_value=-2.72058e-07 1.41129e-05 -5.28985e-05 -9.41345e-05 -0.000618432 -0.000475124 -0.000659853 -0.000480869 -0.00132567 5.244e-05 0.00034555 0.000220733 0.00154123 -7.48198e-05 -0.000104579 0.000128591 0 -0.00149859 -0.00286784 -4.98624e-05 0.000303538 -0.000278553 -9.2269e-05 -8.64449e-05 -0.000342312 -0.000156584 -0.000973496 -0.000558845 -5.87327e-05 8.17604e-05 -0.000743824 0 -6.83183e-06 -0.00109415 0.00108669 5.56401e-06 -5.61976e-06 6.8721e-06 0.0019718 -1.4005e-05 0.000788814 -2.23329e-05 0.000328062 0.00156231 0.000269491 -0.000800693 0.000341022 3.13909e-05 1.00937e-05 -0.000167432 -0.000801584 -0.00133097 -0.000413298 -0.00148274 -0.00284507 -0.00181815 0.000620183 6.14746e-05 1.43671e-05 0.000220687 0.00117299 0.000846543
internal_weight=144525 113426 31099 22384 786 753 685 662 229 8715 1480 1344 136 21598 18863 2735 2290 118 68 15351 1632 584 13719 13694 3512 1903 198 1609 1705 2172 1168 51 7235 86 54 7149 7119 7094 77 7017 445 433 1324 56 1268 75 1193 2090 112635 2620 437 321 202 148 119 92 116 96 110015 2379 336 315
internal_count=144525 113426 31099 22384 786 753 685 662 229 8715 1480 1344 136 21598 18863 2735 2290 118 68 15351 1632 584 13719 13694 3512 1903 198 1609 1705 2172 1168 51 7235 86 54 7149 7119 7094 77 7017 445 433 1324 56 1268 75 1193 2090 112635 2620 437 321 202 148 119 92 116 96 110015 2379 336 315
is_linear=0
shrinkage=0.05


Tree=86
num_leaves=63
num_cat=0
split_feature=3 0 0 25 17 22 24 23 25 23 20 19 17 2 0 25 14 25 25 0 8 20 10 0 10 8 17 0 16 14 14 2 17 22 20 25 17 22 25 0 0 9 20 22 25 11 25 23 0 3 0 0 3 25 24 0 16 22 14 25 14 17
split_gain=0.0416781 0.102596 0.109735 0.130316 0.437208 0.228842 0.32294 0.312608 0.111691 0.0891752 0.136078 0.17836 0.192772 0.0640139 0.0995878 0.0939684 0.0646087 0.0591725 0.0726161 0.0541792 0.058237 0.123068 0.4862 0.0523322 0.0561646 0.125766 0.109882 0.0514595 0.0566603 0.097815 0.0966885 0.10681 0.0533018 0.0910001 0.0517221 0.213167 0.724935 0.323556 0.110244 0.091462 0.0624999 0.0510347 0.0623247 0.0829474 0.0508283 0.0722124 0.0589765 0.0505589 0.0491329 0.0483432 0.0635079 0.439129 0.0526088 0.0477271 0.132551 0.0436281 0.068987 0.15887 0.148541 0.0795568 0.284503 0.109909
threshold=1.5000000000000002 353.50000000000006 317.50000000000006 23.011291503906254 19.500000000000004 3.1500000953674321 6.5952446460723886 5.3161921501159677 16.306211471557621 21.849594116210941 22.928571701049808 56.500000000000007 45.500000000000007 4.5000000000000009 2415.5000000000005 3.1224989891052251 0.014389233954451347 1.9746960401535036 1.1609040498733523 39.500000000000007 -0.8783796973249266 1.5000000000000002 -0.24999999999999994 60.500000000000007 0.93301270189221952 -0.8783796973249266 4.5000000000000009 1328.5000000000002 1.0000000180025095e-35 0.31876094919573184 0.38814749780509222 6.5000000000000009 16.500000000000004 15.283333301544191 0.5000000149011613 0.91412833333015453 1.0000000180025095e-35 0.41666667163372045 1.035294830799103 1109.5000000000002 442.50000000000006 -0.56174490092936669 1.214285731315613 1.9499999880790713 1.1308105587959292 -0.68301270189221952 40.03801345825196 1.1232953071594241 542.50000000000011 3.5000000000000004 1999.5000000000002 1812.0000000000002 5.5000000000000009 1.0048722028732302 0.55672836303710949 1754.5000000000002 1.0000000180025095e-35 0.25000000745058065 0.11305538648813147 1.1609040498733523 0.42933947772657455 1.0000000180025095e-35
decision_type=2 2 2 2 2 2 2 2 2 2 2 2 2 2 2 2 2 2 2 2 2 2 2 2 2 2 2 2 2 2 2 2 2 2 2 2 2 2 2 2 2 2 2 2 2 2 2 2 2 2 2 2 2 2 2 2 2 2 2 2 2 2
left_child=1 2 -1 4 5 -4 7 -7 -8 -5 11 12 -11 14 23 17 49 18 -16 20 21 22 -18 24 41 26 -26 28 34 -30 31 -31 -32 -34 44 36 37 -36 39 -37 -40 42 -2 -44 45 48 -46 -47 -3 50 51 -15 -51 54 -43 -29 -57 58 -58 61 -61 -59
right_child=13 27 3 9 -6 6 8 -9 -10 10 -12 -13 -14 16 15 -17 19 -19 -20 -21 -22 -23 -24 -25 25 -27 -28 55 29 30 32 -33 33 -35 35 38 -38 -39 40 -41 -42 53 43 -45 46 47 -48 -49 -50 52 -52 -53 -54 -55 -56 56 57 59 -60 60 -62 -63
leaf_value=-0.00011041811607799307 0.00064585371869084365 0.00102379286528835 0.0005176912091912762 0.0010647701751212498 -0.0079033410176634795 -0.0013818992620291211 -0.00013278698347768503 -0.0094770688919788345 -0.0031072710833043343 0.00065381460220598155 -0.00025120979019104689 -0.0058866544372023662 -0.0048499622308476346 -0.00048682582110518268 -0.00037671908684574465 -0.0032030056296723092 0.0010693035997921113 0.0011721671247000931 -0.0029080884288635277 -1.4210631133458881e-05 0.000538090809414626 0.00047499180131489694 -0.0076835092643339157 8.2992852531354018e-05 -0.0044038621081748247 -0.00027321171413969067 -0.00025377040979724942 0.00017547202861325283 0.0011062886338243762 -0.0043202289260495996 0.00012162712053244913 0 -0.00079630179677313707 -3.2910341685361965e-05 8.4495960422950069e-05 0.00059315810729208395 -0.010842790838391221 -0.0053183390984046681 0.00028645813318240782 0.0046190335026673451 -0.00025829324315338576 0.00043406666966545518 -0.0037461096782193692 -0.00057405076659742063 0.00033296138157161859 -0.0002286043299736246 -0.0023090342562358773 -0.0020184126966200241 7.1168397390082043e-05 0.00017012059705081361 1.3418423295112113e-05 -0.0065853539773719147 -0.00070903231478770617 0.00039375148903865014 -0.0038437668905616645 6.5263730207726494e-05 -0.00042908158977569523 0.0016155001178572255 -0.0061719992895030058 -0.0045382235038327621 -0.00020041455454914781 -0.0022204511230010794
leaf_weight=7446 90 179 158 107 24 26 133 25 43 53 969 25 22 240 166 38 41 42 36 60102 826 124 25 39066 40 271 31 6181 206 27 6231 27 419 6016 160 61 20 33 583 20 4792 54 23 295 1146 2037 21 41 612 474 139 34 261 571 26 2938 26 99 23 41 518 22
leaf_count=7446 90 179 158 107 24 26 133 25 43 53 969 25 22 240 166 38 41 42 36 60102 826 124 25 39066 40 271 31 6181 206 27 6231 27 419 6016 160 61 20 33 583 20 4792 54 23 295 1146 2037 21 41 612 474 139 34 261 571 26 2938 26 99 23 41 518 22
internal_value=-2.63278e-07 -4.25959e-05 -0.000191669 -0.000570182 -0.00134237 -0.000918443 -0.00193985 -0.00545875 -0.000889252 -0.000297281 -0.000438377 -0.00220002 -0.000898357 1.67462e-05 6.54909e-05 -0.000869342 -1.50738e-05 -0.000484256 -0.00085381 -8.00963e-06 0.000353858 -0.000420627 -0.00217712 7.21311e-05 -0.000227156 -0.000785018 -0.00266508 -9.90782e-07 -4.26598e-05 2.55682e-05 7.66436e-06 -0.00210087 1.70651e-05 -8.34054e-05 -0.000134047 -0.000231447 -0.00178531 -0.000815687 -0.000169837 0.00165332 -0.000198272 -4.22188e-05 -0.000484553 -0.0008203 1.52703e-06 -0.000110391 0.000280941 -0.00026642 0.000293166 -0.000386774 -0.000822031 -0.00126395 -0.000135321 0.000227357 -0.00089687 9.42575e-05 -4.12731e-05 -0.000477443 -0.00323365 -0.000271036 -0.00052827 0.000875509
internal_weight=144525 41510 9031 1585 409 385 227 51 176 1176 1069 100 75 103015 40749 282 62266 244 202 61118 1016 190 66 40467 1401 342 71 32479 22631 12926 12720 54 12666 6435 9705 5669 213 193 5456 81 5375 1059 408 318 4036 2869 1167 2078 791 1148 413 274 735 651 80 9848 3667 729 49 680 559 121
internal_count=144525 41510 9031 1585 409 385 227 51 176 1176 1069 100 75 103015 40749 282 62266 244 202 61118 1016 190 66 40467 1401 342 71 32479 22631 12926 12720 54 12666 6435 9705 5669 213 193 5456 81 5375 1059 408 318 4036 2869 1167 2078 791 1148 413 274 735 651 80 9848 3667 729 49 680 559 121
is_linear=0
shrinkage=0.05


Tree=87
num_leaves=63
num_cat=0
split_feature=12 23 14 24 14 14 14 24 3 8 13 13 0 14 14 13 3 22 2 13 22 0 12 15 0 24 23 22 12 13 22 23 23 22 0 24 0 12 14 12 22 12 12 15 19 0 12 13 3 13 0 14 12 14 8 12 12 13 22 12 13 14
split_gain=0.0414383 0.063008 0.122666 0.266196 0.22961 0.175282 0.111519 0.11917 0.0947824 0.165368 0.0849709 0.0870957 0.0703152 0.275039 0.0679741 0.127039 0.150133 0.100159 0.134289 0.0743777 0.0736671 0.0495013 0.0548256 0.0965867 0.180347 0.644833 0.566035 0.132818 0.242838 0.159499 0.126493 0.207889 0.0993231 0.0989729 0.0612367 0.0530274 0.0503157 0.0602048 0.100027 0.0751837 0.167031 0.065041 0.0697514 0.0918565 0.0631518 0.0560605 0.293015 0.320064 0.270051 0.156157 0.133521 0.130062 0.186986 0.382323 0.124073 0.06718 0.235806 0.478364 1.56618 0.298562 0.112551 0.217205
threshold=1465.5000000000002 1.0000000180025095e-35 0.18878406708595391 0.31519888341426855 0.29051012753188304 0.10760959470636892 0.50257731958762897 0.76494169235229503 4.5000000000000009 1.0000000180025095e-35 0.09204280371755473 0.1075449534652571 1529.5000000000002 1.0314144736842108 0.17089216944801031 0.24637327766179543 3.5000000000000004 0.45000000298023229 1.5000000000000002 0.85582108717363403 0.21666666865348819 1729.5000000000002 1189.0000000000002 4.5000000000000009 1742.5000000000002 0.55672836303710949 1.0000000180025095e-35 0.18333333730697635 1215.5000000000002 0.09204280371755473 0.25000000745058065 0.55593636631965648 0.55593636631965648 1.0000000180025095e-35 2129.5000000000005 0.76494169235229503 1371.5000000000002 1432.5000000000002 0.83087757313109434 1425.5000000000002 0.65000000596046459 1439.5000000000002 1449.5000000000002 3.5000000000000004 22.500000000000004 1021.5000000000001 1458.5000000000002 1.2255093153984309 1.5000000000000002 0.67630541121511156 1206.5000000000002 0.05486978774650008 740.50000000000011 0.033520599250936332 1.0000000180025095e-35 1451.5000000000002 1438.5000000000002 0.17328655817043084 0.18333333730697635 1441.5000000000002 0.25744865253793831 0.3521927016645327
decision_type=2 2 2 2 2 2 2 2 2 2 2 2 2 2 2 2 2 2 2 2 2 2 2 2 2 2 2 2 2 2 2 2 2 2 2 2 2 2 2 2 2 2 2 2 2 2 2 2 2 2 2 2 2 2 2 2 2 2 2 2 2 2
left_child=21 2 3 8 -4 -5 7 -6 9 -2 -3 -12 -8 -14 20 16 -16 18 -17 -19 -13 36 -23 24 25 26 -24 28 29 -26 31 -29 -32 -30 -25 -27 45 39 -39 -38 -41 44 43 -43 -40 55 51 48 -48 -50 54 52 -47 -54 -49 56 -1 58 -58 -59 -57 -62
right_child=1 10 4 5 6 -7 12 -9 -10 -11 11 14 13 -15 15 17 -18 19 -20 -21 -22 22 23 34 27 35 -28 30 33 -31 32 -33 -34 -35 -36 -37 37 38 41 40 -42 42 -44 -45 -46 46 47 50 49 -51 -52 -53 53 -55 -56 60 57 59 -60 -61 61 -63
leaf_value=5.4889863942657109e-05 -0.0046787003525841746 0.0025102597275580732 0.0047946659907091797 -0.0014276784321117164 -0.0005208138298864166 -0.0082608058964370058 -4.6253572484564039e-05 -0.0054015307742006635 0.0027938355376656669 0.001043249893920733 -0.0033148649783425067 -0.00012714349104628444 0.00094998106174789794 -0.0063869496357243207 0 -0.00077850392653610462 -0.0057527091283510086 -0.00045973563413909178 0.0016568538142265905 -1.8910547353031711e-05 0.0031526908246625181 3.1929826507786072e-05 -0.0020186672189281131 7.2773706050837929e-05 -0.0048229097984611412 0.0025901076423613376 -0.012527741292887685 -0.0024403231387134091 -0.00061574063833451799 -0.00069376509819415717 0.00025840523719532557 0 -0.00040591533102137266 0.00080667492660802052 0.0011053733896074142 -0.00016970657364927177 0.00010475651891880074 0.001547985185899302 0.0009049856354050777 0.0015137779811880295 -0.0011454903332913855 -0.0021967094310717025 0.00020940579284342217 0.00081216020966475868 -0.0018843956472379946 -2.4900377451090771e-05 0.00068170092227053353 -0.00041404320943532955 -0.0019908524613008213 -0.0075523125981638564 -8.3064562512436644e-05 0.0001247598277504919 0.00018782757341715385 -0.0034575025502634141 -0.0015384715697412661 0.0019022687925194074 -0.00019291928377468878 -0.0023910007875236833 -0.016016263650703768 -0.00013835873051399149 -0.0020860509934653437 0.00018774636929514565
leaf_weight=25158 21 33 22 20 35 22 677 22 20 29 20 28 30 21 21 77 21 971 192 71801 35 6703 34 639 31 21 22 181 141 112 720 174 2457 777 190 86 8774 163 477 72 301 69 2073 37 20 650 24 629 24 36 1141 7676 145 138 421 94 63 163 21 1574 106 8070
leaf_count=25158 21 33 22 20 35 22 677 22 20 29 20 28 30 21 21 77 21 971 192 71801 35 6703 34 639 31 21 22 181 141 112 720 174 2457 777 190 86 8774 163 477 72 301 69 2073 37 20 650 24 629 24 36 1141 7676 145 138 421 94 63 163 21 1574 106 8070
internal_value=-2.71091e-07 -2.63996e-05 -0.000438088 -0.00199345 -0.000215811 -0.00513682 -0.000363193 -0.00249833 -3.14681e-05 -0.00126471 -2.1162e-05 -2.23756e-05 -0.000188832 -0.00197985 -2.14024e-05 -2.28861e-05 -0.00276963 -2.12345e-05 0.000941133 -2.48618e-05 0.00161786 2.71636e-05 -6.38425e-05 -0.00017968 -0.000267062 -0.00190472 -0.00625133 -0.000207815 0.000280108 -0.00162658 -0.000355804 -0.0012544 -0.000253784 0.00058271 0.000315572 0.000327167 4.6491e-05 0.000137844 0.000339483 7.47101e-05 -0.000618504 0.000263948 0.000143388 -0.00109954 0.000782322 2.26476e-05 -7.6354e-05 -0.000581205 -0.00361699 -0.00541794 -0.000462375 5.64814e-05 -0.000499855 -0.00157269 -0.00086975 5.33588e-05 1.49392e-05 -0.000534226 -0.00422255 -0.00035275 0.000178088 0.00015763
internal_weight=144525 74118 919 112 807 42 785 57 70 50 73199 73166 728 51 73146 73083 42 73041 269 72772 63 70407 12288 5585 4756 163 56 4593 1061 143 3532 355 3177 918 829 107 58119 11986 2839 9147 373 2676 2179 106 497 46133 10884 2275 84 60 2191 8609 933 283 1050 35249 26979 1821 84 1737 8270 8176
internal_count=144525 74118 919 112 807 42 785 57 70 50 73199 73166 728 51 73146 73083 42 73041 269 72772 63 70407 12288 5585 4756 163 56 4593 1061 143 3532 355 3177 918 829 107 58119 11986 2839 9147 373 2676 2179 106 497 46133 10884 2275 84 60 2191 8609 933 283 1050 35249 26979 1821 84 1737 8270 8176
is_linear=0
shrinkage=0.05


Tree=88
num_leaves=63
num_cat=0
split_feature=0 0 0 0 0 0 19 24 0 12 0 14 12 12 20 24 3 20 20 0 13 16 13 13 12 14 8 13 12 9 15 20 9 17 19 21 21 20 0 20 16 24 20 0 0 12 16 3 19 12 12 25 25 20 24 12 12 13 25 20 24 0
split_gain=0.0391861 0.114332 0.108166 0.0724533 0.125241 0.0923706 0.0911302 0.321065 0.0761691 0.13293 0.114929 0.0654738 0.0654695 0.359442 0.143288 0.111139 0.0683993 0.0786938 0.0592665 0.0574494 0.0569149 0.13789 0.0622117 0.0511286 0.0477701 0.198769 0.115685 0.0808455 0.0794993 0.10766 0.141185 0.0873426 0.0935844 0.0755359 0.0882423 0.0654805 0.0546945 0.0534801 0.0514489 0.099336 0.0494115 0.121069 0.0462423 0.0459331 0.084387 0.10429 0.0617208 0.0564646 0.0595461 0.0538949 0.252665 0.136089 0.130476 0.175674 0.115471 0.112388 0.147705 0.279586 0.0813951 0.215283 0.0919986 0.0685592
threshold=60.500000000000007 39.500000000000007 93.500000000000014 331.50000000000006 266.50000000000006 202.50000000000003 87.500000000000014 28.712529182434086 254.50000000000003 1467.5000000000002 262.50000000000006 16.801315789473687 1409.5000000000002 1465.5000000000002 13.928571224212648 10.592475891113283 5.5000000000000009 220.3571472167969 1.928571403026581 238.50000000000003 33.630190872809308 43.500000000000007 0.17328655817043084 0.037872268293955048 1450.5000000000002 3.9846117424242427 0.6078576107927941 16.884285714285721 1472.5000000000002 -0.56174490092936669 1.5000000000000002 5.0714285373687753 1.0000000180025095e-35 7.5000000000000009 1.5000000000000002 19.750000000000004 3.1071428060531621 8.7857141494750994 43.500000000000007 79.071430206298842 17.500000000000004 17.919002532958988 4.0714285373687753 411.50000000000006 397.50000000000006 1468.5000000000002 10.500000000000002 3.5000000000000004 141.50000000000003 1458.5000000000002 1459.5000000000002 0.2794183492660523 3.1224989891052251 1.7857142686843874 14.258793354034426 1449.5000000000002 1444.0000000000002 0.17328655817043084 1.5656141638755801 1.5000000000000002 9.8818569183349627 1729.5000000000002
decision_type=2 2 2 2 2 2 2 2 2 2 2 2 2 2 2 2 2 2 2 2 2 2 2 2 2 2 2 2 2 2 2 2 2 2 2 2 2 2 2 2 2 2 2 2 2 2 2 2 2 2 2 2 2 2 2 2 2 2 2 2 2 2
left_child=1 -1 -2 4 5 6 20 -8 9 19 11 -10 23 14 15 -14 18 -18 -15 -7 22 -22 -4 -6 -3 26 33 28 31 30 -30 32 -27 34 42 40 -28 -31 39 -37 -29 -42 -26 44 46 -46 47 48 -5 55 52 -52 -51 -54 -53 56 61 -58 59 -57 -60 -45
right_child=2 24 3 43 12 8 7 -9 10 -11 -12 -13 13 16 -16 -17 17 -19 -20 -21 21 -23 -24 -25 25 27 36 35 29 37 -32 -33 -34 -35 -36 38 -38 -39 -40 -41 41 -43 -44 49 45 -47 -48 -49 -50 50 51 54 53 -55 -56 58 57 -59 60 -61 -62 -63
leaf_value=0.00011497676274884032 0.00026658287014922678 0.00023272512893539668 -0.0005483692144940222 -0.00016979402539311978 0.0018282280052687721 0.00015336433754345181 -0.0072729757254299202 0 0.00016641392773024063 0.00068296958709900804 0.00043769733954423249 -0.00058360093722451445 -0.0022077925453431895 0.00023642996887912929 -0.0057656333140738598 -8.6412541273838818e-05 0.00045606873967943344 -0.00042906893056395999 -0.00029958329739839608 -0.0006166006213725731 -0.00020349478522023722 -0.0047876029108899617 -1.6717741356199933e-05 0.00012572372073196031 -0.0013986553677158686 -0.0025061677577772582 -0.0014120571101912749 -0.00077695779414362369 -0.0059489152878430202 0.0012307705107357089 -0.00075733766119842323 0.00066467872766354805 0.00024496759697990731 0 -0.0053198192579887622 -0.0014721895887062197 0.0014995345872333042 -0.00069765041753362222 -9.8579155582239833e-05 -0.00016011861665159784 -0.00058764888916588878 -0.0059114005905460216 -0.0043434096244274155 7.2053863662989564e-05 0.00014427348962315936 0.00096159265889004131 0.00026755589696936971 0.0001396275143221027 -0.0012163981492167365 -0.0047931385195228637 0.0016944115446389111 -0.00014362094391449595 0.0010725083323580797 -0.003579971164934278 1.5153170681603334e-05 2.9585516853945631e-05 -0.0042414267573250867 -0.00040361063241178927 0.00073748907261380052 -0.0045513879226143006 0.00011511415688326089 -6.9292651681798531e-05
leaf_weight=2412 3835 298 624 2048 49 2312 20 60 405 1371 680 957 213 550 23 94 757 371 6435 269 74 22 4854 544 64 49 37 83 20 56 46 518 76 21 37 265 28 100 670 338 28 20 21 32668 1112 617 1990 1708 148 38 115 15448 41 38 44107 199 54 428 1284 29 1145 11602
leaf_count=2412 3835 298 624 2048 49 2312 20 60 405 1371 680 957 213 550 23 94 757 371 6435 269 74 22 4854 544 64 49 37 83 20 56 46 518 76 21 37 265 28 100 670 338 28 20 21 32668 1112 617 1990 1708 148 38 115 15448 41 38 44107 199 54 428 1284 29 1145 11602
internal_value=-2.76881e-07 -0.000135248 4.71178e-06 -2.66298e-06 -8.88351e-05 1.91342e-05 -0.000125349 -0.00180356 0.000156256 0.000284681 -8.98449e-05 -0.000356912 -0.000228567 -0.000264538 -0.00188367 -0.00157477 -0.000198041 0.000160502 -0.000256659 7.11582e-05 -0.000100334 -0.00130994 -7.81999e-05 0.000275118 -0.000354539 -0.000427216 -0.00191049 -0.000288962 8.63301e-05 -0.000721635 -0.00241281 0.000373129 -0.000794651 -0.00270665 -0.00318317 -0.00052373 -8.06513e-05 0 -0.000408822 -0.000745173 -0.00160105 -0.00291751 -0.00218919 1.2817e-05 0.00013143 0.000438867 4.0389e-05 -7.41287e-05 -0.000242659 4.33533e-06 -2.71834e-05 -2.25453e-05 -0.00234787 -0.00110388 -2.59475e-05 4.41887e-05 2.531e-05 -0.000844735 0.000360269 -0.000532902 0.000446185 3.48977e-05
internal_weight=144525 5187 139338 135503 20684 11648 5654 80 5994 3952 2042 1362 9036 8443 330 307 8113 1128 6985 2581 5574 96 5478 593 2775 2477 208 2269 865 222 66 643 125 143 122 1404 65 156 1273 603 131 48 85 114819 7623 1729 5894 3904 2196 107196 59787 59670 117 79 59555 47409 44752 482 2657 228 2429 44270
internal_count=144525 5187 139338 135503 20684 11648 5654 80 5994 3952 2042 1362 9036 8443 330 307 8113 1128 6985 2581 5574 96 5478 593 2775 2477 208 2269 865 222 66 643 125 143 122 1404 65 156 1273 603 131 48 85 114819 7623 1729 5894 3904 2196 107196 59787 59670 117 79 59555 47409 44752 482 2657 228 2429 44270
is_linear=0
shrinkage=0.05


Tree=89
num_leaves=63
num_cat=0
split_feature=3 0 12 2 0 25 13 13 14 12 13 3 22 13 3 12 12 0 24 21 13 14 9 25 3 25 24 0 0 25 25 2 13 25 12 12 2 23 23 12 21 13 13 2 24 23 0 12 0 0 6 22 25 0 0 0 25 12 12 25 12 22
split_gain=0.0372792 0.0924104 0.0795985 0.0576355 0.0878731 0.0849155 0.0697902 0.0885627 0.0590313 0.185216 0.12114 0.200516 0.216983 0.127545 0.165342 0.0569918 0.330569 0.431732 0.698699 0.198681 0.164673 0.295135 0.348596 0.114765 0.0804945 0.0643727 0.123656 0.0501956 0.124326 0.105537 0.267707 0.0956149 0.0815352 0.0816844 0.0718009 0.108025 0.22268 0.0490888 0.270362 0.378621 0.080913 0.0483967 0.157658 0.1219 0.122996 0.235991 0.0680998 0.112482 0.0693897 0.0558397 0.054564 0.0496728 0.048343 0.0540893 0.092668 0.045806 0.0465003 0.270556 0.247737 0.0596794 0.135483 0.0456862
threshold=1.5000000000000002 477.50000000000006 2164.0000000000005 4.5000000000000009 2415.5000000000005 3.1224989891052251 1.0401313191535493 0.75155927851761573 0.014389233954451347 744.50000000000011 0.01811713126860948 3.5000000000000004 0.050000002607703216 0.037872268293955048 4.5000000000000009 1438.5000000000002 1441.5000000000002 1333.5000000000002 5.1985309123992929 9.8214282989501971 0.086988585353341044 0.11853256021409457 -0.56174490092936669 0.65607663989067089 4.5000000000000009 3.1224989891052251 3.7988574504852299 575.50000000000011 600.50000000000011 4.6235280036926278 5.5865705013275155 2.5000000000000004 161.09460132450334 118.01475524902345 1377.5000000000002 1185.5000000000002 6.5000000000000009 5.0849897861480722 9.745573043823244 1469.5000000000002 3.1071428060531621 153.59809199758811 125.99754684759533 5.5000000000000009 109.99786376953126 125.55827713012697 426.50000000000006 1470.5000000000002 378.50000000000006 266.50000000000006 1.0000000180025095e-35 0.61666667461395275 181.44040679931643 1162.5000000000002 1121.5000000000002 1.0000000180025095e-35 0.65607663989067089 1239.0000000000002 1406.5000000000002 0.81825372576713573 1134.5000000000002 7.116666555404664
decision_type=2 2 2 2 2 2 2 2 2 2 2 2 2 2 2 2 2 2 2 2 2 2 2 2 2 2 2 2 2 2 2 2 2 2 2 2 2 2 2 2 2 2 2 2 2 2 2 2 2 2 2 2 2 2 2 2 2 2 2 2 2 2
left_child=1 2 41 4 -2 6 7 -6 9 -5 -11 12 -12 -13 -15 55 17 18 -17 -20 24 22 -22 -23 -18 -19 -27 37 29 34 -31 -32 33 -30 35 -29 -37 -3 39 40 -39 42 46 44 -44 -46 48 51 49 -1 -49 -48 -34 54 -54 -10 57 -57 -59 60 -58 -40
right_child=3 27 -4 8 5 -7 -8 -9 15 10 11 13 -14 14 -16 16 20 25 19 -21 21 23 -24 -25 -26 26 -28 28 32 30 31 -33 52 -35 -36 36 -38 38 61 -41 -42 -43 43 -45 45 -47 47 50 -50 -51 -52 -53 53 -55 -56 56 59 58 -60 -61 -62 -63
leaf_value=-8.8034789458920631e-05 6.8305200681649295e-05 0.00057233045864092116 -0.0024453541796820681 -8.1299986181776089e-05 -0.00045756460043095104 -0.0030349998399930005 0.0012372438584290239 -0.0038166894121861557 0.0016689379874811148 -0.0045996017022525435 -0.0073624557295402923 0.0018899232171431272 -0.00053580259539984254 0.00085139967612550896 -0.0044284048019410062 -0.012188223794554219 0.0041412433313518932 0.00044617354377272321 1.1420509094403355e-05 -0.0055688547974266887 -0.0077278018712557562 0.001337779777808474 0.00044933951165510976 -3.7634735888755347e-05 0 -0.0047179414598799464 0.00059077240244189712 0.00012372263615638887 1.7401660531127948e-05 -0.0061851871412975977 -0.0033532008211635198 -0.00049156990842478816 -0.0007075855686155051 0.00048030522839259709 0.00091538104514000984 -0.0065595763042498537 0.00029762838870534263 -0.0025977812028082805 0.0015275568345510409 -0.0067162898976814633 0.0010530456218040892 7.0567329054031761e-05 -2.6531241459572653e-05 -0.00047588425483264802 -0.0078873215689088793 -0.0012947102857745194 -0.00070431016656827879 -0.0011175804926764196 0.00020886292491662626 -0.0003780973811570201 -0.003578531075091998 0.00023138886946724287 -0.00012709499706434449 0.00014019798385858661 -0.0010483283724276385 7.3827704798091481e-05 1.8940804452125172e-05 -0.0014169542684231986 0.00020351698814393611 6.4611393322863369e-05 0.000930926376480392 0.00018803437075607689
leaf_weight=5346 40467 742 38 958 174 38 47 23 44 33 23 50 27 30 27 23 35 102 42 24 27 152 23 38079 21 20 21 96 22477 27 35 221 466 997 113 21 24 23 69 34 43 2080 27 118 26 33 243 287 1335 2451 27 330 1308 984 351 5767 1058 633 368 14005 674 1138
leaf_count=5346 40467 742 38 958 174 38 47 23 44 33 23 50 27 30 27 23 35 102 42 24 27 152 23 38079 21 20 21 96 22477 27 35 221 466 997 113 21 24 23 69 34 43 2080 27 118 26 33 243 287 1335 2451 27 330 1308 984 351 5767 1058 633 368 14005 674 1138
internal_value=-2.77883e-07 -4.0316e-05 -0.000155029 1.5807e-05 6.20609e-05 -0.000815976 -0.000448805 -0.000876852 -1.43829e-05 -0.000369681 -0.00179662 -0.00117308 -0.00378429 2.82459e-06 -0.00156537 -7.6268e-06 -4.46164e-05 -0.00192627 -0.00466079 -0.00194748 -3.3094e-05 -3.71897e-05 -0.00387313 -3.20321e-05 0.00267265 -0.000187359 -0.00188237 8.04656e-06 -9.8054e-06 -0.000763018 -0.00142706 -0.000903489 5.22487e-06 3.72773e-05 -3.2069e-06 -0.000774943 -0.00279898 0.000246759 5.80737e-05 -0.00243405 -0.000145575 -0.000147529 -0.000192393 -0.00157097 -0.00301316 -0.00429296 -0.000163809 -0.000583555 -0.000122485 -0.000179861 -0.00134618 -0.000156755 -0.000235167 -0.000149957 -0.000325068 5.54204e-05 5.20362e-05 -5.70895e-05 -0.000816261 9.92856e-05 0.000376756 0.000268873
internal_weight=144525 41510 12341 103015 40749 282 244 197 62266 1148 190 157 50 107 57 61118 38569 232 89 66 38337 38281 50 38231 56 143 41 29169 27120 537 283 256 26583 23474 254 141 45 2049 1307 100 66 12303 10223 204 86 59 10019 887 9132 7797 314 573 3109 2643 1659 22549 22505 6768 1001 15737 1732 1207
internal_count=144525 41510 12341 103015 40749 282 244 197 62266 1148 190 157 50 107 57 61118 38569 232 89 66 38337 38281 50 38231 56 143 41 29169 27120 537 283 256 26583 23474 254 141 45 2049 1307 100 66 12303 10223 204 86 59 10019 887 9132 7797 314 573 3109 2643 1659 22549 22505 6768 1001 15737 1732 1207
is_linear=0
shrinkage=0.05


Tree=90
num_leaves=63
num_cat=0
split_feature=3 2 14 20 16 24 17 24 2 14 13 14 17 14 10 14 14 16 13 13 24 16 24 21 21 21 3 20 13 10 18 17 3 3 11 10 21 21 10 23 22 22 24 13 24 15 21 24 13 16 14 16 23 24 15 24 22 22 23 3 18 17
split_gain=0.033692 0.0519764 0.053437 0.0415914 0.0781287 0.0707336 0.183362 0.134556 0.174936 0.0613965 0.12419 0.0596921 0.057675 0.0595408 0.0535707 0.0523952 0.10161 0.0872583 0.111879 0.128049 0.240844 0.0912941 0.140992 0.0860757 0.0747015 0.107742 0.0594031 0.167038 0.0989264 0.0645819 0.0555129 0.0415669 0.040695 0.0459471 0.0458996 0.343729 0.0448494 0.0960409 0.0429818 0.0386669 0.0383513 0.0855226 0.0853029 0.0362869 0.0352083 0.114078 0.04223 0.0317448 0.175374 0.064012 0.0623492 0.0542133 0.098533 0.0578892 0.140531 0.0724811 0.0577554 0.0524086 0.0651903 0.0383469 0.0636747 0.0945951
threshold=1.5000000000000002 4.5000000000000009 0.014389233954451347 0.6428571641445161 3.5000000000000004 1.1590536236763003 2.5000000000000004 1.1459335684776308 4.5000000000000009 0.1398924731182796 0.1651269468743333 0.66838487972508598 8.5000000000000018 25.859126984126988 -0.5 0.69752141982864146 0.42933947772657455 1.5000000000000002 0.99824097280237634 0.81271878464252822 1.8671525716781618 4.5000000000000009 1.8012470602989199 1.7500000000000002 3.2500000000000004 13.535714149475099 1.0000000180025095e-35 1.7857142686843874 0.40050578402894571 0.68301270189221941 2.5000000000000004 7.5000000000000009 3.5000000000000004 5.5000000000000009 -0.9330127018922193 -0.24999999999999994 1.0000000180025095e-35 0.10714286193251611 -0.6830127018922193 1.7524306774139407 0.51666668057441723 0.45000000298023229 1.4638453125953677 3.1160015845133828 141.9762878417969 2.5000000000000004 3.5357142686843877 4.5346648693084726 101.63242582991776 19.500000000000004 2.2074321214910269 1.0000000180025095e-35 240.98503112792972 28.712529182434086 3.5000000000000004 10.337837219238283 1462.8166503906252 6.116666555404664 1.5196915268898012 2.5000000000000004 1.0000000180025095e-35 1.0000000180025095e-35
decision_type=2 2 2 2 2 2 2 2 2 2 2 2 2 2 2 2 2 2 2 2 2 2 2 2 2 2 2 2 2 2 2 2 2 2 2 2 2 2 2 2 2 2 2 2 2 2 2 2 2 2 2 2 2 2 2 2 2 2 2 2 2 2
left_child=3 47 32 4 12 6 7 9 -9 -5 -11 -12 13 31 -10 16 26 18 19 23 -21 44 -23 -17 43 -26 27 29 -29 -7 -28 40 34 -34 -3 36 38 -38 -36 -24 41 -1 -42 -20 46 -46 -19 48 59 51 -51 52 53 55 -55 -49 57 -53 -59 60 61 -2
right_child=1 2 -4 5 -6 15 -8 8 14 10 11 -13 -14 -15 -16 17 -18 21 24 20 -22 22 39 -25 25 -27 30 28 -30 -31 -32 -33 33 -35 35 -37 37 -39 -40 -41 42 -43 -44 -45 45 -47 -48 49 -50 50 -52 56 -54 54 -56 -57 -58 58 -60 -61 -62 -63
leaf_value=2.3847135220576981e-05 0.00014942940642354472 0.00011474014201499415 -7.214860876149476e-06 0.00092632780426229761 -0.0026337020731822336 0.00022497840647968745 -0.0049295913817127158 -0.0049851512953727256 -0.0023270869628413886 -0.004135782979536355 -0.00058388892681095368 0.00043865821663346467 0.00084611618729047051 -0.0026156058279528187 0.0007216317021907201 0.00071275505264844195 0.00068295534289062188 -6.390437048976953e-06 -2.4883488639123388e-05 -0.0053907243865757388 -0.00094228447709228413 -0.0039571246923727601 -0.0021396414949126728 -0.0027945972575753111 -0.00043425183531026288 -4.5967575907078356e-05 0.0003221174214526077 -0.0062392980905835553 -0.001097999212343535 -0.0017918015900436864 -0.0022317345936548774 -0.0022268600663429691 0.0001646175677628119 -0.00065689533558320674 0.00097171660802769858 -0.0063474175577413194 -0.0026231023507366498 0.00035232872728298894 -0.00063575394231272055 -4.1863545082928096e-05 0.00050888688780341624 -0.0008316896212551035 -6.8615963015724422e-05 0.00043198668542122545 -0.0037835647853011905 1.8052403763722014e-05 0.00046494017822775537 -5.6374196207197827e-05 -0.0045541685939682599 -0.0021980772609369119 8.5643588600080273e-06 0.00049762339775416987 -0.0028099651458484438 -0.00076851830988452488 0.00019872474186804408 0.00035915234546678566 -0.0024161872314984231 -0.00051462544777626431 0.00021768223621425732 -3.4457410214170601e-05 0.00057098284955334449 -0.00082009666401828695
leaf_weight=7981 2227 104 61118 109 27 180 23 35 23 21 396 218 224 21 35 100 678 633 1810 41 134 23 22 21 3594 3616 418 20 23 50 22 20 474 261 67 28 61 44 109 15618 1252 303 1280 565 21 268 1685 2050 21 32 11112 1686 30 645 886 2113 20 314 6914 11685 731 283
leaf_count=7981 2227 104 61118 109 27 180 23 35 23 21 396 218 224 21 35 100 678 633 1810 41 134 23 22 21 3594 3616 418 20 23 50 22 20 474 261 67 28 61 44 109 15618 1252 303 1280 565 21 268 1685 2050 21 32 11112 1686 30 645 886 2113 20 314 6914 11685 731 283
internal_value=-2.70429e-07 1.50193e-05 -1.36469e-05 -3.83351e-05 4.41908e-05 -6.86522e-05 -0.000516322 -0.000388502 -0.0021848 -0.000156981 -0.000350924 -0.00021268 5.11906e-05 3.43217e-05 -0.000403209 -5.54491e-05 0.000243292 -7.03889e-05 -0.000190104 -0.00115008 -0.00201553 -5.36905e-06 -5.12366e-05 6.09478e-05 -0.000159925 -0.000240214 -0.000167814 -0.00075073 -0.00361424 -0.000192311 0.000182586 3.99427e-05 -0.000351695 -0.000120351 -0.000751175 -0.00105873 -0.000511891 -0.00132953 0 -4.51477e-05 4.46171e-05 -6.85153e-06 0.000214976 8.1712e-05 0.00026828 -0.000242108 0.000334077 5.89449e-05 6.24816e-07 9.25355e-05 1.75965e-06 0.000161208 4.00222e-05 5.59651e-05 -0.000205526 0.000153336 0.00023829 0.000244834 0.000185171 7.39859e-06 0.000159844 3.8096e-05
internal_weight=144525 103015 62266 41510 11108 30402 860 837 93 744 635 614 11081 10857 58 29542 1391 28151 9881 296 175 18270 15663 121 9585 7210 713 273 43 230 440 10836 1148 735 413 309 281 105 176 15640 10816 8284 2532 2375 2607 289 2318 40749 14947 25802 11144 14658 5724 5694 1531 4163 8934 8914 7228 14926 3241 2510
internal_count=144525 103015 62266 41510 11108 30402 860 837 93 744 635 614 11081 10857 58 29542 1391 28151 9881 296 175 18270 15663 121 9585 7210 713 273 43 230 440 10836 1148 735 413 309 281 105 176 15640 10816 8284 2532 2375 2607 289 2318 40749 14947 25802 11144 14658 5724 5694 1531 4163 8934 8914 7228 14926 3241 2510
is_linear=0
shrinkage=0.05


Tree=91
num_leaves=63
num_cat=0
split_feature=0 0 0 0 0 0 20 14 24 0 25 8 20 20 20 10 12 12 0 24 14 0 0 13 24 0 20 23 8 24 25 20 3 2 15 20 12 12 14 8 25 21 19 20 20 21 14 13 23 20 12 12 12 13 18 13 13 12 12 12 13 25
split_gain=0.0356323 0.102785 0.097346 0.0630139 0.139129 0.0903725 0.147365 0.266547 0.235392 0.16906 0.0986614 0.0891542 0.110956 0.0565469 0.0892122 0.056066 0.0549288 0.123994 0.140552 0.0974108 0.0923081 0.0868009 0.0887155 0.145951 0.0750304 0.0576546 0.0534943 0.0446227 0.0932006 0.466103 0.062814 0.0732039 0.0946124 0.262805 0.17356 0.0800243 0.0954362 0.043853 0.187689 0.0982564 0.0772425 0.285538 0.0624271 0.0668686 0.0496395 0.0486858 0.0506532 0.0483684 0.04696 0.0448974 0.0394715 0.039295 0.230244 0.118171 0.155685 0.104547 0.114957 0.220151 0.0991956 0.0809703 0.285427 0.323575
threshold=60.500000000000007 39.500000000000007 93.500000000000014 326.50000000000006 302.50000000000006 312.50000000000006 1.7857142686843874 31.973328591749645 16.461827278137211 317.50000000000006 1.3571859002113345 1.0000000180025095e-35 1.0000000180025095e-35 1.214285731315613 98.642856597900405 -0.93301270189221919 1470.5000000000002 1471.5000000000002 297.50000000000006 14.854699134826662 453.24780701754395 297.50000000000006 254.50000000000003 5.0332029665405171 4.7866570949554452 187.50000000000003 1.0000000180025095e-35 1.5196915268898012 -0.8783796973249266 1.2055270075798037 1.4552717208862307 0.78571429848670971 1.5000000000000002 5.5000000000000009 1.5000000000000002 0.5000000149011613 1324.0000000000002 1450.5000000000002 3.9846117424242427 0.6078576107927941 8.6575989723205584 5.7500000000000009 2.5000000000000004 4.0714285373687753 4.6428573131561288 8.3214282989501971 5.7181985294117661 9.4906774358023558 5.7133924961090097 2.3571429252624516 1404.0000000000002 1458.5000000000002 1459.5000000000002 1.2255093153984309 1.5000000000000002 0.068067070014510359 4.8369573677601476 1464.5000000000002 1449.5000000000002 1444.0000000000002 0.17328655817043084 0.57184895873069774
decision_type=2 2 2 2 2 2 2 2 2 2 2 2 2 2 2 2 2 2 2 2 2 2 2 2 2 2 2 2 2 2 2 2 2 2 2 2 2 2 2 2 2 2 2 2 2 2 2 2 2 2 2 2 2 2 2 2 2 2 2 2 2 2
left_child=1 27 -2 4 16 10 -7 8 -8 -9 11 12 -6 -12 -15 -3 21 19 20 -18 -19 22 25 -24 -20 -4 -13 28 29 50 31 35 33 -33 -34 36 -30 -17 39 42 45 -42 43 -39 -44 48 -47 -43 -40 -41 -1 58 53 -53 -55 -54 57 -57 59 -5 61 -61
right_child=2 15 3 51 5 6 7 9 -10 -11 13 26 -14 14 -16 37 17 18 24 -21 -22 -23 23 -25 -26 -27 -28 -29 30 -31 -32 32 34 -35 -36 -37 -38 38 40 49 41 47 44 -45 -46 46 -48 -49 -50 -51 -52 52 55 54 -56 56 -58 -59 -60 60 -62 -63
leaf_value=-0.00025612166794857855 0.00025290125264167189 0.0007334886698499584 -0.00012461946967557374 3.5641739640530002e-05 0.00083059315541721211 0.0010368310526231949 -0.00040519326679334001 0.00096985964889656799 -0.0026206497971904864 -0.00029065210369127439 -0.0033003602745917226 -0.00045897521650762767 -0.0021271721774002521 0.0017586088013451765 -0.0014443736331956948 0.00019131009646647628 0.0014587144324874452 0.00021764504948461837 0.001940450378609777 0.00032395788804270983 -0.00039023497217239406 0.0027869098027744343 6.9024234226533116e-05 -0.0006735019352018673 -0.0010453102211939243 0.00014622515512604516 0.001901681151273535 0.00027113547699928446 0.00023644979863117179 -0.0062368344297565499 0.00091973525835148135 0 0.0012353584694124967 -0.0073588103259825581 -0.0029668315501976514 0.0012613213897224955 -0.001701225670818218 -0.0010360155517054486 0.00077371977211618053 -0.001806385907205357 -0.0055655249176251378 0.00071790573027843952 -0.0063484627674727581 -0.0042402570503010297 -0.0022924046786899251 0.0029824151900353681 0.00051168310240824733 -0.00044061207523978522 -0.00060203636754909448 0.00090625054916722487 0.001892502593149277 -0.0050504727673131161 0.0021283869457475175 1.0382243367162914e-05 -0.0045698948569996541 -0.0010708932493271389 1.5002119360583124e-05 -0.00010783307777528927 0.00034248170621561849 -0.00075873763179490935 -0.00019324116086964337 -0.0088816231054858578
leaf_weight=55 3835 114 4711 46402 49 204 276 306 221 1987 40 34 81 22 297 283 240 2731 21 994 806 26 1171 1489 403 3366 63 1541 232 36 158 31 68 20 38 115 86 73 99 26 27 92 20 24 21 29 100 1669 163 35 32 29 57 63 25 639 56825 8684 2657 33 530 21
leaf_count=55 3835 114 4711 46402 49 204 276 306 221 1987 40 34 81 22 297 283 240 2731 21 994 806 26 1171 1489 403 3366 63 1541 232 36 158 31 68 20 38 115 86 73 99 26 27 92 20 24 21 29 100 1669 163 35 32 29 57 63 25 639 56825 8684 2657 33 530 21
internal_value=-2.83574e-07 -0.000128991 4.47188e-06 -2.52244e-06 -8.56211e-05 -0.000367407 -0.000253954 -0.00035016 -0.00140072 -0.000120222 -0.000938388 -9.85756e-05 -0.000974109 -0.00145531 -0.00120733 -0.000336933 -2.20904e-05 0.000111009 -2.41294e-05 0.000548808 7.77026e-05 -8.67989e-05 -9.42493e-05 -0.000344753 -0.000885218 -1.11285e-05 0.00102312 0.000108178 -0.000174389 -0.00145014 2.88768e-05 -0.000201334 -0.00112915 -0.00290571 -0.000225338 0.000123719 -0.000272227 -0.000384696 -0.000455353 -0.00192985 -0.000318315 -0.000458661 -0.00267123 -0.00188386 -0.00440326 0.00031064 0.00110773 -0.000377211 -6.3016e-05 -0.000169186 0.000478037 1.14351e-05 -1.36882e-05 -0.00222902 -0.00123779 -9.69432e-06 -1.16155e-05 -0.000174388 4.51e-05 2.81764e-05 -0.000556332 -0.00402064
internal_weight=144525 5187 139338 135503 19538 3580 2994 2790 497 2293 586 227 130 359 319 2775 15958 5195 3961 1234 3537 10763 10737 2660 424 8077 97 2412 871 123 748 590 157 51 106 433 318 2661 2378 199 2179 1788 138 97 41 391 129 1761 262 61 87 115965 66322 117 88 66205 66148 9323 49643 46986 584 54
internal_count=144525 5187 139338 135503 19538 3580 2994 2790 497 2293 586 227 130 359 319 2775 15958 5195 3961 1234 3537 10763 10737 2660 424 8077 97 2412 871 123 748 590 157 51 106 433 318 2661 2378 199 2179 1788 138 97 41 391 129 1761 262 61 87 115965 66322 117 88 66205 66148 9323 49643 46986 584 54
is_linear=0
shrinkage=0.05


Tree=92
num_leaves=63
num_cat=0
split_feature=12 13 0 0 0 0 0 13 13 0 13 23 22 0 0 25 14 0 16 21 21 23 3 16 24 24 23 2 11 0 13 16 25 12 24 20 14 25 3 22 25 23 13 22 23 0 20 12 12 0 13 0 24 23 20 16 21 0 13 0 21 13
split_gain=0.0347786 0.0965049 0.0643742 0.0920518 0.207422 0.243381 0.162646 0.278946 0.169911 0.162726 0.156958 0.14613 0.143141 0.114441 0.253469 0.244327 0.190637 0.140269 0.138974 0.125786 0.0902464 0.23273 0.0854721 0.0701844 0.0689933 0.133216 0.117199 0.0764106 0.0665237 0.0408357 0.09993 0.038145 0.0355078 0.0485826 0.140341 0.337405 0.13293 0.231395 0.239394 0.230741 0.219874 0.159203 0.0455232 0.0514181 0.0967384 0.170886 0.0518922 0.0521512 0.0360271 0.0350568 0.0407134 0.0344333 0.0325213 0.0321522 0.0319238 0.0500169 0.0521693 0.0340694 0.0279402 0.0341325 0.0268193 0.025706
threshold=1472.5000000000002 748.76002495509886 1238.5000000000002 1089.5000000000002 1084.5000000000002 1073.5000000000002 1127.5000000000002 673.12306270159718 380.52666342038725 1217.5000000000002 1174.3343828736549 1.5196915268898012 3.1500000953674321 874.00000000000011 848.50000000000011 13.36329221725464 132.04377990430626 455.50000000000006 1.0000000180025095e-35 229.46428680419925 7.0357143878936776 6.4272482395172128 2.5000000000000004 1.5000000000000002 1.2055270075798037 1.3393828868865969 1.7524306774139407 6.5000000000000009 1.0000000180025095e-35 1333.5000000000002 161.09460132450334 4.5000000000000009 42.915185928344734 1471.5000000000002 0.6483249068260194 0.35714286565780645 0.69752141982864146 1.1609040498733523 3.5000000000000004 0.88333332538604747 1.1609040498733523 0.92546257376670849 27.001027904328023 27.183333396911625 1.2342761158943178 385.00000000000006 16.785714149475101 1471.5000000000002 1467.5000000000002 60.500000000000007 44.002055108216133 1328.5000000000002 0.81360203027725231 31.760638236999515 6.357142686843873 3.5000000000000004 198.39286041259768 1167.5000000000002 1528.6715882853325 1320.5000000000002 12.678571701049806 0.012358406516482118
decision_type=2 2 2 2 2 2 2 2 2 2 2 2 2 2 2 2 2 2 2 2 2 2 2 2 2 2 2 2 2 2 2 2 2 2 2 2 2 2 2 2 2 2 2 2 2 2 2 2 2 2 2 2 2 2 2 2 2 2 2 2 2 2
left_child=1 32 3 4 5 13 7 8 11 54 -6 52 22 14 17 18 -17 -2 -15 -16 21 -14 -7 -13 27 -26 -27 -11 -22 51 -31 -24 33 61 35 -35 37 38 -36 41 -41 -38 48 44 45 -44 -46 -48 -34 50 -45 58 -5 -52 -8 56 -56 -57 59 -4 -51 -1
right_child=2 -3 29 6 10 12 9 -9 -10 24 -12 23 20 15 19 16 -18 -19 -20 -21 28 -23 31 -25 25 26 -28 -29 -30 30 -32 -33 42 34 36 -37 39 -39 -40 40 -42 -43 43 49 46 -47 47 -49 -50 60 53 -53 -54 -55 55 57 -58 -59 -60 -61 -62 -63
leaf_value=-0.00032872313600954207 -9.4122608864765698e-05 0.00097847618744483075 0.00024313220573373212 2.0100961495654854e-05 0.0017387914476048349 -0.0015174771179588473 0.0012611395102240838 -0.0014590689052010062 0.00074214751623331648 -0.0001849999200747792 9.7765662486074662e-05 -0.0013982716708622889 -0.0014943103548100776 -0.00038402193397479623 -0.00033222064994359811 0.0006230787974746486 -0.00015835444919510124 0.00024706289042360338 -0.0050419293381653591 -0.001173300870449214 -0.0016229941329354873 -0.0063456536397535936 0.0020612314430525779 -0.00042627025593435988 -0.0046611987276753376 0.0032283249695725103 -0.0005968559362264388 0.0032317511381143591 -5.3762508708881908e-05 0.00040529354333927042 -0.00037456283547868075 -0.00025283047994274403 0.00010514647026075627 0.00059088710795382471 0.0013217550226208349 -0.0063904305740547342 0.0063858007423547433 -0.0061001848993429628 -0.0046612107075163431 -0.0037637523568060855 -8.4453695324729393e-05 3.0316893400540978e-05 -0.0050992942056403198 1.8117221414086101e-05 0.00036765419318382183 0.00067737614162160327 -0.00034743268360512217 -0.0022668836417397225 0.00051030948269736756 0.00067739708215351223 0.00035659794198408118 0.00063113665221334401 0.0023119992869191711 -0.0015928683245226543 -0.00085016479866659037 0.00054591840645082151 0.00051099135118461007 3.8833351467938899e-05 0.00057034206097512691 -0.00039872315723680791 6.6658000913504106e-05 8.2135680944662824e-06
leaf_weight=569 11080 258 597 28 286 34 83 624 354 40 311 220 175 36 1607 1948 1288 4137 33 630 134 30 61 1480 20 20 931 25 150 744 915 20 1305 38 53 30 23 25 24 41 4131 20 28 149 238 21 360 41 999 184 22 601 54 97 190 930 107 549 311 316 14267 90503
leaf_count=569 11080 258 597 28 286 34 83 624 354 40 311 220 175 36 1607 1948 1288 4137 33 630 134 30 61 1480 20 20 931 25 150 744 915 20 1305 38 53 30 23 25 24 41 4131 20 28 149 238 21 360 41 999 184 22 601 54 97 190 930 107 549 311 316 14267 90503
internal_value=-2.69437e-07 1.25389e-05 -4.71454e-05 -7.28205e-05 -2.6241e-05 -5.21525e-05 -0.000252814 -0.000527462 -0.000252911 7.30848e-06 0.000892452 -0.000453419 -0.00104165 -2.31166e-05 -7.44222e-05 0.000246314 0.000310511 -1.03594e-06 -0.00268815 -0.000571369 -0.00141765 -0.00223139 0.000513583 -0.000555075 -0.000493036 -0.000601929 -0.000510822 0.00105528 -0.000812085 0.000154922 -2.18091e-05 0.0014286 1.02917e-05 -1.72101e-06 -0.00016432 -0.00242055 -0.000127567 -0.00191248 -0.000481842 -8.31429e-05 -0.000121899 0.0035527 7.53188e-05 4.39344e-05 -0.000377472 -0.00252541 -0.00020457 -0.000556668 0.000283007 6.3974e-05 -0.000500132 0.00031831 0.00159128 -0.00119048 0.000288846 0.000240523 -0.000342946 0.000361086 0.000160584 1.54834e-05 7.4785e-05 6.05319e-06
internal_weight=144525 113426 31099 27615 21960 21363 5655 2760 2136 2895 597 1782 604 20759 17454 3305 3236 15217 69 2237 489 205 115 1700 1036 971 951 65 284 3484 1659 81 113168 95457 4385 68 4317 102 77 4215 4172 43 17711 15407 688 49 639 401 2304 14719 268 1825 82 119 1859 1776 297 1479 1224 913 14451 91072
internal_count=144525 113426 31099 27615 21960 21363 5655 2760 2136 2895 597 1782 604 20759 17454 3305 3236 15217 69 2237 489 205 115 1700 1036 971 951 65 284 3484 1659 81 113168 95457 4385 68 4317 102 77 4215 4172 43 17711 15407 688 49 639 401 2304 14719 268 1825 82 119 1859 1776 297 1479 1224 913 14451 91072
is_linear=0
shrinkage=0.05


Tree=93
num_leaves=63
num_cat=0
split_feature=12 13 17 13 13 6 15 2 19 20 3 13 20 13 25 13 13 13 20 20 25 25 18 18 3 25 24 24 13 24 14 25 25 14 14 14 24 14 18 15 25 24 20 2 14 17 25 12 20 25 17 15 16 14 13 25 13 17 2 17 13 17
split_gain=0.0314138 0.0870962 0.0457836 0.0670635 0.108373 0.0506657 0.054139 0.138139 0.275284 0.530161 0.097993 0.0911703 0.0725212 0.0669086 0.0489535 0.0925707 0.0615445 0.0999849 0.07897 0.048334 0.0589784 0.133235 0.0395653 0.0624879 0.0380373 0.125593 0.462938 0.141373 0.224325 0.118348 0.139619 0.0808593 0.185438 0.141067 0.191686 0.103482 0.0533625 0.0432508 0.154709 0.32469 0.0821682 0.0734912 0.332352 0.0514493 0.0329515 0.0487932 0.0320838 0.0444475 0.0638424 0.0625124 0.169731 0.272111 0.124026 0.0622319 0.175173 0.0747978 0.0605619 0.0723925 0.308986 0.0477621 0.0411052 0.0347476
threshold=1472.5000000000002 748.76002495509886 12.500000000000002 39.371154303347303 42.822368767556192 1.0000000180025095e-35 5.5000000000000009 4.5000000000000009 14.500000000000002 17.071428298950199 2.5000000000000004 22.261659823776359 14.785714149475099 6.0007451564828624 113.35121154785158 161.09460132450334 326.68300764977664 259.92204015330725 434.92857360839849 64.928569793701186 70.021434783935561 58.921611785888679 148.50000000000003 11.500000000000002 1.5000000000000002 0.79833617806434642 0.6483249068260194 1.0324271321296694 0.51166980934422812 1.9079059958457949 4.880476190476192 0.79833617806434642 0.91412833333015453 0.31876094919573184 0.27806414662084772 0.58380149812734095 0.82708111405372631 1.7783625730994153 1.5000000000000002 1.0000000180025095e-35 1.068082928657532 4.4317164421081552 4.9285714626312265 4.5000000000000009 19.095817545904989 23.500000000000004 42.915185928344734 1468.5000000000002 37.928571701049812 5.1318814754486093 6.5000000000000009 9.5000000000000018 1.5000000000000002 1.9453300124533004 2.0854774876914521 8.6575989723205584 23.616357172843149 1.0000000180025095e-35 3.5000000000000004 5.5000000000000009 27.001027904328023 6.5000000000000009
decision_type=2 2 2 2 2 2 2 2 2 2 2 2 2 2 2 2 2 2 2 2 2 2 2 2 2 2 2 2 2 2 2 2 2 2 2 2 2 2 2 2 2 2 2 2 2 2 2 2 2 2 2 2 2 2 2 2 2 2 2 2 2 2
left_child=1 46 24 5 -5 6 7 8 11 -10 -9 -4 -8 -12 19 22 17 -17 -18 20 21 -6 23 -16 25 26 -2 -27 -29 -30 -31 33 36 34 -26 -35 -33 38 40 -40 -34 42 -39 -43 45 -14 47 -1 49 50 52 -52 -49 55 -55 -51 -50 58 -58 -59 -48 -62
right_child=2 -3 3 4 14 -7 12 10 9 -11 13 -13 44 -15 15 16 18 -19 -20 -21 -22 -23 -24 -25 31 27 -28 28 29 30 -32 32 37 35 -36 -37 -38 41 39 -41 -42 43 -44 -45 -46 -47 60 48 56 53 51 -53 -54 54 -56 -57 57 59 -60 -61 61 -63
leaf_value=1.4878490120497077e-05 0.0012820415134088691 0.00092957132821798894 -0.0016713214991889995 0.00072885931299851523 0.00012454821926575672 0.00039694632640601617 0.00061149460464871431 0.00073265279978226839 -0.010508048276347399 -0.0012988187492182079 -0.002925908845162454 0.0012897396757537932 -3.3860065561876428e-05 -0.00052060184688216941 0.00043616865706796472 -0.00010519328804805512 0.00020011219738377763 -0.00081208700201868824 -0.00010268423854615209 -0.00031765213693683023 0.00062652440577810344 -0.0011340011252496405 0.00059384792784555451 -0.00033327938156139784 0.0022707346343740632 0.0029216684655898519 -0.0077322438637498006 -0.0049088627393685932 0.0018050351589645889 -0.0012340752296901745 1.4057325267650336e-05 -0.0051127629975477847 0.0040781879550141602 0.0037049079812852396 -0.0040522805282047812 -0.00022410350847081162 -0.0012712974810000673 -0.00018524135111771894 -0.005331954668528845 0.0014833015365406622 0.0010162584945561631 0.00031401859606322769 -0.0062604352275365607 0 -0.00032149423480515966 -0.0021207663423903874 0.00026896666590937412 -0.00040240973318614098 0.00032724989026774581 0.0012147361115898369 -0.0010298835839145368 -0.0072165459097914431 0.00045662602523299713 -0.0020575418660162886 -8.2544759902379246e-06 -0.00055298893156507933 -0.0045998424618030149 0.00052213181213339526 -0.00024130099205180042 -0.00052424072005273243 -4.8434186728879088e-05 0.00010406914291818466
leaf_weight=77243 33 258 59 427 997 171 185 133 24 49 38 45 55 157 623 1906 2900 689 8322 3405 317 265 722 452 24 39 24 24 82 252 1950 20 27 60 23 20 25 380 29 42 175 2321 24 2939 575 70 2304 1429 216 211 193 20 591 105 14346 79 56 125 158 685 6263 9144
leaf_count=77243 33 258 59 427 997 171 185 133 24 49 38 45 55 157 623 1906 2900 689 8322 3405 317 265 722 452 24 39 24 24 82 252 1950 20 27 60 23 20 25 380 29 42 175 2321 24 2939 575 70 2304 1429 216 211 193 20 591 105 14346 79 56 125 158 685 6263 9144
internal_value=-2.53503e-07 1.19178e-05 -4.48059e-05 -8.2139e-05 -5.83831e-05 -0.000398878 -0.0005004 -0.000917385 -0.00204757 -0.00440514 -0.000291824 -0.000342054 -0.000256734 -0.00101622 -7.49489e-05 -3.10234e-05 -7.52199e-05 -0.000294832 -2.39887e-05 -0.000211553 1.40803e-05 -0.000135834 0.000306003 0.000107991 5.36556e-05 -0.000113756 -0.00243278 -5.52044e-05 -0.000107797 -5.49467e-05 -0.00012656 0.000120354 9.29405e-05 0.00137118 -0.000719384 0.00266118 -0.00309703 0.000118013 0.000735089 -0.00123366 0.00145208 8.73753e-05 -0.000559977 0.000138056 -0.000493391 -0.00124326 9.7807e-06 -1.63564e-06 -7.19439e-05 -4.63101e-05 -0.000292909 -0.00163737 -0.000148593 -8.61386e-06 -2.35046e-05 0.000715923 -0.000418773 -0.000581036 -0.00140682 -0.000356547 7.15933e-05 4.17516e-05
internal_weight=144525 113426 31099 22586 21025 1561 1390 505 177 73 328 104 885 195 20598 15614 13817 2595 11222 4984 1579 1262 1797 1075 8513 2404 57 2347 2308 2284 2202 6109 5982 127 47 80 45 5937 273 71 202 5664 404 5260 700 125 113168 95457 18214 16974 2233 213 2020 14741 14451 290 1240 1024 214 810 17711 15407
internal_count=144525 113426 31099 22586 21025 1561 1390 505 177 73 328 104 885 195 20598 15614 13817 2595 11222 4984 1579 1262 1797 1075 8513 2404 57 2347 2308 2284 2202 6109 5982 127 47 80 45 5937 273 71 202 5664 404 5260 700 125 113168 95457 18214 16974 2233 213 2020 14741 14451 290 1240 1024 214 810 17711 15407
is_linear=0
shrinkage=0.05


Tree=94
num_leaves=63
num_cat=0
split_feature=0 0 0 0 0 0 20 14 0 16 25 20 21 12 12 0 25 14 0 0 14 0 10 14 25 16 12 14 8 25 21 17 25 21 14 17 20 21 12 21 21 21 21 2 25 14 20 2 0 20 14 0 25 12 0 21 0 6 15 15 18 12
split_gain=0.0300022 0.0906356 0.0890109 0.0560145 0.123619 0.0813386 0.132685 0.240914 0.152545 0.145103 0.0881283 0.0947136 0.106368 0.0516852 0.105952 0.125229 0.0907273 0.0837436 0.0784025 0.0794791 0.102697 0.0514042 0.050406 0.0503222 0.0461542 0.0416867 0.0385897 0.17107 0.0890768 0.0690141 0.258572 0.0612483 0.0669544 0.0437842 0.0457057 0.0445548 0.0403548 0.0399728 0.036066 0.0520248 0.0731012 0.0376108 0.0368965 0.0356353 0.0672679 0.232399 0.110402 0.132857 0.0539465 0.0395622 0.0527522 0.0376185 0.0369641 0.0506703 0.0341078 0.0597009 0.108017 0.116568 0.116541 0.0880757 0.184249 0.0788691
threshold=60.500000000000007 39.500000000000007 93.500000000000014 326.50000000000006 302.50000000000006 312.50000000000006 1.7857142686843874 31.973328591749645 317.50000000000006 1.5000000000000002 1.9017534255981448 1.214285731315613 0.10714286193251611 1470.5000000000002 1471.5000000000002 297.50000000000006 14.223200321197512 433.72750686813191 297.50000000000006 254.50000000000003 5.3430703624733482 187.50000000000003 -0.93301270189221919 128.02927350427353 15.62969493865967 1.5000000000000002 1450.5000000000002 3.9846117424242427 0.6078576107927941 8.6575989723205584 5.7500000000000009 7.5000000000000009 5.7398085594177255 8.3214282989501971 5.7181985294117661 2.5000000000000004 2.3571429252624516 16.250000000000004 1100.0000000000002 1.8214285373687746 2.0357142686843877 3.1071428060531621 3.5357142686843877 7.5000000000000009 2.0399740934371953 1.0314144736842108 0.78571429848670971 5.5000000000000009 1.0000000180025095e-35 3.3571429252624516 11.516862447896932 21.500000000000004 0.46361231803894049 1404.0000000000002 416.50000000000006 338.67857360839849 397.50000000000006 1.0000000180025095e-35 23.500000000000004 464.50000000000006 153.50000000000003 1412.5000000000002
decision_type=2 2 2 2 2 2 2 2 2 2 2 2 2 2 2 2 2 2 2 2 2 2 2 2 2 2 2 2 2 2 2 2 2 2 2 2 2 2 2 2 2 2 2 2 2 2 2 2 2 2 2 2 2 2 2 2 2 2 2 2 2 2
left_child=1 25 38 4 13 10 -7 9 -9 -8 11 12 -6 18 16 17 -15 -16 19 21 -21 -4 -3 -17 -18 43 -24 28 31 33 -31 32 -28 35 -35 -29 -30 -32 -2 -40 -41 -42 -43 44 45 46 48 -48 -1 52 -51 -46 -45 -54 55 56 59 61 -59 -5 -61 -58
right_child=2 22 3 54 5 6 7 8 -10 -11 -12 -13 -14 14 15 23 24 -19 -20 20 -22 -23 26 -25 -26 -27 27 29 36 30 37 -33 -34 34 -36 -37 -38 -39 39 40 41 42 -44 49 51 -47 47 -49 -50 50 -52 -53 53 -55 -56 -57 57 58 -60 60 -62 -63
leaf_value=-0.001530929517970758 -7.5456565249337493e-05 0.00070074985190982304 -0.00011937827417133269 -3.4990732736141723e-05 0.0013909892321685956 0.00098572623282445126 -0.00051130843179473726 0.00092386878328987372 -0.00027344169424233455 -0.0022557776821628484 -0.0014479005139779568 0.0028357936778948419 -0.0010844791018780381 0.0014657649371185612 0.00022068966539132628 -0.0010113289600175207 -0.0014943709817160698 -0.0003405460913657721 0.0026469480083502429 -1.9078058269076477e-05 -0.00064446588052953068 0.00013634119106291178 0.00018059378166687375 0.00078774072668814747 0.00037764413164080351 0.00031366007625363682 -0.0035130814002887578 0.00069132678359400124 -0.0017087693788268216 -0.0052871986207461185 0.00010604440187544577 0 -7.0048453499428661e-05 0.0028384263355595366 0.00048633871799004953 -0.0006255446042988589 0.00086235654145012215 -0.00047178251605467639 0.0012662378816099586 -0.0025109549899670208 0.0011145636465497628 -0.0012927069160535009 0.0002728020617141016 -0.00059993062292556512 0.0010831582855469145 -0.0049387625484159552 -0.00046364849901574918 -0.0038707043545584251 0.00040238629382385242 -0.0025090760253441173 8.7762330228658821e-05 -7.3759349847485884e-05 0.0001578519903915269 0.0016372666323407775 2.4065347273378946e-06 0.00043626110109419407 5.2513243048333369e-05 -0.00010877919114010049 -0.0029583662659494348 -0.005309274169631859 0.00066608195355444028 0.00071789669437244809
leaf_weight=41 706 114 4711 6132 55 204 267 306 1987 230 321 23 187 210 2655 384 33 882 26 1354 1306 3366 283 40 991 1203 98 110 26 27 364 20 20 29 100 152 35 1397 140 23 136 37 2793 51 96 30 98 43 272 26 65 237 140 110 106412 1170 715 181 46 24 25 1260
leaf_count=41 706 114 4711 6132 55 204 267 306 1987 230 321 23 187 210 2655 384 33 882 26 1354 1306 3366 283 40 991 1203 98 110 26 27 364 20 20 29 100 152 35 1397 140 23 136 37 2793 51 96 30 98 43 272 26 65 237 140 110 106412 1170 715 181 46 24 25 1260
internal_value=-2.52021e-07 -0.000118357 4.10875e-06 -2.57786e-06 -8.09267e-05 -0.000346547 -0.000238802 -0.000330162 -0.000111447 -0.00132896 -0.000888375 -0.000191459 -0.000500878 -2.10225e-05 0.000108077 -1.67392e-05 0.000512743 7.93185e-05 -8.38002e-05 -9.09031e-05 -0.000328022 -1.21906e-05 -0.000313662 -0.00082967 0.000312293 0.000104273 -0.000359024 -0.00042535 -0.00183313 -0.00029441 -0.000427157 -0.00253907 -0.00297241 0.000299797 0.00105562 -5.35302e-05 -0.000152703 -0.000349507 0.000241666 0.000314817 0.00026854 0.000291863 0.000250523 -9.99493e-05 -0.000291025 -0.000670109 -0.000376003 -0.00154012 0.000132763 0.000285509 -0.000601247 0.000244981 0.000570314 0.000829181 1.05794e-05 0.000101094 5.37142e-05 0.000354704 -0.000709294 -5.27093e-05 -0.00216364 0.000479557
internal_weight=144525 5187 139338 135503 19538 3580 2994 2790 2293 497 586 265 242 15958 5195 3961 1234 3537 10763 10737 2660 8077 2775 424 1024 2412 2661 2378 199 2179 1788 138 118 391 129 262 61 1761 3835 3129 2989 2966 2830 1209 817 484 454 141 313 392 91 333 301 250 115965 9553 8383 2202 227 6181 49 1975
internal_count=144525 5187 139338 135503 19538 3580 2994 2790 2293 497 586 265 242 15958 5195 3961 1234 3537 10763 10737 2660 8077 2775 424 1024 2412 2661 2378 199 2179 1788 138 118 391 129 262 61 1761 3835 3129 2989 2966 2830 1209 817 484 454 141 313 392 91 333 301 250 115965 9553 8383 2202 227 6181 49 1975
is_linear=0
shrinkage=0.05


Tree=95
num_leaves=63
num_cat=0
split_feature=0 0 13 0 13 0 13 13 0 0 0 4 15 8 10 13 0 10 23 18 17 21 13 22 13 0 22 0 0 23 13 0 17 15 16 24 0 0 23 21 0 10 9 18 0 11 10 0 0 24 13 13 0 20 20 13 0 0 22 13 17 22
split_gain=0.0287731 0.0648997 0.0542306 0.0883179 0.0745943 0.057377 0.0713869 0.237865 0.0542754 0.0623049 0.106392 0.0499072 0.0909124 0.048054 0.0673598 0.0550241 0.0471584 0.0904478 0.157854 0.127588 0.332553 0.0534751 0.0463453 0.0443039 0.0437088 0.0657979 0.119531 0.106263 0.218812 0.0647681 0.225052 0.0966619 0.111045 0.121405 0.106111 0.0933392 0.0828177 0.137495 0.0802817 0.0786011 0.0519116 0.0483589 0.0842846 0.0432948 0.0421817 0.0544119 0.0682231 0.0492113 0.0414092 0.0640988 0.128471 0.135264 0.0973109 0.0410037 0.0941016 0.13224 0.0378732 0.0362404 0.0357045 0.034645 0.0360989 0.0686729
threshold=1328.5000000000002 1333.5000000000002 161.09460132450334 1340.5000000000002 1.9518080787228189 1371.5000000000002 0.12123728984194103 0.12882395757512741 1391.5000000000002 1545.5000000000002 1529.5000000000002 1.0000000180025095e-35 1.5000000000000002 -1.0000000180025095e-35 0.25000000000000011 0.01811713126860948 60.500000000000007 0.93301270189221952 0.51123625040054332 8.5000000000000018 2.5000000000000004 50.892856597900398 0.022807495572261926 50.650001525878913 0.086988585353341044 1243.5000000000002 0.050000002607703216 1305.5000000000002 1284.0000000000002 1.5885795354843142 0.14261011741074633 492.50000000000006 15.500000000000002 1.5000000000000002 1.0000000180025095e-35 52.940071105957038 1121.5000000000002 1127.5000000000002 1.5039421916007998 1.2500000000000002 1109.5000000000002 0.25000000000000011 1.0000000180025095e-35 109.50000000000001 883.50000000000011 0.6830127018922193 1.0000000180025095e-35 1147.5000000000002 1284.0000000000002 0.859644114971161 0.059744343706607868 0.22559557572319913 1305.5000000000002 1.7857142686843874 2.928571462631226 1.8956416286545557 109.50000000000001 1389.5000000000002 1.0000000180025095e-35 0.012358406516482118 1.5000000000000002 0.41666667163372045
decision_type=2 2 2 2 2 2 2 2 2 2 2 2 2 2 2 2 2 2 2 2 2 2 2 2 2 2 2 2 2 2 2 2 2 2 2 2 2 2 2 2 2 2 2 2 2 2 2 2 2 2 2 2 2 2 2 2 2 2 2 2 2 2
left_child=13 -2 3 -3 5 6 -5 -8 57 10 -10 22 -13 14 48 44 17 21 -19 -20 -21 -16 -7 -23 25 58 41 28 -28 31 -31 32 35 -34 39 -26 40 -38 -36 -33 -32 -27 -43 -11 45 46 -15 -46 59 50 -50 52 -52 -51 55 -55 -18 -6 -17 -1 -61 -62
right_child=1 2 -4 4 8 11 7 -9 9 43 -12 12 -14 15 16 24 56 18 19 20 -22 23 -24 -25 29 26 27 -29 -30 30 36 34 33 -35 38 -37 37 -39 -40 -41 -42 42 -44 -45 47 -47 -48 -49 49 53 51 -53 -54 54 -56 -57 -58 -59 -60 60 61 -63
leaf_value=-0.0018821587983659837 0.00043062483267344533 0.0011969107560802644 -0.00035095858170103414 0.00025197178494814563 0.00025861342650167305 -0.00031404471133116224 -0.005976946665784035 -0.00053279280666422427 6.8145824814468923e-07 0.00027740035359712231 -0.0014831281833575891 -0.00022403242931945397 0.00035064830516542516 -0.0024603280718270303 0.00017450816894562345 0.00013199394439096043 0.00036929873759504461 -0.004640769056186724 0.0004857142063864073 -0.0073478020186118808 -0.00028836753904875608 -0.002685475777718653 6.4949274936071147e-05 -0.00039846580130065937 -3.6290397664826829e-05 0.00086648683148827913 -0.0013976096953962737 0.00058280372683732927 -0.0071693148197320231 -0.0047961671216623482 -3.4642721201362666e-05 8.4030723986423526e-06 -0.0006175584864798315 -0.0038450124166863713 0.00068134622087785419 -0.0030387885387722843 -0.00075263129862126077 -0.00012542646244268385 -0.00090769509376262725 0.00051519405408143937 0.00037234874410570554 0.00035722871125307148 -0.0035211237358156906 -0.00091553168731886017 0.0028330851517501016 0.0016888030622271427 0.00051583777331903977 0 0.0009298275658685683 0.00072390742936053181 -0.0059278289411151992 0.00052843599946857578 -0.001513566754864416 0 -0.00015299556735042679 -0.0052227356815327652 8.2294771107395203e-05 0.00077261606177581532 -0.00028437424463596307 4.5950399630084415e-05 -0.00091746185874745027 -6.3001939610538656e-05
leaf_weight=25 1035 164 915 254 1843 852 21 546 4307 3168 124 4488 807 29 741 710 1224 28 116 22 75 28 14129 121 4372 71 62 23 24 25 38524 4774 150 38 1289 26 985 8137 82 916 798 33 22 76 43 43 52 21 35 99 30 22 28 28 510 23 22624 442 1754 10586 241 11745
leaf_count=25 1035 164 915 254 1843 852 21 546 4307 3168 124 4488 807 29 741 710 1224 28 116 22 75 28 14129 121 4372 71 62 23 24 25 38524 4774 150 38 1289 26 985 8137 82 916 798 33 22 76 43 43 52 21 35 99 30 22 28 28 510 23 22624 442 1754 10586 241 11745
internal_value=-2.3829e-07 4.0602e-05 2.78837e-05 3.91478e-05 3.28692e-05 -2.01658e-05 -0.000429967 -0.000744263 0.000145708 8.11767e-05 -3.97466e-05 -3.32383e-06 -0.000135497 -1.2449e-05 2.49804e-05 -4.12532e-05 8.2127e-05 -0.000232026 -0.00109107 -0.000599021 -0.00194689 0 4.30594e-05 -0.000863287 -4.38857e-05 -0.000241038 -0.00104421 -0.00225581 -0.00307285 -3.49507e-05 -6.04471e-05 7.07232e-05 -0.000107317 -0.0012982 0.000187065 -5.5246e-05 -5.78901e-05 -0.000193708 0.000582599 9.08747e-05 -2.62552e-05 0 -0.00110694 0.000247884 0.000811277 0.000226164 -0.000489771 0.00186481 -3.58816e-05 -0.000395637 -0.00149126 -0.00261274 -0.00388914 -0.000196962 -0.00036848 -0.00242096 9.72364e-05 0.000360257 -0.000162368 -2.33203e-05 -2.10317e-05 -8.0607e-05
internal_weight=144525 33171 32136 31221 31057 21097 821 567 9960 7675 4431 20276 5295 111354 48351 63003 24979 1131 241 213 97 890 14981 149 62815 2699 235 109 86 60116 48469 11647 4586 188 7061 4398 48444 9122 1371 5690 39322 126 55 3244 188 124 81 64 23372 775 115 80 58 660 561 51 23848 2285 2464 22597 22572 11986
internal_count=144525 33171 32136 31221 31057 21097 821 567 9960 7675 4431 20276 5295 111354 48351 63003 24979 1131 241 213 97 890 14981 149 62815 2699 235 109 86 60116 48469 11647 4586 188 7061 4398 48444 9122 1371 5690 39322 126 55 3244 188 124 81 64 23372 775 115 80 58 660 561 51 23848 2285 2464 22597 22572 11986
is_linear=0
shrinkage=0.05


Tree=96
num_leaves=63
num_cat=0
split_feature=3 0 0 14 22 24 11 12 24 20 23 0 0 0 25 18 12 23 20 2 0 25 25 12 8 23 14 12 12 12 0 24 2 0 12 14 0 25 14 0 0 14 0 22 22 10 25 20 25 25 12 18 16 16 24 0 0 20 23 24 24 14
split_gain=0.0287935 0.0755366 0.0693589 0.112897 0.217308 0.223513 0.405837 0.0679782 0.0903097 0.064704 0.179725 0.0574834 0.0473837 0.0848328 0.122079 0.416721 0.374625 0.080495 0.121145 0.0431045 0.0790794 0.0768189 0.0523545 0.0657572 0.0900874 0.0710672 0.0471616 0.168043 0.099633 0.158293 0.125065 0.0943199 0.0593328 0.049966 0.0470282 0.308777 0.445742 0.568047 0.39 0.194021 0.837421 0.155452 0.110115 0.0882508 0.086278 0.0694578 0.0966959 0.0379985 0.0824807 0.194957 0.271307 0.0656042 0.0599656 0.058829 0.0911826 0.121089 0.0880016 0.148346 0.163115 0.0616112 0.193649 0.0557526
threshold=1.5000000000000002 455.50000000000006 426.50000000000006 0.31876094919573184 0.81666666269302379 1.0324271321296694 -0.5 1404.0000000000002 0.99586963653564464 1.5000000000000002 4.3177366256713876 433.50000000000006 353.50000000000006 317.50000000000006 23.011291503906254 31.500000000000004 1470.5000000000002 21.849594116210941 22.928571701049808 4.5000000000000009 2415.5000000000005 3.1224989891052251 1.9746960401535036 1018.5000000000001 -0.8783796973249266 1.0908710956573489 0.014389233954451347 744.50000000000011 914.00000000000011 1055.5000000000002 2033.5000000000002 0.31519888341426855 7.5000000000000009 1653.5000000000002 1301.5000000000002 0.12637628554143984 503.50000000000006 0.7291143834590913 0.079156223893066008 1794.0000000000002 1729.5000000000002 0.1398924731182796 1.0000000180025095e-35 0.18333333730697635 1.0000000180025095e-35 -0.6830127018922193 0.67678761482238781 0.78571429848670971 0.84452250599861156 0.74817627668380748 1259.5000000000002 1.0000000180025095e-35 3.5000000000000004 1.0000000180025095e-35 1.0324271321296694 1921.5000000000002 492.50000000000006 8.5000000000000018 3.0433351993560795 1.0906690359115603 1.1590536236763003 0.55612829324169544
decision_type=2 2 2 2 2 2 2 2 2 2 2 2 2 2 2 2 2 2 2 2 2 2 2 2 2 2 2 2 2 2 2 2 2 2 2 2 2 2 2 2 2 2 2 2 2 2 2 2 2 2 2 2 2 2 2 2 2 2 2 2 2 2
left_child=1 2 12 7 5 6 -5 -4 -9 -6 -11 -12 13 -1 15 16 -15 -16 -19 20 -2 22 23 -22 -25 -26 27 -21 30 -30 33 32 -31 -29 -28 36 37 38 -36 40 -38 45 -43 -41 -44 46 -37 51 49 -49 -51 52 -3 56 55 -55 57 58 -50 -58 -61 -54
right_child=19 47 3 4 9 -7 -8 8 -10 10 11 -13 -14 14 17 -17 -18 18 -20 26 21 -23 -24 24 25 -27 34 28 29 31 -32 -33 -34 -35 35 41 39 -39 -40 43 -42 42 44 -45 -46 -47 -48 48 53 50 -52 -53 61 54 -56 -57 59 -59 -60 60 -62 -63
leaf_value=-8.9837167318111786e-05 5.9828154197438974e-05 4.9324870402626118e-05 -0.00010151506986157545 0.0033790386348280092 0.0011529518549204434 -0.0077605690781951025 -0.0056810270655589653 0.0040908270917585417 -0.00011122794219510472 -0.0053918896545308509 -0.0016980301490826172 -0.00022817104123207252 9.5862095100401117e-05 -0.00018462244452655639 0.0010649356954801918 -0.008290792786080704 -0.0044973176949736531 -0.0020257340143358823 -0.00018775327515764334 -5.4907919460767392e-05 0.00033088061893077358 -0.0028909359503112089 0.0011280929895378915 -0.0043584868723115363 -0.0017997558745759881 0.00087163929157260298 6.9693197491771036e-05 -0.0028910912078693196 0.0021662167891442216 -0.0049311761626566961 -0.00012145414716598898 0.00020349441018326873 -0.001424994217822739 -0.0068857810538799609 -0.0018512073970562198 0.0025924778230029255 -0.00051600442914057629 0.0028116461760665647 -0.00980411034885636 0.0013847336486083465 -0.0086636814440035417 0.0026301497283875179 -0.0033001624205293346 -0.00053366630113941508 -2.1822347795491644e-05 0.0022726425008863962 -0.0018530911487555993 0.0013967053740112207 0 0 -0.0066011657876479269 0.00043518355133999792 0 -0.00020471319820790793 4.1917577837483068e-05 -0.0050855172413461535 0.0010811305866165594 0.00016879585351331584 -0.0053100514197420845 -0.0029739118963413168 -0.00011698278611831218 -0.0037451202986965798
leaf_weight=7446 40467 8239 89 22 48 22 27 27 20 20 85 362 2207 329 107 20 60 100 969 958 76 38 42 23 66 37 15284 24 32 26 24 31 33 20 28 21 331 20 40 132 35 39 20 105 44927 107 29 35 23 32 30 1204 22 41 13730 20 103 61 37 60 5893 20
leaf_count=7446 40467 8239 89 22 48 22 27 27 20 20 85 362 2207 329 107 20 60 100 969 958 76 38 42 23 66 37 15284 24 32 26 24 31 33 20 28 21 331 20 40 132 35 39 20 105 44927 107 29 35 23 32 30 1204 22 41 13730 20 103 61 37 60 5893 20
internal_value=-2.37125e-07 -3.54287e-05 -0.000141468 -0.000617989 -0.000922762 -0.00352725 -0.00151281 0.000658198 0.00220012 -0.000553374 -0.00073967 -0.000519175 -0.000110403 -0.000161365 -0.000494206 -0.001241 -0.000863655 -0.000230145 -0.000364538 1.38948e-05 5.38979e-05 -0.000779082 -0.000428654 -0.000777472 -0.00148539 -0.000791717 -1.22043e-05 -0.00032978 -0.00168865 -0.000778106 -0.00324532 -0.00188171 -0.00306042 -0.00483173 -6.15683e-06 -3.15593e-05 -0.00108054 -0.00441146 -0.00661033 -0.00058549 -0.00131096 -1.53896e-05 -2.09822e-05 0.000513855 -2.33997e-05 0.00155427 0 7.32067e-06 -3.14778e-05 -0.00148606 -0.00319357 8.99233e-05 3.91164e-05 -2.41539e-05 3.2985e-05 -0.00189251 -0.000152532 -0.00149091 -0.00325895 -0.000124942 -0.000146667 -0.00184004
internal_weight=144525 41510 11960 722 586 71 49 136 47 515 467 447 11238 9031 1585 409 389 1176 1069 103015 40749 282 244 202 126 103 62266 1148 190 122 68 90 59 44 61118 45834 691 88 68 603 366 45143 44986 237 44947 157 50 29550 20065 97 62 9485 8281 19968 13791 61 6177 121 60 6056 5953 42
internal_count=144525 41510 11960 722 586 71 49 136 47 515 467 447 11238 9031 1585 409 389 1176 1069 103015 40749 282 244 202 126 103 62266 1148 190 122 68 90 59 44 61118 45834 691 88 68 603 366 45143 44986 237 44947 157 50 29550 20065 97 62 9485 8281 19968 13791 61 6177 121 60 6056 5953 42
is_linear=0
shrinkage=0.05


Tree=97
num_leaves=63
num_cat=0
split_feature=12 13 0 0 0 0 0 0 13 13 13 0 0 22 16 14 0 21 20 15 14 23 0 0 0 22 21 22 21 21 14 21 9 23 21 0 13 0 23 0 0 13 13 11 20 12 13 13 13 15 0 0 20 15 12 13 12 22 23 22 22 23
split_gain=0.0265238 0.076716 0.0575028 0.0557726 0.0802529 0.184127 0.212789 0.144108 0.138157 0.1377 0.129587 0.10172 0.231273 0.202036 0.20142 0.161638 0.123782 0.112837 0.0803373 0.0973177 0.19102 0.212145 0.0736779 0.148695 0.106634 0.134477 0.0772372 0.0617866 0.145385 0.0599923 0.156181 0.0559429 0.0479587 0.0467909 0.040824 0.0349168 0.0810605 0.0342148 0.0308069 0.0307354 0.252279 0.20894 0.267725 0.258092 0.217177 0.0741229 0.0469639 0.130482 0.198438 0.0987273 0.0978349 0.0763396 0.105063 0.057163 0.0485601 0.0454429 0.194773 0.351025 0.0918946 0.0852037 0.0858373 0.0829253
threshold=1472.5000000000002 353.76529208633787 1121.5000000000002 1238.5000000000002 1089.5000000000002 1084.5000000000002 1073.5000000000002 1098.5000000000002 1174.3343828736549 397.01947800983203 1.8956416286545557 874.00000000000011 848.50000000000011 7.5166666507720956 1.0000000180025095e-35 132.04377990430626 455.50000000000006 229.46428680419925 8.2142858505249041 1.0000000180025095e-35 0.52865353037766838 1.1442969441413882 1127.5000000000002 1167.5000000000002 1121.5000000000002 245.28333282470706 33.107143402099616 3.1500000953674321 4.2500000000000009 0.53571429848670971 0.55612829324169544 1.1785714626312258 -0.22252093395631442 57.896663665771491 2.6071428060531621 1333.5000000000002 161.09460132450334 690.50000000000011 1.4390318393707278 600.50000000000011 575.50000000000011 0.26734392189218931 0.29348965454379733 0.25000000000000017 1.0714285969734194 1464.5000000000002 125.99754684759533 55.038455681225805 42.822368767556192 201.50000000000003 568.50000000000011 254.50000000000003 28.357143402099613 464.50000000000006 1470.5000000000002 1.9518080787228189 1470.5000000000002 1.8833333253860476 1.1232953071594241 1.5500000119209292 1.1499999761581423 15.491165161132814
decision_type=2 2 2 2 2 2 2 2 2 2 2 2 2 2 2 2 2 2 2 2 2 2 2 2 2 2 2 2 2 2 2 2 2 2 2 2 2 2 2 2 2 2 2 2 2 2 2 2 2 2 2 2 2 2 2 2 2 2 2 2 2 2
left_child=1 39 37 4 5 6 11 9 -7 -6 32 12 16 14 -13 -15 -2 -14 19 29 21 -21 24 33 25 -20 -26 34 -29 30 -9 -22 -8 -24 -12 -5 -37 -3 -31 40 46 -42 43 -43 -44 -46 47 48 50 -50 -1 -48 -53 -54 -49 56 61 59 -57 60 -58 -41
right_child=3 2 -4 35 7 8 10 18 -10 -11 27 13 17 15 -16 -17 -18 -19 22 20 31 -23 23 -25 26 -27 -28 28 -30 38 -32 -33 -34 -35 -36 36 -38 -39 -40 55 41 42 44 -45 45 -47 51 54 49 -51 -52 52 53 -55 -56 58 57 -59 -60 -61 -62 -63
leaf_value=1.1522875676701213e-05 -8.459051046497277e-05 0.00024943253338155768 -0.00022593745818720687 0.00029794349280955239 -0.00013846918750332326 0.0016381506886360001 0.0027022053628417428 0.0020809292219732163 9.7275770863200739e-05 -0.0016536875211973221 -0.00093257413261225183 -0.00022602878869549886 -0.00031520107004199074 0.00057537995290049136 -0.0064474140459037394 -0.00014313596641095462 0.00023591041872602215 -0.0011122169848154673 -0.00040507557814376021 -0.0053157522728974199 0.0025209437872422491 0.00066940510103783292 -0.0019342327325961633 -0.00034448499650452629 -0.0038709678778955387 0.00095004058100895512 -0.00068387920980531188 -0.0032838207549044486 -0.00098521050901359672 0.0029497035944240032 -0.0034755039995494072 0 -8.2015758558708123e-05 0.00045678163655923801 0.0013193726764057978 0.00036808499086274013 -0.00033431315101088433 0.00081625700084866275 0.0011642711134016758 -8.4413517325843589e-07 0.00042629440665574339 -0.0070221027670717669 0.00065857173714554821 -0.00046816486818870634 -0.00040694869636652257 -0.0012552286566646633 9.2342063218117716e-05 0.0001575397071005907 -0.00061535161335302482 -0.0039673296969308797 -0.0016473886501524853 -0.0043266182188500665 -0.00047838544787145781 -0.0032523069113136183 0.00063541100529326019 0.0003939315179999772 -0.0005475446072816622 -0.0067762474163695881 4.5080397559997932e-05 0.0022180803023211285 -0.0028170211480183244 -0.0032135067400331399
leaf_weight=31898 11080 562 303 1825 289 286 29 34 311 330 45 36 1607 1959 22 1288 4137 630 635 32 38 25 20 1539 20 257 1121 88 380 56 20 59 26 1113 36 744 915 570 67 36000 397 34 238 30 404 825 537 1179 1018 23 89 20 512 20 1025 2000 263 26 35359 22 52 20
leaf_count=31898 11080 562 303 1825 289 286 29 34 311 330 45 36 1607 1959 22 1288 4137 630 635 32 38 25 20 1539 20 257 1121 88 380 56 20 59 26 1113 36 744 915 570 67 36000 397 34 238 30 404 825 537 1179 1018 23 89 20 512 20 1025 2000 263 26 35359 22 52 20
internal_value=-2.50851e-07 1.09302e-05 0.00037424 -4.11917e-05 -6.51007e-05 -2.15951e-05 -4.60217e-05 -0.000233158 0.000843975 -0.000954472 -0.000971229 -1.88567e-05 -6.72423e-05 0.000235154 -0.00267896 0.000288828 2.21551e-06 -0.000541937 -0.000143488 0.000605627 -0.000286697 -0.00260654 -0.000197263 -2.26905e-05 -0.000424235 -8.97665e-06 -0.00074446 -0.00120782 -0.00142872 0.00140995 0 0.0010263 0.00129752 0.000409995 7.03157e-06 0.000146878 -1.62967e-05 0.000539311 0.0020195 6.22994e-06 -3.00807e-05 -0.000587415 -0.000853554 -0.00403347 -0.000711152 -0.000980504 -3.56956e-07 9.50144e-06 -1.52101e-05 -0.000694587 6.7457e-06 -0.000323864 -0.000737761 -0.000592657 0.000382067 2.51316e-05 -1.453e-05 -0.0011668 6.38909e-05 -0.000717313 -0.000938831 -2.77568e-06
internal_weight=144525 113426 1435 31099 27615 21960 21363 5655 597 619 604 20759 17454 3305 58 3247 15217 2237 5036 331 154 57 4705 2672 2033 892 1141 549 468 177 54 97 55 1133 81 3484 1659 1132 123 111991 38249 1928 1531 64 1467 1229 36321 35232 33028 1041 31987 1089 552 532 2204 73742 36383 363 37359 337 315 36020
internal_count=144525 113426 1435 31099 27615 21960 21363 5655 597 619 604 20759 17454 3305 58 3247 15217 2237 5036 331 154 57 4705 2672 2033 892 1141 549 468 177 54 97 55 1133 81 3484 1659 1132 123 111991 38249 1928 1531 64 1467 1229 36321 35232 33028 1041 31987 1089 552 532 2204 73742 36383 363 37359 337 315 36020
is_linear=0
shrinkage=0.05


Tree=98
num_leaves=63
num_cat=0
split_feature=3 0 12 22 12 0 12 0 22 16 11 21 12 23 23 12 0 10 18 24 10 12 0 2 2 12 22 22 12 12 12 10 22 10 24 22 12 24 12 10 24 0 21 15 2 0 2 9 22 21 24 22 12 12 22 23 0 24 12 15 0 8
split_gain=0.0261636 0.0680845 0.0873059 0.12592 0.0930555 0.102446 0.119529 0.336896 0.701881 0.140807 0.164411 0.0906085 0.0809256 0.103508 0.166654 0.080547 0.0740171 0.0700494 0.0723939 0.0986661 0.0655616 0.0608561 0.0590406 0.0788701 0.0560608 0.0888424 0.0501825 0.0954077 0.041216 0.119663 0.147374 0.151936 0.0797814 0.141376 0.117649 0.187156 0.245454 0.0794141 0.15685 0.0698966 0.0582336 0.055527 0.0438283 0.039123 0.0385416 0.072141 0.141185 0.148266 0.250531 0.311119 0.0788691 0.104711 0.211454 0.0843735 0.0625595 0.0659535 0.0478946 0.0625648 0.0838431 0.0500085 0.043188 0.048872
threshold=1.5000000000000002 1328.5000000000002 1433.5000000000002 4.6499998569488534 1191.5000000000002 1762.5000000000002 1343.5000000000002 1883.5000000000002 0.083333335816860213 1.0000000180025095e-35 0.25000000000000017 0.46428571641445165 1425.5000000000002 7.9537351131439218 10.874828815460207 744.50000000000011 2436.5000000000005 -0.5 1.5000000000000002 2.758104801177979 -0.6830127018922193 1463.5000000000002 1709.5000000000002 2.5000000000000004 10.500000000000002 1466.5000000000002 1.0000000180025095e-35 0.18333333730697635 740.50000000000011 967.00000000000011 914.00000000000011 0.68301270189221941 0.050000002607703216 -0.6830127018922193 0.44731126725673681 0.35000000894069677 1437.5000000000002 0.55672836303710949 1416.5000000000002 -0.6830127018922193 20.312125205993656 1278.5000000000002 0.17857143282890323 5.5000000000000009 4.5000000000000009 2343.5000000000005 3.5000000000000004 -0.22252093395631442 0.28333334624767309 0.60714286565780651 3.4960731267929082 0.15000000596046451 1018.5000000000001 1130.0000000000002 1.6833333373069765 0.80164620280265819 2066.0000000000005 1.2055270075798037 1159.5000000000002 1.0000000180025095e-35 39.500000000000007 -0.8783796973249266
decision_type=2 2 2 2 2 2 2 2 2 2 2 2 2 2 2 2 2 2 2 2 2 2 2 2 2 2 2 2 2 2 2 2 2 2 2 2 2 2 2 2 2 2 2 2 2 2 2 2 2 2 2 2 2 2 2 2 2 2 2 2 2 2
left_child=1 28 4 17 15 12 7 8 -7 20 -11 -9 26 -14 -15 -3 43 18 24 -20 -8 22 -19 -24 -4 -26 -6 -28 -1 30 39 -32 33 -31 35 36 -34 38 -36 -30 -39 -35 -37 -17 45 56 50 -48 -49 -50 51 52 -47 -54 55 -53 -2 58 -58 -59 61 -46
right_child=44 2 3 -5 5 6 9 11 -10 10 -12 -13 13 14 -16 16 -18 21 19 -21 -22 -23 23 -25 25 -27 27 -29 29 32 31 -33 34 41 37 42 -38 40 -40 -41 -42 -43 -44 -45 60 46 47 48 49 -51 -52 54 53 -55 -56 -57 57 59 -60 -61 -62 -63
leaf_value=6.859853965542554e-05 5.2493522019884595e-05 -5.904764370911692e-06 0.0013690142580391263 8.8858634334972958e-05 -0.0018584898753008481 0.00073327678851606726 0.0012534538753518538 -0.0016713113274152689 -0.011821833286619834 -0.00024445388237750407 -0.0026402644663705089 0.00023289829991000519 0.00028543751187354847 -0.0062748154277788171 -0.00087169008544520684 0.00063242340800744859 -0.0017881239210100692 0.0010675884307917286 -0.0040368878302765093 0 -0.00010538705884417099 0.001524815038797355 -0.0022606296151706637 0.00041514561514602408 0.00053137030133748446 -0.0033037249853751106 0.0014304641959001329 5.4602463707527817e-05 -0.0024806310823856366 -0.0029826931893277217 -0.0011495731437526397 -0.0063480625804736325 -0.00068696046151124363 0.0012506895848904027 -0.00011960698776277987 0.0012007182347886487 -0.0036075137042979964 -0.00017417254681137133 0.0026521323171035689 0 -2.0839592985361831e-05 -0.0013725182022992059 -0.00086329497978635808 -0.0013863272710957311 -0.0003974791241224969 0.00034979495584469826 0.00041163136070557937 -0.00011701414885900523 -0.010387392875863545 -0.0018023713707738338 -0.0024529946061217188 0.0015799092282496622 -0.0052849515214067541 -0.0015968919122945188 -0.0015200467133089854 0.00013939036680574285 0.00022003725355330402 -0.0032034553763507605 0.0014426407632769378 7.4024185520636513e-05 -1.6930428134665499e-05 0.00047743279948107305
leaf_weight=4574 39250 2968 95 2311 29 21 107 127 22 193 119 115 70 20 60 993 33 245 23 39 495 330 35 123 56 20 145 1031 34 23 39 25 363 260 135 117 92 10579 79 150 15142 20 30 23 191 124 41 40 20 26 34 136 27 51 33 212 514 20 200 21 61239 836
leaf_count=4574 39250 2968 95 2311 29 21 107 127 22 193 119 115 70 20 60 993 33 245 23 39 495 330 35 123 56 20 145 1031 34 23 39 25 363 260 135 117 92 10579 79 150 15142 20 30 23 191 124 41 40 20 26 34 136 27 51 33 212 514 20 200 21 61239 836
internal_value=-2.54188e-07 -3.38017e-05 8.07818e-05 0.000291706 -2.36491e-05 -0.000260257 -0.000597114 -0.00149564 -0.00558678 -0.000311335 -0.00117481 -0.000746043 3.41493e-05 -0.00105598 -0.00229104 0.000125544 0.000502191 0.000771749 0 -0.00144565 0.000127998 0.00101182 0.000579068 -0.000147019 0.000547038 -0.000415177 0.000174076 0.000228604 -6.95992e-05 -9.31197e-05 -0.00118768 -0.00326497 -8.28153e-05 0.000721929 -9.2195e-05 -0.000784037 -0.00128914 -7.59403e-05 0.000881012 -0.000436606 -8.41e-05 0.00104504 0.0007452 0.000581671 1.32153e-05 5.1043e-05 -0.000435945 -0.00195596 -0.00314194 -0.00565788 -0.000114704 1.34848e-05 -0.000897644 -0.00294268 0.000509779 0.000717008 6.02259e-05 0.000455524 0.000569659 -0.001407 -1.14602e-05 0.000309827
internal_weight=144525 41510 9848 3277 6571 2554 1199 285 43 914 312 242 1355 150 80 4017 1049 966 233 62 602 733 403 158 171 76 1205 1176 31662 27088 248 64 26840 303 26537 602 455 25935 214 184 25721 280 147 1016 103015 40749 744 127 86 46 617 583 202 78 381 348 40005 755 714 41 62266 1027
internal_count=144525 41510 9848 3277 6571 2554 1199 285 43 914 312 242 1355 150 80 4017 1049 966 233 62 602 733 403 158 171 76 1205 1176 31662 27088 248 64 26840 303 26537 602 455 25935 214 184 25721 280 147 1016 103015 40749 744 127 86 46 617 583 202 78 381 348 40005 755 714 41 62266 1027
is_linear=0
shrinkage=0.05


Tree=99
num_leaves=63
num_cat=0
split_feature=0 0 0 0 0 0 20 12 24 21 22 11 21 22 13 12 12 0 13 24 15 0 22 0 14 0 24 10 12 16 11 16 0 22 22 12 0 13 20 22 10 8 13 14 15 14 12 22 0 21 0 12 15 16 3 12 12 25 25 20 12 12
split_gain=0.0249468 0.0790035 0.0760952 0.0471625 0.10863 0.0728674 0.120597 0.226694 0.623961 0.214076 0.0967099 0.150985 0.32301 0.186013 0.109771 0.0467185 0.0954772 0.112117 0.0865763 0.0830998 0.0730045 0.232748 0.205324 0.0955081 0.0714533 0.0708478 0.0678491 0.0457918 0.0411304 0.03856 0.0458683 0.139986 0.311233 0.0373368 0.0705646 0.0443322 0.0369472 0.0366248 0.0358806 0.148712 0.16982 0.107216 0.0589766 0.163688 0.0660041 0.0646336 0.0508744 0.0429917 0.0342066 0.0933194 0.103899 0.0918976 0.0772085 0.136218 0.0604748 0.0395093 0.20612 0.116804 0.11138 0.159799 0.0895083 0.120263
threshold=60.500000000000007 93.500000000000014 39.500000000000007 326.50000000000006 302.50000000000006 312.50000000000006 1.7857142686843874 1469.5000000000002 16.461827278137211 1.7500000000000002 0.61666667461395275 -0.68301270189221952 0.25000000745058065 0.35000000894069677 0.46198442103383636 1470.5000000000002 1471.5000000000002 297.50000000000006 44.002055108216133 15.174805641174318 16.500000000000004 280.50000000000006 4.9500000476837167 291.50000000000006 3.4326341266639777 266.50000000000006 4.7866570949554452 -0.93301270189221919 1398.0000000000002 2.5000000000000004 -0.9330127018922193 1.0000000180025095e-35 7.0000000000000009 42.349998474121101 46.049999237060554 1470.5000000000002 258.50000000000006 0.53867423167169137 0.6428571641445161 4.3833334445953378 0.93301270189221952 -0.8783796973249266 9.4906774358023558 6.9602631578947376 13.500000000000002 5.522408026755854 1450.5000000000002 12.083333492279055 411.50000000000006 338.67857360839849 397.50000000000006 1468.5000000000002 464.50000000000006 11.500000000000002 2.5000000000000004 1458.5000000000002 1459.5000000000002 0.2794183492660523 3.1224989891052251 1.7857142686843874 1449.5000000000002 1444.0000000000002
decision_type=2 2 2 2 2 2 2 2 2 2 2 2 2 2 2 2 2 2 2 2 2 2 2 2 2 2 2 2 2 2 2 2 2 2 2 2 2 2 2 2 2 2 2 2 2 2 2 2 2 2 2 2 2 2 2 2 2 2 2 2 2 2
left_child=2 -2 29 4 15 10 -7 8 -8 -9 11 12 -6 -13 -12 20 19 18 -18 -17 23 24 -23 25 -22 -3 -19 -4 -25 30 31 32 -1 35 -35 -31 -21 -16 -29 40 41 -40 44 -44 45 -41 -43 -45 49 50 52 -52 54 -54 -5 60 58 -58 -57 -60 61 -50
right_child=1 3 27 48 5 6 7 9 -10 -11 14 13 -14 -15 37 16 17 26 -20 36 21 22 -24 28 -26 -27 -28 38 -30 33 -32 -33 -34 34 -36 -37 -38 -39 39 42 -42 46 43 47 -46 -47 -48 -49 55 -51 51 -53 53 -55 -56 56 57 -59 59 -61 -62 -63
leaf_value=-0.0064712217881127167 0.00022752499388397422 -1.3323536409937423e-06 0.00067974099866492069 -0.00021558657209436876 -0.0055956327501301764 0.00094587413037517743 0.00023949468926440888 -0.0049185781496194382 -0.0079103184128670317 -0.00017521309345690619 -0.0050257323601686239 -0.00040195596288560942 0.0013519487018055774 0.0030660027049273096 0.00057945172951753398 0.001318301339137775 -0.00025823699023376577 0.001904497028138683 0.00025944599224978713 0.00067998100870212417 -0.001926913016174605 -0.0054856450149260681 -0.001058889128357257 0.00028455216913700376 -0.00012479246967434982 -0.00044147350608504963 -0.00093616362423775627 0.0002006941629945925 0.0016178262965194522 0.00027128017054139458 6.596227645541602e-06 0.0014260494770834331 7.9581780390539092e-05 -0.0030031251800576668 5.3679074238400419e-05 0.0011621776271378682 3.6607933253487629e-05 -0.0012819887282161525 -0.0042199824798937538 -0.0009206718008584506 -0.0057402920207710231 0.00070686498805860344 -0.0036085238997036078 0.00058710724615927766 0.001420017164564265 0.00046440216095547382 -0.0011770098817819336 -0.00039127028899282472 2.7611278563569012e-05 0.00059991035461617762 0.00011616579252420446 0.00088348858401213768 0.00070635603018614948 -0.0044229715622659095 0.0001027970921182533 -0.0043817741942428186 0.001569496205689096 -2.426596687082915e-05 0.0011068021085503038 -0.0033323478139448042 0.00031787863872210793 -0.00076613434899681053
leaf_weight=28 3835 7976 114 2544 33 204 64 24 36 2666 20 114 32 57 25 245 1238 21 2299 363 58 39 92 134 1309 1036 403 273 119 549 1260 36 47 20 273 199 626 305 25 137 23 46 39 117 94 216 129 1562 44270 859 1112 617 22 27 3588 38 115 59555 41 38 2657 482
leaf_count=28 3835 7976 114 2544 33 204 64 24 36 2666 20 114 32 57 25 245 1238 21 2299 363 58 39 92 134 1309 1036 403 273 119 549 1260 36 47 20 273 199 626 305 25 137 23 46 39 117 94 216 129 1562 44270 859 1112 617 22 27 3588 38 115 59555 41 38 2657 482
internal_value=-2.54917e-07 3.71845e-06 -0.000107953 -2.57898e-06 -7.44727e-05 -0.000323469 -0.000221379 -0.00030855 -0.00264946 -0.000219573 -0.00083641 -3.22419e-05 -0.00210166 0.000725924 -0.0013642 -1.82982e-05 0.00010443 -1.39894e-05 7.68339e-05 0.000488564 -7.80006e-05 -0.000402064 -0.0024181 -2.50614e-05 -0.000205047 -5.24892e-05 -0.000783265 -0.000286948 0.000931812 9.59105e-05 -7.53415e-05 -0.00104962 -0.00230483 0.000326238 -0.000138871 0.000515104 0.00027785 -0.00112569 -0.000330265 -0.000393064 -0.00162657 -0.00112587 -0.000263632 -0.00039785 0.000241013 -5.9096e-05 -0.000653144 -0.000320084 9.49076e-06 0.000104445 5.00005e-05 0.000392915 -4.51181e-05 -0.00202143 -2.84776e-05 1.67641e-06 -2.53053e-05 -2.11079e-05 -0.00212142 -0.000966787 3.58082e-05 1.89488e-05
internal_weight=144525 139338 5187 135503 19538 3580 2994 2790 100 2690 586 236 65 171 350 15958 5195 3961 3537 1234 10763 1498 131 9265 1367 9012 424 2775 253 2412 1371 111 75 1041 293 748 989 330 2661 2388 223 200 2165 1718 447 353 175 1679 115965 8769 7910 1729 6181 49 6132 107196 59787 59670 117 79 47409 44752
internal_count=144525 139338 5187 135503 19538 3580 2994 2790 100 2690 586 236 65 171 350 15958 5195 3961 3537 1234 10763 1498 131 9265 1367 9012 424 2775 253 2412 1371 111 75 1041 293 748 989 330 2661 2388 223 200 2165 1718 447 353 175 1679 115965 8769 7910 1729 6181 49 6132 107196 59787 59670 117 79 47409 44752
is_linear=0
shrinkage=0.05


Tree=100
num_leaves=63
num_cat=0
split_feature=12 13 17 13 13 24 24 20 15 20 20 14 22 22 22 16 13 17 16 22 24 24 24 14 14 17 17 15 21 23 16 16 16 13 21 20 23 14 13 11 20 23 15 24 14 22 11 14 13 13 14 21 2 13 12 2 13 11 12 11 12 12
split_gain=0.0230734 0.0696643 0.0365918 0.0621725 0.0919924 0.0475478 0.0985851 0.104299 0.159871 0.0578021 0.0960778 0.0384507 0.0833188 0.0363546 0.123483 0.187242 0.119818 0.114605 0.122442 0.111105 0.105753 0.104767 0.0925623 0.0918988 0.0890459 0.16228 0.110789 0.0787568 0.0355866 0.0541749 0.0739448 0.0523727 0.0512134 0.0469866 0.078572 0.0383951 0.123374 0.037329 0.0314348 0.0630698 0.0302933 0.0290877 0.0342891 0.040769 0.126058 0.0552769 0.0319225 0.0387252 0.027073 0.059929 0.0269516 0.0268171 0.0266584 0.0224606 0.0897689 0.25885 0.332316 0.24397 0.0741269 0.0354992 0.143058 0.120696
threshold=1472.5000000000002 748.76002495509886 12.500000000000002 39.371154303347303 42.822368767556192 51.772668838500984 43.82451248168946 27.214285850524906 1.5000000000000002 40.928571701049812 58.928571701049812 3.5502808988764047 4.3833334445953378 9.3499999046325701 5.616666555404664 11.500000000000002 5.4336336336336348 6.5000000000000009 8.5000000000000018 8.9499998092651385 3.7988574504852299 6.9230463504791269 7.0920169353485116 2.2074321214910269 4.5847605224963717 1.5000000000000002 2.5000000000000004 18.500000000000004 56.964284896850593 74.173061370849624 146.50000000000003 7.5000000000000009 3.5000000000000004 71.713582410511705 58.178571701049812 32.928571701049812 23.627566337585453 54.155158730158739 42.822368767556192 1.0000000180025095e-35 2.2142857313156132 976.09841918945324 14.500000000000002 83.172153472900405 87.762133699633708 84.350002288818374 1.0000000180025095e-35 36.400252525252533 353.76529208633787 593.01489036182454 9.6160256410256419 571.07144165039074 11.500000000000002 0.03054212465602214 842.50000000000011 1.5000000000000002 0.012358406516482118 0.25000000000000017 1082.5000000000002 -0.5 740.50000000000011 744.50000000000011
decision_type=2 2 2 2 2 2 2 2 2 2 2 2 2 2 2 2 2 2 2 2 2 2 2 2 2 2 2 2 2 2 2 2 2 2 2 2 2 2 2 2 2 2 2 2 2 2 2 2 2 2 2 2 2 2 2 2 2 2 2 2 2 2
left_child=1 48 13 5 -5 6 11 8 -8 -9 -11 -4 -13 14 17 16 22 18 24 27 -19 23 -16 -20 26 -26 -2 -18 29 30 31 32 -15 34 -30 36 -35 -37 -36 -40 -14 42 43 44 -6 -45 -44 -48 53 -50 -17 -51 -39 54 59 58 -57 -58 -56 60 -1 -61
right_child=2 -3 3 4 41 -7 7 9 -10 10 -12 12 40 28 15 50 19 20 21 -21 -22 -23 -24 -25 25 -27 -28 -29 33 -31 -32 -33 -34 35 38 37 -38 52 39 -41 -42 -43 46 45 -46 -47 47 -49 49 51 -52 -53 -54 -55 55 56 57 -59 -60 61 -62 -63
leaf_value=-0.00014935050907242118 3.6901431583734047e-05 0.00083090314265145133 0.0014460541964012529 0.00067637175815628595 0.00015060874674440618 0.00045570243115797341 -0.0070795094919858942 0.00070074623098640928 -0.00075787747384114699 -0.0032881037410211625 0.00022512945552107531 -0.0034267315759041184 0.0010721394209808738 9.7302617107536456e-05 -0.0051137322382034979 0.0015210153383961235 -0.00014794957564677317 -0.00040774383234862624 0 -0.0039762659559318013 0.0031361411037604172 0.00057099504534188891 -0.0010310981142188809 -0.0037533759595420619 -0.00012499021676455794 -0.0043497074565593393 0.0014463186723776367 -0.0026728634310799488 -0.003401497966767131 0.00094992652216813786 -0.0027564612508561657 0.00046404800737609941 -0.00091490871063253359 0.00054345845215206365 0.00044566887151025852 0.0011157462175099711 -0.0043738660381492092 0.0001092038655264715 0 -0.0017819499203702142 -0.00034977052760652342 0.0001422585401350915 -4.7184155764924783e-05 0.0011820059392123688 -0.0013500129396139522 0.00011112821352996351 -0.0017949653328628596 -0.00018095373675117371 0.00062248916017128449 -0.00037430521688443772 -0.00011774954038681132 0.00028832118926255123 -0.00029626326624654934 9.3869563916108683e-06 3.8022452621098367e-05 -0.0064009136000990497 0.00055063393208927948 -0.002888472598346287 0.0043572640827087934 2.9394315203734221e-05 -0.003366460814527713 0.0026043374146752043
leaf_weight=977 951 258 29 427 493 149 20 38 24 40 33 22 37 1020 37 69 192 30 20 28 56 33 28 55 104 30 165 38 23 255 21 1027 142 31 85 86 20 3270 129 79 1169 1559 8939 129 193 2218 38 7029 560 356 31 261 458 109138 21 32 120 88 24 1508 36 47
leaf_count=977 951 258 29 427 493 149 20 38 24 40 33 22 37 1020 37 69 192 30 20 28 56 33 28 55 104 30 165 38 23 255 21 1027 142 31 85 86 20 3270 129 79 1169 1559 8939 129 193 2218 38 7029 560 356 31 261 458 109138 21 32 120 88 24 1508 36 47
internal_value=-2.33495e-07 1.01926e-05 -3.8421e-05 -7.18089e-05 -4.89307e-05 -0.000376729 -0.000468137 -0.00166516 -0.00375426 -0.000789404 -0.0016334 -0.000316435 -0.000362243 4.95738e-05 -0.000144245 -0.000896345 -0.00148772 7.26568e-05 -3.5889e-05 -0.000976328 0.00184279 -0.00165298 -0.00343615 -0.00269757 9.99492e-05 -0.00111065 0.000249874 -0.000587819 0.000104775 0.000255583 0.000173165 0.000203679 -2.21583e-05 1.46631e-05 -0.000569865 6.37608e-05 -0.00129184 8.3232e-05 -0.000329443 -0.000670284 -0.000301916 -6.42123e-05 -8.13823e-05 7.17642e-05 -0.000264425 0.000172166 -0.000110715 -0.000190365 8.27667e-06 0.000246918 0.000963438 -8.59009e-05 5.80428e-05 5.72375e-06 -0.000132651 -0.000975097 -0.0016402 -0.000881035 0.00245704 -3.71737e-05 -0.000268937 0.0001106
internal_weight=144525 113426 31099 22586 21025 1561 1412 155 44 111 73 1257 1228 8513 1867 423 323 1444 1358 258 86 108 65 75 1250 134 1116 230 6646 2465 2210 2189 1162 4181 316 3865 51 3814 293 208 1206 20598 19039 3033 686 2347 16006 7067 113168 1177 100 617 3728 111991 2853 285 240 208 45 2568 1013 1555
internal_count=144525 113426 31099 22586 21025 1561 1412 155 44 111 73 1257 1228 8513 1867 423 323 1444 1358 258 86 108 65 75 1250 134 1116 230 6646 2465 2210 2189 1162 4181 316 3865 51 3814 293 208 1206 20598 19039 3033 686 2347 16006 7067 113168 1177 100 617 3728 111991 2853 285 240 208 45 2568 1013 1555
is_linear=0
shrinkage=0.05


Tree=101
num_leaves=63
num_cat=0
split_feature=3 0 12 14 13 12 12 14 0 23 12 0 0 12 10 0 0 25 25 18 23 12 12 10 13 25 21 13 23 22 20 12 23 22 25 15 20 0 0 21 21 22 21 12 13 12 0 14 10 0 11 14 22 25 25 20 23 21 21 14 12 12
split_gain=0.0231757 0.0623358 0.0650655 0.0438485 0.172524 0.37203 0.596171 0.311532 0.0480454 0.11667 0.0695023 0.0446687 0.0902468 0.0433787 0.078156 0.0397958 0.101652 0.0876408 0.241644 0.0684546 0.0927574 0.0678813 0.0930215 0.192928 0.0638352 0.0649346 0.0430287 0.0430449 0.0402813 0.14104 0.0702174 0.373483 0.417153 0.130444 0.0391182 0.0523685 0.179648 0.0419962 0.0711846 0.0321334 0.0316003 0.107723 0.0486877 0.0504585 0.0419197 0.0447039 0.0382584 0.0518781 0.0312285 0.123832 0.172802 0.200555 0.717933 0.0718436 0.0948955 0.121828 0.0625846 0.0891494 0.0529472 0.0436117 0.132544 0.407807
threshold=1.5000000000000002 467.50000000000006 2164.0000000000005 0.074271079590228536 0.18099133901908396 914.00000000000011 1159.5000000000002 0.10760959470636892 426.50000000000006 180.90565490722659 1411.5000000000002 353.50000000000006 317.50000000000006 942.00000000000011 0.25000000000000011 575.50000000000011 600.50000000000011 4.6235280036926278 5.5865705013275155 2.5000000000000004 7.9537351131439218 1377.5000000000002 1185.5000000000002 1.0000000180025095e-35 161.09460132450334 118.01475524902345 174.60713958740237 0.0444704657819412 2.6591818332672124 1.416666626930237 7.9285714626312265 1471.5000000000002 8.542610168457033 7.5166666507720956 181.44040679931643 238.50000000000003 146.21428680419925 1162.5000000000002 1121.5000000000002 10.250000000000002 0.25000000745058065 0.31666667759418493 0.17857143282890323 771.50000000000011 0.24637327766179543 1138.5000000000002 542.50000000000011 0.25308830257739828 0.68301270189221941 2399.5000000000005 1.0000000180025095e-35 0.69752141982864146 0.28333334624767309 2.6905539035797124 0.44197446107864385 1.0000000180025095e-35 0.80164620280265819 1.2500000000000002 0.82142856717109691 0.014389233954451347 824.50000000000011 914.00000000000011
decision_type=2 2 2 2 2 2 2 2 2 2 2 2 2 2 2 2 2 2 2 2 2 2 2 2 2 2 2 2 2 2 2 2 2 2 2 2 2 2 2 2 2 2 2 2 2 2 2 2 2 2 2 2 2 2 2 2 2 2 2 2 2 2
left_child=1 2 3 13 5 -5 -7 -8 11 10 -10 12 -6 -1 -15 28 17 21 -19 20 -20 22 -17 -24 25 26 27 -18 40 -30 31 33 -33 -31 35 -26 -37 38 -36 -32 41 42 43 -3 45 -42 47 -46 59 -50 51 52 -51 54 55 -52 -56 -58 -53 60 -2 -62
right_child=48 15 -4 4 8 6 7 -9 9 -11 -12 -13 -14 14 -16 16 24 18 19 -21 -22 -23 23 -25 34 -27 -28 -29 29 30 39 32 -34 -35 37 36 -38 -39 -40 -41 44 -43 -44 -45 46 -47 -48 -49 49 50 53 58 -54 -55 56 -57 57 -59 -60 -61 61 -63
leaf_value=9.7301473301837673e-05 -9.1685461918014188e-05 8.2130136765693498e-05 -0.0021978151903847068 -6.2430993277034499e-05 -5.3662721642248185e-05 -0.010037677153096504 0.0023264983255667699 -0.0043610715304850901 -0.00012712087050281744 0.0006486069120139556 -0.0012715933131458457 0.00012513838622825772 -0.0004771625913611585 0.0022677599031156923 -0.00081034592624300089 8.255901544557282e-05 -0.00025559993165632204 -0.0058152497536416861 -0.0033794394616974617 -0.00017197730193445923 0 0.00089656454928887955 0.00024336409442034005 -0.0061250109507998019 -0.0002524284975538098 0.0004277593040286408 -0.0022400527492924746 3.507565244391351e-05 -0.0032107801267999073 0.0010426952388987926 0.0011248799946713094 -2.9379698250798257e-05 -0.0098813904340652597 -0.0017511832421391081 -0.00011179769824465887 -0.0058468034891736003 -0.0006827278602701103 0.00012381439044010752 -0.00092001541509736072 0.00020751147626863072 0 -0.0026196209778762167 -0.0012007727313440323 0.0014739545908272519 -0.0018064397806467427 0.00306472983954479 0.0013665085448483682 0.00050259810330958857 6.8275793471861667e-05 -0.00017917715988129886 0 0.0018151332916163687 -0.012187327345397639 -0.0029971679416595474 0.0015654733594838784 -0.0045230008799328715 -0.0014618945656694508 0.0016373942382734098 -0.0018140452369510092 4.4202721420567972e-07 -0.006078277685491326 -0.00022999714632184539
leaf_weight=380 1175 162 38 197 6926 28 31 38 228 168 356 2098 1548 66 27 96 1353 27 49 168 39 113 24 21 318 997 21 21103 32 151 108 24 21 57 1308 20 128 984 351 1160 21 31 37 119 28 40 104 166 28647 35 40 20 20 21 90 23 60 37 20 72654 39 134
leaf_count=380 1175 162 38 197 6926 28 31 38 228 168 356 2098 1548 66 27 96 1353 27 49 168 39 113 24 21 318 997 21 21103 32 151 108 24 21 57 1308 20 128 984 351 1160 21 31 37 119 28 40 104 166 28647 35 40 20 20 21 90 23 60 37 20 72654 39 134
internal_value=-2.17802e-07 -3.17937e-05 -0.00012718 -0.00012024 -0.000139761 -0.00133685 -0.00387087 -0.00128513 -0.000108229 -0.000495652 -0.000833437 -8.01937e-05 -0.000131621 0.0003486 0.0013205 7.41356e-06 -9.21222e-06 -0.000690286 -0.00129536 -0.000797041 -0.00193204 0 -0.000747262 -0.00262467 4.36053e-06 3.27427e-05 1.49969e-05 1.73384e-05 0.000209038 6.28555e-05 0.000135222 -0.000618912 -0.00474957 0.000252565 -0.000208321 -0.000633503 -0.00141781 -0.000131442 -0.000285854 0.000289672 0.000522573 0.00016569 0.000453671 0.000689652 0.000855449 0.00208212 0.000586965 0.000142816 1.24572e-05 5.64368e-05 -0.000856312 -0.00269435 -0.00465072 -0.000192783 2.3898e-05 -0.00163169 0.000608961 -0.00022773 0 -4.71781e-06 -0.000286509 -0.00158003
internal_weight=144525 41510 12129 12091 11618 294 97 69 11324 752 584 10572 8474 473 93 29381 27120 537 283 256 88 254 141 45 26583 23474 22477 22456 2261 1553 1521 253 45 208 3109 466 148 2643 1659 1268 708 349 318 281 359 61 298 194 103015 29013 366 95 55 271 250 63 187 97 40 74002 1348 173
internal_count=144525 41510 12129 12091 11618 294 97 69 11324 752 584 10572 8474 473 93 29381 27120 537 283 256 88 254 141 45 26583 23474 22477 22456 2261 1553 1521 253 45 208 3109 466 148 2643 1659 1268 708 349 318 281 359 61 298 194 103015 29013 366 95 55 271 250 63 187 97 40 74002 1348 173
is_linear=0
shrinkage=0.05


Tree=102
num_leaves=63
num_cat=0
split_feature=19 22 16 13 25 11 15 25 13 16 17 22 13 19 22 12 13 18 25 13 25 16 12 13 13 13 20 22 18 25 13 19 13 11 13 13 10 20 17 25 25 13 13 13 20 13 10 13 8 24 15 21 25 17 25 13 13 13 11 13 22 13
split_gain=0.0242208 0.0548553 0.102911 0.0816234 0.0797717 0.0911947 0.047678 0.0460534 0.0450562 0.0450105 0.0965526 0.0397105 0.044406 0.0444872 0.0373526 0.0372925 0.0372771 0.039639 0.0331398 0.0299686 0.0366889 0.0393632 0.0285429 0.0278026 0.0560614 0.161182 0.12852 0.0404323 0.0289724 0.0257072 0.0544339 0.023071 0.0227412 0.022406 0.0317137 0.0238508 0.0229996 0.0205492 0.03715 0.020369 0.0466132 0.0199807 0.0183016 0.0396585 0.0179511 0.0168509 0.0168247 0.0232158 0.0135604 0.0157623 0.0128752 0.0125956 0.0121202 0.0120074 0.0116847 0.00978874 0.0142819 0.0105879 0.00971515 0.00919207 0.0153054 0.00857515
threshold=1200.5000000000002 463.83332824707037 1625.5000000000002 496.37555774740503 368.40257263183599 0.25000000000000017 7.5000000000000009 619.77780151367199 673.12306270159718 596.50000000000011 275.50000000000006 667.10000610351574 886.96632710809297 1085.5000000000002 716.91665649414074 1473.5000000000002 634.82196237781329 4.5000000000000009 457.00421142578131 1096.8329721921275 1187.6896972656252 12.500000000000002 1473.5000000000002 440.84422146753121 326.68300764977664 259.92204015330725 63.785715103149421 305.03334045410162 319.50000000000006 406.86978149414068 593.01489036182454 2.5000000000000004 634.82196237781329 1.0000000180025095e-35 440.84422146753121 470.52577774887698 0.68301270189221941 138.92857360839847 3.5000000000000004 242.2907638549805 304.24073791503912 496.37555774740503 1313.683155277834 1528.6715882853325 241.92857360839847 673.12306270159718 -0.6830127018922193 593.01489036182454 1.0000000180025095e-35 259.04557800292974 545.50000000000011 546.46429443359386 283.66304016113287 10.500000000000002 897.04428100585949 550.63515248226963 593.01489036182454 634.82196237781329 0.25000000000000017 886.96632710809297 667.10000610351574 748.76002495509886
decision_type=2 2 2 2 2 2 2 2 2 2 2 2 2 2 2 2 2 2 2 2 2 2 2 2 2 2 2 2 2 2 2 2 2 2 2 2 2 2 2 2 2 2 2 2 2 2 2 2 2 2 2 2 2 2 2 2 2 2 2 2 2 2
left_child=1 2 3 23 8 14 9 11 33 32 -11 29 13 -13 31 61 46 -18 -16 59 21 -21 -20 24 25 28 -27 48 -1 30 -7 50 -5 34 -3 -35 41 38 -26 -29 -41 -36 54 -44 -39 -24 -8 -48 49 -25 -6 -31 -38 -19 55 -17 -57 -58 -56 60 -9 -2
right_child=15 4 -4 6 5 7 16 19 -10 10 -12 12 -14 -15 18 42 17 53 22 20 -22 -23 45 27 37 26 -28 39 -30 51 -32 -33 -34 35 36 -37 52 44 -40 40 -42 -43 43 -45 -46 -47 47 -49 -50 -51 -52 -53 -54 -55 58 56 57 -59 -60 -61 -62 -63
leaf_value=-4.5622565604439222e-07 0.0004527089648160656 0.00038102581764224195 -0.0034079536849346299 0.00047924592226599686 7.6135969331409873e-05 -0.0020545616791137734 -0.00034866171712116275 0.00053655610938349411 -0.001347378197455873 -0.0042180316374447217 0.00013931158264375633 -0.0009727313121971116 0.00019356609537108765 -0.0035071793044755117 -0.00060335162972473212 0.00051189592630256368 -0.0017734004104829051 0.00089059153651928076 0.0012055495165011331 -0.0025453590128009123 0.00031674085012344167 -0.00044651309117542848 0.00083975235648825149 -0.00098437934524853513 -0.00171091124977158 -0.0045951384979772813 -0.00052295747413993977 -0.0011034474612524609 0.00020906201375426597 0.00028513839881204138 2.6968810848990534e-05 0.0004317565271290386 -0.00088098519499287789 -0.0011110084862032204 -0.00095809213490672404 -0.00027222907542750303 -0.00049129005324618396 0.00050467732103991094 2.5197926448689313e-05 0.00025663410429682313 -0.00107546260936732 -0.00028577468859651215 -0.00055653839402247109 9.9402324151398087e-05 0.00018395153615029507 -3.1030556162175036e-06 0.0007724906336700635 0.0020050893073006999 0.0011855402986493107 0.00079253337260531574 -0.0010824922450801448 -0.00029762961695812244 0.00049420162320475602 5.2051262430440043e-05 0.00082971084734143508 -0.0012360620573530813 0.00074267644840429823 5.5353136607153544e-05 0.00021785747786562585 0.00037776637601836627 -0.0002615694527124872 0.0011419488841874733
leaf_weight=127500 178 163 22 137 44 54 23 84 141 20 29 369 70 20 209 146 25 65 53 25 147 409 61 23 36 20 1098 139 1671 167 64 967 38 191 191 188 42 583 176 145 114 340 307 899 2198 1672 523 48 43 27 39 204 97 168 123 20 61 1139 206 268 206 90
leaf_count=127500 178 163 22 137 44 54 23 84 141 20 29 369 70 20 209 146 25 65 53 25 147 409 61 23 36 20 1098 139 1671 167 64 967 38 191 191 188 42 583 176 145 114 340 307 899 2198 1672 523 48 43 27 39 204 97 168 123 20 61 1139 206 268 206 90
internal_value=-2.2796e-07 -3.3273e-06 3.4665e-06 4.06266e-06 -0.000145389 -5.42459e-05 0.00043779 -0.000309498 -0.000487377 -0.000194509 -0.00154233 -0.00056796 -0.000906035 -0.00111676 0.000119063 0.000136439 0.0006099 8.60712e-05 -5.52649e-06 -8.99573e-05 -0.000344114 -0.000579491 6.16622e-05 5.36285e-07 1.95726e-06 -2.91987e-06 -0.000600681 -0.000374928 2.21562e-06 -0.000240284 -0.000884192 0.000360522 0.000154992 -0.000383099 -0.000229065 -0.000708309 -0.000384987 0.000215928 -0.000246707 -0.000600257 -0.000310585 -0.000537156 8.23381e-05 -6.3461e-05 0.000253001 2.37264e-05 0.000828952 0.000885195 0.000535288 0 -0.000408759 -2.18259e-05 0.000160343 0.000307711 0.000189022 0.000119591 6.8507e-05 9.45174e-05 0.000461981 0.00016573 -1.30476e-05 0.000703159
internal_weight=144525 141356 134871 134849 6485 5132 1076 2087 1353 224 49 948 459 389 3045 3169 852 258 1995 1139 581 434 1786 133773 133282 130289 1118 491 129171 489 118 1050 175 1212 833 379 670 2993 212 398 259 531 2901 1206 2781 1733 594 571 93 50 83 371 139 233 1695 1366 1220 1200 329 558 290 268
internal_count=144525 141356 134871 134849 6485 5132 1076 2087 1353 224 49 948 459 389 3045 3169 852 258 1995 1139 581 434 1786 133773 133282 130289 1118 491 129171 489 118 1050 175 1212 833 379 670 2993 212 398 259 531 2901 1206 2781 1733 594 571 93 50 83 371 139 233 1695 1366 1220 1200 329 558 290 268
is_linear=0
shrinkage=0.05


Tree=103
num_leaves=63
num_cat=0
split_feature=12 14 0 22 13 19 2 0 23 24 25 0 8 20 24 14 14 12 0 14 24 10 14 24 22 14 13 24 25 13 9 14 25 12 3 12 25 13 2 10 0 13 0 3 2 2 19 14 24 16 24 12 12 25 22 24 13 14 0 24 8 0
split_gain=0.0225914 0.109035 0.128148 0.126507 0.25769 0.230972 0.329594 0.441978 0.257851 0.33921 0.321081 0.0835894 0.0822799 0.0779014 0.146213 0.0570217 0.114812 0.0525386 0.0503496 0.0430249 0.13296 0.286015 0.191063 0.367229 0.119808 0.107962 0.230682 0.122283 0.0947567 0.125931 0.118939 0.0684995 0.0391142 0.109909 0.262156 0.434557 0.234151 0.158227 0.0929823 0.185393 0.174457 0.0866379 0.0407327 0.0766648 0.18177 0.196705 0.0711699 0.0972896 0.0569561 0.0646868 0.107994 0.0382426 0.0365149 0.120117 0.202209 0.411398 0.513298 0.169779 0.104702 0.143582 0.0891772 0.240484
threshold=1408.5000000000002 0.019049346879535561 995.50000000000011 0.15000000596046451 0.24637327766179543 1.5000000000000002 1.5000000000000002 1443.5000000000002 0.55593636631965648 0.6483249068260194 1.2786934971809389 276.50000000000006 0.87837969732492682 0.35714286565780645 0.59509205818176281 0.12637628554143984 0.08941897654584223 1409.5000000000002 1179.5000000000002 0.30368444846292952 0.55672836303710949 -0.24999999999999994 0.20106382978723406 1.2966498136520388 1.0166666507720949 0.33508771929824566 0.29348965454379733 1.3393828868865969 0.79833617806434642 0.51166980934422812 1.0000000180025095e-35 0.2422647527910686 0.37209869921207434 1376.5000000000002 4.5000000000000009 1393.5000000000002 0.35544712841510778 0.17328655817043084 3.5000000000000004 -0.24999999999999994 1729.5000000000002 0.24637327766179543 7.0000000000000009 1.5000000000000002 5.5000000000000009 7.5000000000000009 1.0000000180025095e-35 0.72679425837320588 0.72815948724746715 1.0000000180025095e-35 1.0703283548355105 1413.5000000000002 1396.5000000000002 0.65607663989067089 0.18333333730697635 0.59509205818176281 0.18099133901908396 1.1184618188445417 1850.5000000000002 1.1459335684776308 1.0000000180025095e-35 1794.0000000000002
decision_type=2 2 2 2 2 2 2 2 2 2 2 2 2 2 2 2 2 2 2 2 2 2 2 2 2 2 2 2 2 2 2 2 2 2 2 2 2 2 2 2 2 2 2 2 2 2 2 2 2 2 2 2 2 2 2 2 2 2 2 2 2 2
left_child=32 2 -2 11 5 6 7 -5 9 -8 -10 -3 13 15 -15 16 -13 -17 -14 20 21 -6 23 -22 -24 26 -21 -28 30 -30 -27 -23 33 -1 36 -36 38 -37 -35 41 -41 -40 43 44 -34 -46 48 -48 -45 50 -50 -16 -44 54 60 56 -56 -55 -59 -60 -54 -62
right_child=1 3 -4 4 19 -7 8 -9 10 -11 -12 12 18 14 51 17 -18 -19 -20 25 22 31 24 -25 -26 28 27 -29 29 -31 -32 -33 42 34 35 37 -38 -39 39 40 -42 -43 52 46 45 -47 47 -49 49 -51 -52 -53 53 57 55 -57 -58 58 59 -61 61 -63
leaf_value=-2.4427581221090674e-05 -0.0050769900024195255 -0.0022948521154611927 0.00016380137027199588 -0.0084850841726980108 -0.0053263172897737463 0.0030215002635488983 -0.002488645590733053 0.0005118991808788809 0.00040283068183337542 0.00014278893569898382 -0.0050034187183654599 0.00083186851884106911 0.0036245740382542567 -0.0034782401884187702 -0.00071415727151863612 -0.0011623379891310935 -0.0011187284602885651 0.0011924531054539418 0.00093647357701242867 -0.0054015575124021246 0.00060634510694942468 0.0024125698972431529 0.00181362622890724 -0.007102727495245079 -0.0017761664256391683 0.0014976295197446244 0.0013957377654846888 -0.0025784616669019063 -0.00067338440772455091 -8.1474204398109776e-06 -0.00022792672823753336 -0.0012079449317537213 0.00052033790304165356 0.0021063150566699267 -0.0098554294185703665 -0.0032067947075865421 -0.0037503290721370135 0.0021323879809953027 0.0020316007472926628 -0.0051808457757599163 5.661396675075365e-05 -0.0010326681353175755 4.3662735891157543e-05 0.0018228871925838369 -0.0073091926327084793 -0.00090874663278628213 -0.0037801154985510066 8.3451211512731413e-05 -0.0035529218067239399 0.0010161294014551078 0.00075694728518983974 0.002039767201385045 0.0012392793963529709 0.00091997646107601176 -0.011504470900847363 0.00043058447856559332 -0.0010820824705939276 0.00019948735502015917 -0.0047062851794999402 -0.00048852459504746134 -0.0036983718775082707 0.0019631285550853897
leaf_weight=10734 23 24 20 32 29 38 322 22 479 192 29 219 36 34 20 23 114 389 47 29 63 30 265 20 24 231 48 32 717 94606 168 21 47 61 20 37 39 21 74 29 31 31 31616 57 22 31 26 37 28 60 27 27 101 838 22 54 28 1784 23 200 40 34
leaf_count=10734 23 24 20 32 29 38 322 22 479 192 29 219 36 34 20 23 114 389 47 29 63 30 265 20 24 231 48 32 717 94606 168 21 47 61 20 37 39 21 74 29 31 31 31616 57 22 31 26 37 28 60 27 27 101 838 22 54 28 1784 23 200 40 34
internal_value=-2.10403e-07 -1.3785e-05 -0.00252868 -1.26318e-05 -1.82326e-05 -0.000774352 -0.000913321 -0.00473305 -0.00070616 -0.00149613 8.34416e-05 0.00056662 0.000647915 0.000489123 -0.00095789 0.000653267 0.000148951 0.00104861 0.00216552 -9.4315e-06 0.000476924 -0.00134663 0.00088278 -0.00119741 0.00149771 -1.17781e-05 -0.00158404 -0.000132754 -9.93388e-06 -1.32044e-05 0.000758676 0.000824476 2.86155e-05 -5.30644e-05 -0.000934396 -0.00348365 -0.000164158 -0.00118724 0.000433965 -0.000154914 -0.00239604 0.00107922 5.45533e-05 -0.00049245 -0.00165122 -0.00366846 0 -0.00143526 0.000527789 -7.17155e-05 -0.00134889 0.000762699 5.99734e-05 0.000223436 -0.000761131 -0.00251067 -0.00578154 0.00032177 6.94716e-05 -0.000947866 0.00025088 -0.00103053
internal_weight=144525 98373 43 98330 97397 1114 1076 54 1022 514 508 933 909 826 81 745 333 412 83 96283 452 80 372 83 289 95831 109 80 95722 95323 399 51 46152 11077 343 78 265 58 226 165 60 105 35075 335 100 53 235 63 172 115 55 47 34740 3124 279 104 50 2845 2007 223 175 74
internal_count=144525 98373 43 98330 97397 1114 1076 54 1022 514 508 933 909 826 81 745 333 412 83 96283 452 80 372 83 289 95831 109 80 95722 95323 399 51 46152 11077 343 78 265 58 226 165 60 105 35075 335 100 53 235 63 172 115 55 47 34740 3124 279 104 50 2845 2007 223 175 74
is_linear=0
shrinkage=0.05


Tree=104
num_leaves=63
num_cat=0
split_feature=19 22 16 0 0 0 13 13 0 13 0 0 13 15 16 2 13 13 0 0 13 13 0 13 14 0 12 14 12 13 13 17 12 0 13 18 12 0 0 21 0 0 13 13 0 0 14 13 0 0 13 13 2 0 10 13 19 13 2 0 22 18
split_gain=0.0221282 0.0492921 0.0928974 0.0927959 0.178149 0.138963 0.117807 0.100148 0.0894604 0.0738975 0.0647682 0.0549319 0.0546386 0.0430387 0.041421 0.0617476 0.0395868 0.0656195 0.0363371 0.210585 0.186096 0.237942 0.0590872 0.0577423 0.0959622 0.0894624 0.0529415 0.144594 0.0831593 0.0441096 0.106633 0.0486283 0.033709 0.0336083 0.0335287 0.0358477 0.0284019 0.0253533 0.0593998 0.0213441 0.0208871 0.0439866 0.0230522 0.0189736 0.0514172 0.0184486 0.0263724 0.0183892 0.0183533 0.0252588 0.0182754 0.0182513 0.0539391 0.0181053 0.0153563 0.0207905 0.0147098 0.0146621 0.0128514 0.012742 0.0258102 0.018836
threshold=1200.5000000000002 463.83332824707037 1625.5000000000002 526.50000000000011 326.50000000000006 1109.5000000000002 886.96632710809297 550.63515248226963 1121.5000000000002 496.37555774740503 1092.5000000000002 286.50000000000006 1313.683155277834 7.5000000000000009 440.50000000000006 2.5000000000000004 440.84422146753121 673.12306270159718 600.50000000000011 575.50000000000011 0.26734392189218931 0.29348965454379733 758.50000000000011 28.08976049219952 36.400252525252533 568.50000000000011 1453.5000000000002 0.08941897654584223 1448.5000000000002 259.92204015330725 326.68300764977664 356.50000000000006 1473.5000000000002 1238.5000000000002 634.82196237781329 4.5000000000000009 1377.5000000000002 1217.5000000000002 1162.5000000000002 480.67857360839849 1127.5000000000002 1092.5000000000002 1313.683155277834 634.82196237781329 320.50000000000006 433.50000000000006 1017.6188446969699 550.63515248226963 326.50000000000006 526.50000000000011 3067.3119503546104 931.25999214642854 5.5000000000000009 1121.5000000000002 -0.6830127018922193 593.01489036182454 11.500000000000002 931.25999214642854 11.500000000000002 320.50000000000006 1365.0333251953127 898.50000000000011
decision_type=2 2 2 2 2 2 2 2 2 2 2 2 2 2 2 2 2 2 2 2 2 2 2 2 2 2 2 2 2 2 2 2 2 2 2 2 2 2 2 2 2 2 2 2 2 2 2 2 2 2 2 2 2 2 2 2 2 2 2 2 2 2
left_child=1 2 9 4 7 6 10 39 56 18 16 -9 45 14 -11 -16 -5 -18 19 23 36 -22 26 25 -25 -1 28 -28 -20 31 -31 -24 53 37 54 -36 -21 38 -10 -3 41 42 48 -13 -45 46 -6 -17 59 -50 -42 52 -8 -2 -15 -56 -7 -51 -48 61 -61 -34
right_child=32 3 -4 5 12 8 51 11 33 13 -12 43 -14 34 15 47 17 -19 22 20 21 -23 29 24 -26 -27 27 -29 -30 30 -32 -33 40 -35 35 -37 -38 -39 -40 -41 50 -43 -44 44 -46 -47 58 -49 49 57 -52 -53 -54 -55 55 -57 -58 -59 -60 60 -62 -63
leaf_value=2.8789671852839447e-05 0.00086493655896502277 -6.5502571703639816e-05 -0.0032379214124062953 0.00017160150450177601 0.00060531010562386454 0 0.00031082403602158737 0.00050657589526062192 -0.00051231872374664486 0.00029634416689903179 -0.0015354143169852778 -0.00081417953650024251 -0.00040310553457381339 -0.00033089850023308227 -0.0030541325250049412 0.00066466602269212721 -0.0014768053640505077 -0.00050076949483785101 6.3626776466980004e-05 0.00017148775672538765 -0.0037966980637732595 -0.00066360449368240001 8.7565517415927912e-06 -0.00037905835965580084 -3.5071096235908846e-05 -0.0015569663994896461 0.0040639350331755746 0.00024381747611614343 -0.0011233006462572359 -0.00057048648537315469 3.2212016464286676e-05 0.0003858017803586146 0.00053794847059623777 0.00010490101530609155 -0.0016846779535416249 0.0002938249329206802 0.0012355008582262308 -0.00082773108855841446 0.00063265101345767738 0.001271009859902184 0.00052414119296237643 -0.00073375680891049795 -0.00017012845120537197 0.00016777134605009582 -0.0007696934607021276 0.00073012376643483059 9.1444322490623806e-05 -0.0012080719317594012 0.00048832226743617967 -0.00027756204052567751 0 0.00030323350364983221 -0.0012725088267537441 -0.0001229559232113789 0.00073428078221871224 0.0019054497954224597 0.0013203503771304769 0.00029902656977335066 -0.0010144423090539157 -0.00089436609319508073 0.00055551682582083515 -0.00099218604599291839
leaf_weight=31163 220 32 22 114 406 20 130 121 373 144 295 547 166 23 27 31 252 635 4754 313 64 1467 73956 2507 10833 89 25 4287 152 1118 2095 866 95 843 25 233 84 208 160 106 422 186 650 239 349 694 261 22 629 233 305 278 88 48 523 48 139 209 29 110 38 24
leaf_count=31163 220 32 22 114 406 20 130 121 373 144 295 547 166 23 27 31 252 635 4754 313 64 1467 73956 2507 10833 89 25 4287 152 1118 2095 866 95 843 25 233 84 208 160 106 422 186 650 239 349 694 261 22 629 233 305 278 88 48 523 48 139 209 29 110 38 24
internal_value=-2.06051e-07 -3.17001e-06 3.26819e-06 -0.000137837 6.78179e-05 -0.00031087 -0.000620056 -0.000340668 4.15808e-06 3.83646e-06 -0.000870969 -0.000483781 0.000436987 0.000416527 -0.00018336 -0.00110854 -0.000670025 -0.000783836 4.79306e-07 -3.5171e-05 -0.000546831 -0.000798081 1.9544e-05 -1.29354e-05 -0.000100094 2.41088e-05 0.000139281 0.000267219 2.58115e-05 5.33567e-06 -0.000175959 1.31879e-05 0.000130422 -0.000106475 0.000580115 8.21588e-05 0.000409465 -0.000353676 -0.00015918 0.000925065 7.88882e-05 0 7.01034e-05 -0.000593801 -0.000380183 0.000540933 0.000345026 -1.93461e-05 0.000190549 0.000284782 0.000310882 2.55179e-05 -0.000305685 0.000669371 0.000787932 0.000841804 0.00113712 0 -2.22047e-06 -0.000168691 -0.000488214 0.000186794
internal_weight=144525 141356 134871 6485 2950 3535 1792 1394 1743 134849 1296 1256 1556 1076 224 80 1001 887 133773 46520 1928 1531 87253 44592 13340 31252 9218 4312 4906 78035 3213 74822 3169 1584 852 258 397 741 533 138 2901 2174 1988 1135 588 1390 696 53 1338 1071 727 496 218 268 594 571 159 442 290 267 148 119
internal_count=144525 141356 134871 6485 2950 3535 1792 1394 1743 134849 1296 1256 1556 1076 224 80 1001 887 133773 46520 1928 1531 87253 44592 13340 31252 9218 4312 4906 78035 3213 74822 3169 1584 852 258 397 741 533 138 2901 2174 1988 1135 588 1390 696 53 1338 1071 727 496 218 268 594 571 159 442 290 267 148 119
is_linear=0
shrinkage=0.05


Tree=105
num_leaves=63
num_cat=0
split_feature=0 0 0 0 0 0 20 12 24 21 22 22 21 13 19 21 13 13 12 12 25 15 2 12 22 23 20 13 8 20 21 19 22 23 20 19 3 21 6 13 20 0 12 24 24 0 20 6 22 2 18 25 22 13 15 0 12 0 21 19 20 15
split_gain=0.0210315 0.0712984 0.0698469 0.0401883 0.0942837 0.0670434 0.1058 0.204744 0.563497 0.195641 0.0857421 0.105098 0.153729 0.0972938 0.0588087 0.0583384 0.0476253 0.191825 0.0516541 0.0427411 0.09208 0.0665405 0.0391342 0.0476844 0.162725 0.0667204 0.114991 0.0630544 0.059191 0.078248 0.133341 0.120125 0.0587318 0.0366483 0.150849 0.0637709 0.134421 0.109684 0.0451579 0.103852 0.0410748 0.0375577 0.0330033 0.0585239 0.0682414 0.12511 0.153387 0.0671893 0.0645167 0.032028 0.0705711 0.0308385 0.033748 0.0505214 0.0515455 0.0468845 0.0358461 0.0296036 0.0716805 0.147379 0.121402 0.0753698
threshold=60.500000000000007 93.500000000000014 39.500000000000007 326.50000000000006 302.50000000000006 312.50000000000006 1.7857142686843874 1469.5000000000002 16.461827278137211 1.7500000000000002 0.61666667461395275 0.38333334028720861 0.10714286193251611 0.46198442103383636 1.0000000180025095e-35 0.39285714924335485 0.022807495572261926 0.026721807579183601 744.50000000000011 1470.5000000000002 6.5933177471160898 16.500000000000004 8.5000000000000018 1450.5000000000002 5.2833335399627694 3.9820983409881596 3.5000000000000004 9.4906774358023558 0.6078576107927941 4.0714285373687753 4.1071429252624521 3.5000000000000004 2.216666698455811 1.1232953071594241 1.0714285969734194 1.0000000180025095e-35 3.5000000000000004 0.67857143282890331 1.0000000180025095e-35 0.46198442103383636 0.21428572386503222 1.0000000180025095e-35 1100.0000000000002 5.6122412681579599 7.2818078994750985 69.500000000000014 7.357142686843873 1.0000000180025095e-35 5.7833335399627694 11.500000000000002 33.500000000000007 0.9699496626853944 1.0166666507720949 0.95459969624647434 1.5000000000000002 7.0000000000000009 1431.0000000000002 411.50000000000006 338.67857360839849 235.50000000000003 25.642856597900394 480.50000000000006
decision_type=2 2 2 2 2 2 2 2 2 2 2 2 2 2 2 2 2 2 2 2 2 2 2 2 2 2 2 2 2 2 2 2 2 2 2 2 2 2 2 2 2 2 2 2 2 2 2 2 2 2 2 2 2 2 2 2 2 2 2 2 2 2
left_child=2 42 33 4 16 10 -7 8 -8 -9 11 12 -6 -12 -15 -13 18 -18 -3 21 -21 -19 23 -4 28 -26 -27 -28 29 31 -31 -25 -30 34 35 38 -37 -38 40 -40 41 -1 -2 47 45 46 48 -44 -45 51 -51 -35 56 54 -54 -55 -53 58 59 -5 -61 -62
right_child=1 3 22 57 5 6 7 9 -10 -11 13 15 -14 14 -16 -17 17 19 -20 20 -22 -23 -24 24 25 26 27 -29 32 30 -32 -33 -34 49 -36 36 37 -39 39 -41 -42 -43 43 44 -46 -47 -48 -49 -50 50 -52 52 53 55 -56 -57 -58 -59 -60 60 61 -63
leaf_value=-0.0019791278385275133 -8.7325146118264388e-05 6.9370029035317467e-05 0.0003068575968632929 9.2675089275509419e-05 0.0013873214564133821 0.00089013731809657398 0.00023237788556114587 -0.004691972234189757 -0.007509170980834457 -0.00015747569294179912 -0.0047416602673741115 -0.00021463274404747909 -0.001830653152340549 0.00081503872132841011 -0.0012971470061858203 0.0026164140512635464 -0.0041502191788116939 -2.0990684147734843e-05 0.0032541337757657617 -0.0015238182295275772 0.00013080616490906087 -0.00038116279932352013 7.168106696641163e-05 -0.00055986300119891962 0.0024101489227753956 -0.0040167646641485494 0.00034896304912410614 -0.00042942272176236087 -0.002513890084231374 -0.0069543677563378703 -0.0011209205956076065 -0.0048934332741715752 0.00083635288932124561 -0.0011774681997161135 -0.0028890023654319207 0.00058287476940441165 -0.0007688803193938266 -0.0057988400028144574 0.00069606621130026587 -0.003967773646466082 0.0008377368573602305 0.00011504802825363905 0.0010333124226746882 0.00076624896171783793 0.00027256620532870078 0.00052361992288207676 -0.0045061388074337551 -0.0014783071732273965 -0.0025106418498860288 0 -0.002951221614670302 0.00040675000460896582 0.00023347402724696047 0.0016085057265620769 -0.0016087999517859766 0.0002602991119331397 0.0021236941568739355 1.3421378478505725e-06 0.00053131772727281631 -0.0039731322603933153 -0.00040433069015446515 -0.0036424667398973517
leaf_weight=24 706 36 223 7609 54 204 64 24 36 2666 20 25 111 34 296 46 28 9178 23 85 5110 1498 623 82 22 21 314 1370 20 22 22 21 35 34 49 50 28 21 26 20 242 170 376 40 2525 101 37 27 23 127 24 97 73 70 71 1234 52 107196 859 32 249 20
leaf_count=24 706 36 223 7609 54 204 64 24 36 2666 20 25 111 34 296 46 28 9178 23 85 5110 1498 623 82 22 21 314 1370 20 22 22 21 35 34 49 50 28 21 26 20 242 170 376 40 2525 101 37 27 23 127 24 97 73 70 71 1234 52 107196 859 32 249 20
internal_value=-1.88478e-07 3.45697e-06 -9.90779e-05 -2.52369e-06 -6.8891e-05 -0.000300867 -0.000202876 -0.000284616 -0.00250935 -0.000199964 -0.000792871 -3.43163e-05 -0.000747011 -0.00128992 -0.0010642 0.00155034 -1.65349e-05 -2.21107e-05 0.0013989 -1.44866e-05 0.000102742 -7.19996e-05 -0.000270607 -0.000372021 -0.000453105 -0.000292532 -0.000330477 -0.000281303 -0.00180036 -0.00232957 -0.00416018 -0.00149579 -0.000293525 9.61959e-05 -0.00022775 0 -0.00115801 -0.00303383 0.000234607 -0.00122744 0.00040057 -0.000119152 0.000216071 0.000286125 0.00020056 -0.000678812 -0.00194253 0.000852311 -0.00035292 0.000213534 -0.000470691 0.000279971 0.000314202 0.000235945 -0.000640657 0.000336624 0.00104051 8.61493e-06 9.69494e-05 4.91402e-05 -0.00103444 -0.000664929
internal_weight=144525 139338 5187 135503 19538 3580 2994 2790 100 2690 586 236 165 350 330 71 15958 15899 59 15871 5195 10676 2775 2152 1929 1727 1705 1684 202 147 44 103 55 2412 630 581 99 49 482 46 436 194 3835 3129 2726 201 100 403 63 1782 151 1631 1597 1448 144 1304 149 115965 8769 7910 301 269
internal_count=144525 139338 5187 135503 19538 3580 2994 2790 100 2690 586 236 165 350 330 71 15958 15899 59 15871 5195 10676 2775 2152 1929 1727 1705 1684 202 147 44 103 55 2412 630 581 99 49 482 46 436 194 3835 3129 2726 201 100 403 63 1782 151 1631 1597 1448 144 1304 149 115965 8769 7910 301 269
is_linear=0
shrinkage=0.05


Tree=106
num_leaves=63
num_cat=0
split_feature=3 0 12 13 12 0 12 11 10 16 11 14 13 12 25 25 12 0 5 13 21 14 23 13 10 13 13 14 23 12 14 13 25 25 21 25 23 2 12 2 13 14 0 25 12 12 11 25 13 24 13 13 12 12 14 0 24 19 0 14 12 25
split_gain=0.0204578 0.0558273 0.0787295 0.129529 0.0863758 0.0930494 0.107337 0.308709 0.132752 0.125671 0.146705 0.0752934 0.297519 0.498592 0.137002 0.0984363 0.0720981 0.0669237 0.0745204 0.0627306 0.120322 0.148862 0.179254 0.103575 0.0600908 0.0573127 0.0530904 0.050711 0.066078 0.0433666 0.0407984 0.0378488 0.033811 0.0964864 0.416622 0.355902 0.752307 0.296521 0.155498 0.373689 0.581204 0.327134 0.0746706 0.16094 0.111403 0.0736174 0.111631 0.0989749 0.190748 0.0720964 0.140568 0.333044 0.0949872 0.0699683 0.147284 0.0648104 0.0457552 0.0774073 0.100235 0.0443875 0.0386717 0.0364316
threshold=1.5000000000000002 1328.5000000000002 1433.5000000000002 0.7787690201820846 1191.5000000000002 1762.5000000000002 1343.5000000000002 -0.9330127018922193 -0.6830127018922193 1.0000000180025095e-35 0.25000000000000017 0.12637628554143984 0.18099133901908396 1404.0000000000002 1.0000000180025095e-35 0.65607663989067089 744.50000000000011 2436.5000000000005 1.0000000180025095e-35 0.99824097280237634 1.1071428656578066 0.87119815668202782 1.8961009383201601 3.8103602492134976 -0.6830127018922193 0.14261011741074633 0.026721807579183601 3.5502808988764047 8.1430654525756854 1465.5000000000002 0.08941897654584223 0.12123728984194103 0.21814115345478061 0.81825372576713573 0.46428571641445165 0.7675113081932069 0.92546257376670849 4.5000000000000009 1406.5000000000002 1.5000000000000002 0.096919000158202831 0.15569985569985573 177.50000000000003 0.2794183492660523 1301.5000000000002 1206.0000000000002 1.0000000180025095e-35 1.0000000180025095e-35 0.12123728984194103 1.0906690359115603 0.17328655817043084 0.15717848522448782 1196.0000000000002 1351.0000000000002 0.33508771929824566 765.50000000000011 1.1590536236763003 1.0000000180025095e-35 1109.5000000000002 0.041885964912280707 1398.0000000000002 21.022101402282718
decision_type=2 2 2 2 2 2 2 2 2 2 2 2 2 2 2 2 2 2 2 2 2 2 2 2 2 2 2 2 2 2 2 2 2 2 2 2 2 2 2 2 2 2 2 2 2 2 2 2 2 2 2 2 2 2 2 2 2 2 2 2 2 2
left_child=1 32 4 25 16 11 7 -7 -9 24 -11 14 13 -13 -6 -14 -3 18 26 20 29 22 -22 -21 -8 30 -18 28 -25 -5 -4 -16 45 34 38 37 -37 -36 42 41 -41 -40 43 -34 -44 -1 47 48 -47 50 51 52 -35 -52 -55 -39 57 58 -51 -48 -61 -58
right_child=-2 2 3 19 5 6 9 8 -10 10 -12 12 15 -15 31 -17 17 -19 -20 23 21 -23 -24 27 -26 -27 -28 -29 -30 -31 -32 -33 33 49 35 36 -38 55 39 40 -42 -43 44 -45 -46 46 59 -49 -50 56 53 -53 -54 54 -56 -57 61 -59 -60 60 -62 -63
leaf_value=2.036678176598459e-05 1.1720186234423803e-05 -5.8327299806660144e-06 0.0010206330414036251 -0.00073405991608518299 -0.0026290135643449587 -0.0061537288392855037 0.001189580266159567 -0.0034799987394502035 -0.00030661646932683668 -0.00023821912697337451 -0.0025034396798919974 0.0017333399302144935 0.0019700805916684837 -0.0080091107067376665 0.0023900081858438203 -4.317157295612426e-05 -0.0012731434105515832 -0.0017013689413036461 -0.002413951336818548 0.00085122733738509444 -0.0041103466485555356 -0.0060075033233681716 0.0019564217349007664 -3.1776659100822387e-06 -0.00011156592335626466 0.001834901690396698 0.00068740980529675814 0.00012684449824333727 -0.0036869989953638607 0.0017333275577410311 -0.0018042582935139315 0.00039783572376189268 -0.0038323190465096345 -0.0009066044847873306 -0.0053256878319889542 -0.011283379342549046 0.00092749045950007872 0.0028249123608960697 -0.0010424080545006834 -0.0073958268594593347 0.00015063844161820016 -0.010050652878826829 -4.1089831656863458e-05 -0.00030181377995820323 0.0014161241410663296 -0.0048430696468461645 0.0040374605542114689 0.0020052740264257956 0.00058628478028928627 0.0002417560711925022 9.6352291030772671e-05 -0.0067264358559799746 0.0026579548701396623 0.0023717605015810802 0.00043786998735390292 -0.00057646886801409453 -0.00013107180406616331 -0.0030738854684776926 -0.0033428334097723293 -9.8118200824035324e-05 0.0024377768960094181 -1.1034245341023623e-05
leaf_weight=1079 103015 2968 35 30 20 31 107 40 214 193 119 22 64 30 82 1094 34 33 20 554 22 20 26 38 495 181 962 2293 20 38 20 43 38 82 26 31 20 28 22 28 266 21 1517 242 143 23 31 41 50 115 753 23 24 124 532 24 10819 33 23 20 35 15449
leaf_count=1079 103015 2968 35 30 20 31 107 40 214 193 119 22 64 30 82 1094 34 33 20 554 22 20 26 38 495 181 962 2293 20 38 20 43 38 82 26 31 20 28 22 28 266 21 1517 242 143 23 31 41 50 115 753 23 24 124 532 24 10819 33 23 20 35 15449
internal_value=-1.86363e-07 -2.98552e-05 7.38834e-05 0.0002742 -2.52574e-05 -0.000253226 -0.000574237 -0.00142608 -0.000827212 -0.000303022 -0.00111874 2.71596e-05 -9.8107e-05 -0.00379592 0.00110629 6.39393e-05 0.000118442 0.000474795 0.000550558 0.00018471 -0.000856593 -0.00235722 -0.000722995 0.000235208 0.000111556 0.00140559 0.000615343 8.78897e-05 -0.00136368 0.000571873 0 0.00174553 -6.22795e-05 -7.29995e-05 -0.000377124 -0.00314317 -0.00640451 -0.000941272 -0.000218091 -0.00120986 -0.000553342 -0.0055709 -4.31784e-05 -0.000800002 8.15071e-05 0.000188454 0.00106983 0 -0.00106022 -4.66651e-05 0.000285503 -0.00128394 -5.06646e-05 0.000432822 0.000811349 0.00116098 -6.6178e-05 -0.000883337 -0.000321458 0.00242925 0.00142638 -6.06648e-05
internal_weight=144525 41510 9848 3277 6571 2554 1199 285 254 914 312 1355 1210 52 145 1158 4017 1049 1016 3041 136 68 48 2905 602 236 996 2351 58 68 55 125 31662 30383 2406 129 51 78 2277 337 294 43 1940 280 1660 1279 200 114 73 27977 1538 129 106 1409 656 52 26439 171 138 86 55 26268
internal_count=144525 41510 9848 3277 6571 2554 1199 285 254 914 312 1355 1210 52 145 1158 4017 1049 1016 3041 136 68 48 2905 602 236 996 2351 58 68 55 125 31662 30383 2406 129 51 78 2277 337 294 43 1940 280 1660 1279 200 114 73 27977 1538 129 106 1409 656 52 26439 171 138 86 55 26268
is_linear=0
shrinkage=0.05


Tree=107
num_leaves=63
num_cat=0
split_feature=12 13 12 12 11 14 14 14 13 12 2 12 12 8 22 20 3 10 8 13 13 14 2 14 23 9 14 13 11 24 10 13 14 12 13 11 12 8 14 12 11 13 14 12 12 22 14 12 3 2 14 12 22 12 22 2 12 10 14 11 18 13
split_gain=0.0208363 0.0702897 0.323354 0.0678325 0.145471 0.207372 0.178553 0.456949 0.125866 0.245994 0.11262 0.418418 0.181386 0.356109 0.169326 0.140626 0.111446 0.108887 0.101116 0.083449 0.0682167 0.263905 0.167812 0.074156 0.185013 0.0974411 0.0772215 0.289887 0.170175 0.0551857 0.042529 0.0156264 0.0151578 0.0110878 0.0100913 0.0265808 0.0781097 0.0888897 0.0331753 0.0150903 0.0485995 0.0110444 0.0178312 0.0493295 0.0103318 0.0303531 0.00861336 0.00745431 0.00637288 0.00426713 0.00248842 0.0164047 0.00494074 0.051506 0.181874 0.303372 0.0412294 0.0337854 0.0854993 0.0304199 0.00984501 0.0234702
threshold=787.50000000000011 0.012358406516482118 1082.5000000000002 967.00000000000011 0.25000000000000017 0.014389233954451347 0.17089216944801031 0.25308830257739828 0.022807495572261926 1179.0000000000002 6.5000000000000009 842.50000000000011 879.50000000000011 0.87837969732492682 0.083333335816860213 0.21428572386503222 1.0000000180025095e-35 -0.24999999999999994 1.0000000180025095e-35 0.12123728984194103 0.03054212465602214 0.014389233954451347 7.5000000000000009 0.037268518518518527 0.92546257376670849 -0.22252093395631442 0.11853256021409457 0.082487113402061871 0.25000000000000017 1.0906690359115603 -0.5 0.7787690201820846 0.2422647527910686 1143.5000000000002 0.026721807579183601 -0.5 740.50000000000011 0.87837969732492682 0.06472559698366151 455.50000000000006 -0.68301270189221952 0.022807495572261926 1.0000000180025095e-35 685.50000000000011 360.50000000000006 0.083333335816860213 1.0000000180025095e-35 740.50000000000011 2.5000000000000004 8.5000000000000018 0.20106382978723406 744.50000000000011 0.050000002607703216 744.50000000000011 1.0000000180025095e-35 6.5000000000000009 744.50000000000011 -0.24999999999999994 0.05486978774650008 -0.68301270189221952 1.0000000180025095e-35 0.041162458687194085
decision_type=2 2 2 2 2 2 2 2 2 2 2 2 2 2 2 2 2 2 2 2 2 2 2 2 2 2 2 2 2 2 2 2 2 2 2 2 2 2 2 2 2 2 2 2 2 2 2 2 2 2 2 2 2 2 2 2 2 2 2 2 2 2
left_child=34 2 -2 4 10 17 29 -8 9 -5 12 14 18 16 -12 -16 -14 -6 19 -3 21 -10 33 24 30 -26 28 -28 -25 -7 -22 -20 49 -23 35 36 37 38 39 40 -1 47 43 -43 45 -36 -11 -37 -41 -13 52 -52 53 60 59 -56 -54 58 -58 -55 -46 -62
right_child=1 3 -4 8 5 6 7 -9 20 46 11 32 13 -15 15 -17 -18 -19 31 -21 23 22 -24 26 25 -27 27 -29 -30 -31 -32 -33 -34 -35 44 41 -38 -39 -40 48 -42 42 -44 -45 50 -47 -48 -49 -50 -51 51 -53 56 54 55 -57 57 -59 -60 -61 61 -63
leaf_value=0.00014133098616737427 0.0018327371370746714 -0.0021028700264124865 -0.0061048249053262576 -0.0017515716253569298 -0.0002689818705992676 0.0014911405879679141 -0.0058024749618840873 0.0006105517456704776 -0.0049819182936563589 0.0027271886678386071 -0.0054351988738036219 0.0017198515035376798 -0.0041041664149705061 -0.0075277981699653166 0.0013099790182719935 -0.0039132219473768139 -0.001005047476170459 -0.0056303327417627893 0.0014917820508897576 0.00065425908070324403 0.00013950552180425104 0.0012560523321590812 -0.0025251863941921459 5.3390264853815524e-05 -0.0051809540750523703 -5.4924386019390326e-05 -0.0034440283335855082 8.8747213593932874e-07 -0.00071464846679032516 -0.0010898101379844681 0.0010674182272447125 0 0 0.0034799165110942437 6.5030952319691292e-05 0.00013688987941352798 -0.0033861123090285564 -0.0029230318763401337 -0.0021016819249092605 -0.00016431549038459274 -0.0018372192939212079 8.2315398203071673e-05 8.5303797724556977e-05 -0.0020428664976235417 7.0075069964232835e-05 -0.0017880002597882177 0.0050356828557904078 0.0011516887954938972 0.00018104653212231854 0.00078321418908360366 3.8563355939815955e-05 -0.0010711561455152188 6.8255586339945471e-05 -0.00064133053556794217 -3.5239463974522721e-05 -0.0076659409472575549 -0.0016106448731446469 0.0011582624893991724 0.0011192267648518983 0.0014729010565469036 -0.0018308413294733613 0
leaf_weight=83 26 77 24 26 21 283 35 129 33 21 37 122 36 28 29 22 200 21 66 39 199 22 28 1750 20 21 61 113010 1214 20 395 21 20 20 66 912 20 29 20 184 46 66 194 42 3409 30 28 20 416 39 12802 33 7521 23 35 22 47 162 73 46 23 58
leaf_count=83 26 77 24 26 21 283 35 129 33 21 37 122 36 28 29 22 200 21 66 39 199 22 28 1750 20 21 61 113010 1214 20 395 21 20 20 66 912 20 29 20 184 46 66 194 42 3409 30 28 20 416 39 12802 33 7521 23 35 22 47 162 73 46 23 58
internal_value=-1.93238e-07 -9.19902e-06 -0.00188207 -8.36212e-06 -0.000375511 0.000266974 0.000578874 -0.000730315 -4.40709e-06 0.00204168 -0.000826606 0 -0.00129597 -0.00216131 -0.00283777 -0.000848568 -0.00150051 -0.00307543 -0.000145475 -0.00113307 -5.76581e-06 -0.0012915 0.00038156 -4.58675e-06 0.000534115 -0.0026836 -7.57834e-06 -9.29829e-07 -0.000259511 0.00130398 0.000765044 0.00111371 0.00136328 0.00243955 3.99465e-05 -6.60563e-05 -0.000292235 -0.00020585 -9.3595e-05 -3.1365e-05 -0.000526346 7.61689e-05 -0.000178769 -0.000699016 4.8998e-05 -0.00046327 0.00415573 0.000164152 6.67938e-05 0.00152463 5.12337e-05 3.53123e-05 6.8691e-05 1.86179e-05 -0.000971992 -0.00307626 9.12542e-05 0.000686666 7.94424e-06 0.00069589 5.58415e-05 -0.000480895
internal_weight=144525 118143 50 118093 1245 509 467 164 116848 75 736 269 467 264 88 51 236 42 203 116 116773 103 70 116670 635 41 116035 113071 2964 303 594 87 181 42 26382 2032 798 778 749 729 129 1234 302 108 24350 96 49 932 600 161 24254 12835 11419 3616 126 57 7803 282 120 69 3490 81
internal_count=144525 118143 50 118093 1245 509 467 164 116848 75 736 269 467 264 88 51 236 42 203 116 116773 103 70 116670 635 41 116035 113071 2964 303 594 87 181 42 26382 2032 798 778 749 729 129 1234 302 108 24350 96 49 932 600 161 24254 12835 11419 3616 126 57 7803 282 120 69 3490 81
is_linear=0
shrinkage=0.05


Tree=108
num_leaves=63
num_cat=0
split_feature=19 22 0 0 0 13 13 0 13 13 20 0 0 0 13 0 0 20 22 0 24 20 8 13 24 0 13 0 0 0 0 21 0 13 20 13 13 0 13 0 0 22 24 3 0 11 13 3 21 0 0 19 24 14 21 0 14 10 0 13 13 0
split_gain=0.0192478 0.0459418 0.0821611 0.155985 0.125356 0.106491 0.0908663 0.0806371 0.0625698 0.135968 0.11545 0.0582882 0.0579874 0.0488482 0.0483459 0.0439326 0.187378 0.172919 0.0805012 0.263645 0.0745573 0.0612781 0.0533205 0.0485625 0.143577 0.239589 0.0961268 0.0639287 0.196524 0.0387371 0.0569887 0.0642975 0.0420462 0.171946 0.0384447 0.0358814 0.0590729 0.0302862 0.0283008 0.0299159 0.0276913 0.0273315 0.0324366 0.0264598 0.0255545 0.0248853 0.0239276 0.0235249 0.0351264 0.0228516 0.0536426 0.021082 0.0551852 0.020337 0.0194574 0.0186374 0.022756 0.0183699 0.0183247 0.0174858 0.0464931 0.0168461
threshold=1200.5000000000002 463.83332824707037 526.50000000000011 326.50000000000006 1109.5000000000002 886.96632710809297 550.63515248226963 1121.5000000000002 326.68300764977664 259.92204015330725 63.785715103149421 1092.5000000000002 897.50000000000011 286.50000000000006 1313.683155277834 600.50000000000011 575.50000000000011 1.3571428656578066 93.350002288818374 297.50000000000006 1.0906690359115603 1.6428571343421938 0.6078576107927941 74.884008507691561 193.579460144043 1387.5000000000002 59.62583333333334 1086.5000000000002 1084.5000000000002 719.50000000000011 326.50000000000006 120.46428680419923 1109.5000000000002 440.84422146753121 79.071430206298842 440.84422146753121 673.12306270159718 1238.5000000000002 1241.1937533749906 1162.5000000000002 1165.5000000000002 366.48333740234381 248.93011474609378 4.5000000000000009 323.50000000000006 -0.68301270189221952 634.82196237781329 1.5000000000000002 153.39286041259768 1217.5000000000002 1162.5000000000002 119.50000000000001 303.11763000488287 661.4812659846549 480.67857360839849 433.50000000000006 1017.6188446969699 0.93301270189221952 1121.5000000000002 634.82196237781329 773.42759817045976 515.50000000000011
decision_type=2 2 2 2 2 2 2 2 2 2 2 2 2 2 2 2 2 2 2 2 2 2 2 2 2 2 2 2 2 2 2 2 2 2 2 2 2 2 2 2 2 2 2 2 2 2 2 2 2 2 2 2 2 2 2 2 2 2 2 2 2 2
left_child=1 8 3 6 5 11 54 -6 9 15 -11 35 -12 -8 55 16 18 20 22 -20 -18 -19 -1 24 26 -26 -17 28 -25 30 31 -10 33 51 -29 -4 -37 49 -2 58 43 47 -43 -14 45 -33 -32 48 -34 50 -9 52 -31 -44 -3 56 -5 -53 61 -15 -61 -40
right_child=38 2 4 14 7 -7 13 37 29 10 12 -13 40 59 -16 23 17 21 19 -21 -22 -23 -24 27 25 -27 -28 34 -30 32 46 44 41 -35 -36 36 -38 -39 39 -41 -42 42 53 -45 -46 -47 -48 -49 -50 -51 -52 57 -54 -55 -56 -57 -58 -59 -60 60 -62 -63
leaf_value=3.9320012530079618e-05 0.00026151626266814271 -5.5554776736810745e-05 0.00016268106310928936 0.00054985900485344347 0.0010790724280993627 2.3863645741985815e-05 0.00047444145644216665 -0.00048705932433839645 -0.0022783750042489406 -0.0043380913565593277 7.4926326320276174e-05 -0.001459043013395553 -0.0011003291260347021 -0.00077367953635399875 -0.00038338547822285371 2.1231633634939616e-05 -0.00026681480149349623 -0.0028874472992451829 0.00021140875740427833 -0.00062643065737172713 0.00080649376884174291 -0.00081713328027090972 -9.1973922999188603e-05 0.00018206587295858994 -0.0064207947236945388 0.00030110367433767884 -0.00032961738749189462 0.00027002751548819282 0.0015442221177343445 2.8435837133715566e-05 0.000685006172139982 0.00054834031623917116 -0.0019333768380416288 -0.0030174619086988808 -6.6514414905574545e-05 -0.0014033666672999534 -0.00047611884892810813 9.8805848925452884e-05 -0.00035870746549061274 0.00024959015924345268 -0.00016823335269559837 -0.00061379726999215105 0.00029774444222730628 -0.00029776158102105582 -0.0013513929761903383 5.9671843646540788e-05 -0.00064897429515454932 0.00045878867443885948 9.1113191885892843e-05 -0.00078671714566001425 0.00060068937390946367 0.00018481530456639081 -0.0030684402337603604 -0.00058016592302104772 0.0012138655763400349 0.00069326146770831362 -1.392357122963336e-05 -0.00090414066963514974 -0.00072296053694448955 0.00010840319235685173 -0.00076949515273375168 0.00010425536707349897
leaf_weight=29174 1693 32 114 406 159 496 121 373 27 20 320 295 421 547 166 72767 485 39 1741 2022 241 1163 10517 3845 23 28 2005 1096 286 40 895 381 23 54 3742 252 635 843 361 557 198 205 380 161 26 916 31 790 270 208 160 400 20 77 106 694 290 42 151 271 317 407
leaf_count=29174 1693 32 114 406 159 496 121 373 27 20 320 295 421 547 166 72767 485 39 1741 2022 241 1163 10517 3845 23 28 2005 1096 286 40 895 381 23 54 3742 252 635 843 361 557 198 205 380 161 26 916 31 790 270 208 160 400 20 77 106 694 290 42 151 271 317 407
internal_value=-1.86334e-07 -2.95299e-06 -0.000132964 6.04504e-05 -0.000295782 -0.00058944 -0.000321667 3.27941e-06 3.26134e-06 -3.08393e-06 -0.000551609 -0.000828002 -0.00047783 -0.00045812 0.000405996 1.63375e-06 -3.79464e-05 -0.000520353 -1.64264e-05 -0.00023747 8.26522e-05 -0.000888701 4.40469e-06 2.31302e-05 9.87916e-06 -0.00263913 1.17564e-05 0.000133117 0.000277617 0.000184981 0.000331527 0.000119712 3.78471e-05 -0.000337888 8.6963e-06 -0.000636909 -0.000745318 -0.000101612 0.000121641 -3.54174e-05 -0.000710992 0.000160443 -8.67663e-05 -0.000886992 0.0001726 0.000207107 0.000634884 0.000316164 -5.13522e-05 -0.000336348 -0.0001511 -3.91458e-05 -0.000924049 0.000138792 0.000883475 0.000503886 0.000307798 6.98491e-05 -0.000213607 -0.000561976 -0.000356434 -0.00010687
internal_weight=144525 141356 6485 2950 3535 1792 1394 1743 134871 130294 1120 1296 1100 1256 1556 129174 45382 1928 43454 3763 726 1202 39691 83792 74823 51 74772 8969 4131 4577 2276 1350 2301 556 4838 1001 887 1584 3169 1476 780 1745 662 582 1323 1297 926 1083 293 741 533 502 60 457 138 1390 696 442 919 1135 588 768
internal_count=144525 141356 6485 2950 3535 1792 1394 1743 134871 130294 1120 1296 1100 1256 1556 129174 45382 1928 43454 3763 726 1202 39691 83792 74823 51 74772 8969 4131 4577 2276 1350 2301 556 4838 1001 887 1584 3169 1476 780 1745 662 582 1323 1297 926 1083 293 741 533 502 60 457 138 1390 696 442 919 1135 588 768
is_linear=0
shrinkage=0.05


Tree=109
num_leaves=63
num_cat=0
split_feature=0 0 0 2 12 22 17 3 8 25 16 15 24 0 0 0 19 21 12 12 19 17 3 21 21 13 12 0 12 0 17 0 17 2 0 19 21 13 12 21 11 22 21 16 19 13 3 2 21 19 21 2 24 12 12 12 22 8 21 13 24 12
split_gain=0.0188824 0.063993 0.0628929 0.0356387 0.0432091 0.147257 0.0656367 0.0617027 0.089474 0.0539352 0.0659101 0.110134 0.0458145 0.0346349 0.0721324 0.0700461 0.0821568 0.19847 0.0484311 0.284103 0.139912 0.088247 0.0582096 0.0558562 0.050514 0.0472068 0.389414 0.0466473 0.102389 0.0851855 0.0553315 0.0507172 0.0422042 0.0372236 0.0363119 0.0557605 0.115361 0.0360855 0.0427727 0.0342735 0.047404 0.0338428 0.0337452 0.0323436 0.042874 0.0894787 0.273703 0.0369575 0.0713999 0.0679591 0.0495136 0.0343229 0.0314698 0.0442852 0.0292906 0.187578 0.101577 0.181538 0.095655 0.0840929 0.0886501 0.0774466
threshold=60.500000000000007 39.500000000000007 93.500000000000014 8.5000000000000018 1450.5000000000002 5.2833335399627694 7.5000000000000009 5.5000000000000009 0.6078576107927941 8.4282298088073748 3.5000000000000004 7.5000000000000009 17.573784828186039 331.50000000000006 266.50000000000006 202.50000000000003 54.500000000000007 9.6071429252624529 1409.5000000000002 1465.5000000000002 21.500000000000004 5.5000000000000009 5.5000000000000009 205.8571472167969 0.25000000745058065 0.17328655817043084 914.00000000000011 254.50000000000003 1467.5000000000002 262.50000000000006 3.5000000000000004 238.50000000000003 1.5000000000000002 3.5000000000000004 335.50000000000006 53.500000000000007 22.464285850524906 0.041162458687194085 744.50000000000011 8.3214282989501971 -0.68301270189221952 8.1500000953674334 10.250000000000002 2.5000000000000004 1.0000000180025095e-35 0.75155927851761573 3.5000000000000004 6.5000000000000009 13.821428298950197 14.500000000000002 2.5357142686843877 11.500000000000002 22.525260925292972 1470.5000000000002 1458.5000000000002 1459.5000000000002 1.416666626930237 1.0000000180025095e-35 2.1071428060531621 0.068067070014510359 11.679440498352053 1449.5000000000002
decision_type=2 2 2 2 2 2 2 2 2 2 2 2 2 2 2 2 2 2 2 2 2 2 2 2 2 2 2 2 2 2 2 2 2 2 2 2 2 2 2 2 2 2 2 2 2 2 2 2 2 2 2 2 2 2 2 2 2 2 2 2 2 2
left_child=1 43 -2 4 -3 6 7 8 -6 39 11 -11 -12 14 15 16 25 -18 37 20 21 -20 24 -24 -21 26 -4 28 31 30 -29 -17 -27 -19 35 -15 -37 38 -16 40 -7 -41 -30 44 -1 46 -46 48 49 -47 -49 52 53 -45 61 56 57 -56 -58 -57 -61 -36
right_child=2 3 13 -5 5 9 -8 -9 -10 10 12 -13 -14 34 18 27 17 33 19 22 -22 -23 23 -25 -26 32 -28 29 42 -31 -32 -33 -34 -35 54 36 -38 -39 -40 41 -42 -43 -44 51 45 47 -48 50 -50 -51 -52 -53 -54 -55 55 59 58 -59 -60 60 -62 -63
leaf_value=0.00012859713402742576 0.0002029601160256292 0.00029068114693687872 8.8371976198651372e-05 6.824624414877014e-05 -0.0034188440235426651 -0.0010328118423402575 0.00026292290098342287 0 -0.00066323785602529634 -0.0025232427183123577 0.00030434840491109583 -0.00035095934137484454 -0.00041228562485955416 0.00073135497016830542 0 0.00012962785540563185 -0.0056234708932919502 -0.001621841281390342 -0.00165740907447819 -0.0020998086638355953 -0.0057599531895532012 0.00095525702688285862 0.00044911063036375231 -0.00028590060942996326 -0.00018366875112734018 8.8676396903491995e-05 -0.003180084672911291 1.5113732491065164e-05 0.001102579680378973 0.00040130714075017589 -0.00061625429715058669 -0.00059411720926174283 -0.00022156046388272942 0 1.9877458476115003e-05 -0.0027463865560473813 0.00018454536340470977 0.00012757301976331056 0.0029140097491195719 0.0021646242835161897 0.00068374686284708528 0.00023037005767637521 0.00045833784314090883 0.00038967975852541222 0.00042280895988922301 -0.00079211464950484879 -0.0055558398821481106 0.0014148214297190981 0.00047031251447135752 -0.0040990304533132715 -0.00028905638265276331 -0.00065488136259597316 4.0567396954732661e-05 0.0015146842359726848 -0.00053776319655126303 0.0019047916508571289 0.0009699722586141269 -0.007474373418152035 -0.0025187244117622536 -0.00012424397141448863 1.6979990228801352e-05 0.00029761078201530496
leaf_weight=918 3835 223 514 623 95 73 31 26 50 92 288 178 903 432 30 2312 22 50 276 35 20 34 739 389 6950 3186 110 711 271 680 651 269 1667 105 46884 37 341 536 27 43 88 62 1100 440 44 102 32 71 86 20 98 82 402 117 21 57 35 20 41 14274 50020 2657
leaf_count=918 3835 223 514 623 95 73 31 26 50 92 288 178 903 432 30 2312 22 50 276 35 20 34 739 389 6950 3186 110 711 271 680 651 269 1667 105 46884 37 341 536 27 43 88 62 1100 440 44 102 32 71 86 20 98 82 402 117 21 57 35 20 41 14274 50020 2657
internal_value=-1.81448e-07 -9.38838e-05 3.2709e-06 -0.000258093 -0.000354889 -0.000432123 -0.001714 -0.00210156 -0.00250421 -0.000279201 -0.000400075 -0.00111032 -0.000234785 -2.34394e-06 -6.19309e-05 1.99254e-05 -0.000105818 -0.00116757 -0.000168001 -0.000199019 -0.00163833 -0.00135452 -0.000139839 0.000191201 -0.000194016 -7.05714e-05 -0.000480204 0.00013937 0.000239863 -5.26746e-05 -0.000283016 5.22396e-05 -1.68617e-05 -0.000499662 8.3468e-06 0.000342027 -8.97713e-05 0.00026515 0.0014688 0.000365805 -6.36899e-05 0.00107137 0.0005894 9.29681e-05 -6.35735e-05 -0.000463983 -0.00203281 -0.000134007 -0.000589964 -0.0013781 0.000397619 0.000303923 0.000391179 0.000635196 5.93195e-06 -1.62316e-05 -0.00201584 -0.00405308 -0.000847221 -1.25152e-05 -1.42957e-05 3.48744e-05
internal_weight=144525 5187 139338 2775 2152 1929 202 171 145 1727 1461 270 1191 135503 20684 11648 5654 177 9036 8443 330 310 8113 1128 6985 5477 624 5994 3952 2042 1362 2581 4853 155 114819 810 378 593 57 266 161 105 1371 2412 1371 453 76 377 208 122 169 1041 959 557 114009 64468 117 41 76 64351 64294 49541
internal_count=144525 5187 139338 2775 2152 1929 202 171 145 1727 1461 270 1191 135503 20684 11648 5654 177 9036 8443 330 310 8113 1128 6985 5477 624 5994 3952 2042 1362 2581 4853 155 114819 810 378 593 57 266 161 105 1371 2412 1371 453 76 377 208 122 169 1041 959 557 114009 64468 117 41 76 64351 64294 49541
is_linear=0
shrinkage=0.05


Tree=110
num_leaves=63
num_cat=0
split_feature=3 0 12 14 13 12 13 12 12 12 2 0 0 15 2 13 21 18 10 22 12 13 12 2 14 12 22 20 22 20 12 20 22 3 12 13 12 0 12 13 21 12 13 2 0 2 14 22 3 24 22 12 22 14 20 0 22 12 10 0 0 21
split_gain=0.0178965 0.0504977 0.0541793 0.0400222 0.165813 0.191927 0.04149 0.114121 0.259491 0.0385774 0.0673524 0.0353084 0.0776806 0.0774723 0.0610582 0.0490262 0.0466202 0.240086 0.0432264 0.0838781 0.0563832 0.0424616 0.0761111 0.206339 0.0512232 0.0763957 0.0378188 0.0351229 0.120539 0.0558535 0.379936 0.171448 0.0678452 0.0409525 0.161005 0.292993 0.0828869 0.0620614 0.0481194 0.0349522 0.10103 0.0540454 0.033911 0.0314672 0.0611433 0.114185 0.161194 0.670652 0.110331 0.0686513 0.0894091 0.185238 0.0784703 0.0723201 0.0446205 0.0423791 0.0519405 0.0699594 0.0517104 0.0404811 0.0397797 0.0835264
threshold=1.5000000000000002 467.50000000000006 2164.0000000000005 0.074271079590228536 0.086988585353341044 737.50000000000011 0.23540501008264933 914.00000000000011 1152.0000000000002 942.00000000000011 5.5000000000000009 575.50000000000011 600.50000000000011 1.5000000000000002 1.5000000000000002 161.09460132450334 5.9642856121063241 6.5000000000000009 0.68301270189221941 0.15000000596046451 1465.5000000000002 0.0444704657819412 740.50000000000011 6.5000000000000009 0.037268518518518527 771.50000000000011 30.616666793823246 1.7857142686843874 1.416666626930237 7.9285714626312265 1471.5000000000002 3.928571462631226 7.5166666507720956 1.0000000180025095e-35 1444.0000000000002 0.2795123898652852 1423.5000000000002 531.00000000000011 771.50000000000011 0.21618102477477483 0.25000000745058065 771.50000000000011 0.38523932321132548 4.5000000000000009 2343.5000000000005 3.5000000000000004 0.69752141982864146 0.31666667759418493 4.5000000000000009 3.4960731267929082 0.15000000596046451 1018.5000000000001 0.083333335816860213 1.6614143920595537 0.5000000149011613 2043.5000000000002 0.88333332538604747 1159.5000000000002 0.93301270189221952 1.0000000180025095e-35 2397.5000000000005 0.75000000000000011
decision_type=2 2 2 2 2 2 2 2 2 2 2 2 2 2 2 2 2 2 2 2 2 2 2 2 2 2 2 2 2 2 2 2 2 2 2 2 2 2 2 2 2 2 2 2 2 2 2 2 2 2 2 2 2 2 2 2 2 2 2 2 2 2
left_child=1 2 3 9 5 -5 7 -6 -9 -1 -11 27 13 18 -15 21 17 -16 -13 -20 -21 22 -14 -24 25 -23 -26 33 -29 30 32 -32 -30 36 38 -36 39 -37 -35 41 -41 -3 -40 44 55 49 47 -47 -48 50 51 -46 -53 54 -52 -2 57 -57 -59 -45 -61 -62
right_child=43 11 -4 4 6 -7 -8 8 -10 10 -12 12 15 14 16 -17 -18 -19 19 20 -22 24 23 -25 26 -27 -28 28 29 -31 31 -33 -34 34 35 37 -38 -39 42 40 -42 -43 -44 59 45 46 48 -49 -50 -51 53 52 -54 -55 -56 56 -58 58 -60 60 61 -63
leaf_value=0.00010262579048416252 4.5929521358271625e-05 6.0958599798580196e-05 -0.0020037621689906584 -0.00064765471512716203 9.7542622576687139e-05 -0.0062998732474826083 -9.1403412553661689e-05 -0.0065194592315268203 -0.00079049786471702957 -0.00070846265601166066 0.0021377973982700782 0.0004674991601707094 -5.6398235882261814e-05 -0.0038438213205680034 -0.00052643318647388763 -0.00018280487447832524 -0.00035775902917884876 -0.006706053890584417 -0.0033357068828577955 0.001374223346933404 -0.0018839361104160829 6.7550897226427678e-05 0.0002852830541294474 -0.0025238352885070276 -2.3851685150750398e-06 0.0012604486159551829 0.00015786441044154627 -0.0035955852533930835 0.00097120379653153367 0.00026451671774054317 -0.0010283707624938324 -0.007198168632120746 -0.00076018386868237776 9.2568158723441954e-05 -0.0063238821404269967 -0.0016278501900730867 0.0017603318892738262 0.0016124490845797587 0.0023620213764702618 -0.0026845929439879156 0.00058978621033504725 0.002272715145664515 5.8218511318608944e-05 0.0015020936009497328 0.0003296110757694041 -7.9125866260292541e-05 0.0018603803270039795 -0.011102711359289155 -0.0025026301934511332 -0.0022945386458658053 0.0014173081370720342 -0.001450087732604455 -0.0050072927997066082 -0.0020821420542628641 0.00021532166646391038 0.00016670205521365655 -0.0019432590355700496 0.0015207765761713092 -0.00037208610628743462 -1.8468466700792741e-05 0.00065792658589029827 -0.00012756018472220786
leaf_weight=380 39162 95 38 50 244 23 11115 23 163 27 66 175 1096 21 83 3109 157 20 25 35 21 386 136 121 16829 214 4692 22 150 1268 23 27 88 118 25 27 150 32 60 34 72 42 28 44 124 47 36 20 24 34 127 51 27 25 229 580 22 202 39 60885 661 676
leaf_count=380 39162 95 38 50 244 23 11115 23 163 27 66 175 1096 21 83 3109 157 20 25 35 21 386 136 121 16829 214 4692 22 150 1268 23 27 88 118 25 27 150 32 60 34 72 42 28 44 124 47 36 20 24 34 127 51 27 25 229 580 22 202 39 60885 661 676
internal_value=-1.57195e-07 -2.79089e-05 -0.000113766 -0.000107396 -0.000126066 -0.00250307 -0.000110582 -0.000594558 -0.00152891 0.000340556 0.00125788 7.36454e-06 -8.28526e-06 -0.000603667 -0.00117697 3.55612e-06 -0.000940954 -0.0017802 6.31413e-06 -0.000927769 6.21067e-05 2.84523e-05 -0.00024287 -0.00101832 4.52744e-05 0.000501489 3.23206e-05 0.000197282 6.39699e-05 0.000119153 -0.000503368 -0.00446758 0.000309977 0.000497913 2.90974e-05 -0.00179649 0.000831044 4.47525e-05 0.000798281 0.000236353 -0.000414901 0.000776648 0.00168665 1.09769e-05 4.51613e-05 -0.000403135 -0.00177061 -0.00345591 3.07212e-05 -0.000113317 5.68669e-06 -0.000835687 -0.00275028 0.000464992 0.000658439 5.36245e-05 0.000405122 0.000474369 0.0011937 -1.13143e-05 -1.24673e-05 0.000257058
internal_weight=144525 41510 12129 12091 11618 73 11545 430 186 473 93 29381 27120 537 281 26583 260 103 256 81 56 23474 1353 257 22121 600 21521 2261 1578 1556 288 50 238 683 290 84 393 59 206 243 106 137 88 103015 40749 744 127 67 60 617 583 202 78 381 356 40005 843 821 241 62266 62222 1337
internal_count=144525 41510 12129 12091 11618 73 11545 430 186 473 93 29381 27120 537 281 26583 260 103 256 81 56 23474 1353 257 22121 600 21521 2261 1578 1556 288 50 238 683 290 84 393 59 206 243 106 137 88 103015 40749 744 127 67 60 617 583 202 78 381 356 40005 843 821 241 62266 62222 1337
is_linear=0
shrinkage=0.05


Tree=111
num_leaves=63
num_cat=0
split_feature=19 22 22 0 0 0 0 13 0 13 13 13 20 0 0 0 0 12 22 22 0 21 13 24 0 13 0 0 13 0 0 20 0 0 23 20 19 0 13 13 0 24 13 13 2 24 13 0 19 13 21 24 18 24 3 13 23 0 3 13 19 24
split_gain=0.0178669 0.0459321 0.0418705 0.0591783 0.155104 0.0976376 0.0827839 0.0738262 0.0648996 0.0471259 0.0443488 0.119854 0.104233 0.0584835 0.0391339 0.0355838 0.163213 0.163984 0.0781469 0.0712623 0.241812 0.0545716 0.0426085 0.129364 0.217013 0.0879876 0.0578569 0.175873 0.0391014 0.0332536 0.0405251 0.0323852 0.0311779 0.0451873 0.0345936 0.0526101 0.0847035 0.0335382 0.146448 0.0275427 0.035886 0.0347366 0.0266851 0.0642366 0.0264216 0.0296841 0.0256251 0.0241499 0.0254025 0.0240205 0.0220514 0.0291015 0.0211084 0.0208394 0.0619155 0.0282526 0.0201362 0.0200131 0.0443118 0.0192849 0.0190834 0.0499006
threshold=952.50000000000011 716.91665649414074 463.83332824707037 526.50000000000011 326.50000000000006 1109.5000000000002 1092.5000000000002 550.63515248226963 1121.5000000000002 931.25999214642854 326.68300764977664 259.92204015330725 63.785715103149421 897.50000000000011 286.50000000000006 600.50000000000011 575.50000000000011 1462.5000000000002 1.5500000119209292 93.350002288818374 297.50000000000006 0.32142858207225805 74.884008507691561 193.579460144043 1387.5000000000002 59.62583333333334 1086.5000000000002 1084.5000000000002 136.6727071838757 1162.5000000000002 1121.5000000000002 79.071430206298842 719.50000000000011 326.50000000000006 409.30966186523443 465.50000000000006 711.50000000000011 1109.5000000000002 440.84422146753121 470.52577774887698 1162.5000000000002 662.93975830078136 440.84422146753121 673.12306270159718 11.500000000000002 662.93975830078136 1174.3343828736549 1165.5000000000002 606.50000000000011 634.82196237781329 325.53572082519537 220.00867462158206 1.0000000180025095e-35 926.98251342773449 3.5000000000000004 634.82196237781329 378.72052001953131 1165.5000000000002 1.5000000000000002 1174.3343828736549 119.50000000000001 303.11763000488287
decision_type=2 2 2 2 2 2 2 2 2 2 2 2 2 2 2 2 2 2 2 2 2 2 2 2 2 2 2 2 2 2 2 2 2 2 2 2 2 2 2 2 2 2 2 2 2 2 2 2 2 2 2 2 2 2 2 2 2 2 2 2 2 2
left_child=2 -2 10 4 7 6 9 -4 -7 42 11 15 -13 -14 -9 16 19 21 -19 28 -21 -18 23 25 -25 -17 27 -24 -1 30 44 -28 33 34 56 36 -36 38 60 -10 41 -41 -5 -44 -3 -46 -6 48 -15 -35 57 -52 -53 55 -55 -16 -12 58 -39 -42 61 -34
right_child=1 29 3 5 46 8 -8 14 39 -11 32 12 13 47 53 22 17 18 -20 20 -22 -23 26 24 -26 -27 31 -29 -30 -31 -32 -33 37 49 35 -37 -38 50 -40 40 59 -43 43 -45 45 -47 -48 -49 -50 -51 51 52 -54 54 -56 -57 -58 -59 -60 -61 -62 -63
leaf_value=3.496038400101256e-06 0.00036186337582230739 2.3411194456647548e-05 0.00078987107638941231 0.00016418325005287135 0.00053450555130001183 0.0010370444200207116 -0.0013829636615219556 0.00037678000650887781 -0.00051260162459678836 0.00031121544972861242 0.00016212163614691939 -0.004120059491746794 0.00011290206336601839 -0.00075985306792524649 -0.00077499525008423631 1.9124114243742808e-05 -0.00040278480123998798 0.0012165188825623543 -0.00095462669980176426 0.00020861123820785211 -0.00059471842842610334 0.00042979506513987441 0.00017093345140143875 -0.0061059726164293237 0.0002839799124409454 -0.00031654829669912755 0.00024604562077220498 0.0014619446972878559 0.0014157476234856743 0.00028774635587949153 -0.00078988082199949795 -6.3578089559367877e-05 2.6394163509203754e-05 0.00062957600362584893 -0.00049941822962724773 0.00035716014346895327 -0.0041147394061653532 -0.00098683197222303913 -0.0028092487358265398 -5.4757465087183498e-05 2.0960838223210337e-05 -0.0012367130266456468 -0.0013320075230551381 -0.00036541957817768267 -0.0021071782193537733 -0.00029717284770031913 -0.0001006472130886755 -0.00016686378209454541 -0.0024009613608576858 -0.00075994997222898243 -0.00061906383281349502 -0.00098951431733766281 0.00017794178234903306 -0.00011554001607918877 -0.0032525986734268822 -0.00017810337178344061 0.001156004645323498 0.00056274421000058767 0.00037149772877304905 0.00057367111880165936 7.4373996134468559e-05 -0.0029131496215127096
leaf_weight=39642 1206 2117 121 113 1050 136 264 107 322 191 1014 20 313 552 506 72767 348 41 1091 1734 2021 448 3835 23 28 2005 1090 285 49 774 190 3737 40 832 91 92 21 79 53 204 548 96 239 704 28 182 172 193 28 29 169 40 693 42 29 368 56 430 246 234 427 20
leaf_count=39642 1206 2117 121 113 1050 136 264 107 322 191 1014 20 313 552 506 72767 348 41 1091 1734 2021 448 3835 23 28 2005 1090 285 49 774 190 3737 40 832 91 92 21 79 53 204 548 96 239 704 28 182 172 193 28 29 169 40 693 42 29 368 56 430 246 234 427 20
internal_value=-1.61892e-07 9.79005e-05 -3.34694e-06 -0.000139276 4.49541e-05 -0.00028553 -0.000571089 -0.00036339 -2.08189e-06 -0.000395103 2.11651e-06 -3.08036e-06 -0.000521351 -0.0004501 -0.000500852 1.31984e-06 -3.43002e-05 -0.000484525 -0.000871473 -1.42045e-05 -0.000222426 5.95174e-05 2.06731e-05 8.27054e-06 -0.00250623 1.00558e-05 0.000123835 0.000261486 5.36905e-06 0 -8.69729e-05 5.30684e-06 0.000159521 0.000295814 0.000101904 -0.000487132 -0.00122496 2.47917e-05 -0.000314575 -0.000106366 9.94448e-06 -0.00044993 -0.000527607 -0.000615815 -2.74002e-05 -0.000563193 0.000441014 -0.000684521 -0.000848098 0.000576885 0.000138418 -2.33142e-05 0.000107287 -0.000605544 -0.00146997 -0.000529442 0.000218914 0.000338238 2.57373e-05 0.000192795 -3.22947e-05 -0.000873476
internal_weight=144525 4497 140028 5446 2395 3051 1511 1173 1540 1247 134582 130250 1106 1086 1052 129144 45374 1928 1132 43446 3755 796 83770 74823 51 74772 8947 4120 39691 3291 2517 4827 4332 2135 1274 204 112 2197 540 1404 1082 300 1056 943 2327 210 1222 773 580 861 1657 902 733 945 71 874 1070 755 325 782 487 60
internal_count=144525 4497 140028 5446 2395 3051 1511 1173 1540 1247 134582 130250 1106 1086 1052 129144 45374 1928 1132 43446 3755 796 83770 74823 51 74772 8947 4120 39691 3291 2517 4827 4332 2135 1274 204 112 2197 540 1404 1082 300 1056 943 2327 210 1222 773 580 861 1657 902 733 945 71 874 1070 755 325 782 487 60
is_linear=0
shrinkage=0.05


Tree=112
num_leaves=63
num_cat=0
split_feature=0 0 0 2 23 20 8 3 21 15 20 22 25 25 21 11 17 2 18 21 25 0 0 0 19 24 20 3 17 17 16 18 18 21 17 19 13 0 5 20 23 13 22 0 0 13 0 2 16 17 18 9 0 20 20 9 21 21 20 23 2 13
split_gain=0.0170301 0.057626 0.055896 0.0322736 0.0317641 0.116471 0.259162 0.157783 0.110372 0.0465108 0.0464761 0.0415247 0.0478349 0.040944 0.0948299 0.0431266 0.039948 0.0355107 0.0567156 0.0351028 0.0307826 0.0290823 0.0623003 0.0619107 0.0767276 0.285029 0.0525629 0.0942104 0.0482266 0.187472 0.0877966 0.0855573 0.218884 0.383387 0.0695425 0.18317 0.0598244 0.0566985 0.0528304 0.180899 0.057838 0.0453936 0.0445892 0.04183 0.077288 0.0512903 0.0356822 0.0750086 0.0585643 0.0643642 0.0580712 0.0434585 0.0319957 0.0293735 0.108709 0.0552167 0.0285283 0.0706331 0.0708284 0.0886139 0.0886326 0.0578964
threshold=60.500000000000007 39.500000000000007 93.500000000000014 8.5000000000000018 1.2629922032356264 0.78571429848670971 -0.8783796973249266 1.5000000000000002 0.96428570151329052 1.5000000000000002 0.5000000149011613 1.0166666507720949 1.3088974952697756 1.4029927849769595 0.60714286565780651 1.0000000180025095e-35 1.0000000180025095e-35 11.500000000000002 33.500000000000007 2.9642857313156132 1.9746960401535036 331.50000000000006 266.50000000000006 202.50000000000003 87.500000000000014 28.712529182434086 45.928571701049812 2.5000000000000004 1.5000000000000002 3.5000000000000004 1.5000000000000002 2.5000000000000004 4.5000000000000009 1.464285731315613 4.5000000000000009 10.500000000000002 3.6713909297959733 280.50000000000006 1.0000000180025095e-35 5.0714285373687753 9.5556015968322772 38.5684198304888 0.083333335816860213 254.50000000000003 262.50000000000006 25.877464183798267 411.50000000000006 10.500000000000002 10.500000000000002 1.5000000000000002 1.5000000000000002 -0.56174490092936669 291.50000000000006 2.3571429252624516 2.7857142686843877 -0.22252093395631442 0.32142858207225805 6.1785714626312265 7.2142856121063241 7.5922892093658456 3.5000000000000004 9.4906774358023558
decision_type=2 2 2 2 2 2 2 2 2 2 2 2 2 2 2 2 2 2 2 2 2 2 2 2 2 2 2 2 2 2 2 2 2 2 2 2 2 2 2 2 2 2 2 2 2 2 2 2 2 2 2 2 2 2 2 2 2 2 2 2 2 2
left_child=1 4 -2 56 5 10 -7 8 -8 -9 13 -6 -13 14 16 -16 -1 20 19 -19 -14 22 23 24 26 -26 42 -28 31 30 52 38 33 -33 35 -31 -36 -32 40 -40 -24 -34 -4 -25 45 -45 47 48 49 50 -23 -51 -30 -49 55 -55 -3 58 59 60 -58 -59
right_child=2 3 21 -5 11 6 7 9 -10 -11 -12 12 17 -15 15 -17 -18 18 -20 -21 -22 46 28 43 25 -27 27 -29 29 34 37 32 41 -35 36 -37 -38 -39 39 -41 -42 -43 -44 44 -46 -47 -48 53 -50 51 -52 -53 -54 54 -56 -57 57 61 -60 -61 -62 -63
leaf_value=-0.00027130433133139997 0.00019137665913656189 0.00031183701831937068 -0.00052848997646031358 6.5241693223533557e-05 0.0011018983104687913 -0.00614074283662055 -0.0056604242420168283 0.0012629368701877381 -0.00049475998338497436 -0.00090551855881032442 0.00093636119795064907 -0.0016222040846722947 0.0012907598380308203 0.00097485077344939381 -0.00065475045633849819 -0.00430511217066249 0.0012495645303224484 -0.0019284270221372444 -0.0027800264479920915 0.00032496134078201819 0.00020386229590979257 -6.3984459696745489e-05 0.00014684857926275318 0.00022676494506885327 -0.0067933421576408942 5.082310756169466e-06 -0.0039333942762664921 0.0005197401041517136 0.00027937061122372715 0.00054475384477713142 -0.001390646270253715 -0.0082216290629049584 -0.00071041687335795438 -0.0011913731544865795 0.00078676570455362544 -0.0026487673853757107 -0.00016799061017712944 0.00049948333896012776 -0.0042982626449595265 0.0005135629046809357 -0.00041260136729133316 0 -1.7041301441597705e-05 7.8082608720202095e-05 0.00038211500393294532 -0.00053553786380046203 1.4431908285409769e-07 0.0007108168058503634 0.00026478252141118303 2.5827746768335657e-05 0.00047114502584568916 -0.00052238124250599384 0.0018750018590009622 -0.00010515461537977725 0.00035446093681220465 -0.0040528598835170978 -0.0022245443017447821 0.00041911360152126193 -0.0038307788299303917 0.0021633160338480006 -0.00042272495533844721 -0.00037740244921414585
leaf_weight=274 3835 149 468 623 123 24 21 72 25 35 145 37 71 73 20 20 51 21 24 91 1285 1895 1188 3952 20 60 24 20 48 81 43 25 550 97 168 95 4951 391 32 46 750 400 5062 582 680 780 107196 556 1826 535 687 1016 171 20 1067 21 108 268 22 22 211 1372
leaf_count=274 3835 149 468 623 123 24 21 72 25 35 145 37 71 73 20 20 51 21 24 91 1285 1895 1188 3952 20 60 24 20 48 81 43 25 550 97 168 95 4951 391 32 46 750 400 5062 582 680 780 107196 556 1826 535 687 1016 171 20 1067 21 108 268 22 22 211 1372
internal_value=-1.54784e-07 -8.91444e-05 3.12212e-06 -0.000244994 8.80905e-05 -0.00017583 -0.00130193 -0.000506724 -0.00296862 0.00050676 0.000157645 0.000212537 0.000137655 -8.88916e-05 -0.000315544 -0.0026108 -1.69541e-05 0.000184754 -0.000573729 -5.42893e-05 0.00026455 -2.16909e-06 -5.67733e-05 1.92747e-05 -9.89087e-05 -0.00163846 -7.58865e-05 -0.00179927 -0.000155357 -7.10377e-05 0.000726782 -0.000316142 -0.000678069 -0.0026785 -0.000170384 -0.00115115 -0.000135665 0.000300417 -0.000121185 -0.00139947 -6.70871e-05 -0.000415654 -6.12378e-05 0.000131588 -5.01664e-05 -0.000269673 7.62405e-06 0.000112148 2.83625e-05 -7.48843e-05 7.64753e-05 -0.00033007 0.00154838 0.000409171 0.000253241 -0.00225375 -0.000337129 -0.000387914 -0.0010233 -0.000826447 -0.00104892 -0.000244174
internal_weight=144525 5187 139338 2775 2412 760 177 153 46 107 583 1652 1529 438 365 40 325 1492 136 112 1356 135503 20684 11648 5654 80 5574 44 9036 5948 653 3088 1072 122 5295 176 5119 434 2016 78 1938 950 5530 5994 2042 1362 114819 7623 5959 4133 2582 1551 219 1664 1108 41 2152 2003 363 341 319 1640
internal_count=144525 5187 139338 2775 2412 760 177 153 46 107 583 1652 1529 438 365 40 325 1492 136 112 1356 135503 20684 11648 5654 80 5574 44 9036 5948 653 3088 1072 122 5295 176 5119 434 2016 78 1938 950 5530 5994 2042 1362 114819 7623 5959 4133 2582 1551 219 1664 1108 41 2152 2003 363 341 319 1640
is_linear=0
shrinkage=0.05


Tree=113
num_leaves=63
num_cat=0
split_feature=19 14 13 16 13 14 3 3 13 13 23 21 24 12 24 24 25 18 17 18 19 13 13 21 2 16 13 13 13 2 23 18 15 17 16 25 19 14 14 3 14 2 25 2 19 21 14 21 21 3 16 18 13 13 13 25 25 15 13 25 16 14
split_gain=0.0166757 0.032043 0.0680509 0.0563369 0.0525724 0.0475496 0.0662994 0.0409684 0.03216 0.105581 0.0449297 0.0320149 0.0322237 0.0281726 0.02635 0.0502903 0.0389833 0.028596 0.0259501 0.0254879 0.0253639 0.0237218 0.0237304 0.0219598 0.0209429 0.0246517 0.0202777 0.0185548 0.0330699 0.0230809 0.0210016 0.0218444 0.0174343 0.0287906 0.0412289 0.0207027 0.0165892 0.0547719 0.0185027 0.0223024 0.0476841 0.016165 0.0160779 0.0203014 0.015961 0.0368704 0.0154096 0.0150712 0.0148229 0.0143455 0.0143327 0.0133943 0.0133855 0.0289271 0.0127277 0.0122954 0.0121018 0.0119865 0.0112866 0.0107863 0.0107012 0.0102386
threshold=1200.5000000000002 586.29548647699346 496.37555774740503 1405.5000000000002 440.84422146753121 728.61319544652895 4.5000000000000009 4.5000000000000009 326.68300764977664 259.92204015330725 138.67674255371097 379.14286804199224 229.48722839355472 1473.5000000000002 401.80415344238287 368.81375122070318 386.29345703125006 13.500000000000002 3.5000000000000004 381.50000000000006 3.5000000000000004 593.01489036182454 748.76002495509886 523.96429443359386 3.5000000000000004 670.50000000000011 593.01489036182454 496.37555774740503 440.84422146753121 11.500000000000002 544.14218139648449 560.50000000000011 10.500000000000002 15.500000000000002 497.50000000000006 338.10794067382818 1177.5000000000002 848.73818707811006 1017.6188446969699 3.5000000000000004 1263.6404220779223 4.5000000000000009 483.34988403320318 8.5000000000000018 382.50000000000006 205.8571472167969 661.4812659846549 259.39285278320318 410.75000000000006 4.5000000000000009 200.50000000000003 975.50000000000011 1313.683155277834 1528.6715882853325 1174.3343828736549 457.00421142578131 315.44653320312506 9.5000000000000018 886.96632710809297 897.04428100585949 413.50000000000006 1096.74846390169
decision_type=2 2 2 2 2 2 2 2 2 2 2 2 2 2 2 2 2 2 2 2 2 2 2 2 2 2 2 2 2 2 2 2 2 2 2 2 2 2 2 2 2 2 2 2 2 2 2 2 2 2 2 2 2 2 2 2 2 2 2 2 2 2
left_child=1 2 3 4 8 6 21 32 9 19 -11 12 41 -2 15 18 -17 -16 -9 -1 -13 -3 42 -24 25 -19 49 28 -8 46 56 -32 33 34 50 48 38 -38 55 54 -41 -6 43 -23 45 -10 -30 -46 -34 -7 -4 -22 59 -54 -40 -28 -29 -26 -25 -15 -20 -61
right_child=13 5 7 -5 11 26 27 14 44 10 -12 20 -14 52 17 16 -18 24 60 -21 51 22 23 58 57 -27 36 30 29 -31 31 -33 35 -35 -36 -37 37 -39 39 40 -42 -43 -44 -45 47 -47 -48 -49 -50 -51 -52 -53 53 -55 -56 -57 -58 -59 -60 61 -62 -63
leaf_value=-5.0528246228139585e-07 0.00060595807666033897 -0.0010281749732917852 -0.00074542128332655256 -0.0020048211170728596 0 -0.00060068097206490549 0.00057407257787773635 -0.0013818300260933646 -0.00058774142186716861 -0.0011956838930050478 -0.00033472619849347018 -0.0020281902177141748 0.00075722673982103132 9.0759467467425978e-05 -0.0012967518889693025 -0.00021143486518973163 -0.0032845414520298829 0.0017045987202203208 0.0006992957575316785 0.00023987000296259004 -0.00055423251736350055 -0.00017328126869664768 0.00073129746749433274 -0.00083315674841092464 -0.00088765619403976224 -0.0001007194919357191 -0.00018785748050785428 0 -0.00058074343557139383 -0.0020959437288109758 -0.0015202227743620065 0.00020140209744440559 0.00073002307787252722 0.00049362384419667621 -0.0026608388782050274 0.00072438219589860027 -0.0029378596084648676 0 0.00024011403042450963 -0.00065245031780181986 0.00017781744471646012 -0.0013470484921902191 0.00021281428388692498 -0.0011160527278888369 0.00055575017497581274 0.00013605602437463988 0.00042135101684203491 0.0001785171269838925 -7.621485501404623e-05 0.00071250132120367622 0.0009355418372484029 0.0001828742009394629 -0.00047969102105807604 8.0024838259921429e-05 -0.0001192237243427614 0.00018128069261263502 0.0008481107516727283 0.00032061457026872904 0 0.00079731704324213163 -0.00014712437339436138 0.00017419125384607827
leaf_weight=128054 268 211 28 35 41 20 98 30 198 190 938 30 106 1366 24 24 25 56 67 1112 577 328 23 440 24 21 266 56 147 22 25 57 80 136 20 684 21 56 398 461 264 36 163 75 379 1500 46 1134 169 147 23 58 307 899 638 1187 168 114 58 121 68 208
leaf_count=128054 268 211 28 35 41 20 98 30 198 190 938 30 106 1366 24 24 25 56 67 1112 577 328 23 440 24 21 266 56 147 22 25 57 80 136 20 684 21 56 398 461 264 36 163 75 379 1500 46 1134 169 147 23 58 307 899 638 1187 168 114 58 121 68 208
internal_value=-1.48434e-07 -2.72601e-06 1.97078e-06 -1.84336e-06 -1.28286e-06 -0.000122477 -0.000322298 0.000326856 1.17267e-06 -2.6421e-06 -0.000484271 -0.00039372 0.000171258 0.000113245 -6.57391e-05 -0.000477474 -0.00188468 0.000282061 -2.8404e-05 1.5256e-06 -0.000556715 -0.00052596 -0.000423789 -0.000671161 0.000482066 0.0011479 -1.0251e-05 9.67078e-05 -0.000162909 -0.000522192 0.000378565 -0.000263795 0.000487239 4.5215e-05 -0.000742872 0.000579934 -3.89488e-05 -0.000765542 -1.99624e-05 -0.000130243 -0.00034324 -0.000570485 -0.000187174 -0.000361372 0.000157518 4.86815e-05 -0.000315914 0.000276347 0.000162934 0.000525046 0 -0.000479015 6.59846e-05 -5.83391e-05 1.40071e-05 0.000110254 0.000636039 7.37843e-05 -0.000746105 0.000157389 0.000236148 0.000418731
internal_weight=144525 141356 135981 134388 134353 5375 1917 1593 133505 130294 1128 848 183 3169 453 214 49 239 165 129166 665 1298 1087 521 215 77 3458 619 313 215 306 82 1140 207 71 933 3291 77 3214 1761 725 77 566 403 3211 1698 193 1513 249 167 51 635 2901 1206 1036 1453 224 138 498 1695 135 329
internal_count=144525 141356 135981 134388 134353 5375 1917 1593 133505 130294 1128 848 183 3169 453 214 49 239 165 129166 665 1298 1087 521 215 77 3458 619 313 215 306 82 1140 207 71 933 3291 77 3214 1761 725 77 566 403 3211 1698 193 1513 249 167 51 635 2901 1206 1036 1453 224 138 498 1695 135 329
is_linear=0
shrinkage=0.05


Tree=114
num_leaves=63
num_cat=0
split_feature=8 0 0 12 21 0 22 24 14 0 20 0 24 12 8 22 21 25 21 0 0 23 24 15 20 20 22 0 12 10 14 12 25 12 21 0 21 20 0 12 14 12 15 21 21 22 14 12 22 12 0 20 21 22 21 25 19 24 23 0 12 12
split_gain=0.0166629 0.0440788 0.0618545 0.0604592 0.333349 0.220243 0.366355 0.111169 0.10625 0.0608522 0.109213 0.0544396 0.093183 0.122214 0.270916 0.0566491 0.0569626 0.16581 0.051409 0.0440487 0.136672 0.201913 0.535235 0.305512 0.0482522 0.122088 0.0586319 0.144128 0.0819999 0.0426093 0.0418327 0.0827867 0.0401436 0.325228 0.426904 0.0386683 0.0488233 0.0465883 0.0383632 0.0596449 0.140708 0.071519 0.115685 0.0831844 0.0575678 0.0964004 0.111453 0.0608618 0.0999095 0.0587538 0.044827 0.171119 0.21715 0.354914 0.133048 0.0453974 0.0417167 0.0370114 0.0360867 0.0360374 0.0491317 0.143828
threshold=-1.0000000180025095e-35 1475.5000000000002 1328.5000000000002 1466.5000000000002 0.89285713434219371 2411.5000000000005 0.75000000000000011 0.93907719850540172 0.87119815668202782 2426.5000000000005 1.928571403026581 1284.0000000000002 0.93319860100746166 1327.5000000000002 -0.60785761079279388 1.0166666507720949 1.3214285373687746 3.6762675046920781 0.10714286193251611 2066.0000000000005 2033.5000000000002 0.98795002698898327 1.0324271321296694 1.0000000180025095e-35 3.3571429252624516 3.0714285373687749 1.1499999761581423 2399.5000000000005 1179.0000000000002 0.25000000000000011 0.10760959470636892 787.50000000000011 1.0048722028732302 1346.5000000000002 0.60714286565780651 1754.5000000000002 1.6785714626312258 1.7857142686843874 1371.5000000000002 1432.5000000000002 0.66838487972508598 1431.0000000000002 4.5000000000000009 4.5357143878936776 0.82142856717109691 0.84999999403953563 0.83087757313109434 1457.5000000000002 1.5500000119209292 1465.5000000000002 1340.5000000000002 0.21428572386503222 0.17857143282890323 0.25000000745058065 0.60714286565780651 39.206563949584968 31.500000000000004 5.0676736831665048 1.5039421916007998 1754.5000000000002 1191.5000000000002 1215.5000000000002
decision_type=2 2 2 2 2 2 2 2 2 2 2 2 2 2 2 2 2 2 2 2 2 2 2 2 2 2 2 2 2 2 2 2 2 2 2 2 2 2 2 2 2 2 2 2 2 2 2 2 2 2 2 2 2 2 2 2 2 2 2 2 2 2
left_child=1 2 11 19 5 6 -5 -7 -6 35 -11 29 13 30 18 -14 17 -17 -15 20 32 22 23 -22 25 26 28 -28 -21 -1 31 -13 33 58 -35 36 -10 -37 50 41 -41 59 43 -43 49 46 -46 56 -49 -42 -2 52 -52 -54 -55 -53 -47 -18 -3 -40 -61 -62
right_child=38 3 -4 4 8 7 -8 -9 9 10 -12 12 15 14 -16 16 57 -19 -20 24 21 -23 -24 -25 -26 -27 27 -29 -30 -31 -32 -33 -34 34 -36 37 -38 -39 39 40 44 42 -44 -45 45 47 -48 48 -50 -51 51 55 53 54 -56 -57 -58 -59 -60 60 61 -63
leaf_value=-1.9121088382561458e-05 -2.790677471261854e-05 6.4825235291025436e-05 0.00021444155592557513 -0.001004139047205653 -0.0037498663388081444 -0.0031424732684199488 -0.0091685162805968147 0.0019074496381726617 -0.0023892148140801026 0.00037755455143263246 -0.0038212168142455548 3.9645327984605076e-05 0.0011241922049841859 -0.0028071169595010742 0.00088236387114959077 -0.0043684105765091118 0.00054086922088111714 0.00072899610501569187 -0.0066328440550913583 -2.1998671708932862e-05 -3.2429556284221748e-05 0.0011470643561120287 -0.008931036113231941 -0.0047306590060605261 0.0014166706684723644 -0.0037754660703946106 0.00051298956904146406 -0.0018521294835256996 0.00058943646132873122 7.6142559608843968e-05 0.00077184971542394374 -0.0033320140949953561 6.4574534253003012e-05 -0.0011767520376948669 -0.0087469850439782157 0.0023155787030754186 -1.1858038147661468e-06 0 9.0693687349557283e-05 0.0011521302217309005 3.8098943141457141e-07 -0.0053013449816992787 0.00053155528722868134 -0.00084188622262503258 -0.0048389147419782607 0.00058201168781726572 -0.00022146537165789707 -0.0011037951773299217 8.4878200168892444e-05 0.0016341915462949556 -0.00041211235143727486 0.00015900408033608275 -0.0094332816859849719 -0.003724530105050547 0.00077564474166241673 -0.0020082233671703748 -0.0016683294122751377 -0.00024727000197219808 -0.0011765615664506386 2.5754852646972478e-05 -0.0016664955835090816 -0.00015219836401519826
leaf_weight=22597 63848 2019 4511 29 20 20 29 23 22 29 29 51 85 22 29 30 174 31 28 1405 171 72 24 44 72 20 134 120 884 24282 52 26 3148 320 20 39 821 43 5633 355 110 23 37 25 21 747 41 185 3830 124 164 564 20 35 28 25 20 944 60 3830 170 2211
leaf_count=22597 63848 2019 4511 29 20 20 29 23 22 29 29 51 85 22 29 30 174 31 28 1405 171 72 24 44 72 20 134 120 884 24282 52 26 3148 320 20 39 821 43 5633 355 110 23 37 25 21 747 41 185 3830 124 164 564 20 35 28 25 20 944 60 3830 170 2211
internal_value=-1.44171e-07 1.92761e-05 3.72533e-05 -7.90193e-05 -0.000427515 -0.00316643 -0.00518114 -0.000327184 -0.00014644 -6.76648e-05 -0.00163874 2.06183e-05 -0.000278446 -0.00126127 -0.00281597 -0.000112674 -0.000206174 -0.00169914 -0.00505829 -3.32331e-05 -0.000109854 -0.00113052 -0.00183776 -0.00101892 0.000135789 9.78014e-05 0.000130377 -0.000585001 0.000211966 3.01162e-05 -0.000268988 -0.00103683 -5.19172e-05 -0.000205579 -0.0016392 2.56073e-05 -6.97133e-05 0.00106534 -1.49938e-05 5.08862e-05 0.000188259 -1.12614e-05 -0.0014556 -0.00308924 0.000119869 8.17208e-05 -0.00187123 0.000108126 2.8836e-05 0.000887848 -3.27542e-05 -0.000396943 -0.00150211 -0.00359259 -0.00164715 5.82037e-05 0.000516605 -0.000120099 2.6539e-05 -4.61532e-07 -8.39389e-05 -0.000262482
internal_weight=144525 62479 52862 9617 1104 101 58 43 1003 983 58 48351 1472 208 79 1264 1179 61 50 8513 5878 311 239 215 2635 2563 2543 254 2289 46879 129 77 5567 2419 340 925 843 82 82046 17362 5433 11929 85 48 5078 4844 62 4782 4015 234 64684 836 247 83 63 589 767 1118 2079 11844 6211 2381
internal_count=144525 62479 52862 9617 1104 101 58 43 1003 983 58 48351 1472 208 79 1264 1179 61 50 8513 5878 311 239 215 2635 2563 2543 254 2289 46879 129 77 5567 2419 340 925 843 82 82046 17362 5433 11929 85 48 5078 4844 62 4782 4015 234 64684 836 247 83 63 589 767 1118 2079 11844 6211 2381
is_linear=0
shrinkage=0.05


Tree=115
num_leaves=63
num_cat=0
split_feature=13 11 0 0 0 0 11 14 0 0 0 13 0 13 22 25 25 0 0 3 0 25 22 25 14 13 20 13 10 2 14 23 0 25 17 25 22 14 14 22 25 17 14 17 20 0 23 23 0 13 14 14 13 13 2 20 20 23 0 13 19 22
split_gain=0.0163253 0.0573382 0.0476257 0.126954 0.0383189 0.106856 0.0452653 0.0216755 0.0449963 0.0169571 0.0522828 0.0453964 0.0781441 0.0526817 0.049321 0.076801 0.0745917 0.0459538 0.0558704 0.0391004 0.0400032 0.0963036 0.13748 0.153438 0.0509421 0.161732 0.131596 0.0556395 0.0471669 0.0457138 0.0577471 0.044204 0.0347983 0.0300944 0.104333 0.202885 0.454306 0.40411 0.049628 0.0477416 0.114248 0.218321 0.0732793 0.0701102 0.0567142 0.0401511 0.036322 0.074206 0.263143 0.0363021 0.0357308 0.0297379 0.0291008 0.0269571 0.0269059 0.0396731 0.0601724 0.0917064 0.0480159 0.0726844 0.0492159 0.0299043
threshold=0.012358406516482118 1.0000000180025095e-35 1999.5000000000002 1929.5000000000002 842.00000000000011 1653.5000000000002 -0.68301270189221952 1.0000000180025095e-35 2220.5000000000005 1328.5000000000002 1333.5000000000002 161.09460132450334 1340.5000000000002 1.9518080787228189 0.18333333730697635 0.53282585740089428 0.46361231803894049 1391.5000000000002 1545.5000000000002 1.5000000000000002 1284.0000000000002 0.55345740914344799 0.050000002607703216 0.35544712841510778 2.0052083333333335 2.8296695983120039 0.5000000149011613 5.4336336336336348 0.68301270189221941 10.500000000000002 0.29051012753188304 0.77136236429214489 1389.5000000000002 21.022101402282718 33.500000000000007 17.4218282699585 12.083333492279055 11.015504807692309 9.9096016343207367 6.3166668415069589 7.9771583080291757 15.500000000000002 5.3430703624733482 8.5000000000000018 10.500000000000002 335.50000000000006 20.975609779357914 21.405384063720707 820.50000000000011 104.26171476788913 1.7197560975609758 10.168922626669106 0.23540501008264933 0.17328655817043084 5.5000000000000009 12.785714149475099 27.214285850524906 54.442850112915046 719.50000000000011 0.026721807579183601 150.50000000000003 0.050000002607703216
decision_type=2 2 2 2 2 2 2 2 2 2 2 2 2 2 2 2 2 2 2 2 2 2 2 2 2 2 2 2 2 2 2 2 2 2 2 2 2 2 2 2 2 2 2 2 2 2 2 2 2 2 2 2 2 2 2 2 2 2 2 2 2 2
left_child=1 2 3 4 -1 6 -6 -4 -9 19 -11 12 53 14 16 -16 -14 32 -19 33 54 22 28 -24 29 26 -26 -27 -22 52 -31 -25 -15 34 39 -36 37 -37 -35 43 41 -41 -42 44 -2 -38 49 48 -48 -40 -45 -49 -23 -12 61 58 57 -57 60 -60 -56 -21
right_child=9 -3 7 -5 5 -7 -8 8 -10 10 11 -13 13 17 15 -17 -18 18 -20 20 21 24 23 31 25 27 -28 -29 -30 30 -32 -33 -34 38 35 36 45 -39 46 40 42 -43 -44 50 -46 -47 47 51 -50 -51 -52 -53 -54 -55 55 56 -58 -59 59 -61 -62 -63
leaf_value=0.00045006208056365578 -8.0094069910690297e-05 0.00028327513349819068 0.00050223147437462835 -0.004234274533852638 -0.0037641349285995776 0.00043325451585629626 -0.00052186960218721437 0.00047428922679468213 -0.0024624665567623168 0.00038250627648991138 -0.00037306859873850956 -0.00032561470246138144 9.4170644311809545e-06 0.00021779745129682943 -0.00092081566702909901 -6.4839093625334015e-05 0.00042591756939258679 -5.3997520463228496e-05 0.00021849555295220602 -0.00021594889021685603 0.0009708493846015588 0.0015106783406842194 -0.0054488189606463275 -0.00066581437808864333 -0.0053148879366982024 0.00079734464300946876 -0.0010555333251481194 -0.00013620958777627688 -0.0014897535400011513 -0.0023672569468671583 0.0002607726256445224 -0.003306248642549517 0.00072066391881962842 0.00039753577532119079 0.00023839010042004668 -0.0013231426401203001 -0.0015620713006026252 -0.0099801663198171089 0.00013407991637092215 -0.00073354392526426301 0.00024269325161334552 -0.0055754937897921743 -0.00030315979917656591 -0.00020049210000138947 0.000745106638784583 0.00026602696602615674 0.00038949243033643577 -0.0019710190128535035 -0.0064954832627146094 0.0011035373889860946 0.00068374747217249008 -4.0672993295032115e-05 0.00038387937186834135 0.0013746682027319693 9.4808041166066084e-05 -0.00019019882900005842 -1.5841255036787505e-05 -0.0016402531291490178 0.0011478469100170622 -7.4433110290816665e-05 0.0015725235795217278 5.334724413639759e-05
leaf_weight=50 11403 251 83 30 36 50 21 25 23 1035 21 915 7116 1843 269 11993 1272 4431 3244 1053 70 84 29 87 21 180 188 1379 26 30 60 22 442 727 174 28 46 29 1421 199 803 27 2522 139 211 77 41 20 20 106 485 13151 246 143 11402 4190 14348 113 123 8096 57 37799
leaf_count=50 11403 251 83 30 36 50 21 25 23 1035 21 915 7116 1843 269 11993 1272 4431 3244 1053 70 84 29 87 21 180 188 1379 26 30 60 22 442 727 174 28 46 29 1421 199 803 27 2522 139 211 77 41 20 20 106 485 13151 246 143 11402 4190 14348 113 123 8096 57 37799
internal_value=-1.53065e-07 -0.000267452 -0.000717815 -0.00122979 -0.000621531 -0.00116891 -0.00266019 0 -0.00083115 8.6891e-07 3.25386e-05 2.09493e-05 3.14171e-05 2.54161e-05 -1.99317e-05 -8.40324e-05 7.31778e-05 0.000119937 6.05273e-05 -8.40325e-06 1.02301e-05 -0.000189688 -0.00115526 -0.0021696 -8.40894e-05 -0.000203572 -0.00150976 -2.51715e-05 0.00025155 0.0004069 -0.000561398 -0.00124712 0.000317285 -5.54571e-05 -0.000103243 -0.000953404 -0.00213273 -0.00582492 -5.32017e-06 -8.38596e-05 -0.000245512 -0.00133633 -0.000169827 -3.65442e-05 -6.46652e-05 -0.000377748 -2.55054e-05 -5.2453e-05 -0.00179298 0.000204719 0.000478765 -4.39988e-05 0.000686219 0.00112031 1.65687e-05 -1.3052e-05 -6.53986e-05 -0.000229478 3.63086e-05 -5.55192e-05 0.000102609 4.59193e-05
internal_weight=144525 569 318 187 157 107 57 131 48 143956 32724 31689 30774 30610 20650 12262 8388 9960 7675 111232 79603 2422 234 138 2188 1768 209 1559 96 420 90 109 2285 31629 16143 354 180 57 15486 15789 3551 226 3325 12238 11614 123 14759 13232 61 1527 624 13171 330 164 77181 38329 18651 4303 19678 8219 11459 38852
internal_count=144525 569 318 187 157 107 57 131 48 143956 32724 31689 30774 30610 20650 12262 8388 9960 7675 111232 79603 2422 234 138 2188 1768 209 1559 96 420 90 109 2285 31629 16143 354 180 57 15486 15789 3551 226 3325 12238 11614 123 14759 13232 61 1527 624 13171 330 164 77181 38329 18651 4303 19678 8219 11459 38852
is_linear=0
shrinkage=0.05


Tree=116
num_leaves=63
num_cat=0
split_feature=12 14 22 13 19 13 11 25 24 20 14 22 11 0 8 20 24 14 12 14 0 14 21 10 21 14 14 25 25 25 13 9 11 21 12 25 12 3 12 25 13 14 11 13 13 14 0 11 25 14 14 25 14 12 25 22 21 13 14 13 16 8
split_gain=0.0154565 0.100957 0.116041 0.227469 0.206101 0.217937 0.366737 0.793018 0.199516 0.301705 0.17863 0.150307 0.111784 0.0748682 0.0740938 0.0695064 0.131452 0.0531652 0.105816 0.048189 0.044172 0.0377282 0.19958 0.235595 0.179916 0.210891 0.0941734 0.21129 0.148434 0.0907787 0.111158 0.103138 0.0429126 0.0411511 0.0342569 0.033151 0.100226 0.234553 0.391508 0.213176 0.141852 0.0849966 0.198072 0.321377 0.0610547 0.126026 0.0333208 0.0898166 0.0633238 0.0942821 0.090412 0.0374908 0.036426 0.0328127 0.107945 0.181645 0.373597 0.462646 0.151101 0.0913412 0.229185 0.0817032
threshold=1408.5000000000002 0.019049346879535561 0.15000000596046451 0.24637327766179543 1.5000000000000002 0.22559557572319913 -0.5 0.69685250520706188 0.82708111405372631 1.0000000180025095e-35 0.16291708796764412 0.35000000894069677 0.6830127018922193 276.50000000000006 0.87837969732492682 0.35714286565780645 0.59509205818176281 0.12637628554143984 1465.5000000000002 0.50257731958762897 1179.5000000000002 0.30368444846292952 0.17857143282890323 -0.24999999999999994 0.46428571641445165 0.20106382978723406 0.33508771929824566 0.79833617806434642 1.4552717208862307 0.79833617806434642 0.51166980934422812 1.0000000180025095e-35 1.0000000180025095e-35 0.32142858207225805 1413.5000000000002 0.37209869921207434 1376.5000000000002 4.5000000000000009 1393.5000000000002 0.35544712841510778 0.17328655817043084 0.094467108618052034 -0.24999999999999994 0.14261011741074633 0.05543928932632234 0.033520599250936332 7.0000000000000009 -0.9330127018922193 0.46361231803894049 0.3521927016645327 0.61209259823332329 0.60122093558311474 0.79469617140850024 1396.5000000000002 0.65607663989067089 0.18333333730697635 0.25000000745058065 0.18099133901908396 1.1184618188445417 1.406493050328667 1.0000000180025095e-35 1.0000000180025095e-35
decision_type=2 2 2 2 2 2 2 2 2 2 2 2 2 2 2 2 2 2 2 2 2 2 2 2 2 2 2 2 2 2 2 2 2 2 2 2 2 2 2 2 2 2 2 2 2 2 2 2 2 2 2 2 2 2 2 2 2 2 2 2 2 2
left_child=35 12 13 4 5 8 11 -8 9 -4 -10 -7 -2 -3 15 17 -17 18 -15 -19 -16 22 23 -5 33 -26 27 -23 -29 31 -31 -28 -25 -24 -18 36 -1 39 -39 41 -40 44 43 -43 45 -38 47 -37 -49 51 -51 -50 -52 -48 55 61 57 -57 -56 60 -60 -55
right_child=1 2 3 21 -6 6 7 -9 10 -11 -12 -13 -14 14 20 16 34 19 -20 -21 -22 26 24 32 25 -27 29 28 -30 30 -32 -33 -34 -35 -36 46 37 38 40 -41 -42 42 -44 -45 -46 -47 53 48 49 50 52 -53 -54 54 58 56 -58 -59 59 -61 -62 -63
leaf_value=-2.4135083035084026e-05 -0.0051554227713495491 -0.0021605182516377 -0.0027275663537905575 -0.0056319111071499511 0.0028581329472265218 0.0023914302275026581 -0.010408910161137087 -0.00086025341434753713 0.0013330132574268026 -0.00027278787896193912 -0.00091481294378317085 -0.0023492189811115645 0 0.00064492618357700634 0.0034345291379498642 -0.0032861583104187792 -0.00065419330303348715 0.0012517004756186906 -0.0014526560979882773 -0.00013399818276497235 0.00090116692861174318 -0.0052190787480395039 0.0031183413673549214 -0.0014243989070849632 -0.0031895126585545562 0.00074120323478281999 0.001432286983502268 0.0013723077184104985 -0.0031124809418814885 -0.00063128464776940005 -6.2905989859996255e-06 -0.00017178188408306674 0.0016433782163131759 0.0013353730528643101 0.0019431575538240015 -0.0027747197746929293 0.0023970236162560495 -0.0093544444375073723 -0.0030353350617553826 -0.0035856308629903036 0.0020155820730738167 -0.0076667381330064281 0.0016105503658971577 0 0.0024744340271952697 -0.002797276235375359 3.7022281814331852e-05 -0.0024986799165960649 -0.00027459524000969878 -0.0036599540261223031 -0.000899895422565245 0.0017503485682047232 0.00070420585987318173 0.0011792686654569842 0.00086506255029478131 -0.0109362192064254 0.00041487562141334725 -0.001029728914468526 0.00026190923038372133 0.00013806301860059492 -0.0049712150456485641 -0.00099315557807342085
leaf_weight=10734 20 24 196 27 38 37 36 58 205 361 153 30 23 255 36 34 20 343 78 69 47 28 74 20 42 180 231 53 28 717 94606 168 25 84 27 37 26 20 37 39 21 20 56 42 61 21 31616 26 26 22 80 83 61 101 838 22 54 28 59 1917 31 74
leaf_count=10734 20 24 196 27 38 37 36 58 205 361 153 30 23 255 36 34 20 343 78 69 47 28 74 20 42 180 231 53 28 717 94606 168 25 84 27 37 26 20 37 39 21 20 56 42 61 21 31616 26 26 22 80 83 61 101 838 22 54 28 59 1917 31 74
internal_value=-1.50478e-07 -1.13847e-05 -1.02731e-05 -1.56395e-05 -0.000726033 -0.000857511 -0.00256196 -0.0045775 -0.000551892 -0.0011459 0.0003584 0.000193898 -0.00243126 0.00054451 0.00062166 0.000470548 -0.000894546 0.000625778 0.000138301 0.00100752 0.00206295 -7.3675e-06 0.000448086 -0.00194184 0.00091446 0 -9.56835e-06 -0.00147798 -0.000118264 -7.84248e-06 -1.10448e-05 0.000744488 0.000168922 0.0022035 0.000732702 2.36868e-05 -5.15033e-05 -0.000893148 -0.00330482 -0.000163458 -0.00112017 0.000406304 -0.000489943 -0.00246722 0.00143134 0 4.75752e-05 -0.000447061 -0.00014045 6.74289e-05 -0.000674063 0.0012217 -0.000170479 5.24902e-05 0.000207424 -0.000725725 -0.00238406 -0.00550151 0.000300715 6.25553e-05 -0.00148863 0.000232046
internal_weight=144525 98373 98330 97397 1114 1076 161 94 915 557 358 67 43 933 909 826 81 745 333 412 83 96283 452 72 380 222 95831 109 81 95722 95323 399 45 158 47 46152 11077 343 78 265 58 226 118 62 108 47 35075 335 298 272 163 109 141 34740 3124 279 104 50 2845 2007 90 175
internal_count=144525 98373 98330 97397 1114 1076 161 94 915 557 358 67 43 933 909 826 81 745 333 412 83 96283 452 72 380 222 95831 109 81 95722 95323 399 45 158 47 46152 11077 343 78 265 58 226 118 62 108 47 35075 335 298 272 163 109 141 34740 3124 279 104 50 2845 2007 90 175
is_linear=0
shrinkage=0.05


Tree=117
num_leaves=63
num_cat=0
split_feature=19 16 0 0 0 14 0 0 0 11 17 19 21 14 15 16 12 19 20 20 0 25 20 12 21 0 12 0 0 12 14 21 17 25 20 21 15 14 0 21 0 0 0 21 14 0 0 14 0 19 12 14 12 14 12 11 20 16 0 0 0 14
split_gain=0.0153868 0.0289546 0.0298234 0.143692 0.0584133 0.157425 0.103814 0.0795127 0.0769491 0.0488758 0.0644964 0.151375 0.0400524 0.0470026 0.0314867 0.0819309 0.028588 0.027053 0.0305239 0.166617 0.0274651 0.0267437 0.0409073 0.0252656 0.0241141 0.0235985 0.0216518 0.0206356 0.149898 0.147164 0.0709857 0.150352 0.0536359 0.214232 0.0527859 0.0511436 0.0490962 0.0699245 0.0878136 0.0491071 0.0449509 0.0534886 0.175086 0.162163 0.147087 0.0624233 0.128097 0.0389685 0.107086 0.0468871 0.0347507 0.136927 0.131016 0.337214 0.0823415 0.0356269 0.0262762 0.0170302 0.0162576 0.0159395 0.032425 0.0164807
threshold=1200.5000000000002 387.50000000000006 526.50000000000011 433.50000000000006 1109.5000000000002 87.762133699633708 1092.5000000000002 1121.5000000000002 1127.5000000000002 0.25000000000000017 2.5000000000000004 298.50000000000006 297.32142639160162 190.43658857279468 5.5000000000000009 889.50000000000011 1473.5000000000002 422.50000000000006 30.071428298950199 48.642858505249031 526.50000000000011 406.86978149414068 381.64286804199224 1473.5000000000002 1197.5714111328127 1127.5000000000002 1473.5000000000002 600.50000000000011 575.50000000000011 1462.5000000000002 2.4619520264681563 5.3928570747375497 1.5000000000000002 0.74817627668380748 3.3571429252624516 0.32142858207225805 5.5000000000000009 38.375672043010759 568.50000000000011 49.821428298950202 792.50000000000011 857.50000000000011 852.50000000000011 35.964284896850593 0.014389233954451347 876.50000000000011 874.00000000000011 31.171463815789476 297.50000000000006 174.50000000000003 1453.5000000000002 0.08941897654584223 1411.5000000000002 0.094467108618052034 1410.5000000000002 0.6830127018922193 1.0000000180025095e-35 400.50000000000006 1121.5000000000002 1127.5000000000002 1092.5000000000002 2669.8561251228307
decision_type=2 2 2 2 2 2 2 2 2 2 2 2 2 2 2 2 2 2 2 2 2 2 2 2 2 2 2 2 2 2 2 2 2 2 2 2 2 2 2 2 2 2 2 2 2 2 2 2 2 2 2 2 2 2 2 2 2 2 2 2 2 2
left_child=1 17 3 9 5 -4 12 -6 16 -3 11 -11 -7 -14 15 -12 -9 27 -19 -20 24 22 -10 58 -21 26 -22 28 36 32 34 -32 35 -34 -31 -30 37 38 -1 -39 50 42 44 -44 -42 46 -43 49 -49 -38 52 -52 54 -54 -29 -53 -47 -16 -2 60 -25 -61
right_child=23 2 4 -5 7 6 -8 8 21 10 14 -13 13 -15 57 -17 -18 18 19 20 25 -23 -24 59 -26 -27 -28 40 29 30 31 -33 33 -35 -36 -37 47 39 -40 -41 41 45 43 -45 -46 56 -48 48 -50 -51 51 55 53 -55 -56 -57 -58 -59 -60 61 -62 -63
leaf_value=1.1695000388416088e-05 0.00076243395059923179 6.1843586632528386e-06 -0.0043940175048795844 0.00060906957618432969 0.00082587355041493539 0.00023081916542565313 -0.0012535003243718773 -0.00020655357413605765 0.00021665991710826749 8.9088715687097298e-05 -9.9303191730185705e-05 -0.0055530945134502074 -0.0026778299777472821 -0.00027095870897373808 -0.0016107492166514876 -0.0033356264183897425 -0.001090711520554629 0.0011012593673158436 -0.0033480568378590199 0.00038861050821116907 0.00021265498454672144 0.00032740103512940151 -0.00036465080251675677 5.5163717260675794e-05 -0.00073152300413132753 0.00026290924441255093 -0.00026578966054416537 9.3046431406614482e-05 -0.00017381672130908237 0.0012096774139934447 -0.0018917672156177361 -0.0005504265653608918 -0.0053360028351484316 0 -0.0009409046895527272 0.00070468310951834958 1.7675837196482529e-06 0.0004869140361572009 -0.0011855410765147134 7.6209891497759053e-05 -0.003248855376589364 5.727397358343458e-05 -0.00014647100001828327 -0.0013097004496031828 5.0310582083224256e-05 -6.6092263144371992e-05 0.00095924152041548284 4.4006217861110579e-05 -0.00032755456680594173 -0.0023577198161085916 0.0039075673494740311 0.0002851630729476842 -0.0068650580183448389 -0.00041763478995301663 0.001945071338192726 -1.4726876677297564e-05 1.7108076811284417e-05 -0.00019510704067553325 -0.00017691794749295626 0.00046911282760161288 -0.00063490763025162117 0
leaf_weight=24340 220 1510 24 787 257 435 261 177 558 25 62 20 21 1529 23 31 233 83 34 1195 337 552 648 1988 47 686 739 4948 325 70 307 709 22 125 46 324 8618 1332 154 1681 34 1667 675 555 3465 11427 521 3529 4248 21 25 3187 21 645 61 1392 55824 784 48 422 186 305
leaf_count=24340 220 1510 24 787 257 435 261 177 558 25 62 20 21 1529 23 31 233 83 34 1195 337 552 648 1988 47 686 739 4948 325 70 307 709 22 125 46 324 8618 1332 154 1681 34 1667 675 555 3465 11427 521 3529 4248 21 25 3187 21 645 61 1392 55824 784 48 422 186 305
internal_value=-1.59172e-07 -2.63649e-06 -9.54338e-05 1.98205e-05 -0.000176083 -0.00035839 -0.000312847 -3.35969e-06 -0.000103999 -0.000167056 -0.000449135 -0.00231444 -0.000186588 -0.000306964 -0.000350068 -0.00123421 -0.00072135 2.84655e-06 0.000148327 0.000120611 0.000161645 3.71684e-05 -9.15449e-05 0.000108763 0.000342141 3.15663e-05 -0.00011129 -5.99841e-07 -2.76405e-05 -0.000459183 -0.000825763 -0.0009608 5.58911e-05 -0.000797995 0.000313718 0.000257094 -8.58311e-06 3.21263e-05 3.95873e-06 0.000259445 1.40229e-05 3.74692e-07 -0.000162262 -0.000675471 1.67315e-05 1.15229e-05 0.000274367 -7.71009e-05 -0.000158309 -3.41641e-06 0.000112014 0.000214249 2.81895e-05 -0.000629438 0.000116637 0.000192907 2.89661e-06 -0.000241843 0.000575539 6.3899e-05 -1.60311e-06 0.000266624
internal_weight=144525 141356 7937 3242 4695 2270 2246 2425 2168 2455 945 45 1985 1550 900 93 410 133419 3121 3038 3004 1758 1206 3169 1242 1762 1076 130298 45851 1928 1132 1016 796 147 116 649 43923 27507 24494 3013 84447 74168 4729 1230 3499 69439 2188 16416 7777 8639 10279 4604 5675 666 5009 4579 67251 807 268 2901 2174 727
internal_count=144525 141356 7937 3242 4695 2270 2246 2425 2168 2455 945 45 1985 1550 900 93 410 133419 3121 3038 3004 1758 1206 3169 1242 1762 1076 130298 45851 1928 1132 1016 796 147 116 649 43923 27507 24494 3013 84447 74168 4729 1230 3499 69439 2188 16416 7777 8639 10279 4604 5675 666 5009 4579 67251 807 268 2901 2174 727
is_linear=0
shrinkage=0.05


Tree=118
num_leaves=63
num_cat=0
split_feature=12 13 12 12 11 25 22 13 13 12 2 12 12 22 13 13 20 24 22 12 13 2 12 13 12 11 12 2 13 25 3 2 9 13 11 12 3 13 3 13 12 13 13 12 12 12 22 12 13 13 12 12 2 10 18 13 2 12 16 13 10 6
split_gain=0.0147643 0.0595414 0.286028 0.0615664 0.130506 0.116123 0.546147 0.154148 0.113547 0.223215 0.103198 0.376886 0.161933 0.150888 0.143074 0.170862 0.126539 0.121864 0.0874045 0.0884829 0.0590542 0.197897 0.131158 0.0433022 0.0343735 0.0833686 0.0616936 0.0304609 0.0216783 0.0352719 0.0180348 0.012682 0.0119694 0.00805265 0.0228148 0.0713646 0.0247235 0.129 0.103189 0.0112013 0.0259393 0.0214952 0.00977999 0.0140168 0.0832531 0.00899867 0.0273665 0.00686594 0.00298221 0.00468835 0.0388657 0.0185035 0.234051 0.355772 0.00827644 0.0238402 0.0034011 0.00290235 0.031808 0.00274234 0.0240266 0.0185214
threshold=787.50000000000011 0.012358406516482118 1082.5000000000002 967.00000000000011 0.25000000000000017 0.7675113081932069 0.38333334028720861 0.022807495572261926 0.022807495572261926 1179.0000000000002 6.5000000000000009 842.50000000000011 879.50000000000011 0.083333335816860213 0.12123728984194103 0.077529743398416465 0.21428572386503222 0.62228676676750194 1.0000000180025095e-35 842.50000000000011 0.03054212465602214 10.500000000000002 1398.0000000000002 0.034279953917050694 1018.5000000000001 0.25000000000000017 1032.5000000000002 10.500000000000002 0.14261011741074633 0.57184895873069774 5.5000000000000009 8.5000000000000018 1.0000000180025095e-35 0.026721807579183601 -0.5 740.50000000000011 2.5000000000000004 0.012358406516482118 1.0000000180025095e-35 0.01811713126860948 646.50000000000011 0.022807495572261926 0.022807495572261926 685.50000000000011 734.50000000000011 360.50000000000006 0.083333335816860213 740.50000000000011 0.15717848522448782 0.068067070014510359 771.50000000000011 744.50000000000011 6.5000000000000009 -0.5 1.0000000180025095e-35 0.034279953917050694 4.5000000000000009 740.50000000000011 1.0000000180025095e-35 0.17328655817043084 -0.93301270189221919 1.0000000180025095e-35
decision_type=2 2 2 2 2 2 2 2 2 2 2 2 2 2 2 2 2 2 2 2 2 2 2 2 2 2 2 2 2 2 2 2 2 2 2 2 2 2 2 2 2 2 2 2 2 2 2 2 2 2 2 2 2 2 2 2 2 2 2 2 2 2
left_child=33 2 -2 4 10 7 -7 -6 9 -5 12 13 18 -12 15 -14 -15 -16 -3 -20 21 22 -10 27 25 -25 -26 -22 30 -30 -9 -13 -33 34 35 36 37 38 -1 -38 41 -41 47 -44 -45 46 -35 -36 49 51 57 54 -53 -54 56 -56 -47 -51 -59 60 -50 -62
right_child=1 3 -4 8 5 6 -8 28 20 -11 11 31 14 16 17 -17 -18 -19 19 -21 23 -23 -24 24 26 -27 -28 -29 29 -31 -32 32 -34 45 42 -37 39 -39 -40 40 -42 -43 43 44 -46 48 -48 -49 59 50 -52 52 53 -55 55 -57 -58 58 -60 -61 61 -63
leaf_value=-0.00028244645486359107 0.0017544598100970987 -0.0029216344011910407 -0.0057069922507551199 -0.0016669049687769223 -0.0027627286415313444 -0.006367734309147906 0.00059663033309128948 0.0014919678034022461 0.0018373883835528433 0.0039555214004033451 -0.0051398038974589094 0.0015417361367416759 -0.00172725090042501 0.0012392631895148877 0.0013923007840725705 -0.0052588337169106845 -0.0037119562404727504 -0.0020624024492949759 0.0012943206440091263 -0.0009257694878244461 0.0018067720322911221 -0.0042603204095805125 -0.0028815663618287201 0.001007695529097536 -0.0010365576935812656 -0.00028218089349266688 -4.7164835346326593e-06 -0.00014780751541566058 -0.0014462454040622831 0.0012409581411382388 0.00015253347987577984 0.0012478474187730896 -0.00033485597666742196 6.1655726245746773e-05 0.00012711373279299996 -0.0032279196461727517 0.00023236547842369216 7.2572586054030184e-05 -0.0042952647511531284 -0.0015226897389145316 0.00010636044929489779 0 8.7757727014791813e-05 -0.0028298236737667858 0.00012248198929585649 0 -0.0016949200181234814 0.0011015842469292983 -0.001693336706214381 7.0666967810140328e-05 0.0012674531418667733 0.0013162970094688906 -0.00033765528665801169 -0.0076544806191867045 -0.0017889307723662846 -2.7616764710720834e-06 9.3597920025585831e-05 0.00037866278115846933 -0.0016444843958030031 3.373043025603868e-05 7.6557118273508655e-05 -0.0010157546039693934
leaf_weight=34 26 25 24 26 27 35 138 221 47 49 37 140 106 29 44 56 22 58 94 84 56 35 21 270 145 225 115950 24 20 30 38 21 20 66 912 20 271 186 36 56 166 29 180 31 91 1415 30 20 22 4265 71 88 65 23 23 129 3014 299 20 14289 489 42
leaf_count=34 26 25 24 26 27 35 138 221 47 49 37 140 106 29 44 56 22 58 94 84 56 35 21 270 145 225 115950 24 20 30 38 21 20 66 912 20 271 186 36 56 166 29 180 31 91 1415 30 20 22 4265 71 88 65 23 23 129 3014 299 20 14289 489 42
internal_value=-1.57155e-07 -7.74346e-06 -0.00173148 -6.96983e-06 -0.000356741 0.000251397 -0.000786325 0.000800651 -3.19998e-06 0.00194021 -0.000784084 0 -0.00123336 -0.00268625 -0.00205114 -0.00298138 -0.000801794 -0.000523263 -0.00014473 0.000218632 -4.49265e-06 -0.00120075 0.000304551 -3.39268e-06 -4.23382e-06 0.000411351 -6.04919e-06 0.00115852 0.00112898 6.55351e-05 0.00131488 0.00130092 0.000355206 3.3626e-05 -6.10036e-05 -0.000270647 -0.000187794 -0.000590335 -0.00242069 1.19674e-07 -0.000230712 -0.000947101 7.05275e-05 -0.000168965 -0.000588447 4.17283e-05 -0.000436438 0.000153505 4.38289e-05 6.62758e-05 0.000102408 2.98655e-05 -0.000470381 -0.00231328 5.01861e-05 -0.000306909 6.35769e-05 8.32455e-05 0.000235675 2.9257e-05 -7.7277e-05 -6.00983e-07
internal_weight=144525 118143 50 118093 1245 509 173 336 116848 75 736 269 467 88 264 162 51 102 203 178 116773 103 68 116670 116590 495 116095 80 309 50 259 181 41 26382 2032 798 778 256 70 522 251 85 1234 302 122 24350 96 932 24254 9412 4655 4757 176 88 4581 152 4429 4584 319 14842 553 531
internal_count=144525 118143 50 118093 1245 509 173 336 116848 75 736 269 467 88 264 162 51 102 203 178 116773 103 68 116670 116590 495 116095 80 309 50 259 181 41 26382 2032 798 778 256 70 522 251 85 1234 302 122 24350 96 932 24254 9412 4655 4757 176 88 4581 152 4429 4584 319 14842 553 531
is_linear=0
shrinkage=0.05


Tree=119
num_leaves=63
num_cat=0
split_feature=0 0 0 10 23 20 19 8 12 10 9 20 20 23 23 16 24 22 22 15 12 15 18 23 15 15 12 13 22 22 24 24 20 22 12 20 0 0 14 11 8 11 14 22 22 15 20 14 13 13 12 18 13 12 22 11 18 23 14 13 12 12
split_gain=0.0150225 0.0521693 0.0492096 0.0374663 0.0295353 0.128573 0.0517625 0.111712 0.10977 0.0395854 0.0999176 0.035937 0.0346929 0.0289406 0.159298 0.0394551 0.0541451 0.0821207 0.0755326 0.0475133 0.155622 0.0381178 0.0321916 0.0286433 0.0522184 0.0282792 0.0282499 0.053454 0.0401276 0.223891 0.0729714 0.0733818 0.101908 0.034372 0.0330601 0.030918 0.027915 0.0686885 0.152692 0.338323 0.406854 0.3726 0.298847 0.142939 0.128546 0.16128 0.0936118 0.0926568 0.0397478 0.152115 0.0442869 0.0366452 0.12674 0.0515788 0.0348011 0.0270256 0.0260394 0.0986313 0.1291 0.0728798 0.191952 0.0665739
threshold=60.500000000000007 39.500000000000007 93.500000000000014 -0.93301270189221919 1.1232953071594241 1.0714285969734194 1.0000000180025095e-35 -1.0000000180025095e-35 1404.0000000000002 0.93301270189221952 -0.22252093395631442 0.21428572386503222 1.0000000180025095e-35 1.6902498006820681 2.7817136049270634 3.5000000000000004 17.573784828186039 6.7166664600372323 17.616666793823246 5.5000000000000009 1472.5000000000002 93.500000000000014 1.0000000180025095e-35 1.184843182563782 1.5000000000000002 25.500000000000004 1100.0000000000002 2.9735035937315897 2.6500000953674321 2.4166667461395268 5.6122412681579599 7.2818078994750985 7.357142686843873 1.6166666746139529 1472.5000000000002 1.214285731315613 326.50000000000006 317.50000000000006 31.973328591749645 1.0000000180025095e-35 1.0000000180025095e-35 -0.5 22.848770726129221 11.816666603088381 57.283332824707038 2.5000000000000004 12.785714149475099 5.9127717391304353 0.022807495572261926 0.026721807579183601 744.50000000000011 1.5000000000000002 0.57067091454272878 1470.5000000000002 4.116666555404664 -0.68301270189221952 1.0000000180025095e-35 1.6902498006820681 0.18878406708595391 0.1075449534652571 1426.5000000000002 980.50000000000011
decision_type=2 2 2 2 2 2 2 2 2 2 2 2 2 2 2 2 2 2 2 2 2 2 2 2 2 2 2 2 2 2 2 2 2 2 2 2 2 2 2 2 2 2 2 2 2 2 2 2 2 2 2 2 2 2 2 2 2 2 2 2 2 2
left_child=1 4 26 25 5 6 9 8 -8 11 -11 12 -1 23 22 19 17 -17 -18 20 -16 -21 -15 24 -5 -3 -2 -28 29 33 34 32 -32 -29 -30 -35 37 48 39 40 41 -39 54 -40 45 -45 -46 -42 50 -50 -4 53 -53 -51 -41 -36 -38 59 -59 60 61 -58
right_child=2 3 36 13 -6 -7 7 -9 -10 10 -12 -13 -14 14 15 16 18 -19 -20 21 -22 -23 -24 -25 -26 -27 27 28 30 -31 31 -33 -34 35 55 -37 56 38 43 42 47 -43 -44 44 46 -47 -48 -49 49 51 -52 52 -54 -55 -56 -57 57 58 -60 -61 -62 -63
leaf_value=0.00038493297679592691 -0.0001011473738093864 0.0012156409980776952 6.0852043373408488e-05 0.00020900217050890055 0.00019032969927634011 -0.0026625263960387124 -0.00040572674874546236 0.00054138907892006761 -0.0053876217412530568 -0.0037365283720499848 0.0007805451972055234 0.00078406094350469749 -0.0009809907369359458 -0.0048366383176372801 -0.00067998829501141229 -0.00080993470028610645 -0.0022489283593150984 0.00055077109944093317 -0.00026197312837946811 -0.00011865905537312616 -0.0047159101459399869 -0.0022879428715904438 -0.001533478328411407 0.0016158625035912807 -0.0024386380931801384 -0.00037333536832018948 0.0011153756879327356 -0.0012084451119475698 0.00031059413219177605 -0.0053669488979989034 0 0.00023285471767038824 -0.0025993186198327075 -0.00017945847015906662 0.00090091747422005406 0.0021083722071120023 -1.721395335432655e-05 0.00087623652994197774 -0.004370968572480316 0 -0.010100541790062331 -0.0068679439265863593 -0.0034119688343200736 0.0015964834549483484 -0.003764933127150013 -0.00022356560809219336 -0.00030390281721494826 -0.0046714685397955891 -0.0037047288769995294 -1.1427076500591056e-05 0.0029845178256303201 -0.0014101634070654056 -6.9807235810627431e-05 0.00028726312286479582 0.0023613986764581645 0.0027364507894416042 0.00012693647581851186 -0.0029032385500045461 8.0714274009056127e-06 0.00024191379587974713 -0.0051786132050279654 -0.0013184136863645321
leaf_weight=120 706 76 38 252 1782 49 27 50 22 21 26 241 74 22 199 143 51 469 1053 351 28 22 20 31 20 38 169 20 71 21 124 2514 55 20 54 33 56023 56 20 25 20 21 39 217 20 268 1486 22 28 7544 23 181 7681 1780 69 48 371 38 52427 6986 20 100
leaf_count=120 706 76 38 252 1782 49 27 50 22 21 26 241 74 22 199 143 51 469 1053 351 28 22 20 31 20 38 169 20 71 21 124 2514 55 20 54 33 56023 56 20 25 20 21 39 217 20 268 1486 22 28 7544 23 181 7681 1780 69 48 371 38 52427 6986 20 100
internal_value=-1.53031e-07 -8.37348e-05 2.92256e-06 -0.000232052 8.48332e-05 -0.000205619 0 -0.00103873 -0.00275075 0.000215946 -0.00113521 0.000373652 -0.000110567 -0.000271411 -0.000331275 -0.000273506 -0.000147625 0.000224579 -0.000358486 -0.000625108 -0.00120169 -0.000260586 -0.00338985 0.000177915 0 0.000642298 0.00017956 0.000244495 0.000193048 -0.000811396 0.000227763 0.000161653 -0.000810014 0.000436255 0.0012273 0.00115217 -2.03985e-06 -5.73573e-05 -0.00031655 -0.0014791 -0.00341744 -0.00117713 0.000218909 -0.000168317 -0.000123372 0.00058062 -0.000353433 -0.00739336 -2.31124e-05 -2.79149e-05 0.00124813 -2.16121e-05 -0.000101319 4.50607e-05 0.0017805 0.0018155 7.23706e-06 3.01729e-05 5.86196e-06 0.000200088 -0.000384763 -0.000169533
internal_weight=144525 5187 139338 2775 2412 630 581 99 49 482 47 435 194 2661 2358 2316 1716 612 1104 600 227 373 42 303 272 114 3835 3129 2960 94 2866 2693 179 73 173 53 135503 19538 2263 252 119 77 133 2011 1991 485 1506 42 17275 17214 61 17186 7862 9324 94 102 115965 59942 52465 7477 491 471
internal_count=144525 5187 139338 2775 2412 630 581 99 49 482 47 435 194 2661 2358 2316 1716 612 1104 600 227 373 42 303 272 114 3835 3129 2960 94 2866 2693 179 73 173 53 135503 19538 2263 252 119 77 133 2011 1991 485 1506 42 17275 17214 61 17186 7862 9324 94 102 115965 59942 52465 7477 491 471
is_linear=0
shrinkage=0.05


Tree=120
num_leaves=63
num_cat=0
split_feature=19 22 22 16 25 13 11 0 0 0 13 0 0 3 19 0 0 0 0 2 14 13 0 25 14 13 2 20 0 0 0 19 25 0 20 13 24 0 17 17 13 0 13 0 13 0 0 14 0 18 17 0 13 0 0 0 16 2 17 0 25 18
split_gain=0.0146804 0.0382323 0.0306788 0.101149 0.0524272 0.0408435 0.039945 0.0319361 0.0756863 0.0475592 0.0462536 0.0269824 0.0422569 0.0635198 0.0679013 0.0372121 0.0379775 0.0268122 0.0324465 0.0236106 0.0433857 0.0221745 0.126221 0.0651539 0.0349009 0.0212888 0.0424716 0.0818621 0.0212763 0.133859 0.0481658 0.0211213 0.0191175 0.0170723 0.0296214 0.0161104 0.0163352 0.0187013 0.0152721 0.0349836 0.0149952 0.0149154 0.0366537 0.0353997 0.0243559 0.0168205 0.0179756 0.0142109 0.0126554 0.0126484 0.0119628 0.0116794 0.0182084 0.0113771 0.019492 0.0178135 0.0109482 0.0268756 0.0635783 0.0109398 0.0101096 0.0179734
threshold=952.50000000000011 716.91665649414074 463.83332824707037 1625.5000000000002 386.29345703125006 496.37555774740503 0.25000000000000017 848.50000000000011 1109.5000000000002 1121.5000000000002 550.63515248226963 326.50000000000006 320.50000000000006 4.5000000000000009 506.50000000000006 526.50000000000011 1162.5000000000002 1162.5000000000002 1121.5000000000002 11.500000000000002 848.73818707811006 440.84422146753121 1109.5000000000002 232.36914062500003 377.36259090140373 634.82196237781329 11.500000000000002 174.78571319580081 600.50000000000011 575.50000000000011 852.50000000000011 308.50000000000006 457.00421142578131 455.50000000000006 135.50000000000003 1313.683155277834 926.98251342773449 323.50000000000006 1203.5000000000002 881.50000000000011 3067.3119503546104 526.50000000000011 1174.3343828736549 1109.5000000000002 931.25999214642854 1121.5000000000002 1162.5000000000002 630.02288578901494 1328.5000000000002 1564.5000000000002 1093.5000000000002 326.50000000000006 550.63515248226963 312.50000000000006 317.50000000000006 276.50000000000006 564.50000000000011 2.5000000000000004 187.50000000000003 1121.5000000000002 819.34249877929699 1445.5000000000002
decision_type=2 2 2 2 2 2 2 2 2 2 2 2 2 2 2 2 2 2 2 2 2 2 2 2 2 2 2 2 2 2 2 2 2 2 2 2 2 2 2 2 2 2 2 2 2 2 2 2 2 2 2 2 2 2 2 2 2 2 2 2 2 2
left_child=2 53 3 5 7 21 41 10 -9 -10 -4 12 32 -14 -15 -13 31 18 19 35 -21 24 -23 -24 28 56 59 -28 29 -1 -30 -17 -8 34 -26 36 37 -3 39 -22 -19 42 51 44 -43 -45 -47 -25 -11 -20 -51 52 -6 55 -55 -2 -7 58 -58 -27 -44 -62
right_child=1 17 4 -5 6 25 11 8 9 48 -12 15 13 14 -16 16 -18 40 49 20 38 22 23 47 33 26 27 -29 30 -31 -32 -33 -34 -35 -36 -37 -38 -39 -40 -41 -42 43 60 45 -46 46 -48 -49 -50 50 -52 -53 -54 54 -56 -57 57 -59 -60 -61 61 -63
leaf_value=-1.106926362395493e-05 0.00026174730780483755 -0.00053022900479892602 0.00044289973066771678 -0.0035448939548795217 0.00083647849825028628 0.0005875349087174894 -0.00082673163161922896 -0.0011972023490161921 0.001261306839075744 -0.00044230132438566702 -0.00050245004974340372 0.00029547716246458615 -0.00046037919163064637 -0.00077165775142514154 -0.0043593913738248944 -0.0010312786465525164 0.00030188014222795834 0.00043588221627648247 -0.001045064444515984 -0.002419289346437255 -4.6957860903748373e-05 -0.0026653619989441732 -0.00086929488357684282 0.00061780154069008522 -0.0016168918775057769 0.00043492342403687097 0.00073891446740148852 -0.0028665520359616578 9.837442309430806e-05 -0.00043689532347454578 -3.2876725710940325e-06 -0.00030787025544480465 0.00022493537979977166 0.00036344595233036995 9.1653750419206834e-05 -0.00017113919982594263 0.0005175366451071955 0.00011485828887907457 0.00012493407034796193 -0.0025733561315706959 0 -0.0004618411728114733 -0.00011085686957917909 0.00093987015152719811 0.00032511366920264954 -0.00040606557891719239 0.00030216454541239743 -0.00022840171308888838 0.00027352533922050574 0.00054145167679810408 -0.00070519863815013059 0.00052224210782857996 -2.94523127220336e-05 0.0013788759459773016 0.00033000749818263225 -0.0010032956747164296 -0.0029765309429378799 0.00050877645177621091 0.00055041057004856801 -0.00056606571014400483 -0.0021304649225579787 -1.1336576407063631e-05
leaf_weight=43992 89 124 242 20 74 526 59 308 48 521 275 407 145 34 27 141 200 468 115 27 57 52 154 209 27 185 26 34 13885 1928 71921 498 154 982 385 697 222 1074 106 20 306 464 180 80 117 111 396 55 61 31 44 569 285 50 1028 39 21 124 28 28 20 30
leaf_count=43992 89 124 242 20 74 526 59 308 48 521 275 407 145 34 27 141 200 468 115 27 57 52 154 209 27 185 26 34 13885 1928 71921 498 154 982 385 697 222 1074 106 20 306 464 180 80 117 111 396 55 61 31 44 569 285 50 1028 39 21 124 28 28 20 30
internal_value=-1.67653e-07 8.87173e-05 -3.05796e-06 1.61332e-06 -0.000119411 2.18023e-06 -2.43961e-05 -0.000376578 -0.000551071 -0.00022711 -5.02765e-05 -0.000212372 -0.000561802 -0.00107353 -0.00244604 -9.08183e-05 -0.000284182 0 -7.86812e-05 -2.51392e-05 -0.000531713 -1.32198e-07 -0.000342962 -4.15235e-05 1.04091e-06 0.000325108 -3.24639e-05 -0.00122236 -1.55514e-06 -2.90578e-05 1.3105e-05 -0.000475455 -4.31595e-05 0.000249924 -8.54625e-06 2.27725e-05 0.000121479 4.3876e-05 -0.000224742 -0.000770503 0.000257801 0.000108015 0.000235442 -1.40507e-05 -0.000294734 0.00025525 0.000137199 0.000422557 -0.000358651 -0.00070777 -0.000123304 0.00037797 0.0001353 0.000329538 0.000383417 -8.51458e-05 0.000471897 9.12819e-05 -0.000862286 0.000279671 -0.000317814 -0.000961349
internal_weight=144525 4497 140028 134582 5446 134562 3991 1455 938 630 517 1665 419 206 61 1246 839 3291 2517 2327 210 133590 470 418 133120 972 273 60 131726 45920 85806 639 213 1394 412 2117 1420 1198 183 77 774 2326 1158 1168 581 587 507 264 582 190 75 928 359 1206 1078 128 699 173 49 213 230 50
internal_count=144525 4497 140028 134582 5446 134562 3991 1455 938 630 517 1665 419 206 61 1246 839 3291 2517 2327 210 133590 470 418 133120 972 273 60 131726 45920 85806 639 213 1394 412 2117 1420 1198 183 77 774 2326 1158 1168 581 587 507 264 582 190 75 928 359 1206 1078 128 699 173 49 213 230 50
is_linear=0
shrinkage=0.05


Tree=121
num_leaves=63
num_cat=0
split_feature=3 0 0 0 0 3 15 15 2 24 17 21 22 21 18 0 17 8 8 16 15 21 2 0 24 2 13 13 22 21 20 14 13 13 13 0 14 14 2 0 24 0 13 8 0 0 0 20 21 2 21 13 13 14 3 0 0 2 14 24 24 10
split_gain=0.0137641 0.0394652 0.0521785 0.0458365 0.11062 0.199326 0.307362 0.837633 0.144553 0.105698 0.0749949 0.0843265 0.261388 0.0880232 0.0874874 0.0732961 0.112371 0.116242 0.0904635 0.125453 0.059852 0.151646 0.280398 0.044951 0.0788311 0.118908 0.215892 0.209905 0.0503204 0.0493342 0.0669051 0.0436928 0.110035 0.0935094 0.038915 0.0717655 0.0378397 0.0361979 0.0350382 0.0362307 0.0347201 0.0333888 0.0467966 0.0972557 0.115876 0.11048 0.0418514 0.151187 0.195599 0.429358 0.0921076 0.051325 0.0393183 0.102678 0.0864253 0.11209 0.0732446 0.107289 0.0520476 0.0453124 0.0672265 0.444043
threshold=3.5000000000000004 1475.5000000000002 1328.5000000000002 2066.0000000000005 2033.5000000000002 4.5000000000000009 1.0000000180025095e-35 1.5000000000000002 4.5000000000000009 0.99586963653564464 1.5000000000000002 1.964285731315613 1.5500000119209292 1.3928571343421938 1.5000000000000002 2406.5000000000005 2.5000000000000004 -0.60785761079279388 -0.60785761079279388 1.0000000180025095e-35 1.0000000180025095e-35 0.60714286565780651 3.5000000000000004 1284.0000000000002 0.93319860100746166 2.5000000000000004 0.059744343706607868 0.086988585353341044 1.0166666507720949 1.3214285373687746 0.78571429848670971 0.074271079590228536 0.1075449534652571 0.48577212261422792 0.012358406516482118 632.50000000000011 0.26572389240506333 1017.6188446969699 5.5000000000000009 60.500000000000007 5.0676736831665048 1371.5000000000002 0.012358406516482118 0.6078576107927941 1999.5000000000002 1850.5000000000002 1340.5000000000002 0.21428572386503222 0.17857143282890323 3.5000000000000004 0.46428571641445165 0.01811713126860948 0.086988585353341044 0.074271079590228536 2.5000000000000004 678.50000000000011 995.50000000000011 8.5000000000000018 0.11853256021409457 1.4190534949302676 1.5154834389686587 0.93301270189221952
decision_type=2 2 2 2 2 2 2 2 2 2 2 2 2 2 2 2 2 2 2 2 2 2 2 2 2 2 2 2 2 2 2 2 2 2 2 2 2 2 2 2 2 2 2 2 2 2 2 2 2 2 2 2 2 2 2 2 2 2 2 2 2 2
left_child=41 2 23 4 -3 36 8 -8 -7 -10 11 13 -13 31 -14 20 17 -17 19 -18 21 -12 -23 34 25 -25 -27 -28 -26 30 -30 32 -5 -33 35 -2 -6 38 39 -36 -31 46 43 -43 45 -45 51 48 -48 -50 -51 -1 53 56 55 -55 -53 -58 -56 -54 61 -61
right_child=1 3 -4 10 5 6 7 -9 9 -11 15 12 14 -15 -16 16 18 -19 -20 -21 -22 22 -24 24 28 26 27 -29 29 40 -32 33 -34 -35 37 -37 -38 -39 -40 -41 -42 42 -44 44 -46 -47 47 -49 49 50 -52 52 59 54 58 -57 57 -59 -60 60 -62 -63
leaf_value=0.0007982495590099566 0.00027969643746772818 -0.00010082449793822446 0.00019724295151326337 0.00011220280077814638 0.0010171580823503108 0.0014101118478641395 -0.011190227677157395 0.0016582554084700806 -0.0010073837620103625 -0.0051402171744338249 0.00051252892967304942 -0.0054061077150251591 0.0014917226790695411 0.0018797827729334438 -0.0019495422279071127 -0.00081615275033327403 0.00022433052417235793 -0.0055324862432765782 0.0010946114835038423 -0.0040959825195192876 0.00079716059335454789 0.0015373350672460908 -0.0058848999488583719 0.00087398977628934122 0.0010658018141792396 0.00094856865452605044 -0.0077645482337889973 -0.001954003884284058 -0.003638046783628425 0.00053259023014060817 -0.00010025526578613428 0.00071630272482846574 -0.0020089351297688809 -0.00030905025269772879 -0.00019500939444433906 -0.0035831628098335747 -0.0011761288202944255 -0.00021484850754546056 -8.0920041565326194e-06 9.3745569340793807e-05 -0.00023097965287236281 0.00020018743460092949 5.8350791118251484e-05 -0.00095415526192487029 -0.00048190456649425039 -0.0065607215675168584 -0.00038465862885129733 4.5148659633308284e-05 -0.0094095432737808411 -0.0030849285083119175 0.0006950380401283602 0.00014333891836943976 8.7828877734144617e-05 -0.0019272235577953074 0.00053524247603223068 -0.00032799839879940417 -8.8864425950118731e-05 -0.0016265419373032572 -0.0016414070764978245 -0.00014858750247383109 -3.2355113667954326e-05 -0.0064372087193630915
leaf_weight=188 23 6511 4511 996 93 46 28 22 78 21 88 27 52 83 28 31 35 27 54 29 129 20 31 51 85 46 20 91 24 174 37 800 65 300 1131 21 23 1464 21827 22413 944 152 17093 20 77 20 164 589 22 31 30 1483 8417 228 152 228 423 159 33 309 52197 31
leaf_count=188 23 6511 4511 996 93 46 28 22 78 21 88 27 52 83 28 31 35 27 54 29 129 20 31 51 85 46 20 91 24 174 37 800 65 300 1131 21 23 1464 21827 22413 944 152 17093 20 77 20 164 589 22 31 30 1483 8417 228 152 228 423 159 33 309 52197 31
internal_value=-1.70294e-07 1.74767e-05 3.44913e-05 -7.5527e-05 -0.000145685 -0.00106846 -0.00204986 -0.00544507 -0.000841689 -0.0019388 9.39238e-05 0.000207985 -0.00115377 0.000275193 0.000223928 -0.000498685 -0.00129139 -0.00310349 -0.000356483 -0.00165864 3.5333e-06 -0.000697097 -0.00287906 1.92032e-05 -0.000252515 -0.00115659 -0.00184817 -0.003052 -9.97078e-05 -0.000188059 -0.00157768 0.000211166 -1.32094e-05 0.000432113 2.78424e-05 -0.00145451 0.000538577 2.93449e-05 3.7335e-05 7.96613e-05 -0.000107633 -1.36697e-05 4.77846e-05 -0.000604814 -0.0016926 -0.0038915 -3.02421e-05 -0.000382128 -0.00142086 -0.00340519 -0.001146 -2.55557e-05 -2.80684e-05 -0.000214749 -0.000767956 -0.00113882 -4.05769e-05 -0.000517748 0.000119286 -1.96985e-05 -3.70209e-05 -0.000738387
internal_weight=144525 62479 52862 9617 6822 311 195 50 145 99 2795 2351 107 2244 80 444 176 58 118 64 268 139 51 48351 1472 208 157 111 1264 1179 61 2161 1061 1100 46879 44 116 46835 45371 23544 1118 82046 17362 269 117 40 64684 836 247 83 61 63848 63660 2706 641 456 2065 582 185 60954 52537 340
internal_count=144525 62479 52862 9617 6822 311 195 50 145 99 2795 2351 107 2244 80 444 176 58 118 64 268 139 51 48351 1472 208 157 111 1264 1179 61 2161 1061 1100 46879 44 116 46835 45371 23544 1118 82046 17362 269 117 40 64684 836 247 83 61 63848 63660 2706 641 456 2065 582 185 60954 52537 340
is_linear=0
shrinkage=0.05


Tree=122
num_leaves=63
num_cat=0
split_feature=19 16 13 21 19 13 14 13 13 13 23 19 18 13 19 2 16 19 21 18 12 21 19 19 25 13 13 13 15 14 16 15 2 2 3 14 18 15 21 21 2 2 21 21 13 13 18 25 18 14 14 18 23 17 14 2 10 21 24 15 13 13
split_gain=0.01418 0.0235943 0.0654526 0.099546 0.025546 0.0244347 0.0396716 0.0383877 0.027101 0.0718958 0.0460894 0.0568394 0.0271466 0.0338521 0.0233441 0.0227163 0.0301595 0.0278321 0.0364193 0.022275 0.0213816 0.0207654 0.0420986 0.0632057 0.0176756 0.0461953 0.0323278 0.0215297 0.0176709 0.0175107 0.0170262 0.019658 0.0535123 0.0147812 0.0144001 0.014091 0.0136831 0.0128681 0.0126561 0.0124482 0.0229513 0.0119281 0.0161889 0.0114843 0.0106411 0.0237191 0.00983392 0.00952249 0.00945274 0.00926203 0.0169522 0.00889057 0.00880377 0.0253435 0.00880111 0.00840443 0.00825905 0.0080422 0.00798656 0.00741458 0.00730775 0.00714404
threshold=1200.5000000000002 387.50000000000006 73.342223741070654 86.392856597900405 38.500000000000007 496.37555774740503 586.29548647699346 440.84422146753121 326.68300764977664 259.92204015330725 187.51895141601565 514.50000000000011 232.50000000000003 161.09460132450334 952.50000000000011 9.5000000000000018 400.50000000000006 111.50000000000001 444.46427917480474 5.5000000000000009 1473.5000000000002 205.8571472167969 293.50000000000006 202.50000000000003 457.00421142578131 550.63515248226963 513.49659430869031 1174.3343828736549 347.50000000000006 328.19420289855077 245.50000000000003 7.5000000000000009 10.500000000000002 2.5000000000000004 4.5000000000000009 728.61319544652895 7.5000000000000009 480.50000000000006 523.96429443359386 1197.5714111328127 2.5000000000000004 11.500000000000002 523.96429443359386 395.42857360839849 1313.683155277834 1528.6715882853325 381.50000000000006 897.04428100585949 810.50000000000011 538.23741276171506 453.24780701754395 1228.5000000000002 467.58399963378912 14.500000000000002 1096.74846390169 10.500000000000002 -0.24999999999999994 395.42857360839849 303.11763000488287 5.5000000000000009 748.76002495509886 550.63515248226963
decision_type=2 2 2 2 2 2 2 2 2 2 2 2 2 2 2 2 2 2 2 2 2 2 2 2 2 2 2 2 2 2 2 2 2 2 2 2 2 2 2 2 2 2 2 2 2 2 2 2 2 2 2 2 2 2 2 2 2 2 2 2 2 2
left_child=1 5 3 -3 -4 7 14 8 9 12 11 -11 19 -14 30 24 -17 -18 -19 -1 60 22 23 -10 25 26 -6 38 48 43 31 32 -7 -24 -12 41 -29 -33 -26 -37 -41 42 -30 -9 47 -46 -32 61 52 50 57 55 56 -54 -49 -50 -8 -31 -27 -23 -2 -22
right_child=20 2 4 -5 15 6 28 29 21 10 34 -13 13 -15 -16 16 17 18 -20 -21 44 59 33 -25 27 58 -28 36 35 49 46 37 -34 -35 -36 39 -38 -39 -40 40 -42 -43 -44 -45 45 -47 -48 54 51 -51 -52 -53 53 -55 -56 -57 -58 -59 -60 -61 -62 -63
leaf_value=1.0911050967840189e-05 0.0003045625090702337 9.828818676732832e-05 0.00011831516106162521 -0.0046072598929581838 -8.3820710791565736e-05 0.00024699791256700969 0 0.0011215725491906781 0 -0.00063784816720405778 -0.00028286550311696929 -0.0026104628003443659 0.00028868093557832562 -6.3676475959343842e-05 0.0012338536226439844 -0.0017772541839451636 -0.0017870956589777231 0.00016117059236933566 -0.00041298649900638613 -3.6408182689061776e-05 0.00041566730931322048 0.00052913779488165914 -0.00031940200580451311 -0.0021795037556315371 0.00064504937949698415 -0.00080259404396781453 0.00068283519160040841 -0.0013212458149794613 0.00020773260811982579 -0.00015110628407226877 0.0011537652176841189 0.00059246084991940195 -0.0024105436741320907 0.00059627632118489874 0.00038246871558765956 0.00017423852460594843 -0.00014134175112666354 1.3763800304656526e-05 9.7833526881657739e-05 -0.0015853854725766219 0 -0.0013959128619539102 -0.00055411199845985335 -0.00026497239540659542 -0.00042942396249555554 7.7406611964697962e-05 0.00038839243077106318 0.00074207133308405249 0 -0.0010452254600711809 0.00034548784573073979 0.00033475093940088659 -0.0014395619039528594 0.00051916543188171716 0.00016106137243915538 -0.0011963604266701313 0.00091491068525043464 -0.0007780151484458929 -0.00037792362749901489 0.00020436869064723598 0.00093186390456354647 3.7509192045333916e-05
leaf_weight=91062 178 21 1380 20 2178 60 32 27 88 323 323 44 1775 1074 88 35 30 402 817 34198 146 229 58 54 120 180 146 27 97 102 88 210 26 133 104 347 623 211 1376 31 70 30 194 24 307 899 139 121 31 90 54 56 21 73 208 26 111 183 582 1533 90 1220
leaf_count=91062 178 21 1380 20 2178 60 32 27 88 323 323 44 1775 1074 88 35 30 402 817 34198 146 229 58 54 120 180 146 27 97 102 88 210 26 133 104 347 623 211 1376 31 70 30 194 24 307 899 139 121 31 90 54 56 21 73 208 26 111 183 582 1533 90 1220
internal_value=-1.78261e-07 -2.55781e-06 -8.63267e-05 -0.00208107 -7.53096e-05 2.38812e-06 0.000178494 -1.7382e-07 1.42372e-06 -1.43716e-06 -0.000475745 -0.000888614 1.46387e-06 0.000154099 0.000442386 -0.000117085 -0.000306688 -0.000261337 -0.000219543 -1.96796e-06 0.000104383 0.000179828 -0.000173477 -0.000834569 -6.95936e-05 -0.000146575 -3.34786e-05 3.87789e-05 -1.09111e-05 -0.000446485 0.00034053 0.000166261 -0.000500239 0.000292031 -0.000109058 -0.000149223 -0.00019824 0.000314371 0.00014511 2.14953e-05 -0.000453473 -0.000402987 -0.000283003 0.000371992 6.29402e-05 -4.74918e-05 0.000707495 0.000144461 0.000278654 -0.000555503 -0.000410474 -5.98646e-05 0.000461102 2.73777e-05 0.000390099 -0.00053503 0.000711048 -0.000571317 -0.000484892 0.000249443 0.000534142 8.16148e-05
internal_weight=144525 141356 7937 41 7896 133419 1941 131478 130998 128903 794 367 128109 2849 822 6516 1284 1249 1219 125260 3169 2095 333 142 5232 3086 2324 2146 1119 480 734 507 86 191 427 769 650 421 1496 448 101 321 291 51 2901 1206 227 1695 350 429 339 113 237 94 329 57 143 285 762 1762 268 1366
internal_count=144525 141356 7937 41 7896 133419 1941 131478 130998 128903 794 367 128109 2849 822 6516 1284 1249 1219 125260 3169 2095 333 142 5232 3086 2324 2146 1119 480 734 507 86 191 427 769 650 421 1496 448 101 321 291 51 2901 1206 227 1695 350 429 339 113 237 94 329 57 143 285 762 1762 268 1366
is_linear=0
shrinkage=0.05


Tree=123
num_leaves=63
num_cat=0
split_feature=12 13 0 12 13 12 10 12 14 13 20 24 12 14 14 3 3 8 22 14 10 12 13 13 14 10 14 23 25 14 13 14 10 13 14 0 14 13 10 12 12 12 0 12 14 8 12 14 14 12 13 0 0 6 0 14 0 0 12 16 0 14
split_gain=0.0131021 0.0527184 0.291573 0.0559134 0.0983666 0.200396 0.0939509 0.169397 0.157705 0.293647 0.134683 0.187569 0.125973 0.144231 0.404674 0.273879 0.22237 0.121776 0.169751 0.113129 0.167632 0.109598 0.0667071 0.0508999 0.229379 0.063859 0.0638488 0.164898 0.128915 0.0636363 0.258639 0.115141 0.0365291 0.016192 0.0140272 0.0116434 0.00874751 0.00701112 0.0196624 0.116119 0.0403024 0.0321962 0.0697004 0.0160706 0.0359145 0.0789138 0.0540292 0.0141149 0.0225284 0.00795571 0.026972 0.00469154 0.00603014 0.0212437 0.00362566 0.00245132 0.0204028 0.00440429 0.00609335 0.0040196 0.00286728 0.00220469
threshold=787.50000000000011 0.012358406516482118 1721.5000000000002 967.00000000000011 0.022807495572261926 1179.0000000000002 1.0000000180025095e-35 842.50000000000011 0.23164313222079594 0.23540501008264933 1.0000000180025095e-35 0.52669849991798412 879.50000000000011 0.10760959470636892 0.074271079590228536 2.5000000000000004 5.5000000000000009 1.0000000180025095e-35 1.0000000180025095e-35 0.22068372803666922 0.93301270189221952 842.50000000000011 0.05174198614978226 0.03054212465602214 0.014389233954451347 1.0000000180025095e-35 0.037268518518518527 0.92546257376670849 0.67678761482238781 0.11853256021409457 0.082487113402061871 0.084422195825555754 -0.5 0.48577212261422792 1.0000000180025095e-35 1545.5000000000002 1.0000000180025095e-35 0.026721807579183601 -0.6830127018922193 737.50000000000011 742.00000000000011 455.50000000000006 1929.5000000000002 685.50000000000011 1.0000000180025095e-35 0.87837969732492682 734.50000000000011 0.06472559698366151 0.074271079590228536 360.50000000000006 0.037872268293955048 238.50000000000003 353.50000000000006 1.0000000180025095e-35 202.50000000000003 0.20106382978723406 2033.5000000000002 2442.5000000000005 771.50000000000011 1.0000000180025095e-35 1362.5000000000002 0.13221420643729193
decision_type=2 2 2 2 2 2 2 2 2 2 2 2 2 2 2 2 2 2 2 2 2 2 2 2 2 2 2 2 2 2 2 2 2 2 2 2 2 2 2 2 2 2 2 2 2 2 2 2 2 2 2 2 2 2 2 2 2 2 2 2 2 2
left_child=37 2 -2 6 5 -5 7 10 34 -10 22 -12 17 14 16 -16 -14 18 -8 35 -21 -20 -3 24 -6 -26 27 32 -29 31 -31 -28 -25 -19 -9 -15 -7 38 39 41 43 42 -1 47 45 46 -45 -40 -49 50 -39 54 53 -53 61 57 60 59 -59 -54 -57 -51
right_child=1 3 -4 4 23 36 12 8 9 -11 11 -13 13 19 15 -17 -18 33 21 20 -22 -23 -24 26 25 -27 29 28 -30 30 -32 -33 -34 -35 -36 -37 -38 49 40 -41 -42 -43 -44 44 -46 -47 -48 48 -50 51 -52 52 55 -55 -56 56 -58 58 -60 -61 -62 -63
leaf_value=0.0001417143288445299 -0.0056460820231200252 -0.0018183005093923355 0.001894355822226097 -0.0016059277365091205 -0.004558788735723387 0.0023357108782676725 -0.0045560075112857576 0 -0.0061182028803620399 0.00044234808206893039 -0.0058052535207756464 -0.00026491538312865142 -0.00010341165419141645 0.0021044366489364297 -0.0092643312207355954 -0.0018989498759138174 -0.0051567760392509654 0.001444246635418368 0.0011514040908441625 -8.0363591319036111e-05 -0.0049061639520389909 -0.0014729558174416846 0.0012973153337416058 0.00013308030472647836 -0.0010161364317224347 0.001955970278953994 5.0817987290944892e-05 -0.005275477963318757 9.5804415606147593e-05 -0.0032521612487989441 1.8109238305897468e-06 -0.00057175878448691543 0.00099557238829012652 0 0.0013694828319431591 0.00052363914450858739 0.0045640683325266071 -0.0020393073688254261 0.00011117990295346357 -0.0039296191313190221 0.0021784013466053238 0.00016531302564864805 -0.0030011795582978906 -0.0019050647145691718 5.1113785945203318e-05 -0.0035853854277235701 0.00014403593152948591 -0.0019879500075989354 0 9.4109403219469928e-05 0 0.00030947738740376727 6.8591178990244712e-05 -0.00095309026750904592 -0.00010286748657815115 4.9484309850476957e-05 -0.0014522721142656066 0 0.0011013291983965384 -6.4165856607015822e-05 -7.1241976730781945e-06 -6.9844200144313739e-06
leaf_weight=40 24 27 26 26 33 21 26 23 22 70 31 34 145 33 29 26 26 107 77 80 24 81 46 199 34 36 1597 21 20 61 113010 1367 395 29 274 35 28 20 1189 22 21 201 28 43 300 23 113 21 31 688 76 498 9397 34 823 6872 23 37 25 568 3104 2185
leaf_count=40 24 27 26 26 33 21 26 23 22 70 31 34 145 33 29 26 26 107 77 80 24 81 46 199 34 36 1597 21 20 61 113010 1367 395 29 274 35 28 20 1189 22 21 201 28 43 300 23 113 21 31 688 76 498 9397 34 823 6872 23 37 25 568 3104 2185
internal_value=-1.58256e-07 -7.30676e-06 -0.0016293 -6.57629e-06 -2.98166e-06 0.00180585 -0.000339904 0.000159347 0.000701718 -0.00107713 -0.00133271 -0.00298889 -0.000713279 -0.00130719 -0.00213955 -0.00588302 -0.000903547 9.95037e-06 -0.000812576 -0.000183841 -0.00124568 -0.000162451 7.56538e-05 -4.18778e-06 -0.0011148 0.000441659 -3.16349e-06 0.000496709 -0.00253983 -5.94255e-06 8.36315e-09 -0.000234638 0.00071511 0.0011593 0.00126975 0.00136618 0.00371759 3.16643e-05 -5.65594e-05 -0.000437137 4.20204e-06 -0.000131572 -0.0010815 -1.95617e-05 -0.000267796 -0.000829929 -0.000389608 7.22366e-05 -0.000720751 3.92321e-05 -0.000410087 4.12184e-05 5.0583e-05 0.000219226 -9.51684e-06 4.58521e-05 2.74424e-05 6.37113e-05 0.000494919 6.05218e-05 3.13697e-05 1.54868e-05
internal_weight=144525 118143 50 118093 116848 75 1245 527 389 92 138 65 718 398 226 55 171 320 184 172 104 158 73 116773 103 70 116670 635 41 116035 113071 2964 594 136 297 68 49 26382 2032 291 1741 269 68 1720 479 179 156 1241 52 24350 96 24254 20558 532 3696 20026 9999 10027 62 9965 9976 2873
internal_count=144525 118143 50 118093 116848 75 1245 527 389 92 138 65 718 398 226 55 171 320 184 172 104 158 73 116773 103 70 116670 635 41 116035 113071 2964 594 136 297 68 49 26382 2032 291 1741 269 68 1720 479 179 156 1241 52 24350 96 24254 20558 532 3696 20026 9999 10027 62 9965 9976 2873
is_linear=0
shrinkage=0.05


Tree=124
num_leaves=63
num_cat=0
split_feature=19 22 22 25 11 13 13 20 0 24 0 0 13 13 25 22 13 0 0 0 0 0 0 23 20 18 0 13 0 0 8 19 0 0 0 0 25 0 4 2 24 0 13 21 25 0 0 17 19 24 22 10 0 13 22 21 0 0 0 13 13 25
split_gain=0.0130483 0.031442 0.0249012 0.0450908 0.0338697 0.0322238 0.0880331 0.0901721 0.0488003 0.0321079 0.0275105 0.119619 0.14593 0.0629428 0.0502526 0.0599899 0.048789 0.0273083 0.0666577 0.0425358 0.0397884 0.0256583 0.0341763 0.0307746 0.048156 0.0720066 0.0276121 0.111645 0.0246715 0.0381362 0.0575035 0.0605856 0.0329223 0.0335943 0.0235515 0.0285617 0.0235358 0.0211069 0.0238802 0.020994 0.0243643 0.0206036 0.0193947 0.0171057 0.0398393 0.0271582 0.0184382 0.0279673 0.0171046 0.0449414 0.0169805 0.0168327 0.0162638 0.0159132 0.0151332 0.0149316 0.0142106 0.0136047 0.0296467 0.015173 0.0134315 0.0128084
threshold=952.50000000000011 716.91665649414074 463.83332824707037 386.29345703125006 0.25000000000000017 326.68300764977664 259.92204015330725 63.785715103149421 897.50000000000011 523.51110839843761 600.50000000000011 575.50000000000011 0.26734392189218931 28.08976049219952 118.01475524902345 141.91666412353518 74.884008507691561 848.50000000000011 1109.5000000000002 1121.5000000000002 312.50000000000006 719.50000000000011 326.50000000000006 409.30966186523443 420.64286804199224 637.50000000000011 1109.5000000000002 440.84422146753121 326.50000000000006 320.50000000000006 -0.60785761079279388 506.50000000000006 526.50000000000011 1162.5000000000002 1162.5000000000002 1121.5000000000002 368.40257263183599 1165.5000000000002 1.0000000180025095e-35 11.500000000000002 662.93975830078136 1092.5000000000002 634.82196237781329 325.53572082519537 262.24853515625006 1217.5000000000002 1165.5000000000002 4.5000000000000009 119.50000000000001 303.11763000488287 627.41668701171886 0.93301270189221952 433.50000000000006 593.01489036182454 1183.4166259765627 379.14286804199224 276.50000000000006 1116.5000000000002 1092.5000000000002 1313.683155277834 3067.3119503546104 304.24073791503912
decision_type=2 2 2 2 2 2 2 2 2 2 2 2 2 2 2 2 2 2 2 2 2 2 2 2 2 2 2 2 2 2 2 2 2 2 2 2 2 2 2 2 2 2 2 2 2 2 2 2 2 2 2 2 2 2 2 2 2 2 2 2 2 2
left_child=2 -2 5 17 -5 6 9 -8 -9 10 11 13 -13 -1 15 -12 -16 20 -19 -20 -4 22 23 36 25 -25 27 48 29 50 31 -31 -30 41 35 39 56 38 -10 57 -41 -34 -24 46 45 -45 47 -28 49 -23 -6 -50 54 -52 -42 -26 -7 58 59 -3 -36 -46
right_child=1 34 3 4 28 21 7 8 37 -11 14 12 -14 -15 16 -17 -18 18 19 -21 -22 26 42 24 55 -27 43 -29 32 30 -32 -33 33 -35 60 -37 -38 -39 -40 40 52 -43 -44 44 61 -47 -48 -49 51 -51 53 -53 -54 -55 -56 -57 -58 -59 -60 -61 -62 -63
leaf_value=2.440077848233427e-05 0.00030207235088809464 0.00013530822181914871 -0.00069508335137675081 0.00010233136590170334 0.00044302237040877169 0.00027270664103163701 -0.0037938264317731473 0.00013306621346292387 -0.00094896333830945872 -0.0019048610507056002 1.1578268920113003e-05 0.00043093621315845826 -0.00063856302634836693 -0.00010948154167234758 -0.00045349960041686922 -0.00049222514763204558 0.00019966734312494412 -0.0011139903741593073 0.001204142877841736 -0.00032784803778647837 0.00024488445128529831 5.0480094299352015e-06 0.00055145541391838639 -0.00040827313257427021 -0.0009334630224092171 -0.0038816951858975431 -0.00080939412934781562 -0.0024738252159864017 0.00028683564970409991 -0.00072723643501152466 -0.00042739230879873866 -0.0041291013102277398 -0.0002105644700244047 0.00029207760132076593 0.00041324695790439402 -0.00066071689000779077 0.00084221655271817105 -0.00011098274296872883 -0.00018764991941614583 -0.0018983128399619653 5.1878471429900895e-05 -0.00082771574268488085 -0.00069161696868382167 0.00029851208506946885 0.00048478646462365223 -0.00085062192977313595 0.00050748366935820328 0.00027118431333019653 0.00016394755502214663 -0.0027766685335160191 -0.0017591220301816897 -0.00091681042032571195 0.00026990280860761081 -0.000134636973555439 -0.0010843308600180406 0.00042773544942748936 -0.00011580234094665082 0.00093787013764430474 -0.0012899128781478169 -0.0001510480462845849 0 4.040950790463634e-06
leaf_weight=31252 1206 1337 164 2326 94 555 20 313 420 22 77613 397 1531 12194 298 595 5242 308 48 582 353 40 832 59 24 22 79 53 407 34 145 27 411 200 468 190 128 193 160 28 36 228 29 62 224 196 430 246 388 20 20 39 74 99 72 99 387 40 43 697 306 420
leaf_count=31252 1206 1337 164 2326 94 555 20 313 420 22 77613 397 1531 12194 298 595 5242 308 48 582 353 40 832 59 24 22 79 53 407 34 145 27 411 200 468 190 128 193 160 28 36 228 29 62 224 196 430 246 388 20 20 39 74 99 72 99 387 40 43 697 306 420
internal_value=-1.52671e-07 8.36438e-05 -2.87956e-06 -0.000107706 -1.95036e-05 1.32527e-06 -3.09916e-06 -0.00044727 -0.000380692 6.6639e-07 1.03125e-06 -3.02823e-05 -0.000415735 -1.30611e-05 1.80564e-05 7.68082e-06 0.000163623 -0.000346187 -0.000507559 -0.000203017 -4.36946e-05 0.000135505 0.000259078 8.9803e-05 -0.000465567 -0.00141695 1.31378e-05 -0.000294738 -0.000192706 -0.000526663 -0.00101267 -0.00231911 -7.63578e-05 -0.000258515 2.07385e-06 -7.0563e-05 0.000200393 -0.000595179 -0.000747634 -2.02019e-05 -0.000498097 -0.000438687 0.000503705 0.000116501 -2.54197e-05 -0.000555092 0.000292655 0 -4.68648e-05 -0.000842073 -3.2907e-05 5.33382e-05 -0.000254298 -0.000450889 -0.000659643 0.000120976 0.000107794 2.48634e-05 4.82874e-06 3.47205e-05 0.000244722 0.000179069
internal_weight=144525 4497 140028 5446 3991 134582 130250 1106 1086 129144 129122 45374 1928 43446 83748 78208 5540 1455 938 630 517 4332 2135 1274 204 81 2197 540 1665 419 206 61 1246 839 3291 2517 1070 773 580 2327 210 639 861 1657 902 258 755 325 487 60 213 427 182 119 108 123 942 2117 2077 2034 774 644
internal_count=144525 4497 140028 5446 3991 134582 130250 1106 1086 129144 129122 45374 1928 43446 83748 78208 5540 1455 938 630 517 4332 2135 1274 204 81 2197 540 1665 419 206 61 1246 839 3291 2517 1070 773 580 2327 210 639 861 1657 902 258 755 325 487 60 213 427 182 119 108 123 942 2117 2077 2034 774 644
is_linear=0
shrinkage=0.05


Tree=125
num_leaves=63
num_cat=0
split_feature=8 0 0 15 22 25 13 13 0 17 0 21 22 14 25 19 22 22 14 22 14 13 22 13 15 0 0 24 11 14 25 22 22 21 25 0 25 0 15 11 14 21 14 13 0 0 24 2 0 10 0 13 8 2 0 0 20 21 2 21 13 25
split_gain=0.0126742 0.0351673 0.0465499 0.0425589 0.0795824 0.181732 0.286997 0.271543 0.141193 0.124603 0.178115 0.0760495 0.314099 0.28566 0.136627 0.11951 0.065801 0.125184 0.162653 0.0505706 0.0944555 0.0470039 0.046618 0.0415309 0.0805034 0.0407376 0.0405794 0.0706114 0.16058 0.135863 0.181721 0.0871293 0.0453353 0.0448805 0.144826 0.0385103 0.03773 0.0369307 0.0363714 0.158612 0.122116 0.0370635 0.0452543 0.0338471 0.0625117 0.0338298 0.0311991 0.0308339 0.0303272 0.0753444 0.0298349 0.0424678 0.0875326 0.104386 0.0658451 0.0379842 0.136457 0.176447 0.387518 0.0832603 0.04773 0.0409902
threshold=-1.0000000180025095e-35 1475.5000000000002 1328.5000000000002 1.5000000000000002 0.18333333730697635 0.62743628025054943 0.22559557572319913 0.29348965454379733 1917.5000000000002 1.0000000180025095e-35 2129.5000000000005 0.53571429848670971 0.31666667759418493 0.14686274509803923 0.93618154525756847 4.5000000000000009 0.81666666269302379 1.0166666507720949 0.63943957300800625 1.1499999761581423 0.63943957300800625 0.25744865253793831 1.1499999761581423 0.18852473582613063 3.5000000000000004 1912.0000000000002 1284.0000000000002 0.93319860100746166 0.25000000000000017 0.041885964912280707 0.53282585740089428 0.25000000745058065 1.0166666507720949 1.3214285373687746 3.6762675046920781 1742.5000000000002 0.46361231803894049 1545.5000000000002 1.0000000180025095e-35 0.6830127018922193 0.05486978774650008 1.0000000180025095e-35 0.079156223893066008 0.012358406516482118 632.50000000000011 2442.5000000000005 5.0676736831665048 5.5000000000000009 60.500000000000007 0.93301270189221952 1371.5000000000002 0.012358406516482118 0.6078576107927941 4.5000000000000009 2066.0000000000005 1340.5000000000002 0.21428572386503222 0.17857143282890323 3.5000000000000004 0.46428571641445165 0.01811713126860948 39.206563949584968
decision_type=2 2 2 2 2 2 2 2 2 2 2 2 2 2 2 2 2 2 2 2 2 2 2 2 2 2 2 2 2 2 2 2 2 2 2 2 2 2 2 2 2 2 2 2 2 2 2 2 2 2 2 2 2 2 2 2 2 2 2 2 2 2
left_child=1 2 26 4 21 6 9 -8 -9 10 -6 15 13 -13 -14 22 23 18 -18 -19 -21 38 -7 24 36 -20 43 28 29 -28 -31 -30 -29 34 -34 -25 -5 -22 41 40 -40 42 -3 44 -1 -43 -35 48 49 -45 55 52 -52 -54 -55 60 57 -57 -59 -60 -2 -58
right_child=50 3 -4 16 5 11 7 8 -10 -11 -12 12 14 -15 -16 -17 17 19 25 20 37 -23 -24 35 -26 -27 27 32 31 30 -32 -33 33 46 -36 -37 -38 -39 39 -41 -42 45 -44 47 -46 -47 -48 -49 -50 -51 51 -53 53 54 -56 56 61 58 59 -61 -62 -63
leaf_value=0.00024957653634991999 0.00077009900886163202 -0.00028501846784786082 0.00018657273671789042 -0.000767255754984936 -0.0022823821491040233 0.00025891142008841855 -0.0087667467383676905 0.0004400120329686238 -0.0050299563505385647 0.0013154633667410707 0.00064119197164857046 0 -0.0021857623037266497 -0.0078811236693052383 -0.00018260511091361325 -0.0034248601089644157 0.00053511247614831047 0.0015030778094842698 -0.0018014485852574779 -0.0024143262566929226 -0.00025167132442745156 0.00096574028846889361 -0.0012834222102087178 0.00018385492350302278 -0.002802796728552263 -0.0051988872101468575 0.00054853383171924309 0.0010109136894724351 0.0011997100853918426 -0.0058193934648841572 -0.00093842583092115361 -0.0021773239320554061 -0.0040037612520480081 0.00050443025802946275 0.00075825390932254995 0.0014130047511689402 0.000936693185125144 0.00022227160663032604 0.0004972080522681069 0.0007455855288025998 -0.0036758266900275673 0.0003010808838997158 0.00034144807645866779 2.2635552121024114e-05 -0.003343569874207343 -0.0015609689893034823 -0.00021912811433730451 -1.3862117593129652e-05 7.9693457606904624e-05 -0.00096885964107729376 0.00018549472232155424 5.5051968168057686e-05 -0.00043477487399116776 -0.0056869672725012449 -0.0012591155369844826 -0.00036498000843539533 0.00013773150446302624 -0.0089418676576463341 -0.0029301294261871139 0.00065888838063766163 -2.6736610133648848e-05 -0.0019226892918965289
leaf_weight=23 188 1042 4511 43 141 1247 23 25 20 61 79 20 89 26 2294 23 36 59 22 39 600 137 50 110 22 27 26 85 75 41 41 25 30 174 31 194 110 1274 23 84 54 1226 393 890 21 24 944 22572 23132 241 152 17093 76 21 20 164 564 22 31 30 63660 25
leaf_count=23 188 1042 4511 43 141 1247 23 25 20 61 79 20 89 26 2294 23 36 59 22 39 600 137 50 110 22 27 26 85 75 41 41 25 30 174 31 194 110 1274 23 84 54 1226 393 890 21 24 944 22572 23132 241 152 17093 76 21 20 164 564 22 31 30 63660 25
internal_value=-1.56061e-07 1.67765e-05 3.28412e-05 -7.10066e-05 -0.000134261 -0.000277492 -0.00137073 -0.00429618 -0.00188598 -0.000643725 -0.00121002 -0.000174354 -0.000340926 -0.00443555 -0.000259605 0.00012838 0.00010364 -1.69094e-05 -0.00189641 6.16602e-05 1.45147e-05 6.08332e-05 0.000195505 0.000631655 0 -0.00378212 1.83948e-05 -0.000239754 -0.00109554 -0.00243691 -0.00344393 0.00030417 -9.48978e-05 -0.000178941 -0.00150461 0.000984895 0.000424959 6.78557e-05 1.54838e-05 -0.000711812 -0.00236546 6.09815e-05 -0.000109954 2.66078e-05 -0.00135565 0.000261208 -0.00010201 2.80161e-05 6.71816e-05 -0.000184284 -1.31113e-05 4.49734e-05 -0.000576648 -0.00160879 -0.00365701 -2.87794e-05 -0.000364033 -0.00135088 -0.00323598 -0.00108502 -2.43108e-05 4.14783e-05
internal_weight=144525 62479 52862 9617 7081 4098 349 68 45 281 220 3749 2429 46 2383 1320 2536 2057 85 1972 1913 2983 1297 479 175 49 48351 1472 208 108 82 100 1264 1179 61 304 153 1874 2846 161 77 2685 1435 46879 44 1250 1118 46835 24263 1131 82046 17362 269 117 41 64684 836 247 83 61 63848 589
internal_count=144525 62479 52862 9617 7081 4098 349 68 45 281 220 3749 2429 46 2383 1320 2536 2057 85 1972 1913 2983 1297 479 175 49 48351 1472 208 108 82 100 1264 1179 61 304 153 1874 2846 161 77 2685 1435 46879 44 1250 1118 46835 24263 1131 82046 17362 269 117 41 64684 836 247 83 61 63848 589
is_linear=0
shrinkage=0.05


Tree=126
num_leaves=63
num_cat=0
split_feature=19 22 25 16 0 0 0 13 0 13 0 13 13 0 22 19 24 22 0 0 0 13 13 23 0 13 13 13 0 2 20 14 16 18 16 18 0 13 2 0 0 0 16 20 0 25 13 18 22 16 18 16 22 13 0 22 14 20 17 3 2 11
split_gain=0.0120117 0.0224229 0.0384815 0.0957728 0.0382562 0.0628098 0.0453372 0.0732298 0.0448431 0.0574508 0.052237 0.0437881 0.0290268 0.0285474 0.0485263 0.027242 0.0196138 0.0343206 0.0329088 0.0671159 0.0446964 0.0249154 0.0838826 0.023193 0.0183922 0.0169994 0.0154947 0.0153447 0.0170575 0.0149011 0.0249281 0.0212343 0.0227306 0.0148318 0.0142192 0.0341004 0.0120106 0.0116333 0.0104254 0.0102842 0.0100186 0.0109047 0.0103631 0.00964716 0.0108651 0.0129481 0.014332 0.0104338 0.0134468 0.0127363 0.0158152 0.0143206 0.00859101 0.0146288 0.00796285 0.00780236 0.00695728 0.00687248 0.00963716 0.00683086 0.0177798 0.00647783
threshold=1200.5000000000002 627.41668701171886 483.34988403320318 1686.5000000000002 1162.5000000000002 1092.5000000000002 1109.5000000000002 1241.1937533749906 326.50000000000006 550.63515248226963 526.50000000000011 931.25999214642854 1313.683155277834 320.50000000000006 1365.0333251953127 1153.5000000000002 419.82214355468756 440.58334350585943 848.50000000000011 897.50000000000011 367.50000000000006 326.68300764977664 259.92204015330725 516.58084106445324 291.50000000000006 1174.3343828736549 513.49659430869031 1241.1937533749906 1162.5000000000002 10.500000000000002 738.78570556640636 453.24780701754395 21.500000000000004 793.50000000000011 440.50000000000006 637.50000000000011 433.50000000000006 3067.3119503546104 2.5000000000000004 1121.5000000000002 1121.5000000000002 515.50000000000011 800.50000000000011 241.92857360839847 326.50000000000006 757.64462280273449 634.82196237781329 1445.5000000000002 1365.0333251953127 683.50000000000011 718.50000000000011 394.50000000000006 560.68334960937511 931.25999214642854 1084.5000000000002 590.46667480468761 1263.6404220779223 773.35714721679699 20.500000000000004 4.5000000000000009 3.5000000000000004 1.0000000180025095e-35
decision_type=2 2 2 2 2 2 2 2 2 2 2 2 2 2 2 2 2 2 2 2 2 2 2 2 2 2 2 2 2 2 2 2 2 2 2 2 2 2 2 2 2 2 2 2 2 2 2 2 2 2 2 2 2 2 2 2 2 2 2 2 2 2
left_child=1 2 3 16 5 8 -7 39 9 -3 12 15 36 24 -15 -12 17 21 20 -20 -19 22 -1 -23 -11 -6 34 43 40 57 31 -31 33 -33 -18 -36 -10 -30 -9 -8 41 -29 -42 61 47 46 55 48 49 51 -51 -45 -48 -54 -13 -46 -44 -4 -59 -28 -61 -2
right_child=27 4 29 -5 25 6 7 38 10 13 11 54 -14 14 -16 -17 26 18 19 -21 -22 23 -24 -25 -26 -27 59 28 37 30 -32 32 -34 -35 35 -37 -38 -39 -40 -41 42 -43 56 44 45 -47 52 -49 -50 50 -52 -53 53 -55 -56 -57 -58 58 -60 60 -62 -63
leaf_value=9.7638090557743884e-07 4.3984272668244324e-05 0.0012094957421953923 0.00056084945142072609 -0.0032200698472672341 0 -0.0011184657665605248 0.0010978358058129504 -0.0019139992873378267 0.00019028746572175291 -0.00055710261163978772 -0.00035525225579434357 0.00062554361489622497 -0.00034054453188811219 -0.00063663904015844595 -0.0025323749714225244 -0.0020787728186028886 0.00023448952555883259 -0.00034701246401762565 -0.0012883012326558236 -0.00021043802693894616 0.00044379771232062388 0.00014479634418259905 -0.00044684386497433054 -0.0010813033584385543 0.00010561062775996172 0.00052388404123879782 0.00030446561762962775 -0.00027692183576333984 0.00044722688467451843 -0.0011916505941911122 -0.0016793865001579718 0.0001570690362082826 0.00094667389352861306 -0.0013868565724430542 -5.3138233977044205e-06 -0.0020323942920037236 0.00055995423233239224 0 -0.00067732948638755963 8.0916317890931551e-05 -0.001183104752325564 9.5192345028092556e-05 0.00043307298644115608 -0.00011603474882949385 0.00029745947402922015 0.00048202428104626136 0.0005000914190715904 -0.00073240326982006436 0.0011875358956726873 0 -0.001228414489801221 0.00093721369898097737 -0.00022363426082094655 0.00026027295508975634 4.405950016886045e-05 0.001225360837524263 -0.00045814919992906401 -0.00073083025744315102 0.00046928557018050421 0.0017802559191883777 0.00030615113543013364 0.00097755860020515956
leaf_weight=129092 42 48 479 23 343 282 69 28 550 234 782 116 166 234 43 25 317 367 180 828 346 3575 1054 38 170 286 324 361 252 23 20 53 89 20 150 25 445 305 129 57 46 407 25 79 120 372 84 53 23 65 43 48 410 248 162 38 80 26 46 35 77 68
leaf_count=129092 42 48 479 23 343 282 69 28 550 234 782 116 166 234 43 25 317 367 180 828 346 3575 1054 38 170 286 324 361 252 23 20 53 89 20 150 25 445 305 129 57 46 407 25 79 120 372 84 53 23 65 43 48 410 248 162 38 80 26 46 35 77 68
internal_value=-1.55523e-07 -2.34835e-06 1.0871e-06 -8.47733e-07 -0.000116593 -0.000181246 -0.000665838 -0.000196912 -8.75141e-05 -0.000428555 2.09679e-05 -0.000226018 0.000256092 -0.000551514 -0.000949775 -0.000415091 -2.65919e-07 -1.87177e-06 -0.000223739 -0.000407982 2.97435e-05 9.45646e-07 -2.61226e-06 0.000130487 -0.000265908 0.000239293 0.000228762 9.60767e-05 -1.86834e-05 0.000356822 0 0.000174425 0.000399835 -0.000198843 2.54947e-05 -0.000324447 0.00036068 0.000195717 -0.000930787 0.000677881 -0.000154077 -7.32244e-05 -0.000531891 0.000199076 0.00016337 0.000229299 0.000119242 -9.01953e-05 2.25915e-05 -7.06134e-05 -0.000485688 0.000243128 2.01038e-05 -3.36403e-05 0.00030481 0.000552885 -0.00019817 0.00049222 0 0.000446614 0.000812589 0.00066688
internal_weight=144525 141356 137187 136431 4169 3540 565 283 2975 729 2246 1085 1161 681 277 807 136408 135480 1721 1008 713 133759 130146 3613 404 629 928 3169 1476 756 205 185 162 73 492 175 995 557 157 126 919 768 151 1693 1583 1272 900 311 258 235 108 127 742 658 278 158 105 551 72 436 112 110
internal_count=144525 141356 137187 136431 4169 3540 565 283 2975 729 2246 1085 1161 681 277 807 136408 135480 1721 1008 713 133759 130146 3613 404 629 928 3169 1476 756 205 185 162 73 492 175 995 557 157 126 919 768 151 1693 1583 1272 900 311 258 235 108 127 742 658 278 158 105 551 72 436 112 110
is_linear=0
shrinkage=0.05


Tree=127
num_leaves=63
num_cat=0
split_feature=0 0 0 16 11 24 24 16 12 24 23 9 0 11 25 17 8 25 2 12 22 22 22 24 23 20 0 24 23 22 12 22 24 12 24 16 24 0 2 25 11 24 20 12 0 0 0 13 9 15 12 2 12 13 0 0 11 16 16 15 22 12
split_gain=0.0117497 0.0479902 0.0439486 0.0288093 0.0509903 0.116858 0.326718 0.0383343 0.10754 0.0608432 0.136132 0.0365645 0.0470969 0.133959 0.0397113 0.0321388 0.0861593 0.0503667 0.0280945 0.0366881 0.121213 0.0741871 0.125134 0.0838959 0.0615341 0.104999 0.0538338 0.0291387 0.0404459 0.0263064 0.0616493 0.0610956 0.0292163 0.0258825 0.048183 0.0600668 0.0545508 0.110002 0.135629 0.0658794 0.0240615 0.0341605 0.101429 0.023873 0.0237221 0.0485169 0.0552341 0.0753766 0.101789 0.225992 0.0498962 0.112611 0.119373 0.18476 0.0499334 0.149147 0.0502594 0.106921 0.0489777 0.0476961 0.0383847 0.335601
threshold=60.500000000000007 39.500000000000007 93.500000000000014 1.5000000000000002 -0.9330127018922193 2.1387321949005131 1.0324271321296694 1.0000000180025095e-35 1473.5000000000002 0.93907719850540172 1.184843182563782 -0.56174490092936669 7.0000000000000009 0.6830127018922193 33.670785903930671 2.5000000000000004 -0.8783796973249266 0.60122093558311474 8.5000000000000018 1450.5000000000002 4.6499998569488534 3.8833333253860478 3.2500000000000004 4.4317164421081552 3.9820983409881596 3.5000000000000004 49.500000000000007 2.2026443481445317 0.92546257376670849 42.349998474121101 1470.5000000000002 46.049999237060554 22.525260925292972 1100.0000000000002 5.6122412681579599 11.500000000000002 7.2818078994750985 69.500000000000014 10.500000000000002 6.4243164062500009 -0.68301270189221952 1.1590536236763003 0.78571429848670971 1143.5000000000002 331.50000000000006 266.50000000000006 202.50000000000003 33.630190872809308 1.0000000180025095e-35 8.5000000000000018 1470.5000000000002 1.5000000000000002 1409.5000000000002 0.21618102477477483 280.50000000000006 286.50000000000006 0.6830127018922193 1.5000000000000002 3.5000000000000004 3.5000000000000004 0.083333335816860213 914.00000000000011
decision_type=2 2 2 2 2 2 2 2 2 2 2 2 2 2 2 2 2 2 2 2 2 2 2 2 2 2 2 2 2 2 2 2 2 2 2 2 2 2 2 2 2 2 2 2 2 2 2 2 2 2 2 2 2 2 2 2 2 2 2 2 2 2
left_child=1 3 33 4 5 6 -1 11 9 -9 -11 12 13 -6 -14 17 -17 -13 19 27 21 22 23 -21 -22 -26 -27 28 43 30 40 -31 -32 -2 35 -35 37 38 39 -36 -5 42 -42 -3 45 46 47 60 49 -49 51 -47 -53 -54 56 -56 -52 -58 -57 -50 61 -4
right_child=2 18 44 29 7 -7 -8 8 -10 10 -12 15 14 -15 -16 16 -18 -19 -20 20 24 -23 -24 -25 25 26 -28 -29 -30 31 32 -33 -34 34 36 -37 -38 -39 -40 -41 41 -43 -44 -45 -46 50 -48 48 59 -51 54 52 53 -55 55 58 57 -59 -60 -61 -62 -63
leaf_value=0 -9.9017423650711968e-05 -2.2450480762921366e-05 6.0047283416107846e-05 0.00066544965577089096 0.00017845499794981191 0.0008362711209831691 -0.0077789250094054338 0.0012764996154950986 -0.004059885336846039 -0.0028084447658455426 0.00024463289528946404 -0.00027527627707648055 0.00048315633889586324 -0.0036729662284119705 -0.0018701375595036784 -0.0026575118317222375 0.00036178283943786996 0.00087153135073848691 7.2891195278768786e-05 -0.00087264297652013968 0.002357571260641198 -0.0036827613403530497 0.0017502287433690011 -0.0038948264405492192 -0.003715998708332122 -0.00012860319806722617 -0.0010528758880602178 0.0014435310512274299 -0.0021046972707022835 -0.002802407923959594 0.0015380710950598899 4.0170916909705243e-05 0.00029400878602911431 0.00091710821437717284 0.0012336672072572035 -0.0014589216769758846 0.00021850848761335398 0.00049286222335920261 -0.0048677557668686464 -0.0018112553977092487 0.00074282245794346849 0.00010944454354601898 -0.0036393493537586253 0.0013901634372750701 6.7288244088735403e-06 0.00062499490844879202 0.00012174577555416378 -0.00053692510318585835 -0.001286946172341572 -0.0071108473420249691 -0.00019086674596591869 0.0002009487355232332 -0.005333105688340856 -0.00059154715889495643 0.0011592449689674514 0.00015707585987852592 -0.0043764662060353328 -0.00068906907112943909 -0.00016731005421991485 0.0019183302644535868 -2.8559409575369885e-05 -0.0036167649440747652
leaf_weight=40 706 122 395 168 57 40 20 51 20 52 114 122 142 35 20 30 103 363 623 86 22 36 30 35 22 1519 179 44 20 20 147 273 86 376 27 27 2525 101 27 46 26 459 24 37 114819 271 5994 43 21 20 378 528 21 1671 255 1604 24 141 4143 24 5078 73
leaf_count=40 706 122 395 168 57 40 20 51 20 52 114 122 142 35 20 30 103 363 623 86 22 36 30 35 22 1519 179 44 20 20 147 273 86 376 27 27 2525 101 27 46 26 459 24 37 114819 271 5994 43 21 20 378 528 21 1671 255 1604 24 141 4143 24 5078 73
internal_value=-1.40396e-07 -7.40626e-05 2.5756e-06 8.7593e-05 -8.164e-05 -0.00116299 -0.00257819 1.14543e-05 -0.000547372 -0.000198886 -0.000682766 0.000169116 -0.000325323 -0.00123487 0.000160807 0.000380441 -0.00028318 0.000572752 -0.000216372 -0.000302436 -0.000373781 -0.00158797 -0.00105335 -0.00179061 -0.000240487 -0.00027676 -0.000229039 0.000292197 0 0.000261819 0.000395948 -0.000137693 0.00110066 0.000169506 0.000231693 0.000745194 0.00015392 -0.000632294 -0.00181801 -0.000616505 0.000145898 -1.58607e-05 -0.00126389 0.000275511 -2.11208e-06 -5.14304e-05 1.56314e-05 -9.598e-05 -0.00140603 -0.00271109 -0.00013843 -0.000329375 -0.000448152 -0.000653663 -6.49892e-05 -2.25744e-05 -0.000524521 -0.00125803 -7.59021e-05 0.000312133 -6.95423e-05 -0.000503441
internal_weight=144525 5187 139338 2412 1209 100 60 1109 237 217 166 872 254 92 162 618 133 485 2775 2152 1929 187 151 121 1742 1720 1698 223 179 1203 910 293 233 3835 3129 403 2726 201 100 73 677 509 50 159 135503 20684 11648 5654 108 63 9036 2491 2220 1692 6545 6002 543 165 5747 45 5546 468
internal_count=144525 5187 139338 2412 1209 100 60 1109 237 217 166 872 254 92 162 618 133 485 2775 2152 1929 187 151 121 1742 1720 1698 223 179 1203 910 293 233 3835 3129 403 2726 201 100 73 677 509 50 159 135503 20684 11648 5654 108 63 9036 2491 2220 1692 6545 6002 543 165 5747 45 5546 468
is_linear=0
shrinkage=0.05


Tree=128
num_leaves=63
num_cat=0
split_feature=12 15 20 25 18 23 21 25 19 19 24 23 12 21 22 13 21 23 13 23 25 21 25 13 12 0 0 13 15 13 13 22 0 12 24 20 22 24 25 18 20 13 13 19 8 22 21 22 21 15 20 1 9 0 20 20 17 24 19 19 15 16
split_gain=0.0116116 0.0427754 0.234766 0.0950683 0.082979 0.100912 0.0786233 0.0449718 0.0368559 0.120675 0.0136951 0.0133731 0.0131067 0.0566639 0.226491 0.0917479 0.0828436 0.111064 0.121288 0.0797864 0.0375114 0.0193128 0.015778 0.0376959 0.0578994 0.0645842 0.0472263 0.0335636 0.0932456 0.0681677 0.0566082 0.0485747 0.0445011 0.0263515 0.131293 0.308108 0.0915187 0.0883932 0.0851626 0.0254973 0.0246783 0.0694357 0.0217967 0.0411359 0.158072 0.0237567 0.0209029 0.0199665 0.0198593 0.0124546 0.0230689 0.0348331 0.0604842 0.00802691 0.00631293 0.00622208 0.00621984 0.0056007 0.00514579 0.00337221 0.00269115 0.00228015
threshold=2169.0000000000005 1.0000000180025095e-35 0.6428571641445161 1.2412915229797366 1.5000000000000002 3.5690327882766728 1.1785714626312258 1.9746960401535036 2.5000000000000004 5.5000000000000009 1.2966498136520388 4.3177366256713876 1472.5000000000002 0.17857143282890323 0.21666666865348819 0.25744865253793831 0.25000000745058065 0.43295724689960485 0.57067091454272878 0.92546257376670849 406.86978149414068 698.82141113281261 42.915185928344734 36.089724108348854 1471.5000000000002 1089.5000000000002 1098.5000000000002 48.621298933404702 283.50000000000006 64.895039146868257 73.342223741070654 21.550000190734867 262.50000000000006 1471.5000000000002 0.6483249068260194 0.35714286565780645 53.183334350585945 0.75043764710426342 39.206563949584968 12.500000000000002 2.5000000000000004 27.001027904328023 34.40005570602586 129.50000000000003 1.0000000180025095e-35 20.050000190734867 10.250000000000002 23.916666030883793 14.964285850524904 21.500000000000004 356.92857360839849 2024.5000000000002 1.0000000180025095e-35 1119.5000000000002 773.35714721679699 1.6428571343421938 958.50000000000011 28.712529182434086 415.50000000000006 735.50000000000011 5.5000000000000009 13.500000000000002
decision_type=2 2 2 2 2 2 2 2 2 2 2 2 2 2 2 2 2 2 2 2 2 2 2 2 2 2 2 2 2 2 2 2 2 2 2 2 2 2 2 2 2 2 2 2 2 2 2 2 2 2 2 2 2 2 2 2 2 2 2 2 2 2
left_child=12 4 -3 -4 7 -6 -5 10 11 -10 -2 -8 20 -14 -15 -16 -17 18 -18 -19 22 49 33 24 40 39 -27 28 31 32 -31 -25 -29 42 35 -35 37 -36 -38 -26 41 -24 43 46 -45 -44 -1 -42 -47 50 59 52 -52 54 56 -9 -51 -11 -23 61 -53 -22
right_child=1 2 3 6 5 -7 8 55 9 57 -12 -13 13 14 15 16 17 19 -20 -21 21 58 23 27 25 26 -28 29 -30 30 -32 -33 -34 34 36 -37 38 -39 -40 -41 47 -43 45 44 -46 48 -48 -49 -50 53 51 60 -54 -55 -56 -57 -58 -59 -60 -61 -62 -63
leaf_value=1.1661205641022794e-05 0.0031153827795046525 -0.0050825227835801391 0.0033338308947168903 -0.0030164000805263493 -0.003472575890474127 0.00077825624784796932 0.0019320125535045593 0.0010351653728220198 -0.0037999269473760278 -0.00022060881412133226 0.0012245192924493793 0.00037207607890132703 0.0018230509167024977 -0.0049831075747033731 0.0027283766995759625 -0.002849457283875409 0.0045195192476645161 -0.0010997248460707027 0.00048289285653759368 -2.8392811557021907e-05 -4.740356698997581e-05 0.00016378945887352773 0.00020415952333641452 -0.0015172469386367515 -0.00041878537328774736 0.0015891991263401626 0.00023546656711056054 -0.00035655713855601429 -0.0034795587578947298 -0.00034390553288660093 3.0630796979891441e-05 -9.396516759629551e-05 0.00035142056206305508 0.00056778565379167641 0.0030254459653646397 -0.006099187112428817 -0.00062068210447545477 -7.2147704018029027e-05 -0.0042688334652481608 0.00059608805179791518 0.00038949208576895446 -0.0013390049513836066 0.00055276507174991405 0.00021141323383356669 -0.0032028722134370378 -0.0013561072003890587 -5.0072753158401928e-05 8.5925942852273511e-05 0.00010891186754907231 0.00058467298071834481 0 0.00028859543842116048 -0.0035955204191436699 -2.3793340883190362e-05 -0.00022216425025311511 0 0 0.00044546097032394918 0.0010236579504383056 0.000831217574372216 -0.00022056261827346969 0.00041049303758315019
leaf_weight=72169 42 22 23 20 21 38 35 26 20 30 27 39 41 23 30 26 27 175 71 30194 31 38 204 62 135 200 109 241 21 1217 5815 2488 2115 38 23 30 61 4209 24 113 660 110 340 107 48 23 16928 3536 1457 340 26 52 21 90 23 34 69 135 116 44 49 44
leaf_count=72169 42 22 23 20 21 38 35 26 20 30 27 39 41 23 30 26 27 175 71 30194 31 38 204 62 135 200 109 241 21 1217 5815 2488 2115 38 23 30 61 4209 24 113 660 110 340 107 48 23 16928 3536 1457 340 26 52 21 90 23 34 69 135 116 44 49 44
internal_value=-1.36537e-07 0.000237489 -9.69366e-05 0.000251263 0.000840167 -0.000653465 0 0.00156201 0.000229737 -0.000123377 0.00245068 0.00117897 -1.01624e-06 -3.00935e-05 -3.27505e-05 -2.88402e-05 -3.17257e-05 -2.91477e-05 0.00164947 -3.47346e-05 6.78082e-06 0.000320872 4.10291e-06 4.84645e-05 0.00016276 0.000645356 0.00112808 0 -0.000160023 4.38723e-05 -3.34816e-05 -0.000130589 0.000276866 -3.75722e-06 -0.000123497 -0.00230474 -8.79275e-05 -5.40604e-05 -0.00171331 2.35375e-05 0.000102036 -0.000320775 1.9533e-06 -1.48426e-06 -0.00081506 0.000173268 -1.18731e-08 0.000134874 8.26764e-05 0.000212301 -4.93343e-05 -0.000482528 -0.00160655 0.000355687 0.000446304 0.00045446 0.000496162 0.000294012 0.000844173 0.000447399 0 0.00015484
internal_weight=144525 512 324 302 188 59 279 129 259 185 69 74 144013 30587 30546 30523 30493 30467 98 30369 113426 943 112483 17026 5067 557 309 11959 2571 9388 7032 2550 2356 95457 4385 68 4317 4232 85 248 4510 314 91072 89252 155 1820 89097 4196 1480 789 267 148 47 522 432 60 409 165 154 119 101 75
internal_count=144525 512 324 302 188 59 279 129 259 185 69 74 144013 30587 30546 30523 30493 30467 98 30369 113426 943 112483 17026 5067 557 309 11959 2571 9388 7032 2550 2356 95457 4385 68 4317 4232 85 248 4510 314 91072 89252 155 1820 89097 4196 1480 789 267 148 47 522 432 60 409 165 154 119 101 75
is_linear=0
shrinkage=0.05


Tree=129
num_leaves=63
num_cat=0
split_feature=3 0 0 23 12 10 24 23 11 0 18 18 0 22 24 14 0 22 14 0 23 23 21 19 14 12 0 0 23 25 25 25 23 23 0 22 10 19 25 25 12 12 0 21 14 22 13 25 25 18 13 21 13 14 14 25 14 12 0 0 25 11
split_gain=0.011567 0.0402929 0.0487066 0.0737703 0.111293 0.118525 0.101057 0.40908 0.189928 0.0330153 0.0431671 0.0718227 0.0870795 0.086943 0.0664182 0.937746 0.0679059 0.0440617 0.101138 0.0414622 0.0321358 0.104301 0.0312807 0.0310399 0.0302556 0.109096 0.0297244 0.0490939 0.0593634 0.142962 0.0869167 0.212869 0.0404699 0.19071 0.334004 0.089718 0.0549451 0.0647552 0.0485918 0.170255 0.0404618 0.0377213 0.0376908 0.0605266 0.0346175 0.0632206 0.0334059 0.0485439 0.0383822 0.0407584 0.0839701 0.0370336 0.031288 0.0251623 0.0836528 0.0372975 0.0249934 0.10994 0.195677 0.241968 0.476544 0.206413
threshold=1.5000000000000002 467.50000000000006 426.50000000000006 180.90565490722659 1411.5000000000002 -0.93301270189221919 1.0324271321296694 1.2342761158943178 -0.68301270189221952 378.50000000000006 84.500000000000014 17.500000000000004 320.50000000000006 3.1500000953674321 16.137203216552738 7.445195195195196 46.500000000000007 53.183334350585945 29.73144505638605 312.50000000000006 2.5118721723556523 1.9639235734939577 46.678571701049812 220.50000000000003 2.0052083333333335 1388.5000000000002 575.50000000000011 600.50000000000011 0.43295724689960485 0.74817627668380748 4.6235280036926278 5.5865705013275155 5.0849897861480722 9.745573043823244 542.50000000000011 10.183333396911623 -0.5 1.0000000180025095e-35 0.7675113081932069 1.2412915229797366 771.50000000000011 1179.0000000000002 531.00000000000011 6.3928570747375497 0.08941897654584223 0.18333333730697635 161.09460132450334 118.01475524902345 181.44040679931643 192.50000000000003 168.87867287677537 174.60713958740237 0.0444704657819412 0.094467108618052034 0.12637628554143984 3.4694893360137944 0.12637628554143984 1193.5000000000002 1794.0000000000002 1729.5000000000002 0.46361231803894049 -0.5
decision_type=2 2 2 2 2 2 2 2 2 2 2 2 2 2 2 2 2 2 2 2 2 2 2 2 2 2 2 2 2 2 2 2 2 2 2 2 2 2 2 2 2 2 2 2 2 2 2 2 2 2 2 2 2 2 2 2 2 2 2 2 2 2
left_child=1 2 9 4 53 -6 8 -8 -7 10 11 12 19 -14 16 -16 -13 -12 -19 -1 21 24 -20 -22 25 -11 32 28 -28 -30 -31 -32 36 34 35 -34 37 38 41 -40 -38 -3 43 -35 -42 -46 47 51 49 -48 -51 52 -29 -4 -55 -56 57 -2 59 -59 61 -61
right_child=56 26 3 -5 5 6 7 -9 -10 20 17 14 13 -15 15 -17 -18 18 22 -21 23 -23 -24 -25 -26 -27 27 46 29 30 31 -33 33 42 -36 -37 40 -39 39 -41 44 -43 -44 -45 45 -47 48 -49 -50 50 -52 -53 -54 54 55 -57 -58 58 -60 60 -62 -63
leaf_value=-3.3537496539454784e-05 0 9.5383429103610871e-05 0.00078456391944927394 0.00047018491867388827 -0.004954011066898403 0.0048185405798664141 -0.0083186805333979232 -0.00089484763264427924 -0.0010837660772619105 0.00035320170528293804 0.000675232016264865 0.0010261984851892719 0.00038030050713623809 -0.00064253544124056965 -0.011216139498330053 -0.00049522836017121177 -0.00041736280696989044 -0.0035182025282416694 -0.0012539437596035209 0.00063725186189287633 0.00041542144344098832 -0.0037288066275436337 9.2413264824134543e-05 -0.00029815506161689077 0.00055591987631092952 -0.001713779340929407 0.00050224056828872862 -0.00022119232665843551 -0.0042277942968406493 0.00064678907912771311 -0.0052083658143822998 -0.00050408961411615202 0.0002482022693608343 -0.0022585150861349711 -0.0070264809108172279 -0.0034655802792855602 8.6786405157628576e-05 -0.002609298541083045 -0.0048024041824615022 0.00038754226193565367 0.0023865833671076388 0.0022889076671171408 0.00076017945486030083 0.00012966573738052732 -0.00084813855175174088 0.0010600939400334998 -7.4319256106432873e-05 0.00036618875646648818 -7.3738015035234374e-05 -0.0027839657769653803 -0.00048442722674353026 -0.0020831543921329683 2.6645194778071218e-05 -0.0029262234217762029 0.00065236910262466308 -0.00063623580060001691 1.711191628560971e-05 -0.0005850809717728437 0.00039380218771152358 -0.0043814919873515594 -0.0076231142462003902 0.0012945377055773766
leaf_weight=5141 8965 64 78 168 21 20 20 293 40 183 291 112 249 1110 21 684 297 20 44 241 900 20 1513 175 141 96 115 1353 28 113 27 254 76 27 25 20 199 25 20 68 43 32 244 1043 47 328 231 997 2643 54 181 21 21103 26 123 102 92633 869 440 24 38 46
leaf_count=5141 8965 64 78 168 21 20 20 293 40 183 291 112 249 1110 21 684 297 20 44 241 900 20 1513 175 141 96 115 1353 28 113 27 254 76 27 25 20 199 25 20 68 43 32 244 1043 47 328 231 997 2643 54 181 21 21103 26 123 102 92633 869 440 24 38 46
internal_value=-1.20112e-07 -2.24376e-05 -9.91426e-05 -0.000455994 -0.000678156 -0.00124492 -0.00102142 -0.00138769 0.000805219 -7.0401e-05 -0.00010453 -0.00015617 -9.38013e-05 -0.000451435 -0.000529044 -0.000823211 -9.68379e-06 0.000109938 2.41945e-06 -2.56e-06 0.000145325 -0.000207979 5.10767e-05 0.00029459 -2.75712e-05 -0.000340462 9.05765e-06 -5.28459e-06 -0.000478639 -0.000757842 -0.000497549 -0.000975581 0.000183292 1.91441e-05 -0.0018756 -0.000476274 0.000462375 -0.000220192 7.84971e-05 -0.00073935 0.000701686 0.000880208 0.000197556 6.45253e-05 0.000982376 0.000807437 4.09127e-06 2.46729e-05 -0.000149694 -0.000569658 -0.00103506 9.30041e-06 1.14891e-05 0 -0.000243041 4.59661e-05 8.82421e-06 -6.46403e-05 -0.000473882 -0.000869768 -0.00311153 -0.000583677
internal_weight=144525 41510 12129 891 723 394 373 313 60 11238 9723 7855 6741 1359 1114 705 409 1868 1577 5382 1515 440 1557 1075 420 279 29381 27120 537 422 394 281 2261 1435 121 96 826 209 184 88 617 96 1314 1070 418 375 26583 23474 3109 466 235 22477 22456 329 251 225 103015 10382 1417 977 108 70
internal_count=144525 41510 12129 891 723 394 373 313 60 11238 9723 7855 6741 1359 1114 705 409 1868 1577 5382 1515 440 1557 1075 420 279 29381 27120 537 422 394 281 2261 1435 121 96 826 209 184 88 617 96 1314 1070 418 375 26583 23474 3109 466 235 22477 22456 329 251 225 103015 10382 1417 977 108 70
is_linear=0
shrinkage=0.05


Tree=130
num_leaves=63
num_cat=0
split_feature=19 14 21 22 25 13 13 20 0 25 0 0 0 0 22 12 0 13 0 0 0 15 23 0 0 0 0 0 0 13 0 0 13 22 25 22 13 15 14 3 0 19 22 2 15 15 13 19 15 13 0 21 25 15 19 21 13 10 13 13 0 24
split_gain=0.0111917 0.0264368 0.0224756 0.0197288 0.0368161 0.026633 0.0710553 0.0816635 0.0436709 0.0292674 0.0246946 0.0400554 0.0652312 0.0564822 0.0472128 0.0318642 0.0387937 0.026305 0.0246094 0.0231528 0.124231 0.0264598 0.0714252 0.0893141 0.0278232 0.0223666 0.022331 0.0544499 0.0376718 0.0338903 0.0215675 0.1051 0.131688 0.059079 0.0461284 0.0518714 0.0453454 0.0203293 0.0191337 0.0596073 0.0191137 0.0227262 0.0182082 0.0191296 0.0405571 0.0978612 0.0160573 0.0160323 0.0147404 0.0145299 0.013964 0.0133608 0.0232035 0.0238899 0.0210508 0.0285503 0.015959 0.0133203 0.0125278 0.012472 0.0109997 0.0106327
threshold=952.50000000000011 586.29548647699346 131.25000000000003 463.83332824707037 386.29345703125006 326.68300764977664 259.92204015330725 63.785715103149421 897.50000000000011 406.86978149414068 1162.5000000000002 526.50000000000011 326.50000000000006 320.50000000000006 1365.0333251953127 1473.5000000000002 1092.5000000000002 931.25999214642854 312.50000000000006 848.50000000000011 1089.5000000000002 7.5000000000000009 409.30966186523443 317.50000000000006 312.50000000000006 317.50000000000006 848.50000000000011 1109.5000000000002 1121.5000000000002 550.63515248226963 600.50000000000011 575.50000000000011 0.26734392189218931 93.350002288818374 118.01475524902345 141.91666412353518 74.884008507691561 2.5000000000000004 486.16075300611084 3.5000000000000004 1165.5000000000002 606.50000000000011 350.96665954589849 11.500000000000002 819.50000000000011 515.50000000000011 1313.683155277834 3.5000000000000004 11.500000000000002 593.01489036182454 326.50000000000006 312.17857360839849 222.21708679199222 65.500000000000014 293.50000000000006 143.82143402099612 440.84422146753121 0.93301270189221952 470.52577774887698 673.12306270159718 1328.5000000000002 493.94056701660162
decision_type=2 2 2 2 2 2 2 2 2 2 2 2 2 2 2 2 2 2 2 2 2 2 2 2 2 2 2 2 2 2 2 2 2 2 2 2 2 2 2 2 2 2 2 2 2 2 2 2 2 2 2 2 2 2 2 2 2 2 2 2 2 2
left_child=3 2 -2 5 26 6 9 -8 -9 30 11 12 13 18 -15 47 17 -17 -6 21 -21 22 49 -24 38 -26 29 -28 -29 -5 31 33 -33 -1 35 -32 -36 -25 -23 -40 41 -10 -3 61 45 48 -14 -13 -45 -7 -27 54 56 -54 55 -22 -53 -18 -30 -49 -60 -44
right_child=1 42 -4 4 10 19 7 8 40 -11 -12 15 46 14 -16 16 57 -19 -20 20 51 24 23 37 25 50 27 28 58 -31 34 32 -34 -35 36 -37 -38 -39 39 -41 -42 -43 43 44 -46 -47 -48 59 -50 -51 -52 52 53 -55 -56 -57 -58 -59 60 -61 -62 -63
leaf_value=7.1401922428697032e-06 -0.0011974680110921074 0.00077464789506296499 0.00044319533424145695 0.00038378140768127733 -0.00011055310977726688 0.00031026457291370013 -0.0035862523302510004 0.00014739122902692652 -0.00060289908460375722 -0.0013672261094168909 0.00027902137178650166 -0.0009103518793187259 0.00039282208030017778 -0.00050566674342506152 -0.0025612164408619865 -0.00034714116925536171 -0.0010183438295727173 0.00030310049697214572 0.00066052934865312349 -0.0024357691798026541 -0.0018132975329334185 0.00016835528253491652 -0.0035557716822856586 -0.0012231560339223436 0.0011317353268137235 -4.4455194355836465e-05 -0.0010058226920644097 0.0011424128775022102 -0.00058747620037308138 -0.00042535452562725138 9.6798779002855671e-06 0.00041588157854819329 -0.00059988301608022662 -0.00020027819805312731 -0.00043909283712154551 -0.00045880542858983404 0.00019055400501350353 0.00063787975177839642 -0.0028633520576205555 6.6891923404438207e-05 -8.0416846834151776e-05 -0.0021461460648230491 -0.00014120849817976806 -0.0013066434204712771 4.5382193710470511e-06 -0.0034135554284082438 -0.00025196553595778601 0 0.00023673116286079246 -0.00077462107548054973 0.0004615933866051517 0.00042584284684455499 -0.00048275133634105685 0.00015718901481044889 0.00043260215981448752 3.4426147565990527e-05 -0.00088546284606901774 9.7518045481700448e-05 -0.0002029741154483701 0.00081420183883028959 0.00068070956553501177 8.9020559251734195e-05
leaf_weight=39691 20 80 598 242 332 316 20 313 552 39 596 21 1006 371 32 767 244 187 146 51 22 693 31 26 122 141 308 48 233 275 77613 397 1531 3755 298 595 5225 31 22 67 193 28 595 20 242 33 97 62 58 32 861 23 177 797 477 322 121 21 311 109 38 2851
leaf_count=39691 20 80 598 242 332 316 20 313 552 39 596 21 1006 371 32 767 244 187 146 51 22 693 31 26 122 141 308 48 233 275 77613 397 1531 3755 298 595 5225 31 22 67 193 28 595 20 242 33 97 62 58 32 861 23 177 797 477 322 121 21 311 109 38 2851
internal_value=-1.25022e-07 7.74786e-05 0.000381825 -2.65302e-06 -9.59595e-05 1.08563e-06 -2.93333e-06 -0.000401981 -0.00033841 4.45742e-07 -1.6138e-05 -6.94333e-05 7.34202e-05 -0.000244103 -0.000681885 -0.000273833 -0.000370029 -0.000214424 0.000114597 0.000123075 0 0.000229633 -0.000113418 -0.0013924 0.000310732 0.000470946 -0.000311454 -0.000457408 -0.000181242 -3.69398e-05 8.98675e-07 -2.68214e-05 -0.00038812 -1.06721e-05 1.598e-05 6.05117e-06 0.000155668 -0.000124104 7.40256e-05 -0.000603722 -0.00054158 -0.000686377 2.76928e-05 1.06272e-05 -0.000338146 -0.0011296 0.000331568 0.000310753 -9.61518e-05 0.000195947 0.000385396 6.17899e-05 -4.70374e-05 3.57254e-05 0.000216063 -6.97042e-05 -0.00064117 -0.000911053 -0.000299177 0.000490381 -9.22664e-05 4.78144e-05
internal_weight=144525 4497 618 140028 5446 134582 130250 1106 1086 129144 3991 3395 1984 881 403 1411 1219 954 478 4332 1990 2342 436 88 1906 1124 1455 938 630 517 129105 45374 1928 43446 83731 78208 5523 57 782 89 773 580 3879 3799 353 111 1103 192 78 348 1002 1939 1118 974 821 344 144 265 582 171 349 3446
internal_count=144525 4497 618 140028 5446 134582 130250 1106 1086 129144 3991 3395 1984 881 403 1411 1219 954 478 4332 1990 2342 436 88 1906 1124 1455 938 630 517 129105 45374 1928 43446 83731 78208 5523 57 782 89 773 580 3879 3799 353 111 1103 192 78 348 1002 1939 1118 974 821 344 144 265 582 171 349 3446
is_linear=0
shrinkage=0.05


Tree=131
num_leaves=63
num_cat=0
split_feature=3 24 12 12 2 22 13 16 15 2 22 24 13 23 2 16 16 14 13 21 14 22 2 15 12 12 13 14 13 13 18 2 17 13 12 24 12 21 22 25 23 21 12 22 14 13 23 16 17 21 12 14 21 15 12 18 12 12 12 12 2 22
split_gain=0.0107937 0.028274 0.085879 0.18138 0.202232 0.228726 0.401594 0.115565 0.0992719 0.108797 0.337767 0.260563 0.21612 0.113613 0.107637 0.0971922 0.0930523 0.0746081 0.0681077 0.058768 0.0519072 0.143122 0.0436784 0.0489685 0.0416465 0.072917 0.285618 0.0658918 0.0955505 0.0638131 0.0419061 0.0344997 0.0333665 0.136634 0.0330813 0.032621 0.0786886 0.114813 0.164677 0.0571058 0.0493378 0.0377292 0.12264 0.0993312 0.0371231 0.0324332 0.0299028 0.0510038 0.0375473 0.0266624 0.0262721 0.0861168 0.0251497 0.0243099 0.0872897 0.118124 0.0716909 0.0449891 0.102523 0.0725656 0.0236963 0.0235631
threshold=3.5000000000000004 4.7866570949554452 1439.5000000000002 1449.5000000000002 4.5000000000000009 0.18333333730697635 0.18099133901908396 1.5000000000000002 5.5000000000000009 1.5000000000000002 3.5499999523162846 2.432043313980103 0.81271878464252822 4.9183790683746347 3.5000000000000004 3.5000000000000004 1.0000000180025095e-35 1.167543859649123 1.6516549709974446 2.3214286565780644 2.9639610389610396 2.0833332538604741 4.5000000000000009 4.5000000000000009 1432.5000000000002 1431.0000000000002 0.51166980934422812 0.66838487972508598 1.5068359635771318 0.12882395757512741 1.0000000180025095e-35 3.5000000000000004 52.500000000000007 6.7943237664154559 1433.5000000000002 5.3362226486206064 1450.5000000000002 3.1071428060531621 2.8499999046325688 6.7810163497924814 10.626785755157472 4.8214285373687753 1468.5000000000002 3.4500000476837163 7.9075498575498591 3.2609225874867449 29.925702095031742 51.500000000000007 103.50000000000001 2.7500000000000004 1470.5000000000002 2.7486842105263163 4.2500000000000009 1.5000000000000002 1331.5000000000002 3.5000000000000004 1324.0000000000002 1346.5000000000002 1387.5000000000002 1340.5000000000002 3.5000000000000004 3.0499999523162846
decision_type=2 2 2 2 2 2 2 2 2 2 2 2 2 2 2 2 2 2 2 2 2 2 2 2 2 2 2 2 2 2 2 2 2 2 2 2 2 2 2 2 2 2 2 2 2 2 2 2 2 2 2 2 2 2 2 2 2 2 2 2 2 2
left_child=-1 2 24 4 16 -6 -7 -8 9 10 12 -12 -5 15 49 -11 18 -15 -4 34 21 -16 23 32 25 53 -27 29 -29 -26 -28 46 50 -34 -3 36 -24 61 -39 40 44 42 -41 -43 -37 -33 47 -25 -48 -10 -21 -52 -51 57 56 -56 -55 59 -59 -2 -35 -38
right_child=1 19 3 8 5 6 7 -9 14 13 11 -13 -14 17 20 -17 -18 -19 -20 22 -22 -23 35 31 27 26 30 28 -30 -31 -32 45 33 60 -36 39 37 38 -40 41 -42 43 -44 -45 -46 -47 48 -49 -50 52 51 -53 -54 54 55 -57 -58 58 -60 -61 -62 -63
leaf_value=-1.2084850417624719e-05 2.4097706544920311e-05 5.7625412226561139e-05 0.0025525319801808213 -0.002531057005677398 0.0018682361365000969 -0.008963091912605952 -0.0010640625543204254 -0.0040658076489324879 0.0021866339973574287 5.2948550929956958e-05 -0.0012893951303442515 -0.0093898747908646493 0.00022947943818128855 -0.0035642387420867457 0.00088267309308191614 -0.00068515154381021946 -0.0018427768907925098 -0.00082676146012113777 -0.00011484706815654317 0.00019218658181193018 0.00074843091171855527 -0.0017813370039841934 0.00022998892889751932 -0.00010109544168899908 -0.00071717288730473356 -0.0058418655389798554 0.0011644497663267522 -0.0025734205685340322 0.0004758934706958198 0.0018956492443423464 -0.0011488978113708989 -0.0017169772692839065 -0.0034771313966215447 0.00017810505487888769 0.00098716455415561832 0.00030536661829800086 0.0011100540191564465 -0.0054201508171318729 -0.0010347195147742507 0 -0.0014908064199638741 -0.0020366805527334453 -0.001489305325835895 -6.5975679347707764e-07 0.0014355474780399799 0.00022803727889619013 0.00018265636007568726 -0.00097793737449982125 -9.6657829927812989e-05 -0.00021068110143528974 0.0032695327673774944 0.00039307799250259907 0.0019382354264893523 5.6898481227424659e-06 0.00082406090049357093 -0.00086481281785668208 -0.0025365917631872395 -0.00069444409151152623 -7.9420671107482326e-06 0.0014338797529154215 -0.00037616112337473997 -0.00056452674151416299
leaf_weight=82046 12966 172 44 95 28 24 119 48 96 2946 23 20 269 32 96 524 36 157 45 3666 154 103 203 2179 26 26 46 31 146 117 33 21 28 867 256 1130 44 29 99 552 35 60 184 20147 81 2065 2469 182 2324 29 27 1354 21 1865 722 118 28 733 2166 92 245 36
leaf_count=82046 12966 172 44 95 28 24 119 48 96 2946 23 20 269 32 96 524 36 157 45 3666 154 103 203 2179 26 26 46 31 146 117 33 21 28 867 256 1130 44 29 99 552 35 60 184 20147 81 2065 2469 182 2324 29 27 1354 21 1865 722 118 28 733 2166 92 245 36
internal_value=-1.26586e-07 1.54967e-05 -2.69314e-05 -0.000213564 -0.00132213 -0.00224011 -0.00286921 -0.00195868 -0.000128904 -0.000211472 -0.000988632 -0.00518611 -0.000477755 -0.000123635 0.000533768 -5.70866e-05 0.000246705 -0.00131833 0.00114913 4.21328e-05 4.67353e-05 -0.000471276 3.5435e-05 0.00010032 2.07377e-05 1.08351e-05 -0.00130181 0.000586557 -3.10861e-05 0.00138548 0.000134673 2.68034e-05 0.000209303 -3.11109e-05 0.000625392 -8.63497e-06 -0.000449969 -0.0011374 -0.00207078 -2.32945e-07 0.000328377 -2.00237e-05 -0.000371774 -6.96274e-06 0.000385202 0.000205978 -2.47446e-05 -0.000170844 4.61819e-05 0.00167626 0.000264597 0.000453169 0.000594131 1.8484e-05 0.000156326 0.000580788 -2.94047e-05 -4.81207e-06 -0.000183264 3.44241e-05 5.14682e-05 0.000294307
internal_weight=144525 62479 24024 4909 344 219 191 167 4565 4066 407 43 364 3659 499 3470 125 189 89 38455 353 199 38027 15427 19115 18795 105 320 177 143 79 9240 6187 1140 428 22600 411 208 128 22189 1246 20943 736 20207 1211 2086 7154 2361 4793 146 5047 1381 50 18690 2733 840 1893 15957 2899 13058 1112 80
internal_count=144525 62479 24024 4909 344 219 191 167 4565 4066 407 43 364 3659 499 3470 125 189 89 38455 353 199 38027 15427 19115 18795 105 320 177 143 79 9240 6187 1140 428 22600 411 208 128 22189 1246 20943 736 20207 1211 2086 7154 2361 4793 146 5047 1381 50 18690 2733 840 1893 15957 2899 13058 1112 80
is_linear=0
shrinkage=0.05


Tree=132
num_leaves=63
num_cat=0
split_feature=0 0 14 5 2 17 18 24 22 24 2 11 0 3 23 2 24 22 16 23 18 0 24 11 15 24 24 11 24 24 23 0 8 20 14 20 21 24 0 0 8 0 0 0 14 15 14 22 22 18 15 14 2 8 15 14 14 18 20 0 18 17
split_gain=0.0112498 0.0555683 0.107818 0.0749553 0.0878411 0.0735318 0.0888275 0.107386 0.220414 0.265802 0.148174 0.0915924 0.05845 0.237414 0.341188 0.131635 0.120882 0.0620176 0.054333 0.25332 0.0533096 0.0518532 0.293493 0.476584 0.0507442 0.0802248 0.162509 0.167407 0.105869 0.102987 0.1581 0.0911244 0.0500722 0.0494149 0.197119 0.0844095 0.0490517 0.0469761 0.0469323 0.193194 0.115853 0.0501473 0.042966 0.108027 0.163817 0.0479825 0.136282 0.0568757 0.170067 0.0790108 0.047511 0.0437113 0.0428108 0.0721961 0.0406806 0.0361443 0.0743828 0.102908 0.0381322 0.0435847 0.0380281 0.100864
threshold=1729.5000000000002 2043.5000000000002 1.0000000180025095e-35 1.0000000180025095e-35 10.500000000000002 1.5000000000000002 1.0000000180025095e-35 0.93907719850540172 0.41666667163372045 1.1459335684776308 3.5000000000000004 -0.68301270189221952 2033.5000000000002 4.5000000000000009 0.98795002698898327 8.5000000000000018 0.82708111405372631 0.38333334028720861 1.0000000180025095e-35 0.98795002698898327 2.5000000000000004 1742.5000000000002 0.55672836303710949 -0.5 6.5000000000000009 2.848269104957581 3.0150711536407475 -0.68301270189221952 2.3020534515380864 1.5154834389686587 1.8961009383201601 2406.5000000000005 0.6078576107927941 1.0000000180025095e-35 1.8342490842490844 0.21428572386503222 1.3928571343421938 0.62228676676750194 1999.5000000000002 1929.5000000000002 1.0000000180025095e-35 1850.5000000000002 1545.5000000000002 1529.5000000000002 0.58380149812734095 2.5000000000000004 0.79469617140850024 0.81666666269302379 0.65000000596046459 1.0000000180025095e-35 23.500000000000004 1.073606811145511 1.5000000000000002 1.0000000180025095e-35 1.5000000000000002 1.1184618188445417 0.87119815668202782 5.5000000000000009 0.5000000149011613 1653.5000000000002 109.50000000000001 22.500000000000004
decision_type=2 2 2 2 2 2 2 2 2 2 2 2 2 2 2 2 2 2 2 2 2 2 2 2 2 2 2 2 2 2 2 2 2 2 2 2 2 2 2 2 2 2 2 2 2 2 2 2 2 2 2 2 2 2 2 2 2 2 2 2 2 2
left_child=42 2 38 12 -5 24 7 10 -9 -10 -7 -11 21 15 16 17 -15 -14 -8 -20 54 22 23 -4 25 28 -27 -28 29 36 -31 -29 -17 34 -23 -35 -3 -24 39 41 -41 52 43 -1 -45 47 -47 48 -46 51 -48 -49 -2 -54 -21 56 -44 58 -58 -60 -57 -62
right_child=1 5 3 4 -6 6 18 8 9 11 -12 -13 13 14 -16 32 -18 -19 19 20 -22 33 37 -25 -26 26 27 31 -30 30 -32 -33 -34 35 -36 -37 -38 -39 -40 40 -42 -43 55 44 45 46 50 49 -50 -51 -52 -53 53 -55 -56 60 57 -59 59 -61 61 -63
leaf_value=7.7358136102106437e-07 0.0007724566039958255 0.00012492991447059064 -0.0071212170062384993 0.0010103383008095701 -0.0017229072624858109 -0.0024258263764876673 0.00092154823208934883 -0.0059223685768641588 -0.0049310353080016583 -0.0017969176100500691 0.0011256857449123163 9.9478576990280003e-05 0 -0.003224928214022572 0.0014751028926686099 -0.00056248981552744766 -0.0081243301529913999 0.0018989822297866906 -0.005121886509149895 0.0006814167620056617 0.0014937296993565543 -0.0002206636258456101 0.0023743690538712107 -0.0001594106094971959 0.0012534285843194028 -0.0051321607207773486 0.0018774334545769615 -0.0043975888150531595 0.0016243006809121834 -0.0019375117953233955 0.00026401306284128421 -0.00057979905695626228 -0.003696497549772105 0.0006282109497343306 -0.0049948218539862879 -5.9500467452194807e-05 0.0016605611273180516 -7.3330053377662312e-06 4.5473035106437969e-05 -0.0018375423980665257 -0.0066087747321182016 0.00034863733654639677 8.7927058455364505e-05 0.00019483582654690988 0 -0.006166789870873597 0 -4.7672726385064362e-05 -0.0058559988065312873 0.00067936887109105689 -0.0029097918554606191 -0.0026126368789297911 -0.00074208106267936399 -0.0037282149431193583 -0.0013415726014720951 0.00028745219230476499 0.00029166175801690676 -0.0042555937747364896 0.00014234648026954729 -0.0015619956289286948 -0.0037799867366603902 0.00038968928259119863
leaf_weight=124581 20 5545 41 252 32 38 159 24 37 87 124 221 128 48 30 34 21 67 24 45 64 1381 22 65 96 21 50 24 115 154 166 56 26 537 22 2594 53 267 73 36 24 81 3156 245 27 21 32 32 22 65 25 47 82 30 51 2878 91 20 51 103 21 41
leaf_count=124581 20 5545 41 252 32 38 159 24 37 87 124 221 128 48 30 34 21 67 24 45 64 1381 22 65 96 21 50 24 115 154 166 56 26 537 22 2594 53 267 73 36 24 81 3156 245 27 21 32 32 22 65 25 47 82 30 51 2878 91 20 51 103 21 41
internal_value=-1.33731e-07 -4.44132e-05 -0.000158026 -0.000103788 0.000684269 4.87934e-05 -0.000379599 -0.000786883 -0.00126033 -0.000919902 0.000260787 -0.000420373 -0.00014711 -0.000769761 -0.00284704 1.79121e-05 -0.00479801 0.000667498 0.000236393 -0.00032869 0.000361809 -0.000101363 -0.000651847 -0.00290348 0.000109215 9.06237e-05 -0.00104393 -0.000341654 0.000119866 8.97597e-05 -0.000780125 -0.00179162 -0.00200765 -5.22887e-05 -0.00029944 5.68688e-05 0.000140391 0.000157437 -0.00101597 -0.00131802 -0.00383705 -0.000583497 4.22966e-06 -2.17689e-06 -0.000724077 -0.00157304 -0.00266685 -0.00110393 -0.00260308 -0.000557658 -0.00128129 -0.00163825 -0.00119317 -0.00158915 -0.000341545 0.000131007 1.8933e-05 -0.00078361 -0.000478162 -0.000965398 0.00025971 -0.000945918
internal_weight=144525 13067 5913 5567 284 7154 874 531 369 345 162 308 5283 354 99 255 69 195 343 184 160 4929 395 106 6280 6184 151 130 6033 5918 320 80 60 4534 1403 3131 5598 289 346 273 60 213 131458 125097 516 271 78 193 49 144 57 79 132 112 96 6361 3421 265 245 154 2940 62
internal_count=144525 13067 5913 5567 284 7154 874 531 369 345 162 308 5283 354 99 255 69 195 343 184 160 4929 395 106 6280 6184 151 130 6033 5918 320 80 60 4534 1403 3131 5598 289 346 273 60 213 131458 125097 516 271 78 193 49 144 57 79 132 112 96 6361 3421 265 245 154 2940 62
is_linear=0
shrinkage=0.05


Tree=133
num_leaves=61
num_cat=0
split_feature=12 21 25 14 23 2 23 3 21 12 21 22 13 14 22 22 2 25 21 14 12 21 24 13 18 22 13 20 12 8 12 14 12 12 24 19 19 0 12 12 12 24 22 25 21 13 2 17 18 18 24 13 8 13 2 19 13 17 25 17
split_gain=0.0103699 0.0420572 0.0565029 0.158539 0.0510545 0.0398277 0.0489199 0.0206048 0.0155848 0.0118733 0.0514713 0.203629 0.0816537 0.0767878 0.111276 0.254099 0.0959394 0.0336526 0.0169321 0.0167646 0.0675601 0.153274 0.164625 0.143852 0.0782657 0.064422 0.0605366 0.193011 0.336722 0.0470171 0.115416 0.17019 0.0741824 0.345395 0.0673924 0.0446843 0.0376398 0.0488677 0.0445082 0.094389 0.0713871 0.0356936 0.0324703 0.0316646 0.028998 0.0235239 0.0116378 0.00994652 0.00982 0.0118172 0.00792661 0.0142084 0.00845041 0.0067167 0.0249909 0.004522 0.00394711 0.00378581 0.00162286 0.000614343
threshold=2169.0000000000005 0.39285714924335485 1.1609040498733523 0.47478813559322036 1.7524306774139407 11.500000000000002 2.154721856117249 2.5000000000000004 2.6785713434219365 1472.5000000000002 0.17857143282890323 0.21666666865348819 0.25744865253793831 0.38814749780509222 0.35000000894069677 0.48333333432674414 5.5000000000000009 406.86978149414068 698.82141113281261 3.4326341266639777 1470.5000000000002 0.39285714924335485 0.6483249068260194 4.2266975801621216 1.0000000180025095e-35 5.4500000476837167 3.6713909297959733 9.6428570747375506 1432.5000000000002 -0.8783796973249266 1471.5000000000002 3.8161430119176605 1441.5000000000002 1439.5000000000002 4.6563200950622567 6.5000000000000009 6.5000000000000009 49.500000000000007 1439.5000000000002 1447.5000000000002 1432.5000000000002 4.2325918674469003 5.616666555404664 6.7810163497924814 1.7500000000000002 0.85582108717363403 4.5000000000000009 1.0000000180025095e-35 5.5000000000000009 3.5000000000000004 440.00669860839849 673.12306270159718 1.0000000180025095e-35 634.82196237781329 11.500000000000002 415.50000000000006 634.82196237781329 15.500000000000002 483.34988403320318 401.50000000000006
decision_type=2 2 2 2 2 2 2 2 2 2 2 2 2 2 2 2 2 2 2 2 2 2 2 2 2 2 2 2 2 2 2 2 2 2 2 2 2 2 2 2 2 2 2 2 2 2 2 2 2 2 2 2 2 2 2 2 2 2 2 2
left_child=9 -2 7 -4 47 6 -6 -3 -8 17 46 -12 -13 16 -15 -16 -14 19 48 20 36 24 -23 -24 -22 29 27 43 -29 30 34 -32 33 -31 -21 -34 38 -38 40 -40 -1 42 -28 -27 -43 -39 -11 -5 49 59 51 56 -53 57 -55 -20 -50 -52 -57 -19
right_child=1 2 3 4 5 -7 8 -9 -10 10 11 12 13 14 15 -17 -18 18 55 25 21 22 23 -25 -26 26 41 28 -30 32 31 -33 35 -35 -36 -37 37 45 39 -41 -42 44 -44 -45 -46 -47 -48 -49 50 -51 53 52 -54 54 -56 58 -58 -59 -60 -61
leaf_value=-2.8109331130037348e-06 -0.0017825527653809157 0.0031076903644449267 -0.0036232061784043619 0.0023359321001039978 -0.002020938404423384 -0.0015413782654788311 0.0013002210771998219 0.00074953087323819192 0.00029843740731297797 0.00052783272104032 -0.004725117997560666 0.0025735274287547135 0.0003069172284348094 -0.0032308578133803008 0.0035692451588141823 -2.9902890378733676e-05 -0.0040854309389360558 0.00023333797535847749 0.00014672569569696494 -0.00051701566288576799 0.00026910715669239922 -0.0041473058179218904 -0.00024450688226134815 -0.00248479818720742 0.0042905326057002839 -0.0014374657888759545 -0.00132735684369873 0 -0.0085624358028321707 7.5334802625320381e-05 -0.0051881327146038802 -0.00011759383900172374 0.00046790083668977762 -0.0045108563320892655 0.00032684396545734954 5.9746814931758475e-05 -0.0017310963239540627 0.0008663495405107762 -0.00088782777362635611 -8.2461358810367359e-05 0.00047978688137420621 -0.001851526663413269 0.00036435844776091191 0.00040663379006517441 2.2969624177522132e-06 0.00019329409269367955 0.0026445347802510474 0.00065120486876522887 0.0003766578781386438 -0.0010043870707013838 0 0.0014707876352954166 0.00034275926830632913 0.000108669510085069 -0.0016203611769644922 0.0015394030728229629 -6.3311203678686483e-05 0.0004860804496653243 0.00073147177108337188 0
leaf_weight=45767 24 23 26 36 20 31 53 28 246 20 23 30 20 27 49 30371 26 37 38 373 29 30 1193 77 25 29 28 28 20 1622 27 48 2668 42 645 935 31 147 383 8029 779 21 931 115 46771 1690 21 25 109 34 59 51 46 199 23 27 65 134 89 32
leaf_count=45767 24 23 26 36 20 31 53 28 246 20 23 30 20 27 49 30371 26 37 38 373 29 30 1193 77 25 29 28 28 20 1622 27 48 2668 42 645 935 31 147 383 8029 779 21 931 115 46771 1690 21 25 109 34 59 51 46 199 23 27 65 134 89 32
internal_value=-1.37041e-07 0.000224421 0.000333714 0.000137351 0.000388231 0.000139759 0.00031923 0.00191486 0.000493103 -9.70273e-07 -2.8647e-05 -3.11869e-05 -2.74706e-05 -3.02019e-05 -2.69481e-05 -2.39294e-05 -0.00207073 6.4491e-06 0.00030395 3.91029e-06 -1.46852e-05 -0.000363791 -0.00047545 -0.000384457 0.00222779 2.39254e-05 3.9831e-06 -0.000881611 -0.00362434 0.000173466 -0.000121952 -0.00201404 0.000235722 -3.76819e-05 1.27183e-05 0.000363375 -6.27835e-06 0.000214276 -1.38663e-05 -0.000119734 5.15948e-06 7.6505e-06 0.000309619 0 1.35417e-06 0.000249919 0.00173745 0.0017295 0.000201715 -0.000227603 0.000273487 0.000490337 0.000988244 0.000119751 -4.86008e-05 0.000794823 0.000183641 0.000339218 0.000963755 8.37016e-05
internal_weight=144525 512 488 437 411 350 319 51 299 144013 30587 30546 30523 30493 30447 30420 46 113426 943 112483 58180 1354 1300 1270 54 54303 47943 192 48 6360 1093 75 5267 1664 1018 3603 56826 1868 54958 8412 46546 47751 959 144 46792 1837 41 61 789 103 686 271 97 415 222 154 174 193 116 69
internal_count=144525 512 488 437 411 350 319 51 299 144013 30587 30546 30523 30493 30447 30420 46 113426 943 112483 58180 1354 1300 1270 54 54303 47943 192 48 6360 1093 75 5267 1664 1018 3603 56826 1868 54958 8412 46546 47751 959 144 46792 1837 41 61 789 103 686 271 97 415 222 154 174 193 116 69
is_linear=0
shrinkage=0.05


Tree=134
num_leaves=63
num_cat=0
split_feature=19 22 25 16 0 0 12 0 16 0 2 0 14 19 22 0 0 0 21 14 14 0 25 0 12 2 14 8 25 14 19 12 0 24 0 0 14 25 15 14 0 0 25 0 0 19 22 16 14 22 16 20 3 16 0 11 19 2 15 14 15 0
split_gain=0.0102416 0.0182066 0.037896 0.0859986 0.0375682 0.0650545 0.0532083 0.0341164 0.0443942 0.0393701 0.0390886 0.0240782 0.0205409 0.0201214 0.0267898 0.0304717 0.0729825 0.0388937 0.0245925 0.0181767 0.0170556 0.0168222 0.0197491 0.0161499 0.0155308 0.0149019 0.0211676 0.0265456 0.0153689 0.0148377 0.0159509 0.0142446 0.0121845 0.0105265 0.0100317 0.0219567 0.0108583 0.00961876 0.00944847 0.00940054 0.00988904 0.0198302 0.0172149 0.0202121 0.00937607 0.00889733 0.00996279 0.0102446 0.00865862 0.00658186 0.00622154 0.00598285 0.00587927 0.00580874 0.00559847 0.00411939 0.0033676 0.00326888 0.00453261 0.00287001 0.00238874 0.0024387
threshold=1200.5000000000002 667.10000610351574 483.34988403320318 1686.5000000000002 1162.5000000000002 1092.5000000000002 1473.5000000000002 326.50000000000006 13.500000000000002 526.50000000000011 6.5000000000000009 433.50000000000006 1017.6188446969699 835.50000000000011 440.58334350585943 848.50000000000011 1109.5000000000002 326.50000000000006 135.10713958740237 377.36259090140373 486.16075300611084 320.50000000000006 819.34249877929699 312.50000000000006 1471.5000000000002 10.500000000000002 453.24780701754395 0.6078576107927941 544.74508666992199 1205.0402576489535 1153.5000000000002 1473.5000000000002 1121.5000000000002 622.23400878906261 1127.5000000000002 1089.5000000000002 2669.8561251228307 368.40257263183599 226.50000000000003 1205.0402576489535 326.50000000000006 526.50000000000011 1015.3329162597657 320.50000000000006 515.50000000000011 2518.5000000000005 667.10000610351574 800.50000000000011 1096.74846390169 1258.2833251953127 3.5000000000000004 773.35714721679699 3.5000000000000004 12.500000000000002 416.50000000000006 0.6830127018922193 9.5000000000000018 2.5000000000000004 1144.5000000000002 1205.0402576489535 1.0000000180025095e-35 1121.5000000000002
decision_type=2 2 2 2 2 2 2 2 2 2 2 2 2 2 2 2 2 2 2 2 2 2 2 2 2 2 2 2 2 2 2 2 2 2 2 2 2 2 2 2 2 2 2 2 2 2 2 2 2 2 2 2 2 2 2 2 2 2 2 2 2 2
left_child=1 2 3 13 5 7 -7 8 10 11 -3 12 -9 14 19 17 -17 -16 -15 24 -21 23 -23 -10 -1 51 -27 33 -29 30 -11 32 -2 52 35 39 -36 38 -20 40 42 50 43 -33 54 46 -37 59 -6 -43 -42 60 -28 -39 -41 -49 -53 58 -8 -48 -4 -62
right_child=31 4 25 -5 48 6 57 9 21 29 -12 -13 -14 18 15 16 -18 -19 37 20 -22 22 -24 -25 -26 26 27 28 -30 -31 -32 34 -34 -35 36 45 -38 53 -40 44 41 49 -44 -45 -46 -47 47 55 -50 -51 -52 56 -54 -55 -56 -57 -58 -59 -60 -61 61 -63
leaf_value=7.0788085149838153e-06 0.00060413708177500737 -0.0036272184247387318 0 -0.003051814944906668 7.8000060310050518e-05 0.00061904946225889023 -0.00092231364645532245 0.00040138129367599999 -0.00021322310643185849 -0.00025309004164068594 -0.00024593430181339151 0.00049326101676793192 -0.00018410068784324021 -0.00093420213734483361 -0.00026544589489383753 -0.0010544842586086662 -0.00012306338255743196 0.00038358041921043862 0.00049817768425580191 0.00025057666878244026 -3.712226264822284e-05 -0.0002225436604203286 -0.0012839066712850972 0.00074002863048738029 -3.5064154272045722e-05 -0.0013008372912852895 8.85688969190162e-05 0 -0.0016131894399369158 0.00015748780965233247 -0.0014316639563393696 0.0001155500855736752 -0.00020725251912861081 -1.5246369994871508e-05 0.0003796947702384341 0.00016348517749551262 0 0.0011006684511187255 0 -7.0912422643507351e-05 -0.00015635589206130227 -0.00017843293412875022 0.0011137869809423303 -0.00084065995258828365 9.3078502775075444e-05 0.00021589634803095226 -0.0019140719973028129 -0.00062431912982059831 0.00049906989598558205 0.00066153000512728436 0.00047362719279698352 -0.00048349918508021838 0.0010958291805712689 0.00041571933877982938 -0.0004515518968209071 0 0.00023112358360072354 -0.00081285205241845345 -0.0021142303412760841 -0.00060341892125531692 0.00058001388211476556 3.3895944791565031e-05
leaf_weight=103962 220 20 32 23 325 60 60 230 301 813 21 463 425 39 493 280 912 431 150 1380 778 132 79 51 27667 28 33 29 26 204 32 120 48 42 422 22 305 54 311 314 30 249 24 92 470 26 28 70 236 24 487 20 69 211 172 24 70 326 24 22 472 42
leaf_count=103962 220 20 32 23 325 60 60 230 301 813 21 463 425 39 493 280 912 431 150 1380 778 132 79 51 27667 28 33 29 26 204 32 120 48 42 422 22 305 54 311 314 30 249 24 92 470 26 28 70 236 24 487 20 69 211 172 24 70 326 24 22 472 42
internal_value=-1.20616e-07 -2.1481e-06 7.9916e-07 -1.24981e-06 -0.00011009 -0.00017641 -0.000721655 -8.21018e-05 -0.000414563 8.27149e-06 -0.00202181 0.000216909 1.38859e-05 -6.97606e-07 -2.17358e-06 -0.000178695 -0.000346118 3.18906e-05 0.000254942 5.81075e-07 0.000144542 -0.000288299 -0.000644031 -6.07385e-05 -1.74122e-06 0.000331092 0 0.000164213 -0.000731701 -0.000209323 -0.000303803 8.87364e-05 0.000440141 0.000541371 5.45354e-05 0 0.000215311 0.000325828 0.000171934 5.02287e-05 0.000156698 0.000243631 -0.000113109 -0.000276036 -5.88113e-05 -0.000509622 -0.000653421 -0.000812951 0.000264103 -8.60665e-05 0.000427379 0.000455312 0.000819328 0.000574517 -0.000215975 -0.000425349 1.64643e-05 -0.000930151 -0.00132442 -0.00143954 0.000518477 0.00054513
internal_weight=144525 141356 137554 136691 3802 3241 470 2771 604 2167 41 1118 655 136668 135903 2116 1192 924 765 133787 2158 563 211 352 131629 863 227 199 55 1049 845 3169 268 144 2901 2174 727 726 461 1982 1026 790 236 212 956 192 166 144 561 273 517 636 102 265 486 94 90 410 84 50 546 514
internal_count=144525 141356 137554 136691 3802 3241 470 2771 604 2167 41 1118 655 136668 135903 2116 1192 924 765 133787 2158 563 211 352 131629 863 227 199 55 1049 845 3169 268 144 2901 2174 727 726 461 1982 1026 790 236 212 956 192 166 144 561 273 517 636 102 265 486 94 90 410 84 50 546 514
is_linear=0
shrinkage=0.05


Tree=135
num_leaves=63
num_cat=0
split_feature=0 0 25 22 13 9 14 24 22 14 2 2 0 9 0 13 3 25 25 22 22 8 13 13 24 21 0 17 22 3 25 3 14 14 11 13 8 8 25 24 14 21 24 16 22 2 24 19 2 13 13 14 14 24 24 14 24 11 25 21 14 0
split_gain=0.0101696 0.0506576 0.11831 0.172365 0.231171 0.453219 0.40787 0.133568 0.123551 0.190493 0.251973 0.0821543 0.156937 0.174813 0.091753 0.155074 0.0745901 0.168822 0.511829 0.110915 0.093629 0.0710567 0.0698077 0.0996704 0.162956 0.0672285 0.142124 0.280039 0.588762 0.321419 0.0768801 0.176766 0.0969472 0.173966 0.156959 0.0719437 0.0644052 0.05951 0.0582807 0.23381 0.30211 0.057753 0.0857001 0.119456 0.344552 0.161192 0.0893074 0.0674647 0.057661 0.0540238 0.0585671 0.0539274 0.108304 0.0530266 0.341639 0.050605 0.0468189 0.0690771 0.0467806 0.0415208 0.0403362 0.0446065
threshold=1729.5000000000002 2043.5000000000002 0.67678761482238781 0.18333333730697635 0.18852473582613063 -0.56174490092936669 0.25308830257739828 0.52669849991798412 0.21666666865348819 0.12637628554143984 8.5000000000000018 4.5000000000000009 1742.5000000000002 1.0000000180025095e-35 1921.5000000000002 0.022807495572261926 4.5000000000000009 0.93618154525756847 0.88441157341003429 0.41666667163372045 0.81666666269302379 0.87837969732492682 0.18099133901908396 0.1651269468743333 0.81360203027725231 0.39285714924335485 2158.5000000000005 1.0000000180025095e-35 0.48333333432674414 1.0000000180025095e-35 1.8315559029579165 4.5000000000000009 0.23164313222079594 0.21118935837245698 -0.24999999999999994 0.29348965454379733 0.87837969732492682 0.6078576107927941 2.1990070343017583 2.848269104957581 1.9453300124533004 4.2500000000000009 2.758104801177979 3.5000000000000004 2.216666698455811 5.5000000000000009 2.3020534515380864 4.5000000000000009 2.5000000000000004 0.22559557572319913 0.14959539337361225 0.1398924731182796 0.12637628554143984 1.1459335684776308 1.2055270075798037 0.079156223893066008 1.3837753534317019 0.6830127018922193 0.67678761482238781 0.39285714924335485 0.30368444846292952 1850.5000000000002
decision_type=2 2 2 2 2 2 2 2 2 2 2 2 2 2 2 2 2 2 2 2 2 2 2 2 2 2 2 2 2 2 2 2 2 2 2 2 2 2 2 2 2 2 2 2 2 2 2 2 2 2 2 2 2 2 2 2 2 2 2 2 2 2
left_child=-1 2 3 11 8 6 -6 -7 9 10 -5 51 13 -13 37 -16 20 18 19 48 22 -10 23 36 -25 30 27 29 -29 -27 32 -32 33 49 -35 -30 -4 -14 -19 40 -40 42 46 45 -45 -44 47 -28 -18 50 -3 52 55 58 -55 -2 -24 -58 -31 -9 -53 -62
right_child=1 25 16 4 5 7 -8 59 21 -11 -12 12 14 -15 15 -17 17 38 -20 -21 -22 -23 56 24 -26 26 41 28 35 53 31 -33 -34 34 -36 -37 -38 -39 39 -41 -42 -43 43 44 -46 -47 -48 -49 -50 -51 -52 60 -54 54 -56 -57 57 -59 -60 -61 61 -63
leaf_value=4.0298696169070859e-06 -0.00015808947470873449 0.00012842349002660237 0.00089683850160294533 -0.0049150435279331391 -0.011958684415917324 -0.0032747321838081239 -0.003015557043052711 0.0013276084545401779 0.0010745559111733523 0.0010453354096158435 0.00098586368825114078 -0.0061672296257693302 -0.00025794857598690165 -0.00036287128601906001 -0.0029499840024468055 -0.00047084936245883147 -0.0017485847680312784 0.00054843481063595342 -0.0072180499418644118 -0.0029510784344508501 -4.8376316981035277e-05 -0.0018930403046255519 0.0010722241476547622 0.00067120713327957211 -0.0045852587724751004 -0.0046669020804278602 1.172908809064782e-06 -0.0086844614291798523 -0.0025587356570570623 -0.00047349048485443332 0.00080743862462859934 -0.0054028044579856431 0.00093781759612546569 -0.00049644029426063258 -0.0057843701414022099 0.0012371272243257624 -0.0013919183394948216 0.00074326593350763199 -0.0006814492433665076 0.00024596764857838895 -0.0073302487206396705 0.0014347958204998523 -0.0020768423647187424 0.0014037788963772559 -0.005104355443489042 0.00044083734063188671 0.0010343617215425734 -0.0025603953185152277 0.0009271318390324043 -0.0016868825273021405 0.0010633289201352335 0.0012747137227597353 -0.0029259928778956352 -0.0055160087259649576 0.001037031075819589 0.00086396807103809046 0.00084927298877674265 -0.001652174694087542 0.0017892843365269334 -0.0010649323110051082 -0.0020987311784747406 0.0011233831143840124
leaf_weight=131458 473 3927 154 55 21 37 38 46 125 43 25 25 801 31 80 335 25 300 34 33 1371 23 539 27 29 36 1454 34 20 27 24 20 389 42 23 32 37 181 60 311 25 67 88 33 49 223 221 26 91 39 177 155 31 25 94 161 80 42 84 28 21 20
leaf_count=131458 473 3927 154 55 21 37 38 46 125 43 25 25 801 31 80 335 25 300 34 33 1371 23 539 27 29 36 1454 34 20 27 24 20 389 42 23 32 37 181 60 311 25 67 88 33 49 223 221 26 91 39 177 155 31 25 94 161 80 42 84 28 21 20
internal_value=-1.17068e-07 -4.22189e-05 -0.000150706 -0.000390386 -0.00129848 -0.002748 -0.00629816 -0.000812011 -0.000370056 -0.00155174 -0.00300966 -0.000215114 -0.000445389 -0.0030496 -0.000337207 -0.000961396 5.68115e-05 -0.000332252 -0.00168347 -0.000383021 0.000209073 0.000578648 0.000603268 -9.58263e-05 -0.00196509 4.67506e-05 -0.000160551 -0.00109217 -0.0035756 -0.000269429 0.000160078 -0.00190787 0.000181 0.000109829 -0.00245037 -0.00012896 0.000426806 -6.8259e-05 1.60343e-05 -0.000374713 -0.00270205 -6.44412e-06 -5.50123e-05 -0.000721897 -0.00242581 -0.000255927 9.61593e-05 -4.06194e-05 0.000306393 0.000151261 0.000169988 0.000167692 -4.00019e-05 0.00039887 -0.000301152 9.36652e-05 0.000872041 0 0.00119394 0.000354631 0.000897526 -0.000406405
internal_weight=144525 13067 5913 2755 441 170 59 111 271 123 80 2314 1453 56 1397 415 3158 879 183 149 2279 148 908 247 56 7154 2513 352 86 266 4641 44 4597 4208 65 52 191 982 696 396 85 2161 2094 393 82 311 1701 1480 116 4143 4104 861 665 230 119 634 661 122 111 74 196 41
internal_count=144525 13067 5913 2755 441 170 59 111 271 123 80 2314 1453 56 1397 415 3158 879 183 149 2279 148 908 247 56 7154 2513 352 86 266 4641 44 4597 4208 65 52 191 982 696 396 85 2161 2094 393 82 311 1701 1480 116 4143 4104 861 665 230 119 634 661 122 111 74 196 41
is_linear=0
shrinkage=0.05


Tree=136
num_leaves=63
num_cat=0
split_feature=3 0 12 14 13 12 13 12 12 12 2 0 14 0 20 16 25 12 12 25 25 0 24 0 24 19 0 25 12 0 25 24 13 22 22 25 12 25 12 13 19 13 12 3 25 12 12 25 13 24 24 14 3 14 12 0 24 0 25 0 24 2
split_gain=0.0103365 0.0355297 0.045679 0.0322165 0.137198 0.172345 0.0372222 0.0988836 0.225788 0.034417 0.0590348 0.0289089 0.0534197 0.0311634 0.0278676 0.0684639 0.135415 0.218726 0.0697395 0.232514 0.235081 0.0580759 0.138118 0.0975748 0.117996 0.0911633 0.0578786 0.0736745 0.054733 0.0617158 0.0852643 0.159671 0.127735 0.0519472 0.17043 0.208412 0.0538676 0.0949409 0.0506824 0.0397409 0.0394196 0.0387974 0.0682359 0.188529 0.0591898 0.0936749 0.0728006 0.0374023 0.0343743 0.0289536 0.0614423 0.0276769 0.025577 0.0224156 0.0975063 0.248499 0.236742 0.179004 0.68316 0.213973 0.182964 0.170816
threshold=1.5000000000000002 467.50000000000006 2164.0000000000005 0.074271079590228536 0.086988585353341044 737.50000000000011 0.23540501008264933 914.00000000000011 1152.0000000000002 942.00000000000011 5.5000000000000009 426.50000000000006 272.09445621468933 378.50000000000006 0.78571429848670971 1.0000000180025095e-35 0.91412833333015453 1324.0000000000002 1470.5000000000002 1.3571859002113345 6.0665371417999276 1850.5000000000002 1.0324271321296694 2399.5000000000005 2.3835505247116093 1.5000000000000002 2436.5000000000005 0.32543723285198217 1421.5000000000002 1322.5000000000002 0.81825372576713573 0.44731126725673681 0.46198442103383636 8.9499998092651385 9.1500000953674334 14.223200321197512 1449.5000000000002 1.3088974952697756 1448.5000000000002 0.22559557572319913 2.5000000000000004 0.041162458687194085 740.50000000000011 1.0000000180025095e-35 0.62743628025054943 1165.5000000000002 879.50000000000011 26.24662017822266 2.0854774876914521 1.0906690359115603 1.1590536236763003 0.9889499389499391 1.0000000180025095e-35 0.12637628554143984 1206.0000000000002 1794.0000000000002 0.99586963653564464 1729.5000000000002 0.46361231803894049 1371.5000000000002 0.75043764710426342 4.5000000000000009
decision_type=2 2 2 2 2 2 2 2 2 2 2 2 2 2 2 2 2 2 2 2 2 2 2 2 2 2 2 2 2 2 2 2 2 2 2 2 2 2 2 2 2 2 2 2 2 2 2 2 2 2 2 2 2 2 2 2 2 2 2 2 2 2
left_child=1 2 3 9 5 -5 7 -6 -9 -1 -11 13 -13 -8 26 16 17 -16 49 -20 -21 33 -23 24 -24 -25 28 -28 41 30 31 -30 -32 36 35 -35 38 -38 -17 -29 51 42 -3 -44 46 -46 -43 -36 -42 -18 -51 -31 -41 54 -2 56 57 59 61 60 -56 -59
right_child=53 14 -4 4 6 -7 11 8 -10 10 -12 12 -14 -15 15 21 18 -19 19 20 -22 22 23 25 -26 -27 27 39 29 40 32 -33 -34 34 47 -37 37 -39 -40 52 48 44 43 -45 45 -47 -48 -49 -50 50 -52 -53 -54 -55 55 -57 -58 58 -60 -61 -62 -63
leaf_value=8.9023419528406743e-05 -2.0483014704917178e-06 -4.3985389780823808e-05 -0.0018284280860205024 -0.00050447338494005614 9.4776636257805992e-05 -0.0058611899568977487 -8.5064680852109701e-05 -0.0060750179960356128 -0.00072706282609339367 -0.00065104313971426665 0.0020057180711827642 -0.00060381352224859542 0.00043265357574156452 0.00016495267184951526 4.5960475945061482e-07 7.5400644467207996e-05 0.00088208833992663963 -0.0053184969412596204 0.0044721905980662346 -0.0027269717649379497 -0.00034000156681974401 -0.003616458662642093 -0.0017795514088629904 0.0018354916581450609 4.155783024201594e-05 -0.00091443421046861085 -0.0028691260542938954 0.0010001136053807598 -0.0019687909545640279 0.0013522229124155463 0.0025799483893270917 0.00059317849154043615 0.00020959128317890661 -0.0063851128238705855 -0.00018278039635536748 0.00020758356241618882 -0.0024145959037943738 0.00054507558745593742 -0.00193547003197475 0 -0.0020357590535625501 5.4074138043837928e-05 -0.0024628245764756213 0.00055947610129333163 0.00014944507685413723 -0.00041140006637163532 0.00052671068371556594 6.5385444813854571e-05 0.0005383316040874506 -0.001745340914522296 -4.7128900327945274e-05 0.00041268671549867452 -0.0024447489600469712 1.6179559550786892e-05 -0.0010080849133898247 0.00054479823165069048 0.0015443690945410565 0.003059429355367585 -0.0093224900424288791 0.00062131679239327622 -0.0036271679225597497 -0.0023362422557773612
leaf_weight=380 9056 1018 38 50 244 23 8953 23 163 27 66 572 153 1437 42 1225 81 33 23 115 1095 33 147 88 212 43 37 38 119 260 63 120 659 23 1831 22 27 1302 32 22 20 2234 110 93 1903 1217 1308 8765 32 54 4776 138 21 92633 484 415 86 24 31 169 80 37
leaf_count=380 9056 1018 38 50 244 23 8953 23 163 27 66 572 153 1437 42 1225 81 33 23 115 1095 33 147 88 212 43 37 38 119 260 63 120 659 23 1831 22 27 1302 32 22 20 2234 110 93 1903 1217 1308 8765 32 54 4776 138 21 92633 484 415 86 24 31 169 80 37
internal_value=-1.24678e-07 -2.12235e-05 -9.32536e-05 -8.73716e-05 -0.000104164 -0.00226631 -9.00402e-05 -0.000548202 -0.00141815 0.000314463 0.00118082 -7.18609e-05 -0.000378158 -5.00033e-05 8.34178e-06 -2.48988e-05 -0.000162709 -0.00227727 -0.000136046 -0.000472713 -0.000571201 3.70686e-05 -0.000478623 -0.000256403 -0.000690497 0.000894696 7.93975e-05 -0.00101697 9.38661e-05 0.000381093 0.00014847 -0.000661825 0.000423676 5.78407e-05 8.50591e-06 -0.00305784 0.000258904 0.000481008 2.00817e-05 -0.000106769 0.000866623 4.1816e-05 -0.000216077 -0.00105401 8.98352e-05 -6.77241e-05 0.000230032 2.20289e-05 -0.000357741 -5.04934e-05 -6.7186e-05 0.0010392 -0.00120101 8.3286e-06 -6.12391e-05 -0.000461686 -0.00092568 -0.00118938 -0.00328851 -0.000918681 -0.00138903 -0.000129989
internal_weight=144525 41510 12129 12091 11618 73 11545 430 186 473 93 11115 725 10390 29381 19969 6219 75 6144 1233 1210 13750 523 490 359 131 9412 118 9294 1411 961 239 722 13227 10641 45 2586 1329 1257 81 450 7883 1221 203 6662 3120 3542 10596 52 4911 4830 398 43 103015 10382 1326 911 825 92 733 564 61
internal_count=144525 41510 12129 12091 11618 73 11545 430 186 473 93 11115 725 10390 29381 19969 6219 75 6144 1233 1210 13750 523 490 359 131 9412 118 9294 1411 961 239 722 13227 10641 45 2586 1329 1257 81 450 7883 1221 203 6662 3120 3542 10596 52 4911 4830 398 43 103015 10382 1326 911 825 92 733 564 61
is_linear=0
shrinkage=0.05


Tree=137
num_leaves=63
num_cat=0
split_feature=12 13 12 24 9 24 8 10 13 14 24 12 23 24 23 20 14 0 22 14 13 0 23 13 15 23 0 0 22 17 21 22 9 13 8 20 17 23 24 23 23 24 22 17 17 20 22 14 19 23 14 14 13 21 0 17 23 20 13 16 22 12
split_gain=0.0103448 0.0445563 0.520757 0.359422 0.6172 0.133202 0.217889 0.504446 0.215289 0.273297 0.159363 0.148166 0.154447 0.151448 0.135887 0.093142 0.0832557 0.0605788 0.0564229 0.0442288 0.099356 0.121077 0.195987 0.13115 0.115361 0.219489 0.107039 0.168575 0.0954731 0.0848232 0.081955 0.147162 0.0692584 0.0674464 0.147583 0.317828 0.159726 0.0667783 0.276076 0.27639 0.0540471 0.0522702 0.051456 0.0453635 0.114063 0.0484111 0.0436381 0.188859 0.277582 0.117092 0.0448537 0.112361 0.103458 0.0416919 0.0378009 0.0373574 0.0618252 0.0373413 0.0350932 0.0670697 0.0496347 0.0493594
threshold=1463.5000000000002 0.81271878464252822 1464.5000000000002 1.2731301784515383 -0.56174490092936669 1.4638453125953677 -0.8783796973249266 0.25000000000000011 0.7787690201820846 0.69752141982864146 1.3837753534317019 1465.5000000000002 1.6902498006820681 0.6483249068260194 1.184843182563782 1.0000000180025095e-35 0.37011669203450032 302.50000000000006 1.2833333015441897 1.9453300124533004 4.8369573677601476 1214.5000000000002 1.0000000180025095e-35 2.1533812203969971 14.500000000000002 10.174664974212648 1078.5000000000002 1073.5000000000002 6.116666555404664 18.500000000000004 0.10714286193251611 0.71666666865348827 0.81174490092936691 11.309873041697234 -0.8783796973249266 3.2142857313156132 1.0000000180025095e-35 9.1208810806274432 9.1820716857910174 5.0849897861480722 7.8010981082916269 1.9869066476821902 0.35000000894069677 7.5000000000000009 9.5000000000000018 1.928571403026581 6.5166666507720956 4.7399928838285019 4.5000000000000009 36.227128982543952 5.7181985294117661 6.1094820205479463 8.8744369369369398 0.96428570151329052 1699.5000000000002 3.5000000000000004 6.6026687622070321 1.928571403026581 1.9518080787228189 24.500000000000004 1.4833333492279055 1417.5000000000002
decision_type=2 2 2 2 2 2 2 2 2 2 2 2 2 2 2 2 2 2 2 2 2 2 2 2 2 2 2 2 2 2 2 2 2 2 2 2 2 2 2 2 2 2 2 2 2 2 2 2 2 2 2 2 2 2 2 2 2 2 2 2 2 2
left_child=58 2 3 -2 -5 10 7 -7 15 -10 11 13 14 16 -13 -8 -4 -17 -11 30 21 23 -23 32 29 -26 27 -25 33 -24 31 42 41 55 35 -35 -36 38 43 -40 -28 -21 -3 45 -45 -32 47 48 -30 -49 52 -52 -48 -12 -15 -22 -57 -34 59 -1 61 -60
right_child=1 19 5 4 -6 6 8 -9 9 18 53 12 -14 54 -16 17 -18 -19 -20 20 28 22 24 26 25 -27 40 -29 46 -31 37 -33 57 34 36 -37 -38 -39 39 -41 -42 -43 -44 44 -46 -47 50 49 -50 -51 51 -53 -54 -55 -56 56 -58 -59 60 -61 -62 -63
leaf_value=-7.4466026981008658e-06 -0.00020572033663282375 -0.0013976086343586449 -0.0010852972967788379 -0.012453003708443208 -0.0018416834257521859 0.00032567324837619771 -0.0026585946086367996 -0.01004583658604183 -0.0071259942603301239 0.00089268909938547804 0.0033749351449343817 -0.00035315188321667119 -0.0045556862138916012 0.0024724972326853872 0.0012328538270032878 -0.0016788565435375633 0.0022863317877699282 0.00065901004347386971 -0.0025619708724431136 -0.00017740808297057238 0.00052492449847332421 -0.0053961782252569222 -0.00037166868689333433 -0.00024537588596570248 -0.0064171354811932285 0.00028686317988161454 -9.2638621064760536e-05 -0.0017429705945233534 -0.0006154854263865138 -0.0036327298501091544 0.00046305907019828776 -0.0040333703316957036 -0.0029020776837804718 -0.0054500816171379083 -0.00092136212383168406 0.00059663490180144338 0.00094217620395512674 0.0012347262494745383 0 -0.0066943945391967742 0.00092386298100026899 0.00096721981161710302 0.0018420534065685509 -0.0020349992457508021 0.00031214361941764627 4.4524107846868598e-05 0.00038368735248665853 0.00012658339955343967 -0.0075506161051334571 -0.0037859217069153464 -0.0010252108932026884 -8.664342952671394e-06 -0.0013857179891730283 0.0008909340473649696 8.1703421578615035e-05 0.00051623906012783049 -0.00052814436676084124 0 8.4984251091049995e-05 -0.0028278256544702072 5.6391493804297483e-05 0.00095847812774975828
leaf_weight=45168 45 22 82 24 35 26 27 20 25 26 45 938 20 129 157 30 23 259 20 120 1704 23 613 3255 24 22 237 201 47 21 1602 32 20 39 200 46 268 153 30 29 271 439 26 76 154 1265 1329 376 22 20 273 64991 87 38 24 321 252 24 366 21 18032 311
leaf_count=45168 45 22 82 24 35 26 27 20 25 26 45 938 20 129 157 30 23 259 20 120 1704 23 613 3255 24 22 237 201 47 21 1602 32 20 39 200 46 268 153 30 29 271 439 26 76 154 1265 1329 376 22 20 273 64991 87 38 24 321 252 24 366 21 18032 311
internal_value=-1.21883e-07 -1.20648e-05 -0.000245595 -0.00368913 -0.00625652 -5.31776e-05 -0.000825011 -0.00408723 -0.000423381 -0.00291222 0.000172965 4.05652e-05 -0.000205524 0.00112313 -0.000121094 0.000120747 -0.000297704 0.000398533 -0.000503176 -6.08203e-06 -1.41017e-05 -0.000223467 -0.000835565 -0.000128135 -0.000673186 -0.00310875 -0.000233531 -0.00033397 1.59497e-06 -0.000488126 0.000170496 -0.00140176 0.000556347 0.000286132 -0.000203147 -0.00212213 0.000135084 0.00021006 0.000158763 -0.00322096 0.000439863 0.000712573 0.00025344 0.000224866 -0.000442252 0.000280142 -1.03235e-05 -0.000493113 -0.00290677 -5.93007e-05 -6.88103e-06 -1.29947e-05 0.000271353 0.00230029 0.00213043 0.00040716 4.81926e-05 -0.00131216 1.48696e-05 -8.87418e-06 7.24862e-05 0.000493716
internal_weight=144525 80627 1993 104 59 1889 433 46 387 71 1456 1373 1115 258 1095 316 105 289 46 78634 75245 5270 703 4567 680 46 3964 3456 69975 634 3389 80 603 2830 553 85 468 3309 3156 59 508 559 48 3097 230 2867 67145 465 69 396 66680 65264 1416 83 153 2277 573 44 63898 45189 18709 677
internal_count=144525 80627 1993 104 59 1889 433 46 387 71 1456 1373 1115 258 1095 316 105 289 46 78634 75245 5270 703 4567 680 46 3964 3456 69975 634 3389 80 603 2830 553 85 468 3309 3156 59 508 559 48 3097 230 2867 67145 465 69 396 66680 65264 1416 83 153 2277 573 44 63898 45189 18709 677
is_linear=0
shrinkage=0.05


Tree=138
num_leaves=63
num_cat=0
split_feature=12 22 22 14 20 12 8 24 25 21 5 14 14 22 22 8 14 14 24 12 14 21 3 14 23 25 21 14 12 14 8 12 14 20 5 12 12 9 14 25 12 14 21 9 25 12 3 14 12 25 14 22 12 12 8 12 14 14 12 14 21 12
split_gain=0.0100771 0.0856692 0.158909 0.318468 0.349391 0.254361 0.285411 0.148233 0.131307 0.293876 0.109974 0.0887104 0.232344 0.298194 0.100081 0.0646182 0.0608852 0.0576383 0.232763 0.123519 0.122594 0.372264 0.0552439 0.0551089 0.0492356 0.0460717 0.044281 0.0423047 0.0626499 0.0599631 0.0567505 0.0381601 0.0349466 0.029747 0.0287594 0.0846352 0.261818 0.361435 0.487396 0.175711 0.0747872 0.0583523 0.041129 0.028341 0.0282548 0.12518 0.129804 0.175479 0.378599 0.16913 0.22736 0.0967084 0.0750561 0.0654946 0.084271 0.0649391 0.245921 0.261565 0.0667012 0.0479847 0.0235218 0.0382653
threshold=1408.5000000000002 0.15000000596046451 0.21666666865348819 0.45221787345075021 0.21428572386503222 1411.5000000000002 0.87837969732492682 0.6483249068260194 0.62743628025054943 0.32142858207225805 1.0000000180025095e-35 0.10760959470636892 0.11853256021409457 0.31666667759418493 0.41666667163372045 0.87837969732492682 0.16291708796764412 0.16291708796764412 0.81360203027725231 1454.5000000000002 0.22068372803666922 0.32142858207225805 2.5000000000000004 0.014389233954451347 1.1232953071594241 0.62743628025054943 0.10714286193251611 0.47478813559322036 1437.5000000000002 0.17089216944801031 -0.8783796973249266 1447.5000000000002 0.11853256021409457 0.35714286565780645 1.0000000180025095e-35 1193.5000000000002 1152.0000000000002 -0.56174490092936669 0.61209259823332329 1.4029927849769595 787.50000000000011 0.52865353037766838 0.60714286565780651 1.0000000180025095e-35 0.37209869921207434 1346.5000000000002 4.5000000000000009 0.10760959470636892 1387.5000000000002 0.35544712841510778 0.08941897654584223 0.050000002607703216 1327.5000000000002 1361.5000000000002 1.0000000180025095e-35 1196.0000000000002 0.041885964912280707 0.079156223893066008 1283.5000000000002 0.094467108618052034 0.17857143282890323 967.00000000000011
decision_type=2 2 2 2 2 2 2 2 2 2 2 2 2 2 2 2 2 2 2 2 2 2 2 2 2 2 2 2 2 2 2 2 2 2 2 2 2 2 2 2 2 2 2 2 2 2 2 2 2 2 2 2 2 2 2 2 2 2 2 2 2 2
left_child=34 10 3 4 5 -3 7 -7 22 -10 15 14 13 -13 24 23 -11 18 19 -14 21 -19 -6 -2 -4 -22 -17 29 -29 30 -25 -20 -24 -31 44 36 40 42 -39 -37 -36 -41 -38 -30 45 52 49 48 -48 53 -51 -49 55 54 -47 -1 58 -58 -57 -55 61 -46
right_child=1 2 11 -5 8 6 -8 -9 9 16 -12 12 17 -15 -16 26 -18 20 31 -21 25 -23 32 27 -26 -27 -28 28 43 33 -32 -33 -34 -35 35 39 37 38 -40 41 -42 -43 -44 -45 60 46 47 51 -50 50 -52 -53 -54 59 -56 56 57 -59 -60 -61 -62 -63
leaf_value=-8.832991261389799e-06 -0.001939938564127658 0.0023499824773909441 0.0024308942357657271 0.0017896565468083312 0.0023781123098797811 -0.0033078375006166585 -0.0080803617143753882 0.00033538676218080373 -0.0062722570145930037 0.0025230653289014396 -0.0023903831270903442 0 2.0456420718244164e-05 -0.0075877409267090098 -0.0017134603568061985 0.0029405105406232574 -0.0010371888937482695 0.001074473949121838 0.0016163145639932635 -0.0038154054309389243 0.00098278160754950729 -0.002368322238999146 -0.0013524650576760165 0.0021074064810128108 0 -9.2421869635780107e-06 0.00037664628896283268 -0.0022088243867935684 0.0017120209345915195 0.0015264464478653502 0.00014927552504612822 0.0037952572910273531 0.00098751884887197331 -7.6723696725834771e-05 1.7688748988491021e-05 0.0017034817520624338 0.0014018409530416438 -0.00969260796213273 0.00020919070458641988 -0.0018745125304917877 0.0010747492759594021 0.00022071909202857457 -0.0013288947285839876 -0.0004032122077081692 3.417412750871185e-05 -0.0036461536136207229 -0.0099146529995090341 -0.0024383440873774025 -0.00055131179715909955 0.00049187622929071362 -0.0062943173643786781 0.0013731329980309422 0.0013955792538562829 0.0011040889506530507 0.00051827623939781041 0.00033660468074395768 -0.0031569159668028905 -0.00027158571750868958 0.0029708935395558944 -0.0002515257259352834 1.4593785244053587e-05 0.00032556351771311355
leaf_weight=9614 23 20 89 88 49 137 29 32 23 22 32 27 82 23 22 47 24 129 92 27 117 195 24 41 27 96046 34 34 26 199 473 34 45 27 1251 253 34 29 20 36 195 403 22 34 3475 25 20 35 26 21 26 30 92 121 20 64 120 240 44 132 28103 1701
leaf_count=9614 23 20 89 88 49 137 29 32 23 22 32 27 82 23 22 47 24 129 92 27 117 195 24 41 27 96046 34 34 26 199 473 34 45 27 1251 253 34 29 20 36 195 403 22 34 3475 25 20 35 26 21 26 30 92 121 20 64 120 240 44 132 28103 1701
internal_value=-1.30741e-07 -9.2083e-06 -1.39147e-05 -0.000909332 -0.00150842 -0.0028686 -0.00342189 -0.00258864 5.12152e-05 -0.0016516 0.000458184 -9.30699e-06 -1.11653e-05 -0.00341556 0.00125672 0.000560937 0.000558861 -9.35024e-06 0.000772279 -0.000886508 -1.13066e-05 -0.000982243 0.00108982 0.000425707 0.00186408 -7.98219e-06 0.00192776 0.000497166 -0.000471697 0.000627041 0.000315574 0.00224648 0.000100473 0.00131285 1.91097e-05 0.000193862 -8.12454e-06 -0.0024207 -0.00555703 0.00065374 0.00016376 3.71259e-05 0.000239469 0.000431518 1.00686e-05 -6.07335e-05 -0.000871418 -0.00236659 -0.00474347 -0.000375328 -0.00316142 -0.000602989 -2.38988e-05 4.82305e-05 -0.00168739 -3.73614e-05 -0.000612605 -0.00124786 0.00145784 0.000377237 3.28346e-05 0.000130904
internal_weight=144525 98373 97403 493 405 218 198 169 187 69 970 96910 96772 50 138 938 46 96722 235 109 96487 324 118 857 116 96163 81 834 94 740 514 126 69 226 46152 2243 1551 105 49 692 1446 439 56 60 43909 10630 456 111 46 345 47 65 10174 298 45 10082 468 360 108 253 33279 5176
internal_count=144525 98373 97403 493 405 218 198 169 187 69 970 96910 96772 50 138 938 46 96722 235 109 96487 324 118 857 116 96163 81 834 94 740 514 126 69 226 46152 2243 1551 105 49 692 1446 439 56 60 43909 10630 456 111 46 345 47 65 10174 298 45 10082 468 360 108 253 33279 5176
is_linear=0
shrinkage=0.05


Tree=139
num_leaves=63
num_cat=0
split_feature=3 0 12 22 22 13 20 24 20 0 0 24 12 10 0 10 22 12 12 25 25 13 20 22 25 24 3 22 24 24 20 16 14 3 0 13 0 25 20 12 25 12 25 14 12 12 22 16 13 22 24 22 12 0 12 23 0 12 14 13 22 16
split_gain=0.0098671 0.0288982 0.0519262 0.26195 0.35378 0.170963 0.0816508 0.0421586 0.0477346 0.0405888 0.0352179 0.06276 0.300618 0.0588684 0.034959 0.0706886 0.0760427 0.187678 0.0734583 0.0425155 0.312461 0.616985 0.177808 0.0610306 0.0407284 0.226628 0.134141 0.0636854 0.0540789 0.0527029 0.0363804 0.0308891 0.0301146 0.163435 0.0479323 0.0295881 0.0556318 0.0288199 0.115881 0.0440673 0.047591 0.0275657 0.0270647 0.053987 0.267229 0.0477192 0.129508 0.0321395 0.0309931 0.0259942 0.156705 0.229344 0.0645982 0.0459768 0.0396737 0.0256619 0.0226819 0.0477818 0.124367 0.105387 0.499264 0.0713872
threshold=3.5000000000000004 1475.5000000000002 1466.5000000000002 1.3500000238418581 1.1499999761581423 0.75155927851761573 0.21428572386503222 1.6549938917160036 1.214285731315613 1328.5000000000002 1284.0000000000002 0.44731126725673681 1346.5000000000002 0.68301270189221941 2170.5000000000005 1.0000000180025095e-35 1.3500000238418581 1420.5000000000002 744.50000000000011 0.93618154525756847 0.91412833333015453 0.26734392189218931 1.0714285969734194 0.18333333730697635 1.1950566768646242 1.8012470602989199 4.5000000000000009 0.68333333730697643 1.2055270075798037 2.68133556842804 3.5000000000000004 1.0000000180025095e-35 2.3631368631368637 4.5000000000000009 1562.5000000000002 0.012358406516482118 632.50000000000011 0.65607663989067089 0.21428572386503222 1460.5000000000002 83.492202758789077 1410.5000000000002 0.51412335038185131 0.037268518518518527 967.00000000000011 895.00000000000011 0.050000002607703216 1.0000000180025095e-35 0.082487113402061871 3.5499999523162846 4.1124305725097665 5.616666555404664 1360.0000000000002 2158.5000000000005 1346.5000000000002 1.5039421916007998 1371.5000000000002 1432.5000000000002 0.66838487972508598 0.81271878464252822 1.2166666984558108 1.0000000180025095e-35
decision_type=2 2 2 2 2 2 2 2 2 2 2 2 2 2 2 2 2 2 2 2 2 2 2 2 2 2 2 2 2 2 2 2 2 2 2 2 2 2 2 2 2 2 2 2 2 2 2 2 2 2 2 2 2 2 2 2 2 2 2 2 2 2
left_child=56 9 14 4 5 -4 -7 -5 -9 10 35 12 13 -12 19 16 18 -18 -16 20 22 -22 23 -3 27 26 -26 28 -17 -27 -19 -8 33 -10 -34 36 -2 38 -13 41 -41 -39 45 44 -44 47 -47 -37 -45 52 51 -51 54 -54 -21 -20 -1 -58 -59 60 61 -60
right_child=1 2 3 7 -6 6 31 8 32 -11 11 37 -14 -15 15 24 17 30 55 49 21 -23 -24 -25 25 29 -28 -29 -30 -31 -32 -33 34 -35 -36 42 -38 39 -40 40 -42 -43 43 48 -46 46 -48 -49 -50 50 -52 -53 53 -55 -56 -57 57 58 59 -61 -62 -63
leaf_value=-2.5212568021040257e-05 0.00023471960630086429 3.0340150614915584e-05 -0.0039406638995789387 -0.0023139204070046176 -0.0064497211493375747 -0.0025669050002597033 0 0.0021085357107935737 -0.0027117298799774437 0.00017294495632081867 0.0010002344088120548 0.00096098270902403012 -0.0056518483042184795 -0.0017551199468908115 3.8074715222696791e-05 6.0044642649503074e-05 -0.0048199108444260189 -0.00027524286215714345 0.001378611187643807 -1.478748918888367e-05 0.00043843952764191312 -0.010644778214767191 -0.0042583506663866925 -0.00045602680347070804 0 0.0017293496561798856 -0.0035586879710577607 0.0019086333929236869 -0.0020666309234078288 -0.00016558756860719662 0.001488995987133388 0.0019695467238667343 -0.00016596602142071251 0.0012626662111988617 0.00076952368330609339 8.878137789472898e-05 -0.0031457394805088005 0 -0.0036010510931362831 -0.00061212463174723929 6.7873556715981927e-05 0.0009672283792161164 0.0002963914028075471 -0.0007109517868197293 -0.0062854995070701809 -0.00032277965106471476 0.00098069352326526655 -0.00085054401525809845 2.0171748014709273e-05 -0.0056444339379074929 -1.1761652057506357e-06 0.00020217076886524068 0.00059460932896885147 -0.00074873656519151865 -0.0018832690453739302 7.6235832928924784e-05 -1.6513317453187167e-05 0.0010681336700009293 0.0017198625185884154 0.00012909783256867901 -0.0079437526160633411 -0.0017465210568283407
leaf_weight=64684 23 2232 35 20 38 22 44 26 56 4511 61 26 30 28 216 738 21 92 332 1529 29 21 26 898 43 66 74 45 31 73 41 35 606 46 176 1905 21 135 27 452 571 142 61 145 20 295 515 95 43799 31 1004 33 791 66 29 52 11929 355 45 4989 23 21
leaf_count=64684 23 2232 35 20 38 22 44 26 56 4511 61 26 30 28 216 738 21 92 332 1529 29 21 26 898 43 66 74 45 31 73 41 35 606 46 176 1905 21 135 27 452 571 142 61 145 20 295 515 95 43799 31 1004 33 791 66 29 52 11929 355 45 4989 23 21
internal_value=-1.10361e-07 1.48258e-05 -6.4736e-05 -0.000387627 -0.00216832 -0.000931442 6.47676e-05 -4.88926e-05 0 2.93949e-05 1.58983e-05 -0.000224587 -0.00132935 7.62677e-05 -2.22708e-05 0.000170919 0.000542613 -0.000427335 0.000799928 -7.57002e-05 -0.000207362 -0.00412867 -0.000143525 -0.000107612 -8.6358e-05 -0.00063857 -0.00226937 8.1226e-05 -1.94426e-05 0.000698818 0.000231765 0.000863168 -6.10768e-05 -0.000870902 3.82574e-05 2.35567e-05 -0.00126878 -0.000123634 -0.00127132 -7.29042e-05 -0.000227719 0.000480679 2.48803e-05 1.51531e-05 -0.00127286 0.000175493 0.000499818 4.16233e-05 1.76439e-05 4.40579e-05 -0.00015919 -0.00255616 0.000136015 0.000485246 -5.28943e-05 0.00121533 -1.15454e-05 3.90852e-05 0.000162079 9.77325e-05 -0.00160254 0.000540306
internal_weight=144525 62479 9617 1104 174 136 101 930 910 52862 48351 1472 119 89 8513 1824 754 154 600 6689 3206 50 3156 3130 1070 256 117 814 769 139 133 79 884 102 782 46879 44 1353 53 1300 1023 277 46835 44025 81 2810 810 2000 43944 3483 1068 64 2415 857 1558 384 82046 17362 5433 5078 89 66
internal_count=144525 62479 9617 1104 174 136 101 930 910 52862 48351 1472 119 89 8513 1824 754 154 600 6689 3206 50 3156 3130 1070 256 117 814 769 139 133 79 884 102 782 46879 44 1353 53 1300 1023 277 46835 44025 81 2810 810 2000 43944 3483 1068 64 2415 857 1558 384 82046 17362 5433 5078 89 66
is_linear=0
shrinkage=0.05


Tree=140
num_leaves=63
num_cat=0
split_feature=12 14 22 13 14 9 14 24 10 22 24 14 20 3 9 13 17 12 20 9 14 9 15 12 13 12 10 13 22 12 13 25 9 23 22 15 24 14 21 14 13 22 21 5 12 12 9 14 25 12 13 21 25 12 14 25 12 25 14 12 13 10
split_gain=0.00944743 0.0800594 0.0991201 0.178978 0.144855 0.27433 0.358089 0.249719 0.230505 0.212373 0.194353 0.16568 0.116229 0.167441 0.110236 0.183435 0.0579284 0.289914 0.0632114 0.0938324 0.124055 0.0746132 0.0625593 0.216309 0.0742807 0.0606097 0.085015 0.0753919 0.0543527 0.0527754 0.045554 0.0447103 0.143275 0.19888 0.383008 0.158359 0.123552 0.0516029 0.145183 0.0779366 0.094996 0.0807777 0.0288026 0.0262662 0.0760575 0.235673 0.326067 0.441036 0.158679 0.0677705 0.0633709 0.0369265 0.0261599 0.114129 0.207545 0.178802 0.301663 0.270952 0.270861 0.0323172 0.103975 0.0991713
threshold=1408.5000000000002 0.019049346879535561 0.15000000596046451 0.26734392189218931 0.17963123019302799 1.0000000180025095e-35 0.18878406708595391 0.81360203027725231 0.68301270189221941 0.21666666865348819 0.59509205818176281 0.10760959470636892 0.78571429848670971 4.5000000000000009 -0.22252093395631442 0.14261011741074633 1.0000000180025095e-35 1454.5000000000002 0.35714286565780645 -0.56174490092936669 0.16291708796764412 1.0000000180025095e-35 1.0000000180025095e-35 1439.5000000000002 0.46198442103383636 1438.5000000000002 0.68301270189221941 0.21618102477477483 0.050000002607703216 1444.0000000000002 0.1651269468743333 0.79833617806434642 1.0000000180025095e-35 0.80164620280265819 0.45000000298023229 1.5000000000000002 0.55672836303710949 0.20106382978723406 0.46428571641445165 0.30368444846292952 0.51166980934422812 1.0166666507720949 0.17857143282890323 1.0000000180025095e-35 1193.5000000000002 1152.0000000000002 -0.56174490092936669 0.61209259823332329 1.4029927849769595 787.50000000000011 0.57067091454272878 0.60714286565780651 0.37209869921207434 1376.5000000000002 0.033520599250936332 0.35544712841510778 1384.5000000000002 1.0000000180025095e-35 0.100561797752809 740.50000000000011 0.05543928932632234 1.0000000180025095e-35
decision_type=2 2 2 2 2 2 2 2 2 2 2 2 2 2 2 2 2 2 2 2 2 2 2 2 2 2 2 2 2 2 2 2 2 2 2 2 2 2 2 2 2 2 2 2 2 2 2 2 2 2 2 2 2 2 2 2 2 2 2 2 2 2
left_child=43 28 16 4 7 12 -7 9 -8 10 -4 -11 13 -6 15 -9 18 42 21 20 -20 25 24 -24 -23 27 -27 -3 -2 -16 -21 32 35 34 -34 36 -5 38 -33 41 -41 -39 -18 52 45 49 51 -48 -46 -45 -50 -47 53 59 -55 56 58 -58 -56 -1 61 -61
right_child=1 2 3 31 5 6 8 14 -10 11 -12 -13 -14 -15 29 -17 17 -19 19 30 -22 22 23 -25 -26 26 -28 -29 -30 -31 -32 37 33 -35 -36 -37 -38 39 -40 40 -42 -43 -44 44 48 46 47 -49 50 -51 -52 -53 -54 54 55 -57 57 -59 -60 60 -62 -63
leaf_value=2.470150331876529e-05 -0.00026275503904724015 0.0011840721021863397 -0.0010360386428558794 6.7494941282181283e-05 -0.00046941692702008971 -0.0089587343944969328 -0.0010207196075381509 0.0026275969547419286 -0.0057388352213309252 0.0020548578757797952 -0.0046824540290492222 -0.00082605228626143076 -0.0030147121140831398 0.0031301220673113821 0.0013051739958698527 -0.0011375377406334555 0.002251796952940221 -0.0059490397572517393 -0.0050779182512436715 0.0025415176736418477 0.00013384017651962442 0.00081011173649202174 0.0013402253638991376 -0.0052253506821690575 -0.0012602351154026472 0.0027840481990532425 0.00032916479822562406 -0.0012924351267457948 -0.0040890859912580515 0.0036347819043232887 -0.00050252300175108436 0.00146592641851647 -0.00021678070835819488 0.0021175666868274968 -0.006533273301468169 -0.001858327324977118 0.002481190388842933 0.0012828391490809048 -0.0039324652096352627 -0.00055757635659554265 -4.4978004883152009e-06 -0.0017127607558772772 -2.5599336816896836e-05 1.7888129234292876e-05 0.0016190571140671604 0.001332606704594278 -0.0092085011911504869 0.00019938222952743074 -0.002089823389605755 0.0010243923479222384 0.00021472595812461388 -0.00125240359257283 3.1777201183007527e-05 0.002259640118346114 -0.0076775358207656396 -0.0046886067558813277 -0.0031152973754819055 0.0010575652127632349 -0.00021827284988649651 -0.0011704684455827877 5.1282276966979572e-05 -0.00014611206772662661
leaf_weight=7531 23 135 116 85 250 21 140 47 33 71 57 167 36 37 99 103 27 20 21 22 21 335 29 21 48 115 58 38 20 39 23 20 148 56 29 35 163 196 29 783 94613 24 20 1251 253 34 29 20 32 195 407 22 33279 42 28 38 53 145 24 420 1779 570
leaf_count=7531 23 135 116 85 250 21 140 47 33 71 57 167 36 37 99 103 27 20 21 22 21 335 29 21 48 115 58 38 20 39 23 20 148 56 29 35 163 196 29 783 94613 24 20 1251 253 34 29 20 32 195 407 22 33279 42 28 38 53 145 24 420 1779 570
internal_value=-1.14704e-07 -8.9052e-06 -7.9098e-06 -1.28734e-05 -0.000615685 -0.00125139 -0.00274079 -0.000138239 -0.00195239 -0.000935503 -0.00226835 1.28814e-05 -0.000340776 0 0.000982098 9.85793e-06 0.000504838 -0.000880276 0.000617863 -0.000628712 -0.00235915 0.000763563 0.000310775 -0.00132244 0.00053733 0.0013155 0.00199057 0.000610782 -0.00216381 0.0020019 0.000877145 -5.19957e-06 0.000458769 -0.000443706 -0.00128302 0.00121935 0.00167443 -7.75488e-06 -0.00162871 -6.8702e-06 -9.0904e-06 0.0009327 0.00117854 1.85139e-05 0.000185528 -5.77477e-06 -0.00229492 -0.00527413 0.000621464 0.000157139 3.4916e-05 0.000227518 9.86803e-06 -5.82516e-05 -0.000973868 -0.0014634 -0.000951494 -3.51821e-05 -0.0043378 -2.84217e-05 -0.000174705 -0.000585812
internal_weight=144525 98373 98330 97397 1216 517 194 699 173 411 173 238 323 287 288 150 933 67 866 87 42 779 433 50 383 346 173 173 43 138 45 96181 516 233 177 283 248 95665 49 95616 95396 220 47 46152 2243 1551 105 49 692 1446 439 56 43909 10630 330 288 250 198 52 10300 2769 990
internal_count=144525 98373 98330 97397 1216 517 194 699 173 411 173 238 323 287 288 150 933 67 866 87 42 779 433 50 383 346 173 173 43 138 45 96181 516 233 177 283 248 95665 49 95616 95396 220 47 46152 2243 1551 105 49 692 1446 439 56 43909 10630 330 288 250 198 52 10300 2769 990
is_linear=0
shrinkage=0.05


Tree=141
num_leaves=63
num_cat=0
split_feature=19 22 16 13 15 16 3 11 25 11 16 19 2 13 13 25 13 22 13 13 20 13 20 11 2 25 20 20 20 25 13 21 22 24 8 24 22 13 24 24 17 13 12 21 13 2 13 13 10 25 24 13 22 11 13 13 25 13 21 11 21 15
split_gain=0.00936416 0.0167711 0.0794838 0.0334752 0.0297029 0.0323176 0.0477338 0.0319529 0.0284226 0.0367746 0.0193617 0.0157766 0.0300008 0.0151712 0.0149178 0.0139245 0.0134757 0.0225714 0.0200217 0.0588843 0.0745094 0.0187048 0.0170385 0.0342988 0.0157904 0.0221197 0.0143733 0.012866 0.037414 0.0154783 0.0521817 0.0222776 0.0121106 0.0118198 0.0116843 0.0145767 0.0116253 0.0120201 0.0142101 0.011522 0.0115053 0.0109689 0.00981767 0.00933898 0.0186012 0.0221738 0.0137399 0.0119643 0.0166195 0.010156 0.00883952 0.00867403 0.00853439 0.00796904 0.0105707 0.00926067 0.00766187 0.0204265 0.00759999 0.00746605 0.00737108 0.010983
threshold=1059.5000000000002 463.83332824707037 1625.5000000000002 496.37555774740503 18.500000000000004 440.50000000000006 4.5000000000000009 0.25000000000000017 352.63537597656256 0.25000000000000017 1744.5000000000002 459.50000000000006 11.500000000000002 773.42759817045976 550.63515248226963 457.00421142578131 440.84422146753121 305.03334045410162 326.68300764977664 259.92204015330725 63.785715103149421 212.79248562355164 138.92857360839847 0.6830127018922193 2.5000000000000004 242.2907638549805 241.92857360839847 1420.3571777343752 1516.7857055664065 406.86978149414068 593.01489036182454 546.46429443359386 590.46667480468761 419.82214355468756 1.0000000180025095e-35 259.04557800292974 350.96665954589849 634.82196237781329 382.85586547851568 352.97955322265631 2204.0000000000005 748.76002495509886 1473.5000000000002 460.89285278320318 886.96632710809297 11.500000000000002 1096.8329721921275 931.25999214642854 -0.24999999999999994 705.46627807617199 827.69262695312511 496.37555774740503 913.18331909179699 1.0000000180025095e-35 440.84422146753121 470.52577774887698 283.66304016113287 470.52577774887698 744.10714721679699 1.0000000180025095e-35 1360.9285888671877 2585.5000000000005
decision_type=2 2 2 2 2 2 2 2 2 2 2 2 2 2 2 2 2 2 2 2 2 2 2 2 2 2 2 2 2 2 2 2 2 2 2 2 2 2 2 2 2 2 2 2 2 2 2 2 2 2 2 2 2 2 2 2 2 2 2 2 2 2
left_child=1 2 3 16 5 11 7 -7 41 14 27 12 -5 -2 32 -16 18 34 19 21 -21 -1 23 -20 -19 -26 -24 29 -29 30 -11 -31 51 -34 35 -18 59 -38 -39 -13 -30 53 -17 -15 45 49 47 48 52 -45 -48 -10 -46 54 -3 -55 -56 -58 -44 -6 61 -52
right_child=13 8 -4 4 36 6 -8 -9 9 10 -12 39 -14 43 15 42 17 24 22 20 -22 -23 26 -25 25 -27 -28 28 40 31 -32 -33 33 -35 -36 -37 37 38 -40 -41 -42 -43 58 44 46 -47 50 -49 -50 -51 60 -53 -54 55 56 -57 57 -59 -60 -61 -62 -63
leaf_value=-9.2127794764553759e-07 0.00025374655390761276 0.0002266736832674572 -0.0030671045516277727 0.00031770249581661975 7.8971298349740258e-05 0 0.0004922694163359214 -0.0023000702358186697 -6.6155361766041907e-05 -0.0015844848458563617 0.0001856079241600633 0 -0.0014574011555128698 0.00064242139244243327 -0.00021406248550632115 0.00045844640827767246 -0.0010643325699045538 -0.00162524794985696 0.00024221196984647618 -0.0034059096218100673 -0.00030395525849624314 0.00020409438785872291 0.0003903971822388217 -0.0010226964323813191 -0.00082590060866402539 -7.4278987251219533e-07 0.00010201233444569934 -0.0022902337156709318 0 0.00030110176796617916 0.0002524247457899276 -0.00024933892103728067 0.0010121750170955441 0 0.0010211470888024348 0.00064927326271585809 0.00047276712040099952 -0.00076839204617677238 0.00032430322522528982 0.0012447719157568343 -0.0012433728964949082 -0.00080359995384809719 0.00028827722895737702 -0.00038920242338150884 0 -0.0019038256715370333 -0.00013505075999730934 0.00053785496821674337 0.00034043741888084648 0.00042434098185736889 0.00019174388535136793 0.00041029576884464548 -0.0010945143453902253 -0.00071059611547529661 -0.00050291543259253617 -0.00013929220422425993 0.001318577583980025 -0.00020180662583138044 7.03548836495154e-07 0.00098884288979665972 1.9479344577837408e-05 0.0014400752634758224
leaf_weight=128032 924 140 21 96 41 22 40 49 181 80 264 38 31 59 466 168 22 28 116 20 1092 1122 571 93 139 225 2161 31 94 212 67 1128 104 46 43 27 371 48 73 52 24 110 282 200 25 23 811 242 128 42 188 173 40 180 197 160 23 347 1434 153 1184 22
leaf_count=128032 924 140 21 96 41 22 40 49 181 80 264 38 31 59 466 168 22 28 116 20 1092 1122 571 93 139 225 2161 31 94 212 67 1128 104 46 43 27 371 48 73 52 24 110 282 200 25 23 811 242 128 42 188 173 40 180 197 160 23 347 1434 153 1184 22
internal_value=-1.17812e-07 -2.26852e-06 1.31161e-06 1.82936e-06 0.000288022 -9.06589e-05 -0.000795214 -0.00159055 -8.47129e-05 -2.94557e-05 -0.000200661 0.000246905 -7.70572e-05 7.63898e-05 8.27724e-05 2.74977e-05 -3.04128e-07 -0.000263653 6.15397e-07 -2.25958e-06 -0.000364543 8.21199e-07 0.000129653 -0.00029695 -0.000435398 -0.000329717 0.000164128 -0.000266056 -0.000723675 -0.000216794 -0.000713661 -0.000158507 0.000330527 0.000716702 0.000413518 -1.88685e-05 0.000476357 0.000329589 -6.8151e-05 0.000759123 -0.000268194 -0.000307416 8.99086e-05 1.9407e-05 5.01086e-06 -0.000392278 4.67975e-05 0.000303681 0 -0.000227239 -1.62419e-06 0.000152616 -0.000640448 -0.000250439 -0.000144188 -0.000456569 -0.0002446 -9.34557e-05 5.08898e-05 0.00082245 7.24182e-05 0.000346943
internal_weight=144525 140637 134726 134705 1014 328 111 71 5911 4754 1900 217 127 3888 2854 2350 133691 484 133207 130266 1112 129154 2941 209 392 364 2732 1636 149 1487 147 1340 504 150 92 49 686 492 121 90 118 1157 1884 2964 2905 265 2640 435 193 242 2205 354 65 1047 707 340 567 370 1716 194 1394 210
internal_count=144525 140637 134726 134705 1014 328 111 71 5911 4754 1900 217 127 3888 2854 2350 133691 484 133207 130266 1112 129154 2941 209 392 364 2732 1636 149 1487 147 1340 504 150 92 49 686 492 121 90 118 1157 1884 2964 2905 265 2640 435 193 242 2205 354 65 1047 707 340 567 370 1716 194 1394 210
is_linear=0
shrinkage=0.05


Tree=142
num_leaves=63
num_cat=0
split_feature=0 0 0 23 20 19 3 13 20 14 24 3 3 2 12 14 17 14 21 23 0 21 20 20 23 13 24 23 2 18 12 21 14 19 24 22 12 13 22 22 24 24 20 22 12 20 21 11 12 25 22 17 19 1 25 24 23 23 13 0 19 20
split_gain=0.00986009 0.0414912 0.040147 0.0261992 0.110024 0.0478966 0.101934 0.105093 0.035441 0.0357459 0.0348619 0.122293 0.084556 0.0254109 0.0323985 0.133443 0.0737901 0.0962469 0.0776904 0.0455829 0.0450569 0.0497363 0.0458308 0.0467379 0.0461891 0.0290087 0.0262162 0.0368879 0.0247737 0.0556414 0.0268249 0.0639353 0.0462425 0.0333188 0.0322827 0.0310271 0.0244379 0.0457345 0.0390967 0.201093 0.06256 0.0614103 0.0903789 0.0315531 0.0306361 0.0281614 0.0241172 0.0236403 0.0235508 0.0229666 0.0215848 0.035832 0.0352236 0.029257 0.0317929 0.120789 0.0427209 0.0269474 0.0214388 0.021011 0.140165 0.114961
threshold=60.500000000000007 39.500000000000007 93.500000000000014 1.1232953071594241 1.0714285969734194 1.0000000180025095e-35 3.5000000000000004 0.72632661901667761 0.35714286565780645 0.25308830257739828 0.72815948724746715 2.5000000000000004 1.0000000180025095e-35 8.5000000000000018 1450.5000000000002 4.147844565877354 8.5000000000000018 2.4619520264681563 3.8214286565780644 3.7670195102691655 49.500000000000007 31.250000000000004 43.357141494750984 3.6428570747375493 34.221616744995124 17.864298089511525 2.2026443481445317 0.92546257376670849 11.500000000000002 33.500000000000007 1469.5000000000002 1.464285731315613 0.95171006607073461 1.0000000180025095e-35 1.2966498136520388 22.149999618530277 1100.0000000000002 2.9735035937315897 2.6500000953674321 2.4166667461395268 5.6122412681579599 7.2818078994750985 7.357142686843873 1.6166666746139529 1472.5000000000002 1.214285731315613 2.4642857313156132 -0.68301270189221952 1456.5000000000002 0.9699496626853944 42.349998474121101 16.500000000000004 7.5000000000000009 2024.5000000000002 9.4995765686035174 10.103584289550783 3.0433351993560795 5.6146051883697519 0.41782955799312005 97.500000000000014 113.50000000000001 44.214284896850593
decision_type=2 2 2 2 2 2 2 2 2 2 2 2 2 2 2 2 2 2 2 2 2 2 2 2 2 2 2 2 2 2 2 2 2 2 2 2 2 2 2 2 2 2 2 2 2 2 2 2 2 2 2 2 2 2 2 2 2 2 2 2 2 2
left_child=1 3 36 4 5 8 -7 -8 10 -10 12 -12 -1 14 26 16 17 19 -19 -16 22 25 23 -17 -24 -22 27 58 30 -30 33 -32 -33 49 -35 -34 -2 -38 39 43 44 42 -42 -39 -40 -45 -36 -46 -11 -5 52 -52 53 54 56 -56 -15 -54 -3 60 61 -4
right_child=2 13 59 28 -6 6 7 -9 9 48 11 -13 -14 50 15 20 -18 18 -20 -21 21 -23 24 -25 -26 -27 -28 -29 29 -31 31 32 35 34 46 -37 37 38 40 -41 41 -43 -44 45 47 -47 -48 -49 -50 -51 51 -53 57 -55 55 -57 -58 -59 -60 -61 -62 -63
leaf_value=-0.0019680737716824956 -9.8910347087171802e-05 0 0 -0.0011272918990445861 -0.0024636626639412294 0.00050546857836854253 -0.0051060274942854658 -0.00024787082454596441 0.0020389024345449733 0 0.0013434760555891556 -0.0024530356572552534 0.00065852644735624232 -0.00087778748237968003 0 -0.0012535326969662615 0.0010051412473430403 -0.0060263123593188792 -0.0018185162198284953 -0.0021798555481706487 -0.00048272923570627898 0.00063971538084062977 -0.0014346665438169778 0.00018118041403459925 -0.00025608006613513139 -0.0020131367018699753 0.0013680559126850293 -0.0020112231058567825 0 -0.0026213318593046506 0.0019590020786324222 -0.0018626945770599626 0.00068698228086881414 -0.0017204896759559205 0.00083397299738280416 2.3634020533029559e-05 0.0010282651854470804 -0.0012157390820816975 0.00025143826335508762 -0.0051336851115537131 0 0.00021286423181469876 -0.0024257552795646248 -0.00021420577775561872 0.00083535928748265707 0.0019679269058421657 -0.00037904495601803995 0.0025644560590901426 0.0017203851807785231 0.00038497554224334513 -0.0020198105076171318 -3.862914352219135e-05 0.002370505853822437 0.00093747310379931048 -0.0045275177985003483 0 0.00095180635369659016 0.00051417308345785807 0.00154289078736368 -6.5656845596838674e-07 -0.0039528808776341162 -0.0035204500081674559
leaf_weight=36 706 132 634 25 49 50 23 26 44 102 33 54 189 60 51 60 20 24 29 48 66 35 104 899 510 83 44 20 127 24 65 23 389 39 48 352 169 20 71 21 124 2514 55 20 54 33 233 48 24 457 28 153 25 51 20 53 67 166 27 134820 25 24
leaf_count=36 706 132 634 25 49 50 23 26 44 102 33 54 189 60 51 60 20 24 29 48 66 35 104 899 510 83 44 20 127 24 65 23 389 39 48 352 169 20 71 21 124 2514 55 20 54 33 233 48 24 457 28 153 25 51 20 53 67 166 27 134820 25 24
internal_value=-1.01599e-07 -6.78225e-05 2.38354e-06 8.23931e-05 -0.000190889 0 -0.000999946 -0.00263582 0.000206973 0.000790957 -9.5355e-05 -0.000955685 0.00021537 -0.000200188 -0.000282097 -0.000349219 -0.00168227 -0.00206918 -0.00382586 -0.00107538 -0.000215787 -0.000960055 -0.000125493 8.60828e-05 -0.000464053 -0.00136955 0.00027601 0 0.000181819 -0.000418759 0.000240509 0.000440392 0.000304408 2.76335e-05 -0.000360864 0.000378662 0.000161932 0.000222386 0.000174652 -0.000817474 0.000208964 0.000147596 -0.000740762 0.000361101 0.00113472 0.00105147 -0.000153829 0.00169974 0.000314244 0.00029595 7.47207e-05 -0.000373665 0.000269689 -0.000102248 -0.000392701 -0.00122696 4.80817e-05 0.000784426 0.000261924 -2.09522e-06 -0.000278714 -0.000130941
internal_weight=144525 5187 139338 2412 630 581 99 49 482 170 312 87 225 2775 2152 1929 172 152 53 99 1757 184 1573 959 614 149 223 179 1782 151 1631 829 764 802 320 741 3835 3129 2960 94 2866 2693 179 73 173 53 281 102 126 482 623 181 442 251 200 73 127 191 159 135503 683 658
internal_count=144525 5187 139338 2412 630 581 99 49 482 170 312 87 225 2775 2152 1929 172 152 53 99 1757 184 1573 959 614 149 223 179 1782 151 1631 829 764 802 320 741 3835 3129 2960 94 2866 2693 179 73 173 53 281 102 126 482 623 181 442 251 200 73 127 191 159 135503 683 658
is_linear=0
shrinkage=0.05


Tree=143
num_leaves=63
num_cat=0
split_feature=0 12 14 24 18 20 22 16 12 19 11 22 0 12 18 14 16 14 24 17 22 23 19 12 12 8 14 0 22 24 0 0 14 12 22 24 24 24 14 12 12 24 14 14 22 12 14 12 18 17 13 20 16 13 0 3 14 3 22 12 14 13
split_gain=0.00946198 0.0431845 0.0885567 0.0681348 0.0496199 0.070375 0.141082 0.255753 0.078948 0.17089 0.0724453 0.198299 0.0696953 0.392358 0.0654215 0.116218 0.0663858 0.0647146 0.196736 0.0624541 0.120685 0.197328 0.111004 0.0485413 0.0846347 0.182578 0.0757606 0.147342 0.060621 0.057528 0.0353716 0.0934747 0.141302 0.0445889 0.104244 0.0991692 0.137997 0.0499741 0.036311 0.0345776 0.0834752 0.276341 0.043668 0.147053 0.111686 0.219505 0.0408008 0.116882 0.0373609 0.0914596 0.0344301 0.0681661 0.165701 0.0305058 0.22642 0.0287456 0.0362851 0.0269625 0.0352866 0.0944451 0.0672559 0.0832777
threshold=1729.5000000000002 1468.5000000000002 1.8920997920997922 2.758104801177979 1.0000000180025095e-35 1.5000000000000002 1.0166666507720949 1.0000000180025095e-35 1454.5000000000002 2.5000000000000004 -0.9330127018922193 0.68333333730697643 1742.5000000000002 1404.0000000000002 5.5000000000000009 1.6042811355311357 1.5000000000000002 0.2422647527910686 0.52669849991798412 5.5000000000000009 1.6833333373069765 3.7670195102691655 1.0000000180025095e-35 1437.5000000000002 1408.5000000000002 -0.8783796973249266 1.2594997594997597 2411.5000000000005 1.416666626930237 1.6549938917160036 1545.5000000000002 1529.5000000000002 0.58380149812734095 1425.5000000000002 0.88333332538604747 1.9079059958457949 3.1154516935348515 1.1590536236763003 0.69752141982864146 1360.0000000000002 1346.5000000000002 0.76494169235229503 0.83087757313109434 1.073606811145511 0.84999999403953563 1464.5000000000002 0.100561797752809 744.50000000000011 109.50000000000001 22.500000000000004 0.85582108717363403 2.6428570747375493 3.5000000000000004 0.1021640460366348 1619.0000000000002 1.5000000000000002 2.7486842105263163 1.5000000000000002 0.050000002607703216 771.50000000000011 0.037268518518518527 0.05543928932632234
decision_type=2 2 2 2 2 2 2 2 2 2 2 2 2 2 2 2 2 2 2 2 2 2 2 2 2 2 2 2 2 2 2 2 2 2 2 2 2 2 2 2 2 2 2 2 2 2 2 2 2 2 2 2 2 2 2 2 2 2 2 2 2 2
left_child=30 4 3 -3 12 8 7 -7 10 -10 11 -6 13 17 16 -16 -12 -2 -19 23 -21 22 -22 24 29 -26 28 -28 -25 -14 31 57 -33 -34 37 38 -37 -35 -36 40 46 -42 -41 44 -44 -46 47 -32 55 -50 -8 52 -52 54 -48 56 -45 58 59 -1 -61 -62
right_child=1 2 -4 -5 5 6 50 -9 9 -11 14 -13 19 -15 15 -17 -18 18 -20 20 21 -23 -24 26 25 -27 27 -29 -30 -31 39 32 33 34 35 36 -38 -39 -40 42 41 -43 43 48 45 -47 53 -49 49 -51 51 -53 -54 -55 -56 -57 -58 -59 -60 60 61 -63
leaf_value=-3.153497649007598e-05 0.00097194511207695947 -0.0017139871684715689 -0.003811961212457516 0.0014098534787325555 -0.0039704048948864248 -0.0057314356776616499 0.000949247279793691 0.00083152295662239676 0.0016091703097243296 -0.002749295622116163 0.00056539961500474869 0.0011328444260525765 -6.129603583668936e-05 -0.0055098365010965216 0.00042839301392849833 -0.0035802460912474237 -0.00066210996076070713 -0.0049449097522377191 0.00023846811302892084 0.00092959322905290624 -0.0018061923220216464 0.00039002401064666122 -0.006300786689844848 0.00026489070276389899 -0.0027999530384982757 -0.00030645804712251668 7.8138611775072742e-05 -0.0043495154402439029 0.0014331623378944758 0.00058257488846039486 3.0808269408422709e-05 0.00017868677940307602 0 -0.0019313036802396254 0.0022293745712861756 -0.0057787095182644781 -0.0011898034708040569 -0.0060068018474982148 -0.00043157570637332134 0.00099615438433186686 -0.0060903976151308456 0.0010766410726769223 0.00078956210620213904 0.0010663048687593046 -0.00034240921702228031 -0.0058839754599754454 -0.0047343466244187428 0.0014772266873317721 -0.0036009703290547238 0.00036529963542911208 -0.00021997837237017304 0.00012322221623798204 -0.0037569785105677649 -1.5037614784353416e-06 0.00044992403019194512 0.00020492287101094272 0.00027183478059249297 1.555569597445289e-05 -4.6562513628906706e-05 0.0018763257498824522 -0.0019799917728199933 0.00073798024977342791
leaf_weight=1111 89 36 23 33 36 30 89 27 236 24 945 38 7847 39 43 29 121 23 81 50 37 47 27 537 83 705 76 24 146 362 621 245 41 20 22 20 123 20 25 190 23 30 32 264 47 31 28 183 21 41 213 931 40 2814 79 1591 366 89052 34023 118 31 246
leaf_count=1111 89 36 23 33 36 30 89 27 236 24 945 38 7847 39 43 29 121 23 81 50 37 47 27 537 83 705 76 24 146 362 621 245 41 20 22 20 123 20 25 190 23 30 32 264 47 31 28 183 21 41 213 931 40 2814 79 1591 366 89052 34023 118 31 246
internal_value=-1.07353e-07 -4.07191e-05 -0.00112123 -0.000147739 -3.26638e-05 0.00015301 -0.000107664 -0.00253909 0.000391925 0.00118672 0.000217215 -0.00128435 -8.42973e-05 -0.000942361 0.000319354 -0.00111958 0.000421328 0 -0.000863474 -6.37598e-05 -0.0010417 -0.00197472 -0.00378722 -4.7139e-05 -8.04487e-05 -0.000575764 0.00032918 -0.000937832 0.000522117 -3.22868e-05 3.89147e-06 -1.91772e-06 -0.00067344 -0.00146204 -0.00173288 -0.00120558 -0.00187014 -0.00410364 0.000709907 0.000118921 2.10836e-05 -0.00194503 0.000260079 0.000199508 -0.00157833 -0.00261356 5.04516e-05 0.000366391 0.000287423 -0.000901234 0 -6.99265e-05 -0.000800206 -3.48081e-05 -0.000863176 0.000322895 0.000612807 8.2405e-07 -3.59594e-05 0.000200249 0.000864675 0.000415154
internal_weight=144525 13067 92 69 12975 2802 1330 57 1472 260 1212 74 10173 232 1138 72 1066 193 104 9941 161 111 64 9780 8997 788 783 100 683 8209 131458 125097 516 271 230 190 143 40 47 6361 3778 53 2583 2393 110 78 3725 804 2283 62 1273 1184 253 2921 107 2221 630 124581 35529 1506 395 277
internal_count=144525 13067 92 69 12975 2802 1330 57 1472 260 1212 74 10173 232 1138 72 1066 193 104 9941 161 111 64 9780 8997 788 783 100 683 8209 131458 125097 516 271 230 190 143 40 47 6361 3778 53 2583 2393 110 78 3725 804 2283 62 1273 1184 253 2921 107 2221 630 124581 35529 1506 395 277
is_linear=0
shrinkage=0.05


Tree=144
num_leaves=63
num_cat=0
split_feature=12 21 25 14 23 2 23 3 21 22 12 12 15 16 20 18 13 13 17 21 12 13 21 13 13 12 0 13 20 24 12 12 20 3 14 22 20 21 13 19 14 20 0 12 13 13 0 21 12 25 3 22 3 13 12 0 12 0 0 12 14 25
split_gain=0.00921916 0.0375949 0.0498854 0.145056 0.0455058 0.0358022 0.0439939 0.0166234 0.0140682 0.00982345 0.00948973 0.209673 0.157868 0.0964554 0.12957 0.0847396 0.0753922 0.13628 0.274622 0.187595 0.204797 0.126021 0.0720588 0.0594411 0.0579437 0.0558366 0.161921 0.178958 0.212622 0.119076 0.281729 0.0994512 0.0913248 0.151391 0.239587 0.124087 0.0931912 0.0849246 0.0858404 0.0639502 0.0488297 0.0850543 0.0420371 0.0590196 0.0906064 0.119269 0.0943147 0.0385861 0.0385716 0.100585 0.0375279 0.0349616 0.0345068 0.0305754 0.1293 0.291553 0.169987 0.0336187 0.0842452 0.060439 0.0294648 0.0464411
threshold=2169.0000000000005 0.39285714924335485 1.1609040498733523 0.47478813559322036 1.7524306774139407 11.500000000000002 2.154721856117249 2.5000000000000004 2.6785713434219365 1.416666626930237 1439.5000000000002 1441.5000000000002 25.500000000000004 1.0000000180025095e-35 0.92857143282890331 2.5000000000000004 0.068067070014510359 0.17328655817043084 1.0000000180025095e-35 0.46428571641445165 1466.5000000000002 0.18852473582613063 9.8214282989501971 0.19717059014835017 0.22559557572319913 1432.5000000000002 1333.5000000000002 3.4706893066504958 2.928571462631226 1.0000000180025095e-35 1438.5000000000002 1431.0000000000002 1.0714285969734194 4.5000000000000009 0.69752141982864146 0.84999999403953563 0.78571429848670971 2.4642857313156132 4.4882729758056845 22.500000000000004 0.10760959470636892 1.0000000180025095e-35 1690.5000000000002 1189.0000000000002 0.072695816294432225 0.09204280371755473 1812.0000000000002 4.5357143878936776 1159.5000000000002 0.2794183492660523 1.5000000000000002 2.7500000000000004 2.5000000000000004 0.05543928932632234 1301.5000000000002 1078.5000000000002 1283.5000000000002 678.50000000000011 645.50000000000011 842.50000000000011 0.66838487972508598 0.35544712841510778
decision_type=2 2 2 2 2 2 2 2 2 2 2 2 2 2 2 2 2 2 2 2 2 2 2 2 2 2 2 2 2 2 2 2 2 2 2 2 2 2 2 2 2 2 2 2 2 2 2 2 2 2 2 2 2 2 2 2 2 2 2 2 2 2
left_child=10 -2 7 -4 9 6 -6 -3 -8 -5 25 12 13 15 -15 40 -13 18 19 20 -18 52 47 -23 -25 31 27 28 29 -27 -31 42 33 35 -35 36 -33 -34 -39 60 -12 -42 53 48 46 -46 -45 -16 -44 -50 -40 -30 -19 54 56 -56 -1 58 -55 -59 61 -28
right_child=1 2 3 4 5 -7 8 -9 -10 -11 11 16 -14 14 22 -17 17 21 -20 -21 -22 23 -24 24 -26 26 39 -29 51 30 -32 32 37 34 -36 -37 -38 38 50 -41 41 -43 43 44 45 -47 -48 -49 49 -51 -52 -53 -54 57 55 -57 -58 59 -60 -61 -62 -63
leaf_value=-7.6278120505463685e-05 -0.0016841612926286288 0.002888229271614706 -0.0034661765142533054 0.0021451966637313514 -0.0019104162416425511 -0.0014571068478468206 0.0012400386791865704 0.00072411249666822766 0.00028517285019593756 0.00042802398997884226 0.001817982730872271 0.00180998269381693 -0.0046483258668848356 -0.0050490779316655996 -0.001174344132380184 -0.0028077531785760538 -0.0022322053227662015 0.0036223379158994173 -0.0052969378831624284 0.0036673247690517372 0.00056083425683675831 -0.0025980941209588111 -0.0036613968775528875 0.0019981637720916409 -5.123183541920518e-06 0.0026205860619352068 -0.00013787996595452691 0.00027881021803191153 -0.0063547582115366374 -0.00032884420030481393 -0.0066709839474799028 0.001197464275284539 0.0012683153815263603 -0.0073240042774727517 0 -0.0039845292576550758 -0.0026236717664235008 -0.0031231290704318293 -0.001577551207837966 -0.0018308657277097452 -0.0028576865995666757 0.00024576827133799314 2.3045781637158352e-06 -0.0019788344194434609 -0.001822150204438847 -0.00020099753914183693 0.0011632857621758656 0.0012593769846605386 -0.0012430955612131643 0.0012412573023683976 0.00029817530217280622 -0.0026844654215612117 0.00082258315433875228 1.8320431681912778e-05 0.00085872860955120032 -0.0041644144296559341 0.0040512566050269682 1.7248499799890092e-05 -0.00061044855328280594 0.00018929384072013028 0.00071886843622831031 0.0017952983926829377
leaf_weight=3430 24 23 26 40 20 31 53 28 246 21 35 57 31 28 41 28 139 29 34 24 120 22 20 36 89033 24 32 666 20 154 20 63 71 26 21 22 21 32 36 20 26 133 7318 26 117 4900 200 26 51 177 94 20 27 14372 53 60 25 11647 553 9188 489 176
leaf_count=3430 24 23 26 40 20 31 53 28 246 21 35 57 31 28 41 28 139 29 34 24 120 22 20 36 89033 24 32 666 20 154 20 63 71 26 21 22 21 32 36 20 26 133 7318 26 117 4900 200 26 51 177 94 20 27 14372 53 60 25 11647 553 9188 489 176
internal_value=-1.01737e-07 0.00021163 0.000315435 0.000130172 0.000370629 0.000135138 0.000305947 0.00180168 0.000471505 0.00163754 -8.89358e-07 -1.08817e-05 -0.00120183 -0.000868673 -0.00204925 -0.000233951 -5.92879e-06 -7.14367e-06 -0.0010419 -0.000511342 -0.000919118 -3.4069e-06 -0.0010217 -4.95467e-06 -4.25511e-06 1.56135e-05 0.000304698 -0.000135581 -0.00131581 -0.000613859 -0.00108996 6.59236e-06 -0.000792713 -0.00174461 -0.00412404 -0.000639562 0.000180743 -0.000145717 -0.000796692 0.000866719 0.000113021 -0.000231765 1.26098e-05 -6.59926e-05 -0.000194953 -0.000239836 0.000778973 -0.00015493 2.29482e-05 0.000663325 -0.000183638 -0.00465557 0.00236546 3.82976e-05 -0.000100793 -0.00176554 -4.48482e-05 5.23156e-05 -4.6456e-06 9.33591e-05 0.000951549 0.00147394
internal_weight=144525 512 488 437 411 350 319 51 299 61 144013 89889 368 337 115 222 89521 89464 317 283 259 89147 87 89091 89069 54124 1621 904 238 198 174 52503 386 153 47 106 84 233 162 717 194 159 52117 12789 5243 5017 226 67 7546 228 130 40 56 39328 3568 113 3455 35760 14925 20835 697 208
internal_count=144525 512 488 437 411 350 319 51 299 61 144013 89889 368 337 115 222 89521 89464 317 283 259 89147 87 89091 89069 54124 1621 904 238 198 174 52503 386 153 47 106 84 233 162 717 194 159 52117 12789 5243 5017 226 67 7546 228 130 40 56 39328 3568 113 3455 35760 14925 20835 697 208
is_linear=0
shrinkage=0.05


Tree=145
num_leaves=63
num_cat=0
split_feature=19 22 25 16 13 11 19 22 19 22 21 11 13 13 25 15 22 15 25 2 9 15 25 12 2 16 17 18 13 20 20 13 13 10 11 21 25 17 13 19 14 21 13 13 25 14 17 17 15 16 3 13 9 20 17 11 2 20 19 16 16 13
split_gain=0.00862331 0.0152488 0.0325616 0.0743017 0.0285893 0.0324063 0.0297705 0.0180616 0.0176082 0.0221516 0.0221037 0.020236 0.0284346 0.0163746 0.0155219 0.0154514 0.0577866 0.018043 0.0151648 0.0132504 0.0264078 0.0297527 0.0130078 0.0120408 0.0119672 0.0431186 0.0127337 0.0263659 0.0115189 0.0109227 0.0222391 0.0131368 0.0107035 0.0498902 0.0109472 0.00867981 0.00863598 0.0135935 0.00846352 0.00821937 0.00721018 0.0153658 0.00673737 0.0156276 0.0077252 0.0069911 0.00698705 0.00586098 0.00674526 0.00574964 0.00540693 0.0070074 0.00537411 0.0053038 0.00752203 0.00520715 0.00516899 0.00511145 0.00492317 0.0048034 0.0173537 0.00702582
threshold=1200.5000000000002 667.10000610351574 483.34988403320318 1686.5000000000002 886.96632710809297 1.0000000180025095e-35 1153.5000000000002 985.71667480468761 835.50000000000011 440.58334350585943 135.10713958740237 1.0000000180025095e-35 470.52577774887698 1096.8329721921275 283.66304016113287 133.50000000000003 54.516666412353523 51.500000000000007 578.98086547851574 10.500000000000002 1.0000000180025095e-35 26.500000000000004 544.74508666992199 1473.5000000000002 2.5000000000000004 14.500000000000002 2334.5000000000005 1201.5000000000002 748.76002495509886 533.71426391601574 495.07142639160162 593.01489036182454 931.25999214642854 -0.24999999999999994 1.0000000180025095e-35 523.96429443359386 368.40257263183599 4.5000000000000009 773.42759817045976 497.50000000000006 1205.0402576489535 1276.4285888671877 1313.683155277834 1528.6715882853325 897.04428100585949 1096.74846390169 709.50000000000011 2204.0000000000005 953.50000000000011 536.50000000000011 5.5000000000000009 748.76002495509886 -0.56174490092936669 773.35714721679699 20.500000000000004 0.25000000000000017 5.5000000000000009 381.64286804199224 451.50000000000006 3.5000000000000004 1.5000000000000002 748.76002495509886
decision_type=2 2 2 2 2 2 2 2 2 2 2 2 2 2 2 2 2 2 2 2 2 2 2 2 2 2 2 2 2 2 2 2 2 2 2 2 2 2 2 2 2 2 2 2 2 2 2 2 2 2 2 2 2 2 2 2 2 2 2 2 2 2
left_child=1 2 3 8 5 18 7 29 9 15 -10 14 -13 32 -11 17 -17 -1 28 53 22 -22 -21 50 25 -15 -27 -28 -3 30 -7 -31 33 58 -35 57 37 -12 -20 -26 41 -41 44 -44 47 46 -46 59 -49 -48 51 -2 -38 -4 -55 -47 -34 -24 -6 60 -25 -61
right_child=23 4 19 -5 13 6 -8 -9 10 11 36 12 -14 24 -16 16 -18 -19 38 20 21 -23 35 42 39 26 27 -29 -30 31 -32 -33 56 34 -36 -37 52 -39 -40 40 -42 -43 43 -45 45 55 49 48 -50 -51 -52 -53 -54 54 -56 -57 -58 -59 -60 61 -62 -63
leaf_value=1.3725794260586891e-06 5.512710223881943e-05 8.014555554673535e-05 0.00048351484246972879 -0.0028366989566988889 -0.0018598092808793936 -0.00026416824553065674 -0.0024484603880065964 0 -0.00088750091123828182 -0.00034038596118875935 -0.00054133257269610294 -0.0007436681906126581 -0.00011405399868013271 -0.0025732634077896915 5.5496160472264151e-05 0.00039898938486710247 1.8159299796852572e-05 -6.6061308936353214e-05 0.00052921606584999397 0.00093803768405281642 -0.0017197381844051844 0 -3.3918248005304006e-05 0.00013154737355157718 0.00017648942303375453 0 -0.0022358413724040049 0 -0.00037510972429088583 -0.0012588643978905904 -0.0023937619304627007 -0.0003780282519248643 8.5329271484088962e-05 -3.1481775641131116e-06 0.00055772097627531812 -0.00083819958371275562 6.090860511634201e-05 0.00026877011172027999 0 0 0 -0.00079924528691715548 -0.00034793636546563402 6.3097082383263225e-05 2.1975486718282911e-05 0.00046067525956256682 4.7347688195674778e-06 -0.0010762733517182402 0 0.0012267868564590496 0.0010909431273345251 0.00066748638937572872 0.00067620306187866853 -0.00060873396835104299 0.00036774925073895955 -2.8398147445450189e-05 0.00053658792358929569 0.00085212344223024893 -0.00068045750435540941 0.00031650925142050001 -0.0014495811995634915 3.459146417581618e-05
leaf_weight=112032 153 208 546 23 24 35 20 176 39 325 56 306 490 21 995 1114 9770 10871 141 65 39 55 20 53 381 201 21 24 342 54 26 466 125 135 180 23 66 405 135 158 529 102 307 899 44 77 22 23 45 55 31 84 199 28 62 131 244 25 54 317 23 905
leaf_count=112032 153 208 546 23 24 35 20 176 39 325 56 306 490 21 995 1114 9770 10871 141 65 39 55 20 53 381 201 21 24 342 54 26 466 125 135 180 23 66 405 135 158 529 102 307 899 44 77 22 23 45 55 31 84 199 28 62 131 244 25 54 317 23 905
internal_value=-1.01051e-07 -1.96431e-06 7.29875e-07 -1.16675e-06 -0.000100751 -0.000261503 -0.000493843 -0.000435281 -6.50898e-07 -2.03398e-06 0.000238488 -0.000162549 -0.000362435 1.41652e-05 -3.82056e-05 4.67505e-07 5.76007e-05 -4.55144e-06 -3.68604e-05 0.000306896 0 -0.000662143 0.000431333 8.1431e-05 -8.27299e-05 -0.000385291 -0.000177227 -0.000936616 -0.000193868 -0.000569701 -0.00125613 -0.000479338 0.00020344 8.61377e-06 0.000301556 0 0.000305975 0.000159423 0.000257864 -9.38368e-06 -0.000105487 -0.000321031 4.98291e-05 -3.74104e-05 0.000114849 0.000335657 0.000649626 5.79862e-05 -0.000381185 0.000942939 0.000404714 0.000293444 0.000541902 0.000424115 8.12213e-06 0.000128761 0.000397334 0.00034826 -0.00110927 8.4873e-05 -0.000282525 0.000111835
internal_weight=144525 141356 137554 136691 3802 1603 777 757 136668 135903 765 2116 796 2199 1320 133787 10884 122903 826 863 227 94 133 3169 1437 267 246 45 550 581 61 520 762 393 315 68 726 461 276 1170 789 260 2901 1206 1695 329 121 1366 68 77 268 237 265 636 90 208 369 45 78 1298 76 1222
internal_count=144525 141356 137554 136691 3802 1603 777 757 136668 135903 765 2116 796 2199 1320 133787 10884 122903 826 863 227 94 133 3169 1437 267 246 45 550 581 61 520 762 393 315 68 726 461 276 1170 789 260 2901 1206 1695 329 121 1366 68 77 268 237 265 636 90 208 369 45 78 1298 76 1222
is_linear=0
shrinkage=0.05


end of trees

feature_importances:
LiaisonId_code=1800
liaison_cible_encodage_ventes=1140
liaison_frequence=973
interaction_jour_liaison_ventes=623
rolling_std_30_ventes=608
rolling_mean_30_ventes=562
rolling_mean_14_ventes=446
rolling_std_14_ventes=411
rolling_mean_7_ventes=372
rolling_std_7_ventes=301
Mois=235
JourSemaine=215
lag_7_ventes=186
lag_1_ventes=178
lag_14_ventes=168
lag_365_ventes=164
mois_cos=147
lag_30_ventes=145
jour_semaine_sin=137
mois_sin=114
jour_semaine_cos=79
EstFerie=19
EstRamadan=17
Annee=7
EstWeekend=3

parameters:
[boosting: gbdt]
[objective: regression]
[metric: rmse,l2]
[tree_learner: serial]
[device_type: cpu]
[data_sample_strategy: bagging]
[data: ]
[valid: ]
[num_iterations: 1000]
[learning_rate: 0.05]
[num_leaves: 63]
[num_threads: 2]
[seed: 42]
[deterministic: 1]
[force_col_wise: 0]
[force_row_wise: 1]
[histogram_pool_size: -1]
[max_depth: 8]
[min_data_in_leaf: 20]
[min_sum_hessian_in_leaf: 0.001]
[bagging_fraction: 0.8]
[pos_bagging_fraction: 1]
[neg_bagging_fraction: 1]
[bagging_freq: 0]
[bagging_seed: 400]
[bagging_by_query: 0]
[feature_fraction: 0.8]
[feature_fraction_bynode: 1]
[feature_fraction_seed: 30056]
[extra_trees: 0]
[extra_seed: 12879]
[early_stopping_round: 0]
[early_stopping_min_delta: 0]
[first_metric_only: 0]
[max_delta_step: 0]
[lambda_l1: 0.1]
[lambda_l2: 0.1]
[linear_lambda: 0]
[min_gain_to_split: 0]
[drop_rate: 0.1]
[max_drop: 50]
[skip_drop: 0.5]
[xgboost_dart_mode: 0]
[uniform_drop: 0]
[drop_seed: 17869]
[top_rate: 0.2]
[other_rate: 0.1]
[min_data_per_group: 100]
[max_cat_threshold: 32]
[cat_l2: 10]
[cat_smooth: 10]
[max_cat_to_onehot: 4]
[top_k: 20]
[monotone_constraints: ]
[monotone_constraints_method: basic]
[monotone_penalty: 0]
[feature_contri: ]
[forcedsplits_filename: ]
[refit_decay_rate: 0.9]
[cegb_tradeoff: 1]
[cegb_penalty_split: 0]
[cegb_penalty_feature_lazy: ]
[cegb_penalty_feature_coupled: ]
[path_smooth: 0]
[interaction_constraints: ]
[verbosity: 1]
[saved_feature_importance_type: 0]
[use_quantized_grad: 0]
[num_grad_quant_bins: 4]
[quant_train_renew_leaf: 0]
[stochastic_rounding: 1]
[linear_tree: 0]
[max_bin: 255]
[max_bin_by_feature: ]
[min_data_in_bin: 3]
[bin_construct_sample_cnt: 200000]
[data_random_seed: 175]
[is_enable_sparse: 1]
[enable_bundle: 1]
[use_missing: 1]
[zero_as_missing: 0]
[feature_pre_filter: 1]
[pre_partition: 0]
[two_round: 0]
[header: 0]
[label_column: ]
[weight_column: ]
[group_column: ]
[ignore_column: ]
[categorical_feature: ]
[forcedbins_filename: ]
[precise_float_parser: 0]
[parser_config_file: ]
[objective_seed: 16083]
[num_class: 1]
[is_unbalance: 0]
[scale_pos_weight: 1]
[sigmoid: 1]
[boost_from_average: 1]
[reg_sqrt: 0]
[alpha: 0.9]
[fair_c: 1]
[poisson_max_delta_step: 0.7]
[tweedie_variance_power: 1.5]
[lambdarank_truncation_level: 30]
[lambdarank_norm: 1]
[label_gain: ]
[lambdarank_position_bias_regularization: 0]
[eval_at: ]
[multi_error_top_k: 1]
[auc_mu_weights: ]
[num_machines: 1]
[local_listen_port: 12400]
[time_out: 120]
[machine_list_filename: ]
[machines: ]
[gpu_platform_id: -1]
[gpu_device_id: -1]
[gpu_device_id_list: ]
[gpu_use_dp: 0]
[num_gpu: 1]

end of parameters

pandas_categorical:[]
