LiaisonId,TypeTitre,liaison_frequence,liaison_cible_encodage_controles,interaction_jour_liaison_controles
100,B,146,20.49193,20.49193
100,C,146,20.49193,20.49193
101,B,412,20.49193,20.49193
101,C,412,20.49193,20.49193
102,B,161,20.49193,20.49193
102,C,161,20.49193,20.49193
103,B,367,20.49193,20.49193
103,C,367,20.49193,20.49193
10796,B,33,20.49193,20.49193
10796,C,33,20.49193,20.49193
10891,B,31,20.49193,20.49193
10891,C,31,20.49193,20.49193
11082,B,324,20.49193,20.49193
11082,C,324,20.49193,20.49193
12319,B,63,20.49193,20.49193
12319,C,63,20.49193,20.49193
12320,B,340,20.49193,20.49193
12320,C,340,20.49193,20.49193
12321,B,25,20.49193,20.49193
12321,C,25,20.49193,20.49193
12325,B,1192,20.49193,20.49193
12325,C,1192,20.49193,20.49193
12330,B,11,20.49193,20.49193
12330,C,11,20.49193,20.49193
12340,B,13,20.49193,20.49193
12340,C,13,20.49193,20.49193
12342,B,5,20.49193,20.49193
12344,B,11,20.49193,20.49193
12344,C,11,20.49193,20.49193
12346,B,41,20.49193,20.49193
12346,C,41,20.49193,20.49193
12401,B,2,20.49193,20.49193
12402,B,11,20.49193,20.49193
12402,C,11,20.49193,20.49193
12407,B,26,20.49193,20.49193
12407,C,26,20.49193,20.49193
12427,B,1,20.49193,20.49193
12487,B,2,20.49193,20.49193
12561,B,23,20.49193,20.49193
12561,C,23,20.49193,20.49193
12562,B,4,20.49193,20.49193
12566,B,74,20.49193,20.49193
12566,C,74,20.49193,20.49193
12586,B,2,20.49193,20.49193
12640,B,17,20.49193,20.49193
12640,C,17,20.49193,20.49193
12644,B,879,20.49193,20.49193
12644,C,879,20.49193,20.49193
12649,B,10,20.49193,20.49193
12659,B,10,20.49193,20.49193
12659,C,10,20.49193,20.49193
12661,B,6,20.49193,20.49193
12661,C,6,20.49193,20.49193
12663,B,12,20.49193,20.49193
12663,C,12,20.49193,20.49193
12665,B,25,20.49193,20.49193
12665,C,25,20.49193,20.49193
1267,B,18,20.49193,20.49193
1267,C,18,20.49193,20.49193
12722,B,17,20.49193,20.49193
12722,C,17,20.49193,20.49193
12737,B,1,20.49193,20.49193
12742,B,1,20.49193,20.49193
12798,B,1210,20.49193,20.49193
12798,C,1210,20.49193,20.49193
12803,B,751,20.49193,20.49193
12803,C,751,20.49193,20.49193
12813,B,812,20.49193,20.49193
12813,C,812,20.49193,20.49193
12815,B,4,20.49193,20.49193
12817,B,1159,20.49193,20.49193
12817,C,1159,20.49193,20.49193
12819,B,1442,20.49193,20.49193
12819,C,1442,20.49193,20.49193
12821,B,706,20.49193,20.49193
12821,C,706,20.49193,20.49193
12822,B,818,20.49193,20.49193
12822,C,818,20.49193,20.49193
12826,B,1111,20.49193,20.49193
12826,C,1111,20.49193,20.49193
12827,B,1206,20.49193,20.49193
12827,C,1206,20.49193,20.49193
12828,B,751,20.49193,20.49193
12828,C,751,20.49193,20.49193
12829,B,483,20.49193,20.49193
12829,C,483,20.49193,20.49193
12831,B,939,20.49193,20.49193
12831,C,939,20.49193,20.49193
12834,B,80,20.49193,20.49193
12834,C,80,20.49193,20.49193
12835,B,147,20.49193,20.49193
12835,C,147,20.49193,20.49193
12836,B,132,20.49193,20.49193
12836,C,132,20.49193,20.49193
12839,B,43,20.49193,20.49193
12839,C,43,20.49193,20.49193
12840,B,1,20.49193,20.49193
12841,B,51,20.49193,20.49193
12841,C,51,20.49193,20.49193
12843,B,34,20.49193,20.49193
12843,C,34,20.49193,20.49193
12844,B,26,20.49193,20.49193
12844,C,26,20.49193,20.49193
12845,B,160,20.49193,20.49193
12845,C,160,20.49193,20.49193
12846,B,150,20.49193,20.49193
12846,C,150,20.49193,20.49193
12847,B,519,20.49193,20.49193
12847,C,519,20.49193,20.49193
12848,B,24,20.49193,20.49193
12848,C,24,20.49193,20.49193
12849,B,83,20.49193,20.49193
12849,C,83,20.49193,20.49193
12850,B,675,20.49193,20.49193
12850,C,675,20.49193,20.49193
13026,B,620,20.49193,20.49193
13026,C,620,20.49193,20.49193
13036,B,645,20.49193,20.49193
13036,C,645,20.49193,20.49193
13038,B,5,20.49193,20.49193
13038,C,5,20.49193,20.49193
13040,B,799,20.49193,20.49193
13040,C,799,20.49193,20.49193
13042,B,1284,20.49193,20.49193
13042,C,1284,20.49193,20.49193
13044,B,565,20.49193,20.49193
13044,C,565,20.49193,20.49193
13045,B,613,20.49193,20.49193
13045,C,613,20.49193,20.49193
13049,B,563,20.49193,20.49193
13049,C,563,20.49193,20.49193
13050,B,845,20.49193,20.49193
13050,C,845,20.49193,20.49193
13051,B,375,20.49193,20.49193
13051,C,375,20.49193,20.49193
13052,B,278,20.49193,20.49193
13052,C,278,20.49193,20.49193
13054,B,458,20.49193,20.49193
13054,C,458,20.49193,20.49193
13057,B,55,20.49193,20.49193
13057,C,55,20.49193,20.49193
13058,B,103,20.49193,20.49193
13058,C,103,20.49193,20.49193
13059,B,57,20.49193,20.49193
13059,C,57,20.49193,20.49193
13062,B,10,20.49193,20.49193
13064,B,27,20.49193,20.49193
13064,C,27,20.49193,20.49193
13066,B,7,20.49193,20.49193
13066,C,7,20.49193,20.49193
13067,B,7,20.49193,20.49193
13067,C,7,20.49193,20.49193
13068,B,102,20.49193,20.49193
13068,C,102,20.49193,20.49193
13069,B,88,20.49193,20.49193
13069,C,88,20.49193,20.49193
13070,B,284,20.49193,20.49193
13070,C,284,20.49193,20.49193
13071,B,10,20.49193,20.49193
13071,C,10,20.49193,20.49193
13072,B,33,20.49193,20.49193
13072,C,33,20.49193,20.49193
13073,B,347,20.49193,20.49193
13073,C,347,20.49193,20.49193
13387,B,441,20.49193,20.49193
13387,C,441,20.49193,20.49193
13389,B,227,20.49193,20.49193
13389,C,227,20.49193,20.49193
13391,B,1183,20.49193,20.49193
13391,C,1183,20.49193,20.49193
13393,B,1195,20.49193,20.49193
13393,C,1195,20.49193,20.49193
13394,B,585,20.49193,20.49193
13394,C,585,20.49193,20.49193
13395,B,518,20.49193,20.49193
13395,C,518,20.49193,20.49193
13396,B,497,20.49193,20.49193
13396,C,497,20.49193,20.49193
13400,B,416,20.49193,20.49193
13400,C,416,20.49193,20.49193
13401,B,608,20.49193,20.49193
13401,C,608,20.49193,20.49193
13402,B,246,20.49193,20.49193
13402,C,246,20.49193,20.49193
13403,B,231,20.49193,20.49193
13403,C,231,20.49193,20.49193
13405,B,333,20.49193,20.49193
13405,C,333,20.49193,20.49193
13408,B,49,20.49193,20.49193
13408,C,49,20.49193,20.49193
13409,B,86,20.49193,20.49193
13409,C,86,20.49193,20.49193
13410,B,46,20.49193,20.49193
13410,C,46,20.49193,20.49193
13413,B,13,20.49193,20.49193
13413,C,13,20.49193,20.49193
13415,B,19,20.49193,20.49193
13415,C,19,20.49193,20.49193
13417,B,10,20.49193,20.49193
13417,C,10,20.49193,20.49193
13418,B,5,20.49193,20.49193
13418,C,5,20.49193,20.49193
13419,B,107,20.49193,20.49193
13419,C,107,20.49193,20.49193
13420,B,91,20.49193,20.49193
13420,C,91,20.49193,20.49193
13421,B,218,20.49193,20.49193
13421,C,218,20.49193,20.49193
13422,B,4,20.49193,20.49193
13422,C,4,20.49193,20.49193
13423,B,34,20.49193,20.49193
13423,C,34,20.49193,20.49193
13424,B,279,20.49193,20.49193
13424,C,279,20.49193,20.49193
13448,B,2,20.49193,20.49193
13449,B,18,20.49193,20.49193
13449,C,18,20.49193,20.49193
13450,B,27,20.49193,20.49193
13450,C,27,20.49193,20.49193
13451,B,8,20.49193,20.49193
13451,C,8,20.49193,20.49193
13452,B,78,20.49193,20.49193
13452,C,78,20.49193,20.49193
13453,B,1,20.49193,20.49193
13454,B,27,20.49193,20.49193
13454,C,27,20.49193,20.49193
13455,B,10,20.49193,20.49193
13455,C,10,20.49193,20.49193
13456,C,1,20.49193,20.49193
13457,B,22,20.49193,20.49193
13457,C,22,20.49193,20.49193
13458,B,8,20.49193,20.49193
13458,C,8,20.49193,20.49193
13459,B,1,20.49193,20.49193
13460,B,63,20.49193,20.49193
13460,C,63,20.49193,20.49193
1351,B,125,20.49193,20.49193
1351,C,125,20.49193,20.49193
13514,B,2,20.49193,20.49193
13515,B,2,20.49193,20.49193
13516,B,3,20.49193,20.49193
13517,B,2,20.49193,20.49193
13517,C,2,20.49193,20.49193
13518,B,9,20.49193,20.49193
13518,C,9,20.49193,20.49193
13520,B,2,20.49193,20.49193
13521,B,16,20.49193,20.49193
13521,C,16,20.49193,20.49193
13522,B,1,20.49193,20.49193
13523,B,5,20.49193,20.49193
13524,B,2,20.49193,20.49193
13525,B,4,20.49193,20.49193
13525,C,4,20.49193,20.49193
13526,B,24,20.49193,20.49193
13526,C,24,20.49193,20.49193
13581,B,10,20.49193,20.49193
13581,C,10,20.49193,20.49193
13582,B,2,20.49193,20.49193
13583,B,20,20.49193,20.49193
13583,C,20,20.49193,20.49193
13585,B,3,20.49193,20.49193
13585,C,3,20.49193,20.49193
13586,B,25,20.49193,20.49193
13586,C,25,20.49193,20.49193
13587,B,2,20.49193,20.49193
13588,B,10,20.49193,20.49193
13588,C,10,20.49193,20.49193
13589,B,7,20.49193,20.49193
13589,C,7,20.49193,20.49193
13590,B,9,20.49193,20.49193
13591,B,62,20.49193,20.49193
13591,C,62,20.49193,20.49193
13645,B,13,20.49193,20.49193
13645,C,13,20.49193,20.49193
13646,B,4,20.49193,20.49193
13646,C,4,20.49193,20.49193
13647,B,76,20.49193,20.49193
13647,C,76,20.49193,20.49193
13649,B,2,20.49193,20.49193
13650,B,113,20.49193,20.49193
13650,C,113,20.49193,20.49193
13651,B,21,20.49193,20.49193
13651,C,21,20.49193,20.49193
13652,B,72,20.49193,20.49193
13652,C,72,20.49193,20.49193
13653,B,54,20.49193,20.49193
13653,C,54,20.49193,20.49193
13654,B,45,20.49193,20.49193
13654,C,45,20.49193,20.49193
13655,B,232,20.49193,20.49193
13655,C,232,20.49193,20.49193
13709,B,21,20.49193,20.49193
13709,C,21,20.49193,20.49193
13710,B,148,20.49193,20.49193
13710,C,148,20.49193,20.49193
13711,B,7,20.49193,20.49193
13711,C,7,20.49193,20.49193
13712,B,13,20.49193,20.49193
13712,C,13,20.49193,20.49193
13713,B,190,20.49193,20.49193
13713,C,190,20.49193,20.49193
13714,B,30,20.49193,20.49193
13714,C,30,20.49193,20.49193
13715,B,90,20.49193,20.49193
13715,C,90,20.49193,20.49193
13716,B,95,20.49193,20.49193
13716,C,95,20.49193,20.49193
13717,B,48,20.49193,20.49193
13717,C,48,20.49193,20.49193
13718,B,515,20.49193,20.49193
13718,C,515,20.49193,20.49193
13772,B,48,20.49193,20.49193
13772,C,48,20.49193,20.49193
13773,B,1,20.49193,20.49193
13774,B,6,20.49193,20.49193
13774,C,6,20.49193,20.49193
13775,B,42,20.49193,20.49193
13775,C,42,20.49193,20.49193
13776,C,1,20.49193,20.49193
13777,B,9,20.49193,20.49193
13777,C,9,20.49193,20.49193
13778,B,9,20.49193,20.49193
13778,C,9,20.49193,20.49193
13779,B,5,20.49193,20.49193
13780,B,57,20.49193,20.49193
13780,C,57,20.49193,20.49193
13834,B,12,20.49193,20.49193
13834,C,12,20.49193,20.49193
13835,B,26,20.49193,20.49193
13835,C,26,20.49193,20.49193
13836,B,476,20.49193,20.49193
13836,C,476,20.49193,20.49193
13837,B,26,20.49193,20.49193
13837,C,26,20.49193,20.49193
13838,B,227,20.49193,20.49193
13838,C,227,20.49193,20.49193
13840,B,137,20.49193,20.49193
13840,C,137,20.49193,20.49193
13841,B,29,20.49193,20.49193
13841,C,29,20.49193,20.49193
13842,B,1136,20.49193,20.49193
13842,C,1136,20.49193,20.49193
13897,B,4,20.49193,20.49193
13897,C,4,20.49193,20.49193
13899,B,3,20.49193,20.49193
13899,C,3,20.49193,20.49193
13902,B,17,20.49193,20.49193
13902,C,17,20.49193,20.49193
13956,B,84,20.49193,20.49193
13956,C,84,20.49193,20.49193
13957,B,5,20.49193,20.49193
13957,C,5,20.49193,20.49193
13958,B,34,20.49193,20.49193
13958,C,34,20.49193,20.49193
13960,B,30,20.49193,20.49193
13961,B,3,20.49193,20.49193
13962,B,144,20.49193,20.49193
13962,C,144,20.49193,20.49193
14016,B,7,20.49193,20.49193
14017,B,251,20.49193,20.49193
14017,C,251,20.49193,20.49193
14019,B,648,20.49193,20.49193
14019,C,648,20.49193,20.49193
14020,B,94,20.49193,20.49193
14020,C,94,20.49193,20.49193
14021,B,992,20.49193,20.49193
14021,C,992,20.49193,20.49193
14022,B,215,20.49193,20.49193
14022,C,215,20.49193,20.49193
14023,B,419,20.49193,20.49193
14023,C,419,20.49193,20.49193
14024,B,401,20.49193,20.49193
14024,C,401,20.49193,20.49193
14028,B,364,20.49193,20.49193
14028,C,364,20.49193,20.49193
14029,B,462,20.49193,20.49193
14029,C,462,20.49193,20.49193
14030,B,183,20.49193,20.49193
14030,C,183,20.49193,20.49193
14031,B,223,20.49193,20.49193
14031,C,223,20.49193,20.49193
14033,B,400,20.49193,20.49193
14033,C,400,20.49193,20.49193
14036,B,61,20.49193,20.49193
14036,C,61,20.49193,20.49193
14037,B,105,20.49193,20.49193
14037,C,105,20.49193,20.49193
14038,B,38,20.49193,20.49193
14038,C,38,20.49193,20.49193
14041,B,18,20.49193,20.49193
14041,C,18,20.49193,20.49193
14042,B,4,20.49193,20.49193
14042,C,4,20.49193,20.49193
14043,B,26,20.49193,20.49193
14043,C,26,20.49193,20.49193
14045,B,14,20.49193,20.49193
14045,C,14,20.49193,20.49193
14046,B,10,20.49193,20.49193
14046,C,10,20.49193,20.49193
14047,B,123,20.49193,20.49193
14047,C,123,20.49193,20.49193
14048,B,90,20.49193,20.49193
14048,C,90,20.49193,20.49193
14049,B,260,20.49193,20.49193
14049,C,260,20.49193,20.49193
14050,B,16,20.49193,20.49193
14050,C,16,20.49193,20.49193
14051,B,42,20.49193,20.49193
14051,C,42,20.49193,20.49193
14052,B,327,20.49193,20.49193
14052,C,327,20.49193,20.49193
14075,B,4,20.49193,20.49193
14075,C,4,20.49193,20.49193
14077,B,3,20.49193,20.49193
14078,B,1,20.49193,20.49193
14079,B,46,20.49193,20.49193
14079,C,46,20.49193,20.49193
14133,B,132,20.49193,20.49193
14133,C,132,20.49193,20.49193
14134,B,263,20.49193,20.49193
14134,C,263,20.49193,20.49193
14135,B,73,20.49193,20.49193
14135,C,73,20.49193,20.49193
14136,B,583,20.49193,20.49193
14136,C,583,20.49193,20.49193
14137,B,345,20.49193,20.49193
14137,C,345,20.49193,20.49193
14138,B,39,20.49193,20.49193
14138,C,39,20.49193,20.49193
14139,B,43,20.49193,20.49193
14139,C,43,20.49193,20.49193
14143,B,35,20.49193,20.49193
14143,C,35,20.49193,20.49193
14144,B,39,20.49193,20.49193
14144,C,39,20.49193,20.49193
14145,B,24,20.49193,20.49193
14145,C,24,20.49193,20.49193
14146,B,24,20.49193,20.49193
14146,C,24,20.49193,20.49193
14148,B,34,20.49193,20.49193
14148,C,34,20.49193,20.49193
14152,B,5,20.49193,20.49193
14152,C,5,20.49193,20.49193
14162,B,3,20.49193,20.49193
14163,B,5,20.49193,20.49193
14163,C,5,20.49193,20.49193
14164,B,7,20.49193,20.49193
14164,C,7,20.49193,20.49193
14166,B,1,20.49193,20.49193
14167,B,12,20.49193,20.49193
14167,C,12,20.49193,20.49193
14185,B,707,20.49193,20.49193
14185,C,707,20.49193,20.49193
14186,B,209,20.49193,20.49193
14186,C,209,20.49193,20.49193
14190,B,317,20.49193,20.49193
14190,C,317,20.49193,20.49193
14192,B,898,20.49193,20.49193
14192,C,898,20.49193,20.49193
14193,B,317,20.49193,20.49193
14193,C,317,20.49193,20.49193
14222,B,2,20.49193,20.49193
14223,B,502,20.49193,20.49193
14223,C,502,20.49193,20.49193
14224,B,542,20.49193,20.49193
14224,C,542,20.49193,20.49193
14225,B,136,20.49193,20.49193
14225,C,136,20.49193,20.49193
14226,B,479,20.49193,20.49193
14226,C,479,20.49193,20.49193
14230,B,797,20.49193,20.49193
14230,C,797,20.49193,20.49193
14231,B,779,20.49193,20.49193
14231,C,779,20.49193,20.49193
14232,B,414,20.49193,20.49193
14232,C,414,20.49193,20.49193
14233,B,398,20.49193,20.49193
14233,C,398,20.49193,20.49193
14235,B,530,20.49193,20.49193
14235,C,530,20.49193,20.49193
14237,B,88,20.49193,20.49193
14237,C,88,20.49193,20.49193
14238,B,211,20.49193,20.49193
14238,C,211,20.49193,20.49193
14239,B,33,20.49193,20.49193
14239,C,33,20.49193,20.49193
14242,B,11,20.49193,20.49193
14242,C,11,20.49193,20.49193
14244,B,25,20.49193,20.49193
14244,C,25,20.49193,20.49193
14246,B,5,20.49193,20.49193
14246,C,5,20.49193,20.49193
14247,B,5,20.49193,20.49193
14247,C,5,20.49193,20.49193
14248,B,226,20.49193,20.49193
14248,C,226,20.49193,20.49193
14249,B,267,20.49193,20.49193
14249,C,267,20.49193,20.49193
14250,B,716,20.49193,20.49193
14250,C,716,20.49193,20.49193
14251,B,32,20.49193,20.49193
14251,C,32,20.49193,20.49193
14252,B,85,20.49193,20.49193
14252,C,85,20.49193,20.49193
14253,B,884,20.49193,20.49193
14253,C,884,20.49193,20.49193
14271,B,1167,20.49193,20.49193
14271,C,1167,20.49193,20.49193
14272,B,356,20.49193,20.49193
14272,C,356,20.49193,20.49193
14276,B,21,20.49193,20.49193
14276,C,21,20.49193,20.49193
14277,B,29,20.49193,20.49193
14277,C,29,20.49193,20.49193
14331,B,273,20.49193,20.49193
14331,C,273,20.49193,20.49193
14332,B,263,20.49193,20.49193
14332,C,263,20.49193,20.49193
14333,B,938,20.49193,20.49193
14333,C,938,20.49193,20.49193
14337,B,1407,20.49193,20.49193
14337,C,1407,20.49193,20.49193
14338,B,1108,20.49193,20.49193
14338,C,1108,20.49193,20.49193
14339,B,623,20.49193,20.49193
14339,C,623,20.49193,20.49193
14340,B,556,20.49193,20.49193
14340,C,556,20.49193,20.49193
14342,B,1245,20.49193,20.49193
14342,C,1245,20.49193,20.49193
14345,B,103,20.49193,20.49193
14345,C,103,20.49193,20.49193
14346,B,336,20.49193,20.49193
14346,C,336,20.49193,20.49193
14347,B,1462,20.49193,20.49193
14347,C,1462,20.49193,20.49193
1435,B,69,20.49193,20.49193
1435,C,69,20.49193,20.49193
14350,B,39,20.49193,20.49193
14350,C,39,20.49193,20.49193
14352,B,38,20.49193,20.49193
14352,C,38,20.49193,20.49193
14354,B,21,20.49193,20.49193
14354,C,21,20.49193,20.49193
14355,B,27,20.49193,20.49193
14355,C,27,20.49193,20.49193
14356,B,501,20.49193,20.49193
14356,C,501,20.49193,20.49193
14357,B,423,20.49193,20.49193
14357,C,423,20.49193,20.49193
14358,B,1257,20.49193,20.49193
14358,C,1257,20.49193,20.49193
14359,B,69,20.49193,20.49193
14359,C,69,20.49193,20.49193
14360,B,144,20.49193,20.49193
14360,C,144,20.49193,20.49193
14361,B,1344,20.49193,20.49193
14361,C,1344,20.49193,20.49193
14362,B,1,20.49193,20.49193
14363,B,2,20.49193,20.49193
14363,C,2,20.49193,20.49193
14365,B,4,20.49193,20.49193
14367,B,38,20.49193,20.49193
14367,C,38,20.49193,20.49193
14369,B,208,20.49193,20.49193
14369,C,208,20.49193,20.49193
14371,B,113,20.49193,20.49193
14371,C,113,20.49193,20.49193
14373,B,99,20.49193,20.49193
14373,C,99,20.49193,20.49193
14375,B,49,20.49193,20.49193
14375,C,49,20.49193,20.49193
14378,B,549,20.49193,20.49193
14378,C,549,20.49193,20.49193
14379,B,1293,20.49193,20.49193
14379,C,1293,20.49193,20.49193
14380,B,535,20.49193,20.49193
14380,C,535,20.49193,20.49193
14384,B,288,20.49193,20.49193
14384,C,288,20.49193,20.49193
14385,B,947,20.49193,20.49193
14385,C,947,20.49193,20.49193
14386,B,652,20.49193,20.49193
14386,C,652,20.49193,20.49193
14387,B,541,20.49193,20.49193
14387,C,541,20.49193,20.49193
14388,B,1202,20.49193,20.49193
14388,C,1202,20.49193,20.49193
14389,B,1264,20.49193,20.49193
14389,C,1264,20.49193,20.49193
14390,B,1262,20.49193,20.49193
14390,C,1262,20.49193,20.49193
14391,B,832,20.49193,20.49193
14391,C,832,20.49193,20.49193
14392,B,747,20.49193,20.49193
14392,C,747,20.49193,20.49193
14394,B,937,20.49193,20.49193
14394,C,937,20.49193,20.49193
14431,B,1198,20.49193,20.49193
14431,C,1198,20.49193,20.49193
14432,B,566,20.49193,20.49193
14432,C,566,20.49193,20.49193
14436,B,400,20.49193,20.49193
14436,C,400,20.49193,20.49193
14437,B,365,20.49193,20.49193
14437,C,365,20.49193,20.49193
14438,B,197,20.49193,20.49193
14438,C,197,20.49193,20.49193
14439,B,596,20.49193,20.49193
14439,C,596,20.49193,20.49193
14440,B,959,20.49193,20.49193
14440,C,959,20.49193,20.49193
14441,B,1035,20.49193,20.49193
14441,C,1035,20.49193,20.49193
14442,B,461,20.49193,20.49193
14442,C,461,20.49193,20.49193
14443,B,380,20.49193,20.49193
14443,C,380,20.49193,20.49193
14445,B,813,20.49193,20.49193
14445,C,813,20.49193,20.49193
14448,B,75,20.49193,20.49193
14448,C,75,20.49193,20.49193
14449,B,166,20.49193,20.49193
14449,C,166,20.49193,20.49193
14450,B,42,20.49193,20.49193
14450,C,42,20.49193,20.49193
14453,B,17,20.49193,20.49193
14453,C,17,20.49193,20.49193
14454,B,2,20.49193,20.49193
14454,C,2,20.49193,20.49193
14455,B,22,20.49193,20.49193
14455,C,22,20.49193,20.49193
14457,B,11,20.49193,20.49193
14457,C,11,20.49193,20.49193
14458,B,14,20.49193,20.49193
14458,C,14,20.49193,20.49193
14459,B,208,20.49193,20.49193
14459,C,208,20.49193,20.49193
14460,B,157,20.49193,20.49193
14460,C,157,20.49193,20.49193
14461,B,565,20.49193,20.49193
14461,C,565,20.49193,20.49193
14462,B,41,20.49193,20.49193
14462,C,41,20.49193,20.49193
14463,B,74,20.49193,20.49193
14463,C,74,20.49193,20.49193
14464,B,564,20.49193,20.49193
14464,C,564,20.49193,20.49193
14465,B,1,20.49193,20.49193
14466,B,1,20.49193,20.49193
14468,B,3,20.49193,20.49193
14470,B,18,20.49193,20.49193
14470,C,18,20.49193,20.49193
14472,B,78,20.49193,20.49193
14472,C,78,20.49193,20.49193
14474,B,55,20.49193,20.49193
14474,C,55,20.49193,20.49193
14476,B,47,20.49193,20.49193
14476,C,47,20.49193,20.49193
14478,B,13,20.49193,20.49193
14478,C,13,20.49193,20.49193
14481,B,103,20.49193,20.49193
14481,C,103,20.49193,20.49193
14482,B,77,20.49193,20.49193
14482,C,77,20.49193,20.49193
14483,B,27,20.49193,20.49193
14483,C,27,20.49193,20.49193
14487,B,220,20.49193,20.49193
14487,C,220,20.49193,20.49193
14488,B,222,20.49193,20.49193
14488,C,222,20.49193,20.49193
14489,B,623,20.49193,20.49193
14489,C,623,20.49193,20.49193
14490,B,1208,20.49193,20.49193
14490,C,1208,20.49193,20.49193
14491,B,1106,20.49193,20.49193
14491,C,1106,20.49193,20.49193
14492,B,430,20.49193,20.49193
14492,C,430,20.49193,20.49193
14493,B,466,20.49193,20.49193
14493,C,466,20.49193,20.49193
14495,B,845,20.49193,20.49193
14495,C,845,20.49193,20.49193
14498,B,91,20.49193,20.49193
14498,C,91,20.49193,20.49193
14499,B,254,20.49193,20.49193
14499,C,254,20.49193,20.49193
14500,B,54,20.49193,20.49193
14500,C,54,20.49193,20.49193
14503,B,10,20.49193,20.49193
14505,B,21,20.49193,20.49193
14505,C,21,20.49193,20.49193
14507,B,11,20.49193,20.49193
14508,B,14,20.49193,20.49193
14508,C,14,20.49193,20.49193
14509,B,288,20.49193,20.49193
14509,C,288,20.49193,20.49193
14510,B,203,20.49193,20.49193
14510,C,203,20.49193,20.49193
14511,B,685,20.49193,20.49193
14511,C,685,20.49193,20.49193
14512,B,40,20.49193,20.49193
14512,C,40,20.49193,20.49193
14513,B,84,20.49193,20.49193
14513,C,84,20.49193,20.49193
14514,B,709,20.49193,20.49193
14514,C,709,20.49193,20.49193
14516,B,1,20.49193,20.49193
14518,B,9,20.49193,20.49193
14518,C,9,20.49193,20.49193
14520,B,26,20.49193,20.49193
14520,C,26,20.49193,20.49193
14522,B,128,20.49193,20.49193
14522,C,128,20.49193,20.49193
14524,B,71,20.49193,20.49193
14524,C,71,20.49193,20.49193
14526,B,57,20.49193,20.49193
14526,C,57,20.49193,20.49193
14528,B,18,20.49193,20.49193
14528,C,18,20.49193,20.49193
14531,B,120,20.49193,20.49193
14531,C,120,20.49193,20.49193
14532,B,70,20.49193,20.49193
14532,C,70,20.49193,20.49193
14533,B,25,20.49193,20.49193
14533,C,25,20.49193,20.49193
14537,B,84,20.49193,20.49193
14537,C,84,20.49193,20.49193
14538,B,178,20.49193,20.49193
14538,C,178,20.49193,20.49193
14539,B,445,20.49193,20.49193
14539,C,445,20.49193,20.49193
14540,B,518,20.49193,20.49193
14540,C,518,20.49193,20.49193
14541,B,128,20.49193,20.49193
14541,C,128,20.49193,20.49193
14542,B,187,20.49193,20.49193
14542,C,187,20.49193,20.49193
14544,B,327,20.49193,20.49193
14544,C,327,20.49193,20.49193
14586,B,78,20.49193,20.49193
14586,C,78,20.49193,20.49193
14587,B,204,20.49193,20.49193
14587,C,204,20.49193,20.49193
14588,B,158,20.49193,20.49193
14588,C,158,20.49193,20.49193
14589,B,100,20.49193,20.49193
14589,C,100,20.49193,20.49193
14590,B,171,20.49193,20.49193
14590,C,171,20.49193,20.49193
14592,B,213,20.49193,20.49193
14592,C,213,20.49193,20.49193
14634,B,305,20.49193,20.49193
14634,C,305,20.49193,20.49193
14635,B,425,20.49193,20.49193
14635,C,425,20.49193,20.49193
14636,B,151,20.49193,20.49193
14636,C,151,20.49193,20.49193
14637,B,185,20.49193,20.49193
14637,C,185,20.49193,20.49193
14639,B,790,20.49193,20.49193
14639,C,790,20.49193,20.49193
14681,B,88,20.49193,20.49193
14681,C,88,20.49193,20.49193
14682,B,154,20.49193,20.49193
14682,C,154,20.49193,20.49193
14683,B,148,20.49193,20.49193
14683,C,148,20.49193,20.49193
14685,B,1395,20.49193,20.49193
14685,C,1395,20.49193,20.49193
14688,B,169,20.49193,20.49193
14688,C,169,20.49193,20.49193
14689,B,583,20.49193,20.49193
14689,C,583,20.49193,20.49193
14690,B,1459,20.49193,20.49193
14690,C,1459,20.49193,20.49193
14693,B,17,20.49193,20.49193
14693,C,17,20.49193,20.49193
14695,B,32,20.49193,20.49193
14695,C,32,20.49193,20.49193
14697,B,11,20.49193,20.49193
14698,B,12,20.49193,20.49193
14698,C,12,20.49193,20.49193
14699,B,780,20.49193,20.49193
14699,C,780,20.49193,20.49193
14700,B,436,20.49193,20.49193
14700,C,436,20.49193,20.49193
14701,B,1284,20.49193,20.49193
14701,C,1284,20.49193,20.49193
14702,B,86,20.49193,20.49193
14702,C,86,20.49193,20.49193
14703,B,149,20.49193,20.49193
14703,C,149,20.49193,20.49193
14704,B,1320,20.49193,20.49193
14704,C,1320,20.49193,20.49193
14708,B,11,20.49193,20.49193
14710,B,52,20.49193,20.49193
14710,C,52,20.49193,20.49193
14712,B,173,20.49193,20.49193
14712,C,173,20.49193,20.49193
14714,B,115,20.49193,20.49193
14714,C,115,20.49193,20.49193
14716,B,82,20.49193,20.49193
14716,C,82,20.49193,20.49193
14718,B,29,20.49193,20.49193
14718,C,29,20.49193,20.49193
14721,B,313,20.49193,20.49193
14721,C,313,20.49193,20.49193
14722,B,130,20.49193,20.49193
14722,C,130,20.49193,20.49193
14723,B,54,20.49193,20.49193
14723,C,54,20.49193,20.49193
14728,B,108,20.49193,20.49193
14728,C,108,20.49193,20.49193
14729,B,124,20.49193,20.49193
14729,C,124,20.49193,20.49193
14731,B,1324,20.49193,20.49193
14731,C,1324,20.49193,20.49193
14734,B,121,20.49193,20.49193
14734,C,121,20.49193,20.49193
14735,B,365,20.49193,20.49193
14735,C,365,20.49193,20.49193
14736,B,53,20.49193,20.49193
14736,C,53,20.49193,20.49193
14739,B,22,20.49193,20.49193
14739,C,22,20.49193,20.49193
14741,B,27,20.49193,20.49193
14741,C,27,20.49193,20.49193
14743,B,14,20.49193,20.49193
14743,C,14,20.49193,20.49193
14744,B,8,20.49193,20.49193
14744,C,8,20.49193,20.49193
14745,B,566,20.49193,20.49193
14745,C,566,20.49193,20.49193
14746,B,360,20.49193,20.49193
14746,C,360,20.49193,20.49193
14747,B,1131,20.49193,20.49193
14747,C,1131,20.49193,20.49193
14748,B,58,20.49193,20.49193
14748,C,58,20.49193,20.49193
14749,B,120,20.49193,20.49193
14749,C,120,20.49193,20.49193
14750,B,1135,20.49193,20.49193
14750,C,1135,20.49193,20.49193
14754,B,13,20.49193,20.49193
14754,C,13,20.49193,20.49193
14755,C,1,20.49193,20.49193
14756,B,26,20.49193,20.49193
14756,C,26,20.49193,20.49193
14758,B,116,20.49193,20.49193
14758,C,116,20.49193,20.49193
14760,B,100,20.49193,20.49193
14760,C,100,20.49193,20.49193
14762,B,71,20.49193,20.49193
14762,C,71,20.49193,20.49193
14764,B,33,20.49193,20.49193
14764,C,33,20.49193,20.49193
14767,B,202,20.49193,20.49193
14767,C,202,20.49193,20.49193
14768,B,99,20.49193,20.49193
14768,C,99,20.49193,20.49193
14769,B,36,20.49193,20.49193
14769,C,36,20.49193,20.49193
14773,B,21,20.49193,20.49193
14773,C,21,20.49193,20.49193
14775,B,1136,20.49193,20.49193
14775,C,1136,20.49193,20.49193
14778,B,152,20.49193,20.49193
14778,C,152,20.49193,20.49193
14779,B,419,20.49193,20.49193
14779,C,419,20.49193,20.49193
14780,B,47,20.49193,20.49193
14780,C,47,20.49193,20.49193
14783,B,12,20.49193,20.49193
14783,C,12,20.49193,20.49193
14785,B,21,20.49193,20.49193
14785,C,21,20.49193,20.49193
14787,B,7,20.49193,20.49193
14787,C,7,20.49193,20.49193
14788,B,15,20.49193,20.49193
14788,C,15,20.49193,20.49193
14789,B,435,20.49193,20.49193
14789,C,435,20.49193,20.49193
14790,B,186,20.49193,20.49193
14790,C,186,20.49193,20.49193
14791,B,817,20.49193,20.49193
14791,C,817,20.49193,20.49193
14792,B,39,20.49193,20.49193
14792,C,39,20.49193,20.49193
14793,B,92,20.49193,20.49193
14793,C,92,20.49193,20.49193
14794,B,706,20.49193,20.49193
14794,C,706,20.49193,20.49193
14798,B,20,20.49193,20.49193
14798,C,20,20.49193,20.49193
14800,B,54,20.49193,20.49193
14800,C,54,20.49193,20.49193
14802,B,118,20.49193,20.49193
14802,C,118,20.49193,20.49193
14804,B,102,20.49193,20.49193
14804,C,102,20.49193,20.49193
14806,B,83,20.49193,20.49193
14806,C,83,20.49193,20.49193
14808,B,23,20.49193,20.49193
14808,C,23,20.49193,20.49193
14809,B,1,20.49193,20.49193
14811,B,138,20.49193,20.49193
14811,C,138,20.49193,20.49193
14812,B,67,20.49193,20.49193
14812,C,67,20.49193,20.49193
14813,B,34,20.49193,20.49193
14813,C,34,20.49193,20.49193
14818,B,1167,20.49193,20.49193
14818,C,1167,20.49193,20.49193
14821,B,143,20.49193,20.49193
14821,C,143,20.49193,20.49193
14822,B,289,20.49193,20.49193
14822,C,289,20.49193,20.49193
14823,B,48,20.49193,20.49193
14823,C,48,20.49193,20.49193
14826,B,21,20.49193,20.49193
14826,C,21,20.49193,20.49193
14828,B,18,20.49193,20.49193
14828,C,18,20.49193,20.49193
14830,B,8,20.49193,20.49193
14831,B,9,20.49193,20.49193
14831,C,9,20.49193,20.49193
14832,B,338,20.49193,20.49193
14832,C,338,20.49193,20.49193
14833,B,178,20.49193,20.49193
14833,C,178,20.49193,20.49193
14834,B,687,20.49193,20.49193
14834,C,687,20.49193,20.49193
14835,B,45,20.49193,20.49193
14835,C,45,20.49193,20.49193
14836,B,88,20.49193,20.49193
14836,C,88,20.49193,20.49193
14837,B,772,20.49193,20.49193
14837,C,772,20.49193,20.49193
14838,B,1,20.49193,20.49193
14841,B,15,20.49193,20.49193
14841,C,15,20.49193,20.49193
14843,B,51,20.49193,20.49193
14843,C,51,20.49193,20.49193
14845,B,142,20.49193,20.49193
14845,C,142,20.49193,20.49193
14846,B,88,20.49193,20.49193
14846,C,88,20.49193,20.49193
14847,B,70,20.49193,20.49193
14847,C,70,20.49193,20.49193
14849,B,30,20.49193,20.49193
14849,C,30,20.49193,20.49193
14852,B,174,20.49193,20.49193
14852,C,174,20.49193,20.49193
14853,B,67,20.49193,20.49193
14853,C,67,20.49193,20.49193
14854,B,29,20.49193,20.49193
14854,C,29,20.49193,20.49193
14902,B,331,20.49193,20.49193
14902,C,331,20.49193,20.49193
14903,B,1077,20.49193,20.49193
14903,C,1077,20.49193,20.49193
14904,B,1460,20.49193,20.49193
14904,C,1460,20.49193,20.49193
14907,B,369,20.49193,20.49193
14907,C,369,20.49193,20.49193
14908,B,46,20.49193,20.49193
14908,C,46,20.49193,20.49193
14909,B,1090,20.49193,20.49193
14909,C,1090,20.49193,20.49193
14911,B,750,20.49193,20.49193
14911,C,750,20.49193,20.49193
14912,B,769,20.49193,20.49193
14912,C,769,20.49193,20.49193
14913,B,1202,20.49193,20.49193
14913,C,1202,20.49193,20.49193
14914,B,652,20.49193,20.49193
14914,C,652,20.49193,20.49193
14915,B,1361,20.49193,20.49193
14915,C,1361,20.49193,20.49193
14916,B,100,20.49193,20.49193
14916,C,100,20.49193,20.49193
14917,B,252,20.49193,20.49193
14917,C,252,20.49193,20.49193
14918,B,1362,20.49193,20.49193
14918,C,1362,20.49193,20.49193
14919,B,2,20.49193,20.49193
14922,B,34,20.49193,20.49193
14922,C,34,20.49193,20.49193
14924,B,92,20.49193,20.49193
14924,C,92,20.49193,20.49193
14926,B,312,20.49193,20.49193
14926,C,312,20.49193,20.49193
14928,B,160,20.49193,20.49193
14928,C,160,20.49193,20.49193
14930,B,104,20.49193,20.49193
14930,C,104,20.49193,20.49193
14932,B,59,20.49193,20.49193
14932,C,59,20.49193,20.49193
14933,B,1,20.49193,20.49193
14935,B,373,20.49193,20.49193
14935,C,373,20.49193,20.49193
14936,B,87,20.49193,20.49193
14936,C,87,20.49193,20.49193
14937,B,33,20.49193,20.49193
14937,C,33,20.49193,20.49193
15019,B,173,20.49193,20.49193
15019,C,173,20.49193,20.49193
15020,B,104,20.49193,20.49193
15020,C,104,20.49193,20.49193
15023,B,48,20.49193,20.49193
15023,C,48,20.49193,20.49193
15024,B,8,20.49193,20.49193
15024,C,8,20.49193,20.49193
15025,B,70,20.49193,20.49193
15025,C,70,20.49193,20.49193
15027,B,79,20.49193,20.49193
15027,C,79,20.49193,20.49193
15028,B,100,20.49193,20.49193
15028,C,100,20.49193,20.49193
15029,B,190,20.49193,20.49193
15029,C,190,20.49193,20.49193
15030,B,76,20.49193,20.49193
15030,C,76,20.49193,20.49193
15031,B,283,20.49193,20.49193
15031,C,283,20.49193,20.49193
15032,B,6,20.49193,20.49193
15033,B,38,20.49193,20.49193
15033,C,38,20.49193,20.49193
15034,B,236,20.49193,20.49193
15034,C,236,20.49193,20.49193
15038,B,1,20.49193,20.49193
15040,B,15,20.49193,20.49193
15040,C,15,20.49193,20.49193
15042,B,42,20.49193,20.49193
15042,C,42,20.49193,20.49193
15044,B,14,20.49193,20.49193
15044,C,14,20.49193,20.49193
15046,B,10,20.49193,20.49193
15046,C,10,20.49193,20.49193
15048,B,2,20.49193,20.49193
15051,B,24,20.49193,20.49193
15051,C,24,20.49193,20.49193
15057,B,55,20.49193,20.49193
15057,C,55,20.49193,20.49193
15060,B,18,20.49193,20.49193
15060,C,18,20.49193,20.49193
15062,B,14,20.49193,20.49193
15062,C,14,20.49193,20.49193
15064,B,9,20.49193,20.49193
15064,C,9,20.49193,20.49193
15065,B,8,20.49193,20.49193
15065,C,8,20.49193,20.49193
15066,B,261,20.49193,20.49193
15066,C,261,20.49193,20.49193
15067,B,169,20.49193,20.49193
15067,C,169,20.49193,20.49193
15068,B,610,20.49193,20.49193
15068,C,610,20.49193,20.49193
15069,B,38,20.49193,20.49193
15069,C,38,20.49193,20.49193
15070,B,85,20.49193,20.49193
15070,C,85,20.49193,20.49193
15071,B,492,20.49193,20.49193
15071,C,492,20.49193,20.49193
15075,B,5,20.49193,20.49193
15076,B,1,20.49193,20.49193
15077,B,24,20.49193,20.49193
15077,C,24,20.49193,20.49193
15079,B,98,20.49193,20.49193
15079,C,98,20.49193,20.49193
15081,B,66,20.49193,20.49193
15081,C,66,20.49193,20.49193
15083,B,42,20.49193,20.49193
15083,C,42,20.49193,20.49193
15085,B,25,20.49193,20.49193
15085,C,25,20.49193,20.49193
15086,B,1,20.49193,20.49193
15088,B,83,20.49193,20.49193
15088,C,83,20.49193,20.49193
15095,B,348,20.49193,20.49193
15095,C,348,20.49193,20.49193
15096,B,178,20.49193,20.49193
15096,C,178,20.49193,20.49193
15097,B,1076,20.49193,20.49193
15097,C,1076,20.49193,20.49193
15099,B,420,20.49193,20.49193
15099,C,420,20.49193,20.49193
15100,B,340,20.49193,20.49193
15100,C,340,20.49193,20.49193
15101,B,558,20.49193,20.49193
15101,C,558,20.49193,20.49193
15102,B,189,20.49193,20.49193
15102,C,189,20.49193,20.49193
15103,B,738,20.49193,20.49193
15103,C,738,20.49193,20.49193
15104,B,83,20.49193,20.49193
15104,C,83,20.49193,20.49193
15105,B,122,20.49193,20.49193
15105,C,122,20.49193,20.49193
15106,B,803,20.49193,20.49193
15106,C,803,20.49193,20.49193
15107,B,4,20.49193,20.49193
15110,B,1,20.49193,20.49193
15111,B,26,20.49193,20.49193
15111,C,26,20.49193,20.49193
15112,B,103,20.49193,20.49193
15112,C,103,20.49193,20.49193
15114,B,205,20.49193,20.49193
15114,C,205,20.49193,20.49193
15116,B,127,20.49193,20.49193
15116,C,127,20.49193,20.49193
15118,B,90,20.49193,20.49193
15118,C,90,20.49193,20.49193
15120,B,58,20.49193,20.49193
15120,C,58,20.49193,20.49193
15123,B,186,20.49193,20.49193
15123,C,186,20.49193,20.49193
15170,B,1,20.49193,20.49193
1519,B,77,20.49193,20.49193
1519,C,77,20.49193,20.49193
15198,B,441,20.49193,20.49193
15198,C,441,20.49193,20.49193
15199,B,815,20.49193,20.49193
15199,C,815,20.49193,20.49193
15201,B,372,20.49193,20.49193
15201,C,372,20.49193,20.49193
15202,B,280,20.49193,20.49193
15202,C,280,20.49193,20.49193
15203,B,396,20.49193,20.49193
15203,C,396,20.49193,20.49193
15204,B,111,20.49193,20.49193
15204,C,111,20.49193,20.49193
15205,B,422,20.49193,20.49193
15205,C,422,20.49193,20.49193
15206,B,12,20.49193,20.49193
15206,C,12,20.49193,20.49193
15207,B,44,20.49193,20.49193
15207,C,44,20.49193,20.49193
15208,B,340,20.49193,20.49193
15208,C,340,20.49193,20.49193
15213,B,1,20.49193,20.49193
15214,B,17,20.49193,20.49193
15216,B,59,20.49193,20.49193
15216,C,59,20.49193,20.49193
15218,B,30,20.49193,20.49193
15218,C,30,20.49193,20.49193
15220,B,8,20.49193,20.49193
15220,C,8,20.49193,20.49193
15222,B,4,20.49193,20.49193
15225,B,45,20.49193,20.49193
15225,C,45,20.49193,20.49193
15231,B,909,20.49193,20.49193
15231,C,909,20.49193,20.49193
15233,B,311,20.49193,20.49193
15233,C,311,20.49193,20.49193
15234,B,249,20.49193,20.49193
15234,C,249,20.49193,20.49193
15235,B,326,20.49193,20.49193
15235,C,326,20.49193,20.49193
15236,B,55,20.49193,20.49193
15236,C,55,20.49193,20.49193
15237,B,327,20.49193,20.49193
15237,C,327,20.49193,20.49193
15238,B,5,20.49193,20.49193
15238,C,5,20.49193,20.49193
15239,B,29,20.49193,20.49193
15239,C,29,20.49193,20.49193
15240,B,351,20.49193,20.49193
15240,C,351,20.49193,20.49193
15241,B,3,20.49193,20.49193
15241,C,3,20.49193,20.49193
15245,B,3,20.49193,20.49193
15246,B,13,20.49193,20.49193
15246,C,13,20.49193,20.49193
15248,B,30,20.49193,20.49193
15248,C,30,20.49193,20.49193
15250,B,8,20.49193,20.49193
15250,C,8,20.49193,20.49193
15252,B,4,20.49193,20.49193
15252,C,4,20.49193,20.49193
15254,B,1,20.49193,20.49193
15257,B,6,20.49193,20.49193
15264,B,488,20.49193,20.49193
15264,C,488,20.49193,20.49193
15265,B,528,20.49193,20.49193
15265,C,528,20.49193,20.49193
15266,B,663,20.49193,20.49193
15266,C,663,20.49193,20.49193
15267,B,129,20.49193,20.49193
15267,C,129,20.49193,20.49193
15268,B,453,20.49193,20.49193
15268,C,453,20.49193,20.49193
15269,B,21,20.49193,20.49193
15269,C,21,20.49193,20.49193
15270,B,70,20.49193,20.49193
15270,C,70,20.49193,20.49193
15271,B,393,20.49193,20.49193
15271,C,393,20.49193,20.49193
15272,B,9,20.49193,20.49193
15272,C,9,20.49193,20.49193
15275,B,1,20.49193,20.49193
15276,B,3,20.49193,20.49193
15277,B,37,20.49193,20.49193
15277,C,37,20.49193,20.49193
15279,B,87,20.49193,20.49193
15279,C,87,20.49193,20.49193
15281,B,47,20.49193,20.49193
15281,C,47,20.49193,20.49193
15283,B,33,20.49193,20.49193
15283,C,33,20.49193,20.49193
15285,B,9,20.49193,20.49193
15285,C,9,20.49193,20.49193
15286,B,1,20.49193,20.49193
15288,B,84,20.49193,20.49193
15288,C,84,20.49193,20.49193
15324,B,174,20.49193,20.49193
15324,C,174,20.49193,20.49193
15325,B,430,20.49193,20.49193
15325,C,430,20.49193,20.49193
15326,B,70,20.49193,20.49193
15326,C,70,20.49193,20.49193
15327,B,359,20.49193,20.49193
15327,C,359,20.49193,20.49193
15328,B,16,20.49193,20.49193
15328,C,16,20.49193,20.49193
15329,B,54,20.49193,20.49193
15329,C,54,20.49193,20.49193
15330,B,254,20.49193,20.49193
15330,C,254,20.49193,20.49193
15331,B,7,20.49193,20.49193
15331,C,7,20.49193,20.49193
15335,B,2,20.49193,20.49193
15336,B,12,20.49193,20.49193
15338,B,60,20.49193,20.49193
15338,C,60,20.49193,20.49193
15340,B,35,20.49193,20.49193
15340,C,35,20.49193,20.49193
15342,B,11,20.49193,20.49193
15342,C,11,20.49193,20.49193
15344,B,4,20.49193,20.49193
15344,C,4,20.49193,20.49193
15347,B,52,20.49193,20.49193
15347,C,52,20.49193,20.49193
15353,B,643,20.49193,20.49193
15353,C,643,20.49193,20.49193
15354,B,110,20.49193,20.49193
15354,C,110,20.49193,20.49193
15355,B,413,20.49193,20.49193
15355,C,413,20.49193,20.49193
15356,B,23,20.49193,20.49193
15356,C,23,20.49193,20.49193
15357,B,58,20.49193,20.49193
15357,C,58,20.49193,20.49193
15358,B,265,20.49193,20.49193
15358,C,265,20.49193,20.49193
15359,B,2,20.49193,20.49193
15364,B,14,20.49193,20.49193
15364,C,14,20.49193,20.49193
15366,B,32,20.49193,20.49193
15366,C,32,20.49193,20.49193
15368,B,20,20.49193,20.49193
15368,C,20,20.49193,20.49193
15370,B,11,20.49193,20.49193
15370,C,11,20.49193,20.49193
15372,B,1,20.49193,20.49193
15375,B,40,20.49193,20.49193
15375,C,40,20.49193,20.49193
15381,B,291,20.49193,20.49193
15381,C,291,20.49193,20.49193
15382,B,890,20.49193,20.49193
15382,C,890,20.49193,20.49193
15383,B,51,20.49193,20.49193
15383,C,51,20.49193,20.49193
15384,B,127,20.49193,20.49193
15384,C,127,20.49193,20.49193
15385,B,778,20.49193,20.49193
15385,C,778,20.49193,20.49193
15389,B,6,20.49193,20.49193
15390,B,2,20.49193,20.49193
15391,B,31,20.49193,20.49193
15391,C,31,20.49193,20.49193
15393,B,104,20.49193,20.49193
15393,C,104,20.49193,20.49193
15395,B,77,20.49193,20.49193
15395,C,77,20.49193,20.49193
15397,B,55,20.49193,20.49193
15397,C,55,20.49193,20.49193
15399,B,10,20.49193,20.49193
15400,B,1,20.49193,20.49193
15402,B,109,20.49193,20.49193
15402,C,109,20.49193,20.49193
15408,B,14,20.49193,20.49193
15408,C,14,20.49193,20.49193
15409,B,50,20.49193,20.49193
15409,C,50,20.49193,20.49193
15410,B,245,20.49193,20.49193
15410,C,245,20.49193,20.49193
15411,B,988,20.49193,20.49193
15411,C,988,20.49193,20.49193
15412,B,2,20.49193,20.49193
15415,B,14,20.49193,20.49193
15415,C,14,20.49193,20.49193
15416,B,16,20.49193,20.49193
15416,C,16,20.49193,20.49193
15417,B,87,20.49193,20.49193
15417,C,87,20.49193,20.49193
15419,B,171,20.49193,20.49193
15419,C,171,20.49193,20.49193
15421,B,113,20.49193,20.49193
15421,C,113,20.49193,20.49193
15423,B,74,20.49193,20.49193
15423,C,74,20.49193,20.49193
15425,B,34,20.49193,20.49193
15425,C,34,20.49193,20.49193
15428,B,133,20.49193,20.49193
15428,C,133,20.49193,20.49193
15434,B,117,20.49193,20.49193
15434,C,117,20.49193,20.49193
15435,B,326,20.49193,20.49193
15435,C,326,20.49193,20.49193
15436,B,1336,20.49193,20.49193
15436,C,1336,20.49193,20.49193
15437,B,5,20.49193,20.49193
15438,B,4,20.49193,20.49193
15438,C,4,20.49193,20.49193
15440,B,25,20.49193,20.49193
15440,C,25,20.49193,20.49193
15441,B,34,20.49193,20.49193
15441,C,34,20.49193,20.49193
15442,B,114,20.49193,20.49193
15442,C,114,20.49193,20.49193
15444,B,362,20.49193,20.49193
15444,C,362,20.49193,20.49193
15446,B,238,20.49193,20.49193
15446,C,238,20.49193,20.49193
15448,B,149,20.49193,20.49193
15448,C,149,20.49193,20.49193
15450,B,67,20.49193,20.49193
15450,C,67,20.49193,20.49193
15451,B,1,20.49193,20.49193
15453,B,380,20.49193,20.49193
15453,C,380,20.49193,20.49193
15459,B,71,20.49193,20.49193
15459,C,71,20.49193,20.49193
15460,B,247,20.49193,20.49193
15460,C,247,20.49193,20.49193
15461,B,1,20.49193,20.49193
15465,B,2,20.49193,20.49193
15465,C,2,20.49193,20.49193
15466,B,29,20.49193,20.49193
15466,C,29,20.49193,20.49193
15468,B,78,20.49193,20.49193
15468,C,78,20.49193,20.49193
15470,B,50,20.49193,20.49193
15470,C,50,20.49193,20.49193
15472,B,27,20.49193,20.49193
15472,C,27,20.49193,20.49193
15474,B,6,20.49193,20.49193
15474,C,6,20.49193,20.49193
15477,B,31,20.49193,20.49193
15477,C,31,20.49193,20.49193
15483,B,474,20.49193,20.49193
15483,C,474,20.49193,20.49193
15484,B,3,20.49193,20.49193
15487,B,5,20.49193,20.49193
15488,B,4,20.49193,20.49193
15489,B,40,20.49193,20.49193
15489,C,40,20.49193,20.49193
15491,B,123,20.49193,20.49193
15491,C,123,20.49193,20.49193
15493,B,76,20.49193,20.49193
15493,C,76,20.49193,20.49193
15495,B,56,20.49193,20.49193
15495,C,56,20.49193,20.49193
15497,B,24,20.49193,20.49193
15497,C,24,20.49193,20.49193
15500,B,67,20.49193,20.49193
15500,C,67,20.49193,20.49193
15506,B,5,20.49193,20.49193
15507,B,12,20.49193,20.49193
15507,C,12,20.49193,20.49193
15508,B,26,20.49193,20.49193
15508,C,26,20.49193,20.49193
15509,B,14,20.49193,20.49193
15509,C,14,20.49193,20.49193
15510,B,133,20.49193,20.49193
15510,C,133,20.49193,20.49193
15511,B,715,20.49193,20.49193
15511,C,715,20.49193,20.49193
15513,B,1217,20.49193,20.49193
15513,C,1217,20.49193,20.49193
15515,B,730,20.49193,20.49193
15515,C,730,20.49193,20.49193
15517,B,363,20.49193,20.49193
15517,C,363,20.49193,20.49193
15519,B,228,20.49193,20.49193
15519,C,228,20.49193,20.49193
15520,B,2,20.49193,20.49193
15522,B,1025,20.49193,20.49193
15522,C,1025,20.49193,20.49193
15531,B,8,20.49193,20.49193
15531,C,8,20.49193,20.49193
15532,B,17,20.49193,20.49193
15532,C,17,20.49193,20.49193
15534,B,73,20.49193,20.49193
15534,C,73,20.49193,20.49193
15536,B,24,20.49193,20.49193
15536,C,24,20.49193,20.49193
15538,B,27,20.49193,20.49193
15538,C,27,20.49193,20.49193
15540,B,7,20.49193,20.49193
15543,B,32,20.49193,20.49193
15543,C,32,20.49193,20.49193
15552,B,1,20.49193,20.49193
15554,B,2,20.49193,20.49193
15563,B,1,20.49193,20.49193
15589,B,4,20.49193,20.49193
15591,B,28,20.49193,20.49193
15591,C,28,20.49193,20.49193
15593,B,10,20.49193,20.49193
15593,C,10,20.49193,20.49193
15595,B,1,20.49193,20.49193
15600,B,9,20.49193,20.49193
15600,C,9,20.49193,20.49193
15606,B,8,20.49193,20.49193
15606,C,8,20.49193,20.49193
15608,B,115,20.49193,20.49193
15608,C,115,20.49193,20.49193
15610,B,59,20.49193,20.49193
15610,C,59,20.49193,20.49193
15612,B,33,20.49193,20.49193
15612,C,33,20.49193,20.49193
15614,B,7,20.49193,20.49193
15614,C,7,20.49193,20.49193
15617,B,36,20.49193,20.49193
15617,C,36,20.49193,20.49193
15624,B,81,20.49193,20.49193
15624,C,81,20.49193,20.49193
15626,B,72,20.49193,20.49193
15626,C,72,20.49193,20.49193
15628,B,65,20.49193,20.49193
15628,C,65,20.49193,20.49193
15630,B,17,20.49193,20.49193
15630,C,17,20.49193,20.49193
15631,C,1,20.49193,20.49193
15633,B,122,20.49193,20.49193
15633,C,122,20.49193,20.49193
15655,B,547,20.49193,20.49193
15655,C,547,20.49193,20.49193
15657,B,207,20.49193,20.49193
15657,C,207,20.49193,20.49193
15659,B,95,20.49193,20.49193
15659,C,95,20.49193,20.49193
15660,B,2,20.49193,20.49193
15662,B,413,20.49193,20.49193
15662,C,413,20.49193,20.49193
15682,B,351,20.49193,20.49193
15682,C,351,20.49193,20.49193
15683,B,1,20.49193,20.49193
15684,B,137,20.49193,20.49193
15684,C,137,20.49193,20.49193
15685,B,2,20.49193,20.49193
15685,C,2,20.49193,20.49193
15687,B,654,20.49193,20.49193
15687,C,654,20.49193,20.49193
15704,C,1,20.49193,20.49193
15705,B,301,20.49193,20.49193
15705,C,301,20.49193,20.49193
15706,B,5,20.49193,20.49193
15708,B,699,20.49193,20.49193
15708,C,699,20.49193,20.49193
15717,B,9,20.49193,20.49193
15723,B,16,20.49193,20.49193
15723,C,16,20.49193,20.49193
15724,B,4,20.49193,20.49193
15724,C,4,20.49193,20.49193
15725,B,704,20.49193,20.49193
15725,C,704,20.49193,20.49193
15732,B,49,20.49193,20.49193
15732,C,49,20.49193,20.49193
15749,B,45,20.49193,20.49193
15749,C,45,20.49193,20.49193
15759,C,1,20.49193,20.49193
15761,B,28,20.49193,20.49193
15761,C,28,20.49193,20.49193
15762,B,364,20.49193,20.49193
15762,C,364,20.49193,20.49193
15763,B,11,20.49193,20.49193
15763,C,11,20.49193,20.49193
15767,B,1198,20.49193,20.49193
15767,C,1198,20.49193,20.49193
15772,B,14,20.49193,20.49193
15772,C,14,20.49193,20.49193
15782,B,12,20.49193,20.49193
15782,C,12,20.49193,20.49193
15784,B,10,20.49193,20.49193
15784,C,10,20.49193,20.49193
15786,B,14,20.49193,20.49193
15786,C,14,20.49193,20.49193
15788,B,44,20.49193,20.49193
15788,C,44,20.49193,20.49193
15844,B,19,20.49193,20.49193
15844,C,19,20.49193,20.49193
15849,B,25,20.49193,20.49193
15849,C,25,20.49193,20.49193
15869,B,1,20.49193,20.49193
16003,B,38,20.49193,20.49193
16003,C,38,20.49193,20.49193
16004,B,2,20.49193,20.49193
16008,B,49,20.49193,20.49193
16008,C,49,20.49193,20.49193
16023,B,3,20.49193,20.49193
16023,C,3,20.49193,20.49193
16028,B,3,20.49193,20.49193
1603,B,92,20.49193,20.49193
1603,C,92,20.49193,20.49193
16082,B,6,20.49193,20.49193
16086,B,862,20.49193,20.49193
16086,C,862,20.49193,20.49193
16091,B,9,20.49193,20.49193
16101,B,8,20.49193,20.49193
16101,C,8,20.49193,20.49193
16103,B,13,20.49193,20.49193
16103,C,13,20.49193,20.49193
16105,B,16,20.49193,20.49193
16105,C,16,20.49193,20.49193
16107,B,25,20.49193,20.49193
16107,C,25,20.49193,20.49193
16164,B,11,20.49193,20.49193
16164,C,11,20.49193,20.49193
16184,B,1,20.49193,20.49193
16240,B,1250,20.49193,20.49193
16240,C,1250,20.49193,20.49193
16245,B,917,20.49193,20.49193
16245,C,917,20.49193,20.49193
16255,B,1047,20.49193,20.49193
16255,C,1047,20.49193,20.49193
16259,B,1332,20.49193,20.49193
16259,C,1332,20.49193,20.49193
16261,B,1430,20.49193,20.49193
16261,C,1430,20.49193,20.49193
16263,B,974,20.49193,20.49193
16263,C,974,20.49193,20.49193
16264,B,988,20.49193,20.49193
16264,C,988,20.49193,20.49193
16268,B,1378,20.49193,20.49193
16268,C,1378,20.49193,20.49193
16269,B,995,20.49193,20.49193
16269,C,995,20.49193,20.49193
16270,B,761,20.49193,20.49193
16270,C,761,20.49193,20.49193
16271,B,698,20.49193,20.49193
16271,C,698,20.49193,20.49193
16273,B,1103,20.49193,20.49193
16273,C,1103,20.49193,20.49193
16276,B,93,20.49193,20.49193
16276,C,93,20.49193,20.49193
16277,B,213,20.49193,20.49193
16277,C,213,20.49193,20.49193
16278,B,104,20.49193,20.49193
16278,C,104,20.49193,20.49193
16281,B,52,20.49193,20.49193
16281,C,52,20.49193,20.49193
16283,B,70,20.49193,20.49193
16283,C,70,20.49193,20.49193
16285,B,45,20.49193,20.49193
16285,C,45,20.49193,20.49193
16286,B,52,20.49193,20.49193
16286,C,52,20.49193,20.49193
16287,B,298,20.49193,20.49193
16287,C,298,20.49193,20.49193
16288,B,399,20.49193,20.49193
16288,C,399,20.49193,20.49193
16289,B,484,20.49193,20.49193
16289,C,484,20.49193,20.49193
16290,B,61,20.49193,20.49193
16290,C,61,20.49193,20.49193
16291,B,100,20.49193,20.49193
16291,C,100,20.49193,20.49193
16292,B,643,20.49193,20.49193
16292,C,643,20.49193,20.49193
16468,B,673,20.49193,20.49193
16468,C,673,20.49193,20.49193
16478,B,778,20.49193,20.49193
16478,C,778,20.49193,20.49193
16480,B,9,20.49193,20.49193
16480,C,9,20.49193,20.49193
16482,B,989,20.49193,20.49193
16482,C,989,20.49193,20.49193
16484,B,1169,20.49193,20.49193
16484,C,1169,20.49193,20.49193
16486,B,615,20.49193,20.49193
16486,C,615,20.49193,20.49193
16487,B,651,20.49193,20.49193
16487,C,651,20.49193,20.49193
16491,B,806,20.49193,20.49193
16491,C,806,20.49193,20.49193
16492,B,480,20.49193,20.49193
16492,C,480,20.49193,20.49193
16493,B,307,20.49193,20.49193
16493,C,307,20.49193,20.49193
16494,B,338,20.49193,20.49193
16494,C,338,20.49193,20.49193
16496,B,417,20.49193,20.49193
16496,C,417,20.49193,20.49193
16499,B,86,20.49193,20.49193
16499,C,86,20.49193,20.49193
16500,B,118,20.49193,20.49193
16500,C,118,20.49193,20.49193
16501,B,54,20.49193,20.49193
16501,C,54,20.49193,20.49193
16504,B,19,20.49193,20.49193
16504,C,19,20.49193,20.49193
16506,B,21,20.49193,20.49193
16506,C,21,20.49193,20.49193
16508,B,12,20.49193,20.49193
16508,C,12,20.49193,20.49193
16509,B,5,20.49193,20.49193
16509,C,5,20.49193,20.49193
16510,B,137,20.49193,20.49193
16510,C,137,20.49193,20.49193
16511,B,169,20.49193,20.49193
16511,C,169,20.49193,20.49193
16512,B,183,20.49193,20.49193
16512,C,183,20.49193,20.49193
16513,B,21,20.49193,20.49193
16513,C,21,20.49193,20.49193
16514,B,51,20.49193,20.49193
16514,C,51,20.49193,20.49193
16515,B,276,20.49193,20.49193
16515,C,276,20.49193,20.49193
16828,B,601,20.49193,20.49193
16828,C,601,20.49193,20.49193
16830,B,262,20.49193,20.49193
16830,C,262,20.49193,20.49193
16832,B,1162,20.49193,20.49193
16832,C,1162,20.49193,20.49193
16834,B,1101,20.49193,20.49193
16834,C,1101,20.49193,20.49193
16835,B,591,20.49193,20.49193
16835,C,591,20.49193,20.49193
16836,B,505,20.49193,20.49193
16836,C,505,20.49193,20.49193
16837,B,537,20.49193,20.49193
16837,C,537,20.49193,20.49193
16841,B,589,20.49193,20.49193
16841,C,589,20.49193,20.49193
16842,B,401,20.49193,20.49193
16842,C,401,20.49193,20.49193
16843,B,237,20.49193,20.49193
16843,C,237,20.49193,20.49193
16844,B,251,20.49193,20.49193
16844,C,251,20.49193,20.49193
16846,B,283,20.49193,20.49193
16846,C,283,20.49193,20.49193
16849,B,61,20.49193,20.49193
16849,C,61,20.49193,20.49193
16850,B,99,20.49193,20.49193
16850,C,99,20.49193,20.49193
16851,B,52,20.49193,20.49193
16851,C,52,20.49193,20.49193
16854,B,11,20.49193,20.49193
16854,C,11,20.49193,20.49193
16856,B,24,20.49193,20.49193
16856,C,24,20.49193,20.49193
16858,B,14,20.49193,20.49193
16858,C,14,20.49193,20.49193
16859,B,12,20.49193,20.49193
16859,C,12,20.49193,20.49193
16860,B,124,20.49193,20.49193
16860,C,124,20.49193,20.49193
16861,B,151,20.49193,20.49193
16861,C,151,20.49193,20.49193
16862,B,146,20.49193,20.49193
16862,C,146,20.49193,20.49193
16863,B,17,20.49193,20.49193
16863,C,17,20.49193,20.49193
16864,B,31,20.49193,20.49193
16864,C,31,20.49193,20.49193
16865,B,232,20.49193,20.49193
16865,C,232,20.49193,20.49193
16888,B,3,20.49193,20.49193
16888,C,3,20.49193,20.49193
16889,B,9,20.49193,20.49193
16890,B,12,20.49193,20.49193
16890,C,12,20.49193,20.49193
16891,B,29,20.49193,20.49193
16891,C,29,20.49193,20.49193
16892,B,12,20.49193,20.49193
16892,C,12,20.49193,20.49193
16893,B,80,20.49193,20.49193
16893,C,80,20.49193,20.49193
16894,B,9,20.49193,20.49193
16894,C,9,20.49193,20.49193
16895,B,36,20.49193,20.49193
16895,C,36,20.49193,20.49193
16896,B,25,20.49193,20.49193
16896,C,25,20.49193,20.49193
16897,B,2,20.49193,20.49193
16898,B,62,20.49193,20.49193
16898,C,62,20.49193,20.49193
16899,B,36,20.49193,20.49193
16899,C,36,20.49193,20.49193
16900,B,18,20.49193,20.49193
16900,C,18,20.49193,20.49193
16901,B,64,20.49193,20.49193
16901,C,64,20.49193,20.49193
16957,B,5,20.49193,20.49193
16957,C,5,20.49193,20.49193
16958,B,2,20.49193,20.49193
16959,B,23,20.49193,20.49193
16959,C,23,20.49193,20.49193
16961,B,2,20.49193,20.49193
16962,B,15,20.49193,20.49193
16962,C,15,20.49193,20.49193
16963,B,1,20.49193,20.49193
16964,B,9,20.49193,20.49193
16965,B,7,20.49193,20.49193
16966,B,7,20.49193,20.49193
16967,B,30,20.49193,20.49193
16967,C,30,20.49193,20.49193
17022,B,5,20.49193,20.49193
17024,B,31,20.49193,20.49193
17024,C,31,20.49193,20.49193
17026,B,3,20.49193,20.49193
17027,B,9,20.49193,20.49193
17027,C,9,20.49193,20.49193
17029,B,3,20.49193,20.49193
17030,B,7,20.49193,20.49193
17031,B,14,20.49193,20.49193
17031,C,14,20.49193,20.49193
17032,B,32,20.49193,20.49193
17032,C,32,20.49193,20.49193
17086,B,15,20.49193,20.49193
17086,C,15,20.49193,20.49193
17087,B,5,20.49193,20.49193
17087,C,5,20.49193,20.49193
17088,B,86,20.49193,20.49193
17088,C,86,20.49193,20.49193
17089,B,1,20.49193,20.49193
17090,B,14,20.49193,20.49193
17090,C,14,20.49193,20.49193
17091,B,105,20.49193,20.49193
17091,C,105,20.49193,20.49193
17092,B,12,20.49193,20.49193
17092,C,12,20.49193,20.49193
17093,B,73,20.49193,20.49193
17093,C,73,20.49193,20.49193
17094,B,69,20.49193,20.49193
17094,C,69,20.49193,20.49193
17095,B,84,20.49193,20.49193
17095,C,84,20.49193,20.49193
17096,B,149,20.49193,20.49193
17096,C,149,20.49193,20.49193
17150,B,13,20.49193,20.49193
17150,C,13,20.49193,20.49193
17151,B,112,20.49193,20.49193
17151,C,112,20.49193,20.49193
17152,B,12,20.49193,20.49193
17153,B,24,20.49193,20.49193
17153,C,24,20.49193,20.49193
17154,B,179,20.49193,20.49193
17154,C,179,20.49193,20.49193
17155,B,9,20.49193,20.49193
17155,C,9,20.49193,20.49193
17156,B,114,20.49193,20.49193
17156,C,114,20.49193,20.49193
17157,B,131,20.49193,20.49193
17157,C,131,20.49193,20.49193
17158,B,112,20.49193,20.49193
17158,C,112,20.49193,20.49193
17159,B,343,20.49193,20.49193
17159,C,343,20.49193,20.49193
17213,B,61,20.49193,20.49193
17213,C,61,20.49193,20.49193
17214,B,1,20.49193,20.49193
17215,B,7,20.49193,20.49193
17215,C,7,20.49193,20.49193
17216,B,27,20.49193,20.49193
17216,C,27,20.49193,20.49193
17217,B,1,20.49193,20.49193
17218,B,19,20.49193,20.49193
17218,C,19,20.49193,20.49193
17219,B,14,20.49193,20.49193
17219,C,14,20.49193,20.49193
17220,B,16,20.49193,20.49193
17220,C,16,20.49193,20.49193
17221,B,26,20.49193,20.49193
17221,C,26,20.49193,20.49193
17275,B,4,20.49193,20.49193
17276,B,18,20.49193,20.49193
17276,C,18,20.49193,20.49193
17277,B,639,20.49193,20.49193
17277,C,639,20.49193,20.49193
17278,B,21,20.49193,20.49193
17278,C,21,20.49193,20.49193
17279,B,280,20.49193,20.49193
17279,C,280,20.49193,20.49193
17281,B,305,20.49193,20.49193
17281,C,305,20.49193,20.49193
17282,B,133,20.49193,20.49193
17282,C,133,20.49193,20.49193
17283,B,1219,20.49193,20.49193
17283,C,1219,20.49193,20.49193
17337,B,2,20.49193,20.49193
17338,B,11,20.49193,20.49193
17338,C,11,20.49193,20.49193
17340,B,2,20.49193,20.49193
17342,B,1,20.49193,20.49193
17343,B,11,20.49193,20.49193
17397,B,86,20.49193,20.49193
17397,C,86,20.49193,20.49193
17398,B,1,20.49193,20.49193
17399,B,39,20.49193,20.49193
17399,C,39,20.49193,20.49193
17401,B,43,20.49193,20.49193
17401,C,43,20.49193,20.49193
17402,B,14,20.49193,20.49193
17402,C,14,20.49193,20.49193
17403,B,119,20.49193,20.49193
17403,C,119,20.49193,20.49193
17457,B,6,20.49193,20.49193
17457,C,6,20.49193,20.49193
17458,B,235,20.49193,20.49193
17458,C,235,20.49193,20.49193
17460,B,627,20.49193,20.49193
17460,C,627,20.49193,20.49193
17461,B,101,20.49193,20.49193
17461,C,101,20.49193,20.49193
17462,B,966,20.49193,20.49193
17462,C,966,20.49193,20.49193
17463,B,221,20.49193,20.49193
17463,C,221,20.49193,20.49193
17464,B,426,20.49193,20.49193
17464,C,426,20.49193,20.49193
17465,B,434,20.49193,20.49193
17465,C,434,20.49193,20.49193
17469,B,465,20.49193,20.49193
17469,C,465,20.49193,20.49193
17470,B,298,20.49193,20.49193
17470,C,298,20.49193,20.49193
17471,B,214,20.49193,20.49193
17471,C,214,20.49193,20.49193
17472,B,223,20.49193,20.49193
17472,C,223,20.49193,20.49193
17474,B,323,20.49193,20.49193
17474,C,323,20.49193,20.49193
17477,B,59,20.49193,20.49193
17477,C,59,20.49193,20.49193
17478,B,114,20.49193,20.49193
17478,C,114,20.49193,20.49193
17479,B,40,20.49193,20.49193
17479,C,40,20.49193,20.49193
17482,B,10,20.49193,20.49193
17482,C,10,20.49193,20.49193
17484,B,16,20.49193,20.49193
17484,C,16,20.49193,20.49193
17486,B,3,20.49193,20.49193
17487,B,4,20.49193,20.49193
17488,B,156,20.49193,20.49193
17488,C,156,20.49193,20.49193
17489,B,125,20.49193,20.49193
17489,C,125,20.49193,20.49193
17490,B,178,20.49193,20.49193
17490,C,178,20.49193,20.49193
17491,B,22,20.49193,20.49193
17491,C,22,20.49193,20.49193
17492,B,53,20.49193,20.49193
17492,C,53,20.49193,20.49193
17493,B,265,20.49193,20.49193
17493,C,265,20.49193,20.49193
17516,B,13,20.49193,20.49193
17516,C,13,20.49193,20.49193
17518,B,16,20.49193,20.49193
17518,C,16,20.49193,20.49193
17519,B,26,20.49193,20.49193
17519,C,26,20.49193,20.49193
17520,B,44,20.49193,20.49193
17520,C,44,20.49193,20.49193
17574,B,85,20.49193,20.49193
17574,C,85,20.49193,20.49193
17575,B,363,20.49193,20.49193
17575,C,363,20.49193,20.49193
17576,B,102,20.49193,20.49193
17576,C,102,20.49193,20.49193
17577,B,601,20.49193,20.49193
17577,C,601,20.49193,20.49193
17578,B,541,20.49193,20.49193
17578,C,541,20.49193,20.49193
17579,B,32,20.49193,20.49193
17579,C,32,20.49193,20.49193
17580,B,33,20.49193,20.49193
17580,C,33,20.49193,20.49193
17584,B,52,20.49193,20.49193
17584,C,52,20.49193,20.49193
17585,B,54,20.49193,20.49193
17585,C,54,20.49193,20.49193
17586,B,48,20.49193,20.49193
17586,C,48,20.49193,20.49193
17587,B,48,20.49193,20.49193
17587,C,48,20.49193,20.49193
17589,B,50,20.49193,20.49193
17589,C,50,20.49193,20.49193
17626,B,365,20.49193,20.49193
17626,C,365,20.49193,20.49193
17627,B,138,20.49193,20.49193
17627,C,138,20.49193,20.49193
17631,B,533,20.49193,20.49193
17631,C,533,20.49193,20.49193
17633,B,1051,20.49193,20.49193
17633,C,1051,20.49193,20.49193
17634,B,567,20.49193,20.49193
17634,C,567,20.49193,20.49193
17663,B,9,20.49193,20.49193
17663,C,9,20.49193,20.49193
17664,B,374,20.49193,20.49193
17664,C,374,20.49193,20.49193
17665,B,703,20.49193,20.49193
17665,C,703,20.49193,20.49193
17666,B,152,20.49193,20.49193
17666,C,152,20.49193,20.49193
17667,B,443,20.49193,20.49193
17667,C,443,20.49193,20.49193
17671,B,991,20.49193,20.49193
17671,C,991,20.49193,20.49193
17672,B,582,20.49193,20.49193
17672,C,582,20.49193,20.49193
17673,B,381,20.49193,20.49193
17673,C,381,20.49193,20.49193
17674,B,370,20.49193,20.49193
17674,C,370,20.49193,20.49193
17676,B,488,20.49193,20.49193
17676,C,488,20.49193,20.49193
17678,B,111,20.49193,20.49193
17678,C,111,20.49193,20.49193
17679,B,175,20.49193,20.49193
17679,C,175,20.49193,20.49193
17680,B,40,20.49193,20.49193
17680,C,40,20.49193,20.49193
17683,B,12,20.49193,20.49193
17683,C,12,20.49193,20.49193
17685,B,14,20.49193,20.49193
17685,C,14,20.49193,20.49193
17687,B,2,20.49193,20.49193
17688,B,7,20.49193,20.49193
17688,C,7,20.49193,20.49193
17689,B,242,20.49193,20.49193
17689,C,242,20.49193,20.49193
17690,B,398,20.49193,20.49193
17690,C,398,20.49193,20.49193
17691,B,463,20.49193,20.49193
17691,C,463,20.49193,20.49193
17692,B,45,20.49193,20.49193
17692,C,45,20.49193,20.49193
17693,B,86,20.49193,20.49193
17693,C,86,20.49193,20.49193
17694,B,653,20.49193,20.49193
17694,C,653,20.49193,20.49193
17712,B,1032,20.49193,20.49193
17712,C,1032,20.49193,20.49193
17713,B,201,20.49193,20.49193
17713,C,201,20.49193,20.49193
17717,B,16,20.49193,20.49193
17717,C,16,20.49193,20.49193
17718,B,14,20.49193,20.49193
17718,C,14,20.49193,20.49193
17770,B,279,20.49193,20.49193
17770,C,279,20.49193,20.49193
17771,B,251,20.49193,20.49193
17771,C,251,20.49193,20.49193
17772,B,829,20.49193,20.49193
17772,C,829,20.49193,20.49193
17776,B,1426,20.49193,20.49193
17776,C,1426,20.49193,20.49193
17777,B,985,20.49193,20.49193
17777,C,985,20.49193,20.49193
17778,B,589,20.49193,20.49193
17778,C,589,20.49193,20.49193
17779,B,660,20.49193,20.49193
17779,C,660,20.49193,20.49193
17781,B,1294,20.49193,20.49193
17781,C,1294,20.49193,20.49193
17784,B,161,20.49193,20.49193
17784,C,161,20.49193,20.49193
17785,B,592,20.49193,20.49193
17785,C,592,20.49193,20.49193
17786,B,1462,20.49193,20.49193
17786,C,1462,20.49193,20.49193
17789,B,34,20.49193,20.49193
17789,C,34,20.49193,20.49193
17791,B,63,20.49193,20.49193
17791,C,63,20.49193,20.49193
17793,B,41,20.49193,20.49193
17793,C,41,20.49193,20.49193
17794,B,74,20.49193,20.49193
17794,C,74,20.49193,20.49193
17795,B,717,20.49193,20.49193
17795,C,717,20.49193,20.49193
17796,B,974,20.49193,20.49193
17796,C,974,20.49193,20.49193
17797,B,1233,20.49193,20.49193
17797,C,1233,20.49193,20.49193
17798,B,86,20.49193,20.49193
17798,C,86,20.49193,20.49193
17799,B,217,20.49193,20.49193
17799,C,217,20.49193,20.49193
17800,B,1353,20.49193,20.49193
17800,C,1353,20.49193,20.49193
17801,B,1,20.49193,20.49193
17805,B,12,20.49193,20.49193
17805,C,12,20.49193,20.49193
17806,B,81,20.49193,20.49193
17806,C,81,20.49193,20.49193
17808,B,238,20.49193,20.49193
17808,C,238,20.49193,20.49193
17810,B,156,20.49193,20.49193
17810,C,156,20.49193,20.49193
17812,B,127,20.49193,20.49193
17812,C,127,20.49193,20.49193
17814,B,55,20.49193,20.49193
17814,C,55,20.49193,20.49193
17815,B,3,20.49193,20.49193
17816,B,1,20.49193,20.49193
17817,B,506,20.49193,20.49193
17817,C,506,20.49193,20.49193
17818,B,1237,20.49193,20.49193
17818,C,1237,20.49193,20.49193
17819,B,497,20.49193,20.49193
17819,C,497,20.49193,20.49193
17823,B,333,20.49193,20.49193
17823,C,333,20.49193,20.49193
17824,B,938,20.49193,20.49193
17824,C,938,20.49193,20.49193
17825,B,726,20.49193,20.49193
17825,C,726,20.49193,20.49193
17826,B,602,20.49193,20.49193
17826,C,602,20.49193,20.49193
17827,B,1292,20.49193,20.49193
17827,C,1292,20.49193,20.49193
17828,B,1326,20.49193,20.49193
17828,C,1326,20.49193,20.49193
17829,B,1278,20.49193,20.49193
17829,C,1278,20.49193,20.49193
17830,B,893,20.49193,20.49193
17830,C,893,20.49193,20.49193
17831,B,961,20.49193,20.49193
17831,C,961,20.49193,20.49193
17833,B,1023,20.49193,20.49193
17833,C,1023,20.49193,20.49193
17870,B,1093,20.49193,20.49193
17870,C,1093,20.49193,20.49193
17871,B,434,20.49193,20.49193
17871,C,434,20.49193,20.49193
17875,B,423,20.49193,20.49193
17875,C,423,20.49193,20.49193
17876,B,338,20.49193,20.49193
17876,C,338,20.49193,20.49193
17877,B,167,20.49193,20.49193
17877,C,167,20.49193,20.49193
17878,B,487,20.49193,20.49193
17878,C,487,20.49193,20.49193
17879,B,1019,20.49193,20.49193
17879,C,1019,20.49193,20.49193
17880,B,951,20.49193,20.49193
17880,C,951,20.49193,20.49193
17881,B,555,20.49193,20.49193
17881,C,555,20.49193,20.49193
17882,B,433,20.49193,20.49193
17882,C,433,20.49193,20.49193
17884,B,810,20.49193,20.49193
17884,C,810,20.49193,20.49193
17887,B,86,20.49193,20.49193
17887,C,86,20.49193,20.49193
17888,B,155,20.49193,20.49193
17888,C,155,20.49193,20.49193
17889,B,25,20.49193,20.49193
17889,C,25,20.49193,20.49193
17892,B,12,20.49193,20.49193
17894,B,14,20.49193,20.49193
17894,C,14,20.49193,20.49193
17896,B,4,20.49193,20.49193
17896,C,4,20.49193,20.49193
17897,B,1,20.49193,20.49193
17898,B,216,20.49193,20.49193
17898,C,216,20.49193,20.49193
17899,B,244,20.49193,20.49193
17899,C,244,20.49193,20.49193
17900,B,305,20.49193,20.49193
17900,C,305,20.49193,20.49193
17901,B,24,20.49193,20.49193
17901,C,24,20.49193,20.49193
17902,B,68,20.49193,20.49193
17902,C,68,20.49193,20.49193
17903,B,328,20.49193,20.49193
17903,C,328,20.49193,20.49193
17908,B,2,20.49193,20.49193
17908,C,2,20.49193,20.49193
17909,B,11,20.49193,20.49193
17909,C,11,20.49193,20.49193
17911,B,60,20.49193,20.49193
17911,C,60,20.49193,20.49193
17913,B,37,20.49193,20.49193
17913,C,37,20.49193,20.49193
17915,B,28,20.49193,20.49193
17915,C,28,20.49193,20.49193
17917,B,6,20.49193,20.49193
17920,B,75,20.49193,20.49193
17920,C,75,20.49193,20.49193
17921,B,79,20.49193,20.49193
17921,C,79,20.49193,20.49193
17922,B,41,20.49193,20.49193
17922,C,41,20.49193,20.49193
17926,B,196,20.49193,20.49193
17926,C,196,20.49193,20.49193
17927,B,257,20.49193,20.49193
17927,C,257,20.49193,20.49193
17928,B,671,20.49193,20.49193
17928,C,671,20.49193,20.49193
17929,B,1232,20.49193,20.49193
17929,C,1232,20.49193,20.49193
17930,B,1050,20.49193,20.49193
17930,C,1050,20.49193,20.49193
17931,B,473,20.49193,20.49193
17931,C,473,20.49193,20.49193
17932,B,494,20.49193,20.49193
17932,C,494,20.49193,20.49193
17934,B,999,20.49193,20.49193
17934,C,999,20.49193,20.49193
17937,B,125,20.49193,20.49193
17937,C,125,20.49193,20.49193
17938,B,334,20.49193,20.49193
17938,C,334,20.49193,20.49193
17939,B,43,20.49193,20.49193
17939,C,43,20.49193,20.49193
17942,B,15,20.49193,20.49193
17942,C,15,20.49193,20.49193
17944,B,29,20.49193,20.49193
17944,C,29,20.49193,20.49193
17946,B,12,20.49193,20.49193
17947,B,14,20.49193,20.49193
17947,C,14,20.49193,20.49193
17948,B,357,20.49193,20.49193
17948,C,357,20.49193,20.49193
17949,B,404,20.49193,20.49193
17949,C,404,20.49193,20.49193
17950,B,499,20.49193,20.49193
17950,C,499,20.49193,20.49193
17951,B,57,20.49193,20.49193
17951,C,57,20.49193,20.49193
17952,B,93,20.49193,20.49193
17952,C,93,20.49193,20.49193
17953,B,651,20.49193,20.49193
17953,C,651,20.49193,20.49193
17958,B,9,20.49193,20.49193
17958,C,9,20.49193,20.49193
17959,B,33,20.49193,20.49193
17959,C,33,20.49193,20.49193
17961,B,120,20.49193,20.49193
17961,C,120,20.49193,20.49193
17963,B,78,20.49193,20.49193
17963,C,78,20.49193,20.49193
17965,B,49,20.49193,20.49193
17965,C,49,20.49193,20.49193
17967,B,19,20.49193,20.49193
17967,C,19,20.49193,20.49193
17970,B,126,20.49193,20.49193
17970,C,126,20.49193,20.49193
17971,B,75,20.49193,20.49193
17971,C,75,20.49193,20.49193
17972,B,47,20.49193,20.49193
17972,C,47,20.49193,20.49193
17976,B,61,20.49193,20.49193
17976,C,61,20.49193,20.49193
17977,B,213,20.49193,20.49193
17977,C,213,20.49193,20.49193
17978,B,388,20.49193,20.49193
17978,C,388,20.49193,20.49193
17979,B,424,20.49193,20.49193
17979,C,424,20.49193,20.49193
17980,B,169,20.49193,20.49193
17980,C,169,20.49193,20.49193
17981,B,174,20.49193,20.49193
17981,C,174,20.49193,20.49193
17983,B,397,20.49193,20.49193
17983,C,397,20.49193,20.49193
18025,B,111,20.49193,20.49193
18025,C,111,20.49193,20.49193
18026,B,202,20.49193,20.49193
18026,C,202,20.49193,20.49193
18027,B,176,20.49193,20.49193
18027,C,176,20.49193,20.49193
18028,B,154,20.49193,20.49193
18028,C,154,20.49193,20.49193
18029,B,148,20.49193,20.49193
18029,C,148,20.49193,20.49193
18031,B,230,20.49193,20.49193
18031,C,230,20.49193,20.49193
18073,B,258,20.49193,20.49193
18073,C,258,20.49193,20.49193
18074,B,311,20.49193,20.49193
18074,C,311,20.49193,20.49193
18075,B,145,20.49193,20.49193
18075,C,145,20.49193,20.49193
18076,B,144,20.49193,20.49193
18076,C,144,20.49193,20.49193
18078,B,733,20.49193,20.49193
18078,C,733,20.49193,20.49193
18120,B,100,20.49193,20.49193
18120,C,100,20.49193,20.49193
18121,B,184,20.49193,20.49193
18121,C,184,20.49193,20.49193
18122,B,182,20.49193,20.49193
18122,C,182,20.49193,20.49193
18124,B,1436,20.49193,20.49193
18124,C,1436,20.49193,20.49193
18127,B,253,20.49193,20.49193
18127,C,253,20.49193,20.49193
18128,B,801,20.49193,20.49193
18128,C,801,20.49193,20.49193
18129,B,1460,20.49193,20.49193
18129,C,1460,20.49193,20.49193
18132,B,28,20.49193,20.49193
18132,C,28,20.49193,20.49193
18134,B,42,20.49193,20.49193
18134,C,42,20.49193,20.49193
18136,B,14,20.49193,20.49193
18136,C,14,20.49193,20.49193
18137,B,27,20.49193,20.49193
18137,C,27,20.49193,20.49193
18138,B,1059,20.49193,20.49193
18138,C,1059,20.49193,20.49193
18139,B,984,20.49193,20.49193
18139,C,984,20.49193,20.49193
18140,B,1269,20.49193,20.49193
18140,C,1269,20.49193,20.49193
18141,B,102,20.49193,20.49193
18141,C,102,20.49193,20.49193
18142,B,221,20.49193,20.49193
18142,C,221,20.49193,20.49193
18143,B,1355,20.49193,20.49193
18143,C,1355,20.49193,20.49193
18144,B,1,20.49193,20.49193
18148,B,8,20.49193,20.49193
18148,C,8,20.49193,20.49193
18149,B,51,20.49193,20.49193
18149,C,51,20.49193,20.49193
18151,B,263,20.49193,20.49193
18151,C,263,20.49193,20.49193
18153,B,149,20.49193,20.49193
18153,C,149,20.49193,20.49193
18155,B,100,20.49193,20.49193
18155,C,100,20.49193,20.49193
18157,B,45,20.49193,20.49193
18157,C,45,20.49193,20.49193
18160,B,357,20.49193,20.49193
18160,C,357,20.49193,20.49193
18161,B,102,20.49193,20.49193
18161,C,102,20.49193,20.49193
18162,B,38,20.49193,20.49193
18162,C,38,20.49193,20.49193
18166,B,91,20.49193,20.49193
18166,C,91,20.49193,20.49193
18167,B,109,20.49193,20.49193
18167,C,109,20.49193,20.49193
18169,B,1240,20.49193,20.49193
18169,C,1240,20.49193,20.49193
18172,B,121,20.49193,20.49193
18172,C,121,20.49193,20.49193
18173,B,286,20.49193,20.49193
18173,C,286,20.49193,20.49193
18174,B,29,20.49193,20.49193
18174,C,29,20.49193,20.49193
18177,B,8,20.49193,20.49193
18177,C,8,20.49193,20.49193
18179,B,7,20.49193,20.49193
18179,C,7,20.49193,20.49193
18181,B,10,20.49193,20.49193
18181,C,10,20.49193,20.49193
18182,B,6,20.49193,20.49193
18183,B,446,20.49193,20.49193
18183,C,446,20.49193,20.49193
18184,B,784,20.49193,20.49193
18184,C,784,20.49193,20.49193
18185,B,625,20.49193,20.49193
18185,C,625,20.49193,20.49193
18186,B,41,20.49193,20.49193
18186,C,41,20.49193,20.49193
18187,B,79,20.49193,20.49193
18187,C,79,20.49193,20.49193
18188,B,791,20.49193,20.49193
18188,C,791,20.49193,20.49193
18193,B,10,20.49193,20.49193
18193,C,10,20.49193,20.49193
18194,B,26,20.49193,20.49193
18194,C,26,20.49193,20.49193
18196,B,137,20.49193,20.49193
18196,C,137,20.49193,20.49193
18198,B,54,20.49193,20.49193
18198,C,54,20.49193,20.49193
18200,B,56,20.49193,20.49193
18200,C,56,20.49193,20.49193
18202,B,17,20.49193,20.49193
18202,C,17,20.49193,20.49193
18203,B,1,20.49193,20.49193
18205,B,107,20.49193,20.49193
18205,C,107,20.49193,20.49193
18206,B,133,20.49193,20.49193
18206,C,133,20.49193,20.49193
18207,B,38,20.49193,20.49193
18207,C,38,20.49193,20.49193
18211,B,20,20.49193,20.49193
18211,C,20,20.49193,20.49193
18213,B,1124,20.49193,20.49193
18213,C,1124,20.49193,20.49193
18216,B,291,20.49193,20.49193
18216,C,291,20.49193,20.49193
18217,B,612,20.49193,20.49193
18217,C,612,20.49193,20.49193
18218,B,45,20.49193,20.49193
18218,C,45,20.49193,20.49193
18221,B,20,20.49193,20.49193
18221,C,20,20.49193,20.49193
18223,B,19,20.49193,20.49193
18223,C,19,20.49193,20.49193
18225,B,1,20.49193,20.49193
18226,B,9,20.49193,20.49193
18226,C,9,20.49193,20.49193
18227,B,607,20.49193,20.49193
18227,C,607,20.49193,20.49193
18228,B,593,20.49193,20.49193
18228,C,593,20.49193,20.49193
18229,B,667,20.49193,20.49193
18229,C,667,20.49193,20.49193
18230,B,66,20.49193,20.49193
18230,C,66,20.49193,20.49193
18231,B,111,20.49193,20.49193
18231,C,111,20.49193,20.49193
18232,B,777,20.49193,20.49193
18232,C,777,20.49193,20.49193
18237,B,16,20.49193,20.49193
18237,C,16,20.49193,20.49193
18238,B,47,20.49193,20.49193
18238,C,47,20.49193,20.49193
18240,B,154,20.49193,20.49193
18240,C,154,20.49193,20.49193
18242,B,96,20.49193,20.49193
18242,C,96,20.49193,20.49193
18244,B,74,20.49193,20.49193
18244,C,74,20.49193,20.49193
18246,B,34,20.49193,20.49193
18246,C,34,20.49193,20.49193
18249,B,117,20.49193,20.49193
18249,C,117,20.49193,20.49193
18250,B,58,20.49193,20.49193
18250,C,58,20.49193,20.49193
18251,B,36,20.49193,20.49193
18251,C,36,20.49193,20.49193
18256,B,926,20.49193,20.49193
18256,C,926,20.49193,20.49193
18259,B,128,20.49193,20.49193
18259,C,128,20.49193,20.49193
18260,B,262,20.49193,20.49193
18260,C,262,20.49193,20.49193
18261,B,26,20.49193,20.49193
18261,C,26,20.49193,20.49193
18264,B,10,20.49193,20.49193
18264,C,10,20.49193,20.49193
18266,B,8,20.49193,20.49193
18266,C,8,20.49193,20.49193
18268,C,1,20.49193,20.49193
18269,B,3,20.49193,20.49193
18270,B,237,20.49193,20.49193
18270,C,237,20.49193,20.49193
18271,B,286,20.49193,20.49193
18271,C,286,20.49193,20.49193
18272,B,320,20.49193,20.49193
18272,C,320,20.49193,20.49193
18273,B,21,20.49193,20.49193
18273,C,21,20.49193,20.49193
18274,B,60,20.49193,20.49193
18274,C,60,20.49193,20.49193
18275,B,466,20.49193,20.49193
18275,C,466,20.49193,20.49193
18279,B,1,20.49193,20.49193
18280,B,5,20.49193,20.49193
18280,C,5,20.49193,20.49193
18281,B,22,20.49193,20.49193
18281,C,22,20.49193,20.49193
18283,B,116,20.49193,20.49193
18283,C,116,20.49193,20.49193
18284,B,39,20.49193,20.49193
18284,C,39,20.49193,20.49193
18285,B,45,20.49193,20.49193
18285,C,45,20.49193,20.49193
18287,B,10,20.49193,20.49193
18288,B,1,20.49193,20.49193
18290,B,80,20.49193,20.49193
18290,C,80,20.49193,20.49193
18291,B,57,20.49193,20.49193
18291,C,57,20.49193,20.49193
18292,B,26,20.49193,20.49193
18292,C,26,20.49193,20.49193
18340,B,547,20.49193,20.49193
18340,C,547,20.49193,20.49193
18341,B,1222,20.49193,20.49193
18341,C,1222,20.49193,20.49193
18342,B,1462,20.49193,20.49193
18342,C,1462,20.49193,20.49193
18344,B,1,20.49193,20.49193
18345,B,381,20.49193,20.49193
18345,C,381,20.49193,20.49193
18346,B,198,20.49193,20.49193
18346,C,198,20.49193,20.49193
18347,B,957,20.49193,20.49193
18347,C,957,20.49193,20.49193
18349,B,770,20.49193,20.49193
18349,C,770,20.49193,20.49193
18350,B,946,20.49193,20.49193
18350,C,946,20.49193,20.49193
18351,B,1271,20.49193,20.49193
18351,C,1271,20.49193,20.49193
18352,B,1186,20.49193,20.49193
18352,C,1186,20.49193,20.49193
18353,B,1283,20.49193,20.49193
18353,C,1283,20.49193,20.49193
18354,B,99,20.49193,20.49193
18354,C,99,20.49193,20.49193
18355,B,251,20.49193,20.49193
18355,C,251,20.49193,20.49193
18356,B,1352,20.49193,20.49193
18356,C,1352,20.49193,20.49193
18360,B,2,20.49193,20.49193
18360,C,2,20.49193,20.49193
18361,B,23,20.49193,20.49193
18361,C,23,20.49193,20.49193
18362,B,80,20.49193,20.49193
18362,C,80,20.49193,20.49193
18364,B,224,20.49193,20.49193
18364,C,224,20.49193,20.49193
18366,B,102,20.49193,20.49193
18366,C,102,20.49193,20.49193
18368,B,70,20.49193,20.49193
18368,C,70,20.49193,20.49193
18370,B,47,20.49193,20.49193
18370,C,47,20.49193,20.49193
18371,B,2,20.49193,20.49193
18373,B,210,20.49193,20.49193
18373,C,210,20.49193,20.49193
18374,B,81,20.49193,20.49193
18374,C,81,20.49193,20.49193
18375,B,39,20.49193,20.49193
18375,C,39,20.49193,20.49193
18457,B,156,20.49193,20.49193
18457,C,156,20.49193,20.49193
18458,B,73,20.49193,20.49193
18458,C,73,20.49193,20.49193
18461,B,35,20.49193,20.49193
18461,C,35,20.49193,20.49193
18462,B,22,20.49193,20.49193
18462,C,22,20.49193,20.49193
18463,B,78,20.49193,20.49193
18463,C,78,20.49193,20.49193
18465,B,66,20.49193,20.49193
18465,C,66,20.49193,20.49193
18466,B,69,20.49193,20.49193
18466,C,69,20.49193,20.49193
18467,B,146,20.49193,20.49193
18467,C,146,20.49193,20.49193
18468,B,119,20.49193,20.49193
18468,C,119,20.49193,20.49193
18469,B,141,20.49193,20.49193
18469,C,141,20.49193,20.49193
18470,B,8,20.49193,20.49193
18470,C,8,20.49193,20.49193
18471,B,37,20.49193,20.49193
18471,C,37,20.49193,20.49193
18472,B,134,20.49193,20.49193
18472,C,134,20.49193,20.49193
18482,B,1,20.49193,20.49193
18495,B,56,20.49193,20.49193
18495,C,56,20.49193,20.49193
18498,B,6,20.49193,20.49193
18498,C,6,20.49193,20.49193
18500,B,7,20.49193,20.49193
18502,B,1,20.49193,20.49193
18503,B,6,20.49193,20.49193
18504,B,327,20.49193,20.49193
18504,C,327,20.49193,20.49193
18505,B,428,20.49193,20.49193
18505,C,428,20.49193,20.49193
18506,B,395,20.49193,20.49193
18506,C,395,20.49193,20.49193
18507,B,39,20.49193,20.49193
18507,C,39,20.49193,20.49193
18508,B,110,20.49193,20.49193
18508,C,110,20.49193,20.49193
18509,B,463,20.49193,20.49193
18509,C,463,20.49193,20.49193
18514,B,10,20.49193,20.49193
18514,C,10,20.49193,20.49193
18515,B,13,20.49193,20.49193
18515,C,13,20.49193,20.49193
18517,B,83,20.49193,20.49193
18517,C,83,20.49193,20.49193
18519,B,54,20.49193,20.49193
18519,C,54,20.49193,20.49193
18521,B,19,20.49193,20.49193
18521,C,19,20.49193,20.49193
18523,B,15,20.49193,20.49193
18523,C,15,20.49193,20.49193
18526,B,65,20.49193,20.49193
18526,C,65,20.49193,20.49193
18532,B,1,20.49193,20.49193
18533,B,756,20.49193,20.49193
18533,C,756,20.49193,20.49193
18534,B,421,20.49193,20.49193
18534,C,421,20.49193,20.49193
18535,B,1262,20.49193,20.49193
18535,C,1262,20.49193,20.49193
18537,B,761,20.49193,20.49193
18537,C,761,20.49193,20.49193
18538,B,636,20.49193,20.49193
18538,C,636,20.49193,20.49193
18539,B,909,20.49193,20.49193
18539,C,909,20.49193,20.49193
18540,B,701,20.49193,20.49193
18540,C,701,20.49193,20.49193
18541,B,736,20.49193,20.49193
18541,C,736,20.49193,20.49193
18542,B,94,20.49193,20.49193
18542,C,94,20.49193,20.49193
18543,B,175,20.49193,20.49193
18543,C,175,20.49193,20.49193
18544,B,992,20.49193,20.49193
18544,C,992,20.49193,20.49193
18545,B,47,20.49193,20.49193
18545,C,47,20.49193,20.49193
18546,B,18,20.49193,20.49193
18546,C,18,20.49193,20.49193
18548,B,264,20.49193,20.49193
18548,C,264,20.49193,20.49193
18550,B,175,20.49193,20.49193
18550,C,175,20.49193,20.49193
18552,B,341,20.49193,20.49193
18552,C,341,20.49193,20.49193
18554,B,165,20.49193,20.49193
18554,C,165,20.49193,20.49193
18556,B,88,20.49193,20.49193
18556,C,88,20.49193,20.49193
18558,B,57,20.49193,20.49193
18558,C,57,20.49193,20.49193
18559,B,5,20.49193,20.49193
18559,C,5,20.49193,20.49193
1856,B,42,20.49193,20.49193
1856,C,42,20.49193,20.49193
18561,B,240,20.49193,20.49193
18561,C,240,20.49193,20.49193
18636,B,385,20.49193,20.49193
18636,C,385,20.49193,20.49193
18637,B,843,20.49193,20.49193
18637,C,843,20.49193,20.49193
18639,B,453,20.49193,20.49193
18639,C,453,20.49193,20.49193
18640,B,368,20.49193,20.49193
18640,C,368,20.49193,20.49193
18641,B,479,20.49193,20.49193
18641,C,479,20.49193,20.49193
18642,B,289,20.49193,20.49193
18642,C,289,20.49193,20.49193
18643,B,345,20.49193,20.49193
18643,C,345,20.49193,20.49193
18644,B,34,20.49193,20.49193
18644,C,34,20.49193,20.49193
18645,B,69,20.49193,20.49193
18645,C,69,20.49193,20.49193
18646,B,302,20.49193,20.49193
18646,C,302,20.49193,20.49193
18647,B,10,20.49193,20.49193
18647,C,10,20.49193,20.49193
18650,B,32,20.49193,20.49193
18650,C,32,20.49193,20.49193
18652,B,30,20.49193,20.49193
18652,C,30,20.49193,20.49193
18654,B,44,20.49193,20.49193
18654,C,44,20.49193,20.49193
18656,B,27,20.49193,20.49193
18656,C,27,20.49193,20.49193
18658,B,9,20.49193,20.49193
18658,C,9,20.49193,20.49193
18660,B,4,20.49193,20.49193
18663,B,59,20.49193,20.49193
18663,C,59,20.49193,20.49193
18669,B,174,20.49193,20.49193
18669,C,174,20.49193,20.49193
18671,B,93,20.49193,20.49193
18671,C,93,20.49193,20.49193
18672,B,51,20.49193,20.49193
18672,C,51,20.49193,20.49193
18673,B,57,20.49193,20.49193
18673,C,57,20.49193,20.49193
18674,B,26,20.49193,20.49193
18675,B,32,20.49193,20.49193
18675,C,32,20.49193,20.49193
18676,B,1,20.49193,20.49193
18677,B,9,20.49193,20.49193
18678,B,54,20.49193,20.49193
18678,C,54,20.49193,20.49193
18679,B,1,20.49193,20.49193
18682,B,2,20.49193,20.49193
18682,C,2,20.49193,20.49193
18684,B,2,20.49193,20.49193
18686,B,3,20.49193,20.49193
18702,B,432,20.49193,20.49193
18702,C,432,20.49193,20.49193
18703,B,392,20.49193,20.49193
18703,C,392,20.49193,20.49193
18704,B,559,20.49193,20.49193
18704,C,559,20.49193,20.49193
18705,B,254,20.49193,20.49193
18705,C,254,20.49193,20.49193
18706,B,268,20.49193,20.49193
18706,C,268,20.49193,20.49193
18707,B,42,20.49193,20.49193
18707,C,42,20.49193,20.49193
18708,B,74,20.49193,20.49193
18708,C,74,20.49193,20.49193
18709,B,297,20.49193,20.49193
18709,C,297,20.49193,20.49193
18710,B,15,20.49193,20.49193
18710,C,15,20.49193,20.49193
18713,B,24,20.49193,20.49193
18713,C,24,20.49193,20.49193
18715,B,41,20.49193,20.49193
18715,C,41,20.49193,20.49193
18717,B,70,20.49193,20.49193
18717,C,70,20.49193,20.49193
18719,B,43,20.49193,20.49193
18719,C,43,20.49193,20.49193
18721,B,24,20.49193,20.49193
18721,C,24,20.49193,20.49193
18723,B,18,20.49193,20.49193
18723,C,18,20.49193,20.49193
18724,B,2,20.49193,20.49193
18726,B,89,20.49193,20.49193
18726,C,89,20.49193,20.49193
18762,B,132,20.49193,20.49193
18762,C,132,20.49193,20.49193
18763,B,389,20.49193,20.49193
18763,C,389,20.49193,20.49193
18764,B,154,20.49193,20.49193
18764,C,154,20.49193,20.49193
18765,B,207,20.49193,20.49193
18765,C,207,20.49193,20.49193
18766,B,20,20.49193,20.49193
18766,C,20,20.49193,20.49193
18767,B,69,20.49193,20.49193
18767,C,69,20.49193,20.49193
18768,B,167,20.49193,20.49193
18768,C,167,20.49193,20.49193
18769,B,27,20.49193,20.49193
18769,C,27,20.49193,20.49193
18772,B,15,20.49193,20.49193
18772,C,15,20.49193,20.49193
18774,B,13,20.49193,20.49193
18774,C,13,20.49193,20.49193
18776,B,43,20.49193,20.49193
18776,C,43,20.49193,20.49193
18778,B,28,20.49193,20.49193
18778,C,28,20.49193,20.49193
18780,B,21,20.49193,20.49193
18780,C,21,20.49193,20.49193
18782,B,6,20.49193,20.49193
18785,B,54,20.49193,20.49193
18785,C,54,20.49193,20.49193
18791,B,411,20.49193,20.49193
18791,C,411,20.49193,20.49193
18792,B,182,20.49193,20.49193
18792,C,182,20.49193,20.49193
18793,B,198,20.49193,20.49193
18793,C,198,20.49193,20.49193
18794,B,27,20.49193,20.49193
18794,C,27,20.49193,20.49193
18795,B,49,20.49193,20.49193
18795,C,49,20.49193,20.49193
18796,B,134,20.49193,20.49193
18796,C,134,20.49193,20.49193
18797,B,12,20.49193,20.49193
18797,C,12,20.49193,20.49193
18800,B,7,20.49193,20.49193
18802,B,6,20.49193,20.49193
18802,C,6,20.49193,20.49193
18804,B,31,20.49193,20.49193
18804,C,31,20.49193,20.49193
18806,B,14,20.49193,20.49193
18806,C,14,20.49193,20.49193
18808,B,5,20.49193,20.49193
18810,B,8,20.49193,20.49193
18810,C,8,20.49193,20.49193
18811,B,1,20.49193,20.49193
18813,B,36,20.49193,20.49193
18813,C,36,20.49193,20.49193
18819,B,634,20.49193,20.49193
18819,C,634,20.49193,20.49193
18820,B,653,20.49193,20.49193
18820,C,653,20.49193,20.49193
18821,B,64,20.49193,20.49193
18821,C,64,20.49193,20.49193
18822,B,123,20.49193,20.49193
18822,C,123,20.49193,20.49193
18823,B,659,20.49193,20.49193
18823,C,659,20.49193,20.49193
18824,B,3,20.49193,20.49193
18824,C,3,20.49193,20.49193
18827,B,22,20.49193,20.49193
18828,B,2,20.49193,20.49193
18829,B,40,20.49193,20.49193
18829,C,40,20.49193,20.49193
18831,B,84,20.49193,20.49193
18831,C,84,20.49193,20.49193
18833,B,64,20.49193,20.49193
18833,C,64,20.49193,20.49193
18835,B,34,20.49193,20.49193
18835,C,34,20.49193,20.49193
18837,B,16,20.49193,20.49193
18837,C,16,20.49193,20.49193
18840,B,102,20.49193,20.49193
18840,C,102,20.49193,20.49193
18846,B,7,20.49193,20.49193
18846,C,7,20.49193,20.49193
18847,B,23,20.49193,20.49193
18847,C,23,20.49193,20.49193
18848,B,234,20.49193,20.49193
18848,C,234,20.49193,20.49193
18849,B,701,20.49193,20.49193
18849,C,701,20.49193,20.49193
18850,B,4,20.49193,20.49193
18850,C,4,20.49193,20.49193
18853,B,9,20.49193,20.49193
18853,C,9,20.49193,20.49193
18854,B,13,20.49193,20.49193
18855,B,32,20.49193,20.49193
18855,C,32,20.49193,20.49193
18857,B,107,20.49193,20.49193
18857,C,107,20.49193,20.49193
18859,B,58,20.49193,20.49193
18859,C,58,20.49193,20.49193
18861,B,19,20.49193,20.49193
18861,C,19,20.49193,20.49193
18863,B,21,20.49193,20.49193
18863,C,21,20.49193,20.49193
18864,B,1,20.49193,20.49193
18866,B,70,20.49193,20.49193
18866,C,70,20.49193,20.49193
18872,B,183,20.49193,20.49193
18872,C,183,20.49193,20.49193
18873,B,556,20.49193,20.49193
18873,C,556,20.49193,20.49193
18874,B,1359,20.49193,20.49193
18874,C,1359,20.49193,20.49193
18875,B,13,20.49193,20.49193
18875,C,13,20.49193,20.49193
18876,B,10,20.49193,20.49193
18876,C,10,20.49193,20.49193
18878,B,222,20.49193,20.49193
18878,C,222,20.49193,20.49193
18879,B,98,20.49193,20.49193
18879,C,98,20.49193,20.49193
18880,B,293,20.49193,20.49193
18880,C,293,20.49193,20.49193
18882,B,491,20.49193,20.49193
18882,C,491,20.49193,20.49193
18884,B,296,20.49193,20.49193
18884,C,296,20.49193,20.49193
18886,B,104,20.49193,20.49193
18886,C,104,20.49193,20.49193
18888,B,72,20.49193,20.49193
18888,C,72,20.49193,20.49193
18889,B,7,20.49193,20.49193
18889,C,7,20.49193,20.49193
18891,B,346,20.49193,20.49193
18891,C,346,20.49193,20.49193
18897,B,45,20.49193,20.49193
18897,C,45,20.49193,20.49193
18898,B,153,20.49193,20.49193
18898,C,153,20.49193,20.49193
18899,C,1,20.49193,20.49193
18902,B,17,20.49193,20.49193
18902,C,17,20.49193,20.49193
18903,B,3,20.49193,20.49193
18904,B,34,20.49193,20.49193
18904,C,34,20.49193,20.49193
18906,B,79,20.49193,20.49193
18906,C,79,20.49193,20.49193
18908,B,41,20.49193,20.49193
18908,C,41,20.49193,20.49193
18910,B,28,20.49193,20.49193
18910,C,28,20.49193,20.49193
18912,B,10,20.49193,20.49193
18912,C,10,20.49193,20.49193
18913,C,2,20.49193,20.49193
18915,B,39,20.49193,20.49193
18915,C,39,20.49193,20.49193
18921,B,382,20.49193,20.49193
18921,C,382,20.49193,20.49193
18922,B,11,20.49193,20.49193
18922,C,11,20.49193,20.49193
18925,B,25,20.49193,20.49193
18925,C,25,20.49193,20.49193
18926,B,11,20.49193,20.49193
18926,C,11,20.49193,20.49193
18927,B,50,20.49193,20.49193
18927,C,50,20.49193,20.49193
18929,B,99,20.49193,20.49193
18929,C,99,20.49193,20.49193
18931,B,55,20.49193,20.49193
18931,C,55,20.49193,20.49193
18933,B,55,20.49193,20.49193
18933,C,55,20.49193,20.49193
18935,B,28,20.49193,20.49193
18935,C,28,20.49193,20.49193
18936,B,1,20.49193,20.49193
18938,B,72,20.49193,20.49193
18938,C,72,20.49193,20.49193
18944,B,32,20.49193,20.49193
18944,C,32,20.49193,20.49193
18945,B,42,20.49193,20.49193
18945,C,42,20.49193,20.49193
18946,B,19,20.49193,20.49193
18946,C,19,20.49193,20.49193
18947,B,551,20.49193,20.49193
18947,C,551,20.49193,20.49193
18948,B,498,20.49193,20.49193
18948,C,498,20.49193,20.49193
18949,B,790,20.49193,20.49193
18949,C,790,20.49193,20.49193
18951,B,1132,20.49193,20.49193
18951,C,1132,20.49193,20.49193
18953,B,688,20.49193,20.49193
18953,C,688,20.49193,20.49193
18955,B,303,20.49193,20.49193
18955,C,303,20.49193,20.49193
18956,B,1,20.49193,20.49193
18957,B,173,20.49193,20.49193
18957,C,173,20.49193,20.49193
18958,B,26,20.49193,20.49193
18958,C,26,20.49193,20.49193
18959,B,1,20.49193,20.49193
18960,B,713,20.49193,20.49193
18960,C,713,20.49193,20.49193
18966,B,1,20.49193,20.49193
18969,B,1,20.49193,20.49193
18970,B,2,20.49193,20.49193
18972,B,12,20.49193,20.49193
18972,C,12,20.49193,20.49193
18974,B,3,20.49193,20.49193
18974,C,3,20.49193,20.49193
18976,B,5,20.49193,20.49193
18976,C,5,20.49193,20.49193
18978,B,4,20.49193,20.49193
18978,C,4,20.49193,20.49193
18981,B,10,20.49193,20.49193
18990,B,1,20.49193,20.49193
18992,B,2,20.49193,20.49193
18992,C,2,20.49193,20.49193
19027,B,1,20.49193,20.49193
19029,B,14,20.49193,20.49193
19029,C,14,20.49193,20.49193
19031,B,15,20.49193,20.49193
19031,C,15,20.49193,20.49193
19033,B,1,20.49193,20.49193
19035,B,4,20.49193,20.49193
19038,B,27,20.49193,20.49193
19038,C,27,20.49193,20.49193
19044,B,3,20.49193,20.49193
19044,C,3,20.49193,20.49193
19046,B,27,20.49193,20.49193
19046,C,27,20.49193,20.49193
19048,B,5,20.49193,20.49193
19048,C,5,20.49193,20.49193
19050,B,11,20.49193,20.49193
19050,C,11,20.49193,20.49193
19055,B,9,20.49193,20.49193
19055,C,9,20.49193,20.49193
19062,B,76,20.49193,20.49193
19062,C,76,20.49193,20.49193
19064,B,73,20.49193,20.49193
19064,C,73,20.49193,20.49193
19066,B,71,20.49193,20.49193
19066,C,71,20.49193,20.49193
19068,B,27,20.49193,20.49193
19068,C,27,20.49193,20.49193
19069,B,4,20.49193,20.49193
19069,C,4,20.49193,20.49193
19071,B,116,20.49193,20.49193
19071,C,116,20.49193,20.49193
19093,B,675,20.49193,20.49193
19093,C,675,20.49193,20.49193
19095,B,203,20.49193,20.49193
19095,C,203,20.49193,20.49193
19096,B,1,20.49193,20.49193
19097,B,96,20.49193,20.49193
19097,C,96,20.49193,20.49193
19098,B,17,20.49193,20.49193
19098,C,17,20.49193,20.49193
19100,B,271,20.49193,20.49193
19100,C,271,20.49193,20.49193
19120,B,277,20.49193,20.49193
19120,C,277,20.49193,20.49193
19121,B,1,20.49193,20.49193
19122,B,104,20.49193,20.49193
19122,C,104,20.49193,20.49193
19123,B,13,20.49193,20.49193
19123,C,13,20.49193,20.49193
19125,B,436,20.49193,20.49193
19125,C,436,20.49193,20.49193
19142,B,3,20.49193,20.49193
19143,B,318,20.49193,20.49193
19143,C,318,20.49193,20.49193
19144,B,12,20.49193,20.49193
19144,C,12,20.49193,20.49193
19146,B,412,20.49193,20.49193
19146,C,412,20.49193,20.49193
19152,B,1,20.49193,20.49193
19153,B,1,20.49193,20.49193
19155,B,3,20.49193,20.49193
19155,C,3,20.49193,20.49193
19161,B,14,20.49193,20.49193
19161,C,14,20.49193,20.49193
19163,B,378,20.49193,20.49193
19163,C,378,20.49193,20.49193
19170,B,53,20.49193,20.49193
19170,C,53,20.49193,20.49193
19176,B,8,20.49193,20.49193
19176,C,8,20.49193,20.49193
19187,B,51,20.49193,20.49193
19187,C,51,20.49193,20.49193
19238,B,1,20.49193,20.49193
19253,B,3,20.49193,20.49193
19257,B,8,20.49193,20.49193
19257,C,8,20.49193,20.49193
19259,B,7,20.49193,20.49193
19259,C,7,20.49193,20.49193
19260,B,1,20.49193,20.49193
19261,B,2,20.49193,20.49193
19262,B,2,20.49193,20.49193
19263,B,10,20.49193,20.49193
19263,C,10,20.49193,20.49193
19266,B,6,20.49193,20.49193
19279,B,2,20.49193,20.49193
19279,C,2,20.49193,20.49193
19280,B,30,20.49193,20.49193
19280,C,30,20.49193,20.49193
19282,B,7,20.49193,20.49193
19282,C,7,20.49193,20.49193
19283,B,4,20.49193,20.49193
19318,C,1,20.49193,20.49193
19321,B,1,20.49193,20.49193
19343,B,1,20.49193,20.49193
19353,B,1,20.49193,20.49193
19356,B,2,20.49193,20.49193
19356,C,2,20.49193,20.49193
19358,B,6,20.49193,20.49193
19358,C,6,20.49193,20.49193
19373,B,8,20.49193,20.49193
19374,B,5,20.49193,20.49193
19374,C,5,20.49193,20.49193
19378,B,31,20.49193,20.49193
19378,C,31,20.49193,20.49193
19379,C,1,20.49193,20.49193
19380,B,75,20.49193,20.49193
19380,C,75,20.49193,20.49193
19381,B,62,20.49193,20.49193
19381,C,62,20.49193,20.49193
1940,B,25,20.49193,20.49193
1940,C,25,20.49193,20.49193
19429,B,142,20.49193,20.49193
19429,C,142,20.49193,20.49193
19430,B,65,20.49193,20.49193
19430,C,65,20.49193,20.49193
19448,B,206,20.49193,20.49193
19448,C,206,20.49193,20.49193
19449,B,7,20.49193,20.49193
19450,B,4,20.49193,20.49193
19450,C,4,20.49193,20.49193
19451,B,3,20.49193,20.49193
19451,C,3,20.49193,20.49193
19452,B,19,20.49193,20.49193
19452,C,19,20.49193,20.49193
19453,B,43,20.49193,20.49193
19453,C,43,20.49193,20.49193
19454,B,6,20.49193,20.49193
19455,B,87,20.49193,20.49193
19455,C,87,20.49193,20.49193
19457,B,8,20.49193,20.49193
19457,C,8,20.49193,20.49193
19458,B,182,20.49193,20.49193
19458,C,182,20.49193,20.49193
19459,B,21,20.49193,20.49193
19459,C,21,20.49193,20.49193
19460,B,94,20.49193,20.49193
19460,C,94,20.49193,20.49193
19476,B,151,20.49193,20.49193
19476,C,151,20.49193,20.49193
19477,B,1,20.49193,20.49193
19478,B,1,20.49193,20.49193
19479,B,3,20.49193,20.49193
19479,C,3,20.49193,20.49193
19480,B,8,20.49193,20.49193
19480,C,8,20.49193,20.49193
19481,B,15,20.49193,20.49193
19481,C,15,20.49193,20.49193
19483,B,57,20.49193,20.49193
19483,C,57,20.49193,20.49193
19485,B,9,20.49193,20.49193
19485,C,9,20.49193,20.49193
19486,B,132,20.49193,20.49193
19486,C,132,20.49193,20.49193
19487,B,9,20.49193,20.49193
19487,C,9,20.49193,20.49193
19488,B,88,20.49193,20.49193
19488,C,88,20.49193,20.49193
19490,B,31,20.49193,20.49193
19490,C,31,20.49193,20.49193
19491,B,2,20.49193,20.49193
19491,C,2,20.49193,20.49193
19492,B,81,20.49193,20.49193
19492,C,81,20.49193,20.49193
19493,B,72,20.49193,20.49193
19493,C,72,20.49193,20.49193
19541,B,100,20.49193,20.49193
19541,C,100,20.49193,20.49193
19542,B,52,20.49193,20.49193
19542,C,52,20.49193,20.49193
19548,B,91,20.49193,20.49193
19548,C,91,20.49193,20.49193
19549,B,39,20.49193,20.49193
19549,C,39,20.49193,20.49193
19550,B,351,20.49193,20.49193
19550,C,351,20.49193,20.49193
19551,B,132,20.49193,20.49193
19551,C,132,20.49193,20.49193
19599,B,236,20.49193,20.49193
19599,C,236,20.49193,20.49193
19600,B,92,20.49193,20.49193
19600,C,92,20.49193,20.49193
19618,B,209,20.49193,20.49193
19618,C,209,20.49193,20.49193
19619,B,42,20.49193,20.49193
19619,C,42,20.49193,20.49193
19620,B,9,20.49193,20.49193
19620,C,9,20.49193,20.49193
19621,B,16,20.49193,20.49193
19621,C,16,20.49193,20.49193
19622,B,74,20.49193,20.49193
19622,C,74,20.49193,20.49193
19623,B,99,20.49193,20.49193
19623,C,99,20.49193,20.49193
19624,B,16,20.49193,20.49193
19624,C,16,20.49193,20.49193
19625,B,123,20.49193,20.49193
19625,C,123,20.49193,20.49193
19627,B,32,20.49193,20.49193
19627,C,32,20.49193,20.49193
19628,B,186,20.49193,20.49193
19628,C,186,20.49193,20.49193
19629,B,14,20.49193,20.49193
19629,C,14,20.49193,20.49193
19630,B,88,20.49193,20.49193
19630,C,88,20.49193,20.49193
19646,B,142,20.49193,20.49193
19646,C,142,20.49193,20.49193
19647,B,5,20.49193,20.49193
19648,B,3,20.49193,20.49193
19648,C,3,20.49193,20.49193
19649,B,7,20.49193,20.49193
19650,B,49,20.49193,20.49193
19650,C,49,20.49193,20.49193
19651,B,74,20.49193,20.49193
19651,C,74,20.49193,20.49193
19652,B,10,20.49193,20.49193
19652,C,10,20.49193,20.49193
19653,B,69,20.49193,20.49193
19653,C,69,20.49193,20.49193
19655,B,13,20.49193,20.49193
19655,C,13,20.49193,20.49193
19656,B,113,20.49193,20.49193
19656,C,113,20.49193,20.49193
19657,B,4,20.49193,20.49193
19658,B,74,20.49193,20.49193
19658,C,74,20.49193,20.49193
19660,B,79,20.49193,20.49193
19660,C,79,20.49193,20.49193
19661,B,27,20.49193,20.49193
19661,C,27,20.49193,20.49193
19662,B,262,20.49193,20.49193
19662,C,262,20.49193,20.49193
19663,B,137,20.49193,20.49193
19663,C,137,20.49193,20.49193
19711,B,164,20.49193,20.49193
19711,C,164,20.49193,20.49193
19712,B,91,20.49193,20.49193
19712,C,91,20.49193,20.49193
19717,B,28,20.49193,20.49193
19717,C,28,20.49193,20.49193
19718,B,19,20.49193,20.49193
19718,C,19,20.49193,20.49193
20069,B,118,20.49193,20.49193
20069,C,118,20.49193,20.49193
20070,B,77,20.49193,20.49193
20070,C,77,20.49193,20.49193
20071,B,346,20.49193,20.49193
20071,C,346,20.49193,20.49193
20072,B,150,20.49193,20.49193
20072,C,150,20.49193,20.49193
20073,B,27,20.49193,20.49193
20073,C,27,20.49193,20.49193
20074,B,68,20.49193,20.49193
20074,C,68,20.49193,20.49193
20075,B,66,20.49193,20.49193
20075,C,66,20.49193,20.49193
20076,B,83,20.49193,20.49193
20076,C,83,20.49193,20.49193
20077,B,2,20.49193,20.49193
20078,B,3,20.49193,20.49193
20080,B,2,20.49193,20.49193
20080,C,2,20.49193,20.49193
20081,B,1,20.49193,20.49193
20121,B,137,20.49193,20.49193
20121,C,137,20.49193,20.49193
20123,B,59,20.49193,20.49193
20123,C,59,20.49193,20.49193
20124,B,58,20.49193,20.49193
20124,C,58,20.49193,20.49193
20128,B,80,20.49193,20.49193
20128,C,80,20.49193,20.49193
20129,B,67,20.49193,20.49193
20129,C,67,20.49193,20.49193
20130,B,59,20.49193,20.49193
20130,C,59,20.49193,20.49193
20131,B,66,20.49193,20.49193
20131,C,66,20.49193,20.49193
20133,B,123,20.49193,20.49193
20133,C,123,20.49193,20.49193
20136,B,24,20.49193,20.49193
20136,C,24,20.49193,20.49193
20137,B,89,20.49193,20.49193
20137,C,89,20.49193,20.49193
20150,B,89,20.49193,20.49193
20150,C,89,20.49193,20.49193
20151,B,64,20.49193,20.49193
20151,C,64,20.49193,20.49193
20152,B,165,20.49193,20.49193
20152,C,165,20.49193,20.49193
20153,B,34,20.49193,20.49193
20153,C,34,20.49193,20.49193
20154,B,38,20.49193,20.49193
20154,C,38,20.49193,20.49193
20155,B,226,20.49193,20.49193
20155,C,226,20.49193,20.49193
20156,B,9,20.49193,20.49193
20161,B,37,20.49193,20.49193
20161,C,37,20.49193,20.49193
20163,B,120,20.49193,20.49193
20163,C,120,20.49193,20.49193
20165,B,238,20.49193,20.49193
20165,C,238,20.49193,20.49193
20202,B,35,20.49193,20.49193
20202,C,35,20.49193,20.49193
20204,B,10,20.49193,20.49193
20205,B,17,20.49193,20.49193
20205,C,17,20.49193,20.49193
20209,B,18,20.49193,20.49193
20209,C,18,20.49193,20.49193
20210,B,12,20.49193,20.49193
20210,C,12,20.49193,20.49193
20211,B,14,20.49193,20.49193
20211,C,14,20.49193,20.49193
20212,B,14,20.49193,20.49193
20212,C,14,20.49193,20.49193
20214,B,31,20.49193,20.49193
20214,C,31,20.49193,20.49193
20217,B,1,20.49193,20.49193
20218,B,20,20.49193,20.49193
20218,C,20,20.49193,20.49193
20231,B,6,20.49193,20.49193
20232,B,12,20.49193,20.49193
20232,C,12,20.49193,20.49193
20233,B,44,20.49193,20.49193
20233,C,44,20.49193,20.49193
20234,B,6,20.49193,20.49193
20235,B,6,20.49193,20.49193
20235,C,6,20.49193,20.49193
20236,B,65,20.49193,20.49193
20236,C,65,20.49193,20.49193
20237,B,1,20.49193,20.49193
20242,B,9,20.49193,20.49193
20242,C,9,20.49193,20.49193
20244,B,36,20.49193,20.49193
20244,C,36,20.49193,20.49193
20246,B,59,20.49193,20.49193
20246,C,59,20.49193,20.49193
20280,B,50,20.49193,20.49193
20280,C,50,20.49193,20.49193
20282,B,5,20.49193,20.49193
20282,C,5,20.49193,20.49193
20283,B,18,20.49193,20.49193
20283,C,18,20.49193,20.49193
20287,B,24,20.49193,20.49193
20287,C,24,20.49193,20.49193
20288,B,19,20.49193,20.49193
20288,C,19,20.49193,20.49193
20289,B,20,20.49193,20.49193
20289,C,20,20.49193,20.49193
20290,B,6,20.49193,20.49193
20292,B,35,20.49193,20.49193
20292,C,35,20.49193,20.49193
20296,B,27,20.49193,20.49193
20296,C,27,20.49193,20.49193
20309,B,21,20.49193,20.49193
20309,C,21,20.49193,20.49193
20311,B,33,20.49193,20.49193
20311,C,33,20.49193,20.49193
20314,B,77,20.49193,20.49193
20314,C,77,20.49193,20.49193
20315,B,2,20.49193,20.49193
20319,B,2,20.49193,20.49193
20320,B,20,20.49193,20.49193
20320,C,20,20.49193,20.49193
20322,B,51,20.49193,20.49193
20322,C,51,20.49193,20.49193
20324,B,40,20.49193,20.49193
20324,C,40,20.49193,20.49193
20375,B,114,20.49193,20.49193
20375,C,114,20.49193,20.49193
20377,B,28,20.49193,20.49193
20377,C,28,20.49193,20.49193
20378,B,44,20.49193,20.49193
20378,C,44,20.49193,20.49193
20382,B,70,20.49193,20.49193
20382,C,70,20.49193,20.49193
20383,B,55,20.49193,20.49193
20383,C,55,20.49193,20.49193
20384,B,54,20.49193,20.49193
20384,C,54,20.49193,20.49193
20385,B,24,20.49193,20.49193
20385,C,24,20.49193,20.49193
20387,B,60,20.49193,20.49193
20387,C,60,20.49193,20.49193
20391,B,40,20.49193,20.49193
20391,C,40,20.49193,20.49193
20404,B,33,20.49193,20.49193
20404,C,33,20.49193,20.49193
20406,B,66,20.49193,20.49193
20406,C,66,20.49193,20.49193
20408,B,2,20.49193,20.49193
20409,B,143,20.49193,20.49193
20409,C,143,20.49193,20.49193
20414,B,2,20.49193,20.49193
20415,B,36,20.49193,20.49193
20415,C,36,20.49193,20.49193
20417,B,78,20.49193,20.49193
20417,C,78,20.49193,20.49193
20419,B,90,20.49193,20.49193
20419,C,90,20.49193,20.49193
20473,B,43,20.49193,20.49193
20473,C,43,20.49193,20.49193
20475,B,3,20.49193,20.49193
20476,B,7,20.49193,20.49193
20476,C,7,20.49193,20.49193
20480,B,17,20.49193,20.49193
20480,C,17,20.49193,20.49193
20481,B,11,20.49193,20.49193
20481,C,11,20.49193,20.49193
20482,B,9,20.49193,20.49193
20482,C,9,20.49193,20.49193
20483,B,3,20.49193,20.49193
20485,B,45,20.49193,20.49193
20485,C,45,20.49193,20.49193
20489,B,2,20.49193,20.49193
20502,B,3,20.49193,20.49193
20502,C,3,20.49193,20.49193
20503,B,8,20.49193,20.49193
20503,C,8,20.49193,20.49193
20504,B,7,20.49193,20.49193
20504,C,7,20.49193,20.49193
20505,B,1,20.49193,20.49193
20506,B,3,20.49193,20.49193
20507,B,19,20.49193,20.49193
20513,B,6,20.49193,20.49193
20513,C,6,20.49193,20.49193
20515,B,10,20.49193,20.49193
20515,C,10,20.49193,20.49193
20517,B,6,20.49193,20.49193
20517,C,6,20.49193,20.49193
20551,B,29,20.49193,20.49193
20551,C,29,20.49193,20.49193
20553,C,1,20.49193,20.49193
20554,B,13,20.49193,20.49193
20554,C,13,20.49193,20.49193
20558,B,21,20.49193,20.49193
20558,C,21,20.49193,20.49193
20559,B,15,20.49193,20.49193
20560,B,10,20.49193,20.49193
20560,C,10,20.49193,20.49193
20561,B,2,20.49193,20.49193
20563,B,19,20.49193,20.49193
20563,C,19,20.49193,20.49193
20567,B,12,20.49193,20.49193
20580,B,15,20.49193,20.49193
20580,C,15,20.49193,20.49193
20582,B,25,20.49193,20.49193
20582,C,25,20.49193,20.49193
20585,B,93,20.49193,20.49193
20585,C,93,20.49193,20.49193
20591,B,26,20.49193,20.49193
20591,C,26,20.49193,20.49193
20593,B,52,20.49193,20.49193
20593,C,52,20.49193,20.49193
20595,B,41,20.49193,20.49193
20595,C,41,20.49193,20.49193
20649,B,9,20.49193,20.49193
20649,C,9,20.49193,20.49193
20651,B,7,20.49193,20.49193
20651,C,7,20.49193,20.49193
20652,B,5,20.49193,20.49193
20652,C,5,20.49193,20.49193
20656,B,3,20.49193,20.49193
20657,B,6,20.49193,20.49193
20658,B,4,20.49193,20.49193
20658,C,4,20.49193,20.49193
20659,B,3,20.49193,20.49193
20661,B,18,20.49193,20.49193
20661,C,18,20.49193,20.49193
20664,B,1,20.49193,20.49193
20665,B,10,20.49193,20.49193
20665,C,10,20.49193,20.49193
20678,B,9,20.49193,20.49193
20678,C,9,20.49193,20.49193
20679,B,13,20.49193,20.49193
20679,C,13,20.49193,20.49193
20680,B,20,20.49193,20.49193
20680,C,20,20.49193,20.49193
20681,B,9,20.49193,20.49193
20681,C,9,20.49193,20.49193
20682,B,8,20.49193,20.49193
20682,C,8,20.49193,20.49193
20683,B,19,20.49193,20.49193
20683,C,19,20.49193,20.49193
20689,B,5,20.49193,20.49193
20689,C,5,20.49193,20.49193
20691,B,24,20.49193,20.49193
20691,C,24,20.49193,20.49193
20693,B,27,20.49193,20.49193
20693,C,27,20.49193,20.49193
20734,B,1,20.49193,20.49193
20739,B,1,20.49193,20.49193
20761,B,64,20.49193,20.49193
20761,C,64,20.49193,20.49193
20766,B,2,20.49193,20.49193
20767,B,10,20.49193,20.49193
20767,C,10,20.49193,20.49193
20769,B,22,20.49193,20.49193
20769,C,22,20.49193,20.49193
20771,B,28,20.49193,20.49193
20771,C,28,20.49193,20.49193
20795,B,8,20.49193,20.49193
20795,C,8,20.49193,20.49193
20796,B,7,20.49193,20.49193
20796,C,7,20.49193,20.49193
20797,B,5,20.49193,20.49193
20798,B,13,20.49193,20.49193
20798,C,13,20.49193,20.49193
20799,B,2,20.49193,20.49193
20800,B,3,20.49193,20.49193
20800,C,3,20.49193,20.49193
20815,B,4,20.49193,20.49193
20816,B,2,20.49193,20.49193
20818,B,2,20.49193,20.49193
20819,B,1,20.49193,20.49193
20820,B,32,20.49193,20.49193
20820,C,32,20.49193,20.49193
20821,B,13,20.49193,20.49193
20821,C,13,20.49193,20.49193
20822,B,2,20.49193,20.49193
20823,B,2,20.49193,20.49193
20823,C,2,20.49193,20.49193
20824,B,2,20.49193,20.49193
20825,B,21,20.49193,20.49193
20825,C,21,20.49193,20.49193
20826,B,24,20.49193,20.49193
20826,C,24,20.49193,20.49193
20827,B,2,20.49193,20.49193
20829,B,2,20.49193,20.49193
20831,B,4,20.49193,20.49193
20832,B,3,20.49193,20.49193
20837,B,1,20.49193,20.49193
20838,B,3,20.49193,20.49193
20838,C,3,20.49193,20.49193
20842,B,1,20.49193,20.49193
21066,B,137,20.49193,20.49193
21066,C,137,20.49193,20.49193
21113,B,640,20.49193,20.49193
21113,C,640,20.49193,20.49193
21119,B,109,20.49193,20.49193
21119,C,109,20.49193,20.49193
21122,B,40,20.49193,20.49193
21122,C,40,20.49193,20.49193
21124,B,5,20.49193,20.49193
21125,B,53,20.49193,20.49193
21125,C,53,20.49193,20.49193
21127,B,31,20.49193,20.49193
21127,C,31,20.49193,20.49193
21128,B,33,20.49193,20.49193
21128,C,33,20.49193,20.49193
21165,B,86,20.49193,20.49193
21165,C,86,20.49193,20.49193
21168,B,39,20.49193,20.49193
21168,C,39,20.49193,20.49193
21169,B,2,20.49193,20.49193
21170,B,32,20.49193,20.49193
21170,C,32,20.49193,20.49193
21171,B,85,20.49193,20.49193
21171,C,85,20.49193,20.49193
21173,B,56,20.49193,20.49193
21173,C,56,20.49193,20.49193
21174,B,81,20.49193,20.49193
21174,C,81,20.49193,20.49193
21208,B,43,20.49193,20.49193
21208,C,43,20.49193,20.49193
21209,B,138,20.49193,20.49193
21209,C,138,20.49193,20.49193
21218,B,1,20.49193,20.49193
21220,B,1,20.49193,20.49193
21236,B,1,20.49193,20.49193
21238,B,1,20.49193,20.49193
21246,B,3,20.49193,20.49193
21246,C,3,20.49193,20.49193
21247,B,9,20.49193,20.49193
21253,B,1,20.49193,20.49193
21255,B,3,20.49193,20.49193
21255,C,3,20.49193,20.49193
21256,B,5,20.49193,20.49193
21260,B,1,20.49193,20.49193
21262,B,1,20.49193,20.49193
21263,B,1,20.49193,20.49193
21278,B,1,20.49193,20.49193
21299,B,1,20.49193,20.49193
21303,C,1,20.49193,20.49193
21316,B,3,20.49193,20.49193
21361,B,4,20.49193,20.49193
21361,C,4,20.49193,20.49193
21364,B,4,20.49193,20.49193
21364,C,4,20.49193,20.49193
21365,B,3,20.49193,20.49193
21369,C,1,20.49193,20.49193
21371,B,6,20.49193,20.49193
21373,B,5,20.49193,20.49193
21373,C,5,20.49193,20.49193
21374,B,23,20.49193,20.49193
21374,C,23,20.49193,20.49193
21376,B,11,20.49193,20.49193
21377,B,19,20.49193,20.49193
21377,C,19,20.49193,20.49193
21378,B,7,20.49193,20.49193
21378,C,7,20.49193,20.49193
21379,B,1,20.49193,20.49193
21381,B,1,20.49193,20.49193
21382,B,2,20.49193,20.49193
21383,B,9,20.49193,20.49193
21383,C,9,20.49193,20.49193
21415,B,1,20.49193,20.49193
21417,B,3,20.49193,20.49193
21418,B,2,20.49193,20.49193
21420,B,1,20.49193,20.49193
21422,B,1,20.49193,20.49193
21423,B,2,20.49193,20.49193
21423,C,2,20.49193,20.49193
21486,C,1,20.49193,20.49193
21488,B,4,20.49193,20.49193
21489,B,1,20.49193,20.49193
21493,B,3,20.49193,20.49193
21493,C,3,20.49193,20.49193
21496,B,2,20.49193,20.49193
21498,B,7,20.49193,20.49193
21502,B,2,20.49193,20.49193
21515,B,4,20.49193,20.49193
21516,B,3,20.49193,20.49193
21517,B,1,20.49193,20.49193
21555,B,2,20.49193,20.49193
21557,B,2,20.49193,20.49193
21562,B,2,20.49193,20.49193
21564,B,2,20.49193,20.49193
21567,B,3,20.49193,20.49193
2157,B,194,20.49193,20.49193
2157,C,194,20.49193,20.49193
21584,B,1,20.49193,20.49193
21680,B,1,20.49193,20.49193
21724,B,1,20.49193,20.49193
2209,B,46,20.49193,20.49193
2209,C,46,20.49193,20.49193
2212,B,39,20.49193,20.49193
2212,C,39,20.49193,20.49193
22318,B,7,20.49193,20.49193
22319,B,3,20.49193,20.49193
22319,C,3,20.49193,20.49193
22320,B,3,20.49193,20.49193
22321,B,8,20.49193,20.49193
22322,B,29,20.49193,20.49193
22322,C,29,20.49193,20.49193
22323,B,6,20.49193,20.49193
22324,B,19,20.49193,20.49193
22324,C,19,20.49193,20.49193
22325,B,7,20.49193,20.49193
22326,B,5,20.49193,20.49193
22327,B,52,20.49193,20.49193
22327,C,52,20.49193,20.49193
22328,B,82,20.49193,20.49193
22328,C,82,20.49193,20.49193
22329,B,18,20.49193,20.49193
22329,C,18,20.49193,20.49193
22330,B,85,20.49193,20.49193
22330,C,85,20.49193,20.49193
22331,B,74,20.49193,20.49193
22331,C,74,20.49193,20.49193
22332,B,2,20.49193,20.49193
22333,B,15,20.49193,20.49193
22333,C,15,20.49193,20.49193
22334,B,17,20.49193,20.49193
22334,C,17,20.49193,20.49193
22335,B,20,20.49193,20.49193
22335,C,20,20.49193,20.49193
22336,B,7,20.49193,20.49193
22336,C,7,20.49193,20.49193
22337,B,10,20.49193,20.49193
22337,C,10,20.49193,20.49193
22338,B,35,20.49193,20.49193
22338,C,35,20.49193,20.49193
22339,B,28,20.49193,20.49193
22339,C,28,20.49193,20.49193
22340,B,24,20.49193,20.49193
22340,C,24,20.49193,20.49193
22341,B,91,20.49193,20.49193
22341,C,91,20.49193,20.49193
22342,B,75,20.49193,20.49193
22342,C,75,20.49193,20.49193
22343,B,67,20.49193,20.49193
22343,C,67,20.49193,20.49193
22344,B,39,20.49193,20.49193
22344,C,39,20.49193,20.49193
22345,B,44,20.49193,20.49193
22345,C,44,20.49193,20.49193
22346,B,163,20.49193,20.49193
22346,C,163,20.49193,20.49193
22347,B,97,20.49193,20.49193
22347,C,97,20.49193,20.49193
22348,B,195,20.49193,20.49193
22348,C,195,20.49193,20.49193
22349,B,7,20.49193,20.49193
22349,C,7,20.49193,20.49193
22350,B,5,20.49193,20.49193
22350,C,5,20.49193,20.49193
22351,B,38,20.49193,20.49193
22351,C,38,20.49193,20.49193
22352,B,10,20.49193,20.49193
22353,B,15,20.49193,20.49193
22354,B,4,20.49193,20.49193
22354,C,4,20.49193,20.49193
22355,B,4,20.49193,20.49193
22356,B,17,20.49193,20.49193
22356,C,17,20.49193,20.49193
22357,B,4,20.49193,20.49193
22357,C,4,20.49193,20.49193
22358,B,20,20.49193,20.49193
22359,B,27,20.49193,20.49193
22359,C,27,20.49193,20.49193
22360,B,23,20.49193,20.49193
22360,C,23,20.49193,20.49193
22361,B,88,20.49193,20.49193
22361,C,88,20.49193,20.49193
22362,B,47,20.49193,20.49193
22362,C,47,20.49193,20.49193
22363,B,62,20.49193,20.49193
22363,C,62,20.49193,20.49193
22364,B,29,20.49193,20.49193
22364,C,29,20.49193,20.49193
22365,B,71,20.49193,20.49193
22365,C,71,20.49193,20.49193
22366,B,28,20.49193,20.49193
22366,C,28,20.49193,20.49193
22367,B,64,20.49193,20.49193
22367,C,64,20.49193,20.49193
22368,B,50,20.49193,20.49193
22368,C,50,20.49193,20.49193
22369,B,11,20.49193,20.49193
22369,C,11,20.49193,20.49193
22370,B,30,20.49193,20.49193
22370,C,30,20.49193,20.49193
22371,B,19,20.49193,20.49193
22371,C,19,20.49193,20.49193
22372,B,13,20.49193,20.49193
22372,C,13,20.49193,20.49193
22373,B,134,20.49193,20.49193
22373,C,134,20.49193,20.49193
22374,B,5,20.49193,20.49193
22375,B,159,20.49193,20.49193
22375,C,159,20.49193,20.49193
22376,B,9,20.49193,20.49193
22376,C,9,20.49193,20.49193
22377,B,1,20.49193,20.49193
22378,B,4,20.49193,20.49193
22378,C,4,20.49193,20.49193
22379,B,4,20.49193,20.49193
22380,B,23,20.49193,20.49193
22380,C,23,20.49193,20.49193
22381,B,7,20.49193,20.49193
22382,B,4,20.49193,20.49193
22382,C,4,20.49193,20.49193
22383,B,1,20.49193,20.49193
22384,B,21,20.49193,20.49193
22384,C,21,20.49193,20.49193
22385,B,47,20.49193,20.49193
22385,C,47,20.49193,20.49193
22386,B,54,20.49193,20.49193
22386,C,54,20.49193,20.49193
22387,B,23,20.49193,20.49193
22387,C,23,20.49193,20.49193
22388,B,37,20.49193,20.49193
22388,C,37,20.49193,20.49193
22389,B,60,20.49193,20.49193
22389,C,60,20.49193,20.49193
22390,B,24,20.49193,20.49193
22390,C,24,20.49193,20.49193
22391,B,6,20.49193,20.49193
22392,B,18,20.49193,20.49193
22392,C,18,20.49193,20.49193
22393,B,22,20.49193,20.49193
22393,C,22,20.49193,20.49193
22394,B,13,20.49193,20.49193
22395,B,14,20.49193,20.49193
22395,C,14,20.49193,20.49193
22396,B,63,20.49193,20.49193
22396,C,63,20.49193,20.49193
22397,B,8,20.49193,20.49193
22397,C,8,20.49193,20.49193
22398,B,19,20.49193,20.49193
22398,C,19,20.49193,20.49193
22399,B,86,20.49193,20.49193
22399,C,86,20.49193,20.49193
22400,B,72,20.49193,20.49193
22400,C,72,20.49193,20.49193
22401,B,75,20.49193,20.49193
22401,C,75,20.49193,20.49193
22402,B,28,20.49193,20.49193
22402,C,28,20.49193,20.49193
22403,B,45,20.49193,20.49193
22403,C,45,20.49193,20.49193
22404,B,191,20.49193,20.49193
22404,C,191,20.49193,20.49193
22405,B,72,20.49193,20.49193
22405,C,72,20.49193,20.49193
22406,B,121,20.49193,20.49193
22406,C,121,20.49193,20.49193
22407,B,5,20.49193,20.49193
22407,C,5,20.49193,20.49193
22408,B,10,20.49193,20.49193
22408,C,10,20.49193,20.49193
22409,B,38,20.49193,20.49193
22409,C,38,20.49193,20.49193
22410,B,12,20.49193,20.49193
22410,C,12,20.49193,20.49193
22411,B,28,20.49193,20.49193
22411,C,28,20.49193,20.49193
22412,B,3,20.49193,20.49193
22412,C,3,20.49193,20.49193
22413,B,7,20.49193,20.49193
22413,C,7,20.49193,20.49193
22414,B,26,20.49193,20.49193
22414,C,26,20.49193,20.49193
22415,B,2,20.49193,20.49193
22416,B,14,20.49193,20.49193
22416,C,14,20.49193,20.49193
22417,B,28,20.49193,20.49193
22417,C,28,20.49193,20.49193
22418,B,32,20.49193,20.49193
22418,C,32,20.49193,20.49193
22419,B,96,20.49193,20.49193
22419,C,96,20.49193,20.49193
22420,B,40,20.49193,20.49193
22420,C,40,20.49193,20.49193
22421,B,60,20.49193,20.49193
22421,C,60,20.49193,20.49193
22422,B,39,20.49193,20.49193
22422,C,39,20.49193,20.49193
22423,B,72,20.49193,20.49193
22423,C,72,20.49193,20.49193
22424,B,20,20.49193,20.49193
22424,C,20,20.49193,20.49193
22425,B,51,20.49193,20.49193
22425,C,51,20.49193,20.49193
22426,B,41,20.49193,20.49193
22426,C,41,20.49193,20.49193
22427,B,2,20.49193,20.49193
22428,B,18,20.49193,20.49193
22428,C,18,20.49193,20.49193
22429,B,18,20.49193,20.49193
22429,C,18,20.49193,20.49193
22430,B,15,20.49193,20.49193
22430,C,15,20.49193,20.49193
22431,B,132,20.49193,20.49193
22431,C,132,20.49193,20.49193
22432,B,8,20.49193,20.49193
22432,C,8,20.49193,20.49193
22433,B,95,20.49193,20.49193
22433,C,95,20.49193,20.49193
22553,B,27,20.49193,20.49193
22553,C,27,20.49193,20.49193
22554,B,63,20.49193,20.49193
22554,C,63,20.49193,20.49193
22556,B,6,20.49193,20.49193
22556,C,6,20.49193,20.49193
22557,B,64,20.49193,20.49193
22557,C,64,20.49193,20.49193
22558,B,6,20.49193,20.49193
22558,C,6,20.49193,20.49193
22559,B,1,20.49193,20.49193
22560,B,2,20.49193,20.49193
22561,B,2,20.49193,20.49193
22562,B,2,20.49193,20.49193
22562,C,2,20.49193,20.49193
22565,B,64,20.49193,20.49193
22565,C,64,20.49193,20.49193
22566,B,6,20.49193,20.49193
22566,C,6,20.49193,20.49193
22567,B,14,20.49193,20.49193
22567,C,14,20.49193,20.49193
22568,B,61,20.49193,20.49193
22568,C,61,20.49193,20.49193
22569,B,24,20.49193,20.49193
22569,C,24,20.49193,20.49193
22570,B,28,20.49193,20.49193
22570,C,28,20.49193,20.49193
22571,B,6,20.49193,20.49193
22571,C,6,20.49193,20.49193
22572,B,8,20.49193,20.49193
22572,C,8,20.49193,20.49193
22573,B,57,20.49193,20.49193
22573,C,57,20.49193,20.49193
22574,B,5,20.49193,20.49193
22575,B,3,20.49193,20.49193
22576,B,1,20.49193,20.49193
22577,B,60,20.49193,20.49193
22577,C,60,20.49193,20.49193
22578,B,45,20.49193,20.49193
22578,C,45,20.49193,20.49193
22580,B,6,20.49193,20.49193
22580,C,6,20.49193,20.49193
22581,B,7,20.49193,20.49193
22582,B,54,20.49193,20.49193
22582,C,54,20.49193,20.49193
22597,B,7,20.49193,20.49193
22597,C,7,20.49193,20.49193
22598,B,16,20.49193,20.49193
22598,C,16,20.49193,20.49193
22599,B,46,20.49193,20.49193
22599,C,46,20.49193,20.49193
22600,B,40,20.49193,20.49193
22600,C,40,20.49193,20.49193
22601,B,28,20.49193,20.49193
22601,C,28,20.49193,20.49193
22602,B,40,20.49193,20.49193
22602,C,40,20.49193,20.49193
22603,B,133,20.49193,20.49193
22603,C,133,20.49193,20.49193
22604,B,74,20.49193,20.49193
22604,C,74,20.49193,20.49193
22605,B,287,20.49193,20.49193
22605,C,287,20.49193,20.49193
22606,B,23,20.49193,20.49193
22606,C,23,20.49193,20.49193
22607,B,32,20.49193,20.49193
22607,C,32,20.49193,20.49193
22608,B,64,20.49193,20.49193
22608,C,64,20.49193,20.49193
22609,B,4,20.49193,20.49193
22616,B,55,20.49193,20.49193
22616,C,55,20.49193,20.49193
22620,B,8,20.49193,20.49193
22620,C,8,20.49193,20.49193
22621,B,64,20.49193,20.49193
22621,C,64,20.49193,20.49193
22626,B,24,20.49193,20.49193
22626,C,24,20.49193,20.49193
22627,B,82,20.49193,20.49193
22627,C,82,20.49193,20.49193
22643,B,65,20.49193,20.49193
22643,C,65,20.49193,20.49193
22651,B,57,20.49193,20.49193
22651,C,57,20.49193,20.49193
22666,B,2,20.49193,20.49193
22668,B,4,20.49193,20.49193
22670,B,30,20.49193,20.49193
22670,C,30,20.49193,20.49193
22671,B,37,20.49193,20.49193
22671,C,37,20.49193,20.49193
22676,B,42,20.49193,20.49193
22676,C,42,20.49193,20.49193
22678,B,25,20.49193,20.49193
22678,C,25,20.49193,20.49193
22681,B,4,20.49193,20.49193
22978,B,62,20.49193,20.49193
22978,C,62,20.49193,20.49193
22979,B,76,20.49193,20.49193
22979,C,76,20.49193,20.49193
22980,B,21,20.49193,20.49193
22980,C,21,20.49193,20.49193
22981,B,21,20.49193,20.49193
22981,C,21,20.49193,20.49193
23027,B,34,20.49193,20.49193
23027,C,34,20.49193,20.49193
23028,B,32,20.49193,20.49193
23028,C,32,20.49193,20.49193
23041,B,64,20.49193,20.49193
23041,C,64,20.49193,20.49193
23042,B,3,20.49193,20.49193
23043,B,3,20.49193,20.49193
23043,C,3,20.49193,20.49193
23044,B,50,20.49193,20.49193
23044,C,50,20.49193,20.49193
23045,B,71,20.49193,20.49193
23045,C,71,20.49193,20.49193
23046,B,8,20.49193,20.49193
23046,C,8,20.49193,20.49193
23051,B,52,20.49193,20.49193
23051,C,52,20.49193,20.49193
23052,B,4,20.49193,20.49193
23052,C,4,20.49193,20.49193
23053,B,27,20.49193,20.49193
23053,C,27,20.49193,20.49193
23054,B,10,20.49193,20.49193
23054,C,10,20.49193,20.49193
23055,B,49,20.49193,20.49193
23055,C,49,20.49193,20.49193
23056,B,13,20.49193,20.49193
23056,C,13,20.49193,20.49193
23059,B,219,20.49193,20.49193
23059,C,219,20.49193,20.49193
23060,B,29,20.49193,20.49193
23060,C,29,20.49193,20.49193
23061,B,41,20.49193,20.49193
23061,C,41,20.49193,20.49193
23062,B,1,20.49193,20.49193
23078,B,43,20.49193,20.49193
23078,C,43,20.49193,20.49193
23079,B,36,20.49193,20.49193
23079,C,36,20.49193,20.49193
23080,B,74,20.49193,20.49193
23080,C,74,20.49193,20.49193
23081,B,1,20.49193,20.49193
23082,B,14,20.49193,20.49193
23083,B,5,20.49193,20.49193
23084,B,8,20.49193,20.49193
23084,C,8,20.49193,20.49193
23085,B,22,20.49193,20.49193
23085,C,22,20.49193,20.49193
23086,B,69,20.49193,20.49193
23086,C,69,20.49193,20.49193
23091,B,40,20.49193,20.49193
23091,C,40,20.49193,20.49193
23095,B,36,20.49193,20.49193
23095,C,36,20.49193,20.49193
23125,B,20,20.49193,20.49193
23125,C,20,20.49193,20.49193
23131,B,6,20.49193,20.49193
23131,C,6,20.49193,20.49193
23161,B,7,20.49193,20.49193
23162,B,4,20.49193,20.49193
23458,B,41,20.49193,20.49193
23458,C,41,20.49193,20.49193
23459,B,19,20.49193,20.49193
23459,C,19,20.49193,20.49193
23460,B,10,20.49193,20.49193
23461,B,20,20.49193,20.49193
23461,C,20,20.49193,20.49193
23487,B,41,20.49193,20.49193
23487,C,41,20.49193,20.49193
23488,B,23,20.49193,20.49193
23488,C,23,20.49193,20.49193
23489,B,8,20.49193,20.49193
23490,B,12,20.49193,20.49193
23490,C,12,20.49193,20.49193
23520,B,31,20.49193,20.49193
23520,C,31,20.49193,20.49193
23521,B,5,20.49193,20.49193
23521,C,5,20.49193,20.49193
23522,B,7,20.49193,20.49193
23522,C,7,20.49193,20.49193
23523,B,4,20.49193,20.49193
23523,C,4,20.49193,20.49193
23549,B,23,20.49193,20.49193
23549,C,23,20.49193,20.49193
23550,B,8,20.49193,20.49193
23550,C,8,20.49193,20.49193
23551,B,1,20.49193,20.49193
23552,B,7,20.49193,20.49193
23552,C,7,20.49193,20.49193
23582,B,31,20.49193,20.49193
23582,C,31,20.49193,20.49193
23583,B,22,20.49193,20.49193
23583,C,22,20.49193,20.49193
23584,B,15,20.49193,20.49193
23584,C,15,20.49193,20.49193
23585,B,17,20.49193,20.49193
23585,C,17,20.49193,20.49193
23611,B,11,20.49193,20.49193
23611,C,11,20.49193,20.49193
23612,B,12,20.49193,20.49193
23612,C,12,20.49193,20.49193
23613,B,9,20.49193,20.49193
23614,B,12,20.49193,20.49193
23644,B,44,20.49193,20.49193
23644,C,44,20.49193,20.49193
23645,B,13,20.49193,20.49193
23645,C,13,20.49193,20.49193
23646,B,8,20.49193,20.49193
23646,C,8,20.49193,20.49193
23647,B,19,20.49193,20.49193
23647,C,19,20.49193,20.49193
23673,B,32,20.49193,20.49193
23673,C,32,20.49193,20.49193
23674,B,6,20.49193,20.49193
23674,C,6,20.49193,20.49193
23675,B,9,20.49193,20.49193
23675,C,9,20.49193,20.49193
23676,B,21,20.49193,20.49193
23676,C,21,20.49193,20.49193
24054,B,1,20.49193,20.49193
24055,B,2,20.49193,20.49193
24055,C,2,20.49193,20.49193
24057,B,1,20.49193,20.49193
24093,B,3,20.49193,20.49193
24093,C,3,20.49193,20.49193
24096,B,1,20.49193,20.49193
24452,B,11,20.49193,20.49193
24452,C,11,20.49193,20.49193
24453,B,24,20.49193,20.49193
24453,C,24,20.49193,20.49193
24475,B,55,20.49193,20.49193
24475,C,55,20.49193,20.49193
24509,B,7,20.49193,20.49193
24509,C,7,20.49193,20.49193
24510,B,6,20.49193,20.49193
24510,C,6,20.49193,20.49193
24511,B,5,20.49193,20.49193
24512,B,7,20.49193,20.49193
24512,C,7,20.49193,20.49193
24546,B,12,20.49193,20.49193
24546,C,12,20.49193,20.49193
24547,B,8,20.49193,20.49193
24547,C,8,20.49193,20.49193
24548,B,9,20.49193,20.49193
24548,C,9,20.49193,20.49193
24549,B,8,20.49193,20.49193
24557,B,4,20.49193,20.49193
24557,C,4,20.49193,20.49193
24558,B,5,20.49193,20.49193
24559,B,9,20.49193,20.49193
24563,B,6,20.49193,20.49193
24563,C,6,20.49193,20.49193
24564,B,5,20.49193,20.49193
24565,B,8,20.49193,20.49193
24591,B,14,20.49193,20.49193
24592,B,8,20.49193,20.49193
24592,C,8,20.49193,20.49193
24593,B,1,20.49193,20.49193
24594,B,6,20.49193,20.49193
24594,C,6,20.49193,20.49193
24628,B,10,20.49193,20.49193
24628,C,10,20.49193,20.49193
24629,B,8,20.49193,20.49193
24630,B,1,20.49193,20.49193
24631,B,6,20.49193,20.49193
24639,B,10,20.49193,20.49193
24639,C,10,20.49193,20.49193
24640,B,14,20.49193,20.49193
24640,C,14,20.49193,20.49193
24641,B,6,20.49193,20.49193
24641,C,6,20.49193,20.49193
24645,B,7,20.49193,20.49193
24645,C,7,20.49193,20.49193
24646,B,10,20.49193,20.49193
24646,C,10,20.49193,20.49193
24647,B,4,20.49193,20.49193
24647,C,4,20.49193,20.49193
24650,B,9,20.49193,20.49193
24650,C,9,20.49193,20.49193
24651,B,9,20.49193,20.49193
24651,C,9,20.49193,20.49193
24652,B,11,20.49193,20.49193
24652,C,11,20.49193,20.49193
24653,B,4,20.49193,20.49193
24668,B,29,20.49193,20.49193
24668,C,29,20.49193,20.49193
24669,B,69,20.49193,20.49193
24669,C,69,20.49193,20.49193
2499,B,96,20.49193,20.49193
2499,C,96,20.49193,20.49193
25128,B,64,20.49193,20.49193
25128,C,64,20.49193,20.49193
25163,B,6,20.49193,20.49193
25163,C,6,20.49193,20.49193
25257,B,1,20.49193,20.49193
25258,B,4,20.49193,20.49193
25258,C,4,20.49193,20.49193
25287,B,1,20.49193,20.49193
25290,B,2,20.49193,20.49193
25295,B,32,20.49193,20.49193
25295,C,32,20.49193,20.49193
25345,B,33,20.49193,20.49193
25345,C,33,20.49193,20.49193
25346,B,2,20.49193,20.49193
25347,B,58,20.49193,20.49193
25347,C,58,20.49193,20.49193
25348,B,75,20.49193,20.49193
25348,C,75,20.49193,20.49193
2585,B,56,20.49193,20.49193
2585,C,56,20.49193,20.49193
26018,B,1,20.49193,20.49193
26019,B,1,20.49193,20.49193
26022,B,2,20.49193,20.49193
26022,C,2,20.49193,20.49193
26023,B,2,20.49193,20.49193
26031,B,1,20.49193,20.49193
26181,B,1,20.49193,20.49193
26184,B,3,20.49193,20.49193
26192,B,1,20.49193,20.49193
26359,B,1,20.49193,20.49193
26396,B,1,20.49193,20.49193
26406,C,1,20.49193,20.49193
26558,B,1,20.49193,20.49193
26560,B,9,20.49193,20.49193
2665,B,1,20.49193,20.49193
2669,B,1,20.49193,20.49193
26693,B,1,20.49193,20.49193
26717,B,1,20.49193,20.49193
26719,B,2,20.49193,20.49193
26722,B,1,20.49193,20.49193
2673,B,89,20.49193,20.49193
2673,C,89,20.49193,20.49193
26730,B,1,20.49193,20.49193
26732,B,1,20.49193,20.49193
2674,B,47,20.49193,20.49193
2674,C,47,20.49193,20.49193
2675,B,32,20.49193,20.49193
2675,C,32,20.49193,20.49193
2676,B,23,20.49193,20.49193
2676,C,23,20.49193,20.49193
2679,B,10,20.49193,20.49193
2679,C,10,20.49193,20.49193
2680,B,19,20.49193,20.49193
2680,C,19,20.49193,20.49193
2685,B,40,20.49193,20.49193
2685,C,40,20.49193,20.49193
2686,B,17,20.49193,20.49193
2686,C,17,20.49193,20.49193
26875,B,1,20.49193,20.49193
26887,B,4,20.49193,20.49193
26888,B,1,20.49193,20.49193
28292,B,22,20.49193,20.49193
28292,C,22,20.49193,20.49193
28450,B,28,20.49193,20.49193
28450,C,28,20.49193,20.49193
29245,B,1,20.49193,20.49193
29246,B,1,20.49193,20.49193
29251,B,2,20.49193,20.49193
29252,B,2,20.49193,20.49193
29252,C,2,20.49193,20.49193
29253,C,1,20.49193,20.49193
29254,B,1,20.49193,20.49193
29255,B,1,20.49193,20.49193
29265,B,1,20.49193,20.49193
29281,B,1,20.49193,20.49193
29365,B,2,20.49193,20.49193
29365,C,2,20.49193,20.49193
2955,B,75,20.49193,20.49193
2955,C,75,20.49193,20.49193
29587,B,3,20.49193,20.49193
29609,B,1,20.49193,20.49193
29610,B,1,20.49193,20.49193
29616,B,1,20.49193,20.49193
29693,B,25,20.49193,20.49193
29693,C,25,20.49193,20.49193
29694,B,56,20.49193,20.49193
29694,C,56,20.49193,20.49193
3012,B,34,20.49193,20.49193
3012,C,34,20.49193,20.49193
30165,B,8,20.49193,20.49193
30165,C,8,20.49193,20.49193
30166,B,10,20.49193,20.49193
30166,C,10,20.49193,20.49193
3041,B,44,20.49193,20.49193
3041,C,44,20.49193,20.49193
3098,B,33,20.49193,20.49193
3098,C,33,20.49193,20.49193
3127,B,20,20.49193,20.49193
3127,C,20,20.49193,20.49193
3184,B,22,20.49193,20.49193
3184,C,22,20.49193,20.49193
3213,B,62,20.49193,20.49193
3213,C,62,20.49193,20.49193
3270,B,45,20.49193,20.49193
3270,C,45,20.49193,20.49193
3438,B,14,20.49193,20.49193
3438,C,14,20.49193,20.49193
3523,B,24,20.49193,20.49193
3523,C,24,20.49193,20.49193
3896,B,2,20.49193,20.49193
3954,B,1,20.49193,20.49193
4638,B,37,20.49193,20.49193
4638,C,37,20.49193,20.49193
4728,B,50,20.49193,20.49193
4728,C,50,20.49193,20.49193
4924,B,321,20.49193,20.49193
4924,C,321,20.49193,20.49193
6249,B,423,20.49193,20.49193
6249,C,423,20.49193,20.49193
6250,B,602,20.49193,20.49193
6250,C,602,20.49193,20.49193
6251,B,280,20.49193,20.49193
6251,C,280,20.49193,20.49193
6252,B,97,20.49193,20.49193
6252,C,97,20.49193,20.49193
6253,B,47,20.49193,20.49193
6253,C,47,20.49193,20.49193
6254,B,138,20.49193,20.49193
6254,C,138,20.49193,20.49193
6255,B,100,20.49193,20.49193
6255,C,100,20.49193,20.49193
6256,B,35,20.49193,20.49193
6256,C,35,20.49193,20.49193
6257,B,85,20.49193,20.49193
6257,C,85,20.49193,20.49193
6258,B,114,20.49193,20.49193
6258,C,114,20.49193,20.49193
6259,B,346,20.49193,20.49193
6259,C,346,20.49193,20.49193
6260,B,91,20.49193,20.49193
6260,C,91,20.49193,20.49193
6261,B,189,20.49193,20.49193
6261,C,189,20.49193,20.49193
6877,B,428,20.49193,20.49193
6877,C,428,20.49193,20.49193
719,B,432,20.49193,20.49193
719,C,432,20.49193,20.49193
7425,B,55,20.49193,20.49193
7425,C,55,20.49193,20.49193
7509,B,138,20.49193,20.49193
7509,C,138,20.49193,20.49193
7593,B,71,20.49193,20.49193
7593,C,71,20.49193,20.49193
7677,B,48,20.49193,20.49193
7677,C,48,20.49193,20.49193
7761,B,65,20.49193,20.49193
7761,C,65,20.49193,20.49193
8014,B,59,20.49193,20.49193
8014,C,59,20.49193,20.49193
8314,B,155,20.49193,20.49193
8314,C,155,20.49193,20.49193
8366,B,34,20.49193,20.49193
8366,C,34,20.49193,20.49193
8369,B,45,20.49193,20.49193
8369,C,45,20.49193,20.49193
8656,B,87,20.49193,20.49193
8656,C,87,20.49193,20.49193
8742,B,64,20.49193,20.49193
8742,C,64,20.49193,20.49193
8823,B,2,20.49193,20.49193
8827,B,31,20.49193,20.49193
8827,C,31,20.49193,20.49193
8828,B,25,20.49193,20.49193
8828,C,25,20.49193,20.49193
8829,B,27,20.49193,20.49193
8829,C,27,20.49193,20.49193
8830,B,35,20.49193,20.49193
8830,C,35,20.49193,20.49193
8831,B,43,20.49193,20.49193
8831,C,43,20.49193,20.49193
8837,B,34,20.49193,20.49193
8837,C,34,20.49193,20.49193
8838,B,40,20.49193,20.49193
8838,C,40,20.49193,20.49193
8843,B,2,20.49193,20.49193
8844,B,1,20.49193,20.49193
91,B,383,20.49193,20.49193
91,C,383,20.49193,20.49193
9113,B,44,20.49193,20.49193
9113,C,44,20.49193,20.49193
9170,B,34,20.49193,20.49193
9170,C,34,20.49193,20.49193
9199,B,48,20.49193,20.49193
9199,C,48,20.49193,20.49193
92,B,511,20.49193,20.49193
92,C,511,20.49193,20.49193
9256,B,25,20.49193,20.49193
9256,C,25,20.49193,20.49193
9285,B,31,20.49193,20.49193
9285,C,31,20.49193,20.49193
93,B,190,20.49193,20.49193
93,C,190,20.49193,20.49193
9342,B,18,20.49193,20.49193
9342,C,18,20.49193,20.49193
9371,B,56,20.49193,20.49193
9371,C,56,20.49193,20.49193
94,B,91,20.49193,20.49193
94,C,91,20.49193,20.49193
9428,B,36,20.49193,20.49193
9428,C,36,20.49193,20.49193
95,B,64,20.49193,20.49193
95,C,64,20.49193,20.49193
9596,B,5,20.49193,20.49193
9596,C,5,20.49193,20.49193
96,B,146,20.49193,20.49193
96,C,146,20.49193,20.49193
9681,B,1,20.49193,20.49193
97,B,94,20.49193,20.49193
97,C,94,20.49193,20.49193
98,B,42,20.49193,20.49193
98,C,42,20.49193,20.49193
99,B,65,20.49193,20.49193
99,C,65,20.49193,20.49193
