TypeTitre,Date,Observe,Tendance,Saisonnalite,Residu
B,2023-11-01,0.94460005,0.15718302877282095,-0.011611658867251774,0.7990286757754306
B,2023-11-02,0.8906085,0.15665750630363806,-0.007784202855401439,0.7417351860651606
B,2023-11-03,0.26478845,0.15620318169949599,0.0071135571637272795,0.1014717099473541
B,2023-11-04,0.17587768,0.15584326979790467,0.014773943711564685,0.005260461904616043
B,2023-11-05,0.1525372,0.15559899183981066,-0.0001469113911848406,-0.002914883574007293
B,2023-11-06,0.2014449,0.1554527793460969,0.001090444779987704,0.04490166994930908
B,2023-11-07,0.14901575,0.15538830486238803,-0.006018649324409855,-0.0003539010766897277
B,2023-11-08,0.14554478,0.15537429440188316,-0.0070998939913889175,-0.0027296181295723143
B,2023-11-09,0.1473047,0.1559193678979569,-0.005796391555098158,-0.002818277517976253
B,2023-11-10,0.1587101,0.1567312213913389,0.0035801674771905956,-0.0016012816612312186
B,2023-11-11,0.16495623,0.15797795047422447,0.010309838711317345,-0.003331562240618424
B,2023-11-12,0.16969654,0.15941627901819477,0.005106521707033096,0.005173738915198761
B,2023-11-13,0.16232957,0.16065829025246645,-0.0005465601772965636,0.002217839383791609
B,2023-11-14,0.15337637,0.16128536903720736,-0.007617958984888678,-0.00029103938390742656
B,2023-11-15,0.15822731,0.16132024119103855,-0.003388875183838341,0.0002959435774174124
B,2023-11-16,0.17247567,0.16120353735713644,-0.003938948659765857,0.01521107711035341
B,2023-11-17,0.16335623,0.16106622384102318,-0.00018681018288108455,0.0024768160047531074
B,2023-11-18,0.14581232,0.16062673847466455,0.006415775441504156,-0.021230196187172423
B,2023-11-19,0.164842,0.15986156820947234,0.010209166056260072,-0.005228739622521045
B,2023-11-20,0.15690625,0.15883549872797567,-0.0015446404776956442,-0.00038461111130297376
B,2023-11-21,0.15151529,0.1579607029291253,-0.009157334332407181,0.0027119215443875133
B,2023-11-22,0.16858636,0.15733701151899293,-0.00022329431448272382,0.011472641223491203
B,2023-11-23,0.14366618,0.15696030949255693,-0.0014949375681910498,-0.011799193936313512
B,2023-11-24,0.18082564,0.15680414453729707,-0.003577559609101363,0.027599050862629176
B,2023-11-25,0.1545522,0.15686352685295557,0.0023694240530892723,-0.004680744508988255
B,2023-11-26,0.18186642,0.15702163363408778,0.0149730807652526,0.009871707896229986
B,2023-11-27,0.14747427,0.15756391366183262,-0.0018129879314490746,-0.00827665169111505
B,2023-11-28,0.14231385,0.1588349881423764,-0.010350275775398508,-0.006170859460750772
B,2023-11-29,0.15795381,0.16077549192069188,-0.0005909223673135735,-0.0022307558813125794
B,2023-11-30,0.17078744,0.1630987485651516,-0.001890453848226669,0.00957914403334209
B,2023-12-01,0.1560493,0.1657704266368849,-0.0054247578008290885,-0.004296372576175739
B,2023-12-02,0.17546614,0.16837837505167924,0.004563446888786647,0.0025243132037678084
B,2023-12-03,0.18267415,0.17054631539374737,0.020500097174995978,-0.008372257929499277
B,2023-12-04,0.177011,0.1721390940335996,-0.0007575994024986847,0.005629503498743749
B,2023-12-05,0.17511299,0.1731416676374862,-0.013974825833451061,0.01594615072106556
B,2023-12-06,0.17513825,0.17362689126101394,-0.0064698216656862186,0.007981180397996557
B,2023-12-07,0.17090657,0.17366589412893987,-0.002615069384110894,-0.00014425121081712566
B,2023-12-08,0.16491325,0.17295976448047554,-0.00352766898787276,-0.004518843496562425
B,2023-12-09,0.18536173,0.17138426365717174,0.005705197303693359,0.008272267111301329
B,2023-12-10,0.19647999,0.1691966090928445,0.025747613747407465,0.0015357682381247906
B,2023-12-11,0.16590065,0.1668895718444663,0.0015542310161095244,-0.002543155220347537
B,2023-12-12,0.14610869,0.16467086409918458,-0.018721053414650524,0.00015887623944665918
B,2023-12-13,0.14376312,0.16268969203513817,-0.01567201507392055,-0.0032545520184380783
B,2023-12-14,0.15331423,0.16238759639097705,-0.005917210461817499,-0.0031561531029266343
B,2023-12-15,0.1676291,0.16447407492356744,0.005333424367409857,-0.002178406359229862
B,2023-12-16,0.15716976,0.1676323488237779,0.004682273185244659,-0.015144862735493508
B,2023-12-17,0.17074826,0.1714780778132301,0.031540965398085485,-0.03227077961382718
B,2023-12-18,0.16684544,0.17594851636984948,0.01585211915132096,-0.02495519465660745
B,2023-12-19,0.14955153,0.1808751347634563,-0.023905622369726647,-0.007417986681716393
B,2023-12-20,0.1581914,0.18634987268210218,-0.027338894572443397,-0.0008195803235183374
B,2023-12-21,0.18218426,0.1929464440199604,-0.010800989298978674,3.880934285344084e-05
B,2023-12-22,0.21633467,0.1997443022482433,0.004743774880869217,0.011846593652976717
B,2023-12-23,0.20642601,0.20274312406440137,-0.0017809925383644317,0.005463878009752565
B,2023-12-24,0.23863846,0.20377381216871202,0.027971058809142572,0.0068935896582843215
B,2023-12-25,0.7406709,0.20409980669464106,0.025935810293072774,0.5106353024306212
B,2023-12-26,0.23363718,0.20232904189816156,-0.030634002221166596,0.061942144227652846
B,2023-12-27,0.15978532,0.1978906760627862,0.00346267889673322,-0.04156803956511787
B,2023-12-28,0.17864439,0.19352919933027005,-0.019683122235231894,0.004798311819070117
B,2023-12-29,0.24925616,0.18959720525742257,-0.0015546635877063824,0.061213622165809334
B,2023-12-30,0.6861183,0.1851862904027169,-0.010135661355816686,0.5110676756825614
B,2023-12-31,0.65268654,0.1788690162177167,0.019817452042978346,0.45400006805140825
B,2024-01-01,0.21223098,0.17205912637910664,0.03774675943434445,0.00242509458281967
B,2024-01-02,0.13241936,0.1655479810716638,-0.03310907301032478,-1.9545397116293994e-05
B,2024-01-03,0.121728085,0.15942671981412843,0.024738758672908943,-0.06243739350559588
B,2024-01-04,0.118177526,0.15433424541839372,-0.024660411141983786,-0.011496308577271297
B,2024-01-05,0.1390752,0.15048041181567268,-0.007972875944883804,-0.0034323311407550017
B,2024-01-06,0.12657407,0.14739589809861572,-0.014744009834325656,-0.006077819002739154
B,2024-01-07,0.15121748,0.1446366611768775,0.008476362658736983,-0.0018955483021290687
B,2024-01-08,0.1937164,0.1425739950042294,0.03284288626020365,0.018299525557771534
B,2024-01-09,0.61096686,0.14116359376199478,-0.031751270055466276,0.5015545375414878
B,2024-01-10,0.19288057,0.1398937884796117,0.05217169196449266,0.0008150904444149121
B,2024-01-11,0.1108997,0.13870195297021926,-0.026754453799478748,-0.001047797456224825
B,2024-01-12,0.12371406,0.13764897330856407,-0.013276563239931531,-0.0006583504773391979
B,2024-01-13,0.119014695,0.13727145531864757,-0.01573094267523607,-0.0025258173566607145
B,2024-01-14,0.1332514,0.13777583711023178,0.00324737378894133,-0.007771812097369518
B,2024-01-15,0.11944161,0.1387221908395722,0.022730790027738673,-0.04201136731235636
B,2024-01-16,0.11132151,0.13971430500293658,-0.028000730394732692,-0.00039206572377395443
B,2024-01-17,0.11526132,0.14074910301604887,0.054675684518050056,-0.08016347123466044
B,2024-01-18,0.12002638,0.14206515873825457,-0.02550494203481784,0.0034661631202479726
B,2024-01-19,0.12948199,0.1435465494201287,-0.013291437567666495,-0.0007731256874155268
B,2024-01-20,0.13693699,0.14446881373022208,-0.011097984693043647,0.0035661633696666695
B,2024-01-21,0.15062924,0.1444723163535624,0.0027877998325467443,0.003369121108087958
B,2024-01-22,0.15169151,0.1442716789436163,0.011132327235862946,-0.003712494906095154
B,2024-01-23,0.20946284,0.1438661220587547,-0.019213461304531155,0.08481017563054971
B,2024-01-24,0.6262856,0.14331904097875445,0.0553449340401001,0.4276216375643058
B,2024-01-25,0.1917881,0.1423785456652605,-0.022874228332568223,0.07228378982406125
B,2024-01-26,0.12736809,0.1403546258495511,-0.014959665760322855,0.001973132447698006
B,2024-01-27,0.1349942,0.13780702167612757,-0.010221755686654347,0.0074089279220792
B,2024-01-28,0.13985983,0.13433624620243323,0.0018858485941208414,0.003637730576141862
B,2024-01-29,0.19323997,0.12864229532488639,0.0022170947893892018,0.06238058188107812
B,2024-01-30,0.5768766,0.1224993085932444,-0.012681184218807205,0.46705845634074217
B,2024-01-31,0.1735047,0.11658182166549587,0.055694948878723345,0.0012279247520683295
B,2024-02-01,0.081448615,0.11082062437860515,-0.019004743352982988,-0.010367266428301602
B,2024-02-02,0.09078338,0.10520064439638106,-0.015534441489279117,0.001117177064879099
B,2024-02-03,0.08594521,0.10113198949968817,-0.00965159654940376,-0.005535181599366598
B,2024-02-04,0.09717712,0.09895574483405598,0.0023589972594903297,-0.004137624030573286
B,2024-02-05,0.091204286,0.09750294612511541,0.0022100142666263466,-0.008508674770098687
B,2024-02-06,0.09606764,0.09645492297577257,-0.0019995810959512177,0.0016122953253025485
B,2024-02-07,0.096598916,0.09606371935571428,0.030913655358522522,-0.030378458958488064
B,2024-02-08,0.091033004,0.09608988535551631,-0.012132167506578537,0.007075286375362616
B,2024-02-09,0.07534098,0.09637307360392398,-0.012493487370942812,-0.00853860743173071
B,2024-02-10,0.087291,0.09677385043044888,-0.008247791302607657,-0.0012350568542816576
B,2024-02-11,0.10062592,0.09734512422968362,0.004227681796743334,-0.0009468887109438662
B,2024-02-12,0.1095743,0.0982672067646409,0.003293180206707877,0.00801391605961893
B,2024-02-13,0.09427313,0.09959837852574052,-0.0006711334555031461,-0.00465411745478557
B,2024-02-14,0.09835217,0.10093189666114215,0.01263990206091973,-0.015219627241406214
B,2024-02-15,0.09996608,0.10203954339790117,-0.0018089529112343193,-0.0002645114900085288
B,2024-02-16,0.10171207,0.1028437045117117,-0.010839126794353832,0.009707492688125388
B,2024-02-17,0.10079519,0.10362701536656214,-0.0065207226828319425,0.0036888943723343975
B,2024-02-18,0.11279725,0.10445579810286162,0.006004212326330637,0.0023372424046509688
B,2024-02-19,0.11022823,0.10516548973063139,0.005902426852254879,-0.0008396835435071498
B,2024-02-20,0.105027825,0.10547593853982416,0.002220835532744267,-0.0026689494322943846
B,2024-02-21,0.096754506,0.10549426631623611,-0.003605716224978684,-0.0051340438609031175
B,2024-02-22,0.11482902,0.10574932444124385,0.0022074781699584966,0.006872216100841419
B,2024-02-23,0.09464719,0.10657769445822803,-0.008940497122317476,-0.002990005871009574
B,2024-02-24,0.09907143,0.10771843119437839,-0.004855783574931977,-0.0037912194397055066
B,2024-02-25,0.11508621,0.10887041771364371,0.00650184674185332,-0.0002860517012474584
B,2024-02-26,0.11166072,0.10989827222422444,0.006982721028620161,-0.005220274334997915
B,2024-02-27,0.122976124,0.11078045525014506,0.0034161635456058095,0.008779505490900744
B,2024-02-28,0.11376927,0.11166111034858385,-0.0056198864143679,0.007728046545463163
B,2024-02-29,0.11168908,0.11261245524744239,0.001385782296749943,-0.0023091542660131636
B,2024-03-01,0.103341915,0.113466457459059,-0.008200183091646537,-0.0019243596540297475
B,2024-03-02,0.1106305,0.11413077351989265,-0.003515632661971869,1.5356478466857504e-05
B,2024-03-03,0.11954879,0.11464573863035363,0.0075562843611899685,-0.0026532328347023126
B,2024-03-04,0.12375831,0.11527016301257766,0.00758814641929416,0.0008999991575866506
B,2024-03-05,0.11642788,0.11623656362682812,0.00301088322506794,-0.0028195633460748326
B,2024-03-06,0.10921763,0.11696797876061306,-0.008739840462270344,0.0009894905382890617
B,2024-03-07,0.11910057,0.11663423695102963,-0.0014521503810693908,0.003918484108750703
B,2024-03-08,0.15934913,0.1142435049965001,-0.004841132181369473,0.049946755788804614
B,2024-03-09,0.17216805,0.11113777584426748,-0.0015863798872451083,0.06261665027901583
B,2024-03-10,0.14690517,0.10856613515787167,0.00839428676155784,0.02994474697152355
B,2024-03-11,0.12402264,0.10657039435965045,0.007586815464729449,0.009865430463496236
B,2024-03-12,0.07666193,0.10429987627773916,0.00012288406954701582,-0.027760830859104108
B,2024-03-13,0.08339214,0.10123597642455641,-0.011088907618327957,-0.006754925556716737
B,2024-03-14,0.08642785,0.09851161355069965,-0.002097184707144103,-0.009986576332149597
B,2024-03-15,0.0947277,0.09632244956224296,-0.000730032193078533,-0.0008647149303331048
B,2024-03-16,0.09740473,0.09458539830798343,-0.00030420182700658435,0.003123536819232192
B,2024-03-17,0.1080247,0.09354462321270592,0.008389903941441196,0.006090174321949998
B,2024-03-18,0.09271831,0.09310649849699942,0.007176449557674625,-0.007564637400510693
B,2024-03-19,0.09201979,0.09269601307761113,-0.0029202840832795113,0.002244059926547748
B,2024-03-20,0.07643263,0.09209593171365979,-0.011310051816428935,-0.00435324947749971
B,2024-03-21,0.08983987,0.09130312269059913,-0.0015363046305469107,7.305018745677738e-05
B,2024-03-22,0.09796976,0.09070693995515348,0.002627373276697485,0.004635449749086987
B,2024-03-23,0.089159176,0.09053280307076815,-0.0004906805850347514,-0.0008829467321399553
B,2024-03-24,0.09473054,0.09049166280791561,0.0069974837217429715,-0.0027586054196198223
B,2024-03-25,0.09626641,0.0902277915462424,0.005143964310197826,0.0008946553884290054
B,2024-03-26,0.07947966,0.08980880564609178,-0.003292757193572912,-0.007036391338966774
B,2024-03-27,0.08677461,0.08938727858526731,-0.009089106789642547,0.006476438187342615
B,2024-03-28,0.094493836,0.08920097518537684,-0.0013161863655747601,0.0066090473446724085
B,2024-03-29,0.089543484,0.08929962421765192,0.003817190479595969,-0.0035733305458845177
B,2024-03-30,0.08373989,0.08954524146643666,-0.0001352229646451712,-0.00567012685349895
B,2024-03-31,0.091152005,0.08986814728205172,0.002953348651767668,-0.0016694910362249349
B,2024-04-01,0.09487848,0.09032816514099695,0.005261835656872755,-0.0007115209594984323
B,2024-04-02,0.0897779,0.09088138828152714,-0.002291245777126027,0.0011877592642832724
B,2024-04-03,0.08192352,0.0917501253520438,-0.007479198821056882,-0.0023474044758378387
B,2024-04-04,0.09134292,0.09304706217699069,-0.0036300670386111415,0.001925923436430485
B,2024-04-05,0.11975821,0.09453596334147643,0.003007811392069658,0.02221443634271353
B,2024-04-06,0.09621392,0.09611519392100504,0.0011131424019691833,-0.0010144144184103115
B,2024-04-07,0.09464751,0.09796637957366686,0.005635248723480087,-0.008954116457280309
B,2024-04-08,0.103320464,0.10026461680013814,0.004769537386478151,-0.0017136896947721053
B,2024-04-09,0.10409792,0.10312108179966101,-0.002144487188984692,0.003121323065295667
B,2024-04-10,0.06631874,0.10676581334255685,-0.0069188952282308105,-0.03352817518343691
B,2024-04-11,0.09552131,0.11061735053787228,-0.007050699949740616,-0.008045342106438397
B,2024-04-12,0.114242,0.11381829788469917,0.0031544250221275587,-0.0027307205388533984
B,2024-04-13,0.12802519,0.1165213730696096,0.0023677870663085443,0.009136028906173224
B,2024-04-14,0.14811465,0.1188747935447121,0.008397540763497614,0.020842317133364388
B,2024-04-15,0.14187884,0.12084882407820668,0.002183678733699776,0.018846340495588643
B,2024-04-16,0.1210384,0.12246041518860966,-0.002884300595246804,0.0014622850433825968
B,2024-04-17,0.1158644,0.12365514791716631,-0.0068356334116797994,-0.0009551109596300372
B,2024-04-18,0.11424183,0.12402327947035911,-0.008829031170733963,-0.0009524172950055448
B,2024-04-19,0.12626716,0.12388795915116077,0.002879782018686853,-0.0005005762242452083
B,2024-04-20,0.12060203,0.12424434385655464,0.004504179916708963,-0.008146497191499374
B,2024-04-21,0.14165317,0.1253521550482862,0.012185826231813907,0.004115183941114181
B,2024-04-22,0.122492395,0.126914798481449,0.000891441042257541,-0.005313844182310193
B,2024-04-23,0.117090985,0.1285425946381216,-0.004663426570396453,-0.006788182888777694
B,2024-04-24,0.1278122,0.13020703448196624,-0.007439363514313695,0.005044535777495168
B,2024-04-25,0.123792835,0.13216838939267808,-0.007692790968411261,-0.0006827638443221984
B,2024-04-26,0.14539717,0.13443785660335905,0.0006127192584703665,0.010346595516306262
B,2024-04-27,0.14222725,0.13682123346675862,0.005437545997706353,-3.153210709649912e-05
B,2024-04-28,0.1423486,0.1389718999709596,0.015938799326324422,-0.012562096883152851
B,2024-04-29,0.13763437,0.1407321820766452,0.0009440933760421761,-0.004041908701970215
B,2024-04-30,0.14641394,0.14223716966862884,-0.007149873402487776,0.011326640944895605
B,2024-05-01,0.13480608,0.14360620468098048,-0.010186538794415126,0.0013864157660759269
B,2024-05-02,0.1457915,0.14422645178027726,-0.005698741373865689,0.007263790400396902
B,2024-05-03,0.13623291,0.14366438545402313,-0.000659044141288101,-0.006772428772299249
B,2024-05-04,0.1598672,0.1418126202825417,0.006593757259430987,0.011460819733189048
B,2024-05-05,0.16716397,0.13905428368438463,0.01643805183597043,0.011671632565887602
B,2024-05-06,0.15230723,0.13582913925995943,0.0021667461621527676,0.014311341831801688
B,2024-05-07,0.120223954,0.13263672984897168,-0.00855797665168428,-0.0038547988773334763
B,2024-05-08,0.10957967,0.12942249892956856,-0.01162412156227571,-0.008218709918295347
B,2024-05-09,0.11371731,0.12625580261122454,-0.0045711980384398635,-0.007967294442188522
B,2024-05-10,0.12036095,0.12351141503503382,-0.002734246243078343,-0.0004162206465659207
B,2024-05-11,0.11993329,0.12193679193990645,0.008600335104640013,-0.010603834774839727
B,2024-05-12,0.13972282,0.12161427500000505,0.016812418473112524,0.001296130623562125
B,2024-05-13,0.12306197,0.12209610467872085,0.00517367098247344,-0.004207805784904928
B,2024-05-14,0.112300396,0.1228211950784502,-0.010058515290715843,-0.00046228382215818264
B,2024-05-15,0.11188776,0.12341486302206282,-0.012389784383070559,0.0008626818213844784
B,2024-05-16,0.1329288,0.12382600376639494,-0.00591269334331943,0.015015493140042468
B,2024-05-17,0.121583104,0.12418398458767821,-0.0015460770662342068,-0.0010548033878380464
B,2024-05-18,0.13695899,0.12433728383782662,0.00761416343782695,0.005007539245113643
B,2024-05-19,0.13757741,0.12431971621114314,0.014435239391896292,-0.0011775410904051598
B,2024-05-20,0.12777413,0.12410657446467876,0.007176647781821161,-0.0035090879682024984
B,2024-05-21,0.109324984,0.12378268716592729,-0.008947841048478336,-0.005509861864996107
B,2024-05-22,0.11778195,0.12372048922615372,-0.012427798831997685,0.006489261629350124
B,2024-05-23,0.11255729,0.1240406285712004,-0.005972220225994936,-0.0055111163606473695
B,2024-05-24,0.12444935,0.12437693803286708,0.0006581690439268668,-0.0005857571369707881
B,2024-05-25,0.1336067,0.124614506307788,0.005663287076450544,0.003328908705071132
B,2024-05-26,0.13216634,0.12475609246361562,0.011579544155990457,-0.004169295672454887
B,2024-05-27,0.14262119,0.12473522377360709,0.0074259145528295795,0.010460051029413539
B,2024-05-28,0.12258455,0.12466492408137085,-0.007349979886694524,0.0052696073781233616
B,2024-05-29,0.10524942,0.12459078607066612,-0.011022112087000241,-0.008319254175278123
B,2024-05-30,0.116633594,0.12433565238562304,-0.004685814240454613,-0.0030162441090661324
B,2024-05-31,0.12964934,0.12388946367638001,0.0013752158918498916,0.0043846615381848975
B,2024-06-01,0.12165629,0.12338780895582419,0.0019714042283267884,-0.0037029219973414296
B,2024-06-02,0.13496566,0.1229964908632803,0.009550567727087298,0.0024185995974986274
B,2024-06-03,0.12866758,0.12309626622189011,0.0065065263134164025,-0.0009352144341483737
B,2024-06-04,0.11713954,0.12370099367788366,-0.007679188357314363,0.0011177352921283024
B,2024-06-05,0.111101314,0.12477177019906652,-0.009029958955386073,-0.004640496818211992
B,2024-06-06,0.1214748,0.12651183586463965,-0.0005249945728101444,-0.004512038797780435
B,2024-06-07,0.1254278,0.12906914317030216,0.004559678634926604,-0.008201024368514595
B,2024-06-08,0.12931885,0.13242125277229266,-0.0025229528982937464,-0.0005794516217024759
B,2024-06-09,0.14266397,0.13661677154767257,0.011094671991790981,-0.005047472949825799
B,2024-06-10,0.14187431,0.14172120285505738,0.003736949087348382,-0.003583838587913585
B,2024-06-11,0.13703857,0.14650420001844305,-0.01193538347854943,0.0024697570828099424
B,2024-06-12,0.15459357,0.14712694852143945,-0.007762952015973853,0.015229575515065097
B,2024-06-13,0.16109939,0.1456125390411892,0.0035734266086132945,0.011913423545639706
B,2024-06-14,0.18878928,0.1448452113374597,0.006395823429405024,0.03754824350194935
B,2024-06-15,0.22453111,0.14495237837062688,-0.004637868182493519,0.08421660391327654
B,2024-06-16,0.5638302,0.14481651494436817,0.01258701901715301,0.4064266628959312
B,2024-06-17,0.1413935,0.14326538336722625,0.0023848547872264026,-0.004256740568202355
B,2024-06-18,0.10922906,0.14059165899616322,-0.014047071614174992,-0.017315529354720763
B,2024-06-19,0.13442153,0.13902695196659298,-0.007153449376293928,0.0025480247954126067
B,2024-06-20,0.14311653,0.13869102033569533,0.0036852575588468073,0.0007402558617139732
B,2024-06-21,0.15666482,0.13799278815688149,0.0076731085842587764,0.010998921784174082
B,2024-06-22,0.12809858,0.1367002089224131,-0.005482106343853329,-0.003119525317588717
B,2024-06-23,0.15371943,0.13494237233582046,0.012952297610891408,0.0058247552547041614
B,2024-06-24,0.14089203,0.13333798293345933,0.003569559127501677,0.003984486747632743
B,2024-06-25,0.11386466,0.13220097599650793,-0.014152669897669612,-0.004183645835776795
B,2024-06-26,0.111273184,0.13135709372974996,-0.008373290653422965,-0.01171061865764872
B,2024-06-27,0.109403834,0.13090892177537128,0.0016223327631191755,-0.023127420791580353
B,2024-06-28,0.13315642,0.13095773876280367,0.009678757935031267,-0.007480077897480938
B,2024-06-29,0.12809567,0.13146400925053273,-0.005348193101449641,0.0019798553854551704
B,2024-06-30,0.14526634,0.13275833206184678,0.011597585935976486,0.00091042118503043
B,2024-07-01,0.13596982,0.13487723658031486,0.0054843637286433496,-0.004391782670561006
B,2024-07-02,0.13135862,0.13721412231257504,-0.010308652578901095,0.004453153770964724
B,2024-07-03,0.1324881,0.13948329542940535,-0.009288363788122186,0.002293170079526785
B,2024-07-04,0.13928764,0.1417100718065123,-0.0013994325425913683,-0.001023003579907561
B,2024-07-05,0.15171857,0.14387598661059167,0.007352795714828206,0.0004897894566922301
B,2024-07-06,0.14097908,0.14606620829707337,-0.003863295685341993,-0.0012238312194431666
B,2024-07-07,0.14824106,0.1483162355558356,0.00794815120190591,-0.00802332876575998
B,2024-07-08,0.16904241,0.15060875807602558,0.004947810354432584,0.013485840035880936
B,2024-07-09,0.14655381,0.15286451328866998,-0.004143510649656236,-0.0021671882278504195
B,2024-07-10,0.14624964,0.15481560045102277,-0.006785796705231617,-0.0017801667380778485
B,2024-07-11,0.15586802,0.15638091943313975,-0.0025460550662089417,0.0020331592670261023
B,2024-07-12,0.16837469,0.1575205730263299,0.004991253115397172,0.005862861291515725
B,2024-07-13,0.16075087,0.15813924185558,-0.005180129155480605,0.007791753236179894
B,2024-07-14,0.16421582,0.15829830835234746,0.004779298265461759,0.001138211429714292
B,2024-07-15,0.15471387,0.15821005170121022,0.005142952783148492,-0.008639135389510083
B,2024-07-16,0.16107805,0.1580860294363273,-0.00047253558792596784,0.0034645568842112673
B,2024-07-17,0.15474714,0.15824753844684655,-0.003452056632739907,-4.833842631216112e-05
B,2024-07-18,0.15224934,0.15887752408779082,-0.001548481802182799,-0.0050797060429322305
B,2024-07-19,0.1580912,0.160011816490489,0.002466276220827736,-0.004386890333043736
B,2024-07-20,0.14372015,0.16151882246790947,-0.00595160256171182,-0.011847069912301167
B,2024-07-21,0.1738988,0.16317422062296422,0.0008475907765445738,0.009876989808033643
B,2024-07-22,0.17089604,0.1649929728693069,0.0038718358427701294,0.002031229700970777
B,2024-07-23,0.16806807,0.16708193065162602,0.0022925374819841894,-0.0013064018942532118
B,2024-07-24,0.16945009,0.16931576966763878,-0.0022190678092844137,0.0023533874770872154
B,2024-07-25,0.17329632,0.17140509961966663,0.0006054633553340045,0.0012857544831521295
B,2024-07-26,0.17309241,0.17323047995221438,0.005356542978283739,-0.005494612962121975
B,2024-07-27,0.1708945,0.17495375116022943,-0.00690539938179415,0.002846151815009551
B,2024-07-28,0.16860083,0.17683861435571824,-0.005000705596947621,-0.0032370813032499834
B,2024-07-29,0.18402307,0.1781358089998009,0.002807212454558885,0.0030800459007961634
B,2024-07-30,0.18203835,0.17672376936852158,0.0013295636142548449,0.003985018910648563
B,2024-07-31,0.22533292,0.1752581143506069,-0.0033023318291406658,0.053377133261462234
B,2024-08-01,0.5903007,0.17514038025954473,0.0014580140394888602,0.4137022849078146
B,2024-08-02,0.5868282,0.1753471251660633,0.010664315065205468,0.40081673197560985
B,2024-08-03,0.24578862,0.17519707566735931,-0.0014582171534444693,0.07204976040831873
B,2024-08-04,0.16036065,0.17391953894560885,-0.007123257863052897,-0.0064356318544599445
B,2024-08-05,0.16977708,0.17272623669805467,0.0015523517235252371,-0.00450150800490054
B,2024-08-06,0.17787364,0.17480791056328748,-0.004281452851350337,0.00734718354058056
B,2024-08-07,0.17254883,0.1764539641410273,-0.005305917946932071,0.0014007843150905808
B,2024-08-08,0.18217632,0.17577312322775485,0.0018387457436113406,0.004564452773552635
B,2024-08-09,0.19713917,0.17362054479260225,0.015160006438856177,0.008358622514650582
B,2024-08-10,0.5697644,0.17121563222839875,0.001081018372603429,0.3974677250856433
B,2024-08-11,0.23168172,0.16881118071190218,-0.003724463817833587,0.0665950025282718
B,2024-08-12,0.1706126,0.1660653039916373,-0.0006146290092287862,0.005161928443571107
B,2024-08-13,0.13665226,0.16291388936651413,-0.01023553537270515,-0.016026092975055917
B,2024-08-14,0.15016016,0.1592654978120948,-0.00713530389536386,-0.001970030275754986
B,2024-08-15,0.15326448,0.15556699003974836,0.0009561870382667982,-0.0032586992290085104
B,2024-08-16,0.17369178,0.15214769759951396,0.014878936080708945,0.0066651456948533805
B,2024-08-17,0.15700844,0.14889402431243298,0.0055453954116270405,0.0025690195783844294
B,2024-08-18,0.14851375,0.14561868476439027,0.002118805680915538,0.0007762587965230994
B,2024-08-19,0.13950484,0.14220427179147746,-0.000863621492318606,-0.0018358152895839586
B,2024-08-20,0.12600145,0.13870715556469942,-0.011637889507887952,-0.0010678186176177329
B,2024-08-21,0.12999593,0.1352157472985891,-0.004892622979677384,-0.00032719710428921744
B,2024-08-22,0.13439986,0.13192481897238434,-0.0019145657729229273,0.0043896078978744035
B,2024-08-23,0.124546245,0.12903878814437483,0.008206015927725274,-0.012698559331613957
B,2024-08-24,0.12163446,0.12686640317633063,-0.0004168057417365201,-0.004815136448933555
B,2024-08-25,0.13973558,0.12588469393693347,0.009002077009208022,0.0048488085445201334
B,2024-08-26,0.15356755,0.12454160094795391,0.0006945813326737994,0.028331370285900603
B,2024-08-27,0.19169198,0.12283590265707321,-0.0077898007207781875,0.07664587782959702
B,2024-08-28,0.571403,0.12134737441375865,-0.0009024377464761281,0.45095808991352804
B,2024-08-29,0.20203635,0.1203275423744296,-0.005347623140946826,0.08705643173201712
B,2024-08-30,0.12345802,0.11922766107603892,0.0016945247953792163,0.002535834517661914
B,2024-08-31,0.11206227,0.11728163745190928,-0.004403053551944105,-0.000816315940847287
B,2024-09-01,0.12526995,0.11478094933572522,0.01161663533450512,-0.0011276352340425927
B,2024-09-02,0.11226618,0.11246288307618699,0.0011030917980884357,-0.0012997919748003184
B,2024-09-03,0.107907966,0.1106209059824531,-0.0011671093616853075,-0.001545830841463286
B,2024-09-04,0.11171713,0.10933643743722682,0.0011151626352246024,0.0012655271910945731
B,2024-09-05,0.09647682,0.10847103360794506,-0.006431584558303374,-0.005562625958134726
B,2024-09-06,0.10139027,0.10805444465483569,-0.00213512971994566,-0.004529042555968518
B,2024-09-07,0.0994265,0.10808605986872652,-0.007017244826541186,-0.0016423145429368263
B,2024-09-08,0.11935795,0.10809726887800333,0.011147570556653545,0.00011311155077478596
B,2024-09-09,0.11427309,0.10796683169630812,-9.279181752053532e-05,0.0063990537620167015
B,2024-09-10,0.14892921,0.10789372498737605,0.004988648843642468,0.03604683468605606
B,2024-09-11,0.5378542,0.10765230352925037,0.0019192656538229713,0.42828262545803997
B,2024-09-12,0.1719168,0.1074890571778994,-0.007193862866445637,0.07162160344569497
B,2024-09-13,0.10367899,0.1072761845419688,-0.0018136654757969863,-0.0017835326360036569
B,2024-09-14,0.09845369,0.10666239677927429,-0.009929245492277637,0.0017205418048727023
B,2024-09-15,0.07344045,0.10590651512688481,0.01203375998720174,-0.044499827664402414
B,2024-09-16,0.08946184,0.10564891958731047,-0.00018481213104657303,-0.01600226676708162
B,2024-09-17,0.117519885,0.1052824234454795,0.004430283782365793,0.007807178073744675
B,2024-09-18,0.10517669,0.10407592796685752,0.0009303284051096422,0.0001704308686334144
B,2024-09-19,0.099712275,0.10239645208689606,-0.0054535520236308425,0.002769374905358904
B,2024-09-20,0.14635324,0.10037475471714419,0.0010382932721331502,0.04494019679221681
B,2024-09-21,0.52896976,0.09806939613187309,-0.012858656740602863,0.4437590253182024
B,2024-09-22,0.16498289,0.09611439041623697,0.012192015487762187,0.05667647921830003
B,2024-09-23,0.092360795,0.0940960593162882,0.0005196796858078503,-0.002254944457876079
B,2024-09-24,0.14313412,0.09181874737886195,0.003496749085152267,0.04781862066245063
B,2024-09-25,0.5153595,0.08942191742099327,-0.0012353008530280487,0.4271729043442052
B,2024-09-26,0.14849612,0.08791697494781751,-0.004117054930315904,0.064696201150635
B,2024-09-27,0.09185251,0.08673296511669454,0.005049940529635421,6.960283898727049e-05
B,2024-09-28,0.06849284,0.08544738352089455,-0.014584926509501389,-0.0023696197611604713
B,2024-09-29,0.0975301,0.08407764235136969,0.012887433931470248,0.0005650204864929426
B,2024-09-30,0.094655976,0.08263862458019793,0.0021512406031376128,0.00986611051608921
B,2024-10-01,0.07137444,0.08112883121757294,-0.0006329601914673936,-0.009121432323045395
B,2024-10-02,0.078954555,0.07963393804626016,-0.0038966737551921165,0.0032172908031740527
B,2024-10-03,0.07159207,0.07822950952913366,-0.003914972544167523,-0.0027224668226698417
B,2024-10-04,0.087897636,0.07678973796192827,0.007741981773402526,0.003365916261010904
B,2024-10-05,0.05804089,0.07546376645775116,-0.013841089766116995,-0.003581785848958005
B,2024-10-06,0.08582608,0.07443879214723137,0.014129562694646925,-0.002742278274705287
B,2024-10-07,0.07682798,0.07368977116170179,0.0025048183793998304,0.0006333910368440804
B,2024-10-08,0.074079,0.07307700405797335,-0.003009233931599709,0.0040112293333698645
B,2024-10-09,0.051924553,0.07262170034561867,-0.005672974914462486,-0.015024172662687324
B,2024-10-10,0.07032325,0.07235158376852326,-0.004178095286995196,0.0021497627062733032
B,2024-10-11,0.07990514,0.07241513035720078,0.006792265502926119,0.0006977415595737224
B,2024-10-12,0.06269414,0.07267214220235686,-0.008104490753113596,-0.001873511670629227
B,2024-10-13,0.08825605,0.0729937912445162,0.014918756512791589,0.0003435058692295295
B,2024-10-14,0.06908137,0.07353561967023647,-0.001109853158605839,-0.0033443929988857257
B,2024-10-15,0.071713164,0.07437933220203487,-0.00038374905044817305,-0.002282418702848593
B,2024-10-16,0.07367826,0.07535542366577877,-0.00853811244206823,0.006860951308046814
B,2024-10-17,0.071045116,0.07618602737970674,-0.005504369957126224,0.00036345816751499893
B,2024-10-18,0.07139712,0.07678798511201719,0.00827816207947813,-0.013669028921098128
B,2024-10-19,0.09278215,0.07729011197661875,-0.005254654033441586,0.02074668928554063
B,2024-10-20,0.096879505,0.07783382956433374,0.014109656682834844,0.004936018373860318
B,2024-10-21,0.074694,0.07845120469913522,-0.006806621580034598,0.003049417065435364
B,2024-10-22,0.0789431,0.07914223475425491,0.005247064530791449,-0.0054461957331817384
B,2024-10-23,0.06505515,0.08003866941429973,-0.008664156898228742,-0.0063193657026783395
B,2024-10-24,0.07260771,0.08099295895521766,-0.009307787629571948,0.0009225396318814499
B,2024-10-25,0.09135263,0.08232921948097832,0.011436317360128274,-0.0024129101597787778
B,2024-10-26,0.08467908,0.08517125316574681,-0.003986405202601908,0.00349423407287347
B,2024-10-27,0.088557,0.08982522980381992,0.013444211410550298,-0.01471244373636195
B,2024-10-28,0.07848223,0.09524787006480635,-0.012795631810457852,-0.003970005266467791
B,2024-10-29,0.07386209,0.1010231444923092,0.01349473210128563,-0.040655785886769574
B,2024-10-30,0.061870825,0.10711606578512618,-0.008514668500958113,-0.0367305727385462
B,2024-10-31,0.094680145,0.11363902403423772,-0.010831426847839618,-0.008127451803516927
B,2024-11-01,0.13845265,0.12059476032344546,0.013902153144965174,0.003955735648105474
B,2024-11-02,0.11360334,0.12812308321303323,-0.011930715855446063,-0.002589028758382156
B,2024-11-03,0.15004902,0.13577365710119463,0.0008705539174188649,0.013404804861017555
B,2024-11-04,0.5324028,0.14336743880387454,-0.005399139734724972,0.39443451436545124
B,2024-11-05,0.17110777,0.1505892915254851,0.023545285873535823,-0.003026808386569768
B,2024-11-06,0.1464848,0.1569724879165955,-0.01097120274636513,0.0004835219634442556
B,2024-11-07,0.50739044,0.15090274815963126,-0.014585484094275408,0.37107317544498963
B,2024-11-08,0.5350309,0.136415084890235,0.010086391064908619,0.38852942547689373
B,2024-11-09,0.2186935,0.1305702903933471,0.007518618322037238,0.08060458608136858
B,2024-11-10,0.5282618,0.12520175565154582,-0.014410787637829237,0.417470812725114
B,2024-11-11,0.1657264,0.11931816617470349,-0.00413449445801858,0.05054272174454251
B,2024-11-12,0.070715405,0.10743224648884676,0.03328284326233001,-0.06999968470423693
B,2024-11-13,0.0866448,0.09970493165698702,-0.015005515587310225,0.0019453824475503811
B,2024-11-14,0.08610625,0.10090638187873219,-0.014280717020365869,-0.0005194166584265858
B,2024-11-15,0.10720641,0.10252779723759091,0.0075488899782503,-0.0028702755561236526
B,2024-11-16,0.075757526,0.10425690121687821,0.013445804084896963,-0.0419451794405119
B,2024-11-17,0.07185921,0.10595568104520309,-0.032807120747088955,-0.001289349568515133
B,2024-11-18,0.10999889,0.10687681731624753,0.00013979853801619063,0.0029822734131808998
B,2024-11-19,0.15454967,0.1067371593965154,0.04442637580838619,0.003386137994752042
B,2024-11-20,0.50341064,0.1063354297828816,-0.02075390092243268,0.41782910851824373
B,2024-11-21,0.18957339,0.10542963780803784,-0.012827175424872921,0.09697092988883062
B,2024-11-22,0.5003654,0.1042901826919259,0.004022578561324425,0.3920526152192228
B,2024-11-23,0.14351304,0.10365358174623088,0.033072470217256206,0.006786986790976113
B,2024-11-24,0.057639908,0.10285235165718513,-0.033621386825872866,-0.011591056785781942
B,2024-11-25,0.072273836,0.10160039769952514,-0.0017303266159568813,-0.027596235543750444
B,2024-11-26,0.06833472,0.10035977411083556,0.028120361976383717,-0.0601454150584145
B,2024-11-27,0.07631794,0.09896943648912647,-0.020553058034250928,-0.002098434822272857
B,2024-11-28,0.09691281,0.09734136748244175,-0.0077034541857006165,0.007274895419556018
B,2024-11-29,0.11372887,0.09482447348717574,0.004978340670883816,0.013926059273623032
B,2024-11-30,0.10441337,0.09192556310037416,0.019700409829878272,-0.007212605122387292
B,2024-12-01,0.13572618,0.08880578879038734,-0.017366653564352106,0.06428704842684257
B,2024-12-02,0.5064473,0.08582588642361005,-0.000976941102602102,0.42159836989505645
B,2024-12-03,0.1461093,0.08291812805924585,0.015454920259930893,0.047736249552412915
B,2024-12-04,0.060198512,0.07967485842681647,-0.015979247982898914,-0.003497098515597624
B,2024-12-05,0.071691565,0.07700682162026246,-0.0039385049420893395,-0.001376751462585507
B,2024-12-06,0.07709647,0.07616993592574758,0.005197627092341492,-0.0042710933177526195
B,2024-12-07,0.08699981,0.07670780600116808,0.009974284655757925,0.0003177205751639933
B,2024-12-08,0.080098055,0.07738227076547631,-0.00031865158682958567,0.003034436124450049
B,2024-12-09,0.0757486,0.07786883873699267,-0.0009670239911624935,-0.0011532146801220139
B,2024-12-10,0.07528472,0.0782617315859741,-0.0013167994269847568,-0.0016602126918262572
B,2024-12-11,0.07806832,0.0785395469247288,-0.008284749540850813,0.007813526049521222
B,2024-12-12,0.07399968,0.07863417244510999,-0.004744838905974337,0.00011034703957299441
B,2024-12-13,0.07577326,0.07849702060438801,-0.0019551239603609496,-0.0007686351565430877
B,2024-12-14,0.078603685,0.07813661353099871,0.003354979055255566,-0.0028879076840631207
B,2024-12-15,0.096368715,0.07756421441078026,0.013553190205377751,0.005251310550887581
B,2024-12-16,0.07700287,0.07683757388080417,0.0016156863499308255,-0.0014503921744376952
B,2024-12-17,0.07463947,0.07624013659102719,-0.0014397590958323372,-0.00016090811004774996
B,2024-12-18,0.07167267,0.07596278633603815,-0.00577284956722328,0.0014827337743789498
B,2024-12-19,0.06688048,0.07610295169470477,-0.005769674709264216,-0.003452797530446347
B,2024-12-20,0.06452908,0.07649590330762103,-0.00887196140596143,-0.0030948582324739626
B,2024-12-21,0.068554245,0.07688857939122438,-0.0015855660303989352,-0.006748768425312912
B,2024-12-22,0.09651228,0.077483277658297,0.013190436717479687,0.0058385660287910285
B,2024-12-23,0.06340977,0.07840299549581417,0.018592049764891136,-0.03358527721575673
B,2024-12-24,0.0770779,0.07956386135936779,-0.0052102273446962616,0.0027242688388173925
B,2024-12-25,0.071484685,0.0809907134298066,-0.00895119584798329,-0.0005548326376704771
B,2024-12-26,0.07041596,0.08288834215721856,-0.003823241010877282,-0.0086491423841724
B,2024-12-27,0.07054782,0.08550124789033356,-0.014833173410662183,-0.00012025534209814115
B,2024-12-28,0.08648996,0.08884806964697778,-0.0018124187801338357,-0.0005456903155820481
B,2024-12-29,0.093515225,0.09282695002039028,0.013229802027109999,-0.012541527292689938
B,2024-12-30,0.07958265,0.09724977227012271,0.029507299350906298,-0.04717442513188564
B,2024-12-31,0.092100464,0.1015945000850359,-0.011199012892035686,0.0017049766145826456
B,2025-01-01,0.09176296,0.10348529750990729,-0.016537098257698907,0.00481476070491442
B,2025-01-02,0.10985845,0.10412053903213711,-0.004245222571260411,0.00998313681289649
B,2025-01-03,0.15527453,0.10511889947841255,-0.01008958533955979,0.060245211145914385
B,2025-01-04,0.1692665,0.10558088963172897,-0.002206039470952102,0.06589165686875652
B,2025-01-05,0.5343824,0.10516072020351269,0.011613046907502504,0.4176086357858659
B,2025-01-06,0.15223558,0.10462631515559977,0.048470570937306785,-0.0008613036220126852
B,2025-01-07,0.082308196,0.10385025575982437,-0.020529718638401466,-0.001012341590054644
B,2025-01-08,0.074520566,0.10311342984732522,-0.02640861213146528,-0.002184252146459148
B,2025-01-09,0.072578736,0.10288875762526489,-0.004472165749098862,-0.025837856226580302
B,2025-01-10,0.1285061,0.10244354141712828,-0.007103663650173794,0.033166216450345926
B,2025-01-11,0.10350441,0.10082592710985505,-0.0020059397212122297,0.004684424487558805
B,2025-01-12,0.115981676,0.09843393877143981,0.010929103420674708,0.006618633492337531
B,2025-01-13,0.13657507,0.09590303207009754,0.03818380950728101,0.002488231426390375
B,2025-01-14,0.50855637,0.0926915722818773,-0.012581598000739661,0.42844639168565923
B,2025-01-15,0.1443042,0.08879837461993714,-0.01933468420874868,0.07484051059570088
B,2025-01-16,0.07514111,0.08493283648230539,-0.005149962662039809,-0.004641764294108203
B,2025-01-17,0.07729676,0.08118537308700285,-0.004067926757140175,0.00017931732866087458
B,2025-01-18,0.06421867,0.07804043227050601,-0.0023067395189616787,-0.011515022621768331
B,2025-01-19,0.08501659,0.07727326696456435,0.011067554568394637,-0.0033242281958999753
B,2025-01-20,0.1078122,0.07861534791049068,0.025717570421350047,0.0034792851350515103
B,2025-01-21,0.15720224,0.07896889418623403,-0.009168406150307997,0.08740175576900562
B,2025-01-22,0.5204435,0.07863266326842425,-0.0154526418965027,0.4572634777163659
B,2025-01-23,0.54022115,0.0785562267593827,-0.005342426714155542,0.46700735464456167
B,2025-01-24,0.14516728,0.07907251298644045,-0.0019295132065885354,0.06802427648338509
B,2025-01-25,0.08464064,0.07964027042343089,-0.0035631741991892195,0.008563540815896581
B,2025-01-26,0.08559343,0.0793756191533182,0.008638893050976317,-0.0024210800162604573
B,2025-01-27,0.08269788,0.0786628724504589,0.014828066609822369,-0.010793055811952112
B,2025-01-28,0.076755755,0.07806269030859896,-0.0020633400843385833,0.0007564044253787622
B,2025-01-29,0.068689026,0.07757665219047725,-0.008020578811340728,-0.000867047440625629
B,2025-01-30,0.07755562,0.07717234691926107,-0.0030507628471603374,0.0034340351081017517
B,2025-01-31,0.07812703,0.07693318196592677,-0.001151713585581475,0.0023455581775770618
B,2025-02-01,0.07007184,0.07677896484610217,-0.0023073311548591734,-0.004399794895104225
B,2025-02-02,0.08799366,0.0763715402881591,0.006402054090661558,0.005220064700254212
B,2025-02-03,0.08038787,0.07567126037484952,0.006541717001625321,-0.0018251093893189296
B,2025-02-04,0.07104875,0.07496081169372941,-0.003048658264566117,-0.0008634019557364758
B,2025-02-05,0.07112435,0.07447637557512195,-0.006808462419617328,0.0034564393592391857
B,2025-02-06,0.07194024,0.07434551272799868,-0.0005386614174016962,-0.0018666080664258428
B,2025-02-07,0.07116106,0.07447191553463968,0.002080079720424539,-0.005390933729719369
B,2025-02-08,0.07159841,0.07470943222008897,0.0007532723945477044,-0.003864294008252389
B,2025-02-09,0.07904262,0.07504508169317542,0.003981485491016121,1.605377270619268e-05
B,2025-02-10,0.07858813,0.07550719354804086,0.0011726914976767067,0.0019082430441872134
B,2025-02-11,0.07327532,0.0762910955602098,-0.00580467541370768,0.0027889000854123963
B,2025-02-12,0.06937956,0.07751790950971088,-0.00846679808871921,0.0003284492284033186
B,2025-02-13,0.077539586,0.07900513509419763,-0.000549802282591295,-0.0009157472808484224
B,2025-02-14,0.08452484,0.08063305201376351,0.009580065575801057,-0.005688277473063719
B,2025-02-15,0.089572944,0.08248067299152023,0.011405853084939382,-0.004313582329416005
B,2025-02-16,0.081988305,0.08474906705000963,-0.001966580605453772,-0.0007941815911165356
B,2025-02-17,0.08530445,0.08763679919696159,-0.0037570461264439855,0.0014246934479035661
B,2025-02-18,0.07870252,0.09102218309200102,-0.008824981547163394,-0.003494684691028274
B,2025-02-19,0.08042428,0.093618621640477,-0.01252374599363121,-0.0006705966723127149
B,2025-02-20,0.09564468,0.09536120274755931,-0.0032384610251046755,0.0035219409233430976
B,2025-02-21,0.12949347,0.09715564020785813,0.013661310865859073,0.01867652388660994
B,2025-02-22,0.5205914,0.09896496517354562,0.030552513571207734,0.3910738994672217
B,2025-02-23,0.17163949,0.10072815684934984,-0.008416284553349562,0.07932761485133095
B,2025-02-24,0.08777043,0.10261184784301551,-0.008359941038535422,-0.006481474570669665
B,2025-02-25,0.092648834,0.10390422107734065,-0.01174488370483767,0.0004894966175940652
B,2025-02-26,0.115639694,0.10449858604916301,-0.016008616952634495,0.027149724938524744
B,2025-02-27,0.15915287,0.10517719450947517,-0.0067991726560790175,0.06077484355645492
B,2025-02-28,0.37408906,0.10626136994743145,0.019107064720114333,0.24872062754635194
B,2025-03-01,0.16137776,0.10749901368426233,0.03513286930703459,0.01874587479640756
B,2025-03-02,0.09495917,0.10889664579836789,-0.00896026927205918,-0.00497720690007275
B,2025-03-03,0.10092011,0.1095517231250538,-0.008590879490491221,-4.073269362935006e-05
B,2025-03-04,0.09603645,0.10914785943821757,-0.013628466544814937,0.0005170561813425401
B,2025-03-05,0.08828954,0.10884049727805727,-0.019829099351332983,-0.000721861390984388
B,2025-03-06,0.09677268,0.10892283849044068,-0.009562061613559809,-0.002588098680450665
B,2025-03-07,0.12924945,0.1091501921498748,0.01789788442971331,0.0022013769650285897
B,2025-03-08,0.114624724,0.10929426798555703,0.04774493459658587,-0.04241447879006678
B,2025-03-09,0.1437977,0.10917930515695999,-0.007689365989409894,0.04230775646919917
B,2025-03-10,0.45934075,0.10835395135629343,-0.007653348496393153,0.35864014831121177
B,2025-03-11,0.16394597,0.10758704301961258,-0.015307310103897367,0.07166624000374888
B,2025-03-12,0.08777915,0.10737580542218567,-0.02195467432388405,0.0023580183148072115
B,2025-03-13,0.14052273,0.10703478047160275,-0.009791087402041624,0.0432790402611655
B,2025-03-14,0.4587999,0.1057688229287175,0.008886421643462648,0.34414465405224004
B,2025-03-15,0.14745052,0.10401647588514278,0.04457510370566407,-0.001141058002481335
B,2025-03-16,0.1018924,0.10209451904153621,0.001688885541035985,-0.0018910077749016013
B,2025-03-17,0.099275924,0.10010630503724595,-0.005815641354541172,0.004985260582679896
B,2025-03-18,0.08299498,0.09836214421511055,-0.016974759825887902,0.0016075982109894499
B,2025-03-19,0.06930641,0.09719501247952338,-0.022109987038304267,-0.005778614592124712
B,2025-03-20,0.08863352,0.09665008111056063,-0.00725533205135546,-0.0007612266678858892
B,2025-03-21,0.09401344,0.09679601104750707,0.004306921945138071,-0.0070894953638991065
B,2025-03-22,0.08692094,0.09760896418611764,0.03639443660743586,-0.04708246140766254
B,2025-03-23,0.1076058,0.09912021354800658,0.011716606978709207,-0.003231020494100123
B,2025-03-24,0.08998617,0.10175999357160373,-0.005657595521165755,-0.00611623020232778
B,2025-03-25,0.08308533,0.10560161324670851,-0.01627696369744868,-0.006239321208729429
B,2025-03-26,0.08983402,0.11054775322702405,-0.019004726060133727,-0.0017090076251499026
B,2025-03-27,0.11281251,0.11655042631065222,-0.005914237552718116,0.0021763228649716165
B,2025-03-28,0.15114449,0.12120385035949272,0.001095768460709926,0.028844870825755292
B,2025-03-29,0.16085936,0.12003449022799546,0.023658242090467525,0.01716662897246872
B,2025-03-30,0.14978738,0.11846375085660281,0.018080575223389954,0.013243055211396695
B,2025-03-31,0.15791774,0.11855389387769408,-0.004714221823626555,0.0440780659067479
B,2025-04-01,0.5449689,0.11912959293501345,-0.01337094291589427,0.43921025304560857
B,2025-04-02,0.1999142,0.11831175426870454,-0.015190793369527325,0.09679324119490086
B,2025-04-03,0.10477238,0.11538073275092352,-0.005760949290705824,-0.004847401975709181
B,2025-04-04,0.11572814,0.11223996565313789,0.002966000214262557,0.0005221740099188854
B,2025-04-05,0.11339941,0.11059124207691803,0.012133138781814889,-0.009324972101046311
B,2025-04-06,0.13645332,0.11034541328397408,0.01944602935505242,0.0066618729766274865
B,2025-04-07,0.105159275,0.1099698820147698,-0.0026153502307642044,-0.0021952565502600246
B,2025-04-08,0.10096189,0.1090260696204629,-0.010293242594632422,0.0022290593205096937
B,2025-04-09,0.10006508,0.10782768470768812,-0.01091676813297527,0.0031541657369173887
B,2025-04-10,0.105754435,0.10656086981041682,-0.0061669530696750055,0.0053605183216666324
B,2025-04-11,0.11172287,0.10515944359947496,0.003115873941261417,0.003447554120449836
B,2025-04-12,0.096478954,0.10353140860455072,0.002451266503483969,-0.009503721150477012
B,2025-04-13,0.11195881,0.10186781521522813,0.017443083102197807,-0.007352089120476926
B,2025-04-14,0.10590937,0.10038104469011534,0.0014591078952009473,0.0040692173006051935
B,2025-04-15,0.093275696,0.09931452405828281,-0.0069855019570032924,0.000946673937920306
B,2025-04-16,0.08846966,0.09888150393017213,-0.007544261502494408,-0.0028675806554265965
B,2025-04-17,0.08797053,0.0991070828091273,-0.005158803326668412,-0.00597774700555688
B,2025-04-18,0.09792535,0.09979151744447066,0.0009590582935464023,-0.002825225668017378
B,2025-04-19,0.10423869,0.10067803109937808,2.0386721561553594e-05,0.0035402711248306296
B,2025-04-20,0.11335408,0.10173807495441366,0.014717372228325165,-0.0031013677574038973
B,2025-04-21,0.10635277,0.10295306652234965,0.003202809434387898,0.00019689288166806207
B,2025-04-22,0.09736707,0.10423346428468983,-0.0075460898741821205,0.0006796962047838917
B,2025-04-23,0.10136478,0.10542867445567046,-0.006803280289334596,0.0027393823257829686
B,2025-04-24,0.10464713,0.1064691761236183,-0.003921041895956364,0.002098995546431698
B,2025-04-25,0.107261986,0.10737600766913177,-0.0015637862327061594,0.0014497641039643988
B,2025-04-26,0.104752,0.10791276541048003,0.002910992832258021,-0.006071761546742729
B,2025-04-27,0.12583183,0.10833965788405267,0.014788899789165092,0.002703269848106399
B,2025-04-28,0.16287102,0.10917077354670393,0.002263477263425131,0.051436767241972076
B,2025-04-29,0.465619,0.10986493311454557,-0.0091180692164257,0.3648721339141513
B,2025-04-30,0.53039914,0.11052013057473029,-0.0069556414021868795,0.42683465452328784
B,2025-05-01,0.16666397,0.11129135731861023,-0.002083925430380196,0.05745654263531427
B,2025-05-02,0.10633376,0.11223262032352584,-0.0034359791176083775,-0.0024628787986146067
B,2025-05-03,0.12280262,0.11281884815783236,0.005691128559418662,0.004292645899040021
B,2025-05-04,0.12802905,0.11310439774967238,0.016647477285892158,-0.0017228265927239639
B,2025-05-05,0.11526803,0.11334096724415035,0.0003079646546775188,0.001619097373728437
B,2025-05-06,0.10226873,0.1136536326843295,-0.010372220793441578,-0.0010126788066861098
B,2025-05-07,0.10634663,0.11400594132637613,-0.007115517352713394,-0.000543794413669002
B,2025-05-08,0.11358396,0.11420541523780746,0.00027792041520197975,-0.0008993760139370255
B,2025-05-09,0.11113209,0.11417401511040869,-0.004160046489311251,0.0011181241528168961
B,2025-05-10,0.12227892,0.11401717071231685,0.010405321457423827,-0.0021435708636074052
B,2025-05-11,0.13305043,0.11377039079317731,0.010692512943530887,0.008587523104073971
B,2025-05-12,0.110542625,0.11342549631385881,-0.004021870833079783,0.0011389997080484826
B,2025-05-13,0.1011846,0.11282575977416343,-0.010292595172184605,-0.0013485655004353975
B,2025-05-14,0.10319303,0.11139556724390734,-0.0072414635942650435,-0.0009610738883279041
B,2025-05-15,0.111794636,0.10836035561974139,0.0006004659329708293,0.002833814100783566
B,2025-05-16,0.16639914,0.1052514428960094,0.0026048860507789148,0.05854280723885774
B,2025-05-17,0.17236255,0.10254313983652316,0.01869291171832014,0.05112649953825821
B,2025-05-18,0.49045277,0.09994996452437811,0.0012321689012515236,0.3892706329928274
B,2025-05-19,0.15789597,0.09765401300954876,-0.012216062051553794,0.07245801640631624
B,2025-05-20,0.08548191,0.09545618193058207,-0.0088105652379517,-0.0011637047949710627
B,2025-05-21,0.08304845,0.09358870846303378,-0.004317758851562948,-0.006222501644895212
B,2025-05-22,0.09334458,0.09748367678610127,0.00044897729713544156,-0.004588077426418327
B,2025-05-23,0.09257872,0.10376544494787926,0.011393557242496917,-0.022580285614276774
B,2025-05-24,0.08670952,0.11039746904129392,0.02624099515703068,-0.04992894248745196
B,2025-05-25,0.10413176,0.11708277621344591,-0.012134139717371102,-0.0008168782830316051
B,2025-05-26,0.10214959,0.12385506934380655,-0.01833438208210784,-0.0033710964118223025
B,2025-05-27,0.12414315,0.13112593502013545,-0.010642318590010167,0.0036595369989060877
B,2025-05-28,0.14159945,0.13850728951301397,-0.005279753243436767,0.008371910265533272
B,2025-05-29,0.14642656,0.14549476214933135,0.0030083663239072415,-0.002076569978670728
B,2025-05-30,0.16886602,0.1519952346885712,0.01638752311884115,0.0004832656138751834
B,2025-05-31,0.18970793,0.15561471150923029,0.033303883690925636,0.0007893396562588806
B,2025-06-01,0.5091748,0.15517579047556743,-0.014425116080044278,0.3684241493654632
B,2025-06-02,0.5257362,0.15611264534254263,-0.02514513360915341,0.39476870099701844
B,2025-06-03,0.5277498,0.15669447921272314,-0.01700003821892672,0.3880553358464135
B,2025-06-04,0.2473853,0.15570114376255995,-0.0096150606543506,0.10129921013710619
B,2025-06-05,0.5334578,0.15544112855630834,0.005706911972840503,0.37230977511797647
B,2025-06-06,0.20118777,0.15735301998601375,0.0403273464406219,0.003507408112358168
B,2025-06-07,0.05304074,0.15517598999877044,0.03219406056936962,-0.13432931141928484
B,2025-06-08,0.09439955,0.1510651958042806,-0.016713693131061306,-0.03995195360619888
B,2025-06-09,0.11973253,0.14746095751004343,-0.024366695870474187,-0.0033617327146272247
B,2025-06-10,0.12334223,0.14400872698972308,-0.019313749176175607,-0.0013527468975242096
B,2025-06-11,0.12746854,0.14049509585227754,-0.010279033840356062,-0.0027475207473874885
B,2025-06-12,0.15352638,0.13688268467658013,0.00838680248332551,0.008256893498244072
B,2025-06-13,0.5045126,0.1332613981062746,0.01851191414998037,0.35273929579504504
B,2025-06-14,0.16678768,0.1295746947526134,0.036364023830811346,0.0008489653803508967
B,2025-06-15,0.112022765,0.12573134243191372,-0.01622848211418582,0.0025199046630650923
B,2025-06-16,0.104518615,0.12155043287163637,-0.017466454811153404,0.0004346366488943154
B,2025-06-17,0.09479434,0.11768747047031902,-0.016238348465942604,-0.0066547815726862025
B,2025-06-18,0.10519355,0.11483414638693006,-0.00970976425232788,6.916576988924561e-05
B,2025-06-19,0.15454729,0.11239707059601803,0.009794173999331354,0.032356044418513225
B,2025-06-20,0.4954486,0.10992728922590668,0.010783774809744778,0.3747375252892997
B,2025-06-21,0.1649458,0.10749691611740475,0.024021009209441068,0.0334278708052419
B,2025-06-22,0.090486534,0.10534220551049887,-0.009029572450035312,-0.00582609912062515
B,2025-06-23,0.098704144,0.10342048154222853,-0.00726218429582346,0.002545847112229868
B,2025-06-24,0.09788049,0.10181128236540007,-0.008517736656639689,0.004586944415465227
B,2025-06-25,0.09345659,0.10114078469921772,-0.004071192632997186,-0.0036130033807079964
B,2025-06-26,0.103422634,0.10091825397298242,0.005655796636137602,-0.003151416305550228
B,2025-06-27,0.090378895,0.10083851517658811,-0.007753387323257956,-0.0027062324513755093
B,2025-06-28,0.08189509,0.1007176508909145,0.013291460796493158,-0.03211402104781644
B,2025-06-29,0.101425216,0.10060883547019162,-0.0020377205179501453,0.002854100649679614
B,2025-06-30,0.09845062,0.10071239209896557,0.0008516976740775581,-0.003113466320379704
B,2025-07-01,0.09998743,0.10105445880409444,-0.0034222803970850877,0.002355253953639752
B,2025-07-02,0.10428304,0.1014868955154597,-0.000493237673676231,0.0032893844102802883
B,2025-07-03,0.09986315,0.10187069186333396,0.0017004473844067917,-0.0037079900220289286
B,2025-07-04,0.09680565,0.10210822361888015,-0.004970531406899624,-0.0003320451964089338
B,2025-07-05,0.09902839,0.10226642970314685,-0.002045151301093165,-0.0011928847758406191
B,2025-07-06,0.10431083,0.10235228693665008,0.0031150189142746787,-0.0011564729332344814
B,2025-07-07,0.1128216,0.10256599606268005,0.0037278767861334164,0.006527728482420517
B,2025-07-08,0.09956809,0.10317514716315439,-0.003859063861874317,0.0002520080316323753
B,2025-07-09,0.101558745,0.10415479279604074,0.0053004883140998615,-0.007896536202761456
B,2025-07-10,0.10574121,0.10524151717009055,-0.0017834721324521898,0.0022831652442105582
B,2025-07-11,0.09771604,0.10644877114286906,0.0025841743652813428,-0.01131690459886009
B,2025-07-12,0.10033263,0.10802725175017032,-0.00917926052618117,0.0014846414368766409
B,2025-07-13,0.1146845,0.11010032424758871,0.0039004647785618922,0.00068371077405463
B,2025-07-14,0.11369728,0.11271647032077513,-0.00033082088486976406,0.001311633534046272
B,2025-07-15,0.107727066,0.11589143435069556,-0.0041601122500258625,-0.004004256418258495
B,2025-07-16,0.101632826,0.11953074132471639,0.011398964198818114,-0.029296879493280137
B,2025-07-17,0.11785816,0.12356071338793341,-0.004869579418281969,-0.0008329774077999452
B,2025-07-18,0.1378202,0.12750595414180765,0.01522162049122393,-0.004907375501065944
B,2025-07-19,0.1412164,0.13088290680149703,-0.016785507371074745,0.027118997855039156
B,2025-07-20,0.15343688,0.13331401571646057,-0.002702766630365449,0.022825635197924354
B,2025-07-21,0.5197016,0.1352873473727521,-0.0063178730632927034,0.39073212576530864
B,2025-07-22,0.19487354,0.1370361155235115,-0.0025100231529978324,0.060347449223037974
B,2025-07-23,0.16301082,0.1392524195809722,0.018280798826684798,0.00547760233876482
B,2025-07-24,0.5117046,0.14107857226530093,-0.010404724237346124,0.38103077567123345
B,2025-07-25,0.17648466,0.1398075277204215,0.03285175188473676,0.003825379708997323
B,2025-07-26,0.10921231,0.13828173849327893,-0.021688134834224996,-0.007381294536968369
B,2025-07-27,0.11188134,0.13744541368308968,-0.007328922806359957,-0.01823515281682754
B,2025-07-28,0.121284075,0.13685319627237252,-0.01212237316174856,-0.0034467480292755537
B,2025-07-29,0.13803281,0.1362285597797915,-0.0022830833180988268,0.004087332438186764
B,2025-07-30,0.1586266,0.13577017746947304,0.021494137616668383,0.0013622860138265414
B,2025-07-31,0.50203216,0.1355243155019525,-0.013785310369812167,0.38029315562683175
B,2025-08-01,0.18682054,0.13532348586212722,0.04287912292322765,0.008617928066528058
B,2025-08-02,0.108353354,0.13488847553441458,-0.02217890258505096,-0.0043562189125556094
B,2025-08-03,0.119398214,0.13438996615701132,-0.01301784932585177,-0.0019739029081821124
B,2025-08-04,0.11792124,0.13421915085924582,-0.01473111961192349,-0.0015667906195566683
B,2025-08-05,0.103511505,0.1342768441109949,-0.002326685486358036,-0.028438653795706953
B,2025-08-06,0.1168289,0.13457362193054098,0.01778516003733564,-0.03552987841200657
B,2025-08-07,0.115953684,0.13529730476542867,-0.017130559648354554,-0.002213061263924704
B,2025-08-08,0.11341604,0.13653282841085815,0.04703622632414448,-0.07015301628142367
B,2025-08-09,0.12189782,0.13808008336693645,-0.01682194593275201,0.0006396792238355931
B,2025-08-10,0.12281821,0.14077136716087132,-0.011753968095759283,-0.006199189834212221
B,2025-08-11,0.12682877,0.14551317296645802,-0.012210408016738478,-0.006473990139882202
B,2025-08-12,0.14050129,0.1512711608376334,-0.004938643029492875,-0.005831227248371845
B,2025-08-13,0.16721433,0.15772547287923536,0.009528229372189922,-3.9368240347392724e-05
B,2025-08-14,0.4988519,0.16510795085000934,-0.011245265279096566,0.3449892097614236
B,2025-08-15,0.21626954,0.173338442713668,0.04286828333381099,6.281175903194436e-05
B,2025-08-16,0.16931866,0.1821725388165667,-0.012779541446829051,-7.433627602579373e-05
B,2025-08-17,0.4998159,0.17648531835139766,-0.006774710283898531,0.33010530298711205
B,2025-08-18,0.23793529,0.15910932532715336,-0.00950794767488164,0.08833391208829072
B,2025-08-19,0.50795305,0.1535388872717411,-0.007998348757437084,0.3624125092380764
B,2025-08-20,0.18895957,0.14911270376047447,0.0006219885423877363,0.03922487643607517
B,2025-08-21,0.10375327,0.1429233313448141,-0.005424921375598668,-0.033745141250495964
B,2025-08-22,0.107874505,0.12871494146527257,0.03578591891844387,-0.05662635516187273
B,2025-08-23,0.110270046,0.12321445241248179,-0.010760844471432773,-0.002183562243359957
B,2025-08-24,0.12402851,0.1256085418272389,0.0001143591971081606,-0.001694389678960559
B,2025-08-25,0.12416757,0.12707332080746195,-0.006838115135156869,0.003932363309342407
B,2025-08-26,0.12442789,0.12823031150567812,-0.01211582255989767,0.008313403321923568
B,2025-08-27,0.11639145,0.12902840801344315,-0.010607460943972575,-0.0020294969027682963
B,2025-08-28,0.12895402,0.1294672520309583,0.00024080936138859302,-0.000754038269559415
B,2025-08-29,0.15498215,0.13015007203739268,0.025420184043193603,-0.0005881064796036117
B,2025-08-30,0.49570343,0.13116577322687556,0.012115303680989103,0.3524223520758237
B,2025-08-31,0.18519434,0.13225986513515,0.0011811181321456157,0.05175336006118034
B,2025-09-01,0.123991534,0.13379945227114956,-0.006683090894281302,-0.0031248272629842977
B,2025-09-02,0.109650545,0.13633989385745768,-0.016449220648947684,-0.010240128386293956
B,2025-09-03,0.11951996,0.1402891978612999,-0.018341896268734368,-0.0024273451826343495
B,2025-09-04,0.14813289,0.14687513738892177,0.0016986037528683613,-0.00044085067891477814
B,2025-09-05,0.10726109,0.15517942945788143,0.013330747736028527,-0.06124908572319157
B,2025-09-06,0.11992497,0.1639636488086781,0.030733994212090186,-0.07477267304958832
B,2025-09-07,0.17268974,0.15742039715886347,-0.0015510092882376576,0.016820348018808995
B,2025-09-08,0.5127586,0.14195696354704948,-0.00939466440099579,0.3801963134866978
B,2025-09-09,0.22442147,0.13879885546134701,-0.020959708232424153,0.10658232412842272
B,2025-09-10,0.4883721,0.13981428541517749,-0.020846145530124364,0.3694039475935845
B,2025-09-11,0.2096363,0.13370820460009802,0.010961879233090771,0.06496621696904203
B,2025-09-12,0.48116043,0.12287811833452085,-0.00021507757997998346,0.35849739134575515
B,2025-09-13,0.16493607,0.11254875298530508,0.050915987309083345,0.0014713253794397113
B,2025-09-14,0.096365154,0.10835285201225064,-0.004092913506439759,-0.007894784716290626
B,2025-09-15,0.09816274,0.1070431025118762,-0.012209961355156968,0.0033295993122596512
B,2025-09-16,0.08318569,0.10649629067482431,-0.022262634321696836,-0.0010479686919565162
B,2025-09-17,0.08016341,0.10653522437259498,-0.020118129729372193,-0.006253682847129807
B,2025-09-18,0.08946979,0.10701532289628454,0.020017938896172482,-0.037563471333777826
B,2025-09-19,0.0968672,0.1077268374940793,-0.011609475530512696,0.000749841748896779
B,2025-09-20,0.0815492,0.10862178041014314,0.0435373241999966,-0.0706099071747607
B,2025-09-21,0.10099667,0.1096221698157441,-0.005363316691983334,-0.0032621800166135473
B,2025-09-22,0.09647261,0.11072223576179249,-0.013564936479555244,-0.0006846857687675539
B,2025-09-23,0.09603705,0.11161841678475737,-0.021913728769762494,0.006332364556778658
B,2025-09-24,0.10142846,0.11212695063334208,-0.012147446357429734,0.001448952328568398
B,2025-09-25,0.14291033,0.11239118398238417,0.02932890430980059,0.001190243195470883
B,2025-09-26,0.46700865,0.11231085040197941,-0.0071797665001184065,0.361877566401026
B,2025-09-27,0.14816007,0.11153416456409754,0.03598469589254619,0.0006412097242492198
B,2025-09-28,0.11017947,0.11016458439388187,0.000198607690017053,-0.00018372309452666102
B,2025-09-29,0.13723382,0.10921788189125659,-0.011757747625019197,0.03977368927158914
B,2025-09-30,0.47451448,0.10899950347507414,-0.019422459526693907,0.38493744045713735
B,2025-10-01,0.14493649,0.1090721445515041,-0.03365548492743754,0.06951982745460011
B,2025-10-02,0.089784026,0.10930995627757609,0.025487841121014664,-0.045013771252655696
B,2025-10-03,0.106889986,0.1089600563702362,0.003376442939441305,-0.005446513807911307
B,2025-10-04,0.089162745,0.10801524495788196,0.03388648350817086,-0.052738983884353455
B,2025-10-05,0.12183795,0.11110294322545484,0.009862297376465642,0.0008727106410032492
B,2025-10-06,0.102675185,0.11605714807384483,-0.005263875402560325,-0.008118088063778714
B,2025-10-07,0.09541356,0.1208116748866333,-0.028558305189933502,0.0031601884884007586
B,2025-10-08,0.11501091,0.1253216211192026,-0.045112075915379996,0.03480136453233387
B,2025-10-09,0.1414882,0.12983884957115088,0.009174667266761532,0.0024746776277247973
B,2025-10-10,0.4631715,0.13472080099848655,0.0052845045607788745,0.3231662063292386
B,2025-10-11,0.1578727,0.13983250938288022,0.0135227939750207,0.004517403293786693
B,2025-10-12,0.13820142,0.14485956014215984,0.007661545233557333,-0.014319689836929328
B,2025-10-13,0.4602705,0.14967667027446085,0.08640952217250109,0.22418430177567905
B,2025-10-14,0.14321247,0.15477419996695013,-0.05994943085852072,0.04838769832359269
B,2025-10-15,0.08691686,0.1627980596138604,-0.07535258257671734,-0.0005286205694192136
B,2025-10-16,0.09030276,0.17377477105621808,-0.025267729863659754,-0.058204283273723637
B,2025-10-17,0.12886955,0.1834481306471176,0.08058125342347232,-0.13515983563061035
B,2025-10-18,0.12535985,0.19329009080627418,-0.012954195727585901,-0.05497604693701805
B,2025-10-19,0.14105248,0.20369160688651694,-5.7323820704630415e-05,-0.0625817985534832
B,2025-10-20,0.1211288,0.2140841597014049,0.14744661562707467,-0.24040197779735165
B,2025-10-21,0.13092022,0.22464510863362555,-0.08954989121924417,-0.0041750009732269
B,2025-10-22,0.14177597,0.23430000376144092,-0.10376328182258483,0.011239243751756695
B,2025-10-23,0.18556334,0.24423099274039975,-0.0557461349341749,-0.002921517023105641
B,2025-10-24,0.4873919,0.2541390641611786,0.12090739520551884,0.11234542972860895
B,2025-10-25,0.22558337,0.2636436280176684,-0.03422875078670037,-0.0038315027306933813
B,2025-10-26,0.52176905,0.273094215186466,-0.003928963373966851,0.25260379497094815
B,2025-10-27,0.50607413,0.2825800987763012,0.21648000446876442,0.007014027290060121
B,2025-10-28,0.17676197,0.2920959198815661,-0.11726024461219518,0.0019262946546022008
B,2025-10-29,0.16474397,0.301610842612959,-0.13129379993759455,-0.005573067870486226
B,2025-10-30,0.44660217,0.3111017538607913,-0.08671971808618645,0.22222012992440032
B,2025-10-31,0.4833941,0.320570003962354,0.1622638567176275,0.0005602256809498773
C,2023-11-01,0.13477303,0.022884993046964248,0.00021960717692116842,0.11166843065322794
C,2023-11-02,0.20332016,0.02247804429443419,-0.00026333154541465745,0.18110544775913628
C,2023-11-03,0.042495,0.022069458593169597,-0.0031391430733288756,0.023564685587613578
C,2023-11-04,0.022348363,0.021660275019696244,0.0009849381847280485,-0.0002968502519535149
C,2023-11-05,0.019787155,0.02125327097948696,-0.0012419745871692347,-0.00022414130055518552
C,2023-11-06,0.027640762,0.020855762052041538,0.00505392573113669,0.001731074024382693
C,2023-11-07,0.018847996,0.020476889421148656,-0.0017314095878167338,0.00010251653567232635
C,2023-11-08,0.019209748,0.02011341213422519,8.280828660570207e-05,-0.0009864722868139011
C,2023-11-09,0.018282834,0.01977807681993208,-0.0008049962914349378,-0.0006902460880273999
C,2023-11-10,0.016554186,0.019514245028571547,-0.0022271167336542497,-0.0007329421742879871
C,2023-11-11,0.020893542,0.01938059600451275,0.0011807074403654757,0.00033223865114056367
C,2023-11-12,0.01940651,0.01938038514179764,-0.00035196776976761945,0.0003780931449711318
C,2023-11-13,0.020339744,0.01942631682288571,0.0034140059924738465,-0.002500578649819816
C,2023-11-14,0.017116804,0.019430008259975436,-0.0012892155497433292,-0.0010239890343421362
C,2023-11-15,0.021008002,0.01938077304905148,-0.00015183757110624513,0.001779066162493799
C,2023-11-16,0.020669645,0.019325072915468162,-0.0013506039019173203,0.0026951756849497924
C,2023-11-17,0.018283378,0.019256596627219513,-0.0014591508227681158,0.00048593252840192086
C,2023-11-18,0.020333655,0.019143008500345716,0.0014082592693754506,-0.0002176125911742613
C,2023-11-19,0.018928051,0.018945271810511245,0.0005604307714006725,-0.0005776515870388708
C,2023-11-20,0.01982414,0.018648343862480925,0.0018286652788913566,-0.0006528693675266102
C,2023-11-21,0.018974563,0.01836456998715047,-0.0008936466357619524,0.0015036397555059748
C,2023-11-22,0.017255183,0.018176170686668037,-0.0003568954125819031,-0.0005640919647694996
C,2023-11-23,0.014464382,0.01805865495499683,-0.0017049134266355463,-0.001889359446137391
C,2023-11-24,0.017966012,0.017991130147858112,-0.0008012950978510023,0.0007761764890944906
C,2023-11-25,0.014951443,0.017971667917285283,0.001639277291730552,-0.004659501909364689
C,2023-11-26,0.019589504,0.018041070021280088,0.001499269764024792,4.916444173731771e-05
C,2023-11-27,0.018187914,0.018216578680530858,0.0005528104569834482,-0.0005814750938493742
C,2023-11-28,0.017388454,0.018493834720744978,-0.00031699940495102306,-0.0007883816086949949
C,2023-11-29,0.017929,0.01882458846199679,-0.0009056524960710127,1.0064814060604249e-05
C,2023-11-30,0.024299733,0.019174015217754303,-0.002078086987725708,0.007203805110711607
C,2023-12-01,0.019148106,0.019542450461943237,-0.0006591910254618379,0.0002648463189669423
C,2023-12-02,0.021890933,0.019886902205046703,0.0021484417293755526,-0.00014441124034476546
C,2023-12-03,0.022748647,0.02017075926330939,0.001813019704875216,0.0007648682895010535
C,2023-12-04,0.02152133,0.020353849694535367,0.0001458949935642674,0.001021585191661109
C,2023-12-05,0.020456145,0.020411486602722108,-1.1999489045945834e-05,5.665747252931938e-05
C,2023-12-06,0.019020706,0.02033563426729273,-0.0016987095714307329,0.0003837817193143925
C,2023-12-07,0.01869941,0.02015397553600611,-0.0023521691433839443,0.0008976030475376338
C,2023-12-08,0.01808076,0.01986864938053652,-0.000662417143988346,-0.0011254724430281998
C,2023-12-09,0.022119949,0.01953059137925625,0.002320047503540554,0.0002693097576689299
C,2023-12-10,0.02276994,0.01918341692343739,0.0008201443611329274,0.002766377869816202
C,2023-12-11,0.016606208,0.018862194633701715,-0.0003979900418503389,-0.0018579966548491929
C,2023-12-12,0.0153790545,0.0186435601974456,0.003641933787119965,-0.006906439512715171
C,2023-12-13,0.015315962,0.018511538545471103,-0.0029161837939690525,-0.0002793927274689807
C,2023-12-14,0.014824633,0.01842674145951587,-0.0030561756046745604,-0.0005459332995949549
C,2023-12-15,0.024542898,0.01843030416470553,0.0007583702574122668,0.005354223517564212
C,2023-12-16,0.014898506,0.01858910014647907,0.001959955651405362,-0.005650549804697005
C,2023-12-17,0.016929291,0.018970302702141756,-0.0015116865289002866,-0.0005293249845245811
C,2023-12-18,0.019339321,0.0195262707789398,0.0006296072924090697,-0.0008165568901707769
C,2023-12-19,0.016689168,0.020157422473026376,0.006644725968149254,-0.01011298015187185
C,2023-12-20,0.016539209,0.020895880584459334,-0.0038842086104499897,-0.00047246338302499996
C,2023-12-21,0.02341598,0.02150410295660713,-0.004240917531361302,0.006152795435345106
C,2023-12-22,0.026143895,0.021902720204717407,-0.0013204230126918027,0.005561598270129739
C,2023-12-23,0.024000656,0.022351715888608393,0.0004799177176448357,0.0011690222534555574
C,2023-12-24,0.035163343,0.022847225736763562,-0.0016294011612110497,0.013945518377175756
C,2023-12-25,0.12454804,0.023182083530112176,0.002019229087147873,0.09934672771314995
C,2023-12-26,0.0332918,0.023311310567565913,0.00934115934195099,0.0006393319007476847
C,2023-12-27,0.01922357,0.023245604484293223,-0.0017890460146912468,-0.0022329876459325423
C,2023-12-28,0.018404877,0.0231745948453208,-0.005611967511709118,0.0008422494796808226
C,2023-12-29,0.032963403,0.022933651415067324,-0.0006411012019705631,0.010670852356197216
C,2023-12-30,0.1294455,0.022145307594648368,-0.0010601178686966274,0.10836030349533121
C,2023-12-31,0.106934056,0.02130843134526825,-0.0021659157220619073,0.08779154006279066
C,2024-01-01,0.0272193,0.020697359133952025,0.004166604720784583,0.0023553353722626756
C,2024-01-02,0.013725345,0.02028560566884705,0.004710763719089341,-0.01127102436495999
C,2024-01-03,0.014084232,0.019620273878054352,0.002225475941556026,-0.007761517779860755
C,2024-01-04,0.012003114,0.018716790121018973,-0.0052944980920711275,-0.001419177581950204
C,2024-01-05,0.014798235,0.017967618000986486,-0.002799892037283337,-0.00036949081551169646
C,2024-01-06,0.014157084,0.017414608659765764,-0.0019174601628840584,-0.0013400646800553612
C,2024-01-07,0.015940776,0.017025220941732637,-0.001813916866493914,0.00072947201955555
C,2024-01-08,0.022341495,0.01675016205994344,0.00487333629274453,0.0007179970271175944
C,2024-01-09,0.11215932,0.016467796146590327,7.374373246582245e-05,0.09561777934291726
C,2024-01-10,0.02387177,0.016147553426153635,0.007518751015251843,0.00020546568720227268
C,2024-01-11,0.011872041,0.015799979100178715,-0.004092609773834215,0.00016467171282433593
C,2024-01-12,0.012457978,0.015455009556811781,-0.0029398709021455052,-5.716067429098644e-05
C,2024-01-13,0.013157041,0.015184970901640883,-0.002045993593644131,1.8063504078387124e-05
C,2024-01-14,0.010664693,0.014978488604138442,-0.0006393342615072988,-0.003674461262742323
C,2024-01-15,0.012416269,0.014829827254825454,0.003246402223386309,-0.005659960779340627
C,2024-01-16,0.01023698,0.014719296284088372,-0.004313443010058424,-0.0001688728805010111
C,2024-01-17,0.009736527,0.014624246813377447,0.007909493977535608,-0.012797214033434342
C,2024-01-18,0.012428513,0.014591216318970524,-0.0026032121050969634,0.00044050858288604416
C,2024-01-19,0.011662006,0.014650117510511863,-0.0019821636256303204,-0.001005947506707714
C,2024-01-20,0.013927091,0.014741455393138892,-0.0011295636558825125,0.0003151991758009471
C,2024-01-21,0.015834816,0.014898626243732721,7.529674459690485e-05,0.0008608928118603466
C,2024-01-22,0.01590373,0.015068294917437735,0.0018431513655997487,-0.0010077163376162653
C,2024-01-23,0.020496076,0.015169141107397432,-0.0023507567823865677,0.007677691647903832
C,2024-01-24,0.102125764,0.01525028247643321,0.004357700929010666,0.08251778048768357
C,2024-01-25,0.024788471,0.015326442970206758,-0.0013908611257674086,0.010852889094362415
C,2024-01-26,0.014979746,0.015300186975220948,-0.0013736672325113629,0.0010532264499841255
C,2024-01-27,0.014792681,0.01496928139939591,-0.0008771403449772576,0.0007005396859377927
C,2024-01-28,0.015347213,0.01434639308739624,0.0006208907842577346,0.00037992868137031767
C,2024-01-29,0.019960614,0.013366944526939489,0.0008593726964165434,0.0057342966979286435
C,2024-01-30,0.0982726,0.012327688631608357,-0.0008442184252659454,0.08678912907353811
C,2024-01-31,0.021357756,0.011355741560645833,0.0013132331026219943,0.00868878144477775
C,2024-02-01,0.009224026,0.01041704879005146,-0.0005316149016680253,-0.0006614074244575968
C,2024-02-02,0.008192863,0.009442213376461795,-0.0008306338716275495,-0.0004187161894903899
C,2024-02-03,0.0068940553,0.008723174204087763,-0.001171532349212833,-0.0006575865665899121
C,2024-02-04,0.008084549,0.008508817967797566,0.0004803132280953401,-0.0009045825586219787
C,2024-02-05,0.008412958,0.008424865758607798,0.0006191285660318497,-0.0006310362018497884
C,2024-02-06,0.009675659,0.008363574873635926,0.0011186556816327772,0.00019342868402344102
C,2024-02-07,0.008913751,0.008351676284976118,0.0005760363109678819,-1.3961835686755741e-05
C,2024-02-08,0.009474508,0.0083937461815825,-0.00014330256568080313,0.0012240648484346996
C,2024-02-09,0.0072686146,0.008460078420417296,-0.0005991542983688129,-0.0005923095207046123
C,2024-02-10,0.0066060685,0.00850479168725631,-0.0013633167391130785,-0.0005354064860098248
C,2024-02-11,0.008897343,0.008541160603600887,0.00027031668557586896,8.58654299609133e-05
C,2024-02-12,0.010066777,0.008595247849710545,0.0006686465450535591,0.0008028821416409815
C,2024-02-13,0.00812385,0.00869181962962407,0.00015349347782329841,-0.0007214626575276668
C,2024-02-14,0.008863267,0.008812425174876234,0.00011222277385803855,-6.138139127920966e-05
C,2024-02-15,0.008196764,0.00893760023345559,0.0005457107297789374,-0.0012865472689481813
C,2024-02-16,0.009810107,0.009056377919756583,-0.0005135459268422678,0.0012672748358944705
C,2024-02-17,0.007831756,0.009211378503255083,-0.0011238641301444992,-0.00025575834755783323
C,2024-02-18,0.01038681,0.00942943041557141,0.00024663892257720103,0.0007107403685393168
C,2024-02-19,0.00986207,0.009695773635331539,0.0008748233348851386,-0.0007085269983572225
C,2024-02-20,0.009087689,0.009937778296444398,-0.00022270985807560224,-0.0006273792174634925
C,2024-02-21,0.009426863,0.010152026635790207,-0.0001658295223095496,-0.0005593341807390156
C,2024-02-22,0.0123090865,0.010368352197895805,0.000792713443596552,0.0011480208675565817
C,2024-02-23,0.009970881,0.010615394029458339,-0.0006655938119675927,2.1080827373908678e-05
C,2024-02-24,0.0110341925,0.010851661841896194,-0.0008897003206110323,0.001072230996114627
C,2024-02-25,0.009473536,0.011034933684453695,0.0006894723605998048,-0.002250869881485004
C,2024-02-26,0.012725576,0.011136473246637477,0.000865492898769206,0.0007236096816554474
C,2024-02-27,0.0113193,0.011180735864340497,-0.0005304973860138253,0.0006690616814853008
C,2024-02-28,0.011350815,0.011204961952576933,-0.0006453110964977531,0.0007911643283352067
C,2024-02-29,0.01186329,0.011257184696801667,0.000938659860069291,-0.0003325542246132105
C,2024-03-01,0.009842545,0.011339596005619354,-0.0006330281591175586,-0.0008640230524191543
C,2024-03-02,0.010091764,0.011441505809476124,-0.0007290742978439095,-0.0006206675905501956
C,2024-03-03,0.012927747,0.011551147350353617,0.0011102365323879435,0.00026636344881809763
C,2024-03-04,0.011813961,0.011729743047931361,0.0009581578084771254,-0.0008739398869603964
C,2024-03-05,0.011615585,0.011962573272237254,-0.0006471517737822336,0.00030016310598709843
C,2024-03-06,0.0112370355,0.012103485958901419,-0.0011545721467540902,0.00028812169332628583
C,2024-03-07,0.013513332,0.012047713241984066,0.0006977078121066934,0.0007679111787421491
C,2024-03-08,0.01666434,0.011790769453607073,-0.00042951890108567904,0.005303088676943136
C,2024-03-09,0.020977106,0.011449161529792857,-0.0006018609885395589,0.010129805404095442
C,2024-03-10,0.014504811,0.011127591480153869,0.0014093194577317592,0.0019678998573023215
C,2024-03-11,0.012788686,0.010799074205565808,0.0008226910259610497,0.0011669207384815156
C,2024-03-12,0.0067602503,0.010398393215569192,-0.0005219218796804134,-0.003116221024543916
C,2024-03-13,0.006974023,0.009888476156718276,-0.00141216147986723,-0.0015022918413579583
C,2024-03-14,0.009177375,0.009383152802724571,0.00044276886644000195,-0.0006485470156463741
C,2024-03-15,0.009597139,0.008962448153642248,-0.0001294390737335592,0.0007641303531176254
C,2024-03-16,0.008239331,0.008632397500387273,-0.0004475520432670034,5.448526676145142e-05
C,2024-03-17,0.009442576,0.008408042577881053,0.001267701800625935,-0.00023316817128643356
C,2024-03-18,0.0083802,0.008245617750476199,0.0007650244502475005,-0.0006304424181733641
C,2024-03-19,0.008550799,0.00808117018927087,-0.0005017687877426503,0.0009713980502401784
C,2024-03-20,0.0062613706,0.007921067953985374,-0.0014106061107045,-0.0002490912328351356
C,2024-03-21,0.0075766463,0.007800139560945184,0.00022232287457821264,-0.00044581615225446763
C,2024-03-22,0.0074254493,0.007757560471561422,0.00026807399929876713,-0.000600185147951072
C,2024-03-23,0.007722495,0.007783767614195916,-0.00016471743926125762,0.00010344494880935255
C,2024-03-24,0.007952828,0.007836191032291755,0.0004641745580961658,-0.0003475376301351595
C,2024-03-25,0.008213946,0.007897655986682857,0.0007442966073039511,-0.00042800692952138075
C,2024-03-26,0.0076259035,0.007976042703746931,-9.376095998045163e-05,-0.0002563782751874256
C,2024-03-27,0.007851403,0.00806275988704893,-0.0012957247191906272,0.0010843680387285348
C,2024-03-28,0.009100527,0.008154523885887324,-0.00012507261252866012,0.00107107529791514
C,2024-03-29,0.007983898,0.008246500359058944,0.000606329677546893,-0.0008689322239413284
C,2024-03-30,0.008082484,0.008327248346423953,1.7618446131811608e-05,-0.00026238289743275856
C,2024-03-31,0.008141961,0.008410079974168339,-0.000142104734085558,-0.00012601429137710715
C,2024-04-01,0.009360342,0.008498181069810387,0.0009625652008941806,-0.00010040398417741035
C,2024-04-02,0.008463743,0.008594213814173647,3.9191149993176934e-05,-0.00016966182138318173
C,2024-04-03,0.00740697,0.008733590869954767,-0.0014219988510028386,9.537800143166741e-05
C,2024-04-04,0.007871713,0.00892422191346756,-0.00011532066270208353,-0.0009371886927939995
C,2024-04-05,0.012280356,0.009113314111333384,0.0005806423567450337,0.0025863996708662077
C,2024-04-06,0.009085905,0.00930086383913863,1.7351726505242634e-05,-0.0002323107587915308
C,2024-04-07,0.008057368,0.009523350612519636,-0.00019683389717853442,-0.0012691487274103259
C,2024-04-08,0.011199609,0.009816843881031653,0.0012813348777090026,0.00010143061774946054
C,2024-04-09,0.010910978,0.010207132366467824,-0.0002547750533012179,0.0009586202962889798
C,2024-04-10,0.005953048,0.01066240790369901,-0.0013040557530359272,-0.003405304260446971
C,2024-04-11,0.010065568,0.011099448748864453,0.0002060214901407593,-0.0012399025593019756
C,2024-04-12,0.011972388,0.01151311514209764,0.0003771872759947378,8.208583452355006e-05
C,2024-04-13,0.015069725,0.011918306027266595,-0.000292313886865961,0.0034437328515169764
C,2024-04-14,0.0132727185,0.012281676276976902,9.915196772813104e-05,0.0008918902817179452
C,2024-04-15,0.014674474,0.012580823441395174,0.0011594775334380254,0.0009341725790627513
C,2024-04-16,0.011768541,0.012768782943577216,-0.0005807744658449308,-0.00041946717892561713
C,2024-04-17,0.011706332,0.012827061971806423,-0.0007850746909467164,-0.0003356555360696286
C,2024-04-18,0.015421829,0.012794175127314341,0.0004904693809599546,0.0021371846781056136
C,2024-04-19,0.012040545,0.01277873911482667,-0.0003524399301940433,-0.0003857539520386137
C,2024-04-20,0.011167896,0.012838800085273558,-0.0005066908293251491,-0.0011642132757690993
C,2024-04-21,0.012781632,0.012923787762160549,0.0009488496035047555,-0.0010910052328370681
C,2024-04-22,0.013950593,0.013008794606079906,0.000752767373563353,0.00018903085858448972
C,2024-04-23,0.011905904,0.013097437736673153,-0.0008979212352046998,-0.0002936125734866006
C,2024-04-24,0.016110826,0.0131986365236574,-0.00021126772784727806,0.00312345748788319
C,2024-04-25,0.014432451,0.013332149962505197,0.0006193687127664974,0.0004809320811589319
C,2024-04-26,0.011977353,0.013449581870464944,-0.0009730322619561245,-0.0004991964752476159
C,2024-04-27,0.012978822,0.013526992233905771,-0.000539148103401677,-9.02213762994826e-06
C,2024-04-28,0.015889907,0.013568701963118926,0.00161666701356863,0.000704538279081221
C,2024-04-29,0.011988038,0.013596193904825898,0.000523993602138547,-0.0021321493098046783
C,2024-04-30,0.01723524,0.013653621584046184,-0.0010450770736172203,0.004626695457274857
C,2024-05-01,0.014238593,0.013744717874390978,0.00017841270713582255,0.00031546258702988897
C,2024-05-02,0.01372525,0.013804898824211423,3.3997939516315156e-05,-0.00011364673565394945
C,2024-05-03,0.012687546,0.013801144126925185,-0.001202467873320445,8.886994744554226e-05
C,2024-05-04,0.019226184,0.013747946912033546,-0.0001511044407671295,0.0056293416435473885
C,2024-05-05,0.016644055,0.013643153205505775,0.0018944031374790791,0.0011064986808045508
C,2024-05-06,0.014866694,0.013492709617616864,0.00048798708093735133,0.0008859971781294967
C,2024-05-07,0.012172618,0.013337921466509332,-0.0009859082792347618,-0.00017939523772918763
C,2024-05-08,0.012044832,0.013148061358141408,0.00014601444173490799,-0.001249243689471347
C,2024-05-09,0.0116946725,0.012906938555354184,-0.0005812326953198079,-0.0006310333425559103
C,2024-05-10,0.011872607,0.012671821565700226,-0.0013323268405597134,0.0005331125581536887
C,2024-05-11,0.013257304,0.012471503007981364,0.0004123558718371889,0.0003734453266719638
C,2024-05-12,0.013906673,0.012306388672243445,0.0017356836458960396,-0.00013539972120802692
C,2024-05-13,0.012726989,0.012159574853353512,0.0009660024077270376,-0.00039858861767272727
C,2024-05-14,0.011086515,0.012011180061424237,-0.0010361273090591704,0.00011146239859919325
C,2024-05-15,0.012468479,0.011878614549018028,-0.00026648037788542714,0.0008563444712714786
C,2024-05-16,0.010505411,0.011801658221848067,-0.0007052685822500462,-0.0005909787970005357
C,2024-05-17,0.009810015,0.011811256406550862,-0.0012338281233207691,-0.0007674136553561944
C,2024-05-18,0.011979888,0.01189048522076132,0.0007483279619222613,-0.0006589249893742734
C,2024-05-19,0.012699342,0.012001344962225718,0.001326231577556432,-0.0006282342070017891
C,2024-05-20,0.013807724,0.012157275564755396,0.0015085133983553714,0.00014193526688066962
C,2024-05-21,0.011192263,0.01234660786873393,-0.0010858288303752617,-6.851593433711799e-05
C,2024-05-22,0.012594955,0.012520734733850998,-0.0007765072919405887,0.0008507276000941765
C,2024-05-23,0.012817079,0.01263335352861316,-0.0006699420197545387,0.0008536676924820533
C,2024-05-24,0.0111200875,0.012650884623150612,-0.0007548856821829943,-0.0007759114738336188
C,2024-05-25,0.015671311,0.012591832918789455,0.000435557039134637,0.002643920988421238
C,2024-05-26,0.013603504,0.012496945064066938,0.001075417409688987,3.1141342073829487e-05
C,2024-05-27,0.013927152,0.012366465212242267,0.0018275112051586344,-0.0002668240370536489
C,2024-05-28,0.011137716,0.012239080051963357,-0.0011031429332015116,1.7784220644762733e-06
C,2024-05-29,0.00853392,0.01216239327256562,-0.0009191564816054337,-0.002709316629534119
C,2024-05-30,0.011496705,0.012108833913933697,-0.0007404195452109069,0.00012829063435996178
C,2024-05-31,0.015335831,0.012047641588047185,-0.0002339257326548908,0.003522115004447622
C,2024-06-01,0.010650671,0.012002953092995965,0.00023277443162478243,-0.001585056437415338
C,2024-06-02,0.013164035,0.011988705353354147,0.0009594175392443032,0.0002159121520120509
C,2024-06-03,0.015698604,0.012021926372642594,0.0014620396269061774,0.002214638286168238
C,2024-06-04,0.010572714,0.012095363059538965,-0.0012111435327753534,-0.00031150572698896567
C,2024-06-05,0.010378306,0.012200693224134203,-0.0008123805925860756,-0.0010100068312890141
C,2024-06-06,0.01079319,0.012400188377595591,-0.0005425708766576763,-0.0010644270514616732
C,2024-06-07,0.012332608,0.012702070307615726,0.0004956188316223219,-0.0008650811472446195
C,2024-06-08,0.013167414,0.013093507403786881,-0.0002088825385555106,0.0002827890176798336
C,2024-06-09,0.0141289225,0.013648409108549796,0.0010148335322695266,-0.0005343201560042022
C,2024-06-10,0.014415304,0.014371581256400224,0.0010902215133826736,-0.001046498593273517
C,2024-06-11,0.014099284,0.014948922646172572,-0.0015623344982306192,0.0007126959272586043
C,2024-06-12,0.016223602,0.014620232575531298,-0.00020694821025929114,0.0018103176316266439
C,2024-06-13,0.019687606,0.014266302820361575,-0.0004834116535603963,0.005904714854960715
C,2024-06-14,0.022413729,0.014249151318065202,0.000650117770784977,0.007514459669842563
C,2024-06-15,0.027947504,0.014376008231273222,-8.516854756571836e-05,0.01365666438967392
C,2024-06-16,0.096441306,0.014396604574028863,0.0005238336990613522,0.08152086790071121
C,2024-06-17,0.013390632,0.014040617998237335,0.0008609506826450441,-0.0015109363346099101
C,2024-06-18,0.011526649,0.01374915751997117,-0.0018502356675832103,-0.00037227296588617127
C,2024-06-19,0.014462045,0.014217409409762446,0.0005217269187684709,-0.0002770909346467357
C,2024-06-20,0.015984874,0.014683492898958053,-0.00041857640824894256,0.001719957727993205
C,2024-06-21,0.016937654,0.014979675100583581,0.0005535398496988558,0.0014044395151544993
C,2024-06-22,0.014716766,0.015124166099183897,0.00013593803115810263,-0.0005433382870101856
C,2024-06-23,0.017068334,0.015130597758186908,-0.0003339750402227964,0.0022717112058525703
C,2024-06-24,0.017284067,0.015032520499665396,0.001630442582554302,0.0006211042654260604
C,2024-06-25,0.0122182565,0.014823524008267383,-0.002075001751916049,-0.0005302657753594939
C,2024-06-26,0.01582866,0.014550502482360589,0.00030958188081941785,0.0009685753947917576
C,2024-06-27,0.012323547,0.01434173642043809,-0.00024139540727191193,-0.0017767938585011838
C,2024-06-28,0.013346264,0.014233906907572369,0.0008754522243463745,-0.0017630949931009554
C,2024-06-29,0.01583564,0.01418993272775234,-2.1785294227064407e-05,0.0016674916558206548
C,2024-06-30,0.01159219,0.01418567493096344,-0.0009800097810618309,-0.0016134753685338316
C,2024-07-01,0.01160186,0.014205611572044552,0.002878844380519469,-0.0054825962489040096
C,2024-07-02,0.01270162,0.014253223976369956,-0.0021494992423309466,0.0005978956137588608
C,2024-07-03,0.014168658,0.014345359046394232,-0.0004239200226332044,0.0002472192700226361
C,2024-07-04,0.0145829255,0.014426463502304445,-0.0007485556821170228,0.0009050176559464006
C,2024-07-05,0.015526325,0.014522755838378741,0.001415296629702314,-0.00041172702618414055
C,2024-07-06,0.013736287,0.014700640770138015,-0.000362726439570727,-0.0006016271986617316
C,2024-07-07,0.011876908,0.014957651698326427,-0.0011438656488627192,-0.001936877918519932
C,2024-07-08,0.019294435,0.015260319429129292,0.00376760950477717,0.00026650622446546327
C,2024-07-09,0.019319775,0.015602767883114009,-0.001918701529850359,0.005635708229718414
C,2024-07-10,0.014413106,0.01598831012361961,-0.0011869145973757232,-0.0003882892710105994
C,2024-07-11,0.015444389,0.016376312309700717,-0.0008719138896288948,-6.000980696700339e-05
C,2024-07-12,0.020685036,0.01670272345781926,0.0018971326251601846,0.0020851796523892845
C,2024-07-13,0.015974281,0.016901525602471996,-0.0010854996468189857,0.00015825540008562733
C,2024-07-14,0.017195739,0.01697665624468476,-0.0005111137471606375,0.0007301963544999526
C,2024-07-15,0.022078946,0.017032900154202425,0.003584941869465587,0.0014611042091277025
C,2024-07-16,0.014491361,0.017133731317673706,-0.0016254981431451782,-0.0010168725399631734
C,2024-07-17,0.014093114,0.01724265446119972,-0.0014685618580873364,-0.0016809785399686545
C,2024-07-18,0.015173206,0.017385097818449095,-0.0006219483249287716,-0.001589943387692038
C,2024-07-19,0.019781947,0.017607432252093182,0.002268427717072664,-9.39128332405545e-05
C,2024-07-20,0.01619606,0.017865491694376182,-0.0017866390079541985,0.00011720823930013932
C,2024-07-21,0.019540654,0.018093747716442513,0.0005252685998734582,0.000921638179042495
C,2024-07-22,0.020664452,0.01825836756276912,0.00220265608581682,0.0002034279952386371
C,2024-07-23,0.020065432,0.01831126568196173,-0.0016145907669836313,0.0033687574994344
C,2024-07-24,0.018145198,0.018230576623800187,-0.0015708129062899315,0.0014854342849473616
C,2024-07-25,0.018824656,0.018051037742890852,0.00025032766719111627,0.0005232901525572681
C,2024-07-26,0.01958605,0.017771483914273436,0.00274512942635053,-0.0009305624576884421
C,2024-07-27,0.014845241,0.017377175299984213,-0.002517150597692221,-1.478384111454692e-05
C,2024-07-28,0.017880278,0.01692201947960516,0.000983404414160839,-2.5146185593200726e-05
C,2024-07-29,0.01602214,0.01672807967469052,0.0009406364461238976,-0.0016465759606114367
C,2024-07-30,0.015632184,0.017194837450184915,-0.0016944685890286164,0.00013181536118428427
C,2024-07-31,0.023712292,0.017590252391895843,-0.0015939569314113676,0.0077159968530912705
C,2024-08-01,0.0844659,0.017817907715728033,0.0007627832943047103,0.06588520756336586
C,2024-08-02,0.102200374,0.018056105572573006,0.003069399365433341,0.0810748690692187
C,2024-08-03,0.02911085,0.018409203495129804,-0.0007443815425845344,0.011446028813755886
C,2024-08-04,0.019737877,0.018845650185840186,5.520675751576672e-05,0.0008370200083385355
C,2024-08-05,0.019104395,0.019199193093538923,8.45465572112148e-05,-0.00017934458901880043
C,2024-08-06,0.016679557,0.019527272133285936,-0.002012506659261332,-0.000835208433690858
C,2024-08-07,0.017341862,0.019681598934221358,-0.0017446546594502678,-0.0005950827734349934
C,2024-08-08,0.022125438,0.019578357022816163,0.0010353545596591073,0.0015117262732452508
C,2024-08-09,0.024667317,0.019405720504700498,0.003522559109552209,0.00173903743346248
C,2024-08-10,0.07922649,0.019210808881090724,-0.00020755976215591787,0.060223237265933816
C,2024-08-11,0.028515704,0.018995343623921867,-0.0008397965483994485,0.010360156900631908
C,2024-08-12,0.01889548,0.018711167933785355,0.00011601575415230654,6.829709385593186e-05
C,2024-08-13,0.016442582,0.01828615938714001,-0.0014922072338946605,-0.00035137014202251196
C,2024-08-14,0.016391184,0.017716679276321846,-0.0023060248935830997,0.000980529798236214
C,2024-08-15,0.01698214,0.017104349285195646,0.0006883419113451453,-0.0008105511770047716
C,2024-08-16,0.019463817,0.01650995538023761,0.0028323270040591405,0.00012153427336564215
C,2024-08-17,0.018201621,0.015969373812779523,0.0016424212515739368,0.0005898261849646633
C,2024-08-18,0.012768004,0.015477664570663898,-0.001611894021739462,-0.0010977664593305493
C,2024-08-19,0.01583765,0.015059033298150533,0.0002652918242425458,0.0005133256237140216
C,2024-08-20,0.013070763,0.014782261066725002,0.0006305254288841011,-0.0023420234068463434
C,2024-08-21,0.011864328,0.014651445719114595,-0.002228529119128289,-0.000558588774380437
C,2024-08-22,0.015006205,0.014622869179438131,0.0001585321628420046,0.00022480372475839998
C,2024-08-23,0.010133613,0.014698540130414203,0.0012946331675326903,-0.005859560396974528
C,2024-08-24,0.012665172,0.0148566155335485,-0.0006145984300300732,-0.0015768449960007081
C,2024-08-25,0.013396639,0.014892428133504028,-0.001843227246443551,0.00034743848981826086
C,2024-08-26,0.015685098,0.014766760313678117,-7.603197682335258e-05,0.0009943699088851721
C,2024-08-27,0.019175565,0.014614032193713667,0.0027372192084343665,0.0018243134680902707
C,2024-08-28,0.09015625,0.01445391705516222,-0.0024678070747769787,0.07817013972159154
C,2024-08-29,0.024687398,0.014253896526791463,0.004078683296410731,0.006354818401866854
C,2024-08-30,0.012775582,0.014006337602797998,-0.0003823460634560216,-0.0008484092779584423
C,2024-08-31,0.0108335875,0.013684516120131635,-0.002466785209789068,-0.0003841434128698043
C,2024-09-01,0.011632614,0.013411983233888815,-0.0018464632651475578,6.709386897770647e-05
C,2024-09-02,0.011845945,0.013363488293866438,-0.0011909684189870414,-0.0003265744942512871
C,2024-09-03,0.0073398664,0.013514642813854266,0.0031120726392042976,-0.009286849086821161
C,2024-09-04,0.0111279,0.013711867171209252,-0.0017125268518580047,-0.0008714399871387994
C,2024-09-05,0.008275218,0.013919271182376774,0.0068964715504050604,-0.012540524424809879
C,2024-09-06,0.012638747,0.014139204694603284,-0.0016033638787730173,0.00010290594495531401
C,2024-09-07,0.010480782,0.014338473941743703,-0.0036375743067065284,-0.00022011761792539546
C,2024-09-08,0.013190117,0.01444602432563061,-0.0025229925179127617,0.0012670849255947605
C,2024-09-09,0.011793079,0.014403307804397815,-0.0024295665996905244,-0.00018066235002722926
C,2024-09-10,0.01938335,0.014205413354184923,0.0025745169782379115,0.0026034200547927783
C,2024-09-11,0.088242926,0.01386237155350713,-0.0001909930117084212,0.07457154716172684
C,2024-09-12,0.023707332,0.013457399124317102,0.009876358454111972,0.00037357451111426875
C,2024-09-13,0.011243222,0.01302825735393647,-0.001973328421791848,0.00018829334919216213
C,2024-09-14,0.008749979,0.012545856402989474,-0.004238067354798618,0.00044218956864283156
C,2024-09-15,0.008264465,0.012066165000188004,-0.0023436188030912094,-0.00145808093957135
C,2024-09-16,0.00788744,0.011684611483137004,-0.002594449350995586,-0.001202722329852409
C,2024-09-17,0.011719721,0.011551483753722494,0.0012828513420184292,-0.0011146137262955987
C,2024-09-18,0.014612547,0.011690770400914083,0.00022522243190669256,0.002696554289121267
C,2024-09-19,0.0077525615,0.011807826438348478,0.008454319804416547,-0.012509584766683415
C,2024-09-20,0.017116446,0.011876711806153408,-0.0017005455585402762,0.0069402798004081865
C,2024-09-21,0.08729829,0.011832783885981468,-0.0036580923403775997,0.0791235973957795
C,2024-09-22,0.022654355,0.011794945378556035,-0.0016533409197805812,0.012512750113520689
C,2024-09-23,0.010271406,0.011848821752905143,-0.0017571561421659099,0.00017974019043779169
C,2024-09-24,0.019614546,0.011594992839792179,5.9183693676702985e-05,0.007960369094959577
C,2024-09-25,0.0835219,0.010987674020675702,0.0010066757203564033,0.07152755282015565
C,2024-09-26,0.01740419,0.010395390880785981,0.006171362161383634,0.0008374362911500489
C,2024-09-27,0.008298145,0.009847331623299892,-0.0012995875400895211,-0.0002495994074191068
C,2024-09-28,0.004786466,0.00932609148173421,-0.002752246761029369,-0.0017873789380326733
C,2024-09-29,0.008730465,0.00886439991318552,-0.0006153550732929812,0.000481419775035229
C,2024-09-30,0.007907238,0.008544113971392627,-0.0006079750100819025,-2.8901103730539363e-05
C,2024-10-01,0.0068972697,0.00831667356023774,-0.00045439602142501175,-0.0009650077906614256
C,2024-10-02,0.007467921,0.008157133385599851,-0.0005766084243364112,-0.0001126040693228466
C,2024-10-03,0.0059647667,0.008045553883840165,0.003925560213997756,-0.006006347375665422
C,2024-10-04,0.006916316,0.007895472690577214,-0.0006627755689158796,-0.0003163808955365709
C,2024-10-05,0.0072829225,0.007675974375955117,-0.0016953953195320125,0.001302343453634583
C,2024-10-06,0.0075965887,0.007459651517459687,0.0008987672501236893,-0.0007618300740242067
C,2024-10-07,0.009520045,0.007252520084605456,-0.00019113270260208903,0.0024586571682962783
C,2024-10-08,0.0072373757,0.007026472593440259,-0.00042123966144577094,0.000632142781890342
C,2024-10-09,0.0034818656,0.006772122649465088,-0.0014538763571027345,-0.0018363806646712038
C,2024-10-10,0.006214728,0.006507027012271801,0.001496983930112067,-0.0017892828291200223
C,2024-10-11,0.00677237,0.006283046908851209,-0.00010715693706047483,0.0005964801058788863
C,2024-10-12,0.00571416,0.006157883266737075,-0.0006151540726561206,0.00017143073045598842
C,2024-10-13,0.008280944,0.006142477642886777,0.0019720694166967356,0.0001663970195771771
C,2024-10-14,0.0045743473,0.006260367416530695,-0.00014678266063785327,-0.0015392374684763833
C,2024-10-15,0.0056604557,0.006475634138739889,9.924957237080183e-05,-0.0009144280371776612
C,2024-10-16,0.0057083317,0.006714585876779579,-0.001829119480440701,0.0008228653115261216
C,2024-10-17,0.0065271803,0.006945527058634336,-0.0004355027084462486,1.7155967601228776e-05
C,2024-10-18,0.0067198467,0.007185661436333947,0.00046220160936468163,-0.0009280163016083098
C,2024-10-19,0.007546283,0.007430589336498951,-0.0006272215220984342,0.0007429150246295113
C,2024-10-20,0.011321266,0.007663314660485281,0.00242225210903257,0.0012356994122491348
C,2024-10-21,0.0076372647,0.007855864806469055,-0.0006546036282620144,0.0004360034944597465
C,2024-10-22,0.00861798,0.007996015155084297,0.0015405322612628526,-0.000918567010658863
C,2024-10-23,0.0058570243,0.008093528115399432,-0.002086390299873163,-0.00015011347370459845
C,2024-10-24,0.00709266,0.008154767520477666,-0.0011808344737908574,0.000118726780634959
C,2024-10-25,0.009394844,0.008257763080958345,0.0007645046345153521,0.0003725763471526637
C,2024-10-26,0.007015697,0.008498902599368585,-0.0014964873834902041,1.3281976522313069e-05
C,2024-10-27,0.0078281155,0.00889414715574285,0.0026298825451564526,-0.003695914215290726
C,2024-10-28,0.007912076,0.009406483228155493,-0.0008925769382711068,-0.0006018302115290732
C,2024-10-29,0.0074130665,0.01000341428563385,0.003632445456880058,-0.006222793284556879
C,2024-10-30,0.007386177,0.010695413013952517,-0.0021401772748727275,-0.001169058892158346
C,2024-10-31,0.008974093,0.011552580025403084,-0.0016502202770088048,-0.0009282667358825481
C,2024-11-01,0.013219746,0.012589466321459233,0.0006465926650376503,-1.6313156795459e-05
C,2024-11-02,0.010396185,0.013761317824423443,-0.00292979911893639,-0.00043533337444047124
C,2024-11-03,0.017640758,0.014990300256015053,0.0010668268165435393,0.0015836312332294464
C,2024-11-04,0.08813516,0.01624746288049738,-0.0003883473989212017,0.07227604502419546
C,2024-11-05,0.023218779,0.01745007014856936,0.005702131294290517,6.65774504916769e-05
C,2024-11-06,0.01582076,0.018505669184211208,-0.002326894585180086,-0.00035801431913724466
C,2024-11-07,0.082186915,0.017679960603815693,-0.00243851916792423,0.06694547354452007
C,2024-11-08,0.08208042,0.015555319944907171,-0.0003822839783919333,0.06690738041484387
C,2024-11-09,0.025174635,0.014694537835251953,0.0005730534250342949,0.009907043270854078
C,2024-11-10,0.07140195,0.013886472244741644,-0.0010723606814277572,0.058587842133890705
C,2024-11-11,0.018580131,0.013034003998772059,-0.0010032870317769234,0.0065494142657433595
C,2024-11-12,0.005680294,0.0117412797740707,0.007359664982783852,-0.01342065098075964
C,2024-11-13,0.008543312,0.010548427552006863,-0.0025536681266212498,0.0005485521928828771
C,2024-11-14,0.007349433,0.01024691202538428,-0.0026459378888891104,-0.0002515412247713171
C,2024-11-15,0.008625279,0.010108774315151645,-0.0009082139128740258,-0.0005752812215720719
C,2024-11-16,0.0055071325,0.01002688134563186,0.0017620746451336316,-0.0062818234866301205
C,2024-11-17,0.005420599,0.009978539210197592,-0.003632371299358363,-0.0009255687780629681
C,2024-11-18,0.010001412,0.009911259887343427,-0.00043011662264886327,0.0005202683968111351
C,2024-11-19,0.01891325,0.009738648514115633,0.008590479585797546,0.0005841223166040792
C,2024-11-20,0.07649467,0.009532564585740682,-0.002865527448859069,0.06982763426748011
C,2024-11-21,0.02647602,0.00932853527791828,-0.002551964627554089,0.019699449343060227
C,2024-11-22,0.07660403,0.009151527928787205,-0.0013768986749993892,0.06882940177257556
C,2024-11-23,0.0153677,0.00903960226568025,0.005622853102606137,0.0007052444187342979
C,2024-11-24,0.004248816,0.008883372430802753,-0.003938194899834741,-0.0006963614766536379
C,2024-11-25,0.0048742453,0.00876892708116595,-0.0019810644133352235,-0.0019136174041946147
C,2024-11-26,0.006150436,0.008832823159099359,0.00578629322852482,-0.008468680265653764
C,2024-11-27,0.006546231,0.008947757146403376,-0.002414046187084363,1.2520027395350117e-05
C,2024-11-28,0.008212407,0.009059634276177262,-0.001384826750078406,0.0005375995934733067
C,2024-11-29,0.009769441,0.009008965651111917,-0.0007205529976792142,0.0014810279751554974
C,2024-11-30,0.011061364,0.008822801288344369,0.0028292437253606834,-0.000590681160190858
C,2024-12-01,0.011552533,0.00854268044321014,-0.0015996922982829732,0.004609544989890911
C,2024-12-02,0.0769078,0.008166130426527526,-0.0012781067545997796,0.0700197749759528
C,2024-12-03,0.01739192,0.00781301867215963,0.0032258190458482445,0.006353082371713805
C,2024-12-04,0.0056061484,0.007477080070775251,-0.0018748507094815748,3.919030668375623e-06
C,2024-12-05,0.0070479545,0.0071360040760153854,-0.0006808993209192666,0.0005928497259989566
C,2024-12-06,0.005142157,0.006922768905026194,-0.00015815125719556051,-0.0016224606818000357
C,2024-12-07,0.00613776,0.006890688863260766,0.001447051509124656,-0.002199980481978098
C,2024-12-08,0.008042916,0.006940002780416859,0.0004484557705058364,0.0006544571732951957
C,2024-12-09,0.0067905737,0.007026587982576737,-0.0004981052196408037,0.0002620909457771211
C,2024-12-10,0.0073741064,0.007153771379087675,-2.636581228706943e-05,0.0002467008738925346
C,2024-12-11,0.0063136164,0.007319810161248971,-0.0009811009567131104,-2.509279463805674e-05
C,2024-12-12,0.0065416354,0.007435199120882934,-0.0006233643242170505,-0.00027019942119596053
C,2024-12-13,0.007977165,0.007416059059685854,-0.00017438413151036028,0.0007354903535971187
C,2024-12-14,0.008079126,0.00728816212858874,0.0004377679876284143,0.0003531954297017869
C,2024-12-15,0.009503849,0.007127810696043977,0.001552254218368463,0.0008237839363146411
C,2024-12-16,0.008206888,0.00696962430514852,0.00015053380084988814,0.0010867299959965836
C,2024-12-17,0.0050746435,0.006802869540484265,-0.0002797400807608339,-0.0014484859297718587
C,2024-12-18,0.0057073142,0.0065965345260470855,-0.00046015195210287734,-0.0004290683359919759
C,2024-12-19,0.005019041,0.006379736202106735,-0.000608543313975434,-0.0007521521098519971
C,2024-12-20,0.0061046653,0.006230607033235137,-0.00019977479628852324,7.383310577174958e-05
C,2024-12-21,0.0064924634,0.006181745123766467,-4.342192258129297e-05,0.00035414020499020035
C,2024-12-22,0.007316463,0.006208933203373613,0.0010371708679956665,7.035908989061045e-05
C,2024-12-23,0.005032984,0.00626302330701747,7.277926744125404e-05,-0.0013028185002535641
C,2024-12-24,0.0061411667,0.006309654399786813,0.00018043971192540682,-0.00034892744332695215
C,2024-12-25,0.0076867547,0.006389524064539399,-0.0005726515364217385,0.0018698821605029076
C,2024-12-26,0.0059806495,0.006562794722954504,-0.0006838767547656585,0.00010173152917114601
C,2024-12-27,0.0058147637,0.006869103340695702,7.968622784665315e-05,-0.001134025851189011
C,2024-12-28,0.0058396626,0.007303621231625861,-0.00041336139171467296,-0.0010505972135254988
C,2024-12-29,0.007312121,0.007823138107069584,0.0006364427753941988,-0.001147460012708038
C,2024-12-30,0.0083840275,0.008449349304685105,0.0007488248883170618,-0.0008141466746701626
C,2024-12-31,0.010314,0.009289891534961141,0.0012515744721448108,-0.00022746616797888856
C,2025-01-01,0.008903203,0.010404680479103867,-0.0012753148297169102,-0.0002261630486098086
C,2025-01-02,0.01112936,0.011042432811639703,-0.0011354393906302322,0.0012223662936773991
C,2025-01-03,0.018605705,0.010149847562142135,0.00017721784696928927,0.00827863994152601
C,2025-01-04,0.018069474,0.009750119454966339,-0.0009284757516572276,0.009247830323251672
C,2025-01-05,0.0693949,0.00978478320967913,0.000495569318058657,0.05911454886710628
C,2025-01-06,0.022727095,0.009836499457438141,0.001771664308781903,0.011118930824443866
C,2025-01-07,0.006927094,0.009580901524920053,0.0026476661353464132,-0.005301473703646965
C,2025-01-08,0.005800107,0.008875428676155267,-0.0029915946819271877,-8.372696589274524e-05
C,2025-01-09,0.0058143074,0.008911885263186495,-0.0018100852152148981,-0.001287492678679814
C,2025-01-10,0.010722718,0.009303336778359402,0.0002715346228231557,0.0011478468003951053
C,2025-01-11,0.008727543,0.009470871224080404,-0.001335070936606244,0.0005917427685370406
C,2025-01-12,0.009948009,0.009345922433019113,0.0004986676090146234,0.00010341865172093685
C,2025-01-13,0.013137939,0.009114672375617801,0.00246583241359875,0.001557434596853223
C,2025-01-14,0.07298002,0.008906389248682827,0.003075190293201324,0.06099843692807129
C,2025-01-15,0.01615358,0.008716860336074151,-0.0024845521375916517,0.009921271379321112
C,2025-01-16,0.00584025,0.008492558524253837,-0.0023055466095175843,-0.0003467620894672691
C,2025-01-17,0.0073542357,0.008234966392164542,-0.0002465008357906504,-0.0006342298141327474
C,2025-01-18,0.005069298,0.008012373199151424,-0.0015765876442200208,-0.0013664873508968363
C,2025-01-19,0.008523153,0.008005050229234473,0.0006839784611889256,-0.00016587554928246089
C,2025-01-20,0.010680272,0.008103585082123856,0.002336009892095934,0.0002406772696971985
C,2025-01-21,0.013248699,0.008088309740121107,0.004356361603938844,0.0008040274418411198
C,2025-01-22,0.07027238,0.008011740904756523,-0.0025003708959522846,0.06476100861468133
C,2025-01-23,0.07546541,0.007907481547692273,-0.0019468210822565623,0.06950475048236397
C,2025-01-24,0.0149701955,0.007795847816528625,-0.0006253349707314206,0.007799682633893824
C,2025-01-25,0.007047681,0.007655374907832588,-0.00143226259472095,0.0008245688248077875
C,2025-01-26,0.008830526,0.007454076756615961,0.001278102502487363,9.834665324113135e-05
C,2025-01-27,0.008271898,0.00717482706898046,0.001279842255480156,-0.00018277118146716592
C,2025-01-28,0.0073382086,0.006965713189161379,0.0022698347155325014,-0.0018973392926392944
C,2025-01-29,0.004892377,0.006864957257870648,-0.0020093767276407794,3.679665261143231e-05
C,2025-01-30,0.0057032253,0.006819891688335134,-0.0009026182119428772,-0.00021404821020387394
C,2025-01-31,0.0055864537,0.006813395979182734,-0.0004260450190482773,-0.0008008972466577984
C,2025-02-01,0.00610195,0.006867678584620462,-0.0008900005623948304,0.00012427204952644016
C,2025-02-02,0.0099472795,0.006969594222764453,0.0014350884535467329,0.001542596791867564
C,2025-02-03,0.006928625,0.007050473678264412,0.0004474233724259401,-0.000569271999758183
C,2025-02-04,0.007852675,0.0070653525127217145,0.0006168512256079464,0.00017047165489410179
C,2025-02-05,0.0059772087,0.007039027956051638,-0.0011072146051481174,4.5395375204554216e-05
C,2025-02-06,0.007337968,0.006996347505656145,-0.00013961164417733914,0.0004812320036902424
C,2025-02-07,0.0077130245,0.006973177954447738,8.107560857090516e-06,0.0007317389891779175
C,2025-02-08,0.005387721,0.006985129787717186,-0.00030480276776428505,-0.0012926059023670037
C,2025-02-09,0.0074093523,0.007016129413032476,0.0012895954765965968,-0.0008963725460996094
C,2025-02-10,0.006787218,0.007047004849678536,-0.00019335564973239935,-6.643104646942167e-05
C,2025-02-11,0.006267941,0.007097186245203623,-0.0005683740033081375,-0.00026087115068583553
C,2025-02-12,0.0075484915,0.007187251811758927,-0.0010965633151984607,0.0014578029739552622
C,2025-02-13,0.0074507846,0.0073199089267478295,0.00040761043379359445,-0.0002767348039737546
C,2025-02-14,0.007667931,0.007468214331009361,0.0005564906112558625,-0.0003567741455227846
C,2025-02-15,0.008508114,0.007608693197501782,0.0007527874537004193,0.0001466334930038454
C,2025-02-16,0.008442763,0.007740928805636018,0.000665374474271787,3.6459959237474145e-05
C,2025-02-17,0.007287772,0.007912317940268095,-0.00044279463412199606,-0.00018175139944238798
C,2025-02-18,0.006594442,0.008198684468427381,-0.0010582532625094713,-0.0005459893748060024
C,2025-02-19,0.006234364,0.008573028469098071,-0.0014607357055768106,-0.000877928645094222
C,2025-02-20,0.009803531,0.00900164139284799,0.00041426131742708003,0.00038762804983435463
C,2025-02-21,0.025256032,0.009511532830798305,0.0008407729844436601,0.014903726308919757
C,2025-02-22,0.04758869,0.010116632267120328,0.001812379755560909,0.0356596790926981
C,2025-02-23,0.010928773,0.01037206734709114,0.00024151425522434987,0.0003151917188958485
C,2025-02-24,0.017480623,0.009926336046852932,-0.0006161949660154167,0.008170481896180842
C,2025-02-25,0.019048765,0.009761380618526778,-0.0013153595142230828,0.010602744197400711
C,2025-02-26,0.026525911,0.009734247423708922,-0.0021341121589649606,0.018925775679002603
C,2025-02-27,0.03275609,0.009530024765311373,0.0005562747461345109,0.022669790652738685
C,2025-02-28,0.14773169,0.009212196837451187,0.00107994647757489,0.13743954828386612
C,2025-03-01,0.012441497,0.008808168837871505,0.002712519343049772,0.000920809115173617
C,2025-03-02,0.007074147,0.008671508504563441,0.000110151985466887,-0.0017075134928467668
C,2025-03-03,0.007922417,0.008709061939625647,-0.0006053957795241987,-0.0001812496072001804
C,2025-03-04,0.0075019132,0.008813622362529763,-0.0016749491757089509,0.0003632400477706719
C,2025-03-05,0.0065131593,0.00901137025941883,-0.0027145507461046416,0.00021633974311429174
C,2025-03-06,0.008933129,0.00927414566575487,0.0007617533700466497,-0.0011027702467342523
C,2025-03-07,0.011057194,0.009545761085487242,0.0014571837292504616,5.424950760993773e-05
C,2025-03-08,0.012099858,0.00984518208274892,0.0031680733514774678,-0.0009133970608228379
C,2025-03-09,0.0118609,0.010186627731026392,-7.99940662800467e-05,0.0017542659624623647
C,2025-03-10,0.06023943,0.010518758670026461,-0.0005090320333033074,0.05022970388023508
C,2025-03-11,0.015212371,0.010682501282420891,-0.0018750267427206024,0.006404896474358301
C,2025-03-12,0.007408528,0.010739913745931407,-0.0025123464163771436,-0.0008190392065033358
C,2025-03-13,0.014202053,0.010757375254496862,0.0007933881451672915,0.0026512893276774974
C,2025-03-14,0.06634481,0.01071627267454005,0.000643511845468107,0.05498502799238961
C,2025-03-15,0.015496116,0.01047914647766251,0.002895642554564805,0.002121327099316799
C,2025-03-16,0.009397509,0.01009156082491667,0.0002719169617690636,-0.0009659692101733983
C,2025-03-17,0.009711898,0.009621214700438219,-0.00015002067130178998,0.0002407039028565778
C,2025-03-18,0.0065099373,0.00909593050760127,-0.002292879471394551,-0.0002931136902251212
C,2025-03-19,0.00650552,0.008586327982512978,-0.0018047381094182737,-0.00027606979008450855
C,2025-03-20,0.008864885,0.008275708663212146,0.00045535851997409633,0.000133818012903502
C,2025-03-21,0.006894679,0.008189691123827414,0.0002706841663749822,-0.0015656964814536748
C,2025-03-22,0.0086485455,0.008277938676822739,0.0027314531700975793,-0.002360846365655727
C,2025-03-23,0.008696056,0.0085379268801406,0.0005965435784030198,-0.00043841448745759494
C,2025-03-24,0.007730297,0.00898151371121396,0.0005423256201393833,-0.0017935425184017776
C,2025-03-25,0.0069310428,0.009571822535610239,-0.002433017029357232,-0.00020776274191713733
C,2025-03-26,0.009652963,0.010305246317894451,-0.0014582392834550505,0.0008059558737093658
C,2025-03-27,0.009831954,0.011155471848402444,-0.00014276869515440104,-0.0011807493594839288
C,2025-03-28,0.013753524,0.011952281563605909,-5.036298382702873e-05,0.0018516054703376587
C,2025-03-29,0.0156395,0.012340904874331274,0.002022158917015326,0.001276436901140163
C,2025-03-30,0.013507803,0.012324216828160026,0.00103837941624785,0.0001452067262995415
C,2025-03-31,0.015684921,0.012234102027539901,0.0008623576219786267,0.002588461644932233
C,2025-04-01,0.06964314,0.01216459552597007,-0.0018206090383730002,0.05929915335157529
C,2025-04-02,0.024946898,0.012034192200212885,-0.0015899985258858715,0.014502704547642591
C,2025-04-03,0.010891095,0.011762449214875096,-0.0005271777744038659,-0.00034417663666111084
C,2025-04-04,0.010129264,0.011409215515770614,0.0004452452501188591,-0.0017251971413405603
C,2025-04-05,0.012398082,0.011024017827308998,0.0011060730309879478,0.00026799097333709936
C,2025-04-06,0.012925797,0.01067604698429437,0.001291809410631669,0.0009579407471623745
C,2025-04-07,0.012135575,0.010395727444821253,0.0007192525328431147,0.0010205946164756844
C,2025-04-08,0.0080759395,0.010116340189014283,-0.0010254937012893546,-0.0010149069963337459
C,2025-04-09,0.007966309,0.00983650907303501,-0.0018633246740820616,-6.8755444326273896e-06
C,2025-04-10,0.0090477355,0.009578700696174195,-0.00026183379343282633,-0.0002691314202870696
C,2025-04-11,0.010362233,0.009346154052408432,0.0006128520629576373,0.0004032269199003291
C,2025-04-12,0.008333237,0.009196582428998738,0.0004323257057577442,-0.0012956712243537075
C,2025-04-13,0.010073409,0.009149519881919432,0.0015411462293593553,-0.0006172566954972883
C,2025-04-14,0.008283359,0.009144202945827531,-0.0003376637704576261,-0.0005231801767732365
C,2025-04-15,0.010530324,0.009122070485060259,-3.9551599733726366e-05,0.0014478048361419166
C,2025-04-16,0.0060687433,0.009093269557025812,-0.0019899887829674407,-0.001034537474365502
C,2025-04-17,0.010128032,0.009088947293930113,0.00011571397616662843,0.0009233711460085291
C,2025-04-18,0.011160347,0.009120455305682345,0.0004912803143009402,0.0015486110594061919
C,2025-04-19,0.00860436,0.00914345416047478,0.00023418449852783438,-0.0007732788459680791
C,2025-04-20,0.010089547,0.009135471975378789,0.0017760108858237622,-0.0008219354878481171
C,2025-04-21,0.0071658622,0.009134485417795926,-0.001046087499601184,-0.0009225356708469096
C,2025-04-22,0.009544909,0.009187500528443703,8.634367862438565e-05,0.0002710647933286403
C,2025-04-23,0.008099445,0.009307855820499884,-0.0017835315312422018,0.0005751208525942193
C,2025-04-24,0.009253803,0.009540221206800752,0.0002503061677623598,-0.0005367246652816671
C,2025-04-25,0.008926419,0.0098516985278486,0.00021937744263747527,-0.0011446573605689118
C,2025-04-26,0.010849566,0.010101039087631835,0.0005825804331027956,0.00016594667815080996
C,2025-04-27,0.0132058645,0.010113193831467868,0.002020674741554635,0.0010719958937042764
C,2025-04-28,0.014416509,0.010103419556689214,-0.0011675591892869133,0.005480648940518631
C,2025-04-29,0.07073914,0.010120946529378892,-0.00039052432504833705,0.061008720392391094
C,2025-04-30,0.07613283,0.010172471399393734,-0.0015716012669207543,0.06753195637461855
C,2025-05-01,0.018152272,0.010207279569744892,0.0003225955798446599,0.007622397179144846
C,2025-05-02,0.009558012,0.010151138011182767,-0.0003807080572616786,-0.00021241817622209488
C,2025-05-03,0.011727936,0.00996588533545957,0.0010288536081686998,0.0007331966909251628
C,2025-05-04,0.011631646,0.009843108449384758,0.0024645210376551124,-0.0006759832934759326
C,2025-05-05,0.008935139,0.0098401816360656,-0.0009259978684593005,2.0954815576989735e-05
C,2025-05-06,0.00823929,0.009918815762706349,-0.0009011475109333004,-0.0007783785060846097
C,2025-05-07,0.00840209,0.010036820833552127,-0.001227193113095778,-0.0004075381321122524
C,2025-05-08,0.010416802,0.010155935994708185,0.00047313442943049144,-0.00021226840525783233
C,2025-05-09,0.009983301,0.010273742090070353,-0.0005455183890606151,0.00025507746170998907
C,2025-05-10,0.011219345,0.01040145870149819,0.0005851852883850321,0.0002327010432855714
C,2025-05-11,0.013487882,0.010525587723600243,0.0018984133740080824,0.001063880883228065
C,2025-05-12,0.010125594,0.010620901021723451,-0.0006238116523781548,0.00012850484425963073
C,2025-05-13,0.009554706,0.010643672254065702,-0.0009510659992888735,-0.00013790067221772055
C,2025-05-14,0.009388323,0.010524922961883046,-0.0008497148368215426,-0.00028688518310259967
C,2025-05-15,0.011450061,0.01019877334631289,0.0007747770545892473,0.00047651024235357414
C,2025-05-16,0.016755013,0.009814413120837499,-5.110347042025412e-05,0.00699170314491185
C,2025-05-17,0.017470775,0.009403348970740634,2.2079977019900466e-05,0.008045346224353838
C,2025-05-18,0.0685777,0.009001474486401699,0.0008761595873301102,0.05870006528949984
C,2025-05-19,0.021831539,0.008659443564621297,-0.0007219002898818402,0.013893995253464509
C,2025-05-20,0.008107045,0.008279160705258273,-0.0006739432522468467,0.0005018272810493381
C,2025-05-21,0.007654478,0.007797374650146922,-0.00016560132833338883,2.270452033858658e-05
C,2025-05-22,0.007652885,0.00794890905119912,0.0012490089927047361,-0.0015450332290156176
C,2025-05-23,0.0068813134,0.008533456798951414,0.0009962207419768518,-0.0026483641424478507
C,2025-05-24,0.0071883122,0.00928855911530166,-0.00043034139025886656,-0.0016699054813725687
C,2025-05-25,0.009321129,0.010143517979225487,-0.000638122446399869,-0.00018426658330264467
C,2025-05-26,0.010020558,0.011088238048737622,-0.0011886641765940925,0.00012098391885111484
C,2025-05-27,0.011152291,0.012200786382135658,-0.0008667978780084154,-0.00018169776500819024
C,2025-05-28,0.013729692,0.013432524187081945,-0.00035447942806927446,0.0006516476777420326
C,2025-05-29,0.016851576,0.014640770926901355,0.0017381837505999489,0.00047262136765422076
C,2025-05-30,0.01798391,0.015761491390255424,0.0024162071758094964,-0.0001937888697243588
C,2025-05-31,0.016524162,0.016377067233408968,-5.646831377506075e-05,0.00020356322383495093
C,2025-06-01,0.077092044,0.016187786190200792,-0.0013321079874761205,0.0622363658527372
C,2025-06-02,0.073515885,0.016238703232397206,-0.001958750562679012,0.0592359319085098
C,2025-06-03,0.06804266,0.01627461212792741,-0.0018200358615587631,0.05358808200303672
C,2025-06-04,0.03248884,0.01610215410966231,-0.0015337905539410978,0.017920478007741995
C,2025-06-05,0.0720251,0.016050016352155142,0.0019616562718560242,0.05401342528257834
C,2025-06-06,0.02275637,0.016206758779196535,0.0060802675121808,0.00046934349309703943
C,2025-06-07,0.0050210003,0.015892682057626718,0.0012849963472158481,-0.01215667812386627
C,2025-06-08,0.00687948,0.0153659969565742,-0.0020299538009188084,-0.006456563065663107
C,2025-06-09,0.011806251,0.01490866720624191,-0.0022257511489314845,-0.0008766655074575764
C,2025-06-10,0.012456714,0.01451868515036168,-0.002284537471204119,0.0002225664964839759
C,2025-06-11,0.011924895,0.014131417653882377,-0.0019427376284690155,-0.0002637845674899487
C,2025-06-12,0.016637545,0.013705537778275718,0.002723248393659131,0.00020875890705799455
C,2025-06-13,0.06752778,0.013228781733274169,0.00327495997406286,0.05102403673933731
C,2025-06-14,0.01610527,0.012741554435668455,0.0017775052794167113,0.0015862102981279921
C,2025-06-15,0.010104409,0.012266934102143598,-0.0024397770596709524,0.000277252376527504
C,2025-06-16,0.010286701,0.011770650539527474,-0.00142698858409314,-5.696104361439802e-05
C,2025-06-17,0.008159286,0.011280098927060597,-0.0019593225442373565,-0.0011614900402619963
C,2025-06-18,0.007256979,0.010865349467002358,-0.0016930037919428067,-0.0019153665523016401
C,2025-06-19,0.01423317,0.010507447501114667,0.0024122244735712414,0.0013134981025187953
C,2025-06-20,0.07146695,0.010192572614417876,0.0020984567125883003,0.05917592323532597
C,2025-06-21,0.018913979,0.009905809897292861,0.0016195347631894647,0.00738863405028828
C,2025-06-22,0.0075366413,0.009654296021662234,-0.0012848271104413786,-0.0008328275891445348
C,2025-06-23,0.009733609,0.009418827822651996,-0.0004753757630158698,0.0007901568642163168
C,2025-06-24,0.007965087,0.009159543867773642,-0.001060546451979613,-0.00013391045649160417
C,2025-06-25,0.009378389,0.008932179868291108,-0.0008319231064315986,0.001278132693518546
C,2025-06-26,0.007852311,0.008820933413876278,0.0017780785871089409,-0.0027467007548881315
C,2025-06-27,0.0081141675,0.008735906388081971,8.882474584238692e-05,-0.0007105636448129348
C,2025-06-28,0.007845017,0.008628457613006842,0.00044632103693990487,-0.0012297615222540475
C,2025-06-29,0.01025304,0.008524519991605447,-0.000858893930883074,0.0025874140592832343
C,2025-06-30,0.00887054,0.008503221308939116,1.3898606646953735e-05,0.0003534202711767409
C,2025-07-01,0.008123241,0.008571712375409038,-3.013726826930625e-05,-0.0004183337421838299
C,2025-07-02,0.008466694,0.008695728718461731,-0.0002646967600464386,3.566161428473179e-05
C,2025-07-03,0.009376038,0.008845342203491043,0.001140575550395098,-0.0006098798880089899
C,2025-07-04,0.0075417943,0.009029946182684849,-0.0005820468117001786,-0.000906105041103002
C,2025-07-05,0.008174859,0.009277363994467073,-0.0014682946779128406,0.0003657896707771578
C,2025-07-06,0.0073300824,0.009613569926067817,-0.0016943254843526177,-0.0005891620847854207
C,2025-07-07,0.007562297,0.010006366099349434,-0.0014648124571181149,-0.0009792567115307783
C,2025-07-08,0.010834445,0.010460433466647266,-0.0011943033051962473,0.0015683150841129655
C,2025-07-09,0.00843754,0.010991708489295952,-0.002313348548691709,-0.0002408195584574068
C,2025-07-10,0.010020371,0.011554302934715436,0.017624827575789752,-0.01915875991534804
C,2025-07-11,0.009203462,0.012105354152002909,-0.002401787420507703,-0.0005001048013394509
C,2025-07-12,0.0071560205,0.012656121752171056,-0.0048834352916848935,-0.0006166659644455796
C,2025-07-13,0.00862865,0.013271301577341268,-0.0048334058542949445,0.00019075391405675747
C,2025-07-14,0.010368904,0.014026411488803797,-0.004339902101951316,0.0006823947120158883
C,2025-07-15,0.010932644,0.014911176713293766,-0.003480710353453709,-0.0004978224620086173
C,2025-07-16,0.008895008,0.01585582232514512,-0.003879188992339618,-0.0030816254393623947
C,2025-07-17,0.013073678,0.016809391342009445,0.03006501107356948,-0.03380072428715762
C,2025-07-18,0.014409334,0.017725859377935905,-0.0036222651257914146,0.00030574014666160526
C,2025-07-19,0.011424818,0.018561301570913923,-0.007939159439265502,0.0008026759445449103
C,2025-07-20,0.0198717,0.019356059018480247,-0.007704526609064002,0.008220168145669893
C,2025-07-21,0.07138318,0.020080338262810464,-0.0076205401725258125,0.058923380143815686
C,2025-07-22,0.026070029,0.020596177600134127,-0.006424608992640319,0.011898459935978479
C,2025-07-23,0.016678153,0.020917976492142755,-0.0055912224191685496,0.0013513985329170232
C,2025-07-24,0.06887266,0.0212532609530541,0.04630017646465337,0.0013192229807758062
C,2025-07-25,0.017475491,0.021315806125707697,-0.005164670865359542,0.0013243561292840718
C,2025-07-26,0.008671119,0.020972850627058885,-0.010118495612817845,-0.0021832361364129207
C,2025-07-27,0.009837403,0.020610849722510417,-0.009844386055605508,-0.0009290607047567172
C,2025-07-28,0.010555979,0.020195896740632758,-0.009141386108503147,-0.0004985317676982313
C,2025-07-29,0.011742814,0.019693071841885446,-0.008224883438349602,0.00027462604046964503
C,2025-07-30,0.017056962,0.0191664246871382,-0.005780629092878177,0.003671166880920604
C,2025-07-31,0.06976959,0.018595677384080637,0.04970403639244127,0.0014698773165414507
C,2025-08-01,0.02548067,0.01796608313186206,-0.00543174608635376,0.01294633380894097
C,2025-08-02,0.007901068,0.017268035865949213,-0.009191240772445281,-0.0001757272479805741
C,2025-08-03,0.0077324584,0.016571017261817127,-0.008823353556620572,-1.5205292549308469e-05
C,2025-08-04,0.012754405,0.015978061543869968,-0.008279240238516413,0.005055583612005799
C,2025-08-05,0.0077059153,0.015573859013203711,-0.00636258243937621,-0.0015053613202180814
C,2025-08-06,0.009711581,0.015382514135532113,-0.003606398189606414,-0.0020645346636080607
C,2025-08-07,0.010215307,0.015396226914480317,0.031064753438009664,-0.036245673697917494
C,2025-08-08,0.011077379,0.015534578639381331,-0.0030894571484569645,-0.0013677426144170848
C,2025-08-09,0.009621154,0.015909988129699983,-0.005505344236532162,-0.0007834903075550487
C,2025-08-10,0.012324526,0.016561045647422428,-0.004809279607036591,0.0005727599343050768
C,2025-08-11,0.011331439,0.01714386222704779,-0.00598334259680715,0.0001709193880088701
C,2025-08-12,0.015543803,0.017547987770049997,-0.0039061073655006296,0.0019019222367827812
C,2025-08-13,0.016183617,0.017804430658025856,-0.002391959820340372,0.0007711457557946257
C,2025-08-14,0.07117573,0.017897462751826985,0.01912366590537186,0.03415460306134135
C,2025-08-15,0.023219373,0.017365203758266133,-0.0016552039121608872,0.007509373231048912
C,2025-08-16,0.015412897,0.01607995676740734,-0.0016656832212323344,0.0009986233253917697
C,2025-08-17,0.07589538,0.015148588853529843,-0.0010483593022293893,0.06179514695216711
C,2025-08-18,0.022907048,0.014330612519193766,-0.0037174084477512854,0.012293844392378931
C,2025-08-19,0.067943804,0.013442564645635582,-0.0019843238373325107,0.0564855631577423
C,2025-08-20,0.019327128,0.012391222788779932,-0.0007104884781575887,0.007646393995408883
C,2025-08-21,0.0110000055,0.011242873702508186,0.0005782447186642866,-0.0008211128928416692
C,2025-08-22,0.01147449,0.01022660580200063,0.0008128292518137146,0.00043505511189610366
C,2025-08-23,0.010772601,0.010202856321141191,0.0019682206338952,-0.0013984761850397483
C,2025-08-24,0.0116099855,0.010563375364223535,0.0020608356441312796,-0.0010142255152312835
C,2025-08-25,0.007534426,0.010954509952001673,-0.0021880189874725255,-0.0012320647931965498
C,2025-08-26,0.010454029,0.011427345631915687,-0.0019463508209473408,0.0009730340338650282
C,2025-08-27,0.011963847,0.011984265088925656,-0.0008481988810548587,0.0008277808854133331
C,2025-08-28,0.011518514,0.012524860084476662,-0.0003436208323000983,-0.0006627254683640414
C,2025-08-29,0.013323194,0.012999125834839795,0.0005557187078432627,-0.00023165019536107098
C,2025-08-30,0.06222242,0.013423199395994909,0.0022933688677606386,0.04650585290552546
C,2025-08-31,0.019544119,0.013807558415717881,0.003694465271637943,0.002042095327980213
C,2025-09-01,0.0136527615,0.014189907519709928,-0.0013912268682523823,0.0008540808153436209
C,2025-09-02,0.009820694,0.014635320749045886,-0.002956412507108761,-0.0018582141381001116
C,2025-09-03,0.012544197,0.01509619772622105,-0.0014994149072367151,-0.001052585788618868
C,2025-09-04,0.014908824,0.015556750470817206,-0.0008815347671055334,0.00023360841227992174
C,2025-09-05,0.008373842,0.016119226118861105,-0.00021512148222854364,-0.007530262993299126
C,2025-09-06,0.010445001,0.016880936159198397,0.0035951308551384516,-0.010031066410541797
C,2025-09-07,0.021049907,0.016837719390886755,0.0033397743265597764,0.0008724137135599011
C,2025-09-08,0.07038722,0.015675123140498303,-0.0007377219171386928,0.05544982064944694
C,2025-09-09,0.022429923,0.015157520978592734,-0.0032867052743705025,0.010559106891397925
C,2025-09-10,0.063039154,0.014773440873227416,-0.0017917563095127035,0.050057469250601075
C,2025-09-11,0.025376307,0.014033553160417564,-0.0008155996165824671,0.012158353302902764
C,2025-09-12,0.063236184,0.01311312459699217,-0.0009056816708757435,0.05102874149208503
C,2025-09-13,0.017230043,0.012130107158149737,0.0050838981695765385,1.6037860011188995e-05
C,2025-09-14,0.0072378335,0.01116708081285882,0.0019524576815768918,-0.005881705035505457
C,2025-09-15,0.010432147,0.010420685219816274,-0.00014041910415776257,0.0001518813052842731
C,2025-09-16,0.006192983,0.009788263785785314,-0.002982164168490421,-0.0006131164891644558
C,2025-09-17,0.0070982035,0.009354540133218911,-0.0014962224151766556,-0.0007601141930950895
C,2025-09-18,0.007609521,0.009193917914579863,-0.00048658867264684007,-0.0010978082031027417
C,2025-09-19,0.0077717244,0.009254176522991698,-0.0013277251319299037,-0.00015472702168489727
C,2025-09-20,0.006328438,0.009498449399773274,0.004127181820924053,-0.007297193277685805
C,2025-09-21,0.0075648907,0.009849229918844888,0.000736796445064285,-0.003021135699838329
C,2025-09-22,0.0097876685,0.010270923606148891,0.00015194118562114067,-0.0006351963177514582
C,2025-09-23,0.009241869,0.010688796353905256,-0.0016594082329770173,0.00021248062088208286
C,2025-09-24,0.010786152,0.011093068698627459,-0.0010742280995300346,0.0007673118456824491
C,2025-09-25,0.012833013,0.01149397868242245,-0.000471507747622996,0.0018105422644703172
C,2025-09-26,0.06894862,0.011798819339523394,0.00014427702522674078,0.05700552270291878
C,2025-09-27,0.015186395,0.011755065706608092,0.0025059733054916965,0.0009253555527076272
C,2025-09-28,0.0114000505,0.011332165145901728,-0.00034746612913335917,0.00041535146687564015
C,2025-09-29,0.011783835,0.010802414318039882,1.4274650061918838e-05,0.0009671455787026266
C,2025-09-30,0.06924362,0.010293562106777964,-8.986883510884297e-05,0.059039924084154385
C,2025-10-01,0.016023314,0.009811729824844467,-0.0017864774046844221,0.007998061206486952
C,2025-10-02,0.006544882,0.00947808092044409,-8.430171000814771e-06,-0.0029247687834782436
C,2025-10-03,0.010356359,0.009247314242425024,0.0021015010132210913,-0.0009924560718578158
C,2025-10-04,0.0072904225,0.00904118428528294,0.0011176931324290412,-0.0028684549669609153
C,2025-10-05,0.008756447,0.009297217857398609,-0.00021080788718631565,-0.0003299633180979013
C,2025-10-06,0.007952384,0.010139475122938278,-0.00011112802723766443,-0.002075963376315944
C,2025-10-07,0.011379172,0.01109372467500169,-0.0018935177434402106,0.002178965162604801
C,2025-10-08,0.010068877,0.012079072155353598,-0.0031610526890847234,0.001150857202541971
C,2025-10-09,0.012143461,0.01307221999475218,-0.00012193018428852489,-0.0008068287767617581
C,2025-10-10,0.07071191,0.013937638345881638,0.002244248060403017,0.054530024318355234
C,2025-10-11,0.012643551,0.014665930995367935,-0.0021948197350641838,0.00017244019364427016
C,2025-10-12,0.013029492,0.015282533068262306,-0.003100264609731547,0.0008472240016604918
C,2025-10-13,0.063981436,0.0158397237176027,0.015773988993993307,0.03236772348139334
C,2025-10-14,0.01479877,0.01644679592492422,-0.007322653939276718,0.005674627741701778
C,2025-10-15,0.008012678,0.017159539928260508,-0.008658220845239248,-0.0004886415401559839
C,2025-10-16,0.006068887,0.01808091379490717,-0.0014553559454328073,-0.010556670660443714
C,2025-10-17,0.0130229695,0.019059993643182276,0.012582600344471393,-0.018619624510775028
C,2025-10-18,0.011899791,0.02011731053672572,-0.0060740303903213545,-0.0021434894198022886
C,2025-10-19,0.013622522,0.021633857216180684,-0.006497019212788079,-0.0015143156492666288
C,2025-10-20,0.012748218,0.023407750931708198,0.02478931334592494,-0.035448846136136955
C,2025-10-21,0.013054368,0.025357573671998323,-0.012359681149465736,5.647556362664216e-05
C,2025-10-22,0.014775093,0.027416363858012036,-0.014075705041726751,0.0014344338972495478
C,2025-10-23,0.021223007,0.02935141501952344,-0.0014751941326233706,-0.006653214116885308
C,2025-10-24,0.06888225,0.031200125894080555,0.018231260037748803,0.01945086336388216
C,2025-10-25,0.024670208,0.032752937454166096,-0.008978740910259941,0.0008960113290806399
C,2025-10-26,0.065714076,0.03431015082084812,-0.00936462174806357,0.04076854708860003
C,2025-10-27,0.072010264,0.035860580706442984,0.03469645201372545,0.0014532310804526022
C,2025-10-28,0.019647093,0.03739329858137542,-0.01735933975475765,-0.00038686533685165087
C,2025-10-29,0.018408693,0.03890201354011084,-0.019441862379843803,-0.00105145778706376
C,2025-10-30,0.055633597,0.04038660864254748,-0.001140436510911552,0.01638742494430325
C,2025-10-31,0.06590345,0.04185184768152679,0.02401366498323102,3.7934903658783103e-05
