tree
version=v4
num_class=1
num_tree_per_iteration=1
label_index=0
max_feature_idx=28
objective=tweedie
feature_names=Heure LiaisonId Annee Mois JourSemaine EstWeekend EstFerie EstRamadan EstVacances jour_semaine_sin jour_semaine_cos mois_sin mois_cos heure_sin heure_cos liaison_frequence liaison_cible_encodage_controles interaction_jour_liaison_controles lag_1_controles lag_7_controles lag_14_controles lag_30_controles lag_365_controles rolling_mean_7_controles rolling_mean_14_controles rolling_mean_30_controles rolling_std_7_controles rolling_std_14_controles rolling_std_30_controles
feature_infos=[0:23] [0:2453] [2024:2025] [1:12] [0:6] [0:1] [0:1] [0:1] none [-0.97492791218182362:0.97492791218182362] [-0.90096886790241903:1] [-1:1] [-1:1] [-1:1] [-1:1] [166:17674] [0:1843.4225352112676] [0:401.50645481628601] [0:4859] [0:6341] [0:3576] [0:4003] [0:3652] [0:4171.28564453125] [0:3181.21435546875] [0:2349.2333984375] [0:2419.42041015625] [0:2288.23779296875] [0:2024.3695068359375]
tree_sizes=6777 6904 6897 6894 6868 6860 6904 6869 6829 6854 6844 6880 6926 6907 6961 6951 6956 7049 6933 6944 7003 7024 6991 6983 7037 7051 7006 7028 7018 7040 7019 7027 7044 7093 7069 7123 7071 7167 7108 7085 7108 7103 7110 7154 7125 7170 7142 7161 7133 7148 7163 7188 7131 7125 7218 7156 7159 7163 7136 7123 7189

Tree=0
num_leaves=63
num_cat=0
split_feature=16 16 16 25 16 16 16 23 25 25 16 25 23 23 16 23 16 4 23 23 16 16 25 26 26 17 3 25 25 16 16 26 3 26 28 25 26 25 15 18 26 4 23 4 25 23 23 15 3 18 15 18 16 3 17 16 26 17 25 20 4 17
split_gain=1.39946e+08 6.39758e+06 5.8604e+06 894483 635234 610081 521032 178084 168162 160863 115797 114696 91385.8 87157 60021.6 56077.8 55225.9 51951.1 47581.5 46390.9 46244.4 44385 42723.3 36226.5 35330.1 34776.3 33864.8 30264.5 28215 25459.3 24393.4 22052.3 20885.1 19848.1 19783.2 19626.1 19368.2 18526.2 17422.4 17261.1 17002.4 16471.2 15967.5 15004.4 15000.6 14883.3 14416.6 14038.6 13538.6 12982.3 12585 12270.6 11673.7 11275 11056.4 10389.9 10268.5 9996.18 9950.26 9737.76 9643.53 10281.2
threshold=12.85488305079304 2.1273753172806482 49.095524060908325 116.84999847412111 5.3428317726832431 24.756485567090731 0.50190850815850829 27.928571701049808 12.416666507720949 36.150001525878913 74.152533998400088 280.64999389648443 23.214285850524906 30.071428298950199 1.2487494889738597 6.0714285373687753 3.5004424778761067 4.5000000000000009 61.500000000000007 56.928571701049812 8.5191919467481458 0.14353689644242526 46.883333206176765 37.054975509643562 26.547800064086918 5.639253746689902 2.5000000000000004 10.316666603088381 20.983333587646488 169.12526006191953 104.63966278265704 10.21552896499634 3.5000000000000004 3.7764923572540288 15.069742202758791 53.549999237060554 5.2824881076812753 6.7833335399627694 15973.000000000002 6.5000000000000009 11.720961570739748 3.5000000000000004 525.07144165039074 4.5000000000000009 21.483333587646488 208.78571319580081 6.7857143878936776 16079.000000000002 2.5000000000000004 41.500000000000007 17664.500000000004 20.500000000000004 34.583243786156963 11.500000000000002 9.0349822614126456 21.099515123034866 4.9232103824615487 31.691325979391426 53.549999237060554 105.50000000000001 4.5000000000000009 4.8757316192246076
decision_type=2 2 2 2 2 2 2 2 2 2 2 2 2 2 2 2 2 2 2 2 2 2 2 2 2 2 2 2 2 2 2 2 2 2 2 2 2 2 2 2 2 2 2 2 2 2 2 2 2 2 2 2 2 2 2 2 2 2 2 2 2 2
left_child=1 6 5 10 12 7 15 17 20 24 23 29 16 14 46 21 36 27 40 -11 34 39 49 50 38 47 51 -2 -14 45 35 -22 -21 -16 53 -12 -3 56 -7 -1 -10 52 -13 -26 -42 -5 -8 -19 -15 -9 59 -17 -40 -6 -43 -29 -18 -32 -25 -4 -36 -62
right_child=2 4 3 11 8 9 13 22 18 19 30 42 28 48 33 26 37 25 -20 32 31 -23 -24 58 43 -27 -28 55 -30 -31 57 -33 -34 -35 60 -37 -38 -39 41 -41 44 54 -44 -45 -46 -47 -48 -49 -50 -51 -52 -53 -54 -55 -56 -57 -58 -59 -60 -61 61 -63
leaf_value=0.71781111920331797 0.92322984900429139 0.78623855503665352 1.0736944191546691 1.1942773807995593 0.84953163616953931 0.92055162282467073 0.74350939280493711 1.0134363786919143 0.90576870007079124 1.083538166326971 1.1314422475723065 1.2396156695508733 0.89052434055899887 1.105935786326194 0.76137226677647507 0.87270559533538827 0.81039036255180863 0.85251904419492663 1.0472351009908891 1.1603966176661775 0.88004125971796732 0.72806188239047387 1.1122471521566983 1.1260098458917085 1.0532838392802142 1.0152623842937365 0.75163273041357792 0.95682855635285669 1.0428646490880538 1.2278667508182339 1.1675271416036241 0.92035034910494073 1.1126195931384621 0.78644526128215975 0.86494679800851304 1.1707647603348277 0.81306322830965438 0.85361213131772384 0.99253339551263142 0.80226502883608664 0.93224080905130835 1.0106741371744141 1.258042041593288 1.0937595771792072 0.98177566440499009 1.2192648031951903 0.78798595689799256 0.9598120441190664 0.91187739794595435 1.0547545512609946 1.1210535793275955 1.0421515618566888 1.0357988691881761 0.79395084845123653 1.0630180060692793 0.99423763580686342 0.83521512922478591 1.19447951537339 1.1504857027655184 1.1420317237310853 0.87697938587253188 0.93808407304947539
leaf_weight=15437232.701919556 71791.769819498062 206164.90437579155 38131.272094726562 160236.61990630627 102021.83814442158 3736.654750585556 764003.15170633793 60787.487993001938 39040.032325148582 99378.539234399796 46286.77298617363 224035.07540297508 14378.055952072144 1604.4275995492935 264482.48623871803 2668.3860303163528 110730.11720299721 3670.7610712051392 9817.8442025184631 39213.696785569191 86691.177680134773 1141417.1308379173 17316.156716823578 66982.862010002136 69585.922828435898 61732.366270780563 5077.7580194473267 82783.230547308922 3854.3085074424744 186974.81876111031 49090.369200706482 55755.355179905891 54935.416755795479 112506.25950145721 68406.196995735168 101031.38777661324 99898.366299152374 52210.592462062836 33422.183151602745 6052.4349955320358 53104.429018855095 13343.526060581207 247762.80367040634 34140.609774470329 21463.486885547638 94971.842208147049 18664.535337328911 18003.380474448204 2044.2524430751801 27673.728092432022 42985.052004098892 1782.178290605545 29237.316956400871 10021.076286673546 41418.375822544098 23931.691868066788 66779.538861036301 115299.16464734077 109449.65904307365 6042.0255861282349 19103.037724852562 10763.842364788055
leaf_count=8546911 25035 100070 7573 12547 43078 1313 403407 15727 14294 18761 6526 7409 5483 267 134938 1065 51079 1539 2209 4396 33966 620279 2773 9807 15237 15859 2640 26093 884 8375 5154 19603 8777 54586 27832 10281 45816 21833 9344 2841 18041 3489 3639 6097 6231 5069 9027 5621 736 6019 6506 410 6912 4787 8667 6650 29151 9005 13352 788 7543 3594
internal_value=0.772764 0.727912 1.1431 1.2014 0.849048 1.03266 0.720885 0.985667 0.891397 1.07395 1.15256 1.23214 0.812647 0.753232 0.752465 0.718617 0.808901 0.963553 0.941629 1.10737 0.873821 0.718547 1.04042 1.12816 1.04519 0.996131 0.839881 0.948331 0.922731 1.21385 1.17319 0.895819 1.13252 0.768855 0.858923 1.15841 0.794994 0.82743 1.02685 0.717844 0.932503 1.03023 1.24929 1.06661 0.946499 1.20358 0.74457 0.941641 0.997219 1.02636 1.10179 0.940564 1.01272 0.844561 1.05026 0.965218 0.81973 1.18643 1.14119 1.08304 0.875297 0.899002
internal_weight=2.10631e+07 1.87877e+07 2.27538e+06 1.48928e+06 1.0302e+06 786103 1.77575e+07 367691 476188 418412 575299 913981 554016 1.16331e+06 1.15966e+06 1.65942e+07 535784 261913 123426 193528 352763 1.65847e+07 105777 263591 224885 83406.5 9528.32 178507 18232.4 442183 311708 142447 94149.1 376989 210316 147318 306063 229720 121158 1.54433e+07 113608 117421 471798 103727 74567.9 255208 782668 21674.1 3648.68 88461.2 87158.3 4450.56 62659.5 112043 54761.9 106715 177510 164390 176433 44173.3 98273.1 29866.9
internal_count=10506941 10212601 294340 106031 435494 188309 9777107 105316 181178 82993 68992 37039 254316 602961 601958 9174146 247949 80797 40775 31934 140403 9170031 24519 38026 51059 23019 4115 57778 6367 25991 30966 53569 13173 189524 86834 16807 145886 102063 29725 8549752 38566 28412 11048 21334 24272 17616 412434 7160 1003 21746 14867 1475 16256 47865 12156 32743 80230 14159 23159 8361 38969 11137
is_linear=0
shrinkage=1


Tree=1
num_leaves=63
num_cat=0
split_feature=16 16 16 24 16 16 16 24 16 24 24 24 27 23 23 24 16 24 16 16 23 16 7 16 4 16 24 23 16 17 16 3 4 7 0 27 0 23 27 27 17 16 4 17 18 26 18 24 23 26 24 15 0 7 0 18 27 4 18 27 27 4
split_gain=1.2205e+08 6.74258e+06 5.92082e+06 1.02353e+06 781326 549983 479544 224969 170842 170428 141576 124119 82471.1 75302.1 61203.4 56219.1 56015.5 54335.3 51162.2 48571.6 48529.6 43468.2 41252.9 37059.1 32775.1 32322.7 29921.1 28734.4 28304.2 25896.9 24491.1 24281.7 23402.5 23376.6 45139.4 21499.1 21206.6 21051 20475.3 20380.6 19587.6 19373.7 18355 18096.5 17469.6 16908.5 16192.5 16105.7 16061.8 15450.1 15435.7 15325.7 15159 14814.4 30966.8 14717.4 14550 13576.4 13078.2 12801.5 12662.6 12544.4
threshold=12.85488305079304 59.399355161576182 2.0067840459935327 157.07142639160159 29.514203874954408 5.3428317726832431 0.44217034245300585 25.821429252624515 104.63966278265704 55.892856597900398 16.964285850524906 385.25000000000006 4.8004119396209726 29.500000000000004 50.500000000000007 41.892856597900398 1.0677097804945821 82.535713195800795 41.32358243625081 21.099515123034866 6.0714285373687753 8.5191919467481458 1.0000000180025095e-35 0.12858223470931493 4.5000000000000009 169.12526006191953 55.892856597900398 11.642857074737551 169.12526006191953 31.691325979391426 3.2512606323925328 2.5000000000000004 3.5000000000000004 1.0000000180025095e-35 17.500000000000004 3.1813323497772221 16.500000000000004 51.214284896850593 10.207190036773683 4.6539595127105722 4.8757316192246076 4.1144572661600529 4.5000000000000009 4.8757316192246076 5.5000000000000009 103.18545532226564 59.500000000000007 12.892857074737551 733.42858886718761 39.339485168457038 87.750000000000014 17658.500000000004 14.500000000000002 1.0000000180025095e-35 17.500000000000004 130.50000000000003 12.080883502960207 3.5000000000000004 13.500000000000002 1.5837312936782839 7.1431593894958505 5.5000000000000009
decision_type=2 2 2 2 2 2 2 2 2 2 2 2 2 2 2 2 2 2 2 2 2 2 2 2 2 2 2 2 2 2 2 2 2 2 2 2 2 2 2 2 2 2 2 2 2 2 2 2 2 2 2 2 2 2 2 2 2 2 2 2 2 2
left_child=2 4 6 8 7 12 20 19 15 18 21 25 41 16 30 29 59 37 24 27 23 39 55 44 46 43 58 32 45 -3 47 -22 60 -30 -35 -18 52 42 -23 -7 -34 -4 -9 -5 -1 53 -6 -14 -13 51 -17 -20 -24 -10 -55 -11 -26 -21 -12 -8 -2 -32
right_child=1 3 5 11 9 10 13 17 28 22 26 48 14 -15 -16 50 35 -19 49 57 31 38 36 -25 56 -27 -28 -29 33 -31 61 -33 40 34 -36 -37 -38 -39 -40 -41 -42 -43 -44 -45 -46 -47 -48 -49 -50 -51 -52 -53 -54 54 -56 -57 -58 -59 -60 -61 -62 -63
leaf_value=-0.054960902578594956 0.10016677711603916 0.28155669828451929 0.0084281926023969372 0.20282007505602234 0.22048388551139478 0.056349365374380435 -0.035956439380817294 0.2016752395825083 0.367669846621133 0.30230283612328934 0.14066747271702981 0.45977832223181142 0.029517760860493222 0.20456423080189554 0.24177159212362587 0.33874438935638085 -0.017633577876285469 0.32334126507260397 0.23987693745787425 0.18192995216741273 0.14627965568568754 0.092367476793056222 0.35171023531489048 -0.045403669115150404 0.21627320849607751 0.44142007197488775 0.26123566704146595 0.18141086669217132 0.41934873863362221 0.33131617562679821 0.056041991038685124 -0.024296270972129462 0.12018062534708712 0.38613688440480232 0.082949332643803247 0.0045327671032971877 0.12553251906158677 0.25553822704128709 0.12623165056960664 0.088267727881368538 0.18153905331009002 0.04161119317060652 0.24872734070020053 0.41419759718854171 0.021606056795744791 0.39197620231826757 0.27392958677845641 0.0920979864161664 0.48140948496990277 0.29955565454081706 0.36468084441118048 0.28380709683522748 0.42319251706397676 0.35036311055098202 0.088122575714249127 0.34020825779135344 0.28502642103536613 0.21813935356502948 0.18400789434734055 -0.022774048063638665 0.14139128960582664 0.092734424120139908
leaf_weight=14582250.178238034 29841.111745357513 51781.479688405991 226499.95802521706 1018.9600033760071 100721.01051259041 71818.254267692566 442703.39096772671 63767.41711139679 77572.624874353409 102033.29973649979 61219.793796420097 178434.11139702797 137207.50733053684 3672.1983230113983 4180.5448741912842 122597.4592154026 255809.79704988003 17990.764669418335 30808.483375072479 55985.951704502106 4440.1885936260223 80495.564027309418 17246.93301820755 1099759.8897994757 9153.7656044960022 236871.10237574577 6899.4690821170807 81024.348317265511 88278.767446041107 52840.552127599716 152274.98306238651 3935.3568625450134 17486.987742424011 6846.4000108242035 1496.0023047924042 191110.53156638145 825.17005038261414 56578.874717235565 100209.01814341545 164729.87701094151 50785.822815418243 54587.88220012188 30715.29304087162 171143.58182883263 7453.3809742927551 103529.75579738617 16495.957311868668 11114.073422551155 165546.33701133728 71834.345800638199 107893.92782115936 55872.598075389862 13023.587228775024 4658.5981976985931 1484.619565486908 34203.570384740829 48375.53675031662 48166.857203960419 24325.102007508278 315363.17651975155 49581.251615762711 27501.178430438042
leaf_count=8483004 10314 8234 109471 204 21982 29603 243605 15328 7054 14741 19012 4686 62818 908 905 14063 134032 2368 6143 14601 1370 29587 1827 623540 2025 9161 1323 21390 4787 6460 63792 2098 5740 524 420 94655 225 10707 32966 62114 13288 24026 6113 9929 3531 7668 2844 4260 1986 10649 10210 9135 707 481 420 3953 7874 10856 6573 168840 15243 10568
internal_value=-9.01406e-05 0.336875 -0.0444689 0.408897 0.23831 0.0667025 -0.0518538 0.194227 0.361264 0.282509 0.105086 0.448052 0.0348063 -0.0215061 0.0516692 0.337087 -0.022195 0.2412 0.261836 0.170372 -0.0541904 0.0926825 0.323681 -0.0542546 0.243177 0.429436 0.161071 0.157483 0.389806 0.306689 0.0492468 0.0661325 0.144356 0.411787 0.33177 -0.00815487 0.375649 0.231417 0.111147 0.0785771 0.165823 0.0148724 0.216972 0.412947 -0.0549218 0.378463 0.228006 0.0342071 0.470189 0.282406 0.350886 0.268194 0.382466 0.36175 0.286991 0.31182 0.274087 0.198676 0.152992 -0.0304724 0.125902 0.0616551
internal_weight=2.04041e+07 2.37451e+06 1.80296e+07 1.37199e+06 1.00252e+06 1.12306e+06 1.69065e+07 501925 618980 500594 509697 753014 613366 1.20866e+06 332278 335113 1.20499e+06 169052 333262 332872 1.56978e+07 417253 167333 1.56895e+07 174746 409034 92444.4 228720 283867 104622 328098 8375.55 147695 96621.2 8342.4 446920 31095.7 151062 180705 236548 68272.8 281088 94482.7 172163 1.45897e+07 187246 117217 148322 343980 158515 230491 86681.1 30270.5 83715.8 6143.22 136237 57529.3 104153 85544.9 758067 79422.4 179776
internal_count=10506941 294340 10212601 86287 208053 457018 9755583 125948 60321 82105 181178 25966 275840 642040 142343 38967 641132 34516 60652 91432 9113543 154270 21453 9110075 34725 19294 26908 65975 21354 14694 141438 3468 44585 5731 944 228687 2759 32148 62553 91717 19028 133497 21441 10133 8486535 15623 24826 67078 6672 25927 24273 15278 2534 7955 901 18694 9899 25457 25585 412445 25557 74360
is_linear=0
shrinkage=0.05


Tree=2
num_leaves=63
num_cat=0
split_feature=16 25 16 16 25 16 16 25 24 16 24 16 16 25 24 16 18 24 24 18 16 24 17 7 14 16 24 17 5 27 24 16 3 18 26 7 17 18 17 15 15 19 14 26 24 17 17 5 27 16 26 18 24 9 11 17 7 25 3 17 16 24
split_gain=1.05218e+08 7.27043e+06 5.51173e+06 1.25055e+06 838177 487208 437992 256919 152326 140578 111407 106595 88095.5 74121.6 61818.4 48437.8 46390.1 46358.4 46109.6 44565 38941.8 38628 33274.2 32088.6 66958.6 31387.4 31325 29676.8 29452.1 28848.9 27378.9 25664.2 25288.2 23753.5 23729.6 23161.5 22852.9 22304.9 20718.2 20368.3 20111.8 18518.4 17529.5 17051.1 16524.8 16474.3 15741.9 15767.3 15708.2 15519.7 15376.9 15033 14815.3 14532.7 17936.7 14512.2 14484 13965.3 13938.9 13708.3 13388.1 13337.4
threshold=12.85488305079304 81.500000000000014 2.0067840459935327 41.32358243625081 193.41666412353518 0.44217034245300585 5.3428317726832431 25.416666030883793 433.10714721679693 74.152533998400088 9.9642858505249041 104.63966278265704 21.099515123034866 5.7166664600372323 8.5357141494750994 1.0677097804945821 8.5000000000000018 28.464285850524906 32.321428298950202 58.500000000000007 0.12858223470931493 26.607142448425297 11.156411012650876 1.0000000180025095e-35 -0.12940952255126037 104.63966278265704 125.5357131958008 31.691325979391426 1.0000000180025095e-35 3.9986258745193486 5.1071429252624521 7.5862044875202779 2.5000000000000004 27.500000000000004 255.88520050048831 1.0000000180025095e-35 45.358435227972414 42.500000000000007 4.8757316192246076 17658.500000000004 17138.000000000004 65.500000000000014 -0.37940952255126015 36.274744033813484 149.10713958740237 1.0763110363726958 6.5387276443515772 1.0000000180025095e-35 2.6690098047256474 24.756485567090731 10.490357398986818 42.500000000000007 655.00000000000011 -0.8783796973249266 0.68301270189221941 4.8757316192246076 1.0000000180025095e-35 42.750000000000007 11.500000000000002 4.8757316192246076 3.2512606323925328 89.678573608398452
decision_type=2 2 2 2 2 2 2 2 2 2 2 2 2 2 2 2 2 2 2 2 2 2 2 2 2 2 2 2 2 2 2 2 2 2 2 2 2 2 2 2 2 2 2 2 2 2 2 2 2 2 2 2 2 2 2 2 2 2 2 2 2 2
left_child=2 3 5 7 11 16 13 12 22 18 31 26 30 29 15 -7 20 -12 39 28 -1 -15 59 25 42 40 43 38 41 -4 55 -8 50 -16 -24 -28 -10 46 -13 -5 58 49 -25 -3 -29 -30 -14 -48 -17 -9 -18 -32 -38 -20 -55 -2 -57 -19 -11 -6 -31 -56
right_child=1 4 6 9 8 14 10 19 36 23 17 27 37 21 33 48 32 57 53 -21 -22 -23 34 24 -26 -27 35 44 45 60 51 -33 -34 -35 -36 -37 52 -39 -40 -41 -42 -43 -44 -45 -46 -47 47 -49 -50 -51 -52 -53 -54 54 61 56 -58 -59 -60 -61 -62 -63
leaf_value=-0.054908249729191318 0.082038043169281982 0.27039320701123321 0.010483917886479106 0.21282384765336082 0.12880620888668817 -0.030111957795768508 0.062149812040566882 0.16554023001946705 0.41637696225769671 0.26693375522202939 0.11159528935553698 0.16745286994544895 0.15007186897645514 0.056611394770291937 0.040197027140189079 -0.017943790724620736 0.046388810787964314 0.16065025113260717 0.30351335096742571 0.25281040397038534 -0.044934689697203746 0.16110296314175179 0.39255824003514123 0.37273807717027763 0.038511700072481017 0.33804856016737911 0.3296789600286914 0.36394732056789558 0.013694062483101482 0.023881716065879841 0.14379886142027273 0.089444719301124909 -0.030468548977637806 0.17887235995506112 0.4204039958766157 0.38555423125875016 0.44788140042237584 0.22903117862303968 0.34405596931363069 0.25217524066370145 0.3095278387149949 0.23016558259688683 0.22879922890537624 0.31522213699978507 0.3928675341208015 0.2346670942214209 0.17303796960564388 0.20919966409591015 0.001153895386621249 0.2004047977250886 0.19697856635317854 0.18505906748924769 0.47209920834247232 0.25978226750583427 0.28083203774812254 0.13369972398370392 0.024723871107928883 0.24759767484993067 0.12379307415796721 0.32875779611871775 0.047465640074476068 0.34197385699797594
leaf_weight=13884150.312155843 23565.270769119263 25743.85932302475 240125.91102457047 49606.557884931564 1013.2718749046326 734628.06099700928 164969.30302834511 52305.941329479218 29781.905323505402 19266.484635829926 159479.28138113022 1701.9786877632141 42582.814234495163 137340.18072092533 15420.832968711853 230476.03620314598 4858.135591506958 32959.502336740494 37026.393161296844 67059.858753919601 1052946.7049546242 9453.4268093109131 112852.55188918114 4554.5380394458771 3231.432648897171 93763.729905843735 72976.615667104721 105345.99741888046 852.95788812637329 128157.74760329723 147471.10213541985 180189.18924117088 7640.6885231733322 3861.103525519371 237833.96934366226 24875.067271471024 104105.50034141541 22894.657309770584 69163.361491680145 97587.248888969421 74981.794016599655 30184.181461334229 3951.2729256153107 120687.4963696003 93074.733180999756 76300.711555242538 92032.106859922409 44834.764198303223 202076.91285896301 81924.067671298981 2603.8141115903854 25965.727563858032 160815.78139543533 137381.94402909279 40726.797067642212 59228.385125160217 3214.7426109313965 5371.5423314571381 1865.854542016983 5573.9625113010406 113446.46118831635 11425.499847888947
leaf_count=8485338 7708 3242 113873 8522 187 410605 62361 11928 1068 2410 48939 283 10084 54947 6852 122814 2136 8053 3992 9878 621177 2480 5562 301 871 7393 6208 6895 266 58031 37482 60929 4296 1062 8459 1393 2329 3917 5165 13909 7539 5044 547 11612 4580 12412 20153 8152 100707 15234 596 5573 1891 18200 4917 16129 1131 896 380 445 46509 949
internal_value=-0.000189748 0.302255 -0.0440679 0.223082 0.39367 -0.0516694 0.0606516 0.181429 0.431302 0.278855 0.0935448 0.345896 0.157824 0.0322358 -0.0208291 -0.0222961 -0.0541166 0.123462 0.260703 0.216748 -0.0542052 0.0633407 0.409352 0.312505 0.232269 0.317465 0.321979 0.367593 0.206737 0.0227574 0.138538 0.0763991 0.0334694 0.0679671 0.411443 0.343884 0.457913 0.182553 0.339815 0.238913 0.297385 0.194777 0.305877 0.307341 0.377513 0.232224 0.176623 0.184884 -0.00902186 0.186819 0.098939 0.149976 0.462583 0.274858 0.26926 0.115472 0.128089 0.172835 0.254296 0.298004 0.0349557 0.294228
internal_weight=1.98215e+07 2.51133e+06 1.73102e+07 1.34579e+06 1.16555e+06 1.61387e+07 1.17149e+06 770417 651977 575370 542969 513569 461790 628524 1.18646e+06 1.16718e+06 1.49522e+07 197810 373754 308628 1.49371e+07 146794 357274 201615 11737.2 189878 244283 269286 241568 481730 259445 345158 15102.6 19281.9 350687 97851.7 294703 202344 70865.3 147194 96114.1 164414 8505.81 146431 198421 77153.7 179450 136867 432553 134230 7461.95 173437 264921 226561 189534 86008.4 62443.1 38331 21132.3 6587.23 241604 52152.3
internal_count=10506941 294340 10212601 235021 59319 9755583 457018 165091 19941 69930 181178 39378 110329 275840 642040 634126 9113543 57888 50489 54762 9106515 57427 14653 19441 1719 17722 22455 16923 44884 218413 68023 123290 7028 7914 14021 7601 5288 42306 5448 22431 10329 32206 848 14854 11475 12678 38389 28305 223521 27162 2732 43055 4220 28058 24066 24968 17260 8949 2790 632 104540 5866
is_linear=0
shrinkage=0.05


Tree=3
num_leaves=63
num_cat=0
split_feature=25 25 28 24 17 25 28 17 17 25 25 24 14 17 17 17 14 0 17 25 23 4 17 15 23 23 23 23 17 4 17 14 28 17 4 17 17 14 17 17 0 17 17 23 4 17 0 25 15 18 7 14 17 7 0 18 15 28 23 25 17 0
split_gain=8.75252e+07 7.12361e+06 5.6521e+06 1.12685e+06 864402 796293 417236 218238 210882 205448 171711 157739 143134 117720 104706 89427.8 92292.3 65218.2 56744.4 56611.1 55305.4 55010.5 53551.8 52839.3 46150.3 43552.7 43216 39130.5 39059.3 35410.5 35253.2 32085.7 31671.8 31019.4 30436.2 29264.1 28412 26248.8 27322.4 26110.2 24692.5 26360.4 22446.8 21646.3 21527.3 21341.4 21092.8 19850.2 18057.2 18055.5 17310.7 20017.2 17158.3 16015.3 15962.5 15898.8 15211.8 15200.2 14738.5 14238.2 14235.4 21490.4
threshold=11.916666507720949 81.500000000000014 4.3152360916137704 258.07142639160162 3.0091222578097763 35.383333206176765 1.0943948626518252 11.156411012650876 11.156411012650876 156.09999847412112 4.1833331584930429 521.96429443359386 0.37940952255126048 1.2338426626055223 22.908441690601954 7.6463065865194197 0.60355339059327384 19.500000000000004 0.87735797138260951 23.583333969116214 119.1428565979004 5.5000000000000009 22.908441690601954 17665.500000000004 56.928571701049812 80.214286804199233 177.92857360839847 11.357142925262453 31.691325979391426 3.5000000000000004 31.691325979391426 -0.60355339059327384 0.50571158528327953 45.358435227972414 3.5000000000000004 64.745858732170532 2.2227363125541677 0.37940952255126048 4.2287489252307369 31.691325979391426 19.500000000000004 22.908441690601954 0.30436202538835094 10.642857074737551 4.5000000000000009 0.87735797138260951 8.5000000000000018 53.549999237060554 17651.500000000004 501.00000000000006 1.0000000180025095e-35 -0.5 31.691325979391426 1.0000000180025095e-35 18.500000000000004 515.50000000000011 17668.500000000004 186.56235504150393 51.928571701049812 330.06666564941412 4.8757316192246076 8.5000000000000018
decision_type=2 2 2 2 2 2 2 2 2 2 2 2 2 2 2 2 2 2 2 2 2 2 2 2 2 2 2 2 2 2 2 2 2 2 2 2 2 2 2 2 2 2 2 2 2 2 2 2 2 2 2 2 2 2 2 2 2 2 2 2 2 2
left_child=2 5 6 9 10 7 15 19 17 20 18 33 22 42 24 32 23 27 -4 36 30 53 50 31 -7 29 34 48 44 40 60 -17 -1 55 47 -13 -2 38 -15 -25 41 -9 -8 -24 -11 -12 -37 -16 -6 -26 51 -10 -22 -14 -20 -5 -31 -36 -38 -35 -3 -62
right_child=1 3 4 11 8 14 13 25 12 28 45 35 21 37 26 16 -18 -19 54 -21 52 -23 43 39 49 -27 -28 -29 -30 56 -32 -33 -34 59 57 46 58 -39 -40 -41 -42 -43 -44 -45 -46 -47 -48 -49 -50 -51 -52 -53 -54 -55 -56 -57 -58 -59 -60 -61 61 -63
leaf_value=-0.054406739597309732 0.091385901914090975 0.17844850637615839 -0.010892204144751866 0.34908147827454261 0.065470043690721291 0.19611668006232491 -0.037983272314895934 0.15509198171549995 0.12908607843144712 0.33448012377996572 0.029676606382249299 0.40612341416826442 0.07062321715753811 0.010114676600404009 0.2151395582882778 -0.0092440438003629222 -0.042286241291527596 0.019797786767034052 0.026776309176026976 0.16092926352691242 0.29708668019325829 0.16731700137960273 0.18675406685892706 0.10263865233360168 0.23011859431750248 0.25040685833589182 0.33048628862687579 0.11528233974159324 0.36080295712338767 0.19128203341132199 0.29513887527309096 0.10573757258196503 -0.04399646036142757 0.38581345146435558 0.25912636455201798 0.47124647012412474 0.12454792418197597 -0.012404745736709759 0.061841221792004866 0.33510647863980086 0.12476976666151446 0.19784995325053631 -0.021715293666709327 0.2548888411202167 0.27065919000643585 0.058492714378198446 0.43758598896334794 0.25052909659401595 0.092777862511682199 0.30249498991862622 0.026287687507288576 0.18456177647814381 0.32757037517823595 -0.011315818813937534 -0.010414133406667581 0.39347942315318696 0.23560135371379248 0.30206508130222431 0.1747475305288852 0.4122214841997292 0.29283100202123558 0.24302485853036424
leaf_weight=13296003.954446554 69255.00315952301 5599.8262600898743 314944.86194252968 57611.920473575592 178419.79300224781 173349.89878225327 469592.7102919817 82659.88616168499 49546.508145809174 46648.939647197723 92099.86932528019 40299.959971427917 52615.203262090683 126740.17105460167 70607.659785747528 14233.278516292572 49590.079763889313 45178.33657181263 203311.91770803928 114532.47756230831 80272.53188419342 15427.658213496208 40119.882277607918 2382.9706062078476 126432.68727111816 23918.421722412109 17535.446567058563 76322.396267294884 207256.34027481079 142711.54407429695 133095.00644993782 10575.043398141861 773103.16022646427 94946.555589675903 109980.41188645363 86355.003237724304 189090.12681388855 97727.450157523155 31968.113603115082 2449.7985413074493 31229.100353956223 63928.131477594376 386631.64668858051 16433.716898918152 18440.699905157089 212516.04869353771 101048.4484872818 90328.234763860703 91627.542198300362 9248.8917720317841 3079.0900509357452 24206.747908949852 108706.81518745422 6725.5383186340332 33623.478511333466 31041.806234359741 22404.248095870018 25371.826197385788 15848.191378593445 110513.6877322197 33360.592462062836 61770.758250713348
leaf_count=8515322 20036 783 164845 2746 62160 25836 279832 15901 11401 2618 38678 1086 17778 60257 9153 7499 30034 20249 88582 22088 6023 4083 6892 785 15078 2740 1141 20948 9339 23602 10139 3654 474121 3357 11488 685 46354 52639 11654 193 7203 9822 213852 2015 1470 77541 1764 9328 27703 767 1005 4604 6603 3177 17504 1027 3037 2043 2863 2876 2632 6306
internal_value=-0.000296388 0.269848 -0.0422372 0.358008 0.0518812 0.192015 -0.0512179 0.157511 0.0979187 0.316322 0.0196466 0.41354 0.138584 -0.021737 0.233871 -0.0535364 -0.000565235 0.0763003 0.00301393 0.131406 0.294506 0.0832046 0.169626 0.0692345 0.213212 0.185172 0.254214 0.0836702 0.350191 0.180622 0.278248 0.0397692 -0.0538347 0.389351 0.2497 0.444784 0.119074 0.00798096 0.0205339 0.220485 0.165139 0.173739 -0.0306374 0.206554 0.316399 0.0497803 0.453097 0.235003 0.0747357 0.235052 0.142445 0.147294 0.314622 0.0613364 0.0214986 0.364628 0.197296 0.267175 0.12843 0.400018 0.255931 0.260491
internal_weight=1.93126e+07 2.5954e+06 1.67172e+07 1.21697e+06 1.4562e+06 1.37843e+06 1.5261e+07 755577 599702 695152 856496 521817 208154 1.11266e+06 622855 1.41483e+07 79231.2 391548 551880 388726 422806 74768.4 133386 29641.1 309031 366851 313824 346370 272346 342933 233826 24808.3 1.40691e+07 294114 296288 227703 274193 256436 158708 4832.77 177817 146588 856224 56553.6 65089.6 304616 187403 160936 270047 135682 76832.3 73753.3 188979 59340.7 236935 88653.7 165116 135352 204938 205460 100731 95131.4
internal_count=10506941 287934 10219007 59454 569165 228480 9649842 153646 182015 45913 387150 13541 50955 618234 74834 9031608 42165 131060 270931 91341 32486 25038 25917 12131 41681 62305 33153 110811 13427 59565 19860 11153 8989443 10006 32012 3535 69253 124550 71911 978 32926 25723 493684 8907 4088 116219 2449 18481 89863 15845 17010 16005 12626 20955 106086 3773 26639 13531 49217 6233 9721 8938
is_linear=0
shrinkage=0.05


Tree=4
num_leaves=63
num_cat=0
split_feature=16 16 16 25 16 16 16 24 23 24 24 16 7 16 23 17 25 18 16 23 16 18 27 25 18 7 0 7 16 28 20 9 18 15 24 5 3 19 24 27 16 14 23 14 17 5 7 27 27 0 17 5 18 3 17 17 14 0 18 14 15 0
split_gain=7.67202e+07 7.46344e+06 3.87693e+06 1.43965e+06 836122 326068 304553 287141 198741 173319 142321 90568.6 75554.6 75333.3 58863.6 53520.9 50769.7 47466.5 47205.9 46854.8 41273.8 38501.7 37770.4 37542.8 35586.6 35244.6 36051.1 32734.1 32693.2 26700.9 26591.9 25428.7 25169.1 24798.8 24573.3 24378.3 24312 23714.4 23474.5 21602.1 21134.7 20917.3 20677.7 20309.8 19869.9 18166.4 17929.7 17820.8 17277.1 16769.5 16669.7 16616.4 16604.3 16594.1 16241.2 16112.7 16830.8 15584.2 15386.4 15232.7 15200.9 15147.6
threshold=10.463048737314139 74.152533998400088 1.4899267061368937 280.64999389648443 29.514203874954408 0.30272260918674704 4.1144572661600529 149.10713958740237 733.42858886718761 98.178573608398452 28.035714149475101 169.12526006191953 1.0000000180025095e-35 49.095524060908325 22.785714149475101 45.358435227972414 14.316666603088381 162.50000000000003 16.498984524728971 17.785714149475101 169.12526006191953 6.5000000000000009 3.9986258745193486 53.549999237060554 42.500000000000007 1.0000000180025095e-35 17.500000000000004 1.0000000180025095e-35 0.77479153921102129 267.26188659667974 20.500000000000004 -0.8783796973249266 226.50000000000003 17670.500000000004 87.750000000000014 1.0000000180025095e-35 2.5000000000000004 132.50000000000003 433.10714721679693 3.8190526962280278 0.080657436048509848 -0.37940952255126015 101.28571701049806 -0.9159756150367534 7.6463065865194197 1.0000000180025095e-35 1.0000000180025095e-35 8.2350430488586444 34.521413803100593 13.500000000000002 1.7076607979833789 1.0000000180025095e-35 127.50000000000001 2.5000000000000004 45.358435227972414 22.908441690601954 -0.37940952255126015 14.500000000000002 49.500000000000007 -0.5 15990.500000000002 16.500000000000004
decision_type=2 2 2 2 2 2 2 2 2 2 2 2 2 2 2 2 2 2 2 2 2 2 2 2 2 2 2 2 2 2 2 2 2 2 2 2 2 2 2 2 2 2 2 2 2 2 2 2 2 2 2 2 2 2 2 2 2 2 2 2 2 2
left_child=2 4 5 7 10 21 14 11 15 13 18 17 52 24 22 30 35 34 47 28 27 40 -4 58 37 55 -27 32 -7 49 51 43 -9 -10 46 39 -21 60 59 -8 -1 57 -18 -15 -22 -20 -3 -2 -33 -14 -37 -5 -11 -23 -46 -13 -57 -29 -12 -17 -6 -51
right_child=1 3 6 8 9 19 16 20 33 12 23 25 29 31 -16 38 42 -19 45 36 44 53 -24 -25 -26 26 -28 41 -30 -31 -32 48 -34 -35 -36 50 -38 -39 -40 -41 -42 -43 -44 -45 54 -47 -48 -49 -50 61 -52 -53 -54 -55 -56 56 -58 -59 -60 -61 -62 -63
leaf_value=-0.055014586796808734 0.075026510842491123 0.23256769190151907 0.00028264124736905285 0.32584060331223319 0.094310005543115458 -0.03459555956931986 0.029987896588488813 0.27493847204532956 0.41101357440880798 0.20669981054534459 0.13885371100021485 0.23304506872636624 0.21370148026015998 0.28736613320347504 0.10645001561308341 0.32652994468803648 0.09325789870191159 0.28113480872006635 0.11477665586049624 0.21784096706753975 0.09156892577977005 0.073912405931109648 0.023849431995140523 0.2031766060452323 0.19785478933992207 0.26031283338067185 0.019016650845773916 0.31197125240164608 -0.017824585111379822 0.35428125392599608 0.3558868718676434 0.17115477737972304 0.31580992055782919 0.45145530755541813 0.25579113253034447 0.046386414906654426 0.016041156889413728 0.20341495303278725 0.39165598391131784 0.057162039939472158 -0.047937021230719377 0.10769217274310323 0.23196182938880613 0.2155940987752345 0.31167038033329164 0.14172911350945216 0.17742865213709902 0.10255693823470047 0.20212517779679973 0.31382988793430627 0.082990763206253398 0.25352863798729242 0.25208490327448535 -0.033671395204159245 0.34462232278219385 0.28947525699211524 0.33644227032052454 0.3889847478124136 0.1722409180336851 0.36915592833776734 0.15999653009210255 0.055670145114971994
leaf_weight=12117015.798723578 81996.347220182419 209777.78538060188 330842.89408540726 16767.758211612701 9076.9637532234192 746315.11825823784 99543.334049463272 105159.9679980278 66901.96865940094 62572.146158218384 138488.62702417374 6196.6998281478882 8391.5605201721191 13154.793503522873 17051.085010290146 25930.273603916168 87054.039453268051 80931.220491886139 196784.50723314285 2850.834210395813 854.38564538955688 8206.573289513588 349747.68279206753 35723.070928096771 88931.481345415115 6854.9939780235291 1999.5306251049042 11456.479271411896 475886.41479945183 15933.609219074249 32432.958156108856 57218.881879329681 58706.182653427124 87536.719951629639 132971.18922805786 42330.635314583778 3132.5328483581543 31800.450096607208 115875.70148658752 275687.23437321186 1155393.9979768991 874.86811542510986 2772.5627188682556 39339.080931901932 56899.796332359314 91638.52316069603 15860.591204881668 207650.29179787636 211550.53417253494 13513.696051120758 117278.43420946598 15104.860640048981 29734.25373840332 6363.3850765228271 109188.57644271851 32787.669486999512 45642.022849082947 15412.235117912292 45965.503543615341 109566.62651157379 297740.82050585747 593.24528789520264
leaf_count=8170089 23549 17475 164364 644 1820 452952 38768 5954 1124 5733 23755 449 705 933 4627 973 21785 5032 41856 475 102 3066 149907 4005 10260 441 382 517 264529 566 1022 7394 2654 777 9114 15342 1214 3654 2453 92060 752404 84 319 3941 2469 16648 1817 49854 21986 691 36707 838 2201 3750 3789 1759 1892 396 6524 3071 43188 92
internal_value=-0.000405534 0.229686 -0.0445642 0.316656 0.159102 -0.0520309 0.0373983 0.279324 0.387457 0.192728 0.122051 0.256052 0.245847 0.183454 0.0146922 0.364718 0.0627571 0.246546 0.109022 -0.0273822 0.313921 -0.0543093 0.0123934 0.15626 0.169706 0.300744 0.205825 0.298085 -0.0280655 0.304755 0.32401 0.201749 0.289581 0.433936 0.23874 0.0569153 0.112194 0.162313 0.375131 0.0499531 -0.0543985 0.348314 0.0975394 0.233581 0.332096 0.12334 0.228692 0.0947634 0.195532 0.269678 0.0732828 0.291572 0.22132 0.0269253 0.333334 0.310675 0.316808 0.356149 0.147174 0.360999 0.158053 0.302974
internal_weight=1.8877e+07 3.03949e+06 1.58375e+07 1.36169e+06 1.6778e+06 1.45152e+07 1.32231e+06 891574 470117 879552 798247 533022 130739 748813 697642 315678 624666 439541 578070 1.22818e+06 358552 1.3287e+07 680591 220177 427550 93480.9 8854.52 191610 1.2222e+06 38432.1 64305.6 321263 163866 154439 358610 534840 5983.37 338618 251373 375231 1.32724e+07 27743.6 89826.6 52493.9 166943 288423 225638 289647 268769 22498.5 159609 31872.6 92306.4 14570 166088 84626.4 78429.7 26868.7 184454 135497 306818 14106.9
internal_count=10506941 334583 10172358 65228 269355 9648479 523879 54326 10902 103164 166191 38361 9988 93176 318898 9001 204981 33438 131907 719170 15965 8929309 314271 34284 58922 4923 823 9605 717481 2054 2504 34254 8608 1901 28406 182877 1689 48662 6497 130828 8922493 997 22104 4874 6360 58504 19292 73403 29380 1488 52049 1482 7934 6816 6258 4100 3651 913 30279 4044 45008 783
is_linear=0
shrinkage=0.05


Tree=5
num_leaves=63
num_cat=0
split_feature=16 25 16 16 24 16 16 16 16 23 16 23 17 26 23 27 24 17 17 24 23 23 27 23 4 17 17 25 23 0 0 17 27 23 23 4 23 16 4 24 4 17 20 19 15 23 16 19 7 12 24 23 17 7 0 4 14 0 17 20 12 13
split_gain=6.51817e+07 6.53867e+06 3.69829e+06 1.20421e+06 912612 319948 265007 206871 180298 171631 169426 68078.1 57633.8 56255.8 53453.1 49687.4 49332.1 45426.1 43309.1 41790 39749.6 36832.2 34784.6 34063.3 29266.8 44091.2 28926.5 26678 25824.1 25347 25271.4 25066.7 24304.2 24208.1 24073.9 23344.3 22163.3 21160.4 20569.3 20445.9 20096.6 19541.2 19157.1 17775.7 17722.6 17321.6 17060.2 16373 15501.7 15229.5 14969.7 14619.8 14321.4 14295.8 26038.8 14158.7 14078 13890.7 13871.4 13740.5 13615.2 14256.2
threshold=10.463048737314139 116.84999847412111 1.2487494889738597 41.32358243625081 385.25000000000006 3.775357903800129 0.26652031623110373 169.12526006191953 21.099515123034866 921.64285278320324 74.152533998400088 16.642856597900394 45.358435227972414 85.068874359130874 27.928571701049808 4.2662096023559579 12.178571701049806 31.691325979391426 22.908441690601954 41.107143402099616 18.071428298950199 3.5000000000000004 229.78151702880862 33.928571701049812 4.5000000000000009 17.795505150693206 4.8757316192246076 172.05000305175784 143.92857360839847 8.5000000000000018 8.5000000000000018 64.745858732170532 2.6690098047256474 525.07144165039074 110.35714340209962 3.5000000000000004 63.642858505249031 6.8447148547556598 4.5000000000000009 44.750000000000007 3.5000000000000004 4.8757316192246076 1224.5000000000002 109.50000000000001 17656.500000000004 279.92857360839849 0.072637180158366607 49.500000000000007 1.0000000180025095e-35 0.25000000000000017 41.107143402099616 190.57143402099612 4.8757316192246076 1.0000000180025095e-35 17.500000000000004 2.5000000000000004 -0.5 16.500000000000004 64.745858732170532 88.500000000000014 1.0000000180025095e-35 -0.98296291314453399
decision_type=2 2 2 2 2 2 2 2 2 2 2 2 2 2 2 2 2 2 2 2 2 2 2 2 2 2 2 2 2 2 2 2 2 2 2 2 2 2 2 2 2 2 2 2 2 2 2 2 2 2 2 2 2 2 2 2 2 2 2 2 2 2
left_child=2 3 6 8 7 15 21 13 11 12 19 40 24 42 38 -4 37 29 47 44 32 46 53 -17 -6 -26 -15 59 35 52 31 -11 -8 -14 -16 -19 -13 -7 60 -18 -2 -42 -3 51 -5 55 -1 -9 -29 -23 -31 -21 -12 -20 -55 -24 -30 -36 -37 -28 61 -10
right_child=1 4 5 10 9 16 20 18 14 30 17 36 33 26 34 23 39 28 22 43 -22 49 45 -25 25 -27 27 48 56 50 -32 -33 -34 -35 57 58 -38 -39 -40 -41 41 -43 -44 -45 -46 -47 -48 -49 -50 -51 -52 -53 -54 54 -56 -57 -58 -59 -60 -61 -62 -63
leaf_value=-0.055003643562873607 0.073381645545953875 0.1954438524208745 -0.0033825046179570663 0.13986165031172085 0.32038841024064107 0.041095643929414387 -0.034248040349657956 0.19717827880085581 0.17647458975211835 0.34293774096320684 0.097502491629193874 0.1122944911267439 0.33552020607676231 0.12199602866586837 0.14806420341753512 0.019911120027402435 0.075096775524364778 0.20522306321941808 0.27688731044569809 0.1759461877453122 0.11140431880744057 -0.037422461662491871 0.31411964119345226 0.12763352014896259 0.014315375020869351 0.2667351532145037 0.23067763138688729 0.26286507791278663 0.230471332334764 0.15328205044940735 0.3861487555262571 0.44372606040440604 -0.017561979411290212 0.3701196462535512 0.21694720517705837 0.22502058673551809 0.15497269925267565 0.061492539413798092 0.14168874268334775 0.14328417448430442 0.070894015152430656 0.10851242236567799 0.30717438679648551 0.20535952906179086 0.16784655793322439 0.32422228773384215 -0.048569582547392499 0.28733973040839506 0.30574631132111763 0.076378555389526426 0.1927215798515467 0.23444937698638252 0.2236897290125385 0.24876479422893349 0.0079102384557150542 0.28329813004809534 0.28396244483772193 0.14804209850275993 0.26486644580371582 0.26018609119980945 0.10159275775240401 0.12033089487738038
leaf_weight=11417954.199367166 196436.85701394081 63067.790506362915 401536.33139133453 87164.855181932449 26234.788055419922 354874.59573853016 880337.84433245659 14168.956013202667 12724.860110998154 6796.2590522766113 2330.583767414093 193576.44830298424 95131.516123771667 4172.4465126991272 226534.10885453224 356187.04017114639 142753.57735562325 120427.24978065491 56039.925351142883 241075.89254522324 4983.0736685991287 4822.2234185934067 73202.726467609406 7492.9229440689087 2005.529899597168 12594.565037727356 108136.94952583313 106815.58455848694 22336.20149230957 35214.509959459305 42745.522268295288 67102.915204048157 290160.64779746532 107949.9474773407 21843.558681964874 67426.961935281754 36093.821062326431 198162.57598185539 103884.75553035736 11911.102688789368 49533.595341682434 113920.50360798836 4085.3475332260132 81820.201577663422 161245.96348762512 115508.45854759216 1132482.7738622427 7813.3191304206848 26264.963676929474 7531.0960105657578 75984.630668640137 11175.260070800781 64124.349301338196 5754.0406713485718 1394.0657014846802 75941.446936130524 27392.237752199173 10998.650806903839 32318.797030448914 62131.757299900055 104217.77898383141 101529.84293460846
leaf_count=8089141 48366 4310 204109 10985 735 127331 549798 834 1767 143 252 35694 2238 424 28738 153091 37311 8520 2170 22304 1260 3020 2250 1566 163 469 6086 4685 1264 3454 624 451 167025 1892 1767 4470 4558 60126 14574 1839 12851 23128 160 6526 17309 3232 773907 303 897 2834 5644 717 4395 265 191 2739 1207 1173 1760 3055 18281 16563
internal_value=-0.000514537 0.201414 -0.0441413 0.151899 0.301869 0.0311535 -0.0522139 0.26952 0.117219 0.366869 0.191334 0.0977328 0.343013 0.243703 0.136968 0.00874295 0.0553854 0.214468 0.297171 0.173558 -0.0295117 -0.0543381 0.301726 0.0221306 0.288809 0.232062 0.252757 0.254555 0.227392 0.194833 0.416755 0.434457 -0.0301117 0.353912 0.153864 0.220041 0.119002 0.0484042 0.123372 0.0803482 0.0841597 0.0971125 0.202242 0.185107 0.158027 0.309685 -0.0544231 0.229226 0.271328 0.031955 0.180232 0.178538 0.219265 0.268393 0.201793 0.298426 0.259937 0.193872 0.237931 0.241446 0.114663 0.126584
internal_weight=1.84976e+07 3.28639e+06 1.52112e+07 2.20133e+06 1.08506e+06 1.47292e+06 1.37383e+07 724498 1.17129e+06 360561 1.03004e+06 589561 243916 374675 581734 765216 707702 447556 349823 582482 1.17548e+06 1.25628e+07 327841 363680 40834.9 14600.1 307522 303349 269901 177654 116645 73899.2 1.1705e+06 203081 259376 220173 229670 553037 322357 154665 359891 163454 67153.1 334071 248411 264653 1.25504e+07 21982.3 133081 12353.3 111199 252251 66454.9 63188 7148.11 149144 49728.4 32842.2 99745.8 170269 218472 114255
internal_count=10506941 334583 10172358 296267 38316 585373 9586985 31601 207460 6715 88807 124597 5497 19617 82863 358766 226607 30966 11984 57841 718083 8868902 10847 154657 1367 632 15147 14723 17221 13745 1218 594 716823 4130 31678 14750 40252 187457 51185 39150 84345 35979 4470 29547 28294 8221 8863048 1137 5582 5854 9098 23021 4647 2626 456 4989 2471 2940 6230 9141 36611 18330
is_linear=0
shrinkage=0.05


Tree=6
num_leaves=63
num_cat=0
split_feature=28 24 28 24 28 24 28 28 18 28 24 15 24 18 15 19 9 15 28 15 23 18 15 14 15 23 28 20 11 28 0 18 28 13 26 14 14 15 14 18 19 15 26 0 9 20 4 26 10 19 28 1 15 15 15 18 3 24 14 20 21 0
split_gain=5.3822e+07 6.35963e+06 2.46029e+06 1.14053e+06 958465 241058 200881 178474 172374 156663 135300 102900 98524.9 85652.9 79674.1 60029.7 54222.6 48578.5 42126.3 37500.6 36670.4 35358.3 33639.3 76974.8 29308.5 28925 29592.8 27818.5 26714 25594.4 24980.9 22349.2 23527.2 22126.9 21781.4 21256.2 19998 22504.8 19798.1 19752.5 19085.5 18665.8 18530.9 18501.7 17285.6 17277.6 16818.6 19640.6 16440.3 19916 16304.4 16267.7 16033.1 20376.1 15961.3 15961.2 15714.4 15606.9 15148.6 14681.3 14653.5 17073.9
threshold=17.475368499755863 101.35714340209962 2.6528015136718754 433.10714721679693 63.766807556152351 175.82143402099612 0.7291143834590913 6.2495057582855233 2003.0000000000002 169.07025909423831 16.964285850524906 17663.500000000004 52.535715103149421 536.50000000000011 17651.500000000004 980.50000000000011 1.0000000180025095e-35 17629.500000000004 302.73780822753912 17668.500000000004 8.6428570747375506 53.500000000000007 17656.500000000004 1.0000000180025095e-35 17570.000000000004 254.07142639160159 576.37683105468761 302.50000000000006 0.68301270189221941 38.725172042846687 11.500000000000002 193.50000000000003 267.26188659667974 -0.78656609248549292 17.004200935363773 1.0000000180025095e-35 0.25881904510252057 17656.500000000004 1.0000000180025095e-35 124.50000000000001 71.500000000000014 17670.500000000004 10.21552896499634 8.5000000000000018 -0.8783796973249266 88.500000000000014 5.5000000000000009 684.49328613281261 -0.56174490092936669 278.50000000000006 13.715185642242433 1386.5000000000002 16240.000000000002 15772.000000000002 15446.000000000002 93.500000000000014 2.5000000000000004 655.00000000000011 -0.60355339059327384 32.500000000000007 116.50000000000001 8.5000000000000018
decision_type=2 2 2 2 2 2 2 2 2 2 2 2 2 2 2 2 2 2 2 2 2 2 2 2 2 2 2 2 2 2 2 2 2 2 2 2 2 2 2 2 2 2 2 2 2 2 2 2 2 2 2 2 2 2 2 2 2 2 2 2 2 2
left_child=2 4 6 5 10 31 22 17 15 12 11 29 19 25 20 46 48 52 -11 34 50 40 54 30 -8 26 27 -7 60 42 -24 32 -3 -25 -6 -13 37 -19 -16 59 -12 58 -2 -10 -21 -27 47 -5 -15 -50 -9 -32 53 -4 -1 -30 -23 -17 -34 -14 -20 -62
right_child=1 3 7 8 9 13 24 14 43 18 21 35 39 16 38 57 -18 36 28 44 -22 56 23 33 -26 45 -28 -29 55 -31 51 -33 41 -35 -36 -37 -38 -39 -40 -41 -42 -43 -44 -45 -46 -47 -48 -49 49 -51 -52 -53 -54 -55 -56 -57 -58 -59 -60 -61 61 -63
leaf_value=-0.055035826435257465 0.048179696916717356 0.18455743954371984 -0.015769948566117627 0.28787244519920557 0.1084735252609605 0.20293740320853795 -0.035637258442446654 0.015633971300528203 0.42374607721865776 0.16767528951288127 0.094621819735657517 0.12674358785833287 0.14402783545947148 0.28918217489705661 0.082186644315904542 0.32244491575578393 0.31638640497747772 0.024055340447425896 0.23858892857033853 0.20322988003958789 0.051583807333417102 0.17051844838115141 0.018732614959725669 0.10210444119700211 -0.016456140263162094 0.24199375896075176 0.27081350161082507 0.24209781569138145 0.15006892067687647 0.083336578883145107 0.17857919364635505 0.21996974061028146 0.15920260958294452 -0.047620863869547808 0.12937188749304393 0.08585121171335007 -0.0001405660183881976 0.083340714318817843 0.046174597498850591 0.17782348217614019 0.12544123271669314 0.25956826760792556 0.068497110949976681 0.36971991234502333 0.1458428939752511 0.27207403904838179 0.25441668936574219 0.32642360591307162 0.20666925969875544 0.28229854557383477 0.038075127606264442 -0.0083325521527804116 -0.015295731272903713 0.022331475521976649 -0.050957109820972513 0.24868246523813553 0.12329626780104586 0.363060272724547 0.21273267891125563 0.16785856729005857 0.25167444067048184 0.12747587542032426
leaf_weight=8440113.8620479107 231019.12615740299 209339.47913956642 65538.631945490837 78281.871384620667 206629.45878183842 106232.3592247963 765572.74197435379 420919.29762876034 47015.56555557251 238015.40755176544 279010.09771108627 87230.922318577766 195927.72425484657 18900.732385635376 83107.129565000534 38265.237794876099 70003.068430900574 68412.641098380089 49159.095423698425 15899.732142210007 111145.67245483398 22346.998981714249 9548.8622288703918 2533.6269286870956 269175.73620784283 122168.50640487671 33360.093290328979 79144.464341163635 23029.57336473465 128748.78287053108 5868.0168143510818 117826.79529619217 15777.744037151337 94501.518557310104 314417.33342766762 49994.69736790657 56213.413556575775 20897.085224628448 70578.198279619217 98052.414482831955 61266.801966547966 17933.409291744232 218263.0783662796 23919.63005065918 75145.145598649979 78381.515847206116 19447.487913131714 57188.98033618927 25670.419125556946 13174.260915279388 100207.78075611591 1452.1169382333755 355100.2511330843 75526.802834868431 3351021.3510919809 4993.4917578697205 83274.080538034439 62000.801281929016 81495.113937854767 96456.861353874207 4550.1027321815491 7063.7765264511108
leaf_count=6279526 70496 12710 36882 1727 30393 4700 499747 179480 301 18129 49372 12583 17973 506 18940 697 1614 27852 2322 1225 36511 2596 4818 748 156435 4217 978 2869 1586 27568 923 5695 965 67324 37427 11732 29242 5467 25320 7302 8938 643 56298 292 7494 2260 532 973 1007 366 35847 817 197872 31563 2440475 213 11223 766 3861 7967 187 449
internal_value=-0.000619078 0.166561 -0.0449062 0.25549 0.119587 0.228762 -0.0517788 0.017385 0.336581 0.148577 0.0863987 0.0729227 0.138777 0.250956 0.0333588 0.317415 0.2868 -0.00218027 0.17864 0.126258 0.0255102 0.108015 -0.0536154 -0.0265735 -0.0306476 0.240034 0.227459 0.219657 0.208031 0.0636823 0.0720074 0.201317 0.194545 -0.0437113 0.121084 0.111846 0.0232222 0.0379273 0.0656486 0.158403 0.100171 0.212693 0.05805 0.405529 0.155865 0.25375 0.297904 0.304147 0.250932 0.23232 0.0199492 0.141501 -0.00963072 0.00462962 -0.0538767 0.167642 0.133288 0.34756 0.20405 0.15189 0.226655 0.176137
internal_weight=1.81735e+07 3.80602e+06 1.43674e+07 1.31553e+06 2.49049e+06 989408 1.29398e+07 1.42765e+06 326120 1.32934e+06 1.16115e+06 715257 1.00253e+06 547035 785958 255184 127748 641689 326811 612092 632273 445898 1.1905e+07 113904 1.03475e+06 419287 218737 185377 88796 578031 16869 442373 324546 97035.1 521047 137226 145523 89309.7 153685 390437 340277 115206 449282 70935.2 91044.9 200550 154918 135471 57745.4 38844.7 521127 7320.13 496166 141065 1.17911e+07 28023.1 105621 100266 97272.9 292385 60773 11613.9
internal_count=10506941 431152 10075789 47679 383473 42391 9450813 624976 5288 132667 250806 178677 109781 18517 296098 4695 3493 328878 22886 76539 251838 72129 8794631 74630 656182 15024 8547 7569 4757 154362 6558 23874 18179 68072 67820 24315 62561 33319 44260 33242 58310 5469 126794 593 8719 6477 3232 2700 1879 1373 215327 1740 266317 68445 8720001 1799 13819 1463 4826 25940 2958 636
is_linear=0
shrinkage=0.05


Tree=7
num_leaves=63
num_cat=0
split_feature=16 16 16 25 16 16 16 26 25 16 25 0 17 17 7 14 0 17 14 19 19 26 7 0 1 26 27 24 25 9 17 16 24 0 11 3 17 17 3 26 27 5 27 9 17 5 25 16 20 3 17 24 0 5 24 27 19 16 24 17 0 27
split_gain=4.77839e+07 4.93997e+06 2.51679e+06 947684 817579 205510 196222 190006 165540 126975 116656 62471.5 63305.8 57214.9 48359.8 81608.5 48257.6 42825.6 44562.7 40804.2 39547.8 37719.2 36298.7 45929.6 36025.3 32609.4 30714.5 29568.6 27965.3 27822.5 29463.2 26517.7 25324.7 25242.1 24807.2 23135.7 22996.6 22707.8 21809.6 20431.7 24242.8 20291.3 19282 19140.4 17378.4 17314.4 17075.9 16705.8 16267.9 15775.4 15661.3 15565.1 15075.2 15051.2 15026.9 14823.7 14662 14308.8 14017.9 14008 13962.7 13799.2
threshold=7.5862044875202779 104.63966278265704 0.97012440450531112 401.41667175292974 34.583243786156963 2.7758645795413179 0.23634902075416547 938.16354370117199 193.41666412353518 18.396661869876159 69.800003051757827 8.5000000000000018 64.745858732170532 17.795505150693206 1.0000000180025095e-35 -0.37940952255126015 14.500000000000002 31.691325979391426 -0.5 495.50000000000006 980.50000000000011 25.55013465881348 1.0000000180025095e-35 17.500000000000004 1124.5000000000002 3.0315696001052861 3.1813323497772221 8.8214282989501971 57.266666412353523 -0.60785761079279388 22.908441690601954 74.152533998400088 10.107142925262453 8.5000000000000018 0.68301270189221941 2.5000000000000004 45.358435227972414 4.8757316192246076 3.5000000000000004 208.25608062744143 715.47216796875011 1.0000000180025095e-35 715.47216796875011 -1.0000000180025095e-35 64.745858732170532 1.0000000180025095e-35 39.266666412353523 49.095524060908325 1170.0000000000002 2.5000000000000004 5.639253746689902 44.750000000000007 8.5000000000000018 1.0000000180025095e-35 16.392857551574711 1.5837312936782839 580.50000000000011 0.061819055757316825 13.321428298950197 3.0091222578097763 9.5000000000000018 17.53912448883057
decision_type=2 2 2 2 2 2 2 2 2 2 2 2 2 2 2 2 2 2 2 2 2 2 2 2 2 2 2 2 2 2 2 2 2 2 2 2 2 2 2 2 2 2 2 2 2 2 2 2 2 2 2 2 2 2 2 2 2 2 2 2 2 2
left_child=2 4 6 8 9 26 25 20 17 21 29 12 -9 50 31 16 -16 33 34 39 36 53 24 -24 -20 57 -4 55 43 30 -6 -12 45 37 44 -27 52 -3 -36 40 -15 -41 56 -11 -19 -7 -23 60 58 -29 -10 -34 -5 -2 -28 -8 -33 -1 -38 -47 -31 -49
right_child=1 3 5 7 10 32 27 11 13 28 14 -13 -14 19 15 -17 -18 18 22 -21 -22 46 23 -25 -26 35 54 49 -30 47 -32 42 51 -35 38 -37 48 -39 -40 41 -42 -43 -44 -45 -46 59 -48 61 -50 -51 -52 -53 -54 -55 -56 -57 -58 -59 -60 -61 -62 -63
leaf_value=-0.055033004271518304 0.056430604035866055 0.071039885278203999 -0.011825690252540405 0.22994819381627085 0.1230716600646653 0.025156337669162795 -0.036569052377123622 0.23016243246299736 0.00259992720536119 0.10754768948783462 0.13817575565074222 0.30558040224941374 0.38739429311003348 0.19346342220519219 0.17158320861104431 0.031999893029185177 0.25048496240508256 0.14229318846660008 0.20466035023822174 0.25519014084527353 0.30117435529661341 0.081083786095894464 0.19211606960997374 0.0075950325750738972 0.26053366463218591 0.044781815406989861 0.006711920150671867 0.16268287309108595 0.13311780824297434 0.13226194193172233 0.15781744234801737 0.16130932805672513 0.050029750887333684 0.14230997730613953 0.23083519535590089 -0.039314914485419745 0.4062979030555382 0.18798188746675482 0.15116061911153139 0.23763731477377578 0.2902525987839768 0.2015390630015168 0.046281313918258793 0.089010488701707524 0.17901625790548464 0.032293072988995412 0.121943676917115 0.10373304294072383 0.29672563759496717 0.0076635569745683576 0.16215974785882564 0.12216506693576656 0.13148606029662774 0.075502583785533456 0.066073092526674745 -0.023915143613092594 0.2128815085580146 -0.049031891762410032 0.25146956066709542 0.061213408052714982 0.10408950534947062 0.13288645017049885
leaf_weight=10187440.079808474 338346.0443983078 4380.5743269920349 379219.15371763706 17336.983585357666 116625.52451229095 411023.9476377964 674161.47796058655 7042.3233661651611 1647.8614025115967 258475.66140890121 211272.35468244553 61380.301872253418 70462.064479827881 86190.055551052094 43369.448800086975 7295.068030834198 35036.309394836426 53975.010600090027 164835.13346290588 115035.83564662933 65364.903928756714 257178.98037934303 11096.404679775238 4844.9311900138855 34973.079535484314 13706.77128970623 353306.41702675819 2833.3102003335953 61352.61270570755 58249.091851472855 127959.06095504761 202972.60208511353 140785.82952332497 77791.427052497864 30203.769304275513 20276.196487545967 1483.2416954040527 79381.807366847992 12004.061290740967 159726.52589988708 6995.1387729644775 51485.337244033813 3486.2472372055054 301925.69863677025 79933.511612892151 103636.3185788393 28393.985786437988 47766.46523141861 27772.960933685303 3900.3787134885788 23055.103328704834 7897.7435781955719 5012.0602140426636 149010.6200709343 10992.832627177238 352445.96749317646 14787.440256118774 1100635.9404563904 103013.08286190033 70256.536421775818 179593.21664857864 270304.58676147461
leaf_count=7961314 81953 383 209983 458 11082 152540 458021 146 157 33422 14428 830 457 3002 2245 680 1007 2908 6382 2630 943 46047 491 639 1112 6289 163194 413 5159 5873 9847 10801 37419 4526 1076 13874 15 3671 574 4040 139 1555 173 44813 3451 38461 3016 4920 446 1668 941 1025 185 32483 2785 218910 558 825238 2125 22104 20035 21879
internal_value=-0.000713622 0.149884 -0.0450227 0.227796 0.110936 0.01666 -0.052397 0.297476 0.202729 0.0842481 0.139162 0.343264 0.373108 0.225466 0.157645 0.191959 0.206841 0.184482 0.193413 0.229821 0.268567 0.0707171 0.208647 0.136037 0.21444 -0.0543006 -0.00186521 -0.0315398 0.101069 0.127196 0.14125 0.150845 0.0354356 0.162819 0.17475 -0.00539496 0.254782 0.181866 0.208176 0.220233 0.200729 0.228838 0.162944 0.0975605 0.164214 0.0307518 0.0851465 0.121013 0.262709 0.0728927 0.151516 0.0538615 0.207868 0.0622619 0.00850319 -0.0322248 0.164812 -0.0544479 0.253668 0.0439776 0.110989 0.128508
internal_weight=1.79023e+07 4.06982e+06 1.38325e+07 1.35642e+06 2.7134e+06 1.47712e+06 1.23554e+07 358868 997556 1.39468e+06 1.31872e+06 138885 77504.4 444136 518219 85700.8 78405.8 553420 391866 419433 219983 772930 215750 15941.3 199808 1.13221e+07 743518 1.03334e+06 621754 800498 244585 432519 733600 161554 176116 33983 154618 83762.4 42207.8 304397 93185.2 211212 221246 560401 133909 584917 285573 555913 132269 6733.69 24703 148684 22349 487357 364299 1.02661e+06 217760 1.12881e+07 104496 173893 237842 318071
internal_count=10506941 393703 10113238 43282 350421 627511 9485727 5605 37677 246893 103528 1433 603 12464 29892 3932 3252 25213 16633 11366 4172 163499 8624 1130 7494 8806715 375962 679012 83394 73636 20929 25960 251549 8580 8009 20163 3229 4054 1650 8736 3141 5595 11532 78235 6359 213105 49063 52707 2586 2081 1098 38444 643 114436 165979 676931 11359 8786552 2140 60565 25908 26799
is_linear=0
shrinkage=0.05


Tree=8
num_leaves=63
num_cat=0
split_feature=16 16 16 23 16 16 16 18 25 16 16 17 14 18 18 17 16 20 7 14 9 23 4 20 23 18 18 18 23 25 18 27 20 26 17 4 23 15 17 16 18 19 17 4 19 4 11 25 18 11 24 4 16 19 26 4 17 23 17 16 14 14
split_gain=4.11534e+07 4.1367e+06 2.01468e+06 836822 759723 179034 174173 163894 146997 141645 69020.5 64961.2 73255 57904.8 50110.6 49086.2 41114.6 40274.1 39652.2 46128.5 34436.8 33074.3 32605.2 31160.1 29031.5 28896.2 28542.4 28285.8 28027.9 21789.4 21456.9 21131.1 20843.4 20824.8 20816.5 21323.7 20561.9 19807 19515.9 18515.1 18130.6 17000.5 16868.8 16139.1 15895 15567.2 15276 15184.3 15156.8 17900.2 15089.7 14976.3 14741.2 14623.8 16439.3 14189.8 13732.3 13641.7 13228.6 12853.2 19732.4 12655
threshold=6.2424069572543077 104.63966278265704 0.77479153921102129 525.07144165039074 24.756485567090731 2.4110040497137275 169.12526006191953 2003.0000000000002 62.766666412353523 0.1686974195828915 14.623908749753113 45.358435227972414 -0.5 297.50000000000006 228.50000000000003 64.745858732170532 41.32358243625081 1110.5000000000002 1.0000000180025095e-35 -0.12940952255126037 1.0000000180025095e-35 9.9285712242126483 4.5000000000000009 169.50000000000003 6.6428573131561288 682.50000000000011 5.5000000000000009 10.500000000000002 8.6428570747375506 520.78332519531261 41.500000000000007 13.361519813537599 768.50000000000011 581.90957641601574 17.795505150693206 4.5000000000000009 279.92857360839849 17651.500000000004 45.358435227972414 1.4036775225111506 1527.0000000000002 240.50000000000003 4.8757316192246076 4.5000000000000009 327.00000000000006 4.5000000000000009 0.68301270189221941 520.78332519531261 41.500000000000007 0.68301270189221941 43.678571701049812 4.5000000000000009 4.5199638312376917 1892.5000000000002 241.67161560058597 5.5000000000000009 1.8527863777089786 162.78571319580081 31.691325979391426 169.12526006191953 -0.5 -0.12940952255126037
decision_type=2 2 2 2 2 2 2 2 2 2 2 2 2 2 2 2 2 2 2 2 2 2 2 2 2 2 2 2 2 2 2 2 2 2 2 2 2 2 2 2 2 2 2 2 2 2 2 2 2 2 2 2 2 2 2 2 2 2 2 2 2 2
left_child=2 4 9 6 10 24 14 17 16 26 28 22 25 23 42 45 31 38 29 -20 -15 -11 57 34 39 -13 -1 52 -2 -14 55 -6 44 51 -10 -36 -22 58 40 -4 41 -5 -3 -33 -24 -9 -30 -17 -39 -50 -29 -25 -7 54 -44 -12 -57 -8 -18 60 -40 -59
right_child=1 3 5 7 8 27 11 15 13 21 30 12 18 20 -16 47 37 -19 19 -21 36 -23 32 33 -26 -27 -28 50 46 -31 -32 43 -34 -35 35 -37 -38 48 59 -41 -42 -43 53 -45 -46 -47 -48 -49 49 -51 -52 -53 -54 -55 -56 56 -58 61 -60 -61 -62 -63
leaf_value=-0.054542126046636122 0.047146902680469782 0.041706171523797117 -0.017443533923541275 0.14372106106078725 0.072381036949339547 0.017839210269346113 0.1629340469400061 0.26473918619004977 0.10553769566817564 -0.036049297391725049 0.071320991522493118 0.15985762812271531 0.21619605186502189 0.14365420047758537 0.18519120218946594 0.27592271818088476 0.091176344102348705 0.28554134571231898 0.18718859677703653 -0.00014673261581022435 0.1804157569627631 0.07204883914419298 0.11782029984830976 0.13428861953997995 0.024291247512874072 0.23331014622168583 0.027174101364012299 0.051476603803029167 0.059912350102620388 0.25274947311881818 0.10281410833479487 0.092741842359745641 0.22738192600618681 0.25139925726944023 0.12125846936161702 0.14979481391801419 0.25444089437230383 0.11575352048299506 0.23138122800379529 -0.0016233650204631632 0.30289200281985879 0.23083712600496498 0.14371763829097184 0.11378112792268856 0.20199967823808179 0.10433584584784217 0.084357127379077787 0.35399872270221855 0.12436617663189738 0.17685109740476337 0.18181260085600126 0.1703522683519933 0.03392216306155834 -0.055543355299639718 0.16578595284927786 0.024092261305167072 0.1017783562911532 0.20570606642315498 0.11875613993884343 0.24920870827606922 0.077469398499891651 0.15351642092304005
leaf_weight=10547203.380885482 407729.73327326775 3641.6626896858215 396140.00990366936 12849.590932846069 86713.243166208267 390292.6859408617 45957.52833366394 3791.5067501068115 128742.92127180099 1057754.3072915077 385082.25808215141 93720.612616539001 278850.45745277405 54817.605375766754 123365.60604524612 6907.5992870330811 124035.23480081558 59206.630861282349 16695.464252471924 4091.1963586807251 30865.158821105957 7123.640683889389 43745.80303812027 88025.993096828461 67067.987894296646 15622.443860054016 10696.685672163963 78634.212428927422 215552.37812209129 47757.25274848938 82882.46506524086 283618.76852107048 5978.162055015564 4868.9083194732666 231924.77020549774 91216.844493865967 13479.173002243042 337937.89546585083 8460.2013301849365 346906.57569599152 3569.7199287414551 9928.3871793746948 285493.09119844437 134327.21724462509 6432.7594776153564 2517.0604839324951 90851.120178222656 63484.560541152954 53227.937338352203 23383.774248123169 2285.1986749172211 42783.068458557129 224390.4510474205 865.08654594421387 119816.46181583405 6210.9635665416718 67653.035326957703 68874.497002601624 66950.584129333496 133807.83336830139 2762.736665725708 13974.587651252747
leaf_count=8632383 105181 329 236411 354 12313 155488 1671 50 8806 743101 63007 2913 6350 2560 4056 87 11829 650 457 387 1349 2253 1808 4824 26672 323 4996 24218 43015 749 9700 32442 141 106 13695 4895 305 27080 144 173363 49 188 13519 12838 176 60 16504 393 3825 1407 218 2085 70996 46 4268 1271 9140 1699 5383 1908 88 419
internal_value=-0.000800787 0.129052 -0.0456565 0.197587 0.0957781 0.00876233 0.178373 0.271049 0.116631 -0.0527064 0.0659436 0.195921 0.206045 0.134814 0.157253 0.334363 0.105384 0.249988 0.217279 0.150318 0.170156 -0.0353261 0.170922 0.128849 -0.00721388 0.170352 -0.0544593 0.0273686 0.0557339 0.221541 0.0794 0.0948435 0.139127 0.149863 0.12254 0.129314 0.202918 0.114168 0.237705 -0.0100576 0.198116 0.181694 0.148843 0.0995039 0.128612 0.200743 0.0671605 0.346338 0.120306 0.140386 0.0551576 0.146084 0.0237103 0.149803 0.150241 0.0751716 0.0952461 0.184783 0.100845 0.244898 0.193494 0.196903
internal_weight=1.76635e+07 4.53505e+06 1.31285e+07 1.48217e+06 3.05288e+06 1.50572e+06 1.17488e+06 307286 1.79692e+06 1.16228e+07 1.25596e+06 641701 456737 686724 533182 76700.7 1.11019e+06 230585 347394 20786.7 99161.9 1.06488e+06 184963 587563 810115 109343 1.05579e+07 695603 714133 326608 541829 504659 56156.7 135678 451885 323142 44344.3 605535 171378 743047 26347.7 22778 409816 417946 50178.6 6308.57 306403 70392.2 414550 76611.7 80919.4 130809 614683 406175 405310 458946 73864 128807 190986 145031 11222.9 82849.1
internal_count=10506941 436842 10070099 43282 393560 687366 39311 3971 145742 9382733 247818 17093 11179 38625 22218 590 107117 3381 7943 844 4214 745354 5914 34411 436446 3236 8637379 250920 164700 7099 83118 57593 2125 7015 27396 18590 1654 49524 2731 409774 591 542 18162 45280 1984 110 59519 480 32312 5232 24436 6909 226484 17833 17787 73418 10411 3789 17212 2140 232 2118
is_linear=0
shrinkage=0.05


Tree=9
num_leaves=63
num_cat=0
split_feature=16 16 16 16 25 25 18 16 25 16 16 18 9 18 19 18 17 16 18 18 18 9 17 19 4 17 14 7 20 1 24 19 18 7 18 4 25 0 18 17 4 1 17 25 7 14 18 24 18 1 11 4 17 20 21 4 17 0 17 17 4 0
split_gain=3.57276e+07 3.5785e+06 1.37575e+06 788338 687213 162732 160386 127051 112314 96916.6 95878.1 60073.8 45790.6 44416.5 39846.1 39743.5 36865.2 31447 27294.3 26612.3 26560.2 26534.9 26478.2 26065 25935.1 25079.7 33839.1 34070.9 23733.2 23003.4 20693.8 20480.2 20214 19286.6 18831.8 17985.1 17595.1 17512.3 15853.5 15787.9 16104.5 15641.6 15393.4 15238.5 15145.8 20455 15017 14955.1 14882 14545.5 14494.9 14073.3 16724.1 13384.5 13050.4 12754.6 13706.4 12571 14625.8 12461.4 15278.5 12399.6
threshold=4.5199638312376917 104.63966278265704 0.59258285569011748 24.756485567090731 520.78332519531261 193.41666412353518 2003.0000000000002 1.6946380456260106 62.766666412353523 10.463048737314139 0.14936478291946234 551.00000000000011 1.0000000180025095e-35 297.50000000000006 1447.0000000000002 249.50000000000003 31.691325979391426 41.32358243625081 4.5000000000000009 8.5000000000000018 32.500000000000007 1.0000000180025095e-35 64.745858732170532 19.500000000000004 1.0000000180025095e-35 31.691325979391426 -0.5 1.0000000180025095e-35 169.50000000000003 1318.5000000000002 5.0357143878936776 27.500000000000004 6.5000000000000009 1.0000000180025095e-35 37.500000000000007 4.5000000000000009 156.09999847412112 8.5000000000000018 162.50000000000003 17.795505150693206 4.5000000000000009 1213.5000000000002 11.156411012650876 5.0166666507720956 1.0000000180025095e-35 -0.37940952255126015 551.00000000000011 12.678571701049806 53.500000000000007 1162.5000000000002 -0.93301270189221919 5.5000000000000009 2.2227363125541677 1423.0000000000002 1454.0000000000002 4.5000000000000009 0.64996868815818443 8.5000000000000018 4.8757316192246076 31.691325979391426 3.5000000000000004 8.5000000000000018
decision_type=2 2 2 2 2 2 2 2 2 2 2 2 2 2 2 2 2 2 2 2 2 2 2 2 2 2 2 2 2 2 2 2 2 2 2 2 2 2 2 2 2 2 2 2 2 2 2 2 2 2 2 2 2 2 2 2 2 2 2 2 2 2
left_child=2 3 10 9 5 15 14 32 17 34 18 16 42 28 53 25 23 48 -1 43 31 -15 -8 35 50 57 33 -28 39 -26 -12 51 -4 -27 55 -7 -23 41 59 -10 -41 -16 -13 -9 -30 -46 -43 -34 -5 -17 -18 -11 -53 -6 -44 -2 -57 58 -3 -19 -61 -24
right_child=1 4 7 8 6 11 22 19 13 20 30 12 -14 21 37 49 24 38 -20 -21 -22 36 61 -25 29 26 27 -29 44 -31 -32 -33 47 -35 -36 -37 -38 -39 -40 40 -42 46 54 -45 45 -47 -48 -49 -50 -51 -52 52 -54 -55 -56 56 -58 -59 -60 60 -62 -63
leaf_value=-0.054562716558444982 0.034411584534848313 0.036828368946624356 -0.017770525904335862 0.080911668157225253 0.19782802452651649 0.13934926592809099 0.17536776786552821 0.0065960926970212129 0.093738649511216326 0.055910594885220377 -0.038414136705239639 -0.01238137578490147 0.22173612954322888 0.12569420235099657 0.20049484981069826 0.15610646871251857 0.073714543627324672 0.092879850597662669 0.020745073888080296 0.042182115811170651 0.086147560377986404 0.1541723581642066 0.32682787350780984 0.16512434837922529 0.16840343655121692 0.11902703783960507 0.1590717710361953 0.081771536522314059 0.12336939156993357 0.11558322008759872 0.035813921514274337 0.08204694397279215 0.0092847985055263052 0.19476913248129568 0.070563826660008863 0.07485301930959376 0.21793752552274215 0.22637164273996843 0.12524682416202168 0.10697422713283351 0.13081063523719569 0.31901594425624485 0.17650994190300481 0.02524280553985472 0.17693281095185986 0.011076735473091508 0.23078527554969686 0.12345799491440751 0.10305381515077235 0.19950238695036479 0.20064606000852225 0.025641302983174748 0.084418801540420613 0.23453439457693756 0.030370533942427953 -0.0021735910079402386 0.053342753779196783 0.10206706831423853 0.13539308806804648 0.096110117518813612 0.12256994227640849 0.28115388841725586
leaf_weight=9959615.4621034861 443937.39178466797 3964.2026858329773 683432.82823956013 444500.54375600815 110459.09378242493 21966.203278541565 3671.5733661651611 492959.42565226555 137459.3648648262 536782.57843542099 916678.96594142914 1126.8020906448364 98247.010091781616 59390.156182289124 5032.9848594665527 103764.86416912079 2317.947301864624 366532.71658325195 12046.272936463356 75294.560254454613 142931.84879469872 32320.185939788818 49437.70881652832 36183.238960266113 323211.05638313293 155442.41941452026 194724.10673236847 15381.43146944046 119917.11457109451 22018.368368148804 9486.5494247674942 115125.37119102478 40375.998116135597 8885.5244226455688 51249.602819442749 21282.450630187988 16264.203410148621 27884.55196762085 61340.335484027863 249266.95900964737 99014.302961349487 19246.590557098389 79432.68244934082 140878.39631223679 25195.397287845612 2007.1576552391052 6437.6345024108887 3087.3744850158691 91513.410531997681 23727.775849819183 76075.683465957642 14056.811936855316 87044.383126020432 32045.491039276123 1557.7581310272217 11856.361529111862 178442.4735724926 78000.025891780853 74499.533319473267 122274.69506835938 98519.441023349762 21258.174945831299
leaf_count=8565942 123634 334 414741 49769 1648 639 57 222508 8806 95781 680677 57 1540 2560 66 3247 67 29942 6042 25900 17910 1318 243 959 7218 6399 6317 1048 5999 580 3928 16079 21197 243 10533 880 336 314 3786 13695 4895 115 1554 47769 854 162 58 499 7824 611 1481 3013 12776 380 42 3823 45165 3968 3046 9307 6489 171
internal_value=-0.000876696 0.110094 -0.0469806 0.0817191 0.171623 0.156855 0.243556 -0.000978404 0.103203 0.0555607 -0.0530424 0.173946 0.198703 0.118474 0.220355 0.139114 0.165069 0.0936536 -0.0544717 0.014079 0.0663876 0.148114 0.306295 0.13381 0.17093 0.133094 0.140119 0.153413 0.113417 0.165035 -0.0376538 0.0626369 -0.0156678 0.123123 0.0414098 0.107611 0.175519 0.255063 0.101059 0.108088 0.113751 0.281107 0.171146 0.0107406 0.131011 0.164695 0.296903 0.0173954 0.084692 0.164183 0.196893 0.0591338 0.0762466 0.206083 0.173699 0.039054 0.0498838 0.116282 0.130413 0.0985327 0.107917 0.313094
internal_weight=1.74581e+07 5.12423e+06 1.23339e+07 3.50694e+06 1.61728e+06 1.34181e+06 275474 1.43603e+06 1.92552e+06 1.58143e+06 1.08978e+07 683419 180364 740835 201106 658390 503055 1.18468e+06 9.97166e+06 709132 895941 107975 74367.5 79431.9 423623 530897 374433 210106 632860 345229 926166 753009 726896 164328 685486 43248.7 48584.4 58601.8 648667 485741 348281 30717.2 82117.2 633838 147120 27202.6 25684.2 43463.4 536014 127493 78393.6 637884 101101 142505 80990.4 634236 190299 156464 78463.7 587327 220794 70695.9
internal_count=10506941 517738 9989203 474456 43282 40230 3052 732614 145742 328714 9256589 15017 3193 38625 2581 25213 11824 107117 8571984 296177 145559 4214 471 2478 9346 21355 14007 7365 34411 7798 684605 127649 436437 6642 183155 1519 1654 553 49524 27396 18590 239 1653 270277 7015 1016 173 21696 57593 3858 1548 111570 15789 2028 1596 172622 48988 7348 3380 45738 15796 414
is_linear=0
shrinkage=0.05


Tree=10
num_leaves=63
num_cat=0
split_feature=16 16 16 23 16 16 23 16 16 23 16 0 26 16 3 17 26 9 23 23 23 23 23 0 11 17 1 23 17 9 25 9 17 19 21 14 11 23 17 20 24 9 3 9 9 14 17 19 1 25 26 17 1 20 22 9 2 1 27 26 9 26
split_gain=3.12562e+07 2.9395e+06 1.13512e+06 707990 503255 195739 114085 106596 75469.2 74202.7 63873.4 57167.4 46086.2 42451.5 42263 40827.6 38388.5 30752.9 26654.7 26567.7 25557.8 23278.7 23195.2 21854.3 25119.6 21728.1 21641.4 20573.9 20177.9 19969.5 19890.3 19860.5 31342.5 22409.2 21463.6 19332.1 24613.2 17303.2 16804.8 16341 16044 15506.8 15310.3 14703.3 14340.8 14318.3 14076.1 13946.8 13847.8 17653.6 13603.6 13409.8 21064.9 13263.5 14209.5 13223.8 32297 23292.5 13052.8 12918 12868.6 12667.1
threshold=3.775357903800129 74.152533998400088 0.50190850815850829 525.07144165039074 18.396661869876159 169.12526006191953 921.64285278320324 1.4899267061368937 0.11527314942413537 103.07143020629884 8.5191919467481458 8.5000000000000018 289.83993530273443 41.32358243625081 3.5000000000000004 64.745858732170532 131.41054534912112 -0.8783796973249266 477.28572082519537 7.5000000000000009 1.214285731315613 9.7857141494750994 16.642856597900394 8.5000000000000018 0.93301270189221952 22.908441690601954 1318.5000000000002 6.7857143878936776 45.358435227972414 -0.8783796973249266 280.64999389648443 -0.60785761079279388 64.745858732170532 208.50000000000003 304.50000000000006 -0.5 0.93301270189221952 40.357141494750984 31.691325979391426 1922.0000000000002 521.96429443359386 -0.60785761079279388 2.5000000000000004 -0.60785761079279388 -1.0000000180025095e-35 -0.78656609248549325 2.7130522320498129 385.00000000000006 1213.5000000000002 280.64999389648443 418.87577819824224 45.358435227972414 417.50000000000006 187.50000000000003 1120.5000000000002 -0.60785761079279388 2024.5000000000002 1213.5000000000002 85.180854797363295 581.90957641601574 -0.60785761079279388 684.49328613281261
decision_type=2 2 2 2 2 2 2 2 2 2 2 2 2 2 2 2 2 2 2 2 2 2 2 2 2 2 2 2 2 2 2 2 2 2 2 2 2 2 2 2 2 2 2 2 2 2 2 2 2 2 2 2 2 2 2 2 2 2 2 2 2 2
left_child=2 4 8 5 10 16 31 27 20 13 37 15 25 41 18 -8 48 51 47 -10 -1 -9 -12 38 28 -7 30 -4 -25 -15 -19 32 33 -5 40 -27 -37 43 44 -31 -34 46 -22 -2 -18 -26 -6 -11 53 60 -16 52 -14 54 -3 56 -13 -58 -23 -49 -50 -33
right_child=1 3 7 6 9 12 11 21 19 14 22 55 17 29 50 -17 23 26 -20 -21 42 58 -24 24 45 35 -28 -29 -30 39 -32 61 34 -35 -36 36 -38 -39 -40 -41 -42 -43 -44 -45 -46 -47 -48 59 49 -51 -52 -53 -54 -55 -56 -57 57 -59 -60 -61 -62 -63
leaf_value=-0.054687370541345461 0.043139872599534265 0.097621604512132379 -0.020254436895785335 0.062699524404226534 0.036822291176338888 0.089744291626695144 0.16779411952071144 0.0057010649203391335 -0.040551127718827268 0.11635493830675928 0.047867762083754768 0.27329027818612173 -0.025273443029911209 0.10761280619287797 0.095136713206990839 0.27200673991039487 0.11175665708704241 0.15209566697797147 0.23125219999173707 0.055473284675184621 0.042746651088946347 0.030989149038562414 0.065721130159105162 0.10242009325299413 0.097481106683639809 0.11343663722207348 0.11195181315475161 0.021714587131487679 0.12496782225510528 0.084765221921862782 0.17640680671677711 0.17218063237537848 0.083448503354007289 0.17471918608308559 0.2314288233727195 0.14922718614592975 0.098134018708778276 0.076208902220685978 0.18158866607378651 0.32722930017059332 0.18457067976851907 0.067890360604668618 -0.045927567964442001 0.026609330561547025 0.14754469165079992 0.16372654986891039 0.084678042652583982 0.17004269766519778 0.14749925010694975 0.26112110305823028 0.044706097771979446 0.13651662628388148 0.1195961298616163 0.11904469997119799 0.0031467193219246615 0.21245133315077736 0.15924354481552916 0.0002970106853913492 0.12611872799095025 -0.037171678294704379 0.10568155141387853 0.20029389245417614
leaf_weight=9297525.181671977 193200.41541469097 333603.55833244324 717776.39722561836 12450.441838264465 16287.700750112534 25487.993448257446 10567.802896499634 605250.00166368484 949796.51242637634 95781.510697841644 511545.44871640205 4497.6147956848145 3599.0382194519043 116642.22067737579 138197.80866527557 84995.625644683838 46401.386251449585 140483.18819713593 6136.6709728240967 7258.1932814121246 10704.277686595917 66052.505609154701 282344.65337085724 196857.80859947205 10138.988470077515 65249.699131011963 19064.329692840576 30439.256001591682 200076.81506252289 611997.0719871521 209797.37016391754 68914.127429962158 6289.0825004577637 6960.7411756515503 13421.582159042358 228031.65819740295 26290.209354877472 22539.012617349625 21349.698731422424 695.61810874938965 10425.70072555542 609352.20215034485 8927.374453663826 442892.51415205002 70571.114164352417 41743.380230903625 271647.48368000984 19460.654867172241 27123.077738285065 2247.5067043304443 14805.596256256104 38339.964250564575 8286.2222576141357 80821.598229408264 4028.2007923126221 45714.082630157471 8337.4954490661621 3185.6378974914551 3814.0791385173798 782.3000020980835 57198.052453517914 95760.154895782471
leaf_count=8407728 52628 16834 461510 322 2300 978 143 275315 751377 4474 103074 36 145 7291 7932 451 1813 3029 97 2444 5428 21464 39786 7716 332 1908 444 12823 6553 44063 3339 937 126 111 139 5173 1098 3339 484 10 119 71219 7169 132159 2251 977 26040 709 1040 37 804 756 223 3188 229 420 99 51 493 37 2586 1141
internal_value=-0.000940971 0.0963993 -0.0473964 0.140914 0.0668278 0.128307 0.203921 -0.0055494 -0.0531936 0.0837533 0.0446671 0.236255 0.147709 0.0796912 0.107766 0.260483 0.114724 0.158841 0.129697 -0.0398229 -0.054567 0.00885556 0.0542173 0.123417 0.118062 0.134173 0.163833 -0.018547 0.113785 0.0886506 0.166657 0.180178 0.152422 0.10287 0.184338 0.137716 0.143946 0.0331557 0.140794 0.0850406 0.146524 0.0724088 0.00242231 0.0316302 0.133348 0.150781 0.081971 0.124325 0.104616 0.12282 0.0902568 0.122132 0.0757271 0.10085 0.0964945 0.198751 0.159657 0.115303 0.0361826 0.162034 0.119133 0.188529
internal_weight=1.72802e+07 5.58262e+06 1.16975e+07 2.22831e+06 3.35431e+06 1.85679e+06 371520 1.42333e+06 1.02742e+07 1.90179e+06 1.45252e+06 157298 764630 1.62662e+06 275165 95563.4 1.09216e+06 419570 122161 957055 9.31716e+06 675117 793890 587139 448817 345060 369345 748216 396935 729335 350281 214222 49547.5 19411.2 30136.4 319572 254322 658632 138322 612693 16714.8 897287 19631.7 636093 116973 51882.4 287935 116024 505022 86568.6 153003 50225.2 11885.3 418453 337632 61734.8 16020.7 11523.1 69866.6 20243 84321.1 164674
internal_count=10506941 561190 9945751 65228 495962 61133 4095 771605 9174146 164976 330986 1200 17093 150923 14053 594 44040 7936 5317 753821 8420325 297272 142860 20126 15578 9157 6812 474333 14269 51364 6368 2895 817 433 384 8179 6271 188126 4548 44073 245 99559 12597 184787 4064 1309 28340 5220 23914 3663 8736 1124 368 20251 17063 606 186 150 21957 746 3626 2078
is_linear=0
shrinkage=0.05


Tree=11
num_leaves=63
num_cat=0
split_feature=16 16 16 23 16 23 16 16 16 16 0 16 23 17 17 23 17 14 23 23 26 23 7 0 9 22 23 25 0 0 9 17 7 20 20 20 26 11 9 20 9 27 7 24 17 11 26 7 11 21 9 20 1 20 9 1 9 12 20 17 27 0
split_gain=2.75444e+07 2.39717e+06 962483 549394 458449 175898 86481.5 81041.7 79034.8 64029.6 45342.4 38193.8 34663.5 32479.8 30468.1 29388.6 27529.9 25507.8 24546.9 24119.8 23413.6 22281.5 21799.4 24923.2 21796.3 18415.8 17571.1 17326.8 17005.3 16787.6 18749.6 31882.9 18095.1 16704.4 16683.6 16467.8 15799.8 15310.1 14478.1 14349.1 14215.8 14158.9 16818.9 14088.1 12937.8 12909.9 12810.8 20294 15322.2 12458.2 12449.6 12414.2 12807.5 12138.3 13267.4 12529.3 12047.9 12294.8 12009.2 11708.3 11529.5 11365.4
threshold=3.2512606323925328 74.152533998400088 0.44217034245300585 333.64285278320318 14.623908749753113 921.64285278320324 1.2487494889738597 169.12526006191953 41.32358243625081 0.10136296089904338 8.5000000000000018 6.8447148547556598 352.71429443359381 64.745858732170532 45.358435227972414 27.928571701049808 45.358435227972414 -0.5 6.5000000000000009 1.214285731315613 100.40689849853517 3.3571429252624516 1.0000000180025095e-35 17.500000000000004 -0.60785761079279388 905.00000000000011 6.7857143878936776 57.266666412353523 7.5000000000000009 7.5000000000000009 -0.60785761079279388 64.745858732170532 1.0000000180025095e-35 102.50000000000001 29.500000000000004 30.500000000000004 11.238750934600832 0.68301270189221941 -1.0000000180025095e-35 57.500000000000007 -0.60785761079279388 715.47216796875011 1.0000000180025095e-35 16.392857551574711 6.5387276443515772 -0.24999999999999994 37.054975509643562 1.0000000180025095e-35 0.68301270189221941 1092.0000000000002 -0.60785761079279388 1110.5000000000002 1318.5000000000002 152.50000000000003 -0.60785761079279388 515.50000000000011 -0.60785761079279388 1.0000000180025095e-35 66.500000000000014 4.8757316192246076 4.0734994411468515 15.500000000000002
decision_type=2 2 2 2 2 2 2 2 2 2 2 2 2 2 2 2 2 2 2 2 2 2 2 2 2 2 2 2 2 2 2 2 2 2 2 2 2 2 2 2 2 2 2 2 2 2 2 2 2 2 2 2 2 2 2 2 2 2 2 2 2 2
left_child=2 4 9 7 11 14 26 20 15 19 13 27 33 -7 35 38 24 -18 -11 -1 41 -8 39 -24 -9 34 -4 60 -16 44 31 -31 -32 46 37 40 -13 -17 58 -19 49 -3 50 -23 -22 -40 47 -10 -48 -5 -43 52 -30 54 -12 -55 57 -35 59 -6 -2 -42
right_child=1 3 6 5 8 10 21 16 12 18 53 36 -14 -15 28 25 17 22 -20 -21 29 43 23 -25 -26 -27 -28 -29 51 30 32 -33 -34 56 -36 -37 -38 -39 45 -41 61 42 -44 -45 -46 -47 48 -49 -50 -51 -52 -53 -54 55 -56 -57 -58 -59 -60 -61 -62 -63
leaf_value=-0.054704117598060001 0.015511041267961826 0.089963506383928304 -0.022468420558442372 0.091643114318745278 0.041790856246568829 0.14579758917242933 -0.0014481082027802891 0.079856318790113595 0.074586644914099706 -0.041593621621027671 0.10637913662128087 0.036062385426212838 0.15466952459019226 0.23476314470284596 0.19729876179571987 0.062096677357208821 0.11020216389600944 0.13176475258159343 0.045331586981931259 0.0047414797985331145 0.046285550198807528 0.015137816967711102 0.11807480428754423 -0.012714782769973985 0.11796127051853274 0.24967813428367053 0.021363604619523802 0.24916515318799282 0.14924757753815793 0.10416643296736466 0.094759791754648853 0.15131152008493784 0.1319520654805986 0.090684051866145282 0.09003973078492937 0.14680930737401496 0.05094247880895221 0.082760301375216783 0.064493397460175739 0.15496981504219426 0.14574968873596567 -0.020798986317440031 0.3696262736067446 0.068898881691762434 0.13809790478983597 0.045771722140213709 0.078286953499764569 0.024033744781532272 0.097008297155969314 -0.041780174415292512 0.17719152475491129 0.17074100785917501 0.10804811545025286 0.24771498835300654 0.17228352320265869 0.1759079453116853 0.087686468833471351 0.1392798701747468 0.091089247411292637 0.066976727226009086 0.030754342528055607 0.091937155026661721
leaf_weight=8761089.522715807 174052.59431302547 421951.72042226791 682934.3851121664 28335.277629852295 55941.93882727623 11527.224456787109 501295.0455571413 52358.856677055359 266462.57614994049 928047.57992231846 10711.197494506836 345046.12174010277 16828.491157531738 93325.948760986328 20525.250061035156 283246.0191655159 112054.43438911438 148927.57372093201 8193.2366163730621 17096.875240921974 4129.5932083129883 166622.51062309742 16884.668884277344 4644.2810897827148 132512.71898698807 1484.6700506210327 23656.01092684269 873.86991882324219 317884.22478866577 131272.99383735657 394062.92510223389 49341.967200279236 35664.943285942078 24525.370055198669 116689.48988246918 50660.182440757751 369370.74009013176 131150.87944841385 139500.33613801003 120560.03057670593 29582.87512588501 1027.6217355728149 893.05484771728516 13147.430381774902 54221.611610412598 270911.39720678329 359175.61034822464 21451.15122127533 157101.46786403656 1864.6026077270508 3490.9478778839111 64503.42022895813 20055.752700805664 8443.7965698242188 26613.734962463379 21665.980209350586 119292.91094684601 27738.485403060913 41725.065536022186 263527.90869045258 431801.71175205708 14683.720338821411
leaf_count=8324875 63712 19551 463488 763 8660 143 248856 1699 20083 774894 130 79580 366 451 204 26451 2737 2946 2828 10946 252 66559 394 379 3188 53 9954 48 4502 4655 13939 1321 953 1289 9032 878 63856 11017 18502 1957 543 37 6 2670 1588 38318 21712 1799 8208 60 86 681 379 54 233 189 6509 1187 4030 29698 122533 330
internal_value=-0.000994137 0.0851054 -0.0476985 0.123801 0.0593889 0.160344 -0.0087463 0.108169 0.072888 -0.0532626 0.204412 0.0359212 0.0835199 0.224983 0.146492 0.0647963 0.123145 0.130473 -0.0408329 -0.0545883 0.100136 0.00396764 0.138278 0.0898604 0.107169 0.0738308 -0.021001 0.0266961 0.152904 0.105978 0.103528 0.117046 0.0978466 0.0822927 0.0733392 0.124817 0.0437558 0.0686365 0.0585606 0.142146 0.109855 0.0909942 0.171358 0.0190697 0.1316 0.0521353 0.079271 0.0708202 0.0839838 0.083405 0.132164 0.150639 0.146803 0.172426 0.153371 0.196046 0.0964572 0.116476 0.0658615 0.0625665 0.0263752 0.1279
internal_weight=1.71244e+07 6.02228e+06 1.11021e+07 2.40438e+06 3.6179e+06 720383 1.38766e+06 1.684e+06 2.29675e+06 9.71443e+06 172288 1.32115e+06 992576 104853 548095 1.30418e+06 587943 403071 936241 8.77819e+06 1.09606e+06 681065 291017 21528.9 184872 532571 706590 606728 422969 668694 610343 180615 429728 975748 531086 125127 714417 414397 771607 269488 74466.5 427363 5411.62 179770 58351.2 410412 804191 287914 516277 30199.9 4518.57 402443 337940 67434.7 37324.9 30109.8 171557 52263.9 361195 319470 605854 44266.6
internal_count=10506941 601871 9905070 65228 536643 9540 791527 55688 206914 9113543 1200 329729 61153 594 8340 145761 13300 8413 777722 8335821 42388 318085 5676 773 4887 46553 473442 186293 5766 22708 20868 5976 14892 60787 46500 2574 143436 37468 99208 4903 1696 19680 129 69229 1840 56820 51802 21882 29920 823 123 5562 4881 606 363 243 8985 2476 42388 38358 186245 873
is_linear=0
shrinkage=0.05


Tree=12
num_leaves=63
num_cat=0
split_feature=16 16 16 23 16 18 16 16 27 23 23 24 4 11 20 18 4 18 17 4 9 11 14 11 4 6 18 17 16 9 4 19 4 24 0 15 17 0 19 11 17 13 0 15 4 14 17 15 11 27 13 27 13 12 0 27 27 20 11 14 18 3
split_gain=2.44324e+07 1.93262e+06 882611 514724 307621 168669 86259.6 75113.1 48054.7 47665.8 46628.8 37484.5 27238.3 25667.1 25184 23874.2 23812 23640.1 22970.8 24235.7 22363.3 21332.3 21034.6 20919.8 20722.5 20776.8 20718.6 19308.8 19225.3 19149.8 19180.8 18789.7 18443.1 18098.8 17322.1 18563 17282.2 20623.4 18624.7 17016.3 16100.1 15518.3 17366.1 15477.4 15230.6 14601.2 21729.7 18724.8 13783.1 13500.1 13088.1 13065.5 12976.7 14395.4 12842.2 12179.9 12100.9 11996.2 11457.1 11391.2 11301.3 12905.9
threshold=2.9832663400912605 59.399355161576182 0.35854197453677394 295.78572082519537 14.623908749753113 2484.5000000000005 1.1220350424990031 169.12526006191953 0.63976493477821361 733.42858886718761 49.214284896850593 9.9642858505249041 4.5000000000000009 0.93301270189221952 138.50000000000003 6.5000000000000009 2.5000000000000004 705.00000000000011 31.691325979391426 4.5000000000000009 1.0000000180025095e-35 0.93301270189221952 -0.5 0.93301270189221952 3.5000000000000004 1.0000000180025095e-35 6.5000000000000009 14.068143144433561 0.072637180158366607 -0.8783796973249266 1.0000000180025095e-35 554.50000000000011 4.5000000000000009 8.8214282989501971 8.5000000000000018 17670.500000000004 45.358435227972414 7.5000000000000009 470.50000000000006 0.93301270189221952 3.0091222578097763 -0.60355339059327362 17.500000000000004 17666.500000000004 5.5000000000000009 -0.37940952255126015 64.745858732170532 17641.500000000004 0.93301270189221952 1.5837312936782839 -0.98296291314453399 534.92489624023449 0.78656609248549325 1.0000000180025095e-35 8.5000000000000018 3.1813323497772221 3.8190526962280278 1713.5000000000002 0.68301270189221941 -0.37940952255126015 89.500000000000014 3.5000000000000004
decision_type=2 2 2 2 2 2 2 2 2 2 2 2 2 2 2 2 2 2 2 2 2 2 2 2 2 2 2 2 2 2 2 2 2 2 2 2 2 2 2 2 2 2 2 2 2 2 2 2 2 2 2 2 2 2 2 2 2 2 2 2 2 2
left_child=2 4 8 7 11 9 33 14 28 17 24 32 34 54 18 -10 51 36 22 50 -7 45 48 -24 25 52 55 -26 -1 31 -31 -19 56 49 35 -11 38 -38 -5 -13 -34 42 -15 -21 -16 47 -47 -18 -3 -4 -20 -9 53 -6 -12 -8 -2 -46 -28 -22 -56 -62
right_child=1 3 6 5 10 20 26 16 15 12 13 39 -14 41 44 -17 21 29 19 43 59 -23 23 -25 27 -27 58 -29 -30 30 -32 -33 40 -35 -36 -37 37 -39 -40 -41 -42 -43 -44 -45 57 46 -48 -49 -50 -51 -52 -53 -54 -55 60 -57 -58 -59 -60 -61 61 -63
leaf_value=-0.054908068368971899 0.012243975106060942 0.055185104119255035 -0.029592248058577388 0.086163056530818488 0.054188257167109989 0.17672875675360281 -0.0084171467604584275 0.11344857850101142 -0.038628055153834363 0.1395950501658195 0.085938789247529901 0.040092019613175586 0.11755675125196177 0.12955160797186224 0.093434860145160947 0.02243286342790015 0.050976119953813605 0.05646312294241395 0.10591243876938172 0.090888547811518922 0.25073199281535841 0.052848158109631616 0.085144473017837063 0.041021280210674513 0.055613122363938464 0.081933227871825609 0.014200229049708708 0.072901198479870338 -0.046493225088207774 0.096728775370442513 0.15085871956556651 0.16634506832418461 0.024777233630306789 0.050619543039308927 0.14603038024725121 0.19609839580215624 0.18019765401129861 0.12060471374154964 0.12531172466126619 0.067548335863734904 0.048682286949548813 0.080731400483936747 -0.010541619934426224 0.11945845107272401 0.11749412296798976 0.096625178780867405 0.13320463557482148 0.099370479229084041 0.10247760171531409 -0.015938515870909969 0.079227565828448698 0.14353925606626702 0.066123303745552295 0.038504581133876024 0.060647528688538066 0.0055743359813191255 0.026785409369195518 0.22593656888114733 0.05887883059747101 0.19918039441288166 0.10483203167017735 0.068937014579655106
leaf_weight=8019416.6484763622 213615.23829674721 150892.17705011368 435025.90829050541 76804.995690345764 320953.18669366837 36134.64283657074 315759.72738754749 215105.17622232437 357071.30565160513 20481.116626739502 102371.41733789444 421009.73978352547 45820.121267318726 38675.858976364136 308085.00250434875 16759.378365516663 26737.142935752869 12607.80190372467 52006.610949993134 106765.82902002335 26285.946426391602 24258.125885486603 324805.84881258011 29286.414011955261 315133.83385682106 54674.487266302109 48874.883248209953 331328.23775601387 741545.25389552116 18547.711528778076 139185.66790866852 5627.0119895935059 134471.52695083618 8235.658455491066 83280.371025085449 50093.207008361816 15236.369682312012 308275.14619255066 50265.202563285828 65166.95042681694 147911.7158318758 53924.47301197052 2346.2366991043091 85269.293390274048 46141.752962112427 104959.93988704681 66214.579664230347 79193.22940826416 17158.734328269958 310087.27316808701 394721.15284442902 43347.547880172729 104916.75445222855 268885.44187617302 286651.37130498886 306558.53147029877 433222.89551317692 2699.6149644851685 20312.352132678032 18098.696464538574 34159.190017223358 93832.259831905365
leaf_count=8015079 71628 8427 325578 1799 35224 248 173266 4570 309983 201 6275 77296 488 1459 10454 8168 733 251 1734 4131 98 878 14270 1722 35061 5686 20174 27871 679129 299 1800 70 41127 2374 736 239 154 4507 916 10434 34219 2935 202 2884 1452 2429 1085 1800 662 206221 16478 617 11685 31695 20249 134863 118171 48 7089 107 1813 5700
internal_value=-0.00103669 0.0760142 -0.0477031 0.105424 0.0503751 0.136856 -0.0113906 0.0917057 -0.0534467 0.130124 0.0629594 0.0325231 0.151397 0.0744674 0.085932 -0.0358906 0.10736 0.123344 0.0823608 0.0887198 0.205935 0.0978101 0.0745815 0.0814951 0.0579143 0.0522562 0.00136091 0.0644737 -0.0541958 0.138885 0.144494 0.0903722 0.0266375 -0.0230953 0.161476 0.179701 0.117274 0.123411 0.101649 0.0437723 0.0372987 0.0983626 0.121539 0.103575 0.0975474 0.101746 0.110775 0.0871557 0.060014 -0.0239101 0.0823342 0.118495 0.0499207 0.0470387 0.0700791 -0.00152483 0.0219832 0.123489 0.0273173 0.229711 0.0661635 0.078517
internal_weight=1.69873e+07 6.40764e+06 1.05796e+07 2.98439e+06 3.42325e+06 906744 1.44485e+06 2.07765e+06 9.13479e+06 826225 2.00785e+06 1.4154e+06 199675 611961 1.51783e+06 373831 559816 626550 1.16091e+06 638763 80519.3 301363 522143 354092 1.39589e+06 749430 691505 646462 8.76096e+06 175968 157733 18234.8 929221 753349 153855 70574.3 450582 323512 127070 486177 282383 94946.6 41022.1 192035 356926 277105 171175 105930 168051 745113 446728 258453 694755 589839 517014 622318 646838 48841.4 69187.2 44384.6 414643 127991
internal_count=10506941 625017 9881924 86287 538730 11913 869565 74374 9012359 11460 185855 352875 1664 38633 62262 318151 12112 9796 50308 25227 453 6925 25081 15992 147222 84290 335392 62932 8694208 2420 2099 321 265145 534173 1176 440 7376 4661 2715 87730 75346 4596 1661 7015 11954 6047 3514 2533 9089 531799 18212 5187 78604 66919 34037 308129 189799 1500 27263 205 27762 7513
is_linear=0
shrinkage=0.05


Tree=13
num_leaves=63
num_cat=0
split_feature=16 16 16 16 16 18 26 16 18 16 27 19 19 18 9 18 17 4 0 17 18 16 9 20 17 18 3 4 3 3 18 17 7 16 20 18 20 21 3 18 3 18 3 26 18 19 9 17 7 0 14 22 15 14 14 19 17 3 26 15 0 9
split_gain=2.17968e+07 1.64822e+06 703388 353014 302427 184451 61622 56668.9 50375.5 47470.4 47252.7 40548.1 36342.2 31371.1 28079.7 22302.9 20883.2 27168.1 22766.7 20692.6 19482 19038.1 18155.3 17832.5 17462.7 16783.3 16477.2 16446.5 16490.9 16376.6 16355.7 16001.2 15592.3 14765.2 14656.7 14533.5 14129.7 22926.4 13597.3 13527.1 12885.8 12810.8 15615 12756.2 12266.9 12696.1 12155.8 12526.5 11419.8 54916.7 24667.1 11335.2 11065.4 11056.2 16971.6 11025.9 10788.1 10744.1 10556.4 11214.8 10488.2 10408.3
threshold=2.4110040497137275 59.399355161576182 0.34310147416630893 169.12526006191953 14.623908749753113 1580.0000000000002 380.98818969726568 1.0677097804945821 274.50000000000006 6.8447148547556598 0.63976493477821361 205.50000000000003 122.50000000000001 58.500000000000007 1.0000000180025095e-35 6.5000000000000009 31.691325979391426 4.5000000000000009 8.5000000000000018 45.358435227972414 6.5000000000000009 0.066904592109619757 1.0000000180025095e-35 101.50000000000001 17.795505150693206 536.50000000000011 2.5000000000000004 1.0000000180025095e-35 11.500000000000002 1.5000000000000002 4.5000000000000009 22.908441690601954 1.0000000180025095e-35 34.583243786156963 2325.5000000000005 7.5000000000000009 150.50000000000003 3156.0000000000005 3.5000000000000004 1.0000000180025095e-35 2.5000000000000004 3228.0000000000005 7.5000000000000009 938.16354370117199 13.500000000000002 32.500000000000007 -1.0000000180025095e-35 2.4518618261600755 1.0000000180025095e-35 17.500000000000004 -0.5 2548.0000000000005 17656.500000000004 -0.78656609248549325 -0.5 3623.5000000000005 9.0349822614126456 2.5000000000000004 166.24299621582034 17591.500000000004 7.5000000000000009 -0.8783796973249266
decision_type=2 2 2 2 2 2 2 2 2 2 2 2 2 2 2 2 2 2 2 2 2 2 2 2 2 2 2 2 2 2 2 2 2 2 2 2 2 2 2 2 2 2 2 2 2 2 2 2 2 2 2 2 2 2 2 2 2 2 2 2 2 2
left_child=2 4 10 8 9 6 25 30 16 20 21 19 13 23 36 -12 18 48 24 61 46 -1 -10 33 -3 31 29 34 -29 -15 -4 -5 -14 -6 -13 -9 37 55 -24 -33 -32 -16 -43 -25 45 -11 47 -2 50 -50 -18 -21 -40 -34 -55 -7 -20 -17 -28 -60 -54 -8
right_child=1 3 7 5 12 14 11 35 22 44 15 27 32 26 41 57 17 -19 56 51 -22 -23 38 43 -26 -27 58 28 -30 -31 40 39 53 -35 -36 -37 -38 -39 52 -41 -42 42 -44 -45 -46 -47 -48 -49 49 -51 -52 -53 60 54 -56 -57 -58 -59 59 -61 -62 -63
leaf_value=-0.054903208904482026 0.015178452535979089 0.07227436444411299 -0.025032794039148206 0.058505906004955234 0.046040954546113982 0.095127627448242463 0.039218988464015975 -0.0046211723371325846 0.086467639758508241 0.032002467521575477 -0.038198904990714169 0.14284532720362164 0.070327511033540027 0.059472872777914222 0.17129185553988421 0.05364624775317333 0.063183057390706676 0.093830567117727429 0.0030729320858477274 0.11001103804593618 0.038094772801531854 -0.046575471571759543 0.13120701920228078 0.067167463746281339 0.10299030650317197 0.11539119393377753 0.057890226263050494 0.11874158454389215 0.15662264908207163 0.10930397481000059 0.055222922508884734 0.099960488434399947 0.069727639372191633 0.056562716740597721 0.21107967121072779 0.023987634358043838 0.16151538767822821 0.22969241018173145 0.063515588695918127 0.082527725999941792 -0.0090078489502711436 0.24990023046826862 0.15539945875062222 0.29230545179316653 0.051210497372408376 0.054776726142902001 0.011219640723605873 0.03513466852377474 0.11273972473076146 -0.032399494794908057 0.084987967905268746 0.17756746705507043 0.1563875010402638 0.15100066551689859 0.051457060452878026 0.21357956489262647 0.062378353817242028 -0.029261235784743829 0.12508226112871115 0.070221928404600814 0.099924761493808134 0.090063526437357211
leaf_weight=7578123.2858284116 171490.27132499218 162276.05655479431 689623.60707259178 35262.099063873291 844522.08660531044 29866.514087677002 11879.961194992065 523125.03921425343 160850.28727149963 554047.67082381248 333585.54630285501 54264.926549911499 192073.17217302322 26404.272317886353 72120.0442237854 10059.346456885338 315223.37076663971 260922.53265190125 7820.6840810775757 257906.05476760864 129314.5159444809 754647.91763579845 52553.211971282959 154077.39240789413 64733.295648574829 81872.318900108337 196167.70357847214 203687.68277931213 33450.668914794922 43905.868360519409 10516.786754369736 296475.03592681885 13390.02249288559 550969.10202169418 9205.8810806274414 48508.992405891418 35533.275924682617 4014.284969329834 17591.962549209595 178158.0389585495 30320.078038096428 12616.154502868652 6690.584056854248 631.66629791259766 133686.34229207039 68795.634985685349 400339.62649154663 145228.79053080082 53384.354679107666 7423.6217956542969 220388.93124294281 6362.8265533447266 9623.3386898040771 17588.489609718323 5660.1343126296997 2102.9764175415039 393897.2784280777 6389.7675465345383 12271.312411308289 38685.52991104126 56616.557422637939 65921.729166030884
leaf_count=7958194 59395 6704 509714 1115 99488 321 295 273337 4326 112006 300421 523 12380 1803 423 3279 12820 8542 520 3267 34730 725538 1004 11520 1959 1180 14330 2179 323 2500 4936 6160 710 39909 40 19530 199 14 500 3286 19719 41 30 5 20954 10476 136177 41882 1306 531 7128 50 177 545 357 8 18621 4511 507 1801 1472 1223
internal_value=-0.00106976 0.0674089 -0.0482539 0.0938014 0.044716 0.112619 0.106019 -0.0139847 0.0790562 0.0283666 -0.053393 0.116739 0.057217 0.0549132 0.162619 -0.0353963 0.0752978 0.0803736 0.0683763 0.104965 0.0202315 -0.054149 0.0978467 0.0519808 0.0810333 0.0943769 0.0692337 0.130136 0.124085 0.0905906 -0.0232121 0.0910027 0.0760295 0.0501952 0.152743 -0.00219341 0.13915 0.117063 0.111267 0.093417 0.00753358 0.180977 0.217153 0.0680869 0.0374677 0.034518 0.01701 0.0243292 0.0744864 0.0950206 0.0721552 0.111638 0.0987663 0.105921 0.126766 0.10292 0.0612238 0.02144 0.0631573 0.0834336 0.108128 0.0822999
internal_weight=1.68648e+07 6.87995e+06 9.9849e+06 3.1807e+06 3.69925e+06 1.39739e+06 1.23445e+06 1.30209e+06 1.78331e+06 1.6029e+06 8.68281e+06 642680 2.09635e+06 1.86763e+06 162944 350035 1.48607e+06 857343 628727 342071 846373 8.33277e+06 297235 1.5502e+06 227009 591767 317435 300609 237138 70310.1 730460 509895 228712 1.39549e+06 63470.8 571634 71517.1 35983.8 136385 474633 40836.9 91426.8 19306.7 154709 756530 622843 717059 316719 596420 60808 535612 264269 83831.9 36638.6 23248.6 31969.5 401718 16449.1 247125 50956.8 66239.9 77801.7
internal_count=10506941 687762 9819179 86287 601475 20677 19641 827236 65610 415620 8991943 7900 185855 171863 1036 308211 58131 30327 27804 4835 272184 8683732 7479 150922 8663 11741 20941 3065 2502 4303 534369 10561 13992 139397 563 292867 542 343 3153 9446 24655 494 71 11525 143436 122482 237454 101277 21785 1837 19948 3317 2149 1612 902 329 19141 7790 16638 2308 1649 1518
is_linear=0
shrinkage=0.05


Tree=14
num_leaves=63
num_cat=0
split_feature=16 16 16 23 16 18 16 16 24 23 20 17 25 16 13 27 3 25 14 7 24 13 22 5 17 17 23 23 27 5 17 20 14 18 23 3 16 7 14 5 25 13 18 3 20 15 6 14 17 14 26 7 17 27 23 13 13 20 26 13 6 13
split_gain=1.95485e+07 1.38959e+06 608983 359743 229217 102957 61861.8 51549.8 47365.4 40784 33318.3 27914 27290.1 27038.6 24016.6 21332.3 21008.3 19285.9 18867.2 24293.2 22071 21709.2 18359.7 18319.7 18117.9 17526.8 17258.4 16975.6 16847.3 16152.3 17348.3 16102.3 15493.7 15476.6 15202.8 14651.2 14999.8 14068.8 37117.6 13639.9 18916.3 16862.6 13126.4 12983.5 12238.1 11317.9 11304.2 10416.4 9938.11 9851.93 9793.06 9691.21 9689.68 9653.65 9520.11 9497.28 9473.24 14431.8 10917.1 9385.31 12517.9 9125.44
threshold=2.1273753172806482 49.095524060908325 0.28926230944454184 295.78572082519537 8.5191919467481458 2484.5000000000005 104.63966278265704 0.8444896065033366 23.392857551574711 1.214285731315613 88.500000000000014 64.745858732170532 520.78332519531261 0.066904592109619757 0.78656609248549325 6.1367206573486337 2.5000000000000004 520.78332519531261 -0.5 1.0000000180025095e-35 9.2500000000000018 0.78656609248549325 905.00000000000011 1.0000000180025095e-35 64.745858732170532 11.156411012650876 20.642856597900394 93.785713195800795 1.8700941801071169 1.0000000180025095e-35 11.156411012650876 47.500000000000007 -0.70710678118654757 124.50000000000001 101.28571701049806 11.500000000000002 21.099515123034866 1.0000000180025095e-35 -0.37940952255126015 1.0000000180025095e-35 104.85000228881837 0.78656609248549325 40.500000000000007 3.5000000000000004 302.50000000000006 17669.500000000004 1.0000000180025095e-35 0.1294095225512602 2.0221680715020756 -0.9159756150367534 173.36653137207034 1.0000000180025095e-35 17.795505150693206 1.2849504351615908 11.357142925262453 -0.78656609248549292 -0.98296291314453399 2503.5000000000005 684.49328613281261 -0.25881904510252113 1.0000000180025095e-35 0.25881904510252091
decision_type=2 2 2 2 2 2 2 2 2 2 2 2 2 2 2 2 2 2 2 2 2 2 2 2 2 2 2 2 2 2 2 2 2 2 2 2 2 2 2 2 2 2 2 2 2 2 2 2 2 2 2 2 2 2 2 2 2 2 2 2 2 2
left_child=2 4 9 6 15 10 29 26 35 13 24 14 23 -1 44 48 -11 52 -13 20 -20 -21 31 45 39 -16 53 -17 -9 34 -31 42 33 -26 46 36 -6 55 -39 41 -41 -5 -10 -44 -8 -7 -3 -34 -2 -36 -27 -24 -12 -4 -30 -38 57 -19 -58 -32 -61 -54
right_child=1 3 7 5 8 12 11 28 22 16 17 18 -14 -15 25 27 -18 56 19 21 -22 -23 51 -25 32 50 -28 -29 54 30 59 -33 47 -35 49 -37 37 38 -40 40 -42 -43 43 -45 -46 -47 -48 -49 -50 -51 -52 -53 61 -55 -56 -57 58 -59 -60 60 -62 -63
leaf_value=-0.054774762394619314 0.0039072243316693699 0.054801939124998512 -0.031919096782214378 0.07624856057171947 0.037663604976088998 0.14898491059991931 0.06447683224709784 -0.015937098258859042 0.046704746466839239 0.033057214731998123 0.04745519291576563 0.079370526747242917 0.16687802778046218 -0.045388994936505514 0.050805841928451237 0.024529429148670442 -0.033961346258237247 0.11284910156285113 0.17012036533813957 0.018131655765032329 0.099937033549443388 0.16935891837062941 0.045794019716454866 -0.027771367964373975 0.039081917566458596 0.078533899884353872 0.091150447654901365 0.11618991753001517 -0.0014126643048507478 0.045191448774365699 0.069867217876488572 0.064922744546890607 0.10973460316855249 0.10234734275897517 0.049670897183571969 0.024366945882045573 0.061666235964221966 0.07766861214842663 -0.020790678537299118 0.18632808682814592 0.061838472750271489 0.10861052118151389 0.076285436114461105 0.051888146726111653 0.083721100386858288 0.035703439994909443 0.080756928816600515 0.067316763869252755 0.018662616756918667 0.074635850153063094 0.09760491398660838 0.22461559882152571 0.097170548286385564 -0.019617300048992686 0.031635897922691524 0.046091732802803709 0.10997099385437754 0.018441932976846487 0.13888762265376417 0.083243490654606137 0.15609505606973451 0.11691586318710559
leaf_weight=7272964.0749886632 228324.21643638611 607119.07989883423 384361.9118885994 85660.498952865601 720112.66846513748 8279.8768043518066 452717.02803230286 261118.69797098637 586441.70514154434 18979.116010844707 7714.8336191177368 240423.11856269836 81883.853256225586 857853.79532855749 32725.876850128174 688023.7697879076 30460.485060334206 34802.898231506348 11833.777795791626 14702.199681282043 209920.99893188477 2829.8660202026367 1104.0136818885803 2627.4975147247314 18226.145318984985 116973.89080142975 3115.0861814022064 5088.5598983764648 342386.22161126137 50283.51304101944 213599.46067428589 263299.30893707275 211177.51535987854 20585.510671615601 47458.166562080383 128322.93880558014 156725.68684148788 16525.081128120422 22749.464907646179 3171.9521160125732 80324.240836143494 75941.502820968628 85090.275026321411 151856.24495697021 101059.23183870316 3005.4117393493652 45066.052393913269 15539.228799819946 228137.40630185604 236280.41070270538 158588.44053077698 2415.9967703819275 161164.24442863464 272572.6404954195 23272.012371897697 260736.97755002975 48453.800170898438 4581.1281585693359 100044.72199249268 139905.05762290955 6156.1969499588013 91884.264762878418
leaf_count=8019067 92986 31703 316397 1419 119163 66 13141 165146 50155 9517 165 5575 314 853084 1250 185623 25971 278 228 595 3413 37 63 45 306 3076 430 369 180853 2680 9051 18852 2176 261 1871 18997 14955 1468 2733 62 1586 1047 5082 10837 2156 30 2189 259 77792 8149 3092 58 1981 199275 7367 24670 420 43 561 5539 199 1068
internal_value=-0.00109419 0.060462 -0.0484795 0.0817106 0.038028 0.106452 0.0719982 -0.0165062 0.0468358 -0.0535092 0.101516 0.0795955 0.155878 -0.0537845 0.0742157 0.019675 -0.00823382 0.111457 0.0892632 0.0992029 0.103682 0.0425425 0.0545288 0.0911333 0.0927811 0.085401 -0.0262581 0.0252024 -0.00623654 0.064424 0.0727005 0.0541595 0.10183 0.0726379 0.0607988 0.0404099 0.0421592 0.0492472 0.0206368 0.0829779 0.066568 0.0914565 0.0507177 0.0606495 0.0679888 0.118818 0.0565955 0.106827 0.0112819 0.0704602 0.0895095 0.168534 0.102657 -0.0268149 0.000690678 0.0519388 0.12367 0.101868 0.129452 0.0765465 0.0863142 0.10434
internal_weight=1.67547e+07 7.28767e+06 9.46708e+06 3.74271e+06 3.54495e+06 1.05507e+06 2.68764e+06 1.28683e+06 2.39538e+06 8.18026e+06 959272 1.34177e+06 95796.6 8.13082e+06 862064 1.14957e+06 49439.6 448646 479710 239287 221755 17532.1 1.09021e+06 13912.8 510627 308288 660050 693112 626777 1.34587e+06 409944 1.08669e+06 265528 38811.7 935924 1.30517e+06 1.17685e+06 456737 39274.5 245098 83496.2 161602 823388 236947 553776 11285.3 652185 226717 456462 283739 275562 3520.01 260763 656935 365658 417463 187883 39384 148499 359661 146061 253049
internal_count=10506941 729834 9777107 106031 623803 12087 93944 869468 267033 8907639 11632 32563 455 8872151 22715 356770 35488 4516 9848 4273 3641 632 85047 141 7116 7418 516102 185992 353366 61381 17469 84926 3002 567 43912 181986 162989 43826 4201 4114 1648 2466 66074 15919 15297 96 33892 2435 170778 10020 6168 121 3214 515672 188220 39625 1302 321 981 14789 5738 3049
is_linear=0
shrinkage=0.05


Tree=15
num_leaves=63
num_cat=0
split_feature=16 16 16 23 16 18 16 16 26 24 20 16 16 25 3 17 26 23 19 0 17 24 3 5 22 25 24 17 9 0 5 17 18 1 24 26 23 15 18 23 19 5 15 6 22 2 0 7 7 3 7 0 13 22 18 23 3 1 15 3 19 3
split_gain=1.76107e+07 1.11714e+06 613497 281453 192578 81496 48599.4 47207.9 41558.6 31034.9 29628.9 27054.9 24414.3 19917.9 19886.9 19637.3 16674.8 15969.8 15754.7 15683.4 15737.2 15585 14890.1 14826.5 14000.4 13488 19383.1 13222.5 13268 20366.3 13098.7 15778.5 12722.2 12675.8 12635.1 12461.4 12425.6 11681.9 11574.5 11705.4 11557.1 11030.2 14973.4 10876.8 10603.2 19643.4 10575.8 25607.9 17379.5 10532.1 10318.4 52102.5 23823.7 10266.1 10173.9 10948 10033.4 9937.86 9712.37 9587.78 9384.39 9187.99
threshold=2.1273753172806482 49.095524060908325 0.28926230944454184 279.92857360839849 10.463048737314139 2484.5000000000005 0.77479153921102129 104.63966278265704 1.1442969441413882 23.821429252624515 176.50000000000003 4.5199638312376917 0.061819055757316825 520.78332519531261 2.5000000000000004 64.745858732170532 350.18302917480474 2.5000000000000004 128.50000000000003 8.5000000000000018 11.156411012650876 8.5357141494750994 1.5000000000000002 1.0000000180025095e-35 1454.0000000000002 401.41667175292974 24.178570747375492 64.745858732170532 -1.0000000180025095e-35 16.500000000000004 1.0000000180025095e-35 31.691325979391426 2003.0000000000002 1318.5000000000002 190.64286041259768 63.922369003295906 22.785714149475101 17666.500000000004 40.500000000000007 408.00000000000006 629.00000000000011 1.0000000180025095e-35 17392.500000000004 1.0000000180025095e-35 1815.0000000000002 2024.5000000000002 16.500000000000004 1.0000000180025095e-35 1.0000000180025095e-35 11.500000000000002 1.0000000180025095e-35 16.500000000000004 -0.9159756150367534 1013.5000000000001 7.5000000000000009 190.57143402099612 3.5000000000000004 276.50000000000006 17641.500000000004 1.5000000000000002 120.50000000000001 3.5000000000000004
decision_type=2 2 2 2 2 2 2 2 2 2 2 2 2 2 2 2 2 2 2 2 2 2 2 2 2 2 2 2 2 2 2 2 2 2 2 2 2 2 2 2 2 2 2 2 2 2 2 2 2 2 2 2 2 2 2 2 2 2 2 2 2 2
left_child=2 4 8 7 11 10 21 30 12 37 27 36 -1 23 22 19 -12 -8 24 20 -9 -4 -10 -7 38 41 -27 28 32 -30 35 40 -5 58 -35 43 -2 49 -11 -40 -32 -17 -43 -3 60 -46 47 -21 -48 50 52 -52 -6 -22 -13 61 59 -42 -29 -37 -18 -56
right_child=1 3 6 5 9 13 17 15 14 18 16 54 -14 -15 -16 25 44 -19 -20 46 53 -23 -24 -25 -26 26 -28 33 29 -31 31 -33 -34 34 -36 56 -38 -39 39 -41 57 42 -44 -45 45 -47 48 -49 -50 -51 51 -53 -54 -55 55 -57 -58 -59 -60 -61 -62 -63
leaf_value=-0.054824305563037336 0.010517029794582246 0.045350731200882094 -0.027209146731150775 0.066486981426609318 0.054671844159643074 0.10531015422397882 -0.011042197364497163 0.04311990475308481 -0.046014538618700591 0.043700910206337054 0.079630694760854992 0.02368476120700469 -0.045719356557284513 0.14503442386722942 -0.036942098987902815 0.071250773943326004 0.090642925770144225 0.0070718422582906892 0.064041739728597197 0.045240037156166077 0.081540014687917287 0.061197408916037616 0.02893807652156101 -0.02702915671949177 0.26850447332254851 0.2613481265554316 0.097238483542059148 0.074541220238042202 0.098968415030881385 0.062308045452187148 0.053692353161741035 0.075103507540188269 -0.035024986068859253 0.1312298332727817 0.041957592030592322 0.052859947617407803 0.046653931877928677 0.05209869918839314 0.055348117330865532 0.22668924292833392 0.23382454341629966 0.024445781025877945 0.0932250651286049 0.079017723113805713 0.22471402763880383 0.11529452040577717 0.069064897537303313 0.1162013308653914 0.026756415992258416 0.021266391876369795 0.053726865397143955 -0.028496740908002239 0.035206115471942266 0.028859439186484676 0.057454994188297241 0.26638817568181711 0.055426288210013219 0.088301710624673957 0.097475718057967758 0.077977370801608284 0.10782716503151957 0.029360214122193931
leaf_weight=6857033.0404546857 551565.13761281967 336640.3587808609 582341.02624249458 140915.30924034119 206712.95804357529 12071.132167816162 523027.28125989437 32782.99227809906 9069.0352956652641 643541.60716772079 86098.865081787109 654756.02179336548 824832.17862272263 89298.059253692627 81386.109563648701 302357.42396593094 127190.74771881104 158566.01932132244 171621.8997964859 150240.58551216125 270167.42555618286 5028.0795340538025 24598.632753014565 2566.2478771209717 716.19685554504395 1862.648250579834 52863.986366271973 57570.824367523193 100453.42016792297 60825.375406265259 204236.20959997177 215851.86358070374 3155.4950351715088 4797.4552955627441 22803.878179550171 56692.049784660339 24859.970805883408 138228.81111001968 272849.8152089119 1000.3727416992188 1476.5882005691528 8469.0896134376526 120589.31457614899 25831.554581642151 4774.7098693847656 29109.873355865479 373946.68624591827 13889.066360473633 25958.46324300766 100773.65164232254 48638.967193841934 31904.248522281647 656040.42922139168 9576.1619834899902 41317.12535905838 525.06620311737061 435206.01630496979 5711.157244682312 233031.86911964417 115208.01758575439 211707.94826507568 98432.569503545761
leaf_count=7945181 207455 18350 473843 2531 24847 96 320315 1223 8426 52369 1100 155488 862518 314 76925 6316 1337 74059 10120 4742 5764 1251 14589 45 15 13 627 602 1345 985 9535 7646 58 89 331 2315 4641 13375 17408 14 29 197 2406 1243 18 151 8870 250 1132 14034 6085 5021 85264 216 7578 15 17939 182 2420 3908 1706 20074
internal_value=-0.00111111 0.055082 -0.0481527 0.0735153 0.0351186 0.0938815 -0.0159117 0.0647597 -0.0533999 0.0440496 0.0898206 0.0203231 -0.0538467 0.136173 -0.023572 0.0713808 0.0994638 -0.00682814 0.0501365 0.0669108 0.0758957 -0.0264523 0.00874792 0.0821079 0.0475371 0.0794406 0.102825 0.0827241 0.0752913 0.0851422 0.0583004 0.0655941 0.0642636 0.0898567 0.0574748 0.0550861 0.0120756 0.0384393 0.0473646 0.0559741 0.0558855 0.0764743 0.0887117 0.04775 0.104044 0.130714 0.0619323 0.0512451 0.0663186 0.0366308 0.0382722 0.0211569 0.0398701 0.0797367 0.0263028 0.0385229 0.0594661 0.1182 0.0929322 0.0696938 0.101378 0.0376665
internal_weight=1.66553e+07 7.58941e+06 9.06588e+06 3.94593e+06 3.64348e+06 1.18637e+06 1.26896e+06 2.75956e+06 7.79692e+06 2.27203e+06 1.08244e+06 1.37146e+06 7.68187e+06 103935 115054 1.3627e+06 458882 681593 1.08973e+06 876561 312527 587369 33667.7 14637.4 918108 486142 54726.6 623554 305350 161279 1.39685e+06 427276 144071 318204 27601.3 969578 576425 1.1823e+06 917392 273850 211424 431416 129058 362472 372783 33884.6 564035 164130 399905 1.04407e+06 943297 80543.2 862753 279744 795031 140275 607106 7187.75 290603 171900 338899 139750
internal_count=10506941 729834 9777107 106031 623803 13128 869468 92903 8907639 228552 12673 395251 8807699 455 99940 31756 4312 394374 79926 22197 7203 475094 23015 141 69806 9559 640 8361 4919 2330 61147 17392 2589 3442 420 43755 212096 148626 69791 17422 9746 8919 2603 19593 3212 169 14994 4992 10002 135251 121217 11106 110111 5980 183155 27667 24162 211 3022 6223 3043 27652
is_linear=0
shrinkage=0.05


Tree=16
num_leaves=63
num_cat=0
split_feature=16 16 16 23 16 23 16 16 23 16 18 16 17 5 20 3 17 14 7 20 28 20 23 10 23 7 14 3 26 17 16 17 18 19 18 10 17 15 7 18 18 15 26 18 26 18 3 10 28 12 5 20 5 17 6 10 18 18 7 26 12 3
split_gain=1.59341e+07 975622 506473 250100 165866 65825.6 49404.3 42002 37002.7 28403 22007.4 21674.5 20373.7 18539.5 16915 16573.8 15496.5 15786.9 20341.8 15187.2 15119.5 14800.3 14181.2 13895 22516.6 13738 15873.6 12970.2 12378.1 11740.2 11686.6 13407.2 13125.1 12747.9 11542.3 11358.1 13064.5 11331.7 11678.4 11142.6 14540.1 12990.4 10945.4 10396.8 10395.5 10345.4 13863.7 10159.1 9983.12 9953.28 12130.4 9893.75 9670.8 9642.29 9638.95 9501.96 26041.6 10149.9 9237.29 8999.87 8870.43 8618.51
threshold=1.8022094127693691 41.32358243625081 0.23634902075416547 279.92857360839849 7.5862044875202779 921.64285278320324 104.63966278265704 0.70882140473120647 1.214285731315613 21.099515123034866 2484.5000000000005 0.058597442107750482 2.2227363125541677 1.0000000180025095e-35 24.500000000000004 2.5000000000000004 64.745858732170532 -0.5 1.0000000180025095e-35 33.500000000000007 576.37683105468761 138.50000000000003 6.0714285373687753 -0.22252093395631442 42.214284896850593 1.0000000180025095e-35 -0.37940952255126015 11.500000000000002 3.0315696001052861 0.41690753255866414 169.12526006191953 45.358435227972414 193.50000000000003 543.50000000000011 132.50000000000003 1.0000000180025095e-35 11.156411012650876 17138.000000000004 1.0000000180025095e-35 892.50000000000011 12.500000000000002 17665.500000000004 7.1962137222290048 521.50000000000011 684.49328613281261 22.500000000000004 2.5000000000000004 -0.22252093395631442 27.153470039367679 1.0000000180025095e-35 1.0000000180025095e-35 1922.0000000000002 1.0000000180025095e-35 11.156411012650876 1.0000000180025095e-35 0.81174490092936691 242.50000000000003 174.00000000000003 1.0000000180025095e-35 90.379611968994155 -0.5 2.5000000000000004
decision_type=2 2 2 2 2 2 2 2 2 2 2 2 2 2 2 2 2 2 2 2 2 2 2 2 2 2 2 2 2 2 2 2 2 2 2 2 2 2 2 2 2 2 2 2 2 2 2 2 2 2 2 2 2 2 2 2 2 2 2 2 2 2
left_child=2 4 8 6 12 14 21 22 11 19 27 -1 42 -14 30 -10 17 18 -8 29 48 34 -4 24 -22 53 -27 55 -9 -6 32 33 58 -32 37 -15 -37 38 -3 40 41 -16 -2 -42 -33 52 -47 -29 -18 -23 -51 -52 -31 -19 -39 56 -7 -57 -5 -20 -12 -24
right_child=1 3 7 5 9 10 16 28 15 -11 60 -13 13 35 39 -17 20 25 59 -21 23 49 61 -25 -26 26 -28 47 -30 45 31 44 -34 -35 -36 36 -38 54 -40 -41 43 -43 -44 -45 -46 46 -48 -49 -50 50 51 -53 -54 -55 -56 57 -58 -59 -60 -61 -62 -63
leaf_value=-0.054748973556366543 0.0040093980565212217 0.034733204439241862 -0.029019383638379664 0.036645492450866832 -0.032449768916832662 0.051120679626610648 0.041561022594679559 -0.014136989610208532 0.030856957088478611 0.043774235637378096 0.10069553125984528 -0.045950146589292411 0.015428492351067392 0.023002608225812692 0.10108768456254713 -0.034640370021042727 0.15177047523040141 0.038548475394941398 0.18357214455851587 0.047199922607865874 0.11335978474782811 0.053342112833567414 0.082647290756800496 0.10604443860479096 0.032571163556868725 0.082328341852006048 0.023047134927762773 0.082465134151744376 0.0014891967922977412 0.025342329428779731 0.045833950053285041 0.073033722209810636 0.075532347316173226 0.089648454675620923 0.05971542649113596 0.038612284982779618 0.087936034860495407 0.049140256745785905 0.072893535037099833 0.098734129689776629 0.059932047613149964 0.074496308176024609 0.017331844192975669 0.083186835769756523 0.092266668559172399 0.067633930389328592 0.034427233155916233 0.16783153289433878 0.066854414559228081 0.061079507472196926 0.087198051510938318 0.22525551696542123 0.036526705026632973 0.066998234796014883 0.070173270258693354 0.13300025455766393 0.10062249529117523 0.061739409958018 0.078446493073719176 0.084043372716915213 0.13633652240285135 -0.0063451003293523919
leaf_weight=6504893.4239401221 418313.24689984322 217514.40458679199 610791.52183234692 60948.347783088684 7349.9012017250061 38303.573860168457 155228.22746562958 425751.20739889145 17665.444650352001 1045608.864027977 23985.512420654297 784307.13163781166 364319.69153761864 95590.265612959862 114532.66412639618 21309.412189126015 3490.1029300689697 31190.467225074768 2796.3727931976318 156104.68741846085 14667.734643936157 165954.63604831696 4322.6767110824585 54332.761976242065 20934.420337677002 15767.237276077271 39788.672214984894 5242.4666519165039 180445.17199230194 628480.34073162079 57339.794893264771 157552.72449493408 70155.701425552368 23367.437955856323 254031.16586208344 71149.537617087364 16547.827053666115 934515.80133724213 22085.20806646347 109539.95163345337 101320.11651229858 76682.447292327881 244156.53930950165 91448.280082702637 126816.18201065063 40548.741370677948 139806.23702573776 10400.663368225098 418816.6217341423 103370.25030136108 50272.20135307312 1332.1026229858398 279117.78078150749 660444.1311416626 57844.53022480011 22577.144798278809 86725.469055175781 6417.9099273681641 16876.288165092468 12100.897930145264 64174.515773773193 7340.1475933790207
leaf_count=7915982 168834 12082 528838 1382 1551 280 4742 281023 8368 83548 83 862785 108678 26289 1153 19580 73 1112 44 18775 182 6272 930 644 287 349 1536 31 94480 102699 1028 1721 1137 285 9214 18763 3579 45028 975 907 1223 850 71075 941 1159 4229 16456 46 8373 3656 1520 17 40064 14208 2593 97 448 34 264 206 199 4034
internal_value=-0.00112135 0.0495703 -0.0485615 0.0649757 0.0297994 0.0838327 0.0576088 -0.0188534 -0.0535424 0.0376917 0.106374 -0.0538022 0.0148181 0.021954 0.0780588 -0.00495342 0.064554 0.0606638 0.0469172 0.0326094 0.0715205 0.052114 -0.0279765 0.0901352 0.0658556 0.0637937 0.0398719 0.0958441 -0.00948557 0.0305299 0.0717017 0.0765062 0.0598486 0.0585199 0.050011 0.0349246 0.0479194 0.04801 0.0382507 0.0846675 0.0806546 0.0904239 0.00891946 0.0709641 0.0816108 0.0309554 0.0418931 0.139224 0.0675562 0.0618514 0.0709636 0.0907624 0.0287819 0.0657153 0.0503663 0.0914382 0.0854573 0.117227 0.0457102 0.102727 0.12664 0.0266388
internal_weight=1.65648e+07 8.00798e+06 8.55683e+06 4.50089e+06 3.50709e+06 1.26441e+06 3.23648e+06 1.22865e+06 7.32818e+06 2.29702e+06 257827 7.2892e+06 1.21008e+06 547607 1.00658e+06 38974.9 1.42956e+06 917316 170125 1.25141e+06 512242 1.80692e+06 622454 89934.9 35602.2 747191 55555.9 169667 606196 1.0953e+06 513056 365076 147980 80707.2 1.48599e+06 183288 87697.4 1.23196e+06 239600 493523 383984 191215 662470 192768 284369 1.08795e+06 180355 15643.1 422307 320929 154975 51604.3 907598 691635 992360 154024 125029 28995.1 77824.6 14897.3 88160 11662.8
internal_count=10506941 790921 9716020 126381 664540 13268 113113 909305 8806715 267322 1218 8778767 397218 157309 12050 27948 31756 22197 4992 183774 9559 81357 533802 1113 469 17205 1885 936 375503 164999 6976 4193 2783 1313 69892 48631 22342 60678 13057 5074 4167 2003 239909 2164 2880 163448 20685 77 8446 11465 5193 1537 142763 15320 47621 859 728 131 1646 250 282 4964
is_linear=0
shrinkage=0.05


Tree=17
num_leaves=63
num_cat=0
split_feature=28 24 28 17 23 17 17 17 23 17 17 13 17 28 0 7 0 0 13 7 13 0 0 18 4 13 15 0 24 17 22 4 18 3 0 7 0 12 18 4 4 4 20 3 13 28 26 28 19 4 21 0 4 3 17 17 4 4 24 17 27 7
split_gain=1.40265e+07 876125 393166 242349 193215 82737.3 59850.5 59224.6 51515.4 40351.1 38593.9 30411.8 26494.7 23958.6 23275.8 20962.3 62790.3 33844.7 25257.2 20615.6 18337.4 17678.5 26379 16650.7 16576.6 15963.6 15342.7 15342.1 15281.4 14223.7 13146.3 12712.6 12447.7 12362.4 12336.5 18590.2 12973.7 12263.6 12017.7 14524.6 15028.8 13121 11687.3 11647.8 11613.3 11544.1 11340.7 11037.9 10983.7 10877.2 10570.2 10513.9 12145.6 10012.1 9584.76 8984.96 9505.45 8769.81 8652.95 8491.03 10573.7 8448.9
threshold=3.7704991102218632 38.535715103149421 0.7291143834590913 2.2227363125541677 279.92857360839849 3.7435794466503021 0.64996868815818443 17.795505150693206 921.64285278320324 31.691325979391426 0.68631390432944506 -0.78656609248549292 0.17458225106393785 14.343907833099367 8.5000000000000018 1.0000000180025095e-35 16.500000000000004 14.500000000000002 -0.9159756150367534 1.0000000180025095e-35 -0.9159756150367534 16.500000000000004 13.500000000000002 2484.5000000000005 4.5000000000000009 0.78656609248549325 17664.500000000004 8.5000000000000018 6.1071429252624521 0.15627099193909541 793.50000000000011 5.5000000000000009 402.50000000000006 2.5000000000000004 18.500000000000004 1.0000000180025095e-35 16.500000000000004 -1.0000000180025095e-35 705.00000000000011 1.0000000180025095e-35 4.5000000000000009 1.0000000180025095e-35 2503.5000000000005 2.5000000000000004 0.78656609248549325 1.0000000180025095e-35 3.7764923572540288 1.0000000180025095e-35 679.50000000000011 3.5000000000000004 215.50000000000003 20.500000000000004 5.5000000000000009 11.500000000000002 64.745858732170532 4.2287489252307369 5.5000000000000009 3.5000000000000004 3.9642857313156132 64.745858732170532 715.47216796875011 1.0000000180025095e-35
decision_type=2 2 2 2 2 2 2 2 2 2 2 2 2 2 2 2 2 2 2 2 2 2 2 2 2 2 2 2 2 2 2 2 2 2 2 2 2 2 2 2 2 2 2 2 2 2 2 2 2 2 2 2 2 2 2 2 2 2 2 2 2 2
left_child=2 3 5 10 9 12 29 13 30 14 58 54 45 -5 32 18 17 -17 -9 20 -16 22 -21 53 44 49 -22 37 -12 -4 38 34 55 -26 36 -36 -29 48 41 -40 -41 42 -6 57 -20 -1 61 -14 -11 -15 -19 -18 -53 -10 -7 56 -3 -13 -2 -33 -61 -8
right_child=1 4 6 7 8 11 46 15 23 27 28 43 47 25 19 16 51 50 24 21 26 -23 -24 -25 33 -27 -28 31 -30 -31 -32 59 -34 -35 35 -37 -38 -39 39 40 -42 -43 -44 -45 -46 -47 -48 -49 -50 -51 -52 52 -54 -55 -56 -57 -58 -59 -60 60 -62 -63
leaf_value=-0.054987970608064055 -0.011211159894360632 0.04793058359373982 -0.036952948854903057 0.018338907088693263 0.077099352180573413 0.029668311745362122 -0.0050189766029764271 0.060667048385424187 0.081854145547256701 0.065284930263128538 0.0074021787799394409 -0.028780649061652439 -0.047928461708540031 0.025507884662189673 0.047253898033521806 0.051529714887387869 -0.030188723477318255 0.16102721594166866 0.034342635789469354 0.036967325624527814 0.022021395010533074 0.0044444253884698892 0.084509630708672567 0.1115266307421251 0.07426067051785315 0.04453392046464822 0.040445063647733717 0.052517975754605317 0.022704559103379072 -0.022118585957771719 0.083004752680458385 0.059827525877638982 0.079007436733410805 0.046473728141256575 0.046489501877232137 -0.026584256197748096 0.063815228398422172 0.089146894416964162 0.044206756735571 0.088033039413673853 0.057506266782135919 0.060880601284929003 0.17379382196094573 -0.033951281205467261 0.067669791493213616 -0.049102864956660573 0.015152925276130026 -0.034726349296223744 -0.0077141697970402844 0.035082188125865769 0.35984451624325248 -0.0029534403641349365 0.11555991344830795 0.12230526829904194 0.1433284907657357 0.055885204334567666 0.0059361219835738551 0.036647609433307984 0.0050341059176986398 0.076276403015787683 0.15427154381547858 -0.030756268122115439
leaf_weight=5143625.7695301771 263756.51093924046 46520.205249786377 290709.77693104744 400951.49794834852 105539.35622882843 23172.230372846127 295231.01424866915 229180.11040043831 163185.41228103638 87523.458868026733 394849.9346550107 8906.9648034572601 596304.27316296101 646448.47779655457 389820.93544268608 27284.15218269825 35768.888232111931 4301.3102405071259 453846.50312423706 47640.658608436584 198276.76344537735 12848.145552635193 75285.218407392502 94911.7239112854 50737.003389358521 220858.08774256706 262757.94469308853 695948.23815751076 278031.00587427616 363824.24243271351 171084.14870452881 123088.89853644371 50723.348598480225 189660.71732163429 192486.09518384933 9115.6662571430206 400321.95751571655 66180.310817718506 30055.885786056519 179008.92227363586 52041.718263626099 524761.79726314545 3220.4139862060547 65933.840586304665 27737.522614479065 994404.49560439587 64271.784264683723 215557.98792421818 5475.1358947753906 548232.82520186901 791.63968849182129 9988.7267618775368 2758.8352371454239 16880.3310546875 2016.1693177223206 363680.19419431686 18970.194557189941 12050.33078122139 118929.0108615756 74319.827435493469 4615.4644508361816 35748.167412221432
leaf_count=6570970 157792 3122 287315 106431 1159 10658 168197 11898 859 1456 151871 7999 714961 94861 17749 1950 3456 251 41713 2410 12479 667 3151 282 3460 20667 12370 21136 58796 288319 1550 3454 1196 14601 7427 619 7220 989 353 1577 692 6868 15 60093 769 1206051 28288 216004 84 71933 14 2743 510 77 76 12547 1186 7819 43064 1596 40 29081
internal_value=-0.00112568 0.0442812 -0.0479804 0.0269794 0.0594052 -0.0522245 -0.0194299 0.0345627 0.0752841 0.0525942 0.006515 -0.00960737 -0.0529118 0.0291284 0.0465516 0.0441275 0.0196926 0.0736168 0.0462056 0.0421584 0.0392713 0.0602515 0.0660844 0.0945793 0.0416151 0.0321845 0.0325216 0.0579354 0.0137251 -0.0287072 0.0703056 0.0563691 0.0555836 0.0523383 0.0545529 0.0431853 0.0566434 0.072695 0.067877 0.0769039 0.0811573 0.0641565 0.0799627 -0.0236304 0.0362622 -0.0540345 -0.00406662 -0.0444232 0.0609872 0.0299015 0.191938 -0.0162934 0.0226956 0.0856463 0.0387668 0.0528151 0.0357664 0.00884 -0.00616253 0.0680365 0.0808371 -0.00779882
internal_weight=1.64822e+07 8.3704e+06 8.11176e+06 3.90411e+06 4.46629e+06 7.06197e+06 1.04978e+06 2.84855e+06 1.34069e+06 3.1256e+06 1.05557e+06 112080 6.94989e+06 1.81649e+06 1.46652e+06 1.03206e+06 80893.6 32377.1 951162 986630 850856 135774 122926 274977 721982 1.41554e+06 461035 1.65908e+06 672881 654534 1.06571e+06 1.4999e+06 479894 240398 1.29787e+06 201602 1.09627e+06 159179 894628 261107 231051 633522 108760 86891.1 481584 6.13803e+06 395251 811862 92998.6 1.19468e+06 5092.95 48516.5 12747.6 180066 25188.4 429171 65490.4 20957.3 382686 202024 78935.3 330979
internal_count=10506941 911110 9595831 786780 124330 8794631 801200 375257 13432 110898 411523 86645 8707986 293892 66877 81365 8924 2215 72441 48826 42598 6228 5561 1218 60543 187461 24849 44021 210667 575634 12214 41492 18051 18061 36402 8046 28356 2529 10664 2622 2269 8042 1174 75911 42482 7777021 225566 930965 1540 166794 265 6709 3253 936 10734 16855 4308 15818 200856 5090 1636 197278
is_linear=0
shrinkage=0.05


Tree=18
num_leaves=63
num_cat=0
split_feature=16 16 16 16 16 18 18 23 27 22 20 4 16 3 23 18 26 3 18 16 1 25 12 4 16 12 4 3 20 11 3 14 22 3 20 13 23 4 4 4 14 13 18 19 18 14 3 13 4 2 22 11 11 25 1 23 13 13 20 18 16 20
split_gain=1.32152e+07 720949 416257 207960 93463.7 59494.3 38915.2 34794.5 33872.5 21726.1 21522.4 21032.2 19244.8 17450.7 17117.7 16744.8 16101 14631.6 13633.9 12246.1 12223.8 12461.5 12209.6 12036.5 11894.5 11878.6 11658.9 11631.1 11625.3 11332.6 13667.7 13474.1 12146.2 10986.4 10906.8 14777.5 16172.1 11627.1 10631.1 10558.1 12687.6 10444.9 10357.5 10355.7 9928.29 11471.2 9528.98 9295.92 11564.6 9487.33 8593 8480.31 8412.34 9109.92 8015.57 14598.6 8456.68 7697.08 7524.39 7470.93 6915.05 6851.94
threshold=1.4899267061368937 24.756485567090731 0.20692259610376082 169.12526006191953 4.9150380370727538 1478.0000000000002 193.50000000000003 0.92857143282890331 1.8700941801071169 1815.0000000000002 152.50000000000003 1.0000000180025095e-35 0.047959500960510458 2.5000000000000004 16.642856597900394 6.5000000000000009 289.83993530273443 3.5000000000000004 12.500000000000002 0.59258285569011748 1318.5000000000002 280.64999389648443 1.0000000180025095e-35 5.5000000000000009 49.095524060908325 -0.5 4.5000000000000009 1.5000000000000002 126.50000000000001 0.68301270189221941 3.5000000000000004 -0.5 858.00000000000011 2.5000000000000004 117.50000000000001 -0.9159756150367534 525.07144165039074 5.5000000000000009 3.5000000000000004 5.5000000000000009 0.1294095225512602 0.78656609248549325 917.50000000000011 205.50000000000003 1343.5000000000002 -0.5 11.500000000000002 0.78656609248549325 1.0000000180025095e-35 2024.5000000000002 2411.0000000000005 0.68301270189221941 -0.24999999999999994 57.266666412353523 1213.5000000000002 379.50000000000006 0.78656609248549325 -0.5 145.50000000000003 140.50000000000003 0.61845908122908433 1266.0000000000002
decision_type=2 2 2 2 2 2 2 2 2 2 2 2 2 2 2 2 2 2 2 2 2 2 2 2 2 2 2 2 2 2 2 2 2 2 2 2 2 2 2 2 2 2 2 2 2 2 2 2 2 2 2 2 2 2 2 2 2 2 2 2 2 2
left_child=2 4 7 6 15 9 10 12 19 16 24 -8 -1 -9 39 23 61 27 60 -4 43 -22 25 52 -3 -12 50 -13 29 31 32 -16 -31 -20 35 -7 -37 -38 -29 46 -41 -28 47 -18 45 -19 -6 48 -11 -49 -24 -17 -2 -54 56 -56 -26 -25 -48 -30 -10 -5
right_child=1 3 8 5 14 34 11 13 18 42 22 17 -14 -15 28 51 20 44 33 -21 21 -23 26 57 54 -27 41 38 59 30 -32 -33 -34 -35 -36 36 37 -39 -40 40 -42 -43 -44 -45 -46 -47 58 49 -50 -51 -52 -53 53 -55 55 -57 -58 -59 -60 -61 -62 -63
leaf_value=-0.054780095973773105 0.010399210020595967 0.036667711050498063 -0.032587018541648881 0.052420937492502068 0.023204034695732737 0.057348801787757919 0.032445332413582037 0.026066030948043224 -0.020874900574229777 0.13708365623194466 0.050684642661889372 0.048555594029468151 -0.046436837970878074 -0.036669649122344571 0.017063080001460517 0.016821502197232965 0.060620940503302113 0.044048523543609192 0.067507710977014121 -0.019245000916814289 0.062669415903425216 0.0087550934452052791 0.051415136777824604 0.032215072475594658 0.040149705700969776 0.027244533517063175 0.067501005500487044 0.088973328808578861 0.050225335240428826 0.049059665846620318 0.021270792332907344 0.034820092616599053 0.28354788389983532 0.0021897786745581627 0.096825823336486094 0.024102851282926149 0.11611055337835846 0.043745387409119152 0.063010905942564491 0.027663183869299515 0.058042809294362722 0.11749352431697119 0.027008635799483025 0.071049504611818332 0.00083219562709011159 0.062185793909061204 0.0048169970923074065 0.18225606011581114 0.062305936881982521 0.10535230504693237 0.1929975168018121 0.04619686433922273 -0.0014781488314209155 0.34727536474605514 0.053909945003364206 -0.0011010769637798262 0.050364156327608156 0.0074453093477912088 0.091750137174574808 0.1088453460981766 -0.0066831207074247549 0.077971048706452051
leaf_weight=5773985.5258064866 230465.44409942627 1047191.790019989 419017.82507407665 522831.98934841156 992262.24610710144 53894.432563781738 82882.422370910645 19392.180371940136 130900.01635152102 6793.8343620300293 200219.5346570015 48231.656260490417 785163.64111894369 25874.557437539101 183825.89214015007 85792.76652598381 505619.38519954681 148464.83108615875 9675.1274951696396 291732.40954053402 23776.474662780762 19514.370777130127 181062.05746173859 60926.698437333107 1155136.5184879303 74035.939136981964 72481.771405220032 82780.747127532959 31032.629838943481 143360.95879840851 58328.629990339279 255068.5376033783 554.30231666564941 19239.277845144272 144392.24565696716 7019.2941989898682 38571.105995178223 6484.3182258605957 75300.965676307678 164419.3032772541 43451.128886461258 12208.353268623352 5508.6010437011719 449878.96161842346 8762.677095413208 211196.37191677094 97729.637094020844 5220.3057250976562 21641.542156219482 17311.083974838257 1078.0047149658203 34428.834577322006 452930.25236034393 187.22532367706299 258097.39011669159 12651.113367080688 245748.5390791893 64637.597187399864 2554.0531749725342 6589.7263569831848 249324.04033923149 27628.096446990967
leaf_count=7747536 91081 72777 408983 8791 181479 373 2430 10273 108215 48 6838 1292 957374 26204 21790 27180 5706 4697 2809 221284 349 217 5492 21883 43950 2538 2035 1471 2439 13848 6640 27788 13 10765 528 84 165 37 1601 27646 5804 315 33 3721 169 5327 19746 16 211 90 8 9407 186687 4 8778 216 8413 25388 272 343 155036 308
internal_value=-0.00112466 0.0412022 -0.0487003 0.0514286 0.0209023 0.0652147 0.0448968 -0.0534799 -0.0205132 0.06168 0.0426586 0.0559922 -0.0537814 -0.0097937 0.0270442 0.00782242 0.0605695 0.0593878 -0.00905195 -0.0271107 0.0643537 0.0383665 0.0517655 0.00523543 0.0408461 0.044357 0.0593802 0.0700488 0.0334805 0.0318953 0.041688 0.0273828 0.049963 0.0240463 0.0878853 0.0757029 0.0946981 0.105696 0.0766064 0.0236847 0.0340135 0.0747078 0.0921421 0.0655311 0.0534178 0.0546989 0.0217195 0.0991817 0.0801726 0.123171 0.0522532 0.025234 0.0026218 -0.00133396 0.0434637 0.0513395 0.0419416 0.0194642 0.00703117 0.0604933 -0.011569 0.0537033
internal_weight=1.64065e+07 8.68216e+06 7.7243e+06 5.77362e+06 2.90855e+06 1.85609e+06 3.91753e+06 6.60442e+06 1.11989e+06 1.60572e+06 3.25991e+06 657620 6.55915e+06 45266.7 1.97918e+06 929369 1.54925e+06 574737 409138 710750 998789 43290.8 541086 809147 2.71883e+06 274255 266830 206313 678761 641138 202244 438894 143915 28914.4 250361 105969 52074.7 45055.4 158082 1.30042e+06 207870 84690.1 56475.4 955498 368424 359661 1.09255e+06 50966.8 28435.4 22531.4 182140 120222 683583 453117 1.67163e+06 270749 1.40089e+06 125564 100284 37622.4 380224 550460
internal_count=10506941 858462 9648479 189024 669438 20677 168347 8741387 907092 19490 151360 16987 8704910 36477 307808 361630 19092 14557 276825 630267 9993 566 17226 325043 134134 9376 7850 4364 72861 70079 20501 49578 13861 13574 1187 659 286 202 3072 234947 33450 2350 398 9427 10193 10024 201497 365 259 106 5500 36587 277772 186691 61357 8994 52363 47271 20018 2782 263251 9099
is_linear=0
shrinkage=0.05


Tree=19
num_leaves=63
num_cat=0
split_feature=16 16 16 16 16 23 26 27 23 16 17 4 23 20 11 14 14 26 17 14 0 15 22 23 12 26 12 14 14 0 17 12 4 25 25 17 11 25 10 27 17 1 16 4 21 11 20 11 14 27 0 4 12 21 23 20 1 1 15 12 1 4
split_gain=1.2076e+07 617268 396599 168580 87139.8 46144.9 35100.2 30073.6 29231.5 19660.9 16013 25167.4 15665.9 15608.5 14769.5 16250.1 14927.8 14673.2 14434.2 16952.7 14647.6 15584.6 13697.5 13676.5 12926.9 13710.3 16447.5 15073.6 14393.4 12763.7 14361.8 12646.3 12295.6 11527.7 16518.3 11023.1 10768 10389.9 12111.1 10337.1 9701.06 15294.9 9630.39 8863.83 11821.4 19888.9 8785.27 8779.23 9490.52 8759.43 8475 8451.13 12035.9 8237.62 8147.54 8142.59 10600 10459.1 7830.48 7584.98 7499.19 7085.89
threshold=1.4036775225111506 24.756485567090731 0.20692259610376082 169.12526006191953 4.5199638312376917 733.42858886718761 1.5196915268898012 1.5837312936782839 101.28571701049806 0.047959500960510458 17.795505150693206 3.5000000000000004 22.785714149475101 49.500000000000007 0.93301270189221952 -0.78656609248549325 -0.37940952255126015 684.49328613281261 64.745858732170532 -0.5 18.500000000000004 17670.500000000004 1815.0000000000002 6.357142686843873 0.6830127018922193 6.7981069087982187 1.0000000180025095e-35 -0.37940952255126015 -0.5 8.5000000000000018 45.358435227972414 0.25000000000000017 4.5000000000000009 95.366668701171889 81.500000000000014 4.8757316192246076 0.68301270189221941 1.0000000180025095e-35 1.0000000180025095e-35 2.6690098047256474 64.745858732170532 1213.5000000000002 0.52551257613092206 4.5000000000000009 1840.5000000000002 -0.5 1000.0000000000001 -0.24999999999999994 -0.5 14.133002281188967 8.5000000000000018 3.5000000000000004 1.0000000180025095e-35 7.5000000000000009 101.28571701049806 102.50000000000001 411.50000000000006 1118.5000000000002 17668.500000000004 0.93301270189221952 411.50000000000006 2.5000000000000004
decision_type=2 2 2 2 2 2 2 2 2 2 2 2 2 2 2 2 2 2 2 2 2 2 2 2 2 2 2 2 2 2 2 2 2 2 2 2 2 2 2 2 2 2 2 2 2 2 2 2 2 2 2 2 2 2 2 2 2 2 2 2 2 2
left_child=2 4 6 8 12 18 9 42 10 -1 47 50 39 24 17 -16 46 29 32 -20 21 -21 43 -9 25 51 28 -28 -27 35 -31 -8 -5 34 -19 -10 -33 38 -26 59 58 -42 -4 -7 45 -45 -17 48 -3 -49 -12 52 -6 -53 -15 56 -34 -57 -13 -2 -52 -41
right_child=1 3 7 5 13 22 31 23 14 -11 11 40 -14 54 15 16 -18 33 19 20 -22 -23 -24 -25 37 26 27 -29 -30 30 -32 36 55 -35 -36 -37 -38 -39 -40 61 41 -43 -44 44 -46 -47 -48 49 -50 -51 60 53 -54 -55 -56 57 -58 -59 -60 -61 -62 -63
leaf_value=-0.054754980700193891 0.00048050216204900795 0.02871861293507319 -0.033117049064505868 0.053828704441219358 0.020098859181441914 0.073343229674315655 -0.038190545308637587 -0.013041702246227638 0.022648825900133056 -0.046100536064224019 0.05499134685310797 0.042315346921088598 0.040622724599238116 0.036522164233238105 0.033955056059775723 0.071815912181422678 0.0072906497748139541 -0.016701032020492675 0.048323926708055034 0.063055297491185144 0.034842751372606721 0.088099238199085106 0.09045229592715015 0.018199118987135863 0.019387173221903881 0.017915180883942929 0.050405803442420086 0.022179210485016435 0.032709178898617214 0.036734094088535077 0.049954901626275909 -0.035076052065882213 0.013908623584135672 0.010458427940775441 0.16700917819487698 0.059485416075475021 0.030799910131329357 0.015505014504728735 0.10623474904036007 0.002306441099190273 0.049828994313841753 0.088720624289728045 -0.020699723168839237 0.11381008592516113 0.01158772796391129 0.045143380121913532 0.025090871237360327 0.01675102159716409 0.046239258286353814 0.032381708192948 0.0270276001785009 0.021545669103376727 -0.0032693787371559356 0.044597577045087905 0.091938265397229296 0.069937411576717956 0.042899112365890238 0.0077736576137063459 0.055293076288361734 -0.023017830737562806 0.037332988112647042 0.013645119361038922
leaf_weight=5494307.2176685333 256448.83765876293 122187.62437057495 337858.80928814411 519372.32152795792 190909.56317663193 248295.80506134033 27146.74868786335 398123.51762288809 22353.352650642395 745271.37404197454 53101.919354438782 499893.19164514542 31827.399511098862 181772.33593988419 52332.2960729599 164449.30406856537 10396.369158744812 2101.7164249420166 235654.11392593384 479042.61433029175 39665.663798809052 71377.715534210205 97015.970363616943 38412.376240253448 9563.3666021823883 307843.4436647892 151497.9729321003 68768.289527654648 352878.57220554352 426286.91926956177 396466.83025741577 9158.3961796164513 48215.691226005554 45238.425714492798 2928.2793312072754 222105.98232555389 19224.461305975914 507011.3964612484 6918.4999961853027 238151.56731021404 92960.364924907684 34723.451958656311 290326.10552740097 14392.090538024902 13773.762676239014 39455.184543609619 10715.953510284424 107131.87931776047 210364.36315345764 548745.66221237183 246250.57348775864 186676.98113894463 77458.058463096619 48909.56329035759 6884.0422859191895 34554.433877944946 91121.638875961304 8414.3108081817627 151454.08940267563 39651.202961087227 623586.2713932991 326955.91298282146
leaf_count=7744863 126501 8084 345923 6675 39100 1109 29147 293311 948 947883 1546 22079 5548 20762 1228 2496 347 56 3195 4692 512 556 293 15472 2252 45125 17655 9341 48144 12757 9146 9479 1032 825 47 4768 10015 85206 1312 90287 3324 918 232160 85 75 284 110 9061 11828 31657 12926 34675 16970 7895 277 444 1599 126 5600 20220 28596 118394
internal_value=-0.00111994 0.0378064 -0.0485957 0.0470733 0.0192546 0.0591893 -0.0533691 -0.0203731 0.0412624 -0.0537213 0.0382458 0.0411855 0.00617457 0.0248246 0.0472503 0.0585627 0.0655025 0.0448421 0.0551802 0.0596608 0.0641882 0.066303 0.074019 -0.0102927 0.0234684 0.0259984 0.029761 0.0415933 0.0258164 0.0460855 0.0431049 -0.0137923 0.0499073 0.0184427 0.0902485 0.0561171 0.00954326 0.0167751 0.0558434 0.00490146 0.0478034 0.0604056 -0.0273782 0.0689725 0.0529234 0.0634966 0.0689575 0.033184 0.0398018 0.0298286 0.0355994 0.0194207 0.0133541 0.0263315 0.0385444 0.0387356 0.0328674 0.0577644 0.045333 -0.00266618 0.0344155 0.0088667
internal_weight=1.63361e+07 8.97625e+06 7.35983e+06 5.98613e+06 2.99013e+06 1.94035e+06 6.29511e+06 1.06472e+06 4.04577e+06 6.23958e+06 2.6904e+06 1.70197e+06 893035 2.09709e+06 1.35538e+06 237894 185562 1.11748e+06 1.52742e+06 825740 590086 550420 412933 436536 1.90844e+06 1.38494e+06 880988 220266 660722 1.06721e+06 822754 55529.6 701678 50268.4 5030 244459 28382.9 523493 16481.9 861208 779031 127684 628185 315917 67621 53847.3 175165 988430 332552 655878 922939 503954 268368 235587 188656 182306 139337 42968.7 651347 296100 869837 565107
internal_count=10506941 878688 9628253 189024 689664 20677 8741387 886866 168347 8692746 135619 74989 360950 328714 32728 4181 2953 28547 18831 8955 5760 5248 1846 308783 307675 218905 120265 26996 93269 27619 21903 48641 9876 928 103 5716 19494 88770 3564 355402 31921 4242 578083 1553 444 369 2606 60630 19912 40718 43068 98640 56070 42570 21039 3201 2631 570 27679 146721 41522 208681
is_linear=0
shrinkage=0.05


Tree=20
num_leaves=63
num_cat=0
split_feature=16 16 16 16 16 18 18 26 27 17 0 10 18 10 18 3 16 18 27 5 25 18 22 0 19 18 3 0 17 17 5 3 11 16 3 17 17 12 17 18 14 17 10 5 12 18 18 3 17 0 12 10 5 3 12 19 25 25 3 25 20 17
split_gain=1.10691e+07 576880 316075 148052 87757.2 40182.9 31123.5 31010.7 26149.8 20361 18852.3 17117 25777.5 16174.3 15932.4 15669.2 15619.8 15091.7 17750 14986.7 14481.6 14271 13758.7 13535.1 13208.4 11999 10826.6 10790 14662.1 10723.2 12992.7 10010.5 9989.29 9383.53 9124.2 8941.54 8428.95 8242.17 7984.4 7930.62 8087.42 7777.25 7740.12 8136.55 19665.3 11745.3 8588.08 7548.22 11372.6 7415.15 7334.61 7305.2 7284.47 7272.63 7003.48 6938.84 6809.09 6725.29 6695.17 7353.97 6686.7 6590.68
threshold=1.1220350424990031 21.099515123034866 0.1686974195828915 169.12526006191953 3.775357903800129 1478.0000000000002 206.50000000000003 1.5196915268898012 1.5837312936782839 17.795505150693206 8.5000000000000018 0.81174490092936691 2.5000000000000004 0.81174490092936691 32.500000000000007 2.5000000000000004 0.039690041107810485 705.00000000000011 715.47216796875011 1.0000000180025095e-35 520.78332519531261 6.5000000000000009 1617.5000000000002 8.5000000000000018 66.500000000000014 12.500000000000002 2.5000000000000004 8.5000000000000018 4.2287489252307369 0.52124950330527775 1.0000000180025095e-35 3.5000000000000004 -0.24999999999999994 0.39044357469015006 11.500000000000002 1.1542640156109913 45.358435227972414 0.6830127018922193 11.156411012650876 1343.5000000000002 -0.5 6.5387276443515772 0.81174490092936691 1.0000000180025095e-35 0.6830127018922193 2744.5000000000005 2744.5000000000005 2.5000000000000004 11.156411012650876 10.500000000000002 0.6830127018922193 -0.56174490092936669 1.0000000180025095e-35 1.5000000000000002 -0.5 856.00000000000011 330.06666564941412 73.416667938232436 5.5000000000000009 28.050000190734867 460.50000000000006 0.61548499474119633
decision_type=2 2 2 2 2 2 2 2 2 2 2 2 2 2 2 2 2 2 2 2 2 2 2 2 2 2 2 2 2 2 2 2 2 2 2 2 2 2 2 2 2 2 2 2 2 2 2 2 2 2 2 2 2 2 2 2 2 2 2 2 2 2
left_child=2 4 7 6 21 11 9 16 33 27 56 17 20 31 24 -9 -1 22 57 50 49 34 38 -24 29 61 53 28 -3 -6 32 37 -31 -4 52 -27 -21 -8 -5 40 -33 -32 43 -7 45 -45 -46 48 -23 -13 -12 -41 58 -16 -29 -56 -11 -19 59 -2 -30 -10
right_child=1 3 8 5 14 42 13 15 25 10 19 12 -14 -15 26 -17 -18 18 -20 36 -22 47 23 -25 -26 35 -28 54 60 30 41 39 -34 -35 -36 -37 -38 -39 -40 51 -42 -43 -44 44 46 -47 -48 -49 -50 -51 -52 -53 -54 -55 55 -57 -58 -59 -60 -61 -62 -63
leaf_value=-0.054804828804451505 -0.0070711126682665481 0.020542458379785709 -0.035540611913062091 0.0035836611099263707 -0.0072956900297412794 0.078880871713634185 0.064103168441713765 0.020448139460643514 -0.019291352356057289 0.057269902910481445 0.036712769313927487 0.07589167098834082 0.037251064756742593 0.027146893046126393 0.029632495794507441 -0.038694552353108591 -0.047092704375326998 0.14864349801129365 0.029788121473957124 0.039029100982281704 0.093240210762795275 0.033166796251743673 0.099065471530471502 0.048672671715333349 0.036402671188105536 0.00027637463691749788 0.027967575928619721 0.033052915445933737 0.039616121746126887 0.022987240802770148 0.020714483829446729 0.037548139796193557 0.013116764011292437 -0.023416350537476868 -0.016525742585216018 0.067733903602511983 0.0501540141485117 0.040955132164220073 0.045755361180314771 0.056755576090625683 0.052559466269310323 0.033286379008823745 0.045730970852735642 0.053828212495474231 0.058035442920107698 -0.0097521513497851667 0.12810396750303929 0.013359344001381135 0.14478320741211295 0.05386436663179648 0.02901809098360025 -0.036087124656805247 0.010020322447107689 0.067392698610779012 0.023138924390637902 0.096208863532164568 -0.0098228535363765537 0.064405519345626869 0.0049797847828920248 0.14105615231763405 0.067043264841460976 -0.004182244506623539
leaf_weight=5113171.2255247235 261490.2519557476 109299.54149961472 303942.74105095863 11336.948734283447 38319.984575390816 199158.2498626709 168269.46827793121 20229.241682171822 234613.38271254301 147886.45267343521 1109093.4102096558 67618.876049041748 75736.751439094543 86558.891822814941 20456.741756916046 25087.952773988247 753292.91044843197 2395.1851997375488 41756.977188110352 442882.34761333466 55286.165428161621 18720.323847770691 24085.318172454834 29827.938400268555 114495.82276773453 14117.732048153877 197735.8931593895 321287.32831954956 353297.79551792145 390360.51093435287 283393.46534371376 150360.47198104858 746565.38595497608 336020.184453547 71693.884254097939 7533.8528877496719 276613.04508876801 49849.464742660522 1127294.9709029198 3407.5830364227295 222511.02083873749 217383.08665418625 26243.211814880371 24000.598751068115 7470.0685367584229 10415.829833984375 10550.263324737549 81542.959179520607 2598.9645808935165 87847.507802963257 429691.40133857727 5601.3312149047852 209432.56607675552 33858.067854166031 502184.03696107864 3270.1084823608398 3880.7010898590088 220412.49816322327 238416.03369784355 840.4895281791687 23714.793713569641 104247.42343741655
leaf_count=7573752 125436 7890 339160 339 10549 736 3005 11528 191151 3734 45126 693 779 2443 2409 28243 1023856 32 258 18085 251 6186 106 269 12659 8501 23056 20865 15772 72433 55244 4499 144313 295933 36061 1929 7863 1257 13861 49 5283 27521 143 170 58 46 34 28099 415 1079 18713 120 93502 3077 33840 75 60 1823 109418 102 573 72479
internal_value=-0.00111178 0.0343314 -0.0490978 0.0427068 0.0159313 0.0539117 0.0375703 -0.0534963 -0.0231075 0.0357665 0.0384958 0.0510976 0.0622703 0.0473523 0.021629 -0.0122936 -0.0538145 0.0489009 0.0597045 0.0373493 0.0712612 0.00277729 0.0465041 0.0711855 0.0199721 -0.0123374 0.0333988 0.030757 0.0366668 0.0188497 0.0194615 0.0502672 0.0165058 -0.0291746 0.000473977 0.0237492 0.0433061 0.0588129 0.0453355 0.0453862 0.0465062 0.0261719 0.0715716 0.074267 0.0567429 0.0345861 0.0990588 0.0202851 0.0467744 0.063445 0.0345641 -0.000968978 0.00219014 0.0531711 0.0272807 0.0236117 0.0555543 0.0653112 -0.00108475 -0.00659645 0.0413414 -0.0146432
internal_weight=1.62707e+07 9.3584e+06 6.91226e+06 6.4311e+06 2.9273e+06 2.02144e+06 4.40966e+06 5.91178e+06 1.00048e+06 3.7231e+06 2.41005e+06 1.7436e+06 286489 686558 2.04257e+06 45317.2 5.86646e+06 1.45711e+06 264565 2.25828e+06 210753 884735 1.19255e+06 53913.3 1.79052e+06 360512 252051 1.31305e+06 486312 1.67602e+06 1.6377e+06 599999 1.13693e+06 639963 781873 21651.6 719495 218119 1.13863e+06 381880 372871 500777 277838 251595 52436.8 34416.4 18020.3 102862 21319.3 155466 1.53878e+06 9008.91 710179 54314.8 826741 505454 151767 222808 500747 262331 377013 338861
internal_count=10506941 960409 9546532 209929 750480 20677 189252 8637379 909153 172596 93581 19490 2802 16656 351261 39771 8597608 16688 2113 89787 2023 399219 14575 375 322719 274060 28542 79015 24235 310060 299511 14213 216746 635093 364519 10430 25948 4262 14200 9951 9782 82765 1187 1044 308 216 92 34700 6601 1772 63839 169 328458 5486 54780 33915 3794 1855 234956 125538 16345 263630
is_linear=0
shrinkage=0.05


Tree=21
num_leaves=63
num_cat=0
split_feature=16 16 16 23 16 26 25 16 27 16 18 3 4 13 27 22 18 23 15 7 4 18 13 28 11 20 3 18 24 6 11 27 13 3 18 7 15 16 11 20 18 18 18 22 7 18 4 22 15 18 13 11 27 16 20 0 7 7 22 13 0 15
split_gain=1.01704e+07 499311 303061 126294 81860.3 31192.9 29670 27498.7 23524.5 16395.3 16182.3 14542.6 14530.7 15575.5 14495.8 14259.6 12530.9 11910.9 11829.4 17581 10262.2 10219.3 9624.44 9151.68 9064.03 9176.82 9044.51 9019.35 9901.04 8707.48 8662.74 9702.55 8561.8 8557.12 8528.79 8011.9 7819.85 7642.72 7602.4 7579.29 7519.1 7391.05 8342.63 7331.04 7243.87 7193.57 14263.1 10160.5 8232.72 15156.8 7160.88 6522.43 5964.71 5812.85 5645.72 5640.49 11139.5 11090.5 5586.36 5532.28 5393.45 5391.91
threshold=1.0677097804945821 21.099515123034866 0.1686974195828915 199.50000000000003 3.775357903800129 1.5196915268898012 520.78332519531261 74.152533998400088 1.2849504351615908 0.039690041107810485 2484.5000000000005 2.5000000000000004 5.5000000000000009 0.12940952255126045 4.2662096023559579 2411.0000000000005 17.500000000000004 9.6428570747375506 17666.500000000004 1.0000000180025095e-35 4.5000000000000009 318.50000000000006 0.91597561503675362 38.725172042846687 -0.24999999999999994 73.500000000000014 11.500000000000002 9.5000000000000018 655.00000000000011 1.0000000180025095e-35 -0.24999999999999994 6.950571060180665 0.91597561503675362 2.5000000000000004 37.500000000000007 1.0000000180025095e-35 15973.000000000002 0.50190850815850829 0.68301270189221941 1922.0000000000002 1478.0000000000002 185.50000000000003 364.50000000000006 703.00000000000011 1.0000000180025095e-35 25.500000000000004 1.0000000180025095e-35 835.00000000000011 17658.500000000004 1478.0000000000002 0.91597561503675362 0.93301270189221952 715.47216796875011 0.46177005898734741 537.00000000000011 16.500000000000004 1.0000000180025095e-35 1.0000000180025095e-35 667.50000000000011 -0.9159756150367534 8.5000000000000018 17621.500000000004
decision_type=2 2 2 2 2 2 2 2 2 2 2 2 2 2 2 2 2 2 2 2 2 2 2 2 2 2 2 2 2 2 2 2 2 2 2 2 2 2 2 2 2 2 2 2 2 2 2 2 2 2 2 2 2 2 2 2 2 2 2 2 2 2
left_child=2 4 5 7 14 9 15 20 37 -1 45 61 16 43 26 18 30 53 19 29 50 24 36 -16 27 52 -2 28 -9 -5 59 44 38 -19 -27 -33 -22 -4 -18 -38 -21 58 -43 55 -32 46 -8 -48 49 -47 -3 54 -26 -10 -52 57 -57 -14 -20 -6 -61 -7
right_child=1 3 8 6 12 11 10 21 17 -11 -12 -13 13 -15 23 -17 32 33 41 40 22 -23 -24 -25 25 34 -28 -29 -30 -31 31 35 -34 -35 -36 -37 39 -39 -40 -41 -42 42 -44 -45 -46 48 47 -49 -50 -51 51 -53 -54 -55 -56 56 -58 -59 -60 60 -62 -63
leaf_value=-0.054762595239219718 -0.0015888207552978376 0.028069080715494896 -0.033880443888377965 0.046913982197928333 0.031436151114617526 0.00031250275800580855 0.083512039703041663 0.046292488507081578 -0.023638261519231353 -0.046691143561955625 0.074567235212894142 -0.038050300307506203 0.023018757467638221 0.013554496728506268 0.0069264668468027625 0.10244033229067223 0.019384769733690962 0.069831584263972013 0.036163744157323922 0.0616757559248301 -0.017602278050699634 0.049841087146159715 0.014892896452950725 0.03897822526165285 0.031593529782909746 0.046093943064587334 -0.024391709135361976 0.033489141302498582 0.14256860314681385 0.024290079644576447 0.008957204624163469 0.014567375358347274 0.055361720068298675 -0.0068650870931062412 0.028448019056673025 0.029251194919234971 0.037527150496821038 -0.02184470404266475 0.037242693687260991 0.17226161148466015 0.10435264187203684 0.072213212085362605 0.042059536006929188 0.20243302973430369 -0.015877216852236239 0.0027316711669608026 0.043895588984824069 0.072143637338790992 0.053308850367684617 0.058952810953479519 0.041882814020350073 0.0027008190027492792 0.058153391839676563 -0.010529377447234388 0.12542884245145944 0.048823470166483043 -0.011317383570397519 0.071155788604147799 0.014779208269298847 0.029952492606492943 0.015682112135169537 0.05400407356458059
leaf_weight=4867456.756747365 411281.15049982071 1604795.3088860512 352776.33047622442 865948.29244709015 115031.55477285385 13351.708451330662 54520.603485107422 412114.48228263855 129868.44671314955 722563.26030796766 129257.79413604736 24258.311861217022 100957.18528389931 102000.56634783745 433769.23058283329 11001.047406196594 185886.40987634659 7185.3897241353989 240095.01270103455 120812.82493400574 6443.4874520301819 196695.60468578339 51441.387712955475 23476.20832669735 787260.0557050705 281239.18447065353 48627.035764098167 179059.61796665192 2687.8369369506836 44728.28689956665 266796.35403847694 540904.5184340477 25575.843465566635 7363.4754457473755 90517.735605239868 112159.63005042076 748877.62165212631 210670.81101733446 87724.633300304413 1045.1708240509033 11285.656936645508 26567.684152603149 167951.04821014404 667.9852123260498 32994.234295606613 24364.460742950439 94259.404487609863 48067.846366882324 214512.05115509033 23600.154956817627 122714.05721282959 10768.15221118927 21722.4821434021 242436.07397264242 2055.9955730438232 105594.12553668022 8304.9358515739441 13574.454570770264 34992.010622024536 85592.834392428398 292433.79078555107 7196.2091377973557
leaf_count=7573752 219820 93868 396452 10800 19339 8796 221 9560 124322 1023856 314 28243 15316 17463 166924 78 24222 1045 3328 1370 619 3481 3134 4627 20858 5795 28068 4185 15 572 63394 88682 3348 3112 1892 16132 36729 183649 9391 13 72 360 1824 26 8570 183 638 250 1085 114 7103 740 240 180353 62 14390 1394 1464 426 15299 52831 2732
internal_value=-0.00110038 0.0316591 -0.0489813 0.0393104 0.0147085 -0.0533862 0.0494043 0.0345934 -0.0228618 -0.0537193 0.0589386 -0.0118338 0.0202041 0.0298072 0.00226788 0.0457205 0.0183821 -0.0133677 0.045308 0.0482755 0.031163 0.0390277 0.0358204 0.00857211 0.0378291 0.0352949 -0.00399983 0.0428679 0.0469164 0.0458028 0.0164547 0.0136708 0.0276964 0.0310137 0.0417974 0.0170892 0.0372437 -0.0293803 0.0251104 0.037715 0.0653219 0.0387184 0.046178 0.0370432 0.00622397 0.0545405 0.061766 0.0534358 0.0491215 0.0303945 0.0290012 0.0400374 0.0323067 -0.0151021 0.0432596 0.0365595 0.0444383 0.0287241 0.0334436 0.0218349 0.0189132 0.0191166
internal_weight=1.62099e+07 9.62476e+06 6.58513e+06 6.6314e+06 2.99335e+06 5.63483e+06 2.11196e+06 4.51944e+06 950301 5.59002e+06 588582 44806.2 2.0762e+06 331099 917154 1.52338e+06 1.7451e+06 386853 1.51238e+06 1.04278e+06 2.54814e+06 1.9713e+06 807808 457245 1.7746e+06 1.18074e+06 459908 593862 414802 910677 1.44591e+06 952855 299187 14548.9 371757 653064 756366 563447 273611 749923 132098 469606 194519 229099 299791 459325 196848 142327 262477 47964.6 1.74033e+06 135538 808983 372305 124770 228431 113899 114532 275087 493058 378027 20547.9
internal_count=10506941 980629 9526312 209929 770700 8637379 21635 188294 888933 8597608 2805 39771 351261 50053 419439 18830 301208 308832 18752 12814 142268 46026 40495 171551 42545 28785 247888 13760 9575 11372 264247 176778 36961 4157 7687 104814 37361 580101 33613 36742 1442 5938 2184 32590 71964 2491 1109 888 1382 297 101773 7905 21098 304675 7165 32564 15784 16780 3754 87469 68130 11528
is_linear=0
shrinkage=0.05


Tree=22
num_leaves=63
num_cat=0
split_feature=16 16 16 23 16 16 23 23 23 16 16 3 18 15 18 20 18 9 9 13 18 18 15 26 3 3 20 12 4 19 11 4 3 11 23 24 18 24 0 3 3 1 1 19 20 0 9 18 19 26 18 19 12 4 26 11 21 15 28 10 12 4
split_gain=9.36885e+06 467076 244540 125014 67962.1 30769.5 29855.5 25789 18992.1 15149.3 14653.1 13239.9 12251.3 12047.6 12030.3 12015.5 11271.4 10695.6 10379.6 10003.2 9401.95 9842.62 11406.7 9167.48 8971.56 8366.46 8336.94 8266.92 8228.29 8180.78 8154.8 7830.71 7789.04 7703.42 7642.67 7585 7564.04 7526.32 29681.4 12978.8 7515.68 7246.66 7064.64 7097.56 6738.02 6468.71 13115.1 9573.93 6972.37 6369.52 6273.96 6268.02 7864.6 6232.48 10302.7 7610.01 8441.05 6165.15 6117.88 10301.7 7320.41 6042.14
threshold=0.88084100232437834 14.623908749753113 0.14936478291946234 177.92857360839847 2.7758645795413179 59.399355161576182 0.78571429848670971 525.07144165039074 3.3571429252624516 0.34310147416630893 0.035932821856287427 2.5000000000000004 13.500000000000002 17666.500000000004 6.5000000000000009 35.500000000000007 1478.0000000000002 -0.60785761079279388 1.0000000180025095e-35 0.91597561503675362 536.50000000000011 92.500000000000014 17666.500000000004 270.94688415527349 2.5000000000000004 2.5000000000000004 101.50000000000001 0.6830127018922193 1.0000000180025095e-35 44.500000000000007 -0.24999999999999994 4.5000000000000009 11.500000000000002 0.68301270189221941 151.28571319580081 82.535713195800795 17.500000000000004 0.53571429848670971 16.500000000000004 11.500000000000002 1.5000000000000002 283.50000000000006 1289.5000000000002 59.500000000000007 537.00000000000011 16.500000000000004 -0.8783796973249266 1873.0000000000002 175.50000000000003 289.83993530273443 355.50000000000006 2631.5000000000005 0.25000000000000017 1.0000000180025095e-35 581.90957641601574 0.93301270189221952 161.50000000000003 17655.500000000004 0.21814115345478061 1.0000000180025095e-35 0.6830127018922193 5.5000000000000009
decision_type=2 2 2 2 2 2 2 2 2 2 2 2 2 2 2 2 2 2 2 2 2 2 2 2 2 2 2 2 2 2 2 2 2 2 2 2 2 2 2 2 2 2 2 2 2 2 2 2 2 2 2 2 2 2 2 2 2 2 2 2 2 2
left_child=2 4 6 5 14 17 10 15 9 -4 -1 -8 18 26 32 51 53 23 29 27 21 22 -17 42 40 -10 41 -19 -22 58 -20 -28 61 -16 -25 -26 44 38 -15 -40 -14 -7 43 -3 -21 -18 47 -47 -48 -31 -23 -5 -53 54 -9 -55 -57 -42 59 -6 -60 -2
right_child=1 3 8 7 12 13 11 16 25 -11 -12 -13 24 37 33 20 45 19 30 36 28 50 -24 34 35 -27 31 -29 -30 49 -32 -33 -34 -35 -36 -37 -38 -39 39 -41 57 -43 -44 -45 -46 46 48 -49 -50 -51 -52 52 -54 55 -56 56 -58 -59 60 -61 -62 -63
leaf_value=-0.05476409564191103 -0.0042269242157196426 0.027021333349757072 -0.034436909356238374 0.036791950421970303 0.0048299525746381151 0.0093666878529766445 0.019951564941979381 0.027542098970677387 0.040460149647390767 -0.020721792417746049 -0.047007502714042186 -0.038401346182516977 0.021394778983505388 0.029335471866203472 0.006216886942230917 0.052796853612642226 0.065529896266248847 0.02594519608378236 0.016968999342249866 0.028679620873262569 0.024901138450577169 0.02479169645762988 0.032292115911805273 0.083355991003302404 0.019729291497487832 -0.0070285617133006399 0.034162877126704884 0.018000690163928895 0.058925762617190514 0.033060703075098702 0.0048805001232895932 0.049150991421163491 -0.020569172975135393 0.039880658188130663 0.021103214532702572 0.091066364807964859 0.054924172737764204 0.03853576664408357 0.080221406638900428 0.16856338652031461 0.041186474860663846 0.030798644156915845 0.043025235362058233 0.040943119367160857 0.13628288748201356 0.056672587883281327 0.069619478303242555 -0.053462432574041686 0.040613264750823247 0.16366578541824342 0.043670664469098383 0.029493048676435124 0.16196281805518434 0.042179913353629077 0.067067595134512825 0.043668079198672494 0.081043887086214794 0.085010251386466659 0.018525915059469895 0.077587403033020211 0.0076505934149061943 0.0093535067027842467
leaf_weight=4579786.799503684 549536.998093009 613693.68937397003 349179.39219677448 871779.58081626892 9060.9305310249329 40946.001524925232 19087.195351481438 20801.664096832275 13145.228107571602 475563.42039173841 702250.88022768497 19808.889447629452 23009.08390545845 34085.416080474854 54617.775695085526 253601.39836883545 186178.71895980835 1200723.6012666225 215183.53465390205 106482.64943861961 19844.8346824646 102604.81526565552 92591.196294784546 15222.871583938599 208425.76395130157 31498.359523177147 335851.30467700958 450249.34731888771 169930.05691337585 61716.131674528122 396720.82368564606 117685.82716846466 63394.06493473053 24670.321071505547 7292.3057680130005 3793.97243309021 43115.968399524689 768684.54158878326 14349.301975250244 5854.0333938598633 20327.500327587128 1074032.0503048897 104215.66879034042 107604.70436954498 1474.9484224319458 3228.6380271911621 41899.504814147949 5074.3750953674316 40984.648948669434 947.79267883300781 77061.059690475464 2229.4769153594971 2252.576753616333 354313.34400558472 79492.92462348938 31925.924228668213 28675.832061767578 13261.907650232315 573737.97122299671 10506.562648177147 211882.24731862545 96248.58673453331
leaf_count=7486618 299446 39990 415104 13213 2952 1510 10399 146 4775 431057 1050812 24155 3758 1045 22248 2834 539 85938 48419 7714 239 1362 1142 517 33590 21426 7366 35482 1465 8762 94784 2409 38033 7922 245 161 2101 18895 326 95 2996 31568 6315 5192 44 20 191 38 179 36 913 23 18 2304 359 237 168 1363 124638 2806 48845 49694
internal_value=-0.00108621 0.028929 -0.0493945 0.0352568 0.0104072 0.0307952 -0.0534115 0.04469 -0.0248091 -0.0265285 -0.0537329 -0.00976614 0.0159025 0.0349071 -0.00177955 0.0410209 0.0520593 0.0270845 0.0141187 0.0249055 0.0458277 0.0423848 0.0473128 0.031715 0.025722 0.00695436 0.0323365 0.0237786 0.0553678 0.017635 0.00913158 0.0380521 -0.00384466 0.0166914 0.0631937 0.0210047 0.0372205 0.0398065 0.0577991 0.10582 0.0434095 0.0300116 0.0308564 0.0290982 0.0301499 0.0601859 0.0492749 -0.0106355 0.0552766 0.0350364 0.0328892 0.0370952 0.0960725 0.0476843 0.0588699 0.0449805 0.0613539 0.0584895 0.0162807 0.0438968 0.0155928 -0.00220287
internal_weight=1.61534e+07 9.96308e+06 6.19032e+06 7.42603e+06 2.53704e+06 5.04156e+06 5.32093e+06 2.38447e+06 869386 824743 5.28204e+06 38896.1 1.74857e+06 2.39149e+06 788468 1.59189e+06 792576 2.65008e+06 1.47976e+06 1.80205e+06 715633 525858 346193 848029 268818 44643.6 1.56852e+06 1.65097e+06 189775 867852 611904 453537 709180 79288.1 22515.2 212220 151074 822973 54288.8 20203.3 56598.5 1.11498e+06 825514 721298 107958 277366 91187.2 8303.01 82884.2 62663.9 179666 876262 4482.05 515210 100295 414915 60601.8 33589.4 805188 19567.5 785620 645786
internal_count=10506941 1062595 9444346 272142 790453 246752 8571984 25390 872362 846161 8537430 34554 373110 63214 417343 21209 4181 183538 331242 131279 7955 6251 3976 52259 41868 26201 42853 121420 1704 188039 143203 9775 387173 30170 762 33751 9859 20361 1466 421 8117 33078 51497 45182 7758 967 428 58 370 8798 2275 13254 41 3214 505 2709 405 4359 179241 5758 173483 349140
is_linear=0
shrinkage=0.05


Tree=23
num_leaves=63
num_cat=0
split_feature=16 16 16 16 16 23 23 17 23 18 16 17 16 11 13 0 6 14 17 26 18 18 14 18 4 4 18 4 19 2 18 18 1 24 17 4 12 13 14 11 11 0 19 17 24 24 19 1 12 11 18 9 22 0 17 21 17 14 11 18 12 19
split_gain=8.64838e+06 409227 234716 105456 63740.9 28063 26973.4 23111.7 19992.1 17857.5 16860 12600.6 12495.5 11444.9 13571.9 15222.6 14531.1 12205.8 13786.2 12590.3 12248.3 11402.7 11050.2 13220.3 12635.6 10954.8 10685.9 10677.2 13945.7 13174.5 10597 10087.3 9630.46 9610.12 9289.26 13597.5 9167.65 8776.33 8706.41 44803.2 32225.1 26960.6 8608.35 8281.49 8117.54 11454.5 7917.18 7778.91 7527.88 7445.26 7423.05 7383.59 7286.37 7232.64 7117.46 7098.24 7072.94 6981.65 6696.46 6456.89 6361.52 6274.42
threshold=0.8444896065033366 14.623908749753113 0.12858223470931493 169.12526006191953 2.7758645795413179 0.78571429848670971 69.642856597900405 64.745858732170532 3.3571429252624516 2003.0000000000002 0.34310147416630893 22.908441690601954 0.028854316311871495 0.93301270189221952 -0.60355339059327362 16.500000000000004 1.0000000180025095e-35 -0.5 22.908441690601954 418.87577819824224 1355.0000000000002 6.5000000000000009 -0.5 10.500000000000002 1.0000000180025095e-35 3.5000000000000004 810.50000000000011 4.5000000000000009 228.50000000000003 2024.5000000000002 13.500000000000002 57.500000000000007 1241.5000000000002 234.64285278320315 0.93974453893055487 5.5000000000000009 0.25000000000000017 0.78656609248549325 -0.5 0.93301270189221952 0.93301270189221952 14.500000000000002 1892.5000000000002 11.156411012650876 157.07142639160159 166.46428680419925 1505.5000000000002 1213.5000000000002 0.93301270189221952 -0.24999999999999994 6.5000000000000009 1.0000000180025095e-35 703.00000000000011 13.500000000000002 9.0349822614126456 274.50000000000006 2.2227363125541677 -0.37940952255126015 -0.24999999999999994 669.50000000000011 0.6830127018922193 1.0000000180025095e-35
decision_type=2 2 2 2 2 2 2 2 2 2 2 2 2 2 2 2 2 2 2 2 2 2 2 2 2 2 2 2 2 2 2 2 2 2 2 2 2 2 2 2 2 2 2 2 2 2 2 2 2 2 2 2 2 2 2 2 2 2 2 2 2 2
left_child=2 4 5 6 21 12 11 27 10 22 -4 38 -1 17 15 16 -15 18 -8 -20 42 48 26 24 -24 32 -9 -5 -29 31 34 -30 49 -34 -6 37 -7 60 40 58 53 -42 -19 52 55 -46 -31 -22 -2 -13 -39 -28 -37 -3 -23 -27 -10 -41 -40 -16 -36 -58
right_child=1 3 8 7 30 36 13 9 56 -11 -12 25 -14 14 59 -17 -18 20 19 -21 47 54 23 -25 -26 44 51 28 29 46 -32 -33 33 -35 35 43 -38 50 39 57 41 -43 -44 -45 45 -47 -48 -49 -50 -51 -52 -53 -54 -55 -56 -57 61 -59 -60 -61 -62 -63
leaf_value=-0.054818881000264587 -0.0023874977345309635 0.020932279980253845 -0.034692633095640933 0.038729305243474323 0.0021012461123136872 -0.040345135676018662 0.01286822403364078 0.030448642759725336 -0.0035422855558544589 0.059510041833701149 -0.020524582160588632 0.030760085344364193 -0.047743221401925495 0.058215814978980943 0.026954140066393229 0.0032625196797033055 -0.010298284833017163 0.035915850499336363 0.032037338120224426 0.0042544764554476536 -0.041838508981837996 0.011271292675621922 0.066021043275866872 0.039837349125072169 0.047125636730795326 0.034508628904014106 0.033892989999258501 0.020073948605718251 0.12565239644779733 0.048179002151243697 0.023959303415454696 0.035734964125779957 0.038304031390223058 0.12689024651770683 0.013298565043277939 0.021400683682039026 0.01341269070540952 0.022147874582444296 0.035593154413073751 0.016072139317898144 0.031913860672246219 0.096409255167032554 -0.035357777633042174 0.048121777585124155 0.13742164822724087 0.046640689593712023 -0.0060040093577557879 0.033082398799626621 -0.020276189707726565 0.019525596313666488 0.079543707077800146 0.071923199895501999 0.2869905998285267 0.01134316719813009 0.064754887645091561 0.012129054442983031 0.067202482247169223 -0.015796430417154613 0.02654503143720496 0.061421593168991755 0.004279399847252177 -0.023066525045118986
leaf_weight=4246070.9828184247 668082.31595742702 425536.53979969025 399062.00998544693 631850.17119503021 165745.64374363422 13057.740164995193 145426.32687282562 237983.64018249512 32678.952009797096 201680.6789855957 443174.10215032101 223816.46264505386 731471.62370175123 162539.2288980484 134824.55090332031 15539.8831615448 8125.6316108703613 1052768.8139567375 560353.60080528259 43978.573171615601 8405.5631561279297 75310.222165942192 120047.81753635406 424600.79042053223 336439.74868679047 591014.65765619278 22496.911312103271 187212.99436950684 8430.8756256103516 25854.740077972412 273977.20012521744 4951.0289497375488 75013.923272132874 3191.7647285461426 721022.50305938721 177802.5731844902 20198.066951930523 120980.76247155666 325836.82781338692 23331.303128004074 59543.247378349304 22261.93637752533 4253.4227561950684 35865.186035394669 4253.8226985931396 18974.9420337677 9119.8580360412598 5893.7689800262451 64487.348151922226 432367.7321665287 5908.4048373699188 29500.173500061035 258.52203750610352 365589.02189540863 6780.50965321064 37691.776062488556 7567.8024638295174 65245.714569091797 549112.3298368454 15110.836484909058 268248.86305832863 2581.5760036706924
leaf_count=7293635 366951 32340 499338 6874 49356 16588 6238 2942 21760 519 412248 10874 1164280 2176 3328 505 165 26588 14838 940 171 29622 762 2979 2813 25687 173 2948 59 292 41868 44 3239 37 155239 35153 12740 23515 21095 1496 3988 1174 87 4730 68 318 83 78 39842 22037 956 189 12 28778 1533 1275 1984 5776 37994 175 62281 1168
internal_value=-0.00106981 0.0267845 -0.0492805 0.0326157 0.00959157 -0.0534732 0.0288202 0.0417311 -0.025543 0.0457681 -0.0272376 0.0259236 -0.0537791 0.0331474 0.0416243 0.0506398 0.0549537 0.0315828 0.0266896 0.0300155 0.0350072 -0.00198203 0.0434015 0.0461879 0.0520948 0.029522 0.0349352 0.0353421 0.0262569 0.050194 0.014919 0.0923857 0.0253343 0.0419197 0.0132632 0.0146541 -0.00769498 0.0124408 0.0232072 0.0264841 0.0195902 0.0494654 0.035629 0.0262017 0.0342394 0.0632659 0.0340503 -0.0109579 -0.00396223 0.0233576 0.0248205 0.0554694 0.0217865 0.016501 0.0156891 0.033167 0.00778135 -0.00740214 0.0299146 0.0304279 0.010853 0.0442413
internal_weight=1.61005e+07 1.02046e+07 5.89586e+06 7.62017e+06 2.58447e+06 5.0108e+06 5.38e+06 2.24017e+06 885064 1.37275e+06 842236 3.22278e+06 4.97754e+06 2.15722e+06 336140 186205 170665 1.82108e+06 749759 604332 1.07132e+06 814660 1.17107e+06 881088 456488 1.38633e+06 289981 867420 235569 48356.5 1.76981e+06 13381.9 734390 78205.7 1.49583e+06 1.33009e+06 33255.8 1.11616e+06 1.83646e+06 963526 872931 81805.2 1.05702e+06 213926 651935 23228.8 34974.6 14299.3 732570 656184 126889 51997.1 178061 791126 82090.7 628706 42828.3 88577 874949 149935 989271 10149.4
internal_count=10506941 1083200 9423741 272142 811058 8487243 251465 20677 936498 10377 911586 196176 8457915 55289 6349 2846 2341 48940 22016 15778 26924 437948 9858 6554 3575 63535 3304 10300 3426 478 373110 103 36187 3276 331242 281886 29328 241991 132641 66361 66280 5162 26675 39895 27348 386 375 249 406793 32911 24471 362 35165 61118 31155 26962 24912 7272 59089 3503 217520 3152
is_linear=0
shrinkage=0.05


Tree=24
num_leaves=63
num_cat=0
split_feature=16 16 16 17 16 0 26 0 17 23 4 1 25 16 16 25 1 4 1 12 22 27 4 19 12 0 26 1 17 4 0 13 7 7 0 14 12 17 16 11 23 23 26 19 0 1 11 27 19 27 24 24 12 10 12 23 19 17 28 4 11 13
split_gain=7.99824e+06 369098 212887 89280.3 63704.9 33021.5 28194.8 22891 21634.1 18646 15243.2 19689.3 15633.6 13798.6 12689.6 12207.9 12009.4 11758 11403.7 11270.7 10864.8 10856.9 10810.7 10196.9 9746.44 9717.13 9603.09 9504.8 8594.15 13176.2 9323.6 8421.54 47229.4 43577.7 25066.3 11842.3 8777.03 8119.43 7861.53 7801.46 7319.41 10273.5 9973.2 7222.83 7123.58 6677.89 6547.15 6378.32 6347.21 6253.85 6199.96 5982.34 5882.92 5774.97 6969.79 6179.44 5605.94 5602.67 5447.09 5443.45 5404.66 5317.79
threshold=0.77479153921102129 14.623908749753113 0.12858223470931493 45.358435227972414 2.4110040497137275 8.5000000000000018 1.1442969441413882 8.5000000000000018 11.156411012650876 3.3571429252624516 5.5000000000000009 528.50000000000011 330.06666564941412 0.28926230944454184 0.028854316311871495 17.116666793823246 1213.5000000000002 2.5000000000000004 1162.5000000000002 0.93301270189221952 2548.0000000000005 1.8700941801071169 5.5000000000000009 155.50000000000003 0.25000000000000017 11.500000000000002 241.67161560058597 326.50000000000006 1.8527863777089786 5.5000000000000009 16.500000000000004 -0.9159756150367534 1.0000000180025095e-35 1.0000000180025095e-35 13.500000000000002 -0.78656609248549325 1.0000000180025095e-35 2.0221680715020756 59.399355161576182 0.68301270189221941 42.214284896850593 27.500000000000004 241.67161560058597 1660.0000000000002 17.500000000000004 1087.5000000000002 0.68301270189221941 104.01121902465822 2474.5000000000005 85.180854797363295 385.25000000000006 45.892856597900398 -0.9330127018922193 -0.56174490092936669 0.25000000000000017 91.785713195800795 265.50000000000006 3.3346443211559196 433.42898559570318 5.5000000000000009 1.0000000180025095e-35 0.78656609248549325
decision_type=2 2 2 2 2 2 2 2 2 2 2 2 2 2 2 2 2 2 2 2 2 2 2 2 2 2 2 2 2 2 2 2 2 2 2 2 2 2 2 2 2 2 2 2 2 2 2 2 2 2 2 2 2 2 2 2 2 2 2 2 2 2
left_child=2 4 6 7 21 16 14 8 22 13 12 26 18 -4 -1 19 -5 20 23 28 38 -2 49 -7 -8 -13 -12 51 -6 61 -31 33 35 36 -34 -33 -19 -23 50 -26 41 -14 -42 -27 -35 53 -20 59 -28 -3 -9 -24 -29 55 -55 -10 -47 -11 -58 -39 -40 -30
right_child=1 3 9 5 15 10 24 17 45 57 11 25 40 -15 -16 -17 -18 31 46 -21 -22 37 27 -25 39 43 48 52 29 30 -32 32 34 44 -36 -37 -38 47 60 -41 42 -43 -44 -45 -46 56 -48 -49 -50 -51 -52 -53 -54 54 -56 -57 58 -59 -60 -61 -62 -63
leaf_value=-0.054806986240018042 -0.011127978470670385 0.021505936224045511 -0.035429341761624968 0.040159912937500757 0.0077851237316244023 0.025413676549698807 -0.040256346775197335 0.016081550271516434 0.015300400994604061 -0.0014031413073432798 0.046266077615686581 -0.0062159101374900808 0.051367146141273724 -0.021854841024825978 -0.047478694237808428 0.023418906701689769 0.054855134041858891 0.037575463299098694 0.033472374053913824 -0.0014362361023606237 0.17108487529744404 -0.0019868800189592915 0.061953162810903309 0.035489940129380552 -0.038684417994945861 0.037951251884688855 0.067034902848894046 0.039723236792751061 0.01236050400425953 0.019143801488014728 0.043810817797396845 0.024026989657450995 0.023218877226454951 -0.00029546669375026365 0.061238254966241717 0.013384840666693593 0.026530592941607447 0.008039867594416392 0.030168072217216998 0.023870554687230091 0.014254476279958579 0.13552810407470781 0.039795959693562817 -0.022534634598475604 -0.040802217491167907 0.027616348580584472 0.046989705351828136 0.16637239036404983 0.13604498927786421 0.033526766606652041 0.11843570750299509 0.013265683402587117 -0.0037317392952061369 0.039092322028297044 0.055214266894423249 0.039346264128551765 0.032898408010033436 0.045605176139445959 0.066169804994676673 0.041526756353146788 0.01979319039350233 0.029230634118159782
leaf_weight=4039533.5941491723 294301.53678655624 217785.76242947578 315091.53780114651 275516.05671310425 490205.49073934555 969981.174451828 19611.926449418068 749031.43223190308 36503.418956756592 29547.428693175316 99164.05691242218 15451.525356292725 23011.456623077393 461281.79604178667 691921.74850380421 268343.27915000916 280664.44953155518 417015.81376934052 313448.83703804016 144194.60514223576 1183.7190494537354 377230.04867208004 11949.856501340866 338775.99530696869 6856.7877318263054 129567.80797195435 65706.438104629517 8754.0737738609314 787025.57862818241 95433.15050971508 63999.023191332817 576646.29305124283 70236.043858528137 24162.503826141357 113270.29355597496 478179.96539354324 316318.13632678986 69572.659664273262 223004.10454559326 18248.910079240799 40739.700103759766 4304.4725875854492 617958.32342147827 5130.8766555786133 19705.943851470947 213130.71576547623 125430.0955862999 691.26900243759155 3510.1110038757324 215032.72434616089 1482.3570137023926 13367.020029067993 70605.056663513184 170033.63462924957 110680.17739152908 99681.928833007812 31261.486656188965 8069.4041677117348 20284.75793838501 14699.900935292244 287197.52038574219 49660.669704794884
leaf_count=7290209 202895 17413 416634 2319 138520 31642 27123 54843 1011 19637 2375 225 202 457019 1150628 30534 1044 16640 6897 37802 8 197671 834 6093 8912 2390 558 436 171240 17949 10865 32996 3146 1400 2979 26094 13173 30122 5947 10371 417 36 3742 50 1721 5910 2599 52 16 7896 10 494 3643 3388 1764 1302 472 2200 154 5706 7863 8710
internal_value=-0.00105201 0.0247507 -0.0493337 0.0302291 0.0086483 0.0364635 -0.0533618 0.025642 0.0314915 -0.0256983 0.0342179 0.0445034 0.0328717 -0.0273641 -0.0537353 0.0135365 0.0475756 0.0234663 0.0303609 0.0119101 0.0196814 -0.00362151 0.0239909 0.028022 -0.0138457 0.0313392 0.0562423 0.00957172 0.0132049 0.0158721 0.0290457 0.0258359 0.0232754 0.0299156 0.0466866 0.0192026 0.0328114 0.00115821 0.0195392 0.00678546 0.039268 0.0646299 0.0382163 0.0356472 -0.0184915 0.0374065 0.0373356 0.0151221 0.0705348 0.0274781 0.0162837 0.0362471 0.00106174 0.04135 0.0454489 0.032901 0.031195 0.00868085 0.0459917 0.0138812 0.024328 0.0133618
internal_weight=1.60504e+07 1.04602e+07 5.59016e+06 7.80487e+06 2.65536e+06 3.30836e+06 4.77617e+06 4.4965e+06 1.21907e+06 813990 2.75218e+06 318531 2.43365e+06 776373 4.73146e+06 1.89886e+06 556181 3.27743e+06 1.74764e+06 1.63052e+06 1.2619e+06 756495 537494 1.30876e+06 44717.6 150150 168381 104676 1.48632e+06 996118 159432 2.01553e+06 1.23833e+06 777202 183506 1.05483e+06 733334 462194 1.26072e+06 25105.7 686014 27315.9 658698 134699 43868.4 681576 438879 84963.8 69216.5 432818 750514 25316.9 79359.1 416899 280714 136185 264677 37616.8 51546.2 84272.6 510202 836686
internal_count=10506941 1124208 9382733 272142 852066 60605 8487243 211537 44717 895490 57242 5614 51628 873653 8440837 415620 3363 166820 47231 385086 68671 436446 30716 37735 46406 2665 2949 5407 347284 208764 28814 98149 65215 32934 6125 59090 29813 233551 68663 19283 4397 238 4159 2440 3121 14001 9496 35880 574 25309 54853 1328 4079 7465 5152 2313 6536 21837 626 35828 13810 179950
is_linear=0
shrinkage=0.05


Tree=25
num_leaves=63
num_cat=0
split_feature=17 27 27 17 17 27 14 0 17 7 0 17 7 0 0 14 13 4 0 23 15 13 15 27 17 14 4 0 1 3 17 13 15 7 15 27 23 12 3 7 15 24 3 12 12 24 14 4 1 1 17 26 23 23 11 27 15 15 24 17 21 6
split_gain=6.84708e+06 378680 351045 98322 73929.2 62103.6 48289.3 42057.9 41162.8 37279.4 28243.6 26725.5 26431.4 50174.2 38285.1 24699.2 23132 18197 20453.9 17353.1 15897.1 18733.8 14388.7 14108.7 13680.5 13546.6 13401 13002.6 14073.3 13225.1 11811.3 10768.6 10754.3 10513.7 10483.5 10369.1 10155 10069.5 10053.1 9462.54 8739.81 8208.31 7989.84 7918.85 7905.74 7858.27 7812.5 7552.9 12418.4 17027.4 12142.1 7490.71 7114.06 7086.71 7064.61 6885.06 6540.54 9812.67 6495.16 6493.81 6305.1 5871.06
threshold=0.68631390432944506 0.71278312802314769 11.761947154998781 22.908441690601954 6.5387276443515772 1.8700941801071169 0.25881904510252057 8.5000000000000018 0.1397086739023628 1.0000000180025095e-35 8.5000000000000018 0.11528486094593052 1.0000000180025095e-35 16.500000000000004 13.500000000000002 0.78656609248549303 -0.9159756150367534 5.5000000000000009 19.500000000000004 36.357141494750984 17666.500000000004 -0.9159756150367534 17670.500000000004 1.0000000180025095e-35 64.745858732170532 0.25881904510252057 3.5000000000000004 16.500000000000004 1118.5000000000002 3.5000000000000004 2.0221680715020756 0.78656609248549325 17664.500000000004 1.0000000180025095e-35 17663.500000000004 2.0873703956604008 525.07144165039074 0.25000000000000017 11.500000000000002 1.0000000180025095e-35 14393.500000000002 1.0000000180025095e-35 2.5000000000000004 0.25000000000000017 0.6830127018922193 3.7500000000000004 -0.37940952255126015 5.5000000000000009 283.50000000000006 206.50000000000003 6.5387276443515772 197.24628448486331 600.42855834960949 69.642856597900405 0.93301270189221952 534.92489624023449 17651.500000000004 16186.500000000002 2.5357142686843877 14.068143144433561 417.50000000000006 1.0000000180025095e-35
decision_type=2 2 2 2 2 2 2 2 2 2 2 2 2 2 2 2 2 2 2 2 2 2 2 2 2 2 2 2 2 2 2 2 2 2 2 2 2 2 2 2 2 2 2 2 2 2 2 2 2 2 2 2 2 2 2 2 2 2 2 2 2 2
left_child=1 8 4 10 5 6 30 22 23 15 47 -3 16 14 -14 20 43 18 24 -16 26 38 61 -1 33 40 54 28 29 -19 -2 58 51 -9 37 -17 -36 -29 -22 44 -10 -8 -28 59 -20 -11 -47 53 49 -49 -51 -18 -45 -4 -6 -26 57 -50 -13 -12 -23 -5
right_child=2 11 3 7 9 -7 41 17 25 45 12 31 13 -15 19 35 32 27 39 -21 21 60 -24 -25 55 -27 42 34 -30 -31 -32 -33 -34 -35 36 -37 -38 -39 -40 -41 -42 -43 -44 52 -46 46 -48 48 56 50 -52 -53 -54 -55 -56 -57 -58 -59 -60 -61 -62 -63
leaf_value=-0.054215292142260008 -0.013120390524344654 -0.031185892584988984 0.025570959908832427 0.038632100109409123 0.0097417378848914781 0.007125116190832852 -0.043225576709672947 0.025046371404946918 -0.052199468558299281 -0.031496477526346628 0.022995945434774526 -0.016710155561460951 0.017113890630444922 -0.01979068413610216 0.080197285088670731 -0.027230499565496613 0.0098242273181835867 0.056549322259151352 0.022612250020340768 0.044068552659124571 0.057251764812095755 0.030998102130482649 0.051535552895707382 -0.044498153691624583 0.030322471675692866 -0.049127212024004795 0.042533933157338659 0.042806224429061873 0.011329856243494849 0.026635941232345601 0.0036090983204621558 0.0012428086213934757 0.019110303103635772 0.036710766924962716 0.039617404308356918 0.014089367588371357 -0.0010085563387145515 0.067886030595437546 0.12626870338611673 -0.020698998347449607 -0.030591806356625274 -0.018898463726684349 0.021790606306243805 0.015973895603051791 0.0012302074367377563 0.13652871184832632 -0.0066266765620917427 0.021938866839110088 -0.001469571781338552 0.075685892434529584 0.24123057183032343 -0.017352454899762091 0.21146276269412254 0.034689925048049172 0.076236959721928232 0.03753438571310859 0.0013626842878027001 0.041982206363030836 -0.0022338400226739768 0.035882127017872044 -0.03066253137675275 0.017332793369719053
leaf_weight=3707830.5878813267 239594.80279541016 176281.64750903845 505764.86446940899 597562.19014787674 255428.71917313337 685332.52956116199 130464.68393748999 1655190.5908150673 54490.716981172562 45101.718064785004 356004.33691519499 333255.67364054918 103308.31226491928 40284.667729914188 51662.382273137569 36970.303693294525 950269.65366381407 57628.588861227036 163017.63490462303 93190.863143444061 20786.650581598282 92100.477886378765 255755.19750595093 415410.55683284998 932642.12177610397 222724.43780636787 62459.739708662033 96460.002864956856 76652.908926963806 102975.67205834389 188516.25913774967 178544.72488123178 369888.1778691411 218713.00476622581 145332.26162791252 25764.048694431782 17202.488101959229 68406.859691977501 7071.5135917067528 18055.121366143227 331529.25568300486 47227.959351360798 180799.45197701454 304253.59487813711 58831.672268986702 1389.3383404016495 3034.2218794822693 9140.9803334474564 21623.20983171463 2888.9941575527191 1796.5710830688477 26050.25120639801 466.00435638427734 368147.63008308411 4057.7451627254486 512974.80404090881 68130.666427016258 32553.889441609383 100958.86065506935 134784.22112083435 4341.1371564865112 34207.001533508301
leaf_count=6952147 194217 213595 44230 6815 41305 238005 202642 47106 98902 9828 37652 291615 10319 5098 6011 38050 128708 1169 11197 3239 894 6703 603 699448 16441 384341 7700 2271 1596 2861 79460 88563 22572 4942 4091 9063 143 1185 186 1934 411817 48980 25486 25345 4119 180 985 595 1167 178 15 1297 3 8402 366 3210 3576 2003 46565 5252 150 403
internal_value=-0.00103269 -0.0460973 0.0227029 0.0271877 0.00403467 -0.00318486 -0.0148483 0.0316559 -0.0514445 0.016643 0.0206787 -0.0140296 0.017758 0.0319669 0.0403688 0.0196515 0.0158443 0.029531 0.0282081 0.0569541 0.0226442 0.0386552 0.0415295 -0.0532363 0.0292271 -0.0393077 0.0186856 0.0378698 0.0289567 0.0373696 -0.00575364 -0.00909392 0.0118498 0.0264078 0.0443288 -0.010261 0.0353176 0.0532124 0.0747716 0.0141091 -0.033642 -0.0367598 0.0271167 0.022604 0.016942 -0.0252589 0.0383361 0.027706 0.016751 0.0616658 0.139165 0.00909909 0.0162729 0.0294125 0.0107816 0.0328816 0.0116734 0.0246396 -0.0133443 0.0265349 0.0282225 0.0374789
internal_weight=1.60033e+07 5.52103e+06 1.04823e+07 8.45182e+06 2.03044e+06 1.29114e+06 605804 5.01161e+06 4.73199e+06 739305 3.44021e+06 789041 2.43016e+06 288446 248162 689780 2.14172e+06 4.12408e+06 3.55942e+06 144853 627045 124300 887524 4.12324e+06 3.31952e+06 608744 502746 564659 237257 160604 428111 612759 1.34621e+06 1.8739e+06 327402 62734.4 162535 164867 27858.2 239904 386020 177693 243259 795508 221849 49525.3 4423.56 1.01005e+06 136134 13826.5 4685.57 976320 304720 873912 259486 1.44562e+06 122308 54177.1 434215 490789 96441.6 631769
internal_count=10506941 9186993 1319948 415748 904200 763304 525299 110086 8546655 140896 305662 640338 245496 24667 19569 129903 220829 102265 88949 9250 82790 7933 7821 7651595 71699 895060 74857 13316 5626 4030 273677 426743 152577 52048 7690 47113 4234 3456 1080 17250 510719 251622 33186 68252 15316 10993 1165 60166 7534 788 193 130005 25348 52632 41671 19651 6746 3170 338180 42904 6853 7218
is_linear=0
shrinkage=0.05


Tree=26
num_leaves=63
num_cat=0
split_feature=16 16 16 16 16 26 18 20 23 22 16 15 3 12 10 16 3 18 3 10 0 15 18 18 11 12 22 5 15 15 11 6 26 7 3 6 5 28 21 3 25 15 3 3 26 23 0 24 23 22 12 3 1 5 28 20 24 7 12 12 7 18
split_gain=6.88886e+06 313682 166988 80162.3 42992.4 25724.3 19876.8 17878.1 16858.9 13931.3 13803.4 13552.2 10988.2 10916.2 10559.4 9933.98 9657.96 13050.3 11381.2 9552.97 10860.6 9474.64 8837.05 8828.74 9431.85 8529.61 8963.11 8490.37 11609.9 15012.6 8017.04 7984.99 7729.41 13823.7 9267.79 7693.4 7690.9 7287.46 7097.05 6666.3 6648.36 6512.8 6295.43 6015.2 5967.91 5890.91 5834.91 7117.83 6400.6 6121.41 5750.32 5568.79 5471.01 5356.03 7964.09 5625.04 5263.53 6130.45 5142.41 4799.26 4794.4 7071.82
threshold=0.61845908122908433 8.5191919467481458 0.10136296089904338 104.63966278265704 1.9030996011913779 1.1442969441413882 705.00000000000011 121.50000000000001 4.6428573131561288 1815.0000000000002 0.23634902075416547 17664.500000000004 2.5000000000000004 0.6830127018922193 0.81174490092936691 0.028854316311871495 2.5000000000000004 32.500000000000007 1.5000000000000002 0.81174490092936691 10.500000000000002 17138.000000000004 6.5000000000000009 7.5000000000000009 -0.24999999999999994 1.0000000180025095e-35 2150.0000000000005 1.0000000180025095e-35 17641.500000000004 17660.500000000004 0.68301270189221941 1.0000000180025095e-35 9.0763936042785662 1.0000000180025095e-35 3.5000000000000004 1.0000000180025095e-35 1.0000000180025095e-35 433.42898559570318 43.500000000000007 11.500000000000002 0.81666666269302379 17655.500000000004 2.5000000000000004 2.5000000000000004 684.49328613281261 190.57143402099612 17.500000000000004 521.96429443359386 333.64285278320318 2411.0000000000005 1.0000000180025095e-35 4.5000000000000009 1218.5000000000002 1.0000000180025095e-35 433.42898559570318 836.50000000000011 1.3214285373687746 1.0000000180025095e-35 -0.5 0.25000000000000017 1.0000000180025095e-35 3967.0000000000005
decision_type=2 2 2 2 2 2 2 2 2 2 2 2 2 2 2 2 2 2 2 2 2 2 2 2 2 2 2 2 2 2 2 2 2 2 2 2 2 2 2 2 2 2 2 2 2 2 2 2 2 2 2 2 2 2 2 2 2 2 2 2 2 2
left_child=2 4 5 7 22 15 9 11 10 19 -4 13 -7 32 27 -1 17 -13 -19 -5 35 52 39 24 -6 37 53 60 38 -30 -25 -22 33 -3 -34 -21 56 58 -29 -2 -23 45 -43 -24 -18 -32 48 49 51 -48 -50 -11 -15 55 -55 -27 -26 -58 -9 -10 -8 -62
right_child=1 3 8 6 23 12 14 25 59 46 -12 16 -14 21 -16 -17 44 18 -20 20 31 40 43 30 36 26 -28 28 29 -31 41 -33 34 -35 -36 -37 -38 -39 -40 -41 -42 42 -44 -45 -46 -47 47 -49 50 -51 -52 -53 -54 54 -56 -57 57 -59 -60 -61 61 -63
leaf_value=-0.054723444510552013 -0.0066648172009366041 0.017978499104599383 -0.037069533214404149 0.027133965223653019 0.01326228995821644 0.01683779696293659 0.040981592828856689 0.02779864423604507 -0.011549496487890481 0.0015457909839191937 -0.023189884536904522 0.02483396169530332 -0.039859608037492979 0.0028730619607121263 0.019715852523509481 -0.047531969062936469 0.022248476391085355 0.024447510464517486 0.060121981109994754 0.046615106446416629 0.026225892876903897 0.046464376764149003 0.041214207637429001 0.011787585434360523 -0.0063307478170478481 0.031511588912113829 0.2185040313478932 0.018990817956841474 0.056627383074364157 0.022049655048848874 0.022894272924194416 0.058333434861014527 0.028389862048320794 -0.0054246375815625893 0.019531493580674294 0.0035562167038288104 0.011131665550631782 -0.029212419723584095 -0.036465698444291775 -0.024951853184692105 0.01578624102851597 0.094967129295434036 0.027727982439157542 0.0030451142987441633 -0.01612698364398224 0.21376950346566936 0.019686675896627509 -0.013712368643803414 0.046962412704449591 0.098889373048432108 0.08269226519430839 0.063174264021645998 0.029953040471395832 0.039650421501984126 0.098761487000132778 -0.0016592354961597851 0.0009743095169048397 0.018271426067565089 0.013465686618887954 0.037937838542074664 0.049800329808150634 0.1038378232990262
leaf_weight=3668468.6712836027 572279.65630674362 499955.46378350258 312674.53213977814 2348176.9546699524 401674.95047450066 17871.680073022842 499386.75444412231 253087.72485685349 8416.955991268158 8300.0958862304688 419418.0582472086 210330.03666901588 16375.693944573402 230465.96475696564 72205.024940490723 552553.91721516848 1284547.1938583851 35277.974733829498 61044.618693351746 179923.16953468323 257062.45423793793 18278.215812683105 13833.278994202614 152489.28719162941 186138.33865118027 209587.62850522995 659.75998497009277 15121.103012084961 50959.472190856934 81748.460193634033 49650.920172333717 20942.075630187988 398953.9227437973 72211.274302482605 1136079.9502358437 11008.663827896118 246556.06587219238 6495.9851627349854 9327.9596424102783 54589.405779719353 522448.02637982368 7337.9796485900879 6623.8079392910004 40666.821127057076 10211.38969039917 407.45134735107422 6118.4222249984741 7192.8006896972656 20534.368934631348 4057.496696472168 24938.768421173096 6564.8200874328613 20293.717156887054 112173.37540626526 6003.2568798065186 13610.318119049072 284078.71129465103 62494.543901562691 83139.202178955078 11721.761839866638 57565.119293212891 6766.4516296386719
leaf_count=7290209 392668 53480 468769 32693 114389 11657 2578 9601 5696 98 463373 11376 24223 19164 520 1009732 62712 1291 1912 1745 3438 2641 4818 34250 74649 7204 5 164 321 589 10019 253 22358 8754 77090 121 68245 115 107 42029 43526 940 1080 19707 161 7 66 38 79 33 84 66 1175 3523 55 263 78426 15700 3376 3291 278 11
internal_value=-0.00101179 0.0212015 -0.0495929 0.0252974 0.00371922 -0.0534319 0.0309326 0.0212892 -0.0278764 0.0290112 -0.0291179 0.0201439 -0.0102725 0.0181045 0.0379456 -0.053782 0.0238355 0.0318143 0.0470564 0.0284351 0.0349506 0.0130979 -0.00657834 0.0087401 0.00703842 0.028816 0.034402 0.0397715 0.0294944 0.0353275 0.0180218 0.0286446 0.019985 0.0150249 0.0218338 0.0441325 0.00383031 0.0232411 -0.00216716 -0.00825731 0.0168233 0.0328709 0.063068 0.0127334 0.0219458 0.0244484 0.049896 0.0243583 0.057247 0.0512687 0.0665579 0.0287635 0.00506465 0.0340461 0.0426533 0.0294889 0.000450997 0.00409337 0.0242545 0.0172545 0.0426367 0.0554843
internal_weight=1.59591e+07 1.09516e+07 5.0075e+06 8.87276e+06 2.07882e+06 4.25527e+06 3.6879e+06 5.18485e+06 752231 2.89482e+06 732093 4.5001e+06 34247.4 2.89869e+06 793080 4.22102e+06 1.60141e+06 306653 96322.6 2.81711e+06 468936 791486 681369 1.39745e+06 1.18094e+06 684757 342034 720875 157157 132708 216509 278005 2.1072e+06 572167 1.53503e+06 190932 779268 342723 24449.1 626869 540726 64020.2 13961.8 54500.1 1.29476e+06 50058.4 77706.8 17368.7 60338.1 10175.9 45473.1 14864.9 250760 341375 118177 223198 532712 346573 336227 20138.7 563718 64331.6
internal_count=10506941 1229991 9276950 373064 856927 8335821 43282 329782 941129 38714 932142 305640 35880 228188 4568 8299941 77452 14579 3203 38250 5557 66506 459222 397705 351409 24142 11050 4048 1181 910 46296 3691 161682 62234 99448 1866 237020 13092 271 434697 46167 12046 2020 24525 62873 10026 464 137 327 99 163 164 20339 11045 3578 7467 168775 94126 12977 8987 2867 289
is_linear=0
shrinkage=0.05


Tree=27
num_leaves=63
num_cat=0
split_feature=16 16 16 17 16 26 19 0 23 17 16 22 4 16 3 0 7 0 7 14 7 7 4 17 13 2 12 0 24 17 22 23 3 25 22 17 25 0 12 10 17 23 3 19 19 25 26 4 14 3 3 25 17 4 4 17 17 24 25 3 4 25
split_gain=6.40054e+06 279584 160912 73781.2 40800.2 25828.3 21363.3 19335.1 15477.4 12443.4 12162.8 11889.7 11320.2 10431.2 10223.8 10143.7 11896.8 9139.33 13818.3 10259.2 18278.7 12773.8 8166.8 13266.4 8093.45 7752.94 7599.05 10135.8 7578.83 7431.19 7396.97 7306.46 7247.92 6810.4 8327.69 6771.51 6771.35 8332.92 6453.02 6217.91 6130.01 6098.51 5984.59 5954.42 5885.03 5599.63 5374.88 5367.05 5035.8 4826.09 4808.21 4671.24 4632.98 4261.02 4125.84 5118.09 4117.69 3999.52 3871.58 3583.64 3559.05 3466.9
threshold=0.59258285569011748 8.5191919467481458 0.10136296089904338 45.358435227972414 1.8022094127693691 1.1442969441413882 113.50000000000001 8.5000000000000018 3.5000000000000004 17.795505150693206 0.23634902075416547 2548.0000000000005 5.5000000000000009 0.028854316311871495 2.5000000000000004 19.500000000000004 1.0000000180025095e-35 18.500000000000004 1.0000000180025095e-35 -0.5 1.0000000180025095e-35 1.0000000180025095e-35 5.5000000000000009 7.6463065865194197 0.78656609248549325 2024.5000000000002 1.0000000180025095e-35 17.500000000000004 8.1071429252624529 0.68631390432944506 102.50000000000001 75.071430206298842 11.500000000000002 330.06666564941412 2548.0000000000005 0.37608852378945118 330.06666564941412 8.5000000000000018 0.25000000000000017 -0.22252093395631442 1.0763110363726958 53.357141494750984 11.500000000000002 2183.0000000000005 2474.5000000000005 23.083333969116214 83.389492034912124 5.5000000000000009 -0.5 2.5000000000000004 11.500000000000002 28.050000190734867 0.82358594567091614 5.5000000000000009 5.5000000000000009 1.3262772688851634 64.745858732170532 13.321428298950197 193.41666412353518 5.5000000000000009 2.5000000000000004 1.0000000180025095e-35
decision_type=2 2 2 2 2 2 2 2 2 2 2 2 2 2 2 2 2 2 2 2 2 2 2 2 2 2 2 2 2 2 2 2 2 2 2 2 2 2 2 2 2 2 2 2 2 2 2 2 2 2 2 2 2 2 2 2 2 2 2 2 2 2
left_child=2 4 5 6 28 13 9 30 10 29 -4 26 15 -1 -7 33 25 19 47 20 -11 -21 24 35 40 -17 48 45 32 -3 39 52 54 34 -9 -24 37 -31 43 -5 -6 -35 -32 46 56 -28 -14 -19 58 -10 60 -30 -26 -29 59 -56 -40 -12 -8 -2 -42 -37
right_child=1 3 8 7 22 14 11 12 49 17 57 -13 38 -15 -16 16 -18 18 -20 21 -22 -23 23 -25 31 -27 27 53 51 36 42 -33 -34 41 -36 61 -38 -39 44 -41 50 -43 -44 -45 -46 -47 -48 -49 -50 -51 -52 -53 -54 -55 55 -57 -58 -59 -60 -61 -62 -63
leaf_value=-0.05467671455282555 -0.01219915782511403 -0.014227936133631046 -0.036503547765064641 0.022469099754183521 -0.0035535444815566262 0.01578427953899212 0.015870291408319276 0.0253126315917933 0.034982831102437335 0.016402007705935331 -0.023199575443309143 0.13929625136280047 0.018321872345495479 -0.047147294997885635 -0.039240087781532908 -0.0027146365221020659 -0.029896342599247568 0.010984244414136837 -0.036094530742068802 0.028368839421225756 0.037005973304725277 0.0023450361962617768 -0.020426343289940335 0.0453312824563138 0.0073046558149465913 0.023694070199465733 0.0082546070771781395 0.002578114971270916 0.019775688446516178 0.02098783957426241 0.040544201018959176 0.10173592609513921 -0.025660720222948963 0.05221428899430313 0.095070835824560523 0.060467522480891822 -0.018339134045972878 0.014766234268353461 0.031165758730339378 0.037054351183483276 0.0039559831341379461 0.030265489415372399 0.063250944718023991 -0.036815442932542679 0.10094088472648854 0.035094537136812376 0.036422346723814787 0.032123149657161613 0.025563375444565578 -0.0084888126347275571 -0.0065808807108777793 0.34644744936368721 0.022753308081432319 0.03790851704021455 -0.0028760125754790345 0.026340236753962423 0.049453078143062684 0.22557954738015057 -0.027684038682953927 -0.0037058932277629526 0.010779612954271043 0.013295648538653003
leaf_weight=3492463.9658726156 258520.01811993122 19876.221321821213 301816.22731494904 110239.62907218933 187810.62924873829 18105.092376291752 138289.51118707657 1678646.9537320137 11244.078353345394 817342.8696346283 384551.7402638793 2345.3907699584961 56087.576206207275 529787.00480294228 15816.800516664982 34149.779807329178 13476.594574689865 155421.58842682838 14167.751287698746 767808.81657552719 123969.51197481155 50239.813673973083 15185.689965844154 34335.129126191139 102839.53960001469 149257.64628624916 20458.939248561859 40106.166843414307 22682.346060752869 772402.26726198196 250156.79412460327 2435.5036969184875 53188.07619291544 33135.730150222778 4289.225959777832 3982.4878751039505 13900.709703445435 1774893.4004690647 49400.089308261871 216758.00991821289 362175.40169608593 705112.12633323669 32826.98051071167 3233.4017333984375 4463.988208770752 387681.24716281891 152622.0736951828 37217.596998691559 314658.39341831207 14771.647043526173 65263.619974017143 109.8660717010498 91901.593213677406 10840.904633998871 65618.727050721645 19427.844282507896 81685.99019241333 161.52007579803467 5297.5936794281006 239040.46195155382 404541.45631480217 177394.23506760597
leaf_count=7290209 185987 3093 467880 781 72842 11657 5793 38145 2974 36545 438814 10 1770 1009732 24223 2192 1068 12397 1578 16250 3189 1731 5961 5893 36614 8110 1553 1265 6849 48454 1109 138 42804 263 41 1355 226 159113 1046 1377 99651 4111 96 27 18 8294 1900 2308 7670 11052 20896 3 21592 316 46529 11200 1125 48 100 166059 106538 46377
internal_value=-0.000989907 0.019746 -0.049469 0.0235676 0.003341 -0.0533186 0.019915 0.0291523 -0.0275553 0.0185094 -0.0289898 0.0268651 0.0274848 -0.053685 -0.00987189 0.0263593 0.0154452 0.0215062 0.0115632 0.0226749 0.0191155 0.0267706 0.00803419 0.0166553 0.00639848 0.0187768 0.0265776 0.0311243 -0.00697669 0.0162265 0.0372595 0.0156716 -0.00799224 0.0272468 0.0254904 0.0116462 0.0164629 0.0166528 0.0359641 0.0321373 0.00460552 0.0312507 0.0431783 0.030515 0.0444842 0.0337491 0.0315582 0.0150683 0.0220226 0.0102996 0.00644735 0.0213521 0.0145952 0.0100961 -0.00637921 0.00379804 0.0425615 -0.0230951 0.0142633 -0.00811879 0.00755633 0.0143315
internal_weight=1.59176e+07 1.11489e+07 4.76872e+06 9.04246e+06 2.10645e+06 4.05617e+06 5.46692e+06 3.57554e+06 712545 4.54724e+06 686529 919678 2.96556e+06 4.02225e+06 33921.9 2.61807e+06 196884 1.96617e+06 206807 1.75936e+06 941312 818049 1.44787e+06 230898 1.21697e+06 183407 917333 459087 658587 2.58107e+06 609981 197177 635795 2.42118e+06 1.68294e+06 196562 2.5612e+06 2.5473e+06 347493 326998 1.01979e+06 738248 282984 211943 135550 408140 208710 192639 458245 26015.7 831980 22792.2 194741 50947.1 582607 85046.6 131086 384713 143587 497560 766717 181377
internal_count=10506941 1250352 9256589 373064 877288 8335821 309885 63179 920768 284884 906742 25001 59816 8299941 35880 53930 11370 73998 16283 57715 39734 17981 417857 59586 358271 10302 24991 11428 459431 210886 3363 58344 452579 42560 38186 53693 207793 207567 5886 2158 299927 4374 1205 3697 2189 9847 3670 14705 13563 14026 227085 6852 58206 1581 409775 57729 2171 438862 5893 352046 206189 47732
is_linear=0
shrinkage=0.05


Tree=28
num_leaves=63
num_cat=0
split_feature=16 16 16 16 16 26 18 9 18 20 16 3 15 22 19 16 12 18 11 9 10 11 1 3 18 3 18 11 11 15 12 19 22 14 15 15 18 26 14 11 7 20 3 3 24 26 0 18 12 19 3 3 15 3 18 9 20 22 21 1 12 20
split_gain=5.95206e+06 243345 164250 57434.9 36710.7 25340.7 15278.9 15578.6 14926.1 14213.3 12608.8 11190.8 10965.4 10586.9 9627.24 9580.73 9174.57 8609.21 9014.33 10415.8 8215.54 9644.91 8133.49 7984.69 10726.7 9695.23 7846.44 7760.96 7518.67 7366.8 6713.48 8538.42 7181.71 6511.82 6491.26 6292.89 6165.54 5557.78 5486.02 12502.8 10620.8 5471.79 5473.22 5431.54 5368.19 5308.09 5068.55 5068.08 5060.72 4994.05 4918.46 4833.41 4808.89 4749.09 8030.52 4738.15 4582.57 9424.59 9896.15 6647.5 4638.42 4350.52
threshold=0.59258285569011748 8.5191919467481458 0.094767167049696024 104.63966278265704 1.6946380456260106 0.80164620280265819 705.00000000000011 1.0000000180025095e-35 2.5000000000000004 121.50000000000001 0.26652031623110373 2.5000000000000004 17664.500000000004 2411.0000000000005 111.50000000000001 0.026794918998527248 0.6830127018922193 6.5000000000000009 -0.24999999999999994 -1.0000000180025095e-35 0.81174490092936691 -0.93301270189221919 895.50000000000011 2.5000000000000004 28.500000000000004 1.5000000000000002 1.5000000000000002 0.68301270189221941 0.68301270189221941 17138.000000000004 1.0000000180025095e-35 257.00000000000006 2150.0000000000005 -0.5 17656.500000000004 17655.500000000004 274.50000000000006 1.0000000180025095e-35 -0.5 0.93301270189221952 1.0000000180025095e-35 1020.0000000000001 7.5000000000000009 11.500000000000002 115.2857131958008 684.49328613281261 8.5000000000000018 40.500000000000007 -0.9330127018922193 59.500000000000007 2.5000000000000004 2.5000000000000004 17580.000000000004 3.5000000000000004 3228.0000000000005 1.0000000180025095e-35 150.50000000000003 2548.0000000000005 3156.0000000000005 522.50000000000011 -0.9330127018922193 14.500000000000002
decision_type=2 2 2 2 2 2 2 2 2 2 2 2 2 2 2 2 2 2 2 2 2 2 2 2 2 2 2 2 2 2 2 2 2 2 2 2 2 2 2 2 2 2 2 2 2 2 2 2 2 2 2 2 2 2 2 2 2 2 2 2 2 2
left_child=2 4 5 9 26 15 13 56 10 12 -4 52 14 20 16 -1 47 18 33 48 38 -22 -23 24 55 -26 43 46 -28 -18 41 32 37 -6 -10 -29 -15 -32 40 -40 -5 -11 -43 -2 -9 -25 49 -3 -20 -19 -30 -37 -7 54 -46 -14 57 58 -8 -58 -61 -50
right_child=1 3 8 6 17 11 7 44 34 30 -12 -13 23 36 -16 -17 29 27 19 -21 21 22 -24 45 25 -27 28 35 50 -31 31 -33 -34 -35 -36 51 -38 -39 39 -41 -42 42 -44 -45 53 -47 -48 -49 61 -51 -52 -53 -54 -55 -56 -57 59 -59 -60 60 -62 -63
leaf_value=-0.054695231084136001 -0.0078854623527692524 0.015325429897310254 -0.03552953217302824 0.01688451029684087 0.0050209401250078771 -0.008960355461025523 0.019368674360324807 0.074121533537522571 -0.0051155891883359929 0.021443562466642169 -0.021896051698223933 -0.039393250715274983 0.027935080996062418 0.043895194984051658 0.024016298457443234 -0.047313195384640926 0.0027543981303153695 0.021821256064041269 0.022710398327512992 -0.0024954131448722276 -0.0026532957967711386 0.025748585033321572 0.038816277067075543 0.019464062723033415 0.021236975762635432 0.052944197092041137 -0.0025497419083903902 0.022065646326127661 0.053197054816514024 0.013496538553576645 0.041440340829279006 0.046995005810001308 0.18217514481673891 0.01734546983850228 0.056878341750887629 0.084231216477560336 0.10817210073514368 0.023053204901857711 0.025874430159138807 0.0088580018909328092 0.036360464991861095 -0.035837848969728435 0.043809490114383953 -0.025739119513317133 0.040085133373201173 -0.016550737065683802 0.005402987952879486 0.021652545724110531 0.0044906592120371961 0.10542851594707539 0.0083488821158999287 0.028050035458623942 0.040454503458856955 0.034312701586389216 0.071411270237582924 0.012906673892800456 0.041212747134667958 -0.047740165775942679 0.075960846767847034 -0.021729163395294564 0.024452598296251227 0.024166071956132074
leaf_weight=3293276.7217837572 477147.99649274349 1527900.0811238289 355387.79058796167 542027.08670425415 201469.58857321739 11430.709550052881 190839.39937591553 10471.727741241455 35757.295065820217 343274.6216711998 324393.90598285198 21835.507353574038 125132.28187179565 35422.916078567505 318945.23528909683 507242.62063896656 234386.60435605049 38366.960522174835 55402.641629576683 449372.91475355625 21016.071111679077 250676.98498153687 226822.72262191772 1326473.6361005306 38248.812455177307 65220.870079040527 60655.69881516695 55833.66570186615 11966.863878846169 500222.99114394188 49358.84121799469 61516.857532501221 739.10590744018555 229002.75443613529 4787.7939739823341 8254.0336222648621 4170.1097869873047 245567.88857078552 1746092.040019989 115061.37693595886 80382.080883026123 8022.7275648117065 2949.9537315368652 46776.414592802525 125630.95067214966 10310.267690658569 129791.42206895351 399196.41878890991 294933.92106699944 1873.2539343833923 12498.706589698792 7140.8273301124573 8648.299734890461 303472.5382194519 24438.741638183594 90295.008562088013 82547.140018463135 5015.2420120239258 8050.7872009277344 5841.3823394775391 78530.15306854248 31053.497871279716
leaf_count=7222408 347942 131967 563422 9093 61264 11423 1572 126 32762 12846 366724 36915 6139 176 12901 1017071 19396 8883 15368 149086 244 3199 2161 62712 1364 1951 37906 11359 4437 43789 2241 1051 5 64977 1388 1004 15 7753 20659 2418 749 192 54 39297 594 161 30201 20135 90453 191 6855 1150 4476 1432 39 5125 440 20 15 29 301 6915
internal_value=-0.000967232 0.0184715 -0.0491761 0.0219835 0.00316302 -0.0532836 0.0266345 0.032622 -0.0272658 0.0186294 -0.0290236 -0.0146186 0.0176196 0.0249803 0.0158073 -0.05371 0.0148237 0.00736046 0.00570511 0.0026623 0.0246393 0.030497 0.031956 0.0208822 0.0279914 0.0412233 -0.00719194 0.0160141 0.00688783 0.0100691 0.0252098 0.0300469 0.0265207 0.0115774 0.002205 0.0298697 0.0506655 0.0261305 0.0234635 0.0248224 0.0193998 0.0203325 -0.0144244 -0.00947947 0.038728 0.0191863 0.0102098 0.0166361 0.0087394 0.0257137 0.0302858 0.0581725 0.0123231 0.0379107 0.0451866 0.021636 0.0249816 0.0199525 0.0216595 0.0311249 0.0212552 0.00636496
internal_weight=1.58786e+07 1.13158e+07 4.56276e+06 9.20427e+06 2.11154e+06 3.84243e+06 3.85651e+06 834838 720327 5.34776e+06 679782 41914.5 4.63633e+06 3.02167e+06 2.98065e+06 3.80052e+06 2.66171e+06 1.5025e+06 1.26124e+06 830763 2.98208e+06 498516 477500 1.65568e+06 318897 103470 609046 241260 85121.3 734610 711430 357183 295666 430472 40545.1 71228.5 39593 294927 2.48356e+06 1.86115e+06 622409 354247 10972.7 523924 464014 1.33678e+06 170032 1.9271e+06 381390 40240.2 24465.6 15394.9 20079 453542 150070 215427 370824 203905 198890 166919 84371.5 325987
internal_count=10506941 1250352 9256589 373064 877288 8292293 43282 4568 964296 329782 930146 52814 305640 38714 228188 8239479 215287 440851 388063 261822 38523 5604 5360 77452 14579 3315 436437 52788 49198 63185 24142 11050 9999 126241 34150 13513 191 9994 32919 23077 9842 13092 246 387239 2191 62873 39275 152102 112736 9074 11292 2154 15899 2065 633 11264 2377 1607 1587 770 330 97368
is_linear=0
shrinkage=0.05


Tree=29
num_leaves=63
num_cat=0
split_feature=16 16 16 17 16 26 0 19 23 16 4 14 7 3 17 0 13 4 24 16 17 7 3 18 18 15 13 14 11 4 6 28 3 19 11 15 17 11 28 21 23 4 23 18 0 11 17 24 15 23 15 24 4 11 4 26 18 28 0 14 18 4
split_gain=5.54297e+06 237975 134567 63921.1 32461.2 23197.8 20485.1 16512.2 15730.4 12146.8 11357.7 14669.7 31199.8 10132.4 9571.97 11373.8 8194.89 8168.11 8062.84 7838.76 7826.35 9255.35 7792.75 7692.49 7656.94 7344.41 7267.67 7226.29 6926.66 7450.06 6913.01 6862.08 9488.18 6851.01 6426.67 6257.54 6022.84 5772.35 5502.01 5491.19 5337.01 5309.09 5222.91 5181.71 13243.8 5690.43 5106.06 4944.33 4890.65 11717.4 11164.1 4871.43 8376.14 4807.02 5159.45 4790.37 4701.56 5654.54 5382.63 4680.17 4654.76 5104.25
threshold=0.50190850815850829 6.2424069572543077 0.080657436048509848 31.691325979391426 1.58921650055371 0.80164620280265819 8.5000000000000018 118.50000000000001 3.3571429252624516 0.23634902075416547 5.5000000000000009 -1.0000000180025095e-35 1.0000000180025095e-35 2.5000000000000004 4.8757316192246076 8.5000000000000018 0.25881904510252091 2.5000000000000004 141.82143402099612 0.022481629796664206 64.745858732170532 1.0000000180025095e-35 11.500000000000002 1.5000000000000002 4.5000000000000009 17670.500000000004 -0.9159756150367534 -0.70710678118654757 -0.24999999999999994 3.5000000000000004 1.0000000180025095e-35 576.37683105468761 3.5000000000000004 1139.5000000000002 0.68301270189221941 17656.500000000004 0.33736056730234398 -0.24999999999999994 232.24121093750003 1034.0000000000002 600.42855834960949 3.5000000000000004 49.785715103149421 12.500000000000002 6.5000000000000009 0.68301270189221941 2.4518618261600755 16.392857551574711 17663.500000000004 525.07144165039074 17138.000000000004 351.03570556640631 5.5000000000000009 -0.6830127018922193 3.5000000000000004 581.90957641601574 15.500000000000002 267.26188659667974 7.5000000000000009 -0.5 395.50000000000006 4.5000000000000009
decision_type=2 2 2 2 2 2 2 2 2 2 2 2 2 2 2 2 2 2 2 2 2 2 2 2 2 2 2 2 2 2 2 2 2 2 2 2 2 2 2 2 2 2 2 2 2 2 2 2 2 2 2 2 2 2 2 2 2 2 2 2 2 2
left_child=2 4 5 7 23 19 25 14 9 -4 11 20 33 -7 36 51 48 30 24 -1 21 -8 60 37 28 31 -19 -22 59 -30 -17 -5 -33 -13 -25 42 -3 -2 -18 -40 -27 -39 -26 44 -37 -45 -31 -11 50 -50 -12 -16 -53 54 -42 -24 57 -38 -58 -6 61 -9
right_child=1 3 8 6 18 13 10 22 -10 47 16 12 -14 -15 15 17 38 26 -20 -21 27 -23 55 34 35 40 -28 -29 29 46 -32 32 -34 -35 -36 43 56 41 39 -41 53 -43 -44 45 -46 -47 -48 -49 49 -51 -52 52 -54 -55 -56 -57 58 -59 -60 -61 -62 -63
leaf_value=-0.054724351345277457 -0.0033041506456671513 -0.029695282493752157 -0.036639252620194782 0.031450122834820807 0.0031377204230304441 0.013216206472717894 0.019026948672780927 0.017200725946766682 0.011647007250235528 -0.02308570628086877 0.022943804141002434 0.017496010354086815 -0.035866755295896495 -0.040837869336126639 0.023070473954957149 0.010303080618137268 0.023317563219527236 0.021933865380184783 0.24670999230178101 -0.047929059445015493 0.020550037016052933 0.031265421836987634 0.036858847085515845 -0.0034022606928016323 0.009683372857800604 0.0679774143532616 0.014673218774960471 0.028042796425126301 -0.0042443373172541604 0.001168198366196157 0.028514514267417936 0.03295714776471223 0.0082471972371374047 -0.051261346614675164 0.026259779163987973 0.15480032672882532 0.0097111595338260533 -0.019418987211083052 -0.015906779734420208 0.085212504810470574 0.031296235501232922 -0.0074256363590791824 0.05790058065581425 -0.0013094156775128943 0.011067581568240366 0.060614307782962645 0.014402506712691734 0.47501398596109301 0.030284465815991337 -0.007764364764922674 0.045070817454223554 0.021650280597491276 -0.029938356949672451 0.03862046943760003 -0.013996784186748466 0.091263385476279241 0.031346320756890297 -0.030725602130449392 0.012921430806594634 0.014856331371914347 0.034875917250113117 0.02805050883584316
leaf_weight=3071959.8128810227 183896.96763294935 9154.8185994625092 369495.07405805588 406259.39678001404 159357.97580349445 18064.610187679529 1288961.1284396648 375717.35504579544 22777.346206307411 292449.22631704807 91506.282869815826 478243.82912540436 29652.923147916794 16669.19153958559 642533.4534137249 954839.80884504318 37410.042563438416 514414.01979017258 346.21540260314941 492449.19869637489 472844.48321890831 175520.16152858734 54864.635654449463 61702.516193509102 176124.82333302498 13987.367393493652 1044429.1240377426 1007345.4910316467 358146.84110975266 184797.25307917595 55118.064795017242 69562.605220794678 87989.729057312012 3650.4210987091064 25936.874931573868 2966.6650311946869 752710.97998332977 208948.61434227228 19202.633289337158 1443.3877410888672 20174.696411132812 165253.63138639927 5801.2242188453674 9157.8821575641632 3485.7775349617004 6236.1489930152893 120347.10928761959 49.729042053222656 204284.694419384 22458.68807220459 151204.28503990173 22833.352256774902 12004.900165557861 242197.10789489746 9134.0250701904297 4368.3970317840576 53916.133149623871 8745.6815295219421 149703.21115660667 183098.25796973705 61405.147560119629 152361.6678943634
leaf_count=7078522 141544 1932 630842 3965 54206 14218 31247 12517 12104 359281 2326 21568 2226 29604 23182 69274 885 28224 5 1049574 9554 3156 1719 41315 47014 54 72953 8946 133609 69477 3764 407 631 50 12431 585 104833 170582 270 12 42 130610 422 1988 910 930 32169 1 4545 175 2409 233 176 459 26 35 3770 377 14796 58156 716 5388
internal_value=-0.000943931 0.0170624 -0.0495239 0.0202 0.000656837 -0.0533893 0.0242736 0.0161567 -0.0292075 -0.0306132 0.0227706 0.0217275 0.013912 -0.0127249 0.0150151 0.0163196 0.0296043 0.0147998 0.0054882 -0.0537855 0.0230853 0.0204938 0.0235834 -0.00839527 0.00541912 0.0313237 0.0170692 0.0256493 0.00362843 0.000646903 0.011297 0.028015 0.0191572 0.0169751 0.00537618 0.0142573 0.0106685 -0.0105578 0.0118827 -0.00883679 0.0378578 -0.0141226 0.011221 0.0395419 0.0771543 0.0237759 0.00638775 -0.0230008 0.0317959 0.0265157 0.0367286 0.0220831 0.00387319 0.0363061 0.0171806 0.0408714 0.0110514 0.00924671 0.0178002 0.00940323 0.0218462 0.0203311
internal_weight=1.58417e+07 1.15578e+07 4.28391e+06 9.70215e+06 1.8556e+06 3.59914e+06 4.83303e+06 4.86912e+06 684771 661994 3.98373e+06 3.45622e+06 511547 34733.8 4.2204e+06 3.24617e+06 527510 2.5688e+06 1.20987e+06 3.56441e+06 2.94467e+06 1.46448e+06 648717 645739 1.20952e+06 849305 1.55884e+06 1.48019e+06 1.00575e+06 663291 1.00996e+06 563812 157552 481894 87639.4 203773 974231 558099 58056.1 20646 285493 374202 181926 21846.5 6452.44 15394 305144 292499 469454 226743 242711 677372 34838.3 271506 29308.7 59233 965076 761457 203619 342456 589484 528079
internal_count=10506941 1332795 9174146 436842 895953 8171918 92953 343889 1002228 990124 87369 76747 23844 43822 323514 197806 10622 174215 399471 8128096 52903 34403 20375 496482 399466 5584 101177 18500 347617 235255 73038 5003 1038 21618 53746 51849 125708 442736 1167 282 581 301192 47436 4413 1495 2918 101646 359282 9455 4720 4735 23591 409 527 68 1754 123776 105210 18566 112362 18621 17905
is_linear=0
shrinkage=0.05


Tree=30
num_leaves=63
num_cat=0
split_feature=16 16 16 17 16 26 0 27 19 27 4 14 7 26 25 24 1 18 3 17 0 25 15 1 1 1 16 18 25 26 6 19 11 4 15 4 28 3 16 17 17 15 27 1 18 18 4 0 17 3 18 0 11 14 18 28 0 19 4 18 27 24
split_gain=5.16718e+06 219558 123969 55066.2 32509.8 22258.2 17432.9 15734 14285.6 9890.32 9699.92 12650.4 28341.3 9499.24 9015.16 10807.1 10135.4 9642.34 8485.2 8357.87 9849.48 8115.57 7951.67 7502.04 7185.92 7593.91 6858.81 6824.07 6803.42 6686.32 9395.13 6297.35 6235.3 6804.36 6173.79 5963.87 5833.85 8175.97 5742.21 5480.87 5441.1 5401.48 4746.59 5087.91 4653.25 11761.2 7229.9 4620.94 4534.74 4457.97 4310.84 10438.8 4835.37 4132.3 4117.36 5162.46 4632.13 4027.81 3961.6 3949.54 3917.59 3888.46
threshold=0.46177005898734741 6.2424069572543077 0.072637180158366607 31.691325979391426 1.58921650055371 0.80164620280265819 8.5000000000000018 0.78066912293434154 118.50000000000001 1.5837312936782839 5.5000000000000009 -1.0000000180025095e-35 1.0000000180025095e-35 9.828287601470949 8.116666793823244 16.964285850524906 1110.5000000000002 3967.0000000000005 2.5000000000000004 4.8757316192246076 8.5000000000000018 65.149997711181655 17660.500000000004 411.50000000000006 1162.5000000000002 1110.5000000000002 0.021903521697908459 4.5000000000000009 8.3833332061767596 270.94688415527349 1.0000000180025095e-35 1139.5000000000002 -0.24999999999999994 3.5000000000000004 17670.500000000004 2.5000000000000004 576.37683105468761 3.5000000000000004 0.18349569658564271 0.33736056730234398 1.3262772688851634 17656.500000000004 534.92489624023449 522.50000000000011 551.00000000000011 1580.0000000000002 4.5000000000000009 7.5000000000000009 2.4518618261600755 11.500000000000002 12.500000000000002 6.5000000000000009 0.68301270189221941 -0.5 15.500000000000002 267.26188659667974 7.5000000000000009 16.500000000000004 2.5000000000000004 757.50000000000011 3.4565590620040898 42.678571701049812
decision_type=2 2 2 2 2 2 2 2 2 2 2 2 2 2 2 2 2 2 2 2 2 2 2 2 2 2 2 2 2 2 2 2 2 2 2 2 2 2 2 2 2 2 2 2 2 2 2 2 2 2 2 2 2 2 2 2 2 2 2 2 2 2
left_child=2 4 5 8 9 26 34 38 19 49 11 24 31 -9 15 57 22 -18 -7 39 42 27 -16 -22 25 -8 -1 32 -26 47 -31 -13 53 60 36 -25 -5 58 -4 -3 -11 61 43 -21 46 -46 -36 -10 -35 -2 51 -43 -52 -6 55 -41 -56 -12 -38 -44 -34 -29
right_child=1 3 7 6 21 18 10 13 29 40 14 12 -14 -15 16 -17 17 -19 -20 20 23 -23 -24 35 28 -27 -28 41 -30 30 -32 -33 33 48 44 -37 37 -39 -40 54 -42 50 59 -45 45 -47 -48 -49 -50 -51 52 -53 -54 -55 56 -57 -58 -59 -60 -61 -62 -63
leaf_value=-0.054688428015870295 -0.012900846828516367 -0.028953171597058288 -0.040171026786328792 0.029167166158523952 0.0029732175631805189 0.012267899190707686 0.021237266177149949 -0.021618192777500229 0.029069239846842898 -0.0060066434651904737 0.060911720331408431 0.016393101188645693 -0.035174145532508964 0.021903231828071829 0.037461484252278944 0.31802804951740415 0.014435409277121303 0.10388490254855871 -0.040387957448379787 0.026783513671573656 0.0096005008990650599 0.2069694049687073 0.022172282585141374 0.012099914508108125 0.064548910898489922 0.012463341046345231 -0.048013932896526779 0.0094749288952760899 0.025238408746415777 0.0332773701306242 -0.025535602484404885 -0.05103733622990006 -0.010842131245078828 0.0011087272240562487 0.050724596333986009 0.017872766062019523 0.040304573269888448 0.0077829121721580815 -0.028775302438854664 0.0091538792977467667 0.0090608417065172527 0.13497971986843935 -0.0047422343979983874 0.0178248906459921 -0.0085745951301300204 0.034420743078157609 0.013699112444355991 0.016764742701721493 0.013536961548649463 -0.031955566253572619 -0.0012452874721406897 0.010421393372971502 0.055143417776036575 0.013947903049541552 0.029073045838314656 -0.029986513023444586 0.012149441201805798 -0.011960041115557381 0.016314884722764014 0.029779290175435763 -3.5346294713130619e-05 0.058833250332565624
leaf_weight=2915503.3499435186 278342.07022148371 8925.8947563171387 257154.85485938191 415896.49378013611 159755.73790299892 17152.026640951633 1980390.6295580864 207914.67545852065 94192.397748947144 289289.98902857304 19827.665182590485 484726.06573057175 28748.165455102921 13342.234990656376 201679.42401647568 394.285325050354 165041.46109104156 3068.7194137573242 13811.382315576077 278452.10005378723 730773.59169769287 498.01083946228027 147049.6425204277 742987.93756175041 11176.683300018311 281696.56778097153 443471.75141865015 179402.70293331146 723426.03013086319 157262.99109458923 7096.6855735778809 3487.2502861022949 134733.35868525505 184969.59487521648 75852.759063720703 1124559.2584943771 42247.343082427979 88561.645935058594 193905.19995856285 758456.45042610168 75567.276086390018 3224.9728933572769 31188.191082000732 367889.5278813839 17408.018257141113 184265.89725494385 15959.232040405273 401797.7167301178 121679.36406159401 34500.465430498123 9148.2664501667023 3516.0251058340073 6504.803943157196 185216.03334772587 55191.143487691879 8519.0134167671204 151214.64890098572 2096.590528011322 29039.368709564209 11282.329410552979 222112.45094466209 4080.9368410110474
leaf_count=7056913 255301 1932 488657 3965 54206 13412 35729 272600 2391 204946 1078 21568 2226 5604 2853 5 3009 11 25616 7336 52982 8 3520 51213 344 7866 994297 47203 8964 2150 101 50 63334 69477 167 70020 223 631 277638 104833 40934 585 441 15714 60 302 52 15733 32168 34710 1988 910 930 58156 3770 377 14796 146 184 100 70274 232
internal_value=-0.000920313 0.0158927 -0.0495284 0.0188891 0.000294837 -0.0534182 0.0226301 -0.029915 0.0151539 -0.00847912 0.0212521 0.0202939 0.0130706 -0.0189937 0.0274966 0.0586099 0.026153 0.0160683 -0.0112194 0.0140953 0.0153047 0.00518939 0.0310145 0.0138955 0.02154 0.0201447 -0.0538072 0.00510662 0.0258365 0.0219978 0.0307379 0.0159114 0.00341308 0.000578147 0.0290555 0.0155761 0.0260469 0.0179283 -0.0352722 0.0100485 -0.00288593 0.0134022 0.0206204 0.0216844 0.0349575 0.0307095 0.0442887 0.0191015 0.00604031 -0.0150022 0.0365844 0.0700134 0.0221875 0.00886556 0.0104061 0.00871913 0.0166747 0.0539428 0.0305322 0.00442837 -0.00411565 0.0105728
internal_weight=1.58066e+07 1.17444e+07 4.06226e+06 9.85183e+06 1.89254e+06 3.38994e+06 4.92204e+06 672317 4.92979e+06 677700 4.05281e+06 3.51365e+06 516961 221257 539158 22318.5 516839 168110 30963.4 4.26944e+06 3.28713e+06 1.21484e+06 348729 2.59832e+06 2.99669e+06 2.26209e+06 3.35898e+06 1.21434e+06 734603 660350 164360 488213 1.00847e+06 663495 869231 1.86755e+06 575745 159848 451060 982307 364857 205878 688812 646342 293486 201674 91812 495990 306649 312843 22394.1 6741 15653.1 344972 973381 766975 206406 21924.3 71286.7 42470.5 356846 183484
internal_count=10506941 1372204 9134737 436842 935362 8090238 92953 1044499 343889 535891 87369 76747 23844 278204 10622 1229 9393 3020 39028 323514 197806 399471 6373 174215 52903 43595 8051210 399463 9308 20375 2251 21618 347615 235253 5584 121233 5003 1038 766295 125708 245880 51848 23591 23050 581 362 219 18124 101645 290011 4413 1495 2918 112362 123776 105210 18566 1224 407 541 133608 47435
is_linear=0
shrinkage=0.05


Tree=31
num_leaves=63
num_cat=0
split_feature=16 16 16 17 16 26 23 20 17 16 26 1 27 1 3 3 3 16 22 19 25 19 7 20 14 25 1 18 19 27 15 17 9 5 11 1 11 25 25 23 26 17 11 18 20 19 12 14 18 3 1 17 27 14 3 3 26 3 9 5 27 15
split_gain=4.8213e+06 198203 119967 48667.1 31050.3 22376.8 14716.5 14141.5 11345.3 11206.1 10038.4 10373.3 9525.33 8782.41 7936.6 7842.29 7211.59 7206.04 6885.37 7206.06 6603.28 6448.24 6197.55 10022.8 8226.63 6838.53 6134.09 6101.24 6030.18 8372.94 6029.21 5766.45 5460.81 5374.54 8029.62 5295.73 5240.73 8054.71 5100.13 5067.24 5170.75 5019.58 4997.6 6858.82 4886.45 4872.19 4862.61 5852.73 4775.32 4450.74 4405.55 4304.77 4249.45 4139.33 4099.37 4037.05 3886.25 3652.55 9452.78 4249.14 3520.06 3446.09
threshold=0.44217034245300585 6.2424069572543077 0.072637180158366607 45.358435227972414 1.58921650055371 0.80164620280265819 3.5000000000000004 121.50000000000001 11.156411012650876 0.18349569658564271 289.83993530273443 1213.5000000000002 1.5837312936782839 1318.5000000000002 2.5000000000000004 2.5000000000000004 11.500000000000002 0.021903521697908459 1617.5000000000002 2631.5000000000005 65.149997711181655 554.50000000000011 1.0000000180025095e-35 2503.5000000000005 -0.5 520.78332519531261 289.50000000000006 6.5000000000000009 738.00000000000011 302.38476562500006 17665.500000000004 1.0051048142687251 -1.0000000180025095e-35 1.0000000180025095e-35 -0.24999999999999994 1331.5000000000002 -0.24999999999999994 1.0000000180025095e-35 4.5499999523162851 184.85713958740237 241.67161560058597 2.4518618261600755 -0.24999999999999994 1873.0000000000002 344.50000000000006 488.50000000000006 0.6830127018922193 -0.5 410.50000000000006 11.500000000000002 289.50000000000006 31.691325979391426 534.92489624023449 -0.5 2.5000000000000004 2.5000000000000004 6.7981069087982187 1.5000000000000002 -0.8783796973249266 1.0000000180025095e-35 3.7155007123947148 17564.500000000004
decision_type=2 2 2 2 2 2 2 2 2 2 2 2 2 2 2 2 2 2 2 2 2 2 2 2 2 2 2 2 2 2 2 2 2 2 2 2 2 2 2 2 2 2 2 2 2 2 2 2 2 2 2 2 2 2 2 2 2 2 2 2 2 2
left_child=2 4 5 7 12 17 9 8 31 -4 11 15 49 22 61 57 18 -1 19 52 27 39 24 30 25 -12 28 32 29 -10 -24 -3 41 34 -17 53 37 -34 -14 45 -41 -6 43 44 -15 -13 56 -48 -35 -2 -26 -29 -9 -28 -53 -8 -33 59 -59 -5 -38 -7
right_child=1 3 6 10 20 14 55 16 26 -11 13 21 38 42 -16 33 -18 -19 -20 -21 -22 -23 23 -25 50 -27 35 51 -30 -31 -32 46 36 48 -36 -37 60 -39 -40 40 -42 -43 -44 -45 -46 -47 47 -49 -50 -51 -52 54 -54 -55 -56 -57 -58 58 -60 -61 -62 -63
leaf_value=-0.054639766432370299 -0.012603423532261333 -0.0016788858971167318 -0.037671496963160647 0.01423465707281011 0.0031380942783831621 -0.009820755597571092 0.032420662243696372 0.019544947303261777 0.010586022099556166 -0.02419104070403898 0.017465579180885482 0.026756882460990825 -0.0045725697403844068 0.023271939277939403 -0.039780586892133318 0.019492600965174068 0.034187989895289275 -0.047648275690313976 0.076461900950948916 0.16245645376983336 0.17858167427606511 -0.017053274420819768 0.038657963178300975 0.081543109269408595 0.055994117040506476 -0.024286631733318978 0.014240217994121215 0.011799523729372973 0.062974309994748776 -0.022977672178812525 0.019398674243819379 0.0091620494396322857 0.059552314482625192 0.019532040219078756 0.010065741060918712 0.0301773445323083 -0.0096937116251583841 0.0046051838195199915 0.017575189313661931 0.094588604602392726 0.026569602116594888 0.013728670071815894 0.0042591707018588588 0.065519474856704674 -0.024411881842318316 0.10207459973183058 0.0014863716296943455 0.011781931191097618 0.04021476458793994 -0.031538318883932992 0.025674326427555107 0.11600071189947536 0.0043907999317248638 0.018210082233668486 0.026601172279864152 -0.013564416622651083 0.014763513959691521 -0.00024872369580403213 0.036132700267767506 0.033306151335011254 0.00038498774883647378 0.034830254070045592
leaf_weight=2775721.2672207952 286361.92286252975 84336.098319292068 307231.64525359869 103448.37967085838 282907.20604562759 9032.0736598670483 11364.917895913124 787674.63502550125 298209.94688463211 309443.83356636763 207509.14310264587 326526.58838510513 342665.14376527071 35839.84712600708 13333.350412160158 394483.44106149673 88197.095027208328 424999.93848776817 5210.13987159729 872.00477600097656 546.96331405639648 7993.7131080627441 107031.04860115051 10552.29630279541 12084.889289855957 10293.488121032715 1270951.5201170444 179640.11695945263 5161.6540660858154 19815.964204788208 65511.51110458374 434834.05670118332 6905.7486140727997 336904.42101073265 528569.55935621262 70502.268466234207 142386.65092551708 194979.18940782547 28126.761075973511 5739.4539375305176 5445.1270427703857 185081.08648312092 79577.454962730408 8433.5167655944824 6319.9307098388672 2161.3621292114258 226330.13701796532 353854.86298799515 30429.070003509521 34807.320192694664 1395206.5724248886 1886.6760303974152 49147.822961807251 1358521.305644989 4003.3632869720459 8227.963844537735 1075610.5363488197 20872.251661300659 123464.1143693924 40696.33672118187 221242.93881559372 8284.5645841956139
leaf_count=7056913 268443 14441 585512 3278 103805 8979 2663 22001 16737 428209 2344 7469 242432 438 25616 11159 2086 994297 31 4 8 112 632 17 105 61 58245 43270 87 437 377 58827 2816 7996 16169 3769 67144 64468 9945 68 72 47744 887 35 51 36 29511 30251 322 36265 8034 200 443 46104 706 6921 89706 484 3143 873 69310 4433
internal_value=-0.000896317 0.0148591 -0.0493967 0.0176805 0.00010783 -0.0533043 -0.0295517 0.0149098 0.0138933 -0.0309071 0.0220742 0.0195184 -0.00835226 0.0246147 -0.0107849 0.0177963 0.0205845 -0.0537114 0.019161 0.0188046 0.00490789 0.0273344 0.0255177 0.0342387 0.0245352 0.0154923 0.0158746 0.00482995 0.0093648 0.00849467 0.0313456 0.0111393 0.00333121 0.0161301 0.0140945 0.0166539 2.49321e-05 0.00648478 -0.00289251 0.0283784 0.0614751 0.00732649 0.012071 0.0243579 0.0161238 0.0272522 0.0116564 0.00776564 0.0212454 -0.0146556 0.0259347 0.0131787 0.0186549 0.0162913 0.0552396 0.0131092 0.0131509 0.0252491 0.0308716 0.0196192 -0.00356152 0.0115408
internal_weight=1.57735e+07 1.19059e+07 3.86764e+06 9.99432e+06 1.91154e+06 3.23137e+06 636268 6.12923e+06 5.19813e+06 616675 3.86509e+06 1.92673e+06 691961 1.93836e+06 30650 1.57887e+06 931102 3.20072e+06 842905 837694 1.21958e+06 347866 1.80819e+06 183095 1.62509e+06 217803 3.02316e+06 1.21903e+06 323188 318026 172543 2.17497e+06 1.0335e+06 1.29039e+06 923053 2.69998e+06 565515 201885 370792 339873 11184.6 467988 130171 50593.3 42159.8 328688 2.09063e+06 580185 367333 321169 1.40729e+06 185530 836822 2.62947e+06 5890.04 19592.9 1.51044e+06 288481 144336 144145 363630 17316.6
internal_count=10506941 1393398 9113543 436842 956556 8090238 1023305 372680 348115 1013721 64162 51181 557085 12981 39028 43424 24565 8051210 22479 22448 399471 7757 11570 1026 10544 2405 125379 399463 17261 17174 1009 222736 355287 35646 27328 108118 203738 67284 252377 7645 140 151549 1411 524 489 7505 208295 59762 8318 304708 8139 44176 22444 104349 906 9584 148533 7778 3627 4151 136454 13412
is_linear=0
shrinkage=0.05


Tree=32
num_leaves=63
num_cat=0
split_feature=16 16 16 16 16 23 23 18 9 16 14 7 0 7 14 23 0 28 20 15 18 3 3 9 19 18 18 4 11 14 4 21 0 23 19 15 13 3 16 10 18 1 4 20 22 21 1 0 3 3 25 3 3 18 23 28 23 11 25 9 11 3
split_gain=4.50479e+06 193066 98993.7 40512.8 29763.6 20545.4 15043.1 14866.7 15438.4 9440.76 9003.94 29566.7 37043.9 27343.4 34152.9 24791.8 18825.2 15370.6 9834.96 8656.08 8370.32 9350.36 9936.89 8295.53 8176.24 7931.4 7347.11 7088.91 6931.52 10230.9 8210.82 7892.7 7458.4 6652.17 6563.49 7510.49 6508.29 6026.65 5781.84 5740.94 5647.8 5257.36 5169.98 5052.03 7748.15 7832.17 6161.87 4884.89 4705.38 4674.9 4294.68 5191.7 4350.74 5036.62 4242.06 4027.07 3976.79 3887.1 5493.08 4630.14 3726.79 3704.71
threshold=0.37413645242746207 5.3428317726832431 0.061819055757316825 49.095524060908325 1.2487494889738597 0.5000000149011613 2.7857142686843877 716.00000000000011 1.0000000180025095e-35 0.17661717757183154 -0.5 1.0000000180025095e-35 17.500000000000004 1.0000000180025095e-35 -0.78656609248549325 78.857143402099624 14.500000000000002 302.73780822753912 1558.0000000000002 17670.500000000004 41.500000000000007 2.5000000000000004 1.5000000000000002 -0.8783796973249266 67.500000000000014 4.5000000000000009 1.0000000180025095e-35 5.5000000000000009 -0.24999999999999994 -0.37940952255126015 3.5000000000000004 1193.0000000000002 16.500000000000004 133.3571472167969 1.5000000000000002 17656.500000000004 0.37940952255126054 2.5000000000000004 0.020251192870381327 -0.56174490092936669 4.5000000000000009 1213.5000000000002 1.0000000180025095e-35 97.500000000000014 2548.0000000000005 3156.0000000000005 528.50000000000011 12.500000000000002 2.5000000000000004 11.500000000000002 77.433334350585952 11.500000000000002 3.5000000000000004 3228.0000000000005 600.42855834960949 1.0000000180025095e-35 143.92857360839847 -0.24999999999999994 57.266666412353523 -1.0000000180025095e-35 0.68301270189221941 2.5000000000000004
decision_type=2 2 2 2 2 2 2 2 2 2 2 2 2 2 2 2 2 2 2 2 2 2 2 2 2 2 2 2 2 2 2 2 2 2 2 2 2 2 2 2 2 2 2 2 2 2 2 2 2 2 2 2 2 2 2 2 2 2 2 2 2 2
left_child=2 4 5 20 25 38 9 10 43 -4 13 19 18 16 47 -16 23 -18 -13 26 24 22 -22 -5 28 49 -12 40 29 -3 32 -32 -30 -31 35 -24 55 -7 -1 -36 57 -21 -23 44 45 -9 -45 -15 -27 -2 51 56 53 -52 -44 -29 -10 -6 59 -59 -42 -8
right_child=1 3 6 7 27 37 61 8 50 -11 11 12 -14 14 15 -17 17 -19 -20 41 21 42 34 -25 -26 48 -28 36 30 33 31 -33 -34 -35 39 -37 -38 -39 -40 -41 60 -43 54 46 -46 -47 -48 -49 -50 -51 52 -53 -54 -55 -56 -57 -58 58 -60 -61 -62 -63
leaf_value=-0.05460133282690878 -0.010581307866947817 0.0094872226808971581 -0.038213260660489114 0.027126287230461694 0.0045722493418153777 0.01378672030761784 0.027839924484359915 0.012219138636632605 0.0030577904615060429 -0.025389775198380204 0.021416952503442804 0.0099578920077419801 -0.039262515442835738 -0.0027868956794374795 0.086829328627525626 0.035235705254569968 0.0096331821468080628 -0.010527762521101575 0.081896298935261624 0.020677264627799816 0.011484725948068014 0.0020606627671145273 0.025128098967923604 0.01495140242241751 0.018458894606376636 0.033821984657766729 0.016063568127947927 0.063060284211208906 0.0085259142891843092 0.020629731928997835 0.012153533721322484 0.20992120496895603 -0.00071643907956507851 -0.028014418971121158 -0.0096943536907489001 0.058262563658885595 -0.0040572495786341993 -0.039079476257491447 -0.048018332825461328 0.040418070561505391 0.005321772182999231 0.032308900578839388 0.016215067079514308 0.032337041652975865 -0.047952733675023812 0.059703804928572961 0.014584794283347685 0.018800599620121795 -0.00086205101113907443 -0.026934265708983454 0.032393266893230785 0.15271382734964306 0.026308657664018673 0.05560096566407019 0.17801443491938099 0.015940025494850837 0.075621937349848317 0.0035894806759657985 0.23905038852918736 -0.0061281141957703605 0.022011025817808449 -0.014543369065734987
leaf_weight=2618779.4644630551 516562.38449007273 559178.44388055801 340584.12003442645 167288.11832237244 289172.89951431751 14234.589434713125 12304.989657521248 225417.25587654114 3032.2530364990234 248073.96643507481 1882067.4174909592 162685.88339614868 44497.139531135559 55033.034604072571 27972.96542930603 138909.53516578674 529028.64659690857 115108.19371604919 4893.9168510437012 166786.18344688416 54488.462072372437 73534.157115936279 27653.598364830017 855007.79641628265 362872.09825277328 13921.172913849354 971891.88929748535 4689.7193092703819 718580.12526369095 414210.23284077644 893020.32910275459 504.68182563781738 313520.79576301575 7149.3118448257446 11646.341586589813 44825.106950759888 46511.20500254631 8676.8254250884056 382256.74474772811 11221.959169864655 118983.8451911211 232677.79721832275 449527.71664786339 98717.01135635376 5149.4728775024414 9031.8329315185547 96831.17240524292 50026.270835876465 32859.249876320362 47743.712607204914 157736.99856567383 1395.8287963867188 340153.06328964233 27447.372009277344 405.37400817871094 136853.01914024353 5004.5738525390625 188788.25185418129 234.93819427490234 349517.78336292505 46532.730225205421 8874.0170670151711
leaf_count=6992829 475809 60081 689654 3500 109105 9952 3235 2049 64 366032 32529 3200 2133 1146 497 1257 14197 1752 22 2841 3242 4680 1607 21457 21331 5563 13942 1847 81386 41517 88564 12 38459 315 505 1789 17826 17261 945334 424 35652 1207 25573 519 20 15 388 836 22542 50109 746 21 1590 39 2 43674 64 74519 4 150764 11047 8665
internal_value=-0.000872013 0.0137804 -0.0496966 0.016412 -0.0013665 -0.0534027 -0.0313196 0.0188763 0.0245762 -0.0328092 0.0178532 0.0193797 0.00129075 0.0151243 0.0298248 0.0438839 0.0127253 0.00603038 0.0120588 0.0205588 0.0124279 0.0175045 0.0285178 0.0169437 0.0113823 -0.0103248 0.0195939 0.00326768 0.0104987 0.0139207 0.00875625 0.0122653 0.00571836 0.0198044 0.0382517 0.0456205 0.0121692 -0.0062342 -0.0537628 0.0148967 0.00158229 0.0274524 0.0143521 0.017583 0.0127159 0.0140485 0.0235466 0.00749242 0.00945936 -0.0119649 0.0302665 0.063706 0.0296661 0.0358331 0.0163609 0.0175013 0.0482449 -0.000103733 -0.00261454 -0.00272007 0.0100138 0.0100811
internal_weight=1.57423e+07 1.21085e+07 3.63378e+06 1.03161e+07 1.79237e+06 3.02395e+06 609837 6.37379e+06 969917 588658 5.40387e+06 3.4655e+06 212077 1.93837e+06 271942 166883 1.66643e+06 644137 167580 3.25342e+06 3.94234e+06 673303 149835 1.0223e+06 3.26904e+06 611087 2.85396e+06 1.18128e+06 2.90616e+06 980538 1.92563e+06 893525 1.0321e+06 421360 95347 72478.7 188054 22911.4 3.00104e+06 22868.3 993230 399464 523467 435147 239599 234449 195548 105059 46780.4 564306 534770 9432.66 525337 185184 449933 141543 8036.83 827714 538541 538306 165517 21179
internal_count=10506941 1473979 9032962 475518 998461 7965376 1067586 106031 5515 1055686 100516 55874 5355 44642 3736 1754 40906 15949 3222 50519 369487 37822 7567 24957 331665 554023 46471 444438 310334 101913 208421 88576 119845 41832 4325 3396 63347 27213 7938163 929 381091 4048 30255 2991 2084 2064 907 1982 28105 525918 2524 149 2375 785 25575 45521 128 334392 225287 225283 46699 11900
is_linear=0
shrinkage=0.05


Tree=33
num_leaves=63
num_cat=0
split_feature=16 17 16 17 27 23 13 13 23 4 14 7 12 16 16 22 7 25 17 18 18 9 14 7 13 1 3 27 13 4 25 23 3 18 18 9 25 10 17 3 27 11 11 14 12 1 1 23 13 12 23 25 17 27 28 22 19 4 16 4 14 19
split_gain=4.21187e+06 176350 95731.5 42705.2 26503.6 20556.3 14498 14031.1 13492.9 11714.1 14052.3 22022.2 10008.5 9187.72 8650.9 7950.61 7495.9 8388.52 7443.16 8992.54 7172.2 8107.61 6919.79 8968.49 12785.5 8210.37 8680.26 6211.07 6041.7 5691.69 6889.94 6275.28 5598.73 5573.45 7296.79 10761.4 5553.18 14453.5 5534.75 5512 5437.71 5407.93 5322.76 5061.01 5044.9 4999.21 7831.73 6393.85 4810.64 4486.46 4408.06 4339.47 4057.45 3933.73 4353.85 3767.81 3748.16 3737.31 4851.07 3654.21 3528.66 3232.64
threshold=0.35854197453677394 2.0221680715020756 0.061819055757316825 22.908441690601954 4.8004119396209726 0.5000000149011613 0.78656609248549325 0.78656609248549325 2.928571462631226 5.5000000000000009 0.1294095225512602 1.0000000180025095e-35 0.6830127018922193 0.77479153921102129 0.14353689644242526 703.00000000000011 1.0000000180025095e-35 193.41666412353518 64.745858732170532 2003.0000000000002 109.50000000000001 1.0000000180025095e-35 -0.37940952255126015 1.0000000180025095e-35 -0.78656609248549292 1118.5000000000002 3.5000000000000004 0.13363532289395155 -0.78656609248549292 2.5000000000000004 0.050000002607703216 2.5000000000000004 2.5000000000000004 1478.0000000000002 501.00000000000006 1.0000000180025095e-35 1.0000000180025095e-35 1.0000000180025095e-35 1.0051048142687251 8.5000000000000018 116.610897064209 0.93301270189221952 -0.93301270189221919 -0.70710678118654757 -0.5 411.50000000000006 312.50000000000006 600.42855834960949 -0.9159756150367534 1.0000000180025095e-35 5.9285714626312265 77.433334350585952 14.068143144433561 36.430006027221687 120.44113540649415 21.500000000000004 534.50000000000011 5.5000000000000009 41.32358243625081 1.0000000180025095e-35 -0.37940952255126015 1.0000000180025095e-35
decision_type=2 2 2 2 2 2 2 2 2 2 2 2 2 2 2 2 2 2 2 2 2 2 2 2 2 2 2 2 2 2 2 2 2 2 2 2 2 2 2 2 2 2 2 2 2 2 2 2 2 2 2 2 2 2 2 2 2 2 2 2 2 2
left_child=2 4 5 7 13 27 9 12 14 10 18 39 15 -2 -4 29 52 -18 19 -5 38 -22 25 44 -25 26 -11 -1 -13 31 -31 -3 -7 34 41 56 37 -15 -6 -12 -27 59 -8 -20 -24 46 -14 -48 -39 -38 -44 -37 -17 54 -52 -55 -36 -47 -59 -9 -43 -10
right_child=1 3 8 6 20 32 42 33 61 22 11 28 45 36 -16 16 17 -19 43 -21 21 -23 23 24 -26 40 -28 -29 -30 30 -32 -33 -34 -35 35 51 49 48 -40 -41 -42 60 50 -45 -46 57 47 -49 -50 -51 53 -53 -54 55 -56 -57 -58 58 -60 -61 -62 -63
leaf_value=-0.054277351826394031 -0.015602227533117361 0.0020619244637851966 -0.038804708935240739 0.015468875007790242 -0.00076153265704963268 0.012954366693322762 0.0045213329193082965 0.024834852927405254 0.021333727403435948 0.036554230764160568 0.014078087278953384 -0.043062213953650577 0.0059714208382402063 -0.016596801779516553 -0.02634354543510144 -0.040505940352670348 0.096693259519294777 -0.0022180278156364447 0.015575721822515643 -0.023407031949983937 0.0078058121127988177 0.066603157787172212 0.022191592083308842 -0.024664297174794118 0.064811691588555487 0.024901867936143487 0.01462888674877643 -0.044802488345542096 -0.0019221290710678995 -0.028900357589636369 0.013633106485564046 0.010935980792759363 -0.038443089358464168 -0.038629130653198139 0.0064491604143147169 0.091738812184806784 -0.0014058837963434516 0.11013323117727365 0.0075709597961926486 0.0029647740832822555 -0.0026322252766114267 0.012057761331605368 0.0098860092831726306 0.021651928858228961 0.033353017564881959 0.0060821030251922044 -0.01358092080012465 0.15480212049911446 0.038280215917344762 -0.010372626271713339 0.15000721594083355 0.043315426587566042 0.031188662472722589 0.021712838881754602 0.034887664198636488 0.02801476958681386 0.053149952226964663 0.022352593353518108 -0.0014403346372765945 0.015553993770538028 -0.0082865736118620352 -0.026488645468950064
leaf_weight=2674839.4510678351 281113.63365370035 277134.34479618073 271204.18936926126 2110061.3729745746 386470.94387292862 14387.682479649782 36162.430121898651 123301.54800951481 14830.790454030037 71071.522349119186 475357.435957551 23869.773525595665 164150.65322881937 15541.236255943775 286331.14534312487 2800.0261614322662 8133.1861901283264 2910.5239143371582 501930.03026252985 14980.566741943359 14882.670061945915 9674.1690202951431 179857.15500611067 17264.838986158371 5193.4039974212646 24275.07021522522 123735.23092120886 184934.24661642313 14253.330234348774 9583.7655117511749 1455770.8231722713 708598.0431432128 8386.8529166579247 4547.244592666626 32856.409733772278 5351.7954635620117 289365.02115637064 2958.453332901001 411474.96316069365 145795.42694729567 68615.874906539917 53169.985937297344 52136.827498912811 1080315.3493537903 231628.95378136635 538488.43198436499 87686.152568697929 567.31937408447266 10958.305454969406 269354.36029416323 1305.2365641593933 34158.925405502319 6683.8850564956665 514071.63622093201 2215.6989555358887 440378.25448799133 4942.7659912109375 82198.653124988079 28974.078985214233 758659.97070789337 35573.960505843163 4638.9386796355247
leaf_count=7459699 310542 61488 582192 53323 154333 9952 299 6742 6697 1308 30106 1936 22024 10537 454508 147 153 26 9644 93 1357 774 4987 664 448 764 3290 478464 2277 5900 163906 63801 17261 62 536 93 162944 1344 90048 10017 1050 2448 771 8946 6035 68895 13859 3 6354 154790 21 318 174 3562 35 2261 46 10556 1023 35310 2212 3586
internal_value=-0.000848152 0.0129077 -0.0495666 0.0153086 -0.00207937 -0.0532878 0.0180094 0.0115655 -0.0309763 0.0169072 0.0159319 0.00920568 0.00999305 -0.00816682 -0.0324051 0.0116383 0.0426261 0.0706254 0.017128 0.0151948 0.00435435 0.0309694 0.0228085 0.0267952 -0.00397281 0.0167953 0.022628 -0.0536646 -0.0276811 0.0113788 0.0133549 0.00844108 -0.00597291 0.0166054 0.0168451 0.0316287 -0.00461313 0.0165452 0.00353526 0.0114696 0.00456319 0.0156677 0.0233698 0.0197244 0.0284745 0.00548515 -0.000486518 -0.0124983 0.0535559 -0.00572869 0.0240446 0.0498748 0.0100208 0.0248151 0.0775678 0.0246205 0.0125562 0.00780525 0.0161516 0.0168515 0.00390246 0.00993904
internal_weight=1.57121e+07 1.22525e+07 3.45955e+06 1.05607e+07 1.69179e+06 2.88255e+06 6.13448e+06 4.42624e+06 577005 5.08821e+06 4.36656e+06 659276 3.37368e+06 869291 557535 2.47161e+06 20527.6 11043.7 3.70729e+06 2.12504e+06 822503 24556.8 721642 433944 22458.2 287698 194807 2.85977e+06 38123.1 2.45109e+06 1.46535e+06 985732 22774.5 1.05256e+06 1.04802e+06 77309.9 588177 29458 797946 621153 92890.9 970705 1.04627e+06 1.58225e+06 411486 902065 252404 88253.5 13916.8 558719 1.01011e+06 39510.7 9483.91 957971 3520.94 954450 37799.2 649661 111173 881962 88743.9 19469.7
internal_count=10506941 1494582 9012359 601559 893023 7965376 141837 459722 1046983 134888 116342 44336 411955 646511 1036700 295595 500 179 72006 53416 246512 2131 18546 12134 1112 6412 4598 7938163 4213 295095 169806 125289 27213 47767 47705 993 335969 18235 244381 40123 1814 46712 6949 18590 11022 116360 35886 13862 7698 317734 6650 411 321 5879 56 5823 582 80474 11579 42052 4660 10283
is_linear=0
shrinkage=0.05


Tree=34
num_leaves=63
num_cat=0
split_feature=16 16 16 16 27 26 18 18 9 14 11 0 3 3 0 3 0 4 13 3 20 16 23 27 16 9 20 12 1 28 18 3 16 18 1 19 14 11 13 11 0 26 25 4 9 11 4 1 28 23 3 18 1 11 13 0 3 18 25 4 26 0
split_gain=3.94035e+06 165419 87949.2 40269.8 20192.6 19955.9 14248.2 13728.4 12934.3 9206 24825.4 27859.6 23861.1 17864.7 12359.8 11810.7 9346.47 8863.09 10079.8 8292.84 8138.21 7715.99 7657.17 7219.16 7219.05 6790.78 6619.85 7156.66 6399.05 8903.54 6634.62 5807.02 5357.12 5083.17 5035.19 5718.41 4821.34 10781.5 8211.12 8189.69 8103.89 6444.63 4686.43 4539.83 4349.09 4089.5 4079.47 4061.71 3965.64 3890.38 3793.18 12621.5 4255.54 3725.08 9211.79 13464 4099.77 9887.81 4408.46 3545.16 3953.67 3435.75
threshold=0.32883489958961665 3.2512606323925328 0.055598488751502667 34.583243786156963 2.6690098047256474 0.80164620280265819 716.00000000000011 1.5000000000000002 1.0000000180025095e-35 -0.5 0.93301270189221952 17.500000000000004 3.5000000000000004 1.5000000000000002 14.500000000000002 4.5000000000000009 13.500000000000002 5.5000000000000009 0.60355339059327384 11.500000000000002 1558.0000000000002 0.97012440450531112 23.214285850524906 382.06092834472662 0.14353689644242526 -0.8783796973249266 18.500000000000004 0.6830127018922193 1213.5000000000002 1.0000000180025095e-35 74.500000000000014 2.5000000000000004 0.018317814501020612 175.50000000000003 229.50000000000003 67.500000000000014 -0.37940952255126015 0.93301270189221952 -0.78656609248549292 0.93301270189221952 14.500000000000002 350.18302917480474 10.150000095367433 3.5000000000000004 1.0000000180025095e-35 0.68301270189221941 2.5000000000000004 1218.5000000000002 576.37683105468761 82.000000000000014 2.5000000000000004 1.0000000180025095e-35 1241.5000000000002 0.93301270189221952 -0.37940952255126059 16.500000000000004 5.5000000000000009 1.0000000180025095e-35 0.51666668057441723 3.5000000000000004 1.0000000180025095e-35 7.5000000000000009
decision_type=2 2 2 2 2 2 2 2 2 2 2 2 2 2 2 2 2 2 2 2 2 2 2 2 2 2 2 2 2 2 2 2 2 2 2 2 2 2 2 2 2 2 2 2 2 2 2 2 2 2 2 2 2 2 2 2 2 2 2 2 2 2
left_child=2 4 5 17 19 32 9 24 43 12 28 20 13 48 25 -16 -15 26 36 21 -12 -2 46 -10 -4 -14 27 50 30 -30 -11 -7 -1 59 35 -20 39 47 -39 41 -41 -19 -13 -8 -35 -9 -6 -38 -5 -24 51 -3 -52 56 55 -55 57 -48 -58 -28 -61 -29
right_child=1 3 7 6 22 31 8 45 23 10 11 42 14 16 15 -17 -18 18 34 -21 -22 -23 49 -25 -26 -27 33 61 29 -31 -32 -33 -34 44 -36 -37 37 38 -40 40 -42 -43 -44 -45 -46 -47 53 -49 -50 -51 52 -53 -54 54 -56 -57 58 -59 -60 60 -62 -63
leaf_value=-0.054559572267968648 -0.013880435053456217 0.006711911675774996 -0.038962149907107571 0.0065955010829001365 -0.003977672962834731 0.012685230352536065 0.0057915723509530956 -0.017264755678724989 0.040855189542221421 0.018305936534468117 0.0091415732518701151 0.0077026761703662718 0.02144080699668266 0.017716675816766638 -0.011987335139362676 0.0068992984573865539 0.03020079215683687 0.0094704892337855815 0.016196090454472341 -0.026814861856330537 0.070106168135231989 -0.0027401613207520439 0.023752044151441026 0.02448001377693447 -0.027231244112912729 0.010923120256929706 0.0094814002370015426 0.013921424118713095 0.14001751717184702 0.021967451354717241 0.01301516938835965 -0.040048665792197929 -0.0479016889457324 0.014076303458294401 -0.0039705769846594494 0.1121797798965055 0.023424254363582902 -0.033571509512641477 0.036836478881206183 0.015751045346735697 0.061112495120208887 0.18022046161723618 -0.033420239861758676 0.01800907942391769 0.056059261790170047 0.016828763060802065 -0.012543607423550122 0.040923965664675432 0.049035043653743338 0.1090054079854907 0.0071616678783782712 0.030715950062669951 0.014264823506685276 0.071951823019354252 -0.0039664351716283651 -0.007621957460706476 0.066075511255609842 0.020613162814020619 0.0057316707728108105 0.033482148914014936 0.014615721422160716 0.001959670314545863
leaf_weight=2344680.9576175213 325274.37526971102 158257.95074164867 288649.82638815045 212903.01585292816 268123.19493204355 14362.102046698332 96452.553527832031 18969.738630414009 78241.221748352051 2191925.4721655846 194117.34945392609 7989.2685842514038 184285.19253730774 280868.33877086639 99508.332676887512 492284.18189430237 321589.01429748535 223328.45562899113 11334.585197091103 69091.95929813385 5632.8923034667969 297677.84795534611 24628.629667758942 481640.48167800903 240357.81625035405 917790.35336780548 301991.82424497604 66649.742908835411 1600.9261484146118 678985.48462867737 812079.83353900909 8201.6393328011036 346849.58214482665 11820.746851921082 83424.92677295208 1797.8346092700958 165794.31816029549 13505.82565331459 5971.7964090108871 24132.158594608307 16632.32227730751 553.8819637298584 52149.047801017761 359217.5608215332 12902.178722381592 16399.29143601656 96837.973518550396 41448.73121213913 5650.4630279541016 1415.0026607513428 1322641.9211415052 83739.511633872986 250852.42541027069 13480.691620826721 24262.890152692795 8776.5695481300354 3073.5203568339348 29284.734046399593 198089.96700417995 35025.018852710724 134055.57067990303 604463.12637388706
leaf_count=6904754 357345 24017 651560 6541 141149 11132 773 30337 735 43516 4215 423 4710 6755 2237 14149 5351 25705 1491 65697 25 180307 3595 1850 397022 28440 30589 9571 34 10951 11002 17850 947438 468 12150 82 16205 1969 506 2229 989 11 2669 2391 490 10556 52285 3482 43 77 182310 7114 30153 5665 12581 4222 1939 11524 98035 3775 11316 90439
internal_value=-0.000824028 0.0120598 -0.0495746 0.0140858 -0.00439431 -0.053309 0.0161724 -0.0316158 0.0216778 0.0153068 0.016814 0.00187832 0.0129428 0.0199383 0.00955207 0.00372355 0.0243807 0.00971745 0.0153283 -0.0103799 0.0108608 -0.00855706 0.00180696 0.0267684 -0.0336322 0.0126819 0.00861136 0.0075595 0.0178675 0.0222452 0.0168757 -0.00648276 -0.0537016 0.0138869 0.000559501 0.0293374 0.0182305 0.0235816 -0.0119842 0.0136463 0.0342592 0.00989303 -0.027957 0.015423 0.0359863 -0.00145673 0.00072867 0.0269242 0.00769277 0.0283846 0.00919038 0.0150182 0.00829408 0.00410444 0.0173435 0.0405739 0.00222263 -0.00484481 0.0066537 0.012727 0.0185239 0.00314763
internal_weight=1.56837e+07 1.24053e+07 3.27847e+06 1.10452e+07 1.36002e+06 2.71409e+06 7.47491e+06 564377 1.01555e+06 6.45936e+06 3.94448e+06 259889 2.51488e+06 821011 1.69387e+06 591793 602457 3.57032e+06 587925 692044 199750 622952 667973 559882 529008 1.10208e+06 2.9824e+06 2.4866e+06 3.68459e+06 680586 3.00401e+06 22563.7 2.69153e+06 495795 96557.3 13132.4 491367 226721 19477.6 264647 40764.5 223882 60138.3 455670 24722.9 35369 641930 207243 218553 26043.6 1.81549e+06 241997 1.57349e+06 373806 46520.2 22257.3 327286 126123 201163 471072 169081 671113
internal_count=10506941 1536292 8970649 601871 934421 7881174 146810 1089475 5749 141061 72835 7332 68226 18690 49536 16386 12106 455061 64819 603349 4240 537652 331072 2585 1048582 33150 390242 343604 65503 10985 54518 28982 7852192 46638 13723 1573 51096 22162 2475 28934 3218 25716 3092 3164 958 40893 327400 19687 6584 3672 243594 31131 212463 186251 22468 9887 163783 63809 99974 45680 15091 100010
is_linear=0
shrinkage=0.05


Tree=35
num_leaves=63
num_cat=0
split_feature=28 17 17 28 17 17 17 28 0 27 12 3 0 12 12 17 17 6 4 1 18 18 0 20 15 18 17 11 15 1 0 4 7 13 4 0 7 18 3 0 13 7 0 28 15 18 13 10 15 15 15 23 27 3 11 18 24 0 4 18 11 13
split_gain=3.48909e+06 153341 121119 37145.7 36116.1 27171.1 26496.1 16584.6 14646.8 11522.5 10813.7 10433.3 10114 9621.47 9557.17 9505.24 7979.76 6925.26 6739.91 8364.33 10108 6725.46 6442.29 7346.92 6263.71 6225.14 6153.61 5838.98 6084.64 5828.37 5699.2 7444.44 5857.87 5472.17 5445.84 5439.63 16746.9 5427.56 5340.39 26029.1 21042.9 5143.93 18169 7613.5 4984.49 4657.97 4635.56 4496.65 4494.05 4474.43 4360.23 4950.92 4376.52 7070.3 4346.53 4327.38 4266.29 4219.76 4211.88 4099.84 5246.46 4073.81
threshold=0.96161603927612316 1.8527863777089786 0.1974837684573871 1.0000000180025095e-35 17.795505150693206 7.6463065865194197 0.32043056421099114 1.0000000180025095e-35 8.5000000000000018 5.3000619411468515 0.25000000000000017 11.500000000000002 8.5000000000000018 1.0000000180025095e-35 0.6830127018922193 45.358435227972414 1.3262772688851634 1.0000000180025095e-35 5.5000000000000009 528.50000000000011 85.500000000000014 3967.0000000000005 19.500000000000004 1316.5000000000002 17599.000000000004 1355.0000000000002 0.071453355804500865 0.93301270189221952 16034.500000000002 289.50000000000006 18.500000000000004 5.5000000000000009 1.0000000180025095e-35 -0.98296291314453399 1.5000000000000002 18.500000000000004 1.0000000180025095e-35 1.0000000180025095e-35 3.5000000000000004 16.500000000000004 -0.9159756150367534 1.0000000180025095e-35 17.500000000000004 302.73780822753912 16186.500000000002 402.50000000000006 -0.78656609248549292 1.0000000180025095e-35 17606.000000000004 16186.500000000002 17670.500000000004 477.28572082519537 715.47216796875011 4.5000000000000009 -0.24999999999999994 187.50000000000003 45.892856597900398 20.500000000000004 5.5000000000000009 1.0000000180025095e-35 0.68301270189221941 0.91597561503675362
decision_type=2 2 2 2 2 2 2 2 2 2 2 2 2 2 2 2 2 2 2 2 2 2 2 2 2 2 2 2 2 2 2 2 2 2 2 2 2 2 2 2 2 2 2 2 2 2 2 2 2 2 2 2 2 2 2 2 2 2 2 2 2 2
left_child=2 6 3 -1 12 7 37 10 17 -8 34 16 25 46 35 30 -12 50 22 20 -20 -21 29 -24 -16 27 -5 44 -29 -17 41 32 -32 -15 -4 38 58 54 39 -14 -40 43 -43 -10 -3 -46 47 -7 -39 -49 52 -52 -6 -54 -2 -11 -33 -18 -37 -9 -61 -19
right_child=1 4 5 26 8 13 9 59 15 55 11 -13 14 33 24 18 57 61 19 21 -22 -23 23 -25 -26 -27 -28 28 -30 -31 31 56 -34 -35 -36 36 -38 48 40 -41 -42 42 -44 -45 45 -47 -48 49 -50 -51 51 -53 53 -55 -56 -57 -58 -59 -60 60 -62 -63
leaf_value=-0.054031769117936668 -0.0091511126756277858 0.0073148642426664641 -0.031815226655588322 -0.042886958308103747 0.020777014170135846 -0.052985842195260618 -0.0050968582123056844 -0.02028024639829442 0.013553021226025178 0.0043321420147365 -0.029357905193009716 -0.05361811808709617 0.020841042701547408 0.068478389935685086 -0.0055225141017324827 0.03240941252994143 0.0071178295332909218 0.013249684541308652 0.038063505193403978 0.013150508681088994 0.016328849144940285 0.083624053614099317 0.006910472448590956 0.15244558995019447 0.0055562247058038592 -0.049590639281436338 -0.031269900612680472 0.038166364245335489 -0.0023366353168396358 0.015735862948917587 0.0034513138511023198 0.027450372244450946 -0.028724595516775444 0.012696685190388685 -0.051684625933011354 0.0043109890816143822 -0.032887909833777686 -0.0077388068379647375 0.018156727838226111 -0.00629481674913365 0.0045245688585090838 0.02262559370106508 -0.04182211540366218 0.0050425318187854139 0.015743374393358319 0.029958480738659032 -0.03385360634974708 0.17598531095069825 0.026231638861468971 0.024413689485084419 0.056047967017596602 0.025043822064218277 0.022166898269049305 -0.0045832035298927669 -0.021579664366974546 0.03691941950623006 -0.0050584009611272752 -0.034785230169298603 0.022302357305497962 -0.012965715467138733 0.044615671031383447 -0.013206653442898767
leaf_weight=2163527.4786473215 105461.31681463122 164450.45592933893 50052.90911051631 394425.15515136719 778667.42947000265 1110.0646719932556 524832.37354680896 172937.49786558747 1496729.1612833738 644314.02773073316 70841.549997001886 28017.552385360003 406504.18301272392 4985.7003552615643 165539.83289211988 53453.474234580994 30871.062366724014 45607.523282647133 126474.31058552861 182668.06263434887 92705.161487579346 3449.2603912353516 234897.39725211263 870.29754257202148 556408.29433581233 3861.731761932373 160337.83095160127 10426.814586639404 83757.022595763206 2691586.6457144022 212360.92645075917 49532.701490610838 15154.869455635548 37208.482733815908 110895.10546037555 186109.02091661096 29034.587970584631 57449.131492763758 418670.52385663986 112918.89283066988 874131.58780148625 240013.51451539993 11457.843518972397 318764.19459533691 702299.38196146488 62781.026271820068 16513.796699881554 691.12475407123566 11722.350034624338 1647.6783074140549 13447.166591644287 303377.82894134521 52686.738021850586 46504.729438781738 211284.3788202405 10351.142144918442 12674.411421775818 7459.825752466917 39420.869027853012 13216.425517201424 5645.5669391453266 21367.529635429382
leaf_count=6627594 110159 11515 118343 1022371 9167 675 341650 243454 51124 178749 166339 76234 43119 456 28500 1233 35930 457 2529 3184 960 11 17032 6 71433 62 320635 792 6893 41256 21836 4601 3009 20615 285260 52017 14640 49792 32328 12364 111559 5221 749 4544 42611 902 19317 104 5947 562 94 532 260 300 233652 641 415 18843 8786 16748 6639 191
internal_value=-0.000800214 0.0113283 -0.0467356 -0.0510721 0.0134443 -0.0253845 -0.0032983 -0.0293354 0.0155765 0.000422574 -0.0367139 -0.0263997 0.00953091 0.00575714 0.00796843 0.0145048 -0.0194144 0.0204546 0.0162019 0.0222515 0.0288705 0.0144566 0.0153793 0.00744778 0.00301591 0.0137713 -0.0395294 0.0140103 0.00214731 0.0160605 0.0120665 0.00549898 0.00130804 0.0192882 -0.0455055 0.00969839 0.0028543 -0.0146706 0.0106598 0.0149419 0.00893931 0.0129871 0.0196891 0.0120588 0.0152123 0.0169098 -0.0228425 0.0298787 -0.0019818 0.0692114 0.0213317 0.0263598 0.019517 0.00962539 -0.0174416 0.0048474 0.0208268 -0.00103714 0.00745577 -0.017866 0.0042688 0.00480905
internal_weight=1.56566e+07 1.23862e+07 3.27038e+06 2.71829e+06 1.08208e+07 552094 1.56541e+06 489937 7.00445e+06 1.1795e+06 298138 137190 3.81631e+06 62156.8 2.78874e+06 5.74279e+06 109172 1.26166e+06 3.3861e+06 405297 219179 186117 2.98081e+06 235768 721948 1.02758e+06 554763 1.02371e+06 94183.8 2.74504e+06 2.35669e+06 289723 227516 42194.2 160948 2.06679e+06 254564 385917 1.81223e+06 519423 1.2928e+06 2.06696e+06 251471 1.81549e+06 929531 765080 19962.7 3448.87 69171.5 2338.8 1.19468e+06 316825 877859 99191.5 316746 654665 62207.1 38330.9 225530 191799 18862 66975.1
internal_count=10506941 1526822 8980119 7970600 606232 1009519 920590 967790 168711 521040 700949 297346 437521 41729 374746 157710 221112 11001 66211 6684 3489 3195 59527 17038 99933 62775 1343006 62713 7685 42489 91499 29861 24845 21071 403603 274813 75443 399550 199370 55483 143887 61638 5970 55668 55028 43513 20658 1341 55739 666 10353 626 9727 560 343811 179390 5016 54773 60803 266841 23387 648
is_linear=0
shrinkage=0.05


Tree=36
num_leaves=63
num_cat=0
split_feature=16 16 16 17 26 27 23 0 17 17 18 16 19 3 28 10 17 6 16 4 4 1 24 18 0 18 27 0 4 0 17 19 3 3 24 20 11 4 20 4 15 11 13 17 1 4 3 19 23 20 3 21 3 15 3 27 3 18 10 28 17 18
split_gain=3.46401e+06 140515 78453.5 38299.8 18250.5 17515.6 14874.8 12502.5 8467.63 8381.52 7663.4 7516.85 7357.91 6957.91 6074.58 14735.6 6075.76 6054.53 6014.67 5950.62 5807.74 11213.5 14274.3 9240.52 6217.24 6147.44 5284.67 6459.02 5281.94 4989.36 6976.96 4656.98 4371.05 4281.7 4239.63 4220.7 4110.83 4625.46 3964.5 3924.3 3878.53 3702.23 3687.76 3647 3450.61 3393.03 3378.99 5511.61 7055.2 4954.12 3359.48 12101.3 3352.33 3344.37 3228.44 3134.73 3064.11 2968.55 2962.24 2612.8 2585.85 5352.73
threshold=0.28926230944454184 2.9832663400912605 0.044788059701492543 17.795505150693206 0.80164620280265819 1.8700941801071169 1.3571428656578066 8.5000000000000018 64.745858732170532 1.0763110363726958 2003.0000000000002 0.11899023839179679 118.50000000000001 11.500000000000002 0.21814115345478061 1.0000000180025095e-35 2.4518618261600755 1.0000000180025095e-35 0.77479153921102129 5.5000000000000009 3.5000000000000004 522.50000000000011 3.7500000000000004 835.00000000000011 18.500000000000004 87.500000000000014 445.80003356933599 8.5000000000000018 1.0000000180025095e-35 18.500000000000004 7.6463065865194197 3623.5000000000005 2.5000000000000004 3.5000000000000004 1.0000000180025095e-35 18.500000000000004 -0.93301270189221919 2.5000000000000004 179.50000000000003 1.0000000180025095e-35 17670.500000000004 0.93301270189221952 0.91597561503675362 0.26546012363040383 717.50000000000011 4.5000000000000009 11.500000000000002 1372.5000000000002 733.42858886718761 650.00000000000011 2.5000000000000004 1.5000000000000002 2.5000000000000004 17230.500000000004 1.5000000000000002 133.22959136962893 3.5000000000000004 187.50000000000003 -0.56174490092936669 55.713745117187507 7.6463065865194197 1.0000000180025095e-35
decision_type=2 2 2 2 2 2 2 2 2 2 2 2 2 2 2 2 2 2 2 2 2 2 2 2 2 2 2 2 2 2 2 2 2 2 2 2 2 2 2 2 2 2 2 2 2 2 2 2 2 2 2 2 2 2 2 2 2 2 2 2 2 2
left_child=2 5 4 12 34 13 11 17 10 57 31 -4 14 18 15 -3 35 36 -2 29 23 25 -23 24 -10 -22 27 -18 -25 30 41 33 -6 -9 -1 43 -5 40 -12 -17 -38 -11 53 -16 -39 56 47 48 -14 -48 51 -47 -8 -19 -41 -55 -20 -7 -28 -32 -21 -62
right_child=1 3 6 7 32 9 52 8 20 19 38 -13 46 -15 16 39 26 42 45 60 21 22 -24 28 -26 -27 58 -29 -30 -31 59 -33 -34 -35 -36 -37 37 44 -40 54 -42 -43 -44 -45 -46 50 49 -49 -50 -51 -52 -53 -54 55 -56 -57 -58 -59 -60 -61 61 -63
leaf_value=-0.054250982235121072 -0.015007369495116926 -0.000109566896333443 -0.039961812315346318 0.0035327250293485666 0.013590460595653825 -0.0041312169916009299 0.017073296695497512 0.014917163975128316 0.013898837952809679 0.0034512771215238027 -0.03777593881073691 -0.027975429385992262 0.013856814375395338 -0.02712345571924852 -0.021259072141684102 0.09237846466028557 0.013223168457769038 -0.010858124609206671 -0.017040968216928739 0.01772124612452837 0.031470223750265286 0.050637244110957227 0.011401504142643522 0.0075178760114841051 0.0041496153721710888 0.019446767367637827 0.012476865551886786 0.0077985786370162076 0.026675648909490247 -0.0052683418227810292 0.039782902397476491 0.085371795891301505 -0.039240446066574799 0.0111431648810552 -0.044749495821883443 0.013589710282169071 0.021102851481857018 0.022222540987793499 0.0086650466797726089 0.078421651048290963 0.03018847230195007 0.026438533411224846 -0.012752881997674385 0.0031928093128659098 0.014217174220694155 0.008028613456774367 0.024973763497815445 -0.043761898117197419 0.10281776967095074 0.10101428152510733 -0.0016656603043538117 0.12964558334192136 -0.015833126126181155 0.061667529340300509 0.020636870902376751 0.014764277002538299 -0.0035646770363776344 0.095641346092738971 -0.014492914752189555 0.10935647717996599 0.02705156030824641 0.12289730881640284
leaf_weight=2261029.8805501759 249898.18927538395 20892.324792504311 290364.8103441298 37038.97557592392 12277.438744038343 445374.25400769711 15927.759874224663 1079190.5316944122 929230.10112380981 118768.33208608627 11577.293296813965 238022.95146164298 339274.17730736732 61784.566862761974 15585.773467183113 6711.650030374527 726165.65623986721 11530.412973880768 62957.78606981039 38926.473923027515 199348.02578997612 24579.232397317886 407462.5192117691 44316.71865272522 198457.25045096874 227796.90739011765 14033.468605041504 2246060.2158027887 191243.40929031372 93228.642919480801 6676.846815943718 2181.0478134155273 5748.0732834041119 2475475.1175532341 123844.62820282578 100747.82303071022 444965.59647655487 215957.09836864471 7619.7600936889648 3956.4543567895889 159597.63833236694 20545.950796484947 21168.939740657806 706177.80288696289 357370.42088723183 18619.001295804977 34383.833907604218 4116.3732376098633 2243.3526992797852 2284.2616863250732 64597.648657619953 2297.7895219326019 15055.419764965773 4033.2267718315125 6213.7287884950638 30513.570657730103 127809.33808457851 746.67033529281616 37089.300183296204 1691.4348804950714 6600.2502168416977 1869.2702235579491
leaf_count=7301036 311388 4702 740456 387 9738 285285 6021 31842 12649 49521 97 448162 13240 65060 4638 1247 39944 117 46404 15433 3459 823 5490 268 7765 2029 208 238397 804 43889 1320 10 13424 81802 368265 14857 4234 2151 33 618 295 7619 192 145875 3206 12181 1339 60 11 21 42973 1077 20537 120 1236 217 89646 71 634 144 2001 273
internal_value=-0.000776082 0.0106055 -0.0494528 0.0124032 -0.0533787 -0.004819 -0.0325879 0.014658 0.01367 0.00032976 0.0121637 -0.0345623 0.00866067 -0.0112503 0.00800915 0.0279622 0.00781317 0.019126 -0.0093865 0.00697416 0.0160937 0.0193134 0.0136337 0.0140646 0.0121831 0.0250581 0.00884974 0.0091239 0.0230715 0.00378798 0.00950507 0.0123338 -0.00325639 0.0122889 -0.0537576 0.00400297 0.0199344 0.0204501 -0.0193422 0.0627028 0.0235014 0.00684147 0.00452169 0.00266479 0.0172326 -0.00430236 0.0152791 0.013748 0.0144412 0.0297112 0.00397358 0.0213895 0.00108317 0.0124581 0.0431176 0.0202404 -0.00801221 -0.0039642 -0.00708946 0.0538472 0.0231692 0.048207
internal_weight=1.56313e+07 1.2669e+07 2.96227e+06 1.13466e+07 2.4029e+06 1.32239e+06 559371 7.08065e+06 5.79848e+06 734428 3.57604e+06 528388 4.26594e+06 587964 3.88363e+06 37774.2 3.84586e+06 1.28218e+06 526180 288307 2.22243e+06 859187 432042 1.36325e+06 1.12769e+06 427145 3.02335e+06 2.97223e+06 235560 240911 147683 3.55685e+06 18025.5 3.55467e+06 2.38487e+06 822511 1.21493e+06 1.17789e+06 19197.1 16881.8 604563 139314 67246.2 721764 573328 276282 382302 345634 341518 36668.1 85514.4 20916.8 30983.2 46077.2 10170.2 34546.8 190767 446121 51122.8 8368.28 47396 8469.52
internal_count=10506941 1599302 8907639 625017 7692463 974285 1215176 157990 147071 405556 113784 1188618 467027 568729 452356 7803 444553 10919 503669 120200 33287 11801 6313 21486 20414 5488 279183 278341 1072 102493 58604 113654 23162 113644 7669301 165370 10273 9886 130 3101 4529 57140 646 150513 5357 192281 14671 13311 13251 1360 56231 13258 26558 454 1854 337 136050 285356 842 1464 17707 2274
is_linear=0
shrinkage=0.05


Tree=37
num_leaves=63
num_cat=0
split_feature=28 17 17 17 28 17 14 17 14 27 7 14 0 0 17 0 11 0 0 14 15 5 28 28 3 5 21 0 12 18 6 9 11 5 15 6 3 0 7 0 3 3 9 15 0 21 28 11 18 1 7 0 0 9 9 24 11 12 28 11 12 9
split_gain=3.04792e+06 132302 114027 36642.9 35349.3 26723 15863.9 15687.1 14937.1 12491.6 11887.9 23706.1 13554.9 11074.1 7585.45 7453.78 10595.2 24300.6 17277.9 7917.69 7031.78 6786.31 6721.46 6659.3 6456.55 10719 6729.79 6396.15 6081.29 5876.08 5859.81 5807.14 6794.23 5483.58 5441.33 5256.87 5022.66 4958.15 5537.22 5733.38 4699.06 6856.66 8171.01 6675.33 4762.17 4528.92 4327.61 6721.81 4307.48 4974.49 4229.76 16256.1 7200.78 4108.04 3977.88 3959.86 3949.03 3794.09 3620.12 3584.6 3551.83 5131.88
threshold=0.88049674034118663 1.0763110363726958 0.18869032583551232 17.795505150693206 1.0000000180025095e-35 3.7435794466503021 0.25881904510252057 0.16803675336685678 0.60355339059327384 10.693147182464601 1.0000000180025095e-35 -0.5 14.500000000000002 8.5000000000000018 45.358435227972414 8.5000000000000018 0.93301270189221952 16.500000000000004 13.500000000000002 -0.37940952255126015 14208.500000000002 1.0000000180025095e-35 6.0205585956573495 1.0000000180025095e-35 2.5000000000000004 1.0000000180025095e-35 1.0000000180025095e-35 13.500000000000002 0.25000000000000017 1355.0000000000002 1.0000000180025095e-35 1.0000000180025095e-35 0.68301270189221941 1.0000000180025095e-35 13909.500000000002 1.0000000180025095e-35 11.500000000000002 18.500000000000004 1.0000000180025095e-35 20.500000000000004 2.5000000000000004 1.5000000000000002 -0.8783796973249266 16186.500000000002 18.500000000000004 1092.0000000000002 1.0000000180025095e-35 -0.24999999999999994 1.5000000000000002 332.50000000000006 1.0000000180025095e-35 17.500000000000004 16.500000000000004 -1.0000000180025095e-35 1.0000000180025095e-35 1.0000000180025095e-35 1.0000000180025095e-35 0.6830127018922193 361.53318786621099 -0.93301270189221919 -0.9330127018922193 0.6078576107927941
decision_type=2 2 2 2 2 2 2 2 2 2 2 2 2 2 2 2 2 2 2 2 2 2 2 2 2 2 2 2 2 2 2 2 2 2 2 2 2 2 2 2 2 2 2 2 2 2 2 2 2 2 2 2 2 2 2 2 2 2 2 2 2 2
left_child=2 7 4 9 -1 6 20 -2 28 10 21 12 -12 35 37 29 19 18 -18 27 -4 36 -9 -8 25 -22 -27 -17 53 48 -19 32 -30 -34 -6 59 -3 50 -39 -40 41 -16 -43 -42 -45 57 47 -26 56 -50 52 -52 -15 -7 -55 -14 -11 -23 -21 -5 61 -61
right_child=1 3 5 13 34 8 23 22 -10 15 11 -13 55 14 40 16 17 30 -20 58 24 45 -24 -25 46 26 -28 -29 31 -31 -32 -33 33 -35 -36 -37 -38 38 39 -41 43 42 -44 44 -46 -47 -48 -49 49 -51 51 -53 -54 54 -56 -57 -58 -59 -60 60 -62 -63
leaf_value=-0.053881620320737705 -0.019198961741272957 0.0038466777605001314 -0.053408332587021656 0.0033429211973755773 -0.045623833913095602 -0.03600342318483158 -0.048549203554653669 -0.0078802230476133963 -0.029034251078436352 0.015209467779147216 0.0015898207760136384 -0.031697969027347908 -0.0043027146734418483 0.0080405181741330881 0.012902979667708397 0.0069420484295447116 0.0075130027818852904 -0.025510425879524269 0.034535742679093054 0.010828034970950346 -0.021100123731513459 0.014139807444161002 0.00083370558034006302 -0.027093071047726749 -0.01929793110712448 0.01811297506894622 0.14905357172089384 -0.00073322030108655383 0.029335899336670947 -0.049391553921287308 0.055949712375194353 -0.0091710286858685385 0.23881368075144094 0.044705845588367987 -0.034813492251579502 0.0043012959056595561 -0.0089823725300887981 0.0063954797750765723 -0.042104873582640992 0.013346937806998142 -0.0010822525416601292 0.0032507977634328648 0.025931248655323189 0.014716345979579399 0.0090191839274133736 0.17644358341435029 -0.016131563386106513 -0.046002671555846607 0.0072774773408582939 0.020796831489519881 0.020151852772726717 -0.041457890592486057 0.014380497391246983 0.043795833246192128 -0.015872271919519898 0.085462562277342502 0.0072648741426998885 0.002507660856605132 -0.01491169663899479 0.0015876180297591611 0.019941269678265164 0.025049381179021713
leaf_weight=1958143.9379085898 203656.91943433881 630103.49251934886 16843.596138328314 37145.211396574974 187643.96588069201 8421.1881608366966 119031.18379837275 474327.93022313714 31140.661761850119 281436.58969670534 30380.760524094105 63422.595048069954 1462.9713889360428 1088977.9521130323 334024.96548616886 682121.79839420319 104294.43954455853 35199.826607763767 136665.36729419231 787559.02862530947 35977.641721695662 236735.22470679879 414837.88323783875 51947.039771229029 49957.486790627241 18106.787710815668 1037.4264092445374 450842.06454020739 31057.150321155787 3750.8912620544434 2355.263564825058 10067.935807943344 713.56677708029747 742.55042359232903 306633.22960680723 67420.9738240242 86802.962945699692 274081.8961366117 12248.246813178062 7525.193668782711 77541.810649782419 45744.810388803482 301100.00657698512 2271680.9790563583 437434.67567333579 412.5419921875 80709.458012014627 44603.879436224699 89445.711950540543 284364.29441010952 246932.32264626026 11191.887476801872 760730.70515370369 4942.3144493103027 6423.303829908371 7664.4469511508942 352131.45453685522 99594.575616300106 13901.004781723022 64033.036736488342 1094995.7530191243 36646.848595619202
leaf_count=6607716 268231 179290 53543 389 552497 8222 360305 402352 56738 15921 11621 29689 830 41694 6292 72816 10140 4703 8303 73207 58687 58127 151935 106028 100879 25930 716 47295 8890 64 213 5187 541 978 745765 649 23947 26488 1466 2144 3933 775 5103 29986 20238 7 101839 113063 3202 12407 5221 749 13975 2348 5501 2302 20857 24730 311 703 8961 302
internal_value=-0.000752334 0.00994652 -0.046386 0.0115198 -0.0508657 -0.0249174 -0.0303202 -0.00668174 -0.000753335 0.00791696 0.00345911 -0.0127593 0.0176428 0.0137212 0.0127963 0.00951614 0.00789105 0.0170089 0.0228395 0.00657828 -0.0222219 0.00504349 -0.00381476 -0.0420304 -0.0199419 -0.0050163 0.0252097 0.00388781 0.0133674 0.0130728 -0.0204014 0.0240105 0.0342855 0.139841 -0.0389175 0.0178962 0.00229333 0.0106364 0.00455193 -0.0210013 0.0142923 0.018016 0.02294 0.0133824 0.0137964 0.0108984 -0.0246359 -0.0318944 0.0133054 0.0175619 0.0114847 0.0174805 0.010648 -0.00953621 0.010074 0.0710743 0.0107939 0.0106953 0.0103816 0.0186397 0.0191149 0.0101276
internal_weight=1.56071e+07 1.26429e+07 2.96414e+06 1.15501e+07 2.45242e+06 511723 418214 1.09282e+06 93508.7 4.38065e+06 1.15658e+06 102931 39508.2 7.16946e+06 5.86922e+06 3.22407e+06 2.21294e+06 278515 240960 1.93442e+06 247236 1.05365e+06 889166 170978 230393 55121.9 19144.2 1.13296e+06 62368 1.01113e+06 37555.1 42581.2 32513.3 1456.12 494277 1.30024e+06 716906 2.40169e+06 293855 19773.4 3.46753e+06 680870 346845 2.78666e+06 2.70912e+06 336742 175271 94561.4 1.00738e+06 373810 2.10783e+06 258124 1.84971e+06 19786.8 11365.6 9127.42 633568 336330 801460 1.23282e+06 1.19568e+06 100680
internal_count=10506941 1591568 8915373 769050 7905978 1009395 920990 822518 88405 599982 330543 44442 14753 169068 158064 269439 216988 23359 18443 193629 454657 286101 554287 466333 401114 85333 26646 120111 31667 52451 4916 15596 10409 1519 1298262 11004 203237 91737 30098 3610 66327 12170 5878 54157 50224 82864 315781 213942 52387 15609 61639 5970 55669 16071 7849 3132 36778 82857 73518 10355 9966 1005
is_linear=0
shrinkage=0.05


Tree=38
num_leaves=63
num_cat=0
split_feature=16 16 16 17 26 16 23 20 1 18 24 23 1 16 14 7 18 18 14 19 28 10 22 25 3 3 17 19 25 13 18 18 1 22 18 18 3 26 15 9 24 14 15 13 10 3 3 20 20 3 5 19 25 20 17 14 27 27 3 19 23 19
split_gain=3.05124e+06 116073 75014.7 29175.1 18462.5 15900.7 13430 8841.21 7923.31 8503.59 10045.9 8522.77 7276.01 6875.65 6823.16 8635.48 6634.91 6373.43 6277.85 5977.87 5434.93 12291.3 5270.42 5233.67 5038.59 5026.07 4975.11 4861.35 4731.75 4805.07 4726.3 9087 5021.91 4682.82 4561.59 4397.1 5399.88 6148.09 5397.66 4268.62 4244.04 4121.64 4073.19 4054.96 3710.68 3705.3 3702.52 3606.88 3552.04 3352.38 3254.61 3221.48 3210.46 3780.54 3201.52 3174.31 3138.44 2920.39 2900.29 4991.55 5881.89 4125.35
threshold=0.26652031623110373 2.9832663400912605 0.044788059701492543 17.795505150693206 0.77136236429214489 0.77479153921102129 2.5000000000000004 73.500000000000014 1124.5000000000002 170.50000000000003 106.92856979370119 177.92857360839847 1110.5000000000002 0.11899023839179679 0.1294095225512602 1.0000000180025095e-35 1.0000000180025095e-35 364.50000000000006 -0.9159756150367534 118.50000000000001 0.21814115345478061 -1.0000000180025095e-35 2411.0000000000005 0.71666666865348827 11.500000000000002 2.5000000000000004 2.4518618261600755 1139.5000000000002 330.06666564941412 0.78656609248549325 2.5000000000000004 302.50000000000006 1289.5000000000002 2411.0000000000005 1527.0000000000002 2.5000000000000004 5.5000000000000009 189.09927368164065 17655.500000000004 0.6078576107927941 1.0000000180025095e-35 -0.37940952255126015 17649.500000000004 -0.9159756150367534 1.0000000180025095e-35 11.500000000000002 5.5000000000000009 18.500000000000004 1000.0000000000001 5.5000000000000009 1.0000000180025095e-35 1.0000000180025095e-35 5.9500000476837167 38.500000000000007 0.11168075871804885 -0.5 382.06092834472662 1.0000000180025095e-35 11.500000000000002 1372.5000000000002 921.64285278320324 1372.5000000000002
decision_type=2 2 2 2 2 2 2 2 2 2 2 2 2 2 2 2 2 2 2 2 2 2 2 2 2 2 2 2 2 2 2 2 2 2 2 2 2 2 2 2 2 2 2 2 2 2 2 2 2 2 2 2 2 2 2 2 2 2 2 2 2 2
left_child=2 5 4 19 40 16 13 8 12 23 11 -11 14 -4 33 -16 45 -12 48 20 21 -3 30 -10 35 -6 47 41 29 -28 32 -32 -20 -5 -29 36 37 50 -37 -38 -1 -14 -18 -25 46 49 -24 54 -9 -2 -7 -8 -51 -54 -22 -23 -30 -26 59 60 -21 -60
right_child=1 3 6 7 25 24 51 18 9 10 17 -13 27 -15 15 -17 42 -19 22 58 26 55 44 43 57 -27 28 34 56 -31 31 -33 -34 -35 -36 38 39 -39 -40 -41 -42 -43 -44 -45 -46 -47 -48 -49 -50 52 -52 -53 53 -55 -56 -57 -58 -59 61 -61 -62 -63
leaf_value=-0.054107836466566618 -0.018030217772591995 -0.00012780343381800418 -0.038577887098631559 0.012525708867144825 0.013402544760060154 -0.0088501600492785718 0.021000876335156814 0.0087709472057459405 0.054763917634396156 0.035712416067753723 0.035342252543044121 0.10021309344217687 -9.1938233326364441e-05 -0.026589290652799108 0.0075393914925518633 -0.021928377791198217 -0.0012684485469464503 0.015045945111305678 0.018896335485363909 0.012524354619465114 -0.042214713487195209 0.03071937984977352 0.028525524471504634 0.017093536583884565 -0.028661531242851441 -0.038797064423331196 0.0069480962239876626 0.014802424043238255 0.024978545234364439 0.011658035921812306 0.0077488136105389616 0.016774100472660231 0.0046784964097916241 -0.039958936749812608 0.064300051443704126 0.0054405092006845814 0.0067712595987910948 0.25029520366779345 0.040861290661137348 -0.0059137681861627768 -0.044142332689461161 0.0092831637998077622 0.043442634880251282 0.0098797175708406557 0.043426427947048762 -0.030799455906981511 -0.0038177913184684158 0.012317034242325671 -0.016753077257522942 -0.0083881776477564198 0.0013360529916722162 -0.031042456174171798 0.03472569651832514 0.39184059853386577 0.002541108646952249 0.073941448602022383 -0.032585048169802837 -0.0066414382641344534 0.023565830466025336 -0.04334970974180806 0.13478263787970621 0.11096067191211985
leaf_weight=2055247.3329879642 180969.20793873072 20882.578322649002 273719.25037309527 2495460.6564986706 12828.188036203384 251959.84790235758 14517.915441691875 192950.47405385971 7316.8294316530228 38358.050400733948 46915.931825637817 5910.7119007110596 285117.87644827366 212409.87284106016 452208.48605465889 26307.971867322922 55096.191193342209 220334.87680625916 1005974.0778152943 347411.06510186195 4017.8788530826569 7111.927698969841 35658.85115814209 293153.39189958572 22379.072735607624 7199.2419743835926 2344297.7980160713 22374.236907958984 2985.8164482116699 704178.10649418831 441565.64804172516 757056.57940101624 66194.90417599678 4257.0532646179199 5877.4536056518555 123091.8156850934 241295.99498862028 234.62621593475342 11785.228177428246 91456.507980585098 112704.23933532834 199100.78033781052 5612.6311581134796 580674.01473522186 28110.430137634277 33597.574468374252 11768.432022094727 102410.23205590248 14666.656198501587 156938.10462936759 113850.25654816628 3739.1955689787865 244.49490529298782 106.28223180770874 721726.34674859047 10551.156009674072 11438.382970809937 46023.612531542778 36386.182057142258 3993.225830078125 986.48916625976562 1402.2853660583496
leaf_count=7301036 222562 4702 744002 56476 11205 153727 6385 4334 528 882 411 76 8905 422582 26161 2547 56180 1239 13756 13247 1244 1426 59 5028 19054 18966 247341 145 44 31634 7032 4190 1198 41 20 50887 130084 11 3182 51777 361256 6336 2440 18391 55 45865 26 14857 154 186674 62414 3470 99 11 149269 1675 164 28055 1350 60 4 10
internal_value=-0.000728826 0.00938181 -0.0491412 0.0109941 -0.0531483 -0.00457939 -0.0317585 0.0129349 0.0116444 0.0151628 0.0222634 0.0443248 0.0104423 -0.0333396 0.0113892 0.00591929 -0.0124606 0.018609 0.0153015 0.00774239 0.00715629 0.025839 0.0160389 0.0126525 -0.000800185 -0.00536145 0.00697121 0.00493921 0.00790088 0.00803606 0.0156067 0.0134492 0.0180185 0.0124363 0.0251002 0.000270198 -0.00132512 -0.00551576 0.00853556 0.00328478 -0.0535898 0.0037629 0.00286515 0.0122998 0.0290318 -0.0149627 0.0204999 0.00353287 0.00696783 -0.0133896 -0.00567991 0.0103416 -0.00805039 0.143023 0.00229332 0.0565389 -0.0206689 -0.0138458 0.0136452 0.0122335 0.0128706 0.0268094
internal_weight=1.55841e+07 1.28917e+07 2.69237e+06 1.15571e+07 2.18798e+06 1.33464e+06 504386 7.23731e+06 4.68337e+06 1.19266e+06 311520 44268.8 3.4907e+06 486129 2.97823e+06 478516 432564 267251 2.55395e+06 4.31978e+06 3.9296e+06 38545.7 2.34633e+06 881144 902077 20027.4 3.89105e+06 512470 3.0629e+06 3.04848e+06 2.27079e+06 1.19862e+06 1.07217e+06 2.49972e+06 28251.7 833674 698797 366045 134877 332753 2.16795e+06 484219 60708.8 873827 75537.7 371856 47427.3 828154 207617 338258 365810 18257.1 157289 350.777 725744 17663.1 14424.2 68402.7 390179 352391 348398 37788.5
internal_count=10506941 1638039 8868902 625017 7692463 1013022 1176439 157990 127186 26555 2608 958 100631 1166584 85225 28708 513831 1650 30804 467027 452356 7803 26316 23947 499191 30171 444553 15406 279183 278975 26176 11222 14954 56517 165 452082 398013 216152 54069 181861 7662292 15241 58620 23419 140 455211 85 165370 4488 409346 216141 9855 186784 110 150513 3101 208 47109 14671 13311 13251 1360
is_linear=0
shrinkage=0.05


Tree=39
num_leaves=63
num_cat=0
split_feature=16 16 27 17 18 16 27 13 17 17 18 9 18 19 14 17 16 16 15 6 13 18 14 28 19 18 9 24 5 16 5 12 17 17 19 28 18 18 9 11 13 9 19 19 3 14 15 18 5 27 24 17 3 3 14 22 12 12 26 14 14 15
split_gain=2.86215e+06 112717 66843.9 28241.2 17952.1 15743.5 14375.7 8132.44 6532.11 6428.25 6959.46 6379.82 14432.9 9599.07 6435.18 6199.51 5993.73 5681.38 5666.11 5225.37 5144.38 5141.44 4593.98 4550.44 5684.77 4350.54 4485.66 4052.38 4010.5 3938.06 3923.24 3906.95 3884 3864.17 3754.9 3834.88 3615.94 3543.64 8821.52 3611.11 3492.58 3451.72 3369.39 3303.76 3201.75 3078.78 3076.26 4016.5 6967.57 3737.05 6958.68 3061.19 4127.04 2888.33 2833.49 2951.92 2825.29 2749.7 2701 2695.83 2537.08 2522.53
threshold=0.23634902075416547 2.4110040497137275 1.0000000180025095e-35 17.795505150693206 1.5000000000000002 0.034240404788349998 1.5837312936782839 0.78656609248549325 2.0221680715020756 64.745858732170532 2003.0000000000002 1.0000000180025095e-35 835.00000000000011 3623.5000000000005 -0.37940952255126015 2.4518618261600755 0.084809138492204561 0.67506345177664995 17627.500000000004 1.0000000180025095e-35 0.78656609248549325 1355.0000000000002 0.1294095225512602 361.53318786621099 879.00000000000011 100.50000000000001 1.0000000180025095e-35 136.82143402099612 1.0000000180025095e-35 49.095524060908325 1.0000000180025095e-35 0.6830127018922193 4.8757316192246076 0.26546012363040383 3623.5000000000005 361.53318786621099 86.500000000000014 392.00000000000006 1.0000000180025095e-35 0.93301270189221952 0.78656609248549325 1.0000000180025095e-35 2474.5000000000005 10.500000000000002 2.5000000000000004 -0.12940952255126037 17670.500000000004 61.500000000000007 1.0000000180025095e-35 715.47216796875011 309.89285278320318 0.30436202538835094 2.5000000000000004 11.500000000000002 -0.37940952255126015 1617.5000000000002 -0.9330127018922193 1.0000000180025095e-35 26.156123161315922 -0.5 0.60355339059327384 17392.500000000004
decision_type=2 2 2 2 2 2 2 2 2 2 2 2 2 2 2 2 2 2 2 2 2 2 2 2 2 2 2 2 2 2 2 2 2 2 2 2 2 2 2 2 2 2 2 2 2 2 2 2 2 2 2 2 2 2 2 2 2 2 2 2 2 2
left_child=2 6 5 15 16 -1 17 9 36 10 34 13 42 14 -11 25 51 -2 -6 46 23 37 32 24 31 29 -27 -14 -24 33 53 -17 -10 -3 35 -5 -8 39 -39 -22 -35 -38 -13 -34 -32 -12 49 48 -48 58 -51 -4 60 -19 61 -56 -49 -26 -9 -28 -53 -21
right_child=1 3 4 7 18 -7 8 19 22 11 45 12 27 -15 -16 20 -18 30 -20 54 21 -23 28 -25 57 26 59 -29 -30 -31 44 -33 43 40 -36 -37 41 38 -40 -41 -42 -43 -44 -45 -46 -47 47 56 -50 50 -52 52 -54 -55 55 -57 -58 -59 -60 -61 -62 -63
leaf_value=-0.054208344356184303 -0.017392441254759253 -0.017406000077563721 -0.040980118607112877 0.01092010550834341 -0.0078982216249483383 -0.04070344690492346 -0.003552091806248095 0.0069081938351518643 0.014268261632076612 0.011680002378750946 -0.0086770578672643022 0.0081434139306920759 0.066697695264302734 -0.043877246440939308 0.019062643115555222 0.0082293156928905584 -0.025914899654880419 -0.0088520422945841254 0.037869832503673206 -0.010962895804986987 0.011630841754885171 -0.048962043103628554 -0.0050262917294770998 -0.01446923094271718 0.0066968754345925162 0.0061169394150699108 -0.0062970705606362996 0.021537546745147847 0.018288500143760652 -0.022515583824701865 0.02007238861069581 0.0038336849221010149 0.06609808180708128 0.0015975707847708958 0.073353687791993624 0.0065157150994861876 0.0030577384266546447 0.0058773863255997061 0.038662609495463039 -2.2572044747781011e-06 0.0081721487993814974 0.10453149402643332 -0.017885914153601412 -0.0040046410236540845 -0.0032865420240459388 -0.055553255964964403 0.037936431156750126 -0.003397262105204771 0.00028316179175909588 0.060141761787903231 0.0029730701945832657 0.047573963284686854 -0.037754275468520039 -0.028569993823110137 -0.021074073824491914 0.029788582300694123 0.018874669447991061 0.075637739037408475 0.017072659870671556 0.050250578114242543 -0.017638139811191025 0.016121942647603176
leaf_weight=1912091.4738414884 255761.5494273901 21920.656680941582 183961.57665631175 3113468.3805539608 26289.69699382782 243263.60845243931 549620.47934681177 71973.082465171814 23239.666181087494 481975.2111992836 14786.73978805542 838893.94742238522 5097.6234874725342 6684.1861991882324 761610.77403759956 1912743.8338456154 149289.36928299069 166138.11515122652 9104.0960316061974 11554.363203048706 748493.13311100006 3519.7973785400391 50821.918562054634 24487.576267242432 2133.3962650299072 23008.583565950394 2520.2617683410645 194699.02021026611 28952.438194990158 14971.831503868103 18862.749496459961 687119.07515847683 7999.9687619805336 591912.08348190784 2356.6386070251465 587481.76163291931 1883.1341181993484 43117.303572654724 39145.716422080994 73236.091237425804 306650.72527980804 1510.1316632032394 12619.508930206299 2127.4454168081284 65990.599580705166 4590.2088584899902 62471.628511428833 15117.093399047852 15294.322257995605 5626.652099609375 98584.884834289551 2963.449319601059 10038.565087676048 20909.949519574642 17863.664155483246 3394.5749435424805 245101.26752090454 4492.2130584716797 711237.83815813065 12869.063536882401 3002.4229272603989 33578.854318618774
leaf_count=7147186 367044 7647 571068 110717 40664 686586 375287 1196 9549 6874 86 15416 55 30 10462 197986 323289 135150 3401 116 32136 61 25136 506 56 1746 237 749 12372 625 13333 79276 1418 145271 10 6053 412 701 456 3491 57008 215 58 369 51384 44 147 36 46 41 519 2542 27087 20795 183 10 397 69 6193 799 4892 253
internal_value=-0.000705708 0.00876441 -0.0492576 0.0102422 -0.0300571 -0.0526841 -0.00587812 0.012161 -0.000994888 0.011389 0.0101048 0.0134662 0.0105954 0.0158802 0.0162014 0.00713135 -0.0334958 -0.012043 0.0038743 0.0157609 0.00810361 0.0113497 0.00995136 0.00698392 0.00718548 0.00359861 0.0200936 0.0226898 0.00343528 0.00292153 -0.00701109 0.00706759 0.0255299 0.00333527 0.0102611 0.010221 -0.0032344 0.0115845 0.0214787 0.010594 0.00384127 0.0482206 0.00775765 0.0513714 0.00190607 -0.0197821 0.0165011 0.0205605 0.0305312 0.014955 0.00605986 -0.0391554 -0.0181807 -0.0110563 0.0020988 -0.0129518 0.0175808 0.0534405 0.0161386 0.0409896 0.0147543 0.00918795
internal_weight=1.55622e+07 1.30222e+07 2.54e+06 1.18284e+07 384649 2.15536e+06 1.19382e+06 7.31606e+06 666155 6.02426e+06 3.72268e+06 2.30158e+06 1.05131e+06 1.25027e+06 1.24359e+06 4.51234e+06 349255 527663 35393.8 1.2918e+06 3.53849e+06 907512 113141 2.63098e+06 2.60649e+06 973853 38397.9 199797 79774.4 935455 271901 2.59986e+06 33367.1 920483 3.70331e+06 3.70095e+06 553014 903992 82263 821729 898563 3393.27 851513 10127.4 84853.3 19376.9 1.22541e+06 337984 77766 887422 104212 199966 16004.4 187048 66391.5 21258.2 260218 6625.61 783211 15389.3 5965.87 45133.2
internal_count=10506941 1700226 8806715 687762 972943 7833772 1012464 159691 424758 150554 116910 33644 16278 17366 17336 528071 928878 587706 44065 9137 314738 36845 48844 277893 277387 213333 2782 804 37508 210551 220662 277262 11336 209926 116780 116770 375914 36784 1157 35627 202279 627 15474 1787 64717 130 8575 626 193 7949 560 605589 34521 155945 562 193 433 125 7389 1036 7434 369
is_linear=0
shrinkage=0.05


Tree=40
num_leaves=63
num_cat=0
split_feature=16 17 16 17 23 23 16 27 7 14 0 13 0 7 0 0 14 16 11 13 16 0 7 0 14 3 3 28 6 15 13 1 1 28 9 19 18 19 3 18 15 1 3 1 9 9 12 12 9 16 18 18 13 9 18 28 11 9 27 13 28 10
split_gain=2.68579e+06 100941 68391.4 24391.3 16447.3 14855.9 13676.6 9233.02 8883.43 22534.6 12143.3 9772.95 8049.34 12461 28861.4 21810.5 12294.1 9823.65 8586.16 7468.14 7179.39 7061.14 17295.4 11746.7 6417.86 26214.5 14669.5 9561.77 9171.31 7545.28 6206.89 5478.64 7191.8 5351.27 5121.51 4929.69 4833.06 4407.12 4393.75 8479.86 4333.08 4281.92 4207.42 4060.12 7372 5520.67 3850.56 3823.74 3695.21 3646.53 3642.41 3477.26 3471.45 4398.54 3526.02 3318.93 3233.49 3195.65 3142.73 3123.64 3080.08 2818.04
threshold=0.23634902075416547 1.0763110363726958 0.035102388077216461 22.908441690601954 0.35714286565780645 2.3571429252624516 0.67506345177664995 10.926452159881594 1.0000000180025095e-35 -0.5 14.500000000000002 -0.9159756150367534 7.5000000000000009 1.0000000180025095e-35 16.500000000000004 14.500000000000002 -0.5 104.63966278265704 0.93301270189221952 -1.0000000180025095e-35 0.10136296089904338 18.500000000000004 1.0000000180025095e-35 20.500000000000004 -0.5 3.5000000000000004 1.5000000000000002 433.42898559570318 1.0000000180025095e-35 17138.000000000004 -0.25881904510252113 1124.5000000000002 1162.5000000000002 267.26188659667974 -1.0000000180025095e-35 1267.5000000000002 1.0000000180025095e-35 79.500000000000014 9.5000000000000018 1147.0000000000002 17656.500000000004 1213.5000000000002 11.500000000000002 1110.5000000000002 -0.60785761079279388 -1.0000000180025095e-35 0.25000000000000017 -0.9330127018922193 -1.0000000180025095e-35 21.099515123034866 1.0000000180025095e-35 1073.5000000000002 0.78656609248549325 -0.60785761079279388 1.0000000180025095e-35 576.37683105468761 -0.24999999999999994 -0.60785761079279388 0.13363532289395155 -0.78656609248549292 155.30623626708987 -0.22252093395631442
decision_type=2 2 2 2 2 2 2 2 2 2 2 2 2 2 2 2 2 2 2 2 2 2 2 2 2 2 2 2 2 2 2 2 2 2 2 2 2 2 2 2 2 2 2 2 2 2 2 2 2 2 2 2 2 2 2 2 2 2 2 2 2 2
left_child=2 6 4 7 58 20 -2 8 11 10 -10 40 18 16 15 -15 30 -18 34 57 -4 24 35 -24 25 26 51 29 -28 -27 -14 43 33 -33 36 38 -9 -34 48 -40 42 -29 -3 45 -45 -26 -6 -36 -23 -12 55 -5 -8 -54 56 -20 60 -13 -1 -11 -55 -42
right_child=1 3 5 21 46 -7 52 12 9 59 49 19 13 14 -16 -17 17 -19 50 -21 -22 22 23 -25 31 27 28 41 -30 -31 -32 32 37 -35 47 -37 -38 -39 39 -41 61 -43 -44 44 -46 -47 -48 -49 -50 -51 -52 -53 53 54 -56 -57 -58 -59 -60 -61 -62 -63
leaf_value=-0.05411546681940721 -0.014196011697764322 0.012692642470087874 -0.039523337121902022 0.0065581430103985377 -0.042797082026368949 0.011125443324104053 -0.0046233523375455738 0.0035661890908322159 0.0033528902929899165 -0.037854410216652125 0.077065706715354246 0.0037152822513022606 -0.001064527674208569 0.010680886781848586 -0.022488459054971249 0.036123063105371812 0.010882339054311047 -0.0011818448935981612 -0.020094247093050466 0.0067850229238507259 -0.027271489964329144 0.015212576929975956 -0.041826063081769033 0.0098734721999790623 0.016579386261975398 -9.2589570011842608e-05 0.021996230277496195 -0.021742354011008116 -0.011998026838429141 0.0094415651953825858 0.0056310042630420857 0.14060292888111922 0.020265622072083097 0.014409063603295883 0.0024599183043477282 -0.042723231219202226 0.018255765015468342 0.013362416537876013 0.00052908398379092802 0.10285866667120197 0.040499039209123733 -0.0010998456535094108 -0.0079617568067002573 -0.0061349786442092425 0.011224776047758908 0.011246411786314086 0.012526441299968438 0.020873247178456608 0.0075745133554754795 -0.047189111943933645 0.012796448276052533 -0.04347479898452624 -0.0065420728941808712 0.01227415863534497 0.019022544453374812 0.13795853345044354 -0.0025407940408810367 -0.0049855393711274142 -0.044105117420794239 -0.014232177379121386 0.25826719114229396 0.015472767317743033
leaf_weight=1825369.0630752444 338055.60742479563 202137.7392795682 280647.24249944091 203656.68288886547 4323.9650751948357 18683.525867581367 548280.76404976845 138294.15390992165 30502.147615432739 40265.369127690792 8671.3994587659836 157052.5810931921 582918.35896664858 222269.38514262438 44232.37225818634 135642.40695762634 1334149.6417698264 193170.53480911255 28336.522965490818 461005.56812158227 208339.70025804639 306282.04567992687 28950.499432206154 17706.87490016222 797688.44590556622 251487.63817131519 642664.04959791899 31913.75089263916 20472.649245381355 1186807.3152322173 852110.53911042213 2046.4804538488388 447865.98123568296 1425.2233619689941 31069.926190495491 4559.2435989379883 94092.16307914257 477937.95195674896 153277.5256959796 2051.5404243469238 21014.401256322861 118046.48459243774 28081.488170951605 76823.343285083771 299861.33449935913 1239129.5351747274 11536.014775753021 304714.01566016674 327851.15965646505 633.49082851409912 14100.727675318718 3532.8070831298828 97076.826965034008 52231.079439282417 43564.914379060268 335.98275756835938 97144.611758649349 321682.90814754367 81933.804170250893 21451.008178293705 127.46295547485352 24206.939670562744
leaf_count=7161610 450443 50803 858558 5692 12386 9887 320533 7515 9338 12464 2289 47152 53069 15233 5327 5926 98055 3217 2230 113382 465259 17160 2284 2842 8548 10269 10693 457 340 30759 79771 54 4338 19 1986 55 3466 2173 10001 21 1545 1029 7588 1086 3006 11791 12165 15056 20982 48 739 35 37074 22888 14014 4 49667 115424 286850 8252 4 2090
internal_value=-0.000682935 0.0082671 -0.0489548 0.00964459 -0.0532638 -0.0326314 -0.00570607 0.00711222 0.00348331 -0.0107253 0.0186059 0.00467039 0.00831414 0.00735541 0.0156141 0.0203231 0.00623427 0.0093565 0.0135939 0.00224282 -0.0343033 0.0116623 0.00737968 -0.0222056 0.0122829 0.0103437 0.0173183 0.00652181 0.0209467 0.0077745 0.00291123 0.0137091 0.0169713 0.0888005 0.0152203 0.00911814 0.00951396 0.0167019 0.00941754 0.00188072 0.0129527 -0.00549292 0.0101733 0.0124531 0.00768431 0.013335 -0.00255648 0.0191695 0.0112637 0.0686053 -0.00800936 0.00570498 -0.0022829 0.00213978 0.00650515 -0.0182415 0.00285756 -0.00213116 -0.0536854 -0.0296441 0.0128736 0.0271027
internal_weight=1.55415e+07 1.31107e+07 2.43083e+06 1.19342e+07 1.92316e+06 507670 1.17648e+06 5.29214e+06 1.31671e+06 101523 39807 1.21518e+06 3.97544e+06 3.36449e+06 402144 357912 2.96235e+06 1.52732e+06 610943 939741 488987 6.64204e+06 840679 46657.4 5.80136e+06 2.45858e+06 870326 1.58826e+06 663137 1.43829e+06 1.43503e+06 3.34278e+06 929276 3471.7 568170 794022 232386 925804 789462 155329 275441 149960 230219 2.4135e+06 376685 2.03682e+06 15860 335784 634133 9304.89 42773.2 207189 838426 290145 193068 28672.5 149503 478735 1.9073e+06 61716.4 52358.5 45221.3
internal_count=10506941 1700226 8806715 805603 7473011 1333704 894623 661969 370375 32391 11675 337984 291594 260598 26486 21159 234112 101272 30996 275958 1323817 143634 53345 5126 90289 59274 16760 42514 11033 41028 132840 31015 6584 73 28023 48219 10981 6511 48164 10022 62026 1486 58391 24431 4092 20339 24551 17042 38142 2337 2973 5727 444180 123647 86573 2234 72559 162576 7448460 20716 22892 3635
is_linear=0
shrinkage=0.05


Tree=41
num_leaves=63
num_cat=0
split_feature=16 16 27 17 18 16 27 13 17 20 3 1 17 17 3 3 18 12 1 14 15 16 23 17 26 10 10 28 26 16 3 1 15 10 22 26 23 27 23 19 12 6 1 27 10 25 17 21 5 12 15 3 14 3 2 12 5 20 14 18 1 14
split_gain=2.52137e+06 99204.7 62520.3 24407.3 15627.3 14724.6 14373.6 8191.49 7807.67 6329.92 5693.47 5093.13 5025.58 4910.49 4851.27 5428.71 4516.71 5771.29 8171.18 5724.62 4489.07 4306.88 4214.09 4146.63 4145.45 4093.94 3894.1 4113.71 3882.43 3843.24 3828.74 3810 3807.24 4760.98 4548.35 4367.58 9336.19 4004.24 3725.33 5884.1 3680.21 3668.39 3624.5 3337.1 3216.46 7261 6144.76 5466.61 4895.99 3668.46 3200.04 4129.28 3057.4 4371.06 3051.61 3044.93 9034.18 8113.72 2991.31 2915.37 2859.65 2816.41
threshold=0.20692259610376082 2.1273753172806482 1.0000000180025095e-35 11.156411012650876 1.5000000000000002 0.028854316311871495 1.3321817517280581 0.78656609248549325 45.358435227972414 118.50000000000001 11.500000000000002 1331.5000000000002 0.11905345185599964 0.61548499474119633 3.5000000000000004 1.5000000000000002 14.500000000000002 -0.5 1318.5000000000002 -0.5 17615.500000000004 0.59258285569011748 1.0000000180025095e-35 2.4518618261600755 684.49328613281261 0.81174490092936691 0.81174490092936691 1.0000000180025095e-35 461.09275817871099 0.052813902152266244 5.5000000000000009 289.50000000000006 17668.500000000004 -0.56174490092936669 1055.5000000000002 60.499698638916023 33.071428298950202 79.653717041015639 0.92857143282890331 1.0000000180025095e-35 0.6830127018922193 1.0000000180025095e-35 1484.5000000000002 82.634136199951186 -1.0000000180025095e-35 1.0000000180025095e-35 3.3346443211559196 1.5000000000000002 1.0000000180025095e-35 1.0000000180025095e-35 16186.500000000002 3.5000000000000004 -0.37940952255126015 3.5000000000000004 2024.5000000000002 0.6830127018922193 1.0000000180025095e-35 191.50000000000003 -0.5 300.00000000000006 417.50000000000006 -0.12940952255126037
decision_type=2 2 2 2 2 2 2 2 2 2 2 2 2 2 2 2 2 2 2 2 2 2 2 2 2 2 2 2 2 2 2 2 2 2 2 2 2 2 2 2 2 2 2 2 2 2 2 2 2 2 2 2 2 2 2 2 2 2 2 2 2 2
left_child=2 6 5 9 12 -1 10 8 11 16 21 26 29 -8 15 22 17 18 19 -3 -6 -2 -15 -19 28 52 40 -28 54 -4 -16 43 33 35 41 -9 -37 -34 58 -40 -5 -35 -20 -10 47 46 -46 -23 -49 -47 51 -33 53 -18 -11 56 -39 -57 -17 -27 -36 -25
right_child=1 3 4 7 20 -7 13 32 31 24 -12 -13 -14 14 30 38 25 23 42 -21 -22 44 -24 61 -26 59 27 -29 -30 -31 -32 50 37 34 60 36 -38 55 39 -41 -42 -43 -44 -45 45 49 -48 48 -50 -51 -52 -53 -54 -55 -56 57 -58 -59 -60 -61 -62 -63
leaf_value=-0.054167416051672357 -0.016453564047845301 0.0008195964925190619 -0.043107542744161613 0.0094105157446311705 -0.0084543038745293463 -0.041032469419413721 -0.0057223166503078239 -0.0064509043352203579 0.007000390704748562 0.026544960018444027 -0.02893238605718684 0.019602644654633593 -0.021143050122795149 0.041708366049535907 -0.013492303613056656 0.020287362188568265 0.014956642464332259 -0.0014340939840194115 0.023567324637252668 0.0087585567979148096 0.032248244161297457 -0.015343315112853625 -0.01496360518992406 0.0052911629298400872 0.15684164522682117 0.0018989381552848997 0.07287432773430727 0.0026863663947074789 -0.050341626200697154 -0.030370220079439542 0.0026052915921071507 0.01732031147837558 0.051568486301468819 0.015725653507139305 -0.035174663946623101 0.08365736960503467 0.0084417198543119826 0.017882806807962417 0.038716787845329649 9.4147756785890619e-05 0.0054078721360356422 -0.0016404162471845018 0.0043032452100325528 0.031210746715357209 0.052272320400795748 0.0032151228647719285 -0.015032343278456603 -0.0038303163454756818 0.056266848626300839 -0.0184351782343825 0.011379260214071867 -0.0046064916258612715 0.014214216844245849 0.0023568632834585512 0.011316172472653848 0.037326503945870747 -0.0038104619054187233 0.01340638707879793 -0.017399716681674029 -0.026360277195802823 0.0029967946681058975 -0.0010734582959256334
leaf_weight=1707027.7745847553 204593.09704375267 402837.27449738979 110274.81865093112 2103015.1088927984 22315.026268392801 243851.73783034086 337230.45359256864 50153.414541721344 21079.422960281372 41494.969411849976 50568.948854655027 92048.584549307823 71395.460804492235 3831.6914098858833 48840.46843713522 11017.395621955395 106620.14348721504 531094.50947928429 96802.632205486298 520420.73787164688 9726.7264214754105 114112.00394535065 22788.181054055691 842248.61664199829 507.14570617675781 70978.317006349564 2098.520454287529 397979.89229142666 2337.3717842102051 127932.98881226778 151569.41936218739 31320.503656744957 8403.358793258667 722418.72507786751 6162.0256881713867 4184.6883888244629 292070.68434429169 274735.13578605652 33944.230223953724 13899.65561953187 790009.25552618504 31745.482093334198 32654.248617529869 43829.114499092102 10933.43222028017 48012.756217896938 4915.7731502056122 9920.1310633420944 5147.349942445755 33022.473476707935 3451184.456495285 68280.545430541039 261457.40835022926 194227.75116658211 158749.26479673386 57926.998073577881 58150.990251541138 91372.913219451904 10084.448119133711 10473.276367664337 24079.189880371094 219013.45623290539
leaf_count=7041812 322573 78231 388279 84541 36762 767294 281473 1114 1368 1871 68359 4615 163687 2437 29561 6658 8453 136334 12264 75295 3666 102118 14075 97523 6 7643 239 17542 41 339887 88821 1361 153 8671 68 58 2783 1013 12362 6045 33914 421 6339 578 8980 39857 4072 8271 3386 29192 58014 3440 20484 19117 8300 248 368 189 7480 427 183 36625
internal_value=-0.000661136 0.00772819 -0.0490702 0.00904148 -0.0293391 -0.0525256 -0.00654757 0.0104697 0.00972805 0.00551483 -0.0130612 0.00800236 -0.0327793 -0.00159731 0.00310266 0.0123726 0.00498583 0.0040717 0.00694415 0.00529462 0.00390144 -0.0111975 -0.00680587 0.00217271 0.0140816 0.00874177 0.00767811 0.00305455 0.0137241 -0.0362668 -0.00131772 0.0113437 0.0136721 0.0120762 0.0142322 0.00719419 0.00950421 0.0173506 0.0197775 0.0274962 0.0083175 0.0149946 0.0187082 0.0233484 -0.0064407 0.000445987 0.0313969 -0.0116057 0.0167 -0.00560749 0.0111243 0.00228856 0.0102593 0.00682223 0.0144719 0.0167542 0.0140933 0.0226872 0.00227669 -0.00173468 -0.00478104 0.00397769
internal_weight=1.55211e+07 1.32286e+07 2.29252e+06 1.21142e+07 341645 1.95088e+06 1.11443e+06 8.62225e+06 7.00085e+06 3.49192e+06 481226 3.38515e+06 309603 633206 295975 95565.6 3.28883e+06 2.64507e+06 1.05271e+06 923258 32041.8 430657 26619.9 1.59236e+06 203089 643757 3.2931e+06 400078 202582 238208 200410 3.61569e+06 1.6214e+06 1.13081e+06 784405 346409 296255 490589 68945.7 47843.9 2.89302e+06 754164 129457 64908.5 226064 96884.4 15849.2 129179 15067.5 81035.2 3.55079e+06 99601 562305 300848 200244 482186 332886 149300 21101.8 81451.6 30241.2 1.06126e+06
internal_count=10506941 1765554 8741387 729834 932281 7809106 1035720 220881 205612 508953 586808 140851 891853 448912 167439 49057 498735 442611 172129 153526 40428 518449 16512 270482 10218 56124 136236 17781 10212 728166 118382 64761 15269 13298 9343 3955 2841 1971 32545 18407 118455 9092 18603 1946 195876 82101 13052 113775 11657 69049 62815 4801 48054 27570 10171 1818 1381 437 14138 8070 251 134148
is_linear=0
shrinkage=0.05


Tree=42
num_leaves=63
num_cat=0
split_feature=16 16 27 17 18 16 27 0 17 3 17 18 11 14 27 13 19 23 17 1 11 10 22 16 12 22 25 0 3 10 28 0 23 16 1 18 22 15 5 5 17 25 10 25 17 12 5 3 15 3 17 11 10 3 14 18 18 27 15 5 16 12
split_gain=2.36799e+06 93574 59522.5 22228 14410.9 13991.8 13407.4 7915.83 7324.63 5264.85 4990.05 4775.85 6082.45 5814.12 5545.28 5054.38 4891.39 6281.63 4581.79 4491.43 4332.2 4409.98 4619.7 4275.39 4211.03 6910.54 4151.91 4114.72 3998 3929.33 3680.22 4503.46 4062.38 3562.82 3452.39 3351.01 7027.94 5973.52 3376.78 3327.48 3241.05 3023.05 2963.36 5485.48 4949.34 3209.8 2900.6 2885.87 4652.61 4606.65 2739.38 7952.86 9974.38 6814.13 2813.65 2732.05 4865.09 2706.58 2585.71 2579.8 2451.14 2433.18
threshold=0.19138111144069439 2.0067840459935327 1.0000000180025095e-35 11.156411012650876 1.5000000000000002 0.028854316311871495 1.3321817517280581 8.5000000000000018 45.358435227972414 11.500000000000002 2.0221680715020756 14.500000000000002 -0.24999999999999994 -0.5 210.59168243408206 0.91597561503675362 27.500000000000004 921.64285278320324 0.11905345185599964 1331.5000000000002 -0.93301270189221919 -0.56174490092936669 747.00000000000011 0.59258285569011748 0.6830127018922193 2411.0000000000005 1.0000000180025095e-35 18.500000000000004 2.5000000000000004 0.81174490092936691 361.53318786621099 18.500000000000004 921.64285278320324 0.052813902152266244 289.50000000000006 61.500000000000007 409.50000000000006 17660.500000000004 1.0000000180025095e-35 1.0000000180025095e-35 2.4518618261600755 143.41667175292972 1.0000000180025095e-35 1.0000000180025095e-35 3.3346443211559196 1.0000000180025095e-35 1.0000000180025095e-35 2.5000000000000004 16186.500000000002 1.5000000000000002 2.4518618261600755 0.68301270189221941 -0.22252093395631442 2.5000000000000004 1.0000000180025095e-35 1110.0000000000002 608.00000000000011 82.634136199951186 15990.500000000002 1.0000000180025095e-35 24.756485567090731 -0.5
decision_type=2 2 2 2 2 2 2 2 2 2 2 2 2 2 2 2 2 2 2 2 2 2 2 2 2 2 2 2 2 2 2 2 2 2 2 2 2 2 2 2 2 2 2 2 2 2 2 2 2 2 2 2 2 2 2 2 2 2 2 2 2 2
left_child=2 6 5 11 18 50 9 20 19 23 -8 12 13 58 26 29 40 41 33 30 -5 22 -22 -2 59 -26 -15 -12 39 55 31 -9 -32 -4 57 36 37 -17 60 -6 -14 -18 -25 44 -44 -45 -42 49 -49 -36 -1 -52 53 54 -53 56 -13 -10 -3 -23 -37 -31
right_child=1 3 4 7 28 -7 10 8 34 -11 27 15 16 14 -16 35 17 -19 -20 -21 21 24 -24 42 25 -27 -28 -29 -30 61 32 -33 -34 -35 47 38 -38 -39 -40 -41 46 -43 43 45 -46 -47 -48 48 -50 -51 51 52 -54 -55 -56 -57 -58 -59 -60 -61 -62 -63
leaf_value=-0.054288144303829548 -0.016261817741538179 -0.011456047143912287 -0.042572020870957517 -0.00045600053979981631 0.0039014288712222707 -0.040867207306097636 -0.0037526795239714358 0.0084297323277752242 0.0072912421846713709 -0.028563444335664902 0.023652308209646124 0.0077124275690997196 -0.0014730303018063852 0.042181111286260377 -0.010214199059340734 0.010898139683064561 0.0098739509386796265 0.22195489778014546 -0.020830229530891357 0.020388878382019825 0.006854836719583153 0.014897532994909391 0.018248643474944093 -0.011420918408434302 0.018421045568734178 0.056261874790086701 0.011356739953056081 0.0010953985981719118 -0.019246796803510709 0.0065977332497352426 0.00072418649212863562 0.0025836471625831064 0.032859335492871865 -0.029953045938915381 0.009208957400975144 0.034024135186667269 0.15301959156011963 0.045344741920195324 -0.0034659582180482222 0.049574706890837095 0.0014248851383283096 -0.022034218088694251 0.046072741854353158 0.0033178209670883248 -0.015495888175252824 -0.017406268893400748 0.0069937100290350836 -0.0021876621599461465 0.010091210447239632 0.017292916386490866 -0.053666867587675041 0.25792791511270968 -0.051577686864326983 -0.055532322051885408 0.11182605313491822 -0.040664306692679897 0.037165757683545721 0.028950093502361579 0.0040508406364906926 0.0085853267792371894 0.011944663776662565 -0.011507191162186273
leaf_weight=1611067.7082429677 216677.2503465414 28939.758746981621 106183.13836558163 58514.56241941452 12913.95472484827 228124.07980802655 510136.49462473392 2611964.8578656912 21260.817024230957 49173.6840454638 31401.60582113266 470273.5572707653 561898.38407289982 11162.663129687309 29646.376997947693 32166.295310497284 237179.73477458954 346.27410888671875 64796.5298833251 65510.468108892441 386143.61951971054 590028.3359336853 115598.09486961365 122935.06875818968 318798.03531718254 12539.736694335938 512029.56677234173 56763.43905299902 11720.233218640089 31987.962303161621 284442.84601211548 376971.09633088112 10186.796966552734 118215.450781703 346385.59930157661 16620.524240970612 1083.371337890625 20675.878581762314 27363.626598358154 5769.4098936617374 727386.48706626892 7662.6748085021973 10845.917994141579 46440.027727723122 4669.1950508356094 31260.308207154274 344613.68915987015 79339.043410301208 2791595.9653757811 358755.72381162643 11268.630496576428 531.54657736420631 1840.8387138992548 454.22246849536896 868.16088598966599 2831.6525459289551 14451.316491127014 44861.377222061157 378129.95336687565 223071.61918473244 51581.878374099731 44198.756684780121
leaf_count=6986281 354733 7826 388279 773 7608 751192 397335 96530 1376 70434 11561 42972 154927 2356 895 3329 21250 1 153555 2925 4618 6119 426 110972 3470 15 73019 30986 26774 3306 3431 35445 49 326244 6081 1159 25 1241 1048 3938 100674 146 8761 38963 3980 28456 39564 3899 47361 5477 43688 761 6979 1834 2269 53 266 578 69600 3456 1209 4463
internal_value=-0.000639245 0.00725257 -0.0490284 0.00849678 -0.0290998 -0.0524635 -0.00685396 0.00985815 0.00911324 -0.0130599 -0.00185436 0.00516411 0.00424519 0.00748325 0.0108224 0.00882184 0.00259106 0.00917635 -0.0325423 0.0074255 0.0129132 0.0133884 0.00947991 -0.0112985 0.0151019 0.0198532 0.0120144 0.00912953 0.00364515 0.00665434 0.00716686 0.00769241 0.00183528 -0.0359243 0.0106651 0.0169956 0.0269613 0.0243764 0.0113721 0.0180058 0.00160284 0.00887531 -0.00632304 0.000400136 0.0275437 -0.00501982 0.00321509 0.0104558 0.00975188 0.0133219 -0.0540904 -0.0327943 0.030863 0.112723 0.167327 0.00830447 0.00859055 0.021986 0.0029484 0.0131658 0.0173254 -0.00390554
internal_weight=1.55023e+07 1.33285e+07 2.17375e+06 1.22482e+07 319599 1.85416e+06 1.0803e+06 8.69597e+06 6.99127e+06 482001 598302 3.55223e+06 2.839e+06 959908 552839 713235 1.87909e+06 245189 289195 3.34908e+06 1.70469e+06 1.64618e+06 501742 432828 1.14444e+06 331338 523192 88165 30403.6 563743 3.28357e+06 2.98894e+06 294630 224399 3.6422e+06 149492 53925.5 52842.2 95566 18683.4 1.6339e+06 244842 216151 93215.4 15515.1 77700.3 1.072e+06 3.57608e+06 2.87094e+06 705141 1.62603e+06 14963.4 3694.77 1853.93 1399.71 487557 484725 66122.2 407070 813100 68202.4 76186.7
internal_count=10506941 1807539 8699402 751358 906398 7793004 1056181 222029 203152 616299 439882 529329 470258 153696 76270 59071 316562 21397 868078 138380 18877 18104 5044 545865 13060 3485 75375 42547 38320 51060 135455 131975 3480 714523 64772 8011 4595 4570 3416 11546 295165 21396 191132 80160 12741 67419 140238 62818 51260 11558 7041812 55531 11843 4864 3030 43291 43238 1954 77426 9575 2368 7769
is_linear=0
shrinkage=0.05


Tree=43
num_leaves=63
num_cat=0
split_feature=16 16 24 17 18 16 27 0 4 0 7 12 0 7 0 17 17 11 21 18 15 11 12 11 11 14 0 16 17 11 10 26 1 12 15 4 18 13 18 15 19 11 14 21 1 4 15 11 17 12 4 16 4 16 17 11 10 12 4 10 21 4
split_gain=2.22536e+06 90481.2 54038.3 22251.8 13143.5 13080.4 11514.2 6988.72 7183.94 7795.59 6053.34 6971.24 5867.86 8232.41 10745.6 5846.11 5437.75 5147.43 5667.56 4891.35 5722.04 5171.42 4589.94 4514.04 4301 7040.58 12095.4 4069.95 3881.11 3830.5 3863.69 4412.07 3778.95 3671.07 3779.11 3771.61 3646.98 4498.15 4303.99 8168.08 4115.11 4380.36 4517.19 3627.29 3486.75 3446.81 3429.19 3303.84 3206.07 3198.19 8617.29 3094.81 3010.94 2987.62 2826.86 7648.63 8606.14 4757.01 4660.85 2707.68 4349.44 5313.6
threshold=0.1686974195828915 1.58921650055371 1.0000000180025095e-35 11.156411012650876 1.5000000000000002 0.022481629796664206 1.0230772495269778 8.5000000000000018 5.5000000000000009 19.500000000000004 1.0000000180025095e-35 0.93301270189221952 16.500000000000004 1.0000000180025095e-35 20.500000000000004 1.0763110363726958 45.358435227972414 0.68301270189221941 417.50000000000006 1.0000000180025095e-35 17655.500000000004 -0.24999999999999994 0.93301270189221952 0.68301270189221941 0.93301270189221952 -0.37940952255126015 14.500000000000002 0.52551257613092206 0.11528486094593052 -0.93301270189221919 -0.56174490092936669 270.94688415527349 289.50000000000006 0.6830127018922193 17668.500000000004 5.5000000000000009 17.500000000000004 0.91597561503675362 61.500000000000007 17641.500000000004 27.500000000000004 -0.24999999999999994 -0.5 1258.5000000000002 303.50000000000006 1.0000000180025095e-35 17602.500000000004 0.68301270189221941 0.11168075871804885 -0.9330127018922193 2.5000000000000004 0.047959500960510458 5.5000000000000009 59.399355161576182 2.4518618261600755 0.68301270189221941 -0.22252093395631442 0.25000000000000017 3.5000000000000004 -1.0000000180025095e-35 1.5000000000000002 3.5000000000000004
decision_type=2 2 2 2 2 2 2 2 2 2 2 2 2 2 2 2 2 2 2 2 2 2 2 2 2 2 2 2 2 2 2 2 2 2 2 2 2 2 2 2 2 2 2 2 2 2 2 2 2 2 2 2 2 2 2 2 2 2 2 2 2 2
left_child=2 6 5 15 28 54 22 29 9 16 11 -11 17 23 -15 48 44 -10 -19 21 47 -8 27 -14 49 26 -26 -2 51 -5 31 -31 -18 35 -35 -32 40 45 39 -39 41 42 -17 -43 -9 -38 -6 -21 -3 50 -23 -4 -40 -42 -1 -56 57 -57 -59 60 -29 -62
right_child=1 3 4 7 46 -7 19 8 12 10 -12 -13 13 14 -16 36 32 18 -20 20 -22 24 -24 -25 25 -27 -28 59 -30 30 33 -33 -34 34 -36 -37 37 38 52 -41 53 43 -44 -45 -46 -47 -48 -49 -50 -51 -52 -53 -54 -55 55 56 -58 58 -60 -61 61 -63
leaf_value=-0.054374518840568778 -0.017872426054516177 -0.031621442338255562 -0.042608119545758182 -0.00043336300049824042 -0.0097794135006930814 -0.04174472421653079 0.0015919343928390895 0.0015599246599869525 0.0046262109019125216 0.0048956289635359775 -0.021647593094932617 -0.019460929113594358 0.014829308001727687 -0.026450819301515389 0.054296808944017796 0.0027052868887803699 0.022345051522539572 0.017585674121986979 -0.018037820824288897 -0.003687759078555829 0.040485675444845215 -0.028126457316993661 -0.03021886467052123 0.025988925155261938 -0.0034846666472908255 -0.021276688440038733 0.05998860085119944 -0.016385469566690028 -0.021161657941752315 0.0026076752809968164 0.013504661527864649 0.012384936826531358 0.0096151164892012784 0.014952503167567497 0.02632621490326216 0.0022129749093345156 -0.0037394537349325534 -0.00028822545742116917 0.014314059488915721 0.046849405433260979 0.010886722480120667 0.0021453932549704777 0.010496479413840817 0.083335194084649428 0.0073871112978528223 0.0083222958050553249 0.026623787407133965 0.015565397185461372 0.00013043957146395232 -0.016726715988770208 0.015753994485860991 -0.030324849380274285 -0.014176675894676345 -0.0050794296346305034 -0.053487581906511532 -0.055526720757269304 -0.051080371331941724 -0.053707060697166832 0.18483791296898666 -0.00017551610077665397 -0.021426913029739855 0.048506892105590192
leaf_weight=1499055.6646420658 187837.80819752812 8082.1668527126312 93399.794470280409 58493.198893070221 18041.549187749624 246389.74276833236 147311.07724824548 288985.28025078773 319338.33615732193 361803.09013915062 26782.986323475838 31973.789924860001 419802.1545766592 21739.348495960236 5083.4756487607956 344183.21710932255 59486.549242973328 167449.10026335716 11962.536258220673 73345.151691585779 10731.640302598476 18689.235819846392 41979.752534598112 115563.23826181889 25009.565504342318 20357.053466081619 10723.500786304474 88598.556921780109 57311.619506433606 178231.48178052902 739363.30572485924 327233.61322593689 2920984.1585841179 229236.20651698112 107185.3687915802 82171.956914663315 68424.4408390522 14027.503066539764 80052.597820281982 26648.924446105957 337506.02299773693 1473029.7342528105 404891.54737222195 1376.8750710487366 2298704.2813798189 440720.5872862339 10085.498195320368 32004.917971462011 486245.46456116438 161864.69203105569 27876.95451104641 113727.14553833008 10488.000569581985 32084.766169548035 10160.583718881011 365.95727705955505 1644.7094345390797 244.96253874897957 1245.7338253855705 75990.766825437546 4944.4535369873047 6026.5785396099091
leaf_count=6833846 336299 3589 357309 773 31473 882882 129378 14158 10115 31699 3629 3578 10740 976 358 65542 1233 3893 180 59964 3460 18180 66946 2991 22129 19106 7335 91663 142379 3356 8154 1688 41671 3160 336 1452 6458 970 2492 1427 29350 242962 52573 28 81206 35276 3992 18051 169189 153849 24173 333123 347 764 41290 1565 6527 809 2184 73075 4907 4734
internal_value=-0.000617757 0.0067902 -0.0491188 0.00791153 -0.0292211 -0.0524281 -0.0082275 0.00928682 0.0085893 0.00791749 0.00135347 0.00291791 0.0123815 0.0158839 -0.0111472 0.00467542 0.00841327 0.00843359 0.0152104 -0.00336089 0.00570436 -0.00591609 -0.0145652 0.0172382 -0.0100973 0.00219291 0.0155636 -0.0127568 -0.0326774 0.0121425 0.0125847 0.0089374 0.00986919 0.0141768 0.0185762 0.0123752 0.00544962 0.00882871 0.0170834 0.0305936 0.00461515 0.00380307 0.00691661 0.00222122 0.00673635 0.0067013 0.00327353 0.00216123 -0.000388694 -0.0134047 -0.00185724 -0.0358638 0.0110137 0.00950066 -0.0541682 -0.0315259 0.0322029 0.105981 0.145634 -0.00728344 -0.0127081 0.0169886
internal_weight=1.54843e+07 1.34326e+07 2.05167e+06 1.24993e+07 292566 1.75911e+06 933292 8.77157e+06 7.04966e+06 5.98872e+06 420560 393777 1.06094e+06 562188 26822.8 3.72776e+06 5.56816e+06 498750 179412 527914 116082 411832 405378 535365 264521 56090.1 35733.1 363398 264439 1.72192e+06 1.66342e+06 505465 2.98047e+06 1.15796e+06 336422 821535 3.23343e+06 640362 131217 40676.4 2.59307e+06 2.22348e+06 749075 1.47441e+06 2.58769e+06 509145 28127 105350 494328 208431 46566.2 207127 90540.6 369591 1.51272e+06 13661.9 3501.36 1856.65 1490.7 175560 99569.6 10971
internal_count=10506941 1869562 8637379 836313 868276 7769103 1033249 225346 206427 177174 38906 35277 29253 15065 1334 610967 138268 14188 4073 455625 81475 374150 577624 13731 244772 48570 29464 510678 832811 18919 18146 5044 42904 13102 3496 9606 438189 46970 5236 2397 391219 361105 118115 242990 95364 41734 35465 78015 172778 196202 42353 690432 2839 30114 6886221 52375 11085 4558 2993 174379 101304 9641
is_linear=0
shrinkage=0.05


Tree=44
num_leaves=63
num_cat=0
split_feature=16 16 27 17 16 18 27 20 3 0 7 0 14 3 3 7 14 25 0 4 21 3 4 25 4 27 7 14 12 12 18 4 22 18 1 4 18 15 3 3 12 4 25 14 0 25 16 3 3 15 18 9 3 4 17 16 3 6 21 18 17 3
split_gain=2.09156e+06 81299.6 55134.8 20100 13626.3 12670.3 10622.3 8828.09 6928.14 6191.85 17941.4 9630.26 8831.77 24720.9 18909.7 16157.7 20162.6 8038.19 6627.54 5962.34 6906.09 6240.6 5099.08 4634.49 10045.9 5249.5 5109.18 6112.43 4608.51 6892.78 7613.94 7031.05 5730.57 5822.9 6094.19 4563.51 4429.96 5198.24 4358.47 3992.39 5324.41 4318.88 5606.42 3995.54 6771.47 3875.57 3793.33 3769.9 3672.29 3466.47 3388.6 5708.5 3348.04 3304.62 3328.56 3300.52 3273.33 8614.82 3239.83 3031.11 2819.92 4252.59
threshold=0.1686974195828915 1.58921650055371 0.13363532289395155 4.8757316192246076 0.022481629796664206 1.0000000180025095e-35 1.0230772495269778 79.500000000000014 2.5000000000000004 18.500000000000004 1.0000000180025095e-35 20.500000000000004 -0.5 3.5000000000000004 1.5000000000000002 1.0000000180025095e-35 -0.37940952255126015 69.800003051757827 13.500000000000002 5.5000000000000009 1053.5000000000002 11.500000000000002 5.5000000000000009 1.0000000180025095e-35 1.0000000180025095e-35 3.1813323497772221 1.0000000180025095e-35 -0.5 1.0000000180025095e-35 -0.5 1002.5000000000001 2.5000000000000004 2411.0000000000005 2.5000000000000004 332.50000000000006 5.5000000000000009 1.0000000180025095e-35 17621.500000000004 11.500000000000002 5.5000000000000009 1.0000000180025095e-35 2.5000000000000004 0.28333334624767309 -0.37940952255126015 14.500000000000002 110.25000000000001 0.59258285569011748 7.5000000000000009 11.500000000000002 15990.500000000002 95.500000000000014 0.6078576107927941 1.5000000000000002 4.5000000000000009 0.10811791472168832 0.061819055757316825 6.5000000000000009 1.0000000180025095e-35 563.00000000000011 563.00000000000011 2.4518618261600755 2.5000000000000004
decision_type=2 2 2 2 2 2 2 2 2 2 2 2 2 2 2 2 2 2 2 2 2 2 2 2 2 2 2 2 2 2 2 2 2 2 2 2 2 2 2 2 2 2 2 2 2 2 2 2 2 2 2 2 2 2 2 2 2 2 2 2 2 2
left_child=2 6 4 23 60 55 38 9 53 12 19 -12 13 14 -5 17 -17 -14 -15 21 -21 -11 -13 24 -3 26 49 -28 29 56 31 -31 33 34 -30 -26 39 -38 46 40 -8 47 -43 44 -42 50 -2 -41 -44 -25 58 -52 -37 -7 -55 -4 57 -9 -27 -35 -1 -62
right_child=1 3 5 7 -6 8 36 28 -10 10 11 22 15 18 -16 16 -18 -19 -20 20 -22 -23 -24 25 35 45 27 -29 32 30 -32 -33 -34 59 -36 52 37 -39 -40 41 43 42 48 -45 -46 -47 -48 -49 -50 -51 51 -53 -54 54 -56 -57 -58 -59 -60 -61 61 -63
leaf_value=-0.054308670201924807 -0.016675379790991342 0.078262594816232128 -0.038990090266634234 0.0013868069053587775 -0.041171235646772122 0.002031876214864693 -0.021409064147263332 0.0060505538362544149 -0.023166290685260094 0.0048406326189809404 -0.040197153083130037 -0.009156180924293782 0.014323457108042288 0.0055220964554850895 0.016590396323208044 0.018104013619132411 -0.01741712545919295 0.0088805904885761872 -0.0001017875417314996 0.013366741455421603 0.21438489612850803 -0.01135409813751161 0.055345958027048503 -0.01083571714172024 -0.0057332765103606321 0.0036409585239163128 0.013812008498123467 -0.036136008736053681 0.023830629026247135 -0.0071597616937959718 0.022357975801185412 0.0078366561503169715 0.028878137510910309 0.0056058702055017231 0.012764954263758356 0.080151189699660563 0.00010919651119744217 0.026494476529512357 -0.02947802249021499 -0.022529188900824261 -0.0059061580375905373 0.052185440502931536 0.0057465484303345152 -0.01517878729590371 0.029887588285699832 -0.015953059660067073 -0.0062882282280668847 -0.0015409308898880739 -0.021504870599323267 0.0015709165726219294 0.0055098456059400596 0.030853290868851708 0.0095718922833730631 -0.018395422982797092 0.06220453087624387 -0.027174269187654816 0.012953091815954552 0.031165413037206442 0.061711753610848179 0.012217778094541809 0.0052553148262234652 -0.053247147585889491
leaf_weight=1427631.9339662641 206518.50551816821 6376.2293373346329 122049.69473743439 280737.09713244438 237556.02842177451 15984.681638598442 74210.730874687433 514509.79017496109 25578.573410600424 665891.38315761089 34506.247921943665 13916.769555091858 1014591.498935461 1185015.9148979187 753313.45350909233 61614.707960128784 113614.05545890331 2046769.1945014 938948.35587763786 165793.82821261883 428.27711486816406 65321.724583268166 3928.8511192798615 68883.519134581089 17503.848474740982 1609096.7503451109 8530.4498226642609 21721.474817752838 157907.70254898071 165295.70676159859 43040.686302185059 148269.21946930885 52364.490020751953 364749.88318252563 586783.47291374207 3163.7734905481339 93233.097905337811 23340.032509833574 40910.577609181404 33952.249159753323 49928.804785579443 5981.5954747796059 106943.5635240078 48902.590419828892 17968.238818228245 23946.33523273468 153027.6660066247 57850.822155296803 13977.951544195414 308232.74215555191 76299.944280862808 31348.597060918808 3583.6854963302612 1679.4453221708536 5396.4351363629103 114601.0414108634 651347.40406966209 36571.924636125565 2405.3570499420166 330309.26351547241 4999.4706533104181 8202.355087980628
leaf_count=6833846 364136 1812 452649 15183 882882 16730 71727 8115 75296 58890 4863 2453 48228 64955 27664 1077 5916 22198 46515 11149 3 6883 351 27488 7438 305986 3117 9266 2892 2780 103 2957 79 5740 9927 729 71174 10301 66946 32422 45193 6823 90512 46430 13737 790 146542 53135 14171 111176 5052 1786 1124 4415 3423 315763 9531 587 119 1391 16789 35586
internal_value=-0.000596901 0.00641467 -0.0488124 0.00746782 -0.0522666 -0.0284911 -0.00787738 0.00838341 -0.00524856 0.00744426 0.00367724 -0.0247752 0.00800377 0.00612261 0.0124627 0.00983925 -0.00492699 0.0106845 0.00303592 0.00533702 0.0138848 0.00339389 0.00504441 0.00310394 0.0224167 0.00282888 -0.00228122 -0.0220515 0.010644 0.00874297 0.0026381 -6.86872e-05 0.0126303 0.0120394 0.0151114 0.00773303 -0.00320794 0.00539206 -0.0140141 -0.00565484 -0.0109362 -0.00104224 0.00493382 -0.00428204 0.00356624 0.00402313 -0.0122545 -0.00930325 0.00259636 -0.00069525 0.00430138 0.0128902 0.0426668 0.0146254 0.0430736 -0.0332682 0.0105535 0.00771729 0.00372764 0.00874802 -0.054096 -0.0310923
internal_weight=1.54671e+07 1.35034e+07 1.96368e+06 1.25766e+07 1.67839e+06 285290 926746 1.03955e+07 48639.1 7.34439e+06 949787 52351.9 6.3946e+06 3.15801e+06 1.03405e+06 3.23659e+06 175229 3.06136e+06 2.12396e+06 897435 166222 731213 17845.6 2.18109e+06 30627.5 2.15047e+06 407368 30251.9 3.05115e+06 1.55903e+06 356606 313565 1.49211e+06 1.43975e+06 744691 24251.3 526290 116573 400457 409717 191010 218706 126903 116800 67897 1.7431e+06 359546 91803.1 120922 377116 1.71915e+06 107649 6747.46 23060.6 7075.88 236651 1.20243e+06 551082 1.6115e+06 695059 1.44083e+06 13201.8
internal_count=10506941 1869562 8637379 836313 7769103 868276 1033249 360430 99864 316328 84592 7667 231736 154317 42847 77419 6993 70426 111470 76925 11152 65773 2804 475883 11103 464780 151047 12383 44102 24073 5840 5737 20029 19950 12819 9291 455625 81475 577624 374150 177087 197063 111506 105360 58930 313733 510678 85557 104683 138664 312943 6838 1853 24568 7838 768412 18233 8702 306105 7131 6886221 52375
is_linear=0
shrinkage=0.05


Tree=45
num_leaves=63
num_cat=0
split_feature=28 17 17 28 14 17 17 9 3 9 3 0 2 3 27 7 14 0 17 15 13 0 15 7 14 0 14 0 9 28 0 19 28 15 14 26 3 9 3 10 17 14 6 15 9 15 21 25 5 28 7 10 26 23 15 24 10 3 10 3 13 7
split_gain=1.7924e+06 99523.9 81571.2 34071.8 21816.4 18639.1 13684.7 12553.1 15373.5 13847.1 8330.64 8197.62 6455.1 6451.17 5699.22 7220.28 11613.5 5596.88 5646.16 5388.1 5059.46 4887.35 4722.47 4578.45 27885.9 22438.2 12647.2 4588.28 4405.47 6484.35 4416.93 4371.36 4142.95 3835.21 4052.76 3826.71 3816.84 4801.74 5656.4 3918.1 3789.48 3609.48 3463.42 3435.42 3624.86 3387.97 3146.26 3072.29 2998.23 2992.65 2941.25 2935.85 3518.99 5698.5 3151.09 3072.64 2856.43 2820.24 7341.94 2743.33 4389.64 16789.2
threshold=0.53282585740089428 0.33736056730234398 0.68631390432944506 1.0000000180025095e-35 0.60355339059327384 11.156411012650876 0.11528486094593052 1.0000000180025095e-35 2.5000000000000004 -1.0000000180025095e-35 6.5000000000000009 19.500000000000004 2024.5000000000002 11.500000000000002 4.8004119396209726 1.0000000180025095e-35 -0.5 8.5000000000000018 45.358435227972414 13752.000000000002 0.78656609248549325 14.500000000000002 15990.500000000002 1.0000000180025095e-35 -0.37940952255126015 14.500000000000002 -0.5 17.500000000000004 -1.0000000180025095e-35 361.53318786621099 9.5000000000000018 2631.5000000000005 186.56235504150393 15239.000000000002 0.25881904510252057 208.25608062744143 2.5000000000000004 -1.0000000180025095e-35 1.5000000000000002 1.0000000180025095e-35 9.0349822614126456 -0.5 1.0000000180025095e-35 17641.500000000004 -1.0000000180025095e-35 17621.500000000004 217.50000000000003 2.9500000476837163 1.0000000180025095e-35 1.0000000180025095e-35 1.0000000180025095e-35 -0.56174490092936669 60.499698638916023 33.071428298950202 17655.500000000004 66.821426391601577 1.0000000180025095e-35 1.5000000000000002 -0.56174490092936669 2.5000000000000004 -0.9159756150367534 1.0000000180025095e-35
decision_type=2 2 2 2 2 2 2 2 2 2 2 2 2 2 2 2 2 2 2 2 2 2 2 2 2 2 2 2 2 2 2 2 2 2 2 2 2 2 2 2 2 2 2 2 2 2 2 2 2 2 2 2 2 2 2 2 2 2 2 2 2 2
left_child=1 3 6 33 7 11 -2 8 43 12 -11 14 45 -12 15 22 21 51 28 -5 47 -17 -4 26 25 -25 35 -26 29 30 -19 42 -28 -1 -35 -16 37 38 -6 40 -40 -24 -30 44 56 -10 -31 -8 -13 -14 -22 52 -7 54 -54 -55 -3 -45 -59 -20 61 -61
right_child=2 4 5 19 36 17 20 -9 9 10 13 48 49 -15 23 16 -18 18 59 -21 50 -23 41 24 27 -27 32 -29 31 46 -32 -33 -34 34 -36 -37 -38 -39 39 -41 -42 -43 -44 57 -46 -47 -48 -49 -50 -51 -52 -53 53 55 -56 -57 -58 58 -60 60 -62 -63
leaf_value=-0.054050737109639063 -0.02120466086561644 0.012359690936085103 -0.0071944252019782249 -0.043323125987703826 -0.028799395959331564 -0.0031361975140515026 -0.010137627496167853 -0.025854081001444131 -0.020162945687174555 -0.022130722830458527 0.049342838808623141 -0.011244725161251974 -0.044912847039191184 -0.045491351823060543 0.00087046946152545069 -0.0020485397931459602 -0.036673995415132228 -0.0013899834103434771 0.011712420913600148 -0.03014593282778727 0.0028639819191772315 0.054048782946304587 0.00051505274480787521 0.0082548030467866126 -0.010096633648050135 0.040673595721762046 0.008707420050790891 -0.042233445213868639 0.0036567931397548563 -0.0053299981182013418 0.0096151389252988415 0.096710410641777364 0.00050933834829605565 -0.041114500422358292 -0.052473394591020177 -0.03007564778865688 -0.043350151620887928 -0.043945802788550016 0.047109275257593286 -0.025351612828868487 0.17423223951382502 0.0089009463733885196 0.01267169377201671 0.044579896268023479 -0.033053295786829889 0.01338871371140722 0.01076587260122952 0.00094603731157063588 0.0037561152709573442 -0.0095772825228567712 -0.017159089767890368 0.012133880467477086 0.10303452947768672 -0.012157645203355128 0.027027151388722803 0.0094106159808124284 0.049948553626550138 0.2871463196258156 0.021335843663991477 0.011421643199174616 0.0064153360799552341 -0.0142167391274064
leaf_weight=1067654.9954798222 177757.26443074644 13551.94159026444 115508.91264337301 121123.37323312461 5013.8322687745094 65902.122960776091 409930.45283812284 59614.418511733413 16513.419746875763 7813.3275851160288 16867.577140554786 116065.61757963896 25771.644480392337 2006.4805580079556 1020026.239805311 17753.357708126307 31514.107636466622 97212.335685908794 736773.42342174053 215795.24257029593 186555.14450187981 4969.3225004225969 312099.95525722206 153294.73935225606 55515.462004899979 81886.439193546772 1330602.2838378251 13884.649388194084 1565545.2940986454 126177.97304916382 1467638.5553075373 1279.7760772705078 174296.17513513565 132442.73512044549 192932.52231317759 10088.416572093964 65319.128201201558 8820.1967119127512 2325.0810484141111 1259.8448782414198 783.92459252476692 217910.32759138942 114323.22521552444 10074.3771353513 2910.994328096509 13821.293925017118 39979.837099075317 73773.368817776442 46716.901084363461 7807.7815621644258 20340.0109949857 1222247.6626662314 2378.6000986099243 17157.045467376709 3196.1872930526733 439590.98478126526 8060.5318498462439 438.65433873236179 637.00630614161491 1401030.2218580246 1513105.5113640726 66902.956377625465
leaf_count=5346030 354973 19466 56239 489061 14390 1820 453551 124884 29382 15651 16985 74763 71234 5844 157884 11280 17450 3380 12185 672466 101315 2943 109714 20074 7262 7464 141012 3216 71700 1533 65943 4 4418 559468 931232 474 231073 30286 7018 4092 672 65247 4998 3010 7374 7335 465 29917 29174 11575 15168 13737 28 397 44 2939 9911 324 1204 13044 39548 1671
internal_value=-0.000576835 -0.0447492 0.00598898 -0.0491515 -0.016481 0.00701187 -0.00883271 -0.00694364 0.00198394 -0.00896321 0.0212868 0.00403137 -0.0215942 0.0392607 0.00453595 0.000494175 -0.0170277 0.0082544 0.00763244 -0.0348832 -0.00564822 0.0102196 0.00196638 0.00553195 0.0113241 0.0195426 0.00483602 -0.0165263 0.00616374 0.00793428 0.00893147 0.00434068 0.00775793 -0.0526024 -0.0478498 0.000567391 -0.0377076 -0.0174595 0.00743864 0.0490274 0.0791691 0.00396287 0.0042703 0.029787 0.0193241 -0.00487577 -0.00145708 -0.00844716 -0.00693961 -0.0366969 0.000895468 0.0107877 0.00767291 0.00921372 0.0594595 0.00860042 0.0263791 0.0527984 0.129755 0.00898039 0.00830516 0.0102531
internal_weight=1.54503e+07 1.99936e+06 1.34509e+07 1.72995e+06 269411 1.25826e+07 868356 185889 126275 90601.5 26687.4 3.70213e+06 63914.1 18874.1 3.53935e+06 699756 54236.8 8.88044e+06 7.12997e+06 336919 690599 22722.7 645519 2.83959e+06 304581 235181 2.53501e+06 69400.1 3.41216e+06 1.73101e+06 1.56485e+06 1.68115e+06 1.5049e+06 1.39303e+06 325375 1.03011e+06 83522 18202.9 9382.68 4368.85 3109.01 530010 1.67987e+06 35673.5 24523.5 30334.7 166158 483704 162783 33579.4 206895 1.75047e+06 528225 462323 5574.79 456748 21612.5 11150 1075.66 3.71781e+06 2.98104e+06 1.46793e+06
internal_count=10506941 8609967 1896974 7998257 611710 942050 954924 324179 199295 158006 38480 708614 119526 22829 604677 262873 31673 233436 214471 1161527 599951 14223 231200 341804 38016 27538 303788 10478 148023 71321 69323 76702 145430 6836730 1490700 158358 287531 56458 26172 11782 7690 174961 76698 41289 36751 36717 1998 483468 103937 82809 116483 18965 5228 3408 72 3336 29377 4538 1528 66448 54263 14715
is_linear=0
shrinkage=0.05


Tree=46
num_leaves=63
num_cat=0
split_feature=28 17 17 28 14 17 12 17 12 4 0 7 15 4 17 14 7 0 7 24 0 0 26 18 18 11 0 15 22 20 1 18 25 12 1 12 0 0 7 4 12 14 12 28 15 1 25 15 14 24 11 11 23 13 7 4 20 25 1 1 14 11
split_gain=1.67911e+06 99045.8 73400.2 35010.9 20799 16647.8 14569.8 12791.1 10654 10596.6 7174.06 12438.2 5687.56 5679.56 5394.57 5393.15 26351.4 24127.6 20243.2 17392.5 10789.8 9213.5 6280.79 5301.63 5076.84 6053.43 5748.73 5067.48 4916.18 4828.26 5391.94 6058.06 8961.35 9333.13 5540.74 6451.38 5570.59 5294.05 5898.64 5242.99 4962.95 5859.19 4759.19 4320.21 4043.75 4030.39 5813.22 4017.09 4031.92 3970.13 3811.4 8985.97 3466.83 3451.87 7985.28 3414.89 3355.38 3312.59 3286.98 5024.61 3272.45 3186.23
threshold=0.53282585740089428 0.33736056730234398 0.68631390432944506 1.0000000180025095e-35 0.60355339059327384 17.795505150693206 0.25000000000000017 0.10485287214929674 0.93301270189221952 1.5000000000000002 18.500000000000004 1.0000000180025095e-35 17609.500000000004 5.5000000000000009 0.078306571404019212 -0.5 1.0000000180025095e-35 13.500000000000002 1.0000000180025095e-35 50.107143402099616 17.500000000000004 13.500000000000002 121.32826614379884 1478.0000000000002 1.0000000180025095e-35 -0.24999999999999994 6.5000000000000009 16186.500000000002 1013.5000000000001 56.500000000000007 1124.5000000000002 140.50000000000003 87.283336639404311 0.25000000000000017 1110.5000000000002 0.6830127018922193 7.5000000000000009 18.500000000000004 1.0000000180025095e-35 5.5000000000000009 0.25000000000000017 -0.5 -0.9330127018922193 1.0000000180025095e-35 15990.500000000002 1318.5000000000002 520.78332519531261 14803.000000000002 0.25881904510252057 80.892856597900405 -0.5 1.0000000180025095e-35 1.5000000000000002 -0.9159756150367534 1.0000000180025095e-35 1.0000000180025095e-35 2325.5000000000005 18.283332824707035 1118.5000000000002 1218.5000000000002 0.1294095225512602 0.68301270189221941
decision_type=2 2 2 2 2 2 2 2 2 2 2 2 2 2 2 2 2 2 2 2 2 2 2 2 2 2 2 2 2 2 2 2 2 2 2 2 2 2 2 2 2 2 2 2 2 2 2 2 2 2 2 2 2 2 2 2 2 2 2 2 2 2
left_child=1 3 7 47 6 10 9 -2 12 50 15 13 -8 -12 -5 16 21 -18 23 -19 22 28 -20 27 25 -9 -26 -17 -4 30 34 53 33 -33 37 57 -37 42 -39 45 58 -42 -7 -11 -23 -31 56 -1 -49 -34 -3 55 -43 54 -32 -52 -47 -36 -41 -60 -27 -53
right_child=2 4 5 14 -6 29 8 24 -10 43 11 -13 -14 -15 -16 18 17 19 20 -21 -22 44 -24 -25 26 60 -28 -29 -30 39 31 32 49 -35 35 36 -38 38 -40 40 41 52 -44 -45 -46 46 -48 48 -50 -51 51 61 -54 -55 -56 -57 -58 -59 59 -61 -62 -63
leaf_value=-0.054068626019447487 -0.021293549996385053 -0.042650877446667262 0.0037877201061455703 -0.03834653384361085 -0.037093815374230364 0.0007843745555774469 -0.00074130349090900519 -0.00042727552213653504 -0.039170392839847377 -0.044816861557298367 -0.0021203779174814945 -0.031276782154348946 0.023810437096599822 0.01358858373790304 -0.024277892788175676 0.0030394222198190835 0.0013433986198673803 0.044159009274811326 -0.010396877362831326 0.011913336095201477 -0.042597091936440803 -0.015608732255699581 0.01570599647272616 -0.055552340209382184 0.026969141269939184 -0.0094724796800594504 -0.0013210866966983903 0.0092288806879373061 0.26422470910382689 0.0093665105669634638 0.013900611412794259 0.014528083165283673 0.043184883535449144 0.058096936514985646 0.015972904286126917 0.022795134785487885 -0.010907280324628722 0.0035111535843238735 -0.020903100045052539 0.014630196469808522 0.0049553899401729631 0.069133448711217821 0.0085066202990386666 -0.0099642519265604589 -0.0022157865628487515 -0.0020286471457907559 0.035869045817327742 -0.041478367655688908 -0.052437839761869824 0.011214010628707371 0.066918256154555378 -0.041443143814321175 0.027768451797981111 0.005574213808114163 -0.024385410328199388 -0.0027077716867249021 -0.048710306263846176 0.0028454853048522459 -0.013238200153250222 0.018427497157513836 -0.023143838060811175 0.0056056774916984796
leaf_weight=985344.41769878566 158379.33274680376 4132.1119722872972 1123654.3406115025 230110.5962806344 80754.098870635033 217892.80437028408 49417.507387623191 193543.08897788823 11927.066715806723 38653.931142598391 327792.91843174398 33070.266358301044 45130.211772575974 69788.887109845877 96807.649199292064 409328.30648624897 139497.34732758999 91701.071088805795 115079.16276992857 76874.337434768677 22231.331217870116 61294.460078760982 28815.250336647034 3282.4214973449707 21403.070015102625 326631.80245216191 111532.8180808872 1721493.8367576003 181.13168144226074 2422897.3204373121 290869.90552639961 25787.329596042633 10047.413310050964 23487.938556671143 56235.230595588684 13551.222637176514 128740.41384243965 474752.48569750786 26100.309807807207 153130.02624487877 30743.039443969727 5392.2562601566315 2366383.4791813493 11548.386560156941 700136.46682667732 98962.041305780411 10120.249542236328 145730.58660639822 197897.85880927742 289509.80062294006 6666.7075843214989 6360.1401651203632 83582.509076595306 598855.75131177902 14287.953852653503 2393.04362629354 4005.0802459716797 330420.46382975578 29910.556445360184 21555.561686992645 50545.491904199123 8286.7771107405424
leaf_count=5183962 330173 11352 200517 904810 287531 5201 80451 166113 35692 111008 122852 26047 27783 20775 256717 43967 25459 14878 20178 1830 6006 22628 590 65 11928 296648 74817 155339 4 27389 4382 625 131 450 4707 114 4332 32448 3908 2256 528 94 49962 17182 111394 1922 33 648940 1003828 1671 5563 16699 769 20280 550 5260 28 6883 388 470 75245 13189
internal_value=-0.000556842 -0.0442953 0.00566129 -0.0488393 -0.0159306 0.00662319 -0.00666836 -0.00845571 0.0053603 -0.0230796 0.00435112 -0.00181364 0.0109779 0.00063706 -0.0341805 0.00494193 0.00316803 0.0167255 0.0066334 0.0294543 -0.0101783 0.00095259 -0.00516966 0.00794208 -0.00556615 -0.00761588 0.0032337 0.0080399 0.00382972 0.00807108 0.00711293 0.00993954 0.0155367 0.0352961 0.00613306 0.00140496 -0.00769756 0.00694369 0.00223887 0.00970141 0.0156875 0.0237734 0.00785552 -0.0367996 -0.00329391 0.00893588 -0.000290444 -0.0524452 -0.04779 0.0122864 0.00166184 0.00938598 0.0302755 0.00777975 0.012108 0.0485269 -0.0038445 0.00475475 0.0109561 2.42613e-05 -0.0113046 -0.0148242
internal_weight=1.54346e+07 1.92116e+06 1.35135e+07 1.65589e+06 265270 1.26514e+07 184516 862036 106475 78041.1 4.92422e+06 430652 94547.7 397582 326918 4.49357e+06 2.19334e+06 308073 2.30023e+06 168575 166126 1.88527e+06 143894 2.1341e+06 703656 570720 132936 2.13082e+06 1.12384e+06 7.72722e+06 4.86692e+06 1.25285e+06 348832 49275.3 3.61408e+06 528947 142292 3.08513e+06 500853 2.8603e+06 324314 119718 2.58428e+06 50202.3 761431 2.53598e+06 113087 1.32897e+06 343628 299557 27838.8 23706.7 88974.8 904014 305158 9059.75 102967 386656 204596 51466.1 377177 14646.9
internal_count=10506941 8609967 1896974 7998257 611710 942050 324179 954924 143926 180253 772529 169674 108234 143627 1161527 602855 376710 42167 226145 16708 26774 334543 20768 199371 624751 538006 86745 199306 200521 169521 135644 28089 2877 1075 107555 16036 4446 91519 36356 33877 4505 1391 55163 128190 134022 29372 1983 6836730 1652768 1802 52063 40711 863 25212 4932 10823 1950 11590 3114 858 371893 29888
is_linear=0
shrinkage=0.05


Tree=47
num_leaves=63
num_cat=0
split_feature=16 16 27 17 16 18 27 17 3 0 18 18 3 11 5 25 10 27 12 16 12 13 3 17 9 7 14 0 25 3 9 18 18 1 18 23 14 7 19 0 3 10 21 3 5 0 21 1 26 19 12 25 17 12 12 26 9 0 17 11 10 14
split_gain=1.74836e+06 69646.8 46277.6 16685.6 11804.5 11370.8 9437 6543.69 5691.86 4731.31 5147.17 4449.52 4526.47 4446.57 4425.58 4384.82 11530.3 4442.25 4813.78 4052.26 3986.18 7059.15 5956.03 3725.09 3704.86 3656.41 6742.78 9043.61 3467.37 3259.18 3229.54 10410.5 6196.19 5454.21 5132.91 5071.67 4680.52 11039.1 5960.16 3722.09 4369.82 3200.82 4016.38 5954.72 9994 3176.59 3493.89 3165.2 4000.96 3753.11 4641.81 3116.87 5902.93 4128.82 2989.32 5997.53 2956.48 3024.72 2927.22 7071.19 7042.46 3599.3
threshold=0.12858223470931493 1.2487494889738597 0.13363532289395155 4.8757316192246076 0.021903521697908459 1.0000000180025095e-35 0.78066912293434154 64.745858732170532 2.5000000000000004 8.5000000000000018 2003.0000000000002 1.0000000180025095e-35 2.5000000000000004 -0.24999999999999994 1.0000000180025095e-35 1.0000000180025095e-35 -1.0000000180025095e-35 3.1813323497772221 -0.24999999999999994 0.34310147416630893 0.6830127018922193 -0.9159756150367534 3.5000000000000004 1.0763110363726958 -0.8783796973249266 1.0000000180025095e-35 -0.5 14.500000000000002 110.25000000000001 2.5000000000000004 1.0000000180025095e-35 705.00000000000011 22.500000000000004 515.50000000000011 1873.0000000000002 379.50000000000006 -0.37940952255126015 1.0000000180025095e-35 15.500000000000002 10.500000000000002 10.500000000000002 1.0000000180025095e-35 1.0000000180025095e-35 2.5000000000000004 1.0000000180025095e-35 17.500000000000004 179.50000000000003 1087.5000000000002 0.51123625040054332 1139.5000000000002 0.25000000000000017 1.0000000180025095e-35 3.3346443211559196 1.0000000180025095e-35 -0.9330127018922193 1.0000000180025095e-35 1.0000000180025095e-35 11.500000000000002 2.4518618261600755 0.68301270189221941 -0.22252093395631442 1.0000000180025095e-35
decision_type=2 2 2 2 2 2 2 2 2 2 2 2 2 2 2 2 2 2 2 2 2 2 2 2 2 2 2 2 2 2 2 2 2 2 2 2 2 2 2 2 2 2 2 2 2 2 2 2 2 2 2 2 2 2 2 2 2 2 2 2 2 2
left_child=2 6 4 15 58 -4 19 9 -7 47 20 13 14 -8 56 16 -3 18 -17 -2 22 -22 -11 -16 29 54 27 -27 -19 -20 32 39 36 34 -33 -35 38 -38 -9 40 -32 42 -21 44 -44 46 -12 49 -49 50 -5 52 -43 -53 55 -15 57 -13 -1 -60 61 -61
right_child=1 3 5 7 -6 8 11 30 -10 10 45 12 -14 25 23 17 -18 28 24 41 21 -23 -24 -25 -26 26 -28 -29 -30 -31 31 33 -34 35 -36 -37 37 -39 -40 -41 -42 51 43 -45 -46 -47 -48 48 -50 -51 -52 53 -54 -55 -56 -57 -58 -59 59 60 -62 -63
leaf_value=-0.054119474212591279 -0.021215564373780624 -0.0092958620731776499 -0.032958205260895067 0.0083057821994339323 -0.040712848163360973 0.015092731637608504 0.00052434713651298981 0.003914281841396145 -0.022807993878709298 0.009413999619445737 0.00478679419794818 0.022135371052068878 -0.0018710841127203691 0.034445120398368952 0.022470227971161761 0.0031795363523361717 0.047951147664221185 0.0034963015168788126 0.025180456231256178 -0.019559903025350669 0.0073924740548898778 0.00071483442582573472 0.0053256234664782638 0.095274943040257701 -0.0095723700692636523 -0.0033071462178214219 -0.020830318069040586 0.055263718019007646 -0.015709547911012492 -0.0049112543518142681 0.0068527733786612052 -0.011277367422436246 0.0072059016507289271 0.030426239971783692 0.019273669787908877 0.013561933571429036 0.018560516453768168 -0.014960476604157738 0.016420119791700376 0.00279158455762094 0.025774210252389462 0.033622453944235305 0.0055229286972312257 -0.015604791122687931 0.15594979745458459 -0.055553291116623382 -0.048902813797533348 -0.0049742075710517419 0.0073432009432115135 -0.0033337177757384903 0.015401413981995141 0.0037598009233301951 -0.032479745934500655 -0.020438897037211842 -0.017493565127089196 -0.01192538623226028 0.025907288884550312 -0.032426905168774105 -0.053154079048274343 0.19250531731335727 -0.050749859703475432 0.046990573561638466
leaf_weight=1236857.6952753663 149443.64176884294 17237.299884736538 187843.57050798833 592761.8683283329 197137.25741635263 20205.925974190235 135071.02068251371 218748.99699211121 19432.949137181044 1258545.2189335823 12072.996265411377 4395.3090844452381 72409.137375086546 8759.98205062747 3855.794273763895 218727.52448034286 17960.380139172077 1800672.5987815857 15377.008839547634 97643.862982004881 697875.23318457603 914264.83094614744 3049021.7202253938 3228.0541374087334 210249.84089839458 19474.446267515421 20508.808573931456 9961.5210783481598 23810.862899780273 21690.591655254364 156493.42064142227 38584.902454376221 733438.62109351158 51497.193878173828 21358.729850769043 332000.2772064209 454194.57167822123 25964.387770056725 168788.35553073883 762394.8751077652 37904.928500652313 12594.00765606761 3615.8066111505032 9088.7960304021835 1589.4993981122971 4661.5313034057617 4045.4160804748535 74707.228837966919 560942.23690402508 47472.422607421875 377131.91799628735 36790.151014149189 4614.7670742571354 33840.926587730646 144298.03854700923 34183.974982470274 13779.016219139099 6017.1529133915901 8862.4738805890083 628.3027016222477 1478.0186979025602 1313.3182680904865
leaf_count=6817678 352102 8457 690266 12066 839906 22276 141667 3337 65012 54563 66 2291 68683 9114 2936 88751 5858 344857 5307 129590 22220 61768 155599 736 91038 20110 24306 7539 790 9104 1845 198 6034 306 52 771 6730 883 1516 13797 397 15029 4241 11360 1088 44 24 3588 13216 267 6507 43320 5546 45445 166233 38071 6620 3715 41081 766 6488 3770
internal_value=-0.000537553 0.0053375 -0.0487864 0.00623692 -0.0520837 -0.027823 -0.00874589 0.00707876 -0.00348797 0.00629754 0.00563918 -0.00416562 0.00499475 -0.00671706 0.0208908 0.0024019 0.0199156 0.00213277 -0.00222395 -0.0149882 0.00572638 0.0036055 0.00652013 0.0556483 -0.0070028 -0.0108408 0.00117918 0.016514 0.00324565 0.0075718 0.00905526 0.00730139 0.0105891 0.0136342 -0.000391521 0.0158265 0.0134487 0.0167479 0.0093611 0.00436634 0.0105422 -0.0103298 -0.0159362 0.00881741 0.0514606 -0.0192018 -0.00868819 0.00866354 0.00589554 0.010393 0.0110648 -0.00318522 0.0158959 -0.00783428 -0.0140471 -0.00246626 0.0107125 -0.0093946 -0.0538783 -0.0295877 0.0314863 0.0940888
internal_weight=1.54195e+07 1.37458e+07 1.67376e+06 1.29206e+07 1.44628e+06 227482 825164 1.05949e+07 39638.9 7.5935e+06 5.94049e+06 475942 103684 372258 31275.3 2.32573e+06 35197.7 2.29053e+06 466045 349221 5.91971e+06 1.61214e+06 4.30757e+06 7083.85 247317 237187 49944.8 29436 1.82448e+06 37067.6 3.00137e+06 1.40023e+06 1.60113e+06 443441 59943.6 383497 867696 480159 387537 956793 194398 199778 111938 14294.1 5205.31 20779.9 16118.4 1.65302e+06 635649 1.01737e+06 969894 87839.9 17208.8 70631.1 187242 42944 24191.5 10412.5 1.24914e+06 12282.1 3419.64 1941.62
internal_count=10506941 2019698 8487243 919956 7709689 777554 1099742 365794 87288 329928 294284 492021 84981 407040 16298 554162 14315 539847 194200 607721 294150 83988 210162 3672 105449 265373 51955 27649 345647 14411 35866 17366 18500 1327 250 1077 12466 7613 4853 16039 2242 255619 146279 16689 5329 134 90 35644 16804 18840 18573 109340 20575 88765 213418 47185 12626 6006 6869783 52105 11024 4536
is_linear=0
shrinkage=0.05


Tree=48
num_leaves=63
num_cat=0
split_feature=16 16 24 17 16 26 16 0 7 0 14 3 12 14 0 11 7 0 14 4 24 17 9 22 3 4 25 25 3 25 10 25 3 28 26 0 17 6 26 3 3 17 11 10 3 4 13 4 17 12 24 22 1 16 16 17 26 3 3 24 3 11
split_gain=1.6447e+06 62855.1 47116.9 15953.5 12274.7 10693.7 7349.34 5854.63 20188.3 11575 8033.12 27206.1 19118.6 11619.8 8434 8400.89 8123.62 26670.3 10773.8 7456.72 6396.53 6800.65 5921.41 5140.46 4886.99 4827.89 4528.92 5083.37 4264.24 3864.12 10595.7 3608.5 4129.85 3714.01 3340.87 3326.24 3315.22 3282.54 3116.42 3111.47 3036.79 2986.8 8144.61 8246.15 5623.11 4648.03 2850.02 2755.65 4199.56 2361.99 3987.13 2621.79 2333.38 2288.18 2194.18 2137.83 1966.34 2759.48 4066.15 1963.5 1904.8 1833.81
threshold=0.12858223470931493 1.1220350424990031 1.0000000180025095e-35 4.8757316192246076 0.021292787978885331 0.80164620280265819 0.35854197453677394 18.500000000000004 1.0000000180025095e-35 20.500000000000004 -0.5 3.5000000000000004 0.6830127018922193 -0.78656609248549325 14.500000000000002 0.68301270189221941 1.0000000180025095e-35 17.500000000000004 -0.37940952255126015 5.5000000000000009 115.2857131958008 64.745858732170532 -0.8783796973249266 396.50000000000006 8.5000000000000018 5.5000000000000009 7.7166664600372323 7.4833333492279062 2.5000000000000004 1.0000000180025095e-35 1.0000000180025095e-35 4.1833331584930429 11.500000000000002 267.26188659667974 0.80164620280265819 19.500000000000004 45.358435227972414 1.0000000180025095e-35 684.49328613281261 11.500000000000002 1.5000000000000002 1.3262772688851634 0.68301270189221941 -0.22252093395631442 2.5000000000000004 3.5000000000000004 -0.9159756150367534 5.5000000000000009 0.55140192176126079 -0.5 281.21427917480474 417.50000000000006 1318.5000000000002 0.052813902152266244 41.32358243625081 0.61548499474119633 2.2200320959091191 1.5000000000000002 2.5000000000000004 31.035714149475101 5.5000000000000009 -0.6830127018922193
decision_type=2 2 2 2 2 2 2 2 2 2 2 2 2 2 2 2 2 2 2 2 2 2 2 2 2 2 2 2 2 2 2 2 2 2 2 2 2 2 2 2 2 2 2 2 2 2 2 2 2 2 2 2 2 2 2 2 2 2 2 2 2 2
left_child=2 6 4 29 41 53 34 10 19 -10 11 12 13 -5 22 -16 20 18 -18 24 23 -22 -13 -12 36 -11 27 -21 40 30 -3 32 54 49 -2 -26 -9 -14 -28 47 -7 -1 -43 44 45 -44 -32 56 -49 50 -33 -51 -27 -4 -31 -36 59 -58 -59 -8 -55 -35
right_child=1 3 5 7 -6 28 39 8 9 25 16 14 37 -15 15 -17 17 -19 -20 26 21 -23 -24 -25 35 52 38 -29 -30 31 46 33 -34 61 55 -37 -38 -39 -40 -41 -42 42 43 -45 -46 -47 -48 48 -50 51 -52 -53 -54 60 -56 -57 57 58 -60 -61 -62 -63
leaf_value=-0.054152202546257813 -0.019252953286908792 -0.0096483067170059413 -0.037777044716972651 0.0086010373761211244 -0.040232112614337442 -0.043042688293706111 -0.0083572504745931062 0.0011379652302498549 -0.040169934816667037 -0.0093722130761193373 0.012105820555051796 0.01056468623948404 -0.00085186344408417895 0.018776243315083922 0.00062872939119746805 -0.01269303445851163 0.015747758239376151 -0.039064833222190204 -0.0040740100603739214 0.023709380511978188 0.0054515269497858619 0.010087890510924159 0.0031383882665099432 0.001979758713900021 0.0024344500451961874 0.032372361937033231 0.0099689901144658418 0.12221195596588166 -0.022659658918096293 0.00040134063896370706 0.077368658055594175 0.0060977301843503058 -0.011459946542954584 0.028307345851777178 -0.011103476142982198 -0.010222347835203885 0.0081270366728739343 0.014744227990181012 -0.055549806184393681 -0.019392672294140659 0.014866724643812787 -0.053915809675606136 -0.052251701571211742 -0.050497034842182147 -0.055540556714340432 0.13436653033432361 0.032783406580752177 -0.0054539620159032368 0.019507776430179192 0.0017741934560052686 0.27373621413103905 0.036642722608321375 0.13328981734269515 -0.035226397830779015 0.06375989289858959 0.010182455773002839 -0.023579596834227241 0.025537758383142123 -0.0020788576089319655 0.23933836945737502 -0.019903714553249713 -0.02915693422516108
leaf_weight=1165006.5383428037 188138.30875372887 17928.502711594105 95651.434367805719 517994.26201140881 193630.00940001011 2523.4198318123817 275019.50720337033 310951.36733549833 40476.625052809715 16231.0296266675 1620690.4807301164 324483.26913207769 317021.80292510986 612163.95341897011 730281.51363062859 141228.98042070866 139029.75042510033 37345.036281347275 135232.43092644215 49882.961481869221 1734926.743060112 1453611.2379970551 1553701.0929231644 135837.4610042572 105296.49994730949 5319.8183170557022 158520.00867199898 1345.0286726951599 18973.408776134253 847934.94637453556 4731.9792573451996 589098.0042309761 78834.066038012505 1569.5228118896484 51791.883221149445 102380.84731984138 373453.12455564737 37755.780640363693 1835.8477344512939 36980.750406265259 22002.455304503441 15947.388732194901 396.99797196686268 2619.3009480535984 703.6592076420784 2088.4495811760426 14782.843784034252 40775.416732877493 28715.962128937244 810144.41503059864 139.09017944335938 5427.0545558929443 641.87490773200989 35329.990262523293 1368.5805373191833 15274.346840649843 11920.756489694118 15455.061986804008 96863.831777453423 79.930383086204529 47628.581396892667 12017.600173950195
leaf_count=6748740 426101 9330 423269 20162 858480 5507 319293 40644 5374 3124 60172 14548 15261 12621 30878 4747 1605 2708 4391 6966 17404 5870 76324 2847 5750 466 5931 96 52680 332760 1284 86140 37684 53 85392 13148 15193 1712 17 49819 13917 80526 1580 12643 3610 4110 5252 44865 23458 119132 2 247 38 121384 70 13623 10574 7107 79043 14 160797 458
internal_value=-0.000518756 0.00504796 -0.0484658 0.00586302 -0.0519049 -0.0270922 -0.00891985 0.00669011 0.00334707 -0.0242587 0.00710092 0.00548024 0.0109338 0.0141126 0.00253509 -0.00153007 0.00840649 0.000576297 0.00597408 0.00491461 0.0088999 0.00756518 0.00442139 0.0113227 0.00291306 0.00476124 0.0133535 0.026296 -0.00486091 0.00216548 0.0181012 0.00191119 -0.000512691 0.00349728 -0.0158373 -0.00380508 0.00495164 0.000807878 0.00921883 -0.00542966 0.00890818 -0.0538094 -0.0354529 0.0152376 0.0692288 0.104555 0.0435951 -0.00432826 0.00486093 0.00374891 0.00616096 0.00200623 0.0432407 -0.0325065 0.000503451 -0.00625552 -0.00592734 -0.000706417 0.00172116 -0.00828518 -0.0264294 -0.0225184
internal_weight=1.54051e+07 1.38026e+07 1.6025e+06 1.30416e+07 1.38039e+06 222109 761016 1.06576e+07 1.16634e+06 62669.3 9.4913e+06 4.23463e+06 1.48494e+06 1.13016e+06 2.74969e+06 871510 5.25667e+06 311607 274262 1.10367e+06 4.94507e+06 3.18854e+06 1.87818e+06 1.75653e+06 892082 22192.7 211584 51228 43499.3 2.38398e+06 37443.3 2.34653e+06 928138 1.4184e+06 255205 207677 684404 354778 160356 505811 24525.9 1.18676e+06 21755.8 5808.41 3189.11 2485.45 19514.8 468830 69491.4 1.40481e+06 589237 815571 5961.69 178610 849304 67066.2 399339 124240 112319 275099 82958.6 13587.1
internal_count=10506941 2019698 8487243 960409 7709689 777554 1059289 367997 96747 9002 271250 176253 49756 32783 126497 35625 94997 8704 5996 87745 86293 23274 90872 63019 74735 3628 13010 7062 72104 592412 15866 576546 370514 206032 525116 18898 55837 16973 5948 534173 19424 6851209 102469 21943 9300 5690 6536 484354 68323 205521 86142 119379 504 705450 332830 99015 416031 96724 86150 319307 282181 511
is_linear=0
shrinkage=0.05


Tree=49
num_leaves=63
num_cat=0
split_feature=16 16 24 17 16 18 18 16 20 1 15 12 15 3 18 18 4 9 19 20 4 20 18 24 28 0 7 17 21 28 4 4 3 16 0 4 0 18 0 12 4 1 23 24 9 18 18 15 17 3 3 4 4 24 13 23 3 4 20 24 16 12
split_gain=1.54753e+06 61473.6 43040.2 15197.4 11609.5 10573.7 8547.6 6442.17 5766.56 5661.12 7884.77 5634.27 4928.94 4557.15 4059.53 7709.93 4205.25 4028.02 5403.95 6307.79 5100.53 3986.75 3959.81 3839.98 4421.35 3731.68 7580.78 4749.72 3634.08 3583.93 8157.15 3706.21 4004.15 3579.83 3538.94 3404.5 3882.5 3329.11 6865.55 4910.96 4244.72 4104.48 3190.3 6156.61 3540.33 3075.88 3963.86 3024.57 3003.29 4960.81 7070.95 7260.23 5070.77 2926.72 2909.72 2641.8 2821.5 2591.49 2578.33 3117.75 2363.88 2810.44
threshold=0.11527314942413537 0.97012440450531112 1.0000000180025095e-35 4.8757316192246076 0.020251192870381327 1.0000000180025095e-35 1.0000000180025095e-35 0.28926230944454184 79.500000000000014 411.50000000000006 17009.000000000004 0.6830127018922193 17570.000000000004 6.5000000000000009 2.5000000000000004 232.50000000000003 1.0000000180025095e-35 1.0000000180025095e-35 1.0000000180025095e-35 2503.5000000000005 5.5000000000000009 18.500000000000004 3228.0000000000005 6.4642856121063241 169.07025909423831 18.500000000000004 1.0000000180025095e-35 64.745858732170532 3156.0000000000005 1.0000000180025095e-35 1.0000000180025095e-35 5.5000000000000009 1.5000000000000002 0.01268767237956236 7.5000000000000009 5.5000000000000009 16.500000000000004 1.5000000000000002 7.5000000000000009 0.25000000000000017 5.5000000000000009 1289.5000000000002 11.785714149475099 10.321428298950197 0.87837969732492682 174.00000000000003 479.50000000000006 17656.500000000004 1.3262772688851634 2.5000000000000004 1.5000000000000002 3.5000000000000004 4.5000000000000009 32.321428298950202 -0.98296291314453399 0.35714286565780645 5.5000000000000009 1.5000000000000002 71.500000000000014 13.321428298950197 21.099515123034866 0.25000000000000017
decision_type=2 2 2 2 2 2 2 2 2 2 2 2 2 2 2 2 2 2 2 2 2 2 2 2 2 2 2 2 2 2 2 2 2 2 2 2 2 2 2 2 2 2 2 2 2 2 2 2 2 2 2 2 2 2 2 2 2 2 2 2 2 2
left_child=2 6 4 21 48 55 7 -2 9 28 11 54 -7 47 17 -16 22 18 19 -10 -20 29 -17 24 -19 27 -27 -12 42 30 -3 -32 -33 -14 -13 58 -37 39 40 41 -39 -31 44 -44 -5 -23 60 -8 -1 50 -50 -52 -53 -25 -11 56 -4 -18 -9 -60 61 -47
right_child=1 3 5 8 -6 12 13 35 14 10 25 34 33 -15 15 16 57 23 20 -21 -22 45 -24 53 -26 26 -28 -29 -30 37 31 32 -34 -35 -36 36 -38 38 -40 -41 -42 -43 43 -45 -46 46 -48 -49 49 -51 51 52 -54 -55 -56 -57 -58 -59 59 -61 -62 -63
leaf_value=-0.054110011371401562 -0.019827238124719176 0.058514009165853531 -0.042440007432563771 0.0019457809049004578 -0.04023435811104592 -0.014946868679932713 0.0077398954006840217 -0.010657048929555029 0.0096252285135503424 0.01320026222138841 0.0068824769305642717 0.012668704912793781 0.10536104293413773 -0.0099215839930420907 0.0014111869706436714 -0.0039210247773672621 0.014951723940283164 -0.0066639415374158094 0.013235747546753463 -0.017794366108099906 0.026409667161522349 0.0064912971492010543 0.029634494938341773 -0.0045867077514493973 0.16951854843482358 0.0049983915550962203 -0.019480522920519047 0.011017898753291656 -0.051888873418618545 0.00077886037001708396 -0.007401677081030596 0.066601928518065817 -0.00068720441121728187 0.015037953622789271 -0.0062179113445326901 -0.0064442865615651039 0.019566217246164461 0.01882868628935417 0.0014102365539202237 -0.0037824086750664191 -0.013166225387546327 0.010438168140373016 0.022430100954052332 0.0041278987816064363 -0.0089487812330353682 0.039538907159972929 -0.037951517773848809 0.040847025877071938 -0.054013587171733414 -0.05390002383933068 -0.053284459396833295 0.17485910169380239 0.035381842929059493 0.0076585599328943561 0.0033480480675800841 -0.017570293502371551 -0.028283437095149674 0.0085061683847536505 -0.011330987220900366 0.28200094451874919 0.021181897172200814 0.11729996154322359
leaf_weight=1104142.9415477365 182233.07055670023 8834.7458647489548 67713.513801306486 576736.87062913179 184837.20011729002 24942.636137545109 56212.693631708622 349242.33511832356 477121.40741825104 85567.727241158485 3037654.3498045206 27862.580711841583 1232.5240423679352 38730.064593851566 530523.43180060387 94025.614277839661 195528.87914657593 659.01234877109528 348412.29360425472 21938.930358886719 93108.391031503677 263426.20249134302 9698.7608337402344 53432.166598081589 774.46150493621826 623362.23000311852 33318.148504972458 900074.55340909958 2978.2818183898926 931853.78589397669 21332.130816698074 4184.6524292826653 4686.8175860643387 9972.8715038001537 225860.73834580183 44916.468286335468 21079.698309570551 99580.127620875835 389688.06472980976 587877.77110421658 11570.652903437614 124694.71639019251 47618.802594661713 1310282.2100030184 85643.145940959454 3070.6083474159241 1723.0195779800415 7863.6862988471985 3667.2414065152407 12944.854998514056 1361.8342554420233 1041.6463107913733 1740.6442736387253 562324.62937831879 603511.89671218395 25423.809456884861 73305.112520709634 770341.86960506439 198.82323306798935 166.24072217941284 5434.8112573623657 1869.6992616653442
leaf_count=6716009 444680 2970 288898 48708 864461 74865 58613 433583 10744 2629 117749 687 1822 50029 10196 805 983 39 4097 110 1462 37582 19 2983 12 49993 4990 7601 21 278747 12185 1060 1878 5326 14081 53783 22723 15748 81122 183988 1834 32399 3635 35279 8006 153 50 1837 17805 70449 6429 1531 4941 8143 33735 67167 300622 4588 127 27 152 51
internal_value=-0.000500696 0.0047329 -0.0485301 0.00550019 -0.0518476 -0.0270831 -0.00969879 -0.0119889 0.00631361 0.00556408 0.00639112 0.00222603 -0.0025717 0.00361873 0.0081081 0.00633926 0.00878361 0.00992502 0.0119846 0.00841984 0.0160139 0.00195582 -0.000783338 0.00678628 0.0885237 0.00724582 0.00375639 0.00782774 0.00330065 0.00124091 0.0162546 0.00389315 0.0310528 0.0249742 -0.00414386 -0.008552 0.00186362 0.000967691 0.00453674 -0.000119321 0.015498 0.00191887 0.00338201 0.00476972 0.000537148 0.00762348 0.0322751 0.0118031 -0.0537558 -0.0349118 -0.00344386 0.0413056 0.0876062 0.00659597 0.00457147 -0.0324064 -0.0350811 0.009811 -0.0105182 0.122272 0.0439385 0.068971
internal_weight=1.53912e+07 1.38788e+07 1.51233e+06 1.31782e+07 1.30974e+06 202590 700643 597837 1.07184e+07 7.56047e+06 5.53721e+06 942803 36148 102806 3.15789e+06 1.60012e+06 1.0696e+06 1.55777e+06 940581 499060 441521 2.45983e+06 103724 617190 1433.47 4.59441e+06 656680 3.93773e+06 2.02326e+06 2.1843e+06 39038.3 30203.6 8871.47 11205.4 253723 415604 65996.2 2.14527e+06 500839 1.64443e+06 111151 1.05655e+06 2.02028e+06 1.3579e+06 662380 275524 12098.1 64076.4 1.1249e+06 20756.2 7811.37 4144.12 2782.29 615757 689080 166442 141019 965871 349607 365.064 10375.1 4940.31
internal_count=10506941 2086616 8420325 1021214 7681625 738700 1065402 954923 371295 327114 231465 51132 82013 110479 44181 16591 6395 27590 16413 10854 5559 649919 824 11177 51 180333 54983 125350 95649 611931 18093 15123 2938 7148 14768 510243 76506 593838 98704 495134 17582 311146 95628 38914 56714 37988 406 60450 6817164 101155 30706 12901 6472 11126 36364 656687 589520 5571 433737 154 356 204
is_linear=0
shrinkage=0.05


Tree=50
num_leaves=63
num_cat=0
split_feature=28 17 17 28 12 9 3 17 17 4 15 28 13 0 7 4 13 14 7 0 7 25 0 0 15 9 15 12 15 21 11 10 13 15 0 7 0 4 11 20 14 3 3 14 28 15 25 7 14 4 4 15 3 17 27 14 0 14 25 1 14 4
split_gain=1.29186e+06 96606.6 53320 28941 21181.7 17913.9 13863 11280.8 10755.5 7930.88 7046.58 7015.07 5694.4 5417.87 10627.1 4563.61 4096.83 3911.67 21364.1 20043.1 17182.8 16125 9755.46 8061.62 6051.01 4711.06 4062.73 4346.77 3868.5 3659.95 3643.91 8389.97 4589.04 3517.73 3400.49 11647.8 10212.3 4284.03 4325.04 4587.48 4136.02 17766.8 11940.9 8486.34 7965.83 5029.51 4674.52 11404.7 6086.43 5416.45 3655.73 3572.68 3419.92 3367.13 4357.88 3833.33 3320.76 3316.56 3277.67 3267.84 3130.48 2992.03
threshold=0.50571158528327953 0.18869032583551232 0.68631390432944506 1.0000000180025095e-35 0.25000000000000017 1.0000000180025095e-35 11.500000000000002 17.795505150693206 0.10485287214929674 1.5000000000000002 17609.500000000004 1.0000000180025095e-35 -0.9159756150367534 18.500000000000004 1.0000000180025095e-35 5.5000000000000009 0.78656609248549325 -0.5 1.0000000180025095e-35 13.500000000000002 1.0000000180025095e-35 19.483333587646488 17.500000000000004 13.500000000000002 17230.500000000004 -0.8783796973249266 17599.000000000004 -0.24999999999999994 13752.000000000002 1.0000000180025095e-35 0.68301270189221941 1.0000000180025095e-35 -0.70710678118654735 15990.500000000002 18.500000000000004 1.0000000180025095e-35 20.500000000000004 5.5000000000000009 0.68301270189221941 944.00000000000011 -0.5 3.5000000000000004 1.5000000000000002 -0.78656609248549325 433.42898559570318 17138.000000000004 67.599998474121108 1.0000000180025095e-35 -0.37940952255126015 3.5000000000000004 5.5000000000000009 17664.500000000004 8.5000000000000018 64.745858732170532 45.91789627075196 -0.12940952255126037 19.500000000000004 0.25881904510252057 236.56666564941409 1213.5000000000002 0.60355339059327384 5.5000000000000009
decision_type=2 2 2 2 2 2 2 2 2 2 2 2 2 2 2 2 2 2 2 2 2 2 2 2 2 2 2 2 2 2 2 2 2 2 2 2 2 2 2 2 2 2 2 2 2 2 2 2 2 2 2 2 2 2 2 2 2 2 2 2 2 2
left_child=1 3 8 -1 9 6 10 13 -2 12 29 -11 -3 17 15 -15 -10 18 23 -20 26 -21 24 25 -22 -4 27 -19 -5 57 32 -32 -12 -25 40 37 -37 52 51 -40 41 42 -9 -44 45 -43 47 49 -49 -42 -38 -39 -36 55 -55 -48 -54 -6 -28 -46 -14 -18
right_child=2 4 7 28 5 -7 -8 34 16 11 30 -13 60 14 -16 -17 61 20 19 21 22 -23 -24 33 -26 -27 58 -29 -30 -31 31 -33 -34 -35 35 36 50 38 39 -41 46 44 43 -45 59 -47 53 48 -50 -51 -52 -53 56 54 -56 -57 -58 -59 -60 -61 -62 -63
leaf_value=-0.052282762689520618 -0.019285221765579345 0.02238747703083787 0.010987394771827369 -0.04111257975465394 0.0067393185703137019 -0.030241423360887029 -0.039515486601790759 0.00092948601775685175 -0.0074059307325429133 -0.047123706665321487 0.043326456011639002 -0.016702437369802422 -0.012570110535368384 -0.0022087898920081887 -0.029887120818825604 0.011695718145269709 0.0035514709454208893 0.0068950153707514608 0.00046309758159443026 0.046411979279669557 0.011048366078787973 0.014624162866568022 -0.041841219917832649 -0.015081786419457371 -0.011818679086779676 0.0017945277093648522 0.008418854688942233 -0.0012244003199310379 -0.028414554686108481 0.10369970785786885 0.11680223861455873 -0.023652743143363356 0.0082920861270915948 -0.0025341232586442732 0.0051367848587051844 -0.039615731377255492 -0.0066016530216906266 0.016217777346093278 0.023237224934567133 0.11276466575152487 0.0097581576697313415 -0.0020112629070392091 0.0077236414357415798 0.017907278675486856 -0.02179692427408976 0.0048250940595119425 0.0073116059692053094 0.066015735828208799 -0.021258638594373123 0.021784155702076525 0.040633472733400532 -0.00041756660059071932 0.003837081580699129 0.035957392697140628 0.0087607506671433574 0.0023470806312247739 -0.010406579785632716 -0.020550388140716511 -0.004767740632662938 -0.0043767979612366953 -0.040936256139333937 -0.012367627873654847
leaf_weight=1056681.2540020198 159112.73614192009 8403.3690708428621 162646.61127348244 98853.4194945544 38806.316178232431 50202.893906325102 14798.259380966425 246432.29342806339 489601.93950819969 75136.602746039629 15616.369289711118 25342.823889657855 27338.526395097375 328806.64518044889 31472.404926031828 71918.821443989873 177427.98399719596 373317.99572509527 141417.22031313181 61426.148762077093 39970.721554383636 113817.8705842495 21171.040330439806 60669.508985340595 104732.84056314826 973671.1532997191 1458960.1943761557 295167.58735765517 152547.3002153784 846.11147285997868 3113.6515166610479 1614.4002853929996 23283.619303658605 704168.64409011602 552229.87207728624 28270.23904979229 14007.669251769781 62970.736086934805 37908.905500203371 1486.9492588043213 198226.57076454163 331020.01581645012 363133.94103562832 468532.84833419323 34332.071119308472 1436839.0781083107 1387881.1989078522 2138.9187488555908 30231.860597342253 177445.52551525831 5788.9532319307327 66210.382503002882 84141.285098075867 14865.211388587952 1612588.8991451263 540168.47910404205 79660.149523675442 15612.588855862617 48696.100639343262 124726.13919830322 15098.463217228651 35406.898638337851
leaf_count=6607716 363348 14722 29482 474762 67499 147222 58848 7043 517771 307125 5353 59564 70741 124521 26445 21113 108565 45206 25495 12956 3942 3757 6011 22786 17020 171544 116769 36948 579395 907 4754 4462 23499 111661 32318 2663 3228 3025 1713 10 4813 13386 8635 5583 499 38533 13514 33 1590 4374 568 2809 2663 155 6917 6736 7733 63296 584 1030 64897 16684
internal_value=-0.000482809 -0.0426674 0.00449567 -0.0486551 -0.0178195 -0.00536533 0.00561922 0.0053004 -0.00754717 -0.0313086 0.0123732 -0.039451 -0.0152161 0.00343973 -0.00191057 0.000286664 -0.00488831 0.00394686 0.00244195 0.0144663 0.00537195 0.0257664 -0.0101403 0.000439144 -0.00550219 0.00311035 0.00655437 0.00330991 -0.0334076 0.000514499 0.0273949 0.0688431 0.0223568 -0.00352945 0.00647597 0.00364066 -0.0203299 0.00494315 0.0121143 0.0266167 0.00685545 0.00545648 0.0105964 0.0134608 0.00258074 0.00354503 0.0079161 0.0129848 -0.0154916 0.0154386 0.00721078 0.00769148 0.00325482 0.0073344 0.00900917 0.00592073 -0.00308989 -0.00108993 0.00799293 -0.0081369 -0.0226626 0.000903165
internal_weight=1.53781e+07 1.6233e+06 1.37548e+07 1.30808e+06 315214 163894 113691 1.28933e+07 861550 151320 98893.1 100479 50840.4 4.99203e+06 432198 400725 702437 4.55983e+06 2.21782e+06 316661 2.34202e+06 175244 165875 1.90116e+06 144704 1.13632e+06 2.17614e+06 668486 251401 55265 43628 4728.05 38900 764838 7.90124e+06 932675 48066.9 884608 168577 39395.9 6.96856e+06 3.00502e+06 1.0781e+06 831667 1.92692e+06 1.76786e+06 3.96355e+06 408043 32370.8 375672 19796.6 129181 716031 3.5555e+06 1.62745e+06 1.92805e+06 163801 54418.9 1.50766e+06 159058 42437 212835
internal_count=10506941 8554762 1952179 7661873 892889 375840 228618 945811 1006368 517049 169770 366689 150360 776240 172079 145634 643020 604161 377681 42208 226480 16713 26973 335473 20962 201026 199507 82154 1054157 131702 38068 9216 28852 134447 169571 56730 6459 50271 7557 1723 112841 74709 21261 14218 53448 51919 38132 10810 1623 9187 3796 5834 42714 27322 7072 20250 10396 130795 117353 1529 135638 125249
is_linear=0
shrinkage=0.05


Tree=51
num_leaves=63
num_cat=0
split_feature=16 16 24 17 16 18 18 11 20 9 15 15 24 0 7 0 14 7 7 2 18 16 11 18 18 11 20 25 10 9 19 23 19 25 10 18 24 18 0 12 17 11 10 12 9 24 27 18 26 26 27 21 24 23 11 13 10 18 26 9 25 12
split_gain=1.37561e+06 50817.4 43107.5 12893.5 12151.7 9898.26 7660.34 6136.12 4764.29 4408.72 4322.18 4278.04 4619.27 4039.6 10286.8 6510.53 5060.23 11163.7 4980.54 4325.72 4038.94 3875.76 3783.6 3691.83 6616.2 4387.6 3520.31 3829.57 8508.3 3517.33 5042.35 3428.47 3389.39 3979.54 3285.84 3408.83 3233.52 3067.96 6649.31 4376.34 3052.2 8145.22 7754.83 5635.88 3827.22 2884.56 2754.13 3671.68 3536.98 2676.93 2893.71 2673.21 2657.28 2540.87 2824.92 2539.82 2537.46 3406.25 3106.98 2326.72 2323.12 2280.49
threshold=0.11161905358996331 0.88084100232437834 1.0000000180025095e-35 4.8757316192246076 0.020251192870381327 1.0000000180025095e-35 1.0000000180025095e-35 -0.5 79.500000000000014 0.87837969732492682 17602.500000000004 17666.500000000004 80.892856597900405 18.500000000000004 1.0000000180025095e-35 20.500000000000004 -0.5 1.0000000180025095e-35 1.0000000180025095e-35 2024.5000000000002 98.500000000000014 0.27733854166666672 1.0000000180025095e-35 2.5000000000000004 302.50000000000006 -0.93301270189221919 18.500000000000004 1.0000000180025095e-35 -1.0000000180025095e-35 1.0000000180025095e-35 1.0000000180025095e-35 25.642856597900394 1.0000000180025095e-35 5.616666555404664 0.81174490092936691 3228.0000000000005 6.4642856121063241 1.0000000180025095e-35 7.5000000000000009 0.25000000000000017 0.87735797138260951 0.68301270189221941 -0.22252093395631442 0.25000000000000017 1.0000000180025095e-35 385.25000000000006 248.52829742431643 174.00000000000003 255.88520050048831 350.18302917480474 534.92489624023449 1840.5000000000002 202.92857360839847 0.35714286565780645 0.25000000000000011 -0.9159756150367534 1.0000000180025095e-35 1390.5000000000002 68.792995452880874 -0.8783796973249266 87.283336639404311 -0.9330127018922193
decision_type=2 2 2 2 2 2 2 2 2 2 2 2 2 2 2 2 2 2 2 2 2 2 2 2 2 2 2 2 2 2 2 2 2 2 2 2 2 2 2 2 2 2 2 2 2 2 2 2 2 2 2 2 2 2 2 2 2 2 2 2 2 2
left_child=2 6 4 26 40 53 7 32 11 21 -7 13 20 16 19 -16 17 -5 -18 -15 51 -9 -8 25 61 49 27 28 -3 30 -27 -22 33 -2 45 -36 -31 39 52 60 -1 -42 43 -43 -45 -26 47 48 -28 50 -10 -13 -39 54 -4 -30 58 -58 -14 -35 -29 -25
right_child=1 3 5 8 -6 10 22 9 23 -11 -12 12 56 14 15 -17 18 -19 -20 -21 31 -23 -24 24 34 29 46 37 55 36 -32 -33 -34 59 35 -37 -38 38 -40 -41 41 42 -44 44 -46 -47 -48 -49 -50 -51 -52 -53 -54 -55 -56 -57 57 -59 -60 -61 -62 -63
leaf_value=-0.054036691428499956 0.00082205262338830298 -0.0081471360642245885 -0.026969282698983962 0.0016268417467334949 -0.039137417517663552 -0.012122976555026395 -0.0094068159312811501 -0.020173172370773727 -0.0032919713349790639 -0.02744871254170908 0.028192616079981289 0.0081877846381997015 -0.0033578293938499302 -0.0061523827993824288 -0.041190812446200972 0.0026686177575442871 0.0068526747298799486 0.011902051924773401 -0.0030800313783225829 0.0040796754897858027 0.04184269537163425 -0.0090978257652815347 0.011264877399515122 -0.0067762770346521317 0.012753995660244761 0.0079011206798267532 0.0060621613642128603 0.0018036456003778893 0.065753607021898836 0.079678524451858787 0.015279897961644541 0.014647671097582242 -0.021379491840848208 0.32254561291590494 -0.004054421954599801 0.026866337767606243 0.0062888367608598048 0.015410816999544597 0.0010337873798544363 -0.0037745683603844192 -0.053978599501257711 -0.055410202243390771 -0.049635637401316053 0.1014691779482368 -0.051360948651527932 0.0068731630408860704 -0.032039065938133923 0.03515874576476747 0.1077692262103825 -0.026562280453834922 0.054493815444765385 -0.03650147722352489 -0.051390158521476215 -0.016271047431129265 -0.041685408195787241 0.027079463723269893 0.0033826300127473051 -0.010398896896116018 0.0077645237443083152 0.069817460221721139 -0.022359831318824571 0.0027163260487678195
leaf_weight=996446.59101988375 106919.53578597307 19856.766534864902 68325.079223111272 1941143.9134187102 169933.21850067377 25671.13340459764 35049.645062565804 115175.70305079222 28528.500498175621 57676.880219399929 8971.2938215732574 873806.32725632191 69657.972152709961 128262.01394861937 23178.111206054688 13325.345852613449 2316289.5127540231 306016.15664076805 133478.27484500408 530604.39816635847 12708.079733133316 251446.66456744075 60077.268566906452 71111.732835054398 339909.81813812256 492560.27823960781 261954.60710573196 1067215.3623167872 5620.3547753691673 1504.5341784954071 436896.22832322121 131681.71358251572 19239.389816552401 140.69130861759186 83038.360669136047 9985.1684341430664 603609.84571385384 115839.90018868446 404535.87103539705 591449.78137642145 20730.208041936159 987.19159887731075 3529.7865060865879 2943.7040298730135 475.75248342752457 539449.63706588745 4451.1275629997253 11582.900835990906 857.51615333557129 12207.122756958008 2344.4136505126953 3359.0400714874268 1507.9668884277344 23927.515211701393 62394.642028480768 17355.379836559296 458041.29596328735 49700.142593383789 636711.41484546661 258.29358100891113 10040.452410697937 573732.69527733326
leaf_count=6663708 173289 12150 296015 118861 855274 75785 48253 300561 789 104294 4584 37976 1022 15288 4367 2988 59505 11026 6068 56536 435 332203 58551 1313 2863 10533 37987 327739 1603 51 5360 3502 28396 20 634 19 10772 19870 89664 191602 120022 5892 19389 5852 2301 1534 145 385 25 71 21 49 44 65022 284831 6937 5460 221 6564 104 388 10228
internal_value=-0.000465629 0.00424193 -0.0480095 0.00490539 -0.0515211 -0.02584 -0.00945405 -0.0117167 0.00565446 -0.0145988 -0.00168232 0.00497553 0.00681449 0.00421309 0.000656345 -0.0251801 0.00473966 0.00302611 0.00631148 0.00208778 0.00929221 -0.0125772 0.00364831 0.00727543 0.00559668 0.00899629 0.00167842 0.00101708 0.0158236 0.00943809 0.0113696 0.0170412 -0.00205416 0.00141034 0.00820102 -0.000735301 0.00647133 0.000727564 0.0040735 -0.000318867 -0.0535739 -0.0374878 0.00558631 0.0498211 0.0802034 0.00914636 0.00697543 0.00760834 0.00639408 -0.00674105 0.00109614 0.00801664 0.0145523 -0.0312515 -0.0339936 0.0365404 0.00472973 0.00203362 0.0066677 0.159006 0.00157843 0.0016695
internal_weight=1.53654e+07 1.39811e+07 1.38434e+06 1.33351e+07 1.19505e+06 189290 645984 550857 1.08228e+07 424299 34642.4 7.62796e+06 2.23567e+06 5.3923e+06 695370 36503.5 4.69693e+06 2.24716e+06 2.44977e+06 658866 1.02156e+06 366622 95126.9 3.19488e+06 1.61723e+06 1.57765e+06 2.51227e+06 2.23342e+06 42832.5 1.53457e+06 929457 144390 126558 107319 972383 93023.5 605114 2.19059e+06 521884 1.66871e+06 1.02511e+06 28666.6 7936.43 4406.65 3419.46 879359 278846 274395 262812 43080 30872.9 877165 117348 154647 130720 22975.7 1.21411e+06 507741 706369 398.985 1.07726e+06 644844
internal_count=10506941 2108266 8398675 1062595 7672438 726237 1045671 938867 374056 737058 80369 329868 55229 274639 79179 7355 195460 129887 65573 71824 41962 632764 106804 44188 16591 27597 688539 649997 20690 26716 15893 3937 201809 173413 5050 653 10823 629307 109578 519729 6817164 153456 33434 14045 8153 4397 38542 38397 38012 881 810 38025 19914 645868 580846 8540 13267 5681 7586 124 328127 11541
is_linear=0
shrinkage=0.05


Tree=52
num_leaves=63
num_cat=0
split_feature=25 17 17 25 12 9 3 17 17 10 13 0 15 25 15 15 0 11 13 22 9 20 17 9 20 11 10 10 1 25 6 23 20 11 5 25 22 26 22 26 26 12 15 14 15 14 11 11 10 13 15 26 27 11 24 25 22 11 0 24 23 10
split_gain=1.11886e+06 102471 50625.6 25877.3 20237.3 15953.3 12117.1 10576.2 9607.29 7785.7 6102.94 5555.78 5494.72 4828.4 4026.74 3968.58 4517.05 6211.59 3867.81 3697.44 6729.8 3935.25 3819.95 3597.56 3597.19 3596.76 7204.73 5520.73 3587.84 4683.02 3713.82 3319.92 5810.04 4820.21 7671.75 4194.75 3489.92 5420.49 3453.93 3314.99 3352.85 3299.19 4475.41 3295.38 3285.09 3385.31 3234.93 3151.48 6366.87 3739.22 3002.13 2832.78 2822.85 3113.21 2735.32 2611.38 3704.16 2610.07 2602.05 3015.41 2686.61 2441.38
threshold=0.11666667088866235 0.18869032583551232 0.61548499474119633 1.0000000180025095e-35 0.25000000000000017 1.0000000180025095e-35 11.500000000000002 0.11528486094593052 11.156411012650876 -1.0000000180025095e-35 -0.9159756150367534 19.500000000000004 17609.500000000004 1.0000000180025095e-35 13074.000000000002 17670.500000000004 7.5000000000000009 0.93301270189221952 0.78656609248549325 3000.5000000000005 1.0000000180025095e-35 2744.0000000000005 45.358435227972414 -0.8783796973249266 118.50000000000001 0.68301270189221941 1.0000000180025095e-35 1.0000000180025095e-35 1124.5000000000002 280.64999389648443 1.0000000180025095e-35 99.642856597900405 1316.5000000000002 -0.6830127018922193 1.0000000180025095e-35 520.78332519531261 618.00000000000011 111.7633514404297 590.50000000000011 684.49328613281261 461.09275817871099 0.6830127018922193 16556.000000000004 -0.37940952255126015 15278.500000000002 0.25881904510252057 0.93301270189221952 0.68301270189221941 1.0000000180025095e-35 -0.70710678118654735 16617.000000000004 208.25608062744143 1.0000000180025095e-35 -0.6830127018922193 202.92857360839847 87.283336639404311 747.00000000000011 -0.5 8.5000000000000018 54.750000000000007 477.28572082519537 -0.22252093395631442
decision_type=2 2 2 2 2 2 2 2 2 2 2 2 2 2 2 2 2 2 2 2 2 2 2 2 2 2 2 2 2 2 2 2 2 2 2 2 2 2 2 2 2 2 2 2 2 2 2 2 2 2 2 2 2 2 2 2 2 2 2 2 2 2
left_child=1 3 7 44 9 6 12 57 11 13 50 24 25 -3 -5 16 17 28 -9 21 -21 22 -18 -23 41 27 -27 -6 30 -30 -10 32 36 34 61 54 38 -38 -17 40 -26 55 51 -44 -1 -46 -20 49 -49 -14 -11 -43 53 -7 -34 56 -4 -2 60 -60 -35 -33
right_child=2 4 8 14 5 52 -8 18 15 10 -12 -13 47 -15 -16 31 19 -19 46 20 -22 23 -24 -25 39 26 -28 -29 29 -31 -32 33 35 58 -36 -37 37 -39 -40 -41 -42 42 43 -45 45 -47 -48 48 -50 -51 -52 -53 -54 -55 -56 -57 -58 -59 59 -61 -62 -63
leaf_value=-0.053439389893728234 -0.0091027995481693571 -0.048967074946168893 0.0037944221970286351 -0.042069595436817112 -0.023126252420316708 -0.0017589410381486461 -0.036914393244873993 -0.0076170762256643643 0.014776151248956607 0.051902013378822998 -0.024718915005866485 -0.0064116145061345678 0.039293420671604552 -0.019541294765305629 -0.027673702546754345 0.011842126831051016 0.0037325409245543002 -0.012170024908384196 0.0031630365966384558 -0.0033962830980394433 0.080499539979611914 -0.05555324204276707 0.0060265756139880142 -0.006025616388834228 0.0096197673717865473 0.059638173594971769 -0.018503330344235406 0.012943637138571657 0.0064377721196506579 -0.030908651151020868 -0.0084731128985945665 0.013038453849307869 0.10727752382853036 0.029367366307244232 -0.026669941413692756 0.0066749863048647818 -0.020648231884558828 0.032453132641648758 0.095402673850742484 0.13002514049532524 -0.050359201254221789 -0.0058539651678186366 -0.0011773980714546804 0.0055667525152296483 -0.038389867773882397 -0.051544068303648244 -0.018491099458921037 0.10041868934345394 -0.019665136493004151 0.0080557973955787815 -0.0018975663810482579 -0.038243544523743664 0.0029456509123945832 -0.038520046296621056 0.043883328997401883 -0.0042675667614790243 0.049716419530006918 -0.022096258153880263 0.059283323430177198 0.0052855280806789204 0.010039456035692732 -0.0029633052900080721
leaf_weight=758859.33741220832 53761.340138494968 53049.175342947245 2444482.0873692334 74610.325721412897 21005.853036627173 6883.168126732111 14114.750940009952 428823.50660100579 340479.81184089184 3615.6198922544718 60218.561563849449 163155.98618461192 16193.388773784041 18911.341146275401 139223.06175215542 362752.93414866924 3698110.5359933525 30497.521825581789 169972.87086935341 5110.7502288818359 4490.4057159423828 4562.6770210266113 3563124.3223348856 18667.679481506348 212832.40026664734 6863.7603828310966 5172.7259039133787 21431.396574899554 110255.3297470808 9085.5616264343262 18089.041482686996 40955.940040588379 3003.208683013916 18967.919731140137 26340.370389938354 3927.2362060546875 18818.606854438782 6453.8673191070557 1240.8134498596191 566.86270141601562 2355.6704330444336 167203.39527413249 417544.78505477309 319902.39936722815 81438.081522211432 122484.90061925352 19195.00978153944 3498.2703673094511 1612.5092665553093 23458.569998279214 9167.361595466733 7034.5810880661011 6471.7184499055147 35283.27875199914 3927.2732734680176 102540.15933084488 4399.0777201652527 137511.6022619307 2598.1548042297363 525118.48862457275 345074.2244720459 57023.672378540039
leaf_count=5312471 133394 235997 460666 390157 49585 4821 58624 479303 3660 5169 210190 109838 5389 44441 571795 12092 144956 999 96490 27 15 33 61379 82 10158 18303 18738 44010 3698 79 226 250 23 149 214 16 231 62 12 6 41 38769 82153 47636 469611 826046 15289 4804 4535 23579 18834 254 12284 130141 24 2403 151 337410 52 4316 509 352
internal_value=-0.000448794 -0.0417191 0.00396558 -0.0484308 -0.0159914 -0.00384646 0.00643195 -0.00816986 0.00471752 -0.0295629 -0.0180581 0.00261692 0.0125973 -0.041234 -0.0326967 0.00559297 0.00515099 0.0097078 -0.00498986 0.00483337 0.0358412 0.0047925 0.00485824 -0.0157538 0.00301733 0.00193196 0.0260563 -0.00491036 0.0111039 0.00359448 0.0136033 0.00802802 0.0118858 0.00650884 -0.00271456 0.0479616 0.0108795 -0.00708739 0.012127 0.00928128 0.00896313 0.00262708 4.53577e-05 0.00174819 -0.0519253 -0.0462909 0.00096574 0.0255764 0.0625303 0.0208131 0.0133193 -0.00716169 -0.0278004 -0.0325194 0.071356 0.00354959 0.00387692 -0.0184442 0.00779468 0.0055514 0.0110465 0.00372546
internal_weight=1.53535e+07 1.48357e+06 1.387e+07 1.17662e+06 306951 161989 113351 809264 1.30607e+07 144962 73001.5 3.84202e+06 99236.5 71960.5 213833 9.21868e+06 7.80247e+06 508407 617991 7.29407e+06 9601.16 7.28447e+06 7.26123e+06 23230.4 3.67886e+06 54473.7 12036.5 42437.2 477910 119341 358569 1.4162e+06 400124 1.01608e+06 124320 10857.7 389266 25272.5 363994 215755 215188 3.46311e+06 911685 737447 962782 203923 189168 44762.7 5110.78 39652 12783 174238 48638.2 42166.4 6930.48 2.55142e+06 2.44888e+06 191273 891759 527717 364042 97979.6
internal_count=10506941 8459524 2047417 7570080 889444 374813 227567 1061886 985531 514631 234193 752075 168943 280438 961952 233456 215154 8662 591082 206492 42 206450 206335 115 642237 130636 37041 93595 7663 3777 3886 18302 12460 5842 816 63 12397 293 12104 10205 10199 632032 168812 129789 6608128 1295657 111779 38307 9339 28968 24003 39023 147246 134962 47 463220 460817 470804 5026 4368 658 602
is_linear=0
shrinkage=0.05


Tree=53
num_leaves=63
num_cat=0
split_feature=28 15 28 14 15 28 28 15 13 15 18 25 15 19 18 6 19 18 11 26 14 21 18 1 22 27 28 1 10 15 14 22 21 4 11 11 4 25 4 4 21 27 14 19 13 23 24 6 22 23 19 27 22 4 11 11 11 2 11 26 4 4
split_gain=1.05998e+06 81303.2 36871.6 31770.9 15060.7 12453.2 7759.85 7544.49 7194.88 6707.55 5689.7 4505.98 4444.22 5676.92 5571.74 9499.55 7571.03 7050.27 5352.57 6753.58 6874.59 5553.25 5360.41 5168.82 4452.87 3747.18 3627.05 3556.48 3421.15 3948.32 4409 3248.25 3110.98 2956.3 3388.77 2931.38 4010.48 3032.5 3233.74 2887.58 4424.9 3606.41 3097.86 2841.33 10928.3 7353.01 18456.8 3829.52 5059.82 5166.56 4168.25 6771.05 4239.72 2827.71 2738.49 2719.93 2683.35 4179.49 2627.5 2619.68 2508.5 2483.47
threshold=0.50571158528327953 15446.000000000002 3.4675010442733769 0.25881904510252057 17609.500000000004 1.0000000180025095e-35 14.343907833099367 17602.500000000004 -0.60355339059327362 17655.500000000004 1.0000000180025095e-35 1.0000000180025095e-35 17670.500000000004 27.500000000000004 1.0000000180025095e-35 1.0000000180025095e-35 196.00000000000003 318.50000000000006 -0.24999999999999994 1.0000000180025095e-35 -0.5 2550.0000000000005 40.500000000000007 1357.5000000000002 945.50000000000011 1.0230772495269778 204.36014556884768 1386.5000000000002 1.0000000180025095e-35 16240.000000000002 -0.5 186.50000000000003 6.5000000000000009 4.5000000000000009 0.68301270189221941 0.25000000000000011 2.5000000000000004 0.31666667759418493 3.5000000000000004 2.5000000000000004 18.500000000000004 1.0000000180025095e-35 -0.78656609248549325 554.50000000000011 -0.78656609248549292 600.42855834960949 655.00000000000011 1.0000000180025095e-35 157.50000000000003 2.6428570747375493 347.50000000000006 534.92489624023449 3000.5000000000005 1.0000000180025095e-35 0.68301270189221941 -0.24999999999999994 0.25000000000000011 2024.5000000000002 0.93301270189221952 5.2824881076812753 5.5000000000000009 3.5000000000000004
decision_type=2 2 2 2 2 2 2 2 2 2 2 2 2 2 2 2 2 2 2 2 2 2 2 2 2 2 2 2 2 2 2 2 2 2 2 2 2 2 2 2 2 2 2 2 2 2 2 2 2 2 2 2 2 2 2 2 2 2 2 2 2 2
left_child=1 5 7 4 27 -1 39 25 9 -5 -9 -10 13 18 15 24 -17 -16 19 23 -21 22 -20 -8 -15 32 -19 28 -3 30 -30 53 -2 -34 -35 36 -27 38 -38 -4 59 42 -42 47 45 46 -45 50 49 -49 52 -52 -14 55 -12 -6 57 -55 -44 -41 -36 -58
right_child=2 3 6 8 31 -7 12 10 11 -11 54 -13 43 14 17 16 -18 26 21 20 -22 -23 -24 -25 -26 35 -28 -29 29 -31 -32 -33 33 34 60 -37 37 -39 -40 40 41 -43 58 44 -46 -47 -48 48 -50 -51 51 -53 -54 56 -56 -57 61 -59 -60 -61 -62 -63
leaf_value=-0.052945013882925308 -0.014801065297530176 -0.024402402061676154 -0.0020145779897353224 -0.028408088582519076 0.042318179979797033 -0.036390841778413396 0.01051442770120857 -0.0018477096927756263 -0.047701534447820389 0.036034502217743195 0.0091790170601193134 -0.02838691105026675 0.0078596952157938254 0.0083302488903124246 0.00076802728294304574 0.0077368686372491988 -0.022040314475655187 0.015459967836022792 0.001728531744830019 0.00053546443881493907 0.0067592560810179683 -0.033696335117711987 0.0055769319953641655 0.044024820600563633 0.020596233964341237 -0.010277526791037619 0.0059703031876164464 -0.034577797344269683 -0.016364887506417812 -0.017840766104969825 0.025196742786034024 0.057247404111435612 -0.012893312827103161 0.0073391673719418295 0.12942871187941571 -0.010728238573868997 0.062425693936763983 0.0017198270653144933 0.010105143680480388 -0.0011658170464658843 0.066913183818639602 0.0073462005005465771 0.02952978712036039 -0.0092663265863110467 0.0076376991638642706 -0.03443063269222104 0.12280889818314306 0.087460227914257963 -0.0049900923316917017 0.024943886460472367 0.012257838112103979 0.058437937146510757 -0.018342999023593393 5.4952098794544091e-05 0.039092252611507512 -0.0095085700589763438 -0.012828068763537285 -0.043237280222127514 -0.040495558125891402 0.0048590015901974794 -0.00095479119148029969 0.020673054947094309
leaf_weight=758196.68787789345 259015.02160948515 114466.74644386768 535516.62088261545 44519.554223790765 7807.5497698783875 133634.5424823761 394236.73898357153 173615.57002593577 157665.34589479864 4440.5420294106007 19154.41258521378 37352.349479183555 937009.93971675634 1636839.0212255716 816092.53256225586 39971.788601160049 45811.400357246399 118981.36088085175 3350058.369750917 717898.28093546629 1161602.3592463732 10464.894426345825 1239697.6491411924 11853.269068062305 77493.87852191925 72929.090444386005 655060.36722373962 41970.597601220012 12274.342869773507 67295.957718521357 13290.045685321093 2901.593632042408 4822.1346487104893 2710.4443326592445 1382.0383433401585 159713.0357927531 4394.1656439751387 87479.88541418314 9006.8219616860151 377566.14556229115 5250.6324208974838 36818.726261913776 11699.952089250088 47044.740447998047 366352.18252563477 26512.162071228027 2802.6625671386719 3626.5914076566696 13323.161354064941 37256.031178474426 33585.800966262817 10394.158203125 15696.199432373047 18561.015388891101 12740.707217693329 3746.0121234357357 8182.1877565979958 7968.1132785826921 1512.6516778916121 345555.5764644444 503.10327544808388 17077.96242955327
leaf_count=5534605 484389 411281 198882 197986 3872 663306 28718 131834 989645 1874 11731 164486 17141 49304 21610 1985 741 1697 218835 47470 52505 82 32998 1816 474 82145 3570 215808 41173 237764 26998 113 5689 1943 658 176574 6168 84541 16079 154292 884 9292 2276 381 965 93 7 97 156 733 490 28 47 14371 5568 6241 12625 19335 642 96026 623 13279
internal_value=-0.000432182 -0.0410909 0.00381589 -0.0261502 -0.0156735 -0.0504645 0.00445584 -0.00655341 -0.0397 -0.0225632 0.00171813 -0.0440022 0.00486269 0.00449227 0.00616712 0.00807221 -0.0081652 0.00401045 0.00366765 0.00564537 0.00438201 0.00268504 0.00276799 0.0114926 0.00888472 -0.00937736 0.00742901 -0.0213044 -0.0186174 -0.0114862 0.00524139 0.00551727 -0.0137747 0.0144536 0.0431494 -0.00583822 -0.00134477 0.00511287 0.0272617 0.000811392 0.00275557 0.0163899 0.0344241 0.00741118 0.00405122 -0.0131557 -0.00184009 0.00882663 0.0217692 0.0304899 0.00812273 0.0231722 0.00742799 0.00314746 0.0211283 0.025514 -0.00184219 -0.0129479 0.0215123 0.00171323 0.0946313 0.00982127
internal_weight=1.53424e+07 1.45135e+06 1.38911e+07 559520 315542 891831 1.30836e+07 807466 243978 48960.1 205511 195018 1.17697e+07 1.02761e+07 3.39025e+06 1.80012e+06 85783.2 1.59013e+06 6.88581e+06 2.28559e+06 1.8795e+06 4.60022e+06 4.58976e+06 406090 1.71433e+06 601956 774042 249298 207327 92860.3 25564.4 66244.4 268433 9417.72 4595.59 333523 173810 100881 13401 1.31392e+06 778404 55282 18463.2 1.4936e+06 442712 76359.6 49847.4 1.05089e+06 54205.8 40882.6 996686 43980 952706 63342.8 31895.1 11553.6 51789.3 26529.1 13212.6 723122 1885.14 25260.2
internal_count=10506941 8554762 1952179 2356851 1002860 6197911 944237 1007942 1353991 199860 149133 1154131 481943 461805 79381 52504 2726 26877 382424 130509 99975 251915 251833 30534 49778 858809 5267 933024 717216 305935 68171 69836 493302 8913 3224 365507 188933 106788 22247 462294 263412 13094 3802 20138 1446 481 388 18692 986 830 17706 518 17188 69723 17299 10113 59610 33706 2918 250318 1281 25904
is_linear=0
shrinkage=0.05


Tree=54
num_leaves=63
num_cat=0
split_feature=16 16 24 16 23 16 27 28 20 1 22 12 4 1 12 4 13 0 11 24 1 19 21 10 11 10 12 16 20 26 1 1 9 12 26 20 4 14 0 21 12 11 12 11 11 4 10 28 12 21 4 12 28 20 20 19 11 16 13 1 24 11
split_gain=1.15849e+06 44774.4 35577.2 10472.2 8296.5 7822.37 6611.79 5089.09 5207.72 4932.57 4515.32 3810.25 3765.27 3840.28 3686.58 3621.84 6430.57 5211.46 3563.24 3423.14 3337.94 5386.02 3251.64 3186.39 3024.99 5527.67 4486.73 2997.68 2601.01 2493.11 2374.65 6510.17 4696.12 2314.7 2234.91 2214.05 2201.68 2180.82 2853.66 4361.24 2162.83 2927.61 3390.09 2116.23 2089.77 2065.79 1881.47 2855.7 3283.27 2824.08 4166.12 2098.96 1854.81 1745.26 1729.68 2481.6 1975.34 1719.1 1663.62 1892.03 1643.81 1609.6
threshold=0.087189001474715769 0.77479153921102129 1.0000000180025095e-35 0.018317814501020612 0.35714286565780645 6.2424069572543077 0.78066912293434154 1.0000000180025095e-35 79.500000000000014 411.50000000000006 2411.0000000000005 0.25000000000000017 1.0000000180025095e-35 1318.5000000000002 0.93301270189221952 5.5000000000000009 0.78656609248549325 15.500000000000002 -0.93301270189221919 87.750000000000014 1318.5000000000002 56.500000000000007 3156.0000000000005 -0.22252093395631442 1.0000000180025095e-35 1.0000000180025095e-35 1.0000000180025095e-35 0.26652031623110373 2325.5000000000005 10.58637857437134 1213.5000000000002 1060.5000000000002 -0.8783796973249266 0.93301270189221952 331.10479736328131 48.500000000000007 2.5000000000000004 0.98296291314453421 6.5000000000000009 26.500000000000004 0.93301270189221952 0.25000000000000011 1.0000000180025095e-35 0.68301270189221941 -0.6830127018922193 2.5000000000000004 1.0000000180025095e-35 1.0000000180025095e-35 0.6830127018922193 1.0000000180025095e-35 4.5000000000000009 1.0000000180025095e-35 1.0000000180025095e-35 99.500000000000014 1.0000000180025095e-35 1.0000000180025095e-35 -0.93301270189221919 41.32358243625081 -0.98296291314453399 206.50000000000003 1.0000000180025095e-35 0.68301270189221941
decision_type=2 2 2 2 2 2 2 2 2 2 2 2 2 2 2 2 2 2 2 2 2 2 2 2 2 2 2 2 2 2 2 2 2 2 2 2 2 2 2 2 2 2 2 2 2 2 2 2 2 2 2 2 2 2 2 2 2 2 2 2 2 2
left_child=2 6 3 61 -4 15 14 12 9 10 22 -6 -7 58 27 16 33 37 23 20 52 -22 -9 28 25 -20 -26 -2 -10 36 31 -11 -32 34 45 -31 54 38 39 -17 41 44 -43 -13 -38 -3 49 48 -48 60 -51 -49 -19 -25 55 56 -8 -15 59 -14 -29 -1
right_child=1 5 4 -5 11 7 29 8 18 30 -12 43 13 57 -16 17 -18 19 24 -21 21 -23 -24 53 26 -27 -28 46 -30 35 32 -33 -34 -35 -36 -37 40 -39 -40 -41 -42 42 -44 -45 -46 -47 47 51 -50 50 -52 -53 -54 -55 -56 -57 -58 -59 -60 -61 -62 -63
leaf_value=-0.054651927431847429 -0.018236768099098591 -0.0033496115241251887 -0.031678001735854597 -0.038894297553329037 -0.027408128500327061 0.05033889586341788 0.024278806722840895 0.002059143206948208 0.014021488663720738 0.0054565261503615806 -0.048668062657797273 -0.022251429125571872 0.1184723216528524 0.022846765722052399 -0.03141357279504399 -0.031528510400052355 0.0074045754608237013 0.042770141942625142 0.0055839636034993433 0.21240361307283867 0.029419636515494282 0.15438140265280709 -0.05166346645787654 0.017688139228319823 0.00260604383755204 0.012168000536618007 0.0074719991355674158 -0.023412263462389345 -0.040698498964951361 0.0093056104596800429 0.012056571296530615 0.0015054659370571366 0.0050277495342894336 -0.0096408709467574877 0.08258210468170718 0.23307785153603985 -0.0049337364393720303 0.021828201200945016 0.00085104334534085227 0.084597301928053287 -0.028124272045468402 -0.023037720488044238 -0.00013710999570212037 0.015505937843736849 0.012035645811288222 0.001040435783134326 0.0016888267640483203 0.0017610291730676961 0.056785419032983314 -0.011505397857272205 0.059119527838898178 -0.019582442751446279 0.009752818908001188 -0.010747626488218266 -0.026171804116071437 -0.026979582583574302 -0.0072103102992808824 0.08541116823255096 0.0038920945357623291 0.023685267008483189 -0.007866242575241383 -0.049841669400113746
leaf_weight=646893.00914525986 139336.92201696336 514270.18640214205 115479.69807367027 145756.24297837913 11390.634039729834 8821.9918310642242 5319.2858784496784 2285099.7146325111 30740.766468048096 2831150.2938764095 4406.6307554244995 4643.5793208628893 589.43979907035828 1960.0026013851166 30356.919319868088 12071.296724736691 237757.02585721016 4443.2722133398056 754734.9526412487 217.54181861877441 9960.5524414777756 943.95676827430725 2819.9920196533203 5858.181095123291 874408.3607840538 551898.98675346375 1033856.0964980125 37991.904873430729 2336.5904235839844 26246.520067512989 284307.8664662838 1650293.5238671303 1447676.09217906 83524.908575475216 799.08999061584473 110.90854293107986 28312.855535298586 10922.875312626362 132555.18685984612 866.44857627153397 7554.4093151688576 24658.918156161904 46892.793042704463 18477.155397117138 50507.335833251476 559518.36874234676 7862.6702206432819 29291.966516137123 4121.265508800745 6010.927136272192 3199.4563907384872 18984.157865911722 99647.826545774937 68362.293779850006 16350.700445055962 15515.033580332994 78129.520623445511 2497.3636379241943 29400.821884393692 4924.9518895149231 30782.978440254927 237918.26797111332
leaf_count=4959736 447948 218742 567184 846673 40228 696 7026 113465 642 125605 42 15310 38 297 79207 5774 101829 1722 10953 3 3251 98 21 171 14106 7731 14075 65650 8 11201 9841 74881 59665 45004 18 23 38937 2866 52021 178 12428 37989 62548 13509 68118 223648 13344 44381 5671 9447 3840 31226 32212 1098 25037 23619 113099 37 3171 299 51259 1788095
internal_value=-0.0004161 0.00355369 -0.0480014 -0.0513128 -0.0252494 0.00414937 -0.00972544 0.00459963 0.00453356 0.00387787 0.00189553 -0.00373847 0.0208143 0.0141987 -0.0148704 0.000942528 -8.5407e-05 0.00622499 0.0062123 0.0142946 0.0139196 0.0402388 0.00199292 -0.00275097 0.00651145 0.00836495 0.00524232 -0.0130612 0.0101558 -0.00443724 0.00460922 0.00400155 0.00618155 -0.00162308 -0.000999875 0.0102483 -0.00585386 0.000281037 -0.00133659 -0.0237505 -0.00201861 -0.000707054 -0.00802946 0.00792245 0.00594004 -0.00106209 -0.00784464 -0.00120887 0.0206372 -0.0129721 0.0130278 -0.00663202 0.0111623 -0.00850312 -0.0111063 -0.0086171 -0.00520301 0.0579025 0.00861904 0.03382 -0.0164541 -0.0533585
internal_weight=1.53317e+07 1.41512e+07 1.18056e+06 1.03057e+06 149991 1.35436e+07 607537 1.18761e+07 1.1828e+07 8.50575e+06 2.29233e+06 34511.4 48194.6 39372.6 307939 1.6675e+06 1.39587e+06 271629 3.3222e+06 115213 114996 10904.5 2.28792e+06 107298 3.2149e+06 1.30663e+06 1.90826e+06 277582 33077.4 299598 6.21343e+06 4.48144e+06 1.73198e+06 1.15811e+06 1.07459e+06 26357.4 273241 156416 145493 12937.7 157926 150372 71551.7 23120.7 78820.2 1.07379e+06 138245 60260.1 11983.9 77985.3 9210.38 48276.1 104091 74220.5 115315 98963.8 83448.8 4457.37 34915.2 5514.39 68774.9 884811
internal_count=10506941 2276206 8230735 7594504 636231 1124208 1151998 436842 432304 383520 113528 69047 4538 3842 751973 687366 589241 98125 48784 37286 37283 3349 113486 1919 46865 18684 28181 672766 650 400025 269992 200486 69506 487412 442408 11224 388801 60839 57973 5952 220020 207592 100537 28819 107055 442390 224818 94622 19015 130196 13287 75607 33934 1269 168781 143744 120125 334 3508 337 116909 6747831
is_linear=0
shrinkage=0.05


Tree=55
num_leaves=63
num_cat=0
split_feature=16 16 24 17 16 18 18 11 17 16 13 11 9 22 24 6 9 6 26 18 26 18 3 17 11 10 3 3 28 9 11 18 14 13 9 18 18 3 23 23 14 26 3 11 28 10 16 17 3 21 23 5 15 22 3 10 3 10 3 12 15 18
split_gain=1.09057e+06 43556.6 33357.4 10052.9 9894.1 8051.1 7323.6 5649.77 5358.38 4681.32 3577.87 7514.04 5624.07 7854.74 7040.92 5705.62 4915.47 5229.94 4585.04 3759.73 3699.93 3641.18 3541.61 3430.5 8319.65 6846.28 4309.08 3004.73 2949.69 2826.83 2794.74 3356 2863.88 2723.21 2441.94 2412.38 2283.9 2275.12 2826.46 2257.29 2211.5 2528.39 6090.06 2792.3 2045.31 4071.84 2004.48 2179.54 1950.48 1776.47 3901.03 1849.88 1710.75 1668.86 2765.89 2314.64 2002.58 1664.81 1632.87 1595.1 1891.69 1564.55
threshold=0.080657436048509848 0.70882140473120647 1.0000000180025095e-35 1.3262772688851634 0.018317814501020612 1.0000000180025095e-35 1.0000000180025095e-35 -0.5 45.358435227972414 0.23634902075416547 0.91597561503675362 0.93301270189221952 -1.0000000180025095e-35 2548.0000000000005 136.82143402099612 1.0000000180025095e-35 -1.0000000180025095e-35 1.0000000180025095e-35 1.0000000180025095e-35 1.0000000180025095e-35 56.721326828002937 1.0000000180025095e-35 2.5000000000000004 0.87735797138260951 0.68301270189221941 -0.22252093395631442 2.5000000000000004 6.5000000000000009 576.37683105468761 1.0000000180025095e-35 -0.24999999999999994 1.0000000180025095e-35 -0.5 0.98296291314453421 0.87837969732492682 10.500000000000002 72.500000000000014 1.5000000000000002 1.0000000180025095e-35 0.35714286565780645 1.0000000180025095e-35 1.0000000180025095e-35 1.5000000000000002 0.68301270189221941 1.0000000180025095e-35 0.81174490092936691 0.01268767237956236 0.060933849711974609 5.5000000000000009 1.0000000180025095e-35 1.0000000180025095e-35 1.0000000180025095e-35 17663.500000000004 1.0000000180025095e-35 1.5000000000000002 -0.22252093395631442 2.5000000000000004 -0.56174490092936669 5.5000000000000009 0.25000000000000017 17501.000000000004 7.5000000000000009
decision_type=2 2 2 2 2 2 2 2 2 2 2 2 2 2 2 2 2 2 2 2 2 2 2 2 2 2 2 2 2 2 2 2 2 2 2 2 2 2 2 2 2 2 2 2 2 2 2 2 2 2 2 2 2 2 2 2 2 2 2 2 2 2
left_child=2 6 4 30 23 39 7 49 10 -9 12 16 14 15 18 -14 21 -18 -5 28 -16 -12 46 -1 -25 26 29 53 -13 -26 32 40 -3 52 -11 -35 -21 38 -36 48 41 42 -32 -43 45 -34 47 -7 -4 -2 51 -51 -33 54 -8 56 -56 -55 -57 -41 -61 -54
right_child=1 3 5 8 -6 22 27 9 -10 34 11 19 13 -15 20 -17 17 -19 -20 36 -22 -23 -24 24 25 -27 -28 -29 -30 -31 31 33 44 35 37 -37 -38 -39 -40 59 -42 43 -44 -45 -46 -47 -48 -49 -50 50 -52 -53 61 57 55 58 -58 -59 -60 60 -62 -63
leaf_value=-0.053793050829116229 -0.0041994223908101763 -0.0029194303735890006 -0.041168545815461623 0.0090071579822531729 -0.038659722508406574 -0.017000662298401619 -0.023895565776595105 -0.02270420539316138 0.0056060409813894745 -0.0091730613973866042 -0.001885953067607232 -0.022572957657407494 0.0011469871545371081 0.080912733296987949 -0.017363888436556937 0.0089741850487583038 0.012268657774202872 -0.0091138139652294139 0.004392155031352837 0.0317216450174913 0.00026153324883460737 0.0094370241272831376 -0.021986945544115663 -0.053660173081638368 0.089862005220393629 -0.048428541581720483 -0.055371931434261036 -0.0091835139104625464 0.071279348759224884 -0.050540353985281783 0.028354752970770898 0.0012325847166455477 0.0044988039776828982 0.060617669200415128 0.046726684244983795 0.010374759462094686 -0.0064750757318184429 -0.02932560576769205 -0.035258283523865543 -0.030298279555458982 -0.013205044210592522 -0.010854449083353986 -0.0020345839678587233 0.00015751771711216276 0.0054898759599566558 0.089270541045658611 0.0063187607321220952 0.07712609746438448 -0.026858109682256062 -0.0093468329871890694 -0.010915405197082086 0.094842347587702602 0.1034057159835436 0.08142078840625247 0.017993183016390243 0.015830876394293293 -0.014603254288908738 -0.0037043792306809967 0.04597838316542846 -0.015752806590292195 0.033404051276531004 0.018096085487897852
leaf_weight=818787.18187268078 109682.77736194432 138405.83305424452 46030.508421212435 717696.42875501513 134998.72839906067 846.86541873216629 5793.9187868535519 138862.92864149809 4790852.1735640764 206721.19548931718 174218.13690429926 36131.109270513058 3387284.1095936 3130.9608764648438 31761.681852340698 250010.1255761981 454237.11174041033 30518.007083594799 2151886.7246081829 6383.4288531541824 476050.12860584259 119838.8114721179 10801.333324089646 17418.481562852859 3125.4170714318752 2975.2526202052832 790.63375394046307 29871.377095520496 856.93448638916016 404.83739146590233 18184.14841273427 117400.78007149696 3976.9567853212357 3796.0269055962563 2345.3505041897297 6446.7608692646027 10113.533868312836 27507.334730058908 1905.0814046859741 7686.8814405500889 67038.837924957275 156771.77299270034 176541.71620821953 90970.533079981804 202894.90617614985 2200.2626643776894 12325.522284373641 2245.1140779405832 49336.095425337553 546.93313331902027 3367.0523356050253 1925.484483987093 740.24965006113052 1585.7430793344975 8324.5387392193079 20793.314077436924 10856.867585465312 900.33631163835526 5729.3436463475227 5763.9273688197136 2963.1965311616659 1961.9842743873596
leaf_count=6598143 220375 74267 245470 89984 818726 3451 9088 456844 71035 319782 8206 2490 305314 13 494 21840 16023 1164 162620 321 5557 2656 46817 117229 5810 18807 5559 49636 8 2283 10539 41423 2808 1275 3643 1161 245 46074 3040 28913 41764 75619 109942 38564 79681 825 11270 3538 248430 1088 5796 2829 244 2099 3408 18215 16923 1314 8445 14192 3280 342
internal_value=-0.000400624 0.00333923 -0.047982 0.00390878 -0.0512276 -0.0249686 -0.0101198 -0.0124439 0.0042883 -0.0154059 0.0034841 0.00658371 0.00311649 0.00175314 0.00458603 0.00168499 0.00782871 0.0109225 0.00554639 -0.011545 -0.000840863 0.00272855 -3.19327e-05 -0.0532391 -0.0348849 0.00993774 0.0501286 0.00354004 -0.0203983 0.0737588 -0.000950291 -0.00291064 0.00265952 0.00424859 -0.0111562 0.0289959 0.00830478 -0.0240649 0.00997915 -0.0308176 -0.00474218 -0.00345995 0.000803261 -0.00681086 0.00635282 0.0346954 0.0153492 0.0513443 -0.0337654 -0.00276873 0.0241028 0.0717928 0.00213799 0.0105805 0.0086488 0.0127746 -0.000456445 0.0505917 0.0223436 -0.0136904 0.000937469 0.0414706
internal_weight=1.53215e+07 1.4205e+07 1.1165e+06 1.36283e+07 978501 137999 576720 492864 1.2641e+07 377342 7.85012e+06 832297 7.01782e+06 3.64043e+06 3.37739e+06 3.63729e+06 778812 484755 2.86958e+06 53485 507812 294057 26218.8 843502 24714.6 7296.14 4320.89 83855.4 36988 3530.25 987331 639853 347478 130346 238479 10242.8 16497 31757.8 4250.43 111781 509507 442468 194726 247742 209072 6177.22 15417.5 3091.98 95366.6 115522 5839.47 2472.42 120103 53984.1 51498 45704.1 19181.4 2486.08 26522.7 16414 8727.12 2702.23
internal_count=10506941 2335023 8171918 1166424 7566557 605361 1168599 1059471 687970 829383 616935 31113 585822 327167 258655 327154 28049 17187 252604 3064 6051 10862 65076 6747831 149688 32459 13652 109128 2498 8093 478454 320873 157581 44445 372539 2436 566 52757 6683 540285 276428 234664 120481 114183 83314 3633 18259 6989 493900 230088 9713 3917 42009 59492 56079 46991 20331 3413 26660 46385 17472 586
is_linear=0
shrinkage=0.05


Tree=56
num_leaves=63
num_cat=0
split_feature=16 16 27 16 17 17 18 12 0 7 0 4 14 3 3 0 0 7 0 14 3 23 26 9 4 3 18 16 23 25 10 26 18 9 25 25 17 3 3 10 16 13 16 27 26 4 12 17 23 27 3 18 4 0 1 3 3 10 15 14 18 0
split_gain=1.02696e+06 39589.4 33766.6 10254.6 10063.1 7675.53 6016.54 4592.73 4145.84 16334.3 10881.9 5979.47 5419.97 22689.9 16308.4 9602.29 8316.25 8004.19 25078 9077.64 7434.29 5865.6 7047.35 5591.95 4376.89 4146.86 4724.96 3984.89 3790.63 3781.86 7142.9 3755.41 3690.76 4206.35 3624.78 3743.84 3566.35 5580.46 7231.25 6748.62 3084.46 2958.32 2822.34 2841.7 2754.23 2705.59 2499.18 2439.78 4156.1 2422.46 2361.32 2271.34 2250.33 3207.89 2150.56 2123.12 2362.29 2289.74 2095.48 2041.88 2032.98 1950.56
threshold=0.080657436048509848 0.59258285569011748 0.13363532289395155 0.014936528121723225 2.4518618261600755 0.30436202538835094 1.0000000180025095e-35 0.25000000000000017 18.500000000000004 1.0000000180025095e-35 20.500000000000004 5.5000000000000009 -0.5 3.5000000000000004 1.5000000000000002 14.500000000000002 13.500000000000002 1.0000000180025095e-35 17.500000000000004 -0.37940952255126015 4.5000000000000009 26.785714149475101 68.792995452880874 -0.8783796973249266 5.5000000000000009 8.5000000000000018 1147.0000000000002 0.18349569658564271 31.642856597900394 1.0000000180025095e-35 1.0000000180025095e-35 1.0000000180025095e-35 100.50000000000001 1.0000000180025095e-35 7.7166664600372323 7.4833333492279062 0.72719933457285457 2.5000000000000004 1.5000000000000002 -0.22252093395631442 0.0086281341194687656 -0.78656609248549292 49.095524060908325 3.1813323497772221 684.49328613281261 3.5000000000000004 1.0000000180025095e-35 1.4429831214319206 16.357143402099613 302.38476562500006 6.5000000000000009 1.0000000180025095e-35 5.5000000000000009 16.500000000000004 1318.5000000000002 11.500000000000002 5.5000000000000009 -0.56174490092936669 15502.000000000002 -0.5 964.50000000000011 3.5000000000000004
decision_type=2 2 2 2 2 2 2 2 2 2 2 2 2 2 2 2 2 2 2 2 2 2 2 2 2 2 2 2 2 2 2 2 2 2 2 2 2 2 2 2 2 2 2 2 2 2 2 2 2 2 2 2 2 2 2 2 2 2 2 2 2 2
left_child=2 6 3 36 29 51 27 -7 12 11 -11 25 13 14 31 -16 23 21 19 -19 -18 22 -14 -15 -12 41 -27 -2 -23 30 -3 -6 42 60 35 -13 -1 38 -38 45 -9 -10 43 46 -36 -40 -31 48 -44 -45 -8 -4 55 -54 -26 56 59 -58 -35 -29 -34 -32
right_child=1 4 5 -5 8 7 50 40 9 10 24 34 17 16 15 -17 20 18 -20 -21 -22 28 -24 -25 54 26 -28 52 -30 32 61 -33 33 58 44 -37 37 -39 39 -41 -42 -43 47 49 -46 -47 -48 -49 -50 -51 -52 -53 53 -55 -56 -57 57 -59 -60 -61 -62 -63
leaf_value=-0.053909826211361471 -0.020193304557966241 -0.0080291135582042962 -0.032131300737253586 -0.038935936077993102 0.012688876398692784 -0.031781033749153351 0.0092809770348878454 0.08805653661099036 0.0044897460838130522 -0.038433644250493081 -0.0095938163508686586 0.018010304584784514 0.0086356303773573156 0.0091983221948348497 0.0069872721072008065 0.015728593655792447 -0.010906153873717891 0.011528187926417887 -0.038916838138688785 -0.005591123903908729 -0.00063920252372776456 -0.0052768435398583037 0.065564201913379055 0.0017175758414055169 0.027250828119040345 -0.0055726541200381893 0.068618315700998411 -0.0079789957007105547 0.0052786175832807945 -0.00019851691714428441 -0.041527864190249654 -0.0025951396746814138 -0.0016757150714248375 0.15537482289195745 0.0067241655759326963 0.096877763595821037 -0.053995165502165404 -0.053679363886343749 -0.050362893396771441 -0.047280454960319962 0.011925929653523636 -0.0031405242527936549 0.064244360457683836 0.00093970073256276947 -0.05554967416546757 0.082188635130428525 -0.0071088146505647876 -0.036831864064736534 -0.030382017740054997 0.11501214294026996 -0.0097481421888550301 -0.012059132816853502 -0.008746103615250864 0.019486842187326197 0.11499255072636541 -0.027178626799137448 0.0053049196291347564 -0.010126997953006046 0.029617342212615878 -0.02107708972303662 0.077080810326105906 0.038495646059274316
leaf_weight=760278.05349565297 131955.46785350144 17340.40482005477 98424.633618667722 147991.41086449474 45294.127181351185 6161.4156690835953 46874.646146699786 1488.7134449779987 595387.99493157864 41308.661893785 17874.004807889462 65087.601367801428 1323495.5502390265 300370.23203331232 747380.42392778397 542006.42555207014 208449.64324736595 155528.653252244 40317.953386843204 154218.43277800083 1143842.5308828354 86832.847645282745 5458.6719059944153 1484166.7702876925 6124.356118619442 223529.78394189477 2166.7250862121582 55127.064338982105 4151604.6199808121 274850.21844893694 791.5390832722187 356673.65263658762 25288.242149829865 337.21654605865479 167174.80850076675 1540.2905106544495 4527.1655895113945 16046.878296986222 432.45887476205826 1894.1453062593937 12511.874427303672 161482.16199946404 1898.67467212677 1093259.6198172569 1794.4814701080322 3498.4971628934145 249721.3486096859 9819.447566986084 2983.7876358032227 465.50913429260254 24995.700867086649 16450.642361924052 30880.467228263617 14923.124144256115 788.22591817378998 20126.78383846581 36662.06683331728 69801.993833780289 18500.842000603676 64652.796632856131 846.74468040466309 19969.209952563047
leaf_count=6439723 468217 15754 509131 959334 4405 24254 54139 3228 45066 7279 4466 12299 76237 16618 35447 13353 10135 2501 3710 6914 65810 3329 168 95514 686 25898 19 94310 49029 182415 912 20636 2009 24 6184 109 29037 117349 2612 11856 9619 32064 82 322613 17 6646 176590 402 135 11 45092 59129 53766 23192 59 42687 60365 118968 1154 123935 18 10281
internal_value=-0.000385724 0.00316309 -0.0476343 -0.0510109 0.00366385 -0.0242629 -0.0107147 0.0041909 0.00417481 0.00148985 -0.0227183 0.00280335 0.0044957 0.00325253 0.00792044 0.0106618 0.000735627 0.00551002 -0.00182349 0.00300472 -0.00222181 0.00597114 0.00886947 0.00297673 0.00347232 0.00108799 -0.00486036 -0.0129816 0.00506237 8.19544e-05 0.0156587 -0.000872906 -0.00027174 0.0138586 0.00995728 0.0198338 -0.0532825 -0.0352151 -0.0065933 0.030246 0.020022 0.00286178 -0.000660895 -0.000462766 0.00606275 0.067604 -0.00348816 -0.0224693 0.00641549 0.000988267 0.00266279 -0.0292569 -0.00972453 0.000452297 0.0372581 -0.0116166 -0.0102321 -0.0048128 0.0318696 -0.0150489 0.000876003 0.0354442
internal_weight=1.53117e+07 1.4242e+07 1.06971e+06 934669 1.3746e+07 135037 496000 20162 1.20299e+07 1.28426e+06 66095.2 1.21816e+06 1.07456e+07 4.82818e+06 1.69135e+06 1.28939e+06 3.13683e+06 5.91746e+06 350065 309747 1.35229e+06 5.56739e+06 1.32895e+06 1.78454e+06 24786.6 982567 225697 424130 4.23844e+06 1.71607e+06 38101.2 401968 1.67797e+06 44973 235597 66627.9 786677 26399.1 10352.3 5825.1 14000.6 756870 1.633e+06 1.6183e+06 168969 3930.96 524572 14701.9 4882.46 1.09373e+06 71870.3 114875 292174 45803.6 6912.58 246371 226244 106464 18838.1 119780 26135 20760.7
internal_count=10506941 2335023 8171918 7566557 1250352 605361 1084671 37101 537952 134146 12490 121656 403806 261918 73841 48800 188077 141888 13125 9415 75945 128763 76405 112132 5211 103047 25917 985440 52358 712400 26947 25041 685453 3205 18609 12408 6607223 167500 50151 21114 12847 77130 682248 681629 6201 9258 359005 619 217 322624 99231 568260 517223 76958 745 440265 397578 179333 1178 218245 2027 11193
is_linear=0
shrinkage=0.05


Tree=57
num_leaves=63
num_cat=0
split_feature=17 28 28 14 17 17 27 28 28 12 4 9 12 9 11 28 12 17 1 0 7 0 4 10 20 17 4 1 0 13 12 4 11 22 24 4 10 7 11 12 10 20 27 0 7 11 12 9 4 1 1 19 14 19 26 20 21 13 10 19 26 21
split_gain=813335 75287.7 56389.5 16405.3 11064.5 10042.2 8272.44 8141.47 5994.74 5023.48 6739.49 5070.21 4918.46 4848.16 4368.68 4230.2 4222 4078.51 4729.1 4784.39 7210.88 5611.58 5149.06 4058.06 3653.03 3556.34 3287.31 3837.67 3108.18 3044.39 3244.49 2955.62 3738.38 2895.04 3045.72 2924.96 2889.04 2806.88 2455.57 2981.71 5213.21 4832.37 3658.67 2632.92 6321.39 2513.92 2416.39 2508.66 2311.69 4683.24 3899.47 4000.05 8538.87 3858.94 3826.75 5262.17 3715.48 3706.52 3216.56 3178.25 4353.38 2464.07
threshold=0.11528486094593052 1.0000000180025095e-35 1.2514357566833498 0.60355339059327384 1.2338426626055223 2.4518618261600755 0.3944759219884873 1.0000000180025095e-35 1.0000000180025095e-35 0.25000000000000017 1.5000000000000002 1.0000000180025095e-35 0.25000000000000017 1.0000000180025095e-35 0.68301270189221941 1.0000000180025095e-35 0.93301270189221952 45.358435227972414 1376.5000000000002 18.500000000000004 1.0000000180025095e-35 20.500000000000004 1.5000000000000002 -0.56174490092936669 11.500000000000002 7.6463065865194197 5.5000000000000009 1513.5000000000002 15.500000000000002 0.60355339059327384 -0.5 1.0000000180025095e-35 1.0000000180025095e-35 2548.0000000000005 351.03570556640631 3.5000000000000004 -0.56174490092936669 1.0000000180025095e-35 -0.24999999999999994 -0.9330127018922193 -0.56174490092936669 1.0000000180025095e-35 170.89084625244143 17.500000000000004 1.0000000180025095e-35 0.68301270189221941 1.0000000180025095e-35 1.0000000180025095e-35 5.5000000000000009 528.50000000000011 1162.5000000000002 35.500000000000007 -0.12940952255126037 11.500000000000002 350.18302917480474 2503.5000000000005 3156.0000000000005 -0.78656609248549292 -0.56174490092936669 2474.5000000000005 938.16354370117199 2550.0000000000005
decision_type=2 2 2 2 2 2 2 2 2 2 2 2 2 2 2 2 2 2 2 2 2 2 2 2 2 2 2 2 2 2 2 2 2 2 2 2 2 2 2 2 2 2 2 2 2 2 2 2 2 2 2 2 2 2 2 2 2 2 2 2 2 2
left_child=1 -1 3 4 7 24 37 12 25 10 -6 14 31 16 -11 -12 -14 18 19 33 22 -22 -21 -16 38 -5 29 28 -28 30 -20 32 -2 34 -7 -35 -8 -3 -4 40 41 -40 -42 45 -45 -41 -27 -48 50 59 53 57 -53 56 55 -51 -19 -52 -55 60 -50 -56
right_child=2 6 5 8 9 17 36 -9 -10 11 15 -13 13 -15 23 -17 -18 48 26 20 21 -23 -24 -25 -26 46 27 -29 -30 -31 -32 -33 -34 35 -36 -37 -38 -39 39 43 42 -43 -44 44 -46 -47 47 -49 49 54 51 52 -54 58 61 -57 -58 -59 -60 -61 -62 -63
leaf_value=-0.051479918976921051 0.016410006000438054 -0.027673714728050854 0.0017557193707677995 -0.044057647792297046 0.014902750755503905 0.0035393726798657607 -0.0043663370681570318 -0.0077709028917788431 -0.015918281712023068 0.014431339753895354 -0.041498102784759891 -0.010574253849720381 0.0042826060899595125 -0.036973422951757963 0.12313781855065212 -0.00054117589711815144 -0.046637254214168679 0.0019842987170898257 0.012813883876445834 -0.008072572693041527 -0.038307111944177581 0.0018398610481255235 0.0028305526880084836 0.03295916364657387 0.0064984143011726468 -0.039440116002026668 0.016994786155847839 -0.00082951221038300152 0.046703339830816072 0.023782345620828656 -0.0012441861673672299 -0.042126746355165445 -0.043022722087940779 0.068635667213639104 -0.0017965582333989616 0.0050965512350499937 -0.019130779907625316 -0.044814969259970153 0.027604419708866474 -0.0057244924464075224 -0.0026273741736260255 -0.013417120252497406 0.10400103496786262 -0.0061570167933033991 -0.04070656196170528 0.00025837581990780645 0.022401721493640864 -0.046855709039120182 0.012854463289794588 0.0077743849496407008 0.012888245813659265 0.0062216447461418464 -0.010486736786003235 0.0021152645229467206 -0.0064480126159295967 0.097839100619485739 -0.051317878706327993 0.0058858777401069109 0.0072298375723583858 0.049075426506564858 -0.034859961524682515 0.016409514195260166
leaf_weight=727207.29171065241 5440.9863532483578 159892.3434727937 523771.01271849871 57788.327333807945 17260.059922292829 6052015.2227983624 47280.816966861486 198119.71519932151 48035.96726758033 53396.214000970125 15928.537048585713 19188.001139044762 28305.304984167218 15443.587268918753 1763.0997799187899 10434.637454107404 4754.5293020680547 1501791.8313854039 71236.274856209755 144821.71419335902 22506.527995944023 14192.438975453377 429203.55267344415 4266.8760705888271 181719.40409640968 5463.4609143435955 19787.253304362297 13812.52433565259 15862.588907971978 23911.302342817187 96831.148552656174 40910.578457430005 5150.228705227375 3407.8172416687012 279791.68532371521 3866.3355522155762 110734.64554105699 28077.835427045822 33436.140890300274 326090.24973976612 108206.75701460242 9141.8912438154221 810.40883207321167 105294.0210300684 15143.515336498618 380397.48678202927 5203.6524301469326 1746.192454174161 257763.04132592678 133918.83847773075 369222.42536830902 566554.35155391693 88397.08499443531 460935.34660553932 97061.488754272461 1641.5862350463867 3276.4067687988281 387131.56512096524 922935.54040616751 5900.5552597045898 4870.6143951416016 13420.678939819336
leaf_count=6321788 21070 777252 232870 393181 18127 330838 121762 343729 132516 29001 40121 21397 98746 85033 1203 8307 32826 33655 5741 24947 6327 7838 64817 5273 42289 13601 1921 1288 1428 2180 9792 256431 29198 14 1959 28 297159 162723 15112 150293 53728 4786 27 59792 16253 180483 7966 4414 3471 2591 3731 2377 899 5413 643 6 23 6387 10107 16 21 26
internal_value=-0.000371684 -0.0423452 0.00279416 -0.0130751 -0.00844706 0.00341849 -0.0231456 -0.0136414 -0.0295288 0.0042213 -0.0093856 0.0117719 -0.0252713 -0.0138449 0.0189873 -0.0252875 -0.00304045 0.00392566 0.00317159 0.00293261 -0.00129395 -0.0227811 7.97768e-05 0.0593289 -0.000197354 -0.0388418 0.0100508 0.0215449 0.030214 0.00708936 0.00471438 -0.0360322 -0.0124902 0.0033398 0.00330359 0.0348648 -0.0147131 -0.0302342 -0.00100729 -0.00248624 0.00396 0.0187966 -0.00183458 -0.003668 -0.0105013 -0.0025031 -0.0145596 0.00499921 0.00505191 0.00821905 0.00467292 0.00682712 0.00396655 0.00362055 0.00323577 0.00886514 0.00186826 0.00930417 0.0055263 0.0127849 0.0119696 -0.00367137
internal_weight=1.53019e+07 1.07319e+06 1.42287e+07 538600 420362 1.36901e+07 345986 298125 118238 122237 43623.2 78614.2 100005 48503.4 59426.2 26363.2 33059.8 1.20061e+07 7.19125e+06 6.94981e+06 610724 36699 574025 6029.98 1.68401e+06 70201.6 241441 49462.4 35649.8 191979 168067 51501.8 10591.2 6.33908e+06 6.33181e+06 7274.15 158015 187970 1.50229e+06 978520 151595 42578 109017 826925 120438 706488 12413.3 6949.84 4.81482e+06 514577 4.30024e+06 1.41131e+06 654951 2.88894e+06 246043 135560 1.50507e+06 756354 1.38387e+06 268534 262634 110482
internal_count=10506941 7680684 2826257 1542140 990462 1284117 1358896 867033 551678 123429 66555 56874 523304 216605 35477 48428 131572 528484 459118 436768 103929 14165 89764 6476 755633 419162 22350 4637 3349 17713 15533 306699 50268 332839 332797 42 418921 939975 713344 480474 73653 19898 53755 406821 76045 330776 25981 12380 69366 6774 62592 13394 3276 49198 3266 2597 33678 10118 15520 3508 3492 669
is_linear=0
shrinkage=0.05


Tree=58
num_leaves=63
num_cat=0
split_feature=16 16 24 16 15 28 12 25 10 18 12 11 4 21 12 11 4 12 12 4 15 19 4 18 15 12 6 0 11 12 1 15 18 18 6 16 15 11 4 4 11 22 12 23 18 23 6 14 2 11 4 24 27 18 18 0 27 4 24 15 12 4
split_gain=915234 35165 31102.8 9693.04 7021.9 6280.87 6657.94 5831.73 9697.03 5806.3 5654.92 4904.43 4594.16 7011.7 19292.7 5796.25 4517.63 4417.85 3457.51 3544.36 3368.38 4549.94 5555.9 7294.15 6186.05 4085.15 4842.55 6078.19 4131.14 7007.8 4101.24 3510.33 3057.86 6398.71 5465.7 3023.31 3022.43 6464.89 4153.18 2955.51 3468.34 2778.83 2708.64 5544.22 4661.54 2661.37 4331.63 5046.68 7082.1 3929.59 4853.91 2904.36 2810.26 2712.23 4177.96 3653.01 2696.64 13202 3091.89 2626.44 2344.75 2496.12
threshold=0.072637180158366607 0.59258285569011748 1.0000000180025095e-35 0.014936528121723225 17555.500000000004 14.343907833099367 0.93301270189221952 1.0000000180025095e-35 1.0000000180025095e-35 1.0000000180025095e-35 0.25000000000000017 -0.24999999999999994 2.5000000000000004 4.5000000000000009 0.25000000000000017 0.25000000000000011 3.5000000000000004 -0.5 -0.9330127018922193 4.5000000000000009 17670.500000000004 3.5000000000000004 4.5000000000000009 1873.0000000000002 17664.500000000004 0.6830127018922193 1.0000000180025095e-35 7.5000000000000009 1.0000000180025095e-35 1.0000000180025095e-35 1318.5000000000002 17668.500000000004 1.0000000180025095e-35 579.00000000000011 1.0000000180025095e-35 0.0086281341194687656 17647.500000000004 0.68301270189221941 3.5000000000000004 1.0000000180025095e-35 1.0000000180025095e-35 536.50000000000011 -0.5 1.0000000180025095e-35 1.0000000180025095e-35 91.785713195800795 1.0000000180025095e-35 -0.5 2024.5000000000002 -0.6830127018922193 4.5000000000000009 136.82143402099612 336.65605163574224 214.50000000000003 386.00000000000006 8.5000000000000018 534.92489624023449 5.5000000000000009 234.64285278320315 17517.500000000004 0.25000000000000017 2.5000000000000004
decision_type=2 2 2 2 2 2 2 2 2 2 2 2 2 2 2 2 2 2 2 2 2 2 2 2 2 2 2 2 2 2 2 2 2 2 2 2 2 2 2 2 2 2 2 2 2 2 2 2 2 2 2 2 2 2 2 2 2 2 2 2 2 2
left_child=2 9 3 36 -4 6 7 8 17 11 -6 -2 42 15 -15 -14 -13 -3 19 -18 21 25 32 24 -24 28 27 -27 30 -30 -7 -28 34 -34 -23 -12 -1 -38 -39 40 -10 -8 44 -44 -9 46 56 52 -49 50 -47 -52 -48 55 -55 -51 58 -58 -22 -19 -11 -62
right_child=1 5 4 -5 10 20 41 12 39 60 35 16 13 14 -16 -17 18 59 -20 -21 45 22 23 -25 -26 26 31 -29 29 -31 -32 -33 33 -35 -36 -37 37 38 -40 -41 -42 -43 43 -45 -46 49 47 48 -50 53 51 -53 -54 54 -56 -57 57 -59 -60 -61 61 -63
leaf_value=-0.053394292762344281 -0.0049333666923987267 -0.039691813741076026 -0.028500633048772536 -0.038240809187948893 -0.039440380662674759 0.0044765622266689387 -0.0093264356658727104 -0.0097860142776212654 0.05352038347215015 -0.0058609045190036822 0.092437599355951861 -0.02182075586245201 0.0058111278503716101 0.0033037157006206887 0.054466847076778548 -0.0024937034413140746 0.042094608514165612 -0.014408113949720344 -0.012601418848161412 -0.0043297169557983328 0.0074800504389411666 0.0058691951530920735 0.010815853933627486 -0.049727205643843003 0.0014583973759740732 0.0091881681087736186 0.0077904425136601108 -0.0010672919074154344 0.00028593952194481048 0.0050451685492299437 0.012199429371772694 0.037806901127527603 -0.00040338838648331727 0.0070319263250429691 -0.007921147672186676 0.015114521109249757 -0.053271515550255548 -0.051972209901427084 0.088385369864543428 0.018029180094518243 0.0081519009123415705 0.19754472699481374 0.0077556960456882321 -0.0046349243826982909 0.0065372231456235722 0.0015702295029608648 0.016369689894128625 0.14008095252821703 0.035865022880344537 0.010914972209254449 0.0090710385503462478 -0.029728398624798411 -0.055548631249363434 0.020532305975126054 0.0065247119337254397 0.00025954703825402202 0.0069478775539575767 0.093489961206179889 -0.023336278031073947 0.011037514973843719 -0.0040100127162333099 0.022861875640440482
leaf_weight=710241.62576109916 146588.778986305 6834.8628878295422 102266.68428325653 130469.41792724282 4893.4483350068331 1450475.5385894775 161084.96978884935 209871.07364976406 16397.661443293095 37806.06593747437 1430.3366439342499 158171.03800213337 401471.56559240818 78521.591159939766 24074.744738399982 440758.45892941952 6066.368495836854 14587.266999781132 107260.76529383659 12756.688428804278 378650.36929541826 1471446.5541926026 696784.5912502408 5420.0624837875366 236590.76723110676 159580.49234896898 98762.235755443573 1526704.5372667313 1824457.7112883329 1342731.8963412046 195024.02984321117 10806.003206253052 920288.78596353531 422060.20883274078 75539.706033945084 10879.506091281772 5254.3693135306239 763.63224563747644 1700.4291855916381 31673.970499932766 5669.4375612139702 162.39301085472107 148112.44531401992 231215.51304292679 55252.072421491146 103995.3865070343 12454.091346740723 1943.8846288919449 10101.282199859619 105960.91349029541 6109.5768356323242 22904.490196228027 1524.5043182373047 60400.931447982788 448565.88272666931 333913.08058547974 24763.938209533691 5360.7590255737305 8318.2243537902832 33269.295318961143 14518.028727114201 21350.079215958714
leaf_count=6555585 342355 7240 528685 918473 22620 78625 76288 96967 3980 66638 3347 408772 159104 24290 6458 180967 12955 8271 268304 29801 12472 55269 22269 35 5395 8453 5318 79633 99804 65528 10766 235 23614 2050 2959 9890 41270 5788 4580 11280 2904 8 66869 95073 20432 675 382 38 288 494 105 155 18 489 1500 3180 143 25 79 10225 15647 21879
internal_value=-0.000357556 0.00282192 -0.0474145 -0.0507778 -0.0235289 0.00329524 0.000591416 0.00151361 0.0127327 -0.0101439 0.00602572 -0.012362 0.000748154 0.00296836 0.0153095 0.00146501 -0.0161929 -0.00208912 -0.00913286 0.010632 0.00371544 0.00339471 0.00476638 0.00810809 0.00844394 0.00260014 0.000565061 -9.67696e-05 0.00335952 0.00230362 0.00539188 0.0107508 0.00368061 0.00193441 0.00519581 0.0241001 -0.0530561 -0.0219348 0.0448851 0.0278167 0.0418647 -0.00911794 -0.00250687 0.000203107 -0.00638421 0.00591045 0.00917421 0.0289653 0.0526851 0.00457363 -0.00347485 -0.0215581 0.00852559 0.00570188 0.00818706 0.00282634 0.00793936 0.0223487 0.00681761 0.00328126 0.0028273 0.011985
internal_weight=1.5293e+07 1.43251e+07 967899 848429 119470 1.38206e+07 1.85896e+06 1.69771e+06 108432 504518 17203.3 430844 1.58928e+06 944826 102596 842230 284255 54691.4 126084 18823.1 1.19616e+07 1.04367e+07 3.82813e+06 938795 933375 6.60854e+06 1.79585e+06 1.68629e+06 4.81269e+06 3.16719e+06 1.6455e+06 109568 2.88934e+06 1.34235e+06 1.54699e+06 12309.8 717960 7718.43 2464.06 53741.1 22067.1 161247 644451 379328 265123 1.52497e+06 443117 26023.8 12045.2 1.08185e+06 133009 29014.1 13978.6 948841 508967 439874 417093 30124.7 386969 47856.6 73674.2 35868.1
internal_count=10506941 2416703 8090238 7525696 564542 1250352 770356 694060 43900 1166351 35857 1062187 650160 370819 30748 340071 719832 25736 311060 42756 479996 459953 111591 27699 27664 348362 93639 88086 254723 165332 89391 5553 83892 25664 58228 13237 6607223 51638 10368 18164 6884 76296 279341 161942 117399 20043 13445 726 326 6598 935 260 400 5663 1989 3674 12719 168 12551 18496 104164 37526
is_linear=0
shrinkage=0.05


Tree=59
num_leaves=63
num_cat=0
split_feature=16 16 27 16 17 17 27 17 17 11 10 12 25 10 12 1 4 1 13 11 9 25 4 6 13 12 26 1 27 12 26 1 4 7 13 1 13 21 15 11 12 1 16 17 4 10 12 21 4 25 12 25 12 11 14 9 17 15 4 15 20 27
split_gain=861671 31909.8 31417.5 10027 8567.2 6904.12 4992.52 4261.72 3781.19 8325.69 6064.64 3583.71 3501.11 4793.44 3392.08 3120.52 3385.56 3814.3 2961.99 7135.74 4835.98 6338.86 4347.16 3734.47 2689.57 2674.85 2542.34 2528.63 5528.5 6653.43 10773.3 5320.85 5991.67 5977.65 5733.8 4588.45 3895.08 3374.03 2924.64 2849.39 2514.52 4358.27 2394.4 2348.53 2380.94 2275.43 2984.43 4717.02 8069.84 2352.83 2276.5 5636.46 3249.4 2219.45 2254.4 2150.42 2105.29 2565.07 2092.58 1953.4 1951.7 1832.67
threshold=0.072637180158366607 0.50190850815850829 0.13363532289395155 0.014936528121723225 1.3262772688851634 0.30436202538835094 0.48302619159221655 31.691325979391426 0.72719933457285457 0.68301270189221941 -0.22252093395631442 0.25000000000000017 1.0000000180025095e-35 1.0000000180025095e-35 0.25000000000000017 1376.5000000000002 5.5000000000000009 1513.5000000000002 0.91597561503675362 0.93301270189221952 -1.0000000180025095e-35 172.05000305175784 3.5000000000000004 1.0000000180025095e-35 -0.70710678118654735 0.93301270189221952 2.9880689382553105 1124.5000000000002 248.52829742431643 0.25000000000000017 331.10479736328131 1110.5000000000002 5.5000000000000009 1.0000000180025095e-35 -0.9159756150367534 1318.5000000000002 0.91597561503675362 2335.0000000000005 17664.500000000004 -0.24999999999999994 -0.5 1463.5000000000002 0.0086281341194687656 0.32043056421099114 5.5000000000000009 1.0000000180025095e-35 0.25000000000000017 1.0000000180025095e-35 4.5000000000000009 1.0000000180025095e-35 0.6830127018922193 1.0000000180025095e-35 1.0000000180025095e-35 -0.5 -0.5 -0.8783796973249266 7.6463065865194197 16186.500000000002 3.5000000000000004 17615.500000000004 856.50000000000011 52.498037338256843
decision_type=2 2 2 2 2 2 2 2 2 2 2 2 2 2 2 2 2 2 2 2 2 2 2 2 2 2 2 2 2 2 2 2 2 2 2 2 2 2 2 2 2 2 2 2 2 2 2 2 2 2 2 2 2 2 2 2 2 2 2 2 2 2
left_child=2 6 3 8 12 -4 25 15 -1 -10 14 -7 13 -3 -11 18 40 24 20 22 21 -6 -20 -22 -18 45 -21 31 29 55 -31 32 37 36 -35 60 -33 -9 -34 -37 41 -17 -13 -8 -45 46 49 -48 -49 -2 52 -52 59 54 -14 -29 -46 -58 -16 -47 -30 -56
right_child=1 4 5 -5 7 11 43 27 9 10 -12 42 53 -15 58 16 17 -19 19 26 23 -23 -24 -25 -26 -27 -28 28 35 30 -32 33 38 34 -36 39 -38 -39 -40 -41 -42 -43 -44 44 56 50 47 48 -50 -51 51 -53 -54 -55 61 -57 57 -59 -60 -61 -62 -63
leaf_value=-0.053634587684023217 -0.041517460883182325 -0.0070509841292427482 -0.028107245419684408 -0.037587686379896061 0.004118849680146623 -0.029874534745930804 -0.0092020885864360514 0.003839038335774864 -0.053536038487626239 -0.055447321631630624 -0.04840615198877752 0.076233278891945852 -0.0032088175029288376 0.033156767114542213 -0.049621245987915084 0.018270941023469489 0.041132159157542932 -0.0020032998664999964 0.0096486128512677845 -0.03538180810443034 3.4095520213424893e-05 -0.006306382597769983 0.0015747498131366306 0.007059440512427905 0.015061309097015566 -0.034062985413609713 -0.007368470513826309 0.016172220855987691 0.0074741226478614422 0.018141125341193675 0.16365629746548049 -0.0036269512916525509 0.012378921644257574 -0.033452022578913776 0.016937924977819815 0.0054146320023457902 0.0087422014451097752 -0.016332933588396079 0.0043405478742028882 -0.0058812461783680006 0.00067321285228922028 -0.0029650550541590838 0.011053432900165062 -0.0024351036978146391 0.01307604230515527 -0.00081399626029671039 -0.013667413014460138 -0.0058748974874600537 0.1567662687110534 -0.020106594581656326 0.048052011886073588 -0.020051460983771783 -0.030428414431841251 -0.00291203067326967 0.0048002287705489364 0.0038884000664532272 0.17182452927574568 0.035920316791495738 0.073036821006880248 -0.030183073114511384 0.0031434294718343699 0.027992998480787169
leaf_weight=660539.0604897365 17189.552581846714 13116.385957270861 98464.683588251472 126208.6254408136 2433379.1998434961 5254.6227391213179 163849.18722611666 3329424.3498387337 16412.206594057381 730.6122483164072 2834.4730868712068 1600.9316802322865 109226.52850964665 17044.995821475983 383.64770562201738 68990.45795121789 18109.987818986177 16000.703636497259 432702.36900317669 10327.056100845337 2710577.4405810535 155100.57106208801 271218.92818838358 203353.53268453479 21804.312262952328 19730.84816095233 37546.647364735603 43305.259980559349 688816.11003112793 151801.02228537202 1282.61865234375 512574.4645216167 325660.72852236032 6144.332147359848 69502.799682080746 87749.142385482788 72669.995582580566 20859.326759338379 173413.0736258626 153465.18862724304 142761.61947801709 37181.276489108801 11750.572814151645 63671.269150912762 10393.875524193048 39659.078612759709 28237.247338473797 2283.8391842544079 1144.9337617605925 50614.498598381877 5685.2668082267046 6524.7093058079481 17259.947284683585 807312.95630776882 151082.84207203984 200992.27771368623 471.90235698223114 1313.8879867196083 3701.9441363215446 6604.5927814245224 418060.38205337524 9026.5506677627563
leaf_count=6439723 71869 15209 530214 918473 229608 22501 355843 63611 131028 6182 21032 3228 66506 11206 2612 7083 1896 1750 16136 1072 283284 1892 10228 20277 2906 67481 1773 1223 3991 4094 8 12337 5080 283 1023 789 387 115 3636 1511 18474 5535 8599 84971 14013 124023 88419 6136 1835 156467 15531 20268 55194 462167 69887 5889 107 659 6646 21092 1122 807
internal_value=-0.000344313 0.00267388 -0.0470419 -0.0505379 0.00309039 -0.022829 -0.0106673 0.00345492 -0.0529253 -0.0334557 0.00962016 0.00510339 -0.0011301 0.0156714 0.0437716 0.00256443 0.00750421 0.0186221 0.00232365 0.00526742 0.00192145 0.00349417 0.00653778 0.000524373 0.0268904 -0.0166097 -0.0134115 0.00438858 0.0060045 0.0111874 0.0193605 0.00376322 0.00447481 -0.000381439 0.012845 0.00447671 -0.00209106 0.00371344 0.00958584 -0.001772 0.00500691 0.0108341 0.0188698 -0.0058347 0.00143928 -0.0146441 -0.0196161 -0.00694265 0.0484357 -0.0255348 -0.00811365 0.0116589 -0.0119143 -0.00160079 0.00232953 0.00606591 0.0216936 0.071844 0.0615168 -0.00500688 0.00583845 0.00610782
internal_weight=1.52841e+07 1.43562e+07 927881 810811 1.39216e+07 117071 434635 1.28148e+07 684602 24062.9 7650.68 18606.1 1.10681e+06 30161.4 4816.2 6.55905e+06 304848 55915 6.25421e+06 751795 5.50241e+06 2.58848e+06 703921 2.91393e+06 39914.3 194935 47873.7 6.25572e+06 1.74547e+06 397381 153084 4.51025e+06 3.84936e+06 660892 75647.1 1.34809e+06 585244 3.35028e+06 499074 241214 248933 106172 13351.5 239700 75850.9 175204 99470.1 31666 3428.77 67804.1 75733.6 12210 63523.6 1.07665e+06 269336 244298 12179.7 1785.79 4085.59 46263.7 1.10688e+06 160109
internal_count=10506941 2416703 8090238 7525696 1332795 564542 1083908 707013 6607223 167500 36472 34328 625782 26415 15440 601914 37644 6552 564270 29209 535061 231500 26364 303561 4802 628315 2845 105099 18627 11214 4102 86472 72442 14030 1306 7413 12724 63726 8716 2300 31092 12618 11827 455593 99750 560834 324726 96390 7971 228336 236108 35799 200309 599367 137200 7112 14779 766 9258 145115 5113 70694
is_linear=0
shrinkage=0.05


Tree=60
num_leaves=63
num_cat=0
split_feature=28 15 28 14 12 12 28 10 9 13 28 15 15 11 11 12 18 20 4 21 12 4 20 26 20 19 21 28 11 21 9 1 15 27 9 23 12 9 1 25 21 15 6 11 18 18 1 2 14 4 26 11 10 18 6 4 15 11 11 10 10 13
split_gain=664708 73786 28585.9 25936.6 11404.5 10530.2 7887.1 7706.47 7534.71 6973.51 6929.68 5666.44 5475.33 4910.74 7637.02 4007.7 3699.23 3502.59 3446.45 4719.48 11803.1 9424.5 3810.08 4278.83 3669.19 4320.78 3672.96 3331.4 3193.85 3510.39 4218.7 3154.35 5128.3 4377.66 6473.97 4034.93 3730.5 3538.11 3393.89 3324.37 3271.2 3150.77 3090.07 3089.28 3306.39 4107 3474.77 5232.01 2983.2 2899.15 3206.05 4469.62 2885.96 4028.66 2836.41 2820.98 2712.27 2626.8 2478.66 10674.6 4332.43 2398.45
threshold=0.35544712841510778 15446.000000000002 1.7639427185058596 0.25881904510252057 0.25000000000000017 0.93301270189221952 1.0000000180025095e-35 0.81174490092936691 1.0000000180025095e-35 -0.60355339059327362 14.343907833099367 13909.500000000002 17615.500000000004 1.0000000180025095e-35 -0.5 0.93301270189221952 1.0000000180025095e-35 79.500000000000014 2.5000000000000004 8.5000000000000018 0.25000000000000017 3.5000000000000004 9.5000000000000018 3.7764923572540288 1.0000000180025095e-35 1.0000000180025095e-35 1.0000000180025095e-35 1.0000000180025095e-35 -0.24999999999999994 5.5000000000000009 -0.8783796973249266 411.50000000000006 17100.500000000004 534.92489624023449 0.87837969732492682 14.214285850524904 0.25000000000000017 -0.8783796973249266 1213.5000000000002 330.06666564941412 733.50000000000011 17627.500000000004 1.0000000180025095e-35 -0.93301270189221919 2.5000000000000004 232.50000000000003 332.50000000000006 2024.5000000000002 -0.60355339059327384 2.5000000000000004 0.55593636631965648 -0.6830127018922193 -0.22252093395631442 1191.0000000000002 1.0000000180025095e-35 1.0000000180025095e-35 17641.500000000004 -0.5 0.68301270189221941 1.0000000180025095e-35 1.0000000180025095e-35 -0.98296291314453399
decision_type=2 2 2 2 2 2 2 2 2 2 2 2 2 2 2 2 2 2 2 2 2 2 2 2 2 2 2 2 2 2 2 2 2 2 2 2 2 2 2 2 2 2 2 2 2 2 2 2 2 2 2 2 2 2 2 2 2 2 2 2 2 2
left_child=1 6 11 4 7 8 -1 27 58 12 15 -2 -5 14 -9 18 28 31 24 22 57 -22 23 -20 25 26 -4 -3 49 -30 -31 33 36 35 37 40 48 -35 -38 -36 -12 -18 -24 52 46 54 47 -45 -33 -13 -51 -52 -19 -54 -46 -47 -11 -21 60 -60 -6 -37
right_child=2 3 10 9 5 -7 -8 13 -10 56 17 16 -14 -15 -16 -17 41 43 19 20 21 -23 42 -25 -26 -27 -28 -29 29 30 -32 32 -34 34 39 61 38 -39 -40 -41 -42 -43 -44 44 45 55 -48 -49 -50 50 51 -53 53 -55 -56 -57 -58 -59 59 -61 -62 -63
leaf_value=-0.051843805396852662 -0.026649926096203553 -0.037476041285725792 0.0028061335959815858 -0.028388262977453105 -0.0047652355622340384 -0.040454622542133514 -0.034820262377165387 -0.042592174233937463 -0.017464214585618164 -0.045208788088905612 -0.00061260233227125246 -0.011699351778108014 0.017163438472895167 -0.022791000231905813 0.047952379442839123 -0.0080449883174207575 -0.00036024262582254069 0.0084983897122725208 -0.0033258364389509884 0.022353191715862669 -0.014337499730541584 0.065913681601756272 0.0095236856981011 0.0041873604042496912 -0.011602827122628806 -0.011132628109043143 -0.01213448739555173 -0.015848388493385192 -0.013024818542274844 0.11158457308164371 0.0030195730174337738 -0.002650746322239543 0.0039997752769723536 -0.023305269105402926 -0.0035088338807704603 0.0089140864121450905 -0.0056835369599473537 -0.0058163969976930763 0.011296866199462558 0.027818828244441287 -0.028797771664394334 0.034347781808435243 0.052732371587612514 0.023131275430080006 -0.0011941031551414916 -0.0027682208549469041 0.0053731957828768301 0.0078870635736710965 0.0046414571759626792 -0.005597598612910518 -0.0084466248403380541 0.029800217236711876 -0.012078489062329442 0.034570841591143604 0.012702835583415157 0.00594301547929715 -0.026191640183911864 -0.0021992667650884007 0.070681751144038768 -0.028002850971988843 0.019522937494836728 0.0027371865934312642
leaf_weight=547700.82635427266 42334.561390317976 59089.131986886263 405420.52673117816 28219.251365162432 36429.893484570086 15790.112538032234 77693.373828098178 3170.0566388368607 32440.547390721738 117991.8821567893 738407.77920109034 52177.086656711996 8609.391403183341 10635.244098834693 8774.8472568914294 144292.57610437274 55619.677115902305 34164.421185731888 382973.27140192688 14010.124044060707 4781.6897901594639 15572.087956726551 74931.512531012297 375117.96543869376 88993.892916768789 82845.779785826802 45780.650576263666 25486.134090386331 274053.79869126529 1195.0722601264715 3561.224500849843 205347.16696918011 5324716.461325258 35896.400987625122 14843.531785964966 182115.53848063946 314522.36996954679 148793.52342224121 32463.750617623329 19715.580345153809 10439.983508586884 7409.7800982147455 4379.5928885042667 70748.20157289505 502709.18689620495 102441.84352397919 1316676.2366228104 275354.1735701561 442416.91494995356 40960.560722768307 12239.618048921227 20319.863036647439 70516.441299319267 4953.1288909912109 39610.307095170021 1001356.2077150345 22293.561979390681 48971.915503486991 7064.1868712827563 4476.713258035481 37015.657325029373 1146710.5215395689
leaf_count=5534605 202100 330809 189545 169565 65154 93248 489204 15532 118550 997366 73952 98297 12701 44370 13822 66597 85971 715 218787 4097 1550 3623 24109 123977 41422 39460 24050 96622 557456 753 4390 13734 250289 288 124 4995 16224 1025 1448 75 269 5547 1258 1317 10346 785 25707 6308 21273 80138 20659 28547 1348 13 802 5512 107094 15483 22592 21772 54176 45394
internal_value=-0.000331355 -0.0388626 0.00249194 -0.0225848 -0.0118871 -0.00211933 -0.049729 -0.0240304 0.00303551 -0.0371033 0.00292386 -0.00913308 -0.0177395 0.00192007 0.0239222 -7.61888e-05 -0.00754695 0.00334466 0.000668629 0.00261199 0.0139595 0.0470601 0.00148272 0.00039183 -0.00220329 -0.000636936 0.00129019 -0.0309588 -0.00930255 -0.0122857 0.0303006 0.00280738 0.00338414 0.00122055 -0.00549896 0.00192963 8.87367e-05 -0.00921558 -0.00409485 0.0143631 -0.00100555 0.00372002 0.0119098 0.00469887 0.00497247 0.00338394 0.00654507 0.0110032 0.00232975 -0.00268559 0.00371141 0.0154225 -0.00355859 -0.00901675 -0.000179078 0.00513453 -0.0421867 0.00326229 0.0108606 0.0324017 0.00747565 0.00358373
internal_weight=1.52757e+07 1.04288e+06 1.42329e+07 417487 240373 133217 625394 107155 117427 177114 1.3723e+07 509871 36828.6 22580.1 11944.9 1.68807e+06 467537 1.20349e+07 1.54378e+06 920738 83335.8 20353.8 837402 758091 623041 534047 451201 84575.3 404507 278810 4756.3 8.61639e+06 6.31947e+06 2.29692e+06 219249 2.07767e+06 994750 184690 346986 34559.1 748848 63029.5 79311.1 3.41853e+06 3.3089e+06 1.64612e+06 1.66278e+06 346102 647764 125697 73520 32559.5 109634 75469.6 542319 1.1038e+06 140285 62982 84986.5 11540.9 73445.6 1.32883e+06
internal_count=10506941 8187182 2319759 2163373 876647 375492 6023809 501155 282244 1286726 1235901 1083858 182266 73724 29354 753958 881758 481943 687361 392884 24753 5173 368131 342764 294477 253055 213595 427431 790240 562599 5143 429090 302968 126122 1512 124610 52679 1313 17672 199 74221 91518 25367 52853 50777 17445 33332 7625 35007 227641 129344 49206 2076 1361 11148 6297 1104460 19580 163694 44364 119330 50389
is_linear=0
shrinkage=0.05


end of trees

feature_importances:
liaison_cible_encodage_controles=354
interaction_jour_liaison_controles=300
lag_1_controles=276
Mois=219
Heure=205
JourSemaine=197
rolling_mean_7_controles=171
mois_sin=155
liaison_frequence=155
heure_cos=153
mois_cos=136
rolling_mean_30_controles=129
rolling_mean_14_controles=119
rolling_std_7_controles=117
rolling_std_14_controles=117
EstRamadan=111
LiaisonId=110
jour_semaine_sin=101
lag_14_controles=100
lag_7_controles=99
rolling_std_30_controles=96
heure_sin=94
jour_semaine_cos=77
lag_365_controles=56
lag_30_controles=47
EstWeekend=44
EstFerie=33
Annee=11

parameters:
[boosting: gbdt]
[objective: tweedie]
[metric: rmse,tweedie]
[tree_learner: serial]
[device_type: cpu]
[data_sample_strategy: bagging]
[data: ]
[valid: ]
[num_iterations: 1000]
[learning_rate: 0.05]
[num_leaves: 63]
[num_threads: 2]
[seed: 42]
[deterministic: 1]
[force_col_wise: 0]
[force_row_wise: 1]
[histogram_pool_size: -1]
[max_depth: 8]
[min_data_in_leaf: 20]
[min_sum_hessian_in_leaf: 0.001]
[bagging_fraction: 0.8]
[pos_bagging_fraction: 1]
[neg_bagging_fraction: 1]
[bagging_freq: 0]
[bagging_seed: 400]
[bagging_by_query: 0]
[feature_fraction: 0.8]
[feature_fraction_bynode: 1]
[feature_fraction_seed: 30056]
[extra_trees: 0]
[extra_seed: 12879]
[early_stopping_round: 0]
[early_stopping_min_delta: 0]
[first_metric_only: 0]
[max_delta_step: 0]
[lambda_l1: 0.1]
[lambda_l2: 0.1]
[linear_lambda: 0]
[min_gain_to_split: 0]
[drop_rate: 0.1]
[max_drop: 50]
[skip_drop: 0.5]
[xgboost_dart_mode: 0]
[uniform_drop: 0]
[drop_seed: 17869]
[top_rate: 0.2]
[other_rate: 0.1]
[min_data_per_group: 100]
[max_cat_threshold: 32]
[cat_l2: 10]
[cat_smooth: 10]
[max_cat_to_onehot: 4]
[top_k: 20]
[monotone_constraints: ]
[monotone_constraints_method: basic]
[monotone_penalty: 0]
[feature_contri: ]
[forcedsplits_filename: ]
[refit_decay_rate: 0.9]
[cegb_tradeoff: 1]
[cegb_penalty_split: 0]
[cegb_penalty_feature_lazy: ]
[cegb_penalty_feature_coupled: ]
[path_smooth: 0]
[interaction_constraints: ]
[verbosity: 1]
[saved_feature_importance_type: 0]
[use_quantized_grad: 0]
[num_grad_quant_bins: 4]
[quant_train_renew_leaf: 0]
[stochastic_rounding: 1]
[linear_tree: 0]
[max_bin: 255]
[max_bin_by_feature: ]
[min_data_in_bin: 3]
[bin_construct_sample_cnt: 200000]
[data_random_seed: 175]
[is_enable_sparse: 1]
[enable_bundle: 1]
[use_missing: 1]
[zero_as_missing: 0]
[feature_pre_filter: 1]
[pre_partition: 0]
[two_round: 0]
[header: 0]
[label_column: ]
[weight_column: ]
[group_column: ]
[ignore_column: ]
[categorical_feature: ]
[forcedbins_filename: ]
[precise_float_parser: 0]
[parser_config_file: ]
[objective_seed: 16083]
[num_class: 1]
[is_unbalance: 0]
[scale_pos_weight: 1]
[sigmoid: 1]
[boost_from_average: 1]
[reg_sqrt: 0]
[alpha: 0.9]
[fair_c: 1]
[poisson_max_delta_step: 0.7]
[tweedie_variance_power: 1.1]
[lambdarank_truncation_level: 30]
[lambdarank_norm: 1]
[label_gain: ]
[lambdarank_position_bias_regularization: 0]
[eval_at: ]
[multi_error_top_k: 1]
[auc_mu_weights: ]
[num_machines: 1]
[local_listen_port: 12400]
[time_out: 120]
[machine_list_filename: ]
[machines: ]
[gpu_platform_id: -1]
[gpu_device_id: -1]
[gpu_device_id_list: ]
[gpu_use_dp: 0]
[num_gpu: 1]

end of parameters

pandas_categorical:[]
