tree
version=v4
num_class=1
num_tree_per_iteration=1
label_index=0
max_feature_idx=28
objective=tweedie
feature_names=Heure Annee Mois JourSemaine EstWeekend EstFerie EstRamadan EstVacances jour_semaine_sin jour_semaine_cos mois_sin mois_cos heure_sin heure_cos liaison_frequence liaison_cible_encodage_controles interaction_jour_liaison_controles lag_1_controles lag_7_controles lag_14_controles lag_30_controles lag_365_controles rolling_mean_7_controles rolling_mean_14_controles rolling_mean_30_controles rolling_std_7_controles rolling_std_14_controles rolling_std_30_controles LiaisonId
feature_infos=[0:23] [2024:2025] [1:12] [0:6] [0:1] [0:1] [0:1] none [-0.97492791218182362:0.97492791218182362] [-0.90096886790241903:1] [-0.8660254037844386:1] [-1:1] [-1:1] [-1:1] [166:17674] [0:1835.972366148532] [0:401.12219227313568] [0:4154] [0:5200] [0:4386] [0:3927] [0:4906] [0:3671.71435546875] [0:3177.428466796875] [0:2603.36669921875] [0:3704.0517578125] [0:2735.440673828125] [0:2200.9365234375] [0:2397]
tree_sizes=6704 6749 6836 6829 6798 6801 6721 6825 6795 6833 6824 6911 6850 6880 6838 6870 6918 6861 6919 6943 6957 6918 6980 6999 7019 6981 7053 6996 7053 7017 7017 7045 7036 7060 7055 7071 7014 7098 7108 7087 7117 7048 7070 7095 7155 7090 7062 7127 7122 7134 7105 7139 7080 7116 7067

Tree=0
num_leaves=63
num_cat=0
split_feature=15 15 15 15 15 15 15 15 15 15 15 15 15 9 15 15 2 0 2 9 23 2 0 2 16 14 13 14 9 16 23 28 2 26 23 0 2 15 15 23 9 0 2 9 2 16 13 2 2 28 14 2 28 3 14 14 2 14 15 15 28 0
split_gain=1.28203e+08 5.70967e+06 5.45881e+06 733049 708414 523178 506764 114997 104211 90517 54882.6 51550.3 50464.7 44448.7 39812.1 29105.2 27309.3 30532.9 53014.4 24856.5 24211.4 22591.1 35878.7 40340.7 19318.2 19042.5 18179.8 16460.6 15768.9 15490 15439.7 15244.4 14861.8 13719.2 13162.1 12814.5 12457.7 11786.9 11520 11192.5 11113.3 11082.9 17585.7 11030.5 10808.9 10383.7 25457.1 26132.2 12745.4 11863 10253.3 10233.5 9681.48 9059.49 9006.75 8721.94 8564.49 8559.48 9612.85 8307.3 8033.06 8750.74
threshold=12.087012987012988 50.684652062435347 2.1808849955076375 22.091435574229696 109.11370499419282 5.0427866080851169 0.55624360940695305 35.176199442425307 170.32598103701974 7.8512114537444946 1.2297305506688774 77.354074074074092 0.18960591827497422 -0.56174490092936669 3.3586690124818381 15.197483332485115 2.5000000000000004 16.500000000000004 1.5000000000000002 -0.56174490092936669 528.57144165039074 2.5000000000000004 16.500000000000004 1.5000000000000002 7.6764785907381148 17669.500000000004 -0.5 15973.000000000002 -0.56174490092936669 6.591974796037297 22.178570747375492 356.50000000000006 10.500000000000002 171.71687316894534 16.821429252624515 13.500000000000002 10.500000000000002 25.694882730031036 10.886656738644826 40.535715103149421 -0.56174490092936669 14.500000000000002 1.5000000000000002 -0.56174490092936669 1.5000000000000002 6.591974796037297 -0.70710678118654757 2.5000000000000004 1.5000000000000002 316.50000000000006 17666.500000000004 10.500000000000002 1289.5000000000002 3.5000000000000004 16126.500000000002 17647.500000000004 9.0000000000000018 16205.000000000002 62.103145688878449 42.617451917605557 1135.5000000000002 7.5000000000000009
decision_type=2 2 2 2 2 2 2 2 2 2 2 2 2 2 2 2 2 2 2 2 2 2 2 2 2 2 2 2 2 2 2 2 2 2 2 2 2 2 2 2 2 2 2 2 2 2 2 2 2 2 2 2 2 2 2 2 2 2 2 2 2 2
left_child=2 3 6 13 11 14 12 19 -6 28 39 21 45 24 33 -15 17 41 -19 27 -10 22 35 -24 34 57 43 -5 29 52 55 -26 50 56 -2 -3 37 -21 51 -8 -16 -9 -43 -18 -37 -1 47 49 -48 -47 -17 -11 -7 -31 -40 -28 -4 -23 -59 -45 61 -38
right_child=1 4 5 7 8 9 10 16 20 38 -12 -13 -14 15 40 32 26 18 -20 36 -22 25 23 -25 31 -27 30 -29 -30 53 -32 -33 -34 -35 -36 44 60 -39 54 -41 -42 42 -44 59 -46 46 48 -49 -50 -51 -52 -53 -54 -55 -56 -57 -58 58 -60 -61 -62 -63
leaf_value=0.73149461657486381 0.97105699957650093 1.1709130180499914 0.81420577566977603 0.93520043581143275 1.217091991688138 0.87932948388289234 0.75974405471196937 1.1437950377624069 1.2474844528075539 0.92268093156140074 0.78394316813344378 1.1864448679151902 0.74373839852597434 0.94944059489403221 0.85667695174740011 0.98988875640608431 1.1106012004863817 1.1279892586549369 0.855568797223764 1.0345939055144 1.2695447517155607 1.1101701522947658 1.1554111703045913 0.94908162925346606 0.98833660524078171 1.1748904779991916 1.048879739040792 1.0880181056002554 0.86965877029623584 0.90169219767305508 1.1342482663431273 1.0512721756895391 0.95344738959442654 1.2002989631853858 1.0241674370774632 1.1703658145655287 1.0849007167987343 1.0665994745867016 0.88722887098836667 1.1867641289433037 0.83185452415716288 1.091413838339178 1.2357253558256527 1.0542938129811898 1.2382112882505942 1.0947001648983523 0.80333968288692092 0.73072724610941342 0.73224193772752344 0.87938697524367793 1.0358344443623053 0.88951496840885902 0.94007448261451065 0.98734179786001453 0.95029948681184229 1.1088204775933697 0.79097406884631039 1.1289633630391682 1.1544559140425372 1.0913876085522685 1.0629350450979254 0.99291414785549548
leaf_weight=14393599.969915867 30101.585070729256 29964.24943459034 198506.2935898304 1803.4082033634186 278914.57765769958 51095.93883061409 629336.91916036606 35547.959948182106 407851.40942144394 124218.14880287647 378392.84301269054 189318.29899477959 906528.59225177765 78283.189388513565 64560.758409023285 96624.275777935982 29495.375023603439 7057.5174552202225 2391.033833861351 41062.767719507217 179060.11230564117 24745.003521561623 8513.1198136806488 3282.8354235887527 12838.442200541496 42147.020144701004 9475.3071892261505 77787.343749523163 162658.78843522072 5648.4016652107239 52102.349107980728 38437.786555409431 25698.295938372612 224.75294458866119 19052.792182564735 8377.2611235380173 2997.9942446947098 96173.523716211319 6397.1372286081314 153.3879542350769 149537.73758029938 2796.2104991674423 8631.2929606437683 29482.688351631165 19674.164604902267 1096.4742755889893 7414.1192796230316 2041.7978303432465 42074.21385216713 1536.071277141571 13891.861026525497 28620.414530038834 7526.0280264616013 6811.9770618677139 49226.868588447571 16906.808503746986 49580.878569960594 72635.232059836388 75436.872102379799 30960.596301555634 8467.9892164468765 18828.36058485508
leaf_count=7870352 9352 3407 92360 624 19019 20494 326596 4992 15594 44515 187343 18628 484746 25989 27336 28226 5107 1101 1015 10186 2953 4295 1098 1091 3770 4627 2217 15200 66791 2141 7807 8903 8430 19 4922 957 595 20823 2516 15 66975 537 430 6741 932 207 3529 1118 22975 616 3429 11192 2568 2007 16301 2957 24204 11262 9801 5947 1864 5444
internal_value=0.786278 1.15257 0.74116 1.04567 1.21535 0.860724 0.734549 1.08509 1.24226 0.899608 0.768894 1.16622 0.732295 0.986591 0.82354 0.973737 1.11096 1.14107 1.05905 1.06155 1.25421 1.15278 1.17749 1.09799 1.01404 1.14475 1.10088 1.08456 0.878244 0.89789 1.11847 1.03552 0.9877 0.809917 0.991644 1.19366 1.05062 1.05702 0.923562 0.759848 0.83934 1.15757 1.20042 1.08553 1.21795 0.731577 0.753429 0.864963 0.742894 0.969077 0.995664 0.91647 0.887128 0.948518 0.943046 1.08729 0.809563 1.1374 1.14195 1.07329 1.02159 1.00555
internal_weight=1.93936e+07 2.12682e+06 1.72668e+07 786897 1.33992e+06 904614 1.63622e+07 471969 865826 442204 1.00788e+06 474094 1.53543e+07 314928 462410 214498 224847 56424 9448.55 247121 586912 284776 69811.6 11796 100431 214964 168423 79590.8 233741 71082.3 78484.5 51276.2 136214 248312 49154.4 58015.7 167531 137236 208463 629490 214098 46975.5 11427.5 89938.7 28051.4 1.44478e+07 54162.7 4674.34 49488.3 2632.55 110516 152839 58622 12460.4 55624 26382.1 248087 172817 148072 60443.3 30294.3 21826.4
internal_count=9557188 280272 9276916 186608 93664 379419 8897497 93587 37566 168525 513954 56098 8383543 93021 210894 66074 38851 8075 2116 54736 18547 37470 7485 2189 26947 29985 30776 15824 94001 27210 12981 12673 40085 116583 14274 5296 38912 31009 74524 326611 94311 5959 967 17795 1889 7898797 28445 1941 26504 823 31655 55707 23062 4148 18817 5174 116564 25358 21063 12688 7903 6039
is_linear=0
shrinkage=1


Tree=1
num_leaves=63
num_cat=0
split_feature=15 15 15 15 15 15 15 15 15 15 24 15 15 15 15 2 24 13 2 2 13 2 0 2 27 24 24 2 13 24 0 2 0 2 13 14 14 0 2 2 10 0 2 24 15 14 14 2 13 0 12 2 13 16 13 2 27 2 13 2 13 13
split_gain=1.11674e+08 5.82681e+06 5.77599e+06 747118 721944 556796 463672 155505 142403 76444.7 61468.2 58654.2 53442.5 52751 38926.6 37425.7 34871.8 32755.5 41166 26358.5 91349 37307.6 28844.5 22807.9 21899 20987 20303.9 21606 51551.2 16863.1 15913.6 15311.5 37065.7 24728.6 16802.1 17104.3 14977.6 15434.7 13784.2 13540.2 13126.1 12625.8 12421.9 12298 12179.6 12179 12022 11918.3 11723.7 11453.9 11335.9 11211.2 31102.8 10831.4 22250.3 22452.2 10497.9 12043.7 38661.1 28616.2 15610.5 10349.6
threshold=13.471143590187092 62.103145688878449 2.0564714284874532 170.32598103701974 25.694882730031036 5.5211811408994516 0.46928519593613938 109.11370499419282 42.617451917605557 8.8133080609618926 393.21667480468756 3.3586690124818381 1.1053892868622861 19.020693046024927 0.14411645868622672 2.5000000000000004 74.049999237060561 -0.37940952255126015 1.5000000000000002 2.5000000000000004 -0.37940952255126015 1.5000000000000002 14.500000000000002 1.5000000000000002 100.49129867553712 43.883333206176765 15.750000000000002 2.5000000000000004 -0.5 28.666666984558109 13.500000000000002 2.5000000000000004 16.500000000000004 1.5000000000000002 -0.5 16205.000000000002 17668.500000000004 16.500000000000004 10.500000000000002 1.5000000000000002 0.68301270189221941 13.500000000000002 1.5000000000000002 8.8166666030883807 4.2766823634089635 17138.000000000004 17670.500000000004 10.500000000000002 -0.5 17.500000000000004 -0.78656609248549292 2.5000000000000004 -0.5 7.6764785907381148 0.1294095225512602 2.5000000000000004 71.093193054199233 2.5000000000000004 -0.37940952255126015 1.5000000000000002 -0.5 -0.5
decision_type=2 2 2 2 2 2 2 2 2 2 2 2 2 2 2 2 2 2 2 2 2 2 2 2 2 2 2 2 2 2 2 2 2 2 2 2 2 2 2 2 2 2 2 2 2 2 2 2 2 2 2 2 2 2 2 2 2 2 2 2 2 2
left_child=2 4 6 7 13 11 14 16 19 47 -5 24 -8 26 53 17 31 30 -19 20 22 -22 -6 -24 -4 -17 27 28 -2 51 -10 32 41 -34 35 -33 37 -21 -11 -32 48 -3 -30 -40 -13 -18 -12 -7 -28 -20 -23 52 -15 -1 55 -55 -9 58 -58 -60 -59 -27
right_child=1 3 5 10 8 9 12 56 15 38 46 44 -14 29 -16 25 45 18 49 36 21 50 23 -25 -26 61 40 -29 42 -31 39 34 33 -35 -36 -37 -38 -39 43 -41 -42 -43 -44 -45 -46 -47 -48 -49 -50 -51 -52 -53 -54 54 -56 -57 57 60 59 -61 -62 -63
leaf_value=-0.054828061195316372 0.25167138593875565 0.34774036025156158 0.019879818381588824 0.43602363784969667 0.29117670388119832 0.094955457768146193 -0.028836420371546156 0.35254483371937939 0.33360444337091893 0.13554500966526128 0.45956990332390357 0.041698648740393113 -0.0059745341082220078 0.27453537904851344 -0.044354349881850094 0.27714349809813682 0.33154532412680926 0.33079500503557457 0.21930961188701278 0.23235368604630335 0.24099609703089181 0.04814747936997163 0.27983693338430021 0.40844418954256795 0.36243488434366511 0.29480098283537864 0.17631294366517081 0.14580227194215109 0.15824429993998368 0.23608892088733266 0.33893778464571828 0.25248777651617099 0.31537283813036604 0.11028616813894659 0.34480922869221692 0.32063313873694577 0.28161571845198724 0.26098028198764117 0.079330520133951338 0.42181605042553083 0.16083392213636338 0.4081802320237673 0.049942419880378265 0.13145810311938086 0.062770277349852702 0.3710035239299021 0.48141929523175553 0.066719050616612749 0.21902323423547232 0.064054984895269201 0.18292011106758099 0.19173659582007685 0.16317299122212159 0.14832981753352367 -0.044094285568685214 -0.055550957995902983 0.44476850010623531 0.37614966865199467 0.39594175331042747 0.25272504040399218 0.40559449982657558 0.32514349086884209
leaf_weight=13490599.93776083 16736.041720151901 14920.694454669952 292619.55481481552 320909.39278578758 35086.838137388229 201504.14548456669 679826.30594718456 11093.197009801865 23325.216511726379 188490.42495214939 149245.29110765457 132727.19996988773 409664.9826438427 15386.467247724533 963894.94923698902 87921.619663715363 22244.055797576904 12508.147188425064 3245.0043301582336 129212.77182364464 12445.258566856384 4429.8276767730713 4864.8198318481445 11844.073308467865 467.20196139812469 57059.674676895142 27087.949035167694 85643.995157003403 6137.8417501449585 46385.666487932205 7550.7888901233673 10935.389733791351 5474.1625747680664 2009.6279830932617 68479.909762859344 58405.229628562927 28300.469736337662 74108.884680271149 23139.111305236816 14211.528237819672 27972.41583275795 20557.962974309921 4656.5165112018585 22144.113684892654 141893.38360273838 162562.94637846947 109055.22183060646 45883.086704015732 39511.576245546341 1874.3494479656219 2408.7031412124634 87472.293680906296 10583.697104930878 3278.404413819313 31201.940245389938 2295.9307541847229 47239.526635408401 65806.681302547455 13549.948349237442 4698.3017098903656 142682.09075522423 55433.296654224396
leaf_count=7749967 3421 1578 136058 13356 5428 73496 363978 1094 2744 59064 3891 57169 205531 2760 538730 14381 2636 1512 704 26422 2428 1620 810 786 54 8558 7198 25127 1725 9713 869 1944 706 605 7419 7328 4702 13493 8523 741 7754 1285 1728 7102 57614 14547 1300 18017 9117 721 587 21598 2845 1038 17403 1321 1745 5451 943 777 9009 7017
internal_value=-9.11646e-05 0.337845 -0.0440519 0.409334 0.243651 0.0695213 -0.0516974 0.372565 0.279093 0.109092 0.450638 0.0359831 -0.02024 0.189093 -0.0540624 0.305997 0.35098 0.339708 0.281912 0.255706 0.282342 0.189443 0.316929 0.371002 0.020426 0.295448 0.172479 0.158189 0.196723 0.210689 0.362304 0.335365 0.361432 0.260304 0.327239 0.309887 0.247532 0.242788 0.129594 0.393062 0.189579 0.382763 0.111526 0.104822 0.0525862 0.366254 0.468795 0.0897185 0.201652 0.16247 0.0956205 0.200302 0.229153 -0.0547542 -0.0276558 0.064356 0.400247 0.402178 0.420889 0.35907 0.396301 0.309753
internal_weight=1.87929e+07 2.16328e+06 1.66296e+07 1.22987e+06 933406 1.04887e+06 1.55808e+07 650660 565831 481161 579210 567707 1.08949e+06 367574 1.44913e+07 263130 365590 62715 17627.5 302702 71079.5 19283.8 51795.7 16708.9 293087 200415 207746 113174 27530.4 159828 45087.5 180783 42962.4 7483.79 137821 69340.6 231622 203322 233774 21762.3 94571.9 35478.7 10794.4 45283.2 274621 184807 258301 247387 66599.5 5119.35 6838.53 113442 25970.2 1.35274e+07 36776.3 5574.34 285070 273977 65487.8 18248.3 208489 112493
internal_count=9557188 262123 9295065 75614 186509 417097 8877968 57067 93523 166202 18547 250895 569509 92986 8308459 37247 38048 7291 2937 56276 11659 4635 7024 1596 136112 29956 56070 32001 6874 36916 4354 20865 4174 1311 16691 9272 44617 39915 74689 1610 24069 2863 3453 15625 114783 17183 5191 91513 16315 1425 2207 27203 5605 7769729 19762 2359 19019 17925 3465 1720 14460 15575
is_linear=0
shrinkage=0.05


Tree=2
num_leaves=63
num_cat=0
split_feature=15 15 15 15 15 15 15 15 24 15 15 15 15 2 15 15 12 2 2 9 24 14 9 12 12 2 27 2 12 2 2 27 2 12 2 24 12 12 26 14 12 9 14 24 12 15 9 12 27 12 16 14 15 2 16 5 24 9 12 14 16 14
split_gain=9.6176e+07 6.26675e+06 5.36291e+06 952177 680394 470977 442313 148405 115797 88080.8 79087.4 76659.9 53387.2 37843.1 37610.9 34747.9 33967.3 33545.9 31359.2 30676.9 30060.4 25260.1 24433.8 21062.3 20691.9 26229.2 18763.2 18340.7 37757.2 32706.7 18231.3 16559.8 16550.9 53219.9 26428.9 24363.7 19082.2 18839.8 16600.2 16368 16219.3 15892.8 15791.4 15711.9 15287.1 15272.9 14702.2 26256.5 14873.2 14263.4 13997.3 13702.9 13326 13068.7 12595.5 14051.3 12133.3 11907.8 11796.1 11618.2 11584.9 11491
threshold=13.471143590187092 77.354074074074092 2.0564714284874532 35.176199442425307 170.32598103701974 0.45037230526277139 5.0427866080851169 22.091435574229696 393.21667480468756 50.684652062435347 109.11370499419282 7.8512114537444946 1.2297305506688774 2.5000000000000004 0.14411645868622672 3.0887019146932659 -0.9159756150367534 2.5000000000000004 1.5000000000000002 -0.56174490092936669 48.283332824707038 17670.500000000004 -0.56174490092936669 -0.9159756150367534 -0.25881904510252113 1.5000000000000002 100.49129867553712 2.5000000000000004 -0.9159756150367534 1.5000000000000002 1.5000000000000002 117.86037826538087 2.5000000000000004 -0.9159756150367534 1.5000000000000002 111.40000152587892 -0.5 -0.98296291314453399 52.441331863403327 17669.500000000004 0.60355339059327384 -0.56174490092936669 17138.000000000004 25.94999980926514 0.78656609248549325 10.886656738644826 -0.56174490092936669 0.91597561503675362 29.127501487731937 0.25881904510252091 64.420999820731438 15973.000000000002 0.83108756549255591 1.5000000000000002 6.591974796037297 1.0000000180025095e-35 137.76667022705081 -0.56174490092936669 -0.9159756150367534 17647.500000000004 6.591974796037297 17660.500000000004
decision_type=2 2 2 2 2 2 2 2 2 2 2 2 2 2 2 2 2 2 2 2 2 2 2 2 2 2 2 2 2 2 2 2 2 2 2 2 2 2 2 2 2 2 2 2 2 2 2 2 2 2 2 2 2 2 2 2 2 2 2 2 2 2
left_child=2 3 5 7 10 14 15 19 41 17 27 57 52 16 -1 26 18 23 -11 40 -15 -10 51 30 25 -18 -4 28 29 -3 -5 -24 33 34 38 -34 53 -36 -12 -22 -2 49 58 -21 -23 -13 -19 48 -48 50 -6 -9 -7 -35 -25 -56 -43 60 -29 -33 -8 -61
right_child=1 4 6 9 8 12 11 22 21 13 32 45 -14 20 -16 -17 24 46 -20 43 39 44 31 54 -26 -27 -28 42 -30 -31 -32 59 35 36 37 -37 -38 -39 -40 -41 -42 56 -44 -45 -46 -47 47 -49 -50 -51 -52 -53 -54 -55 55 -57 -58 -59 -60 61 -62 -63
leaf_value=-0.054710214042477806 0.18775743157297289 0.32214760409651505 0.01608638232393984 0.24398169622181901 0.36808481843659724 -0.032395535010701734 0.081026325770325924 0.10377620843378549 0.43859064462126274 0.29035081447443839 0.072778583784707876 0.10104992479891305 -0.0034315402665218322 0.25445169591271399 -0.044112073866761484 0.042355973204059705 0.29611174903165433 0.25763091496829088 0.11331850444189928 0.13784652047331664 0.28155113555112204 0.43904839398565704 0.18949332222269491 0.22753829713817933 0.30464282563632772 0.39369976268380619 0.33376440917274441 0.32043756681502755 0.37491119790248639 0.12884967576976156 0.055449488442398942 0.1826833103677111 0.33744432696585736 0.38277904648609656 0.059797401041953926 0.37082175724436794 0.37641253577737183 0.27747214879058285 0.35783615451578904 0.31993565634483395 0.13232536503124684 0.39133007396151137 0.3231313220206512 0.17039860918958799 0.48198751587397964 0.12362193990024305 0.1681469507645279 0.28925198784099104 0.22642922714837727 0.35262973993729563 0.41979247304228684 0.22928560943823345 -0.018748612920935191 0.45711634230344544 0.30231251647402646 0.14863177517991694 0.41868041153517627 0.066709959964592391 0.25523485138509633 0.29301965438086869 0.13083544037473069 0.21885536148252888
leaf_weight=12877765.740812659 83042.811734676361 8098.3067741394043 251266.57903635502 4916.1944987773895 20907.161328315735 482860.0067769289 65876.777715682983 2227.5234773159027 148593.33274745941 9107.086377620697 536.40663838386536 176805.40510010719 335690.07842445374 92711.115139007568 895342.58356964588 276241.93906033039 10337.065259933472 63027.886793613434 3449.1781625747681 164033.9883954525 121181.86597299576 28283.826023101807 171829.35022377968 7338.3942210674286 34033.391076803207 20636.085714578629 465.57090044021606 11830.177374839783 37494.717813014984 2999.0913362503052 1734.9516351222992 9346.4186999797821 90932.970130681992 8229.6521048545837 1560.282844543457 137204.75587487221 24508.627612829208 2739.5672383308411 10711.072875022888 36043.427851438522 15691.587301254272 51041.35796546936 133525.01074695587 47897.449177265167 77795.004100799561 130088.53745603561 12164.402870178223 15731.112232685089 109523.60144710541 21603.905474662781 35048.711762428284 92366.212986946106 284157.40204119682 21049.607001066208 49022.075790405273 1534.3396859169006 197952.36544179916 181753.50831747055 16783.850694179535 8889.7908911705017 14189.068530321121 12670.775990724564
leaf_count=7769729 17673 725 115729 703 1212 267898 23062 624 3891 1000 110 55707 167814 12491 520611 114646 1055 8817 979 42318 14164 720 33695 1097 3407 1044 48 1077 2310 602 659 1856 6967 434 363 8305 1399 318 714 3330 4030 2438 11771 10851 580 36966 2436 1881 17642 1399 1235 15200 151916 409 5321 295 7072 66791 2143 1146 4148 2215
internal_value=-0.000191569 0.302849 -0.0436374 0.224053 0.389677 -0.0515039 0.0630671 0.180095 0.426626 0.269162 0.347419 0.0936623 -0.0200615 0.286504 -0.0540213 0.0301111 0.317015 0.24773 0.241722 0.155928 0.277035 0.451898 0.205346 0.279081 0.331558 0.361132 0.0166741 0.323983 0.350932 0.269911 0.194805 0.195554 0.364021 0.385419 0.303934 0.357518 0.408971 0.198489 0.344243 0.290351 0.178948 0.406916 0.315907 0.145204 0.470539 0.110618 0.237634 0.228462 0.220603 0.387147 0.400473 0.22633 -0.0273398 0.436224 0.288763 0.297649 0.413074 0.0737875 0.282193 0.229251 0.0898536 0.249436
internal_weight=1.82624e+07 2.28992e+06 1.59725e+07 1.20049e+06 1.08943e+06 1.48758e+07 1.09669e+06 607996 581226 592492 508204 568713 1.10271e+06 327499 1.37731e+07 527974 77562.8 264993 12556.3 310666 249936 254672 297330 64546 65006.5 30973.2 251732 210731 48592.1 11097.4 6651.15 202736 297473 69335.2 15547.3 228138 53787.9 4299.85 11247.5 157225 98734.4 326554 162139 211931 106079 306894 200447 137419 121688 77559.8 55955.9 94593.7 767017 29279.3 57894.8 50556.4 248994 261819 28614 30907 80065.8 21560.6
internal_count=9557188 262123 9295065 205929 56194 8877968 417097 129608 18547 76321 37647 186674 587628 37470 8290340 230423 7485 38851 1979 74872 29985 5191 54736 8075 5506 2099 115777 18628 3637 1327 1362 38912 19019 3747 1505 15272 2242 681 824 17494 21703 13356 14991 53169 1300 92673 30776 21959 20078 3846 2447 15824 419814 843 6713 5616 9510 94001 3220 5217 27210 3361
is_linear=0
shrinkage=0.05


Tree=3
num_leaves=63
num_cat=0
split_feature=15 15 15 15 15 15 15 24 15 15 15 15 15 24 15 14 24 9 15 10 28 24 0 10 9 9 9 0 0 10 14 1 28 24 14 14 23 1 14 24 28 0 9 14 21 24 0 24 24 1 14 10 14 24 24 14 14 14 28 0 14 9
split_gain=8.2065e+07 6.67719e+06 4.46614e+06 902389 890882 429842 306386 193482 150468 87719.3 76775.8 52006.8 42867 40921.9 35382.8 29584.8 29234.9 28246.9 22086.9 21436.9 19540.7 19189.2 19154.1 19124.4 18682.1 17555.8 17096.9 18811.7 16602.2 16489.8 16364.3 16167.2 15380.8 15259 19785.9 15117 14784.9 14539.4 14178.2 13931.2 13389.1 15769.1 13367.5 29825.2 21602.9 12712.9 12691.6 12361.5 12338.9 11855.7 19752.5 11759.6 11654.8 11580.7 11535.6 11304.4 11249.3 11231.5 10918.2 10617.1 10299 9949.48
threshold=12.087012987012988 77.354074074074092 1.5531030211881276 35.176199442425307 170.32598103701974 4.6409445330497965 0.33359334373374944 522.36666870117199 22.091435574229696 109.11370499419282 50.684652062435347 7.8512114537444946 2.8607465394573222 319.09999084472662 0.83108756549255591 17670.500000000004 40.383333206176765 -0.56174490092936669 0.10025384798757821 0.68301270189221941 275.50000000000006 26.649999618530277 8.5000000000000018 0.68301270189221941 -0.56174490092936669 -0.56174490092936669 -0.56174490092936669 11.500000000000002 7.5000000000000009 1.0000000180025095e-35 16205.000000000002 2024.5000000000002 348.50000000000006 126.83333587646486 17664.500000000004 16170.000000000002 54.892856597900398 2024.5000000000002 17666.500000000004 60.600000381469734 1057.5000000000002 17.500000000000004 -0.56174490092936669 17392.500000000004 680.50000000000011 23.716667175292972 7.5000000000000009 5.3166668415069589 137.76667022705081 2024.5000000000002 17642.500000000004 0.93301270189221952 17659.500000000004 35.116666793823249 6.6833331584930429 17651.500000000004 17666.500000000004 15855.500000000002 507.50000000000006 1.0000000180025095e-35 17649.500000000004 -0.56174490092936669
decision_type=2 2 2 2 2 2 2 2 2 2 2 2 2 2 2 2 2 2 2 2 2 2 2 2 2 2 2 2 2 2 2 2 2 2 2 2 2 2 2 2 2 2 2 2 2 2 2 2 2 2 2 2 2 2 2 2 2 2 2 2 2 2
left_child=2 3 6 8 9 12 18 13 17 36 24 47 45 26 -8 19 23 32 -1 -9 -11 37 -17 55 -5 46 27 52 -26 54 51 39 -2 -27 -35 -22 49 -10 -33 -19 -21 -42 43 44 -15 -4 -18 -7 -28 50 -3 -25 -6 -37 -30 60 -48 -34 -52 -59 -12 -23
right_child=1 4 5 10 7 11 14 15 21 20 16 -13 -14 42 -16 22 25 31 -20 40 35 61 -24 30 28 33 48 -29 29 -31 -32 38 57 34 -36 53 -38 -39 -40 -41 41 -43 -44 -45 -46 -47 56 -49 -50 -51 58 -53 -54 -55 -56 -57 -58 59 -60 -61 -62 -63
leaf_value=-0.054785407814044763 0.12283204185606736 0.12124572851581464 0.0081909524309595888 0.23247909150052007 0.33568621113963348 0.054561326125529344 -0.033883443186573881 0.43274717266641211 0.13791448748528654 0.16318206867152102 0.19116283167978718 0.094373169362245102 0.034192285704049356 0.17095171686038579 -0.015553280714459035 0.47170119145568362 0.16894484498179785 0.095003889190364371 -0.046924087531900936 0.39262879382512977 0.27767765103490855 0.20940527431259712 0.40872862830492507 0.33848108699258095 0.24573999334318852 0.24366707331427701 0.35305027650116455 0.36092405891408297 0.10358877176213351 0.21133308520648597 0.23724044586618726 0.12466636876132409 0.020961526502627361 0.20836198202731238 0.3222428056308797 0.28789226176293248 0.29243481681387651 0.17350309785161513 0.16734148979898927 0.28989512120447064 0.31730474240064144 -0.037880748745003377 0.40692432633155207 0.39044052230895621 0.38424884844548157 0.19535167555182562 0.26386134538432443 0.074042374554997556 0.38085551792245498 0.27516362349606094 0.3133750827652485 0.1617406910733919 0.25478999891951126 0.33030126136711985 0.18540481574190801 0.22555437563757624 0.30248315701706452 0.23949750889765681 0.21278067448844312 0.15992344694794558 0.051967005420333112 0.18176260911540254
leaf_weight=11936440.618126631 35137.374618291855 3505.3144512176514 399065.77661156654 92806.48855304718 10498.600884437561 162316.47537946701 688778.31029009819 60145.917478561401 36141.064672470093 1868.827800989151 22208.239776134491 258410.26579046249 277503.01038408279 2922.287965297699 426158.77229762077 74452.193005084991 2611.4382238388062 53333.190854072571 965783.37266969681 12423.251145839691 15794.296621799469 47626.472976922989 14422.167617797852 7458.0114412307739 22487.031087398529 154043.11478185654 53680.783033370972 48641.732460021973 4663.9551422595978 114188.74491119385 28491.467910766602 201799.15761995316 1399.4086148738861 5258.0558819770813 13899.924059867859 17081.120655059814 155489.80506420135 139450.12186598778 21542.435885429382 932.94032192230225 3342.7924008369446 344.66441440582275 118459.25891637802 29949.631096839905 1999.6268625259399 909.28272712230682 42361.813338518143 163419.51482272148 155759.01389503479 58219.311094284058 4872.5642528533936 1077.5226502418518 7736.4187359809875 281886.67031049728 56606.136297225952 44980.597660064697 33997.925287723541 4399.8296546936035 6046.6742067337036 88931.223960161209 1413.6436085700989 102919.21125650406
leaf_count=7566323 8096 546 189599 11274 552 57995 398799 1157 7037 225 3004 74524 114526 288 226390 565 360 13982 593116 381 1220 6832 369 442 2519 16239 2438 2088 961 15503 3260 47693 418 642 975 1295 12066 23807 4282 117 175 53 3236 974 69 225 4168 55419 5595 5017 344 164 607 16279 8594 5257 2685 639 655 17794 274 17060
internal_value=-0.000298774 0.26396 -0.0439138 0.190084 0.353566 0.0461929 -0.0520239 0.395876 0.152098 0.307371 0.233052 0.077623 0.0190927 0.378196 -0.0268772 0.441876 0.24856 0.131839 -0.054197 0.419025 0.324402 0.177409 0.461483 0.226476 0.213968 0.257811 0.3667 0.344685 0.205289 0.200104 0.255437 0.122835 0.151087 0.248902 0.290989 0.32536 0.283733 0.166178 0.128783 0.0983551 0.367792 0.284104 0.398912 0.371694 0.257615 0.0086165 0.27735 0.0643349 0.373729 0.265108 0.224521 0.316172 0.301367 0.327878 0.179177 0.210845 0.281058 0.161567 0.257673 0.163675 0.182833 0.190508
internal_weight=1.78005e+07 2.52171e+06 1.52788e+07 1.38217e+06 1.13954e+06 1.26162e+06 1.40172e+07 594778 733612 544765 648554 584146 677478 429647 1.11494e+06 165131 357802 407476 1.29022e+07 76256.6 316631 326137 88874.4 105629 290752 252172 276317 66876.8 197946 175459 37027 277608 129868 173201 19158 314762 228134 175591 223342 54266.1 16110.7 3687.46 153331 34871.5 4921.91 399975 78971.2 325736 209440 72643.9 14424.6 8535.53 18235 298968 61270.1 68602.5 76359.7 94730.5 10919.2 93331.1 23621.9 150546
internal_count=9557188 280272 9276916 224078 56194 492288 8784628 18547 147757 37647 76321 187938 304350 15847 625189 2700 37470 93021 8159439 1766 19019 54736 934 12401 38851 25069 11280 3247 27577 25058 3866 66074 26947 17856 1617 18794 18628 30844 51975 14099 609 228 4567 1331 357 189824 7213 113414 8033 6562 1545 606 1159 17574 9555 8535 6853 18851 999 18433 3278 23892
is_linear=0
shrinkage=0.05


Tree=4
num_leaves=63
num_cat=0
split_feature=15 15 15 15 15 15 15 24 15 15 15 24 14 14 27 15 0 15 15 16 24 23 13 9 15 9 27 9 23 25 11 24 9 14 21 16 14 24 11 13 11 11 24 0 13 14 12 11 16 13 24 27 14 14 24 16 21 28 27 11 18 13
split_gain=6.96923e+07 6.41884e+06 3.73321e+06 1.03267e+06 806087 312244 289623 288008 106370 99373.4 83378.7 53772.5 50129.6 39733.4 44459 34962.9 34140.5 32707.3 29758.8 27763.3 26560.2 24626.6 24018.4 23501.8 23187 22249.2 21958.9 18867.9 18029.2 15903.8 15765.1 19832.2 15537.3 28474.9 19666.8 14598.6 14467.7 14415.3 14393 20457.2 50070.2 39983.4 36110.7 21709.1 16175.4 15502.3 14259.2 19240.9 13888.8 22249 13684.2 13505.3 13435.4 13275 12495.5 12416.8 12019.8 11992.6 11409.7 11281.1 10877.9 10686.8
threshold=10.886656738644826 77.354074074074092 1.4656591017781837 170.32598103701974 30.748346223065329 4.2766823634089635 0.33359334373374944 522.36666870117199 42.617451917605557 19.020693046024927 109.11370499419282 319.09999084472662 17670.500000000004 17664.500000000004 274.26823425292974 6.4737307547333947 8.5000000000000018 2.6705494505494509 0.79671913740414013 64.420999820731438 13.516666889190676 32.321428298950202 -0.5 -0.56174490092936669 0.10025384798757821 -0.56174490092936669 117.86037826538087 -0.56174490092936669 117.96428680419923 631.07376098632824 0.6830127018922193 3.5499999523162846 -0.56174490092936669 17392.500000000004 680.50000000000011 64.420999820731438 17659.500000000004 179.50000000000003 0.25000000000000017 -0.37940952255126015 0.6830127018922193 0.6830127018922193 90.983333587646499 14.500000000000002 -0.5 17642.500000000004 -0.9159756150367534 -0.5 7.6764785907381148 0.25881904510252057 393.21667480468756 117.86037826538087 15973.000000000002 17640.500000000004 48.283332824707038 14.504883467679303 719.50000000000011 356.50000000000006 177.4197692871094 0.25000000000000017 731.00000000000011 -0.37940952255126015
decision_type=2 2 2 2 2 2 2 2 2 2 2 2 2 2 2 2 2 2 2 2 2 2 2 2 2 2 2 2 2 2 2 2 2 2 2 2 2 2 2 2 2 2 2 2 2 2 2 2 2 2 2 2 2 2 2 2 2 2 2 2 2 2
left_child=2 4 6 10 9 17 24 11 23 20 38 19 22 21 56 -7 -14 51 -8 25 36 30 -9 55 48 29 27 -11 35 -5 31 -10 33 34 -13 -12 -2 -27 44 41 -41 43 -42 -40 -3 -43 59 -48 -1 -50 -30 -4 -25 -28 58 -6 -15 -46 -37 -21 -57 -22
right_child=1 3 5 7 8 15 18 12 13 26 28 32 16 14 -16 -17 -18 -19 -20 46 61 -23 -24 52 -26 37 53 -29 50 -31 -32 -33 -34 -35 -36 54 -38 -39 39 40 42 45 -44 -45 57 -47 47 -49 49 -51 -52 -53 -54 -55 -56 60 -58 -59 -60 -61 -62 -63
leaf_value=-0.054829389514358298 0.087314449073400052 0.21460230599264629 0.0052435103251684293 0.2855677542612392 0.16871025845321433 0.051473020178077825 -0.033610502941071402 0.23819729878923554 0.26148169394581861 0.15822577721378586 0.26317495967431981 0.14842853417550678 0.45599632189916239 0.21334187930712623 0.27972347969380151 0.075933356341064434 0.37316750830006112 0.027874836875059778 -0.016429360671638481 0.3699348235768119 0.11119503367818662 0.20583132103857299 0.39211071663859909 0.024814907184315754 -0.046516156782982772 0.30131530610070834 0.13087275356957909 0.1312874195185228 0.29639991560266737 0.13261424661075369 0.14472562120865395 0.17774282158810892 0.37103339244148453 0.35204798613155874 0.3451430947026915 0.31307664941866992 0.11455182557596943 0.33668583167678867 0.28430927750669593 0.091010098700593178 0.19217375944032131 0.19301729514061242 0.29203859587650066 0.38732780181946974 0.18992525568951624 0.2655435646863557 0.29460339329215562 0.34880704461161094 0.070655258158407938 -0.041506394831720417 0.18898767239700365 0.28659607776762458 0.1611991568415016 0.19715037272746691 0.28247647294341599 0.20459597100889729 0.31049765795628681 0.25514488047427214 0.43462290743187248 0.32234940168774906 0.4306540529301196 0.13485798068755814
leaf_weight=11334787.333909988 149048.99495911598 57383.493235111237 396152.23256874084 35046.97084236145 35930.094506978989 272046.51913118362 636667.74483656883 2623.1954803466797 8056.9660770893097 95943.233764886856 124602.15415096283 3189.9639601707458 73202.215587615967 263482.64560675621 28982.385985851288 315542.40905952454 14992.94121837616 279672.36321425438 417170.95843839645 53374.793684959412 108842.49626541138 167519.33522772789 75775.540651798248 1824.2018799781799 926537.05513453484 47948.088467597961 10231.852082967758 201595.76025629044 175325.52373981476 1786.5134010314941 30961.795317173004 57800.761446714401 123304.74001502991 31515.777213096619 2112.049560546875 6662.1740827560425 72458.671814918518 72221.276790618896 10426.052800655365 5455.0334820747375 14863.726544380188 9294.6515789031982 23157.203040599823 10042.024246692657 7773.3371105194092 35580.840457439423 27749.332422733307 39960.551562309265 5486.1168707609177 22780.435368776321 3017.1394276618958 426.88203883171082 179981.64827013016 28895.450733423233 31081.32232093811 51470.83283162117 3223.0232787132263 75815.145522594452 2720.6377882957458 16258.193390846252 537.74837160110474 84974.053488254547
leaf_count=7549384 36349 4840 189472 1765 4752 94421 380160 140 678 14757 7689 288 565 25692 1988 92429 369 115456 226681 1506 23748 17166 1626 389 593116 2107 1728 36064 9008 155 4013 6924 3236 974 69 336 15981 2524 616 774 1372 916 1369 305 714 2360 1265 1331 2434 14505 237 41 25800 3776 1707 5912 206 5362 42 627 14 16958
internal_value=-0.000409881 0.228287 -0.0441855 0.314753 0.161911 0.0379468 -0.0519648 0.359817 0.19589 0.124417 0.267572 0.339201 0.416055 0.208315 0.220908 0.0646085 0.441916 0.0147806 -0.0268092 0.326515 0.108052 0.194229 0.386961 0.170096 -0.0541219 0.312151 0.144605 0.139974 0.28356 0.27815 0.174153 0.187988 0.362521 0.334012 0.226795 0.27165 0.0962243 0.322573 0.245592 0.259254 0.232674 0.276939 0.252999 0.334854 0.235046 0.250522 0.342935 0.326593 -0.0547421 -0.0197371 0.294583 0.00554645 0.159831 0.179819 0.297746 0.191317 0.214516 0.24908 0.348325 0.358825 0.206934 0.12157
internal_weight=1.74033e+07 2.79602e+06 1.46073e+07 1.21426e+06 1.58176e+06 1.26384e+06 1.33434e+07 621062 829771 751991 593200 454468 166594 560027 295688 587589 88195.2 676251 1.05384e+06 294346 415324 264339 78398.7 269745 1.22896e+07 157003 336666 297539 343409 36833.5 96819.5 65857.7 160123 36817.8 5302.01 165066 221508 120169 249792 108820 43476 65343.6 38020.9 20468.1 140972 44875.5 137343 67709.9 1.13631e+07 28266.6 178343 396579 181806 39127.3 40464.1 87938.7 266706 83588.5 9382.81 69633 52008.6 193817
internal_count=9557188 299089 9258099 56194 242895 491819 8766280 18547 93534 149361 37647 15847 2700 56667 27886 186850 934 304969 606841 11280 93036 28781 1766 36867 8159439 6551 56325 50821 19019 1920 11615 7602 4567 1331 357 9774 52330 4631 18628 7712 3515 4197 2741 921 10916 3276 4729 2596 7566323 16939 9245 189513 26189 5504 2085 10678 25898 6076 378 2133 5926 40706
is_linear=0
shrinkage=0.05


Tree=5
num_leaves=63
num_cat=0
split_feature=15 15 15 15 24 15 15 15 15 14 15 0 13 24 15 24 15 15 10 11 0 27 24 10 15 16 24 23 10 13 11 11 11 11 24 10 24 10 11 16 10 10 11 11 13 16 13 10 13 21 10 24 1 24 1 11 0 14 13 24 14 0
split_gain=5.91269e+07 5.51856e+06 3.55371e+06 967855 687132 296337 259409 152373 151906 126540 112606 84585.1 66858.1 34061.7 32104.1 30658.6 28430.4 27863.1 26816.4 30576.8 55545.5 26738.5 21038.6 22487.1 20650.5 20319 20231.3 19754.1 32047.7 44646.6 57966.1 32841.1 22223.9 19323.3 18527.6 17228.8 16761.2 16315.2 16082.9 19290.2 15249.9 14677.7 14340.5 14135.5 50206.9 14087 24109.4 21232.8 13659 13304.1 13287.1 13252.5 13179.6 12855.4 12483.4 20322.3 48244.6 20115 18051.1 12480.7 12054.8 11430.4
threshold=10.886656738644826 109.11370499419282 1.4656591017781837 35.176199442425307 393.21667480468756 0.3075487385720051 4.2766823634089635 62.103145688878449 170.32598103701974 17670.500000000004 19.020693046024927 8.5000000000000018 -0.5 85.983333587646499 0.79671913740414013 137.76667022705081 2.6705494505494509 6.4737307547333947 0.68301270189221941 0.25000000000000017 17.500000000000004 375.84513854980474 38.183334350585945 1.0000000180025095e-35 0.10025384798757821 64.420999820731438 13.516666889190676 140.28571319580081 0.68301270189221941 -0.37940952255126015 0.25000000000000017 0.25000000000000017 -0.9330127018922193 0.25000000000000017 29.550000190734867 0.68301270189221941 70.483333587646499 0.68301270189221941 0.25000000000000017 23.57523155778232 0.25000000000000011 -1.0000000180025095e-35 0.25000000000000017 0.25000000000000017 -0.5 6.591974796037297 1.0000000180025095e-35 0.25000000000000011 -0.5 1681.0000000000002 0.93301270189221952 39.466667175292976 2024.5000000000002 522.36666870117199 2024.5000000000002 0.25000000000000017 16.500000000000004 16205.000000000002 -0.5 179.50000000000003 17138.000000000004 18.500000000000004
decision_type=2 2 2 2 2 2 2 2 2 2 2 2 2 2 2 2 2 2 2 2 2 2 2 2 2 2 2 2 2 2 2 2 2 2 2 2 2 2 2 2 2 2 2 2 2 2 2 2 2 2 2 2 2 2 2 2 2 2 2 2 2 2
left_child=2 3 5 10 8 24 16 21 27 12 26 -11 -6 54 -7 -10 -4 -8 53 -20 -21 22 23 60 45 40 41 28 32 30 -30 -31 -3 35 52 59 -34 51 -23 -40 -17 -2 -25 -43 -45 -1 47 -47 -37 61 -29 -28 -12 -14 57 58 -57 -9 -56 -15 -5 -27
right_child=1 4 6 7 9 14 17 13 15 11 34 -13 18 33 -16 25 -18 -19 19 20 -22 38 -24 42 -26 49 37 50 29 31 -32 -33 36 -35 -36 48 -38 -39 39 -41 -42 43 -44 44 -46 46 -48 -49 -50 -51 -52 -53 -54 -55 55 56 -58 -59 -60 -61 -62 -63
leaf_value=-0.054800881641260582 0.069314700836695858 0.26157469275516326 0.0052455720119709412 0.1011453654240585 0.18640426174134492 -0.03353174723920465 0.047095489954018951 0.097520694631398744 0.2642189121348581 0.43318396787853475 0.10301881081051677 0.33560249560249888 0.33555437023992685 0.21424129435176337 -0.015827582694976087 0.29979524617468806 0.025917687665138772 0.068464988320792827 0.33959812542713097 0.28618767430381842 0.004170996316460676 0.15877630973782919 0.17327577588181439 0.15247916952887902 -0.04651314671574952 0.31218740260397565 0.11161426981974146 0.26438539884678769 0.2331807112590974 0.24322299866058528 0.3603617879768336 0.10333129345244588 0.18526384625326295 0.23681488765561218 0.1433391037893974 0.16421579796358621 0.22606370574262644 0.086057095624483965 0.19377096349843939 0.39663517561438011 0.26846649906844683 0.083176100147938081 0.18367191493046106 0.1518505658866707 0.055972884948052727 -0.055550985579850533 -0.042423557258379291 0.13471656814674721 0.22330964836332098 0.38333376382710405 0.21204791392054304 0.16329050772345058 0.12846124647391885 0.36716723793862194 0.17281800970941186 0.24149111349036181 0.13614887889304658 0.18379321881644062 0.20532869223308189 0.28241169838036873 0.14390055633540977 0.25584297811362505
leaf_weight=10781964.47982347 85387.951377630234 29947.12829208374 398266.04037213326 22029.855647087097 7310.1527061462402 677837.11908304691 282191.61362290382 7671.0392198562622 84908.000166416168 74329.884119033813 64058.538865327835 31673.495277404785 64726.139385223389 61509.078673362732 411527.40133476257 86071.04653263092 285593.45733332634 332013.3119058609 19722.064971923828 10775.649765968323 2083.6263875961304 2569.4092230796814 295053.92394065857 92652.555074214935 829931.29050731659 132243.52752494812 131376.62762308121 140622.86904001236 16325.37061882019 30520.328191280365 19859.393224716187 4864.4252638816833 36630.405019760132 89814.645486831665 181221.07849192619 32093.57287979126 80516.829916000366 63211.718919038773 1985.5335896015167 2860.9793119430542 70829.047043800354 92491.940447330475 61186.897558927536 35274.964915275574 22277.98236823082 2309.7243134975433 29261.826817035675 4014.9122332334518 14066.432777881622 6175.3683862686157 13275.173878669739 13701.512763738632 247912.28888082504 63975.923007965088 85648.618276596069 56107.32200717926 13481.031552553177 56705.568092346191 85159.258646965027 7538.6319937705994 65541.697812080383 9663.045241355896
leaf_count=7544121 20131 1434 189513 3086 414 418805 94421 958 3422 580 11061 734 1587 4176 226681 2827 115456 92429 467 338 163 266 29092 10538 554471 3933 25315 6397 870 1588 494 485 2402 5495 24727 2655 4362 13226 172 69 2693 20610 5887 6222 5367 1474 19463 1265 908 112 738 2165 37750 1157 7535 3395 1560 4719 6277 370 7791 369
internal_value=-0.000519422 0.199879 -0.0437497 0.151155 0.293402 -0.0517817 0.0350617 0.184031 0.268977 0.361221 0.114182 0.404027 0.334306 0.20367 -0.0268437 0.290794 0.0138787 0.058647 0.34101 0.300484 0.240492 0.165623 0.164319 0.153372 -0.0541141 0.298192 0.0959067 0.246146 0.236486 0.263929 0.302983 0.223992 0.223134 0.219429 0.130624 0.205874 0.213306 0.107258 0.259917 0.313532 0.285653 0.0858644 0.164886 0.0952824 0.114738 -0.0546972 -0.0232902 0.0652313 0.182224 0.311478 0.259871 0.116495 0.123237 0.351269 0.19307 0.198307 0.221084 0.173513 0.189027 0.221685 0.133145 0.308351
internal_weight=1.70626e+07 3.02764e+06 1.40349e+07 1.99059e+06 1.03705e+06 1.27368e+07 1.29806e+06 1.05368e+06 762452 274597 936915 106003 168594 509795 1.08936e+06 389890 683859 614205 161283 32581.3 12859.3 543881 536465 241411 1.16475e+07 304982 443723 372562 218664 71569.5 36184.8 35384.8 147094 205022 493192 115208 117147 208290 7415.92 4846.51 156900 235433 153839 150045 57552.9 1.08176e+07 35586.5 6324.64 46160 148082 153898 145078 311971 128702 304773 240396 69588.4 64376.6 170808 69047.7 87571.6 141907
internal_count=9557188 299089 9258099 261523 37566 8766280 491819 94949 32126 5440 166574 1314 4126 38048 645486 13356 304969 186850 3712 968 501 56901 56394 27302 8120794 9934 93036 18770 11635 3437 1364 2073 8198 13604 73538 8109 6764 40706 507 241 5520 52330 16425 32199 11589 7566323 22202 2739 3563 4414 7135 27480 48811 2744 24444 18767 4955 5677 13812 4546 10877 4302
is_linear=0
shrinkage=0.05


Tree=6
num_leaves=63
num_cat=0
split_feature=15 15 15 15 24 15 15 14 15 15 15 0 13 2 13 0 2 2 2 13 0 2 13 2 2 13 2 15 13 14 2 13 9 14 14 21 9 0 13 24 26 10 2 13 14 9 15 24 15 23 0 15 0 14 23 9 23 0 28 24 14 14
split_gain=5.03426e+07 4.95184e+06 2.73538e+06 911425 701662 219222 210968 152950 129403 128564 117579 111997 59550.2 52741.1 54225.4 42783.9 50938.9 41105.4 39850.9 116366 44626.7 48209.8 43084.3 32492 31381.1 55068.2 38934.5 30983.6 30237.5 33042 29659.9 51570.1 29038.9 28422.9 33660.2 30285.1 25423.9 29547 25209.3 25184 24685.4 24220.8 25682.3 48746.1 23352.3 23034 23019.5 22741.9 21422.6 20614.4 20490.8 20385.4 19755.3 18348.8 18142.6 16275.7 16169.6 16040.9 15872.6 15641 15640.8 15567.8
threshold=8.8133080609618926 109.11370499419282 1.1053892868622861 35.176199442425307 393.21667480468756 3.0887019146932659 0.25019685039370082 17670.500000000004 170.32598103701974 19.020693046024927 62.103145688878449 8.5000000000000018 -0.5 2.5000000000000004 -0.37940952255126015 13.500000000000002 1.5000000000000002 1.5000000000000002 2.5000000000000004 -0.37940952255126015 14.500000000000002 1.5000000000000002 -0.5 1.5000000000000002 2.5000000000000004 -0.5 1.5000000000000002 5.0427866080851169 -0.5 16205.000000000002 1.5000000000000002 -0.78656609248549325 -0.56174490092936669 16205.000000000002 17664.500000000004 2459.5000000000005 -0.56174490092936669 7.5000000000000009 -0.5 179.50000000000003 87.873237609863295 0.68301270189221941 2.5000000000000004 -0.37940952255126015 17392.500000000004 -0.56174490092936669 15.197483332485115 118.64999771118165 1.6465662243019623 32.321428298950202 13.500000000000002 0.57940747661438896 17.500000000000004 17668.500000000004 316.60713195800787 -0.56174490092936669 22.178570747375492 17.500000000000004 1057.5000000000002 165.40000152587893 17655.500000000004 17659.500000000004
decision_type=2 2 2 2 2 2 2 2 2 2 2 2 2 2 2 2 2 2 2 2 2 2 2 2 2 2 2 2 2 2 2 2 2 2 2 2 2 2 2 2 2 2 2 2 2 2 2 2 2 2 2 2 2 2 2 2 2 2 2 2 2 2
left_child=2 3 6 9 8 48 -1 12 18 46 13 36 -6 14 15 -5 -17 60 19 20 -3 -22 50 59 25 30 -27 -7 29 -26 -12 -32 33 -10 44 -36 37 -9 53 -30 -34 -14 43 -43 -35 -31 -2 -24 -4 -42 -20 -8 -28 -15 -51 -11 61 -25 -44 -21 -16 -40
right_child=1 4 5 10 7 27 51 11 32 55 24 -13 41 38 17 16 -18 -19 22 23 21 -23 47 57 28 26 52 -29 39 45 31 -33 40 34 35 -37 -38 -39 56 -41 49 42 58 -45 -46 -47 -48 -49 -50 54 -52 -53 -54 -55 -56 -57 -58 -59 -60 -61 -62 -63
leaf_value=-0.054204379233568294 0.074600946053850412 0.2357563008391228 -0.009371440013904303 0.16111671908298497 0.16131979134775393 0.030793632352855479 -0.036780019384753136 0.22327016949669221 0.15959303663225466 0.12759587138049355 0.1899799564215629 0.29431594227116381 0.31024147082688491 0.11704826089327142 0.10424928790895001 0.15952305471404912 0.26928171680554175 0.045009188972344433 0.20814488203016701 0.15536396704457414 0.23175129215926094 0.36412550083419148 0.198721746446756 0.13809184332195337 0.10298273312074589 0.18620460649025039 0.12499055805307253 0.052113031668616486 0.17848450854552578 0.18937223230696162 0.18065012663245408 0.2919732458323655 0.21556603235376431 0.21646120388178103 0.20291886436871898 0.43578214700782686 0.41664325196548679 0.3878099694484029 0.10114013491030463 0.24769831953392712 0.40442117066351618 0.32513649974758274 0.33036289531797469 0.1341345769683914 0.29473589077762508 0.15201268489202352 0.09501472050798318 0.23151031259252697 0.0092176617737347623 0.25505071064851437 0.16153321700779003 -0.022596091521435338 -0.00045843291834936074 0.14886476500964871 0.28332305191095902 0.10884442225913112 0.1579670337453116 0.0070750387553342913 0.24016275255422401 0.24124566998576302 0.18685516904179517 0.14945913076999603
leaf_weight=10959038.095332146 416248.4198179245 26896.833353996277 246535.35948717594 55302.489026546478 8005.0600299835205 308479.17755150795 572400.44384586811 3827.7009468078613 12860.834825515747 170192.14929318428 38509.116305351257 34242.445611000061 138188.20057964325 182503.87269687653 9006.4150204658508 17212.731105804443 27399.014756202698 12306.989560604095 36292.554045677185 10423.072546482086 9973.9392385482788 22166.817002296448 94269.985284805298 6351.6600270271301 25416.854014873505 30042.420136451721 10509.935742855072 380794.41778326035 198915.69481945038 59905.32942199707 16705.286005973816 27580.954607009888 29077.977317810059 13852.349584579468 46553.038969039917 1439.461145401001 62485.82883644104 9506.4095268249512 29577.123925209045 14073.469795227051 2586.354024887085 5585.129114151001 13718.065628051758 8312.3678464889526 30543.066308021545 132572.11282491684 206671.5642645359 120491.98035240173 417370.62717473507 211945.53341293335 67320.608420372009 454434.33413338661 4474.1621861457825 60287.848170757294 77511.306285858154 361628.33002758026 144775.09442138672 3695.5866112709045 7571.2212896347046 10792.643224716187 15757.281640052795 38205.412385940552
leaf_count=8028281 93117 1034 130070 4500 414 114646 374418 84 624 21301 2275 734 2744 19871 916 1442 1271 2057 1684 609 403 381 4698 456 2629 1921 934 111985 13098 3955 1015 945 1079 538 1863 11 412 84 3572 632 31 112 249 389 810 9941 37642 4918 191238 6432 3734 269738 703 5620 1968 52237 12774 425 218 428 1218 3660
internal_value=-0.000623778 0.170152 -0.044566 0.128174 0.256075 0.0228206 -0.0521739 0.322871 0.232762 0.0967892 0.159661 0.369371 0.294654 0.14414 0.171342 0.190504 0.226934 0.119696 0.212657 0.241976 0.28328 0.323048 0.204342 0.163976 0.176115 0.197872 0.153368 0.0425717 0.169661 0.156565 0.222074 0.249981 0.252032 0.229238 0.238933 0.209904 0.403267 0.340579 0.135957 0.183058 0.259503 0.30081 0.263771 0.210897 0.270313 0.16364 0.0813738 0.217118 0.00231476 0.263878 0.17786 -0.0305028 0.0875322 0.124949 0.262622 0.114845 0.148531 0.0899022 0.298286 0.199054 0.156813 0.128375
internal_weight=1.67713e+07 3.43227e+06 1.33391e+07 2.30578e+06 1.12649e+06 1.35318e+06 1.19859e+07 291442 835046 1.15474e+06 1.15104e+06 110062 181380 592334 136985 99914.2 44611.7 37070.7 408676 90300.6 59037.6 32140.8 318375 31263 558705 127822 45026.5 689274 430883 217894 82795.4 44286.2 426370 105249 92387.9 47992.5 75819.9 13334.1 455349 212989 321121 173375 35186.8 13897.5 44395.4 192477 622920 214762 663906 292043 103613 1.02683e+06 14984.1 242792 289457 531820 212558 10047.2 21289.3 21215.7 24763.7 67782.5
internal_count=9557188 336812 9220376 299246 37566 547939 8672437 5440 32126 204297 94949 1314 4126 56901 11404 7213 2713 4191 18770 3736 1818 784 15034 1918 38048 7793 3558 226631 30255 16525 4235 1960 13356 3846 3222 1874 580 168 45497 13730 9510 3712 968 501 1348 13896 130759 9616 321308 8431 5418 644156 1637 25491 8400 73538 20006 881 467 1037 2134 7232
is_linear=0
shrinkage=0.05


Tree=7
num_leaves=63
num_cat=0
split_feature=24 24 27 24 24 16 16 16 24 14 2 13 0 16 24 2 0 16 2 16 13 13 27 24 13 13 0 13 0 2 13 10 27 10 9 16 16 16 2 13 0 0 9 13 0 25 13 11 14 24 28 27 14 13 2 26 14 16 27 11 11 24
split_gain=4.11404e+07 4.00352e+06 2.47234e+06 964108 638340 505706 223669 193639 127868 110574 97321.6 140584 145533 87643.3 85911.4 83385.4 83222.2 79219.8 79123.2 73734.2 59399.4 57246.7 57223.4 56245.7 47598.9 46682.2 68011.9 46633.3 44265.7 53156.7 78461.1 44043.1 43157.3 37616.9 37013.8 36118.2 32033.9 32026.3 29462.9 33858.5 32750.9 33003.7 28775.3 28287.5 27255.7 25023.1 24587.2 24559.4 23946.1 23181.1 22576.4 21987.5 21642.1 21427.2 21124.2 19948.1 19919.3 19813.7 19689.2 18579.4 18156.9 18103.7
threshold=5.616666555404664 118.64999771118165 2.1130410432815556 31.016666412353519 522.36666870117199 2.4619683975142612 7.6764785907381148 0.4138521958977866 243.76667022705081 17670.500000000004 2.5000000000000004 -0.37940952255126015 14.500000000000002 11.547632560853829 49.783332824707038 1.5000000000000002 8.5000000000000018 0.71106850403359012 1.5000000000000002 9.1647244062901176 0.25881904510252057 0.60355339059327384 0.64370155334472667 13.516666889190676 -0.5 -0.5 13.500000000000002 0.37940952255126048 18.500000000000004 2.5000000000000004 -0.5 0.68301270189221941 0.48718334734439855 0.68301270189221941 -0.56174490092936669 64.420999820731438 64.420999820731438 44.361130253231039 2.5000000000000004 -0.5 16.500000000000004 14.500000000000002 -0.56174490092936669 -0.5 7.5000000000000009 41.934757232666023 -0.12940952255126037 1.0000000180025095e-35 17666.500000000004 2.6833333969116215 1057.5000000000002 316.57345581054693 16205.000000000002 -0.78656609248549325 5.5000000000000009 675.42425537109386 17664.500000000004 44.361130253231039 575.07699584960949 -0.9330127018922193 -0.9330127018922193 319.09999084472662
decision_type=2 2 2 2 2 2 2 2 2 2 2 2 2 2 2 2 2 2 2 2 2 2 2 2 2 2 2 2 2 2 2 2 2 2 2 2 2 2 2 2 2 2 2 2 2 2 2 2 2 2 2 2 2 2 2 2 2 2 2 2 2 2
left_child=2 3 7 6 8 17 23 32 35 33 11 12 51 27 43 -14 42 49 -13 22 31 47 -9 -2 57 26 -10 38 29 46 48 -15 -1 -6 36 45 52 -32 40 -40 41 -7 44 -12 -11 -3 53 -21 -31 -4 -35 -5 -27 -8 -18 -36 -25 -16 -37 -47 -45 -57
right_child=1 4 5 10 9 13 28 19 25 16 14 18 15 20 24 -17 54 -19 -20 21 -22 -23 -24 56 -26 34 -28 -29 -30 30 37 -33 -34 50 55 58 -38 -39 39 -41 -42 -43 -44 60 -46 59 -48 -49 -50 -51 -52 -53 -54 -55 -56 61 -58 -59 -60 -61 -62 -63
leaf_value=-0.054503015279056426 0.050868233324936785 0.14701662117389383 -0.021916657572693315 0.15323878137193098 0.28766656491335713 0.072452223243517383 0.12370574218594477 -0.042935860545849913 0.22980319346906147 0.19657092486327044 0.10253863020794102 0.15034584332202036 0.17634628499152413 0.086873187170808913 0.12205359107145697 0.28864234562126051 0.19914010467360638 0.011279234917639342 0.045853188350298967 -0.0054546400369992103 0.047956110070253771 -0.019640736134076839 -0.016741238959357065 0.075591260554803058 0.15937095088325953 0.086625741126163044 0.12255502226678386 0.0065711325855568456 0.080565454560394698 0.079602769257369727 0.12522137891527912 0.15757676340598281 -0.041994627175511022 0.24614429871659663 0.24053092363995188 0.20627787207502646 0.24059549492231189 0.20228934418721978 0.027888963401348523 0.067749477945761818 0.020011039704072347 0.15483915928733824 0.38336251651901915 0.16851962934386377 0.3490985495034758 0.22006686882994977 0.061257988908594574 0.094422044487707746 0.11684515994258593 0.0058248696622208752 0.1367857367951183 0.2366932172326516 0.19134896569333884 0.16810577937229843 0.30484669709823636 0.22257997554095785 0.11979616281887716 0.14784123996124574 0.27024385196596584 0.18338691718920336 0.12375870851123157 0.29268259885659881
leaf_weight=9476789.944732666 419343.67697525024 42344.12336730957 444492.13304340839 114694.30715203285 73633.858470916748 39216.938604712486 53835.231899380684 670687.76484310627 41591.566956520081 4139.5843162536621 185359.7384083271 50463.016920089722 25735.961125135422 58908.278118610382 186647.67651700974 46224.149941444397 9461.7439289093018 448128.33651208878 28263.300483703613 8390.1692405939102 55145.762548208237 46108.219911336899 302542.30228543282 231910.29082214832 342689.3834707737 5864.0287322998047 22934.355040550232 68663.413189530373 170087.80712795258 225279.58617126942 103002.69170105457 35180.902442455292 743714.19627845287 16154.657652854919 182047.16765403748 153118.87112951279 36895.523391723633 15510.741356372833 138388.48385250568 86621.698021650314 17645.928310632706 17616.764676451683 63328.605766296387 26570.715197563171 10019.645561218262 39413.923328399658 9263.5462819337845 23103.053873300552 53392.816624641418 90662.531260609627 6668.1889238357544 8476.3911290168762 31103.65539264679 54873.875310540199 9446.2505493164062 12092.741161346436 28631.267998337746 123968.03799247742 13057.706062316895 278486.82033419609 153839.51135659218 38663.097004890442
leaf_count=7290639 116364 2201 263998 7817 1157 10078 6286 481469 1089 81 20444 3999 1494 8648 15574 1405 224 195805 3775 3961 18300 28512 173069 44838 21696 309 1231 32339 32001 34456 11451 3716 524390 394 4512 5387 935 727 43860 22173 5075 3499 400 2348 84 1342 1466 5883 5838 42838 283 311 1066 4662 145 333 4363 7766 363 12242 15395 682
internal_value=-0.000718724 0.144925 -0.0434645 0.111828 0.2256 0.0168247 0.0825225 -0.0514914 0.207867 0.308132 0.14277 0.169233 0.191988 0.0568382 0.135659 0.248481 0.346004 -0.00422984 0.112832 -0.031053 0.0891604 0.0158511 -0.0347929 0.062204 0.146522 0.230341 0.191684 0.0437361 0.102682 0.109984 0.101231 0.11331 -0.0535928 0.270282 0.238475 0.192021 0.207635 0.135308 0.0522568 0.043234 0.0795152 0.09799 0.368954 0.116257 0.304508 0.183125 0.139455 0.0678136 0.0867384 -0.0172169 0.214194 0.158982 0.174738 0.146118 0.251952 0.24826 0.0804491 0.132346 0.211304 0.187935 0.130351 0.275981
internal_weight=1.65205e+07 3.74853e+06 1.2772e+07 2.65806e+06 1.09047e+06 1.50067e+06 1.36513e+06 1.12713e+07 897614 192853 1.29293e+06 273857 195131 517388 1.01908e+06 71960.1 96395.8 983283 78726.3 1.05083e+06 149235 77601.4 973230 679885 653305 371192 64525.9 368153 685246 515158 397186 94089.2 1.02205e+07 96456.7 306666 526421 73863.2 118513 299490 225010 74479.6 56833.7 77487.8 365770 14159.2 360245 117973 31493.2 278672 535155 22822.8 123171 36967.7 108709 18908 232803 260542 310616 166177 317901 180410 50755.8
internal_count=9557188 398936 9158252 364476 34460 650329 262452 8507923 31692 2768 102024 18801 11027 147688 83223 2899 934 502641 7774 692894 30664 38356 654538 165565 45036 10157 2320 117024 96887 64886 52472 12364 7815029 1834 7837 21535 2310 12178 84685 66033 18652 13577 565 38187 165 15785 12414 9844 40294 306836 677 8128 1375 10948 369 5527 49201 23340 5750 13584 17743 1015
is_linear=0
shrinkage=0.05


Tree=8
num_leaves=63
num_cat=0
split_feature=15 15 15 24 15 15 15 15 14 15 15 2 27 23 9 10 2 14 9 11 24 28 14 17 28 14 16 16 4 2 28 2 9 9 2 23 19 15 9 2 6 9 16 2 14 21 27 16 24 11 16 28 16 2 16 2 28 14 24 21 2 14
split_gain=3.73208e+07 3.70972e+06 1.61501e+06 723757 584290 273063 129250 119295 112432 83412.2 58229.3 51549.4 38187.1 33968 31139.2 30567.4 30176.3 24400.4 24326.9 31212.2 23054.9 22360 21430.9 33926.1 21061.1 20638.9 19186.4 18505.1 30368.8 21642.5 17443.7 17248.7 17112.4 17031.4 16888.9 16881.9 16768.6 16624.2 15790.6 15741.9 17943 15737.5 15572.5 43559.6 16351.8 15412.5 15369.1 14508.9 14485.2 14114.5 13220.1 13108 13054.3 26193.6 13039.6 12959.1 12926 12778.1 12556.7 11868.6 11837.6 11696.4
threshold=5.5211811408994516 77.354074074074092 0.75877893615828718 522.36666870117199 25.694882730031036 170.32598103701974 2.1808849955076375 0.19737915343006787 17670.500000000004 13.471143590187092 42.617451917605557 2.5000000000000004 575.07699584960949 749.71429443359386 -0.56174490092936669 0.68301270189221941 2.5000000000000004 17670.500000000004 -0.56174490092936669 -0.5 118.64999771118165 1135.5000000000002 17669.500000000004 132.50000000000003 275.50000000000006 17669.500000000004 18.225343655862535 31.013343260513075 1.0000000180025095e-35 1.5000000000000002 1057.5000000000002 2.5000000000000004 -0.56174490092936669 -0.56174490092936669 5.5000000000000009 316.60713195800787 1383.5000000000002 1.4656591017781837 -0.56174490092936669 5.5000000000000009 1.0000000180025095e-35 -0.56174490092936669 64.420999820731438 2.5000000000000004 17666.500000000004 411.50000000000006 375.84513854980474 9.1647244062901176 137.76667022705081 -0.9330127018922193 9.1647244062901176 507.50000000000006 6.591974796037297 2.5000000000000004 1.720043733496794 10.500000000000002 1185.5000000000002 17392.500000000004 30.149999618530277 1544.5000000000002 2.5000000000000004 17668.500000000004
decision_type=2 2 2 2 2 2 2 2 2 2 2 2 2 2 2 2 2 2 2 2 2 2 2 2 2 2 2 2 2 2 2 2 2 2 2 2 2 2 2 2 2 2 2 2 2 2 2 2 2 2 2 2 2 2 2 2 2 2 2 2 2 2
left_child=2 4 7 5 9 11 37 52 15 41 33 17 24 39 22 59 26 27 19 36 56 35 55 -24 -7 49 51 28 -3 -29 60 -21 -11 50 61 -16 -15 -4 54 40 -10 47 43 -26 -44 -23 -28 -2 -19 -18 -6 -12 -1 -54 -8 -14 57 -13 -53 -5 -17 -22
right_child=1 3 6 8 10 12 38 -9 13 32 16 20 14 18 21 30 25 48 -20 31 34 45 23 -25 42 -27 46 29 -30 -31 -32 -33 -34 -35 -36 -37 -38 -39 -40 -41 -42 -43 44 -45 -46 -47 -48 -49 -50 -51 -52 58 53 -55 -56 -57 -58 -59 -60 -61 -62 -63
leaf_value=-0.054340352621267241 0.05807815916803534 0.12363959515284083 -0.014724819882251878 0.25307000097507587 0.089782980397806356 0.07435953552973476 0.021448726629032744 -0.034887175239998444 0.11772212691759945 0.089884096989770498 0.14536729192337272 0.11641499173828662 0.11303384274557715 0.24028299164045575 0.17503123095527204 0.14089580268139026 0.13165435440345361 0.25670640062595756 0.33307408935220817 0.21002089295321169 0.13136319743301847 0.23948495817247137 0.27545949785272489 0.047284133184811276 0.1338176599992667 0.13495091901265938 0.14623508622012599 0.15930487831107631 0.19535288554377814 0.20620943385791524 0.11996530343560884 0.34250038084803602 0.071987724475405704 0.092670994990789124 0.16579612140518499 0.23083672629746782 0.052983130740736552 0.0011234260858998142 0.017618971439526433 0.28829751436962336 0.27035425125392915 0.047433197719577755 0.20805414029765373 0.19025058596262545 0.18080275793454151 0.30342502534400217 0.23690001574526576 0.093870999471111327 0.16712880982420564 0.10714349851125343 0.12039707046386171 0.062076915479009134 0.030984268955173578 -0.053671204778154881 0.04808040457069182 0.19797292465078431 0.16030534633190952 0.13935151563934695 0.11978723331908392 0.16099695753365528 0.23557021970781622 0.16870119308646137
leaf_weight=9765251.9638183117 175874.10565137863 42825.784992218018 427565.32393121719 76992.424737930298 49268.314398288727 3981.7203350067139 89537.555044054985 868518.95249283314 4114.96484375 196517.00390434265 24078.251570940018 81335.956379413605 12781.097208023071 2776.7070922851562 21875.388742446899 4385.0493316650391 68037.733238220215 13618.038793563843 69185.462871551514 3312.8287582397461 82508.243755340576 38752.196825027466 8442.5856313705444 2018.6756944656372 40851.971428871155 104352.27795171738 112627.49482011795 49339.869763374329 22530.365211486816 49043.464803695679 7207.9481353759766 9520.145378112793 417071.80655407906 365938.54469394684 175698.69190502167 35632.170402526855 2097.9953918457031 269934.712657094 430417.27072167397 8303.5823249816895 3619.5208320617676 482742.8605196476 161746.13938713074 209890.27008342743 83462.763511657715 12457.136850357056 4877.0038456916809 33746.104006528854 6751.8419990539551 429707.64968013763 124091.21329212189 14798.209742546082 13494.886391282082 28297.777700066566 94446.850552558899 6923.8815364837646 52490.382885932922 239690.54714202881 25965.643160104752 3667.7696743011475 13375.275304794312 28128.129160881042
leaf_count=7888861 41566 2243 247043 1086 5205 161 34584 601555 100 26931 1545 4556 439 37 527 130 4977 339 493 48 3668 717 147 69 1327 6719 6691 1973 873 1701 283 72 66055 39985 6546 638 45 131217 164448 94 45 118061 3667 5607 2196 168 174 6575 255 33524 11086 1242 7460 21361 32334 184 2407 11908 1795 71 263 1111
internal_value=-0.000802771 0.125179 -0.0462146 0.182947 0.088025 0.17068 0.00613801 -0.0526481 0.270159 0.0642965 0.111435 0.152012 0.195343 0.307348 0.218537 0.233918 0.12013 0.175407 0.319689 0.267389 0.145485 0.231009 0.173589 0.231431 0.188899 0.114733 0.13795 0.168986 0.148362 0.182687 0.185571 0.308303 0.0777195 0.0987869 0.15616 0.209609 0.159676 -0.00859149 0.0228597 0.240486 0.189153 0.0524007 0.189819 0.181056 0.198779 0.25504 0.149998 0.0638404 0.227016 0.110494 0.111697 0.116116 -0.054221 -0.0263358 0.0351199 0.142881 0.137302 0.13354 0.0988374 0.248884 0.212196 0.140856
internal_weight=1.63085e+07 4.32103e+06 1.19875e+07 1.69134e+06 2.62969e+06 1.48278e+06 1.3119e+06 1.06756e+07 208560 1.30595e+06 1.32374e+06 843961 638816 102931 138883 105628 784444 184109 86893.1 17707.7 659852 108717 30166.2 10461.3 499933 602098 182347 163739 65356.2 98383.3 24968.3 12833 613589 539298 286335 57507.6 4874.7 697500 614402 16038.1 7734.49 692363 495951 250742 245209 51209.3 117504 209620 20369.9 497745 173360 64842.1 9.80704e+06 41792.7 183984 19705 373517 321027 40763.9 80660.2 17760.3 110636
internal_count=9557188 428325 9128863 56194 372131 53427 609626 8519237 2767 259188 112943 37580 15847 934 2889 1833 56667 7384 695 202 30196 2050 839 216 12958 45220 11447 6790 3116 3674 676 120 92986 56276 11325 1165 82 378260 231366 239 145 166202 12797 6934 5863 885 6865 48141 594 38501 16291 4582 7917682 28821 66918 623 18871 16464 3037 1157 393 4779
is_linear=0
shrinkage=0.05


Tree=9
num_leaves=63
num_cat=0
split_feature=24 24 24 24 24 16 24 16 14 16 0 24 16 16 13 13 13 16 16 2 16 13 13 13 13 0 9 11 24 16 2 13 0 2 2 13 10 21 10 13 11 2 2 13 13 2 9 22 24 16 28 0 0 24 0 16 13 2 0 13 25 2
split_gain=3.08144e+07 2.90679e+06 1.46565e+06 672611 501250 375271 160114 149250 147661 144951 127598 73049.4 68978.5 68023.5 55363.4 47659.7 47405.4 44644.8 42396.9 48374.7 39872.6 37321.2 36799.9 33963.3 33339.2 29934.7 35491.7 29596.2 29327.9 28997.2 24534.1 42554.3 74803.1 37205 25430 24773.8 24520.8 33232.6 24512.9 24148.5 23978.5 23683.5 21877.1 29554.2 29300.2 28260.4 20956.8 20492 19900.9 19581.9 30811.6 24642 22418 19375.8 19184 18149.7 17828.6 17417.6 17794.6 17212.8 17205.3 17044.9
threshold=3.4166667461395268 67.833335876464858 0.38333334028720861 393.21667480468756 16.816666603088382 1.5826713824277752 165.40000152587893 0.43519863559084948 17670.500000000004 3.7960309146165141 8.5000000000000018 38.183334350585945 6.591974796037297 6.591974796037297 0.60355339059327384 -0.5 0.25881904510252057 14.504883467679303 44.361130253231039 2.5000000000000004 0.39246921110346894 0.25881904510252057 0.1294095225512602 0.25881904510252057 -0.12940952255126037 7.5000000000000009 -0.56174490092936669 -0.9330127018922193 0.050000002607703216 6.591974796037297 2.5000000000000004 -0.37940952255126015 14.500000000000002 1.5000000000000002 1.5000000000000002 -0.5 0.68301270189221941 1681.0000000000002 0.68301270189221941 -0.78656609248549325 1.0000000180025095e-35 1.5000000000000002 2.5000000000000004 -0.5 -0.12940952255126037 1.5000000000000002 -0.56174490092936669 199.78571319580081 8.0833334922790545 64.420999820731438 1214.5000000000002 18.500000000000004 8.5000000000000018 0.083333335816860213 18.500000000000004 31.013343260513075 -0.5 2.5000000000000004 16.500000000000004 -0.78656609248549325 239.39518737792972 2.5000000000000004
decision_type=2 2 2 2 2 2 2 2 2 2 2 2 2 2 2 2 2 2 2 2 2 2 2 2 2 2 2 2 2 2 2 2 2 2 2 2 2 2 2 2 2 2 2 2 2 2 2 2 2 2 2 2 2 2 2 2 2 2 2 2 2 2
left_child=2 4 7 6 9 20 18 28 15 48 25 29 23 22 40 -5 38 -11 -3 24 -4 57 61 53 39 26 -10 -17 -1 -6 31 32 -13 -34 -33 -32 37 -8 -15 -20 -14 -26 44 -44 59 -46 -21 -37 -2 52 51 -51 55 -9 -45 -38 -48 58 -19 -31 -12 -7
right_child=1 3 5 8 11 13 36 12 10 17 60 30 14 16 -16 27 -18 21 19 46 -22 -23 -24 -25 41 -27 -28 -29 -30 42 35 34 33 -35 -36 47 49 -39 -40 -41 -42 -43 43 54 45 -47 56 -49 -50 50 -52 -53 -54 -55 -56 -57 -58 -59 -60 -61 -62 -63
leaf_value=-0.05476779897637099 0.025531374724110018 0.11786851618835324 -0.02774614975941363 0.094753812008269267 0.068259352636944937 0.055036296211631974 0.16470385837451862 -0.035155463921393265 0.13576127236921609 0.056990984738683206 0.25414495309462082 0.10797698123337579 -0.011358127166363882 0.061677288777439498 -0.026058858560818434 0.25496531993168403 0.026431008537055978 0.13578565283580155 0.15154425489471654 0.15009741308823554 -0.0071676585946846109 0.05434962991651441 -0.0042944851966122827 -0.047853687432371929 0.14451714915311611 0.3153384751876821 0.27661646099328979 0.19099793539055199 -0.046369334256939058 0.097325440091518708 0.090784296820592719 0.11169322832704615 0.13413883606908847 0.2341684606669254 0.030038171453312952 0.11057216271713705 0.12662658438816229 0.28035092058000116 0.10881773899880498 0.20908829268697185 0.071564000631393065 0.011036826241467151 0.07388674273172309 0.1108155777218276 0.10111889047533994 -0.003094732825180321 0.10792462663133824 0.20962251286235098 0.04492659184575868 0.18553116072229159 0.070170910647657528 0.079769924473307649 0.11090361303504859 -0.011829023012844282 0.080661125677148018 0.19188272440193432 0.13741966970461569 0.085830738509410462 0.064876292475737646 0.13823594971177117 0.17396582699246668 0.024857692937166543
leaf_weight=7958057.3508660793 356514.20283722878 530396.69443321228 452984.00339818001 12102.274490356445 208200.95720791817 63177.217920660973 431882.52002048492 239262.91298019886 5212.2628860473633 438643.99997508526 8162.514799118042 61013.785471439362 11946.38275372982 73725.663019061089 54789.568618535995 19817.872770309448 66207.369161128998 40127.90270280838 30974.924161911011 88976.716723442078 490032.6978584528 78883.395990371704 92945.220426082611 362614.05132770538 11716.096879959106 53118.598472595215 31516.702964782715 206676.16441822052 1195688.5506407022 46259.34486746788 261143.78296780586 26682.573463201523 14963.215445995331 24546.277462005615 14837.378501415253 253486.31730127335 22062.598468780518 6302.9564542770386 44057.729735732079 44325.322234630585 32260.096662521362 4639.0761747360229 270283.62816488743 130243.16609215736 17471.423824548721 10364.260775566101 114809.57805585861 5331.6963160037994 210262.96554100513 58463.159764289856 7769.3424730300903 6080.8504590988159 61025.753085136414 141774.48642539978 88647.44853913784 20611.617195129395 92532.902594566345 131175.37492060661 11350.769423484802 57890.116742253304 37133.093864440918 180367.13270330429
leaf_count=6761278 123253 27756 300721 506 32432 18063 11154 177530 84 87127 104 3833 6023 12576 36786 253 25453 3017 1163 3596 259181 16276 47823 291259 466 290 206 3474 958135 4181 21209 1919 768 645 1878 18072 761 87 5917 1092 8498 443 30334 10723 1901 1794 5407 198 52118 1343 279 216 2602 80157 11107 473 3651 14265 1222 3780 635 59695
internal_value=-0.000877024 0.107462 -0.0449753 0.15494 0.0746493 0.00175734 0.140273 -0.0518171 0.215083 0.0515241 0.256842 0.0942948 -0.0316807 0.0358377 0.0075277 0.191429 0.0602824 0.0667401 0.127057 0.139618 -0.0170527 0.0830909 0.0224714 -0.0369002 0.171364 0.291338 0.256628 0.196595 -0.0536708 0.0844082 0.106681 0.125097 0.142686 0.196285 0.0825136 0.10165 0.160035 0.166367 0.0793106 0.185418 0.049155 0.106657 0.089821 0.0849468 0.107886 0.0623162 0.129799 0.112613 0.0327266 0.144272 0.164244 0.175567 0.130345 -0.0264763 0.0986035 0.158146 0.121088 0.0955035 0.120151 0.120065 0.188415 0.0326863
internal_weight=1.61245e+07 4.66463e+06 1.14599e+07 1.90631e+06 2.75832e+06 1.4635e+06 1.53257e+06 9.99639e+06 373739 1.26696e+06 135143 1.49137e+06 842647 520480 98996 238596 183991 700181 918371 387975 943017 261537 336490 743651 91655.4 89847.6 36729 226494 9.15375e+06 829360 662005 142043 100523 39509.5 41520 519962 614199 438185 117783 75300.2 44206.5 16355.2 621159 489174 131985 27835.7 296319 258818 566777 176013 72313.4 64544 103700 381037 218891 42674.2 207342 182654 51478.7 104149 45295.6 243544
internal_count=9557188 508093 9049095 66041 442052 729429 60489 8319666 5552 297278 1319 144774 600253 169527 51307 4233 43946 121907 43574 15818 559902 34780 125581 548946 3164 580 290 3727 7719413 96252 48522 9043 5246 1413 3797 39479 16915 11241 18493 2255 14521 909 63820 52164 11656 3695 12654 18270 175371 5674 1838 1559 3836 257687 21830 1234 9058 18504 4239 7961 739 77758
is_linear=0
shrinkage=0.05


Tree=10
num_leaves=63
num_cat=0
split_feature=27 24 27 24 16 16 23 16 24 24 24 27 0 13 2 13 0 22 11 11 11 14 0 16 16 28 2 16 13 0 2 12 0 2 13 13 2 0 13 16 9 0 24 2 2 0 16 2 2 13 2 14 21 28 2 16 11 11 27 12 3 28
split_gain=2.70216e+07 2.42549e+06 1.21339e+06 556095 447050 245346 158321 133257 124646 93620.5 77867.7 69569.8 60348.6 54507.5 49969.5 68117.3 43765.7 61876.5 40839 38519.8 36270.4 35349 34373.8 42561.8 34263.5 33931 32973.4 31454.3 31448.7 44650 30461.7 60323.4 65696.2 30055.9 28370.2 28048.7 26282.5 25468.4 25227.6 24955.5 25559.1 25339.8 24684.6 22153.1 21893.8 21878.1 21864.9 21171 20980.9 18567.9 38027.1 18362.6 18292.5 18219.9 18095.3 17887.1 17080 16956.7 16574.2 16254.5 16167.6 16046.2
threshold=8.8995027542114276 62.649999618530281 1.3571859002113345 319.09999084472662 6.591974796037297 1.5826713824277752 749.71429443359386 3.0312152004454345 11.183333396911623 137.76667022705081 31.016666412353519 0.50571158528327953 8.5000000000000018 0.25881904510252057 2.5000000000000004 -0.37940952255126015 14.500000000000002 1.0000000180025095e-35 -0.9330127018922193 -1.0000000180025095e-35 0.6830127018922193 17670.500000000004 18.500000000000004 18.225343655862535 0.31567134407115049 500.50000000000006 2.5000000000000004 2.2396908023649011 -0.37940952255126015 14.500000000000002 2.5000000000000004 -0.9159756150367534 13.500000000000002 1.5000000000000002 -0.5 -0.5 1.5000000000000002 7.5000000000000009 -0.5 64.420999820731438 -0.56174490092936669 9.5000000000000018 22.083333969116214 11.500000000000002 1.5000000000000002 15.500000000000002 0.19565778545936122 4.5000000000000009 1.5000000000000002 -0.5 2.5000000000000004 17656.500000000004 2459.5000000000005 1289.5000000000002 1.5000000000000002 0.18751571141277026 -0.68301270189221952 -0.5 9.3127336502075213 -0.9159756150367534 4.5000000000000009 1289.5000000000002
decision_type=2 2 2 2 2 2 2 2 2 2 2 2 2 2 2 2 2 2 2 2 2 2 2 2 2 2 2 2 2 2 2 2 2 2 2 2 2 2 2 2 2 2 2 2 2 2 2 2 2 2 2 2 2 2 2 2 2 2 2 2 2 2
left_child=2 4 7 9 8 24 18 11 27 30 22 55 21 19 15 16 -7 -18 -5 -9 25 -8 23 49 -4 -20 28 -2 29 -12 31 54 -33 -34 -32 -27 -31 -23 -28 40 -11 -42 -10 -21 51 -14 -13 58 -30 50 -6 -17 -49 -22 -3 -1 -44 -39 -25 -16 -55 -47
right_child=1 3 5 6 10 14 12 13 42 39 26 46 45 -15 59 44 17 -19 20 43 53 37 -24 47 -26 35 38 -29 48 36 34 32 33 -35 -36 -37 -38 57 -40 -41 41 -43 56 -45 -46 61 -48 52 -50 -51 -52 -53 -54 60 -56 -57 -58 -59 -60 -61 -62 -63
leaf_value=-0.054555797815071222 0.018387162156820847 0.094916219856859163 -0.028348455230900245 0.21592997803090952 0.089832068546670335 0.059152575772153215 0.14884397548592759 -0.02827767234003516 0.050585310358796043 0.1064503480736408 0.10022550626604579 -0.044987431488486829 0.064942774302433101 -0.032025991432611978 0.040381067748798218 0.015257890914096718 0.19796427581525189 0.031774549529477662 0.11165775425736282 0.062222027799084291 0.17704300878246559 0.21838262405657938 0.055473102895766603 0.2999857033847268 -0.0079192475312497533 0.11407170923591668 0.077549188343889269 0.03930540542063711 0.10036081679376813 0.11596263226946231 0.093104661762504926 0.11145664180166014 0.1353227184723203 0.2041510759445688 0.11309941978524692 0.16841864297707843 0.19021209773388081 0.23229420173376686 0.098796889552961842 0.14558266555672481 0.14851071051883541 0.12102702627540421 0.093109081563278392 -0.038072210932763743 -0.025200542844012942 0.19375037476871573 -0.027090097613630494 0.078880494001101475 0.026174055001055158 0.081420568636375978 0.049954389552290999 0.11253951456666311 0.4253150615766399 -0.016271128102283469 0.021210196662359394 -0.046994344887094502 0.063153474170630691 0.29195114429610775 0.10438870004959165 0.013828606964908858 0.18761820981057212 0.049399519755391405
leaf_weight=7803110.2254908085 399458.79036724567 23526.553535461426 346054.00358402729 30909.857333183289 80482.843106389046 45014.356220960617 8768.4690284729004 23556.28338766098 259211.55833077431 122146.58548116684 72069.680088758469 402401.96665811539 3840.9777460098267 104015.41718065739 73577.19468998909 16380.989791512489 16530.910984277725 8471.1346789598465 63319.874209403992 43118.360951900482 149543.04773235321 31995.793319702148 251276.59421980381 1091.8294433355331 504403.21767568588 30754.954128265381 309168.21548986435 326675.78107643127 28728.394407510757 19391.164654254913 323052.15959978104 85685.640697717667 25841.18710899353 41075.831794261932 393526.09935688972 104128.57663822174 30932.526710987091 16983.401870727539 254868.04745841026 253842.82454013824 149694.48188400269 190739.6304974556 73400.994063615799 6311.6385705471039 22377.397556781769 52244.38595199585 296317.21414577961 175039.48313701153 14261.999622821808 153962.3254070282 232441.12114572525 6891.5640180110931 381.78278160095215 2328.106819152832 12889.77943944931 869254.8928835392 135307.30945086479 39915.211517333984 133997.32320284843 266052.97714352608 1669.3863296508789 1999.0300140380859
leaf_count=6956609 146713 1088 239029 382 8876 11592 142 14677 49798 4190 4281 330299 112 76319 21315 6166 1946 2058 1433 13771 2326 229 45427 39 274396 783 25119 83704 1994 976 17547 3774 894 1011 17550 1735 820 104 17216 6076 3902 6094 7957 4024 9374 690 202839 15882 1858 16827 35165 1787 2 70 1156 731812 16479 182 9790 98709 30 43
internal_value=-0.000938297 0.0938368 -0.0455809 0.134095 0.0643756 -0.000373926 0.178125 -0.0517633 0.040766 0.119479 0.0804106 -0.0525751 0.220624 -0.00878357 0.0292476 0.0576317 0.0886141 0.141657 0.160827 0.02434 0.155984 0.244627 0.0715497 0.0767461 -0.016232 0.141853 0.0929068 0.0277979 0.112539 0.125461 0.108795 0.12665 0.140449 0.177572 0.104085 0.156027 0.161602 0.254075 0.0871503 0.132985 0.126072 0.133112 0.0608902 0.0494155 0.0101117 0.180265 -0.0373974 0.091092 0.0757497 0.0672051 0.0602108 0.0440659 0.0796347 0.174227 0.0688278 -0.0537979 0.0736887 0.274145 0.10597 0.0195809 0.0688761 0.188431
internal_weight=1.59664e+07 5.11257e+06 1.08538e+07 2.16042e+06 2.95215e+06 1.30575e+06 538401 9.54809e+06 1.19405e+06 1.62202e+06 1.75809e+06 9.37108e+06 155747 177002 455297 115666 70016.4 25002 382654 72986.3 351744 97662.9 1.02867e+06 777397 850457 198203 729420 726135 165384 122393 905597 189019 152603 66917 716578 134884 50323.7 88894.4 564036 716424 462581 340434 467920 49430 45650 58084.4 698719 310510 42990.4 466886 312924 23272.6 175421 153541 36416.3 8.67237e+06 208708 56898.6 135089 339630 3997.49 54243.4
internal_count=9557188 560466 8996722 71543 488923 666372 8261 8330350 304651 63282 184272 8221559 1502 108791 152947 32923 15596 4004 6759 32472 6377 657 132008 86581 513425 3951 52264 230417 9929 6077 43020 7923 5679 1905 35097 2518 1796 515 42335 20262 14186 9996 74234 17795 17327 845 533138 25713 3852 60868 44041 7953 15884 2426 2244 7688421 24436 286 9829 120024 100 733
is_linear=0
shrinkage=0.05


Tree=11
num_leaves=63
num_cat=0
split_feature=27 24 27 24 16 23 16 16 24 16 24 16 0 13 16 2 24 13 0 13 16 13 0 2 13 0 13 14 9 14 14 28 13 13 14 16 2 0 2 9 8 11 10 12 0 28 16 10 2 13 13 13 24 14 2 11 27 14 0 11 2 21
split_gain=2.38682e+07 2.17923e+06 801087 561412 356302 166442 165054 124797 83976.2 78012.7 72553.5 58691.1 47952.5 46593.3 36991.4 38100.6 36389.3 36048.8 38046.6 34580.8 31479.2 29647 37131.7 28184.4 31865.5 28975.1 29070.5 27712.6 27503.3 35858.5 83587.1 35364.4 27188.1 23008.3 22632.3 22210.6 22140.8 21410.8 20813.4 19954.2 19757.1 19674.4 19570.7 19546.7 19252.2 28084.3 16937.1 16423.9 16301.8 36610.8 16980.5 23716.2 16284 16165.9 16117.5 16116.8 15754.5 15710.7 15446 15170.6 14679.9 14435.8
threshold=6.3143694400787362 40.383333206176765 1.0943948626518252 243.76667022705081 3.380504339404776 749.71429443359386 1.5826713824277752 6.591974796037297 118.64999771118165 14.504883467679303 5.616666555404664 0.18751571141277026 8.5000000000000018 0.60355339059327384 31.013343260513075 2.5000000000000004 13.516666889190676 -0.5 13.500000000000002 0.25881904510252057 0.3000412201154164 -0.37940952255126015 13.500000000000002 2.5000000000000004 -0.5 16.500000000000004 -0.78656609248549325 17670.500000000004 -0.56174490092936669 17660.500000000004 17392.500000000004 1185.5000000000002 0.25881904510252057 0.25881904510252057 17612.500000000004 5.7010882203048583 1.5000000000000002 7.5000000000000009 1.5000000000000002 -0.56174490092936669 1.0000000180025095e-35 1.0000000180025095e-35 0.68301270189221941 -0.9159756150367534 18.500000000000004 1135.5000000000002 44.361130253231039 0.68301270189221941 2.5000000000000004 -0.37940952255126015 -0.5 0.1294095225512602 12.983333110809328 17624.500000000004 1.5000000000000002 1.0000000180025095e-35 1.0000000180025095e-35 17664.500000000004 14.500000000000002 1.0000000180025095e-35 11.500000000000002 2459.5000000000005
decision_type=2 2 2 2 2 2 2 2 2 2 2 2 2 2 2 2 2 2 2 2 2 2 2 2 2 2 2 2 2 2 2 2 2 2 2 2 2 2 2 2 2 2 2 2 2 2 2 2 2 2 2 2 2 2 2 2 2 2 2 2 2 2
left_child=2 4 7 8 10 17 20 11 14 16 34 -1 27 41 57 21 48 18 -5 23 -4 22 -16 25 -25 26 -11 -7 29 30 -19 -31 35 53 -2 -8 -27 -29 -23 40 -21 -9 -14 -17 45 -30 -10 -41 49 58 -50 -52 -12 56 -51 -55 -13 -3 -6 -39 -43 -26
right_child=1 3 6 5 9 12 32 13 46 19 52 33 42 -15 15 43 -18 28 -20 39 -22 38 -24 24 61 36 -28 37 44 31 -32 -33 -34 -35 -36 -37 -38 59 -40 47 -42 60 -44 -45 -46 -47 -48 -49 50 54 51 -53 -54 55 -56 -57 -58 -59 -60 -61 -62 -63
leaf_value=-0.054131108572496756 0.00063023962624326503 0.076690480476979572 -0.031077969051591426 0.13094422785064708 0.065638013495364578 0.13001889031501698 0.020777766476238926 -0.016880619087725025 0.10394817592500888 0.083726591312633727 0.03091708247257461 -0.045218260452538211 0.17136287122303856 -0.027840221455787125 0.1006702284652598 0.10787596305271518 0.062621070466701664 0.06953969574040994 0.065449996188364112 0.10490176989619229 -0.011788271972060522 0.10840035183698785 0.15700397597325805 0.06337473808629028 0.089600898969646084 0.085077121426407082 0.12925949995850219 0.18822293633403508 0.14205966861594441 0.059629929720889846 0.17695201617142636 0.14906636962649084 -5.3933062663533718e-05 -0.0495048526762083 0.022868922707450782 0.055222403778295209 -0.0077418192886249404 0.20714066701358647 0.023811766604089353 0.055364022947553986 0.046856847506545764 0.07298338784062755 0.10431352625986533 0.085923417485544745 0.07707004233621724 0.17582320209183577 0.11917220637925624 0.016826175389032569 0.029771228515201094 0.048923431834222042 0.066378345719403514 0.030760233216763473 0.050740816383199196 -0.04012187554626357 -0.017072457648394764 0.012286864372764703 -0.027830454958426083 0.091259557609471437 0.11480215673608354 0.25737118633765743 -0.048963267939909544 0.39338088037016133
leaf_weight=7747135.9170399904 268524.7626080513 414558.72156023979 378844.29832160473 60909.602922439575 56198.459274172783 9515.2821788787842 172792.1927729845 10063.922420501709 360321.45470714569 73276.849234342575 275999.45993638039 309561.86423766613 49409.483201980591 46776.701541423798 51084.686856746674 146671.71070480347 482046.56244111061 27113.14817237854 34869.222722053528 32099.383992791176 478817.47222733498 20697.350267887115 68446.602582931519 320135.38935399055 166667.19844508171 16522.128013134003 67206.821996808052 35177.57901763916 310428.47037220001 34968.396871566772 54560.696807861328 16161.518920898438 109122.23731279373 525695.23160851002 199334.52283644676 64186.578961014748 10512.58717918396 25284.760368347168 11211.554350376129 88187.440538525581 26984.969982504845 30189.96163547039 13958.939764976501 328569.56193876266 9597.9343919754028 76838.526576042175 370632.87644529343 40272.465014457703 226187.03255522251 20775.767597913742 102235.68007624149 86090.712548971176 165841.27067863941 25927.272475361824 16677.613702893257 33783.319532990456 224936.26497876644 334253.91945624352 22321.837201952934 37088.256729125977 2687.4468077421188 391.91467094421387
leaf_count=7229764 122194 27400 279565 1125 9257 142 59734 5539 11783 5420 75542 268691 538 33779 2045 5708 57784 715 1312 4249 275989 950 1638 30658 12033 1284 3036 229 5044 855 812 281 55020 468214 72163 12239 1368 134 1056 13752 4044 6312 307 17219 236 1043 9752 8079 49015 4100 14409 25165 28618 19600 4281 20376 162226 18598 2988 152 1625 2
internal_value=-0.000988766 0.0812287 -0.0468439 0.11149 0.0494587 0.147266 -0.00854757 -0.0519908 0.0979727 0.0620298 0.0238275 -0.0525845 0.191068 0.00668319 0.0906951 0.0996581 0.0526774 0.13533 0.107101 0.073273 -0.0203089 0.121498 0.132928 0.0786954 0.0726122 0.0963872 0.105509 0.211472 0.140434 0.120738 0.141295 0.0879 0.0205977 -0.0418854 0.0101052 0.0301073 0.0489839 0.219417 0.0786795 0.0543434 0.0783917 0.0442902 0.156593 0.0926986 0.147025 0.148759 0.111668 0.0432824 0.0436417 0.0602125 0.0390055 0.0500961 0.0383578 -0.0351444 0.019536 -0.0104698 -0.0379009 0.0831938 0.0796146 0.237009 0.063015 0.0903138
internal_weight=1.58273e+07 5.66682e+06 1.01605e+07 2.90233e+06 2.76449e+06 795882 1.20376e+06 8.95676e+06 2.10645e+06 1.85479e+06 909700 8.86704e+06 170434 89718 1.37549e+06 626681 1.01253e+06 625448 95778.8 842257 857662 151440 119531 654713 487195 167518 140484 107066 529669 132804 81673.8 51129.9 346101 1.1199e+06 467859 236979 27034.7 97550.6 31908.9 187544 59084.4 42941.3 63368.4 475241 396865 387267 730954 128460 530487 115974 414513 188326 441841 594209 37453.4 59710.6 534498 748813 78520.3 62373 32877.4 167059
internal_count=9557188 658515 8898673 109074 549441 12925 682547 8216126 96149 250924 298517 8168871 1502 47255 74614 28616 166999 11423 2437 83925 555554 5689 3683 53801 42693 11108 8456 657 8986 2663 1527 1136 126993 939107 194357 71973 2652 515 2006 30124 8293 13476 845 22927 6323 6087 21535 21831 109215 20626 88589 39574 104160 470893 8381 39976 430917 45998 12245 286 7937 12035
is_linear=0
shrinkage=0.05


Tree=12
num_leaves=63
num_cat=0
split_feature=15 15 15 15 24 15 15 15 15 14 0 15 9 21 9 0 11 0 9 19 19 28 12 11 28 16 16 28 0 11 26 16 13 15 10 9 13 27 14 9 24 20 28 28 11 18 23 9 13 0 28 28 11 21 16 11 19 0 28 21 9 27
split_gain=2.24013e+07 1.71765e+06 842003 361302 276048 103000 67493.1 61505.8 56611.7 45057.6 52829.5 35589.9 31724.8 30483.6 25548.8 24809.3 23615.8 22288.1 22022.9 20717.6 20679.4 19588.2 23043.7 19076.2 19014.2 17654.5 16902.1 17028.1 15178.7 14577.9 13856.8 13734.8 16396 13680.7 13554.6 13161.9 19265.4 13662.2 13125.5 23291.4 12892.4 12631.3 12030.5 17013.3 11958.6 17387.5 14057.7 11911.6 11699.7 11615.3 15784 33103.1 11443.8 14312.7 11442.4 11400.3 11029 10654.5 10363.5 10260.5 10230.9 11030.4
threshold=3.0887019146932659 77.354074074074092 0.45037230526277139 15.197483332485115 522.36666870117199 170.32598103701974 1.2297305506688774 42.617451917605557 0.12994972498071136 17670.500000000004 8.5000000000000018 6.4737307547333947 -0.56174490092936669 1587.5000000000002 -0.56174490092936669 11.500000000000002 -0.68301270189221952 16.500000000000004 -0.56174490092936669 1591.0000000000002 1695.5000000000002 1091.5000000000002 -0.98296291314453399 -0.9330127018922193 1063.5000000000002 64.420999820731438 3.380504339404776 1185.5000000000002 14.500000000000002 0.93301270189221952 675.42425537109386 6.591974796037297 1.0000000180025095e-35 109.11370499419282 0.25000000000000011 -0.56174490092936669 -0.9159756150367534 442.71141052246099 17664.500000000004 -0.56174490092936669 393.21667480468756 113.50000000000001 1057.5000000000002 500.50000000000006 1.0000000180025095e-35 263.50000000000006 346.75000000000006 -0.56174490092936669 0.60355339059327384 8.5000000000000018 507.50000000000006 400.50000000000006 -0.9330127018922193 2325.5000000000005 23.57523155778232 0.25000000000000017 421.50000000000006 7.5000000000000009 1057.5000000000002 1681.0000000000002 -0.56174490092936669 100.49129867553712
decision_type=2 2 2 2 2 2 2 2 2 2 2 2 2 2 2 2 2 2 2 2 2 2 2 2 2 2 2 2 2 2 2 2 2 2 2 2 2 2 2 2 2 2 2 2 2 2 2 2 2 2 2 2 2 2 2 2 2 2 2 2 2 2
left_child=2 3 8 11 5 26 -4 18 31 17 12 -2 16 14 15 20 23 42 48 -18 -7 24 -23 -11 -16 -17 -3 30 59 52 33 -1 34 -28 -33 36 37 -9 41 -40 -30 56 43 -6 -15 46 -46 -13 -5 50 51 -37 -12 -54 -38 -44 -19 -14 -41 -29 61 -8
right_child=1 4 6 7 9 13 60 35 -10 10 29 47 57 44 21 25 19 38 -20 -21 -22 22 -24 -25 -26 -27 27 28 40 -31 -32 32 -34 -35 -36 49 54 -39 39 58 -42 -43 55 -45 45 -47 -48 -49 -50 -51 -52 -53 53 -55 -56 -57 -58 -59 -60 -61 -62 -63
leaf_value=-0.054320716807767157 0.024045499833000316 0.14780051431135044 -0.020222702469764382 0.066560242942236988 0.065373105893960906 0.070818031229545678 0.012737937471935563 0.10638746170187217 -0.039191801972179613 0.15801753033126409 0.18060306992132202 0.049987032625952159 0.18318156874659106 0.20670849084649423 0.11487692450339121 0.08792242301575659 0.083990188594733603 0.14763060470986597 0.054634714440931646 0.20093158189490856 0.26551163694950519 0.17336699150624224 0.12489649910233214 -0.036156764997654266 0.064604336987139951 0.12463352296120603 0.083247025009398401 0.085378949743580582 0.11929989536745299 0.19262087930647509 0.03654442161326487 -0.055551155705132263 -0.040826054036506888 0.095593818685699952 0.088479862324059411 0.065686594028591727 0.067916357770841221 0.30999057340599967 0.036125547793640515 0.041514960860342634 -0.047366677961902956 0.13736940855342353 0.013977600751226865 0.14671113450561299 0.11386103930697311 -0.0079666257889633649 0.24613149860180628 0.036472940251532408 0.10250042321077285 0.068988640821712438 0.068558959215182416 0.14210860748677243 0.068191284214238423 0.17872190392393053 0.089680787891160144 0.11414993398782224 0.1997536310194338 0.21750481270929353 0.15746682221195071 0.26028083538016528 -0.0010001196621088056 0.3031417666157345
leaf_weight=7844314.1654083729 560857.79292213917 13887.26505947113 625529.87245059013 388906.67243099213 9411.281421661377 67943.245674133301 178005.94241309166 61466.094267845154 684639.8552980423 2152.2514038085938 3773.9353256225586 235234.35993266106 39104.182723999023 12216.626977920532 375101.26413536072 51557.757820129395 5475.6395034790039 18134.879552841187 871411.77917098999 12286.931804656982 1391.7515563964844 27571.940574645996 221695.92756271362 3067.50537109375 19802.42391204834 89783.747701644897 394810.00461769104 66569.513597488403 111680.18039560318 5148.0777893066406 12164.695753097534 2399.1811317205429 27483.410635948181 519723.28315067291 5117.5778365135193 27417.747868061066 130976.98165512085 835.08193206787109 6688.0408725738525 2171.766414642334 1172.4077014923096 40054.306434631348 6109.4712915420532 20291.431854248047 5377.8078842163086 1791.6769390106201 3206.9742946624756 531436.37671113014 24044.829211950302 584451.08695697784 61085.870841503143 29328.069675922394 17983.343101501465 3498.7478713989258 112064.4322514534 5308.0549812316895 23055.154302597046 53631.015625 17115.437620162964 849.184326171875 424499.05992305279 327.48646974563599
leaf_count=7690329 171925 367 419814 35792 154 1662 82067 3027 574901 16 33 42813 194 140 6548 1301 45 193 92956 66 18 372 3685 38 439 1523 15911 2165 3268 44 441 1572 22204 15372 1334 1674 7656 13 111 29 43 437 170 254 94 35 30 105010 2086 33890 3417 1265 256 36 5725 72 206 206 207 13 201507 17
internal_value=-0.00102909 0.0758236 -0.0474302 0.0543742 0.109685 0.103025 -0.00871707 0.0663968 -0.052983 0.154881 0.174588 0.0336172 0.189999 0.115855 0.11434 0.0992248 0.137408 0.135469 0.0591419 0.164883 0.0747265 0.119283 0.130258 0.0439073 0.112356 0.111242 0.0929814 0.0922937 0.106354 0.115935 0.0895585 -0.0541813 -0.0229288 0.0902636 0.0425076 0.0756441 0.0843107 0.109117 0.147471 0.11653 0.117568 0.157363 0.104172 0.12094 0.173182 0.133707 0.163276 0.0406194 0.068653 0.071876 0.0861972 0.105184 0.100302 0.0861942 0.0779518 0.0605492 0.176806 0.203032 0.144411 0.0875824 0.00322177 0.0132714
internal_weight=1.57046e+07 5.91228e+06 9.79232e+06 3.61952e+06 2.29276e+06 1.9983e+06 1.22836e+06 2.29199e+06 8.56395e+06 294461 146122 1.32753e+06 115718 877441 854848 210677 22982.3 148340 1.28436e+06 17762.6 69335 644172 249268 5219.76 394904 141342 1.12086e+06 1.10697e+06 180271 30404.1 926698 7.87931e+06 35000.2 914533 7516.76 1.00763e+06 305343 62301.2 107220 25975.2 112853 81244.3 41120.2 29702.7 22593.1 10376.5 8584.78 766671 412952 702283 117832 56745.8 25256 21482.1 243041 11417.5 41190 92735.2 19287.2 67418.7 602832 178333
internal_count=9557188 563443 8993745 507249 56194 53427 703405 187501 8290340 2767 934 319748 565 15847 15548 4504 165 1833 130834 111 1680 11044 4057 54 6987 2824 37580 37213 5489 369 31724 7715439 25110 31283 2906 56667 16421 3040 1183 347 3311 836 650 408 299 159 124 147823 37878 40246 6356 2939 325 292 13381 242 399 400 236 2178 283591 82084
is_linear=0
shrinkage=0.05


Tree=13
num_leaves=63
num_cat=0
split_feature=15 15 15 15 15 22 15 15 15 15 9 27 14 14 14 15 14 11 2 0 0 2 2 22 10 0 21 0 16 2 19 1 2 0 0 2 9 16 11 11 14 9 0 14 19 19 0 9 0 15 16 14 10 2 1 6 9 9 0 9 21 10
split_gain=1.99729e+07 1.42629e+06 724993 268427 262248 107166 67827.7 39833.9 37259.3 32082.9 27917.5 29288.1 27044.4 48838.2 28203.1 25673.3 22164.2 21445.5 19043.5 33741.3 33367.6 40556.9 25267.1 18483.5 18157.6 15467.5 25427.3 17608.3 15227.7 21513.6 15138.5 14393.4 14033 44295.9 35224.4 39200.1 13689.8 14955.3 13669.4 13096.2 12878.1 12647.8 12508.4 12335.5 12841 14608.9 12331.1 22979.1 15386.5 12022.6 11740.3 11010.8 10936.4 10806 10727.2 10381.4 10049.7 10012.9 9903.48 9825.54 9685.14 9633.52
threshold=2.6705494505494509 62.103145688878449 0.34786262331019369 170.32598103701974 15.197483332485115 722.85711669921886 0.95291598438090441 6.4737307547333947 0.10025384798757821 25.694882730031036 -0.56174490092936669 575.07699584960949 16205.000000000002 17664.500000000004 17392.500000000004 109.11370499419282 17670.500000000004 -0.9330127018922193 2.5000000000000004 16.500000000000004 13.500000000000002 1.5000000000000002 1.5000000000000002 199.78571319580081 -0.6830127018922193 8.5000000000000018 2325.5000000000005 7.5000000000000009 6.591974796037297 2.5000000000000004 1695.5000000000002 2024.5000000000002 2.5000000000000004 16.500000000000004 14.500000000000002 1.5000000000000002 -0.56174490092936669 3.380504339404776 -0.9330127018922193 0.25000000000000017 17665.500000000004 -0.56174490092936669 10.500000000000002 17668.500000000004 298.00000000000006 4.5000000000000009 18.500000000000004 -0.56174490092936669 8.5000000000000018 1.5531030211881276 7.6764785907381148 16170.000000000002 -0.6830127018922193 1.5000000000000002 2024.5000000000002 1.0000000180025095e-35 -0.56174490092936669 -0.56174490092936669 17.500000000000004 -0.56174490092936669 624.00000000000011 0.68301270189221941
decision_type=2 2 2 2 2 2 2 2 2 2 2 2 2 2 2 2 2 2 2 2 2 2 2 2 2 2 2 2 2 2 2 2 2 2 2 2 2 2 2 2 2 2 2 2 2 2 2 2 2 2 2 2 2 2 2 2 2 2 2 2 2 2
left_child=2 4 8 15 7 10 -4 54 28 -6 12 24 30 14 -14 36 61 -13 19 20 -11 -22 50 -15 -12 27 31 56 -1 -30 51 -27 33 34 40 -36 43 -38 -20 -29 -17 -40 -26 44 45 -3 48 -48 52 -8 -21 -5 -34 -35 -2 -19 -18 -56 -55 -9 -45 -7
right_child=1 3 6 5 9 16 49 59 -10 18 11 17 13 23 -16 32 25 55 38 22 21 -23 -24 -25 42 26 -28 39 29 -31 -32 -33 46 53 35 -37 37 -39 41 -41 -42 -43 -44 60 -46 -47 47 -49 -50 -51 -52 -53 -54 58 57 -57 -58 -59 -60 -61 -62 -63
leaf_value=-0.05439786782584586 0.0080643600835687158 0.071970586372447631 -0.024611079039231362 0.11980498907683308 0.048551348392145526 0.13282346048938662 -0.0090642337253876697 0.045779623954702316 -0.041965784574326745 0.066310816765562983 0.065231424596679272 0.17475599198694453 0.076969616215974687 0.094215298293118477 0.13415674010479603 0.10251139807497769 0.076030723469642528 0.11579097315053347 0.073430304338044775 0.010817243129448656 0.064537088747562851 0.12982685137432909 -0.0058466406094219436 0.053439172143141839 0.11506641448328443 -0.045485266002024308 0.23772397790726704 0.15654776996698297 0.03041327193756372 -0.054404924056529302 0.17021403758428214 0.10537955077429087 0.044553356295151898 0.074242694707420495 0.087341268731549668 0.17859002593241888 0.14745929955913714 0.069840109595374275 0.065400403352183459 0.19869437491241185 0.04351051909528636 0.052586408327313754 0.099099490780027458 0.10032198209482264 0.031531213209205315 0.10159105663538737 0.18002427104370003 0.082943052426421984 0.076621168157029199 0.0045236486756317414 0.075197493741822261 0.025123579260257108 0.099731793466498783 0.064293362045953428 0.034336094444851396 0.1540278347363675 0.14631116914073128 0.019472047833058902 -0.023074425562681536 0.033706450914424889 0.26406611008416142 0.09525245109049868
leaf_weight=7320503.7034222484 131821.75557160378 132736.74335002899 603313.98523747921 3491.2339153289795 639089.91158866882 68253.815393447876 289663.53217279911 243779.59663057327 673829.14566355944 147603.89739751816 30382.928825378418 19242.341793060303 29143.230756759644 52291.114692687988 82862.32154083252 45808.452271461487 6036.7464714050293 182367.64527320862 139886.5153222084 8911.7165446281433 39548.091530323029 59680.86568069458 20090.302157878876 59320.583795547485 194256.5037612915 1769.4208526611328 3492.7375259399414 37961.706314086914 12792.14572763443 17989.453114032745 2284.6483364105225 14837.6845703125 9637.2477951049805 29905.587886810303 17901.884859085083 34364.771133422852 6267.6754188537598 629420.41144990921 281047.24710941315 35836.292945861816 11588.84617805481 611745.17636299133 332856.73198127747 66478.414793491364 13916.043262481689 60649.000275611877 9335.7795810699463 17563.110382080078 375607.60706996918 371676.77260935307 34481.11828327179 25486.421083450317 131777.16646671295 6342.173002243042 162711.91445302963 19667.718990325928 32338.340965270996 373094.66191005707 6638.6503715515137 545912.40031957626 915.47138214111328 22751.29100227356
leaf_count=7544121 43621 5697 439186 84 74558 679 168660 42813 610459 8886 538 144 645 1077 1157 1084 63 2249 9568 822 2277 2091 2753 1187 3079 27 23 161 6652 15550 29 179 259 855 403 381 193 26847 18769 121 315 46236 5694 2386 605 2303 173 430 11020 171165 2121 679 3390 284 48091 209 151 118165 425 105010 17 372
internal_value=-0.00106125 0.0676374 -0.0476739 0.0937029 0.0459343 0.111011 -0.0124876 0.0298327 -0.0532188 0.0577729 0.104225 0.108926 0.0898616 0.0959514 0.119277 0.080164 0.142424 0.124317 0.0621612 0.0730227 0.0813841 0.103806 0.0405121 0.0725433 0.102817 0.155491 0.115097 0.162729 -0.0542503 -0.0191562 0.0463016 0.089305 0.0873899 0.100792 0.117641 0.147337 0.074636 0.0706054 0.0588973 0.177014 0.090599 0.0566202 0.104984 0.0839634 0.0779219 0.0812601 0.0836311 0.116638 0.0819138 -0.00142776 0.0619757 0.0365314 0.0959715 0.0577072 0.0208423 0.119513 0.135256 0.0239859 0.0196115 0.0374335 0.102547 0.123431
internal_weight=1.5593e+07 6.30319e+06 9.28977e+06 2.86379e+06 3.43941e+06 1.25693e+06 1.26465e+06 1.45732e+06 8.02511e+06 1.98208e+06 1.03365e+06 778774 254880 223617 112006 1.60686e+06 223278 221278 1.34299e+06 310316 246833 99229 63483.1 111612 557496 132273 20099.8 112173 7.35129e+06 30781.6 31262.3 16607.1 696471 152550 109664 52266.7 910384 635688 1.03268e+06 73798 57397.3 892792 527113 274696 207302 193386 543921 26898.9 517022 661340 43392.8 28977.7 141414 42886.4 667628 202035 38375.1 535807 12980.8 789692 67393.9 91005.1
internal_count=9557188 601395 8955793 75614 525781 18547 779011 357700 8176782 168081 16771 11913 4858 4066 1802 57067 1776 2602 93523 18950 13254 4368 5696 2264 9311 725 229 496 7566323 22202 792 206 19019 3747 2183 784 38048 27040 74573 282 1399 65005 8773 11008 8605 8000 15272 603 14669 339825 2943 763 3649 1564 209877 2458 214 166256 709 147823 2403 1051
is_linear=0
shrinkage=0.05


Tree=14
num_leaves=63
num_cat=0
split_feature=15 15 15 15 15 23 15 15 15 15 15 12 16 13 2 2 2 25 13 3 16 2 16 12 2 2 13 2 12 2 24 2 23 2 13 2 13 13 2 12 14 14 16 10 14 11 13 2 16 27 3 14 2 23 21 3 2 12 13 27 12 2
split_gain=1.79149e+07 1.23238e+06 579534 255703 215339 87942 49075.5 36166.2 31937 31315 29452.7 19400.7 18473.3 22890.2 35811.5 31375.7 67385.8 20202.1 18392.7 18190.2 15847.5 20078.3 15757.1 14248.2 13559.1 13527.9 24006.3 29212.4 18835 31514.5 15812.1 11827.3 11419.6 11257.5 46865.2 19451.7 35490.8 18163.8 10875 10669.5 9905.68 9561.57 9330.84 9232.99 9198.27 9066.71 10230 9042.78 8953.75 8619.54 8549.7 8479.95 8403.76 10360 8355.48 9025.76 8191.18 22262.8 14687.4 11517 8492.09 8400.6
threshold=2.1808849955076375 50.684652062435347 0.33359334373374944 170.32598103701974 10.886656738644826 749.71429443359386 0.83108756549255591 0.091124296824222878 25.694882730031036 4.2766823634089635 109.11370499419282 0.78656609248549325 64.420999820731438 -0.37940952255126015 2.5000000000000004 2.5000000000000004 1.5000000000000002 1.0000000180025095e-35 0.1294095225512602 4.5000000000000009 6.591974796037297 2.5000000000000004 31.013343260513075 0.37940952255126054 10.500000000000002 2.5000000000000004 -0.37940952255126015 1.5000000000000002 -0.25881904510252113 1.5000000000000002 0.78333333134651195 2.5000000000000004 316.60713195800787 2.5000000000000004 -0.37940952255126015 1.5000000000000002 -0.78656609248549325 -0.5 1.5000000000000002 -0.60355339059327362 17666.500000000004 17655.500000000004 23.57523155778232 0.68301270189221941 17138.000000000004 -0.5 -0.5 10.500000000000002 4.9579392406956755 274.26823425292974 3.5000000000000004 15973.000000000002 5.5000000000000009 254.89286041259768 2459.5000000000005 4.5000000000000009 2.5000000000000004 -0.9159756150367534 -0.5 375.84513854980474 -0.5 1.5000000000000002
decision_type=2 2 2 2 2 2 2 2 2 2 2 2 2 2 2 2 2 2 2 2 2 2 2 2 2 2 2 2 2 2 2 2 2 2 2 2 2 2 2 2 2 2 2 2 2 2 2 2 2 2 2 2 2 2 2 2 2 2 2 2 2 2
left_child=2 4 7 10 9 12 -4 20 40 45 25 43 19 14 17 16 -15 -14 -17 22 -1 39 31 -16 54 26 28 48 29 -3 -30 -5 42 34 35 -12 -37 -35 -36 -22 -6 -39 -21 -7 49 46 -2 -11 -28 -27 -24 -10 -46 -54 55 -13 57 61 60 -59 -58 -53
right_child=1 3 6 5 8 11 -8 -9 51 47 33 24 13 15 23 18 -18 -19 -20 32 21 -23 50 -25 -26 44 27 -29 30 -31 -32 -33 -34 37 38 36 -38 41 -40 -41 -42 -43 -44 -45 52 -47 -48 -49 -50 -51 -52 56 53 -55 -56 -57 58 59 -60 -61 -62 -63
leaf_value=-0.054383271041128028 0.0085873856179803764 0.064711551931350794 -0.02609905738681171 0.016361131394048531 0.040817541784973224 0.11639563191249731 -0.0052325501619427837 -0.042181515624770259 0.017391187458659665 0.031103807664355294 0.083771825780003972 0.11085778715668181 0.013697056708471095 0.11313676890747876 0.062467375109985838 0.11655876960744485 -0.00023067163135393238 0.13202663829352854 0.066463290039104103 0.10752576813550901 0.10261584522239603 -0.054638641560510771 0.088289482653942708 0.090680080627396215 0.16604717148369136 0.057263597861210748 0.16335113162784734 0.0039083573156297379 0.24367835944215299 0.12056391942733419 0.067753618531380691 0.06824730605851223 0.11319802963056953 0.062494816732762692 0.068082222267850698 0.025191221243975038 0.14140291645121719 0.071888094589598814 0.020736269368727227 0.0010024264343102835 0.057921584035676633 0.087939610968426216 0.078302432913648468 0.073638842974280069 0.059025853875914171 0.0066237717774630007 0.032246966903273382 0.017602598820780784 0.066710484455139302 0.025738701197500869 0.064938319153759971 0.041814260748459127 0.06811017673086639 0.11063172349630279 0.15685342188159052 0.14626154071888606 0.034231148324209447 0.067828620567664574 0.0600792903491075 0.17263698675795847 0.050575990196379629 -0.01319727947644209
leaf_weight=6917136.8711416721 87785.682326197624 41429.216948509216 522336.23589289188 14195.911323547363 928147.82222914696 62317.094593048096 611835.52947223186 684387.11087650061 14949.665612697601 648716.54110717773 42715.727689743042 54959.332191467285 3898.5489082336426 36979.031162261963 92577.458019256592 282643.62034416199 20305.327816009521 48257.820507049561 19593.76033782959 42094.205148696899 3565.1815412044525 16109.109682321548 227962.06718635559 86632.963012695312 34508.804420471191 150903.16191101074 2513.6530961990356 22980.179926872253 1291.409875869751 64700.536262512207 116016.57207775116 48532.159091949463 77405.148664474487 190416.04594993591 39047.4104347229 7459.6363067626953 55089.854337692261 156860.49861240387 17593.529900550842 9380.0029896497726 93147.527204990387 227124.815366745 77814.21586227417 15836.250951766968 323302.80816078186 283256.49014782906 95274.820324420929 153339.05014514923 51560.125677585602 25322.2239818573 47343.04253578186 22110.876946926117 488512.80038547516 14757.899883270264 22522.734336853027 26775.886489868164 106279.22198390961 211150.92365121841 372699.22829151154 2654.0734643936157 315051.31944513321 10113.925695896149
leaf_count=7487064 32858 1441 398799 342 119896 538 339259 651206 1622 148517 938 319 84 429 1658 3346 405 621 321 675 1112 14614 3725 1298 134 8058 87 2003 33 1308 4174 958 891 5629 1045 168 715 4253 881 5443 10056 5390 1351 252 14237 107223 33671 38333 2076 1192 998 1622 21110 379 79 123 8594 12059 26088 85 23929 1474
internal_value=-0.00108532 0.060286 -0.0481912 0.0815654 0.0387643 0.0985054 -0.0148425 -0.053148 0.0486802 0.0225321 0.0704098 0.127658 0.0928905 0.0989859 0.0867182 0.106881 0.0729519 0.123182 0.113311 0.0861627 -0.0542285 -0.0173784 0.079121 0.0761059 0.13888 0.0658936 0.0751996 0.0511337 0.0834988 0.0987613 0.0696906 0.0565051 0.0982264 0.0784036 0.0900488 0.109782 0.127544 0.0751212 0.053376 0.0289883 0.0423775 0.0813825 0.0885615 0.107732 0.063105 0.0122286 0.0209012 0.0285226 0.0712033 0.0527338 0.0842739 0.0547815 0.0653162 0.0693571 0.129887 0.122456 0.0553189 0.0632906 0.0528489 0.0691298 0.0464531 0.0245485
internal_weight=1.54922e+07 6.72743e+06 8.76475e+06 3.38275e+06 3.34468e+06 1.34316e+06 1.13417e+06 7.63058e+06 2.0763e+06 1.26837e+06 2.0396e+06 216920 1.12624e+06 590889 231367 359522 57284.4 52156.4 302237 535347 6.94619e+06 29054.3 338033 179210 138767 1.30329e+06 300492 77054 223438 106130 117308 62728.1 197314 736308 161906 105265 62549.5 574401 56640.9 12945.2 1.0213e+06 383985 119908 78153.3 1.0028e+06 466317 183061 802056 54073.8 176225 275305 1.05501e+06 826574 503271 104258 81735.2 1.04006e+06 246030 794030 213805 421331 32224.8
internal_count=9557188 659691 8897497 93664 566027 18547 738058 8159439 205425 360602 75117 1445 17102 8162 3661 4501 834 705 3667 8940 7508233 21169 6023 2956 655 56098 11122 4166 6956 2749 4207 1300 2917 19019 3747 1821 883 15272 1926 6555 129952 9643 2026 790 44976 173752 66529 186850 2163 9250 4723 75473 35726 21489 521 442 73851 15240 58611 12144 32523 3096
is_linear=0
shrinkage=0.05


Tree=15
num_leaves=63
num_cat=0
split_feature=15 15 15 15 15 23 15 15 15 15 15 9 13 16 2 16 13 2 2 2 25 3 0 13 9 12 16 24 0 9 13 2 0 2 0 9 2 9 16 13 16 12 8 0 13 2 2 2 13 9 2 13 26 2 2 13 25 23 2 3 2 9
split_gain=1.61448e+07 1.01694e+06 542003 199962 191527 67378.9 54211.4 35678.5 23847.2 23321.7 20864.7 18235.9 18146.4 16641 18399.2 14415.4 17591.9 27782.6 23622.3 54086.6 15580 14101.9 14057.7 13797 13416.6 20852.3 12362.3 11765.3 11176.3 10534.4 10828.8 10426.9 11603.7 13013.5 11581.6 10239.1 9677.43 9577.34 9689.49 9464.42 9406.09 9319.18 10183.8 9223.08 9178.79 9165.8 11063 9024.6 36615.3 19138.4 22055.7 14307.7 11134.8 8894.2 8739.45 15911.2 10277.9 8735.44 8698.27 8366.89 8326.89 8091.71
threshold=2.0564714284874532 50.684652062435347 0.25998102466793177 170.32598103701974 8.8133080609618926 749.71429443359386 0.83108756549255591 22.091435574229696 0.073451043641474034 109.11370499419282 4.2766823634089635 -0.56174490092936669 -0.5 6.591974796037297 2.5000000000000004 64.420999820731438 -0.37940952255126015 2.5000000000000004 2.5000000000000004 1.5000000000000002 1.0000000180025095e-35 4.5000000000000009 18.500000000000004 -0.37940952255126015 -0.56174490092936669 0.91597561503675362 31.013343260513075 78.099998474121108 10.500000000000002 -0.56174490092936669 0.60355339059327384 2.5000000000000004 16.500000000000004 1.5000000000000002 13.500000000000002 -0.56174490092936669 2.5000000000000004 -0.56174490092936669 11.547632560853829 -0.5 11.547632560853829 0.60355339059327384 1.0000000180025095e-35 9.5000000000000018 -0.70710678118654757 7.5000000000000009 5.5000000000000009 2.5000000000000004 -0.37940952255126015 -0.56174490092936669 1.5000000000000002 -0.5 258.89018249511724 1.5000000000000002 10.500000000000002 -0.37940952255126015 631.07376098632824 316.60713195800787 11.500000000000002 3.5000000000000004 11.500000000000002 -0.56174490092936669
decision_type=2 2 2 2 2 2 2 2 2 2 2 2 2 2 2 2 2 2 2 2 2 2 2 2 2 2 2 2 2 2 2 2 2 2 2 2 2 2 2 2 2 2 2 2 2 2 2 2 2 2 2 2 2 2 2 2 2 2 2 2 2 2
left_child=2 4 8 9 10 15 -4 35 13 24 37 54 -13 -1 44 21 17 20 19 -18 -17 26 -20 -14 25 27 36 -3 -19 30 -9 32 34 -34 -26 41 -5 38 -2 -33 -29 42 -6 -31 -15 46 -45 48 49 52 -51 -49 -11 -50 56 -56 -7 -23 -25 -32 -57 -12
right_child=1 3 6 5 7 11 -8 29 -10 47 61 12 23 14 -16 16 18 28 22 -21 -22 57 -24 58 31 -27 -28 40 -30 43 59 39 33 -35 -36 -37 -38 -39 -40 -41 -42 -43 -44 45 -46 -47 -48 51 53 50 -52 -53 -54 -55 55 60 -58 -59 -60 -61 -62 -63
leaf_value=-0.05444264603352076 0.018221585204003781 0.062375122698441379 -0.027084363174886113 0.015343012134515333 0.057248829316898675 0.13165592154590919 -0.0058101064082134776 0.054042424427725201 -0.04438833504457846 0.082098789045008447 0.033296006196243559 0.022706633285390257 0.13852509190848955 0.09227844763014964 -0.054554531621168814 0.01287102263454289 0.10014905787762979 0.081121734842779403 0.10302777146211517 -0.00021917995052385126 0.11599000130898958 0.079334217908011193 0.06025274656565946 0.10381965532949917 0.060245745193355807 0.015141104630343738 0.075649709845591759 0.035139768937553571 0.056765320367249086 0.055493929227566678 0.055935979912813988 0.047911095664626847 0.060369959176791527 0.00056406325673490955 0.086281301140372801 0.033389258077700053 0.061805325871141181 0.00653286388733656 0.070490287662969761 0.059269867508684508 0.083055505273718855 0.026073784626038848 0.037998114690654575 0.041838453957151897 0.00035134818097996059 0.032925033605224821 0.057957825259719778 0.056789313516722062 0.061661770859587843 0.076855000685038144 0.13049564706109409 0.073165554710726485 0.014218297203489747 0.019381754489321293 0.17553492624620193 0.1232275315536997 0.0627357758831429 0.10020061192164564 0.1436683859301921 0.12830487718708208 0.011611598689783625 0.020860577522597415
leaf_weight=6451379.9134786725 145900.79892063141 227867.4145359993 635349.37540388107 14376.228824615479 140726.68934607506 6502.6867332458496 566400.89584648609 398238.54416942596 672782.58814758062 22643.517099380493 188929.31610226631 4674.6385707855225 76396.125953674316 3886.1099853515625 14122.574780106544 3940.2119960784912 39612.840087890625 91854.802909851074 303205.17343902588 20301.579158782959 52077.012636184692 126964.31774520874 20507.77974319458 83939.141983032227 94320.163078308105 18295.483688354492 290922.84790611267 10968.681962966919 96671.456205368042 198212.86910915375 7248.8022522926331 361739.16728210449 32257.706099510193 12668.181395053864 78075.620770454407 725717.03445339203 50847.901456832886 358215.92976057529 9440.3168392181396 371981.81447124481 154759.74826097488 59816.012733697891 134234.34430742264 368127.66146230698 9013.7650958299637 163660.14535808563 149745.01629543304 198839.9088973999 40906.742360115051 30819.952337265015 50673.695201873779 405167.8517408371 8239.9816913604736 17874.436550140381 6715.6410446166992 3291.7466239929199 32181.81755065918 82920.423858642578 16366.193077087402 8896.2521462440491 3393.8778800964355 425302.81098103523
leaf_count=7336462 53270 9922 511708 342 17251 49 319730 26194 690256 394 43149 86 283 787 13454 84 429 1298 3346 405 621 2026 321 574 3335 864 4723 434 1658 13865 452 17315 1257 1228 1910 106216 958 137323 2688 14823 5010 8857 17237 27251 5571 14007 11366 5629 1045 634 629 9643 164 881 21 25 281 891 94 452 32 105978
internal_value=-0.00110193 0.0546284 -0.048127 0.0733975 0.0354101 0.0878875 -0.0170575 0.0435252 -0.0533482 0.0637221 0.018467 0.112454 0.119943 -0.0542786 -0.0151231 0.0830847 0.0882995 0.0778192 0.0949801 0.06614 0.108737 0.0772975 0.100318 0.122515 0.0597839 0.0673221 0.0712388 0.0697476 0.0686325 0.0490968 0.0556699 0.0565191 0.0661389 0.0435061 0.072037 0.0367262 0.0515646 0.0110293 0.0213981 0.0536698 0.0798843 0.0439598 0.0478508 0.0460007 0.0280454 0.0432398 0.0464995 0.0706465 0.0807814 0.097507 0.11021 0.0677745 0.063988 0.0488052 0.0863768 0.121175 0.0743214 0.0875781 0.110322 0.0958136 0.0665688 0.0246856
internal_weight=1.54011e+07 7.04818e+06 8.35294e+06 3.56576e+06 3.48241e+06 1.42766e+06 1.20175e+06 2.35462e+06 7.15118e+06 2.1381e+06 1.12779e+06 233462 181376 6.4784e+06 27022.4 1.1942e+06 628171 244543 383627 59914.4 56017.2 566032 323713 176701 1.36293e+06 411891 356147 393596 188526 1.29413e+06 414384 951043 217322 44925.9 172396 1.06049e+06 65224.1 513557 155341 733721 165728 334777 274961 879746 12899.9 681533 517873 775166 171158 112377 81493.6 604008 30883.5 58781.2 52085.8 13401.3 38684.5 209885 100305 16145.1 6685.62 614232
internal_count=9557188 679220 8877968 93664 585556 18547 831438 243148 8046530 75117 342408 1445 1037 7356274 19812 17102 8162 3661 4501 834 705 8940 3667 951 56098 16230 6023 15366 2956 93587 27098 39868 7730 2485 5245 149561 1300 193281 55958 32138 5444 43345 34488 66489 6358 52624 38617 19019 3747 1821 1263 15272 558 1926 408 78 330 2917 668 904 57 149127
is_linear=0
shrinkage=0.05


Tree=16
num_leaves=63
num_cat=0
split_feature=15 15 15 15 15 23 15 15 15 15 15 16 2 28 2 12 12 2 21 2 6 11 24 3 16 2 22 26 14 28 2 19 24 14 24 21 11 24 2 12 12 22 23 11 14 12 28 14 2 28 18 28 2 18 2 12 12 16 2 23 2 19
split_gain=1.46182e+07 915427 413848 186750 171357 52357.4 33600.3 26662.4 23637 22953.3 22106.2 16708.4 17275.8 14540.9 12717.1 34821.1 23503.3 32336.2 11759.5 12918.7 12399.5 15468.3 20691.5 12849.5 11379.6 11040.9 10855 10803.1 10789.2 11230.5 10454.9 9966.22 9383.56 9311.76 11196.3 9578.03 9292.81 11804 9720.28 14367 10080.2 9136.4 9117.35 8970.71 8423.87 8281.73 9253.2 8116.68 35237.8 8058.19 7911.13 7627.67 7556.37 7499.32 7384.06 26313.7 13666.3 6953.09 15279.7 9456.77 6904.91 6730.42
threshold=1.6465662243019623 42.617451917605557 0.25019685039370082 170.32598103701974 7.8512114537444946 749.71429443359386 0.72316127680379971 77.354074074074092 3.6217442271252858 0.073451043641474034 22.091435574229696 6.591974796037297 2.5000000000000004 1214.5000000000002 2.5000000000000004 -0.9159756150367534 -0.5 1.5000000000000002 1426.5000000000002 6.5000000000000009 1.0000000180025095e-35 -0.9330127018922193 393.21667480468756 1.0000000180025095e-35 4.9579392406956755 10.500000000000002 90.857143402099624 675.42425537109386 17666.500000000004 1214.5000000000002 1.5000000000000002 2504.5000000000005 319.09999084472662 17664.500000000004 118.64999771118165 719.50000000000011 -0.5 19.149999618530277 2.5000000000000004 -0.9159756150367534 -0.5 430.64285278320318 87.535717010498061 -0.9330127018922193 17138.000000000004 -0.60355339059327362 316.50000000000006 17659.500000000004 1.5000000000000002 1185.5000000000002 1319.0000000000002 281.50000000000006 1.5000000000000002 2124.0000000000005 2.5000000000000004 -0.9159756150367534 -0.9159756150367534 14.504883467679303 2.5000000000000004 40.535715103149421 1.5000000000000002 230.50000000000003
decision_type=2 2 2 2 2 2 2 2 2 2 2 2 2 2 2 2 2 2 2 2 2 2 2 2 2 2 2 2 2 2 2 2 2 2 2 2 2 2 2 2 2 2 2 2 2 2 2 2 2 2 2 2 2 2 2 2 2 2 2 2 2 2
left_child=2 4 9 7 8 18 -4 33 36 11 28 47 45 25 15 30 17 -17 20 -20 21 22 -5 -23 -16 41 -21 -28 29 54 49 53 -18 -3 35 -35 37 -2 39 -38 -41 -7 -37 -43 -26 46 52 -1 -49 -9 -22 -46 -13 -27 55 -6 -56 -8 -59 -60 -47 -36
right_child=1 3 6 5 10 13 57 14 -10 -11 -12 12 -14 -15 24 16 32 -19 19 26 50 23 -24 -25 44 31 27 -29 -30 -31 -32 -33 -34 34 61 42 38 -39 -40 40 -42 43 -44 -45 51 60 -48 48 -50 -51 -52 -53 -54 -55 56 -57 -58 58 59 -61 -62 -63
leaf_value=-0.054506516792233353 0.014005540443967367 0.046572160949322788 -0.027931490752272577 0.076447002833230637 0.001557338945212274 0.031973813977019705 -0.011087989027314019 0.04274014098133766 0.021036782310370407 -0.044175148372620092 0.043583739704157326 0.055025114545706147 -0.054498513837743727 0.0062854501449435413 0.097208216979320666 0.061810616892178219 0.063440373672926931 0.11939686999211152 0.080613398588285118 0.1939813298212554 0.090408132297971691 0.083470274149449949 0.12137612158468028 0.067279459639908404 0.049312584459085068 0.11832615256096826 0.015844315005660008 0.13358918333700029 0.050013153634311726 0.042822590381546066 0.010895082123553858 0.14552808886953414 0.15014010507454328 0.0525329281832006 0.08390060936436311 0.14716840245967497 -0.022176256329977335 0.1475460456942824 -0.004140297344975217 0.047099710259052588 0.011150759985732075 0.13135821057680722 0.0035266516309236866 0.09342567833536479 0.082048167269816438 0.034998624871009347 0.02126743286809317 0.083319045601896902 -0.055051775008159332 0.089980015513967337 -0.0075807914108267753 0.059373826049203597 0.27297821825943142 0.070182964304624909 0.039570918456748046 0.047814702300577668 0.023342090779460672 0.11308636338608924 -0.0087027796589420475 0.39917688564393022 -0.053291244476453087 0.043055874143244521
leaf_weight=6114188.6342335343 216968.2079012394 565707.49453878403 558221.37690228224 101733.39393997192 38575.345944166183 5552.9250583648682 474816.97683691978 43887.434666633606 650693.31822323799 627938.00020366907 989857.6812286377 700.55490672588348 13447.274702787399 4094.6624298095703 19001.279134750366 39096.490268707275 123503.50748062134 64756.145345687866 33176.753440856934 5270.9595184326172 120911.67211914062 144474.98369598389 34255.254852294922 807428.02117919922 214065.04722881317 27300.641479492188 2521.2122344970703 8571.413516998291 90810.842189788818 198785.16236186028 20836.92177438736 23130.325477600098 3201.8012237548828 570675.14678144455 49390.327414035797 4865.0007572174072 22034.456217765808 1667.4162936210632 226596.76869952679 29024.291836500168 59427.184924125671 17261.197311401367 1429.3415555953979 160763.71466255188 38895.106039047241 5703.4009115695953 2195.8591940402985 5710.4664385318756 23681.506200432777 11365.516754150391 2095.3847427368164 800240.24356269836 920.09833717346191 11496.486473083496 171750.11952280998 151442.34161663055 530154.69744133949 3601.7246720790863 12206.649158358574 143.68173265457153 3619.9675321578979 12675.030371189117
leaf_count=7303882 87954 28781 470040 1478 6037 54 296009 1274 168873 672007 74390 186 13454 57 401 856 2916 729 380 41 1648 1826 248 11355 6803 153 33 64 10290 27270 1283 76 51 25698 1520 157 10033 254 97454 10681 24636 72 61 976 913 2921 752 4995 27585 275 29 22146 130 57 23760 19975 80213 1472 6697 8 2369 450
internal_value=-0.0011118 0.0489448 -0.048772 0.0648428 0.0296776 0.0788118 -0.0195409 0.0566783 0.014569 -0.0532825 0.0380719 -0.0542093 -0.0146574 0.0997339 0.0614262 0.0704052 0.0800846 0.097718 0.0746686 0.098546 0.0736917 0.0719904 0.0877647 0.0697368 0.0588582 0.101292 0.134903 0.106828 0.0334542 0.0320755 0.041076 0.119549 0.0656314 0.0512443 0.0553803 0.0532095 0.00699577 0.0150241 0.0017885 0.013948 0.0229471 0.0951337 0.114551 0.0971037 0.0581663 0.0261155 0.0881567 -0.0543805 -0.0281678 0.0524576 0.0887389 0.0604248 0.178777 0.104061 0.0296803 0.0384241 0.0273132 -0.00999713 0.0224721 -0.00395398 0.000717736 0.0755594
internal_weight=1.53185e+07 7.47142e+06 7.8471e+06 4.09363e+06 3.37779e+06 1.51004e+06 1.04899e+06 2.58359e+06 1.20641e+06 6.79811e+06 2.17138e+06 6.17017e+06 26587.2 249600 1.37885e+06 306648 230558 103853 1.26044e+06 49540.3 1.2109e+06 1.08789e+06 135989 951903 1.0722e+06 245505 16363.6 11092.6 1.18152e+06 1.09071e+06 76089.9 61927.5 126705 1.20474e+06 639035 576969 555718 218636 337083 110486 88451.5 183578 6294.34 178025 1.0532e+06 13139.9 3816.51 6.14358e+06 29392 55253 123007 839135 1620.65 38797.1 891923 190018 701905 490769 15952.1 12350.3 9323.37 62065.4
internal_count=9557188 754681 8802507 112861 641820 18547 774226 94314 399885 8028281 241935 7356274 19812 1445 37647 7384 4552 1585 17102 518 16584 14907 1726 13181 30263 1388 138 97 167545 157255 2832 286 2967 56667 27886 25916 231012 88208 142804 45350 35317 1102 218 1048 29862 6358 1068 7336462 32580 1549 1677 23059 316 210 129985 26012 103973 304186 8177 6705 5290 1970
is_linear=0
shrinkage=0.05


Tree=17
num_leaves=63
num_cat=0
split_feature=15 15 15 15 15 24 15 15 15 15 15 21 13 23 22 28 2 13 2 0 2 13 28 28 10 2 12 24 2 0 28 11 24 2 12 12 22 2 0 18 22 13 27 19 2 3 24 17 22 23 3 18 2 13 13 8 3 0 27 2 5 28
split_gain=1.32834e+07 766815 390460 153528 148600 42320.7 28267.2 24002.5 22760.7 21550 18575.8 17359.5 14167.4 11047.3 11902.1 10512.7 10290.1 33328.3 16370.7 13965.7 29116.1 12309.1 10592.2 10352.3 9706.93 8615.4 12154.7 8596.27 8175.1 8042.07 7962.3 7931.47 9462.95 9025.66 14253.5 9982.23 7756.89 7387.45 8951.42 7065.53 7019.06 6980.23 7020.27 6906 6640.33 6619.62 6527.99 6189.74 5954.36 6564.45 5871.12 6928.4 6029.25 22727.8 10715.9 5863.5 8029.92 12778.4 11716 5986.04 6357.86 6322.35
threshold=1.5531030211881276 42.617451917605557 0.25019685039370082 7.8512114537444946 170.32598103701974 522.36666870117199 0.66021835521988625 0.073451043641474034 3.3586690124818381 77.354074074074092 19.020693046024927 1587.5000000000002 -0.5 131.00000000000003 48.500000000000007 500.50000000000006 2.5000000000000004 -0.37940952255126015 1.5000000000000002 14.500000000000002 1.5000000000000002 -0.5 1185.5000000000002 1135.5000000000002 -0.6830127018922193 3.5000000000000004 -0.98296291314453399 319.09999084472662 1.5000000000000002 17.500000000000004 275.50000000000006 -0.5 19.149999618530277 2.5000000000000004 -0.9159756150367534 -0.5 41.357141494750984 10.500000000000002 7.5000000000000009 636.50000000000011 722.85711669921886 -0.5 53.130512237548835 1383.5000000000002 9.0000000000000018 1.0000000180025095e-35 41.416667938232429 318.00000000000006 181.14286041259768 192.07142639160159 4.5000000000000009 1002.5000000000001 2.5000000000000004 -0.37940952255126015 -0.5 1.0000000180025095e-35 2.5000000000000004 13.500000000000002 442.71141052246099 7.5000000000000009 1.0000000180025095e-35 507.50000000000006
decision_type=2 2 2 2 2 2 2 2 2 2 2 2 2 2 2 2 2 2 2 2 2 2 2 2 2 2 2 2 2 2 2 2 2 2 2 2 2 2 2 2 2 2 2 2 2 2 2 2 2 2 2 2 2 2 2 2 2 2 2 2 2 2
left_child=2 3 7 8 9 11 -4 28 31 55 37 24 -7 -14 -15 -16 17 19 36 27 -21 39 23 -23 40 26 -13 -11 -1 -20 -26 32 41 34 -33 -36 -19 -5 47 46 -6 42 -2 -24 -10 -32 -18 -39 49 -27 51 52 53 -12 -54 59 -57 58 -58 60 61 -3
right_child=1 4 6 10 5 12 -8 -9 44 16 50 25 13 14 15 -17 21 18 29 20 -22 22 43 -25 30 48 -28 -29 -30 -31 45 33 -34 -35 35 -37 -38 38 -40 -41 -42 -43 -44 -45 -46 -47 -48 -49 -50 -51 -52 -53 54 -55 -56 56 57 -59 -60 -61 -62 -63
leaf_value=-0.048639071650492235 0.0012083852350416591 0.054834957276969909 -0.028023821784643466 0.032265072825845745 0.043308792442519908 0.035361548203736534 -0.011181337819978626 -0.043672142311565 0.021454253696240506 0.060636974309198316 0.06020640208835587 0.13325040140691932 0.17705373094645382 0.021811229401320163 0.067788048432420478 0.090445441793085973 0.027693544620132966 0.024677008273219517 0.030775988720813108 0.052632302370797461 0.10733435816194964 0.055474478128238518 0.069104085376668428 -0.0095347913665068326 0.012979216324198781 0.1171868250028163 0.013109612149574693 0.16522749364166278 -0.054771413934050966 -0.022063852407261809 0.075778628305068554 -0.024387446688867085 0.13259979122257609 -0.0052997931876798497 0.045230409211291067 0.0093476897367266148 0.062289466286460052 0.050224579869323563 0.017877021852722601 0.014725046323639194 0.12959617569070667 0.020355520525169687 0.27487667600277849 0.14387363174670437 0.00934675668614913 0.064957389773595151 0.050064635295165132 0.31437778153144502 0.14370724076162519 0.026550924804543803 0.033614418530916082 0.21371916296896615 0.032824565112397529 0.024071823126507241 0.045394770509931494 0.046254881477852561 0.069664118052917057 0.04610535058790774 0.21619978226857972 0.036024394752712359 0.021889443270705355 0.043343951027482952
leaf_weight=605984.38458538055 92292.599991083145 195605.62523651123 494890.965914011 829545.18509793282 63355.961168289185 14023.442216873169 501642.20953857899 604020.76678818464 579951.79810643196 109340.29692077637 139396.71338653564 3522.808895111084 3339.5526962280273 7151.6543006896973 60676.601551055908 327768.52104187012 35997.116339683533 18173.865626335144 17588.170086860657 37767.675647735596 68351.97078704834 591599.88499641418 116799.59682655334 6187.7471017837524 6956.9380359649658 6953.9084358215332 5231.8615627288818 2000.500602722168 5270770.735978961 12192.55551815033 167433.94297409058 21216.714115858078 1642.7519977092743 216877.19837355614 29071.81807756424 58151.392120480537 55788.218112945557 19757.119459867477 176148.07143425941 16689.49244594574 2447.8672103881836 114894.81104075909 234.83600163459778 3172.2868881225586 140726.49043059349 906695.48111724854 346668.54985809326 224.1984748840332 12039.752773284912 2803.2831573486328 325462.89634418488 583.34418964385986 339768.03563785553 63267.713756561279 338424.51908969879 346221.52222919464 96015.836139678955 96970.261122703552 1383.6745529174805 179763.78156518936 24837.755106925964 308512.50984334946
leaf_count=746788 39458 8452 431001 117997 931 220 325346 672007 149229 2345 8018 38 22 69 503 1886 1579 592 748 794 673 14994 2703 235 160 72 70 23 6609486 875 2065 10237 224 96973 10674 24867 1334 2958 27778 515 21 46982 37 48 39083 12371 10189 10 91 28 26666 20 26992 5720 25776 16013 3927 4257 24 8953 1164 13877
internal_value=-0.00111596 0.0446849 -0.0486831 0.0272836 0.0588712 0.0709853 -0.0195455 -0.0531635 0.0132919 0.0517028 0.0351491 0.0661549 0.0847577 0.0864941 0.0857295 0.0869063 0.0558755 0.0637626 0.0404441 0.074887 0.0878662 0.0536077 0.0575227 0.0548016 0.065164 0.103353 0.0614548 0.0625164 -0.0541391 0.00914261 0.0662989 0.00547248 0.0130711 0.000589219 0.0123671 0.0213076 0.0530475 0.0302018 0.0214747 0.0465713 0.0465189 0.0121243 0.00190331 0.0710813 0.01909 0.0666442 0.0479602 0.0531903 0.12018 0.0911478 0.0393536 0.0414727 0.0413586 0.048926 0.0390972 0.0468987 0.0508209 0.0589541 0.0717461 0.043907 0.0465859 0.0478027
internal_weight=1.5243e+07 7.76567e+06 7.47731e+06 3.48764e+06 4.27803e+06 1.5904e+06 996533 6.48078e+06 1.25506e+06 2.68763e+06 2.23258e+06 1.17744e+06 412960 398936 395597 388445 1.43832e+06 321203 103743 217460 106120 1.11711e+06 717760 597788 1.14689e+06 30551.6 8754.67 111341 5.87676e+06 29780.7 1.08109e+06 534382 209065 325317 108440 87223.2 73962.1 1.02567e+06 196129 399355 65803.8 207422 92527.4 119972 720678 1.07413e+06 382666 19981.3 21796.9 9757.19 1.2069e+06 881440 880857 202664 678193 1.24931e+06 540591 194370 97399.5 708720 528956 504118
internal_count=9557188 772560 8784628 659699 112861 18547 756347 8028281 417764 94314 241935 15847 2700 2480 2458 2389 37647 7384 3549 3835 1467 30263 17980 15229 15548 299 108 2368 7356274 1623 14596 229452 86701 142751 45778 35541 1926 148743 30746 12283 952 86477 39495 2751 188312 14436 11768 2968 191 100 93192 66526 66506 13738 52768 56667 24221 8208 3951 32446 23493 22329
is_linear=0
shrinkage=0.05


Tree=18
num_leaves=63
num_cat=0
split_feature=27 24 16 16 24 27 16 27 24 24 2 2 13 11 2 12 12 12 21 13 16 2 13 2 13 2 16 2 2 14 28 16 13 16 16 13 14 13 12 28 5 28 14 26 26 13 2 12 2 2 13 21 11 28 26 28 12 2 2 2 12 21
split_gain=1.14743e+07 694845 342440 177755 142639 65161.2 57419.9 57309.1 49639.1 39922.1 26927.2 25137.7 55811.7 41187.5 37047.5 64763.6 30333.9 22168.5 21572.3 20849.8 19173.6 21610.7 23700.7 27935.5 25530.2 40758.6 16890.1 16343 15858.5 17169.5 15770.1 15746.3 15266.9 14870.8 13896.5 13033 12098.3 13719.4 11832.4 11706.1 11531.1 11215.5 15625.6 10833.2 10456.2 10407.4 29861.9 20103.8 16733.3 25647.5 48450.1 14025.2 10333.3 10161.3 10145.9 9997.6 19242 9788.88 9488.83 9456.03 9427.03 9315.09
threshold=2.8971846103668217 25.94999980926514 0.28577486974433547 2.714743405498123 165.40000152587893 0.89603069424629223 6.591974796037297 0.40470799803733831 3.3499999046325688 522.36666870117199 2.5000000000000004 2.5000000000000004 -0.37940952255126015 0.6830127018922193 1.5000000000000002 -0.5 -0.9159756150367534 0.78656609248549325 57.500000000000007 0.25881904510252057 18.225343655862535 2.5000000000000004 -0.37940952255126015 1.5000000000000002 -0.78656609248549325 1.5000000000000002 1.1037380531024465 10.500000000000002 3.5000000000000004 17615.500000000004 1135.5000000000002 14.504883467679303 -0.5 44.361130253231039 1.3587712540683599 -0.5 17670.500000000004 -0.37940952255126015 -0.78656609248549292 1289.5000000000002 1.0000000180025095e-35 1057.5000000000002 17665.500000000004 133.08731842041018 7.6653923988342294 -0.5 2.5000000000000004 -0.25881904510252113 2.5000000000000004 1.5000000000000002 -0.12940952255126037 1426.5000000000002 -0.5 1289.5000000000002 91.345512390136733 507.50000000000006 0.78656609248549325 2.5000000000000004 5.5000000000000009 1.5000000000000002 -0.70710678118654735 671.50000000000011
decision_type=2 2 2 2 2 2 2 2 2 2 2 2 2 2 2 2 2 2 2 2 2 2 2 2 2 2 2 2 2 2 2 2 2 2 2 2 2 2 2 2 2 2 2 2 2 2 2 2 2 2 2 2 2 2 2 2 2 2 2 2 2 2
left_child=2 3 7 8 20 6 19 -1 26 45 55 12 14 -14 40 44 27 31 38 28 58 22 24 30 59 -26 -2 33 29 -4 -24 -18 -23 43 -7 -11 41 -38 -12 -35 -5 42 -37 -13 -16 46 53 -48 49 -47 -51 54 -10 60 -50 56 -8 -39 -3 -22 -6 -33
right_child=1 4 5 11 9 34 10 -9 52 35 18 16 13 -15 15 -17 17 -19 -20 -21 21 32 23 -25 25 -27 -28 -29 -30 -31 -32 61 -34 39 -36 36 37 57 -40 -41 -42 -43 -44 -45 -46 48 47 -49 51 50 -52 -53 -54 -55 -56 -57 -58 -59 -60 -61 -62 -63
leaf_value=-0.053934384311873564 -0.0093517241594789028 0.034925140344188463 -0.021315399489055909 0.03887588490780057 0.12645431698823956 -0.014116773314757629 0.064788873812552106 -0.037066872570925356 0.024844883050310906 0.03215031728875075 0.024785880779340567 0.039370160955579915 -0.014800724512038309 0.038310018955040666 0.12990847213014906 0.045156756978722845 0.01603511924504248 0.043301344696295527 0.1155271217476356 -0.046730099991044306 0.059902677231906482 0.040282725787416034 0.041615752295631601 0.0012870722564545707 0.046460906004536756 0.092121378551580368 0.0080764934109477365 0.020513733937821892 -0.03543282241641154 0.033376710315354517 0.093618566011848647 0.028143854443242768 0.050109281934767082 0.066039233572153286 0.0043418026719821267 0.079540317912955308 0.098441114219585402 0.044252403203862277 -0.034022565749094923 0.1659761937779391 -0.0097297749476035617 0.048030775652765 0.01537335613386559 0.10659663310822043 0.088743470512353123 0.062179781742188779 0.024915892611111833 0.055367084430772574 0.027072079414276223 0.047064952630745983 -0.044905815486523996 0.099428007016312825 0.01132868673169168 0.001669413625415276 0.063466338585031437 0.020186714385725588 0.36553073776308104 0.081083456921636321 0.04447535224401402 0.035108257904610307 0.07653390740184679 0.12498790719102115
leaf_weight=5404966.1688960791 412192.33647966385 546383.57084560394 73963.156595170498 134232.68471419811 13274.96028137207 261742.41446524858 12071.784094393253 555312.88928371668 237517.95694327354 16411.383554458618 10768.10899335146 263027.8085757494 63720.138098835945 85465.244753837585 31166.046470999718 106472.92575621605 621103.12126207352 125334.92557984591 3018.9997392892838 293544.33696949482 80076.95120716095 827413.52253317833 61132.342321395874 36554.541803359985 78596.793748855591 129243.33840465546 209759.77471810579 87758.286439061165 220919.00421774387 17804.005064487457 19144.717436790466 398259.92970812321 756818.00706362724 33813.492838144302 167033.53534197807 147687.56369781494 108024.70671081543 22963.934352874756 41582.19813477993 3208.3007030487061 13422.129686594009 48986.072494506836 10139.104766845703 6132.3426611423492 30549.937334060669 123580.36643981934 97994.935367584229 121286.6127986908 19612.394008636475 62485.448268890381 18576.855498313904 26694.62283706665 349464.41256868839 3428.4380798339844 813189.20761871338 18273.844870984554 556.29504203796387 84160.288948059082 496402.67506480217 73984.208791732788 32890.893444061279 2498.54212474823
leaf_count=7086027 253477 32261 70027 13899 147 179506 3626 584765 60751 288 3076 32439 12734 11710 1727 11345 124390 12221 184 353690 2527 34972 2106 2681 2038 1838 80434 11097 220763 11551 589 45528 24265 1320 77722 1044 290 145 31822 71 1550 478 104 311 2019 1775 2582 1901 314 991 495 221 93780 55 10834 7064 8 419 28312 2410 384 88
internal_value=-0.00111494 0.039559 -0.0475939 0.0215137 0.0514549 -0.0222441 -0.0317286 -0.0523629 0.00636883 0.0627771 0.00643737 0.0306402 0.0408291 0.0156253 0.0527339 0.0687789 0.0275657 0.023455 -0.0144311 -0.0371599 0.0449971 0.0477903 0.0570997 0.0375193 0.0634208 0.0748545 -0.00347387 0.0395364 -0.0281755 -0.0107044 0.0540177 0.0210208 0.0449771 0.0449886 -0.00692606 0.0758665 0.0775667 0.0858676 -0.0219259 0.0747003 0.0344575 0.0689312 0.0754181 0.0409019 0.109532 0.0584726 0.0496833 0.0417588 0.0606934 0.0478437 0.0259881 0.0637528 0.0167979 0.0847212 0.0626093 0.043829 0.0780404 0.0731882 0.0394714 0.0479958 0.0908888 0.0287477
internal_weight=1.51738e+07 8.09224e+06 7.08156e+06 3.2151e+06 4.87714e+06 1.12128e+06 692502 5.96028e+06 1.20893e+06 1.77139e+06 86271.2 2.00617e+06 465029 149185 315844 168189 1.54114e+06 1.1472e+06 55369.3 606231 3.10575e+06 2.06296e+06 478733 116832 361901 207840 621952 393940 312686 91767.2 80277.1 1.02186e+06 1.58423e+06 306182 428776 438373 421962 215149 52350.3 37021.8 147655 206813 157827 269160 61716 1.33301e+06 268876 219282 1.06414e+06 204643 81062.3 859496 586982 49594.3 832802 30901.9 12628.1 107124 1.04279e+06 154061 46165.9 400758
internal_count=9557188 927357 8629831 770891 156466 959039 701811 7670792 488442 22467 45780 282449 54984 24444 30540 15091 227465 182227 35082 656031 133999 73426 14189 5376 8813 3876 333911 45238 302341 81578 2695 170006 59237 34141 257228 2768 2480 854 34898 1391 15449 1626 1148 32750 3746 19699 5069 4483 14630 3261 1486 11369 154531 586 11148 10698 3634 564 60573 4937 531 45616
is_linear=0
shrinkage=0.05


Tree=19
num_leaves=63
num_cat=0
split_feature=15 15 15 15 15 24 15 15 16 2 28 15 2 11 22 10 22 14 2 13 11 2 13 13 0 5 11 14 2 13 16 11 14 28 15 12 13 28 0 23 4 28 28 0 14 2 0 14 16 24 28 28 14 21 22 22 13 25 27 14 11 27
split_gain=1.10905e+07 570935 331400 140215 90484.1 39848.4 27025.9 17374.4 17920 25928.2 13469.8 13032.6 10319.9 14856.8 11027 10080.7 11980 10054.7 10640.6 27112.7 25900.6 18998.8 29043.1 10891 14084.6 10342.6 9749.41 11339.9 10769.2 10154.9 8765.91 12520.9 9436.69 8272.05 8109.39 8095.11 7470.47 19241 9043.69 7139.11 7070.26 13006.3 11099.2 7065.93 6871.07 23514 9267.81 6821.32 6759.95 6746.47 6745.15 6615.36 6600.35 6374.61 6311.28 6304.19 6255.21 6202.13 5867.12 5722.04 6464.2 6362.04
threshold=1.3005115926100383 25.694882730031036 0.19737915343006787 109.11370499419282 4.6409445330497965 522.36666870117199 0.55624360940695305 0.052496719160104989 3.380504339404776 1.5000000000000002 275.50000000000006 10.886656738644826 10.500000000000002 -0.9330127018922193 126.92856979370119 -0.6830127018922193 954.57141113281261 17668.500000000004 2.5000000000000004 -0.37940952255126015 0.6830127018922193 1.5000000000000002 -0.78656609248549325 -0.5 14.500000000000002 1.0000000180025095e-35 -0.5 17599.000000000004 2.5000000000000004 -0.5 64.420999820731438 -0.9330127018922193 16205.000000000002 1185.5000000000002 62.103145688878449 -0.9159756150367534 -0.70710678118654757 316.50000000000006 14.500000000000002 40.535715103149421 1.0000000180025095e-35 507.50000000000006 428.50000000000006 17.500000000000004 17659.500000000004 1.5000000000000002 5.5000000000000009 17659.500000000004 64.420999820731438 14.116666793823244 1214.5000000000002 1237.5000000000002 17666.500000000004 1681.0000000000002 104.6428565979004 633.07144165039074 0.25881904510252057 162.88734436035159 132.89571380615237 17651.500000000004 -0.68301270189221952 117.86037826538087
decision_type=2 2 2 2 2 2 2 2 2 2 2 2 2 2 2 2 2 2 2 2 2 2 2 2 2 2 2 2 2 2 2 2 2 2 2 2 2 2 2 2 2 2 2 2 2 2 2 2 2 2 2 2 2 2 2 2 2 2 2 2 2 2
left_child=2 4 7 17 26 10 -4 8 44 56 -5 59 13 -7 -15 16 35 18 19 21 43 25 -23 24 34 -3 29 -28 48 49 31 -17 -32 -14 -20 -12 37 38 -11 -8 53 42 -42 -21 -1 46 -46 -16 54 -2 52 -52 -13 -19 -29 -25 -10 -44 -22 60 61 -6
right_child=1 3 6 5 11 12 39 -9 9 36 15 50 33 14 47 30 -18 40 23 20 58 22 -24 55 -26 -27 27 28 -30 -31 32 -33 -34 -35 -36 -37 -38 -39 -40 -41 41 -43 57 -45 45 -47 -48 -49 -50 -51 51 -53 -54 -55 -56 -57 -58 -59 -60 -61 -62 -63
leaf_value=-0.054553185577163023 0.0021708639623550258 0.042681321221134938 -0.029933240213890808 0.003210638982089824 0.024468940727385483 0.091897351820158721 -0.013301790660823681 -0.045436332074528685 0.083060204660798803 -0.055520396809326147 0.051253243711198541 0.025509807426228277 0.06803235780919048 0.0051808005285592339 0.043992426896563019 0.064590138653578322 0.1971519266220314 0.048353815158362401 0.031180238733905491 0.011803495531019824 0.028949686783189391 0.038425363731077841 0.077148629487960044 0.039403813042774433 0.021284627054215573 -0.0013845296733320921 -0.0056056012938444054 0.020686454842616525 0.0018472265385026934 0.020444347770272805 0.080779785533030696 0.048928340959408852 0.056222704566484628 0.094457756797781914 0.043276959349822709 0.024965703740585377 -0.054160830487944095 -0.055551627261553362 0.26006744210095117 0.30904962007588721 0.037414603144733508 0.024306465389342859 0.062538764499032673 -0.027927555395675287 0.037817773224531503 -0.054909215481979072 0.21649580042352806 0.065170964116890634 0.14606502606575061 0.095535730075342981 0.068486224727649078 0.034277429809985153 0.039443357673468293 0.22162091970979572 0.30919650590771341 0.15131655988696655 0.0091017989461260902 0.11737430384271119 0.052676253556027411 0.026990004912763016 0.014011515156409441 0.13830877996301649
leaf_weight=5094411.1257843971 157786.09038186073 159660.35509109497 480398.80470740795 13848.916770935059 194079.20574259758 42251.536521911621 483172.58005744219 641509.85226559639 5119.8881208300591 300.12699031829834 53858.720947265625 854552.02649331093 59155.366645812988 8830.0224151611328 44972.984262466431 144810.64160728455 1178.6753768920898 408767.76672315598 366257.60851287842 25660.011595726013 57937.262934684753 81055.716259002686 120272.16978359222 909378.69639587402 235285.4876947403 14527.076285362244 261294.25734841824 91996.091980814934 181515.71436786652 188804.31986474991 41134.475938796997 1074677.0026321411 799670.72294807434 59312.558959960938 222848.69802474976 64193.466739654541 28652.841533660889 2687.0052244663239 931.01323717832565 171.72118616104126 37421.676942825317 93288.040588855743 14712.990607261658 19844.758750915527 3986.1658536195755 16202.493532538414 887.2184784412384 246026.96328926086 1098.1881630420685 1958.7861435413361 15202.568058013916 200844.82696819305 94382.095111131668 531.45202445983887 189.84974384307861 1260.0634574890137 6474.400022983551 7939.9356207847595 47351.65984249115 238524.24695324898 383033.03060603142 1235.0277442932129
leaf_count=7042759 63964 6160 465861 386 40153 179 344084 804791 1981 167 801 98427 390 105 422 2320 6 15728 23084 2020 3270 3090 2988 42355 13783 667 117624 33949 72184 72925 450 18890 10793 193 8129 1168 33896 2265 166 15 1740 3792 577 2347 3979 21856 483 1463 280 392 1242 21422 8861 9 18 23 5339 207 1602 45692 83130 146
internal_value=-0.00110982 0.0374607 -0.048686 0.0469216 0.0193807 0.0551734 -0.0215346 -0.0531967 -0.0541615 -0.0224487 0.0523659 0.0253158 0.068544 0.0641393 0.0602276 0.0526783 0.0385427 0.0391668 0.0376785 0.043906 0.0259974 0.0510974 0.0615585 0.0357895 0.031626 0.0390062 0.00608437 0.00185196 0.00894303 0.0125941 0.0534963 0.0507881 0.0574241 0.0812627 0.0357562 0.0369589 -0.0453059 0.0194476 0.183131 -0.0131872 0.045148 0.0359914 0.0541364 -0.00552324 -0.0544353 -0.0259447 0.0703516 0.0618979 0.0227502 0.00331579 0.0287111 0.0366846 0.0268957 0.0485789 0.021281 0.0395587 0.0417617 0.0817595 0.0396203 0.0204737 0.0177862 0.0251889
internal_weight=1.51093e+07 8.34442e+06 6.76491e+06 5.47792e+06 2.8665e+06 2.65392e+06 963743 5.80116e+06 5.15965e+06 44165.3 2.19337e+06 1.98185e+06 460549 342082 299830 2.17952e+06 119231 2.824e+06 2.26134e+06 526309 150794 375515 201328 1.73503e+06 824392 174187 884643 536094 274800 348549 2.06029e+06 1.21949e+06 840805 118468 589106 118052 32571 3918.15 1231.14 483344 562662 153363 60074.6 45504.8 5.11549e+06 21075.9 4873.38 291000 93284.1 159745 1.16498e+06 216047 948934 409299 92185.9 910639 11594.3 22652.9 105289 816872 578347 195314
internal_count=9557188 829546 8727642 169137 660409 37566 809960 7917682 7112891 43814 34814 299073 2752 2169 1990 34428 1975 131571 109518 22144 9239 12905 6078 87374 44996 6827 361336 224055 106431 137281 32453 21210 11243 583 31213 1969 36494 2598 333 344099 22053 6316 2524 4367 7069077 26318 4462 1885 34247 64356 129952 22664 107288 15737 33967 42378 7320 784 4872 169121 123429 40299
is_linear=0
shrinkage=0.05


Tree=20
num_leaves=63
num_cat=0
split_feature=15 15 15 15 15 24 15 15 16 2 15 28 11 14 2 15 16 11 3 2 11 22 19 3 3 18 0 2 28 16 14 2 0 26 11 28 0 0 0 27 11 2 12 2 0 2 12 0 26 11 27 27 14 14 28 25 2 14 14 19 19 0
split_gain=1.01638e+07 490358 316625 114705 83807.3 32085.1 23563 18201.6 17977.3 24108.6 12640.8 11238.7 8937.13 8847.34 8794.37 8658.58 8212.67 11475.4 9048.92 8145.68 11726.1 9093.21 8698.53 8390.5 12063.1 8091.29 7819.99 16656.4 15131.5 7241.86 6899.77 21609.9 7253.34 6835.71 6989.24 6428.82 15937.5 8328.82 6401.42 5911.3 5876.52 5797.94 26498.7 18971.2 14441.7 14942.4 11452.7 11696.7 8781.2 7309.45 7867.1 6939.92 5832.29 5772.92 6125.84 6071.15 5932.86 5542.4 5469.72 6124.6 5462.65 5172.36
threshold=1.2297305506688774 25.694882730031036 0.19737915343006787 109.11370499419282 4.2766823634089635 522.36666870117199 0.55624360940695305 0.052496719160104989 3.380504339404776 1.5000000000000002 10.886656738644826 275.50000000000006 -0.68301270189221952 17602.500000000004 2.5000000000000004 50.684652062435347 64.420999820731438 -0.9330127018922193 4.5000000000000009 10.500000000000002 -0.9330127018922193 126.92856979370119 1695.5000000000002 3.5000000000000004 1.5000000000000002 626.00000000000011 16.500000000000004 2.5000000000000004 1135.5000000000002 18.225343655862535 17659.500000000004 1.5000000000000002 5.5000000000000009 3.0959901809692387 -0.9330127018922193 310.50000000000006 17.500000000000004 14.500000000000002 17.500000000000004 41.347364425659187 0.6830127018922193 2.5000000000000004 -0.9159756150367534 1.5000000000000002 13.500000000000002 1.5000000000000002 -0.9159756150367534 7.5000000000000009 352.06713867187506 -0.5 217.60308837890628 55.302719116210945 16126.500000000002 17651.500000000004 1262.5000000000002 312.27830505371099 2.5000000000000004 17663.500000000004 17668.500000000004 758.50000000000011 1323.0000000000002 16.500000000000004
decision_type=2 2 2 2 2 2 2 2 2 2 2 2 2 2 2 2 2 2 2 2 2 2 2 2 2 2 2 2 2 2 2 2 2 2 2 2 2 2 2 2 2 2 2 2 2 2 2 2 2 2 2 2 2 2 2 2 2 2 2 2 2 2
left_child=2 4 7 15 12 11 -4 8 30 57 53 -5 39 -14 29 33 17 60 -19 20 -7 -22 23 24 -21 -25 27 -18 -28 61 -1 32 -32 40 -35 36 37 -11 -23 -2 -3 42 43 48 -44 -46 49 51 -12 50 -43 -48 -49 54 55 -6 -55 -10 -36 -60 -13 -15
right_child=1 3 6 5 10 19 -8 -9 9 35 41 16 13 14 -16 -17 26 18 -20 22 21 38 -24 25 -26 -27 28 -29 -30 -31 31 -33 -34 34 58 -37 -38 -39 -40 -41 -42 46 44 -45 45 -47 47 52 -50 -51 -52 -53 -54 56 -56 -57 -58 -59 59 -61 -62 -63
leaf_value=-0.054497092792223291 0.010897865886754458 0.052027041880255337 -0.029191633522086848 0.0030421349626203872 0.014257841649459362 0.082160128277065481 -0.013155262950464165 -0.044974904702259372 0.01915444021038324 -0.055526205149839837 0.023018382750165999 0.057267043712211731 -0.0048928173932240339 0.024613513364454345 0.0015343796202121167 0.038555611823909333 0.062880565336701194 0.041024771239192043 0.050416204844012151 0.071275074729334045 0.0049011083324126663 0.05970723944439206 0.093006394820699875 0.094193704115699439 0.019068179717680225 0.044568677227465492 0.05054898023536443 0.041500366362947773 0.070431136276526446 0.080837286901046967 0.034916929450797669 -0.054872779363423732 0.18662826625759857 0.042651022612304773 0.028851597116106159 -0.054345237895443377 -0.052990724548886731 0.2241908850580297 0.040935970986003746 0.063165775874095373 0.028287145513349571 0.041355263510338969 0.029710884132216654 -0.037486410438321446 0.036345635453941885 0.077258866163366552 0.030804397188173429 0.0036381982819307305 0.30108477698225844 0.025420468202125509 0.13066876527282331 0.063588844798646696 0.020762807741132844 0.039874018749006111 0.028928043311946657 0.18344966792355344 0.021199478492066746 0.09852184255475499 0.03806521476179598 0.18627394876738143 0.12531416020123329 -0.0050098326283842844
leaf_weight=4850818.1455070972 281622.90071439743 81435.608420372009 468285.00698155165 13884.282744407654 559081.34443068504 44825.119010925293 448409.08219611645 616327.31594932079 9019.1450552940369 359.54667282104492 29453.466263771057 148392.80574417114 296459.07576477528 60459.272783994675 186416.42630052567 1627407.250125885 124305.16333389282 809357.63643932343 375501.0251750946 26568.739570617676 8866.2788009643555 248143.41226959229 38065.136703491211 30077.021682739258 18962.161201477051 11301.080558776855 325077.53534126282 340993.39951324463 135624.74659347534 4766.0787572860718 4098.449466407299 15422.268824756145 975.30060958862305 133288.36205863953 855015.80286407471 26709.755443990231 3065.636258482933 1023.4569574594498 55597.141395568848 5515.3348731994629 38342.881046295166 114789.62842035294 118386.5841178894 19780.800392627716 45662.104626655579 43652.160660266876 66859.900012969971 54557.713978290558 286.58819580078125 112135.59565877914 2519.689377784729 21280.386672019958 560905.11874651909 54337.16695356369 83611.570718050003 530.62421560287476 195761.20634078979 2909.1911741495132 169110.44902896881 699.86988925933838 3009.248462677002 19483.670145988464
leaf_count=7042759 115195 4907 465861 386 122378 179 326611 804791 6092 250 3160 2295 137452 22555 75614 56098 1356 14338 5814 139 105 1449 122 141 121 60 3627 5377 1596 1397 3979 21856 483 7644 51682 32473 3605 166 436 1226 2719 10852 12140 2845 4280 3726 7428 7062 10 12317 142 1752 64238 9610 17030 52 37780 1228 8501 20 25 7656
internal_value=-0.00110149 0.0344719 -0.0485636 0.0430703 0.0178978 0.0503726 -0.0213473 -0.0530746 -0.0540904 -0.0219351 0.0233062 0.0478901 0.00471356 0.00107703 0.00760471 0.0361368 0.0481653 0.0456574 0.0440011 0.0620858 0.0582438 0.0548144 0.0730739 0.0643436 0.0495328 0.0806405 0.0517843 0.0472121 0.0564021 0.0209634 -0.0543748 -0.0254249 0.0640837 0.0330564 0.0318803 -0.0450764 0.010573 0.151469 0.0562713 0.0119019 0.0444276 0.0266801 0.0333265 0.000459926 0.0411627 0.056342 0.0248478 0.0216845 0.0256991 0.0345484 0.0432738 0.0387199 0.0192448 0.0188108 0.0163044 0.0144183 0.0252568 0.0385124 0.0304795 0.0386762 0.0586197 0.0173937
internal_weight=1.50496e+07 8.60217e+06 6.44742e+06 5.66385e+06 2.93831e+06 2.75855e+06 916694 5.53073e+06 4.9144e+06 43086.7 2.08359e+06 2.27615e+06 854723 567585 271125 2.9053e+06 2.26226e+06 1.33626e+06 1.18486e+06 482406 357432 312607 124974 86909 45530.9 41378.1 926001 465299 460702 84709 4.87131e+06 20496 5073.75 1.27789e+06 1.15811e+06 31158.4 4448.64 1383 303741 287138 119778 1.19027e+06 257222 49520.9 207701 89314.3 933048 703603 29740.1 229445 117309 88140.3 615463 893322 643224 559612 250098 11928.3 1.02483e+06 169810 151402 79942.9
internal_count=9557188 847034 8710154 169137 677897 37566 792472 7917682 7112891 43814 316802 34814 361095 244674 107222 131571 34428 22472 20152 2752 2169 1990 583 461 260 201 11956 6733 5223 31608 7069077 26318 4462 75473 67847 36494 4021 416 1885 116421 7626 129952 26161 6015 20146 8006 103791 80480 3170 23311 10994 9180 71300 186850 139460 122430 47390 7320 60203 8521 2320 30211
is_linear=0
shrinkage=0.05


Tree=21
num_leaves=63
num_cat=0
split_feature=15 15 15 15 15 15 22 15 16 2 15 15 15 16 10 18 28 18 0 3 13 28 2 2 13 2 13 28 8 3 16 2 0 18 13 11 13 2 13 0 16 22 23 26 23 28 25 16 28 28 27 0 10 27 16 11 2 16 18 13 23 16
split_gain=9.34081e+06 468349 235679 98629 95788.5 20477.7 18150.4 17795.2 18055.3 22453.3 14147 12414.9 11184 10021.6 8967.23 7774.17 7274.75 8337.68 6860.16 7695.31 6833.37 14256.5 7207.49 6749.58 31234.5 51900.8 21416.3 11852.8 11302.5 6738.15 11100.4 9732.47 7185 6867.76 6655.32 6580.42 8347.53 7461.64 9001.36 9525.51 9469.97 6482.85 6195.71 6073.16 6059.32 6469.15 7444.21 5904.08 5861.95 5405.2 5711.38 7500.91 9023.74 5633.16 5329.5 5310.19 5239.19 22501.3 5149.14 5104.8 4991.8 4991.27
threshold=0.95291598438090441 25.694882730031036 0.18960591827497422 3.9096469569928298 170.32598103701974 77.354074074074092 722.85711669921886 0.052496719160104989 3.380504339404776 1.5000000000000002 0.45037230526277139 10.886656738644826 1.6465662243019623 9.1647244062901176 -0.6830127018922193 2882.0000000000005 1185.5000000000002 731.00000000000011 14.500000000000002 4.5000000000000009 -0.70710678118654757 316.50000000000006 9.0000000000000018 2.5000000000000004 -0.37940952255126015 1.5000000000000002 -0.5 1135.5000000000002 0.87837969732492682 4.5000000000000009 18.225343655862535 2.5000000000000004 10.500000000000002 1030.0000000000002 -0.5 -0.5 -0.5 2.5000000000000004 -0.37940952255126015 14.500000000000002 18.225343655862535 18.785714149475101 281.21427917480474 675.42425537109386 13.535714149475099 513.50000000000011 33.264808654785163 64.420999820731438 1262.5000000000002 1214.5000000000002 6.5737633705139169 16.500000000000004 0.68301270189221941 240.26324462890628 44.361130253231039 -0.5 1.5000000000000002 0.2734368857178367 535.00000000000011 0.1294095225512602 106.82142639160158 1.1791793307153879
decision_type=2 2 2 2 2 2 2 2 2 2 2 2 2 2 2 2 2 2 2 2 2 2 2 2 2 2 2 2 2 2 2 2 2 2 2 2 2 2 2 2 2 2 2 2 2 2 2 2 2 2 2 2 2 2 2 2 2 2 2 2 2 2
left_child=2 3 7 12 5 29 14 8 56 -10 -4 48 -2 44 -6 -8 17 43 41 -20 21 22 -11 24 28 -26 47 -28 -16 30 -3 33 42 -32 -33 36 -14 38 39 -37 -40 -18 -31 -15 45 46 -7 -25 -5 -13 51 52 -51 -52 -53 -50 57 -1 -57 61 -46 -59
right_child=1 4 10 11 6 13 15 -9 9 20 -12 49 35 16 23 -17 18 -19 19 -21 -22 -23 -24 26 25 -27 27 -29 -30 32 31 34 -34 -35 -36 37 -38 -39 40 -41 -42 -43 -44 -45 60 -47 -48 -49 55 50 53 54 -54 -55 -56 58 -58 59 -60 -61 -62 -63
leaf_value=-0.052555054123289507 -0.0056843934405676833 0.029310972809519303 -0.030464918515822271 0.015707892851686646 0.030311325741188597 0.10436749601764868 0.055575585822444255 -0.044708454437721146 0.035587470152136251 0.20918134506716723 -0.016915509511223215 0.023236489365457694 0.0021319180626719722 0.038316699000738079 0.06751412112749576 0.074606114119663738 0.014959970707041687 0.016440270532541448 0.058887185467063841 0.035052440732381049 -0.054001678444245443 -0.055551218929808632 -0.055524490481735946 0.0015281847150301821 0.048360045039945114 -0.0088295555145263601 0.049470270763025265 0.063739024907490505 0.023089272687673204 0.035220270604154343 0.045644333152643407 0.030972208041752027 0.024373250629273119 0.17147986662274073 0.041315132061480547 0.011833752204503964 0.020434339701790819 -0.0033148284894471535 -0.010027630689377348 0.052277377425924379 0.064213243782177187 0.04368095835647362 0.13206343247311611 0.0070183976578101284 0.034679149353840102 0.040493365052675138 0.25864054895225908 0.035867936288814788 0.039422893915695451 0.048203205785493454 0.029518419661825442 -0.002626211315062704 0.1628405372179739 0.16428137019389188 0.22788334065173316 0.018320542071815257 -0.05488080946408052 -0.008064551654093274 0.2929720886917237 -0.02818425489327931 0.065077795377587663 0.054661636488038824
leaf_weight=440375.4561085701 310532.68986594677 748373.94058036804 369888.99922978878 838687.83639454842 80473.970670700073 3780.546932220459 290441.1086769104 576955.16428047419 12248.770978033543 1057.5102092623711 402049.4399266839 987379.82767248154 113526.04119241238 1258751.0037360191 96110.258983612061 65832.124450683594 27258.269086837769 46788.472240447998 122599.32986736298 46791.058402061462 25997.962623596191 2433.9612859487534 339.68696689605713 13537.419038772583 105959.60733985901 63413.69905090332 801631.55112075806 177833.82932281494 16824.040424346924 182860.68221187592 236598.1711359024 456666.51542139053 448461.64708042145 1089.2321538925171 235874.2033996582 51722.697272777557 138064.59844398499 248356.36528170109 50149.754208564758 20262.521599769592 4697.6491105556488 70375.155637741089 1666.5612373352051 15693.003839492798 22142.784967422485 2797.0286092758179 985.96661758422852 166097.69564437866 52308.385520458221 3928.0730471611023 214740.8113322258 3771.8660588264465 3049.4389066696167 778.17656898498535 268.50902032852173 79358.588632702827 4160384.0545354486 11815.938393652439 170.9224796295166 22175.17323333025 34624.043611526489 4334.7624748945236
leaf_count=667251 186539 40007 391543 180534 981 90 1565 785906 7320 85 325628 107288 44638 29415 976 211 663 1037 2360 951 33896 2265 248 236 1125 1071 8637 1457 176 9050 8412 22074 23261 19 10091 19567 50345 105006 21621 6527 1341 1482 29 391 538 86 14 2112 9770 504 21356 552 198 36 18 16231 6351598 15208 12 30397 620 4623
internal_value=-0.00108998 0.0312775 -0.0492065 0.0156426 0.0396318 0.035225 0.0489331 -0.0529939 -0.0540151 -0.0214098 -0.023408 0.0214642 0.00207505 0.0394752 0.0465549 0.0590921 0.0386915 0.0371703 0.0462188 0.0523033 -0.0448149 0.0175245 0.144823 0.0474618 0.0405287 0.0269481 0.0491503 0.0520609 0.0608961 0.0321864 0.0338442 0.0374912 0.0277904 0.0462211 0.0344949 0.00591941 0.0121757 0.00172411 0.0115911 0.023218 -0.00366875 0.0356624 0.036095 0.0379313 0.0588222 0.100863 0.136285 0.0332801 0.0172486 0.0248346 0.0318002 0.0669133 0.0983064 0.0300051 0.0126967 0.0270496 -0.0543108 -0.0493571 0.0189112 -0.0126111 0.0532205 0.00877075
internal_weight=1.49941e+07 8.96409e+06 6.03006e+06 3.12175e+06 5.84233e+06 3.96418e+06 1.87816e+06 5.25812e+06 4.68116e+06 42077.9 771938 2.18444e+06 937312 1.65259e+06 1.52188e+06 356273 1.58826e+06 1.32123e+06 267024 169390 29829.1 3831.16 1397.2 1.44141e+06 282308 169373 1.1591e+06 979465 112934 2.31159e+06 1.6786e+06 930228 632989 237687 692541 626780 251591 375189 126833 71985.2 54847.4 97633.4 184527 1.27444e+06 64330.4 7563.54 4766.51 179635 970526 1.21392e+06 226537 11017.9 6977.51 215519 4040.38 131838 4.63909e+06 478701 79529.5 38325.9 56766.8 16150.7
internal_count=9557188 941220 8615968 772083 169137 150590 18547 7898797 7112891 43814 717171 336499 435584 37647 16771 1776 36299 30843 5456 3311 36494 2598 333 15790 3348 2196 12442 10094 1152 112943 80603 40596 32340 8431 32165 249045 94983 154062 49056 26094 22962 2145 9079 29806 1348 190 104 2348 206547 129952 22664 1272 702 21392 570 26013 7069077 717479 16243 50228 1158 19831
is_linear=0
shrinkage=0.05


Tree=22
num_leaves=63
num_cat=0
split_feature=15 15 15 15 15 24 9 12 16 2 15 15 9 15 9 28 28 23 2 12 28 9 11 13 3 28 16 28 21 13 10 18 23 20 21 2 0 26 10 9 12 15 24 10 11 20 3 16 28 28 26 16 2 16 10 23 28 20 21 2 13 13
split_gain=8.60695e+06 429891 195205 110494 68146.5 21597.1 18352.9 21772.2 15164.2 24775.4 14171.3 12577.7 12517.2 12388.5 12049.6 15614.1 27005.3 13141.9 12212.7 11535.5 11483.7 9904.57 9400.51 9112.37 10579.4 9059.92 9041.36 8950.1 11645.2 8879.34 8973.36 8154.12 7321.74 7245.51 6752.38 7180.76 10233.6 7247.07 7178.71 7498.98 6823.84 6450.77 6440.95 6352.73 6080.67 6045.85 5999.3 8005.01 5992.22 12252.2 7331 5737.91 5680.42 22816.5 5548.97 5437.65 5288.8 5286.89 5263.49 5735.9 5262.82 5178.74
threshold=0.83108756549255591 15.197483332485115 0.14411645868622672 109.11370499419282 3.0887019146932659 522.36666870117199 -0.56174490092936669 0.91597561503675362 3.380504339404776 1.5000000000000002 0.34786262331019369 0.033359830418653959 -0.56174490092936669 42.617451917605557 -0.56174490092936669 406.50000000000006 1057.5000000000002 163.75000000000003 1.5000000000000002 0.78656609248549325 1262.5000000000002 -0.56174490092936669 -0.5 0.1294095225512602 3.5000000000000004 275.50000000000006 1.5826713824277752 1091.5000000000002 1681.0000000000002 -0.5 -0.6830127018922193 1002.5000000000001 1.0000000180025095e-35 1169.5000000000002 1587.5000000000002 3.5000000000000004 17.500000000000004 469.56539916992193 -0.6830127018922193 -0.56174490092936669 -0.9159756150367534 8.8133080609618926 74.049999237060561 -0.5 -0.9330127018922193 621.50000000000011 3.5000000000000004 11.547632560853829 507.50000000000006 400.50000000000006 469.56539916992193 3.0312152004454345 1.5000000000000002 0.2734368857178367 -0.24999999999999994 33.392856597900398 1191.5000000000002 579.00000000000011 1.5000000000000002 1.5000000000000002 0.25881904510252057 -0.70710678118654757
decision_type=2 2 2 2 2 2 2 2 2 2 2 2 2 2 2 2 2 2 2 2 2 2 2 2 2 2 2 2 2 2 2 2 2 2 2 2 2 2 2 2 2 2 2 2 2 2 2 2 2 2 2 2 2 2 2 2 2 2 2 2 2 2
left_child=2 4 8 6 21 25 7 20 11 60 -4 52 23 -8 15 43 -17 -16 -18 33 27 26 -23 -6 -25 -5 -2 28 -3 -19 -31 -29 -24 41 38 36 -36 -37 40 -40 -27 -14 57 -7 45 -15 58 -48 49 -46 -50 -21 53 -1 -34 -44 -26 -22 -28 -60 -10 -11
right_child=1 3 10 5 12 14 13 -9 9 61 -12 -13 19 44 17 16 18 29 -20 51 42 22 32 24 56 34 46 31 -30 30 -32 -33 54 -35 35 37 -38 -39 39 -41 -42 -43 55 -45 48 -47 47 -49 50 -51 -52 -53 -54 -55 -56 -57 -58 -59 59 -61 -62 -63
leaf_value=-0.052539038034493779 0.0013294809629970324 0.036544937620483768 -0.033662746365932514 0.00082302856096971096 0.019945217865559375 0.052164216839029776 0.023366588061787957 0.0079483927062125089 0.067531256184798202 0.0025392420774474401 -0.020047199173947969 -0.047106948806895935 0.0079593498850606334 0.037949849205677039 0.13839384173847857 0.080129544290322624 -0.027852917752004321 0.01217050160367022 0.03523017521595824 0.022416636050584898 0.043030818206258141 0.0034594078375613894 0.0024098365960071831 0.01960468547928565 0.043709442848342085 0.041215994690617146 0.0022758722800496913 0.02371002119799381 0.23239713975586926 0.025244765902541606 0.058168030430055896 0.15411525178743013 -0.029278367102925942 0.41062473327174198 -0.0039094223357568599 0.040553691059989995 0.089566093494632432 0.090518000106757993 0.036025813467429162 0.042645678544234927 0.018159508431547101 0.016394740169098504 0.12668066752303392 -0.020505047899850387 0.026434649740967087 0.10077050347097516 0.025060062276703723 0.084144426208989778 0.025596184725183803 0.041506366443403372 0.058179546924719987 0.051349753820398109 -0.055094819505679495 -0.011416622577967845 -0.010369057746391117 0.062049214187461101 0.081568669799714194 0.20573473596712169 0.1593644451230315 -0.0093984939049095578 0.0043878313857441805 -0.052867501147239399
leaf_weight=399551.94179683924 176548.07027590275 819419.8348069191 345342.19783109426 14365.30987739563 396199.60293960571 3823.1026611328125 1167074.4445238113 71843.243218898773 5896.2430067062378 4784.5481202602386 427914.85692411661 674005.29843378067 538967.66305172443 154612.00658321381 4773.580623626709 37017.012435913086 8708.3311996459961 11777.131973266602 64479.395126342773 151665.47894430161 102352.29556274414 231241.57807052135 95370.870656132698 46388.930040478706 39881.329859733582 59695.129905700684 32778.547686338425 184088.55393695831 759.59634876251221 21972.551322937012 356483.45443153381 1206.5205211639404 47255.759282827377 113.62666416168213 8440.5044174194336 11265.524209976196 4483.0583047866821 20401.905477523804 575540.78566551208 1666789.9589958191 69400.917984008789 391113.71786665916 3663.1438465118408 14094.894027709961 301990.11525392532 3927.2765979766846 31762.643090009689 6995.2976807355881 762536.31901741028 243632.5125541687 17662.897734165192 19318.807872533798 3750547.4243912101 36841.899903535843 216764.10370910168 29177.374690055847 12001.324607849121 501.65144062042236 1142.5047858953476 900.01005947589874 7494.3633525967598 35563.190639555454
leaf_count=634840 95547 39358 407053 386 76292 23 92956 4146 2068 3700 381456 1004763 135533 5628 30 216 56 180 394 32721 5669 116216 52651 8144 6491 802 14123 9582 14 109 1621 28 26669 2 126 126 45 136 9153 22872 1168 56080 84 123 11584 95 13142 2375 28204 7506 469 2829 6022082 48704 114097 794 1656 12 309 378 5952 47620
internal_value=-0.00107595 0.0286743 -0.04948 0.0351163 0.0106471 0.0423972 0.0295517 0.034646 -0.0531541 -0.0267389 -0.026128 -0.0534461 0.016717 0.027221 0.051613 0.0382886 0.0453268 0.0559348 0.0277241 0.0137495 0.0363268 -0.000872846 -0.00440447 0.0233257 0.0369546 0.0404136 0.00746646 0.0344841 0.0367264 0.0549261 0.0562566 0.0245592 -0.00946431 0.0115554 0.0406489 0.0599258 0.0285164 0.0727438 0.0402865 0.0409466 0.0288211 0.0115066 0.0499803 -0.00499937 0.0302516 0.0395061 0.0221916 0.0357243 0.0291449 0.0331645 0.0263339 0.0256857 -0.0544666 -0.0490674 -0.0137536 0.0692589 0.0524672 0.0438246 0.00712874 0.0850018 0.0321922 -0.0462971
internal_weight=1.49423e+07 9.25437e+06 5.68794e+06 6.81796e+06 2.43641e+06 2.95351e+06 3.86445e+06 1.21301e+06 4.91468e+06 53738.3 773257 4.86095e+06 1.59565e+06 2.65144e+06 523129 128123 110205 395007 73187.7 1.10118e+06 1.14117e+06 840759 590632 494471 98271.6 2.43038e+06 250127 1.00547e+06 820179 390233 378456 185295 359391 930195 2.41602e+06 44591 12923.6 31667.4 2.37143e+06 2.24233e+06 129096 930081 135694 17918 1.48436e+06 158539 73579 38757.9 1.32582e+06 545623 780199 170984 4.18694e+06 436394 264020 32840.5 51882.7 102854 34821.1 2042.51 13390.6 40347.7
internal_count=9557188 998950 8558238 243695 755255 37566 206129 59687 7769729 59340 788509 7710389 319748 146442 2752 812 666 1940 450 227165 55541 435507 309633 92583 16291 34814 125874 48982 39372 1910 1730 9610 193417 191615 34428 433 171 262 33995 32025 1970 191613 6559 146 53486 5723 30327 15517 47763 19090 28673 35550 6705626 683544 140766 878 8147 5681 14810 687 8020 51320
is_linear=0
shrinkage=0.05


Tree=23
num_leaves=63
num_cat=0
split_feature=24 24 16 16 24 16 24 24 2 13 2 0 2 24 13 12 14 16 14 0 9 2 0 14 14 14 9 13 28 2 2 20 11 0 16 2 13 28 11 19 9 21 22 26 16 11 2 14 14 28 10 14 2 12 17 21 18 14 28 16 14 9
split_gain=7.45436e+06 407866 234364 112234 76206 44961.8 42435.9 42298.6 28202.9 42254.3 35380.5 30359.9 63086.1 26402.2 21909.8 19780.5 19292.1 17518.4 19695.4 17405.8 17995.9 15863.9 14874.6 15359.8 12740.2 11857.5 12830.8 13565.8 11688.2 11518.1 10883.4 10804.9 10778.3 10653.9 10381.7 10338.5 9720.2 9639.89 9627.24 9438.44 9264.51 9196.55 9421.86 10718 9085.66 9032.14 9004.12 12319.7 10865.9 8944.59 8277.25 11247.2 9456.69 8197.3 15106.8 8123.57 7927.26 7846.64 7795.45 7470.02 7449.12 8776.92
threshold=0.48333333432674414 13.516666889190676 0.25005075111652458 1.1037380531024465 165.40000152587893 3.0312152004454345 0.050000002607703216 0.050000002607703216 2.5000000000000004 -0.37940952255126015 1.5000000000000002 14.500000000000002 1.5000000000000002 2.4166667461395268 0.60355339059327384 -0.9159756150367534 17670.500000000004 44.361130253231039 17668.500000000004 10.500000000000002 -0.56174490092936669 1.5000000000000002 8.5000000000000018 17651.500000000004 17656.500000000004 17665.500000000004 -0.56174490092936669 -0.37940952255126015 1135.5000000000002 2.5000000000000004 3.5000000000000004 114.50000000000001 1.0000000180025095e-35 8.5000000000000018 0.090094549995540105 10.500000000000002 0.37940952255126048 245.50000000000003 -0.5 1591.0000000000002 -0.56174490092936669 898.00000000000011 212.92857360839847 675.42425537109386 44.361130253231039 -0.68301270189221952 10.500000000000002 16205.000000000002 17659.500000000004 1135.5000000000002 -0.5 17666.500000000004 10.500000000000002 -0.60355339059327362 47.500000000000007 1342.5000000000002 1.0000000180025095e-35 17656.500000000004 1135.5000000000002 0.23956605286441054 17660.500000000004 -0.56174490092936669
decision_type=2 2 2 2 2 2 2 2 2 2 2 2 2 2 2 2 2 2 2 2 2 2 2 2 2 2 2 2 2 2 2 2 2 2 2 2 2 2 2 2 2 2 2 2 2 2 2 2 2 2 2 2 2 2 2 2 2 2 2 2 2 2
left_child=2 3 6 13 17 7 -1 21 9 11 56 -5 -13 59 32 50 25 18 33 20 35 24 -17 38 -4 31 -27 44 60 -16 53 46 -7 -3 -8 -18 -9 -14 -24 -37 -35 42 43 -21 -28 -42 48 -48 -6 -29 51 52 -10 54 -30 -20 57 -11 -53 -2 61 -19
right_child=1 4 5 8 16 14 34 36 15 10 -12 12 37 -15 29 22 19 28 55 41 -22 -23 23 -25 -26 26 27 49 30 -31 -32 -33 -34 40 -36 39 -38 -39 -40 -41 45 -43 -44 -45 -46 -47 47 -49 -50 -51 -52 58 -54 -55 -56 -57 -58 -59 -60 -61 -62 -63
leaf_value=-0.05413681016852584 -0.021260731336856738 0.030765027945424819 -0.023974957450177369 0.026892744569251656 0.035706144678841541 -0.011762771885477891 -0.044792926220303911 -0.01145077225477191 0.027916471818785916 0.02196504100691295 -0.02023672773244822 0.0090845071702491311 0.026525269789673289 0.0063269092801989425 0.0076881364522754878 0.022046319710510829 0.019819250825132903 0.043957667534272479 0.035311926739220324 0.039187909146762671 0.062895117166145195 -0.045648923297348695 0.0084194871813923784 0.015106341793622689 0.06301241207284787 0.016008367728580726 0.03505654883473943 0.034270194814362082 0.055294890504767408 -0.036318630117814818 0.035524871620365391 0.034668469095245937 0.022725608804087503 0.028404245670587427 -0.031378139790225211 0.027748452359024674 -0.031874878765535096 0.097256631488426809 -0.0044124764962559871 0.10429373368209456 0.026812157249904607 0.06356075170504269 0.025967743650789223 0.084744710539258999 0.0059761696005914116 0.018344244421688895 0.075699463045289142 0.045734660695826157 0.051548797626814982 0.053984551698192662 0.025864196577585759 0.029811194674666926 -0.013949114375122385 0.039161294756530851 0.11830237625719334 0.17392105055961027 -0.0060461234782542318 0.056071172866824719 0.20881463235746117 -0.0084755782080529803 0.026096168468705716 0.030770145643594683
leaf_weight=3924821.2539801598 168504.47265940905 648762.65038359165 52845.794762194157 211448.79830354452 317279.08170223236 32164.36746942997 436700.64747405052 243113.71557527781 21226.831853806973 49853.368501603603 71292.884006142616 37413.344763457775 5263.2070943713188 284743.09337800741 21197.909519731998 196663.02338629961 44270.484050750732 184239.76760959625 545795.24396574497 71584.625539779663 235664.1236114502 311311.8475689292 289448.5235773921 356551.75525122881 4573.3990253210068 111243.11856937408 54615.617722511292 144314.47822093964 45966.102320194244 49800.736786186695 177011.8776268959 483362.47349643707 76614.925234854221 641338.38208067417 215352.97826123238 7935.9399681091309 76612.774149000645 56873.131629645824 295285.59496378899 8177.0307922363281 471978.10886764526 32062.728618621826 124081.8555355072 15751.932781219482 52851.898866653442 946256.87539589405 48905.996536254883 114879.2333240509 164270.92566299438 95686.083045959473 322398.73313981295 1348.9808955192566 36999.781127274036 41188.941612958908 11996.249406814575 1059.0448722839355 15232.276138663292 25485.3751090765 1107.6769208908081 354831.76172029972 403827.82085251808 400329.47812604904
leaf_count=6581919 154010 32685 63957 32297 3830 20738 655794 182115 4348 10401 19097 5188 682 105186 16497 38093 301 5325 20131 908 902 458569 79017 57198 3373 1782 898 1853 963 55448 4777 5263 24916 36792 262416 52 90139 4948 90948 17 30193 262 1315 120 801 61818 464 1154 1753 792 54023 63 7820 1037 202 9 3228 3258 31 229443 13369 12260
internal_value=-0.00105977 0.0257931 -0.0476564 0.00979332 0.032538 -0.0238399 -0.0521744 -0.0296543 0.0161639 0.026829 0.00611127 0.0376119 0.0603799 -0.00592564 -0.00157383 0.0128482 0.0403424 0.0288653 0.0269251 0.0485105 0.056655 -0.0411949 0.00953994 0.00692697 -0.0170463 0.0375662 0.0307876 0.0355191 0.0338597 -0.0231796 0.0429538 0.0403211 0.0125279 0.0251775 -0.0403625 0.0323011 -0.0163448 0.0912655 0.00193945 0.0665945 0.0234174 0.0386076 0.0348233 0.0474046 0.0207551 0.0211623 0.044555 0.0546822 0.0411106 0.0421302 0.0226756 0.00573482 0.00131315 0.0562162 0.0683356 0.0355804 0.0268511 0.0335025 0.110529 -0.0125922 0.0313187 0.0349265
internal_weight=1.48938e+07 9.44866e+06 5.44511e+06 2.80197e+06 6.64669e+06 868235 4.57687e+06 688458 1.99389e+06 472862 161864 310998 99549.7 808079 179778 1.52103e+06 2.12694e+06 4.51975e+06 3.25519e+06 539529 296048 368731 1.13795e+06 941286 57419.2 1.58741e+06 458711 347468 1.26456e+06 70998.6 276163 1.1287e+06 108779 2.70834e+06 652054 60383.5 319726 62136.3 584734 16113 2.05957e+06 243481 211418 87336.6 107468 1.41823e+06 645335 163785 481550 240001 383082 60683.3 58226.6 99151.3 57962.4 546854 90571 75338.7 2456.66 523336 988397 584569
internal_count=9557188 1141307 8415881 899279 242028 915752 7500129 798153 410640 79099 35984 43115 10818 488639 117599 331541 22467 219561 181628 3877 1272 525899 265256 227163 67330 18590 6126 4344 37933 71945 6979 12464 45654 161488 918210 370 272254 5630 169965 69 128803 2605 2343 1028 1699 92011 7201 1618 5583 2645 66285 12262 12168 2202 1165 20140 16887 13659 94 383453 30954 17585
is_linear=0
shrinkage=0.05


Tree=24
num_leaves=63
num_cat=0
split_feature=27 24 16 16 24 13 16 24 27 24 16 16 14 11 16 0 1 11 13 0 10 28 12 13 27 14 11 17 21 14 20 11 11 0 23 23 1 13 26 16 28 10 14 17 13 16 14 21 0 14 13 16 23 11 25 14 10 21 12 14 8 24
split_gain=6.93356e+06 336789 222463 93319.5 63918.8 42816.7 39594 37247.8 23086.8 22277.2 20344.7 17144.2 15959.7 15956.8 15080.7 14226.4 12306.7 12770.5 18187.3 15622.8 14008.3 11800.6 10910.5 10900.6 10473.4 10245.2 10968.4 9648.73 8908 8840.01 9565.84 8634.58 8245.73 7960.18 10615.2 12390.2 7620.63 7574.42 7777.4 7534.36 7496.16 8537.87 7212.49 7102.92 7089.71 6993.96 6558.93 6208.04 6055.67 6037.77 5938.64 6623.25 5767.61 5755.79 5602.77 5595.71 5502.76 5451.82 5399.12 5385.97 5342.77 5181.21
threshold=1.7754713296890261 13.516666889190676 0.19565778545936122 1.1037380531024465 165.40000152587893 0.25881904510252057 2.0360549191648389 0.050000002607703216 1.0000000180025095e-35 2.6833333969116215 3.7960309146165141 9.1647244062901176 17670.500000000004 1.0000000180025095e-35 18.225343655862535 10.500000000000002 2024.5000000000002 0.25000000000000017 -0.5 14.500000000000002 0.68301270189221941 275.50000000000006 -0.9159756150367534 -0.60355339059327384 0.32543723285198217 17664.500000000004 -0.68301270189221952 276.50000000000006 1011.0000000000001 17665.500000000004 114.50000000000001 0.93301270189221952 -1.0000000180025095e-35 11.500000000000002 39.678571701049812 24.250000000000004 2024.5000000000002 -0.37940952255126015 66.396083831787124 0.075378411815918506 1135.5000000000002 -0.5 16205.000000000002 3001.0000000000005 -0.5 0.23956605286441054 17651.500000000004 898.00000000000011 19.500000000000004 17659.500000000004 -0.78656609248549325 64.420999820731438 23.250000000000004 0.93301270189221952 567.09136962890636 17656.500000000004 0.68301270189221941 1587.5000000000002 0.78656609248549325 17655.500000000004 -0.8783796973249266 393.21667480468756
decision_type=2 2 2 2 2 2 2 2 2 2 2 2 2 2 2 2 2 2 2 2 2 2 2 2 2 2 2 2 2 2 2 2 2 2 2 2 2 2 2 2 2 2 2 2 2 2 2 2 2 2 2 2 2 2 2 2 2 2 2 2 2 2
left_child=2 3 7 9 14 6 8 -1 32 45 36 24 23 -8 25 27 28 22 19 -19 -20 -16 -18 54 -7 26 44 -14 46 30 49 -15 -4 -17 35 -35 -5 61 -39 -9 41 42 -23 60 -3 -2 -12 -36 -38 -25 -42 -52 -48 55 -6 -34 -24 -46 -47 -32 -29 -31
right_child=1 4 5 10 12 11 13 39 -10 -11 16 -13 15 31 21 33 17 18 20 -21 -22 40 56 29 -26 -27 -28 43 -30 37 59 -33 53 34 47 -37 48 38 -40 -41 50 -43 -44 -45 57 58 52 -49 -50 -51 51 -53 -54 -55 -56 -57 -58 -59 -60 -61 -62 -63
leaf_value=-0.054166381474615048 -0.019875720178218977 0.01802318071146318 -0.049092456019004881 -0.00089644630237871881 0.024560276771910278 -0.047650061809510758 -0.019238761718972527 -0.044774367274677124 -0.01476472167546878 0.0068443289862317432 -0.00010062043648876933 -0.0061534105715925777 0.061407262632607928 0.027224249553734856 0.012533024952330222 -0.012509745202141237 0.028321503251197724 0.028389705101711422 0.028889824130354642 0.057014771663142727 -0.0066090712151242407 0.0034300829805962159 0.017356094496125751 0.038966125193153484 -0.028230397962142079 0.029201309612320221 0.017699252284121912 0.056298578928402843 0.1716778565054935 0.021928579304638998 0.027224325328979157 -0.023720604624617378 -0.023900004292911739 0.014194079379634765 0.031887516299428868 0.1323471261175404 0.012589334346055107 -0.021181740970017085 0.034641887673391707 -0.032935445864519894 0.026701127513106077 0.029755235061237863 0.02412761280436633 0.058837727808851603 0.031313379207601126 -0.010298012896372387 0.014441235617015644 0.055519348527591918 -0.0087069589597504361 0.049524697993723082 0.033420552809961375 0.046868733868832696 0.072739307897355998 -0.052626851452812776 -0.0081767109082621168 0.061476969533346762 0.005567507813085665 0.2389873113650344 0.0049808195881611474 0.038141375363555198 0.030799649667283924 -0.013703099686569962
leaf_weight=3673607.4004017711 157526.29910671711 141544.7358982563 83780.578565180302 153751.29991513491 116935.52243518829 246780.36935704947 34774.841898620129 386269.5936858654 285105.9666249752 260012.56072169542 113302.16664367914 36522.088743627071 139585.39083480835 71259.77004212141 102730.62827062607 8299.4737014770508 180223.73974770308 129009.89410048723 66536.647614777088 75598.459249198437 47722.644151806831 50347.789232730865 335306.58334428072 423634.88838005066 96613.208863079548 530768.32234632969 871162.73498690128 26717.688674926758 840.56809234619141 90085.377067565918 221800.89406490326 9416.1244311928749 76634.181036293507 3506.7435150146484 200241.56074714661 6042.090404510498 628215.34158504009 6364.3705234527588 317141.49301624298 206099.42886137962 156231.58774089813 1798382.9274779558 256675.27321028709 52719.497817993164 310230.72404193878 290690.30100303888 121811.93325179815 32270.248468399048 35253.463863670826 199008.17661190033 257741.62950444221 142002.1620054245 4395.612687587738 18698.293216526508 14713.984699249268 1968.3441718816757 140460.37295001745 316.25392723083496 72176.61086410284 230284.52774715424 88901.213535308838 11505.068819046021
leaf_count=6474765 144306 12514 129696 46435 2153 391563 26531 606596 240574 91490 19097 27992 655 23726 5242 96 18411 12826 8675 4707 9717 2188 53744 4542 109032 26092 67370 86 15 1317 2425 7246 99026 47 2175 32 170978 96 3634 268634 5608 58518 9024 109 20357 194754 16448 255 21123 1863 9519 3124 318 29867 343 1230 30258 5 35380 2095 422 122
internal_value=-0.00104153 0.0241442 -0.0473933 0.0095903 0.0301575 -0.0256676 -0.0171404 -0.0522903 -0.0236323 -0.00510679 0.0152336 -0.0387225 0.0371933 0.009074 0.0268213 0.0444904 0.019336 0.0218344 0.0300426 0.0389661 0.014063 0.0291614 0.0178445 0.0346962 -0.0421864 0.0233326 0.0209786 0.0516874 0.00920234 0.0359071 0.0383213 0.0212781 -0.0375941 0.0356385 0.0372894 0.0889574 0.00913343 0.0298035 0.0335436 -0.0406553 0.0298033 0.0284396 0.0207335 0.0436277 0.0272977 -0.0110781 0.00863203 0.0351674 0.0114577 0.0423409 0.0349672 0.0381978 0.0164718 -0.0276933 0.0209013 -0.0217619 0.0138758 0.031525 -0.00725894 0.0327853 0.0366921 0.0178933
internal_weight=1.48483e+07 9.62073e+06 5.22753e+06 2.81283e+06 6.80789e+06 961554 581638 4.26598e+06 466187 780406 2.03243e+06 379916 2.18976e+06 115451 4.61813e+06 558284 1.21521e+06 974858 318868 204608 114259 2.76411e+06 655991 1.63147e+06 343394 1.85402e+06 1.32325e+06 307924 240350 1.49982e+06 1.07473e+06 80675.9 181081 250360 242061 9548.83 817220 425096 323506 592369 2.66138e+06 2.10541e+06 307023 168338 452092 520393 239510 232512 663469 622643 555975 399744 126208 97300.8 131650 78602.5 475767 310547 362867 452085 115619 101590
internal_count=9557188 1120710 8436478 878682 242028 1086483 557896 7349995 500393 465930 412752 528587 22467 57503 219561 3877 174216 138338 35925 17533 18392 93223 102413 18590 500595 126338 100246 1272 35878 16094 10925 30972 259819 2605 2509 79 238536 5169 3730 875230 87981 69730 11212 617 32876 374440 35863 2430 192101 6405 18251 12643 16766 130123 2496 100256 84002 20362 230134 4520 508 1439
is_linear=0
shrinkage=0.05


Tree=25
num_leaves=63
num_cat=0
split_feature=15 15 15 15 15 9 12 15 14 19 10 11 15 14 14 11 23 9 9 14 14 0 0 8 26 14 14 11 0 15 9 12 14 11 14 17 19 24 10 23 11 13 11 0 21 0 0 22 0 14 19 11 19 21 17 17 24 14 8 24 26 10
split_gain=6.83488e+06 283748 182344 67724.6 53169.4 13847 17542.7 13570.8 18276.8 13277.7 11963 22061.5 10791.8 10690.8 10462.4 11647.8 11103.8 9148.97 8946.88 28214.5 38261.4 22609.4 16716.9 17209.6 13440.3 12068.1 10129.9 8572.81 7999.19 7631.35 7552.73 9057.58 7511.97 7403.44 7402.75 7356.04 7583.1 7168.97 7046.95 6925.47 6789.52 6694.74 6535.16 8256.26 6533.28 6375.95 6368.65 6187.69 6136.59 5691.98 5420.34 5293.71 5243.85 7282.7 4865.15 7786.12 4847.97 4839.09 4779.2 4769.29 4761.51 4703.3
threshold=0.75877893615828718 15.197483332485115 0.14411645868622672 109.11370499419282 2.6705494505494509 -0.56174490092936669 0.91597561503675362 0.046441290813691118 17659.500000000004 1695.5000000000002 0.25000000000000011 0.6830127018922193 0.34786262331019369 17651.500000000004 16205.000000000002 0.6830127018922193 346.75000000000006 -0.56174490092936669 -0.56174490092936669 16205.000000000002 17660.500000000004 18.500000000000004 10.500000000000002 0.87837969732492682 239.41129302978518 17392.500000000004 17670.500000000004 -0.9330127018922193 14.500000000000002 50.684652062435347 -0.56174490092936669 0.78656609248549325 17668.500000000004 -0.5 17659.500000000004 809.00000000000011 298.00000000000006 319.09999084472662 -0.24999999999999994 1.0000000180025095e-35 -0.9330127018922193 0.25881904510252057 -0.5 16.500000000000004 197.50000000000003 7.5000000000000009 1.0000000180025095e-35 20.785714149475101 7.5000000000000009 16170.000000000002 1940.0000000000002 1.0000000180025095e-35 178.50000000000003 483.50000000000006 254.50000000000003 2659.0000000000005 148.56667327880862 17666.500000000004 0.6078576107927941 18.316666603088382 1.0000000180025095e-35 -0.5
decision_type=2 2 2 2 2 2 2 2 2 2 2 2 2 2 2 2 2 2 2 2 2 2 2 2 2 2 2 2 2 2 2 2 2 2 2 2 2 2 2 2 2 2 2 2 2 2 2 2 2 2 2 2 2 2 2 2 2 2 2 2 2 2
left_child=2 4 7 5 17 6 32 8 -1 18 -10 -12 -4 30 15 16 -11 59 19 24 25 -22 23 26 45 -21 -20 -7 47 48 46 42 35 -19 -30 36 -3 44 -37 51 -25 -13 43 -32 56 -5 -6 -24 -29 -26 -18 -35 -34 -54 57 -56 -16 -39 -50 -2 -44 -41
right_child=1 3 12 9 13 27 -8 -9 10 14 11 41 -14 -15 37 -17 50 33 22 20 21 -23 28 40 49 -27 -28 29 34 -31 31 -33 52 39 -36 38 -38 54 -40 61 -42 -43 60 -45 -46 -47 -48 -49 58 -51 -52 -53 53 -55 55 -57 -58 -59 -60 -61 -62 -63
leaf_value=-0.054025105512924124 0.0056171467210827976 0.028220297752212686 -0.031549340481412926 -0.022257993722503634 0.054590712014386159 0.029708507933470865 0.0046562794881292099 -0.044648607791738869 -0.054014942709473671 0.12580705323252375 -0.05501135532659588 0.12766098569795661 -0.018899849409722145 0.01950492031359501 0.063959309012779741 0.1120013249396019 0.063673248673082869 0.0014907745847707213 0.040349937627956238 0.024806495821328312 0.017871112122902207 0.081591357891486763 -0.0042996331594771647 0.054570627319059074 0.026483700650134646 0.049398552340039426 0.055917893628335651 0.028461002774545496 0.02742194165992444 0.023881308163603635 0.0050871134034271024 0.020486975032581969 0.034701624511888192 -0.021752708877549411 0.03519941219622371 -0.033163509915629955 0.0052681685273102572 0.024269465094694478 0.10043212565162568 -0.029858933408845458 0.020723890940224903 0.036138984117555444 0.013336460117749549 0.022507667465120212 0.069547051963597367 0.033662267521662036 0.015688582268896394 0.02421374914174668 0.014645130784030206 -0.016123296261386637 -0.020739254097692769 0.0077192027564764263 0.052765670575226145 0.20849445719833129 0.024802735235877976 0.052333658754750989 -0.023390575719912758 0.059762104329115766 0.020990150082308784 0.11335874880043154 -0.0001070972464017016 -0.011588137145675775
leaf_weight=3789951.606477797 231986.39529418945 964363.48591423035 317792.81212443113 5911.6852836608887 10827.281642198563 307608.1715502739 75307.128726005554 459475.19771718979 9824.5018391013145 2825.3717632293701 6253.8500283956528 3048.7703324556351 359190.04389762878 518123.37456548214 1896.74192237854 11807.180183410645 3032.9945220947266 215373.95891737938 534032.58341026306 62217.226537704468 336746.86365795135 14521.429010391235 23268.987133026123 16700.941631317139 9123.5753841400146 251757.73189163208 129915.0401763916 134961.76104259491 504252.27966117859 1141064.3973755836 169354.92953372002 129999.64417386055 178933.14924049377 19394.688905477524 778055.59601306915 1183.0255565643311 37382.174837112427 11346.360879898071 5956.8933782577515 42768.571568310261 131326.07785606384 5798.8604138493538 80586.412302613258 113662.49014365673 3403.1238632202148 36998.298492431641 371473.64600193501 104363.54301834106 728724.98592209816 55652.098573684692 5098.3128700256348 71063.108804166317 32232.650539398193 768.58962249755859 55643.317142486572 47696.14909362793 9769.8711318969727 62543.75531578064 500694.59335041046 1031.6073780059814 360552.80589103699 199663.10880476236
leaf_count=6984132 126065 47028 407053 129 1916 15694 4146 753161 16710 24 9683 899 342455 84491 27 58 17 116154 6252 915 4786 167 369 169 172 2815 511 8621 6552 35572 39616 28797 6120 12332 9187 36 1367 83 148 26526 1498 5144 19714 22671 34 748 77162 1422 51744 887 51 41656 831 11 224 106 121 242 34811 165 83333 113658
internal_value=-0.00102126 0.0230582 -0.048948 0.0280521 0.00864449 0.0238012 0.0280772 -0.0527667 -0.0537444 0.033494 -0.0110695 0.0168692 -0.0248379 0.0134757 0.0454943 0.0775476 0.0404183 -0.00220529 0.0326322 0.0279986 0.0318421 0.0205053 0.0342441 0.0399591 0.0042549 0.0445254 0.0433961 0.021831 0.0309528 0.0208638 0.0109492 0.00833483 0.0295219 -0.00573267 0.032141 0.0277243 0.0273638 0.0416998 0.0782956 -0.0104061 0.0245427 0.0676778 0.00615328 0.0120834 0.00859197 0.025958 0.0167904 0.0190154 0.0183402 -0.010122 0.0107466 0.00140018 0.0380794 0.0563933 0.0445149 0.0375097 -0.0091885 0.0543121 0.0172292 0.00609421 0.00234874 -0.0148114
internal_weight=1.48063e+07 9.85495e+06 4.95134e+06 7.31909e+06 2.53586e+06 4.10918e+06 1.29613e+06 4.27435e+06 3.81488e+06 3.20991e+06 24926 15101.5 676983 1.75458e+06 215063 22763.9 10956.7 781281 2.99484e+06 772929 665243 351268 2.22192e+06 811975 107686 313975 663948 2.81305e+06 1.40994e+06 2.50545e+06 1.23646e+06 854156 1.22082e+06 548263 1.28231e+06 1.00889e+06 1.00175e+06 192299 7139.92 332889 148027 8847.63 724157 283017 15069.7 42910 382301 127633 1.36438e+06 64775.7 8131.31 90457.8 211934 33001.2 177230 103339 11666.6 73890.1 1.22942e+06 233018 441139 242432
internal_count=9557188 1037951 8519237 243695 794256 206129 59687 7769729 7016568 37566 32436 15726 749508 357700 987 150 92 436556 36579 10619 8683 4953 25960 8430 1936 3730 6763 146442 17530 130748 273209 194131 55541 310326 15739 48579 48395 837 184 194172 1667 6043 165334 62287 182 877 79078 1791 95176 1059 68 53988 6962 842 655 330 148 325 86555 126230 103047 140184
is_linear=0
shrinkage=0.05


Tree=26
num_leaves=63
num_cat=0
split_feature=15 15 15 15 15 16 2 15 15 15 18 2 16 11 2 0 2 0 2 13 0 18 6 13 20 15 2 16 0 10 26 10 8 16 25 26 25 2 13 15 23 16 28 2 6 16 2 10 24 23 28 13 2 23 28 21 28 13 22 3 26 2
split_gain=6.3369e+06 265800 154482 61345.8 52910.3 16224.7 26299.2 13307.3 13113.3 9805.79 9103.94 7514.31 7482.99 7191.14 10537.3 27180.7 30382.7 23411.9 35584.2 11338.9 13054.5 7516.56 7184.99 6521.26 6319.82 6316.77 6310.91 21708.7 6170.31 5991.3 6216.57 5884.72 6056.19 9590.28 9396.15 5876.41 5855.53 6747.06 10793.8 5810.06 5523.43 5143.49 5360.59 5012.99 5273.61 5953.85 6952.71 6437.11 4990.59 4889.21 4747.56 13666.5 5847.24 4723.63 4646.71 5213.54 4669.29 4543.52 4515.22 4393.67 4351.6 4173.5
threshold=0.66021835521988625 13.471143590187092 0.12994972498071136 77.354074074074092 2.3183560744661542 2.714743405498123 1.5000000000000002 170.32598103701974 0.032631795587649719 0.25019685039370082 2882.0000000000005 10.500000000000002 9.1647244062901176 -0.9330127018922193 2.5000000000000004 16.500000000000004 1.5000000000000002 13.500000000000002 1.5000000000000002 -0.5 13.500000000000002 1.5000000000000002 1.0000000180025095e-35 0.98296291314453421 621.50000000000011 1.5531030211881276 1.5000000000000002 0.19565778545936122 19.500000000000004 0.93301270189221952 1.0000000180025095e-35 -0.6830127018922193 -0.8783796973249266 64.420999820731438 631.07376098632824 34.745107650756843 296.59457397460943 2.5000000000000004 -0.37940952255126015 30.748346223065329 180.75000000000003 18.225343655862535 1262.5000000000002 9.0000000000000018 1.0000000180025095e-35 11.547632560853829 1.5000000000000002 0.93301270189221952 31.883333206176761 16.535714149475101 310.50000000000006 -0.70710678118654757 2.5000000000000004 40.535715103149421 1214.5000000000002 883.00000000000011 1237.5000000000002 0.25881904510252057 37.500000000000007 4.5000000000000009 66.396083831787124 11.500000000000002
decision_type=2 2 2 2 2 2 2 2 2 2 2 2 2 2 2 2 2 2 2 2 2 2 2 2 2 2 2 2 2 2 2 2 2 2 2 2 2 2 2 2 2 2 2 2 2 2 2 2 2 2 2 2 2 2 2 2 2 2 2 2 2 2
left_child=2 4 5 13 25 8 57 12 26 -4 31 22 49 24 15 17 21 35 -19 20 39 -17 29 58 54 43 27 -1 40 41 -31 -9 34 -34 -33 -15 37 38 -14 -16 -21 42 -6 44 45 47 -47 -2 -38 -5 51 52 -8 -46 -3 56 -56 -7 61 -30 -51 -13
right_child=1 3 9 7 11 6 50 10 -10 -11 -12 23 36 14 19 16 -18 18 -20 28 -22 -23 -24 -25 -26 -27 -28 -29 59 30 -32 32 33 -35 -36 -37 48 -39 -40 -41 -42 -43 -44 -45 53 46 -48 -49 -50 60 -52 -53 -54 -55 55 -57 -58 -59 -60 -61 -62 -63
leaf_value=-0.052328502189964259 -0.0049244501709352385 0.024585881338896179 -0.034615170903061196 0.076728175209243479 0.012238246806783379 0.059619533780093464 0.17691497692348793 0.021330398431348735 -0.045922550392052015 -0.021522206209326968 0.048815704058707866 -0.0036814242083139563 0.039742885863079849 0.030491718816253385 0.013289188415814342 0.028957495018524421 -0.02235080173343439 0.01891428950958849 0.056269166658774405 0.023250193045125465 0.0091031668169197066 -0.00018312981130094079 0.003746713195314862 0.046232779936944177 0.093924405490829921 0.0018071792507784153 -0.054998027695271803 -0.013215819244410898 0.018380895746426203 0.085624439551162154 0.014596060615833318 0.033436892777874677 0.027103803350125178 0.034796839193897221 0.052484865450365098 0.017646962591166087 0.12762717562754902 0.025922392598175262 0.019699789856113221 0.02276020238914513 0.0492210158037725 0.027591474110157263 0.02227467723318452 -0.018222010190013408 -0.021308785418678103 0.11443827928497148 0.014303813708386777 0.061389905311593988 0.020310667386021372 -0.022507474084694556 -0.053412048575332542 -0.048619391352995547 -0.055525491854281829 0.20619797086181513 0.078694222639975955 0.21947054045371278 0.033669779642786606 0.004437763013415915 0.0366452741270877 0.00064582834130694883 0.04058024077232826 0.0082301661861252911
leaf_weight=321628.37221187353 311514.03274184465 317585.19825077057 219910.7635910511 9208.5293741226196 985807.62408816814 7111.2336938381195 1179.5530584454536 119355.18251419067 546001.84562450647 408923.78803652525 84878.294536590576 142359.48085176945 236930.13546180725 136555.51806116104 243244.58639502525 92320.6450548172 56725.275824546814 106213.58176708221 159479.91039705276 948211.02962708473 500468.40585708618 29105.017179012299 168789.81072771549 9239.0315455198288 3560.4262866973877 282813.19004976749 3077318.2298836112 39875.079376220703 134033.16227483749 6046.0092515945435 6281.0143141746521 212879.50603485107 696924.53367996216 967556.52913475037 93041.79483795166 255931.56267499924 1086.5563049316406 1108413.9759073257 93752.945557594299 484421.70837974548 20924.93957233429 69627.831241726875 153802.44166791439 90562.811029493809 49674.468276679516 2089.2556531429291 10179.736911773682 3702.8399822115898 355786.08514690399 2860.6651916503906 36072.649111866951 4654.4283601045609 350.99616581201553 229.10317063331604 6458.76194190979 400.80025577545166 53111.55250787735 7846.3286833763123 9993.6730170249939 47227.995631694794 61354.646807670593 152106.81027150154
leaf_count=619855 215993 17976 312842 205 219279 2706 97 1113 966202 431001 249 36108 3153 8154 22008 5291 6340 4771 4327 55291 31603 1655 38287 1959 100 131979 5996999 60220 8531 1284 1358 1958 7403 7333 491 10952 21 24009 2640 21594 533 11425 29669 66002 34438 756 5885 2240 6476 74 55216 6930 307 32 298 7 3039 6907 1468 3459 1069 37621
internal_value=-0.00100086 0.0212799 -0.0491548 0.0258789 0.00696678 -0.0527414 -0.0263044 0.0301038 -0.0531209 -0.026101 0.0327631 0.0118392 0.0270103 0.0211276 0.0203577 0.0251852 0.00785951 0.0298748 0.0413362 0.0186603 0.0153191 0.0219726 0.0134163 0.0048491 0.0276216 -0.00409232 -0.0542639 -0.0480143 0.0222273 0.0147524 0.049434 0.0321111 0.0327641 0.0315757 0.0392301 0.022116 0.0263707 0.0277924 0.0340604 0.0195942 0.0238109 0.0143988 0.0135928 -0.00765777 -0.00512263 -0.00281534 0.0313567 -0.00414542 0.0206375 0.0426559 -0.0464725 -0.0059978 0.123607 -0.0202638 0.0269964 0.0397612 0.0385516 0.0306732 0.00359326 0.01376 0.0377697 0.0024715
internal_weight=1.47657e+07 1.00948e+07 4.67087e+06 7.64001e+06 2.45482e+06 4.04204e+06 57215.2 4.04403e+06 3.98482e+06 628835 2.17464e+06 1.70405e+06 1.86939e+06 3.59598e+06 3.21486e+06 836332 178151 658181 265693 2.37853e+06 1.22813e+06 121426 1.39035e+06 313699 381117 750765 3.43882e+06 361503 1.1504e+06 1.22156e+06 12327 2.08976e+06 1.9704e+06 1.66448e+06 305921 392487 1.79597e+06 1.4391e+06 330683 727666 969136 1.20924e+06 1.13961e+06 467952 377389 327486 12269 315217 356873 73423.8 42257.6 6184.98 1530.55 49903.6 377556 59971.1 59570.3 14957.6 304460 181261 64215.3 294466
internal_count=9557188 1097906 8459282 262123 835783 7715439 72163 56194 7643276 743843 18547 378458 37647 205929 184509 41490 13286 28204 9098 143019 75205 6946 301302 77156 21420 457325 6677074 680075 67814 263015 2642 18298 17185 14736 2449 19106 36299 29802 5793 43602 55824 260373 248948 325346 259344 224874 6641 218233 6497 1348 62550 7334 404 34470 21320 3344 3337 9613 75197 11990 1143 73729
is_linear=0
shrinkage=0.05


Tree=27
num_leaves=63
num_cat=0
split_feature=24 24 16 16 24 24 13 16 2 13 2 0 2 24 16 24 12 11 24 14 14 0 14 21 2 2 2 24 16 0 9 11 26 8 24 10 14 2 12 0 0 13 26 19 21 9 14 2 2 0 23 3 16 2 14 22 12 26 10 12 14 21
split_gain=5.47036e+06 273982 192807 77584.7 49214.3 38334.5 35787.5 29655.8 21680.5 30592.8 25955.5 22262.3 44915.6 17721.1 15539.2 13830.7 13708.5 13357.6 13124.2 10867 10301.5 10249.5 9754.45 9852.7 9635.04 9276.52 9249.59 8950.53 8795.62 8787.02 11365 8517.06 8370.37 9423.8 7697.52 7588.99 7317.14 7066.55 18214.8 12578.4 12985.7 9505.73 7818.29 6627.95 6607.51 6553.22 6534.19 6533.76 6498.73 6413.24 8347.87 10136.1 6237.1 6192.67 6092.36 6076.12 5953.54 5949.85 5713.56 5624.33 5464.35 5371.42
threshold=0.35000000894069677 7.6833331584930429 0.25005075111652458 0.79806520572697415 165.40000152587893 0.050000002607703216 0.25881904510252057 2.0360549191648389 2.5000000000000004 -0.37940952255126015 1.5000000000000002 14.500000000000002 1.5000000000000002 38.183334350585945 18.225343655862535 1.8166666626930239 -0.9159756150367534 1.0000000180025095e-35 0.050000002607703216 17651.500000000004 17670.500000000004 8.5000000000000018 17666.500000000004 2459.5000000000005 2.5000000000000004 1.5000000000000002 5.5000000000000009 1.2500000000000002 0.092311190401231355 10.500000000000002 -0.56174490092936669 -0.68301270189221952 50.550077438354499 0.87837969732492682 0.050000002607703216 -0.5 17656.500000000004 2.5000000000000004 -0.98296291314453399 13.500000000000002 16.500000000000004 -0.5 675.42425537109386 1591.0000000000002 182.50000000000003 -0.56174490092936669 17656.500000000004 5.5000000000000009 1.5000000000000002 11.500000000000002 39.678571701049812 1.5000000000000002 0.18751571141277026 1.5000000000000002 16031.500000000002 254.35713958740237 -0.78656609248549292 181.646842956543 -0.6830127018922193 -0.9159756150367534 17668.500000000004 719.50000000000011
decision_type=2 2 2 2 2 2 2 2 2 2 2 2 2 2 2 2 2 2 2 2 2 2 2 2 2 2 2 2 2 2 2 2 2 2 2 2 2 2 2 2 2 2 2 2 2 2 2 2 2 2 2 2 2 2 2 2 2 2 2 2 2 2
left_child=2 3 5 15 13 -1 7 18 9 11 32 -5 -13 22 34 52 35 -9 25 21 26 -18 -3 -24 -16 46 -6 -14 -7 30 31 -22 36 -34 48 -10 -11 38 53 -40 -41 47 -43 -33 -37 -23 -4 -39 60 -31 51 -51 -2 -15 -19 -32 -12 -49 59 -28 -8 -21
right_child=1 4 6 8 20 28 14 17 16 10 56 12 27 37 24 -17 19 54 -20 61 29 45 23 -25 -26 -27 58 -29 -30 49 55 43 33 -35 -36 44 -38 41 39 40 -42 42 -44 -45 -46 -47 -48 57 -50 50 -52 -53 -54 -55 -56 -57 -58 -59 -60 -61 -62 -63
leaf_value=-0.053802528463908032 -0.023220277993455132 0.016417316206106539 -0.011906907657466215 0.019356495416734582 0.023780432038461377 -0.043464959425375989 -0.027702461446032518 -0.019148597608538979 -0.0028762314389818469 0.0070973328770544148 -0.035236448176868697 0.0019686067243847309 0.11050648286507106 0.0096594981031385748 0.04970687965413996 0.00024042657183430554 0.014190463445911334 -0.013128362609806802 -0.011829555534494843 0.011416670653852636 -0.0087051257051319383 0.0055814206186471796 0.024894837640129668 0.24283069797548007 -0.020989856962130272 -0.038653926335218587 0.030110358380419533 0.064683759177599776 -0.029291939546395147 -0.014122618377873356 0.068833163550152718 0.013602767947067097 0.059114294006833705 0.3354187103101231 -0.025971898250310085 0.017650180659015163 0.040059193339164356 0.014137726407375976 0.02271195691145058 0.042926653528820323 0.021236554444905513 0.025259942757393513 -0.023630997114321362 0.049892447150478775 0.066328254223030472 -0.0064052437119552722 0.10067532369020636 0.024823561823039034 -0.049127582185927048 0.13534951265863235 0.027967808676943262 0.034488365925913318 -0.010935172625416954 -0.029751528149907613 0.025404503968176662 0.042704179057006096 -0.0023476784223288062 0.013724311817251967 0.032524647633133459 0.0074853499294905328 0.091690094676691244 0.12496668873497481
leaf_weight=3236841.3479524255 154062.37688308954 2083158.5425621271 25856.274913489819 175206.37314915657 833613.8428144455 355010.793194592 28740.009882211685 31329.358120441437 46795.140897333622 53773.306168198586 39310.069434165955 32067.84170627594 13864.229606926441 36447.323064804077 7589.3723516464233 219132.75293821096 106271.29066163301 12128.928876340389 157458.14955419302 274518.08229714632 16827.98477935791 163211.65011233091 372354.83372879028 519.23652648925781 13204.236632049084 119019.39420604706 64610.987110137939 46075.063035070896 158273.60176765919 8583.408504486084 24449.760898590088 24319.670566558838 1130.0440621376038 424.49166989326477 70850.766901314259 256306.587228477 24511.6797991395 457678.16584300995 300054.57161855698 242908.08695030212 96389.270390033722 1344355.3475952148 8226.8791694641113 26070.628791809082 7166.1735109090805 378350.00307357311 1356.3269604444504 471055.50432634354 164103.35898786783 4059.7537117004395 250043.25549697876 6446.4912624359131 313664.11839896441 13719.162146091461 66493.640745460987 247355.39539718628 21171.092433452606 162362.03811836243 806844.07542419434 47783.625085830688 991.2955681681633 1045.3649172782898
leaf_count=6581919 171402 201667 29895 33093 9981 629882 40119 25512 12124 14247 12226 5401 2524 912 3432 105010 26755 5648 131547 53158 136 53790 21361 2 10891 190509 596 3623 219234 96 189 166 78 11 89939 53718 3625 17968 8098 3544 3786 36490 140 68 445 140067 466 15810 296751 25 2430 54 239966 938 23565 713 8235 4410 7397 616 763 25
internal_value=-0.00097944 0.0190697 -0.0472954 0.00398407 0.0234872 -0.0517894 -0.0231888 -0.0137908 0.00988899 0.0198876 0.000983066 0.0298149 0.0497304 0.0209304 -0.0368059 -0.0101253 0.006586 0.00845897 -0.0218464 0.00353078 0.02954 -6.82415e-06 0.0177505 0.0251984 0.00481332 -0.0326322 0.0275945 0.075283 -0.0390947 0.0351471 0.040502 0.022093 0.0196996 0.134584 -0.0400755 0.0156787 0.0174181 0.023423 0.0278933 0.0301697 0.0367648 0.0221617 0.0249626 0.0323783 0.0189742 -0.00279279 -0.00629507 0.0186896 -0.0452307 0.0284015 0.0298024 0.0734639 -0.0149817 -0.00111828 0.0194601 0.0450546 -0.023724 0.0219785 0.0310534 0.0204916 -0.0237212 0.0118475
internal_weight=1.47275e+07 1.02783e+07 4.44925e+06 2.32806e+06 7.95024e+06 3.75013e+06 699121 413642 1.6412e+06 407534 140321 267214 92007.1 5.58923e+06 285479 686859 1.23366e+06 109952 303690 923396 2.36101e+06 647833 2.45603e+06 372874 20793.6 146232 1.75285e+06 59939.3 513284 608156 339023 67218.3 79839.5 1554.54 264685 310268 78285 3.1332e+06 689518 639352 339297 2.44368e+06 1.35258e+06 50390.3 263473 541562 27212.6 1.0911e+06 193835 269133 260550 10506.2 467726 50166.5 78622.6 271805 60481.2 633418 919239 112395 29731.3 275563
internal_count=9557188 1277116 8280072 939523 337593 7431035 849037 407142 423145 83063 38422 44641 11548 315126 441895 516378 340082 54725 352417 273795 22467 220612 223030 21363 14323 220870 18590 6147 849116 3877 1272 370 17961 89 427572 66287 17872 92096 17278 15428 7330 74818 36630 234 54163 193857 30361 38188 337633 2605 2509 79 411368 1850 29213 902 20461 20220 8609 1212 40882 53183
is_linear=0
shrinkage=0.05


Tree=28
num_leaves=63
num_cat=0
split_feature=15 15 15 15 15 16 2 9 15 12 14 14 15 14 2 26 24 25 21 15 16 8 25 25 9 6 9 14 12 2 14 2 0 24 16 3 26 9 25 16 11 0 14 1 6 16 2 10 15 24 2 22 12 16 0 0 21 22 13 25 0 9
split_gain=5.4874e+06 216938 133288 56902.6 36281.5 16889.7 26443.3 13193.2 11916.4 11170.9 10795.3 9847.18 9393.63 8289.39 14988.4 7548.99 9232.09 17697.5 8414.38 6465.34 7003.11 6983.46 9079.67 6544.76 9020.65 7125.66 6305.45 10367.9 9019.89 7569.53 6648.17 6035.49 6776.83 8996.72 5990.06 7426.72 5956.99 5612.6 5547.33 5460.34 5457.89 6649.76 5474.42 5446.69 6616.1 6234.01 7665.19 6813.66 5421.09 5329.08 5232.28 5081.23 5027.74 5454.22 5016.5 4984.9 4980.26 4888.59 4869.42 4814.7 4651.94 4478.48
threshold=0.57940747661438896 8.8133080609618926 0.11414958586854301 77.354074074074092 1.6465662243019623 2.4619683975142612 1.5000000000000002 -0.56174490092936669 0.030397568389057755 0.78656609248549325 17664.500000000004 17670.500000000004 0.25019685039370082 17659.500000000004 1.5000000000000002 28.376008033752445 49.783332824707038 115.60543441772462 869.50000000000011 170.32598103701974 9.1647244062901176 -0.8783796973249266 631.07376098632824 631.07376098632824 -0.22252093395631442 1.0000000180025095e-35 -0.56174490092936669 17663.500000000004 0.91597561503675362 7.5000000000000009 15973.000000000002 2.5000000000000004 10.500000000000002 126.83333587646486 9.1647244062901176 3.5000000000000004 317.81571960449224 1.0000000180025095e-35 312.27830505371099 1.720043733496794 -0.5 16.500000000000004 17606.000000000004 2024.5000000000002 1.0000000180025095e-35 11.547632560853829 2.5000000000000004 0.93301270189221952 62.103145688878449 2.9500000476837163 5.5000000000000009 212.92857360839847 -0.9159756150367534 64.420999820731438 7.5000000000000009 17.500000000000004 2.5000000000000004 391.14286804199224 0.98296291314453421 312.27830505371099 17.500000000000004 -0.56174490092936669
decision_type=2 2 2 2 2 2 2 2 2 2 2 2 2 2 2 2 2 2 2 2 2 2 2 2 2 2 2 2 2 2 2 2 2 2 2 2 2 2 2 2 2 2 2 2 2 2 2 2 2 2 2 2 2 2 2 2 2 2 2 2 2 2
left_child=2 4 5 10 43 8 -7 34 13 40 26 19 -4 -1 -15 -13 17 36 37 20 -5 22 54 25 -25 -23 28 29 30 50 -3 -12 33 -33 58 56 -17 -18 51 -11 41 -9 -42 -2 45 47 -47 -45 -35 -32 -28 -22 53 -34 -21 -24 -36 -31 -6 -41 -44 -40
right_child=1 3 12 11 7 6 -8 9 -10 39 31 15 -14 14 -16 16 18 -19 -20 21 38 23 55 24 -26 -27 27 -29 -30 57 49 32 52 48 35 -37 -38 -39 61 59 42 -43 60 44 -46 46 -48 -49 -50 -51 -52 -53 -54 -55 -56 -57 -58 -59 -60 -61 -62 -63
leaf_value=-0.054355908365755157 -0.017289680867548979 -0.006064861686414777 -0.034197968240561837 0.037980458154306507 0.012139149929334521 0.028742267309420172 -0.046658927833324731 0.0012422748895356175 -0.045793670408421638 0.012489210993441795 0.026847182829327437 0.001086351043016974 -0.021378117369812013 0.057160955285079043 -0.054761860877427397 0.080780584900578656 0.023078110724918843 -0.012407638805636122 0.039952739279742973 0.049214510570402638 0.022565143678796605 0.026184347101069663 0.060710185966926788 0.0058251602374874761 0.024627391499096096 0.039390231983213161 0.015137460635088702 -0.00028838791182545133 -0.00059712278228723592 0.0093085416580265187 0.034924924760276234 0.023280095015951061 0.028813068181614152 0.0087367509809792403 0.0025223060127929375 0.053342646189782322 0.16778391752180263 0.033010462639143083 0.0058052502055720746 0.035800097201003807 -0.0072203249027551824 0.015725781469149529 0.007346769950712994 -0.0044604345958409817 -0.020577795120589173 0.079840351180689759 0.0038324877854756406 0.057033692969337225 0.070986810386722971 0.020301079993379035 0.02202110828009728 0.034269604831623869 0.014883869155665079 0.0056712695123410737 0.026092150185796293 0.031279920743041527 0.10058712384856704 0.17285944495947247 0.042945218326204487 0.34772095096068767 -0.0068866665595465051 0.019735023202882344
leaf_weight=3080613.746415019 108182.42136490345 22403.494070053101 249911.66716051102 72558.717653274536 391055.18894731998 16042.278006374836 42254.974881917238 191506.82520806789 489708.75449669361 139076.66810023785 365770.98372173309 20494.660203933716 333690.76634407043 4686.3666622042656 8269.5366895496845 11512.347576141357 292845.54578971863 5210.8170852661133 194297.76017951965 27216.683929443359 1300795.3061976433 968042.03225326538 43063.746421813965 88183.063316345215 230626.29485321045 114200.69395446777 941274.60006523132 113500.51401185989 52423.293857574463 423464.63609194756 68130.226823091507 329121.04440927505 138877.80232906342 4473.1036205291748 16898.456948041916 21567.243864178658 2373.1890716552734 276566.04779815674 81306.613710403442 26347.007963657379 209913.53904521465 135198.63977444172 207362.22072291374 372071.30025076866 57838.693617463112 4984.3225916624069 9916.007950425148 4559.6592957377434 16037.602928161621 727805.45726108551 390618.70879673958 99846.709826469421 631224.34948539734 31177.790024757385 169851.84817504883 21609.606853485107 1402.0266155004501 457.29395294189453 13262.683904409409 124.20352697372437 79380.967831492424 198752.93668556213
leaf_count=6591977 81958 2571 385145 1264 109844 10564 68230 57213 951079 44756 14651 307 374418 4167 17119 148 3075 78 728 236 26696 9288 266 813 1567 1114 72855 7296 4255 37730 6298 15867 5715 138 3681 3842 7 2298 1542 5478 73920 35869 56731 265576 41504 1908 6123 2739 273 47328 30373 1539 34323 936 1527 137 214 9 3367 5 22949 3564
internal_value=-0.000956622 0.0184581 -0.0490514 0.0219465 0.00360443 -0.0526065 -0.0259099 0.0078148 -0.0530408 0.00459957 0.0178678 0.0260613 -0.0268679 -0.0541881 -0.014277 0.0310425 0.0318268 0.0661655 0.0309681 0.02489 0.0227716 0.0271236 0.0346205 0.0257231 0.0194267 0.0275779 0.0159945 0.0143574 0.0195088 0.0153042 0.0207968 0.0212522 0.0194741 0.0252824 0.014973 0.0334638 0.0956519 0.0279023 0.022115 0.0164509 0.00221669 0.00723592 -0.001085 -0.00721763 -0.00479285 -0.00246101 0.0292586 -0.00371593 0.0574113 0.0215529 0.0171563 0.0233995 0.0169396 0.0245703 0.0292856 0.0508767 0.010036 0.00948502 0.0131497 0.0372651 0.00340642 0.015691
internal_weight=1.46919e+07 1.04668e+07 4.22518e+06 8.47612e+06 1.99065e+06 3.64158e+06 58297.3 1.4331e+06 3.58328e+06 988910 4.25676e+06 4.21935e+06 583602 3.09357e+06 12955.9 803300 782806 19096.4 763709 3.41605e+06 1.75326e+06 1.66279e+06 261742 1.40105e+06 318809 1.08224e+06 2.74008e+06 1.86932e+06 870762 1.75582e+06 818339 1.51668e+06 1.15091e+06 349632 444186 39867.7 13885.5 569412 1.6807e+06 165548 823362 326705 496657 557552 449370 391531 14900.3 376631 20510.7 795936 1.33189e+06 1.40064e+06 801280 170056 197069 64673.4 18300.5 423922 404318 26471.2 286743 280060
internal_count=9557188 1154489 8402699 336812 817677 7643136 78794 417869 7564342 296921 280618 56194 759563 6613263 21286 6641 6334 233 6101 49553 34605 14948 2166 12782 2380 10402 208715 148263 60452 140967 56197 71903 57252 16278 120948 7737 155 5373 33341 50239 246682 93082 153600 399808 317850 276346 8031 268315 411 53626 103228 28235 40974 6651 1763 403 3895 37739 113211 5483 79680 5106
is_linear=0
shrinkage=0.05


Tree=29
num_leaves=63
num_cat=0
split_feature=15 15 15 15 15 16 2 15 14 19 14 11 15 14 2 24 11 24 23 2 10 23 24 14 14 11 13 2 13 16 2 0 2 14 2 14 28 21 5 17 21 14 5 16 2 6 10 23 16 2 5 26 13 16 0 24 24 16 16 11 17 16
split_gain=5.10754e+06 195642 127564 55186 27692 17147.4 24847.4 12475.9 11112.4 8966.01 8396.42 9481.06 8349.49 8305.91 13749.5 8020.18 5912.44 8517.47 6132.28 5890.43 7173.56 6194.72 6089.4 5929.44 5801.97 5768.12 8395.16 6149.33 12365.1 14011.4 12584.4 19566.6 8007.38 6484.98 5693.53 6579.3 7399.32 6400.9 5391.2 6679.34 5277.61 5144.64 5123.04 6943.57 5122.85 5876.02 5426 4989.7 4959.71 6293.71 4900.43 9051.19 4882.88 4880.73 4783.27 4738.37 5953.24 15364.1 4603.72 5869.52 4492.9 4490.33
threshold=0.55624360940695305 6.4737307547333947 0.11414958586854301 77.354074074074092 1.5531030211881276 2.4619683975142612 1.5000000000000002 0.030397568389057755 17664.500000000004 1695.5000000000002 16205.000000000002 0.6830127018922193 0.25019685039370082 17659.500000000004 1.5000000000000002 319.09999084472662 -0.9330127018922193 393.21667480468756 439.53572082519537 7.5000000000000009 0.25000000000000011 32.321428298950202 0.61666667461395275 17644.000000000004 16170.000000000002 -0.68301270189221952 -0.5 2.5000000000000004 -0.37940952255126015 18.225343655862535 1.5000000000000002 14.500000000000002 1.5000000000000002 17663.500000000004 2.5000000000000004 17669.500000000004 400.50000000000006 680.50000000000011 1.0000000180025095e-35 250.50000000000003 2325.5000000000005 15910.000000000002 1.0000000180025095e-35 7.6764785907381148 9.0000000000000018 1.0000000180025095e-35 0.93301270189221952 1.0000000180025095e-35 11.547632560853829 3.5000000000000004 1.0000000180025095e-35 1.0000000180025095e-35 -0.5 9.1647244062901176 13.500000000000002 319.09999084472662 148.56667327880862 64.420999820731438 3.0312152004454345 -0.9330127018922193 687.50000000000011 1.4656519859926438
decision_type=2 2 2 2 2 2 2 2 2 2 2 2 2 2 2 2 2 2 2 2 2 2 2 2 2 2 2 2 2 2 2 2 2 2 2 2 2 2 2 2 2 2 2 2 2 2 2 2 2 2 2 2 2 2 2 2 2 2 2 2 2 2
left_child=2 4 5 8 44 7 -7 13 19 16 11 15 -4 -1 -15 -11 17 18 -5 20 52 22 23 -21 -18 26 -6 28 30 32 33 -32 -30 -27 42 36 -36 -38 39 -19 53 -22 60 -44 45 46 48 -43 -2 -50 -29 -52 54 -26 -3 56 57 -12 59 -37 -10 -23
right_child=1 3 12 9 25 6 -8 -9 34 10 55 -13 -14 14 -16 -17 24 38 -20 21 41 61 -24 -25 40 27 -28 50 29 -31 31 -33 -34 -35 35 58 37 -39 -40 -41 -42 47 43 -45 -46 -47 -48 -49 49 -51 51 -53 -54 -55 -56 -57 -58 -59 -60 -61 -62 -63
leaf_value=-0.054289046256716017 -0.0048700299658091858 0.021174905939581087 -0.033484468497998292 0.026864244751742258 0.0028725668612411548 0.026707519947959307 -0.046241110416657641 -0.045344651266698489 0.025742220107885152 0.11138621775197662 -0.031597795564692839 0.089874847101280853 -0.021082053719828468 0.052112418276095807 -0.054717259473755858 0.0091168088947462984 0.010608270300460519 0.052170312996689977 -0.022736115820163688 0.01133623535126378 -0.0040762990978406091 0.066964890893863413 0.0065841576482383009 0.063664924558268096 0.034336868173265658 0.0035966678194977275 0.017429755299616954 -0.00046864478007480732 0.004123176309123718 0.054886819605810759 0.017936425801267752 0.07617504446902662 -0.025767837082171521 0.24094916056591861 0.0051745745420399844 0.12824340982207602 0.01733375323631399 0.06309402115449822 0.085489977763546984 0.019924451845174364 0.039857183293038889 0.022190759721862144 0.083079769263847025 -0.014403216614381611 -0.017665089307358842 -0.020452289055256371 0.049589768646306542 0.013531696002315375 0.071668109020290569 0.0011344207350033303 0.0821497173754131 0.0050735767013814744 0.024278109323306287 0.022821084552933048 0.008751715079428065 0.032618081273438904 -0.008918349733014785 0.17968011316758625 0.022856080252202989 0.038146726764242411 0.072085705744391285 0.016559050021759735
leaf_weight=2933889.8364349306 361412.97095626593 176580.51097416878 242661.11629474163 363500.71612548828 179444.37076044083 16391.898220717907 40548.291559100151 470322.93389371037 355685.14713215828 2378.4655923843384 1898.1962461471558 13337.669727325439 307883.69789665937 4878.1501072049141 7872.4796851277351 9880.8792285919189 91500.16525554657 42848.529472351074 6340.0071067810059 12872.033185958862 37950.56550526619 4504.4916772842407 493868.69959688187 9342.8592603206635 94586.364978790283 68895.773926496506 221041.13689804077 507760.31402981281 49844.048745036125 9378.9791413545609 50433.10464990139 20198.466261863708 40699.71200966835 288.88844633102417 137952.28174448013 2171.6416172981262 699309.80746555328 7726.3759565353394 7227.1211547851562 25687.480026245117 47830.594854354858 188530.09176182747 2091.5185866355896 14421.603781700134 103335.17914330959 55684.718590080738 4831.0265427231789 1415494.4577286243 4827.9459501504898 9169.23930311203 5113.4505920410156 14930.412917733192 355067.29422211647 3381536.3314857483 138064.94535899162 198410.90365600586 14096.856292724609 1573.8043804168701 325024.38575267792 10787.344115018845 5307.957670211792 230904.47103404999
leaf_count=6591977 266982 16002 385145 5355 58319 10564 68230 951079 14375 26 35 58 355262 4167 17119 78 1919 163 58 2029 5272 339 54638 1143 1360 21312 64923 175615 16998 2143 14809 4500 15852 33 8672 109 36900 216 30 109 233 17221 103 670 81777 41826 2854 112522 1790 5856 1537 5001 26952 45929 12426 665 163 13 13112 686 109 11828
internal_value=-0.00093367 0.0172236 -0.0489097 0.0201897 0.00171609 -0.0524535 -0.0252406 -0.052907 0.0163972 0.0242651 0.0336234 0.0607007 -0.0265486 -0.054114 -0.0138458 0.0289595 0.0237084 0.0291428 0.0260139 0.0146477 0.0158978 0.0108021 0.00773607 0.0333444 0.0230387 0.00604289 0.0109072 0.00350481 0.0101453 -0.00328686 0.0197449 0.034591 -0.00931289 0.00458818 0.0198315 0.0181254 0.0157671 0.0178338 0.044416 0.0400846 0.0233614 0.014119 0.0251779 -0.00205549 -0.00765567 -0.00528294 -0.00306144 0.0145494 -0.00373901 0.0254638 0.000488569 0.0247373 0.0202591 0.0231344 0.0157237 0.0304143 0.00552598 0.0641722 0.0240213 0.0532462 0.0264237 0.0175236
internal_weight=1.4658e+07 1.06336e+07 4.02445e+06 8.92629e+06 1.70729e+06 3.4739e+06 56940.2 3.41696e+06 4.62366e+06 4.30263e+06 241577 25597 550545 2.94664e+06 12750.6 12259.3 4.06106e+06 445604 369841 3.06318e+06 2.31169e+06 751493 516084 22214.9 3.61545e+06 1.16803e+06 400486 767543 239739 99922.7 139816 70631.6 90543.8 69184.7 1.56048e+06 1.18297e+06 844988 707036 75763.1 68536 3.52395e+06 1.64198e+06 377506 16513.1 539261 435926 380241 1.60402e+06 375410 13997.2 527804 20043.9 669713 3.47612e+06 314645 215980 17568.9 3472 337983 12959 360993 235409
internal_count=9557188 1173645 8383543 391518 782127 7643136 78794 7564342 335324 56194 1038 162 740407 6613263 21286 104 55156 5715 5413 260372 190395 69977 57810 3172 49441 381042 123242 257800 75647 34993 40654 19309 32850 21345 74952 59695 45788 37116 302 272 47522 135015 15257 773 401085 319308 277482 129743 274628 7646 182153 6538 55380 47289 28428 876 211 48 13907 795 14484 12167
is_linear=0
shrinkage=0.05


Tree=30
num_leaves=63
num_cat=0
split_feature=15 15 15 15 15 16 2 9 15 0 15 2 9 13 0 14 2 15 9 14 14 28 28 28 13 2 28 14 16 3 8 25 25 0 16 14 14 27 24 11 26 2 6 13 28 13 0 9 2 14 13 14 25 9 2 14 2 16 3 14 16 2
split_gain=4.75811e+06 187611 109935 53060 22495 18047.1 22935.9 11402.3 10891 10822.3 10602 9707.42 9299.94 8688.87 11613.6 8324.14 12655.9 8191.8 8153.2 14919.6 32157.4 9421.39 8956.61 8443.33 10233 8299.01 8021.98 9911.54 7774.29 7619.86 6845.36 10637.4 6177.21 6053.89 6051.47 5817.32 5802.99 5433.04 5018.4 4923.71 5609.9 4864.93 5500.96 4818.2 4666.17 11134.2 6467.79 4837.07 4576.5 15989.9 8356.24 4556.09 4518.37 4486.62 7104.23 7031.99 4446.02 4430.85 6066.22 5501.7 4218.63 6336.74
threshold=0.49217876118568238 5.0427866080851169 0.10025384798757821 62.103145688878449 1.4656591017781837 2.4619683975142612 1.5000000000000002 -0.56174490092936669 170.32598103701974 8.5000000000000018 0.030397568389057755 10.500000000000002 -0.56174490092936669 0.60355339059327384 7.5000000000000009 17659.500000000004 1.5000000000000002 0.23159829721362232 -0.56174490092936669 17392.500000000004 17664.500000000004 400.50000000000006 1214.5000000000002 1091.5000000000002 -0.5 1.5000000000000002 1063.5000000000002 16205.000000000002 18.225343655862535 3.5000000000000004 0.6078576107927941 1.0000000180025095e-35 361.08651733398443 10.500000000000002 3.380504339404776 15910.000000000002 17665.500000000004 375.84513854980474 19.149999618530277 -0.5 0.13364031524452005 10.500000000000002 1.0000000180025095e-35 -0.5 310.50000000000006 -0.70710678118654757 14.500000000000002 -0.56174490092936669 1.5000000000000002 17555.500000000004 1.0000000180025095e-35 16044.500000000002 296.59457397460943 -0.56174490092936669 2.5000000000000004 17668.500000000004 2.5000000000000004 11.547632560853829 3.5000000000000004 16170.000000000002 11.547632560853829 1.5000000000000002
decision_type=2 2 2 2 2 2 2 2 2 2 2 2 2 2 2 2 2 2 2 2 2 2 2 2 2 2 2 2 2 2 2 2 2 2 2 2 2 2 2 2 2 2 2 2 2 2 2 2 2 2 2 2 2 2 2 2 2 2 2 2 2 2
left_child=2 4 5 7 41 10 -7 13 34 36 15 30 57 14 -3 48 -17 -4 19 25 22 -22 -21 26 33 -10 27 -20 -27 -15 -11 -32 56 -25 -5 -16 -9 -37 -26 43 -41 42 60 -14 45 46 -8 -48 49 -1 -51 -13 53 55 -55 -36 -31 -6 -59 -60 -2 -62
right_child=1 3 17 8 12 6 44 9 18 11 -12 51 39 29 35 16 -18 -19 23 20 21 -23 -24 24 38 28 -28 -29 -30 32 31 -33 -34 -35 52 37 -38 -39 -40 40 -42 -43 -44 -45 -46 -47 47 -49 -50 50 -52 -53 -54 54 -56 -57 -58 58 59 -61 61 -63
leaf_value=-0.051308408383036519 -0.0051330365202733805 0.00078011121871923803 -0.034353254054630362 0.041818092138731729 0.010111426327927775 0.025091085682375544 -0.055533158029106994 0.016259705747268635 -0.033934137806475556 0.010403965657102167 -0.045454774939489628 -0.015048118377891863 -0.0013593714673850194 0.017668089815534093 -0.0067218592236354601 0.047661107810264398 -0.05467019456515209 -0.021870709386320446 0.034680856424196924 0.042698141864222362 -0.015269879097141904 0.015805494412040769 -0.0095557860030512209 0.030211962347479145 0.078210093165603345 0.08011032790376138 0.00069707538717235073 0.021464688177477317 0.0057412142908559206 0.078393950831504189 0.026486964640309776 0.013098534873349452 0.26956018263132997 0.01217560931758244 0.021271875989779573 0.018891368418219992 0.028488258018747156 0.064282069031424152 0.032469218449158628 0.0082438927750261397 -0.0059988750165338401 -0.018210094663197188 -0.02079316664766389 0.012366964371275208 -0.053369246857441079 -0.048973394933006245 -0.055505848983807532 0.20647158974642743 -0.054911531198676089 0.049104251123414357 -0.025003779977968689 0.0059341279339671215 0.01509902914674969 0.025208430378425434 0.017206850474938827 0.033673685860452052 0.038725391261212216 0.0033843156012567446 0.14750685332496838 0.045706261544740147 0.090295411829675376 0.006221595895281303
leaf_weight=275156.28566429019 380420.92160344124 98198.519028186798 252077.77371162176 31138.751843452454 270494.73517715931 16628.417608857155 471.18237814307213 389486.63306522369 13071.068634033203 1165557.4243490696 412895.18666580319 27612.106887340546 115430.39295649529 36089.973511457443 22140.694979429245 5062.079939186573 7494.8213454782963 274640.00184476376 174727.91578674316 167650.49594497681 27115.334285736084 242704.53076934814 8622.168872833252 80020.550128936768 6053.4862899780273 3637.7566604614258 38632.30969619751 754275.17680740356 103320.30201721191 9026.5229413509369 197329.16497659683 597852.34087896347 315.04680061340332 111145.77579879761 514568.38292360306 1164956.8323504925 129199.300968647 6630.0185813903809 638025.21021270752 90215.655445814133 295886.61666822433 104065.80455487967 56616.603181958199 143295.45327746868 31036.006840527058 4167.3086009919643 212.25722408294678 1035.0991618037224 2501028.9258615077 5424.4948160350323 12730.954601913691 410467.43038630486 452820.66600990295 363438.70396566391 1171826.4172430038 146943.195728302 32487.532565593719 8001.0722863674164 1578.1610146760941 8346.9704488515854 2776.9793336391449 11616.007007062435
leaf_count=635152 297242 9270 425434 456 94591 10461 486 40378 172 103013 877619 4205 42990 3064 3299 4167 17119 336430 1347 1197 381 2181 84 618 69 46 439 6246 1315 653 18761 50254 5 1174 11198 89203 6943 168 3278 36758 115395 87247 45495 47929 56811 7455 48 180 5922844 7808 26173 41563 8222 6747 27554 2890 2404 2244 264 1940 896 7213
internal_value=-0.000910307 0.015986 -0.0490454 0.0186142 -0.000498079 -0.0524568 -0.0236686 0.0145236 0.0220873 0.0127568 -0.0529356 0.0113407 0.00424373 0.0182867 0.0173087 -0.054036 -0.0134168 -0.0278446 0.0245574 0.0193228 0.0235332 0.0126826 0.0401422 0.0262011 0.029884 0.00367457 0.023022 0.0239504 0.00827071 0.0345016 0.0128442 0.016421 0.0490253 0.0197255 0.0199044 0.0186684 0.0193057 0.0191482 0.0328991 0.000905597 -0.00267093 -0.00846446 -0.00621784 0.00624295 -0.0456286 -0.00481092 0.102273 0.161887 -0.0542186 -0.0483096 -0.00286132 0.0046116 0.0196469 0.0205843 0.019101 0.0240267 0.0473509 0.0117068 0.0357802 0.0618951 -0.00412771 0.0224436
internal_weight=1.46259e+07 1.08258e+07 3.80006e+06 9.33709e+06 1.48875e+06 3.27334e+06 53550.3 4.28735e+06 5.04974e+06 2.9175e+06 3.21979e+06 2.39882e+06 933249 1.36985e+06 1.29193e+06 2.8069e+06 12556.9 526718 2.369e+06 566122 446093 269820 176273 1.80288e+06 835245 120029 967635 929003 106958 77919.1 1.96074e+06 795182 41829.1 191166 2.68074e+06 1.19373e+06 518686 1.17159e+06 644079 644828 386102 555496 451431 258726 36921.9 5885.85 1718.54 1247.36 2.79434e+06 293312 18155.4 438080 2.6496e+06 2.19678e+06 1.53527e+06 661512 41514.1 288421 17926.2 9925.13 394814 14393
internal_count=9557188 1229001 8328187 448797 780204 7566323 75441 373183 75614 265117 7490882 217796 342111 108066 101940 6613263 21286 761864 18547 5376 3843 2562 1281 13171 5139 1533 8032 7593 1361 6126 172028 69015 3062 1792 57067 92670 47321 89371 3347 243072 152153 438093 350846 90919 64980 8169 714 228 6591977 669133 33981 45768 56611 48389 34301 14088 3057 99039 4448 2204 305351 8109
is_linear=0
shrinkage=0.05


Tree=31
num_leaves=63
num_cat=0
split_feature=15 15 15 15 15 16 15 10 11 9 15 15 14 9 12 14 12 9 14 14 14 10 19 21 10 27 12 12 15 11 23 14 14 12 14 14 10 10 11 23 10 3 18 12 16 3 12 1 6 10 11 16 16 11 21 20 14 19 17 8 1 5
split_gain=4.43846e+06 175307 99401.7 49384.9 19228.5 18799.6 13508.2 10559.7 11421.9 10140.9 9677.25 7759.01 8665.56 7697.81 7308.8 7593.23 7131.54 6968.05 13157.7 18359.6 11345.7 9087.13 22215.5 8795.39 7634.84 6541.8 5687.6 12472.3 5631.52 5629.44 5907.91 5576.14 5424.99 5278.21 13074.7 7600.84 5127.76 5035.15 6397.12 4886.12 4848.88 4658.15 6116.55 5654.96 4632.59 5543.86 4648.19 4506.32 5754.57 4729.56 4381.99 4297.41 4213.78 4347.89 4819.35 7339.14 4113.75 4104.75 4545.46 4036.85 3960.27 3943.14
threshold=0.45037230526277139 4.2766823634089635 0.081665382639958914 42.617451917605557 1.2297305506688774 2.4619683975142612 170.32598103701974 0.25000000000000011 0.6830127018922193 -0.56174490092936669 0.18960591827497422 0.026205275390900128 17659.500000000004 -0.56174490092936669 0.78656609248549325 17666.500000000004 0.91597561503675362 -0.56174490092936669 16205.000000000002 17664.500000000004 17392.500000000004 -0.5 1695.5000000000002 2459.5000000000005 -0.6830127018922193 375.84513854980474 -0.60355339059327362 -0.70710678118654735 10.886656738644826 -0.5 1.0000000180025095e-35 15910.000000000002 16170.000000000002 0.37940952255126054 16205.000000000002 17669.500000000004 0.25000000000000011 0.25000000000000011 0.6830127018922193 40.535715103149421 -0.24999999999999994 3.5000000000000004 1002.5000000000001 -0.5 11.547632560853829 3.5000000000000004 -0.9159756150367534 2024.5000000000002 1.0000000180025095e-35 0.93301270189221952 1.0000000180025095e-35 11.547632560853829 3.380504339404776 -0.9330127018922193 898.00000000000011 486.00000000000006 16170.000000000002 994.00000000000011 1232.0000000000002 0.6078576107927941 2024.5000000000002 1.0000000180025095e-35
decision_type=2 2 2 2 2 2 2 2 2 2 2 2 2 2 2 2 2 2 2 2 2 2 2 2 2 2 2 2 2 2 2 2 2 2 2 2 2 2 2 2 2 2 2 2 2 2 2 2 2 2 2 2 2 2 2 2 2 2 2 2 2 2
left_child=2 4 5 9 39 11 52 -7 26 16 -4 12 -1 44 28 25 31 18 21 20 -20 22 -8 -21 -19 -16 27 -9 -11 59 50 -3 -23 34 -26 -35 40 -14 -39 47 -17 42 -33 -43 -6 -46 -47 -2 49 51 -31 -49 -5 57 56 -56 -55 58 -54 -15 -30 -10
right_child=1 3 10 6 13 7 17 8 61 14 -12 -13 37 29 15 36 -18 24 19 23 -22 32 -24 -25 33 -27 -28 -29 60 30 -32 41 -34 35 -36 -37 -38 38 -40 -41 -42 43 -44 -45 45 46 -48 48 -50 -51 -52 -53 53 54 55 -57 -58 -59 -60 -61 -62 -63
leaf_value=-0.054226102632475029 -0.019632262998683446 -0.005741909968231553 -0.036607784246296925 0.03125015759739997 0.0079268800598750605 -0.053235497914605259 0.0036696748894080814 -0.051995479664349677 0.030953061697451136 0.0052393942202678262 -0.02324105186322506 -0.046400180559259353 -0.054084029849027881 9.0324629214458488e-05 0.014361972618311174 0.032978855841447281 0.0014930919974417553 0.010453052795883457 0.011192524165950235 0.0097214766143157039 0.037008736098663335 0.037520797794801906 0.17548257728789396 0.048521024961352736 0.037078937894754069 0.19666547385099928 -0.053482870004290577 0.13678744659257747 0.0056212280016956478 -0.015214429811077011 -0.0081489677301206324 0.01445992788551595 -0.017620863229502359 0.023787071335275505 0.020498690388641744 0.033970617874574442 0.017773148858001114 -0.055473776946600696 0.043893205348083615 0.23574564719666477 0.079982285073849246 0.026547962867325827 0.18977048214986772 0.016110395534186538 0.0022677476499990898 0.1619663413967059 0.048010023483255664 -0.006923739106021347 -0.023317024986138642 0.045461847442744098 0.012286416765064883 0.023934080818974898 0.022875153620317921 0.009422285041274174 -0.0036561224492500282 0.058352545853367521 0.017923828063295035 -0.035152648691012298 0.089370173644303594 0.01314518790194606 0.012394889168688108 -0.055548232079934846
leaf_weight=2614100.4251970947 94399.870586454868 25213.956473112106 250571.89552530646 59864.302118778229 254680.85728335381 17563.286529868841 10384.051528930664 2386.0182382762432 15326.114763975143 564337.73049616814 294624.62213474512 381466.28700247407 4410.746324300766 147969.48002052307 314165.1294605732 12405.893792390823 74665.648907184601 93253.007244110107 55596.385055541992 256974.26686096191 181485.63243865967 4926.7375183105469 2297.6416397094727 15486.60375213623 137820.27630615234 492.77023696899414 11604.282745540142 1381.3236108422279 264910.78171443939 18195.024646401405 271830.24517500401 503092.15081453323 47116.28716468811 410116.88561630249 866282.58797454834 331224.60041046143 17820.094055175781 2346.4758648276329 5228.8937554359436 202.56923723220825 9838.9780461788177 262244.40452361107 497.94098281860352 256896.27477645874 7398.4373205900192 997.90226101875305 8663.8509315252304 332960.08020365238 50184.642823696136 4544.9443010687828 71035.366495013237 11678.370528161526 384700.15137672424 149180.86110544205 48512.447702884674 5292.2385177612305 3083015.9243974686 3024.7301921844482 2587.2865905761719 98725.128925919533 1163654.9653456211 1441.2326010465622
leaf_count=6477286 85331 4089 467039 1480 100017 35366 138 3904 9264 109269 391543 863114 10644 58385 38752 882 8981 732 672 2515 1281 69 8 47 1000 9 21190 241 24449 8871 119693 47461 646 3289 6980 1170 1590 5581 4155 15 707 23059 8 24415 2264 124 2127 280696 43814 2995 31519 6963 9595 4624 1065 91 77367 56 36 38095 89407 1013
internal_value=-0.000886837 0.0148974 -0.0490523 0.0172833 -0.0018127 -0.0525596 0.0199746 -0.0220596 -0.00502229 0.0125144 -0.0293844 -0.0530637 -0.0540316 0.002621 0.0106453 0.017258 0.016423 0.0228907 0.0180828 0.0207803 0.0309548 -0.00315238 0.0347999 0.0119269 0.0243923 0.0146475 -0.0361535 0.0172236 0.00946824 -0.000506876 -0.00448455 0.0174868 -0.0124006 0.025137 0.0227745 0.028337 0.037759 -0.0116144 0.0131132 -0.00970675 0.0537691 0.0180595 0.0146333 0.021383 0.00961657 0.0348404 0.0597819 -0.00980751 -0.00748518 -0.00520981 0.00667864 -0.00587807 0.0180913 0.017877 0.0172844 0.00244307 0.0175314 0.0228663 0.0233194 0.0053148 0.0111388 0.0235173
internal_weight=1.45953e+07 1.09928e+07 3.60245e+06 9.61938e+06 1.37347e+06 3.05726e+06 6.14914e+06 49702.3 32139 3.47024e+06 545197 3.00755e+06 2.62609e+06 879496 2.34763e+06 354723 1.12261e+06 2.41296e+06 574268 509543 237082 64724.7 12681.7 272461 1.8387e+06 314658 15371.6 3767.34 1.9929e+06 607755 361061 1.04794e+06 52043 1.74544e+06 1.0041e+06 741341 40065 11986.1 7575.37 493970 22244.9 1.02273e+06 503590 519141 271741 17060.2 9661.75 493768 399368 349183 89230.4 344638 3.73618e+06 3.67631e+06 3.286e+06 53804.7 3.2322e+06 390312 387287 246695 1.42857e+06 16767.3
internal_count=9557188 1266848 8290340 485939 780909 7431758 112861 70978 35612 373078 858582 7360780 6497666 361095 265065 41940 108013 18547 5376 4515 1953 861 146 2562 13171 38761 25335 4145 223125 256563 160083 99032 715 12439 7980 4459 3179 20380 9736 419814 1589 94943 47469 47474 104532 4515 2251 419799 334468 290654 40390 287659 94314 92834 83147 1156 81991 9687 9631 96480 113856 10277
is_linear=0
shrinkage=0.05


Tree=32
num_leaves=63
num_cat=0
split_feature=15 15 15 15 16 15 15 13 15 10 15 14 9 9 14 0 0 23 0 3 23 25 11 23 1 10 11 21 10 11 9 13 13 3 0 28 1 6 23 10 25 28 16 9 14 11 1 16 3 11 19 11 20 3 28 21 14 0 16 11 28 10
split_gain=4.14259e+06 154490 101599 43489.1 19080.7 17489.3 11128 10404.7 9876.04 8842.81 7689.05 8677.38 6882.21 6487.35 6479.17 6006.64 5941.77 5834.72 5701.06 6698.08 5554.26 11485.5 5080.47 5356.72 4782.76 4768.11 5800.97 4617.79 4365.18 4288.55 5249.27 5748.64 6958.89 4899.88 4727.45 5450.71 4282.41 4773.05 4704.52 4158.96 4147.19 4123.22 8315.06 15371.4 21178.5 4055.27 5487.83 4024.68 4677.76 3945.01 3933.05 5241.54 5548.68 4488.59 9228.03 3886.67 3850.58 3840.55 3834.54 7744.98 3800.95 3769.04
threshold=0.45037230526277139 4.2766823634089635 0.079501604151573854 77.354074074074092 2.4619683975142612 1.2297305506688774 22.091435574229696 -0.12940952255126037 0.18960591827497422 0.25000000000000011 0.026205275390900128 17659.500000000004 -0.56174490092936669 -0.56174490092936669 17670.500000000004 1.0000000180025095e-35 8.5000000000000018 7.6785714626312265 9.5000000000000018 3.5000000000000004 27.392857551574711 127.58871841430665 -0.5 1.0000000180025095e-35 2024.5000000000002 0.25000000000000011 0.6830127018922193 869.50000000000011 -0.5 -0.9330127018922193 -0.56174490092936669 0.60355339059327384 -0.70710678118654757 3.5000000000000004 9.5000000000000018 267.50000000000006 2024.5000000000002 1.0000000180025095e-35 40.535715103149421 0.93301270189221952 512.3627166748048 275.50000000000006 14.504883467679303 -0.56174490092936669 17665.500000000004 0.6830127018922193 2024.5000000000002 11.547632560853829 3.5000000000000004 1.0000000180025095e-35 841.00000000000011 0.93301270189221952 2981.0000000000005 1.0000000180025095e-35 356.50000000000006 504.00000000000006 16170.000000000002 17.500000000000004 11.547632560853829 0.6830127018922193 1343.5000000000002 0.68301270189221941
decision_type=2 2 2 2 2 2 2 2 2 2 2 2 2 2 2 2 2 2 2 2 2 2 2 2 2 2 2 2 2 2 2 2 2 2 2 2 2 2 2 2 2 2 2 2 2 2 2 2 2 2 2 2 2 2 2 2 2 2 2 2 2 2
left_child=2 5 4 6 10 36 13 9 -4 -6 11 -1 47 15 41 -3 -15 -16 60 -20 21 28 -14 49 -18 -13 -27 -22 -19 -8 31 32 -31 -33 55 -36 -2 39 -39 58 -26 42 43 44 -5 -9 -47 -7 -49 -24 51 52 -43 54 -52 -32 -50 -29 -38 -60 -17 -51
right_child=1 3 8 14 7 12 29 45 -10 -11 -12 25 22 16 17 18 24 20 19 -21 27 -23 23 -25 40 26 -28 57 -30 30 34 33 -34 -35 35 -37 37 38 -40 -41 -42 50 -44 -45 -46 46 -48 48 56 61 53 -53 -54 -55 -56 -57 -58 -59 59 -61 -62 -63
leaf_value=-0.054152210050482021 -0.018966946571883525 0.041448764497484462 -0.036078800535948904 0.27888271656561775 -0.05555235346383789 0.0074825254712420144 0.020426495917872774 -0.053314620580054643 -0.022526406760891508 0.038511670572966034 -0.046112796769296527 -0.054002495617480634 0.0050268379840106934 0.015123841864502148 -0.0026996010687825455 0.0025377227720553668 0.00026721377226302651 -0.020139827269441603 0.010079179403604891 0.021254058269746995 0.021394471838634344 0.15670830366156352 -0.014641519746189102 -0.0077944219506050176 0.0083903615304985104 -0.055469137099623672 0.040359893698050278 0.028009195236789783 0.045373761531221843 0.021982143730863532 0.017022589027178785 0.016418105679753055 0.012934770860996174 0.063089063525850794 0.0011137152860636963 0.012431147582020649 -0.0066156215155623518 -0.022601600700441028 0.21114220880823964 0.041758747324785406 0.2463330420645069 0.0193134391635091 -0.011520766234213338 0.0071918389146337358 0.02203803314608577 -0.051586023625427163 0.00467310249708757 0.0021503737756955947 0.12153221738358898 0.0001719180772924623 0.066744367084360295 0.012718857688678462 -0.027006465965685351 0.021439861546698816 0.024158219237826611 0.055957811682922035 0.040218696714671043 0.053174516099446248 0.0017116105647332035 0.10141310691510048 0.04631104790261955 0.023097108021792694
leaf_weight=2489918.2628852725 92865.466026484966 19836.600877285004 251405.17750737071 1379.6943740844727 3296.1147715747356 256272.87487864494 327821.7592458725 16949.283052921295 288920.5883487463 10323.999942243099 357808.24847081304 4201.8093794882298 247718.89011621475 271746.8964138031 20488.803949356079 127354.39610624313 219654.66248059273 2915.0128803253174 260895.038159132 275900.38988900185 611493.17094993591 2196.7095146179199 17967.558004498482 270032.32281368971 973559.28778982162 2232.218926101923 5397.7731702923775 195133.35450363159 19894.146017074585 377223.30634784698 396127.77949619293 10128.289361953735 486841.77231836319 12646.336894989014 115615.53813648224 1333300.8403582573 331092.97929275036 49209.749567806721 216.10838937759399 4696.496644616127 183.06173706054688 2925923.1047792435 29739.296706199646 11630.672523498535 1918.7349224090576 7511.9606155157089 10247.680270671844 7411.8048746585846 1766.2777608633041 36098.493856906891 17805.733640670776 347769.49771404266 6479.5320243835449 270833.2841053009 44545.792032241821 6515.0810871124268 8287.9859614372253 16438.806900024414 9445.1652138233185 2453.862246632576 5160.0855994224548 35619.620010137558
leaf_count=6477286 85331 1743 485691 12 5582 100017 13679 35587 391543 5007 845010 10644 96480 39369 289 18741 36485 50 32608 32620 5358 12 8871 119693 136333 5581 4155 613 214 13714 16702 423 19730 424 5846 60335 280696 43814 14 2995 7 40876 734 234 40 16268 7986 2264 286 17252 111 4856 60 2308 322 204 1965 105 6215 749 782 14267
internal_value=-0.000862976 0.0139864 -0.0487425 0.016197 -0.0524421 -0.00172795 0.013087 -0.0212872 -0.0288321 0.0157472 -0.0529687 -0.0539492 0.00248291 0.010333 0.0197837 0.0143337 0.00845118 0.0236658 0.01353 0.0158228 0.0243028 0.0475177 -0.000483423 -0.00427806 0.00693176 -0.0112307 0.0123233 0.0235975 0.0370008 0.015022 0.014375 0.0175381 0.0168846 0.042334 0.0128599 0.0115281 -0.00930073 -0.00704026 -0.0215791 -0.00497346 0.00843512 0.0188619 0.00376371 0.0342111 0.12948 -0.03582 -0.0191232 0.00906531 0.0322885 0.00630919 0.0190485 0.0185228 0.0192111 0.0242245 0.0363197 0.0176526 0.054505 0.0299645 -0.00561338 0.0222735 0.00424232 0.0115581
internal_weight=1.45665e+07 1.11183e+07 3.44821e+06 9.7471e+06 2.90789e+06 1.37116e+06 5.22051e+06 48329 540326 13620.1 2.85956e+06 2.50175e+06 881176 2.15429e+06 4.52659e+06 689147 1.46514e+06 868560 669310 536795 848071 25005.9 607437 359718 1.1934e+06 11831.8 7629.99 823065 22809.2 3.06622e+06 2.7384e+06 886840 864065 22774.6 1.85156e+06 1.44892e+06 489980 397114 49425.9 347689 973742 3.65803e+06 44668.4 14929.1 3298.43 34708.9 17759.6 273739 17466.1 89685.7 3.61336e+06 3.28017e+06 2.9324e+06 333185 62351.5 402643 10054.3 211572 342992 11899 132514 71718.1
internal_count=9557188 1266848 8290340 485939 7413106 780909 429745 70430 877234 10589 7342676 6497666 361095 298688 56194 86494 212194 6641 84751 65228 6352 276 256563 160083 172825 20380 9736 6076 264 131057 117378 34291 33444 847 83087 66181 419814 334483 43828 290655 136340 49553 1020 286 52 59841 24254 104532 4515 40390 48533 45792 40936 2741 433 16906 2251 718 287660 6964 19523 31519
is_linear=0
shrinkage=0.05


Tree=33
num_leaves=63
num_cat=0
split_feature=27 16 16 2 27 23 27 21 16 27 2 14 16 16 16 13 11 13 22 16 28 12 2 13 12 14 10 10 28 25 28 14 28 2 21 12 19 9 28 16 17 21 11 17 10 14 14 14 22 23 12 20 28 9 13 27 28 2 14 20 20 14
split_gain=3.58327e+06 159700 146508 34903.5 32519.6 31518 26799.8 17922.9 16638.1 14475.2 13252.6 11907.4 11582.2 10674.3 10209 9004.18 8369.64 8336.75 8043.6 7675.21 6996.06 6343.86 8513.77 6267.49 6019.38 5640.49 5575.21 9581.23 6096.3 5810.25 6147.89 5310.75 5191.85 5214.19 5798.7 4953.56 9653.21 4826.77 4819.04 4817.08 4815.13 6199.43 10878.8 7382.68 4721.74 4666.38 4529.38 4492.62 8184.06 6473.66 5524.41 8066.82 4898.08 4480.54 8551.98 4829.63 4306.32 4238.58 4205.03 4204.62 4782.31 4147.04
threshold=1.0048722028732302 0.18751571141277026 2.0360549191648389 2.5000000000000004 0.21814115345478061 39.678571701049812 7.4506034851074228 2.5000000000000004 2.0360549191648389 1.0000000180025095e-35 10.500000000000002 17644.000000000004 0.23956605286441054 18.225343655862535 3.7960309146165141 -0.12940952255126037 -0.9330127018922193 -0.37940952255126015 722.85711669921886 44.361130253231039 1091.5000000000002 0.37940952255126054 11.500000000000002 0.60355339059327384 0.78656609248549325 17659.500000000004 -0.24999999999999994 -0.6830127018922193 1343.5000000000002 887.61215209960949 275.50000000000006 17644.000000000004 1179.5000000000002 11.500000000000002 1587.5000000000002 -0.60355339059327362 217.50000000000003 -0.56174490092936669 1289.5000000000002 0.073537795962170513 270.50000000000006 1262.5000000000002 0.6830127018922193 86.500000000000014 -0.24999999999999994 17666.500000000004 15855.500000000002 17637.500000000004 633.07144165039074 237.96427917480472 -0.25881904510252113 697.00000000000011 1343.5000000000002 -0.56174490092936669 0.37940952255126048 7.303321599960328 275.50000000000006 3.5000000000000004 17576.000000000004 1643.0000000000002 721.00000000000011 17599.000000000004
decision_type=2 2 2 2 2 2 2 2 2 2 2 2 2 2 2 2 2 2 2 2 2 2 2 2 2 2 2 2 2 2 2 2 2 2 2 2 2 2 2 2 2 2 2 2 2 2 2 2 2 2 2 2 2 2 2 2 2 2 2 2 2 2
left_child=1 4 6 8 -1 10 12 9 15 14 13 32 -2 46 -5 -3 47 45 26 -19 56 22 -13 44 58 -17 27 37 -29 30 -28 -9 33 -12 -35 36 -22 -18 -31 -6 41 43 -43 -20 -16 -10 -4 48 59 50 52 -52 -49 55 -55 -48 -15 -26 -8 60 -7 -14
right_child=2 3 5 7 39 16 24 31 17 -11 11 21 61 20 23 25 18 19 40 -21 35 -23 -24 -25 57 -27 29 28 -30 38 -32 -33 -34 34 -36 -37 -38 -39 -40 -41 -42 42 -44 -45 -46 -47 53 49 -50 -51 51 -53 -54 54 -56 -57 -58 -59 -60 -61 -62 -63
leaf_value=-0.053358085300251414 -0.017670113698681 -0.0023515847617072831 -0.0084060144668394992 -0.044618792494652025 -0.041256351728245419 0.015938732771007543 -0.004790434081555767 -0.0020494106230419897 0.043224952825919413 -0.020839045216653404 -0.012838464778700445 -0.0011417538389945851 -0.0071398440745458177 0.0027996031071843147 0.0074152766062814722 -0.036218545094994385 0.019398723307255887 -0.0079736814256388278 0.020125657069267288 0.062926795414807862 0.025344184495159947 0.021684929939841228 0.014553340160536247 -0.04198649219874083 0.0018128999270440136 0.015981270649598735 0.0032742487783687215 0.020504573620062094 0.055033336010840095 0.0063047456071046275 0.015782508626512395 0.054108708692645974 0.013736329296367984 0.0011750150916430835 0.20611233338478618 0.015791371122081715 0.10144908880115232 0.006047510500295717 -0.031566832953227236 -0.028919048608732241 0.01905869451517337 0.022227534877479572 0.073355316776530913 0.055827244728290482 -0.030262845063383698 -0.040626559254054923 0.025807723160847919 0.014479760957463957 -0.054047935863985208 0.034410959163131687 0.031315910797509373 -0.028792579780497887 0.074225439170743493 0.010747433374047646 -0.0033549168424224342 0.012923057355684629 0.015217642389122389 0.015293570108530117 0.0054310507363820957 -0.047476947113018211 0.0513188966025932 0.0016619425339523095
leaf_weight=2380504.5042116642 216368.12571296096 59268.61987760663 30041.654692351818 217032.36798051 243696.66078534722 129103.8165512085 154633.49313026667 12090.699931919575 24763.464872092009 161984.11937844753 114473.12151271105 156221.06381738186 396998.06044584513 77458.927254736423 20904.028973013163 48053.872073233128 104922.74668550491 31459.440303504467 121332.55744934082 4344.0783414840698 236148.33880668879 102494.99921777844 193334.04755163193 21377.479839920998 83286.240208268166 5799.489463031292 101612.67452526093 1107109.5609099865 12932.784774303436 74480.218806266785 2957453.2792038918 6458.5658228099346 43402.853177398443 133099.45700109005 345.9644775390625 184291.57109695673 4241.4421348571777 190794.5873093605 9467.5411376953125 117162.9581296742 286702.24474906921 22023.747808456421 19720.869621276855 16442.901092529297 13806.813445299864 1778.2138093709946 83612.861063927412 174261.44333028793 4122.6919555664062 140478.38096427917 136887.51677322388 5818.8674926757812 3499.3066220283508 1258286.8335760236 117545.9727717936 558782.08051729202 707416.462651968 194440.36308610439 288054.08444559574 2452.973762512207 10314.361231803894 201873.96299764514
leaf_count=6455811 259984 75349 8453 487809 551785 2657 62421 8277 7483 207399 17024 16215 279794 5269 8858 94665 2368 25557 557 1130 9660 7733 17742 35061 16819 5914 4058 22308 493 655 61533 982 6139 18436 3 10467 119 4437 108 208170 1103 75 47 55 11890 124 20561 3692 29 804 3006 74 116 150111 41734 54771 38156 38769 76953 12 81 105323
internal_value=-0.000838838 -0.0460239 0.012797 -0.0233047 -0.0512378 0.0150834 -0.00154585 -0.0306291 -0.00436812 -0.0326812 0.0116903 0.00566629 -0.00775508 0.0130649 -0.0397045 -0.0157983 0.0174941 0.0163712 0.0168242 0.00062876 0.0167893 0.0107464 0.00753897 -0.0206887 0.00548068 -0.030597 0.0161844 0.0187897 0.0209033 0.0150109 0.015367 0.0175039 -0.00221654 -0.00500942 0.00170652 0.0219589 0.026687 0.0107846 0.00203354 -0.0372507 0.0230796 0.0295012 0.0463814 0.0243866 -0.00757172 0.0376068 0.0108655 0.0230402 0.0153964 0.0254612 0.021538 0.0288649 0.015656 0.0111524 0.00954258 0.0146001 0.0139921 0.0112509 0.00186061 0.0174145 0.0185563 -0.00417284
internal_weight=1.45393e+07 3.37049e+06 1.11688e+07 629121 2.74136e+06 9.63313e+06 1.53565e+06 453654 175467 435105 4.0012e+06 743372 815240 3.25783e+06 273121 113122 5.63194e+06 62345.2 5.025e+06 35803.5 1.20956e+06 452050 349555 56088.3 720414 53853.4 4.55877e+06 1.41576e+06 1.12004e+06 3.14301e+06 3.05907e+06 18549.3 291321 247919 133445 424681 240390 295717 83947.8 360860 466222 179520 41744.6 137775 34710.8 26541.7 2.04827e+06 606939 145994 460946 320467 142706 177761 2.01823e+06 1.37583e+06 642395 784875 277727 442688 141871 139418 598872
internal_count=9557188 8186264 1370924 970498 7215766 530861 840063 760276 210222 751017 422593 83292 645101 339301 543618 175928 108268 34294 97797 26687 63671 41690 33957 55809 194962 100579 95960 29606 22801 66354 65591 9259 41602 35463 18439 20246 9779 6805 763 759955 1837 734 122 612 20748 7607 275630 10471 2779 7692 6888 3080 3808 267177 191845 75332 43425 55588 139374 2750 2738 385117
is_linear=0
shrinkage=0.05


Tree=34
num_leaves=63
num_cat=0
split_feature=27 16 16 2 27 23 27 21 16 27 2 16 16 16 14 0 13 2 9 16 13 28 16 13 0 13 2 13 2 13 27 2 2 13 0 26 20 0 10 2 2 0 13 22 0 21 16 22 18 14 0 2 13 0 13 14 9 14 18 2 22 25
split_gain=3.34117e+06 156950 133327 33214.9 29549.2 27810.6 25204.3 17296.3 16677.5 14736.6 13259.6 11612.8 10656.9 10338.5 10222.1 9257.97 9186.46 7907.54 7813.11 7292.95 6257.91 6257.65 6188.96 6023.82 5969.6 5865.31 24266.1 12838.1 22281.4 12410.7 11871 10546.4 21663.7 58833.6 15909.7 11541.7 7157.44 5791.43 11502.9 5851.94 5050.57 24598.2 19850.6 4908.17 4838.38 10987.8 5536.08 6107.84 4941.91 4647.78 4581.92 5918.25 15646.6 15908.4 8807.98 4573.72 4464.47 9450.86 5957.67 4458.76 4455.63 6050.97
threshold=0.94837215542793285 0.1667034259667696 2.0360549191648389 2.5000000000000004 1.0000000180025095e-35 56.285715103149421 7.4506034851074228 2.5000000000000004 1.0337748538011697 1.0000000180025095e-35 10.500000000000002 0.23956605286441054 3.7960309146165141 18.225343655862535 16866.500000000004 10.500000000000002 -0.37940952255126015 11.500000000000002 -0.56174490092936669 44.361130253231039 0.1294095225512602 275.50000000000006 0.046327154863595156 0.60355339059327384 8.5000000000000018 -0.5 2.5000000000000004 -0.78656609248549325 1.5000000000000002 -0.78656609248549325 240.26324462890628 2.5000000000000004 1.5000000000000002 -0.37940952255126015 17.500000000000004 469.56539916992193 842.50000000000011 18.500000000000004 0.68301270189221941 2.5000000000000004 2.5000000000000004 16.500000000000004 -0.5 16.642856597900394 18.500000000000004 644.00000000000011 44.361130253231039 101.7857131958008 328.50000000000006 17637.500000000004 18.500000000000004 2.5000000000000004 -0.37940952255126015 14.500000000000002 -0.5 17668.500000000004 -0.56174490092936669 17138.000000000004 1101.5000000000002 10.500000000000002 19.071428298950199 39.401472091674812
decision_type=2 2 2 2 2 2 2 2 2 2 2 2 2 2 2 2 2 2 2 2 2 2 2 2 2 2 2 2 2 2 2 2 2 2 2 2 2 2 2 2 2 2 2 2 2 2 2 2 2 2 2 2 2 2 2 2 2 2 2 2 2 2
left_child=1 4 6 8 -1 10 11 9 20 12 13 -2 -5 37 -12 -16 -10 18 -17 55 -3 -15 -6 -14 -8 26 27 60 36 43 -30 32 56 35 -35 -34 -29 40 -39 -40 41 -4 -42 -28 46 -46 48 -48 -33 -9 51 52 53 -13 -53 -18 57 -27 -58 -31 -7 -62
right_child=2 3 5 7 22 25 24 49 16 -11 14 50 23 21 15 17 19 -19 -20 -21 -22 -23 -24 -25 -26 31 29 28 30 59 -32 44 33 34 -36 -37 -38 38 39 -41 42 -43 -44 -45 45 -47 47 -49 -50 -51 -52 54 -54 -55 -56 -57 58 -59 -60 -61 61 -63
leaf_value=-0.053902052002076012 -0.017384068230510516 -0.0093617621298045257 0.019818098022005334 -0.044583149141292022 -0.045231362371589548 -0.0085457730505487505 0.010779800439651035 -0.0035929984446863186 0.030565881972308695 -0.020851340796547171 -0.0039094953156226745 0.0065444628499313458 -0.0072494956597249889 0.0030949404900395541 0.019133375683622705 0.011377000995329831 -0.012505667291293522 0.01138814452057027 -0.007797940836418351 0.057186590430920059 -0.035420616964505651 0.016599783573295425 -0.034007688448205751 -0.041419454891983766 0.0014973242148706078 -0.021053134349873964 0.00053623707748449371 0.0097302105261024008 0.035473294873158499 0.0028612403502331521 0.06742809893342526 0.018897822036890329 0.012735829924839327 -0.0067510557241776464 -0.040634600973705963 0.048135589430629774 0.080668731446556063 0.011310072933990943 -0.032769946658792931 -0.0034935767611872048 0.0045553749574797015 -0.0093175799342319308 0.016128371325362555 0.017038370789639195 0.010099273105858037 0.067743698024974902 0.030556077167185555 0.020732482269096124 0.010601860650309096 0.047433242844154809 -0.015802896664873684 -0.011417182282884266 -0.019061045892025633 0.058442925679181683 0.0030984085416346195 0.076123795330627408 0.019970133179459847 0.017554164246455624 0.042070940731096435 0.013455932679870436 0.09947057271116766 0.015943813371730679
leaf_weight=2076022.0324402153 221771.01176029444 59270.361387997866 480917.54367738962 223625.79707252979 283181.32881215215 18950.446292877197 287262.65654349327 11461.0921035707 34913.271169155836 164297.408536762 205621.25723922253 51403.525863975286 34481.013931125402 91104.643411278725 164583.5714238584 80965.712012648582 41979.703214883804 264953.17559358478 154493.14317286015 4536.6216742992401 37689.235220611095 1467153.0702950358 216917.30132189393 20606.301336050034 436226.82155841589 19194.296600341797 49271.383846759796 88068.134636878967 110576.30005645752 443945.27991437912 39428.074714660645 1029402.9256579876 42950.951095581055 96219.225389003754 54135.297899723053 49634.302675247192 3705.3039493560791 160229.00626400113 23137.585220426321 65078.502063453197 804949.56324714422 85289.880537867546 686562.74112978578 527097.74600505829 220450.20264148712 8588.8324356079102 183587.63072776794 1145683.4332485199 217437.37623310089 7308.1891358196735 72470.28262373805 238541.54366242886 35593.01584726572 20716.936161547899 185991.72971022129 1507.8142406046391 246800.89528369904 91017.472996711731 34792.237730026245 127921.95793533325 2197.9881429672241 160000.82865047455
leaf_count=5942833 274339 83164 44253 528640 722319 421 58762 8194 15681 221445 22079 30372 20748 5857 13601 7553 44515 27221 18236 1129 79256 68484 458452 35061 136200 341 1469 1311 1121 10899 285 18311 673 1816 1969 267 30 39245 8589 22567 107192 9475 56808 13427 5321 102 1829 7324 3263 1242 67100 164211 20144 10059 100884 729 3218 1274 160 2626 40 3052
internal_value=-0.000814375 -0.0457626 0.0119896 -0.0236369 -0.0512738 0.0141558 -0.00163175 -0.0307371 -0.00541115 -0.0327289 0.0114082 -0.00759719 -0.0397306 0.012664 0.00583369 0.00884636 0.0110493 0.00546299 -0.00120435 -0.00313899 -0.0194912 0.0158102 -0.0403631 -0.0200315 0.00518295 0.0167521 0.014221 0.0244597 0.0320001 0.0104498 0.0438726 0.0179082 0.0120881 0.00035746 -0.0189509 0.0317135 0.0125945 0.0105382 0.00332715 -0.0111724 0.0114088 0.0154293 0.00988258 0.0156277 0.0192252 0.012261 0.0198444 0.0220892 0.0174511 0.016275 -0.00400799 -0.00240199 0.0080652 0.0214527 -0.00505776 -0.00943239 0.0193618 0.0108303 0.0227008 0.0052312 0.0143954 0.0170758
internal_weight=1.45139e+07 3.2178e+06 1.12961e+07 641677 2.57612e+06 9.7461e+06 1.54998e+06 461780 179897 443011 4.73504e+06 826488 278713 3.86442e+06 870617 664996 82937.4 500412 235459 48024.1 96959.6 1.55826e+06 500099 55087.3 723489 5.01106e+06 1.57116e+06 422927 241778 1.14824e+06 150004 3.4399e+06 634745 242940 150355 92585.3 91773.4 2.30616e+06 248445 88216.1 2.05772e+06 566207 1.49151e+06 576369 2.80515e+06 229039 2.57611e+06 1.32927e+06 1.24684e+06 18769.3 604717 532247 107713 72120.5 424533 43487.5 391805 110212 281593 571867 181149 162199
internal_count=9557188 8163408 1393780 1039804 7123604 531709 862071 815330 224474 805894 451160 667109 584449 362470 88690 66611 62054 53010 25789 46373 162420 74341 1180771 55809 194962 80549 34681 6260 2747 28421 1406 45868 9718 4725 3785 940 1341 288129 70401 31156 217728 53728 164000 14896 36150 5423 30727 9153 21574 9436 392770 325670 60575 40431 265095 45244 4993 1615 3378 13525 3513 3092
is_linear=0
shrinkage=0.05


Tree=35
num_leaves=63
num_cat=0
split_feature=15 15 15 15 15 15 15 15 28 28 3 3 24 11 10 28 13 0 6 10 1 3 3 15 11 28 28 0 24 6 10 23 25 5 13 19 28 3 3 26 27 18 0 28 3 24 6 10 1 3 10 23 26 23 26 25 0 6 10 5 6 10
split_gain=3.40485e+06 130301 71838.1 32295.5 17516.3 8464.41 6406.94 5827.42 5437.05 10008.3 5935.45 6140.01 6448.79 5175.01 14224 7067.17 4848.99 5793.9 4833.86 7596.7 5391.33 4838.98 5233.83 4496.89 4441.04 4713.93 7699.49 4414.4 4122.53 4110.88 9108.34 5230.72 5972.63 5226.44 4118.63 4081.37 3998.46 3547.48 3587.88 3445.78 5126.93 3100.74 4013.75 9143.29 8147.16 5097.14 3090.32 4366.29 3650.24 3105.8 2872.28 4448.9 5856.33 3318.4 4231.32 3976.45 2810.91 2535.1 3494.38 2491.48 2454.97 3176.76
threshold=0.33359334373374944 3.3586690124818381 0.073451043641474034 42.617451917605557 0.83108756549255591 170.32598103701974 0.023629205440229065 0.14411645868622672 1214.5000000000002 1221.5000000000002 4.5000000000000009 1.5000000000000002 0.18333333730697635 0.6830127018922193 0.25000000000000011 1379.5000000000002 1.0000000180025095e-35 11.500000000000002 1.0000000180025095e-35 0.93301270189221952 2024.5000000000002 1.0000000180025095e-35 4.5000000000000009 22.091435574229696 -0.5 1452.5000000000002 1343.5000000000002 18.500000000000004 105.16666793823244 1.0000000180025095e-35 0.93301270189221952 110.57143020629884 185.21956634521487 1.0000000180025095e-35 -0.5 511.50000000000006 1343.5000000000002 2.5000000000000004 4.5000000000000009 5.2164676189422616 375.84513854980474 731.00000000000011 17.500000000000004 1185.5000000000002 3.5000000000000004 49.783332824707038 1.0000000180025095e-35 0.93301270189221952 2024.5000000000002 1.0000000180025095e-35 0.93301270189221952 126.35714340209962 352.06713867187506 140.28571319580081 469.56539916992193 392.76290893554693 8.5000000000000018 1.0000000180025095e-35 0.93301270189221952 1.0000000180025095e-35 1.0000000180025095e-35 0.93301270189221952
decision_type=2 2 2 2 2 2 2 2 2 2 2 2 2 2 2 2 2 2 2 2 2 2 2 2 2 2 2 2 2 2 2 2 2 2 2 2 2 2 2 2 2 2 2 2 2 2 2 2 2 2 2 2 2 2 2 2 2 2 2 2 2 2
left_child=2 4 6 8 46 41 13 -4 23 10 11 35 -13 -1 -15 36 17 -12 19 20 56 -22 -23 60 25 26 -11 29 39 30 33 32 -31 -7 -33 -10 59 -26 -39 40 -25 50 -43 45 -45 -44 47 48 -2 -50 53 52 -52 54 -5 -55 -6 58 -9 -16 61 -3
right_child=1 3 7 5 18 27 -8 57 9 24 16 12 -14 14 15 -17 -18 -19 -20 -21 21 22 -24 28 37 -27 -28 -29 -30 31 -32 34 -34 -35 -36 -37 -38 38 -40 -41 -42 42 43 44 -46 -47 -48 -49 49 -51 51 -53 -54 55 -56 -57 -58 -59 -60 -61 -62 -63
leaf_value=-0.054669020296250537 -0.021947196639967827 0.0077504047897620915 -0.036440125833141566 0.013797736354675825 0.005223242794562411 0.017015513626538241 -0.045578104561687975 -0.023377459367366807 0.047818629665042148 0.014938076997670711 0.023179546610340246 0.22722534012576223 0.0044788587899584412 -0.055044685647624769 -0.033676812031529377 -0.051511386617904713 0.011439607498468986 0.10943269706144997 -0.011106574089704301 0.050867204932419002 -0.0083102684839095782 0.0079167268167849147 -0.0025883228429048506 0.018380991639905423 0.0023878980204292736 0.0014269456128870501 0.038267517313859023 0.002269148009874582 -0.012982430091184174 0.030280877471203206 -0.022829561458148795 0.0029469255514800409 0.076438554663434591 0.028615174168351784 0.022983841412088511 0.21593743902746898 -0.00091705584726171603 0.018658388381582972 0.0054313682250347788 0.010604760084875504 0.17190523884469333 0.00033846082871523338 0.10922396268273804 0.10178991261472284 0.012215351369169923 -0.0095584070491732467 -0.026448836781387805 0.045006631544764059 -0.022953834832337962 -0.0069937435602947743 0.013142274590683067 0.0015770773079324112 0.15272647386602128 0.019717575126596085 0.057943849848707242 0.010495389517953202 -0.010657539207055367 -0.038971185632317759 0.043465308228278855 -0.055550498076154253 0.0020942617687593015 0.031324560690554011
leaf_weight=1517214.3462351263 70643.072702288628 1792537.4666526318 185353.84063243866 2741257.6586737633 35529.457846283913 2158215.9561443329 329743.21004235744 208185.87659990788 12193.332617044449 138788.41504716873 2763.928617477417 330.31228089332581 19607.465850114822 416470.50703126192 140541.39086216688 86604.989793002605 3060.9086110591888 6588.7845182418823 86905.065634489059 7657.9138518571854 83275.678433358669 378003.50606656075 172752.91345214844 139118.24010562897 138351.65673100948 37381.117974162102 47461.480826854706 45704.739036560059 17285.345522880554 67528.853477478027 14060.934638977051 31587.880149841309 7820.1472053527832 101684.95219421387 136371.55628585815 371.94971084594727 8726.4922082424164 114324.00019741058 92957.270271897316 1015446.9418077469 545.84937858581543 83104.344099998474 965.82314395904541 5396.0162363052368 4793.8368802070618 13898.306262016296 37324.779076933861 3409.8937430381775 35218.143005549908 226680.37492746115 268664.3263502121 109413.71919631958 753.452880859375 547760.23594665527 5438.6434993743896 148600.50644922256 129142.01283377409 27204.354016304016 1973.6435322165489 14348.398491919041 199549.39374828339 14405.552224636078
leaf_count=4558738 79915 271604 413455 71675 20233 15496 883400 343487 746 12757 166 16 1132 1248069 361137 252041 332 269 47331 3220 42644 181385 86970 8022 16101 4673 5271 408 789 636 128 286 62 681 850 9 14515 10721 10716 54110 11 1604 23 60 67 275 40979 2798 37945 237162 7193 2492 13 8498 78 2336 74059 43407 2816 38374 30664 2138
internal_value=-0.000790797 0.011429 -0.0488675 0.0132923 -0.00370376 0.0154337 -0.0520747 -0.0297967 0.00962674 0.0139335 0.0366559 0.0254229 0.00817051 -0.0530556 -0.0493837 -0.0399615 0.0660668 0.0839441 9.73081e-05 0.00130481 0.000829593 0.00292313 0.00462165 0.00879465 0.0121406 0.0176309 0.0208831 0.0176692 0.0112549 0.0179488 0.0172878 0.024126 0.0350715 0.0175374 0.0192156 0.0527973 -0.0338479 0.00858821 0.0127266 0.0116176 0.0189812 0.0139758 0.00562714 0.0231695 0.0596504 -0.00183929 -0.0127999 -0.0112834 -0.0118607 -0.00913996 0.0142121 0.0100797 0.0135327 0.0146667 0.0138852 0.0177496 -0.00723108 -0.0246089 -0.0227497 -0.0357032 0.00735715 0.00793835
internal_weight=1.4489e+07 1.15526e+07 2.93637e+06 1.02861e+07 1.26654e+06 6.49302e+06 2.51365e+06 422718 3.79307e+06 614181 44916.7 32503.1 19937.8 2.18391e+06 666692 250221 12413.6 9352.71 893267 806361 798704 634032 550756 3.17889e+06 569264 223631 186250 2.56298e+06 1.1724e+06 2.51727e+06 2.27396e+06 243308 75349 2.2599e+06 167959 12565.3 163616 345633 207281 1.15511e+06 139664 3.93005e+06 108158 25054 10189.9 14864.1 373276 335951 332542 261899 3.82189e+06 378831 269418 3.44306e+06 2.7467e+06 696361 164671 237364 210160 154890 2.00649e+06 1.80694e+06
internal_count=9557188 1397749 8159439 543108 854641 112861 7356274 803165 430247 62909 2670 1903 1148 6472874 1914136 666067 767 435 455842 408511 405291 310999 268355 367338 60239 22701 18028 18547 62932 18139 16305 1834 698 16177 1136 755 414026 37538 21437 62143 8033 94314 2029 425 127 298 398799 357820 355022 275107 92285 9698 7206 82587 71753 10834 94292 389710 346303 399511 304406 273742
is_linear=0
shrinkage=0.05


Tree=36
num_leaves=63
num_cat=0
split_feature=15 15 15 15 16 2 15 15 2 16 15 15 23 28 10 5 27 19 28 11 20 26 13 6 10 2 16 13 2 28 11 2 13 2 13 0 0 11 2 2 17 10 23 24 28 3 0 10 24 28 20 20 11 18 2 16 11 13 21 17 13 0
split_gain=3.18656e+06 122677 65281.1 28293.8 21028.3 30185.2 18099 7717.9 6352.07 16478.6 6963.74 6320.63 5322.48 5083.94 5054.12 4840.44 4546.24 4448.28 5567.52 8797.03 8924.29 5625.45 4439.48 4398.2 6589.22 4880.88 5171.16 7857.22 4272.21 4223.51 4508.16 4042.34 19705.6 25260.1 17511.8 14452.3 10095.6 4509.73 3982.43 6374.93 8564.9 5384.79 6748.81 5646.4 5240.28 3883.32 3802.78 3757.77 4020.51 4077.25 3887.88 3627.93 3532.85 6646.44 3473.86 11973.4 6757.49 5991.93 5117.01 6308.38 3860.51 6760.58
threshold=0.3075487385720051 3.3586690124818381 0.062550160513643677 77.354074074074092 1.3587712540683599 1.5000000000000002 0.83108756549255591 25.694882730031036 1.5000000000000002 0.11290946286455607 0.021294035577258463 0.14411645868622672 0.96428570151329052 1214.5000000000002 0.68301270189221941 1.0000000180025095e-35 1.0000000180025095e-35 1695.5000000000002 316.50000000000006 -0.68301270189221952 184.50000000000003 675.42425537109386 0.25881904510252057 1.0000000180025095e-35 0.93301270189221952 9.0000000000000018 9.1647244062901176 -0.12940952255126037 11.500000000000002 1452.5000000000002 -0.5 2.5000000000000004 -0.37940952255126015 1.5000000000000002 -0.5 13.500000000000002 13.500000000000002 -0.5 5.5000000000000009 4.5000000000000009 3001.0000000000005 -0.6830127018922193 65.321426391601577 58.416667938232429 275.50000000000006 1.0000000180025095e-35 8.5000000000000018 0.93301270189221952 5.5166666507720956 452.50000000000006 943.50000000000011 237.50000000000003 -0.5 875.00000000000011 2.5000000000000004 9.1647244062901176 -0.5 0.78656609248549303 1.0000000180025095e-35 1.5000000000000002 -0.5 14.500000000000002
decision_type=2 2 2 2 2 2 2 2 2 2 2 2 2 2 2 2 2 2 2 2 2 2 2 2 2 2 2 2 2 2 2 2 2 2 2 2 2 2 2 2 2 2 2 2 2 2 2 2 2 2 2 2 2 2 2 2 2 2 2 2 2 2
left_child=2 6 4 7 8 15 54 13 9 -1 -10 -4 14 31 -9 22 -15 28 19 -19 21 -21 46 24 25 26 45 -28 38 30 -18 32 35 -34 36 -3 -33 -36 39 44 -41 43 -43 -40 -5 -8 -6 48 49 -14 -50 -20 53 -53 55 58 -56 -57 60 -60 61 -2
right_child=1 3 11 17 5 -7 23 12 10 -11 -12 -13 47 16 -16 -17 29 18 51 20 -22 -23 -24 -25 -26 -27 27 -29 -30 -31 -32 34 33 -35 37 -37 -38 -39 41 40 -42 42 -44 -45 -46 -47 -48 -49 50 -51 -52 52 -54 -55 56 57 -58 -59 59 -61 -62 -63
leaf_value=-0.050834513928074435 -0.01302663219211858 0.01053725127672062 -0.036707435845892415 -0.010017440033452715 0.12357858834160594 -0.047614354072792742 -0.0088093796666707698 0.011620973673955669 -0.054936277562676009 -0.014906000021145383 -0.046170137326259873 -0.024545759335017795 0.013394508692591501 0.063853258920442246 0.025945175370162291 -0.055549560695278236 0.021376863203310521 -0.013224790294831305 0.013293228916035195 0.12349700484754163 -0.014276562532109857 0.05594548455239582 0.0070572409204789138 -0.010650273128226088 0.046559355573213099 -0.0069123811286981932 0.069253221605941662 0.010191872925473473 0.010523370800156679 0.0018522072944334212 0.010211740087060609 0.005178209362262343 0.013792653444797159 -0.024829819956440981 0.014196687615424183 0.033005285738483298 -0.0061149051428777161 0.007219046895092094 0.035812257005212941 0.0084286829688510999 0.11017736352163138 0.010483540463941076 0.019889300239875125 0.0083322360012167088 0.015729117215599355 0.0031626660281912273 0.040653449416458015 0.0057355113460005403 0.012391688338967059 -0.0089458241542946428 -0.018527833286906315 0.033940670969325744 0.031305485733087793 -0.0095709753959307437 -0.0077274649241354677 0.15440896986844263 -0.022383837753385406 0.013800738134720237 0.010250178357286281 0.13860588748475677 -0.022565270124111039 0.034029797113688372
leaf_weight=207302.43134027719 26761.852927744389 192729.84098112583 222705.9110750258 19981.729840278625 1652.6800956428051 45863.168344885111 77942.628660798073 121098.16161394119 1783986.2565002441 37721.807825386524 259520.08806580305 205348.5055886507 36901.677222251892 4346.0037515163422 125300.67787075043 1760.5974456369877 150205.96268868446 5811.474235534668 129760.92171478271 3804.6339511871338 3857.2716941833496 16230.673715591431 9860.4668327271938 86117.580362319946 7940.4826538562775 163696.51679855585 6763.7304618358612 33631.300377607346 486730.27711963654 77658.643044710159 227109.85152840614 513268.73422467709 102480.80858111382 72132.075284838676 476500.6737473011 113854.14943623543 322083.44353246689 450499.41738939285 20331.593524932861 462076.52415084839 2077.4667663574219 225098.1449098587 1248561.5525512695 231941.49053955078 1804331.1268539429 517133.1376439333 8458.9933229386806 279162.37559318542 2295190.6843214035 45736.178503513336 10211.896531105042 17624.123039245605 79827.584754943848 17481.771339416504 155645.7618573308 1738.1337997317314 158973.20503205061 1343.3267794847488 4226.0493977665901 1237.5307896137238 35828.893734753132 10678.375328958035
leaf_count=633140 28517 24857 525613 470 934 111523 40805 5785 5654384 85410 741620 351065 1765 776 4774 1815 16165 33 577 26 24 79 10744 47331 3220 94292 2156 11918 5849 11256 26882 78082 13954 12860 60586 11859 50198 66496 455 6020 4 4449 12995 2819 22095 256120 4546 11163 86719 2439 298 51 197 51 168006 640 182631 849 4430 904 41445 10022
internal_value=-0.000766942 0.0106897 -0.0488357 0.0124947 -0.052099 -0.0246141 -0.00385529 0.010089 -0.0529108 -0.0453033 -0.053823 -0.0308732 0.0118742 0.00816459 0.0189053 0.0239236 0.0129572 0.0153241 0.0215046 0.0419463 0.055366 0.0687741 0.0309298 9.07664e-05 0.00123683 0.000786498 0.00276973 0.0200814 0.0149473 0.012471 0.0146565 0.0071834 0.0112451 -0.00216215 0.00607439 0.0188811 0.000823962 0.0108057 0.0154836 0.014116 0.00888413 0.0172971 0.0184526 0.010547 0.0154471 0.00159457 0.0542085 0.0112246 0.0118663 0.00103013 0.0122547 0.0190231 0.0254921 0.012273 -0.0127464 -0.00356786 -0.0151332 0.0931165 -0.00735209 0.0393264 -0.010833 0.000394314
internal_weight=1.44658e+07 1.16817e+07 2.78418e+06 1.0392e+07 2.35613e+06 67595.9 1.28966e+06 5.61647e+06 2.28853e+06 245024 2.04351e+06 428054 2.9136e+06 2.70287e+06 246399 21732.7 459320 4.77553e+06 274398 29704.1 23892.6 20035.3 19972.1 893225 807108 799167 635471 40395 4.50113e+06 454974 377316 2.24355e+06 481197 174613 1.76235e+06 306584 835352 927000 4.0144e+06 2.28847e+06 464154 1.72593e+06 1.47366e+06 252273 1.82431e+06 595076 10111.7 2.6672e+06 2.38804e+06 82637.9 2.3054e+06 244694 114933 35105.9 396433 81814.2 314619 3081.46 78732.7 5463.58 73269.1 37440.2
internal_count=9557188 1436394 8120794 543108 7244116 129562 893286 486914 7114554 718550 6396004 876678 112943 373971 10559 18039 55079 56194 1038 162 129 105 16224 455842 408511 405291 310999 14074 55156 54303 43047 318892 63530 26814 255362 36716 128280 127082 49307 28589 6024 20718 17444 3274 22565 296925 5480 102384 91221 4204 87017 876 299 102 437444 86807 350637 1489 85318 5334 79984 38539
is_linear=0
shrinkage=0.05


Tree=37
num_leaves=63
num_cat=0
split_feature=15 15 15 15 14 2 15 2 14 15 9 12 3 12 14 0 9 14 14 28 24 28 28 14 20 18 2 23 28 17 2 15 11 2 12 12 24 0 3 15 28 9 14 20 5 27 9 12 0 3 2 14 21 2 2 11 12 9 28 21 17 0
split_gain=2.98491e+06 121992 52191.4 29912.5 20301.5 29087.9 13991.9 8726.92 21118.1 8282.44 6632.62 7182.84 10570.3 7160.01 6223.72 5789.9 5536.97 10419.6 15604.6 12890.3 8522.67 5718.11 6156.78 6645.15 5711.15 6462.39 5480.99 8703.94 6237.12 5412.25 10627.2 5365.95 5218.37 7721.08 25714.2 6528.3 6425.55 5650.2 5196.55 4905.89 4839.28 4746.75 4512.3 4488.1 4317.69 4227.46 4119.69 15816.8 10812.4 8037.17 6792.52 4984.2 4838.31 3962.17 3939.26 7258.3 5927.86 4650.18 3877.21 3809.61 4809.67 4212.15
threshold=0.25998102466793177 2.3183560744661542 0.052496719160104989 30.748346223065329 17649.500000000004 1.5000000000000002 0.83108756549255591 1.5000000000000002 15749.500000000002 170.32598103701974 -0.56174490092936669 0.60355339059327384 3.5000000000000004 0.91597561503675362 17602.500000000004 17.500000000000004 -0.56174490092936669 16205.000000000002 17664.500000000004 1091.5000000000002 28.666666984558109 1091.5000000000002 1063.5000000000002 16205.000000000002 975.50000000000011 787.00000000000011 1.5000000000000002 96.321426391601577 1289.5000000000002 7.5000000000000009 1.5000000000000002 0.12994972498071136 -0.68301270189221952 2.5000000000000004 -0.9159756150367534 -0.9159756150367534 60.600000381469734 16.500000000000004 3.5000000000000004 0.021294035577258463 452.50000000000006 -0.56174490092936669 15973.000000000002 697.00000000000011 1.0000000180025095e-35 55.302719116210945 -0.56174490092936669 0.91597561503675362 8.5000000000000018 3.5000000000000004 2.5000000000000004 17668.500000000004 1188.0000000000002 5.5000000000000009 2.5000000000000004 -0.5 -0.9159756150367534 -1.0000000180025095e-35 664.50000000000011 1.5000000000000002 1.5000000000000002 14.500000000000002
decision_type=2 2 2 2 2 2 2 2 2 2 2 2 2 2 2 2 2 2 2 2 2 2 2 2 2 2 2 2 2 2 2 2 2 2 2 2 2 2 2 2 2 2 2 2 2 2 2 2 2 2 2 2 2 2 2 2 2 2 2 2 2 2
left_child=2 6 4 10 7 44 54 8 -1 42 11 12 29 32 -10 40 17 24 19 -19 -20 22 23 -18 25 -11 27 -23 -28 -3 -31 -4 36 34 -34 -35 37 -12 -13 -9 -14 -8 -5 -38 -6 -15 47 51 52 -49 -50 -44 -48 -47 56 -56 -2 59 -55 61 -61 -58
right_child=1 3 31 9 5 -7 41 39 14 16 13 38 15 45 -16 -17 21 18 20 -21 -22 26 -24 -25 -26 -27 28 -29 -30 30 -32 -33 33 35 -36 -37 43 -39 -40 -41 -42 -43 46 -45 -46 53 48 49 50 -51 -52 -53 -54 58 55 -57 57 -59 -60 60 -62 -63
leaf_value=-0.053229768002904659 -0.032639338982409387 0.0045386343180887035 -0.037700869799849872 -0.028845757832430874 0.051700433253049086 -0.053652354937825053 0.0052305253529852224 -0.054728868101851492 -0.02707292650856338 0.0067777493918128109 0.0045920102891889502 0.010137078864902282 0.0050344483665015604 0.011813450589561495 0.013691623326777673 0.026276935774700885 0.023393634511983855 0.028161848717907223 0.071202459848319563 -5.901019817085339e-05 0.0047780186982681536 0.079273195765864168 -0.0044058016189563592 0.013169816958426686 -0.039642279901750475 -0.038699375937596626 0.01988424784512827 0.026279421116552976 0.0059623398621965005 0.060572476955827952 0.010743543410559341 -0.026196190276310451 -0.01571072307567967 0.0078928054074081638 0.014729304996411424 -0.0015755389990048793 0.041121360012624085 0.013917733848557238 -0.0062459988163094107 -0.046690080348958593 0.018445681985113701 -0.0042725720009645024 0.014125610888509901 0.20731955488025317 -0.055545160705741115 0.010247202017118812 0.017268329170249574 0.0088940375643077989 0.014229161131117841 -0.019279033184916 0.0083359061707322137 0.021360277013741182 -0.043853394056194733 0.074930926960365171 -0.008164366533435009 -0.022560943693038907 -0.0031852800950332469 -0.013363550289534662 0.02980622321294777 0.025634398138437348 0.15717000793225044 0.030259635284425115
leaf_weight=170069.64005157351 14911.643056333065 354711.83568298817 238184.74915295839 6727.9554800987244 12378.931191712618 18075.585457831621 188988.73262447119 1716372.6814403832 58628.236518353224 48395.898630142212 420573.11615657806 98886.063027977943 98508.379513263702 145941.74845969677 11142.510808885098 145567.42141449451 196357.12463378906 208713.17918395996 4910.4667091369629 50194.199756622314 290872.52019500732 8464.4287796020508 42025.422512054443 833978.15215301514 11156.232034683228 9315.2479362487793 743426.22338867188 91590.751258850098 90213.767105102539 12921.012742042542 62260.581622362137 176437.09945568442 85859.867326617241 246738.31963300705 361412.78799378872 694393.76975214481 9895.2480511665344 264610.19477891922 94807.797502160072 213403.39910969138 212081.45673406124 431246.81552457809 1053062.3299098015 423.52616024017334 1015.3571685254574 14041.919842243195 643037.65432929993 52421.557704925537 643945.52056598663 48955.775832176208 2031375.5914163589 307613.74080467224 3253.9881134033203 7010.8245146274567 173363.68683898449 176874.79237490892 28878.722832798958 30452.543337464333 14831.395373821259 2495.7245676517487 963.18531680107117 13967.189119637012
leaf_count=544399 17834 48786 602548 554 8899 50803 103561 5696771 150440 629 66627 14694 13746 25485 20104 16722 1347 1449 50 504 2512 66 439 6246 130 102 3864 421 788 1115 6447 331091 15398 37825 47358 117561 468 35431 14695 640518 25891 254808 28241 12 957 1153 15148 1457 15197 1453 62386 6687 58 447 195853 214327 32618 34312 992 2517 594 13653
internal_value=-0.000743854 0.00994541 -0.0490783 0.0115404 -0.0521436 -0.0122722 -0.00622094 -0.052722 -0.0437268 0.0133101 0.00761529 0.0108403 0.012747 0.00607841 -0.0205627 0.0180486 0.0155648 0.0114496 0.013727 0.0226907 0.00588081 0.016844 0.0143531 0.0151182 -0.0068936 -0.000562753 0.0197049 0.0307627 0.0183777 0.00712149 0.0193075 -0.0328052 0.00524815 0.00347726 0.00888593 0.000906789 0.0087833 0.00819351 0.00211799 -0.0538399 0.0141921 -0.00137692 0.0120725 0.0479453 0.0435699 0.015594 0.01213 0.0143417 0.0111565 -0.00471088 0.00975441 0.0157612 0.0169606 0.0309692 -0.0130197 -0.0154348 -0.00379215 0.00181195 0.0442907 0.0117923 0.0622674 0.00771724
internal_weight=1.44433e+07 1.18276e+07 2.61571e+06 1.07655e+07 2.20109e+06 31469.9 1.06214e+06 2.16962e+06 239840 7.42001e+06 3.34548e+06 1.07974e+06 886051 2.26573e+06 69770.7 456157 2.62961e+06 623558 554690 258907 295783 2.00606e+06 1.07236e+06 1.03034e+06 68867.4 57711.1 933695 100055 833640 429893 75181.6 414622 2.08391e+06 1.3884e+06 447273 941132 695502 685183 193694 1.92978e+06 310590 620236 4.79039e+06 10318.8 13394.3 181826 4.78367e+06 1.46205e+06 3.32161e+06 101377 2.67532e+06 1.36068e+06 646292 35884.1 441907 350238 91669 76757.4 21842.2 46304.8 3458.91 42845.9
internal_count=9557188 1510658 8046530 640581 7112891 60659 870077 7052232 714943 149728 490853 142096 112707 348757 170544 56359 18547 5376 4515 1953 2562 13171 8032 7593 861 731 5139 487 4652 56348 7562 933639 320680 218142 62756 155386 102538 102058 29389 6337289 39637 358369 131181 480 9856 28077 130627 37838 92789 2910 77583 34928 15206 2592 511708 410180 101528 83694 1439 49382 3111 46271
is_linear=0
shrinkage=0.05


Tree=38
num_leaves=63
num_cat=0
split_feature=15 15 15 15 16 15 10 15 9 13 13 14 15 14 9 15 9 14 14 28 28 10 19 24 10 15 28 13 28 22 10 10 14 16 15 10 10 20 9 10 23 27 23 27 18 16 3 21 17 16 25 22 23 26 26 27 20 16 13 10 28 23
split_gain=2.79808e+06 111823 50234.7 23682.6 22910.9 16815.8 12471.8 11831.1 7147.48 6839.27 6480.65 6307.07 5786.25 5398.99 5283.7 5072.98 4828.21 9276.4 13625 11185.1 7494.65 7198.69 15360.9 6101.68 5190.05 4690.44 4332.37 6160.58 5502.62 4174.15 7739.04 5599.86 3891.28 4320.72 4480.21 3887.2 5521.69 3775.03 7040.61 3956 3745.81 5399.14 4795.08 3549.55 8597.9 3419.16 4353.99 3626.37 3379.4 3334.09 3063.96 5065.97 8225.33 3846.39 3693.81 9821.47 4124.02 3057.28 2944.52 2934.58 2874.18 2825.92
threshold=0.25019685039370082 2.8607465394573222 0.052496719160104989 42.617451917605557 1.3587712540683599 0.83108756549255591 0.25000000000000011 0.0018850158121024769 -0.56174490092936669 0.98296291314453421 0.25881904510252057 17651.500000000004 170.32598103701974 15910.000000000002 -0.56174490092936669 0.021294035577258463 -0.56174490092936669 16205.000000000002 17664.500000000004 1091.5000000000002 400.50000000000006 -0.5 1695.5000000000002 319.09999084472662 -0.6830127018922193 0.12994972498071136 1091.5000000000002 -0.60355339059327384 1063.5000000000002 1.0000000180025095e-35 -0.24999999999999994 -0.5 17666.500000000004 3.0312152004454345 22.091435574229696 0.25000000000000011 0.68301270189221941 7.5000000000000009 1.0000000180025095e-35 -0.6830127018922193 1.0000000180025095e-35 375.84513854980474 1.1785714626312258 274.26823425292974 1002.5000000000001 1.5826713824277752 3.5000000000000004 2.5000000000000004 2.5000000000000004 3.380504339404776 296.59457397460943 181.14286041259768 78.607143402099624 406.98890686035162 193.15489196777347 240.26324462890628 1301.5000000000002 0.79806520572697415 0.60355339059327384 0.93301270189221952 1191.5000000000002 0.60714286565780651
decision_type=2 2 2 2 2 2 2 2 2 2 2 2 2 2 2 2 2 2 2 2 2 2 2 2 2 2 2 2 2 2 2 2 2 2 2 2 2 2 2 2 2 2 2 2 2 2 2 2 2 2 2 2 2 2 2 2 2 2 2 2 2 2
left_child=2 5 4 8 11 -2 -6 10 9 13 -8 15 49 -3 45 -1 17 21 19 -19 -20 22 -14 -23 -18 -4 28 -28 -26 30 37 -31 40 34 -34 -13 -37 39 -39 -16 41 59 -42 44 -15 -7 47 -47 -49 57 54 52 -52 -53 55 -51 -56 -5 -45 -10 -44 -33
right_child=1 3 25 12 6 14 7 -9 32 -11 -12 35 16 43 29 -17 24 18 20 -21 -22 23 -24 -25 26 -27 27 -29 -30 31 -32 61 33 -35 -36 36 -38 38 -40 -41 42 -43 60 58 -46 46 -48 48 -50 50 51 53 -54 -55 56 -57 -58 -59 -60 -61 -62 -63
leaf_value=-0.053994832233317663 -0.012684051612540388 -0.008035186342015898 -0.037037748420158757 -0.030967327029453234 -0.052997569712064346 0.0017840074624648772 0.03397341391373581 -0.048071047233619074 0.009183136366305255 0.034035168573999915 -0.013467921498930703 -0.053914155935361287 -0.00055635431839069066 0.011110070787583077 0.038047738917392653 -0.045916014461412052 0.0047435000828824894 0.026179123824734502 -0.018488066471541411 -5.6062280520980325e-05 0.008181854264357788 0.00066172006168933937 0.13171059263020796 -0.032870473956226796 0.014887049577668624 -0.025914812475482385 0.01075864108991677 0.02100122977804111 -0.0040591036487827642 -0.022482087597245945 -0.0035484393510777515 -0.015678650809036333 0.02446384046002769 0.010435263537449758 0.091561756255832571 0.025043014297421996 -0.054750490609548758 -0.022480005413159226 0.096663339894986641 0.0058480250537797139 -0.0041009697267879817 0.16680674294339543 0.0047279226693619433 -0.034731061669350916 0.24384404270665772 -0.00273306711815525 0.026333084969781269 -0.0049612266036422577 0.12814180351358351 0.012047694448367834 0.019333974354162207 0.015560925841211283 -0.0065250555272228297 0.0058226610904219432 0.014786062328633992 0.0011472000667715782 0.051202511870324541 0.024962344303614912 0.069795763824001933 0.026467072046141273 0.0095042453268153731 -0.00163610285008944
leaf_weight=1805492.4367252886 448672.77464339137 38498.839859247208 230522.82054051757 2541.842945098877 21295.963449507952 167986.65238773823 15166.853036493063 11741.746474534273 273268.15185451508 31371.702913045883 13701.340367257595 5660.3215050399303 11085.919567108154 1224940.5935465097 12355.815450131893 217766.4933667779 101040.19301986694 213174.97262191772 29214.172752380371 50191.82986831665 267913.9778213501 29500.977933883667 2736.9231567382812 25116.133834838867 990485.57501602173 160966.92150464654 184668.34764099121 716061.60578155518 39865.71785736084 50180.643524646759 180641.72952085733 43614.757680535316 13878.366805791855 268757.03163838387 3031.2576475143433 6447.8722214102745 3266.2871549129486 1870.5697516202927 3677.517697095871 41839.383852720261 133773.19883346558 555.07548141479492 1578047.6297796965 6500.6672987937927 396.86861610412598 30633.351291835308 38215.038407802582 869.70793032646179 1055.4619740247726 2485396.9211764336 41954.643319129944 214198.84269952774 115162.99253559113 192551.15953302383 704167.40291690826 225384.95732831955 7861.1941146850586 62974.639612674713 751.53318214416504 26983.832521438599 393513.46150779724 200643.22690623999
leaf_count=6266983 529957 7374 602548 75 61979 92802 10318 31052 42610 3035 20667 18981 138 125298 6037 684123 732 1449 381 504 2181 429 8 286 7177 312842 1487 3358 417 30251 103107 28406 1633 17554 110 8638 10150 891 1356 24309 30433 12 193648 283 6 12833 14104 339 237 65015 959 3666 2332 3183 13166 4398 115 1405 24 3751 44104 101542
internal_value=-0.000721171 0.00934469 -0.0489082 0.0109802 -0.0519729 -0.00498323 -0.0220067 -0.00575472 0.00793169 0.0109724 0.0114568 -0.0528829 0.012794 0.0104031 -0.000516807 -0.0531253 0.0146055 0.0107771 0.012899 0.0211793 0.0055596 -0.00660036 0.0256329 -0.0147583 0.0157903 -0.0324644 0.0163683 0.0189013 0.014154 -0.00327778 0.00161089 -0.00726899 0.00646043 0.0119777 0.0364927 -0.0209786 -0.00178651 0.0172109 0.0564929 0.0131893 0.0058054 0.0110245 0.00505969 0.010979 0.0111855 0.00566776 0.0148861 0.00145009 0.0680119 0.0116045 0.0114206 0.00800543 0.000379978 0.0109509 0.0119832 0.0111414 0.0151881 0.0227923 -0.0238976 0.0107365 0.00568126 -0.00414357
internal_weight=1.44218e+07 1.19298e+07 2.49203e+06 1.07075e+07 2.10054e+06 1.22226e+06 61905.9 40609.9 3.99427e+06 1.30246e+06 28868.2 2.03863e+06 6.71325e+06 1.27109e+06 773584 2.02326e+06 2.66106e+06 628935 560495 263367 297128 68440 13822.8 54617.1 2.03212e+06 391490 1.93108e+06 900730 1.03035e+06 534824 240385 294439 2.69181e+06 285667 16909.6 15374.5 9714.16 59743.3 5548.09 54195.2 2.40614e+06 300807 2.10533e+06 1.23259e+06 1.22534e+06 238760 70773.6 32558.5 1925.17 4.05219e+06 3.98668e+06 563868 157118 406750 3.42281e+06 2.71078e+06 712029 65516.5 7252.2 300252 1.97156e+06 244258
internal_count=9557188 1528907 8028281 582736 7112891 946171 124016 62037 469875 136020 30985 6988875 112861 132985 416214 6951106 18547 5376 4515 1953 2562 861 146 715 13171 915390 12439 4845 7594 295899 135700 160199 333855 19297 1743 37769 18788 32593 2247 30346 314558 46373 268185 125611 125304 120315 27513 13409 576 94314 92834 10140 3291 6849 82694 69413 13281 1480 307 46361 237752 129948
is_linear=0
shrinkage=0.05


Tree=39
num_leaves=63
num_cat=0
split_feature=15 15 15 15 16 2 15 16 2 14 13 9 12 15 12 8 13 2 14 12 2 15 3 5 11 13 2 13 10 8 11 24 26 14 22 8 14 18 9 11 26 11 13 10 13 12 28 2 19 19 14 14 18 13 24 17 22 28 24 19 2 6
split_gain=2.62346e+06 100018 51474.4 25209.3 23155.8 25651.6 10740.2 7294.79 7291.98 24217.9 6443.77 6316.65 8901.23 5721.27 5286.4 7188.98 8110.03 5601.12 4913.67 4805.28 5230.7 4619.85 4214.87 4195.47 3993.17 6520.16 11973.3 5824.02 4897.94 3842.56 3616.98 4115.19 5120.22 4048.6 4449.58 4224.3 4347.97 4043.66 3613.5 4223.1 5221.19 4283.52 3923.19 3724.39 3516.41 8075.56 5958.54 4541.91 3479.72 5091.83 3389.97 3330.46 3328.05 3322.66 3299.76 3215.72 3192.02 3155.04 3050.75 2953.89 2887.1 2805.12
threshold=0.25019685039370082 2.0564714284874532 0.052496719160104989 25.694882730031036 1.3587712540683599 1.5000000000000002 0.6050224486243444 64.420999820731438 1.5000000000000002 17555.500000000004 0.25881904510252057 -0.56174490092936669 0.78656609248549325 0.019246203234967282 0.60355339059327384 1.0000000180025095e-35 -0.37940952255126015 2.5000000000000004 15405.500000000002 -1.0000000180025095e-35 2.5000000000000004 0.12994972498071136 3.5000000000000004 1.0000000180025095e-35 -0.68301270189221952 -0.12940952255126037 2.5000000000000004 -0.37940952255126015 0.68301270189221941 0.6078576107927941 -0.9330127018922193 179.50000000000003 288.70048522949224 17668.500000000004 633.07144165039074 1.0000000180025095e-35 17670.500000000004 2882.0000000000005 -0.56174490092936669 -0.5 0.13364031524452005 1.0000000180025095e-35 -0.12940952255126037 -0.5 -0.70710678118654757 -0.5 316.50000000000006 2.5000000000000004 34.500000000000007 137.50000000000003 17642.500000000004 17663.500000000004 259.50000000000006 -0.37940952255126015 62.649999618530281 578.50000000000011 67.071430206298842 252.50000000000003 319.09999084472662 58.500000000000007 3.5000000000000004 1.0000000180025095e-35
decision_type=2 2 2 2 2 2 2 2 2 2 2 2 2 2 2 2 2 2 2 2 2 2 2 2 2 2 2 2 2 2 2 2 2 2 2 2 2 2 2 2 2 2 2 2 2 2 2 2 2 2 2 2 2 2 2 2 2 2 2 2 2 2
left_child=2 6 4 11 8 23 61 30 9 18 -11 14 24 -10 15 16 17 -3 -1 20 -17 -4 -16 51 27 26 -26 54 -27 -29 31 32 55 34 37 53 -37 -32 -8 -40 41 -41 -43 -42 45 46 47 -7 -33 -50 -12 -6 -18 -35 -13 -5 -14 -24 -36 -34 -59 -2
right_child=1 3 21 7 5 44 38 -9 13 10 50 12 56 -15 22 19 52 -19 -20 -21 -22 -23 57 -25 25 28 -28 29 -30 -31 33 48 59 35 58 36 -38 -39 39 40 43 42 -44 -45 -46 -47 -48 -49 49 -51 -52 -53 -54 -55 -56 -57 -58 60 -60 -61 -62 -63
leaf_value=-0.053402699746534103 -0.012784075917542791 0.022666079729607446 -0.036363169275403721 0.013162288633064859 0.016100944593380517 0.16678544897410971 0.0025355947388383715 0.01397707801663621 -0.054885447657417014 0.05757583766308505 -0.032673930143982233 0.00188458569055678 0.01138668723220408 -0.046107644384805378 0.0093126390388273937 0.015375987569405719 0.022600678214495549 0.0047670587249868885 -0.03462236725947939 0.01528186964599402 -0.00063873703324921968 -0.025179187667270071 0.01753333692752088 -0.055549148139567753 0.012527686683298454 0.0013570916516728643 -0.00020217292792455759 0.0071802766667319745 -0.01039069175216235 0.019224199034618975 0.0092483875849764269 0.014163301929437461 0.0044102307023294119 0.0071521288048585867 -0.0043634490303807432 0.022122769341879674 0.011271083871589906 0.079136647477299552 0.00034051399955483525 -0.020888420391984339 -0.02904067046486708 0.016467709291141552 -0.0089923505545501242 -0.01068937433084358 -0.052722022163998052 -0.054174306057062138 -0.055184386147245135 -0.055518561079934005 0.054752039804303931 0.021967327005424326 0.0208601918210033 0.063131696337313567 0.091938826840670743 0.014996076891413551 0.083373420443632967 0.047290189419958426 0.038148434073205513 -0.024570288645043001 0.023816185742865398 -0.027419665496602748 -0.0033462056734956838 -0.028747829084822346
leaf_weight=149739.05075150728 271558.02852916718 58939.183928132057 223245.66145926714 441271.0124835968 15725.352683037519 1179.9743875265121 202402.02999311686 2379660.7696022987 1520357.618388623 5457.7819174826145 6425.2618446946144 324610.17348587513 320200.90700805187 211467.66932147741 94616.180723428726 66314.368502497673 197001.37370872498 169131.00183272362 45388.851162314415 111818.12601196766 220597.41941833496 157476.35013324022 12458.105454444885 1647.3346228301525 281214.02287197113 197611.52735626698 538304.99624490738 162683.37161612511 161017.86783838272 111696.49137961864 3929884.7995648384 57000.309633255005 20058.026704788208 322812.70479679108 10907.091627120972 208053.69676494598 165924.97051429749 2070.7079248428345 187263.69996279478 17333.284149944782 33298.922207355499 41057.70456212759 23960.56581890583 162928.80086427927 32310.060741633177 3883.5547389090061 684.32864832878113 285.22622647881508 16799.088890075684 40149.509899139404 5478.3895810246468 4949.0879351496696 1745.8497428894043 232064.71373796463 1246.9758052825928 7012.1014137268066 11544.166409015656 22689.934362649918 80404.174867630005 11449.355255126953 54534.292438387871 30622.049119949341
leaf_count=528668 352226 6853 602548 13034 14628 105 131912 26671 5584328 8741 18799 57915 55313 697780 15435 8950 25561 25898 143051 15834 33621 312842 2016 1814 40913 35239 101496 24114 30450 16100 106675 433 339 8488 129 4558 3945 16 122014 13766 27188 28952 17257 115440 95329 8920 1128 502 136 300 7508 1590 89 3589 53 123 810 4078 506 195 9345 40932
internal_value=-0.000698435 0.00881049 -0.0485915 0.0101626 -0.0517919 -0.0213717 -0.0065796 0.0116613 -0.052741 -0.0439992 0.0125901 0.0063555 0.00479913 -0.0538136 0.00960761 0.0113169 0.0158266 0.00939265 -0.0490342 0.00648945 0.00306276 -0.0317372 0.00195103 0.0212407 0.00339654 0.0017054 0.00416601 0.0067159 -0.00391743 0.0120832 0.0106677 0.0143554 0.0123268 0.0102255 0.00953859 0.0132009 0.0173082 0.0092852 -0.00304239 -0.00546595 -0.00936913 0.00119716 0.00708508 -0.0138035 -0.046179 -0.0111369 0.0666155 0.123506 0.022897 0.0316386 -0.00803566 0.0273598 0.0232098 0.0104327 0.00219646 0.0136961 0.012318 -0.00581552 0.0204501 -0.00715621 -0.00958233 -0.0144018
internal_weight=1.44016e+07 1.20159e+07 2.3857e+06 1.10455e+07 2.00498e+06 60664.9 970425 7.92552e+06 1.94431e+06 212489 17361.4 3.11998e+06 2.11013e+06 1.73183e+06 1.00985e+06 825547 426817 228070 195128 398730 286912 380722 184299 22321.8 1.77839e+06 1.17815e+06 819519 600237 358629 274380 5.54586e+06 593739 479790 4.95212e+06 4.02327e+06 928856 373979 3.93196e+06 668245 465843 278579 82351.6 65018.3 196228 38343.1 6033.08 2149.53 1465.2 113949 56948.6 11903.7 20674.4 198747 554877 325857 448283 331745 89682.3 91311.3 31507.4 77224.2 302180
internal_count=9557188 1528907 8028281 679220 7112891 124016 849687 169137 6988875 706767 35048 510083 362403 6282108 147680 116806 58401 32751 671719 58405 42571 915390 30874 18032 306280 208098 142409 98182 65689 40214 142466 14560 13691 127906 107326 20580 8503 106691 456529 324617 202603 59975 46209 142628 105984 10655 1735 607 869 436 26307 16218 25650 12077 57968 13157 56123 15439 635 534 13423 393158
is_linear=0
shrinkage=0.05


Tree=40
num_leaves=63
num_cat=0
split_feature=15 15 15 16 15 15 10 11 14 11 14 14 11 1 15 13 0 11 9 10 20 13 13 23 28 28 0 15 28 0 28 26 11 9 12 13 15 6 10 19 22 10 11 1 16 11 14 17 26 8 18 9 3 17 0 18 26 11 6 3 22 20
split_gain=2.46041e+06 89580.9 52710.8 23297.9 18244.1 15129.4 12095 14694.5 6881.45 6230.89 7908.14 6085.85 6727.76 10471.1 5733.88 5677.59 8065.88 4789.58 8602.78 7097.64 6721.35 6345.32 5791.01 4980.38 4927.59 5417.86 4861.13 4562.21 4506.26 4402.27 4218.12 4020.69 5555.7 4015.49 4609.44 3790.19 3758.5 3755.98 5613.15 3742.48 3729.88 4563.8 3877.87 3606.32 4753.48 18969.7 3532 4504.2 5700.85 5612.71 5815.33 5010.54 6824.56 6011.63 5509.17 5702.86 3860.55 3573.04 3408.98 3352.49 3322 3261
threshold=0.25019685039370082 3.0887019146932659 0.052496719160104989 1.2638339169349575 77.354074074074092 0.83108756549255591 0.25000000000000011 0.6830127018922193 17655.500000000004 0.6830127018922193 16044.500000000002 17621.500000000004 0.6830127018922193 2024.5000000000002 0.021294035577258463 -0.70710678118654757 14.500000000000002 0.25000000000000017 -0.56174490092936669 0.25000000000000011 859.00000000000011 -0.70710678118654757 0.60355339059327384 281.21427917480474 1296.5000000000002 275.50000000000006 14.500000000000002 0.1176944971537002 1289.5000000000002 6.5000000000000009 316.50000000000006 1.0000000180025095e-35 1.0000000180025095e-35 -0.56174490092936669 0.78656609248549325 0.25881904510252057 12.087012987012988 1.0000000180025095e-35 0.93301270189221952 8.5000000000000018 1.0000000180025095e-35 -0.6830127018922193 -0.68301270189221952 2024.5000000000002 14.504883467679303 0.6830127018922193 17670.500000000004 283.50000000000006 28.376008033752445 -0.8783796973249266 25.500000000000004 -0.56174490092936669 3.5000000000000004 2514.0000000000005 17.500000000000004 1449.0000000000002 352.06713867187506 0.25000000000000017 1.0000000180025095e-35 1.0000000180025095e-35 12.357142925262453 273.00000000000006
decision_type=2 2 2 2 2 2 2 2 2 2 2 2 2 2 2 2 2 2 2 2 2 2 2 2 2 2 2 2 2 2 2 2 2 2 2 2 2 2 2 2 2 2 2 2 2 2 2 2 2 2 2 2 2 2 2 2 2 2 2 2 2 2
left_child=2 5 3 11 8 37 -5 15 9 28 -11 14 -13 -14 -1 16 -8 19 21 20 23 26 -23 -10 25 -20 -19 -4 31 -12 -18 32 -3 -7 40 -15 -33 38 43 -31 41 -35 -42 -2 59 -46 61 48 -48 57 -51 52 53 -49 56 -56 -53 -50 -43 -45 -22 -6
right_child=1 4 27 6 46 33 7 -9 17 10 29 12 13 35 -16 -17 30 18 24 -21 60 22 -24 -25 -26 -27 -28 -29 -30 39 -32 36 -34 34 -36 -37 -38 -39 -40 -41 42 58 -44 44 45 -47 47 51 49 50 -52 54 -54 -55 55 -57 -58 -59 -60 -61 -62 -63
leaf_value=-0.053996847806934402 -0.020103917484264808 0.0053734608231913996 -0.03628650443854755 -0.052762416017785155 0.012133384208971726 0.0048909184595933323 -0.054476464633708047 0.020052204477170134 0.010808642197493652 -0.0092543614676237635 0.027335934098281459 -0.053096014085853106 -0.053160396603135866 0.087440275997685793 -0.044964767265674541 -0.052708907195547876 0.13701981845682118 0.020467773107484044 -0.0029340938549979293 0.00482204968227469 0.00098876570377047545 0.0090385956448803505 0.033912799711735317 0.092299823748495213 -0.002347777416943829 0.011625505125760091 0.040575249168551944 -0.025176065090472377 0.014666703542358966 0.0020667779077946742 -0.055526322404217648 0.0029259847513567229 0.021308639930725241 0.031238943815178145 0.0070865058513831809 0.010108781619250757 0.0079050030636689684 -0.025745258356930836 0.04806270665020862 0.011178969115395489 -0.0011256349604329707 0.0006542791371560836 -0.013603556674110305 -0.022787059601272124 -0.017430724038157135 0.16299505605025011 -0.0069010396304780737 -0.00084830962607654466 -0.0033966026853882829 0.024580622393023836 0.013763509321985204 0.036156057583409611 -0.014263961732396475 0.036893770324060236 -0.014965399197042034 0.060626907397743693 0.014105628111179847 0.017564617772050553 -0.021577693551509198 -0.0072667069981988798 0.11340498203246818 0.0087486411498053692
leaf_weight=1620215.0336176157 82775.007004708052 111055.28548371792 194380.82384124398 20987.09011515975 3091886.154841423 258426.91368103027 1861.2798911631107 23456.730643719435 787346.59942936897 121403.69236218929 20556.312093377113 17334.410523146391 7174.0428096354008 2061.1333640515804 197104.16875615716 15151.230167299509 1339.8383393585682 163937.38362193108 70487.796490907669 906257.50671184063 906.18390941619873 200119.28631961346 26497.291589975357 1879.3083534240723 86325.531566381454 683122.48315632343 36807.681295871735 176115.88085320592 205987.30320107937 570863.40857064724 360.98932012915611 614513.2629929781 107784.45812165737 11257.698183715343 100700.49819457531 6851.5945782959461 989088.08904695511 43232.556747555733 4087.655129134655 140394.82195973396 102712.01572024822 178857.80537235737 158125.36160218716 40111.84621244669 5399.0173310637474 1995.0447292327881 23465.298770904541 27615.538328170776 44961.306941986084 304164.4499464035 210059.93969917297 21951.45471572876 43412.209396362305 17073.514614105225 24914.234607696533 2772.5988578796387 207353.78054046631 37110.281686782837 19082.358806788921 262465.71217289567 2392.3705987930298 924365.94879627228
leaf_count=6202579 107226 16759 548548 67641 40393 125874 3651 19495 46677 19011 2645 62477 26604 2005 672176 44065 241 7542 3770 55039 30 10284 2080 23 6620 39735 1325 366842 23018 70694 414 120412 12586 5244 56064 11543 57242 55034 3706 11709 49862 97783 89059 49301 5023 782 307 229 409 2528 1469 243 292 41 220 14 625 264 11621 308885 48 9160
internal_value=-0.000676091 0.00831029 -0.0482676 -0.0516093 0.00978328 -0.00425696 -0.0217464 -0.0063102 0.00788915 0.00614899 0.0025641 -0.0526284 -0.0314851 -0.00819757 -0.0530172 -0.0393551 0.0174433 0.00957977 0.011906 0.00784437 0.0113004 0.0176814 0.0119471 0.0110027 0.00896752 0.0102637 0.0241546 -0.0310052 0.0076569 0.00452472 0.0961494 0.00686459 0.013222 -0.000279999 -0.00262138 0.0279936 0.00599701 -0.0117502 -0.0102255 0.00386544 -0.00470121 0.000272227 -0.00869005 -0.0108322 -0.00835629 0.0312521 0.012007 0.0147234 0.0172726 0.0182239 0.0201619 0.0101452 -0.000144698 0.013571 0.0136728 -0.00739511 0.0162166 0.00608137 -0.00148897 -0.00932422 0.0825243 0.0113544
internal_weight=1.43825e+07 1.20981e+07 2.28439e+06 1.9139e+06 1.08288e+07 1.26923e+06 63157.2 42170.1 5.84773e+06 2.88165e+06 853218 1.85074e+06 33421.2 16086.8 1.81732e+06 18713.3 3562.11 2.96608e+06 1.2673e+06 1.69878e+06 792524 427362 226617 789226 839936 753610 200745 370497 2.02843e+06 731815 1700.83 1.82244e+06 218840 829163 570736 8912.73 1.6036e+06 440067 396834 711258 470035 209198 260837 392747 309972 7394.06 4.98111e+06 964855 619761 596296 514224 345093 88101.3 44689.1 256992 27686.8 229305 82071.6 197940 302578 3298.55 4.01625e+06
internal_count=9557188 1528907 8028281 7112891 563443 965464 135507 67866 507249 334076 104059 6977384 102629 40152 6874755 48371 4306 173173 71356 101817 46778 21231 12364 46700 50125 43505 8867 915390 230017 85048 655 206999 29345 435507 309633 13548 177654 529957 474923 82403 253569 114648 138921 471217 363991 5805 56194 6641 4977 4670 3997 1664 562 270 1102 234 868 673 109404 358186 78 49553
is_linear=0
shrinkage=0.05


Tree=41
num_leaves=63
num_cat=0
split_feature=15 15 15 16 2 15 15 16 14 2 15 5 13 14 2 13 2 12 2 13 15 13 2 2 2 12 2 12 12 26 23 28 2 14 13 6 10 2 14 16 13 2 14 12 6 10 16 2 22 14 5 14 28 2 12 21 13 23 26 20 21 27
split_gain=2.3084e+06 84925.1 48406.9 23908.6 34446.8 19835.5 10322.9 5952.32 5213.56 7566.5 5352.36 5064.38 4956.99 4491.06 9837.12 5156.61 10303.2 9093.9 12078.2 4268.38 3999.51 3875.43 20166.5 13932.2 10670.1 27466.3 9675.53 12821.2 8857.04 6327.92 5618.55 3691.51 3298.75 7503.53 3522.09 3210.01 4825.16 3185.62 3151.64 3107.43 5396.23 3027.34 6319.65 8619.9 2938.06 4471 3050.42 16107.1 2976.52 2909.57 2859.39 2817.91 2780.84 2755.72 3094.68 2700.6 5185.82 5778.84 5141.92 4974.96 3651.74 3520.93
threshold=0.23159829721362232 2.0564714284874532 0.050039123630672935 0.67255261589252158 1.5000000000000002 25.694882730031036 0.6050224486243444 64.420999820731438 17655.500000000004 1.5000000000000002 0.021294035577258463 1.0000000180025095e-35 0.25881904510252057 17651.500000000004 2.5000000000000004 -0.5 1.5000000000000002 -0.5 1.5000000000000002 0.60355339059327384 0.1176944971537002 -0.5 2.5000000000000004 2.5000000000000004 1.5000000000000002 -0.5 1.5000000000000002 -0.78656609248549292 -0.25881904510252113 352.06713867187506 0.89285713434219371 288.50000000000006 1.5000000000000002 15749.500000000002 0.1294095225512602 1.0000000180025095e-35 0.93301270189221952 10.500000000000002 15973.000000000002 2.2396908023649011 -0.70710678118654757 2.5000000000000004 16205.000000000002 -0.60355339059327362 1.0000000180025095e-35 0.93301270189221952 9.1647244062901176 1.5000000000000002 38.357141494750984 17666.500000000004 1.0000000180025095e-35 15608.000000000002 1289.5000000000002 5.5000000000000009 0.91597561503675362 750.00000000000011 0.1294095225512602 192.07142639160159 352.06713867187506 3485.0000000000005 2325.5000000000005 112.36529541015626
decision_type=2 2 2 2 2 2 2 2 2 2 2 2 2 2 2 2 2 2 2 2 2 2 2 2 2 2 2 2 2 2 2 2 2 2 2 2 2 2 2 2 2 2 2 2 2 2 2 2 2 2 2 2 2 2 2 2 2 2 2 2 2 2
left_child=2 6 3 8 11 13 44 38 10 -10 32 12 -5 21 15 17 50 18 -15 -18 -4 23 26 24 30 -26 29 -28 52 -23 -3 -16 33 -1 -35 36 37 39 -7 -8 -41 42 43 -6 45 46 -2 -48 -49 -14 -17 -24 -25 -33 -55 -9 59 58 -58 61 -61 -57
right_child=1 5 20 4 41 7 35 55 9 -11 -12 -13 49 14 31 16 19 -19 -20 -21 -22 22 51 28 25 -27 27 -29 -30 -31 -32 53 -34 34 -36 -37 -38 -39 -40 40 -42 -43 -44 -45 -46 -47 47 48 -50 -51 -52 -53 -54 54 -56 56 57 -59 -60 60 -62 -63
leaf_value=-0.053205871179721212 -0.013654911521883542 -0.02022846939211247 -0.035879953327635557 0.04282514441490913 0.099195791011771756 -0.0092879471086660722 -0.0019899851843926454 0.011635074883644046 0.031568346735976908 -0.053720650508719797 -0.044772558015600018 -0.055550834741552015 -0.0074217066658452437 0.013080983864485219 -0.0048060105109843645 0.024250571787549427 -0.022326965687458265 0.014714156356477491 0.064753356242667454 0.011999795539264826 -0.025121312669623447 0.00079313130672866686 -0.0061756846015052699 -0.0096913953308546408 0.054714200911751415 0.0046997211903625127 -0.039979119318287168 -0.00049177350546865742 0.0031266075323554405 0.21163997031557702 0.0073317484829372951 0.0030689031818234174 -0.054785080312758118 -0.0076563145451668084 -0.039182968635305432 -0.013455814329647148 0.040522378312562217 -0.009443275578263452 0.0095286286697596478 0.040696255780997906 0.0032914632759716935 -0.053061088615104751 -0.050616107675844749 -0.049878602228662368 -0.02821421540472141 0.049551852011421767 0.15031065715748182 -0.026079100828250237 0.30483061412509849 0.065910141234458305 -0.014617174299534508 0.010143949184244529 0.0067022377529603397 0.007674198649243423 0.020799143184516505 0.055174955306889012 0.047534957223344047 0.012522123111030282 0.15169908236636173 0.053825017273007716 0.018372919737692211 0.013166806998060727
leaf_weight=126724.54905822873 273295.78857663274 23279.437379479408 199027.48975941539 14610.071236431599 2009.1441869139671 22341.5243268013 404589.51882106066 1991778.5172328949 4474.8034334778786 6207.8822144269943 175933.22879071534 2236.0392820835114 12017.026228785515 20760.34304857254 76987.24102640152 56454.452164530754 28065.961683869362 111163.52199268341 24841.628280162811 13369.856862068176 152640.21805113554 107052.26956653595 27325.744298219681 268106.65343356133 43504.771673440933 74386.973452329636 43404.542505979538 39052.07380771637 428840.54005622864 356.93690299987793 89932.644459247589 323677.97931873798 1370594.5660295039 13671.876816391945 25168.189212203026 63684.861102879047 6706.5586915612221 118995.38820809126 5614759.7604842186 11504.210432529449 59573.332072854042 51749.925355941057 7920.2441817522049 1874.1054494380951 31650.64175349474 2905.4710354506969 1773.9249553084373 5660.0581880807877 68.680437684059143 1524.1084891557693 5164.5660879611969 826148.30995476246 28630.132902503014 439896.65865850449 50019.100096583366 5052.2793483734131 2882.7833309173584 4652.2192230224609 2011.6969223022461 13754.147808074951 15394.098083496094 392284.98803710938
leaf_count=494792 374067 5768 584434 11232 1352 1622 277249 24561 4326 23469 628141 3270 17349 1441 8882 6235 4219 10111 1268 2075 330318 19901 8094 59305 5158 12610 10777 7510 88884 10 13920 37808 5558295 41848 87067 47514 3235 92002 140844 5333 31196 178559 21832 4738 45379 3029 820 6377 10 735 668 142540 5897 50321 6681 64 54 42 16 24 23 1887
internal_value=-0.000654162 0.00779765 -0.0481901 -0.0514769 -0.0269133 0.00903127 -0.00631428 0.0103455 -0.0528164 -0.017994 -0.0530336 0.0168732 0.0226262 0.00566692 0.00815608 0.0167162 0.00802838 0.0224274 0.0412296 -0.0112508 -0.0312102 0.00423516 0.00634274 0.00193667 0.0126281 0.0231563 -0.00839545 -0.0212777 -0.00146864 0.00149405 0.00166457 0.00565872 -0.0539798 -0.0473129 -0.0280856 -0.00278132 -0.00165088 -0.00212652 0.00945405 -0.000296113 0.00934571 -0.0478493 -0.0249984 0.0272499 -0.0137649 -0.0121529 -0.0127914 0.018661 -0.0221058 0.000832141 0.0209928 0.00962144 -0.00810967 0.00664897 0.00901423 0.0124153 0.0159795 0.0524252 0.0903511 0.0151637 0.035102 0.013701
internal_weight=1.43641e+07 1.21957e+07 2.16838e+06 1.81672e+06 93940.7 1.12153e+07 980408 8.06491e+06 1.72278e+06 10682.7 1.71209e+06 30387.2 28151.2 3.15042e+06 1.1504e+06 259820 103055 156765 45602 41435.8 351668 2.00002e+06 1.04334e+06 956681 231104 117892 189866 82456.6 725577 107409 113212 890581 1.53616e+06 165565 38840.1 665054 601369 594662 5.6371e+06 475667 71077.5 63553.4 11803.5 3883.25 315355 283704 280798 7502.66 5728.74 13541.1 61619 853474 296737 813594 489916 2.42781e+06 436032 9546.7 4894.48 426486 29148.2 397337
internal_count=9557188 1565431 7991757 7077005 239067 679220 886211 169137 6837938 27795 6810143 32586 29316 510083 129709 26017 13197 12820 2709 6294 914752 380374 188832 191542 37456 17768 38198 18287 154086 19911 19688 103692 6182002 623707 128915 456529 409015 405780 142466 313778 36529 206481 27922 6090 429682 384303 381274 7207 6387 18084 6903 150634 65202 94810 57002 26671 2110 112 70 1998 47 1951
is_linear=0
shrinkage=0.05


Tree=42
num_leaves=63
num_cat=0
split_feature=15 15 15 16 2 15 15 15 14 2 15 5 28 13 11 13 2 12 11 12 2 27 0 13 0 23 14 11 27 14 23 23 19 10 2 14 11 0 19 10 23 13 14 15 13 14 2 12 11 12 2 0 16 11 0 27 13 28 27 2 14 12
split_gain=2.16654e+06 82416.5 41839.7 24728.1 32487.4 17555 11296.2 5578.64 5377.6 6998.13 4740.89 4656.84 4263.89 4236.62 4048.28 10295.3 5803.65 26962.8 17788.8 13401 19885.6 5449.84 5328.76 5112.93 5597.35 4661.21 4506.41 3806.06 5677.45 5245.1 3652.03 3703.08 4066.04 3688.55 3521.41 7549.78 3498.55 7425.02 4979.66 3485.3 5248.43 3452.57 3393.58 3360.89 3283.12 4100.64 3282.79 13892.6 6730.18 5970.26 9686.41 14115.5 3724.46 3643.51 3582.91 3236.09 3128.41 5455.5 3077.94 3036.22 5949.73 7410.41
threshold=0.20470801364023875 2.0564714284874532 0.046441290813691118 0.67255261589252158 1.5000000000000002 25.694882730031036 0.55624360940695305 109.11370499419282 17655.500000000004 1.5000000000000002 0.017446933722959541 1.0000000180025095e-35 275.50000000000006 0.25881904510252057 -0.68301270189221952 -0.5 2.5000000000000004 -0.9159756150367534 0.6830127018922193 -0.37940952255126059 1.5000000000000002 81.847457885742202 13.500000000000002 -0.5 19.500000000000004 76.357143402099624 17651.500000000004 -0.9330127018922193 62.723249435424812 17392.500000000004 1.3928571343421938 3.3928571939468388 44.500000000000007 0.68301270189221941 1.5000000000000002 15749.500000000002 -0.5 16.500000000000004 1695.5000000000002 0.93301270189221952 3.4642857313156132 0.37940952255126048 15973.000000000002 0.10025384798757821 -0.37940952255126015 15984.500000000002 2.5000000000000004 -0.9159756150367534 -0.5 -0.5 1.5000000000000002 19.500000000000004 44.361130253231039 -0.9330127018922193 22.500000000000004 0.21814115345478061 -0.70710678118654757 1289.5000000000002 86.200210571289077 2.5000000000000004 16205.000000000002 -0.60355339059327362
decision_type=2 2 2 2 2 2 2 2 2 2 2 2 2 2 2 2 2 2 2 2 2 2 2 2 2 2 2 2 2 2 2 2 2 2 2 2 2 2 2 2 2 2 2 2 2 2 2 2 2 2 2 2 2 2 2 2 2 2 2 2 2 2
left_child=2 6 3 8 11 14 -2 30 10 -10 34 13 -9 -5 15 22 17 18 -16 20 -19 -17 -3 26 55 -20 58 28 -14 -30 33 32 -32 56 35 -1 37 -29 -38 42 -41 -37 -33 -4 45 -35 47 -8 53 50 -49 -52 -51 -48 -54 -25 -7 -58 -18 60 61 -6
right_child=1 5 43 4 59 7 46 12 9 -11 -12 -13 27 -15 16 21 23 19 25 -21 -22 -23 -24 24 -26 -27 -28 36 29 -31 31 39 -34 44 -36 41 38 -39 -40 40 -42 -43 -44 -45 -46 -47 48 49 -50 52 51 -53 54 -55 -56 -57 57 -59 -60 -61 -62 -63
leaf_value=-0.053093605179965142 -0.014453400775034639 0.0065356804858981684 -0.036717045422578996 0.039475065568971832 0.088606380972464274 -0.0018758779266386128 -0.029496911639450007 -0.012988707754175061 0.029314110416075751 -0.053581936632761555 -0.045595885490650821 -0.055550579821098657 0.088171907023833471 0.00088792660838104751 -0.037915448507655526 0.010691434671143323 -0.0030522484355369182 0.0067522580567474944 0.0002214402959706391 0.0058521394928722249 0.03566182160451032 0.026604067694545565 -0.0042732238017982923 0.033664632410923774 -0.0037337467114248023 0.11539699083943609 0.0042647509960546115 0.0041824076309106622 0.0054312140078152521 0.018036154182568893 -0.0020772902144052668 -0.015807379814566098 0.098353774555287155 0.11282811740599846 -0.054875765392018064 -0.010535224451362232 0.010957391191577369 0.012485528430542217 0.01908237407789376 0.11403541167964147 0.0031783088272648338 -0.041120922782995943 0.0088637070759184314 -0.02662044704951785 0.0098989154951818151 0.02323055805078432 -0.0084535416907887007 0.0015581809032417608 -0.010332248833384371 0.0018033100047233773 0.087122606269659883 -0.0023256852387110003 0.15998073672258742 0.0042110968120171142 0.022160284669513388 0.0067726777348182015 0.0097050781069710212 0.050923485039780107 -0.021365579931833065 -0.05295188213330309 -0.050319828275212558 -0.049553285341378324
leaf_weight=117971.23751057684 305375.61009570956 303718.3980550766 174971.79990780354 15047.848765939474 2132.0107006728649 52720.09795665741 25816.739576816559 18392.27889919281 4576.3066466450691 5738.1905726194382 189760.90682116151 2121.2558160424232 2667.9044342041016 13490.968555599451 46401.890404939651 525869.78889632225 391242.85519051552 116995.07642841339 72731.780348539352 326696.23056519032 121006.65639925003 59940.803619861603 182566.76509606838 11408.3508425951 143041.12207520008 889.09317016601562 260174.81093871593 555086.29167938232 108500.15203475952 344819.6435546875 107606.36827945709 13999.786592483521 1017.2304821014404 1293.6038722991943 1272090.4457959682 16864.200977832079 2385384.5421304703 522879.20009613037 204770.02869033813 1070.8408527374268 351202.58717155457 20374.735431432724 3182189.0120062828 155839.823705405 64036.221342086792 99272.933516025543 78574.879035830498 17990.923675298691 269896.94068217278 80707.946491539478 11547.972703933716 7135.8259133696556 716.88492798805237 204837.1260098815 1378.1494252681732 576801.35676085949 104662.61042070389 8694.6103115081787 24373.139008045197 48036.043431088328 7509.9542951285839 1781.3800839185715
leaf_count=483191 447413 49515 549755 11186 1338 2401 19808 386 4317 22832 721770 3255 30 17993 10726 78749 88826 15720 12031 49191 13965 3710 32520 3104 24318 38 29620 5630 984 2815 4912 999 33 44 5423406 53347 22690 4336 695 29 12119 73217 101004 369807 2971 2533 52523 11420 208202 55736 5885 4680 110 135607 454 95473 4241 285 2577 174317 21676 4723
internal_value=-0.000632892 0.00729686 -0.0482434 -0.0513797 -0.0258846 0.00851724 -0.0064316 0.00974695 -0.0527915 -0.0168024 -0.0530211 0.0159215 0.011032 0.0212343 0.00535723 0.00785549 0.0040768 0.00785218 -0.0136693 0.0124264 0.0214507 0.0123196 0.00247767 0.00223954 0.00513705 0.0016126 -0.000895747 0.0111391 0.0154473 0.0150192 0.00841204 0.00795704 -0.00113664 0.013444 -0.0540082 -0.0468979 0.0106036 0.00820993 0.0115997 0.00823541 0.00351534 -0.0272699 0.00875564 -0.0319607 0.0187484 0.0243832 -0.00292508 0.0037635 -0.00468145 0.0109505 0.0277448 0.0529599 0.00351192 0.000699856 0.0693279 0.00729426 0.00818671 0.0128667 -0.00412622 -0.0474419 -0.0242715 0.025715
internal_weight=1.43464e+07 1.22981e+07 2.04831e+06 1.7175e+06 90119.5 1.12941e+07 1.00398e+06 8.13027e+06 1.62738e+06 10314.5 1.61706e+06 30660.1 4.1425e+06 28538.8 3.16386e+06 1.0721e+06 2.09176e+06 684721 120023 564698 238002 585811 486285 1.40704e+06 731251 73620.9 675791 4.12411e+06 455988 453320 3.98777e+06 3.65709e+06 108624 330680 1.4273e+06 155210 3.66812e+06 1.07797e+06 2.59015e+06 3.54846e+06 352273 37238.9 3.19619e+06 330812 164603 100567 698603 145294 553309 119478 36674.7 18683.8 82803 283412 2095.03 588210 166077 113357 415616 59459.4 11423.3 3913.39
internal_count=9557188 1621058 7936130 7016568 234488 679220 941838 169137 6782080 27149 6754931 32434 37566 29179 510083 164494 345589 101671 22795 78876 29685 82459 82035 243918 122895 12069 121023 37180 3829 3799 131571 119096 4945 12475 6033161 609755 33351 9966 23385 114151 12148 126564 102003 919562 5548 2577 494425 98093 396332 78285 21985 10565 56300 188130 564 98577 6927 4526 91403 202054 27737 6061
is_linear=0
shrinkage=0.05


Tree=43
num_leaves=63
num_cat=0
split_feature=15 15 15 16 15 10 11 15 14 15 15 13 0 5 14 11 13 0 28 14 13 11 1 27 13 10 24 16 10 19 28 13 6 11 23 26 10 11 1 0 27 24 6 10 13 21 15 11 10 16 13 24 14 27 6 10 16 11 1 14 12 21
split_gain=2.03408e+06 76301.2 40409.1 25007.5 18249.8 13938.3 17811.1 7674.03 5406.47 4963.45 4918.58 4405.04 7729.98 4289.64 4247.99 5564.43 6525.96 4740.7 3821.55 3761.79 3649 3444.06 5515.33 4727.24 3616.49 3518.26 3459.75 5693.36 3338.86 4786.27 4203.47 3412.46 4211.43 3933.65 3218.01 3790.43 3225.29 3169.37 3404.36 3156.7 3119.82 4226.98 3035.32 5353.72 2844.14 5740.58 2804.3 2790.56 2788.54 5203.59 2780.19 4788.01 2726.39 2681.68 2639.49 4211.96 3375.63 5545.47 8207.26 2544.67 2531.41 2487.14
threshold=0.19737915343006787 1.5531030211881276 0.046441290813691118 0.67255261589252158 25.694882730031036 0.25000000000000011 0.6830127018922193 0.53439760205815257 17655.500000000004 0.016987714633191108 109.11370499419282 -0.70710678118654757 14.500000000000002 1.0000000180025095e-35 17651.500000000004 -0.68301270189221952 -0.5 13.500000000000002 275.50000000000006 17162.500000000004 0.25881904510252057 0.25000000000000017 2024.5000000000002 86.200210571289077 -0.5 0.25000000000000011 60.600000381469734 3.7960309146165141 -0.6830127018922193 2504.5000000000005 400.50000000000006 -0.60355339059327384 1.0000000180025095e-35 0.93301270189221952 1.3928571343421938 9.3559050559997576 0.68301270189221941 0.6830127018922193 2024.5000000000002 19.500000000000004 90.672252655029311 42.650001525878913 1.0000000180025095e-35 0.93301270189221952 -0.37940952255126015 790.00000000000011 0.091124296824222878 0.25000000000000017 -0.24999999999999994 14.504883467679303 -0.70710678118654757 9.4833331108093279 15973.000000000002 194.72016906738284 1.0000000180025095e-35 0.93301270189221952 14.504883467679303 0.6830127018922193 2024.5000000000002 17665.500000000004 0.37940952255126054 153.50000000000003
decision_type=2 2 2 2 2 2 2 2 2 2 2 2 2 2 2 2 2 2 2 2 2 2 2 2 2 2 2 2 2 2 2 2 2 2 2 2 2 2 2 2 2 2 2 2 2 2 2 2 2 2 2 2 2 2 2 2 2 2 2 2 2 2
left_child=2 7 3 8 14 -5 11 54 9 -1 34 12 -7 20 15 16 17 -3 48 -14 -8 25 39 24 -24 26 60 -28 29 30 -20 33 -33 -30 36 -36 50 -10 -39 -23 -18 -42 43 46 45 -38 -4 -46 49 -12 -6 -52 -37 -54 55 56 -2 -58 -59 -22 -16 -17
right_child=1 4 42 5 10 6 13 -9 37 -11 18 -13 19 -15 21 61 40 -19 28 -21 59 22 23 -25 -26 -27 27 -29 31 -31 -32 32 -34 -35 35 52 44 38 -40 -41 41 -43 -44 -45 47 -47 -48 -49 -50 -51 51 -53 53 -55 -56 -57 57 58 -60 -61 -62 -63
leaf_value=-0.053939641265577577 -0.014266688860642002 0.006564824808491943 -0.035751891485065877 -0.052785327059994419 -0.0017848423541654602 -0.05399638988213238 0.036405687822995185 -0.0042603018462880676 -0.05466310971356414 -0.045243715452437744 0.1166447737038927 -0.05078908669071272 0.10005499309141344 -0.055550324586893879 0.0056187874786865358 0.0019321488348053688 0.009881772736895604 -0.0056063043205810421 -0.0066533945496737371 -0.055534047480579385 -0.00837401356941757 0.007204849188150177 0.022438425499864648 -0.0043579156970887057 0.0099350104307290507 0.001555133938079936 0.15997164145442538 0.015136087438289878 0.0087616571111979718 -0.045806001470600079 0.0095319080364516338 0.010863932858692527 0.016764540627259704 -0.004422008898713083 -0.0025083816213195245 -0.012992972987639101 0.021521676544050208 -0.051331302553832982 0.027227727650707297 -0.0090441696046448129 0.043812695336869177 0.0074492370389103515 -0.044848910124134514 0.039112569111032502 0.014849300692359603 0.13859051756648866 -0.025589642253420111 -0.010255030047532391 -0.025241129042532548 -0.0066346134323722987 0.02413996115628101 0.0034148503992852 0.0085443019083876765 0.0051196166727922945 -0.028422181325067283 0.048362747184442639 -0.017704820371362326 -0.039440273234028891 0.1505670531343406 0.051965494411607027 0.015702608615266893 -0.0153463491254176
leaf_weight=1355314.9839306921 256482.42654198408 202944.78690946102 130003.10554094613 30176.078324198723 52640.714797019958 2934.4404470026493 15488.838523626328 520214.49711191654 3513.6684501767159 186711.89473837614 1064.6147003173828 21490.856023192406 1863.8529888391495 2017.8099929690361 244104.2313337326 1409675.253279686 390147.998254776 132070.98843765259 52988.555187225342 490.66023969650269 11438.301670432091 183816.92501473427 145831.37006902695 27612.744068145752 95842.737589478493 361667.57129752636 992.28453063964844 2145.6573867797852 559988.36431312561 4623.9934692382812 165110.73023605347 2977778.7281675339 336579.7074546814 62938.706058502197 92037.753315448761 15744.384969234467 101367.76741313934 1955.4395573884249 4677.9123156666756 35693.133644461632 16428.766007900238 15562.314746379852 37803.664900690317 2794.6189911812544 50345.027850627899 1058.0112113952637 142096.21278727055 14189.262260913849 12766.35941028595 4365.7629623413086 47964.809842586517 66511.952419281006 2857613.1134791374 714563.62053346634 29961.742649763823 2788.2450449764729 3324.9655494987965 893.67815628647804 1560.6404752135277 2062.2348376512527 83537.597699165344 21139.203422546387
leaf_count=6013820 390058 43846 429067 116222 2401 8334 11186 420077 14429 741111 14 75699 497 3255 26404 313370 73471 31019 580 1302 16967 22531 11912 1829 13887 43764 26 91 6000 16 1551 25221 3033 779 4246 1131 2559 8403 4317 6228 1111 858 105792 6893 1842 18 359362 1129 277 95 2197 2329 96754 16965 47600 3168 4194 1171 678 1026 10565 2511
internal_value=-0.000612074 0.0068708 -0.0480371 -0.0511776 0.00791328 -0.0252425 -0.0108596 -0.0079135 -0.0526473 -0.0528867 0.00918724 -0.0407291 0.000147344 0.0149375 0.00481564 0.00351113 0.00697737 0.00176667 0.0103881 0.0676285 0.0198441 0.00723193 0.0104453 0.0152406 0.0174799 0.00496359 0.0086903 0.0609414 0.0104881 0.00453228 0.00559957 0.010825 0.0114632 0.00742961 0.00793728 0.00751073 0.0126359 -0.0162689 0.00406821 0.00456267 0.0111127 0.0261236 -0.0315647 -0.0297378 0.0175511 0.0227311 -0.030445 0.00932948 -0.0124754 0.0175348 0.00772536 0.0120986 0.00776774 0.00785924 -0.0143554 -0.0127652 -0.0134152 0.0243738 0.0813799 0.000842917 0.00818984 0.00167687
internal_weight=1.43295e+07 1.23767e+07 1.95283e+06 1.64014e+06 1.15615e+07 87963.1 57787 815226 1.55217e+06 1.54203e+06 8.19224e+06 26779.8 5288.95 31007.2 3.36921e+06 2.18797e+06 757155 335016 4.17821e+06 2354.51 28989.4 1.18124e+06 488797 269287 241674 692447 330780 3137.94 4.16001e+06 222723 218099 3.93729e+06 3.31436e+06 622927 4.01404e+06 3.67996e+06 334078 10147 6633.35 219510 422139 31991.1 312698 274894 166960 102426 272099 64534.3 18196.7 5430.38 167117 114477 3.58792e+06 3.57218e+06 295012 265050 262262 5779.28 2454.32 13500.5 327642 1.43081e+06
internal_count=9557188 1639506 7917682 7016568 772560 234488 118266 866946 6782080 6754931 169137 85832 10133 32434 603423 466186 150305 74865 37566 1799 29179 137237 56387 27628 25799 80850 37086 117 37180 2147 2131 35033 28254 6779 131571 119096 12475 27149 12720 28759 75440 1969 901114 795322 5548 2577 788429 2971 386 109 6927 4526 114850 113719 446869 399269 396101 6043 1849 17993 36969 315881
is_linear=0
shrinkage=0.05


Tree=44
num_leaves=63
num_cat=0
split_feature=15 15 15 16 15 15 1 15 9 12 13 14 14 0 16 15 15 15 17 17 17 1 6 23 22 22 22 20 14 9 20 16 13 14 12 8 21 19 21 0 27 13 22 20 20 6 16 13 1 6 8 26 0 21 0 9 20 8 21 20 0 3
split_gain=1.91004e+06 70418.1 39064.7 26345.4 16184.2 8582.42 14583.7 7532.14 6251.56 7476.15 6011.23 5698.87 5530.81 4626.77 4565.24 4256.66 3687.44 3579.11 3129.91 3048.64 4603.32 2885.51 3491.7 2889 2692.21 2624 3322.68 2618.53 2579.88 2552.76 4763.81 2832.1 3004.22 2519.99 4242.98 3296.23 5164.63 4279.55 3853.84 3273.16 3386 2853.4 5200.84 2710.15 2707.19 2473.32 2753.44 3787.35 3717.8 2188.67 2183.48 4568.93 2219.41 2155.18 4353.93 5433.39 4113.75 4058.04 3062.1 3031.95 3474.56 5771.89
threshold=0.18960591827497422 1.5531030211881276 0.039462399566669686 0.67255261589252158 25.694882730031036 1.0000000180025095e-35 2024.5000000000002 0.46928519593613938 -0.56174490092936669 0.78656609248549325 0.25881904510252057 15910.000000000002 17655.500000000004 1.0000000180025095e-35 64.420999820731438 5.5211811408994516 0.079501604151573854 0.016190691171758951 15.500000000000002 1.5000000000000002 128.50000000000003 2024.5000000000002 1.0000000180025095e-35 40.535715103149421 67.071430206298842 1.0000000180025095e-35 1.7857142686843874 28.500000000000004 17666.500000000004 1.0000000180025095e-35 2.5000000000000004 11.547632560853829 -0.12940952255126037 17668.500000000004 0.98296291314453421 1.0000000180025095e-35 4.5000000000000009 1532.0000000000002 53.500000000000007 19.500000000000004 59.913984298706062 -0.37940952255126015 32.357141494750984 943.50000000000011 2518.0000000000005 1.0000000180025095e-35 14.504883467679303 0.78656609248549303 2024.5000000000002 1.0000000180025095e-35 0.87837969732492682 352.06713867187506 18.500000000000004 750.00000000000011 18.500000000000004 -0.56174490092936669 3485.0000000000005 -0.8783796973249266 2325.5000000000005 364.50000000000006 18.500000000000004 4.5000000000000009
decision_type=2 2 2 2 2 2 2 2 2 2 2 2 2 2 2 2 2 2 2 2 2 2 2 2 2 2 2 2 2 2 2 2 2 2 2 2 2 2 2 2 2 2 2 2 2 2 2 2 2 2 2 2 2 2 2 2 2 2 2 2 2 2
left_child=2 7 3 12 8 6 -5 45 11 15 -8 -3 17 -13 33 25 -4 -1 -7 27 -21 -9 29 -24 -11 -10 -27 -15 -12 31 -31 -23 -33 34 39 41 37 -37 -38 44 -41 43 -43 -35 -6 46 -2 48 -48 -18 52 -52 -17 59 56 -56 57 -55 -58 60 -16 -62
right_child=1 4 16 5 14 18 10 21 9 24 28 13 -14 19 53 50 49 -19 -20 20 -22 22 23 -25 -26 26 -28 -29 -30 30 -32 32 -34 35 -36 36 38 -39 -40 40 -42 42 -44 -45 -46 -47 47 -49 -50 -51 51 -53 -54 54 55 -57 58 -59 -60 -61 61 -63
leaf_value=-0.053875151248483001 -0.013995523947501438 -0.0077147907493334946 -0.038029124325906737 -0.053759667575732639 0.0076526142672019544 -0.048323992791637821 0.020297917464038862 -0.012144086817989477 0.0023775116626958566 0.00876930337503312 -0.024220066274474455 0.026835193052485846 -0.01510591232581121 0.0072814320368999501 0.011890188547083982 0.0034854799198131498 -0.025417594047068084 -0.045838841777342848 0.36871863734175425 0.015556436410716046 -0.0087642451876154669 0.00095274259854984079 -0.015610433277312425 0.14479550809324282 0.032634039566356257 -0.01180761594549328 -0.001259655598912234 -0.0035617015826270751 0.037277537971817175 -0.0084141352868241735 0.022358768908150944 0.068635837928500476 0.0096005123786228313 0.0054064920197331905 -0.032518159151407912 0.016311043198962618 -0.022628414034299965 0.090388591145856206 0.0075161488626338093 0.016854995722412378 -0.010862219415542052 0.025692665126710097 0.0083098276940360722 -0.036307341735487615 -0.017633386690836236 -0.029476666972054449 -0.055527365817990143 -0.0081223103114622455 0.12267050400102604 -0.042553739825698898 0.0071414253401842738 0.16681379086255654 -0.002279007991544897 0.023311439412367588 0.099268649102479678 0.020657034863112683 0.047167537118934379 0.0094162504456334756 0.015438849457486038 0.0061577723891820925 0.010004926526388609 -0.0061775080726974704
leaf_weight=1283719.4883270413 223871.40134769678 57133.148376345634 149828.01178771257 15803.590894982219 4598654.5586762428 25937.768873617053 22325.149837508798 100818.17600291967 233133.30449771881 359741.35235780478 16968.93793053925 33321.364666461945 9690.4426545351744 728486.09597909451 1301284.9376997948 851181.64786672592 159531.19285681844 155326.53886140883 44.966255366802216 195812.28788220882 21602.440606117249 229662.75146633387 53629.149127423763 282.07517552375793 12219.262805700302 107119.77657163143 246395.44542360306 60285.440170168877 1895.7807756513357 155804.49616283178 13680.574205636978 3140.1949992775917 6869.2892788052559 370472.16909408569 6651.7651319503784 313809.98905849457 11783.646311759949 1961.8119354248047 105780.1144733429 14536.938167572021 45524.61126947403 53335.524705410004 222711.70010089874 3935.0289745330811 10609.403448104858 25918.797878324986 374.33907729387283 3238.509292691946 1340.6188581585884 21099.133878231049 267231.81329059601 448.67292451858521 207725.42571115494 61929.000637054443 3253.6738700866699 6775.3791561126709 14529.95747756958 346774.17465400696 15955.003509521484 453837.62858390808 212708.99121570587 74366.773289203644
leaf_count=5979188 360343 15937 531143 62553 116358 100060 22703 96359 83333 70045 37636 3965 26055 119184 14247 100263 429660 652364 21 27178 1735 185174 50035 32 819 41900 78440 6703 1383 130022 9624 1422 3501 9456 290 6908 302 11 2190 781 1998 1195 2827 63 87 43871 475 4266 707 56031 30673 20 23228 247 25 87 24 1704 23 3242 5115 1957
internal_value=-0.000591279 0.00647205 -0.0478211 -0.0511849 0.00746951 -0.0237847 -0.012927 -0.00770223 0.00455643 0.00306721 0.00273947 0.00765969 -0.0527542 0.0085047 0.00866347 0.00180622 -0.0322298 -0.0530077 -0.0476006 0.00789765 0.0131399 -0.00447861 -0.00280969 -0.0147708 0.0095533 -0.00174027 -0.00445584 0.00645269 -0.0180395 -0.00123366 -0.00593015 0.00208746 0.0281222 0.00788995 0.00738645 0.0100623 0.0134407 0.0167713 0.00449464 0.00744329 -0.00415361 0.00781164 0.0116684 0.00496806 0.00759441 -0.0148378 -0.0131797 0.023692 0.0837698 -0.0274193 0.00337456 0.00740914 0.00235466 0.0104517 0.0135873 0.0461618 0.0128434 0.0115217 0.0305619 0.00976198 0.0107918 0.00581286
internal_weight=1.43138e+07 1.24517e+07 1.86217e+06 1.53171e+06 1.1633e+07 82976.2 56993.5 818630 3.38184e+06 2.2852e+06 41189.9 1.09664e+06 1.44874e+06 1.03951e+06 8.25118e+06 1.91324e+06 330458 1.43905e+06 25982.7 1.00619e+06 217415 563887 463069 53911.2 371961 586649 353515 788772 18864.7 409157 169485 239672 10009.5 5.75977e+06 4.67598e+06 1.08379e+06 433336 315772 117564 4.66933e+06 60061.5 650454 276047 374407 4.60926e+06 254744 228825 4953.47 1714.96 180630 1.32659e+06 267680 1.05891e+06 2.49142e+06 449217 10029.1 439188 408703 30485 2.0422e+06 1.58836e+06 287076
internal_count=9557188 1658391 7898797 6881963 772560 224356 124275 885831 603423 428721 61722 174702 6657607 158765 169137 357857 1016834 6631552 100081 154800 28913 476169 379810 50067 70864 203673 120340 125887 39019 329743 139646 190097 4923 142466 119514 22952 9411 6919 2492 119224 2779 13541 4022 9519 116445 409662 365791 5448 1182 485691 154184 30693 123491 26671 2110 112 1998 1951 47 24561 21319 7072
is_linear=0
shrinkage=0.05


Tree=45
num_leaves=63
num_cat=0
split_feature=15 15 15 2 14 15 14 15 13 15 9 28 0 28 9 14 20 28 28 14 25 27 23 2 0 15 13 15 17 21 28 5 14 14 0 0 25 10 10 10 19 28 9 27 0 0 3 2 13 0 2 14 13 14 14 0 15 21 26 10 6 10
split_gain=1.79335e+06 63265.2 39946.4 25790.3 41425.4 14399 11004.8 6983.25 5906.75 5327.29 5070.97 7703.61 6424.68 5452.23 4649.31 4623.57 4611.21 4573.7 6046.61 7704.33 5745.68 4446.29 8426.36 4406.56 4212.79 4111.29 3807.64 3648.82 3642.89 3522.13 3381.72 3338.69 3266.37 5182.61 3842.78 3257.67 3144.61 7253.69 6893.27 2934.79 4458.23 3705.91 3605.67 10442.5 8871.31 2889.89 3082.88 2865.88 6980.79 6825.44 14212.4 4022.62 3810 3476.59 3320.54 2805.82 2726.19 2695.18 2663.09 2542 2486.43 3913.8
threshold=0.18960591827497422 1.5531030211881276 0.039462399566669686 1.5000000000000002 17555.500000000004 15.197483332485115 15446.000000000002 0.53439760205815257 0.25881904510252057 109.11370499419282 -0.56174490092936669 1262.5000000000002 7.5000000000000009 1091.5000000000002 -0.56174490092936669 15910.000000000002 1169.5000000000002 231.50000000000003 452.50000000000006 17670.500000000004 178.35655212402347 375.84513854980474 8.2500000000000018 5.5000000000000009 8.5000000000000018 0.014095545057176919 -0.70710678118654757 0.075506779893165329 461.50000000000006 828.00000000000011 275.50000000000006 1.0000000180025095e-35 16269.500000000002 16170.000000000002 9.5000000000000018 1.0000000180025095e-35 1.0000000180025095e-35 -0.5 -0.6830127018922193 -0.6830127018922193 2504.5000000000005 400.50000000000006 -0.56174490092936669 217.60308837890628 10.500000000000002 8.5000000000000018 2.5000000000000004 2.5000000000000004 -0.5 14.500000000000002 1.5000000000000002 17599.000000000004 -0.5 17642.500000000004 17627.500000000004 1.5000000000000002 0.86594423617619509 1.5000000000000002 1.0000000180025095e-35 -0.24999999999999994 1.0000000180025095e-35 0.93301270189221952
decision_type=2 2 2 2 2 2 2 2 2 2 2 2 2 2 2 2 2 2 2 2 2 2 2 2 2 2 2 2 2 2 2 2 2 2 2 2 2 2 2 2 2 2 2 2 2 2 2 2 2 2 2 2 2 2 2 2 2 2 2 2 2 2
left_child=2 7 3 4 6 14 -1 60 31 10 11 12 55 -14 15 -3 24 20 19 -19 26 29 -23 -20 28 -5 -12 -4 58 -13 59 45 33 -8 -35 -17 38 -38 -26 40 41 -32 43 -41 -44 46 -6 48 49 53 -51 -52 -49 57 -50 -7 -55 -9 -16 -11 61 -2
right_child=1 5 27 25 8 9 32 47 -10 30 17 21 13 -15 16 35 -18 18 23 -21 -22 22 -24 -25 36 -27 -28 -29 -30 -31 39 -33 -34 34 -36 -37 37 -39 -40 42 -42 -43 44 -45 -46 -47 -48 52 54 50 51 -53 -54 56 -56 -57 -58 -59 -60 -61 -62 -63
leaf_value=-0.052633409996047022 -0.012595568421072692 -0.0079631118396464029 -0.037816838592854909 -0.054593231810625489 0.1297219506371492 0.027453270599179538 -0.017537246371968542 -0.0023252141769659718 -0.00074017009838834137 0.015974621891938833 -0.0074767816766507338 0.016273449575267922 0.010263818690173853 0.0020175253964246267 0.017855877174498828 0.026775266063257197 0.29754315938961839 0.0082239410949872856 0.002890908905975867 0.023718390349589408 -0.021610130983487588 0.1549988171960372 0.030142084199218412 0.0072712291736152374 0.030418299086723111 -0.046191968999300455 0.0064806035837914576 -0.027007673448778975 0.15975472662710799 0.097246210390463564 -0.0067262547248683304 -0.055542625365233869 -0.033042741003884997 0.16226470664458537 0.024230168129739191 0.0072189431495333078 -0.011810338017879259 0.00096267753218590895 0.0026439711845367923 0.015985418094718262 -0.045495043533475311 0.0084357987398571144 0.013869640615618739 0.0040849949414760011 0.00831831734574341 0.032412832986040578 0.044455301920506077 -0.010808760918609394 -0.016942750673738526 -0.010306468370346336 0.068826372230064811 0.15566165568240853 -0.0011372533706491689 0.14529367184840497 0.012072839806707397 -0.0074881777597694786 0.013237067678659939 0.047297678954447427 0.0050777221997089696 -0.024733074218120932 -0.027228376718035321 0.045302531710625413
leaf_weight=110484.26035967469 264312.02175539732 49622.478409528732 133643.18093661964 1110800.9848502874 1908.0796330869198 6170.8544912338257 12525.336215913296 35177.815303266048 17921.896403178573 5516.8615951538086 71903.135241508484 180065.53773069382 1098510.8623480797 245186.78838348389 48044.976347327232 21969.800092935562 131.92839813232422 801533.22113227844 1236399.3559851646 89151.117859840393 29087.843796730042 1646.835521697998 7529.7956275939941 1071939.8460068703 23503.464465498924 167609.24325287342 152497.84423494339 187788.5678678751 390.73996925354004 1352.9941558837891 53059.408550262451 816.24637505412102 27087.671302631497 675.85167564451694 1985.1492273956537 693200.03042435646 132428.27196371555 691779.6568095088 451174.45700025558 245051.26312923431 4497.5590438842773 167602.48443984985 1190175.777431488 744072.73876953125 1820489.6679439545 8911.719909876585 2386.0566187500954 195704.93909698725 39495.078995347023 7035.6673889756203 7493.7656248211861 1622.6492286920547 212292.67257100344 762.1716057062149 13140.607565641403 83300.344472885132 802.24770832061768 2966.9860849380493 269466.65868806839 12578.029728889465 29603.637404739857 2951.3024595379829
leaf_count=518786 412569 15254 493544 5441501 1518 236 35464 27362 33117 109 4114 6734 39213 9530 13364 3461 2 33111 51104 2399 1009 19 121 47292 5302 736951 7413 523290 25 21 580 1215 101222 1486 881 134400 33884 149581 112626 3160 16 1551 8278 6853 16742 7476 2346 164787 33826 5543 4560 584 172453 119 8435 3813 417 1991 60966 277 49868 3317
internal_value=-0.000570891 0.00611578 -0.0474622 -0.0509685 -0.0335038 0.00705307 -0.0443321 -0.0073682 0.0182776 0.00793977 0.00684683 0.00915119 0.00789526 0.00875911 0.00358354 0.00679566 0.00206422 0.00576305 0.00627533 0.00977483 -0.000701886 0.018595 0.0525508 0.00492503 0.00204009 -0.0534918 0.00200832 -0.0315019 0.0071991 0.0168774 0.00924735 0.0425846 -0.0226362 -0.00407374 0.0592954 0.00781972 0.000777415 -0.0010896 0.00401922 0.00933973 0.00378549 0.00478997 0.00965239 0.00703328 0.0105129 0.0486506 0.0823464 -0.00385577 0.00336667 0.0156778 0.0430816 0.0842844 -0.00577642 0.0045309 -0.00969884 -0.00507817 0.0775823 0.00153455 0.0070113 -0.0123216 -0.0134792 -0.0119562
internal_weight=1.42989e+07 1.25144e+07 1.78454e+06 1.46311e+06 184702 1.1701e+07 152758 813362 31944 9.31932e+06 5.07628e+06 1.62376e+06 1.43317e+06 1.3437e+06 2.38171e+06 764792 1.61692e+06 3.45251e+06 3.19902e+06 890684 253489 190595 9176.63 2.30834e+06 1.61679e+06 1.27841e+06 224401 321432 317902 181419 4.24304e+06 14022.1 42274 15186.3 2661 715170 1.29889e+06 824208 474678 4.22495e+06 225159 220662 3.99979e+06 989124 3.01067e+06 13205.9 4294.14 516495 108497 55861.3 16152.1 9116.41 407998 39709.2 52635.7 89471.2 1564.42 38144.8 317512 18094.9 296867 267263
internal_count=9557188 1658391 7898797 6881963 703511 772560 657839 885831 45672 243695 206129 59687 52792 48743 528865 153115 375750 146442 133906 35510 12536 6895 140 98396 375748 6178452 11527 1016834 74355 6755 37566 12555 139053 37831 2367 137861 301393 183465 117928 37180 2147 2131 35033 10013 25020 11340 3864 420077 82837 40576 10687 5144 337240 29889 42261 4049 536 29353 74330 386 465754 415886
is_linear=0
shrinkage=0.05


Tree=46
num_leaves=63
num_cat=0
split_feature=15 15 15 14 11 1 15 15 14 11 1 13 11 24 23 15 22 14 5 17 8 14 11 13 0 18 13 11 1 12 10 12 10 13 24 11 10 11 5 12 10 21 24 8 11 0 0 28 17 17 19 20 23 23 20 13 24 10 15 23 14 21
split_gain=1.6844e+06 60036.7 37109.6 23711.5 13586.5 16503.8 12889.7 7350.06 5053.63 5983.01 9908.42 7789.94 4461.2 4687.69 4565.44 4151.16 3926.16 4467.45 3821.26 3581.72 3553.63 3503.85 4929.89 5572.02 4222.43 3285.96 3064.09 3035.58 4794.28 3650.03 6999.67 5268.46 3025.54 3005.86 2816.61 2803.56 4274.51 5617.25 6111.74 4471.18 4156.12 3821.84 3594.68 8028.24 3484.59 2775.12 2727.36 2530.47 2528.69 2512.35 3333.75 3226.49 4579.82 2494.88 2492.5 2452.78 2401.14 2388.42 2302.95 4106.39 3277.13 3260.35
threshold=0.17443039766026702 1.5531030211881276 0.032631795587649719 17615.500000000004 0.6830127018922193 2024.5000000000002 25.694882730031036 0.45037230526277139 15365.000000000002 0.25000000000000017 2024.5000000000002 1.0000000180025095e-35 -0.9330127018922193 393.21667480468756 439.53572082519537 0.073451043641474034 391.14286804199224 16205.000000000002 1.0000000180025095e-35 318.00000000000006 1.0000000180025095e-35 17651.500000000004 -0.68301270189221952 -0.5 13.500000000000002 2882.0000000000005 0.37940952255126048 0.25000000000000017 2024.5000000000002 -0.9159756150367534 0.68301270189221941 -0.37940952255126059 0.25000000000000011 0.37940952255126048 60.600000381469734 -0.5 -0.24999999999999994 0.25000000000000017 1.0000000180025095e-35 -0.9159756150367534 0.68301270189221941 2.5000000000000004 1.0000000180025095e-35 -0.8783796973249266 -0.9330127018922193 20.500000000000004 19.500000000000004 1185.5000000000002 85.500000000000014 2288.0000000000005 1781.0000000000002 526.00000000000011 749.71429443359386 40.535715103149421 1427.5000000000002 -0.5 0.45000000298023229 0.68301270189221941 77.354074074074092 0.96428570151329052 17668.500000000004 660.00000000000011
decision_type=2 2 2 2 2 2 2 2 2 2 2 2 2 2 2 2 2 2 2 2 2 2 2 2 2 2 2 2 2 2 2 2 2 2 2 2 2 2 2 2 2 2 2 2 2 2 2 2 2 2 2 2 2 2 2 2 2 2 2 2 2 2
left_child=2 7 3 8 -5 -6 21 -2 -1 -10 -11 47 13 14 26 -4 19 -18 33 20 -15 22 23 24 -3 58 54 32 46 30 -30 -31 34 -7 -23 44 42 38 53 40 -39 -41 43 -37 -9 -28 56 -12 -36 51 -51 52 -27 -38 -8 -46 -29 -13 59 61 -61 -14
right_child=1 6 15 4 5 18 12 35 9 10 11 57 25 16 -16 -17 17 -19 -20 -21 -22 27 -24 -25 -26 49 45 28 29 31 -32 -33 -34 -35 48 36 37 39 -40 41 -42 -43 -44 -45 55 -47 -48 -49 -50 50 -52 -53 -54 -55 -56 -57 -58 -59 -60 60 -62 -63
leaf_value=-0.054058775931015879 -0.014439686360823637 0.005811145342461627 -0.038201241628944269 -0.052470590035238622 -0.052215327179548771 0.048132566482160813 0.0096547377642755838 -0.0098887952994643931 -0.053383052952922019 -0.054067124962650426 0.0015219590013665655 -0.03109383470404652 0.011283145894384214 0.028486745424058397 -0.02867023104199808 -0.027041673079414304 -0.016674075804434467 0.01899268418081072 -0.055548093562470119 0.0031789441637865186 0.067209160502218077 0.0070955080421694341 0.0011660127922490423 0.0099099856707315741 -0.0056486041798783941 0.041848443044913461 0.032982696419260021 0.033502720264591578 0.014367833218623356 0.023590328277272699 -0.036506158010322663 0.0088666662005270243 0.00097572798200381205 0.011166039725695022 0.027236425977359882 0.11786566280438274 -0.016221801435695567 -0.004452044132172055 0.034721606356796317 0.0024062584533538216 -0.045492857959591002 0.035144069330624521 -0.025876457399735788 -0.016598020295207756 -0.0025602581410197295 -0.0067383717287885329 -0.0089091025271925018 -0.029104566398424937 0.12643398621748189 -0.0096472532186394899 0.016875108052963245 0.034387015929313966 0.0013627473806295993 0.12685538074708033 -0.023701216643895587 0.0095364471936536469 0.0050157876508309836 -0.053019868230178346 0.0078794384351836694 0.0044874441212234212 0.0088548116422351858 0.058478597226276512
leaf_weight=998786.33876551688 250675.93041622639 205141.91511082649 160571.57608774304 18350.922229036689 10151.815216436982 10754.955479964614 745139.52636623383 63741.019953846931 162255.25958362222 65145.603245869279 21197.906090304255 30947.241325870156 264823.42252635956 14366.646057128906 7697.0254745483398 173253.63949778676 9932.1421432495117 75642.290382385254 1414.4386642426252 6693.9933547973633 10084.654838562012 332680.52935516834 1441989.2156168818 428945.930580616 132167.69289755821 9496.9834365844727 24285.204907417297 7716.52820789814 20141.980096936226 113141.3247487545 10177.517925739288 131225.47975957394 364939.41003775597 11253.610517024994 2424.6380786895752 1449.3863347768784 112183.90820324421 20381.369829833508 6313.7357724905014 134969.90614718199 8846.2796216011047 9545.2518993020058 42800.556764245033 4740.3440405130386 79206.899896562099 5369.1786975860596 35594.032496333122 9891.3091873675585 874.06820678710938 18460.592651367188 33076.160507202148 29503.462184906006 26412.610019683838 305.40663623809814 5642.7458190917969 88979.290948748589 178741.85986673832 20749.700911074877 4536674.1418075562 1984454.195795536 548189.258664608 3710.587203502655
leaf_count=5130388 429584 43846 629789 81637 46025 6440 15997 52740 810689 326404 55146 113375 10461 54 59 504482 38 197 2248 27 34 36969 315881 75440 31019 63 718 1351 1659 9967 1441 14561 43764 14474 93 1258 104335 18598 3526 113353 8549 7240 42867 5516 66085 180 6228 37827 24 42 45 55 67 32 49 70189 21180 101832 50151 75062 15742 96
internal_value=-0.000551289 0.00574817 -0.0473484 -0.0510129 -0.0178759 0.00103239 0.006662 -0.00729782 -0.0523274 -0.0467524 -0.0394796 -0.0280004 0.00771835 0.0110337 0.00964876 -0.0324095 0.0203854 0.014853 0.0241109 0.035586 0.0444578 0.00406922 0.00288817 0.00612902 0.00132087 0.00731593 0.0100267 0.00624686 0.00923702 0.0136535 -0.00270923 0.0156837 0.00412773 0.0292309 0.0075514 -0.0041759 -0.00705681 -0.00476775 -0.0131464 0.000961443 -0.0168741 0.00456865 -0.0207258 0.0148886 6.65036e-05 0.0257907 0.00377365 -0.00822204 0.0535257 0.0156311 0.00737464 0.0221359 0.0120702 -0.0158332 0.00940403 0.0038395 0.00619476 -0.0398945 0.0071834 0.00605613 0.00543276 0.0119353
internal_weight=1.42844e+07 1.25897e+07 1.69472e+06 1.3609e+06 51925.7 33574.8 1.17656e+07 824139 1.30897e+06 310187 147932 82786.2 8.35965e+06 904853 788134 333825 116720 85574.4 23423 31145.3 24451.3 3.4059e+06 2.20824e+06 766256 337310 7.4548e+06 780437 1.19766e+06 496739 274686 30319.5 244367 700919 22008.6 335979 573463 341536 292546 118803 173743 29227.6 144515 48990.3 6189.73 231927 29654.4 222052 31089.2 3298.71 116950 51536.8 65413.1 35909.6 112489 750782 168186 186458 51696.9 7.33785e+06 2.80118e+06 2.53264e+06 268534
internal_count=9557188 1696432 7860756 6726485 150824 69187 772560 923872 6575661 1445273 634584 308180 169137 17353 17003 1134271 350 235 23162 115 88 603423 466186 150305 74865 151784 16944 137237 56387 27628 3100 24528 80850 20914 37086 494288 305274 255633 107893 147740 27147 120593 49641 6774 189014 898 28759 92973 117 272 87 185 130 104367 16046 136274 22531 215207 151512 101361 90804 10557
is_linear=0
shrinkage=0.05


Tree=47
num_leaves=63
num_cat=0
split_feature=27 16 16 27 11 16 14 2 27 27 16 13 21 2 13 12 2 0 13 0 0 11 11 0 11 10 26 14 12 0 9 21 17 0 12 25 5 25 13 11 14 16 26 2 14 19 11 8 3 9 19 21 17 14 12 25 14 2 14 14 9 19
split_gain=1.38961e+06 131180 45091.6 30934.9 22267.7 13764.5 10241.2 9295.54 8640.23 8547.5 6929.18 5608 5588.9 5516.02 11790.6 10726.8 16570.7 8149.16 7328.44 6753.82 9627.09 6240.23 5410.14 7229.88 6175.83 12852.8 5311.61 5250.42 4802.26 5356.63 4579.42 4547.3 4513.51 4481.8 4450.11 4425.46 4378.68 4422.65 4328.77 4246.27 4207.71 4185.86 4133.78 6370 4210.62 4113.39 7902.48 5229.57 4739.94 4002.68 6162.64 5795.01 6900.72 3986.32 3897.67 3762.92 3728.1 4483.27 3901.58 3656.31 3801.22 3323.18
threshold=0.59402847290039074 0.1667034259667696 0.90389071100149843 1.0000000180025095e-35 0.25000000000000017 1.1791793307153879 17655.500000000004 11.500000000000002 1.0000000180025095e-35 2.5326600074768071 14.504883467679303 0.37940952255126048 644.00000000000011 2.5000000000000004 -0.5 -0.98296291314453399 1.5000000000000002 18.500000000000004 -0.78656609248549325 13.500000000000002 16.500000000000004 0.6830127018922193 -0.5 17.500000000000004 0.25000000000000017 0.68301270189221941 469.56539916992193 13894.500000000002 -0.9159756150367534 13.500000000000002 -0.22252093395631442 1067.0000000000002 258.50000000000006 19.500000000000004 -0.9159756150367534 32.638336181640632 1.0000000180025095e-35 887.61215209960949 0.91597561503675351 -0.68301270189221952 17580.000000000004 0.11290946286455607 1.0000000180025095e-35 3.5000000000000004 16044.500000000002 1591.0000000000002 0.6830127018922193 0.87837969732492682 4.5000000000000009 -0.56174490092936669 51.500000000000007 2325.5000000000005 86.500000000000014 17666.500000000004 0.78656609248549325 16.593888282775882 15278.500000000002 1.5000000000000002 17629.500000000004 17647.500000000004 -0.56174490092936669 1940.0000000000002
decision_type=2 2 2 2 2 2 2 2 2 2 2 2 2 2 2 2 2 2 2 2 2 2 2 2 2 2 2 2 2 2 2 2 2 2 2 2 2 2 2 2 2 2 2 2 2 2 2 2 2 2 2 2 2 2 2 2 2 2 2 2 2 2
left_child=1 3 9 56 8 11 10 38 34 41 22 40 13 15 18 16 55 30 35 21 -21 -17 28 42 33 -26 -20 -5 -4 61 -16 45 49 -25 -3 -15 -34 -38 -7 -19 -6 -2 43 -24 -44 59 47 -47 -48 51 -51 52 -14 -52 -11 -8 -1 58 -58 -12 -61 -30
right_child=2 4 6 27 5 7 12 -9 -10 54 31 -13 32 14 17 19 -18 39 26 20 -22 -23 23 24 25 -27 -28 -29 29 -31 -32 -33 36 -35 -36 -37 37 -39 -40 -41 -42 -43 44 -45 -46 46 48 -49 -50 50 53 -53 -54 -55 -56 -57 57 -59 -60 60 -62 -63
leaf_value=-0.053834436341072149 -0.020006154606715423 -0.013201832604009213 0.010611991597836714 -0.04229364686581874 -0.018390833336460695 0.011666905248876534 -0.027745444619940787 -0.039793694412134872 -0.014655358683703046 -0.0046373605380850176 0.0070410257006678079 -0.035192881101587019 0.014644097816215241 0.0016670544760131311 0.0070386934958663857 0.0019883125000922861 -0.038616971870067275 0.0080657083073876461 0.00076334547215068705 0.019665111264765382 0.0071975732487719532 0.012091541210780911 0.018897806350557586 0.0086744256514152407 -0.0054674552778940962 -0.039096295698510142 -0.015445157077396557 -0.028128699149113298 0.0061786889034061284 -0.0033103912279980269 0.011707697021018473 -0.0049238176314195699 0.0060517806682652883 -0.015047296691481683 -0.041601146450876647 0.0082555855093224672 0.013689338609384481 0.071889074448682228 -0.023121174066484368 -0.00046505623468035944 0.0081624935265746067 -0.0078768622371039442 -0.0060937284126970394 -0.00034491102391050898 0.0027174866717558773 -0.0094370213526741645 0.060571972522615564 0.050013485952034545 0.0082122036036853824 0.0064645595370565597 0.0096985775759824942 0.063447791500766043 0.055121711784123152 0.029812903804417496 0.0038340956961376705 0.010023740806600201 -0.035104168704837596 -0.04962736208019107 0.026669663201493568 0.011167491782631742 -0.009501581556357809 0.20973103125418399
leaf_weight=889526.12837250531 96255.897178292274 15873.254893377423 316697.80773922801 107191.49802011251 60290.465062990785 104574.41171970963 7284.0609760284424 10820.431768268347 59786.488460838795 340756.49482998252 2116101.6783673465 37760.920736715198 70838.023774147034 394813.33006465435 891851.33887815475 285238.34089379013 27757.148341536522 255028.18531422317 767891.77856040001 390459.61201071739 256588.27948305011 329253.35993140936 89709.516736701131 85264.464677929878 152351.59454859793 34926.479417070746 54106.634209632874 167885.16918836534 444113.88038022816 217198.63504067063 1277375.8684880137 84377.602277755737 283966.27853107452 25977.581235855818 105346.87959687412 719071.83434259892 9134.0117616653442 5079.6888732910156 9778.1427115648985 340805.89659412205 19824.781329751015 272509.84396465123 161899.36845979095 82612.629978895187 834205.95479369164 18850.89399433136 14289.88932800293 4602.0554313659668 6197.0222282409668 160219.58956289291 39989.562930107117 8745.4214248657227 12367.891864776611 64144.042030334473 225716.3766720593 69659.422607898712 31908.03847451508 200161.82960565388 2778.4834856837988 33140.100040614605 67657.19958665967 200.50468444824219
leaf_count=4788996 220774 39647 41427 468208 145558 63938 255 28225 113931 230951 58685 138440 727 28436 22291 10104 1171 17714 30464 8090 13515 10360 19177 16854 41013 15314 775 575101 71790 62204 28746 746 1232 22502 361383 24129 52 8 18905 26817 29581 317191 35785 18944 128985 150 55 30 32 1617 290 32 87 294 95722 1009 132748 1015355 5734 1319 3572 1
internal_value=-0.000532026 -0.0412959 0.00543982 -0.0486781 -0.0169337 -0.00704594 0.00629758 0.00450079 -0.0302106 -0.00511851 0.00453104 -0.0193075 0.00755655 0.00708301 0.00627025 0.00987954 -0.00549905 0.00836549 0.00327758 0.0111559 0.0147211 0.00740177 0.00266868 0.000748104 -0.00619641 -0.0117391 -0.000303547 -0.0336485 0.00554881 0.00312481 0.0097881 0.00647277 0.0119463 0.0031348 -0.0378824 0.0059203 0.00740738 0.0344895 0.00869216 0.00318626 -0.0118201 -0.0110429 0.00252235 0.00967267 0.00128537 0.00689811 0.022047 0.00222861 0.0447342 0.0157448 0.0126192 0.0247304 0.0206609 0.0220886 -0.00126182 0.00644812 -0.052355 -0.0467515 -0.0301557 0.00659785 -0.00270596 0.0062706
internal_weight=1.42708e+07 1.82351e+06 1.24473e+07 1.39945e+06 424056 243049 1.1512e+07 125173 181007 935239 4.79037e+06 117876 6.72167e+06 6.06719e+06 4.70094e+06 1.36624e+06 104701 2.76506e+06 1.93588e+06 1.26154e+06 647048 614492 2.44516e+06 1.46695e+06 298520 187278 821998 275077 978211 661513 2.16923e+06 2.34522e+06 654485 111242 121220 1.11389e+06 298180 14213.7 114353 595834 80115.2 368766 1.16843e+06 172322 996105 2.26084e+06 43939.9 23452.9 20486.9 356305 264353 91951.3 83205.9 104134 566473 76943.5 1.12437e+06 234848 34686.5 2.2169e+06 100797 444314
internal_count=9557188 7925750 1631438 6986142 939608 424647 766800 111068 514961 864638 538585 313579 228215 223876 179372 44504 2435 95568 83804 42069 21605 20464 473996 298574 95683 56327 31239 1043309 175422 133995 51037 64589 4339 39356 401030 52565 1292 60 82843 44531 175139 537965 202891 38121 164770 63843 267 180 87 3047 2201 846 814 584 326673 1264 5942833 1153837 138482 63576 4891 71791
is_linear=0
shrinkage=0.05


Tree=48
num_leaves=63
num_cat=0
split_feature=16 24 24 16 2 13 24 28 14 21 16 16 24 3 21 14 9 12 11 17 28 14 25 28 9 9 17 13 21 9 12 16 0 12 28 14 17 16 10 16 9 14 2 11 28 28 16 23 14 14 11 13 24 21 8 14 11 11 14 21 3 25
split_gain=1.29679e+06 94020.4 81960.6 21047.7 17703 14948.9 8487.78 7807.41 7032.61 6882.56 6805.59 6547.72 6271.85 5235.5 5590.85 5186.77 5918.2 7479.29 7631.15 5719.85 4874.03 10793.3 8812.76 6844.28 10251.6 8309.46 5262.03 5022.24 5059.15 4977.5 4977.22 5688.53 4729.42 4454.93 4171.81 4096.06 3876.89 3837.64 3749.78 3649.38 3636.93 3595.38 4114.46 3592.49 5121.99 4727.93 3478.31 3419.06 3502.99 3390.3 3300.24 3833.55 3122.4 3110.34 4382.59 3193.79 3087.74 3071.54 3550.95 3016.99 2946.36 2776.87
threshold=0.15387589981557501 0.050000002607703216 0.21666666865348819 2.0360549191648389 2.5000000000000004 0.60355339059327384 0.28333334624767309 1360.5000000000002 17599.000000000004 57.500000000000007 44.361130253231039 2.0360549191648389 1.0000000180025095e-35 4.5000000000000009 1121.5000000000002 17664.500000000004 -0.56174490092936669 0.78656609248549325 0.6830127018922193 615.50000000000011 1135.5000000000002 17665.500000000004 631.07376098632824 701.50000000000011 -0.56174490092936669 -0.56174490092936669 395.50000000000006 -0.5 388.50000000000006 1.0000000180025095e-35 -0.98296291314453399 64.420999820731438 16.500000000000004 -0.9159756150367534 500.50000000000006 14299.500000000002 1.5000000000000002 3.380504339404776 -0.24999999999999994 31.013343260513075 -0.56174490092936669 15278.500000000002 1.5000000000000002 0.25000000000000017 1289.5000000000002 1354.5000000000002 0.046327154863595156 32.321428298950202 17612.500000000004 17602.500000000004 -0.5 -0.5 0.050000002607703216 1.0000000180025095e-35 1.0000000180025095e-35 16878.500000000004 -0.5 0.6830127018922193 17608.000000000004 3.5000000000000004 3.5000000000000004 202.07088470458987
decision_type=2 2 2 2 2 2 2 2 2 2 2 2 2 2 2 2 2 2 2 2 2 2 2 2 2 2 2 2 2 2 2 2 2 2 2 2 2 2 2 2 2 2 2 2 2 2 2 2 2 2 2 2 2 2 2 2 2 2 2 2 2 2
left_child=1 12 4 8 11 7 46 9 50 33 15 32 41 59 -15 16 19 18 -18 36 21 23 34 24 -12 -25 27 29 -29 -22 31 -28 35 -6 -23 -2 -5 -17 -35 -19 -32 -1 49 45 -45 -39 -3 -10 57 -43 51 -4 -7 -52 -55 -56 -8 61 -59 -13 -24 -49
right_child=2 6 3 10 5 52 56 -9 47 -11 20 13 -14 14 -16 37 17 39 -20 -21 26 22 60 25 -26 -27 30 28 -30 -31 40 -33 -34 38 -36 -37 -38 43 -40 -41 -42 42 -44 44 -46 -47 -48 48 -50 -51 53 -53 -54 54 55 -57 -58 58 -60 -61 -62 -63
leaf_value=-0.053748084305584726 -0.052402980133383209 -0.034262792706433107 -0.0060368438491451761 0.0058029377393989529 -0.00033515594211224397 -0.044276085965545553 -0.0022357451939740646 -0.039187317667392786 0.0027474852056282037 0.042346630929876568 0.017338916009315943 0.02308915758650662 -0.039153204917865198 -0.011827982889678644 0.24312412276618778 0.021721165981678028 0.0035467829944378446 0.0060539970217137378 -0.0026447208823354041 -0.014875912071669703 0.0027754056803478101 0.0059192785861599279 -0.02415096777019074 -0.0045819100771524049 0.0077934724164381106 0.0078674050046109861 0.040860017597692276 0.012902511674275245 0.024616902518214072 0.014016291633345432 -0.0018839561256284638 -0.025539240875607813 -0.026694008876963854 -0.0090102231817966033 -0.0022911634312759821 0.00065668428744334326 0.011821278132396482 0.004560995833740927 -0.024468989823391546 0.016018445657063132 0.010068692073939976 -0.036288455799113689 -0.049439007857450527 0.010492543181838926 -0.00028597411141845886 0.021326972109374912 -0.021441302983426728 0.0067809033618131996 0.01183490114443338 0.012503983844004654 -0.0075224758435216092 0.004886643166942495 -0.021950994980129833 -0.0096454079104540142 0.051596344778101738 0.0099946047202342913 -0.0178031226310684 0.030088646319657367 0.14555711064349897 -0.044379596512290696 0.00057158617999335172 0.19779989972267287
leaf_weight=844623.97249558568 3869.3421282917261 101272.77030166984 136397.58217081428 951666.54167367518 48877.235733345151 69826.154244989157 54124.010180532932 30272.061044663191 597677.24574172497 5659.8319779336452 398146.57166534662 42161.71257981658 99753.107184976339 22027.103166624904 217.04931640625 44449.566428124905 1690188.3296123892 583618.53408336639 705351.6077926755 29202.582627296448 212007.31580591202 452147.07412546873 41950.306913375854 185477.43705427647 958308.30572223663 483276.99565681815 3771.9112167358398 437529.19032657146 116766.51273441315 183911.03137874603 87501.931495666504 22266.557229995728 29506.194579452276 70624.213528186083 235191.10270139575 60621.806307509542 372267.04622070491 1235381.2434853613 88245.583696812391 109058.02526473999 233393.71671295166 28841.243010252714 187112.96420818567 873528.26560175419 126134.6379031539 43530.520207613707 110747.00715386868 2812.5687220096588 32306.557473182678 4061.3360069543123 410922.13920864463 195356.74064339697 20192.202700778842 21838.114420682192 6416.1154617667198 16421.166865766048 77413.458615541458 1218.1471405029297 1468.8694925308228 1724.5861845314503 16908.505542755127 203.96853828430176
leaf_count=4772809 16300 396614 96725 85420 73617 282694 79235 115792 207928 447 5277 21845 450819 11888 1 3189 183444 21659 74316 466 3013 11549 403 4457 13768 10064 24 6338 521 2343 532 135 81419 115628 6011 99664 22735 42513 192394 762 997 125113 994191 24810 5560 1927 313220 270 1669 10377 283051 95358 48649 8341 2364 6600 119302 90 122 228 174 17
internal_value=-0.000513255 -0.0443601 0.00467262 0.00547732 -0.0152988 -0.0218566 -0.0213754 -0.0154245 -0.000239617 -0.0120536 0.00622831 -0.00163248 -0.0511418 0.0104217 -0.00933896 0.00525637 0.00425505 0.00304689 0.00172373 0.00701239 0.00784424 0.00666027 0.00151976 0.00855432 0.0105953 0.00441461 0.0103738 0.0122981 0.0153702 0.00799701 0.00510346 -0.0159204 -0.0101131 -0.0135358 0.00310985 -0.00252679 0.00749519 0.00717079 -0.017597 0.00762285 0.00680942 -0.052265 -0.0465717 0.00688694 0.00913254 0.00513167 -0.0275656 0.00367223 0.0182129 -0.0302656 -0.00339795 0.000395542 -0.0392684 -0.00616028 0.00636901 0.021683 -0.0113976 0.0543382 0.0932149 0.0204377 -0.0170488 0.0197048
internal_weight=1.42577e+07 1.50795e+06 1.27498e+07 1.2256e+07 493825 333697 343557 243679 1.42304e+06 213407 1.08329e+07 160128 1.16439e+06 66130.5 22244.2 6.76438e+06 4.44135e+06 3.08822e+06 2.39554e+06 1.35314e+06 4.06855e+06 2.77141e+06 746197 2.02521e+06 1.35645e+06 668754 1.29715e+06 950214 554296 395918 346934 26038.5 93997.3 207747 687338 64491.1 1.32393e+06 2.32302e+06 158870 692677 320896 1.06464e+06 220016 2.27857e+06 999663 1.27891e+06 212020 635687 38010.1 32902.6 787352 331754 90018.4 455598 44675.4 22837.3 131537 5703.55 2687.02 43886.3 58858.8 3016.54
internal_count=9557188 7261680 2295508 1234942 1060566 829221 908371 497878 702535 382086 532407 231345 6353309 33962 11889 466801 388802 280181 257760 108621 65606 51703 18137 33566 19045 14521 13903 12215 6859 5356 1688 159 197383 381639 17560 115964 108155 77999 308022 22421 1529 5902490 1129681 74810 30370 44440 709834 210096 2168 135490 492439 192083 331343 300356 17305 8964 198537 499 212 22073 577 287
is_linear=0
shrinkage=0.05


Tree=49
num_leaves=63
num_cat=0
split_feature=15 15 15 2 16 15 5 14 9 12 2 16 13 0 2 20 21 17 2 5 1 14 15 9 12 28 28 28 28 21 13 2 16 28 2 13 24 21 2 17 2 15 13 24 8 13 24 21 14 16 3 3 28 9 12 28 24 19 3 13 2 13
split_gain=1.40757e+06 49284.3 31059.8 28912.5 39670.8 11782.4 5753.12 5245.06 4933.95 5945.51 4842.14 13606.8 7054.21 6183.45 12325.9 4914.33 4361 4703.91 4344.24 9555.73 4994.87 4281.19 4266.52 4383.07 9740.5 5583.76 5422.7 4438.06 7794.5 4432.63 4157.03 4407.1 4145.23 6142.56 3986.63 3907.59 3805.46 3720.05 11458.2 5996.72 3676.79 3444.51 3243.14 3237.62 8354.36 3204.78 3445.59 3187.29 3394.66 3056.86 7072.77 3050.45 2958.45 2942.89 2983.7 2872.58 2856.78 2740.02 6726.74 2733.08 6254.17 6609.12
threshold=0.14411645868622672 0.95291598438090441 0.032631795587649719 1.5000000000000002 0.11290946286455607 8.8133080609618926 1.0000000180025095e-35 15405.500000000002 -0.56174490092936669 0.78656609248549325 2.5000000000000004 6.591974796037297 -0.5 14.500000000000002 1.5000000000000002 5.5000000000000009 1.0000000180025095e-35 1.0000000180025095e-35 4.5000000000000009 1.0000000180025095e-35 2024.5000000000002 17580.000000000004 109.11370499419282 -0.56174490092936669 0.91597561503675362 1262.5000000000002 245.50000000000003 435.50000000000006 393.50000000000006 1681.0000000000002 0.78656609248549303 1.5000000000000002 6.591974796037297 310.50000000000006 5.5000000000000009 0.91597561503675351 74.049999237060561 1.5000000000000002 1.5000000000000002 6.5000000000000009 11.500000000000002 0.010647745739012133 0.98296291314453421 1.0000000180025095e-35 -0.8783796973249266 -0.70710678118654757 78.099998474121108 1.0000000180025095e-35 17606.000000000004 11.547632560853829 3.5000000000000004 3.5000000000000004 452.50000000000006 -0.56174490092936669 -0.60355339059327362 275.50000000000006 1.0000000180025095e-35 1.0000000180025095e-35 3.5000000000000004 -0.60355339059327384 2.5000000000000004 -0.78656609248549325
decision_type=2 2 2 2 2 2 2 2 2 2 2 2 2 2 2 2 2 2 2 2 2 2 2 2 2 2 2 2 2 2 2 2 2 2 2 2 2 2 2 2 2 2 2 2 2 2 2 2 2 2 2 2 2 2 2 2 2 2 2 2 2 2
left_child=2 10 3 4 21 8 7 -6 37 -10 11 12 13 16 -15 -16 -2 -18 19 -12 40 -1 23 24 25 29 45 28 -28 -7 31 -13 41 53 -29 -9 -27 42 39 -39 43 -5 49 44 -20 -25 -47 48 -14 -3 -51 52 -26 -34 -55 -24 -22 -42 -59 60 61 -57
right_child=1 5 -4 32 6 22 -8 35 9 -11 18 30 47 14 15 -17 17 -19 20 -21 56 -23 55 26 51 36 27 34 -30 -31 -32 -33 33 -35 -36 -37 -38 38 -40 -41 57 -43 -44 -45 -46 46 -48 -49 -50 50 -52 -53 -54 54 -56 59 -58 58 -60 -61 -62 -63
leaf_value=-0.049833891431250103 -0.0077610751129759325 0.0024864257761039398 -0.03165321856179789 -0.054832868141782648 -0.042779738238091253 0.0069982136596283872 -0.055534682201465957 0.02156114284027856 -0.0015548573209867307 0.0075014502101950296 -0.022855112253404433 0.13893035837202969 -0.026988372074284801 -0.014074433566612069 0.062310110626341592 0.22449899843667712 0.010154710885389016 0.13405809654032605 0.093443514630718177 0.039847761275080468 -0.021898904315333364 0.0019550881428964115 -0.012490827599876056 -0.0094233729709531297 -0.015401637116421963 0.01217131857669819 0.0050350170040511805 0.0020400851667350508 0.014718686203907727 0.098993093888650602 0.025533518960285457 0.029017216630929488 -0.055534759079566946 -0.052138883964574979 0.0058879701384015985 -0.018872811716524815 0.028142210329635819 0.031036592471601933 0.006172983908098683 0.10261002076866493 -0.012407083770694865 -0.046524890018257437 0.02614416679539891 -0.032334458049880326 -0.02568762050917156 0.0038711235458700199 -0.015042978687325332 0.028166923379427083 0.0042410253410517691 -0.0078673008351729436 0.03523876484902308 -0.015958700139171 0.0089367971425632527 0.11105350554089254 -0.051789204671421118 0.0004825438168535485 -0.0028690898046267246 -0.021704538210833759 0.086581405263208677 0.0079858572465617041 0.0015410595644514344 0.019611282459551699
leaf_weight=103882.16125133634 38996.017211645842 473669.44675225019 272664.25387005508 883018.74696357548 4309.2913822978735 1581440.1033718586 3613.7613033056259 36919.39941419661 1027084.9676140547 220057.38917571306 117173.3254775703 2558.3786686658859 41726.885030776262 7806.0061846375465 9011.3197780847549 492.52924010157585 2344.8024748265743 1137.6477777957916 1909.3404174745083 6408.329723328352 21708.866448074579 4149.7424195855856 18145.394191741943 98116.015756607056 18737.829555273056 187478.66767954826 766366.01811695099 1444836.8000898361 285110.90236353874 1310.3986721038818 3591.9014039039612 1417.4557473659515 507.44737760722637 3730.0533567517996 1260299.1898987293 7128.8616881221533 46562.49652671814 6962.142299413681 45125.326078593731 5049.137101650238 50260.926941096783 145303.88312530518 16456.772965252399 44610.874387413263 6418.4020965695381 189380.37710833549 27585.865972518921 3597.2601042985916 10994.272987693548 16463.64888715744 22548.849082350731 52378.476564407349 37420.915547370911 1495.9397550672293 346.32107117772102 73589.009712219238 215474.65373957157 3425.346975594759 2466.9481748640537 3656536.5025224686 489300.93775367737 116869.84011077881
leaf_count=577488 51740 148250 1043244 5242513 19953 69660 10149 54987 355241 74400 180841 699 68085 9883 9005 224 2739 814 2599 6035 41080 12960 386 6752 1175 9775 42811 72764 9723 23 2644 725 539 11133 67747 13351 891 1834 12129 831 77155 782180 4240 69290 12130 12075 701 4511 13869 3790 3693 3164 1985 354 878 632 284451 4961 2759 29993 5829 726
internal_value=-0.000494794 0.00483062 -0.04688 -0.050356 -0.0305763 0.00551594 0.00531867 0.00986645 0.00182152 4.31182e-05 -0.00923875 -0.000436136 -0.0046703 0.00729105 0.0324802 0.0707182 -0.0029734 0.0506356 -0.0115557 -0.0196036 -0.00868354 -0.0478445 0.00617029 0.00530531 0.00727105 0.00814031 0.00437579 0.00490424 0.00766078 0.00707439 0.0645244 0.0997473 -0.0534156 -0.0122499 0.00383278 0.0150171 0.0153488 0.00560459 0.0177251 0.0611247 -0.0175381 -0.0536589 0.0042958 -0.026992 0.00162632 -0.00192472 0.00146629 -0.0173687 -0.0204758 0.00359446 0.0170475 -0.0072792 0.000815975 0.0510693 0.0804373 0.00736155 -0.00461087 -0.00862531 0.0236318 0.00744463 0.00453326 0.0122204
internal_weight=1.42455e+07 1.27784e+07 1.46707e+06 1.19441e+06 160003 1.21849e+07 51971.3 48357.6 1.83342e+06 1.24714e+06 593531 123674 116107 59788.3 17309.9 9503.85 42478.5 3482.45 469857 123582 346275 108032 1.03515e+07 5.99702e+06 1.92533e+06 1.81679e+06 4.0717e+06 3.75661e+06 1.05148e+06 1.58275e+06 7567.74 3975.83 1.0344e+06 6079.76 2.70514e+06 44048.3 234041 586275 57136.6 12011.3 109092 1.02832e+06 529139 52938.6 8327.74 315082 216966 56318.4 52721.2 512682 39012.5 108537 56158.7 2349.71 1842.26 4.35444e+06 237184 56153.2 5892.3 4.3363e+06 679760 190459
internal_count=9557188 1787459 7769729 6726485 688888 941220 98440 88291 604408 429641 846239 164938 160870 74405 19112 9229 55293 3553 681301 186876 494425 590448 336812 299246 86673 80349 212573 193045 52534 69683 4068 1424 6037597 12904 140511 68338 10666 174767 14794 2665 168894 6024693 159973 84019 14729 19528 12776 86465 81954 155733 7483 6324 3160 1771 1232 37566 325531 84875 7720 37180 7187 1358
is_linear=0
shrinkage=0.05


Tree=50
num_leaves=63
num_cat=0
split_feature=15 15 15 2 14 15 14 11 2 11 12 9 11 21 0 25 17 13 3 9 12 25 22 10 11 22 9 5 21 8 0 10 23 21 2 23 13 0 15 15 9 28 27 0 10 0 28 27 28 5 15 14 9 22 13 3 14 22 20 12 20 8
split_gain=1.32239e+06 44516.6 31728.3 29603.2 37021.1 10541.3 8687.23 5039.7 4429.76 8611.68 8015.83 6320.48 4314.4 4182.3 5096.43 5286.15 4472.23 3942.07 3927.54 3891.47 6318.68 4647.17 4388.95 6952.7 4976.53 4758.28 3720.39 3569.75 3490.86 3844.47 3423.77 3569.64 4759.62 4455.15 8427.65 3392.04 3307.62 3243.86 3133.78 3085.38 3048.65 4391.3 4772.29 4197.25 3970.9 3727.72 3343.69 3019.64 3611.16 2949.7 2885.99 2859.36 4857.46 2970.19 2834.02 2809.83 2798.09 6772.93 3648.01 2886.65 4611.64 2735.57
threshold=0.14411645868622672 0.95291598438090441 0.030397568389057755 1.5000000000000002 15749.500000000002 10.886656738644826 17602.500000000004 -0.9330127018922193 2.5000000000000004 -0.5 -0.9159756150367534 -1.0000000180025095e-35 -0.9330127018922193 1.5000000000000002 12.500000000000002 1.0000000180025095e-35 1.5000000000000002 0.25881904510252057 3.5000000000000004 -0.56174490092936669 0.78656609248549325 312.27830505371099 1.0000000180025095e-35 -0.6830127018922193 -0.68301270189221952 3.3571429252624516 1.0000000180025095e-35 1.0000000180025095e-35 1.0000000180025095e-35 0.6078576107927941 1.0000000180025095e-35 -0.5 171.89286041259768 1.5000000000000002 1.5000000000000002 1.0000000180025095e-35 -0.5 13.500000000000002 77.354074074074092 0.073451043641474034 -0.56174490092936669 477.50000000000006 375.84513854980474 19.500000000000004 0.68301270189221941 6.5000000000000009 231.50000000000003 375.84513854980474 1214.5000000000002 1.0000000180025095e-35 0.010647745739012133 16170.000000000002 -0.56174490092936669 55.071428298950202 0.1294095225512602 3.5000000000000004 17637.500000000004 633.07144165039074 1643.0000000000002 -0.9159756150367534 2015.0000000000002 0.6078576107927941
decision_type=2 2 2 2 2 2 2 2 2 2 2 2 2 2 2 2 2 2 2 2 2 2 2 2 2 2 2 2 2 2 2 2 2 2 2 2 2 2 2 2 2 2 2 2 2 2 2 2 2 2 2 2 2 2 2 2 2 2 2 2 2 2
left_child=2 8 3 4 -1 19 17 36 10 12 -2 13 -10 14 -12 -16 -15 -6 28 30 22 -22 23 26 -24 -26 -21 54 -11 -30 -3 32 -32 55 -35 -31 37 -7 40 -4 41 45 -43 46 -45 -9 -42 48 -39 -20 -5 52 53 -40 -8 -33 57 58 -38 60 -58 -25
right_child=1 5 39 50 6 7 27 38 9 18 11 -13 -14 16 15 -17 -18 -19 49 20 21 -23 24 61 25 -27 -28 -29 29 35 31 33 -34 34 -36 -37 56 47 51 -41 43 42 -44 44 -46 -47 -48 -49 -50 -51 -52 -53 -54 -55 -56 -57 59 -59 -60 -61 -62 -63
leaf_value=-0.051301326901035421 -0.030697854310379493 0.02467790248106734 -0.036048613447995828 -0.054492516037254336 4.1769755015138313e-05 0.009456019599265196 0.044211218422453111 -0.03961615485914146 -0.01533013547091641 -0.025611080788973346 -0.0034271042504052476 -0.010541474339629863 -0.00022244680753680677 0.028287331719461063 0.043364987822401314 0.00013219742236061674 0.13356371716612409 -0.031244090519235414 -0.012202502559652592 0.052026456245688857 0.0074143783838546695 0.23162320395528402 0.0017710448680376162 -0.0016964850497093325 -0.013040581126442297 -0.0024760219623849531 0.012140798751718602 -0.055548364098134843 -0.030115623565715489 0.093983256458191486 -0.0041516718424307571 0.00094899354028081691 0.39954807136292181 0.052722220104540363 0.0062995200065853662 -0.012426566818720822 0.0084456439005215246 -0.0012695318683779658 -0.0038579002876672529 -0.025426794280581734 -0.0014742679094031114 0.0079704230717773505 0.036135838580178568 0.0012894931809595642 -0.014026248573048544 0.0030010671544602125 0.0046625742270785973 -0.034805520274779324 0.0211805623107022 0.03573582139113668 -0.046479643125135264 0.0065665210498054754 -0.0083467417827766226 0.027274861388755334 0.010263149162665493 0.0084080823504965804 0.010452946962241022 -0.054194544655204083 -0.046998076836483223 0.017455771554359911 -0.05168748563639193 0.006470325366483916
leaf_weight=87472.964852437377 18587.496275365353 21700.125053226948 153599.29161126912 846089.52382348478 19006.020929068327 214267.35910129547 10679.154674768448 5187.0710411071777 65306.288916379213 122301.49313342571 30090.733644366264 40498.640347659588 170984.9944241643 3425.5710175037384 17460.603916972876 11882.484354376793 1429.9287089705467 21410.5722399652 97564.986627340317 10150.703519582748 259294.38335347176 231.22025203704834 281811.64481210709 272282.92664963007 178347.23935091496 264881.2378360033 13788.877147257328 1467.6855187565088 2653.3605815470219 1884.9536538124084 106678.41030621529 246109.42198586464 72.96197509765625 14408.777523577213 30411.092370629311 1242.4460273087025 213483.97950696945 145735.31365346909 12769.301546096802 123220.15179696679 244570.02795219421 906783.08832359314 15293.200523376465 136695.6732339859 61298.317395210266 474875.08330106735 2400857.5088717937 5935.134162902832 20422.246250629425 3317.8570058047771 129599.15414109826 4655543.757689476 77723.465963363647 19149.538004875183 14489.380987405777 259255.39500427246 273064.14246177673 4515.5966110229492 3008.5045928955078 219503.76490592957 3018.5866508483887 164476.46454918385
leaf_count=516057 28828 4971 687634 5253701 51076 8669 6188 294 91002 194429 43124 55194 234529 3624 19158 14185 825 86872 150103 2821 79242 11 79214 93493 73575 68646 4178 2834 4105 2343 31906 69666 1 2862 7004 1773 5829 5817 260 413455 14895 40536 279 8466 4580 22507 126087 69 889 3017 731683 48500 1359 302 20229 69287 5045 29 14 4649 14 55254
internal_value=-0.000477387 0.0045704 -0.046492 -0.0502078 -0.0298741 0.00521643 -0.0019214 0.00588891 -0.00886057 -0.0110942 -0.00043747 0.00493015 -0.00439794 0.0146765 0.0110312 0.0258581 0.059294 -0.0165317 -0.0180046 0.00201416 0.000547585 0.00761424 -0.000999108 0.00281706 -0.00342395 -0.00672703 0.0290532 0.0202474 -0.0238165 0.0141505 0.00513747 0.004492 -0.00387533 0.0061155 0.0212238 0.0517084 0.00907913 0.00535012 0.00549842 -0.0313206 0.00451055 0.00641857 0.00843757 0.00356968 -0.00345219 0.00254057 0.00409522 0.000237965 0.00148977 -0.0106258 -0.0534282 0.00637856 -0.00160246 0.0148199 0.0246678 0.00477556 0.0110897 0.00641097 0.00767512 0.0131761 0.00977349 0.00137899
internal_weight=1.42333e+07 1.28262e+07 1.40703e+06 1.13021e+06 154526 1.22376e+07 67052.8 1.01137e+07 588632 465256 123375 104788 236291 64289.3 59433.8 29343.1 4855.5 40416.6 228965 2.1239e+06 1.44526e+06 259526 1.18574e+06 460699 725040 443228 23939.6 26636.2 128082 5780.76 678636 656936 106751 550185 44819.9 3127.4 1.10295e+06 386360 9.01075e+06 276819 4.24556e+06 1.40214e+06 922076 2.84342e+06 197994 480062 2.64543e+06 172093 166158 100883 975689 4.76519e+06 109642 31918.8 25168.5 505365 716595 221008 216492 495586 276083 436759
internal_count=9557188 1787459 7769729 6668640 683256 941220 167199 299089 846239 681301 164938 136110 325531 80916 76467 33343 4449 137948 355770 642131 456434 79253 377181 155746 221435 142221 6999 29251 202650 8221 185697 180726 31907 148819 9866 4116 31024 15444 268065 1101089 217644 63616 40815 154028 13046 22801 140982 6775 6706 153120 5985384 50421 1921 562 26417 138953 15580 5872 5843 9708 5059 148747
is_linear=0
shrinkage=0.05


Tree=51
num_leaves=63
num_cat=0
split_feature=15 15 15 2 16 15 14 15 16 28 11 9 12 24 27 26 14 14 25 13 25 10 11 10 23 15 14 16 8 13 8 17 21 9 14 0 23 2 23 21 2 17 27 28 24 26 11 9 21 15 2 17 18 9 13 13 19 2 16 10 13 0
split_gain=1.2423e+06 41371.3 30941.3 30138.5 37439.1 9474.86 5159.63 4606.32 4410.59 5906.65 4230.64 4015.78 4790.16 3715.54 5793.62 4967.05 6526.08 3502.66 3313.36 3305.18 3289.08 6156.5 5142.38 4033.98 3839.2 3251.51 3146.42 3800.8 4746.35 3841.01 3564.67 4156.64 5051.17 4114.23 3559.22 3330.91 3233.1 4683.43 3090.44 3000.53 8569.68 4600.96 2991.74 3814.23 3339.46 2864.35 3157.15 4106.46 5647.42 2834.31 2820.27 2742.25 2727.56 2644.69 2622.52 3263.11 2935.97 2621.89 3446.53 3177.36 2602.62 2593.35
threshold=0.1393519804884073 0.95291598438090441 0.030397568389057755 1.5000000000000002 0.10311661649908561 8.8133080609618926 15405.500000000002 0.34786262331019369 6.591974796037297 310.50000000000006 -0.9330127018922193 -0.56174490092936669 0.78656609248549325 393.21667480468756 442.71141052246099 406.98890686035162 17666.500000000004 17580.000000000004 277.98971557617193 0.37940952255126048 0.18898832358809162 -0.24999999999999994 1.0000000180025095e-35 -0.5 43.750000000000007 0.010647745739012133 17668.500000000004 44.361130253231039 1.0000000180025095e-35 -0.60355339059327384 1.0000000180025095e-35 106.50000000000001 624.00000000000011 -0.56174490092936669 17669.500000000004 18.500000000000004 1.0000000180025095e-35 1.5000000000000002 0.67857143282890331 2.5000000000000004 1.5000000000000002 5.5000000000000009 117.86037826538087 1084.5000000000002 60.600000381469734 1.0000000180025095e-35 -0.5 -0.56174490092936669 1.0000000180025095e-35 0.062550160513643677 1.5000000000000002 3001.0000000000005 2882.0000000000005 -0.56174490092936669 -0.5 -0.78656609248549325 272.50000000000006 3.5000000000000004 23.57523155778232 -0.24999999999999994 0.78656609248549303 1.0000000180025095e-35
decision_type=2 2 2 2 2 2 2 2 2 2 2 2 2 2 2 2 2 2 2 2 2 2 2 2 2 2 2 2 2 2 2 2 2 2 2 2 2 2 2 2 2 2 2 2 2 2 2 2 2 2 2 2 2 2 2 2 2 2 2 2 2 2
left_child=2 7 3 4 17 11 -6 -2 25 53 13 39 20 14 54 -16 -17 -1 -14 -8 21 -13 -23 24 -22 -5 27 36 29 -29 31 32 -28 -33 -32 -30 37 -12 -25 42 41 -41 44 -44 61 57 -47 48 -48 -4 -50 -36 -38 -10 55 -7 -56 58 -9 -59 -60 -3
right_child=1 5 49 8 6 10 19 45 9 -11 26 12 18 -15 15 16 -18 -19 -20 -21 23 22 -24 38 -26 -27 30 28 35 -31 34 33 -34 -35 51 -37 52 -39 -40 40 -42 -43 43 -45 -46 46 47 -49 50 -51 -52 -53 -54 -55 56 -57 -58 59 60 -61 -62 -63
leaf_value=-0.049567996295230815 -0.014737085718669222 0.022639054447473064 -0.036424964992892023 -0.054749503915668032 -0.044028678301803591 0.0092071091259623618 0.021181828415003941 0.0079216664967454633 -0.055532497179175334 -0.05175224239847586 -0.0094307714987311563 0.012748227915107477 0.0064566537361475003 0.016637094464942017 -0.032732170502391821 -0.029151264137898356 0.016441098706378561 -0.0015321272018248362 0.18719670712326547 -0.0052073485609022731 -0.013768758515705857 -0.01024833888073972 0.0033453385186163666 -0.013697293545017079 0.10342680684582713 -0.046048151875485548 0.0056717862139941434 0.0040243777798057686 0.0049806701069471685 0.0099561061594119517 0.01693718769109993 -0.0095996495874458212 0.018869524256018538 0.0035630916783152312 0.0071609012740833288 -0.0028775824844178587 0.0033976578067206153 0.0092422940747812331 -0.00068915465781329687 0.021597130931024534 0.0057076717140875054 0.082709005835155058 -0.039293053971416941 0.11025605360496103 0.19425670996993549 -0.0022214393998311278 -0.0052133692782562061 -0.018216629164282776 0.093458920387720176 -0.02601807520662814 -0.0080221337182129846 0.019603589162219763 0.046451359905051608 0.078645278148889372 0.011762105688701842 8.260819054448265e-05 0.0008284327542915275 0.0088070164937751379 0.10434460734649904 -0.012832268581490265 -0.00066488244941466444 0.0029085847374435178
leaf_weight=93376.770152211189 202087.75572675467 17210.917300641537 121817.80234447122 800393.78542028368 4950.8849189430475 219767.14780759811 26973.538584068418 35810.024173110723 457.67589855194092 3351.5579163134098 36393.59933423996 101322.31015360355 222420.7612734437 121944.3618850708 15427.920886993408 11763.02592086792 23587.469409942627 3955.9538781344891 253.7630443572998 21183.641334041953 98835.553245842457 107917.04301893711 195794.87070447206 50576.020578980446 703.67581677436829 124008.6999091357 694062.93550658226 379594.48674106598 1082916.1466789246 971101.5025241375 132728.82480669022 79485.79877948761 80955.884316444397 234526.8888297081 651859.28803491592 154029.46718215942 4323605.1715278625 434199.5975625515 469688.85672718287 6025.4086349606514 44345.869526267052 6301.0391157865524 613.00538349151611 1399.6036152839661 229.54581499099731 125197.38248887658 42336.360938042402 108248.08652690053 2285.1367303431034 141347.02588935196 977.33507940173149 47508.958423614502 3681.7409992218018 1856.4903518557549 503142.04580044746 176820.03709602356 69933.851833343506 28077.593293488026 1686.4162993431091 42855.373389363289 907.4484857916832 514933.06676363945
leaf_count=566573 425693 4277 575476 5242513 25722 10214 34807 39015 530 10964 2159 35670 74386 350 146 113 173 12525 14 43629 38192 40685 71600 26831 90 730173 14051 7900 15019 13062 3472 968 512 2646 10209 5645 198984 27131 142173 1462 11629 981 79 81 15 130769 48408 130016 1463 506973 1123 79 25 1204 16098 7041 815 32784 354 54747 507 156243
internal_value=-0.000460343 0.00431306 -0.0462097 -0.0499542 -0.029191 0.0049343 0.00457641 -0.00861487 -0.0533127 -0.00933054 0.0055167 0.00162435 1.58938e-05 0.00838832 0.00740257 -0.00906086 0.00126987 -0.0476157 0.00666273 0.00957352 -0.00142831 0.00207565 -0.00148485 -0.00371812 -0.0129401 -0.0535822 0.00516421 0.00469532 0.00623983 0.00828908 0.00696679 0.00508414 0.00705039 0.000231199 0.00943077 0.00400212 0.00386232 0.00779819 -0.00195371 0.00501921 0.0159587 0.0528371 0.00385905 0.0647038 0.00362901 -0.00542926 -0.00811708 -0.0129148 -0.000328538 -0.0308354 0.0630575 0.00800616 0.00343429 0.0521053 0.00826471 0.00513893 0.0104279 0.00143043 0.0119532 -0.00426666 0.0676071 0.00354673
internal_weight=1.42218e+07 1.28781e+07 1.34367e+06 1.08051e+06 150441 1.22876e+07 53108.1 590469 930068 5665.72 1.0449e+07 1.83857e+06 1.24751e+06 1.14239e+06 1.02044e+06 50778.4 35350.5 97332.7 222675 48157.2 1.02484e+06 405034 303712 619804 99539.2 924402 9.30665e+06 7.38552e+06 2.58764e+06 1.3507e+06 1.92113e+06 1.08903e+06 775019 314013 832097 1.23695e+06 4.79788e+06 470593 520265 591058 56672.3 12326.4 534386 2012.61 532374 388381 279044 153847 45598.8 263165 3262.47 699368 4.32729e+06 2314.17 969663 396587 573076 109337 38403.9 70933 2593.86 532144
internal_count=9557188 1806099 7751089 6668640 683256 941220 104158 864879 5985384 12698 336812 604408 429641 34950 34600 432 286 579098 74400 78436 355241 147955 112285 207286 38282 5972686 301862 269925 41626 20962 31937 18177 14563 3614 13760 20664 228299 29290 169004 174767 14072 2443 160695 160 160535 439186 311779 181010 50994 1082449 2586 10288 199009 1734 34168 17255 16913 127407 39876 87531 861 160520
is_linear=0
shrinkage=0.05


Tree=52
num_leaves=63
num_cat=0
split_feature=15 15 15 2 14 15 14 15 11 13 24 27 26 14 22 14 14 5 15 0 2 2 14 11 17 23 5 6 10 6 10 8 26 11 9 10 2 13 13 17 2 13 0 2 10 13 0 13 2 15 14 14 2 13 25 11 2 5 12 2 23 13
split_gain=1.16707e+06 39496.6 28941.9 30680.3 35239.4 8547.46 7398.02 4771.83 3852.79 3517.52 3316.1 5169.92 4644.28 5955.12 3349.22 3433.46 3272.95 3241 3171.03 3136.3 6966.13 25777.1 3095.53 3848.26 2951.55 2904.84 4391.71 2880.81 5581.7 2815.59 3014.01 2792.65 2624.79 3152.04 3854.44 2624.07 2567.86 36076.3 24062.7 2560.28 6680.26 2505.4 2511.45 2460.36 2965.19 2623.27 3641.23 2376.95 2243.49 2234.38 2189.53 3302.06 2188.48 2177.15 2155.15 2220.57 2120.96 4541.72 3321.41 3076.42 2956.31 2226.98
threshold=0.12994972498071136 0.95291598438090441 0.030397568389057755 1.5000000000000002 15749.500000000002 6.4737307547333947 17602.500000000004 0.33359334373374944 -0.9330127018922193 0.25881904510252057 393.21667480468756 442.71141052246099 406.98890686035162 17666.500000000004 391.14286804199224 16205.000000000002 15973.000000000002 1.0000000180025095e-35 0.010647745739012133 18.500000000000004 1.5000000000000002 2.5000000000000004 17608.000000000004 0.6830127018922193 318.00000000000006 1.0000000180025095e-35 1.0000000180025095e-35 1.0000000180025095e-35 0.93301270189221952 1.0000000180025095e-35 0.93301270189221952 1.0000000180025095e-35 1.0000000180025095e-35 -0.5 -0.56174490092936669 -0.24999999999999994 2.5000000000000004 -0.37940952255126015 -0.5 1.0000000180025095e-35 1.5000000000000002 -0.5 13.500000000000002 3.5000000000000004 -0.24999999999999994 -0.5 12.500000000000002 -0.37940952255126015 1.5000000000000002 0.062550160513643677 16269.500000000002 16170.000000000002 11.500000000000002 0.37940952255126048 277.98971557617193 -0.5 2.5000000000000004 1.0000000180025095e-35 -0.9159756150367534 1.5000000000000002 47.392856597900398 -0.5
decision_type=2 2 2 2 2 2 2 2 2 2 2 2 2 2 2 2 2 2 2 2 2 2 2 2 2 2 2 2 2 2 2 2 2 2 2 2 2 2 2 2 2 2 2 2 2 2 2 2 2 2 2 2 2 2 2 2 2 2 2 2 2 2
left_child=2 7 3 4 -1 22 9 29 10 -6 11 41 -13 -14 24 -16 48 53 -5 36 -21 -22 23 25 31 26 47 28 49 30 -2 -12 43 -34 39 -36 37 -18 -38 52 -41 42 -7 45 -45 46 -9 -3 -10 -4 51 -11 -35 -8 55 -27 57 58 59 -24 -60 -58
right_child=1 5 27 18 6 8 17 32 16 50 14 12 13 -15 15 -17 19 -19 -20 20 21 -23 56 -25 -26 54 -28 -29 -30 -31 -32 -33 33 34 35 -37 38 -39 -40 40 -42 -43 -44 44 -46 -47 -48 -49 -50 -51 -52 -53 -54 -55 -56 -57 61 -59 60 -61 -62 -63
leaf_value=-0.050861714193787579 -0.013451275978833123 0.01308236532964196 -0.034701042604143653 -0.054374654222685427 6.9545749600087923e-06 0.0081605906296579357 0.03671923542711486 -0.0028183375079848198 -0.022633237297073991 -0.024695726981973497 0.023055434588608675 -0.032004948845847064 -0.028408390336753277 0.015417058787677761 -0.017028931357727442 0.014047128036164187 0.010941513855125028 -0.055548034974128371 -0.045615947809714404 0.013314904947954502 -0.033704109191978089 0.0028088373307763536 0.0075947020555631921 -0.0068822797181418288 0.00033162992423392985 0.0018665688808684015 0.055725505133048851 -0.045104174604481351 0.048296125593170577 -0.032038724022629514 0.046618278444225447 0.05616802464091955 -0.0020723716610490952 -0.010722896832927186 -0.034992992201947695 -0.014297186498644948 0.001043225703670117 -0.0029056282552094785 0.0072438440047447776 0.07410241258906046 -0.017705044907079571 0.0097901310889182309 0.00032591848167656443 0.0080173736998039348 -0.012557346691771182 -0.0014736274995117036 0.041343304259300662 -0.0019161481624490693 -0.00099074005815277615 -0.024434700665166707 -0.039199394002500401 0.069199685338851513 0.023540948886920939 0.0076516382811790198 0.1398063927381179 -0.0054852809041326866 -0.0013636981854395947 -0.031049038588825975 0.012536969026520059 -0.036002470145714664 0.15683577750115196 0.0048977795619669483
leaf_weight=80011.230180963874 177287.86967685819 57755.113475322723 102313.0887902081 767197.13156719506 18999.233910143375 234158.45918273926 13142.453032076359 7645.3390794098377 13557.63464474678 3713.8776282072067 15234.715118408203 15000.536327362061 11474.531646728516 23888.498798370361 9993.5389709472656 80355.206405639648 1529853.0377204418 1403.4622887969017 119437.88685163856 117888.48574495316 52024.437867641449 681977.320520401 9601.1832890510559 209142.45739203691 6993.9209899902344 280891.80283802748 4677.1558235883713 29894.201715201139 2337.9412372261286 21134.682200819254 2112.9782273173332 10941.239364624023 128358.14391902089 33301.950579553843 18414.445413559675 91046.988093942404 2645997.1419837475 679201.18408894539 3828554.0671794415 3720.3811681866646 4238.7880120277405 598916.87670397758 181631.03252673149 29177.18728068471 43797.662468969822 20362.170392304659 11983.378444373608 48680.317113518715 102532.1231572628 109972.54065328836 15415.200786650181 1251.8886487036943 5418.3543255031109 12635.969836756587 272.50875496864319 161914.02434420586 262324.39078873396 6928.7097880244255 135779.49627000093 6993.7309570908546 355.78553986549377 309598.84964221716
leaf_count=516057 391448 24837 501708 5253701 51076 11492 8428 8212 1681 13393 54 146 113 173 38 197 44297 2834 731683 5371 4920 36172 2659 98838 27 105692 1603 124973 8210 49321 3231 34 135798 39084 25816 108865 132848 21370 91870 2733 4903 19776 8642 34284 57155 23767 9852 22859 12297 411908 71768 1711 6060 17989 23 71751 84760 2262 37163 2706 31 94518
internal_value=-0.000443727 0.00406005 -0.0460308 -0.0496916 -0.0285005 0.00466844 -0.00162111 -0.00848923 0.00515721 -0.0154701 0.00784332 0.00694393 -0.00869235 0.00119648 0.0155985 0.0106097 0.00482642 0.0184426 -0.0531948 0.00492801 0.00203289 0.000220869 0.00112416 -0.00110326 0.0291869 0.00107763 0.00830633 -0.030562 -0.0285365 -0.0147773 -0.0127437 0.0368965 -0.00531666 -0.00787702 -0.0126488 -0.0177789 0.00521203 0.00668404 0.0047098 -0.000618835 0.0252086 0.00772002 0.00473815 0.00113144 -0.00433099 0.0110993 0.0241423 0.00622246 -0.00351834 -0.0293827 -0.029898 -0.00102241 -0.00592798 0.0224713 -0.000735125 -0.000821659 0.00344826 0.00854365 0.0103399 -0.0107786 0.0129142 0.00202582
internal_weight=1.42108e+07 1.29331e+07 1.27773e+06 1.03321e+06 146573 1.23351e+07 66562.1 598000 1.08402e+07 39380.2 1.18859e+06 1.06507e+06 50363.6 35363 123519 90348.7 9.65159e+06 27181.9 886635 9.5355e+06 851890 734002 1.49492e+06 763333 33169.9 554191 111113 244518 214624 200536 179401 26176 397465 284499 156141 109461 8.68361e+06 2.20905e+06 6.47455e+06 46679.5 7959.17 1.01471e+06 415789 112966 72974.8 39990.9 19628.7 106435 116090 212286 20381 4965.77 38720.3 25778.4 443078 442806 731582 159659 152730 16594.9 136135 571923
internal_count=9557188 1841749 7715439 6668640 683256 941220 167199 900529 391518 137948 40692 40342 432 286 350 235 350826 29251 5985384 336848 46463 41092 549702 325603 115 226765 49299 1046799 921826 444000 394679 88 456529 323259 187461 134681 290385 65667 224718 52780 7636 39910 20134 133270 91439 41831 18064 47696 13978 913616 86872 15104 45144 26417 177466 177443 224099 44821 42559 5365 37194 179278
is_linear=0
shrinkage=0.05


Tree=53
num_leaves=63
num_cat=0
split_feature=15 15 15 2 14 15 14 6 10 28 8 2 13 21 2 5 2 11 13 11 0 11 2 15 28 23 24 10 22 8 27 1 10 14 0 4 25 18 11 5 24 2 0 13 5 8 24 22 25 0 25 21 24 24 21 23 6 10 1 8 8 8
split_gain=1.09656e+06 38665.4 25975.2 31655.6 34024.5 8593.23 6577.35 4483.11 5144.85 3828.37 3451.15 4328.08 3434.61 3425.52 3619.99 3238.76 3540.3 6517.74 4744.09 4954.04 3740.26 3606.12 3384.31 3098.41 4593.67 3146.2 7107.08 2997 7303.59 5248.62 6421.25 3697.47 3656 3397.67 3288.19 4784.02 3127.43 3717.52 3093.52 4690.79 3044.03 2989.08 15592.7 5856.22 2963.31 2958.64 2797.02 3595 2919.9 4966.68 3673.98 2686.98 7352.93 6441.66 5927.81 4453.77 2613.1 4633.41 2458.01 2341.7 6274.79 2353.58
threshold=0.1176944971537002 0.83108756549255591 0.026205275390900128 1.5000000000000002 15749.500000000002 6.4737307547333947 17602.500000000004 1.0000000180025095e-35 0.93301270189221952 1185.5000000000002 0.87837969732492682 5.5000000000000009 0.25881904510252057 2098.0000000000005 7.5000000000000009 1.0000000180025095e-35 3.5000000000000004 -0.5 -0.5 0.6830127018922193 14.500000000000002 -0.9330127018922193 11.500000000000002 109.11370499419282 1097.5000000000002 254.89286041259768 137.76667022705081 -0.5 1.0000000180025095e-35 -0.8783796973249266 1.0000000180025095e-35 2024.5000000000002 -0.24999999999999994 17599.000000000004 6.5000000000000009 1.0000000180025095e-35 1.0000000180025095e-35 4.5000000000000009 0.25000000000000017 1.0000000180025095e-35 1.3833333253860476 2.5000000000000004 16.500000000000004 -0.5 1.0000000180025095e-35 1.0000000180025095e-35 2.9500000476837163 12.500000000000002 13.609345436096193 12.500000000000002 312.27830505371099 9.5000000000000018 3.6833333969116215 8.2166666984558123 80.500000000000014 11.178571701049806 1.0000000180025095e-35 0.93301270189221952 2024.5000000000002 0.6078576107927941 0.87837969732492682 -1.0000000180025095e-35
decision_type=2 2 2 2 2 2 2 2 2 2 2 2 2 2 2 2 2 2 2 2 2 2 2 2 2 2 2 2 2 2 2 2 2 2 2 2 2 2 2 2 2 2 2 2 2 2 2 2 2 2 2 2 2 2 2 2 2 2 2 2 2 2
left_child=2 7 3 4 -1 27 12 8 15 23 46 -12 -6 14 -13 16 18 21 20 -20 -2 -18 -19 24 41 -26 -27 28 29 30 -3 -32 36 -34 35 -31 59 -38 -35 -40 -30 42 -7 -43 -8 -39 47 -11 49 -48 -50 53 -53 -25 -54 -55 57 -4 -36 61 -61 -29
right_child=1 5 56 -5 6 9 44 -9 -10 10 11 13 -14 -15 -16 -17 17 22 19 -21 -22 -23 -24 51 25 26 -28 32 40 34 31 -33 33 38 58 -37 37 45 39 -41 -42 43 -44 -45 -46 -47 48 -49 50 -51 -52 52 54 55 -56 -57 -58 -59 -60 60 -62 -63
leaf_value=-0.05068477147520193 0.0023279384828379336 0.10270743466613681 -0.030188224369807573 -0.053345972509660701 0.00047143940077479728 0.0091049155176188522 0.020981762263140351 -0.023365187933646867 0.037832733908811061 0.018031331389882974 -0.0034991207427662076 0.013872772117631514 -0.029466611950044203 0.035657703700107533 -0.0019560345636761857 -0.028198555470318576 -0.015370637749800006 -0.023495994026791436 -0.025821659090096795 0.0045007910919954439 0.031100814644875435 -0.00026644163177275571 -0.0075662154395757858 -0.024376801637939451 -0.0020319774983009074 0.14328373212816933 0.00065364799525524317 0.017099002074295485 -0.022088146171688354 0.018972199336016984 -0.013655681808002116 0.047988364327695279 -0.0021147020817459798 0.00028003801456614894 -0.012788348110313309 0.15725062105564924 -0.003242600955642023 0.00109592068662616 0.0086805216759076546 -0.031135152021764707 -0.0061433573172356018 0.0014449362031584805 -0.0053114492822435256 0.0053956680131268557 -0.055547615408848131 0.038692800974355811 -0.0045734183655496722 0.22478829570464881 0.01047619617640945 0.0073565569311541627 0.0056066942430932709 0.10541455809224157 -0.010909810327187412 0.01718394224567377 0.0044694102339496947 0.0064622195225109355 -0.04536917518056819 0.037740197642548462 0.0099009202710165101 0.049328464843856668 0.0018278396337107221 -0.0024967797391073966
leaf_weight=75171.199099898338 38782.392865732312 2991.9500400424004 210320.55409887433 827226.91483983397 18770.877108022571 948853.07993221283 26075.81262640655 51319.420512378216 6091.9472718834877 52168.022824048996 173285.59643507004 72654.138922929764 19565.198818638921 10442.358245849609 71830.604898691177 19817.282061129808 53501.448794335127 96640.521262273192 26127.08605439961 27804.98543587327 15935.893784448504 151186.97507038713 50906.31307309866 16473.293840408325 387772.18485856056 1216.8670310974121 3093.8617839813232 40089.970472991467 39328.772039651871 3044.3281511068344 4593.9601981639862 5169.8568415641785 541814.78986310959 351268.59050542116 22494.175544977188 787.1953147649765 75169.831191778183 10102.457440853119 249322.04529953003 7623.4233267307281 125301.72854846716 1922440.535990715 233775.64425039291 1831752.1779561043 1329.2750532627106 10856.082476258278 132641.28682613373 210.99752950668335 802347.12673783302 254891.17827248573 748921.09116649628 1777.762300491333 66142.482872009277 102179.34157371521 1188737.622595787 1860355.8980741501 29030.613971412182 2540.5484006255865 25432.371982753277 14744.968441545963 13155.900445282459 24802.342661559582
leaf_count=508024 55404 1368 969561 5878492 49972 36830 26246 96919 6385 5435 5350 2240 85572 18 2451 33677 87418 177787 46651 44840 18728 239599 89391 298 25937 16 62 14546 24964 1284 2216 1691 249694 113655 11713 245 25924 3028 78109 2679 44178 112706 16783 98097 2818 2910 7594 10 32340 11210 4441 24 680 1337 10164 17495 131372 9382 9307 5107 5065 9749
internal_value=-0.000427803 0.00381282 -0.0459526 -0.0496144 -0.0277083 0.0043799 -0.00143584 -0.00930938 -0.00782756 0.00487846 0.00668044 0.00192989 -0.0148077 0.00800225 0.00600345 -0.00840623 -0.00755518 -0.00998902 0.000335095 -0.0101887 0.0107077 -0.00421441 -0.018 0.00439046 0.00364941 -0.00155972 0.04092 0.000919423 -0.00436447 0.00989524 0.0386229 0.018984 0.0018237 0.00076474 0.00281516 0.0473865 0.00826991 0.00194928 0.00332984 0.00749918 -0.00995247 0.00406312 0.00625516 0.00337259 0.0172694 0.0205706 0.00746349 0.0188647 0.00715547 0.00327325 0.0081253 0.00561092 0.00380276 0.00675909 0.00365879 0.00702045 -0.0312967 -0.0293774 -0.000748117 0.0148176 0.0269311 0.00960927
internal_weight=1.42002e+07 1.29902e+07 1.21003e+06 968139 140912 1.24521e+07 65741.2 538114 486795 1.0884e+07 2.31939e+06 328213 38336.1 154927 144485 480703 460886 352235 108650 53932.1 54718.3 204688 147547 8.56457e+06 5.3289e+06 392083 4310.73 1.56809e+06 229144 64513.8 12755.8 9763.82 1.33895e+06 1.15003e+06 51758.1 3831.52 188922 96128.4 608214 256945 164631 4.93682e+06 1.18263e+06 3.75419e+06 27405.1 20958.5 1.99118e+06 52379 1.9388e+06 387532 1.55127e+06 3.23567e+06 1.25666e+06 1.97901e+06 1.25488e+06 1.96254e+06 241892 212861 47926.5 92793.2 27900.9 64892.3
internal_count=9557188 1895749 7661439 6551124 672632 998950 164608 896799 799880 391518 71089 10059 135544 4709 4691 793495 759818 594195 165623 91491 74132 327017 267178 320429 290431 26015 78 607432 96966 27824 5275 3907 510466 444137 22549 1529 66329 31862 194443 80788 69142 264416 53613 210803 29064 5938 61030 5445 55585 18804 36781 29998 10868 19130 10844 18832 1110315 978943 21020 34467 10172 24295
is_linear=0
shrinkage=0.05


Tree=54
num_leaves=63
num_cat=0
split_feature=16 24 27 11 16 16 27 14 2 14 13 11 14 16 0 10 10 13 11 14 11 13 2 21 9 8 14 8 13 2 13 13 2 2 21 23 11 28 26 14 2 2 22 27 14 13 0 14 0 16 10 28 0 27 11 2 27 9 28 24 28 0
split_gain=885967 74525.5 60074.6 18180.9 13704.9 12960.7 12374.4 9776.9 7375.57 5925.25 6829.42 5586.67 4974.36 4319.64 4542.23 4916.86 5657.05 3921.47 3725.12 3522.69 3372.49 3249.61 3240.36 3234.61 3202.97 6424.93 3077.58 2913.46 2884.71 4111.66 5527.97 4594.63 2853.15 3108.42 2794.48 2623.52 2920.64 5511.98 3662.32 3269.03 2617.33 2549.15 2296.15 2871.33 2286.41 3598.94 3550.54 2262.64 2388.15 2231.77 2170.96 4078.57 2700.5 2072.02 2032.69 2021.2 5550.92 4211.87 3697.49 3659.39 3643.67 3446.56
threshold=0.120694857761222 1.0000000180025095e-35 0.64370155334472667 1.0000000180025095e-35 1.0337748538011697 2.0360549191648389 1.0000000180025095e-35 13894.500000000002 11.500000000000002 14069.500000000002 0.37940952255126048 -0.5 17599.000000000004 64.420999820731438 19.500000000000004 0.68301270189221941 -0.5 0.91597561503675351 -0.5 15278.500000000002 -0.5 -0.5 1.5000000000000002 1.0000000180025095e-35 -0.56174490092936669 1.0000000180025095e-35 15855.500000000002 1.0000000180025095e-35 -0.12940952255126037 2.5000000000000004 -0.37940952255126015 -0.5 2.5000000000000004 1.5000000000000002 708.50000000000011 32.321428298950202 0.6830127018922193 477.50000000000006 127.06817626953126 17629.500000000004 1.5000000000000002 10.500000000000002 430.64285278320318 240.26324462890628 17664.500000000004 -0.37940952255126015 8.5000000000000018 17580.000000000004 5.5000000000000009 1.3587712540683599 0.68301270189221941 1296.5000000000002 13.500000000000002 1.4321834444999697 -0.9330127018922193 1.5000000000000002 95.336563110351577 1.0000000180025095e-35 513.50000000000011 6.4500000476837167 1185.5000000000002 18.500000000000004
decision_type=2 2 2 2 2 2 2 2 2 2 2 2 2 2 2 2 2 2 2 2 2 2 2 2 2 2 2 2 2 2 2 2 2 2 2 2 2 2 2 2 2 2 2 2 2 2 2 2 2 2 2 2 2 2 2 2 2 2 2 2 2 2
left_child=1 19 3 6 9 12 34 18 17 -5 -11 54 20 14 26 16 41 50 -3 -1 21 -4 47 53 25 -17 -7 -25 29 30 -22 -31 33 -30 49 -14 -37 39 -39 -38 -12 -16 43 -23 46 -46 -28 -21 -49 -2 52 -52 -6 -13 -9 56 59 58 -58 -15 -59 -57
right_child=2 7 5 4 8 13 -8 11 -10 10 40 23 35 55 15 24 -18 -19 -20 22 28 42 -24 27 -26 -27 44 -29 32 31 -32 -33 -34 -35 -36 36 37 38 -40 -41 -42 -43 -44 -45 45 -47 -48 48 -50 -51 51 -53 -54 -55 -56 61 57 60 -60 -61 -62 -63
leaf_value=-0.053141882097039253 -0.043726757783902115 -0.024524617334170908 -0.005007555782878214 -0.051817517433613083 0.016744958655962216 -0.0098724126641019233 -0.0092686937249911762 -0.019686654917186783 -0.036964518452532694 -0.0072496124788569878 -0.01357125392391148 -0.029073463190879906 0.0019957301274034817 0.0069916476192167301 0.00022182982199646297 0.019409561464394199 0.0056965184890194354 -0.022530803227554387 -0.04471479651295724 -0.035624164676199888 0.0098408449259868164 0.0051832736958858684 -0.047973193430931017 -0.027773960925933622 -0.015717235837153672 -0.021196701230134951 0.0059654540468109278 0.037183004154176996 -0.010524305104877526 -0.01316973943548605 -0.014519292768306463 0.00063050332390909077 -0.0072705852656146236 -0.039636937840161542 0.17282205011271609 0.0024828201003725351 0.1221052683625919 0.037923021944632533 -0.02451325373830119 0.043717476532861933 -0.040950396896595423 -0.019821455907219218 0.19178174676664303 -0.047918838811681103 0.0039045675193003534 0.0074254628265619559 0.0028353394036126304 -0.015092510218765974 0.074054366730411811 -0.028533115425821015 0.037577205159809411 -0.030757502058931182 0.00010126511673463881 -0.015134838723486305 -0.00334354564729758 0.0064910879876155002 0.011276667003068395 0.0074178819411662919 -0.0031476572231157727 0.047557444827674239 0.024918608145655025 0.0010781437197449624
leaf_weight=627205.49809023738 69582.904623940587 37575.769527390599 147210.26993322372 11842.70809905231 43197.709832459688 38761.95213355124 56894.252213820815 27019.286889716983 10043.160955443978 90114.788538515568 12901.04560264945 105470.47053211927 618784.62032653391 8678.8947393894196 28387.019099801779 22392.331038698554 242749.56624591351 9966.4906871914864 58284.670641452074 21406.825709238648 94503.861280545592 207598.54646724463 133659.31066331267 3034.1191893965006 77830.111977472901 17242.279372408986 1193825.8323021829 4004.1962611675262 19753.191677600145 141375.90588152409 30904.439529836178 105189.04219776392 81362.170517861843 17112.708927899599 156.64173889160156 20828.939800858498 1624.7148733139038 4232.708573102951 5276.257869720459 7335.3757309913635 26996.085716173053 35955.855653256178 163.74775695800781 2577.1410751342773 1782662.6401298642 1224212.669491902 3757395.5753165334 3777.1142178624868 937.6707701086998 37037.727377206087 13983.642945155501 2587.460284024477 55923.594180881977 35685.185313969851 64312.346310481429 2030966.9799300432 79587.687824249268 65935.079574584961 100565.84433078766 15468.782447814941 54183.774702072144 343868.32043737173
leaf_count=4711333 376617 190101 112480 73070 21787 10035 112108 82617 31632 217222 40239 417420 222273 522 5359 4766 45515 24007 315977 111943 61468 110430 928308 5942 25286 4555 42257 7685 15111 134033 13672 46778 73618 16681 5 1315 122 290 180 264 146227 8261 1 28 52319 26490 282312 12296 1896 89844 15545 7213 33311 53405 180489 17952 676 579 793 513 305 11710
internal_value=-0.000412256 -0.0430425 0.00324921 -0.0148861 -0.00709215 0.00388294 -0.0281032 -0.0233062 0.00426734 -0.017959 -0.0148748 -0.0179055 -0.000470368 0.00447241 0.00391451 -0.00112517 0.00220268 0.00756282 -0.0368007 -0.0514534 -0.00300233 0.000690243 -0.0448253 -0.0239002 -0.00982533 0.00174445 0.00418207 0.00918026 -0.00569567 -0.00353324 0.00383772 -0.00728229 -0.0124991 -0.0240382 -0.0381387 0.00279133 0.0153186 0.0297941 0.00327847 0.0579331 -0.0320973 -0.0109786 0.00467799 0.0045321 0.00425053 0.00533806 0.00359007 -0.0287181 0.00263705 -0.0384489 0.0101553 0.0269068 0.00735476 -0.0255497 -0.00817851 0.00621302 0.00991486 0.00806011 0.00322465 0.032978 0.0153122 0.00570731
internal_weight=1.41901e+07 1.12237e+06 1.30677e+07 441228 277557 1.26265e+07 163672 335386 135702 141855 130012 239526 1.50583e+06 1.11207e+07 8.42142e+06 424557 307092 125659 95860.4 786986 847751 357550 159781 148194 117465 39634.6 7.99686e+06 7038.32 490201 371973 125408 246565 118228 36865.9 106777 658083 39298 18469.1 9508.97 8960.09 39897.1 64342.9 210339 210176 7.9581e+06 3.00688e+06 4.95122e+06 26121.6 4714.78 106621 115692 16571.1 99121.3 141156 91331.6 2.69926e+06 324420 300272 180154 24147.7 120119 2.37484e+06
internal_count=9557188 7019412 2537776 1188827 610253 1348949 578574 1253636 133495 476758 403688 747558 808744 540205 507155 93742 59135 101863 506078 5765776 584300 222939 1054443 484452 34607 9321 413413 13627 361361 255951 75140 180811 105410 31792 466466 224444 2171 856 470 386 186466 13620 110459 110458 403378 78809 324569 126135 14192 466461 77856 22758 55098 470825 263106 33050 3388 2353 1469 1035 884 29662
is_linear=0
shrinkage=0.05


end of trees

feature_importances:
liaison_cible_encodage_controles=401
Mois=360
liaison_frequence=293
heure_cos=268
interaction_jour_liaison_controles=232
Heure=217
mois_cos=174
rolling_mean_30_controles=170
LiaisonId=164
jour_semaine_cos=137
mois_sin=132
heure_sin=116
lag_365_controles=89
rolling_mean_14_controles=89
rolling_std_30_controles=88
JourSemaine=55
rolling_std_14_controles=53
rolling_mean_7_controles=48
lag_14_controles=42
rolling_std_7_controles=42
lag_1_controles=41
jour_semaine_sin=37
lag_30_controles=35
EstRamadan=33
Annee=31
EstFerie=31
lag_7_controles=29
EstWeekend=3

parameters:
[boosting: gbdt]
[objective: tweedie]
[metric: rmse,tweedie]
[tree_learner: serial]
[device_type: cpu]
[data_sample_strategy: bagging]
[data: ]
[valid: ]
[num_iterations: 1000]
[learning_rate: 0.05]
[num_leaves: 63]
[num_threads: 2]
[seed: 42]
[deterministic: 1]
[force_col_wise: 0]
[force_row_wise: 1]
[histogram_pool_size: -1]
[max_depth: 8]
[min_data_in_leaf: 20]
[min_sum_hessian_in_leaf: 0.001]
[bagging_fraction: 0.8]
[pos_bagging_fraction: 1]
[neg_bagging_fraction: 1]
[bagging_freq: 0]
[bagging_seed: 400]
[bagging_by_query: 0]
[feature_fraction: 0.8]
[feature_fraction_bynode: 1]
[feature_fraction_seed: 30056]
[extra_trees: 0]
[extra_seed: 12879]
[early_stopping_round: 0]
[early_stopping_min_delta: 0]
[first_metric_only: 0]
[max_delta_step: 0]
[lambda_l1: 0.1]
[lambda_l2: 0.1]
[linear_lambda: 0]
[min_gain_to_split: 0]
[drop_rate: 0.1]
[max_drop: 50]
[skip_drop: 0.5]
[xgboost_dart_mode: 0]
[uniform_drop: 0]
[drop_seed: 17869]
[top_rate: 0.2]
[other_rate: 0.1]
[min_data_per_group: 100]
[max_cat_threshold: 32]
[cat_l2: 10]
[cat_smooth: 10]
[max_cat_to_onehot: 4]
[top_k: 20]
[monotone_constraints: ]
[monotone_constraints_method: basic]
[monotone_penalty: 0]
[feature_contri: ]
[forcedsplits_filename: ]
[refit_decay_rate: 0.9]
[cegb_tradeoff: 1]
[cegb_penalty_split: 0]
[cegb_penalty_feature_lazy: ]
[cegb_penalty_feature_coupled: ]
[path_smooth: 0]
[interaction_constraints: ]
[verbosity: 1]
[saved_feature_importance_type: 0]
[use_quantized_grad: 0]
[num_grad_quant_bins: 4]
[quant_train_renew_leaf: 0]
[stochastic_rounding: 1]
[linear_tree: 0]
[max_bin: 255]
[max_bin_by_feature: ]
[min_data_in_bin: 3]
[bin_construct_sample_cnt: 200000]
[data_random_seed: 175]
[is_enable_sparse: 1]
[enable_bundle: 1]
[use_missing: 1]
[zero_as_missing: 0]
[feature_pre_filter: 1]
[pre_partition: 0]
[two_round: 0]
[header: 0]
[label_column: ]
[weight_column: ]
[group_column: ]
[ignore_column: ]
[categorical_feature: ]
[forcedbins_filename: ]
[precise_float_parser: 0]
[parser_config_file: ]
[objective_seed: 16083]
[num_class: 1]
[is_unbalance: 0]
[scale_pos_weight: 1]
[sigmoid: 1]
[boost_from_average: 1]
[reg_sqrt: 0]
[alpha: 0.9]
[fair_c: 1]
[poisson_max_delta_step: 0.7]
[tweedie_variance_power: 1.1]
[lambdarank_truncation_level: 30]
[lambdarank_norm: 1]
[label_gain: ]
[lambdarank_position_bias_regularization: 0]
[eval_at: ]
[multi_error_top_k: 1]
[auc_mu_weights: ]
[num_machines: 1]
[local_listen_port: 12400]
[time_out: 120]
[machine_list_filename: ]
[machines: ]
[gpu_platform_id: -1]
[gpu_device_id: -1]
[gpu_device_id_list: ]
[gpu_use_dp: 0]
[num_gpu: 1]

end of parameters

pandas_categorical:[]
